time,latitude,longitude,degree_heating_week
UTC,degrees_north,degrees_east,degree_Celsius_weeks
1996-01-01T12:00:00Z,28.175,-15.625,0.0
1996-01-01T12:00:00Z,28.175,-15.575,0.0
1996-01-01T12:00:00Z,28.175,-15.525,0.0
1996-01-01T12:00:00Z,28.175,-15.475,0.0
1996-01-01T12:00:00Z,28.175,-15.425,0.0
1996-01-01T12:00:00Z,28.175,-15.375,0.0
1996-01-01T12:00:00Z,28.125,-15.625,0.0
1996-01-01T12:00:00Z,28.125,-15.575,0.0
1996-01-01T12:00:00Z,28.125,-15.525,0.0
1996-01-01T12:00:00Z,28.125,-15.475,0.0
1996-01-01T12:00:00Z,28.125,-15.425,0.0
1996-01-01T12:00:00Z,28.125,-15.375,0.0
1996-01-01T12:00:00Z,28.075,-15.625,NaN
1996-01-01T12:00:00Z,28.075,-15.575,NaN
1996-01-01T12:00:00Z,28.075,-15.525,NaN
1996-01-01T12:00:00Z,28.075,-15.475,0.0
1996-01-01T12:00:00Z,28.075,-15.425,0.0
1996-01-01T12:00:00Z,28.075,-15.375,0.0
1996-01-01T12:00:00Z,28.025,-15.625,NaN
1996-01-01T12:00:00Z,28.025,-15.575,NaN
1996-01-01T12:00:00Z,28.025,-15.525,NaN
1996-01-01T12:00:00Z,28.025,-15.475,NaN
1996-01-01T12:00:00Z,28.025,-15.425,0.0
1996-01-01T12:00:00Z,28.025,-15.375,0.0
1996-01-01T12:00:00Z,27.975,-15.625,NaN
1996-01-01T12:00:00Z,27.975,-15.575,NaN
1996-01-01T12:00:00Z,27.975,-15.525,NaN
1996-01-01T12:00:00Z,27.975,-15.475,NaN
1996-01-01T12:00:00Z,27.975,-15.425,NaN
1996-01-01T12:00:00Z,27.975,-15.375,0.0
1996-01-01T12:00:00Z,27.925,-15.625,NaN
1996-01-01T12:00:00Z,27.925,-15.575,NaN
1996-01-01T12:00:00Z,27.925,-15.525,NaN
1996-01-01T12:00:00Z,27.925,-15.475,NaN
1996-01-01T12:00:00Z,27.925,-15.425,NaN
1996-01-01T12:00:00Z,27.925,-15.375,0.0
1996-01-01T12:00:00Z,27.875,-15.625,NaN
1996-01-01T12:00:00Z,27.875,-15.575,NaN
1996-01-01T12:00:00Z,27.875,-15.525,NaN
1996-01-01T12:00:00Z,27.875,-15.475,NaN
1996-01-01T12:00:00Z,27.875,-15.425,NaN
1996-01-01T12:00:00Z,27.875,-15.375,0.0
1996-01-01T12:00:00Z,27.825,-15.625,NaN
1996-01-01T12:00:00Z,27.825,-15.575,NaN
1996-01-01T12:00:00Z,27.825,-15.525,NaN
1996-01-01T12:00:00Z,27.825,-15.475,NaN
1996-01-01T12:00:00Z,27.825,-15.425,0.0
1996-01-01T12:00:00Z,27.825,-15.375,0.0
1996-01-31T12:00:00Z,28.175,-15.625,0.0
1996-01-31T12:00:00Z,28.175,-15.575,0.0
1996-01-31T12:00:00Z,28.175,-15.525,0.0
1996-01-31T12:00:00Z,28.175,-15.475,0.0
1996-01-31T12:00:00Z,28.175,-15.425,0.0
1996-01-31T12:00:00Z,28.175,-15.375,0.0
1996-01-31T12:00:00Z,28.125,-15.625,0.0
1996-01-31T12:00:00Z,28.125,-15.575,0.0
1996-01-31T12:00:00Z,28.125,-15.525,0.0
1996-01-31T12:00:00Z,28.125,-15.475,0.0
1996-01-31T12:00:00Z,28.125,-15.425,0.0
1996-01-31T12:00:00Z,28.125,-15.375,0.0
1996-01-31T12:00:00Z,28.075,-15.625,NaN
1996-01-31T12:00:00Z,28.075,-15.575,NaN
1996-01-31T12:00:00Z,28.075,-15.525,NaN
1996-01-31T12:00:00Z,28.075,-15.475,0.0
1996-01-31T12:00:00Z,28.075,-15.425,0.0
1996-01-31T12:00:00Z,28.075,-15.375,0.0
1996-01-31T12:00:00Z,28.025,-15.625,NaN
1996-01-31T12:00:00Z,28.025,-15.575,NaN
1996-01-31T12:00:00Z,28.025,-15.525,NaN
1996-01-31T12:00:00Z,28.025,-15.475,NaN
1996-01-31T12:00:00Z,28.025,-15.425,0.0
1996-01-31T12:00:00Z,28.025,-15.375,0.0
1996-01-31T12:00:00Z,27.975,-15.625,NaN
1996-01-31T12:00:00Z,27.975,-15.575,NaN
1996-01-31T12:00:00Z,27.975,-15.525,NaN
1996-01-31T12:00:00Z,27.975,-15.475,NaN
1996-01-31T12:00:00Z,27.975,-15.425,NaN
1996-01-31T12:00:00Z,27.975,-15.375,0.0
1996-01-31T12:00:00Z,27.925,-15.625,NaN
1996-01-31T12:00:00Z,27.925,-15.575,NaN
1996-01-31T12:00:00Z,27.925,-15.525,NaN
1996-01-31T12:00:00Z,27.925,-15.475,NaN
1996-01-31T12:00:00Z,27.925,-15.425,NaN
1996-01-31T12:00:00Z,27.925,-15.375,0.0
1996-01-31T12:00:00Z,27.875,-15.625,NaN
1996-01-31T12:00:00Z,27.875,-15.575,NaN
1996-01-31T12:00:00Z,27.875,-15.525,NaN
1996-01-31T12:00:00Z,27.875,-15.475,NaN
1996-01-31T12:00:00Z,27.875,-15.425,NaN
1996-01-31T12:00:00Z,27.875,-15.375,0.0
1996-01-31T12:00:00Z,27.825,-15.625,NaN
1996-01-31T12:00:00Z,27.825,-15.575,NaN
1996-01-31T12:00:00Z,27.825,-15.525,NaN
1996-01-31T12:00:00Z,27.825,-15.475,NaN
1996-01-31T12:00:00Z,27.825,-15.425,0.0
1996-01-31T12:00:00Z,27.825,-15.375,0.0
1996-03-01T12:00:00Z,28.175,-15.625,0.0
1996-03-01T12:00:00Z,28.175,-15.575,0.0
1996-03-01T12:00:00Z,28.175,-15.525,0.0
1996-03-01T12:00:00Z,28.175,-15.475,0.0
1996-03-01T12:00:00Z,28.175,-15.425,0.0
1996-03-01T12:00:00Z,28.175,-15.375,0.0
1996-03-01T12:00:00Z,28.125,-15.625,0.0
1996-03-01T12:00:00Z,28.125,-15.575,0.0
1996-03-01T12:00:00Z,28.125,-15.525,0.0
1996-03-01T12:00:00Z,28.125,-15.475,0.0
1996-03-01T12:00:00Z,28.125,-15.425,0.0
1996-03-01T12:00:00Z,28.125,-15.375,0.0
1996-03-01T12:00:00Z,28.075,-15.625,NaN
1996-03-01T12:00:00Z,28.075,-15.575,NaN
1996-03-01T12:00:00Z,28.075,-15.525,NaN
1996-03-01T12:00:00Z,28.075,-15.475,0.0
1996-03-01T12:00:00Z,28.075,-15.425,0.0
1996-03-01T12:00:00Z,28.075,-15.375,0.0
1996-03-01T12:00:00Z,28.025,-15.625,NaN
1996-03-01T12:00:00Z,28.025,-15.575,NaN
1996-03-01T12:00:00Z,28.025,-15.525,NaN
1996-03-01T12:00:00Z,28.025,-15.475,NaN
1996-03-01T12:00:00Z,28.025,-15.425,0.0
1996-03-01T12:00:00Z,28.025,-15.375,0.0
1996-03-01T12:00:00Z,27.975,-15.625,NaN
1996-03-01T12:00:00Z,27.975,-15.575,NaN
1996-03-01T12:00:00Z,27.975,-15.525,NaN
1996-03-01T12:00:00Z,27.975,-15.475,NaN
1996-03-01T12:00:00Z,27.975,-15.425,NaN
1996-03-01T12:00:00Z,27.975,-15.375,0.0
1996-03-01T12:00:00Z,27.925,-15.625,NaN
1996-03-01T12:00:00Z,27.925,-15.575,NaN
1996-03-01T12:00:00Z,27.925,-15.525,NaN
1996-03-01T12:00:00Z,27.925,-15.475,NaN
1996-03-01T12:00:00Z,27.925,-15.425,NaN
1996-03-01T12:00:00Z,27.925,-15.375,0.0
1996-03-01T12:00:00Z,27.875,-15.625,NaN
1996-03-01T12:00:00Z,27.875,-15.575,NaN
1996-03-01T12:00:00Z,27.875,-15.525,NaN
1996-03-01T12:00:00Z,27.875,-15.475,NaN
1996-03-01T12:00:00Z,27.875,-15.425,NaN
1996-03-01T12:00:00Z,27.875,-15.375,0.0
1996-03-01T12:00:00Z,27.825,-15.625,NaN
1996-03-01T12:00:00Z,27.825,-15.575,NaN
1996-03-01T12:00:00Z,27.825,-15.525,NaN
1996-03-01T12:00:00Z,27.825,-15.475,NaN
1996-03-01T12:00:00Z,27.825,-15.425,0.0
1996-03-01T12:00:00Z,27.825,-15.375,0.0
1996-03-31T12:00:00Z,28.175,-15.625,0.0
1996-03-31T12:00:00Z,28.175,-15.575,0.0
1996-03-31T12:00:00Z,28.175,-15.525,0.0
1996-03-31T12:00:00Z,28.175,-15.475,0.0
1996-03-31T12:00:00Z,28.175,-15.425,0.0
1996-03-31T12:00:00Z,28.175,-15.375,0.0
1996-03-31T12:00:00Z,28.125,-15.625,0.0
1996-03-31T12:00:00Z,28.125,-15.575,0.0
1996-03-31T12:00:00Z,28.125,-15.525,0.0
1996-03-31T12:00:00Z,28.125,-15.475,0.0
1996-03-31T12:00:00Z,28.125,-15.425,0.0
1996-03-31T12:00:00Z,28.125,-15.375,0.0
1996-03-31T12:00:00Z,28.075,-15.625,NaN
1996-03-31T12:00:00Z,28.075,-15.575,NaN
1996-03-31T12:00:00Z,28.075,-15.525,NaN
1996-03-31T12:00:00Z,28.075,-15.475,0.0
1996-03-31T12:00:00Z,28.075,-15.425,0.0
1996-03-31T12:00:00Z,28.075,-15.375,0.0
1996-03-31T12:00:00Z,28.025,-15.625,NaN
1996-03-31T12:00:00Z,28.025,-15.575,NaN
1996-03-31T12:00:00Z,28.025,-15.525,NaN
1996-03-31T12:00:00Z,28.025,-15.475,NaN
1996-03-31T12:00:00Z,28.025,-15.425,0.0
1996-03-31T12:00:00Z,28.025,-15.375,0.0
1996-03-31T12:00:00Z,27.975,-15.625,NaN
1996-03-31T12:00:00Z,27.975,-15.575,NaN
1996-03-31T12:00:00Z,27.975,-15.525,NaN
1996-03-31T12:00:00Z,27.975,-15.475,NaN
1996-03-31T12:00:00Z,27.975,-15.425,NaN
1996-03-31T12:00:00Z,27.975,-15.375,0.0
1996-03-31T12:00:00Z,27.925,-15.625,NaN
1996-03-31T12:00:00Z,27.925,-15.575,NaN
1996-03-31T12:00:00Z,27.925,-15.525,NaN
1996-03-31T12:00:00Z,27.925,-15.475,NaN
1996-03-31T12:00:00Z,27.925,-15.425,NaN
1996-03-31T12:00:00Z,27.925,-15.375,0.0
1996-03-31T12:00:00Z,27.875,-15.625,NaN
1996-03-31T12:00:00Z,27.875,-15.575,NaN
1996-03-31T12:00:00Z,27.875,-15.525,NaN
1996-03-31T12:00:00Z,27.875,-15.475,NaN
1996-03-31T12:00:00Z,27.875,-15.425,NaN
1996-03-31T12:00:00Z,27.875,-15.375,0.0
1996-03-31T12:00:00Z,27.825,-15.625,NaN
1996-03-31T12:00:00Z,27.825,-15.575,NaN
1996-03-31T12:00:00Z,27.825,-15.525,NaN
1996-03-31T12:00:00Z,27.825,-15.475,NaN
1996-03-31T12:00:00Z,27.825,-15.425,0.0
1996-03-31T12:00:00Z,27.825,-15.375,0.0
1996-04-30T12:00:00Z,28.175,-15.625,0.0
1996-04-30T12:00:00Z,28.175,-15.575,0.0
1996-04-30T12:00:00Z,28.175,-15.525,0.0
1996-04-30T12:00:00Z,28.175,-15.475,0.0
1996-04-30T12:00:00Z,28.175,-15.425,0.0
1996-04-30T12:00:00Z,28.175,-15.375,0.0
1996-04-30T12:00:00Z,28.125,-15.625,0.0
1996-04-30T12:00:00Z,28.125,-15.575,0.0
1996-04-30T12:00:00Z,28.125,-15.525,0.0
1996-04-30T12:00:00Z,28.125,-15.475,0.0
1996-04-30T12:00:00Z,28.125,-15.425,0.0
1996-04-30T12:00:00Z,28.125,-15.375,0.0
1996-04-30T12:00:00Z,28.075,-15.625,NaN
1996-04-30T12:00:00Z,28.075,-15.575,NaN
1996-04-30T12:00:00Z,28.075,-15.525,NaN
1996-04-30T12:00:00Z,28.075,-15.475,0.0
1996-04-30T12:00:00Z,28.075,-15.425,0.0
1996-04-30T12:00:00Z,28.075,-15.375,0.0
1996-04-30T12:00:00Z,28.025,-15.625,NaN
1996-04-30T12:00:00Z,28.025,-15.575,NaN
1996-04-30T12:00:00Z,28.025,-15.525,NaN
1996-04-30T12:00:00Z,28.025,-15.475,NaN
1996-04-30T12:00:00Z,28.025,-15.425,0.0
1996-04-30T12:00:00Z,28.025,-15.375,0.0
1996-04-30T12:00:00Z,27.975,-15.625,NaN
1996-04-30T12:00:00Z,27.975,-15.575,NaN
1996-04-30T12:00:00Z,27.975,-15.525,NaN
1996-04-30T12:00:00Z,27.975,-15.475,NaN
1996-04-30T12:00:00Z,27.975,-15.425,NaN
1996-04-30T12:00:00Z,27.975,-15.375,0.0
1996-04-30T12:00:00Z,27.925,-15.625,NaN
1996-04-30T12:00:00Z,27.925,-15.575,NaN
1996-04-30T12:00:00Z,27.925,-15.525,NaN
1996-04-30T12:00:00Z,27.925,-15.475,NaN
1996-04-30T12:00:00Z,27.925,-15.425,NaN
1996-04-30T12:00:00Z,27.925,-15.375,0.0
1996-04-30T12:00:00Z,27.875,-15.625,NaN
1996-04-30T12:00:00Z,27.875,-15.575,NaN
1996-04-30T12:00:00Z,27.875,-15.525,NaN
1996-04-30T12:00:00Z,27.875,-15.475,NaN
1996-04-30T12:00:00Z,27.875,-15.425,NaN
1996-04-30T12:00:00Z,27.875,-15.375,0.0
1996-04-30T12:00:00Z,27.825,-15.625,NaN
1996-04-30T12:00:00Z,27.825,-15.575,NaN
1996-04-30T12:00:00Z,27.825,-15.525,NaN
1996-04-30T12:00:00Z,27.825,-15.475,NaN
1996-04-30T12:00:00Z,27.825,-15.425,0.0
1996-04-30T12:00:00Z,27.825,-15.375,0.0
1996-05-30T12:00:00Z,28.175,-15.625,0.0
1996-05-30T12:00:00Z,28.175,-15.575,0.0
1996-05-30T12:00:00Z,28.175,-15.525,0.0
1996-05-30T12:00:00Z,28.175,-15.475,0.0
1996-05-30T12:00:00Z,28.175,-15.425,0.0
1996-05-30T12:00:00Z,28.175,-15.375,0.0
1996-05-30T12:00:00Z,28.125,-15.625,0.0
1996-05-30T12:00:00Z,28.125,-15.575,0.0
1996-05-30T12:00:00Z,28.125,-15.525,0.0
1996-05-30T12:00:00Z,28.125,-15.475,0.0
1996-05-30T12:00:00Z,28.125,-15.425,0.0
1996-05-30T12:00:00Z,28.125,-15.375,0.0
1996-05-30T12:00:00Z,28.075,-15.625,NaN
1996-05-30T12:00:00Z,28.075,-15.575,NaN
1996-05-30T12:00:00Z,28.075,-15.525,NaN
1996-05-30T12:00:00Z,28.075,-15.475,0.0
1996-05-30T12:00:00Z,28.075,-15.425,0.0
1996-05-30T12:00:00Z,28.075,-15.375,0.0
1996-05-30T12:00:00Z,28.025,-15.625,NaN
1996-05-30T12:00:00Z,28.025,-15.575,NaN
1996-05-30T12:00:00Z,28.025,-15.525,NaN
1996-05-30T12:00:00Z,28.025,-15.475,NaN
1996-05-30T12:00:00Z,28.025,-15.425,0.0
1996-05-30T12:00:00Z,28.025,-15.375,0.0
1996-05-30T12:00:00Z,27.975,-15.625,NaN
1996-05-30T12:00:00Z,27.975,-15.575,NaN
1996-05-30T12:00:00Z,27.975,-15.525,NaN
1996-05-30T12:00:00Z,27.975,-15.475,NaN
1996-05-30T12:00:00Z,27.975,-15.425,NaN
1996-05-30T12:00:00Z,27.975,-15.375,0.0
1996-05-30T12:00:00Z,27.925,-15.625,NaN
1996-05-30T12:00:00Z,27.925,-15.575,NaN
1996-05-30T12:00:00Z,27.925,-15.525,NaN
1996-05-30T12:00:00Z,27.925,-15.475,NaN
1996-05-30T12:00:00Z,27.925,-15.425,NaN
1996-05-30T12:00:00Z,27.925,-15.375,0.0
1996-05-30T12:00:00Z,27.875,-15.625,NaN
1996-05-30T12:00:00Z,27.875,-15.575,NaN
1996-05-30T12:00:00Z,27.875,-15.525,NaN
1996-05-30T12:00:00Z,27.875,-15.475,NaN
1996-05-30T12:00:00Z,27.875,-15.425,NaN
1996-05-30T12:00:00Z,27.875,-15.375,0.0
1996-05-30T12:00:00Z,27.825,-15.625,NaN
1996-05-30T12:00:00Z,27.825,-15.575,NaN
1996-05-30T12:00:00Z,27.825,-15.525,NaN
1996-05-30T12:00:00Z,27.825,-15.475,NaN
1996-05-30T12:00:00Z,27.825,-15.425,0.0
1996-05-30T12:00:00Z,27.825,-15.375,0.0
1996-06-29T12:00:00Z,28.175,-15.625,0.0
1996-06-29T12:00:00Z,28.175,-15.575,0.0
1996-06-29T12:00:00Z,28.175,-15.525,0.0
1996-06-29T12:00:00Z,28.175,-15.475,0.0
1996-06-29T12:00:00Z,28.175,-15.425,0.0
1996-06-29T12:00:00Z,28.175,-15.375,0.0
1996-06-29T12:00:00Z,28.125,-15.625,0.0
1996-06-29T12:00:00Z,28.125,-15.575,0.0
1996-06-29T12:00:00Z,28.125,-15.525,0.0
1996-06-29T12:00:00Z,28.125,-15.475,0.0
1996-06-29T12:00:00Z,28.125,-15.425,0.0
1996-06-29T12:00:00Z,28.125,-15.375,0.0
1996-06-29T12:00:00Z,28.075,-15.625,NaN
1996-06-29T12:00:00Z,28.075,-15.575,NaN
1996-06-29T12:00:00Z,28.075,-15.525,NaN
1996-06-29T12:00:00Z,28.075,-15.475,0.0
1996-06-29T12:00:00Z,28.075,-15.425,0.0
1996-06-29T12:00:00Z,28.075,-15.375,0.0
1996-06-29T12:00:00Z,28.025,-15.625,NaN
1996-06-29T12:00:00Z,28.025,-15.575,NaN
1996-06-29T12:00:00Z,28.025,-15.525,NaN
1996-06-29T12:00:00Z,28.025,-15.475,NaN
1996-06-29T12:00:00Z,28.025,-15.425,0.0
1996-06-29T12:00:00Z,28.025,-15.375,0.0
1996-06-29T12:00:00Z,27.975,-15.625,NaN
1996-06-29T12:00:00Z,27.975,-15.575,NaN
1996-06-29T12:00:00Z,27.975,-15.525,NaN
1996-06-29T12:00:00Z,27.975,-15.475,NaN
1996-06-29T12:00:00Z,27.975,-15.425,NaN
1996-06-29T12:00:00Z,27.975,-15.375,0.0
1996-06-29T12:00:00Z,27.925,-15.625,NaN
1996-06-29T12:00:00Z,27.925,-15.575,NaN
1996-06-29T12:00:00Z,27.925,-15.525,NaN
1996-06-29T12:00:00Z,27.925,-15.475,NaN
1996-06-29T12:00:00Z,27.925,-15.425,NaN
1996-06-29T12:00:00Z,27.925,-15.375,0.0
1996-06-29T12:00:00Z,27.875,-15.625,NaN
1996-06-29T12:00:00Z,27.875,-15.575,NaN
1996-06-29T12:00:00Z,27.875,-15.525,NaN
1996-06-29T12:00:00Z,27.875,-15.475,NaN
1996-06-29T12:00:00Z,27.875,-15.425,NaN
1996-06-29T12:00:00Z,27.875,-15.375,0.0
1996-06-29T12:00:00Z,27.825,-15.625,NaN
1996-06-29T12:00:00Z,27.825,-15.575,NaN
1996-06-29T12:00:00Z,27.825,-15.525,NaN
1996-06-29T12:00:00Z,27.825,-15.475,NaN
1996-06-29T12:00:00Z,27.825,-15.425,0.0
1996-06-29T12:00:00Z,27.825,-15.375,0.0
1996-07-29T12:00:00Z,28.175,-15.625,0.0
1996-07-29T12:00:00Z,28.175,-15.575,0.0
1996-07-29T12:00:00Z,28.175,-15.525,0.0
1996-07-29T12:00:00Z,28.175,-15.475,0.0
1996-07-29T12:00:00Z,28.175,-15.425,0.0
1996-07-29T12:00:00Z,28.175,-15.375,0.0
1996-07-29T12:00:00Z,28.125,-15.625,0.0
1996-07-29T12:00:00Z,28.125,-15.575,0.0
1996-07-29T12:00:00Z,28.125,-15.525,0.0
1996-07-29T12:00:00Z,28.125,-15.475,0.0
1996-07-29T12:00:00Z,28.125,-15.425,0.0
1996-07-29T12:00:00Z,28.125,-15.375,0.0
1996-07-29T12:00:00Z,28.075,-15.625,NaN
1996-07-29T12:00:00Z,28.075,-15.575,NaN
1996-07-29T12:00:00Z,28.075,-15.525,NaN
1996-07-29T12:00:00Z,28.075,-15.475,0.0
1996-07-29T12:00:00Z,28.075,-15.425,0.0
1996-07-29T12:00:00Z,28.075,-15.375,0.0
1996-07-29T12:00:00Z,28.025,-15.625,NaN
1996-07-29T12:00:00Z,28.025,-15.575,NaN
1996-07-29T12:00:00Z,28.025,-15.525,NaN
1996-07-29T12:00:00Z,28.025,-15.475,NaN
1996-07-29T12:00:00Z,28.025,-15.425,0.0
1996-07-29T12:00:00Z,28.025,-15.375,0.0
1996-07-29T12:00:00Z,27.975,-15.625,NaN
1996-07-29T12:00:00Z,27.975,-15.575,NaN
1996-07-29T12:00:00Z,27.975,-15.525,NaN
1996-07-29T12:00:00Z,27.975,-15.475,NaN
1996-07-29T12:00:00Z,27.975,-15.425,NaN
1996-07-29T12:00:00Z,27.975,-15.375,0.0
1996-07-29T12:00:00Z,27.925,-15.625,NaN
1996-07-29T12:00:00Z,27.925,-15.575,NaN
1996-07-29T12:00:00Z,27.925,-15.525,NaN
1996-07-29T12:00:00Z,27.925,-15.475,NaN
1996-07-29T12:00:00Z,27.925,-15.425,NaN
1996-07-29T12:00:00Z,27.925,-15.375,0.0
1996-07-29T12:00:00Z,27.875,-15.625,NaN
1996-07-29T12:00:00Z,27.875,-15.575,NaN
1996-07-29T12:00:00Z,27.875,-15.525,NaN
1996-07-29T12:00:00Z,27.875,-15.475,NaN
1996-07-29T12:00:00Z,27.875,-15.425,NaN
1996-07-29T12:00:00Z,27.875,-15.375,0.0
1996-07-29T12:00:00Z,27.825,-15.625,NaN
1996-07-29T12:00:00Z,27.825,-15.575,NaN
1996-07-29T12:00:00Z,27.825,-15.525,NaN
1996-07-29T12:00:00Z,27.825,-15.475,NaN
1996-07-29T12:00:00Z,27.825,-15.425,0.0
1996-07-29T12:00:00Z,27.825,-15.375,0.0
1996-08-28T12:00:00Z,28.175,-15.625,0.0
1996-08-28T12:00:00Z,28.175,-15.575,0.0
1996-08-28T12:00:00Z,28.175,-15.525,0.0
1996-08-28T12:00:00Z,28.175,-15.475,0.0
1996-08-28T12:00:00Z,28.175,-15.425,0.0
1996-08-28T12:00:00Z,28.175,-15.375,0.0
1996-08-28T12:00:00Z,28.125,-15.625,0.0
1996-08-28T12:00:00Z,28.125,-15.575,0.0
1996-08-28T12:00:00Z,28.125,-15.525,0.0
1996-08-28T12:00:00Z,28.125,-15.475,0.0
1996-08-28T12:00:00Z,28.125,-15.425,0.0
1996-08-28T12:00:00Z,28.125,-15.375,0.0
1996-08-28T12:00:00Z,28.075,-15.625,NaN
1996-08-28T12:00:00Z,28.075,-15.575,NaN
1996-08-28T12:00:00Z,28.075,-15.525,NaN
1996-08-28T12:00:00Z,28.075,-15.475,0.0
1996-08-28T12:00:00Z,28.075,-15.425,0.0
1996-08-28T12:00:00Z,28.075,-15.375,0.0
1996-08-28T12:00:00Z,28.025,-15.625,NaN
1996-08-28T12:00:00Z,28.025,-15.575,NaN
1996-08-28T12:00:00Z,28.025,-15.525,NaN
1996-08-28T12:00:00Z,28.025,-15.475,NaN
1996-08-28T12:00:00Z,28.025,-15.425,0.0
1996-08-28T12:00:00Z,28.025,-15.375,0.0
1996-08-28T12:00:00Z,27.975,-15.625,NaN
1996-08-28T12:00:00Z,27.975,-15.575,NaN
1996-08-28T12:00:00Z,27.975,-15.525,NaN
1996-08-28T12:00:00Z,27.975,-15.475,NaN
1996-08-28T12:00:00Z,27.975,-15.425,NaN
1996-08-28T12:00:00Z,27.975,-15.375,0.0
1996-08-28T12:00:00Z,27.925,-15.625,NaN
1996-08-28T12:00:00Z,27.925,-15.575,NaN
1996-08-28T12:00:00Z,27.925,-15.525,NaN
1996-08-28T12:00:00Z,27.925,-15.475,NaN
1996-08-28T12:00:00Z,27.925,-15.425,NaN
1996-08-28T12:00:00Z,27.925,-15.375,0.0
1996-08-28T12:00:00Z,27.875,-15.625,NaN
1996-08-28T12:00:00Z,27.875,-15.575,NaN
1996-08-28T12:00:00Z,27.875,-15.525,NaN
1996-08-28T12:00:00Z,27.875,-15.475,NaN
1996-08-28T12:00:00Z,27.875,-15.425,NaN
1996-08-28T12:00:00Z,27.875,-15.375,0.0
1996-08-28T12:00:00Z,27.825,-15.625,NaN
1996-08-28T12:00:00Z,27.825,-15.575,NaN
1996-08-28T12:00:00Z,27.825,-15.525,NaN
1996-08-28T12:00:00Z,27.825,-15.475,NaN
1996-08-28T12:00:00Z,27.825,-15.425,0.0
1996-08-28T12:00:00Z,27.825,-15.375,0.0
1996-09-27T12:00:00Z,28.175,-15.625,0.0
1996-09-27T12:00:00Z,28.175,-15.575,0.0
1996-09-27T12:00:00Z,28.175,-15.525,0.0
1996-09-27T12:00:00Z,28.175,-15.475,0.0
1996-09-27T12:00:00Z,28.175,-15.425,0.0
1996-09-27T12:00:00Z,28.175,-15.375,0.0
1996-09-27T12:00:00Z,28.125,-15.625,0.0
1996-09-27T12:00:00Z,28.125,-15.575,0.0
1996-09-27T12:00:00Z,28.125,-15.525,0.0
1996-09-27T12:00:00Z,28.125,-15.475,0.0
1996-09-27T12:00:00Z,28.125,-15.425,0.0
1996-09-27T12:00:00Z,28.125,-15.375,0.0
1996-09-27T12:00:00Z,28.075,-15.625,NaN
1996-09-27T12:00:00Z,28.075,-15.575,NaN
1996-09-27T12:00:00Z,28.075,-15.525,NaN
1996-09-27T12:00:00Z,28.075,-15.475,0.0
1996-09-27T12:00:00Z,28.075,-15.425,0.0
1996-09-27T12:00:00Z,28.075,-15.375,0.0
1996-09-27T12:00:00Z,28.025,-15.625,NaN
1996-09-27T12:00:00Z,28.025,-15.575,NaN
1996-09-27T12:00:00Z,28.025,-15.525,NaN
1996-09-27T12:00:00Z,28.025,-15.475,NaN
1996-09-27T12:00:00Z,28.025,-15.425,0.0
1996-09-27T12:00:00Z,28.025,-15.375,0.0
1996-09-27T12:00:00Z,27.975,-15.625,NaN
1996-09-27T12:00:00Z,27.975,-15.575,NaN
1996-09-27T12:00:00Z,27.975,-15.525,NaN
1996-09-27T12:00:00Z,27.975,-15.475,NaN
1996-09-27T12:00:00Z,27.975,-15.425,NaN
1996-09-27T12:00:00Z,27.975,-15.375,0.0
1996-09-27T12:00:00Z,27.925,-15.625,NaN
1996-09-27T12:00:00Z,27.925,-15.575,NaN
1996-09-27T12:00:00Z,27.925,-15.525,NaN
1996-09-27T12:00:00Z,27.925,-15.475,NaN
1996-09-27T12:00:00Z,27.925,-15.425,NaN
1996-09-27T12:00:00Z,27.925,-15.375,0.0
1996-09-27T12:00:00Z,27.875,-15.625,NaN
1996-09-27T12:00:00Z,27.875,-15.575,NaN
1996-09-27T12:00:00Z,27.875,-15.525,NaN
1996-09-27T12:00:00Z,27.875,-15.475,NaN
1996-09-27T12:00:00Z,27.875,-15.425,NaN
1996-09-27T12:00:00Z,27.875,-15.375,0.0
1996-09-27T12:00:00Z,27.825,-15.625,NaN
1996-09-27T12:00:00Z,27.825,-15.575,NaN
1996-09-27T12:00:00Z,27.825,-15.525,NaN
1996-09-27T12:00:00Z,27.825,-15.475,NaN
1996-09-27T12:00:00Z,27.825,-15.425,0.0
1996-09-27T12:00:00Z,27.825,-15.375,0.0
1996-10-27T12:00:00Z,28.175,-15.625,0.0
1996-10-27T12:00:00Z,28.175,-15.575,0.0
1996-10-27T12:00:00Z,28.175,-15.525,0.0
1996-10-27T12:00:00Z,28.175,-15.475,0.0
1996-10-27T12:00:00Z,28.175,-15.425,0.0
1996-10-27T12:00:00Z,28.175,-15.375,0.0
1996-10-27T12:00:00Z,28.125,-15.625,0.0
1996-10-27T12:00:00Z,28.125,-15.575,0.0
1996-10-27T12:00:00Z,28.125,-15.525,0.0
1996-10-27T12:00:00Z,28.125,-15.475,0.0
1996-10-27T12:00:00Z,28.125,-15.425,0.0
1996-10-27T12:00:00Z,28.125,-15.375,0.0
1996-10-27T12:00:00Z,28.075,-15.625,NaN
1996-10-27T12:00:00Z,28.075,-15.575,NaN
1996-10-27T12:00:00Z,28.075,-15.525,NaN
1996-10-27T12:00:00Z,28.075,-15.475,0.0
1996-10-27T12:00:00Z,28.075,-15.425,0.0
1996-10-27T12:00:00Z,28.075,-15.375,0.0
1996-10-27T12:00:00Z,28.025,-15.625,NaN
1996-10-27T12:00:00Z,28.025,-15.575,NaN
1996-10-27T12:00:00Z,28.025,-15.525,NaN
1996-10-27T12:00:00Z,28.025,-15.475,NaN
1996-10-27T12:00:00Z,28.025,-15.425,0.0
1996-10-27T12:00:00Z,28.025,-15.375,0.0
1996-10-27T12:00:00Z,27.975,-15.625,NaN
1996-10-27T12:00:00Z,27.975,-15.575,NaN
1996-10-27T12:00:00Z,27.975,-15.525,NaN
1996-10-27T12:00:00Z,27.975,-15.475,NaN
1996-10-27T12:00:00Z,27.975,-15.425,NaN
1996-10-27T12:00:00Z,27.975,-15.375,0.0
1996-10-27T12:00:00Z,27.925,-15.625,NaN
1996-10-27T12:00:00Z,27.925,-15.575,NaN
1996-10-27T12:00:00Z,27.925,-15.525,NaN
1996-10-27T12:00:00Z,27.925,-15.475,NaN
1996-10-27T12:00:00Z,27.925,-15.425,NaN
1996-10-27T12:00:00Z,27.925,-15.375,0.0
1996-10-27T12:00:00Z,27.875,-15.625,NaN
1996-10-27T12:00:00Z,27.875,-15.575,NaN
1996-10-27T12:00:00Z,27.875,-15.525,NaN
1996-10-27T12:00:00Z,27.875,-15.475,NaN
1996-10-27T12:00:00Z,27.875,-15.425,NaN
1996-10-27T12:00:00Z,27.875,-15.375,0.0
1996-10-27T12:00:00Z,27.825,-15.625,NaN
1996-10-27T12:00:00Z,27.825,-15.575,NaN
1996-10-27T12:00:00Z,27.825,-15.525,NaN
1996-10-27T12:00:00Z,27.825,-15.475,NaN
1996-10-27T12:00:00Z,27.825,-15.425,0.0
1996-10-27T12:00:00Z,27.825,-15.375,0.0
1996-11-26T12:00:00Z,28.175,-15.625,0.0
1996-11-26T12:00:00Z,28.175,-15.575,0.0
1996-11-26T12:00:00Z,28.175,-15.525,0.0
1996-11-26T12:00:00Z,28.175,-15.475,0.0
1996-11-26T12:00:00Z,28.175,-15.425,0.0
1996-11-26T12:00:00Z,28.175,-15.375,0.0
1996-11-26T12:00:00Z,28.125,-15.625,0.0
1996-11-26T12:00:00Z,28.125,-15.575,0.0
1996-11-26T12:00:00Z,28.125,-15.525,0.0
1996-11-26T12:00:00Z,28.125,-15.475,0.0
1996-11-26T12:00:00Z,28.125,-15.425,0.0
1996-11-26T12:00:00Z,28.125,-15.375,0.0
1996-11-26T12:00:00Z,28.075,-15.625,NaN
1996-11-26T12:00:00Z,28.075,-15.575,NaN
1996-11-26T12:00:00Z,28.075,-15.525,NaN
1996-11-26T12:00:00Z,28.075,-15.475,0.0
1996-11-26T12:00:00Z,28.075,-15.425,0.0
1996-11-26T12:00:00Z,28.075,-15.375,0.0
1996-11-26T12:00:00Z,28.025,-15.625,NaN
1996-11-26T12:00:00Z,28.025,-15.575,NaN
1996-11-26T12:00:00Z,28.025,-15.525,NaN
1996-11-26T12:00:00Z,28.025,-15.475,NaN
1996-11-26T12:00:00Z,28.025,-15.425,0.0
1996-11-26T12:00:00Z,28.025,-15.375,0.0
1996-11-26T12:00:00Z,27.975,-15.625,NaN
1996-11-26T12:00:00Z,27.975,-15.575,NaN
1996-11-26T12:00:00Z,27.975,-15.525,NaN
1996-11-26T12:00:00Z,27.975,-15.475,NaN
1996-11-26T12:00:00Z,27.975,-15.425,NaN
1996-11-26T12:00:00Z,27.975,-15.375,0.0
1996-11-26T12:00:00Z,27.925,-15.625,NaN
1996-11-26T12:00:00Z,27.925,-15.575,NaN
1996-11-26T12:00:00Z,27.925,-15.525,NaN
1996-11-26T12:00:00Z,27.925,-15.475,NaN
1996-11-26T12:00:00Z,27.925,-15.425,NaN
1996-11-26T12:00:00Z,27.925,-15.375,0.0
1996-11-26T12:00:00Z,27.875,-15.625,NaN
1996-11-26T12:00:00Z,27.875,-15.575,NaN
1996-11-26T12:00:00Z,27.875,-15.525,NaN
1996-11-26T12:00:00Z,27.875,-15.475,NaN
1996-11-26T12:00:00Z,27.875,-15.425,NaN
1996-11-26T12:00:00Z,27.875,-15.375,0.0
1996-11-26T12:00:00Z,27.825,-15.625,NaN
1996-11-26T12:00:00Z,27.825,-15.575,NaN
1996-11-26T12:00:00Z,27.825,-15.525,NaN
1996-11-26T12:00:00Z,27.825,-15.475,NaN
1996-11-26T12:00:00Z,27.825,-15.425,0.0
1996-11-26T12:00:00Z,27.825,-15.375,0.0
1996-12-26T12:00:00Z,28.175,-15.625,0.0
1996-12-26T12:00:00Z,28.175,-15.575,0.0
1996-12-26T12:00:00Z,28.175,-15.525,0.0
1996-12-26T12:00:00Z,28.175,-15.475,0.0
1996-12-26T12:00:00Z,28.175,-15.425,0.0
1996-12-26T12:00:00Z,28.175,-15.375,0.0
1996-12-26T12:00:00Z,28.125,-15.625,0.0
1996-12-26T12:00:00Z,28.125,-15.575,0.0
1996-12-26T12:00:00Z,28.125,-15.525,0.0
1996-12-26T12:00:00Z,28.125,-15.475,0.0
1996-12-26T12:00:00Z,28.125,-15.425,0.0
1996-12-26T12:00:00Z,28.125,-15.375,0.0
1996-12-26T12:00:00Z,28.075,-15.625,NaN
1996-12-26T12:00:00Z,28.075,-15.575,NaN
1996-12-26T12:00:00Z,28.075,-15.525,NaN
1996-12-26T12:00:00Z,28.075,-15.475,0.0
1996-12-26T12:00:00Z,28.075,-15.425,0.0
1996-12-26T12:00:00Z,28.075,-15.375,0.0
1996-12-26T12:00:00Z,28.025,-15.625,NaN
1996-12-26T12:00:00Z,28.025,-15.575,NaN
1996-12-26T12:00:00Z,28.025,-15.525,NaN
1996-12-26T12:00:00Z,28.025,-15.475,NaN
1996-12-26T12:00:00Z,28.025,-15.425,0.0
1996-12-26T12:00:00Z,28.025,-15.375,0.0
1996-12-26T12:00:00Z,27.975,-15.625,NaN
1996-12-26T12:00:00Z,27.975,-15.575,NaN
1996-12-26T12:00:00Z,27.975,-15.525,NaN
1996-12-26T12:00:00Z,27.975,-15.475,NaN
1996-12-26T12:00:00Z,27.975,-15.425,NaN
1996-12-26T12:00:00Z,27.975,-15.375,0.0
1996-12-26T12:00:00Z,27.925,-15.625,NaN
1996-12-26T12:00:00Z,27.925,-15.575,NaN
1996-12-26T12:00:00Z,27.925,-15.525,NaN
1996-12-26T12:00:00Z,27.925,-15.475,NaN
1996-12-26T12:00:00Z,27.925,-15.425,NaN
1996-12-26T12:00:00Z,27.925,-15.375,0.0
1996-12-26T12:00:00Z,27.875,-15.625,NaN
1996-12-26T12:00:00Z,27.875,-15.575,NaN
1996-12-26T12:00:00Z,27.875,-15.525,NaN
1996-12-26T12:00:00Z,27.875,-15.475,NaN
1996-12-26T12:00:00Z,27.875,-15.425,NaN
1996-12-26T12:00:00Z,27.875,-15.375,0.0
1996-12-26T12:00:00Z,27.825,-15.625,NaN
1996-12-26T12:00:00Z,27.825,-15.575,NaN
1996-12-26T12:00:00Z,27.825,-15.525,NaN
1996-12-26T12:00:00Z,27.825,-15.475,NaN
1996-12-26T12:00:00Z,27.825,-15.425,0.0
1996-12-26T12:00:00Z,27.825,-15.375,0.0
1997-01-25T12:00:00Z,28.175,-15.625,0.0
1997-01-25T12:00:00Z,28.175,-15.575,0.0
1997-01-25T12:00:00Z,28.175,-15.525,0.0
1997-01-25T12:00:00Z,28.175,-15.475,0.0
1997-01-25T12:00:00Z,28.175,-15.425,0.0
1997-01-25T12:00:00Z,28.175,-15.375,0.0
1997-01-25T12:00:00Z,28.125,-15.625,0.0
1997-01-25T12:00:00Z,28.125,-15.575,0.0
1997-01-25T12:00:00Z,28.125,-15.525,0.0
1997-01-25T12:00:00Z,28.125,-15.475,0.0
1997-01-25T12:00:00Z,28.125,-15.425,0.0
1997-01-25T12:00:00Z,28.125,-15.375,0.0
1997-01-25T12:00:00Z,28.075,-15.625,NaN
1997-01-25T12:00:00Z,28.075,-15.575,NaN
1997-01-25T12:00:00Z,28.075,-15.525,NaN
1997-01-25T12:00:00Z,28.075,-15.475,0.0
1997-01-25T12:00:00Z,28.075,-15.425,0.0
1997-01-25T12:00:00Z,28.075,-15.375,0.0
1997-01-25T12:00:00Z,28.025,-15.625,NaN
1997-01-25T12:00:00Z,28.025,-15.575,NaN
1997-01-25T12:00:00Z,28.025,-15.525,NaN
1997-01-25T12:00:00Z,28.025,-15.475,NaN
1997-01-25T12:00:00Z,28.025,-15.425,0.0
1997-01-25T12:00:00Z,28.025,-15.375,0.0
1997-01-25T12:00:00Z,27.975,-15.625,NaN
1997-01-25T12:00:00Z,27.975,-15.575,NaN
1997-01-25T12:00:00Z,27.975,-15.525,NaN
1997-01-25T12:00:00Z,27.975,-15.475,NaN
1997-01-25T12:00:00Z,27.975,-15.425,NaN
1997-01-25T12:00:00Z,27.975,-15.375,0.0
1997-01-25T12:00:00Z,27.925,-15.625,NaN
1997-01-25T12:00:00Z,27.925,-15.575,NaN
1997-01-25T12:00:00Z,27.925,-15.525,NaN
1997-01-25T12:00:00Z,27.925,-15.475,NaN
1997-01-25T12:00:00Z,27.925,-15.425,NaN
1997-01-25T12:00:00Z,27.925,-15.375,0.0
1997-01-25T12:00:00Z,27.875,-15.625,NaN
1997-01-25T12:00:00Z,27.875,-15.575,NaN
1997-01-25T12:00:00Z,27.875,-15.525,NaN
1997-01-25T12:00:00Z,27.875,-15.475,NaN
1997-01-25T12:00:00Z,27.875,-15.425,NaN
1997-01-25T12:00:00Z,27.875,-15.375,0.0
1997-01-25T12:00:00Z,27.825,-15.625,NaN
1997-01-25T12:00:00Z,27.825,-15.575,NaN
1997-01-25T12:00:00Z,27.825,-15.525,NaN
1997-01-25T12:00:00Z,27.825,-15.475,NaN
1997-01-25T12:00:00Z,27.825,-15.425,0.0
1997-01-25T12:00:00Z,27.825,-15.375,0.0
1997-02-24T12:00:00Z,28.175,-15.625,0.0
1997-02-24T12:00:00Z,28.175,-15.575,0.0
1997-02-24T12:00:00Z,28.175,-15.525,0.0
1997-02-24T12:00:00Z,28.175,-15.475,0.0
1997-02-24T12:00:00Z,28.175,-15.425,0.0
1997-02-24T12:00:00Z,28.175,-15.375,0.0
1997-02-24T12:00:00Z,28.125,-15.625,0.0
1997-02-24T12:00:00Z,28.125,-15.575,0.0
1997-02-24T12:00:00Z,28.125,-15.525,0.0
1997-02-24T12:00:00Z,28.125,-15.475,0.0
1997-02-24T12:00:00Z,28.125,-15.425,0.0
1997-02-24T12:00:00Z,28.125,-15.375,0.0
1997-02-24T12:00:00Z,28.075,-15.625,NaN
1997-02-24T12:00:00Z,28.075,-15.575,NaN
1997-02-24T12:00:00Z,28.075,-15.525,NaN
1997-02-24T12:00:00Z,28.075,-15.475,0.0
1997-02-24T12:00:00Z,28.075,-15.425,0.0
1997-02-24T12:00:00Z,28.075,-15.375,0.0
1997-02-24T12:00:00Z,28.025,-15.625,NaN
1997-02-24T12:00:00Z,28.025,-15.575,NaN
1997-02-24T12:00:00Z,28.025,-15.525,NaN
1997-02-24T12:00:00Z,28.025,-15.475,NaN
1997-02-24T12:00:00Z,28.025,-15.425,0.0
1997-02-24T12:00:00Z,28.025,-15.375,0.0
1997-02-24T12:00:00Z,27.975,-15.625,NaN
1997-02-24T12:00:00Z,27.975,-15.575,NaN
1997-02-24T12:00:00Z,27.975,-15.525,NaN
1997-02-24T12:00:00Z,27.975,-15.475,NaN
1997-02-24T12:00:00Z,27.975,-15.425,NaN
1997-02-24T12:00:00Z,27.975,-15.375,0.0
1997-02-24T12:00:00Z,27.925,-15.625,NaN
1997-02-24T12:00:00Z,27.925,-15.575,NaN
1997-02-24T12:00:00Z,27.925,-15.525,NaN
1997-02-24T12:00:00Z,27.925,-15.475,NaN
1997-02-24T12:00:00Z,27.925,-15.425,NaN
1997-02-24T12:00:00Z,27.925,-15.375,0.0
1997-02-24T12:00:00Z,27.875,-15.625,NaN
1997-02-24T12:00:00Z,27.875,-15.575,NaN
1997-02-24T12:00:00Z,27.875,-15.525,NaN
1997-02-24T12:00:00Z,27.875,-15.475,NaN
1997-02-24T12:00:00Z,27.875,-15.425,NaN
1997-02-24T12:00:00Z,27.875,-15.375,0.0
1997-02-24T12:00:00Z,27.825,-15.625,NaN
1997-02-24T12:00:00Z,27.825,-15.575,NaN
1997-02-24T12:00:00Z,27.825,-15.525,NaN
1997-02-24T12:00:00Z,27.825,-15.475,NaN
1997-02-24T12:00:00Z,27.825,-15.425,0.0
1997-02-24T12:00:00Z,27.825,-15.375,0.0
1997-03-26T12:00:00Z,28.175,-15.625,0.0
1997-03-26T12:00:00Z,28.175,-15.575,0.0
1997-03-26T12:00:00Z,28.175,-15.525,0.0
1997-03-26T12:00:00Z,28.175,-15.475,0.0
1997-03-26T12:00:00Z,28.175,-15.425,0.0
1997-03-26T12:00:00Z,28.175,-15.375,0.0
1997-03-26T12:00:00Z,28.125,-15.625,0.0
1997-03-26T12:00:00Z,28.125,-15.575,0.0
1997-03-26T12:00:00Z,28.125,-15.525,0.0
1997-03-26T12:00:00Z,28.125,-15.475,0.0
1997-03-26T12:00:00Z,28.125,-15.425,0.0
1997-03-26T12:00:00Z,28.125,-15.375,0.0
1997-03-26T12:00:00Z,28.075,-15.625,NaN
1997-03-26T12:00:00Z,28.075,-15.575,NaN
1997-03-26T12:00:00Z,28.075,-15.525,NaN
1997-03-26T12:00:00Z,28.075,-15.475,0.0
1997-03-26T12:00:00Z,28.075,-15.425,0.0
1997-03-26T12:00:00Z,28.075,-15.375,0.0
1997-03-26T12:00:00Z,28.025,-15.625,NaN
1997-03-26T12:00:00Z,28.025,-15.575,NaN
1997-03-26T12:00:00Z,28.025,-15.525,NaN
1997-03-26T12:00:00Z,28.025,-15.475,NaN
1997-03-26T12:00:00Z,28.025,-15.425,0.0
1997-03-26T12:00:00Z,28.025,-15.375,0.0
1997-03-26T12:00:00Z,27.975,-15.625,NaN
1997-03-26T12:00:00Z,27.975,-15.575,NaN
1997-03-26T12:00:00Z,27.975,-15.525,NaN
1997-03-26T12:00:00Z,27.975,-15.475,NaN
1997-03-26T12:00:00Z,27.975,-15.425,NaN
1997-03-26T12:00:00Z,27.975,-15.375,0.0
1997-03-26T12:00:00Z,27.925,-15.625,NaN
1997-03-26T12:00:00Z,27.925,-15.575,NaN
1997-03-26T12:00:00Z,27.925,-15.525,NaN
1997-03-26T12:00:00Z,27.925,-15.475,NaN
1997-03-26T12:00:00Z,27.925,-15.425,NaN
1997-03-26T12:00:00Z,27.925,-15.375,0.0
1997-03-26T12:00:00Z,27.875,-15.625,NaN
1997-03-26T12:00:00Z,27.875,-15.575,NaN
1997-03-26T12:00:00Z,27.875,-15.525,NaN
1997-03-26T12:00:00Z,27.875,-15.475,NaN
1997-03-26T12:00:00Z,27.875,-15.425,NaN
1997-03-26T12:00:00Z,27.875,-15.375,0.0
1997-03-26T12:00:00Z,27.825,-15.625,NaN
1997-03-26T12:00:00Z,27.825,-15.575,NaN
1997-03-26T12:00:00Z,27.825,-15.525,NaN
1997-03-26T12:00:00Z,27.825,-15.475,NaN
1997-03-26T12:00:00Z,27.825,-15.425,0.0
1997-03-26T12:00:00Z,27.825,-15.375,0.0
1997-04-25T12:00:00Z,28.175,-15.625,0.0
1997-04-25T12:00:00Z,28.175,-15.575,0.0
1997-04-25T12:00:00Z,28.175,-15.525,0.0
1997-04-25T12:00:00Z,28.175,-15.475,0.0
1997-04-25T12:00:00Z,28.175,-15.425,0.0
1997-04-25T12:00:00Z,28.175,-15.375,0.0
1997-04-25T12:00:00Z,28.125,-15.625,0.0
1997-04-25T12:00:00Z,28.125,-15.575,0.0
1997-04-25T12:00:00Z,28.125,-15.525,0.0
1997-04-25T12:00:00Z,28.125,-15.475,0.0
1997-04-25T12:00:00Z,28.125,-15.425,0.0
1997-04-25T12:00:00Z,28.125,-15.375,0.0
1997-04-25T12:00:00Z,28.075,-15.625,NaN
1997-04-25T12:00:00Z,28.075,-15.575,NaN
1997-04-25T12:00:00Z,28.075,-15.525,NaN
1997-04-25T12:00:00Z,28.075,-15.475,0.0
1997-04-25T12:00:00Z,28.075,-15.425,0.0
1997-04-25T12:00:00Z,28.075,-15.375,0.0
1997-04-25T12:00:00Z,28.025,-15.625,NaN
1997-04-25T12:00:00Z,28.025,-15.575,NaN
1997-04-25T12:00:00Z,28.025,-15.525,NaN
1997-04-25T12:00:00Z,28.025,-15.475,NaN
1997-04-25T12:00:00Z,28.025,-15.425,0.0
1997-04-25T12:00:00Z,28.025,-15.375,0.0
1997-04-25T12:00:00Z,27.975,-15.625,NaN
1997-04-25T12:00:00Z,27.975,-15.575,NaN
1997-04-25T12:00:00Z,27.975,-15.525,NaN
1997-04-25T12:00:00Z,27.975,-15.475,NaN
1997-04-25T12:00:00Z,27.975,-15.425,NaN
1997-04-25T12:00:00Z,27.975,-15.375,0.0
1997-04-25T12:00:00Z,27.925,-15.625,NaN
1997-04-25T12:00:00Z,27.925,-15.575,NaN
1997-04-25T12:00:00Z,27.925,-15.525,NaN
1997-04-25T12:00:00Z,27.925,-15.475,NaN
1997-04-25T12:00:00Z,27.925,-15.425,NaN
1997-04-25T12:00:00Z,27.925,-15.375,0.0
1997-04-25T12:00:00Z,27.875,-15.625,NaN
1997-04-25T12:00:00Z,27.875,-15.575,NaN
1997-04-25T12:00:00Z,27.875,-15.525,NaN
1997-04-25T12:00:00Z,27.875,-15.475,NaN
1997-04-25T12:00:00Z,27.875,-15.425,NaN
1997-04-25T12:00:00Z,27.875,-15.375,0.0
1997-04-25T12:00:00Z,27.825,-15.625,NaN
1997-04-25T12:00:00Z,27.825,-15.575,NaN
1997-04-25T12:00:00Z,27.825,-15.525,NaN
1997-04-25T12:00:00Z,27.825,-15.475,NaN
1997-04-25T12:00:00Z,27.825,-15.425,0.0
1997-04-25T12:00:00Z,27.825,-15.375,0.0
1997-05-25T12:00:00Z,28.175,-15.625,0.0
1997-05-25T12:00:00Z,28.175,-15.575,0.0
1997-05-25T12:00:00Z,28.175,-15.525,0.0
1997-05-25T12:00:00Z,28.175,-15.475,0.0
1997-05-25T12:00:00Z,28.175,-15.425,0.0
1997-05-25T12:00:00Z,28.175,-15.375,0.0
1997-05-25T12:00:00Z,28.125,-15.625,0.0
1997-05-25T12:00:00Z,28.125,-15.575,0.0
1997-05-25T12:00:00Z,28.125,-15.525,0.0
1997-05-25T12:00:00Z,28.125,-15.475,0.0
1997-05-25T12:00:00Z,28.125,-15.425,0.0
1997-05-25T12:00:00Z,28.125,-15.375,0.0
1997-05-25T12:00:00Z,28.075,-15.625,NaN
1997-05-25T12:00:00Z,28.075,-15.575,NaN
1997-05-25T12:00:00Z,28.075,-15.525,NaN
1997-05-25T12:00:00Z,28.075,-15.475,0.0
1997-05-25T12:00:00Z,28.075,-15.425,0.0
1997-05-25T12:00:00Z,28.075,-15.375,0.0
1997-05-25T12:00:00Z,28.025,-15.625,NaN
1997-05-25T12:00:00Z,28.025,-15.575,NaN
1997-05-25T12:00:00Z,28.025,-15.525,NaN
1997-05-25T12:00:00Z,28.025,-15.475,NaN
1997-05-25T12:00:00Z,28.025,-15.425,0.0
1997-05-25T12:00:00Z,28.025,-15.375,0.0
1997-05-25T12:00:00Z,27.975,-15.625,NaN
1997-05-25T12:00:00Z,27.975,-15.575,NaN
1997-05-25T12:00:00Z,27.975,-15.525,NaN
1997-05-25T12:00:00Z,27.975,-15.475,NaN
1997-05-25T12:00:00Z,27.975,-15.425,NaN
1997-05-25T12:00:00Z,27.975,-15.375,0.0
1997-05-25T12:00:00Z,27.925,-15.625,NaN
1997-05-25T12:00:00Z,27.925,-15.575,NaN
1997-05-25T12:00:00Z,27.925,-15.525,NaN
1997-05-25T12:00:00Z,27.925,-15.475,NaN
1997-05-25T12:00:00Z,27.925,-15.425,NaN
1997-05-25T12:00:00Z,27.925,-15.375,0.0
1997-05-25T12:00:00Z,27.875,-15.625,NaN
1997-05-25T12:00:00Z,27.875,-15.575,NaN
1997-05-25T12:00:00Z,27.875,-15.525,NaN
1997-05-25T12:00:00Z,27.875,-15.475,NaN
1997-05-25T12:00:00Z,27.875,-15.425,NaN
1997-05-25T12:00:00Z,27.875,-15.375,0.0
1997-05-25T12:00:00Z,27.825,-15.625,NaN
1997-05-25T12:00:00Z,27.825,-15.575,NaN
1997-05-25T12:00:00Z,27.825,-15.525,NaN
1997-05-25T12:00:00Z,27.825,-15.475,NaN
1997-05-25T12:00:00Z,27.825,-15.425,0.0
1997-05-25T12:00:00Z,27.825,-15.375,0.0
1997-06-24T12:00:00Z,28.175,-15.625,0.0
1997-06-24T12:00:00Z,28.175,-15.575,0.0
1997-06-24T12:00:00Z,28.175,-15.525,0.0
1997-06-24T12:00:00Z,28.175,-15.475,0.0
1997-06-24T12:00:00Z,28.175,-15.425,0.0
1997-06-24T12:00:00Z,28.175,-15.375,0.0
1997-06-24T12:00:00Z,28.125,-15.625,0.0
1997-06-24T12:00:00Z,28.125,-15.575,0.0
1997-06-24T12:00:00Z,28.125,-15.525,0.0
1997-06-24T12:00:00Z,28.125,-15.475,0.0
1997-06-24T12:00:00Z,28.125,-15.425,0.0
1997-06-24T12:00:00Z,28.125,-15.375,0.0
1997-06-24T12:00:00Z,28.075,-15.625,NaN
1997-06-24T12:00:00Z,28.075,-15.575,NaN
1997-06-24T12:00:00Z,28.075,-15.525,NaN
1997-06-24T12:00:00Z,28.075,-15.475,0.0
1997-06-24T12:00:00Z,28.075,-15.425,0.0
1997-06-24T12:00:00Z,28.075,-15.375,0.0
1997-06-24T12:00:00Z,28.025,-15.625,NaN
1997-06-24T12:00:00Z,28.025,-15.575,NaN
1997-06-24T12:00:00Z,28.025,-15.525,NaN
1997-06-24T12:00:00Z,28.025,-15.475,NaN
1997-06-24T12:00:00Z,28.025,-15.425,0.0
1997-06-24T12:00:00Z,28.025,-15.375,0.0
1997-06-24T12:00:00Z,27.975,-15.625,NaN
1997-06-24T12:00:00Z,27.975,-15.575,NaN
1997-06-24T12:00:00Z,27.975,-15.525,NaN
1997-06-24T12:00:00Z,27.975,-15.475,NaN
1997-06-24T12:00:00Z,27.975,-15.425,NaN
1997-06-24T12:00:00Z,27.975,-15.375,0.0
1997-06-24T12:00:00Z,27.925,-15.625,NaN
1997-06-24T12:00:00Z,27.925,-15.575,NaN
1997-06-24T12:00:00Z,27.925,-15.525,NaN
1997-06-24T12:00:00Z,27.925,-15.475,NaN
1997-06-24T12:00:00Z,27.925,-15.425,NaN
1997-06-24T12:00:00Z,27.925,-15.375,0.0
1997-06-24T12:00:00Z,27.875,-15.625,NaN
1997-06-24T12:00:00Z,27.875,-15.575,NaN
1997-06-24T12:00:00Z,27.875,-15.525,NaN
1997-06-24T12:00:00Z,27.875,-15.475,NaN
1997-06-24T12:00:00Z,27.875,-15.425,NaN
1997-06-24T12:00:00Z,27.875,-15.375,0.0
1997-06-24T12:00:00Z,27.825,-15.625,NaN
1997-06-24T12:00:00Z,27.825,-15.575,NaN
1997-06-24T12:00:00Z,27.825,-15.525,NaN
1997-06-24T12:00:00Z,27.825,-15.475,NaN
1997-06-24T12:00:00Z,27.825,-15.425,0.0
1997-06-24T12:00:00Z,27.825,-15.375,0.0
1997-07-24T12:00:00Z,28.175,-15.625,0.0
1997-07-24T12:00:00Z,28.175,-15.575,0.0
1997-07-24T12:00:00Z,28.175,-15.525,0.0
1997-07-24T12:00:00Z,28.175,-15.475,0.0
1997-07-24T12:00:00Z,28.175,-15.425,0.0
1997-07-24T12:00:00Z,28.175,-15.375,0.0
1997-07-24T12:00:00Z,28.125,-15.625,0.0
1997-07-24T12:00:00Z,28.125,-15.575,0.0
1997-07-24T12:00:00Z,28.125,-15.525,0.0
1997-07-24T12:00:00Z,28.125,-15.475,0.0
1997-07-24T12:00:00Z,28.125,-15.425,0.0
1997-07-24T12:00:00Z,28.125,-15.375,0.0
1997-07-24T12:00:00Z,28.075,-15.625,NaN
1997-07-24T12:00:00Z,28.075,-15.575,NaN
1997-07-24T12:00:00Z,28.075,-15.525,NaN
1997-07-24T12:00:00Z,28.075,-15.475,0.0
1997-07-24T12:00:00Z,28.075,-15.425,0.0
1997-07-24T12:00:00Z,28.075,-15.375,0.0
1997-07-24T12:00:00Z,28.025,-15.625,NaN
1997-07-24T12:00:00Z,28.025,-15.575,NaN
1997-07-24T12:00:00Z,28.025,-15.525,NaN
1997-07-24T12:00:00Z,28.025,-15.475,NaN
1997-07-24T12:00:00Z,28.025,-15.425,0.0
1997-07-24T12:00:00Z,28.025,-15.375,0.0
1997-07-24T12:00:00Z,27.975,-15.625,NaN
1997-07-24T12:00:00Z,27.975,-15.575,NaN
1997-07-24T12:00:00Z,27.975,-15.525,NaN
1997-07-24T12:00:00Z,27.975,-15.475,NaN
1997-07-24T12:00:00Z,27.975,-15.425,NaN
1997-07-24T12:00:00Z,27.975,-15.375,0.0
1997-07-24T12:00:00Z,27.925,-15.625,NaN
1997-07-24T12:00:00Z,27.925,-15.575,NaN
1997-07-24T12:00:00Z,27.925,-15.525,NaN
1997-07-24T12:00:00Z,27.925,-15.475,NaN
1997-07-24T12:00:00Z,27.925,-15.425,NaN
1997-07-24T12:00:00Z,27.925,-15.375,0.0
1997-07-24T12:00:00Z,27.875,-15.625,NaN
1997-07-24T12:00:00Z,27.875,-15.575,NaN
1997-07-24T12:00:00Z,27.875,-15.525,NaN
1997-07-24T12:00:00Z,27.875,-15.475,NaN
1997-07-24T12:00:00Z,27.875,-15.425,NaN
1997-07-24T12:00:00Z,27.875,-15.375,0.0
1997-07-24T12:00:00Z,27.825,-15.625,NaN
1997-07-24T12:00:00Z,27.825,-15.575,NaN
1997-07-24T12:00:00Z,27.825,-15.525,NaN
1997-07-24T12:00:00Z,27.825,-15.475,NaN
1997-07-24T12:00:00Z,27.825,-15.425,0.0
1997-07-24T12:00:00Z,27.825,-15.375,0.0
1997-08-23T12:00:00Z,28.175,-15.625,0.0
1997-08-23T12:00:00Z,28.175,-15.575,0.0
1997-08-23T12:00:00Z,28.175,-15.525,0.0
1997-08-23T12:00:00Z,28.175,-15.475,0.0
1997-08-23T12:00:00Z,28.175,-15.425,0.0
1997-08-23T12:00:00Z,28.175,-15.375,0.0
1997-08-23T12:00:00Z,28.125,-15.625,0.0
1997-08-23T12:00:00Z,28.125,-15.575,0.0
1997-08-23T12:00:00Z,28.125,-15.525,0.0
1997-08-23T12:00:00Z,28.125,-15.475,0.0
1997-08-23T12:00:00Z,28.125,-15.425,0.0
1997-08-23T12:00:00Z,28.125,-15.375,0.0
1997-08-23T12:00:00Z,28.075,-15.625,NaN
1997-08-23T12:00:00Z,28.075,-15.575,NaN
1997-08-23T12:00:00Z,28.075,-15.525,NaN
1997-08-23T12:00:00Z,28.075,-15.475,0.0
1997-08-23T12:00:00Z,28.075,-15.425,0.0
1997-08-23T12:00:00Z,28.075,-15.375,0.0
1997-08-23T12:00:00Z,28.025,-15.625,NaN
1997-08-23T12:00:00Z,28.025,-15.575,NaN
1997-08-23T12:00:00Z,28.025,-15.525,NaN
1997-08-23T12:00:00Z,28.025,-15.475,NaN
1997-08-23T12:00:00Z,28.025,-15.425,0.0
1997-08-23T12:00:00Z,28.025,-15.375,0.0
1997-08-23T12:00:00Z,27.975,-15.625,NaN
1997-08-23T12:00:00Z,27.975,-15.575,NaN
1997-08-23T12:00:00Z,27.975,-15.525,NaN
1997-08-23T12:00:00Z,27.975,-15.475,NaN
1997-08-23T12:00:00Z,27.975,-15.425,NaN
1997-08-23T12:00:00Z,27.975,-15.375,0.0
1997-08-23T12:00:00Z,27.925,-15.625,NaN
1997-08-23T12:00:00Z,27.925,-15.575,NaN
1997-08-23T12:00:00Z,27.925,-15.525,NaN
1997-08-23T12:00:00Z,27.925,-15.475,NaN
1997-08-23T12:00:00Z,27.925,-15.425,NaN
1997-08-23T12:00:00Z,27.925,-15.375,0.0
1997-08-23T12:00:00Z,27.875,-15.625,NaN
1997-08-23T12:00:00Z,27.875,-15.575,NaN
1997-08-23T12:00:00Z,27.875,-15.525,NaN
1997-08-23T12:00:00Z,27.875,-15.475,NaN
1997-08-23T12:00:00Z,27.875,-15.425,NaN
1997-08-23T12:00:00Z,27.875,-15.375,0.0
1997-08-23T12:00:00Z,27.825,-15.625,NaN
1997-08-23T12:00:00Z,27.825,-15.575,NaN
1997-08-23T12:00:00Z,27.825,-15.525,NaN
1997-08-23T12:00:00Z,27.825,-15.475,NaN
1997-08-23T12:00:00Z,27.825,-15.425,0.0
1997-08-23T12:00:00Z,27.825,-15.375,0.0
1997-09-22T12:00:00Z,28.175,-15.625,0.14
1997-09-22T12:00:00Z,28.175,-15.575,0.14
1997-09-22T12:00:00Z,28.175,-15.525,0.0
1997-09-22T12:00:00Z,28.175,-15.475,0.0
1997-09-22T12:00:00Z,28.175,-15.425,0.0
1997-09-22T12:00:00Z,28.175,-15.375,0.0
1997-09-22T12:00:00Z,28.125,-15.625,0.0
1997-09-22T12:00:00Z,28.125,-15.575,0.14
1997-09-22T12:00:00Z,28.125,-15.525,0.0
1997-09-22T12:00:00Z,28.125,-15.475,0.0
1997-09-22T12:00:00Z,28.125,-15.425,0.0
1997-09-22T12:00:00Z,28.125,-15.375,0.0
1997-09-22T12:00:00Z,28.075,-15.625,NaN
1997-09-22T12:00:00Z,28.075,-15.575,NaN
1997-09-22T12:00:00Z,28.075,-15.525,NaN
1997-09-22T12:00:00Z,28.075,-15.475,0.0
1997-09-22T12:00:00Z,28.075,-15.425,0.0
1997-09-22T12:00:00Z,28.075,-15.375,0.0
1997-09-22T12:00:00Z,28.025,-15.625,NaN
1997-09-22T12:00:00Z,28.025,-15.575,NaN
1997-09-22T12:00:00Z,28.025,-15.525,NaN
1997-09-22T12:00:00Z,28.025,-15.475,NaN
1997-09-22T12:00:00Z,28.025,-15.425,0.14
1997-09-22T12:00:00Z,28.025,-15.375,0.0
1997-09-22T12:00:00Z,27.975,-15.625,NaN
1997-09-22T12:00:00Z,27.975,-15.575,NaN
1997-09-22T12:00:00Z,27.975,-15.525,NaN
1997-09-22T12:00:00Z,27.975,-15.475,NaN
1997-09-22T12:00:00Z,27.975,-15.425,NaN
1997-09-22T12:00:00Z,27.975,-15.375,0.15
1997-09-22T12:00:00Z,27.925,-15.625,NaN
1997-09-22T12:00:00Z,27.925,-15.575,NaN
1997-09-22T12:00:00Z,27.925,-15.525,NaN
1997-09-22T12:00:00Z,27.925,-15.475,NaN
1997-09-22T12:00:00Z,27.925,-15.425,NaN
1997-09-22T12:00:00Z,27.925,-15.375,0.15
1997-09-22T12:00:00Z,27.875,-15.625,NaN
1997-09-22T12:00:00Z,27.875,-15.575,NaN
1997-09-22T12:00:00Z,27.875,-15.525,NaN
1997-09-22T12:00:00Z,27.875,-15.475,NaN
1997-09-22T12:00:00Z,27.875,-15.425,NaN
1997-09-22T12:00:00Z,27.875,-15.375,0.15
1997-09-22T12:00:00Z,27.825,-15.625,NaN
1997-09-22T12:00:00Z,27.825,-15.575,NaN
1997-09-22T12:00:00Z,27.825,-15.525,NaN
1997-09-22T12:00:00Z,27.825,-15.475,NaN
1997-09-22T12:00:00Z,27.825,-15.425,0.16
1997-09-22T12:00:00Z,27.825,-15.375,0.16
1997-10-22T12:00:00Z,28.175,-15.625,0.29
1997-10-22T12:00:00Z,28.175,-15.575,0.29
1997-10-22T12:00:00Z,28.175,-15.525,0.15
1997-10-22T12:00:00Z,28.175,-15.475,0.15
1997-10-22T12:00:00Z,28.175,-15.425,0.3
1997-10-22T12:00:00Z,28.175,-15.375,0.3
1997-10-22T12:00:00Z,28.125,-15.625,0.0
1997-10-22T12:00:00Z,28.125,-15.575,0.29
1997-10-22T12:00:00Z,28.125,-15.525,0.29
1997-10-22T12:00:00Z,28.125,-15.475,0.29
1997-10-22T12:00:00Z,28.125,-15.425,0.3
1997-10-22T12:00:00Z,28.125,-15.375,0.3
1997-10-22T12:00:00Z,28.075,-15.625,NaN
1997-10-22T12:00:00Z,28.075,-15.575,NaN
1997-10-22T12:00:00Z,28.075,-15.525,NaN
1997-10-22T12:00:00Z,28.075,-15.475,0.3
1997-10-22T12:00:00Z,28.075,-15.425,0.6
1997-10-22T12:00:00Z,28.075,-15.375,0.6
1997-10-22T12:00:00Z,28.025,-15.625,NaN
1997-10-22T12:00:00Z,28.025,-15.575,NaN
1997-10-22T12:00:00Z,28.025,-15.525,NaN
1997-10-22T12:00:00Z,28.025,-15.475,NaN
1997-10-22T12:00:00Z,28.025,-15.425,0.75
1997-10-22T12:00:00Z,28.025,-15.375,0.62
1997-10-22T12:00:00Z,27.975,-15.625,NaN
1997-10-22T12:00:00Z,27.975,-15.575,NaN
1997-10-22T12:00:00Z,27.975,-15.525,NaN
1997-10-22T12:00:00Z,27.975,-15.475,NaN
1997-10-22T12:00:00Z,27.975,-15.425,NaN
1997-10-22T12:00:00Z,27.975,-15.375,0.79
1997-10-22T12:00:00Z,27.925,-15.625,NaN
1997-10-22T12:00:00Z,27.925,-15.575,NaN
1997-10-22T12:00:00Z,27.925,-15.525,NaN
1997-10-22T12:00:00Z,27.925,-15.475,NaN
1997-10-22T12:00:00Z,27.925,-15.425,NaN
1997-10-22T12:00:00Z,27.925,-15.375,0.8200000000000001
1997-10-22T12:00:00Z,27.875,-15.625,NaN
1997-10-22T12:00:00Z,27.875,-15.575,NaN
1997-10-22T12:00:00Z,27.875,-15.525,NaN
1997-10-22T12:00:00Z,27.875,-15.475,NaN
1997-10-22T12:00:00Z,27.875,-15.425,NaN
1997-10-22T12:00:00Z,27.875,-15.375,1.0
1997-10-22T12:00:00Z,27.825,-15.625,NaN
1997-10-22T12:00:00Z,27.825,-15.575,NaN
1997-10-22T12:00:00Z,27.825,-15.525,NaN
1997-10-22T12:00:00Z,27.825,-15.475,NaN
1997-10-22T12:00:00Z,27.825,-15.425,1.62
1997-10-22T12:00:00Z,27.825,-15.375,1.47
1997-11-21T12:00:00Z,28.175,-15.625,0.29
1997-11-21T12:00:00Z,28.175,-15.575,0.29
1997-11-21T12:00:00Z,28.175,-15.525,0.15
1997-11-21T12:00:00Z,28.175,-15.475,0.15
1997-11-21T12:00:00Z,28.175,-15.425,0.3
1997-11-21T12:00:00Z,28.175,-15.375,0.3
1997-11-21T12:00:00Z,28.125,-15.625,0.0
1997-11-21T12:00:00Z,28.125,-15.575,0.29
1997-11-21T12:00:00Z,28.125,-15.525,0.29
1997-11-21T12:00:00Z,28.125,-15.475,0.29
1997-11-21T12:00:00Z,28.125,-15.425,0.3
1997-11-21T12:00:00Z,28.125,-15.375,0.3
1997-11-21T12:00:00Z,28.075,-15.625,NaN
1997-11-21T12:00:00Z,28.075,-15.575,NaN
1997-11-21T12:00:00Z,28.075,-15.525,NaN
1997-11-21T12:00:00Z,28.075,-15.475,0.3
1997-11-21T12:00:00Z,28.075,-15.425,0.6
1997-11-21T12:00:00Z,28.075,-15.375,0.6
1997-11-21T12:00:00Z,28.025,-15.625,NaN
1997-11-21T12:00:00Z,28.025,-15.575,NaN
1997-11-21T12:00:00Z,28.025,-15.525,NaN
1997-11-21T12:00:00Z,28.025,-15.475,NaN
1997-11-21T12:00:00Z,28.025,-15.425,0.75
1997-11-21T12:00:00Z,28.025,-15.375,0.62
1997-11-21T12:00:00Z,27.975,-15.625,NaN
1997-11-21T12:00:00Z,27.975,-15.575,NaN
1997-11-21T12:00:00Z,27.975,-15.525,NaN
1997-11-21T12:00:00Z,27.975,-15.475,NaN
1997-11-21T12:00:00Z,27.975,-15.425,NaN
1997-11-21T12:00:00Z,27.975,-15.375,0.79
1997-11-21T12:00:00Z,27.925,-15.625,NaN
1997-11-21T12:00:00Z,27.925,-15.575,NaN
1997-11-21T12:00:00Z,27.925,-15.525,NaN
1997-11-21T12:00:00Z,27.925,-15.475,NaN
1997-11-21T12:00:00Z,27.925,-15.425,NaN
1997-11-21T12:00:00Z,27.925,-15.375,0.96
1997-11-21T12:00:00Z,27.875,-15.625,NaN
1997-11-21T12:00:00Z,27.875,-15.575,NaN
1997-11-21T12:00:00Z,27.875,-15.525,NaN
1997-11-21T12:00:00Z,27.875,-15.475,NaN
1997-11-21T12:00:00Z,27.875,-15.425,NaN
1997-11-21T12:00:00Z,27.875,-15.375,1.1400000000000001
1997-11-21T12:00:00Z,27.825,-15.625,NaN
1997-11-21T12:00:00Z,27.825,-15.575,NaN
1997-11-21T12:00:00Z,27.825,-15.525,NaN
1997-11-21T12:00:00Z,27.825,-15.475,NaN
1997-11-21T12:00:00Z,27.825,-15.425,1.62
1997-11-21T12:00:00Z,27.825,-15.375,1.61
1997-12-21T12:00:00Z,28.175,-15.625,0.14
1997-12-21T12:00:00Z,28.175,-15.575,0.15
1997-12-21T12:00:00Z,28.175,-15.525,0.15
1997-12-21T12:00:00Z,28.175,-15.475,0.15
1997-12-21T12:00:00Z,28.175,-15.425,0.3
1997-12-21T12:00:00Z,28.175,-15.375,0.3
1997-12-21T12:00:00Z,28.125,-15.625,0.0
1997-12-21T12:00:00Z,28.125,-15.575,0.15
1997-12-21T12:00:00Z,28.125,-15.525,0.29
1997-12-21T12:00:00Z,28.125,-15.475,0.29
1997-12-21T12:00:00Z,28.125,-15.425,0.3
1997-12-21T12:00:00Z,28.125,-15.375,0.3
1997-12-21T12:00:00Z,28.075,-15.625,NaN
1997-12-21T12:00:00Z,28.075,-15.575,NaN
1997-12-21T12:00:00Z,28.075,-15.525,NaN
1997-12-21T12:00:00Z,28.075,-15.475,0.3
1997-12-21T12:00:00Z,28.075,-15.425,0.6
1997-12-21T12:00:00Z,28.075,-15.375,0.6
1997-12-21T12:00:00Z,28.025,-15.625,NaN
1997-12-21T12:00:00Z,28.025,-15.575,NaN
1997-12-21T12:00:00Z,28.025,-15.525,NaN
1997-12-21T12:00:00Z,28.025,-15.475,NaN
1997-12-21T12:00:00Z,28.025,-15.425,0.61
1997-12-21T12:00:00Z,28.025,-15.375,0.62
1997-12-21T12:00:00Z,27.975,-15.625,NaN
1997-12-21T12:00:00Z,27.975,-15.575,NaN
1997-12-21T12:00:00Z,27.975,-15.525,NaN
1997-12-21T12:00:00Z,27.975,-15.475,NaN
1997-12-21T12:00:00Z,27.975,-15.425,NaN
1997-12-21T12:00:00Z,27.975,-15.375,0.64
1997-12-21T12:00:00Z,27.925,-15.625,NaN
1997-12-21T12:00:00Z,27.925,-15.575,NaN
1997-12-21T12:00:00Z,27.925,-15.525,NaN
1997-12-21T12:00:00Z,27.925,-15.475,NaN
1997-12-21T12:00:00Z,27.925,-15.425,NaN
1997-12-21T12:00:00Z,27.925,-15.375,0.81
1997-12-21T12:00:00Z,27.875,-15.625,NaN
1997-12-21T12:00:00Z,27.875,-15.575,NaN
1997-12-21T12:00:00Z,27.875,-15.525,NaN
1997-12-21T12:00:00Z,27.875,-15.475,NaN
1997-12-21T12:00:00Z,27.875,-15.425,NaN
1997-12-21T12:00:00Z,27.875,-15.375,0.84
1997-12-21T12:00:00Z,27.825,-15.625,NaN
1997-12-21T12:00:00Z,27.825,-15.575,NaN
1997-12-21T12:00:00Z,27.825,-15.525,NaN
1997-12-21T12:00:00Z,27.825,-15.475,NaN
1997-12-21T12:00:00Z,27.825,-15.425,1.3
1997-12-21T12:00:00Z,27.825,-15.375,1.3
1998-01-20T12:00:00Z,28.175,-15.625,0.0
1998-01-20T12:00:00Z,28.175,-15.575,0.0
1998-01-20T12:00:00Z,28.175,-15.525,0.0
1998-01-20T12:00:00Z,28.175,-15.475,0.0
1998-01-20T12:00:00Z,28.175,-15.425,0.0
1998-01-20T12:00:00Z,28.175,-15.375,0.0
1998-01-20T12:00:00Z,28.125,-15.625,0.0
1998-01-20T12:00:00Z,28.125,-15.575,0.0
1998-01-20T12:00:00Z,28.125,-15.525,0.0
1998-01-20T12:00:00Z,28.125,-15.475,0.0
1998-01-20T12:00:00Z,28.125,-15.425,0.0
1998-01-20T12:00:00Z,28.125,-15.375,0.0
1998-01-20T12:00:00Z,28.075,-15.625,NaN
1998-01-20T12:00:00Z,28.075,-15.575,NaN
1998-01-20T12:00:00Z,28.075,-15.525,NaN
1998-01-20T12:00:00Z,28.075,-15.475,0.0
1998-01-20T12:00:00Z,28.075,-15.425,0.0
1998-01-20T12:00:00Z,28.075,-15.375,0.0
1998-01-20T12:00:00Z,28.025,-15.625,NaN
1998-01-20T12:00:00Z,28.025,-15.575,NaN
1998-01-20T12:00:00Z,28.025,-15.525,NaN
1998-01-20T12:00:00Z,28.025,-15.475,NaN
1998-01-20T12:00:00Z,28.025,-15.425,0.0
1998-01-20T12:00:00Z,28.025,-15.375,0.0
1998-01-20T12:00:00Z,27.975,-15.625,NaN
1998-01-20T12:00:00Z,27.975,-15.575,NaN
1998-01-20T12:00:00Z,27.975,-15.525,NaN
1998-01-20T12:00:00Z,27.975,-15.475,NaN
1998-01-20T12:00:00Z,27.975,-15.425,NaN
1998-01-20T12:00:00Z,27.975,-15.375,0.0
1998-01-20T12:00:00Z,27.925,-15.625,NaN
1998-01-20T12:00:00Z,27.925,-15.575,NaN
1998-01-20T12:00:00Z,27.925,-15.525,NaN
1998-01-20T12:00:00Z,27.925,-15.475,NaN
1998-01-20T12:00:00Z,27.925,-15.425,NaN
1998-01-20T12:00:00Z,27.925,-15.375,0.0
1998-01-20T12:00:00Z,27.875,-15.625,NaN
1998-01-20T12:00:00Z,27.875,-15.575,NaN
1998-01-20T12:00:00Z,27.875,-15.525,NaN
1998-01-20T12:00:00Z,27.875,-15.475,NaN
1998-01-20T12:00:00Z,27.875,-15.425,NaN
1998-01-20T12:00:00Z,27.875,-15.375,0.0
1998-01-20T12:00:00Z,27.825,-15.625,NaN
1998-01-20T12:00:00Z,27.825,-15.575,NaN
1998-01-20T12:00:00Z,27.825,-15.525,NaN
1998-01-20T12:00:00Z,27.825,-15.475,NaN
1998-01-20T12:00:00Z,27.825,-15.425,0.0
1998-01-20T12:00:00Z,27.825,-15.375,0.0
1998-02-19T12:00:00Z,28.175,-15.625,0.0
1998-02-19T12:00:00Z,28.175,-15.575,0.0
1998-02-19T12:00:00Z,28.175,-15.525,0.0
1998-02-19T12:00:00Z,28.175,-15.475,0.0
1998-02-19T12:00:00Z,28.175,-15.425,0.0
1998-02-19T12:00:00Z,28.175,-15.375,0.0
1998-02-19T12:00:00Z,28.125,-15.625,0.0
1998-02-19T12:00:00Z,28.125,-15.575,0.0
1998-02-19T12:00:00Z,28.125,-15.525,0.0
1998-02-19T12:00:00Z,28.125,-15.475,0.0
1998-02-19T12:00:00Z,28.125,-15.425,0.0
1998-02-19T12:00:00Z,28.125,-15.375,0.0
1998-02-19T12:00:00Z,28.075,-15.625,NaN
1998-02-19T12:00:00Z,28.075,-15.575,NaN
1998-02-19T12:00:00Z,28.075,-15.525,NaN
1998-02-19T12:00:00Z,28.075,-15.475,0.0
1998-02-19T12:00:00Z,28.075,-15.425,0.0
1998-02-19T12:00:00Z,28.075,-15.375,0.0
1998-02-19T12:00:00Z,28.025,-15.625,NaN
1998-02-19T12:00:00Z,28.025,-15.575,NaN
1998-02-19T12:00:00Z,28.025,-15.525,NaN
1998-02-19T12:00:00Z,28.025,-15.475,NaN
1998-02-19T12:00:00Z,28.025,-15.425,0.0
1998-02-19T12:00:00Z,28.025,-15.375,0.0
1998-02-19T12:00:00Z,27.975,-15.625,NaN
1998-02-19T12:00:00Z,27.975,-15.575,NaN
1998-02-19T12:00:00Z,27.975,-15.525,NaN
1998-02-19T12:00:00Z,27.975,-15.475,NaN
1998-02-19T12:00:00Z,27.975,-15.425,NaN
1998-02-19T12:00:00Z,27.975,-15.375,0.0
1998-02-19T12:00:00Z,27.925,-15.625,NaN
1998-02-19T12:00:00Z,27.925,-15.575,NaN
1998-02-19T12:00:00Z,27.925,-15.525,NaN
1998-02-19T12:00:00Z,27.925,-15.475,NaN
1998-02-19T12:00:00Z,27.925,-15.425,NaN
1998-02-19T12:00:00Z,27.925,-15.375,0.0
1998-02-19T12:00:00Z,27.875,-15.625,NaN
1998-02-19T12:00:00Z,27.875,-15.575,NaN
1998-02-19T12:00:00Z,27.875,-15.525,NaN
1998-02-19T12:00:00Z,27.875,-15.475,NaN
1998-02-19T12:00:00Z,27.875,-15.425,NaN
1998-02-19T12:00:00Z,27.875,-15.375,0.0
1998-02-19T12:00:00Z,27.825,-15.625,NaN
1998-02-19T12:00:00Z,27.825,-15.575,NaN
1998-02-19T12:00:00Z,27.825,-15.525,NaN
1998-02-19T12:00:00Z,27.825,-15.475,NaN
1998-02-19T12:00:00Z,27.825,-15.425,0.0
1998-02-19T12:00:00Z,27.825,-15.375,0.0
1998-03-21T12:00:00Z,28.175,-15.625,0.0
1998-03-21T12:00:00Z,28.175,-15.575,0.0
1998-03-21T12:00:00Z,28.175,-15.525,0.0
1998-03-21T12:00:00Z,28.175,-15.475,0.0
1998-03-21T12:00:00Z,28.175,-15.425,0.0
1998-03-21T12:00:00Z,28.175,-15.375,0.0
1998-03-21T12:00:00Z,28.125,-15.625,0.0
1998-03-21T12:00:00Z,28.125,-15.575,0.0
1998-03-21T12:00:00Z,28.125,-15.525,0.0
1998-03-21T12:00:00Z,28.125,-15.475,0.0
1998-03-21T12:00:00Z,28.125,-15.425,0.0
1998-03-21T12:00:00Z,28.125,-15.375,0.0
1998-03-21T12:00:00Z,28.075,-15.625,NaN
1998-03-21T12:00:00Z,28.075,-15.575,NaN
1998-03-21T12:00:00Z,28.075,-15.525,NaN
1998-03-21T12:00:00Z,28.075,-15.475,0.0
1998-03-21T12:00:00Z,28.075,-15.425,0.0
1998-03-21T12:00:00Z,28.075,-15.375,0.0
1998-03-21T12:00:00Z,28.025,-15.625,NaN
1998-03-21T12:00:00Z,28.025,-15.575,NaN
1998-03-21T12:00:00Z,28.025,-15.525,NaN
1998-03-21T12:00:00Z,28.025,-15.475,NaN
1998-03-21T12:00:00Z,28.025,-15.425,0.0
1998-03-21T12:00:00Z,28.025,-15.375,0.0
1998-03-21T12:00:00Z,27.975,-15.625,NaN
1998-03-21T12:00:00Z,27.975,-15.575,NaN
1998-03-21T12:00:00Z,27.975,-15.525,NaN
1998-03-21T12:00:00Z,27.975,-15.475,NaN
1998-03-21T12:00:00Z,27.975,-15.425,NaN
1998-03-21T12:00:00Z,27.975,-15.375,0.0
1998-03-21T12:00:00Z,27.925,-15.625,NaN
1998-03-21T12:00:00Z,27.925,-15.575,NaN
1998-03-21T12:00:00Z,27.925,-15.525,NaN
1998-03-21T12:00:00Z,27.925,-15.475,NaN
1998-03-21T12:00:00Z,27.925,-15.425,NaN
1998-03-21T12:00:00Z,27.925,-15.375,0.0
1998-03-21T12:00:00Z,27.875,-15.625,NaN
1998-03-21T12:00:00Z,27.875,-15.575,NaN
1998-03-21T12:00:00Z,27.875,-15.525,NaN
1998-03-21T12:00:00Z,27.875,-15.475,NaN
1998-03-21T12:00:00Z,27.875,-15.425,NaN
1998-03-21T12:00:00Z,27.875,-15.375,0.0
1998-03-21T12:00:00Z,27.825,-15.625,NaN
1998-03-21T12:00:00Z,27.825,-15.575,NaN
1998-03-21T12:00:00Z,27.825,-15.525,NaN
1998-03-21T12:00:00Z,27.825,-15.475,NaN
1998-03-21T12:00:00Z,27.825,-15.425,0.0
1998-03-21T12:00:00Z,27.825,-15.375,0.0
1998-04-20T12:00:00Z,28.175,-15.625,0.0
1998-04-20T12:00:00Z,28.175,-15.575,0.0
1998-04-20T12:00:00Z,28.175,-15.525,0.0
1998-04-20T12:00:00Z,28.175,-15.475,0.0
1998-04-20T12:00:00Z,28.175,-15.425,0.0
1998-04-20T12:00:00Z,28.175,-15.375,0.0
1998-04-20T12:00:00Z,28.125,-15.625,0.0
1998-04-20T12:00:00Z,28.125,-15.575,0.0
1998-04-20T12:00:00Z,28.125,-15.525,0.0
1998-04-20T12:00:00Z,28.125,-15.475,0.0
1998-04-20T12:00:00Z,28.125,-15.425,0.0
1998-04-20T12:00:00Z,28.125,-15.375,0.0
1998-04-20T12:00:00Z,28.075,-15.625,NaN
1998-04-20T12:00:00Z,28.075,-15.575,NaN
1998-04-20T12:00:00Z,28.075,-15.525,NaN
1998-04-20T12:00:00Z,28.075,-15.475,0.0
1998-04-20T12:00:00Z,28.075,-15.425,0.0
1998-04-20T12:00:00Z,28.075,-15.375,0.0
1998-04-20T12:00:00Z,28.025,-15.625,NaN
1998-04-20T12:00:00Z,28.025,-15.575,NaN
1998-04-20T12:00:00Z,28.025,-15.525,NaN
1998-04-20T12:00:00Z,28.025,-15.475,NaN
1998-04-20T12:00:00Z,28.025,-15.425,0.0
1998-04-20T12:00:00Z,28.025,-15.375,0.0
1998-04-20T12:00:00Z,27.975,-15.625,NaN
1998-04-20T12:00:00Z,27.975,-15.575,NaN
1998-04-20T12:00:00Z,27.975,-15.525,NaN
1998-04-20T12:00:00Z,27.975,-15.475,NaN
1998-04-20T12:00:00Z,27.975,-15.425,NaN
1998-04-20T12:00:00Z,27.975,-15.375,0.0
1998-04-20T12:00:00Z,27.925,-15.625,NaN
1998-04-20T12:00:00Z,27.925,-15.575,NaN
1998-04-20T12:00:00Z,27.925,-15.525,NaN
1998-04-20T12:00:00Z,27.925,-15.475,NaN
1998-04-20T12:00:00Z,27.925,-15.425,NaN
1998-04-20T12:00:00Z,27.925,-15.375,0.0
1998-04-20T12:00:00Z,27.875,-15.625,NaN
1998-04-20T12:00:00Z,27.875,-15.575,NaN
1998-04-20T12:00:00Z,27.875,-15.525,NaN
1998-04-20T12:00:00Z,27.875,-15.475,NaN
1998-04-20T12:00:00Z,27.875,-15.425,NaN
1998-04-20T12:00:00Z,27.875,-15.375,0.0
1998-04-20T12:00:00Z,27.825,-15.625,NaN
1998-04-20T12:00:00Z,27.825,-15.575,NaN
1998-04-20T12:00:00Z,27.825,-15.525,NaN
1998-04-20T12:00:00Z,27.825,-15.475,NaN
1998-04-20T12:00:00Z,27.825,-15.425,0.0
1998-04-20T12:00:00Z,27.825,-15.375,0.0
1998-05-20T12:00:00Z,28.175,-15.625,0.0
1998-05-20T12:00:00Z,28.175,-15.575,0.0
1998-05-20T12:00:00Z,28.175,-15.525,0.0
1998-05-20T12:00:00Z,28.175,-15.475,0.0
1998-05-20T12:00:00Z,28.175,-15.425,0.0
1998-05-20T12:00:00Z,28.175,-15.375,0.0
1998-05-20T12:00:00Z,28.125,-15.625,0.0
1998-05-20T12:00:00Z,28.125,-15.575,0.0
1998-05-20T12:00:00Z,28.125,-15.525,0.0
1998-05-20T12:00:00Z,28.125,-15.475,0.0
1998-05-20T12:00:00Z,28.125,-15.425,0.0
1998-05-20T12:00:00Z,28.125,-15.375,0.0
1998-05-20T12:00:00Z,28.075,-15.625,NaN
1998-05-20T12:00:00Z,28.075,-15.575,NaN
1998-05-20T12:00:00Z,28.075,-15.525,NaN
1998-05-20T12:00:00Z,28.075,-15.475,0.0
1998-05-20T12:00:00Z,28.075,-15.425,0.0
1998-05-20T12:00:00Z,28.075,-15.375,0.0
1998-05-20T12:00:00Z,28.025,-15.625,NaN
1998-05-20T12:00:00Z,28.025,-15.575,NaN
1998-05-20T12:00:00Z,28.025,-15.525,NaN
1998-05-20T12:00:00Z,28.025,-15.475,NaN
1998-05-20T12:00:00Z,28.025,-15.425,0.0
1998-05-20T12:00:00Z,28.025,-15.375,0.0
1998-05-20T12:00:00Z,27.975,-15.625,NaN
1998-05-20T12:00:00Z,27.975,-15.575,NaN
1998-05-20T12:00:00Z,27.975,-15.525,NaN
1998-05-20T12:00:00Z,27.975,-15.475,NaN
1998-05-20T12:00:00Z,27.975,-15.425,NaN
1998-05-20T12:00:00Z,27.975,-15.375,0.0
1998-05-20T12:00:00Z,27.925,-15.625,NaN
1998-05-20T12:00:00Z,27.925,-15.575,NaN
1998-05-20T12:00:00Z,27.925,-15.525,NaN
1998-05-20T12:00:00Z,27.925,-15.475,NaN
1998-05-20T12:00:00Z,27.925,-15.425,NaN
1998-05-20T12:00:00Z,27.925,-15.375,0.0
1998-05-20T12:00:00Z,27.875,-15.625,NaN
1998-05-20T12:00:00Z,27.875,-15.575,NaN
1998-05-20T12:00:00Z,27.875,-15.525,NaN
1998-05-20T12:00:00Z,27.875,-15.475,NaN
1998-05-20T12:00:00Z,27.875,-15.425,NaN
1998-05-20T12:00:00Z,27.875,-15.375,0.0
1998-05-20T12:00:00Z,27.825,-15.625,NaN
1998-05-20T12:00:00Z,27.825,-15.575,NaN
1998-05-20T12:00:00Z,27.825,-15.525,NaN
1998-05-20T12:00:00Z,27.825,-15.475,NaN
1998-05-20T12:00:00Z,27.825,-15.425,0.0
1998-05-20T12:00:00Z,27.825,-15.375,0.0
1998-06-19T12:00:00Z,28.175,-15.625,0.0
1998-06-19T12:00:00Z,28.175,-15.575,0.0
1998-06-19T12:00:00Z,28.175,-15.525,0.0
1998-06-19T12:00:00Z,28.175,-15.475,0.0
1998-06-19T12:00:00Z,28.175,-15.425,0.0
1998-06-19T12:00:00Z,28.175,-15.375,0.0
1998-06-19T12:00:00Z,28.125,-15.625,0.0
1998-06-19T12:00:00Z,28.125,-15.575,0.0
1998-06-19T12:00:00Z,28.125,-15.525,0.0
1998-06-19T12:00:00Z,28.125,-15.475,0.0
1998-06-19T12:00:00Z,28.125,-15.425,0.0
1998-06-19T12:00:00Z,28.125,-15.375,0.0
1998-06-19T12:00:00Z,28.075,-15.625,NaN
1998-06-19T12:00:00Z,28.075,-15.575,NaN
1998-06-19T12:00:00Z,28.075,-15.525,NaN
1998-06-19T12:00:00Z,28.075,-15.475,0.0
1998-06-19T12:00:00Z,28.075,-15.425,0.0
1998-06-19T12:00:00Z,28.075,-15.375,0.0
1998-06-19T12:00:00Z,28.025,-15.625,NaN
1998-06-19T12:00:00Z,28.025,-15.575,NaN
1998-06-19T12:00:00Z,28.025,-15.525,NaN
1998-06-19T12:00:00Z,28.025,-15.475,NaN
1998-06-19T12:00:00Z,28.025,-15.425,0.0
1998-06-19T12:00:00Z,28.025,-15.375,0.0
1998-06-19T12:00:00Z,27.975,-15.625,NaN
1998-06-19T12:00:00Z,27.975,-15.575,NaN
1998-06-19T12:00:00Z,27.975,-15.525,NaN
1998-06-19T12:00:00Z,27.975,-15.475,NaN
1998-06-19T12:00:00Z,27.975,-15.425,NaN
1998-06-19T12:00:00Z,27.975,-15.375,0.0
1998-06-19T12:00:00Z,27.925,-15.625,NaN
1998-06-19T12:00:00Z,27.925,-15.575,NaN
1998-06-19T12:00:00Z,27.925,-15.525,NaN
1998-06-19T12:00:00Z,27.925,-15.475,NaN
1998-06-19T12:00:00Z,27.925,-15.425,NaN
1998-06-19T12:00:00Z,27.925,-15.375,0.0
1998-06-19T12:00:00Z,27.875,-15.625,NaN
1998-06-19T12:00:00Z,27.875,-15.575,NaN
1998-06-19T12:00:00Z,27.875,-15.525,NaN
1998-06-19T12:00:00Z,27.875,-15.475,NaN
1998-06-19T12:00:00Z,27.875,-15.425,NaN
1998-06-19T12:00:00Z,27.875,-15.375,0.0
1998-06-19T12:00:00Z,27.825,-15.625,NaN
1998-06-19T12:00:00Z,27.825,-15.575,NaN
1998-06-19T12:00:00Z,27.825,-15.525,NaN
1998-06-19T12:00:00Z,27.825,-15.475,NaN
1998-06-19T12:00:00Z,27.825,-15.425,0.0
1998-06-19T12:00:00Z,27.825,-15.375,0.0
1998-07-19T12:00:00Z,28.175,-15.625,0.0
1998-07-19T12:00:00Z,28.175,-15.575,0.0
1998-07-19T12:00:00Z,28.175,-15.525,0.0
1998-07-19T12:00:00Z,28.175,-15.475,0.0
1998-07-19T12:00:00Z,28.175,-15.425,0.0
1998-07-19T12:00:00Z,28.175,-15.375,0.0
1998-07-19T12:00:00Z,28.125,-15.625,0.0
1998-07-19T12:00:00Z,28.125,-15.575,0.0
1998-07-19T12:00:00Z,28.125,-15.525,0.0
1998-07-19T12:00:00Z,28.125,-15.475,0.0
1998-07-19T12:00:00Z,28.125,-15.425,0.0
1998-07-19T12:00:00Z,28.125,-15.375,0.0
1998-07-19T12:00:00Z,28.075,-15.625,NaN
1998-07-19T12:00:00Z,28.075,-15.575,NaN
1998-07-19T12:00:00Z,28.075,-15.525,NaN
1998-07-19T12:00:00Z,28.075,-15.475,0.0
1998-07-19T12:00:00Z,28.075,-15.425,0.0
1998-07-19T12:00:00Z,28.075,-15.375,0.0
1998-07-19T12:00:00Z,28.025,-15.625,NaN
1998-07-19T12:00:00Z,28.025,-15.575,NaN
1998-07-19T12:00:00Z,28.025,-15.525,NaN
1998-07-19T12:00:00Z,28.025,-15.475,NaN
1998-07-19T12:00:00Z,28.025,-15.425,0.0
1998-07-19T12:00:00Z,28.025,-15.375,0.0
1998-07-19T12:00:00Z,27.975,-15.625,NaN
1998-07-19T12:00:00Z,27.975,-15.575,NaN
1998-07-19T12:00:00Z,27.975,-15.525,NaN
1998-07-19T12:00:00Z,27.975,-15.475,NaN
1998-07-19T12:00:00Z,27.975,-15.425,NaN
1998-07-19T12:00:00Z,27.975,-15.375,0.0
1998-07-19T12:00:00Z,27.925,-15.625,NaN
1998-07-19T12:00:00Z,27.925,-15.575,NaN
1998-07-19T12:00:00Z,27.925,-15.525,NaN
1998-07-19T12:00:00Z,27.925,-15.475,NaN
1998-07-19T12:00:00Z,27.925,-15.425,NaN
1998-07-19T12:00:00Z,27.925,-15.375,0.0
1998-07-19T12:00:00Z,27.875,-15.625,NaN
1998-07-19T12:00:00Z,27.875,-15.575,NaN
1998-07-19T12:00:00Z,27.875,-15.525,NaN
1998-07-19T12:00:00Z,27.875,-15.475,NaN
1998-07-19T12:00:00Z,27.875,-15.425,NaN
1998-07-19T12:00:00Z,27.875,-15.375,0.0
1998-07-19T12:00:00Z,27.825,-15.625,NaN
1998-07-19T12:00:00Z,27.825,-15.575,NaN
1998-07-19T12:00:00Z,27.825,-15.525,NaN
1998-07-19T12:00:00Z,27.825,-15.475,NaN
1998-07-19T12:00:00Z,27.825,-15.425,0.0
1998-07-19T12:00:00Z,27.825,-15.375,0.0
1998-08-18T12:00:00Z,28.175,-15.625,0.0
1998-08-18T12:00:00Z,28.175,-15.575,0.0
1998-08-18T12:00:00Z,28.175,-15.525,0.0
1998-08-18T12:00:00Z,28.175,-15.475,0.0
1998-08-18T12:00:00Z,28.175,-15.425,0.0
1998-08-18T12:00:00Z,28.175,-15.375,0.0
1998-08-18T12:00:00Z,28.125,-15.625,0.0
1998-08-18T12:00:00Z,28.125,-15.575,0.0
1998-08-18T12:00:00Z,28.125,-15.525,0.0
1998-08-18T12:00:00Z,28.125,-15.475,0.0
1998-08-18T12:00:00Z,28.125,-15.425,0.0
1998-08-18T12:00:00Z,28.125,-15.375,0.0
1998-08-18T12:00:00Z,28.075,-15.625,NaN
1998-08-18T12:00:00Z,28.075,-15.575,NaN
1998-08-18T12:00:00Z,28.075,-15.525,NaN
1998-08-18T12:00:00Z,28.075,-15.475,0.0
1998-08-18T12:00:00Z,28.075,-15.425,0.0
1998-08-18T12:00:00Z,28.075,-15.375,0.0
1998-08-18T12:00:00Z,28.025,-15.625,NaN
1998-08-18T12:00:00Z,28.025,-15.575,NaN
1998-08-18T12:00:00Z,28.025,-15.525,NaN
1998-08-18T12:00:00Z,28.025,-15.475,NaN
1998-08-18T12:00:00Z,28.025,-15.425,0.0
1998-08-18T12:00:00Z,28.025,-15.375,0.0
1998-08-18T12:00:00Z,27.975,-15.625,NaN
1998-08-18T12:00:00Z,27.975,-15.575,NaN
1998-08-18T12:00:00Z,27.975,-15.525,NaN
1998-08-18T12:00:00Z,27.975,-15.475,NaN
1998-08-18T12:00:00Z,27.975,-15.425,NaN
1998-08-18T12:00:00Z,27.975,-15.375,0.0
1998-08-18T12:00:00Z,27.925,-15.625,NaN
1998-08-18T12:00:00Z,27.925,-15.575,NaN
1998-08-18T12:00:00Z,27.925,-15.525,NaN
1998-08-18T12:00:00Z,27.925,-15.475,NaN
1998-08-18T12:00:00Z,27.925,-15.425,NaN
1998-08-18T12:00:00Z,27.925,-15.375,0.0
1998-08-18T12:00:00Z,27.875,-15.625,NaN
1998-08-18T12:00:00Z,27.875,-15.575,NaN
1998-08-18T12:00:00Z,27.875,-15.525,NaN
1998-08-18T12:00:00Z,27.875,-15.475,NaN
1998-08-18T12:00:00Z,27.875,-15.425,NaN
1998-08-18T12:00:00Z,27.875,-15.375,0.0
1998-08-18T12:00:00Z,27.825,-15.625,NaN
1998-08-18T12:00:00Z,27.825,-15.575,NaN
1998-08-18T12:00:00Z,27.825,-15.525,NaN
1998-08-18T12:00:00Z,27.825,-15.475,NaN
1998-08-18T12:00:00Z,27.825,-15.425,0.0
1998-08-18T12:00:00Z,27.825,-15.375,0.0
1998-09-17T12:00:00Z,28.175,-15.625,0.0
1998-09-17T12:00:00Z,28.175,-15.575,0.0
1998-09-17T12:00:00Z,28.175,-15.525,0.0
1998-09-17T12:00:00Z,28.175,-15.475,0.0
1998-09-17T12:00:00Z,28.175,-15.425,0.0
1998-09-17T12:00:00Z,28.175,-15.375,0.0
1998-09-17T12:00:00Z,28.125,-15.625,0.0
1998-09-17T12:00:00Z,28.125,-15.575,0.0
1998-09-17T12:00:00Z,28.125,-15.525,0.0
1998-09-17T12:00:00Z,28.125,-15.475,0.0
1998-09-17T12:00:00Z,28.125,-15.425,0.0
1998-09-17T12:00:00Z,28.125,-15.375,0.0
1998-09-17T12:00:00Z,28.075,-15.625,NaN
1998-09-17T12:00:00Z,28.075,-15.575,NaN
1998-09-17T12:00:00Z,28.075,-15.525,NaN
1998-09-17T12:00:00Z,28.075,-15.475,0.0
1998-09-17T12:00:00Z,28.075,-15.425,0.0
1998-09-17T12:00:00Z,28.075,-15.375,0.0
1998-09-17T12:00:00Z,28.025,-15.625,NaN
1998-09-17T12:00:00Z,28.025,-15.575,NaN
1998-09-17T12:00:00Z,28.025,-15.525,NaN
1998-09-17T12:00:00Z,28.025,-15.475,NaN
1998-09-17T12:00:00Z,28.025,-15.425,0.0
1998-09-17T12:00:00Z,28.025,-15.375,0.0
1998-09-17T12:00:00Z,27.975,-15.625,NaN
1998-09-17T12:00:00Z,27.975,-15.575,NaN
1998-09-17T12:00:00Z,27.975,-15.525,NaN
1998-09-17T12:00:00Z,27.975,-15.475,NaN
1998-09-17T12:00:00Z,27.975,-15.425,NaN
1998-09-17T12:00:00Z,27.975,-15.375,0.0
1998-09-17T12:00:00Z,27.925,-15.625,NaN
1998-09-17T12:00:00Z,27.925,-15.575,NaN
1998-09-17T12:00:00Z,27.925,-15.525,NaN
1998-09-17T12:00:00Z,27.925,-15.475,NaN
1998-09-17T12:00:00Z,27.925,-15.425,NaN
1998-09-17T12:00:00Z,27.925,-15.375,0.0
1998-09-17T12:00:00Z,27.875,-15.625,NaN
1998-09-17T12:00:00Z,27.875,-15.575,NaN
1998-09-17T12:00:00Z,27.875,-15.525,NaN
1998-09-17T12:00:00Z,27.875,-15.475,NaN
1998-09-17T12:00:00Z,27.875,-15.425,NaN
1998-09-17T12:00:00Z,27.875,-15.375,0.0
1998-09-17T12:00:00Z,27.825,-15.625,NaN
1998-09-17T12:00:00Z,27.825,-15.575,NaN
1998-09-17T12:00:00Z,27.825,-15.525,NaN
1998-09-17T12:00:00Z,27.825,-15.475,NaN
1998-09-17T12:00:00Z,27.825,-15.425,0.0
1998-09-17T12:00:00Z,27.825,-15.375,0.0
1998-10-17T12:00:00Z,28.175,-15.625,0.0
1998-10-17T12:00:00Z,28.175,-15.575,0.0
1998-10-17T12:00:00Z,28.175,-15.525,0.0
1998-10-17T12:00:00Z,28.175,-15.475,0.0
1998-10-17T12:00:00Z,28.175,-15.425,0.0
1998-10-17T12:00:00Z,28.175,-15.375,0.0
1998-10-17T12:00:00Z,28.125,-15.625,0.0
1998-10-17T12:00:00Z,28.125,-15.575,0.0
1998-10-17T12:00:00Z,28.125,-15.525,0.0
1998-10-17T12:00:00Z,28.125,-15.475,0.0
1998-10-17T12:00:00Z,28.125,-15.425,0.0
1998-10-17T12:00:00Z,28.125,-15.375,0.0
1998-10-17T12:00:00Z,28.075,-15.625,NaN
1998-10-17T12:00:00Z,28.075,-15.575,NaN
1998-10-17T12:00:00Z,28.075,-15.525,NaN
1998-10-17T12:00:00Z,28.075,-15.475,0.0
1998-10-17T12:00:00Z,28.075,-15.425,0.0
1998-10-17T12:00:00Z,28.075,-15.375,0.0
1998-10-17T12:00:00Z,28.025,-15.625,NaN
1998-10-17T12:00:00Z,28.025,-15.575,NaN
1998-10-17T12:00:00Z,28.025,-15.525,NaN
1998-10-17T12:00:00Z,28.025,-15.475,NaN
1998-10-17T12:00:00Z,28.025,-15.425,0.0
1998-10-17T12:00:00Z,28.025,-15.375,0.0
1998-10-17T12:00:00Z,27.975,-15.625,NaN
1998-10-17T12:00:00Z,27.975,-15.575,NaN
1998-10-17T12:00:00Z,27.975,-15.525,NaN
1998-10-17T12:00:00Z,27.975,-15.475,NaN
1998-10-17T12:00:00Z,27.975,-15.425,NaN
1998-10-17T12:00:00Z,27.975,-15.375,0.0
1998-10-17T12:00:00Z,27.925,-15.625,NaN
1998-10-17T12:00:00Z,27.925,-15.575,NaN
1998-10-17T12:00:00Z,27.925,-15.525,NaN
1998-10-17T12:00:00Z,27.925,-15.475,NaN
1998-10-17T12:00:00Z,27.925,-15.425,NaN
1998-10-17T12:00:00Z,27.925,-15.375,0.0
1998-10-17T12:00:00Z,27.875,-15.625,NaN
1998-10-17T12:00:00Z,27.875,-15.575,NaN
1998-10-17T12:00:00Z,27.875,-15.525,NaN
1998-10-17T12:00:00Z,27.875,-15.475,NaN
1998-10-17T12:00:00Z,27.875,-15.425,NaN
1998-10-17T12:00:00Z,27.875,-15.375,0.0
1998-10-17T12:00:00Z,27.825,-15.625,NaN
1998-10-17T12:00:00Z,27.825,-15.575,NaN
1998-10-17T12:00:00Z,27.825,-15.525,NaN
1998-10-17T12:00:00Z,27.825,-15.475,NaN
1998-10-17T12:00:00Z,27.825,-15.425,0.0
1998-10-17T12:00:00Z,27.825,-15.375,0.0
1998-11-16T12:00:00Z,28.175,-15.625,0.0
1998-11-16T12:00:00Z,28.175,-15.575,0.0
1998-11-16T12:00:00Z,28.175,-15.525,0.0
1998-11-16T12:00:00Z,28.175,-15.475,0.0
1998-11-16T12:00:00Z,28.175,-15.425,0.0
1998-11-16T12:00:00Z,28.175,-15.375,0.0
1998-11-16T12:00:00Z,28.125,-15.625,0.0
1998-11-16T12:00:00Z,28.125,-15.575,0.0
1998-11-16T12:00:00Z,28.125,-15.525,0.0
1998-11-16T12:00:00Z,28.125,-15.475,0.0
1998-11-16T12:00:00Z,28.125,-15.425,0.0
1998-11-16T12:00:00Z,28.125,-15.375,0.0
1998-11-16T12:00:00Z,28.075,-15.625,NaN
1998-11-16T12:00:00Z,28.075,-15.575,NaN
1998-11-16T12:00:00Z,28.075,-15.525,NaN
1998-11-16T12:00:00Z,28.075,-15.475,0.0
1998-11-16T12:00:00Z,28.075,-15.425,0.0
1998-11-16T12:00:00Z,28.075,-15.375,0.0
1998-11-16T12:00:00Z,28.025,-15.625,NaN
1998-11-16T12:00:00Z,28.025,-15.575,NaN
1998-11-16T12:00:00Z,28.025,-15.525,NaN
1998-11-16T12:00:00Z,28.025,-15.475,NaN
1998-11-16T12:00:00Z,28.025,-15.425,0.0
1998-11-16T12:00:00Z,28.025,-15.375,0.0
1998-11-16T12:00:00Z,27.975,-15.625,NaN
1998-11-16T12:00:00Z,27.975,-15.575,NaN
1998-11-16T12:00:00Z,27.975,-15.525,NaN
1998-11-16T12:00:00Z,27.975,-15.475,NaN
1998-11-16T12:00:00Z,27.975,-15.425,NaN
1998-11-16T12:00:00Z,27.975,-15.375,0.0
1998-11-16T12:00:00Z,27.925,-15.625,NaN
1998-11-16T12:00:00Z,27.925,-15.575,NaN
1998-11-16T12:00:00Z,27.925,-15.525,NaN
1998-11-16T12:00:00Z,27.925,-15.475,NaN
1998-11-16T12:00:00Z,27.925,-15.425,NaN
1998-11-16T12:00:00Z,27.925,-15.375,0.0
1998-11-16T12:00:00Z,27.875,-15.625,NaN
1998-11-16T12:00:00Z,27.875,-15.575,NaN
1998-11-16T12:00:00Z,27.875,-15.525,NaN
1998-11-16T12:00:00Z,27.875,-15.475,NaN
1998-11-16T12:00:00Z,27.875,-15.425,NaN
1998-11-16T12:00:00Z,27.875,-15.375,0.0
1998-11-16T12:00:00Z,27.825,-15.625,NaN
1998-11-16T12:00:00Z,27.825,-15.575,NaN
1998-11-16T12:00:00Z,27.825,-15.525,NaN
1998-11-16T12:00:00Z,27.825,-15.475,NaN
1998-11-16T12:00:00Z,27.825,-15.425,0.0
1998-11-16T12:00:00Z,27.825,-15.375,0.0
1998-12-16T12:00:00Z,28.175,-15.625,0.0
1998-12-16T12:00:00Z,28.175,-15.575,0.0
1998-12-16T12:00:00Z,28.175,-15.525,0.0
1998-12-16T12:00:00Z,28.175,-15.475,0.0
1998-12-16T12:00:00Z,28.175,-15.425,0.0
1998-12-16T12:00:00Z,28.175,-15.375,0.0
1998-12-16T12:00:00Z,28.125,-15.625,0.0
1998-12-16T12:00:00Z,28.125,-15.575,0.0
1998-12-16T12:00:00Z,28.125,-15.525,0.0
1998-12-16T12:00:00Z,28.125,-15.475,0.0
1998-12-16T12:00:00Z,28.125,-15.425,0.0
1998-12-16T12:00:00Z,28.125,-15.375,0.0
1998-12-16T12:00:00Z,28.075,-15.625,NaN
1998-12-16T12:00:00Z,28.075,-15.575,NaN
1998-12-16T12:00:00Z,28.075,-15.525,NaN
1998-12-16T12:00:00Z,28.075,-15.475,0.0
1998-12-16T12:00:00Z,28.075,-15.425,0.0
1998-12-16T12:00:00Z,28.075,-15.375,0.0
1998-12-16T12:00:00Z,28.025,-15.625,NaN
1998-12-16T12:00:00Z,28.025,-15.575,NaN
1998-12-16T12:00:00Z,28.025,-15.525,NaN
1998-12-16T12:00:00Z,28.025,-15.475,NaN
1998-12-16T12:00:00Z,28.025,-15.425,0.0
1998-12-16T12:00:00Z,28.025,-15.375,0.0
1998-12-16T12:00:00Z,27.975,-15.625,NaN
1998-12-16T12:00:00Z,27.975,-15.575,NaN
1998-12-16T12:00:00Z,27.975,-15.525,NaN
1998-12-16T12:00:00Z,27.975,-15.475,NaN
1998-12-16T12:00:00Z,27.975,-15.425,NaN
1998-12-16T12:00:00Z,27.975,-15.375,0.0
1998-12-16T12:00:00Z,27.925,-15.625,NaN
1998-12-16T12:00:00Z,27.925,-15.575,NaN
1998-12-16T12:00:00Z,27.925,-15.525,NaN
1998-12-16T12:00:00Z,27.925,-15.475,NaN
1998-12-16T12:00:00Z,27.925,-15.425,NaN
1998-12-16T12:00:00Z,27.925,-15.375,0.0
1998-12-16T12:00:00Z,27.875,-15.625,NaN
1998-12-16T12:00:00Z,27.875,-15.575,NaN
1998-12-16T12:00:00Z,27.875,-15.525,NaN
1998-12-16T12:00:00Z,27.875,-15.475,NaN
1998-12-16T12:00:00Z,27.875,-15.425,NaN
1998-12-16T12:00:00Z,27.875,-15.375,0.0
1998-12-16T12:00:00Z,27.825,-15.625,NaN
1998-12-16T12:00:00Z,27.825,-15.575,NaN
1998-12-16T12:00:00Z,27.825,-15.525,NaN
1998-12-16T12:00:00Z,27.825,-15.475,NaN
1998-12-16T12:00:00Z,27.825,-15.425,0.0
1998-12-16T12:00:00Z,27.825,-15.375,0.0
1999-01-15T12:00:00Z,28.175,-15.625,0.0
1999-01-15T12:00:00Z,28.175,-15.575,0.0
1999-01-15T12:00:00Z,28.175,-15.525,0.0
1999-01-15T12:00:00Z,28.175,-15.475,0.0
1999-01-15T12:00:00Z,28.175,-15.425,0.0
1999-01-15T12:00:00Z,28.175,-15.375,0.0
1999-01-15T12:00:00Z,28.125,-15.625,0.0
1999-01-15T12:00:00Z,28.125,-15.575,0.0
1999-01-15T12:00:00Z,28.125,-15.525,0.0
1999-01-15T12:00:00Z,28.125,-15.475,0.0
1999-01-15T12:00:00Z,28.125,-15.425,0.0
1999-01-15T12:00:00Z,28.125,-15.375,0.0
1999-01-15T12:00:00Z,28.075,-15.625,NaN
1999-01-15T12:00:00Z,28.075,-15.575,NaN
1999-01-15T12:00:00Z,28.075,-15.525,NaN
1999-01-15T12:00:00Z,28.075,-15.475,0.0
1999-01-15T12:00:00Z,28.075,-15.425,0.0
1999-01-15T12:00:00Z,28.075,-15.375,0.0
1999-01-15T12:00:00Z,28.025,-15.625,NaN
1999-01-15T12:00:00Z,28.025,-15.575,NaN
1999-01-15T12:00:00Z,28.025,-15.525,NaN
1999-01-15T12:00:00Z,28.025,-15.475,NaN
1999-01-15T12:00:00Z,28.025,-15.425,0.0
1999-01-15T12:00:00Z,28.025,-15.375,0.0
1999-01-15T12:00:00Z,27.975,-15.625,NaN
1999-01-15T12:00:00Z,27.975,-15.575,NaN
1999-01-15T12:00:00Z,27.975,-15.525,NaN
1999-01-15T12:00:00Z,27.975,-15.475,NaN
1999-01-15T12:00:00Z,27.975,-15.425,NaN
1999-01-15T12:00:00Z,27.975,-15.375,0.0
1999-01-15T12:00:00Z,27.925,-15.625,NaN
1999-01-15T12:00:00Z,27.925,-15.575,NaN
1999-01-15T12:00:00Z,27.925,-15.525,NaN
1999-01-15T12:00:00Z,27.925,-15.475,NaN
1999-01-15T12:00:00Z,27.925,-15.425,NaN
1999-01-15T12:00:00Z,27.925,-15.375,0.0
1999-01-15T12:00:00Z,27.875,-15.625,NaN
1999-01-15T12:00:00Z,27.875,-15.575,NaN
1999-01-15T12:00:00Z,27.875,-15.525,NaN
1999-01-15T12:00:00Z,27.875,-15.475,NaN
1999-01-15T12:00:00Z,27.875,-15.425,NaN
1999-01-15T12:00:00Z,27.875,-15.375,0.0
1999-01-15T12:00:00Z,27.825,-15.625,NaN
1999-01-15T12:00:00Z,27.825,-15.575,NaN
1999-01-15T12:00:00Z,27.825,-15.525,NaN
1999-01-15T12:00:00Z,27.825,-15.475,NaN
1999-01-15T12:00:00Z,27.825,-15.425,0.0
1999-01-15T12:00:00Z,27.825,-15.375,0.0
1999-02-14T12:00:00Z,28.175,-15.625,0.0
1999-02-14T12:00:00Z,28.175,-15.575,0.0
1999-02-14T12:00:00Z,28.175,-15.525,0.0
1999-02-14T12:00:00Z,28.175,-15.475,0.0
1999-02-14T12:00:00Z,28.175,-15.425,0.0
1999-02-14T12:00:00Z,28.175,-15.375,0.0
1999-02-14T12:00:00Z,28.125,-15.625,0.0
1999-02-14T12:00:00Z,28.125,-15.575,0.0
1999-02-14T12:00:00Z,28.125,-15.525,0.0
1999-02-14T12:00:00Z,28.125,-15.475,0.0
1999-02-14T12:00:00Z,28.125,-15.425,0.0
1999-02-14T12:00:00Z,28.125,-15.375,0.0
1999-02-14T12:00:00Z,28.075,-15.625,NaN
1999-02-14T12:00:00Z,28.075,-15.575,NaN
1999-02-14T12:00:00Z,28.075,-15.525,NaN
1999-02-14T12:00:00Z,28.075,-15.475,0.0
1999-02-14T12:00:00Z,28.075,-15.425,0.0
1999-02-14T12:00:00Z,28.075,-15.375,0.0
1999-02-14T12:00:00Z,28.025,-15.625,NaN
1999-02-14T12:00:00Z,28.025,-15.575,NaN
1999-02-14T12:00:00Z,28.025,-15.525,NaN
1999-02-14T12:00:00Z,28.025,-15.475,NaN
1999-02-14T12:00:00Z,28.025,-15.425,0.0
1999-02-14T12:00:00Z,28.025,-15.375,0.0
1999-02-14T12:00:00Z,27.975,-15.625,NaN
1999-02-14T12:00:00Z,27.975,-15.575,NaN
1999-02-14T12:00:00Z,27.975,-15.525,NaN
1999-02-14T12:00:00Z,27.975,-15.475,NaN
1999-02-14T12:00:00Z,27.975,-15.425,NaN
1999-02-14T12:00:00Z,27.975,-15.375,0.0
1999-02-14T12:00:00Z,27.925,-15.625,NaN
1999-02-14T12:00:00Z,27.925,-15.575,NaN
1999-02-14T12:00:00Z,27.925,-15.525,NaN
1999-02-14T12:00:00Z,27.925,-15.475,NaN
1999-02-14T12:00:00Z,27.925,-15.425,NaN
1999-02-14T12:00:00Z,27.925,-15.375,0.0
1999-02-14T12:00:00Z,27.875,-15.625,NaN
1999-02-14T12:00:00Z,27.875,-15.575,NaN
1999-02-14T12:00:00Z,27.875,-15.525,NaN
1999-02-14T12:00:00Z,27.875,-15.475,NaN
1999-02-14T12:00:00Z,27.875,-15.425,NaN
1999-02-14T12:00:00Z,27.875,-15.375,0.0
1999-02-14T12:00:00Z,27.825,-15.625,NaN
1999-02-14T12:00:00Z,27.825,-15.575,NaN
1999-02-14T12:00:00Z,27.825,-15.525,NaN
1999-02-14T12:00:00Z,27.825,-15.475,NaN
1999-02-14T12:00:00Z,27.825,-15.425,0.0
1999-02-14T12:00:00Z,27.825,-15.375,0.0
1999-03-16T12:00:00Z,28.175,-15.625,0.0
1999-03-16T12:00:00Z,28.175,-15.575,0.0
1999-03-16T12:00:00Z,28.175,-15.525,0.0
1999-03-16T12:00:00Z,28.175,-15.475,0.0
1999-03-16T12:00:00Z,28.175,-15.425,0.0
1999-03-16T12:00:00Z,28.175,-15.375,0.0
1999-03-16T12:00:00Z,28.125,-15.625,0.0
1999-03-16T12:00:00Z,28.125,-15.575,0.0
1999-03-16T12:00:00Z,28.125,-15.525,0.0
1999-03-16T12:00:00Z,28.125,-15.475,0.0
1999-03-16T12:00:00Z,28.125,-15.425,0.0
1999-03-16T12:00:00Z,28.125,-15.375,0.0
1999-03-16T12:00:00Z,28.075,-15.625,NaN
1999-03-16T12:00:00Z,28.075,-15.575,NaN
1999-03-16T12:00:00Z,28.075,-15.525,NaN
1999-03-16T12:00:00Z,28.075,-15.475,0.0
1999-03-16T12:00:00Z,28.075,-15.425,0.0
1999-03-16T12:00:00Z,28.075,-15.375,0.0
1999-03-16T12:00:00Z,28.025,-15.625,NaN
1999-03-16T12:00:00Z,28.025,-15.575,NaN
1999-03-16T12:00:00Z,28.025,-15.525,NaN
1999-03-16T12:00:00Z,28.025,-15.475,NaN
1999-03-16T12:00:00Z,28.025,-15.425,0.0
1999-03-16T12:00:00Z,28.025,-15.375,0.0
1999-03-16T12:00:00Z,27.975,-15.625,NaN
1999-03-16T12:00:00Z,27.975,-15.575,NaN
1999-03-16T12:00:00Z,27.975,-15.525,NaN
1999-03-16T12:00:00Z,27.975,-15.475,NaN
1999-03-16T12:00:00Z,27.975,-15.425,NaN
1999-03-16T12:00:00Z,27.975,-15.375,0.0
1999-03-16T12:00:00Z,27.925,-15.625,NaN
1999-03-16T12:00:00Z,27.925,-15.575,NaN
1999-03-16T12:00:00Z,27.925,-15.525,NaN
1999-03-16T12:00:00Z,27.925,-15.475,NaN
1999-03-16T12:00:00Z,27.925,-15.425,NaN
1999-03-16T12:00:00Z,27.925,-15.375,0.0
1999-03-16T12:00:00Z,27.875,-15.625,NaN
1999-03-16T12:00:00Z,27.875,-15.575,NaN
1999-03-16T12:00:00Z,27.875,-15.525,NaN
1999-03-16T12:00:00Z,27.875,-15.475,NaN
1999-03-16T12:00:00Z,27.875,-15.425,NaN
1999-03-16T12:00:00Z,27.875,-15.375,0.0
1999-03-16T12:00:00Z,27.825,-15.625,NaN
1999-03-16T12:00:00Z,27.825,-15.575,NaN
1999-03-16T12:00:00Z,27.825,-15.525,NaN
1999-03-16T12:00:00Z,27.825,-15.475,NaN
1999-03-16T12:00:00Z,27.825,-15.425,0.0
1999-03-16T12:00:00Z,27.825,-15.375,0.0
1999-04-15T12:00:00Z,28.175,-15.625,0.0
1999-04-15T12:00:00Z,28.175,-15.575,0.0
1999-04-15T12:00:00Z,28.175,-15.525,0.0
1999-04-15T12:00:00Z,28.175,-15.475,0.0
1999-04-15T12:00:00Z,28.175,-15.425,0.0
1999-04-15T12:00:00Z,28.175,-15.375,0.0
1999-04-15T12:00:00Z,28.125,-15.625,0.0
1999-04-15T12:00:00Z,28.125,-15.575,0.0
1999-04-15T12:00:00Z,28.125,-15.525,0.0
1999-04-15T12:00:00Z,28.125,-15.475,0.0
1999-04-15T12:00:00Z,28.125,-15.425,0.0
1999-04-15T12:00:00Z,28.125,-15.375,0.0
1999-04-15T12:00:00Z,28.075,-15.625,NaN
1999-04-15T12:00:00Z,28.075,-15.575,NaN
1999-04-15T12:00:00Z,28.075,-15.525,NaN
1999-04-15T12:00:00Z,28.075,-15.475,0.0
1999-04-15T12:00:00Z,28.075,-15.425,0.0
1999-04-15T12:00:00Z,28.075,-15.375,0.0
1999-04-15T12:00:00Z,28.025,-15.625,NaN
1999-04-15T12:00:00Z,28.025,-15.575,NaN
1999-04-15T12:00:00Z,28.025,-15.525,NaN
1999-04-15T12:00:00Z,28.025,-15.475,NaN
1999-04-15T12:00:00Z,28.025,-15.425,0.0
1999-04-15T12:00:00Z,28.025,-15.375,0.0
1999-04-15T12:00:00Z,27.975,-15.625,NaN
1999-04-15T12:00:00Z,27.975,-15.575,NaN
1999-04-15T12:00:00Z,27.975,-15.525,NaN
1999-04-15T12:00:00Z,27.975,-15.475,NaN
1999-04-15T12:00:00Z,27.975,-15.425,NaN
1999-04-15T12:00:00Z,27.975,-15.375,0.0
1999-04-15T12:00:00Z,27.925,-15.625,NaN
1999-04-15T12:00:00Z,27.925,-15.575,NaN
1999-04-15T12:00:00Z,27.925,-15.525,NaN
1999-04-15T12:00:00Z,27.925,-15.475,NaN
1999-04-15T12:00:00Z,27.925,-15.425,NaN
1999-04-15T12:00:00Z,27.925,-15.375,0.0
1999-04-15T12:00:00Z,27.875,-15.625,NaN
1999-04-15T12:00:00Z,27.875,-15.575,NaN
1999-04-15T12:00:00Z,27.875,-15.525,NaN
1999-04-15T12:00:00Z,27.875,-15.475,NaN
1999-04-15T12:00:00Z,27.875,-15.425,NaN
1999-04-15T12:00:00Z,27.875,-15.375,0.0
1999-04-15T12:00:00Z,27.825,-15.625,NaN
1999-04-15T12:00:00Z,27.825,-15.575,NaN
1999-04-15T12:00:00Z,27.825,-15.525,NaN
1999-04-15T12:00:00Z,27.825,-15.475,NaN
1999-04-15T12:00:00Z,27.825,-15.425,0.0
1999-04-15T12:00:00Z,27.825,-15.375,0.0
1999-05-16T12:00:00Z,28.175,-15.625,0.0
1999-05-16T12:00:00Z,28.175,-15.575,0.0
1999-05-16T12:00:00Z,28.175,-15.525,0.0
1999-05-16T12:00:00Z,28.175,-15.475,0.0
1999-05-16T12:00:00Z,28.175,-15.425,0.0
1999-05-16T12:00:00Z,28.175,-15.375,0.0
1999-05-16T12:00:00Z,28.125,-15.625,0.0
1999-05-16T12:00:00Z,28.125,-15.575,0.0
1999-05-16T12:00:00Z,28.125,-15.525,0.0
1999-05-16T12:00:00Z,28.125,-15.475,0.0
1999-05-16T12:00:00Z,28.125,-15.425,0.0
1999-05-16T12:00:00Z,28.125,-15.375,0.0
1999-05-16T12:00:00Z,28.075,-15.625,NaN
1999-05-16T12:00:00Z,28.075,-15.575,NaN
1999-05-16T12:00:00Z,28.075,-15.525,NaN
1999-05-16T12:00:00Z,28.075,-15.475,0.0
1999-05-16T12:00:00Z,28.075,-15.425,0.0
1999-05-16T12:00:00Z,28.075,-15.375,0.0
1999-05-16T12:00:00Z,28.025,-15.625,NaN
1999-05-16T12:00:00Z,28.025,-15.575,NaN
1999-05-16T12:00:00Z,28.025,-15.525,NaN
1999-05-16T12:00:00Z,28.025,-15.475,NaN
1999-05-16T12:00:00Z,28.025,-15.425,0.0
1999-05-16T12:00:00Z,28.025,-15.375,0.0
1999-05-16T12:00:00Z,27.975,-15.625,NaN
1999-05-16T12:00:00Z,27.975,-15.575,NaN
1999-05-16T12:00:00Z,27.975,-15.525,NaN
1999-05-16T12:00:00Z,27.975,-15.475,NaN
1999-05-16T12:00:00Z,27.975,-15.425,NaN
1999-05-16T12:00:00Z,27.975,-15.375,0.0
1999-05-16T12:00:00Z,27.925,-15.625,NaN
1999-05-16T12:00:00Z,27.925,-15.575,NaN
1999-05-16T12:00:00Z,27.925,-15.525,NaN
1999-05-16T12:00:00Z,27.925,-15.475,NaN
1999-05-16T12:00:00Z,27.925,-15.425,NaN
1999-05-16T12:00:00Z,27.925,-15.375,0.0
1999-05-16T12:00:00Z,27.875,-15.625,NaN
1999-05-16T12:00:00Z,27.875,-15.575,NaN
1999-05-16T12:00:00Z,27.875,-15.525,NaN
1999-05-16T12:00:00Z,27.875,-15.475,NaN
1999-05-16T12:00:00Z,27.875,-15.425,NaN
1999-05-16T12:00:00Z,27.875,-15.375,0.0
1999-05-16T12:00:00Z,27.825,-15.625,NaN
1999-05-16T12:00:00Z,27.825,-15.575,NaN
1999-05-16T12:00:00Z,27.825,-15.525,NaN
1999-05-16T12:00:00Z,27.825,-15.475,NaN
1999-05-16T12:00:00Z,27.825,-15.425,0.0
1999-05-16T12:00:00Z,27.825,-15.375,0.0
1999-06-15T12:00:00Z,28.175,-15.625,0.0
1999-06-15T12:00:00Z,28.175,-15.575,0.0
1999-06-15T12:00:00Z,28.175,-15.525,0.0
1999-06-15T12:00:00Z,28.175,-15.475,0.0
1999-06-15T12:00:00Z,28.175,-15.425,0.0
1999-06-15T12:00:00Z,28.175,-15.375,0.0
1999-06-15T12:00:00Z,28.125,-15.625,0.0
1999-06-15T12:00:00Z,28.125,-15.575,0.0
1999-06-15T12:00:00Z,28.125,-15.525,0.0
1999-06-15T12:00:00Z,28.125,-15.475,0.0
1999-06-15T12:00:00Z,28.125,-15.425,0.0
1999-06-15T12:00:00Z,28.125,-15.375,0.0
1999-06-15T12:00:00Z,28.075,-15.625,NaN
1999-06-15T12:00:00Z,28.075,-15.575,NaN
1999-06-15T12:00:00Z,28.075,-15.525,NaN
1999-06-15T12:00:00Z,28.075,-15.475,0.0
1999-06-15T12:00:00Z,28.075,-15.425,0.0
1999-06-15T12:00:00Z,28.075,-15.375,0.0
1999-06-15T12:00:00Z,28.025,-15.625,NaN
1999-06-15T12:00:00Z,28.025,-15.575,NaN
1999-06-15T12:00:00Z,28.025,-15.525,NaN
1999-06-15T12:00:00Z,28.025,-15.475,NaN
1999-06-15T12:00:00Z,28.025,-15.425,0.0
1999-06-15T12:00:00Z,28.025,-15.375,0.0
1999-06-15T12:00:00Z,27.975,-15.625,NaN
1999-06-15T12:00:00Z,27.975,-15.575,NaN
1999-06-15T12:00:00Z,27.975,-15.525,NaN
1999-06-15T12:00:00Z,27.975,-15.475,NaN
1999-06-15T12:00:00Z,27.975,-15.425,NaN
1999-06-15T12:00:00Z,27.975,-15.375,0.0
1999-06-15T12:00:00Z,27.925,-15.625,NaN
1999-06-15T12:00:00Z,27.925,-15.575,NaN
1999-06-15T12:00:00Z,27.925,-15.525,NaN
1999-06-15T12:00:00Z,27.925,-15.475,NaN
1999-06-15T12:00:00Z,27.925,-15.425,NaN
1999-06-15T12:00:00Z,27.925,-15.375,0.0
1999-06-15T12:00:00Z,27.875,-15.625,NaN
1999-06-15T12:00:00Z,27.875,-15.575,NaN
1999-06-15T12:00:00Z,27.875,-15.525,NaN
1999-06-15T12:00:00Z,27.875,-15.475,NaN
1999-06-15T12:00:00Z,27.875,-15.425,NaN
1999-06-15T12:00:00Z,27.875,-15.375,0.0
1999-06-15T12:00:00Z,27.825,-15.625,NaN
1999-06-15T12:00:00Z,27.825,-15.575,NaN
1999-06-15T12:00:00Z,27.825,-15.525,NaN
1999-06-15T12:00:00Z,27.825,-15.475,NaN
1999-06-15T12:00:00Z,27.825,-15.425,0.0
1999-06-15T12:00:00Z,27.825,-15.375,0.0
1999-07-15T12:00:00Z,28.175,-15.625,0.0
1999-07-15T12:00:00Z,28.175,-15.575,0.0
1999-07-15T12:00:00Z,28.175,-15.525,0.0
1999-07-15T12:00:00Z,28.175,-15.475,0.0
1999-07-15T12:00:00Z,28.175,-15.425,0.0
1999-07-15T12:00:00Z,28.175,-15.375,0.0
1999-07-15T12:00:00Z,28.125,-15.625,0.0
1999-07-15T12:00:00Z,28.125,-15.575,0.0
1999-07-15T12:00:00Z,28.125,-15.525,0.0
1999-07-15T12:00:00Z,28.125,-15.475,0.0
1999-07-15T12:00:00Z,28.125,-15.425,0.0
1999-07-15T12:00:00Z,28.125,-15.375,0.0
1999-07-15T12:00:00Z,28.075,-15.625,NaN
1999-07-15T12:00:00Z,28.075,-15.575,NaN
1999-07-15T12:00:00Z,28.075,-15.525,NaN
1999-07-15T12:00:00Z,28.075,-15.475,0.0
1999-07-15T12:00:00Z,28.075,-15.425,0.0
1999-07-15T12:00:00Z,28.075,-15.375,0.0
1999-07-15T12:00:00Z,28.025,-15.625,NaN
1999-07-15T12:00:00Z,28.025,-15.575,NaN
1999-07-15T12:00:00Z,28.025,-15.525,NaN
1999-07-15T12:00:00Z,28.025,-15.475,NaN
1999-07-15T12:00:00Z,28.025,-15.425,0.0
1999-07-15T12:00:00Z,28.025,-15.375,0.0
1999-07-15T12:00:00Z,27.975,-15.625,NaN
1999-07-15T12:00:00Z,27.975,-15.575,NaN
1999-07-15T12:00:00Z,27.975,-15.525,NaN
1999-07-15T12:00:00Z,27.975,-15.475,NaN
1999-07-15T12:00:00Z,27.975,-15.425,NaN
1999-07-15T12:00:00Z,27.975,-15.375,0.0
1999-07-15T12:00:00Z,27.925,-15.625,NaN
1999-07-15T12:00:00Z,27.925,-15.575,NaN
1999-07-15T12:00:00Z,27.925,-15.525,NaN
1999-07-15T12:00:00Z,27.925,-15.475,NaN
1999-07-15T12:00:00Z,27.925,-15.425,NaN
1999-07-15T12:00:00Z,27.925,-15.375,0.0
1999-07-15T12:00:00Z,27.875,-15.625,NaN
1999-07-15T12:00:00Z,27.875,-15.575,NaN
1999-07-15T12:00:00Z,27.875,-15.525,NaN
1999-07-15T12:00:00Z,27.875,-15.475,NaN
1999-07-15T12:00:00Z,27.875,-15.425,NaN
1999-07-15T12:00:00Z,27.875,-15.375,0.0
1999-07-15T12:00:00Z,27.825,-15.625,NaN
1999-07-15T12:00:00Z,27.825,-15.575,NaN
1999-07-15T12:00:00Z,27.825,-15.525,NaN
1999-07-15T12:00:00Z,27.825,-15.475,NaN
1999-07-15T12:00:00Z,27.825,-15.425,0.0
1999-07-15T12:00:00Z,27.825,-15.375,0.0
1999-08-14T12:00:00Z,28.175,-15.625,0.0
1999-08-14T12:00:00Z,28.175,-15.575,0.0
1999-08-14T12:00:00Z,28.175,-15.525,0.0
1999-08-14T12:00:00Z,28.175,-15.475,0.0
1999-08-14T12:00:00Z,28.175,-15.425,0.0
1999-08-14T12:00:00Z,28.175,-15.375,0.0
1999-08-14T12:00:00Z,28.125,-15.625,0.0
1999-08-14T12:00:00Z,28.125,-15.575,0.0
1999-08-14T12:00:00Z,28.125,-15.525,0.0
1999-08-14T12:00:00Z,28.125,-15.475,0.0
1999-08-14T12:00:00Z,28.125,-15.425,0.0
1999-08-14T12:00:00Z,28.125,-15.375,0.0
1999-08-14T12:00:00Z,28.075,-15.625,NaN
1999-08-14T12:00:00Z,28.075,-15.575,NaN
1999-08-14T12:00:00Z,28.075,-15.525,NaN
1999-08-14T12:00:00Z,28.075,-15.475,0.0
1999-08-14T12:00:00Z,28.075,-15.425,0.0
1999-08-14T12:00:00Z,28.075,-15.375,0.0
1999-08-14T12:00:00Z,28.025,-15.625,NaN
1999-08-14T12:00:00Z,28.025,-15.575,NaN
1999-08-14T12:00:00Z,28.025,-15.525,NaN
1999-08-14T12:00:00Z,28.025,-15.475,NaN
1999-08-14T12:00:00Z,28.025,-15.425,0.0
1999-08-14T12:00:00Z,28.025,-15.375,0.0
1999-08-14T12:00:00Z,27.975,-15.625,NaN
1999-08-14T12:00:00Z,27.975,-15.575,NaN
1999-08-14T12:00:00Z,27.975,-15.525,NaN
1999-08-14T12:00:00Z,27.975,-15.475,NaN
1999-08-14T12:00:00Z,27.975,-15.425,NaN
1999-08-14T12:00:00Z,27.975,-15.375,0.0
1999-08-14T12:00:00Z,27.925,-15.625,NaN
1999-08-14T12:00:00Z,27.925,-15.575,NaN
1999-08-14T12:00:00Z,27.925,-15.525,NaN
1999-08-14T12:00:00Z,27.925,-15.475,NaN
1999-08-14T12:00:00Z,27.925,-15.425,NaN
1999-08-14T12:00:00Z,27.925,-15.375,0.0
1999-08-14T12:00:00Z,27.875,-15.625,NaN
1999-08-14T12:00:00Z,27.875,-15.575,NaN
1999-08-14T12:00:00Z,27.875,-15.525,NaN
1999-08-14T12:00:00Z,27.875,-15.475,NaN
1999-08-14T12:00:00Z,27.875,-15.425,NaN
1999-08-14T12:00:00Z,27.875,-15.375,0.0
1999-08-14T12:00:00Z,27.825,-15.625,NaN
1999-08-14T12:00:00Z,27.825,-15.575,NaN
1999-08-14T12:00:00Z,27.825,-15.525,NaN
1999-08-14T12:00:00Z,27.825,-15.475,NaN
1999-08-14T12:00:00Z,27.825,-15.425,0.0
1999-08-14T12:00:00Z,27.825,-15.375,0.0
1999-09-13T12:00:00Z,28.175,-15.625,0.0
1999-09-13T12:00:00Z,28.175,-15.575,0.0
1999-09-13T12:00:00Z,28.175,-15.525,0.0
1999-09-13T12:00:00Z,28.175,-15.475,0.0
1999-09-13T12:00:00Z,28.175,-15.425,0.0
1999-09-13T12:00:00Z,28.175,-15.375,0.0
1999-09-13T12:00:00Z,28.125,-15.625,0.0
1999-09-13T12:00:00Z,28.125,-15.575,0.0
1999-09-13T12:00:00Z,28.125,-15.525,0.0
1999-09-13T12:00:00Z,28.125,-15.475,0.0
1999-09-13T12:00:00Z,28.125,-15.425,0.0
1999-09-13T12:00:00Z,28.125,-15.375,0.0
1999-09-13T12:00:00Z,28.075,-15.625,NaN
1999-09-13T12:00:00Z,28.075,-15.575,NaN
1999-09-13T12:00:00Z,28.075,-15.525,NaN
1999-09-13T12:00:00Z,28.075,-15.475,0.0
1999-09-13T12:00:00Z,28.075,-15.425,0.0
1999-09-13T12:00:00Z,28.075,-15.375,0.0
1999-09-13T12:00:00Z,28.025,-15.625,NaN
1999-09-13T12:00:00Z,28.025,-15.575,NaN
1999-09-13T12:00:00Z,28.025,-15.525,NaN
1999-09-13T12:00:00Z,28.025,-15.475,NaN
1999-09-13T12:00:00Z,28.025,-15.425,0.0
1999-09-13T12:00:00Z,28.025,-15.375,0.0
1999-09-13T12:00:00Z,27.975,-15.625,NaN
1999-09-13T12:00:00Z,27.975,-15.575,NaN
1999-09-13T12:00:00Z,27.975,-15.525,NaN
1999-09-13T12:00:00Z,27.975,-15.475,NaN
1999-09-13T12:00:00Z,27.975,-15.425,NaN
1999-09-13T12:00:00Z,27.975,-15.375,0.0
1999-09-13T12:00:00Z,27.925,-15.625,NaN
1999-09-13T12:00:00Z,27.925,-15.575,NaN
1999-09-13T12:00:00Z,27.925,-15.525,NaN
1999-09-13T12:00:00Z,27.925,-15.475,NaN
1999-09-13T12:00:00Z,27.925,-15.425,NaN
1999-09-13T12:00:00Z,27.925,-15.375,0.0
1999-09-13T12:00:00Z,27.875,-15.625,NaN
1999-09-13T12:00:00Z,27.875,-15.575,NaN
1999-09-13T12:00:00Z,27.875,-15.525,NaN
1999-09-13T12:00:00Z,27.875,-15.475,NaN
1999-09-13T12:00:00Z,27.875,-15.425,NaN
1999-09-13T12:00:00Z,27.875,-15.375,0.0
1999-09-13T12:00:00Z,27.825,-15.625,NaN
1999-09-13T12:00:00Z,27.825,-15.575,NaN
1999-09-13T12:00:00Z,27.825,-15.525,NaN
1999-09-13T12:00:00Z,27.825,-15.475,NaN
1999-09-13T12:00:00Z,27.825,-15.425,0.0
1999-09-13T12:00:00Z,27.825,-15.375,0.0
1999-10-13T12:00:00Z,28.175,-15.625,0.0
1999-10-13T12:00:00Z,28.175,-15.575,0.0
1999-10-13T12:00:00Z,28.175,-15.525,0.0
1999-10-13T12:00:00Z,28.175,-15.475,0.0
1999-10-13T12:00:00Z,28.175,-15.425,0.0
1999-10-13T12:00:00Z,28.175,-15.375,0.0
1999-10-13T12:00:00Z,28.125,-15.625,0.0
1999-10-13T12:00:00Z,28.125,-15.575,0.0
1999-10-13T12:00:00Z,28.125,-15.525,0.0
1999-10-13T12:00:00Z,28.125,-15.475,0.0
1999-10-13T12:00:00Z,28.125,-15.425,0.0
1999-10-13T12:00:00Z,28.125,-15.375,0.0
1999-10-13T12:00:00Z,28.075,-15.625,NaN
1999-10-13T12:00:00Z,28.075,-15.575,NaN
1999-10-13T12:00:00Z,28.075,-15.525,NaN
1999-10-13T12:00:00Z,28.075,-15.475,0.0
1999-10-13T12:00:00Z,28.075,-15.425,0.0
1999-10-13T12:00:00Z,28.075,-15.375,0.0
1999-10-13T12:00:00Z,28.025,-15.625,NaN
1999-10-13T12:00:00Z,28.025,-15.575,NaN
1999-10-13T12:00:00Z,28.025,-15.525,NaN
1999-10-13T12:00:00Z,28.025,-15.475,NaN
1999-10-13T12:00:00Z,28.025,-15.425,0.0
1999-10-13T12:00:00Z,28.025,-15.375,0.0
1999-10-13T12:00:00Z,27.975,-15.625,NaN
1999-10-13T12:00:00Z,27.975,-15.575,NaN
1999-10-13T12:00:00Z,27.975,-15.525,NaN
1999-10-13T12:00:00Z,27.975,-15.475,NaN
1999-10-13T12:00:00Z,27.975,-15.425,NaN
1999-10-13T12:00:00Z,27.975,-15.375,0.0
1999-10-13T12:00:00Z,27.925,-15.625,NaN
1999-10-13T12:00:00Z,27.925,-15.575,NaN
1999-10-13T12:00:00Z,27.925,-15.525,NaN
1999-10-13T12:00:00Z,27.925,-15.475,NaN
1999-10-13T12:00:00Z,27.925,-15.425,NaN
1999-10-13T12:00:00Z,27.925,-15.375,0.0
1999-10-13T12:00:00Z,27.875,-15.625,NaN
1999-10-13T12:00:00Z,27.875,-15.575,NaN
1999-10-13T12:00:00Z,27.875,-15.525,NaN
1999-10-13T12:00:00Z,27.875,-15.475,NaN
1999-10-13T12:00:00Z,27.875,-15.425,NaN
1999-10-13T12:00:00Z,27.875,-15.375,0.0
1999-10-13T12:00:00Z,27.825,-15.625,NaN
1999-10-13T12:00:00Z,27.825,-15.575,NaN
1999-10-13T12:00:00Z,27.825,-15.525,NaN
1999-10-13T12:00:00Z,27.825,-15.475,NaN
1999-10-13T12:00:00Z,27.825,-15.425,0.0
1999-10-13T12:00:00Z,27.825,-15.375,0.0
1999-11-12T12:00:00Z,28.175,-15.625,0.0
1999-11-12T12:00:00Z,28.175,-15.575,0.0
1999-11-12T12:00:00Z,28.175,-15.525,0.0
1999-11-12T12:00:00Z,28.175,-15.475,0.0
1999-11-12T12:00:00Z,28.175,-15.425,0.0
1999-11-12T12:00:00Z,28.175,-15.375,0.0
1999-11-12T12:00:00Z,28.125,-15.625,0.0
1999-11-12T12:00:00Z,28.125,-15.575,0.0
1999-11-12T12:00:00Z,28.125,-15.525,0.0
1999-11-12T12:00:00Z,28.125,-15.475,0.0
1999-11-12T12:00:00Z,28.125,-15.425,0.0
1999-11-12T12:00:00Z,28.125,-15.375,0.0
1999-11-12T12:00:00Z,28.075,-15.625,NaN
1999-11-12T12:00:00Z,28.075,-15.575,NaN
1999-11-12T12:00:00Z,28.075,-15.525,NaN
1999-11-12T12:00:00Z,28.075,-15.475,0.0
1999-11-12T12:00:00Z,28.075,-15.425,0.0
1999-11-12T12:00:00Z,28.075,-15.375,0.0
1999-11-12T12:00:00Z,28.025,-15.625,NaN
1999-11-12T12:00:00Z,28.025,-15.575,NaN
1999-11-12T12:00:00Z,28.025,-15.525,NaN
1999-11-12T12:00:00Z,28.025,-15.475,NaN
1999-11-12T12:00:00Z,28.025,-15.425,0.0
1999-11-12T12:00:00Z,28.025,-15.375,0.0
1999-11-12T12:00:00Z,27.975,-15.625,NaN
1999-11-12T12:00:00Z,27.975,-15.575,NaN
1999-11-12T12:00:00Z,27.975,-15.525,NaN
1999-11-12T12:00:00Z,27.975,-15.475,NaN
1999-11-12T12:00:00Z,27.975,-15.425,NaN
1999-11-12T12:00:00Z,27.975,-15.375,0.0
1999-11-12T12:00:00Z,27.925,-15.625,NaN
1999-11-12T12:00:00Z,27.925,-15.575,NaN
1999-11-12T12:00:00Z,27.925,-15.525,NaN
1999-11-12T12:00:00Z,27.925,-15.475,NaN
1999-11-12T12:00:00Z,27.925,-15.425,NaN
1999-11-12T12:00:00Z,27.925,-15.375,0.0
1999-11-12T12:00:00Z,27.875,-15.625,NaN
1999-11-12T12:00:00Z,27.875,-15.575,NaN
1999-11-12T12:00:00Z,27.875,-15.525,NaN
1999-11-12T12:00:00Z,27.875,-15.475,NaN
1999-11-12T12:00:00Z,27.875,-15.425,NaN
1999-11-12T12:00:00Z,27.875,-15.375,0.0
1999-11-12T12:00:00Z,27.825,-15.625,NaN
1999-11-12T12:00:00Z,27.825,-15.575,NaN
1999-11-12T12:00:00Z,27.825,-15.525,NaN
1999-11-12T12:00:00Z,27.825,-15.475,NaN
1999-11-12T12:00:00Z,27.825,-15.425,0.0
1999-11-12T12:00:00Z,27.825,-15.375,0.0
1999-12-12T12:00:00Z,28.175,-15.625,0.0
1999-12-12T12:00:00Z,28.175,-15.575,0.0
1999-12-12T12:00:00Z,28.175,-15.525,0.0
1999-12-12T12:00:00Z,28.175,-15.475,0.0
1999-12-12T12:00:00Z,28.175,-15.425,0.0
1999-12-12T12:00:00Z,28.175,-15.375,0.0
1999-12-12T12:00:00Z,28.125,-15.625,0.0
1999-12-12T12:00:00Z,28.125,-15.575,0.0
1999-12-12T12:00:00Z,28.125,-15.525,0.0
1999-12-12T12:00:00Z,28.125,-15.475,0.0
1999-12-12T12:00:00Z,28.125,-15.425,0.0
1999-12-12T12:00:00Z,28.125,-15.375,0.0
1999-12-12T12:00:00Z,28.075,-15.625,NaN
1999-12-12T12:00:00Z,28.075,-15.575,NaN
1999-12-12T12:00:00Z,28.075,-15.525,NaN
1999-12-12T12:00:00Z,28.075,-15.475,0.0
1999-12-12T12:00:00Z,28.075,-15.425,0.0
1999-12-12T12:00:00Z,28.075,-15.375,0.0
1999-12-12T12:00:00Z,28.025,-15.625,NaN
1999-12-12T12:00:00Z,28.025,-15.575,NaN
1999-12-12T12:00:00Z,28.025,-15.525,NaN
1999-12-12T12:00:00Z,28.025,-15.475,NaN
1999-12-12T12:00:00Z,28.025,-15.425,0.0
1999-12-12T12:00:00Z,28.025,-15.375,0.0
1999-12-12T12:00:00Z,27.975,-15.625,NaN
1999-12-12T12:00:00Z,27.975,-15.575,NaN
1999-12-12T12:00:00Z,27.975,-15.525,NaN
1999-12-12T12:00:00Z,27.975,-15.475,NaN
1999-12-12T12:00:00Z,27.975,-15.425,NaN
1999-12-12T12:00:00Z,27.975,-15.375,0.0
1999-12-12T12:00:00Z,27.925,-15.625,NaN
1999-12-12T12:00:00Z,27.925,-15.575,NaN
1999-12-12T12:00:00Z,27.925,-15.525,NaN
1999-12-12T12:00:00Z,27.925,-15.475,NaN
1999-12-12T12:00:00Z,27.925,-15.425,NaN
1999-12-12T12:00:00Z,27.925,-15.375,0.0
1999-12-12T12:00:00Z,27.875,-15.625,NaN
1999-12-12T12:00:00Z,27.875,-15.575,NaN
1999-12-12T12:00:00Z,27.875,-15.525,NaN
1999-12-12T12:00:00Z,27.875,-15.475,NaN
1999-12-12T12:00:00Z,27.875,-15.425,NaN
1999-12-12T12:00:00Z,27.875,-15.375,0.0
1999-12-12T12:00:00Z,27.825,-15.625,NaN
1999-12-12T12:00:00Z,27.825,-15.575,NaN
1999-12-12T12:00:00Z,27.825,-15.525,NaN
1999-12-12T12:00:00Z,27.825,-15.475,NaN
1999-12-12T12:00:00Z,27.825,-15.425,0.0
1999-12-12T12:00:00Z,27.825,-15.375,0.0
2000-01-11T12:00:00Z,28.175,-15.625,0.0
2000-01-11T12:00:00Z,28.175,-15.575,0.0
2000-01-11T12:00:00Z,28.175,-15.525,0.0
2000-01-11T12:00:00Z,28.175,-15.475,0.0
2000-01-11T12:00:00Z,28.175,-15.425,0.0
2000-01-11T12:00:00Z,28.175,-15.375,0.0
2000-01-11T12:00:00Z,28.125,-15.625,0.0
2000-01-11T12:00:00Z,28.125,-15.575,0.0
2000-01-11T12:00:00Z,28.125,-15.525,0.0
2000-01-11T12:00:00Z,28.125,-15.475,0.0
2000-01-11T12:00:00Z,28.125,-15.425,0.0
2000-01-11T12:00:00Z,28.125,-15.375,0.0
2000-01-11T12:00:00Z,28.075,-15.625,NaN
2000-01-11T12:00:00Z,28.075,-15.575,NaN
2000-01-11T12:00:00Z,28.075,-15.525,NaN
2000-01-11T12:00:00Z,28.075,-15.475,0.0
2000-01-11T12:00:00Z,28.075,-15.425,0.0
2000-01-11T12:00:00Z,28.075,-15.375,0.0
2000-01-11T12:00:00Z,28.025,-15.625,NaN
2000-01-11T12:00:00Z,28.025,-15.575,NaN
2000-01-11T12:00:00Z,28.025,-15.525,NaN
2000-01-11T12:00:00Z,28.025,-15.475,NaN
2000-01-11T12:00:00Z,28.025,-15.425,0.0
2000-01-11T12:00:00Z,28.025,-15.375,0.0
2000-01-11T12:00:00Z,27.975,-15.625,NaN
2000-01-11T12:00:00Z,27.975,-15.575,NaN
2000-01-11T12:00:00Z,27.975,-15.525,NaN
2000-01-11T12:00:00Z,27.975,-15.475,NaN
2000-01-11T12:00:00Z,27.975,-15.425,NaN
2000-01-11T12:00:00Z,27.975,-15.375,0.0
2000-01-11T12:00:00Z,27.925,-15.625,NaN
2000-01-11T12:00:00Z,27.925,-15.575,NaN
2000-01-11T12:00:00Z,27.925,-15.525,NaN
2000-01-11T12:00:00Z,27.925,-15.475,NaN
2000-01-11T12:00:00Z,27.925,-15.425,NaN
2000-01-11T12:00:00Z,27.925,-15.375,0.0
2000-01-11T12:00:00Z,27.875,-15.625,NaN
2000-01-11T12:00:00Z,27.875,-15.575,NaN
2000-01-11T12:00:00Z,27.875,-15.525,NaN
2000-01-11T12:00:00Z,27.875,-15.475,NaN
2000-01-11T12:00:00Z,27.875,-15.425,NaN
2000-01-11T12:00:00Z,27.875,-15.375,0.0
2000-01-11T12:00:00Z,27.825,-15.625,NaN
2000-01-11T12:00:00Z,27.825,-15.575,NaN
2000-01-11T12:00:00Z,27.825,-15.525,NaN
2000-01-11T12:00:00Z,27.825,-15.475,NaN
2000-01-11T12:00:00Z,27.825,-15.425,0.0
2000-01-11T12:00:00Z,27.825,-15.375,0.0
2000-02-10T12:00:00Z,28.175,-15.625,0.0
2000-02-10T12:00:00Z,28.175,-15.575,0.0
2000-02-10T12:00:00Z,28.175,-15.525,0.0
2000-02-10T12:00:00Z,28.175,-15.475,0.0
2000-02-10T12:00:00Z,28.175,-15.425,0.0
2000-02-10T12:00:00Z,28.175,-15.375,0.0
2000-02-10T12:00:00Z,28.125,-15.625,0.0
2000-02-10T12:00:00Z,28.125,-15.575,0.0
2000-02-10T12:00:00Z,28.125,-15.525,0.0
2000-02-10T12:00:00Z,28.125,-15.475,0.0
2000-02-10T12:00:00Z,28.125,-15.425,0.0
2000-02-10T12:00:00Z,28.125,-15.375,0.0
2000-02-10T12:00:00Z,28.075,-15.625,NaN
2000-02-10T12:00:00Z,28.075,-15.575,NaN
2000-02-10T12:00:00Z,28.075,-15.525,NaN
2000-02-10T12:00:00Z,28.075,-15.475,0.0
2000-02-10T12:00:00Z,28.075,-15.425,0.0
2000-02-10T12:00:00Z,28.075,-15.375,0.0
2000-02-10T12:00:00Z,28.025,-15.625,NaN
2000-02-10T12:00:00Z,28.025,-15.575,NaN
2000-02-10T12:00:00Z,28.025,-15.525,NaN
2000-02-10T12:00:00Z,28.025,-15.475,NaN
2000-02-10T12:00:00Z,28.025,-15.425,0.0
2000-02-10T12:00:00Z,28.025,-15.375,0.0
2000-02-10T12:00:00Z,27.975,-15.625,NaN
2000-02-10T12:00:00Z,27.975,-15.575,NaN
2000-02-10T12:00:00Z,27.975,-15.525,NaN
2000-02-10T12:00:00Z,27.975,-15.475,NaN
2000-02-10T12:00:00Z,27.975,-15.425,NaN
2000-02-10T12:00:00Z,27.975,-15.375,0.0
2000-02-10T12:00:00Z,27.925,-15.625,NaN
2000-02-10T12:00:00Z,27.925,-15.575,NaN
2000-02-10T12:00:00Z,27.925,-15.525,NaN
2000-02-10T12:00:00Z,27.925,-15.475,NaN
2000-02-10T12:00:00Z,27.925,-15.425,NaN
2000-02-10T12:00:00Z,27.925,-15.375,0.0
2000-02-10T12:00:00Z,27.875,-15.625,NaN
2000-02-10T12:00:00Z,27.875,-15.575,NaN
2000-02-10T12:00:00Z,27.875,-15.525,NaN
2000-02-10T12:00:00Z,27.875,-15.475,NaN
2000-02-10T12:00:00Z,27.875,-15.425,NaN
2000-02-10T12:00:00Z,27.875,-15.375,0.0
2000-02-10T12:00:00Z,27.825,-15.625,NaN
2000-02-10T12:00:00Z,27.825,-15.575,NaN
2000-02-10T12:00:00Z,27.825,-15.525,NaN
2000-02-10T12:00:00Z,27.825,-15.475,NaN
2000-02-10T12:00:00Z,27.825,-15.425,0.0
2000-02-10T12:00:00Z,27.825,-15.375,0.0
2000-03-11T12:00:00Z,28.175,-15.625,0.0
2000-03-11T12:00:00Z,28.175,-15.575,0.0
2000-03-11T12:00:00Z,28.175,-15.525,0.0
2000-03-11T12:00:00Z,28.175,-15.475,0.0
2000-03-11T12:00:00Z,28.175,-15.425,0.0
2000-03-11T12:00:00Z,28.175,-15.375,0.0
2000-03-11T12:00:00Z,28.125,-15.625,0.0
2000-03-11T12:00:00Z,28.125,-15.575,0.0
2000-03-11T12:00:00Z,28.125,-15.525,0.0
2000-03-11T12:00:00Z,28.125,-15.475,0.0
2000-03-11T12:00:00Z,28.125,-15.425,0.0
2000-03-11T12:00:00Z,28.125,-15.375,0.0
2000-03-11T12:00:00Z,28.075,-15.625,NaN
2000-03-11T12:00:00Z,28.075,-15.575,NaN
2000-03-11T12:00:00Z,28.075,-15.525,NaN
2000-03-11T12:00:00Z,28.075,-15.475,0.0
2000-03-11T12:00:00Z,28.075,-15.425,0.0
2000-03-11T12:00:00Z,28.075,-15.375,0.0
2000-03-11T12:00:00Z,28.025,-15.625,NaN
2000-03-11T12:00:00Z,28.025,-15.575,NaN
2000-03-11T12:00:00Z,28.025,-15.525,NaN
2000-03-11T12:00:00Z,28.025,-15.475,NaN
2000-03-11T12:00:00Z,28.025,-15.425,0.0
2000-03-11T12:00:00Z,28.025,-15.375,0.0
2000-03-11T12:00:00Z,27.975,-15.625,NaN
2000-03-11T12:00:00Z,27.975,-15.575,NaN
2000-03-11T12:00:00Z,27.975,-15.525,NaN
2000-03-11T12:00:00Z,27.975,-15.475,NaN
2000-03-11T12:00:00Z,27.975,-15.425,NaN
2000-03-11T12:00:00Z,27.975,-15.375,0.0
2000-03-11T12:00:00Z,27.925,-15.625,NaN
2000-03-11T12:00:00Z,27.925,-15.575,NaN
2000-03-11T12:00:00Z,27.925,-15.525,NaN
2000-03-11T12:00:00Z,27.925,-15.475,NaN
2000-03-11T12:00:00Z,27.925,-15.425,NaN
2000-03-11T12:00:00Z,27.925,-15.375,0.0
2000-03-11T12:00:00Z,27.875,-15.625,NaN
2000-03-11T12:00:00Z,27.875,-15.575,NaN
2000-03-11T12:00:00Z,27.875,-15.525,NaN
2000-03-11T12:00:00Z,27.875,-15.475,NaN
2000-03-11T12:00:00Z,27.875,-15.425,NaN
2000-03-11T12:00:00Z,27.875,-15.375,0.0
2000-03-11T12:00:00Z,27.825,-15.625,NaN
2000-03-11T12:00:00Z,27.825,-15.575,NaN
2000-03-11T12:00:00Z,27.825,-15.525,NaN
2000-03-11T12:00:00Z,27.825,-15.475,NaN
2000-03-11T12:00:00Z,27.825,-15.425,0.0
2000-03-11T12:00:00Z,27.825,-15.375,0.0
2000-04-10T12:00:00Z,28.175,-15.625,0.0
2000-04-10T12:00:00Z,28.175,-15.575,0.0
2000-04-10T12:00:00Z,28.175,-15.525,0.0
2000-04-10T12:00:00Z,28.175,-15.475,0.0
2000-04-10T12:00:00Z,28.175,-15.425,0.0
2000-04-10T12:00:00Z,28.175,-15.375,0.0
2000-04-10T12:00:00Z,28.125,-15.625,0.0
2000-04-10T12:00:00Z,28.125,-15.575,0.0
2000-04-10T12:00:00Z,28.125,-15.525,0.0
2000-04-10T12:00:00Z,28.125,-15.475,0.0
2000-04-10T12:00:00Z,28.125,-15.425,0.0
2000-04-10T12:00:00Z,28.125,-15.375,0.0
2000-04-10T12:00:00Z,28.075,-15.625,NaN
2000-04-10T12:00:00Z,28.075,-15.575,NaN
2000-04-10T12:00:00Z,28.075,-15.525,NaN
2000-04-10T12:00:00Z,28.075,-15.475,0.0
2000-04-10T12:00:00Z,28.075,-15.425,0.0
2000-04-10T12:00:00Z,28.075,-15.375,0.0
2000-04-10T12:00:00Z,28.025,-15.625,NaN
2000-04-10T12:00:00Z,28.025,-15.575,NaN
2000-04-10T12:00:00Z,28.025,-15.525,NaN
2000-04-10T12:00:00Z,28.025,-15.475,NaN
2000-04-10T12:00:00Z,28.025,-15.425,0.0
2000-04-10T12:00:00Z,28.025,-15.375,0.0
2000-04-10T12:00:00Z,27.975,-15.625,NaN
2000-04-10T12:00:00Z,27.975,-15.575,NaN
2000-04-10T12:00:00Z,27.975,-15.525,NaN
2000-04-10T12:00:00Z,27.975,-15.475,NaN
2000-04-10T12:00:00Z,27.975,-15.425,NaN
2000-04-10T12:00:00Z,27.975,-15.375,0.0
2000-04-10T12:00:00Z,27.925,-15.625,NaN
2000-04-10T12:00:00Z,27.925,-15.575,NaN
2000-04-10T12:00:00Z,27.925,-15.525,NaN
2000-04-10T12:00:00Z,27.925,-15.475,NaN
2000-04-10T12:00:00Z,27.925,-15.425,NaN
2000-04-10T12:00:00Z,27.925,-15.375,0.0
2000-04-10T12:00:00Z,27.875,-15.625,NaN
2000-04-10T12:00:00Z,27.875,-15.575,NaN
2000-04-10T12:00:00Z,27.875,-15.525,NaN
2000-04-10T12:00:00Z,27.875,-15.475,NaN
2000-04-10T12:00:00Z,27.875,-15.425,NaN
2000-04-10T12:00:00Z,27.875,-15.375,0.0
2000-04-10T12:00:00Z,27.825,-15.625,NaN
2000-04-10T12:00:00Z,27.825,-15.575,NaN
2000-04-10T12:00:00Z,27.825,-15.525,NaN
2000-04-10T12:00:00Z,27.825,-15.475,NaN
2000-04-10T12:00:00Z,27.825,-15.425,0.0
2000-04-10T12:00:00Z,27.825,-15.375,0.0
2000-05-10T12:00:00Z,28.175,-15.625,0.0
2000-05-10T12:00:00Z,28.175,-15.575,0.0
2000-05-10T12:00:00Z,28.175,-15.525,0.0
2000-05-10T12:00:00Z,28.175,-15.475,0.0
2000-05-10T12:00:00Z,28.175,-15.425,0.0
2000-05-10T12:00:00Z,28.175,-15.375,0.0
2000-05-10T12:00:00Z,28.125,-15.625,0.0
2000-05-10T12:00:00Z,28.125,-15.575,0.0
2000-05-10T12:00:00Z,28.125,-15.525,0.0
2000-05-10T12:00:00Z,28.125,-15.475,0.0
2000-05-10T12:00:00Z,28.125,-15.425,0.0
2000-05-10T12:00:00Z,28.125,-15.375,0.0
2000-05-10T12:00:00Z,28.075,-15.625,NaN
2000-05-10T12:00:00Z,28.075,-15.575,NaN
2000-05-10T12:00:00Z,28.075,-15.525,NaN
2000-05-10T12:00:00Z,28.075,-15.475,0.0
2000-05-10T12:00:00Z,28.075,-15.425,0.0
2000-05-10T12:00:00Z,28.075,-15.375,0.0
2000-05-10T12:00:00Z,28.025,-15.625,NaN
2000-05-10T12:00:00Z,28.025,-15.575,NaN
2000-05-10T12:00:00Z,28.025,-15.525,NaN
2000-05-10T12:00:00Z,28.025,-15.475,NaN
2000-05-10T12:00:00Z,28.025,-15.425,0.0
2000-05-10T12:00:00Z,28.025,-15.375,0.0
2000-05-10T12:00:00Z,27.975,-15.625,NaN
2000-05-10T12:00:00Z,27.975,-15.575,NaN
2000-05-10T12:00:00Z,27.975,-15.525,NaN
2000-05-10T12:00:00Z,27.975,-15.475,NaN
2000-05-10T12:00:00Z,27.975,-15.425,NaN
2000-05-10T12:00:00Z,27.975,-15.375,0.0
2000-05-10T12:00:00Z,27.925,-15.625,NaN
2000-05-10T12:00:00Z,27.925,-15.575,NaN
2000-05-10T12:00:00Z,27.925,-15.525,NaN
2000-05-10T12:00:00Z,27.925,-15.475,NaN
2000-05-10T12:00:00Z,27.925,-15.425,NaN
2000-05-10T12:00:00Z,27.925,-15.375,0.0
2000-05-10T12:00:00Z,27.875,-15.625,NaN
2000-05-10T12:00:00Z,27.875,-15.575,NaN
2000-05-10T12:00:00Z,27.875,-15.525,NaN
2000-05-10T12:00:00Z,27.875,-15.475,NaN
2000-05-10T12:00:00Z,27.875,-15.425,NaN
2000-05-10T12:00:00Z,27.875,-15.375,0.0
2000-05-10T12:00:00Z,27.825,-15.625,NaN
2000-05-10T12:00:00Z,27.825,-15.575,NaN
2000-05-10T12:00:00Z,27.825,-15.525,NaN
2000-05-10T12:00:00Z,27.825,-15.475,NaN
2000-05-10T12:00:00Z,27.825,-15.425,0.0
2000-05-10T12:00:00Z,27.825,-15.375,0.0
2000-06-09T12:00:00Z,28.175,-15.625,0.0
2000-06-09T12:00:00Z,28.175,-15.575,0.0
2000-06-09T12:00:00Z,28.175,-15.525,0.0
2000-06-09T12:00:00Z,28.175,-15.475,0.0
2000-06-09T12:00:00Z,28.175,-15.425,0.0
2000-06-09T12:00:00Z,28.175,-15.375,0.0
2000-06-09T12:00:00Z,28.125,-15.625,0.0
2000-06-09T12:00:00Z,28.125,-15.575,0.0
2000-06-09T12:00:00Z,28.125,-15.525,0.0
2000-06-09T12:00:00Z,28.125,-15.475,0.0
2000-06-09T12:00:00Z,28.125,-15.425,0.0
2000-06-09T12:00:00Z,28.125,-15.375,0.0
2000-06-09T12:00:00Z,28.075,-15.625,NaN
2000-06-09T12:00:00Z,28.075,-15.575,NaN
2000-06-09T12:00:00Z,28.075,-15.525,NaN
2000-06-09T12:00:00Z,28.075,-15.475,0.0
2000-06-09T12:00:00Z,28.075,-15.425,0.0
2000-06-09T12:00:00Z,28.075,-15.375,0.0
2000-06-09T12:00:00Z,28.025,-15.625,NaN
2000-06-09T12:00:00Z,28.025,-15.575,NaN
2000-06-09T12:00:00Z,28.025,-15.525,NaN
2000-06-09T12:00:00Z,28.025,-15.475,NaN
2000-06-09T12:00:00Z,28.025,-15.425,0.0
2000-06-09T12:00:00Z,28.025,-15.375,0.0
2000-06-09T12:00:00Z,27.975,-15.625,NaN
2000-06-09T12:00:00Z,27.975,-15.575,NaN
2000-06-09T12:00:00Z,27.975,-15.525,NaN
2000-06-09T12:00:00Z,27.975,-15.475,NaN
2000-06-09T12:00:00Z,27.975,-15.425,NaN
2000-06-09T12:00:00Z,27.975,-15.375,0.0
2000-06-09T12:00:00Z,27.925,-15.625,NaN
2000-06-09T12:00:00Z,27.925,-15.575,NaN
2000-06-09T12:00:00Z,27.925,-15.525,NaN
2000-06-09T12:00:00Z,27.925,-15.475,NaN
2000-06-09T12:00:00Z,27.925,-15.425,NaN
2000-06-09T12:00:00Z,27.925,-15.375,0.0
2000-06-09T12:00:00Z,27.875,-15.625,NaN
2000-06-09T12:00:00Z,27.875,-15.575,NaN
2000-06-09T12:00:00Z,27.875,-15.525,NaN
2000-06-09T12:00:00Z,27.875,-15.475,NaN
2000-06-09T12:00:00Z,27.875,-15.425,NaN
2000-06-09T12:00:00Z,27.875,-15.375,0.0
2000-06-09T12:00:00Z,27.825,-15.625,NaN
2000-06-09T12:00:00Z,27.825,-15.575,NaN
2000-06-09T12:00:00Z,27.825,-15.525,NaN
2000-06-09T12:00:00Z,27.825,-15.475,NaN
2000-06-09T12:00:00Z,27.825,-15.425,0.0
2000-06-09T12:00:00Z,27.825,-15.375,0.0
2000-07-09T12:00:00Z,28.175,-15.625,0.0
2000-07-09T12:00:00Z,28.175,-15.575,0.0
2000-07-09T12:00:00Z,28.175,-15.525,0.0
2000-07-09T12:00:00Z,28.175,-15.475,0.0
2000-07-09T12:00:00Z,28.175,-15.425,0.0
2000-07-09T12:00:00Z,28.175,-15.375,0.0
2000-07-09T12:00:00Z,28.125,-15.625,0.0
2000-07-09T12:00:00Z,28.125,-15.575,0.0
2000-07-09T12:00:00Z,28.125,-15.525,0.0
2000-07-09T12:00:00Z,28.125,-15.475,0.0
2000-07-09T12:00:00Z,28.125,-15.425,0.0
2000-07-09T12:00:00Z,28.125,-15.375,0.0
2000-07-09T12:00:00Z,28.075,-15.625,NaN
2000-07-09T12:00:00Z,28.075,-15.575,NaN
2000-07-09T12:00:00Z,28.075,-15.525,NaN
2000-07-09T12:00:00Z,28.075,-15.475,0.0
2000-07-09T12:00:00Z,28.075,-15.425,0.0
2000-07-09T12:00:00Z,28.075,-15.375,0.0
2000-07-09T12:00:00Z,28.025,-15.625,NaN
2000-07-09T12:00:00Z,28.025,-15.575,NaN
2000-07-09T12:00:00Z,28.025,-15.525,NaN
2000-07-09T12:00:00Z,28.025,-15.475,NaN
2000-07-09T12:00:00Z,28.025,-15.425,0.0
2000-07-09T12:00:00Z,28.025,-15.375,0.0
2000-07-09T12:00:00Z,27.975,-15.625,NaN
2000-07-09T12:00:00Z,27.975,-15.575,NaN
2000-07-09T12:00:00Z,27.975,-15.525,NaN
2000-07-09T12:00:00Z,27.975,-15.475,NaN
2000-07-09T12:00:00Z,27.975,-15.425,NaN
2000-07-09T12:00:00Z,27.975,-15.375,0.0
2000-07-09T12:00:00Z,27.925,-15.625,NaN
2000-07-09T12:00:00Z,27.925,-15.575,NaN
2000-07-09T12:00:00Z,27.925,-15.525,NaN
2000-07-09T12:00:00Z,27.925,-15.475,NaN
2000-07-09T12:00:00Z,27.925,-15.425,NaN
2000-07-09T12:00:00Z,27.925,-15.375,0.0
2000-07-09T12:00:00Z,27.875,-15.625,NaN
2000-07-09T12:00:00Z,27.875,-15.575,NaN
2000-07-09T12:00:00Z,27.875,-15.525,NaN
2000-07-09T12:00:00Z,27.875,-15.475,NaN
2000-07-09T12:00:00Z,27.875,-15.425,NaN
2000-07-09T12:00:00Z,27.875,-15.375,0.0
2000-07-09T12:00:00Z,27.825,-15.625,NaN
2000-07-09T12:00:00Z,27.825,-15.575,NaN
2000-07-09T12:00:00Z,27.825,-15.525,NaN
2000-07-09T12:00:00Z,27.825,-15.475,NaN
2000-07-09T12:00:00Z,27.825,-15.425,0.0
2000-07-09T12:00:00Z,27.825,-15.375,0.0
2000-08-08T12:00:00Z,28.175,-15.625,0.0
2000-08-08T12:00:00Z,28.175,-15.575,0.0
2000-08-08T12:00:00Z,28.175,-15.525,0.0
2000-08-08T12:00:00Z,28.175,-15.475,0.0
2000-08-08T12:00:00Z,28.175,-15.425,0.0
2000-08-08T12:00:00Z,28.175,-15.375,0.0
2000-08-08T12:00:00Z,28.125,-15.625,0.0
2000-08-08T12:00:00Z,28.125,-15.575,0.0
2000-08-08T12:00:00Z,28.125,-15.525,0.0
2000-08-08T12:00:00Z,28.125,-15.475,0.0
2000-08-08T12:00:00Z,28.125,-15.425,0.0
2000-08-08T12:00:00Z,28.125,-15.375,0.0
2000-08-08T12:00:00Z,28.075,-15.625,NaN
2000-08-08T12:00:00Z,28.075,-15.575,NaN
2000-08-08T12:00:00Z,28.075,-15.525,NaN
2000-08-08T12:00:00Z,28.075,-15.475,0.0
2000-08-08T12:00:00Z,28.075,-15.425,0.0
2000-08-08T12:00:00Z,28.075,-15.375,0.0
2000-08-08T12:00:00Z,28.025,-15.625,NaN
2000-08-08T12:00:00Z,28.025,-15.575,NaN
2000-08-08T12:00:00Z,28.025,-15.525,NaN
2000-08-08T12:00:00Z,28.025,-15.475,NaN
2000-08-08T12:00:00Z,28.025,-15.425,0.0
2000-08-08T12:00:00Z,28.025,-15.375,0.0
2000-08-08T12:00:00Z,27.975,-15.625,NaN
2000-08-08T12:00:00Z,27.975,-15.575,NaN
2000-08-08T12:00:00Z,27.975,-15.525,NaN
2000-08-08T12:00:00Z,27.975,-15.475,NaN
2000-08-08T12:00:00Z,27.975,-15.425,NaN
2000-08-08T12:00:00Z,27.975,-15.375,0.0
2000-08-08T12:00:00Z,27.925,-15.625,NaN
2000-08-08T12:00:00Z,27.925,-15.575,NaN
2000-08-08T12:00:00Z,27.925,-15.525,NaN
2000-08-08T12:00:00Z,27.925,-15.475,NaN
2000-08-08T12:00:00Z,27.925,-15.425,NaN
2000-08-08T12:00:00Z,27.925,-15.375,0.0
2000-08-08T12:00:00Z,27.875,-15.625,NaN
2000-08-08T12:00:00Z,27.875,-15.575,NaN
2000-08-08T12:00:00Z,27.875,-15.525,NaN
2000-08-08T12:00:00Z,27.875,-15.475,NaN
2000-08-08T12:00:00Z,27.875,-15.425,NaN
2000-08-08T12:00:00Z,27.875,-15.375,0.0
2000-08-08T12:00:00Z,27.825,-15.625,NaN
2000-08-08T12:00:00Z,27.825,-15.575,NaN
2000-08-08T12:00:00Z,27.825,-15.525,NaN
2000-08-08T12:00:00Z,27.825,-15.475,NaN
2000-08-08T12:00:00Z,27.825,-15.425,0.0
2000-08-08T12:00:00Z,27.825,-15.375,0.0
2000-09-07T12:00:00Z,28.175,-15.625,0.0
2000-09-07T12:00:00Z,28.175,-15.575,0.0
2000-09-07T12:00:00Z,28.175,-15.525,0.0
2000-09-07T12:00:00Z,28.175,-15.475,0.0
2000-09-07T12:00:00Z,28.175,-15.425,0.0
2000-09-07T12:00:00Z,28.175,-15.375,0.0
2000-09-07T12:00:00Z,28.125,-15.625,0.0
2000-09-07T12:00:00Z,28.125,-15.575,0.0
2000-09-07T12:00:00Z,28.125,-15.525,0.0
2000-09-07T12:00:00Z,28.125,-15.475,0.0
2000-09-07T12:00:00Z,28.125,-15.425,0.0
2000-09-07T12:00:00Z,28.125,-15.375,0.0
2000-09-07T12:00:00Z,28.075,-15.625,NaN
2000-09-07T12:00:00Z,28.075,-15.575,NaN
2000-09-07T12:00:00Z,28.075,-15.525,NaN
2000-09-07T12:00:00Z,28.075,-15.475,0.0
2000-09-07T12:00:00Z,28.075,-15.425,0.0
2000-09-07T12:00:00Z,28.075,-15.375,0.0
2000-09-07T12:00:00Z,28.025,-15.625,NaN
2000-09-07T12:00:00Z,28.025,-15.575,NaN
2000-09-07T12:00:00Z,28.025,-15.525,NaN
2000-09-07T12:00:00Z,28.025,-15.475,NaN
2000-09-07T12:00:00Z,28.025,-15.425,0.0
2000-09-07T12:00:00Z,28.025,-15.375,0.0
2000-09-07T12:00:00Z,27.975,-15.625,NaN
2000-09-07T12:00:00Z,27.975,-15.575,NaN
2000-09-07T12:00:00Z,27.975,-15.525,NaN
2000-09-07T12:00:00Z,27.975,-15.475,NaN
2000-09-07T12:00:00Z,27.975,-15.425,NaN
2000-09-07T12:00:00Z,27.975,-15.375,0.0
2000-09-07T12:00:00Z,27.925,-15.625,NaN
2000-09-07T12:00:00Z,27.925,-15.575,NaN
2000-09-07T12:00:00Z,27.925,-15.525,NaN
2000-09-07T12:00:00Z,27.925,-15.475,NaN
2000-09-07T12:00:00Z,27.925,-15.425,NaN
2000-09-07T12:00:00Z,27.925,-15.375,0.0
2000-09-07T12:00:00Z,27.875,-15.625,NaN
2000-09-07T12:00:00Z,27.875,-15.575,NaN
2000-09-07T12:00:00Z,27.875,-15.525,NaN
2000-09-07T12:00:00Z,27.875,-15.475,NaN
2000-09-07T12:00:00Z,27.875,-15.425,NaN
2000-09-07T12:00:00Z,27.875,-15.375,0.0
2000-09-07T12:00:00Z,27.825,-15.625,NaN
2000-09-07T12:00:00Z,27.825,-15.575,NaN
2000-09-07T12:00:00Z,27.825,-15.525,NaN
2000-09-07T12:00:00Z,27.825,-15.475,NaN
2000-09-07T12:00:00Z,27.825,-15.425,0.0
2000-09-07T12:00:00Z,27.825,-15.375,0.0
2000-10-07T12:00:00Z,28.175,-15.625,0.0
2000-10-07T12:00:00Z,28.175,-15.575,0.0
2000-10-07T12:00:00Z,28.175,-15.525,0.0
2000-10-07T12:00:00Z,28.175,-15.475,0.0
2000-10-07T12:00:00Z,28.175,-15.425,0.0
2000-10-07T12:00:00Z,28.175,-15.375,0.0
2000-10-07T12:00:00Z,28.125,-15.625,0.0
2000-10-07T12:00:00Z,28.125,-15.575,0.0
2000-10-07T12:00:00Z,28.125,-15.525,0.0
2000-10-07T12:00:00Z,28.125,-15.475,0.0
2000-10-07T12:00:00Z,28.125,-15.425,0.0
2000-10-07T12:00:00Z,28.125,-15.375,0.0
2000-10-07T12:00:00Z,28.075,-15.625,NaN
2000-10-07T12:00:00Z,28.075,-15.575,NaN
2000-10-07T12:00:00Z,28.075,-15.525,NaN
2000-10-07T12:00:00Z,28.075,-15.475,0.0
2000-10-07T12:00:00Z,28.075,-15.425,0.0
2000-10-07T12:00:00Z,28.075,-15.375,0.0
2000-10-07T12:00:00Z,28.025,-15.625,NaN
2000-10-07T12:00:00Z,28.025,-15.575,NaN
2000-10-07T12:00:00Z,28.025,-15.525,NaN
2000-10-07T12:00:00Z,28.025,-15.475,NaN
2000-10-07T12:00:00Z,28.025,-15.425,0.0
2000-10-07T12:00:00Z,28.025,-15.375,0.0
2000-10-07T12:00:00Z,27.975,-15.625,NaN
2000-10-07T12:00:00Z,27.975,-15.575,NaN
2000-10-07T12:00:00Z,27.975,-15.525,NaN
2000-10-07T12:00:00Z,27.975,-15.475,NaN
2000-10-07T12:00:00Z,27.975,-15.425,NaN
2000-10-07T12:00:00Z,27.975,-15.375,0.0
2000-10-07T12:00:00Z,27.925,-15.625,NaN
2000-10-07T12:00:00Z,27.925,-15.575,NaN
2000-10-07T12:00:00Z,27.925,-15.525,NaN
2000-10-07T12:00:00Z,27.925,-15.475,NaN
2000-10-07T12:00:00Z,27.925,-15.425,NaN
2000-10-07T12:00:00Z,27.925,-15.375,0.0
2000-10-07T12:00:00Z,27.875,-15.625,NaN
2000-10-07T12:00:00Z,27.875,-15.575,NaN
2000-10-07T12:00:00Z,27.875,-15.525,NaN
2000-10-07T12:00:00Z,27.875,-15.475,NaN
2000-10-07T12:00:00Z,27.875,-15.425,NaN
2000-10-07T12:00:00Z,27.875,-15.375,0.0
2000-10-07T12:00:00Z,27.825,-15.625,NaN
2000-10-07T12:00:00Z,27.825,-15.575,NaN
2000-10-07T12:00:00Z,27.825,-15.525,NaN
2000-10-07T12:00:00Z,27.825,-15.475,NaN
2000-10-07T12:00:00Z,27.825,-15.425,0.0
2000-10-07T12:00:00Z,27.825,-15.375,0.0
2000-11-06T12:00:00Z,28.175,-15.625,0.0
2000-11-06T12:00:00Z,28.175,-15.575,0.0
2000-11-06T12:00:00Z,28.175,-15.525,0.0
2000-11-06T12:00:00Z,28.175,-15.475,0.0
2000-11-06T12:00:00Z,28.175,-15.425,0.0
2000-11-06T12:00:00Z,28.175,-15.375,0.0
2000-11-06T12:00:00Z,28.125,-15.625,0.0
2000-11-06T12:00:00Z,28.125,-15.575,0.0
2000-11-06T12:00:00Z,28.125,-15.525,0.0
2000-11-06T12:00:00Z,28.125,-15.475,0.0
2000-11-06T12:00:00Z,28.125,-15.425,0.0
2000-11-06T12:00:00Z,28.125,-15.375,0.0
2000-11-06T12:00:00Z,28.075,-15.625,NaN
2000-11-06T12:00:00Z,28.075,-15.575,NaN
2000-11-06T12:00:00Z,28.075,-15.525,NaN
2000-11-06T12:00:00Z,28.075,-15.475,0.0
2000-11-06T12:00:00Z,28.075,-15.425,0.0
2000-11-06T12:00:00Z,28.075,-15.375,0.0
2000-11-06T12:00:00Z,28.025,-15.625,NaN
2000-11-06T12:00:00Z,28.025,-15.575,NaN
2000-11-06T12:00:00Z,28.025,-15.525,NaN
2000-11-06T12:00:00Z,28.025,-15.475,NaN
2000-11-06T12:00:00Z,28.025,-15.425,0.0
2000-11-06T12:00:00Z,28.025,-15.375,0.0
2000-11-06T12:00:00Z,27.975,-15.625,NaN
2000-11-06T12:00:00Z,27.975,-15.575,NaN
2000-11-06T12:00:00Z,27.975,-15.525,NaN
2000-11-06T12:00:00Z,27.975,-15.475,NaN
2000-11-06T12:00:00Z,27.975,-15.425,NaN
2000-11-06T12:00:00Z,27.975,-15.375,0.0
2000-11-06T12:00:00Z,27.925,-15.625,NaN
2000-11-06T12:00:00Z,27.925,-15.575,NaN
2000-11-06T12:00:00Z,27.925,-15.525,NaN
2000-11-06T12:00:00Z,27.925,-15.475,NaN
2000-11-06T12:00:00Z,27.925,-15.425,NaN
2000-11-06T12:00:00Z,27.925,-15.375,0.0
2000-11-06T12:00:00Z,27.875,-15.625,NaN
2000-11-06T12:00:00Z,27.875,-15.575,NaN
2000-11-06T12:00:00Z,27.875,-15.525,NaN
2000-11-06T12:00:00Z,27.875,-15.475,NaN
2000-11-06T12:00:00Z,27.875,-15.425,NaN
2000-11-06T12:00:00Z,27.875,-15.375,0.0
2000-11-06T12:00:00Z,27.825,-15.625,NaN
2000-11-06T12:00:00Z,27.825,-15.575,NaN
2000-11-06T12:00:00Z,27.825,-15.525,NaN
2000-11-06T12:00:00Z,27.825,-15.475,NaN
2000-11-06T12:00:00Z,27.825,-15.425,0.0
2000-11-06T12:00:00Z,27.825,-15.375,0.0
2000-12-06T12:00:00Z,28.175,-15.625,0.0
2000-12-06T12:00:00Z,28.175,-15.575,0.0
2000-12-06T12:00:00Z,28.175,-15.525,0.0
2000-12-06T12:00:00Z,28.175,-15.475,0.0
2000-12-06T12:00:00Z,28.175,-15.425,0.0
2000-12-06T12:00:00Z,28.175,-15.375,0.0
2000-12-06T12:00:00Z,28.125,-15.625,0.0
2000-12-06T12:00:00Z,28.125,-15.575,0.0
2000-12-06T12:00:00Z,28.125,-15.525,0.0
2000-12-06T12:00:00Z,28.125,-15.475,0.0
2000-12-06T12:00:00Z,28.125,-15.425,0.0
2000-12-06T12:00:00Z,28.125,-15.375,0.0
2000-12-06T12:00:00Z,28.075,-15.625,NaN
2000-12-06T12:00:00Z,28.075,-15.575,NaN
2000-12-06T12:00:00Z,28.075,-15.525,NaN
2000-12-06T12:00:00Z,28.075,-15.475,0.0
2000-12-06T12:00:00Z,28.075,-15.425,0.0
2000-12-06T12:00:00Z,28.075,-15.375,0.0
2000-12-06T12:00:00Z,28.025,-15.625,NaN
2000-12-06T12:00:00Z,28.025,-15.575,NaN
2000-12-06T12:00:00Z,28.025,-15.525,NaN
2000-12-06T12:00:00Z,28.025,-15.475,NaN
2000-12-06T12:00:00Z,28.025,-15.425,0.0
2000-12-06T12:00:00Z,28.025,-15.375,0.0
2000-12-06T12:00:00Z,27.975,-15.625,NaN
2000-12-06T12:00:00Z,27.975,-15.575,NaN
2000-12-06T12:00:00Z,27.975,-15.525,NaN
2000-12-06T12:00:00Z,27.975,-15.475,NaN
2000-12-06T12:00:00Z,27.975,-15.425,NaN
2000-12-06T12:00:00Z,27.975,-15.375,0.0
2000-12-06T12:00:00Z,27.925,-15.625,NaN
2000-12-06T12:00:00Z,27.925,-15.575,NaN
2000-12-06T12:00:00Z,27.925,-15.525,NaN
2000-12-06T12:00:00Z,27.925,-15.475,NaN
2000-12-06T12:00:00Z,27.925,-15.425,NaN
2000-12-06T12:00:00Z,27.925,-15.375,0.0
2000-12-06T12:00:00Z,27.875,-15.625,NaN
2000-12-06T12:00:00Z,27.875,-15.575,NaN
2000-12-06T12:00:00Z,27.875,-15.525,NaN
2000-12-06T12:00:00Z,27.875,-15.475,NaN
2000-12-06T12:00:00Z,27.875,-15.425,NaN
2000-12-06T12:00:00Z,27.875,-15.375,0.0
2000-12-06T12:00:00Z,27.825,-15.625,NaN
2000-12-06T12:00:00Z,27.825,-15.575,NaN
2000-12-06T12:00:00Z,27.825,-15.525,NaN
2000-12-06T12:00:00Z,27.825,-15.475,NaN
2000-12-06T12:00:00Z,27.825,-15.425,0.0
2000-12-06T12:00:00Z,27.825,-15.375,0.0
2001-01-05T12:00:00Z,28.175,-15.625,0.0
2001-01-05T12:00:00Z,28.175,-15.575,0.0
2001-01-05T12:00:00Z,28.175,-15.525,0.0
2001-01-05T12:00:00Z,28.175,-15.475,0.0
2001-01-05T12:00:00Z,28.175,-15.425,0.0
2001-01-05T12:00:00Z,28.175,-15.375,0.0
2001-01-05T12:00:00Z,28.125,-15.625,0.0
2001-01-05T12:00:00Z,28.125,-15.575,0.0
2001-01-05T12:00:00Z,28.125,-15.525,0.0
2001-01-05T12:00:00Z,28.125,-15.475,0.0
2001-01-05T12:00:00Z,28.125,-15.425,0.0
2001-01-05T12:00:00Z,28.125,-15.375,0.0
2001-01-05T12:00:00Z,28.075,-15.625,NaN
2001-01-05T12:00:00Z,28.075,-15.575,NaN
2001-01-05T12:00:00Z,28.075,-15.525,NaN
2001-01-05T12:00:00Z,28.075,-15.475,0.0
2001-01-05T12:00:00Z,28.075,-15.425,0.0
2001-01-05T12:00:00Z,28.075,-15.375,0.0
2001-01-05T12:00:00Z,28.025,-15.625,NaN
2001-01-05T12:00:00Z,28.025,-15.575,NaN
2001-01-05T12:00:00Z,28.025,-15.525,NaN
2001-01-05T12:00:00Z,28.025,-15.475,NaN
2001-01-05T12:00:00Z,28.025,-15.425,0.0
2001-01-05T12:00:00Z,28.025,-15.375,0.0
2001-01-05T12:00:00Z,27.975,-15.625,NaN
2001-01-05T12:00:00Z,27.975,-15.575,NaN
2001-01-05T12:00:00Z,27.975,-15.525,NaN
2001-01-05T12:00:00Z,27.975,-15.475,NaN
2001-01-05T12:00:00Z,27.975,-15.425,NaN
2001-01-05T12:00:00Z,27.975,-15.375,0.0
2001-01-05T12:00:00Z,27.925,-15.625,NaN
2001-01-05T12:00:00Z,27.925,-15.575,NaN
2001-01-05T12:00:00Z,27.925,-15.525,NaN
2001-01-05T12:00:00Z,27.925,-15.475,NaN
2001-01-05T12:00:00Z,27.925,-15.425,NaN
2001-01-05T12:00:00Z,27.925,-15.375,0.0
2001-01-05T12:00:00Z,27.875,-15.625,NaN
2001-01-05T12:00:00Z,27.875,-15.575,NaN
2001-01-05T12:00:00Z,27.875,-15.525,NaN
2001-01-05T12:00:00Z,27.875,-15.475,NaN
2001-01-05T12:00:00Z,27.875,-15.425,NaN
2001-01-05T12:00:00Z,27.875,-15.375,0.0
2001-01-05T12:00:00Z,27.825,-15.625,NaN
2001-01-05T12:00:00Z,27.825,-15.575,NaN
2001-01-05T12:00:00Z,27.825,-15.525,NaN
2001-01-05T12:00:00Z,27.825,-15.475,NaN
2001-01-05T12:00:00Z,27.825,-15.425,0.0
2001-01-05T12:00:00Z,27.825,-15.375,0.0
2001-02-04T12:00:00Z,28.175,-15.625,0.0
2001-02-04T12:00:00Z,28.175,-15.575,0.0
2001-02-04T12:00:00Z,28.175,-15.525,0.0
2001-02-04T12:00:00Z,28.175,-15.475,0.0
2001-02-04T12:00:00Z,28.175,-15.425,0.0
2001-02-04T12:00:00Z,28.175,-15.375,0.0
2001-02-04T12:00:00Z,28.125,-15.625,0.0
2001-02-04T12:00:00Z,28.125,-15.575,0.0
2001-02-04T12:00:00Z,28.125,-15.525,0.0
2001-02-04T12:00:00Z,28.125,-15.475,0.0
2001-02-04T12:00:00Z,28.125,-15.425,0.0
2001-02-04T12:00:00Z,28.125,-15.375,0.0
2001-02-04T12:00:00Z,28.075,-15.625,NaN
2001-02-04T12:00:00Z,28.075,-15.575,NaN
2001-02-04T12:00:00Z,28.075,-15.525,NaN
2001-02-04T12:00:00Z,28.075,-15.475,0.0
2001-02-04T12:00:00Z,28.075,-15.425,0.0
2001-02-04T12:00:00Z,28.075,-15.375,0.0
2001-02-04T12:00:00Z,28.025,-15.625,NaN
2001-02-04T12:00:00Z,28.025,-15.575,NaN
2001-02-04T12:00:00Z,28.025,-15.525,NaN
2001-02-04T12:00:00Z,28.025,-15.475,NaN
2001-02-04T12:00:00Z,28.025,-15.425,0.0
2001-02-04T12:00:00Z,28.025,-15.375,0.0
2001-02-04T12:00:00Z,27.975,-15.625,NaN
2001-02-04T12:00:00Z,27.975,-15.575,NaN
2001-02-04T12:00:00Z,27.975,-15.525,NaN
2001-02-04T12:00:00Z,27.975,-15.475,NaN
2001-02-04T12:00:00Z,27.975,-15.425,NaN
2001-02-04T12:00:00Z,27.975,-15.375,0.0
2001-02-04T12:00:00Z,27.925,-15.625,NaN
2001-02-04T12:00:00Z,27.925,-15.575,NaN
2001-02-04T12:00:00Z,27.925,-15.525,NaN
2001-02-04T12:00:00Z,27.925,-15.475,NaN
2001-02-04T12:00:00Z,27.925,-15.425,NaN
2001-02-04T12:00:00Z,27.925,-15.375,0.0
2001-02-04T12:00:00Z,27.875,-15.625,NaN
2001-02-04T12:00:00Z,27.875,-15.575,NaN
2001-02-04T12:00:00Z,27.875,-15.525,NaN
2001-02-04T12:00:00Z,27.875,-15.475,NaN
2001-02-04T12:00:00Z,27.875,-15.425,NaN
2001-02-04T12:00:00Z,27.875,-15.375,0.0
2001-02-04T12:00:00Z,27.825,-15.625,NaN
2001-02-04T12:00:00Z,27.825,-15.575,NaN
2001-02-04T12:00:00Z,27.825,-15.525,NaN
2001-02-04T12:00:00Z,27.825,-15.475,NaN
2001-02-04T12:00:00Z,27.825,-15.425,0.0
2001-02-04T12:00:00Z,27.825,-15.375,0.0
2001-03-06T12:00:00Z,28.175,-15.625,0.0
2001-03-06T12:00:00Z,28.175,-15.575,0.0
2001-03-06T12:00:00Z,28.175,-15.525,0.0
2001-03-06T12:00:00Z,28.175,-15.475,0.0
2001-03-06T12:00:00Z,28.175,-15.425,0.0
2001-03-06T12:00:00Z,28.175,-15.375,0.0
2001-03-06T12:00:00Z,28.125,-15.625,0.0
2001-03-06T12:00:00Z,28.125,-15.575,0.0
2001-03-06T12:00:00Z,28.125,-15.525,0.0
2001-03-06T12:00:00Z,28.125,-15.475,0.0
2001-03-06T12:00:00Z,28.125,-15.425,0.0
2001-03-06T12:00:00Z,28.125,-15.375,0.0
2001-03-06T12:00:00Z,28.075,-15.625,NaN
2001-03-06T12:00:00Z,28.075,-15.575,NaN
2001-03-06T12:00:00Z,28.075,-15.525,NaN
2001-03-06T12:00:00Z,28.075,-15.475,0.0
2001-03-06T12:00:00Z,28.075,-15.425,0.0
2001-03-06T12:00:00Z,28.075,-15.375,0.0
2001-03-06T12:00:00Z,28.025,-15.625,NaN
2001-03-06T12:00:00Z,28.025,-15.575,NaN
2001-03-06T12:00:00Z,28.025,-15.525,NaN
2001-03-06T12:00:00Z,28.025,-15.475,NaN
2001-03-06T12:00:00Z,28.025,-15.425,0.0
2001-03-06T12:00:00Z,28.025,-15.375,0.0
2001-03-06T12:00:00Z,27.975,-15.625,NaN
2001-03-06T12:00:00Z,27.975,-15.575,NaN
2001-03-06T12:00:00Z,27.975,-15.525,NaN
2001-03-06T12:00:00Z,27.975,-15.475,NaN
2001-03-06T12:00:00Z,27.975,-15.425,NaN
2001-03-06T12:00:00Z,27.975,-15.375,0.0
2001-03-06T12:00:00Z,27.925,-15.625,NaN
2001-03-06T12:00:00Z,27.925,-15.575,NaN
2001-03-06T12:00:00Z,27.925,-15.525,NaN
2001-03-06T12:00:00Z,27.925,-15.475,NaN
2001-03-06T12:00:00Z,27.925,-15.425,NaN
2001-03-06T12:00:00Z,27.925,-15.375,0.0
2001-03-06T12:00:00Z,27.875,-15.625,NaN
2001-03-06T12:00:00Z,27.875,-15.575,NaN
2001-03-06T12:00:00Z,27.875,-15.525,NaN
2001-03-06T12:00:00Z,27.875,-15.475,NaN
2001-03-06T12:00:00Z,27.875,-15.425,NaN
2001-03-06T12:00:00Z,27.875,-15.375,0.0
2001-03-06T12:00:00Z,27.825,-15.625,NaN
2001-03-06T12:00:00Z,27.825,-15.575,NaN
2001-03-06T12:00:00Z,27.825,-15.525,NaN
2001-03-06T12:00:00Z,27.825,-15.475,NaN
2001-03-06T12:00:00Z,27.825,-15.425,0.0
2001-03-06T12:00:00Z,27.825,-15.375,0.0
2001-04-05T12:00:00Z,28.175,-15.625,0.0
2001-04-05T12:00:00Z,28.175,-15.575,0.0
2001-04-05T12:00:00Z,28.175,-15.525,0.0
2001-04-05T12:00:00Z,28.175,-15.475,0.0
2001-04-05T12:00:00Z,28.175,-15.425,0.0
2001-04-05T12:00:00Z,28.175,-15.375,0.0
2001-04-05T12:00:00Z,28.125,-15.625,0.0
2001-04-05T12:00:00Z,28.125,-15.575,0.0
2001-04-05T12:00:00Z,28.125,-15.525,0.0
2001-04-05T12:00:00Z,28.125,-15.475,0.0
2001-04-05T12:00:00Z,28.125,-15.425,0.0
2001-04-05T12:00:00Z,28.125,-15.375,0.0
2001-04-05T12:00:00Z,28.075,-15.625,NaN
2001-04-05T12:00:00Z,28.075,-15.575,NaN
2001-04-05T12:00:00Z,28.075,-15.525,NaN
2001-04-05T12:00:00Z,28.075,-15.475,0.0
2001-04-05T12:00:00Z,28.075,-15.425,0.0
2001-04-05T12:00:00Z,28.075,-15.375,0.0
2001-04-05T12:00:00Z,28.025,-15.625,NaN
2001-04-05T12:00:00Z,28.025,-15.575,NaN
2001-04-05T12:00:00Z,28.025,-15.525,NaN
2001-04-05T12:00:00Z,28.025,-15.475,NaN
2001-04-05T12:00:00Z,28.025,-15.425,0.0
2001-04-05T12:00:00Z,28.025,-15.375,0.0
2001-04-05T12:00:00Z,27.975,-15.625,NaN
2001-04-05T12:00:00Z,27.975,-15.575,NaN
2001-04-05T12:00:00Z,27.975,-15.525,NaN
2001-04-05T12:00:00Z,27.975,-15.475,NaN
2001-04-05T12:00:00Z,27.975,-15.425,NaN
2001-04-05T12:00:00Z,27.975,-15.375,0.0
2001-04-05T12:00:00Z,27.925,-15.625,NaN
2001-04-05T12:00:00Z,27.925,-15.575,NaN
2001-04-05T12:00:00Z,27.925,-15.525,NaN
2001-04-05T12:00:00Z,27.925,-15.475,NaN
2001-04-05T12:00:00Z,27.925,-15.425,NaN
2001-04-05T12:00:00Z,27.925,-15.375,0.0
2001-04-05T12:00:00Z,27.875,-15.625,NaN
2001-04-05T12:00:00Z,27.875,-15.575,NaN
2001-04-05T12:00:00Z,27.875,-15.525,NaN
2001-04-05T12:00:00Z,27.875,-15.475,NaN
2001-04-05T12:00:00Z,27.875,-15.425,NaN
2001-04-05T12:00:00Z,27.875,-15.375,0.0
2001-04-05T12:00:00Z,27.825,-15.625,NaN
2001-04-05T12:00:00Z,27.825,-15.575,NaN
2001-04-05T12:00:00Z,27.825,-15.525,NaN
2001-04-05T12:00:00Z,27.825,-15.475,NaN
2001-04-05T12:00:00Z,27.825,-15.425,0.0
2001-04-05T12:00:00Z,27.825,-15.375,0.0
2001-05-05T12:00:00Z,28.175,-15.625,0.0
2001-05-05T12:00:00Z,28.175,-15.575,0.0
2001-05-05T12:00:00Z,28.175,-15.525,0.0
2001-05-05T12:00:00Z,28.175,-15.475,0.0
2001-05-05T12:00:00Z,28.175,-15.425,0.0
2001-05-05T12:00:00Z,28.175,-15.375,0.0
2001-05-05T12:00:00Z,28.125,-15.625,0.0
2001-05-05T12:00:00Z,28.125,-15.575,0.0
2001-05-05T12:00:00Z,28.125,-15.525,0.0
2001-05-05T12:00:00Z,28.125,-15.475,0.0
2001-05-05T12:00:00Z,28.125,-15.425,0.0
2001-05-05T12:00:00Z,28.125,-15.375,0.0
2001-05-05T12:00:00Z,28.075,-15.625,NaN
2001-05-05T12:00:00Z,28.075,-15.575,NaN
2001-05-05T12:00:00Z,28.075,-15.525,NaN
2001-05-05T12:00:00Z,28.075,-15.475,0.0
2001-05-05T12:00:00Z,28.075,-15.425,0.0
2001-05-05T12:00:00Z,28.075,-15.375,0.0
2001-05-05T12:00:00Z,28.025,-15.625,NaN
2001-05-05T12:00:00Z,28.025,-15.575,NaN
2001-05-05T12:00:00Z,28.025,-15.525,NaN
2001-05-05T12:00:00Z,28.025,-15.475,NaN
2001-05-05T12:00:00Z,28.025,-15.425,0.0
2001-05-05T12:00:00Z,28.025,-15.375,0.0
2001-05-05T12:00:00Z,27.975,-15.625,NaN
2001-05-05T12:00:00Z,27.975,-15.575,NaN
2001-05-05T12:00:00Z,27.975,-15.525,NaN
2001-05-05T12:00:00Z,27.975,-15.475,NaN
2001-05-05T12:00:00Z,27.975,-15.425,NaN
2001-05-05T12:00:00Z,27.975,-15.375,0.0
2001-05-05T12:00:00Z,27.925,-15.625,NaN
2001-05-05T12:00:00Z,27.925,-15.575,NaN
2001-05-05T12:00:00Z,27.925,-15.525,NaN
2001-05-05T12:00:00Z,27.925,-15.475,NaN
2001-05-05T12:00:00Z,27.925,-15.425,NaN
2001-05-05T12:00:00Z,27.925,-15.375,0.0
2001-05-05T12:00:00Z,27.875,-15.625,NaN
2001-05-05T12:00:00Z,27.875,-15.575,NaN
2001-05-05T12:00:00Z,27.875,-15.525,NaN
2001-05-05T12:00:00Z,27.875,-15.475,NaN
2001-05-05T12:00:00Z,27.875,-15.425,NaN
2001-05-05T12:00:00Z,27.875,-15.375,0.0
2001-05-05T12:00:00Z,27.825,-15.625,NaN
2001-05-05T12:00:00Z,27.825,-15.575,NaN
2001-05-05T12:00:00Z,27.825,-15.525,NaN
2001-05-05T12:00:00Z,27.825,-15.475,NaN
2001-05-05T12:00:00Z,27.825,-15.425,0.0
2001-05-05T12:00:00Z,27.825,-15.375,0.0
2001-06-04T12:00:00Z,28.175,-15.625,0.0
2001-06-04T12:00:00Z,28.175,-15.575,0.0
2001-06-04T12:00:00Z,28.175,-15.525,0.0
2001-06-04T12:00:00Z,28.175,-15.475,0.0
2001-06-04T12:00:00Z,28.175,-15.425,0.0
2001-06-04T12:00:00Z,28.175,-15.375,0.0
2001-06-04T12:00:00Z,28.125,-15.625,0.0
2001-06-04T12:00:00Z,28.125,-15.575,0.0
2001-06-04T12:00:00Z,28.125,-15.525,0.0
2001-06-04T12:00:00Z,28.125,-15.475,0.0
2001-06-04T12:00:00Z,28.125,-15.425,0.0
2001-06-04T12:00:00Z,28.125,-15.375,0.0
2001-06-04T12:00:00Z,28.075,-15.625,NaN
2001-06-04T12:00:00Z,28.075,-15.575,NaN
2001-06-04T12:00:00Z,28.075,-15.525,NaN
2001-06-04T12:00:00Z,28.075,-15.475,0.0
2001-06-04T12:00:00Z,28.075,-15.425,0.0
2001-06-04T12:00:00Z,28.075,-15.375,0.0
2001-06-04T12:00:00Z,28.025,-15.625,NaN
2001-06-04T12:00:00Z,28.025,-15.575,NaN
2001-06-04T12:00:00Z,28.025,-15.525,NaN
2001-06-04T12:00:00Z,28.025,-15.475,NaN
2001-06-04T12:00:00Z,28.025,-15.425,0.0
2001-06-04T12:00:00Z,28.025,-15.375,0.0
2001-06-04T12:00:00Z,27.975,-15.625,NaN
2001-06-04T12:00:00Z,27.975,-15.575,NaN
2001-06-04T12:00:00Z,27.975,-15.525,NaN
2001-06-04T12:00:00Z,27.975,-15.475,NaN
2001-06-04T12:00:00Z,27.975,-15.425,NaN
2001-06-04T12:00:00Z,27.975,-15.375,0.0
2001-06-04T12:00:00Z,27.925,-15.625,NaN
2001-06-04T12:00:00Z,27.925,-15.575,NaN
2001-06-04T12:00:00Z,27.925,-15.525,NaN
2001-06-04T12:00:00Z,27.925,-15.475,NaN
2001-06-04T12:00:00Z,27.925,-15.425,NaN
2001-06-04T12:00:00Z,27.925,-15.375,0.0
2001-06-04T12:00:00Z,27.875,-15.625,NaN
2001-06-04T12:00:00Z,27.875,-15.575,NaN
2001-06-04T12:00:00Z,27.875,-15.525,NaN
2001-06-04T12:00:00Z,27.875,-15.475,NaN
2001-06-04T12:00:00Z,27.875,-15.425,NaN
2001-06-04T12:00:00Z,27.875,-15.375,0.0
2001-06-04T12:00:00Z,27.825,-15.625,NaN
2001-06-04T12:00:00Z,27.825,-15.575,NaN
2001-06-04T12:00:00Z,27.825,-15.525,NaN
2001-06-04T12:00:00Z,27.825,-15.475,NaN
2001-06-04T12:00:00Z,27.825,-15.425,0.0
2001-06-04T12:00:00Z,27.825,-15.375,0.0
2001-07-04T12:00:00Z,28.175,-15.625,0.0
2001-07-04T12:00:00Z,28.175,-15.575,0.0
2001-07-04T12:00:00Z,28.175,-15.525,0.0
2001-07-04T12:00:00Z,28.175,-15.475,0.0
2001-07-04T12:00:00Z,28.175,-15.425,0.0
2001-07-04T12:00:00Z,28.175,-15.375,0.0
2001-07-04T12:00:00Z,28.125,-15.625,0.0
2001-07-04T12:00:00Z,28.125,-15.575,0.0
2001-07-04T12:00:00Z,28.125,-15.525,0.0
2001-07-04T12:00:00Z,28.125,-15.475,0.0
2001-07-04T12:00:00Z,28.125,-15.425,0.0
2001-07-04T12:00:00Z,28.125,-15.375,0.0
2001-07-04T12:00:00Z,28.075,-15.625,NaN
2001-07-04T12:00:00Z,28.075,-15.575,NaN
2001-07-04T12:00:00Z,28.075,-15.525,NaN
2001-07-04T12:00:00Z,28.075,-15.475,0.0
2001-07-04T12:00:00Z,28.075,-15.425,0.0
2001-07-04T12:00:00Z,28.075,-15.375,0.0
2001-07-04T12:00:00Z,28.025,-15.625,NaN
2001-07-04T12:00:00Z,28.025,-15.575,NaN
2001-07-04T12:00:00Z,28.025,-15.525,NaN
2001-07-04T12:00:00Z,28.025,-15.475,NaN
2001-07-04T12:00:00Z,28.025,-15.425,0.0
2001-07-04T12:00:00Z,28.025,-15.375,0.0
2001-07-04T12:00:00Z,27.975,-15.625,NaN
2001-07-04T12:00:00Z,27.975,-15.575,NaN
2001-07-04T12:00:00Z,27.975,-15.525,NaN
2001-07-04T12:00:00Z,27.975,-15.475,NaN
2001-07-04T12:00:00Z,27.975,-15.425,NaN
2001-07-04T12:00:00Z,27.975,-15.375,0.0
2001-07-04T12:00:00Z,27.925,-15.625,NaN
2001-07-04T12:00:00Z,27.925,-15.575,NaN
2001-07-04T12:00:00Z,27.925,-15.525,NaN
2001-07-04T12:00:00Z,27.925,-15.475,NaN
2001-07-04T12:00:00Z,27.925,-15.425,NaN
2001-07-04T12:00:00Z,27.925,-15.375,0.0
2001-07-04T12:00:00Z,27.875,-15.625,NaN
2001-07-04T12:00:00Z,27.875,-15.575,NaN
2001-07-04T12:00:00Z,27.875,-15.525,NaN
2001-07-04T12:00:00Z,27.875,-15.475,NaN
2001-07-04T12:00:00Z,27.875,-15.425,NaN
2001-07-04T12:00:00Z,27.875,-15.375,0.0
2001-07-04T12:00:00Z,27.825,-15.625,NaN
2001-07-04T12:00:00Z,27.825,-15.575,NaN
2001-07-04T12:00:00Z,27.825,-15.525,NaN
2001-07-04T12:00:00Z,27.825,-15.475,NaN
2001-07-04T12:00:00Z,27.825,-15.425,0.0
2001-07-04T12:00:00Z,27.825,-15.375,0.0
2001-08-03T12:00:00Z,28.175,-15.625,0.0
2001-08-03T12:00:00Z,28.175,-15.575,0.0
2001-08-03T12:00:00Z,28.175,-15.525,0.0
2001-08-03T12:00:00Z,28.175,-15.475,0.0
2001-08-03T12:00:00Z,28.175,-15.425,0.0
2001-08-03T12:00:00Z,28.175,-15.375,0.0
2001-08-03T12:00:00Z,28.125,-15.625,0.0
2001-08-03T12:00:00Z,28.125,-15.575,0.0
2001-08-03T12:00:00Z,28.125,-15.525,0.0
2001-08-03T12:00:00Z,28.125,-15.475,0.0
2001-08-03T12:00:00Z,28.125,-15.425,0.0
2001-08-03T12:00:00Z,28.125,-15.375,0.0
2001-08-03T12:00:00Z,28.075,-15.625,NaN
2001-08-03T12:00:00Z,28.075,-15.575,NaN
2001-08-03T12:00:00Z,28.075,-15.525,NaN
2001-08-03T12:00:00Z,28.075,-15.475,0.0
2001-08-03T12:00:00Z,28.075,-15.425,0.0
2001-08-03T12:00:00Z,28.075,-15.375,0.0
2001-08-03T12:00:00Z,28.025,-15.625,NaN
2001-08-03T12:00:00Z,28.025,-15.575,NaN
2001-08-03T12:00:00Z,28.025,-15.525,NaN
2001-08-03T12:00:00Z,28.025,-15.475,NaN
2001-08-03T12:00:00Z,28.025,-15.425,0.0
2001-08-03T12:00:00Z,28.025,-15.375,0.0
2001-08-03T12:00:00Z,27.975,-15.625,NaN
2001-08-03T12:00:00Z,27.975,-15.575,NaN
2001-08-03T12:00:00Z,27.975,-15.525,NaN
2001-08-03T12:00:00Z,27.975,-15.475,NaN
2001-08-03T12:00:00Z,27.975,-15.425,NaN
2001-08-03T12:00:00Z,27.975,-15.375,0.0
2001-08-03T12:00:00Z,27.925,-15.625,NaN
2001-08-03T12:00:00Z,27.925,-15.575,NaN
2001-08-03T12:00:00Z,27.925,-15.525,NaN
2001-08-03T12:00:00Z,27.925,-15.475,NaN
2001-08-03T12:00:00Z,27.925,-15.425,NaN
2001-08-03T12:00:00Z,27.925,-15.375,0.0
2001-08-03T12:00:00Z,27.875,-15.625,NaN
2001-08-03T12:00:00Z,27.875,-15.575,NaN
2001-08-03T12:00:00Z,27.875,-15.525,NaN
2001-08-03T12:00:00Z,27.875,-15.475,NaN
2001-08-03T12:00:00Z,27.875,-15.425,NaN
2001-08-03T12:00:00Z,27.875,-15.375,0.0
2001-08-03T12:00:00Z,27.825,-15.625,NaN
2001-08-03T12:00:00Z,27.825,-15.575,NaN
2001-08-03T12:00:00Z,27.825,-15.525,NaN
2001-08-03T12:00:00Z,27.825,-15.475,NaN
2001-08-03T12:00:00Z,27.825,-15.425,0.0
2001-08-03T12:00:00Z,27.825,-15.375,0.0
2001-09-02T12:00:00Z,28.175,-15.625,0.0
2001-09-02T12:00:00Z,28.175,-15.575,0.0
2001-09-02T12:00:00Z,28.175,-15.525,0.0
2001-09-02T12:00:00Z,28.175,-15.475,0.0
2001-09-02T12:00:00Z,28.175,-15.425,0.0
2001-09-02T12:00:00Z,28.175,-15.375,0.0
2001-09-02T12:00:00Z,28.125,-15.625,0.0
2001-09-02T12:00:00Z,28.125,-15.575,0.0
2001-09-02T12:00:00Z,28.125,-15.525,0.0
2001-09-02T12:00:00Z,28.125,-15.475,0.0
2001-09-02T12:00:00Z,28.125,-15.425,0.0
2001-09-02T12:00:00Z,28.125,-15.375,0.0
2001-09-02T12:00:00Z,28.075,-15.625,NaN
2001-09-02T12:00:00Z,28.075,-15.575,NaN
2001-09-02T12:00:00Z,28.075,-15.525,NaN
2001-09-02T12:00:00Z,28.075,-15.475,0.0
2001-09-02T12:00:00Z,28.075,-15.425,0.0
2001-09-02T12:00:00Z,28.075,-15.375,0.0
2001-09-02T12:00:00Z,28.025,-15.625,NaN
2001-09-02T12:00:00Z,28.025,-15.575,NaN
2001-09-02T12:00:00Z,28.025,-15.525,NaN
2001-09-02T12:00:00Z,28.025,-15.475,NaN
2001-09-02T12:00:00Z,28.025,-15.425,0.0
2001-09-02T12:00:00Z,28.025,-15.375,0.0
2001-09-02T12:00:00Z,27.975,-15.625,NaN
2001-09-02T12:00:00Z,27.975,-15.575,NaN
2001-09-02T12:00:00Z,27.975,-15.525,NaN
2001-09-02T12:00:00Z,27.975,-15.475,NaN
2001-09-02T12:00:00Z,27.975,-15.425,NaN
2001-09-02T12:00:00Z,27.975,-15.375,0.0
2001-09-02T12:00:00Z,27.925,-15.625,NaN
2001-09-02T12:00:00Z,27.925,-15.575,NaN
2001-09-02T12:00:00Z,27.925,-15.525,NaN
2001-09-02T12:00:00Z,27.925,-15.475,NaN
2001-09-02T12:00:00Z,27.925,-15.425,NaN
2001-09-02T12:00:00Z,27.925,-15.375,0.0
2001-09-02T12:00:00Z,27.875,-15.625,NaN
2001-09-02T12:00:00Z,27.875,-15.575,NaN
2001-09-02T12:00:00Z,27.875,-15.525,NaN
2001-09-02T12:00:00Z,27.875,-15.475,NaN
2001-09-02T12:00:00Z,27.875,-15.425,NaN
2001-09-02T12:00:00Z,27.875,-15.375,0.0
2001-09-02T12:00:00Z,27.825,-15.625,NaN
2001-09-02T12:00:00Z,27.825,-15.575,NaN
2001-09-02T12:00:00Z,27.825,-15.525,NaN
2001-09-02T12:00:00Z,27.825,-15.475,NaN
2001-09-02T12:00:00Z,27.825,-15.425,0.0
2001-09-02T12:00:00Z,27.825,-15.375,0.0
2001-10-02T12:00:00Z,28.175,-15.625,1.72
2001-10-02T12:00:00Z,28.175,-15.575,1.74
2001-10-02T12:00:00Z,28.175,-15.525,1.76
2001-10-02T12:00:00Z,28.175,-15.475,1.78
2001-10-02T12:00:00Z,28.175,-15.425,2.08
2001-10-02T12:00:00Z,28.175,-15.375,2.12
2001-10-02T12:00:00Z,28.125,-15.625,1.54
2001-10-02T12:00:00Z,28.125,-15.575,1.72
2001-10-02T12:00:00Z,28.125,-15.525,1.74
2001-10-02T12:00:00Z,28.125,-15.475,1.77
2001-10-02T12:00:00Z,28.125,-15.425,1.8
2001-10-02T12:00:00Z,28.125,-15.375,1.97
2001-10-02T12:00:00Z,28.075,-15.625,NaN
2001-10-02T12:00:00Z,28.075,-15.575,NaN
2001-10-02T12:00:00Z,28.075,-15.525,NaN
2001-10-02T12:00:00Z,28.075,-15.475,1.6300000000000001
2001-10-02T12:00:00Z,28.075,-15.425,1.82
2001-10-02T12:00:00Z,28.075,-15.375,1.85
2001-10-02T12:00:00Z,28.025,-15.625,NaN
2001-10-02T12:00:00Z,28.025,-15.575,NaN
2001-10-02T12:00:00Z,28.025,-15.525,NaN
2001-10-02T12:00:00Z,28.025,-15.475,NaN
2001-10-02T12:00:00Z,28.025,-15.425,1.71
2001-10-02T12:00:00Z,28.025,-15.375,1.8900000000000001
2001-10-02T12:00:00Z,27.975,-15.625,NaN
2001-10-02T12:00:00Z,27.975,-15.575,NaN
2001-10-02T12:00:00Z,27.975,-15.525,NaN
2001-10-02T12:00:00Z,27.975,-15.475,NaN
2001-10-02T12:00:00Z,27.975,-15.425,NaN
2001-10-02T12:00:00Z,27.975,-15.375,1.95
2001-10-02T12:00:00Z,27.925,-15.625,NaN
2001-10-02T12:00:00Z,27.925,-15.575,NaN
2001-10-02T12:00:00Z,27.925,-15.525,NaN
2001-10-02T12:00:00Z,27.925,-15.475,NaN
2001-10-02T12:00:00Z,27.925,-15.425,NaN
2001-10-02T12:00:00Z,27.925,-15.375,2.0100000000000002
2001-10-02T12:00:00Z,27.875,-15.625,NaN
2001-10-02T12:00:00Z,27.875,-15.575,NaN
2001-10-02T12:00:00Z,27.875,-15.525,NaN
2001-10-02T12:00:00Z,27.875,-15.475,NaN
2001-10-02T12:00:00Z,27.875,-15.425,NaN
2001-10-02T12:00:00Z,27.875,-15.375,2.19
2001-10-02T12:00:00Z,27.825,-15.625,NaN
2001-10-02T12:00:00Z,27.825,-15.575,NaN
2001-10-02T12:00:00Z,27.825,-15.525,NaN
2001-10-02T12:00:00Z,27.825,-15.475,NaN
2001-10-02T12:00:00Z,27.825,-15.425,2.15
2001-10-02T12:00:00Z,27.825,-15.375,2.36
2001-11-01T12:00:00Z,28.175,-15.625,5.79
2001-11-01T12:00:00Z,28.175,-15.575,5.83
2001-11-01T12:00:00Z,28.175,-15.525,5.86
2001-11-01T12:00:00Z,28.175,-15.475,5.75
2001-11-01T12:00:00Z,28.175,-15.425,5.94
2001-11-01T12:00:00Z,28.175,-15.375,6.21
2001-11-01T12:00:00Z,28.125,-15.625,5.41
2001-11-01T12:00:00Z,28.125,-15.575,5.7700000000000005
2001-11-01T12:00:00Z,28.125,-15.525,5.79
2001-11-01T12:00:00Z,28.125,-15.475,5.7
2001-11-01T12:00:00Z,28.125,-15.425,5.78
2001-11-01T12:00:00Z,28.125,-15.375,5.8500000000000005
2001-11-01T12:00:00Z,28.075,-15.625,NaN
2001-11-01T12:00:00Z,28.075,-15.575,NaN
2001-11-01T12:00:00Z,28.075,-15.525,NaN
2001-11-01T12:00:00Z,28.075,-15.475,5.4
2001-11-01T12:00:00Z,28.075,-15.425,5.65
2001-11-01T12:00:00Z,28.075,-15.375,5.57
2001-11-01T12:00:00Z,28.025,-15.625,NaN
2001-11-01T12:00:00Z,28.025,-15.575,NaN
2001-11-01T12:00:00Z,28.025,-15.525,NaN
2001-11-01T12:00:00Z,28.025,-15.475,NaN
2001-11-01T12:00:00Z,28.025,-15.425,5.39
2001-11-01T12:00:00Z,28.025,-15.375,5.61
2001-11-01T12:00:00Z,27.975,-15.625,NaN
2001-11-01T12:00:00Z,27.975,-15.575,NaN
2001-11-01T12:00:00Z,27.975,-15.525,NaN
2001-11-01T12:00:00Z,27.975,-15.475,NaN
2001-11-01T12:00:00Z,27.975,-15.425,NaN
2001-11-01T12:00:00Z,27.975,-15.375,5.54
2001-11-01T12:00:00Z,27.925,-15.625,NaN
2001-11-01T12:00:00Z,27.925,-15.575,NaN
2001-11-01T12:00:00Z,27.925,-15.525,NaN
2001-11-01T12:00:00Z,27.925,-15.475,NaN
2001-11-01T12:00:00Z,27.925,-15.425,NaN
2001-11-01T12:00:00Z,27.925,-15.375,5.59
2001-11-01T12:00:00Z,27.875,-15.625,NaN
2001-11-01T12:00:00Z,27.875,-15.575,NaN
2001-11-01T12:00:00Z,27.875,-15.525,NaN
2001-11-01T12:00:00Z,27.875,-15.475,NaN
2001-11-01T12:00:00Z,27.875,-15.425,NaN
2001-11-01T12:00:00Z,27.875,-15.375,5.73
2001-11-01T12:00:00Z,27.825,-15.625,NaN
2001-11-01T12:00:00Z,27.825,-15.575,NaN
2001-11-01T12:00:00Z,27.825,-15.525,NaN
2001-11-01T12:00:00Z,27.825,-15.475,NaN
2001-11-01T12:00:00Z,27.825,-15.425,5.68
2001-11-01T12:00:00Z,27.825,-15.375,5.74
2001-12-01T12:00:00Z,28.175,-15.625,5.79
2001-12-01T12:00:00Z,28.175,-15.575,5.83
2001-12-01T12:00:00Z,28.175,-15.525,5.86
2001-12-01T12:00:00Z,28.175,-15.475,5.75
2001-12-01T12:00:00Z,28.175,-15.425,5.94
2001-12-01T12:00:00Z,28.175,-15.375,6.21
2001-12-01T12:00:00Z,28.125,-15.625,5.41
2001-12-01T12:00:00Z,28.125,-15.575,5.7700000000000005
2001-12-01T12:00:00Z,28.125,-15.525,5.79
2001-12-01T12:00:00Z,28.125,-15.475,5.7
2001-12-01T12:00:00Z,28.125,-15.425,5.78
2001-12-01T12:00:00Z,28.125,-15.375,5.8500000000000005
2001-12-01T12:00:00Z,28.075,-15.625,NaN
2001-12-01T12:00:00Z,28.075,-15.575,NaN
2001-12-01T12:00:00Z,28.075,-15.525,NaN
2001-12-01T12:00:00Z,28.075,-15.475,5.4
2001-12-01T12:00:00Z,28.075,-15.425,5.65
2001-12-01T12:00:00Z,28.075,-15.375,5.57
2001-12-01T12:00:00Z,28.025,-15.625,NaN
2001-12-01T12:00:00Z,28.025,-15.575,NaN
2001-12-01T12:00:00Z,28.025,-15.525,NaN
2001-12-01T12:00:00Z,28.025,-15.475,NaN
2001-12-01T12:00:00Z,28.025,-15.425,5.39
2001-12-01T12:00:00Z,28.025,-15.375,5.61
2001-12-01T12:00:00Z,27.975,-15.625,NaN
2001-12-01T12:00:00Z,27.975,-15.575,NaN
2001-12-01T12:00:00Z,27.975,-15.525,NaN
2001-12-01T12:00:00Z,27.975,-15.475,NaN
2001-12-01T12:00:00Z,27.975,-15.425,NaN
2001-12-01T12:00:00Z,27.975,-15.375,5.54
2001-12-01T12:00:00Z,27.925,-15.625,NaN
2001-12-01T12:00:00Z,27.925,-15.575,NaN
2001-12-01T12:00:00Z,27.925,-15.525,NaN
2001-12-01T12:00:00Z,27.925,-15.475,NaN
2001-12-01T12:00:00Z,27.925,-15.425,NaN
2001-12-01T12:00:00Z,27.925,-15.375,5.59
2001-12-01T12:00:00Z,27.875,-15.625,NaN
2001-12-01T12:00:00Z,27.875,-15.575,NaN
2001-12-01T12:00:00Z,27.875,-15.525,NaN
2001-12-01T12:00:00Z,27.875,-15.475,NaN
2001-12-01T12:00:00Z,27.875,-15.425,NaN
2001-12-01T12:00:00Z,27.875,-15.375,5.73
2001-12-01T12:00:00Z,27.825,-15.625,NaN
2001-12-01T12:00:00Z,27.825,-15.575,NaN
2001-12-01T12:00:00Z,27.825,-15.525,NaN
2001-12-01T12:00:00Z,27.825,-15.475,NaN
2001-12-01T12:00:00Z,27.825,-15.425,5.68
2001-12-01T12:00:00Z,27.825,-15.375,5.74
2001-12-31T12:00:00Z,28.175,-15.625,2.65
2001-12-31T12:00:00Z,28.175,-15.575,2.65
2001-12-31T12:00:00Z,28.175,-15.525,2.65
2001-12-31T12:00:00Z,28.175,-15.475,2.5
2001-12-31T12:00:00Z,28.175,-15.425,2.37
2001-12-31T12:00:00Z,28.175,-15.375,2.56
2001-12-31T12:00:00Z,28.125,-15.625,2.46
2001-12-31T12:00:00Z,28.125,-15.575,2.62
2001-12-31T12:00:00Z,28.125,-15.525,2.6
2001-12-31T12:00:00Z,28.125,-15.475,2.46
2001-12-31T12:00:00Z,28.125,-15.425,2.48
2001-12-31T12:00:00Z,28.125,-15.375,2.36
2001-12-31T12:00:00Z,28.075,-15.625,NaN
2001-12-31T12:00:00Z,28.075,-15.575,NaN
2001-12-31T12:00:00Z,28.075,-15.525,NaN
2001-12-31T12:00:00Z,28.075,-15.475,2.2800000000000002
2001-12-31T12:00:00Z,28.075,-15.425,2.32
2001-12-31T12:00:00Z,28.075,-15.375,2.18
2001-12-31T12:00:00Z,28.025,-15.625,NaN
2001-12-31T12:00:00Z,28.025,-15.575,NaN
2001-12-31T12:00:00Z,28.025,-15.525,NaN
2001-12-31T12:00:00Z,28.025,-15.475,NaN
2001-12-31T12:00:00Z,28.025,-15.425,2.15
2001-12-31T12:00:00Z,28.025,-15.375,2.15
2001-12-31T12:00:00Z,27.975,-15.625,NaN
2001-12-31T12:00:00Z,27.975,-15.575,NaN
2001-12-31T12:00:00Z,27.975,-15.525,NaN
2001-12-31T12:00:00Z,27.975,-15.475,NaN
2001-12-31T12:00:00Z,27.975,-15.425,NaN
2001-12-31T12:00:00Z,27.975,-15.375,1.99
2001-12-31T12:00:00Z,27.925,-15.625,NaN
2001-12-31T12:00:00Z,27.925,-15.575,NaN
2001-12-31T12:00:00Z,27.925,-15.525,NaN
2001-12-31T12:00:00Z,27.925,-15.475,NaN
2001-12-31T12:00:00Z,27.925,-15.425,NaN
2001-12-31T12:00:00Z,27.925,-15.375,1.95
2001-12-31T12:00:00Z,27.875,-15.625,NaN
2001-12-31T12:00:00Z,27.875,-15.575,NaN
2001-12-31T12:00:00Z,27.875,-15.525,NaN
2001-12-31T12:00:00Z,27.875,-15.475,NaN
2001-12-31T12:00:00Z,27.875,-15.425,NaN
2001-12-31T12:00:00Z,27.875,-15.375,1.92
2001-12-31T12:00:00Z,27.825,-15.625,NaN
2001-12-31T12:00:00Z,27.825,-15.575,NaN
2001-12-31T12:00:00Z,27.825,-15.525,NaN
2001-12-31T12:00:00Z,27.825,-15.475,NaN
2001-12-31T12:00:00Z,27.825,-15.425,1.92
2001-12-31T12:00:00Z,27.825,-15.375,1.76
2002-01-30T12:00:00Z,28.175,-15.625,0.0
2002-01-30T12:00:00Z,28.175,-15.575,0.0
2002-01-30T12:00:00Z,28.175,-15.525,0.0
2002-01-30T12:00:00Z,28.175,-15.475,0.0
2002-01-30T12:00:00Z,28.175,-15.425,0.0
2002-01-30T12:00:00Z,28.175,-15.375,0.0
2002-01-30T12:00:00Z,28.125,-15.625,0.0
2002-01-30T12:00:00Z,28.125,-15.575,0.0
2002-01-30T12:00:00Z,28.125,-15.525,0.0
2002-01-30T12:00:00Z,28.125,-15.475,0.0
2002-01-30T12:00:00Z,28.125,-15.425,0.0
2002-01-30T12:00:00Z,28.125,-15.375,0.0
2002-01-30T12:00:00Z,28.075,-15.625,NaN
2002-01-30T12:00:00Z,28.075,-15.575,NaN
2002-01-30T12:00:00Z,28.075,-15.525,NaN
2002-01-30T12:00:00Z,28.075,-15.475,0.0
2002-01-30T12:00:00Z,28.075,-15.425,0.0
2002-01-30T12:00:00Z,28.075,-15.375,0.0
2002-01-30T12:00:00Z,28.025,-15.625,NaN
2002-01-30T12:00:00Z,28.025,-15.575,NaN
2002-01-30T12:00:00Z,28.025,-15.525,NaN
2002-01-30T12:00:00Z,28.025,-15.475,NaN
2002-01-30T12:00:00Z,28.025,-15.425,0.0
2002-01-30T12:00:00Z,28.025,-15.375,0.0
2002-01-30T12:00:00Z,27.975,-15.625,NaN
2002-01-30T12:00:00Z,27.975,-15.575,NaN
2002-01-30T12:00:00Z,27.975,-15.525,NaN
2002-01-30T12:00:00Z,27.975,-15.475,NaN
2002-01-30T12:00:00Z,27.975,-15.425,NaN
2002-01-30T12:00:00Z,27.975,-15.375,0.0
2002-01-30T12:00:00Z,27.925,-15.625,NaN
2002-01-30T12:00:00Z,27.925,-15.575,NaN
2002-01-30T12:00:00Z,27.925,-15.525,NaN
2002-01-30T12:00:00Z,27.925,-15.475,NaN
2002-01-30T12:00:00Z,27.925,-15.425,NaN
2002-01-30T12:00:00Z,27.925,-15.375,0.0
2002-01-30T12:00:00Z,27.875,-15.625,NaN
2002-01-30T12:00:00Z,27.875,-15.575,NaN
2002-01-30T12:00:00Z,27.875,-15.525,NaN
2002-01-30T12:00:00Z,27.875,-15.475,NaN
2002-01-30T12:00:00Z,27.875,-15.425,NaN
2002-01-30T12:00:00Z,27.875,-15.375,0.0
2002-01-30T12:00:00Z,27.825,-15.625,NaN
2002-01-30T12:00:00Z,27.825,-15.575,NaN
2002-01-30T12:00:00Z,27.825,-15.525,NaN
2002-01-30T12:00:00Z,27.825,-15.475,NaN
2002-01-30T12:00:00Z,27.825,-15.425,0.0
2002-01-30T12:00:00Z,27.825,-15.375,0.0
2002-03-01T12:00:00Z,28.175,-15.625,0.0
2002-03-01T12:00:00Z,28.175,-15.575,0.0
2002-03-01T12:00:00Z,28.175,-15.525,0.0
2002-03-01T12:00:00Z,28.175,-15.475,0.0
2002-03-01T12:00:00Z,28.175,-15.425,0.0
2002-03-01T12:00:00Z,28.175,-15.375,0.0
2002-03-01T12:00:00Z,28.125,-15.625,0.0
2002-03-01T12:00:00Z,28.125,-15.575,0.0
2002-03-01T12:00:00Z,28.125,-15.525,0.0
2002-03-01T12:00:00Z,28.125,-15.475,0.0
2002-03-01T12:00:00Z,28.125,-15.425,0.0
2002-03-01T12:00:00Z,28.125,-15.375,0.0
2002-03-01T12:00:00Z,28.075,-15.625,NaN
2002-03-01T12:00:00Z,28.075,-15.575,NaN
2002-03-01T12:00:00Z,28.075,-15.525,NaN
2002-03-01T12:00:00Z,28.075,-15.475,0.0
2002-03-01T12:00:00Z,28.075,-15.425,0.0
2002-03-01T12:00:00Z,28.075,-15.375,0.0
2002-03-01T12:00:00Z,28.025,-15.625,NaN
2002-03-01T12:00:00Z,28.025,-15.575,NaN
2002-03-01T12:00:00Z,28.025,-15.525,NaN
2002-03-01T12:00:00Z,28.025,-15.475,NaN
2002-03-01T12:00:00Z,28.025,-15.425,0.0
2002-03-01T12:00:00Z,28.025,-15.375,0.0
2002-03-01T12:00:00Z,27.975,-15.625,NaN
2002-03-01T12:00:00Z,27.975,-15.575,NaN
2002-03-01T12:00:00Z,27.975,-15.525,NaN
2002-03-01T12:00:00Z,27.975,-15.475,NaN
2002-03-01T12:00:00Z,27.975,-15.425,NaN
2002-03-01T12:00:00Z,27.975,-15.375,0.0
2002-03-01T12:00:00Z,27.925,-15.625,NaN
2002-03-01T12:00:00Z,27.925,-15.575,NaN
2002-03-01T12:00:00Z,27.925,-15.525,NaN
2002-03-01T12:00:00Z,27.925,-15.475,NaN
2002-03-01T12:00:00Z,27.925,-15.425,NaN
2002-03-01T12:00:00Z,27.925,-15.375,0.0
2002-03-01T12:00:00Z,27.875,-15.625,NaN
2002-03-01T12:00:00Z,27.875,-15.575,NaN
2002-03-01T12:00:00Z,27.875,-15.525,NaN
2002-03-01T12:00:00Z,27.875,-15.475,NaN
2002-03-01T12:00:00Z,27.875,-15.425,NaN
2002-03-01T12:00:00Z,27.875,-15.375,0.0
2002-03-01T12:00:00Z,27.825,-15.625,NaN
2002-03-01T12:00:00Z,27.825,-15.575,NaN
2002-03-01T12:00:00Z,27.825,-15.525,NaN
2002-03-01T12:00:00Z,27.825,-15.475,NaN
2002-03-01T12:00:00Z,27.825,-15.425,0.0
2002-03-01T12:00:00Z,27.825,-15.375,0.0
2002-03-31T12:00:00Z,28.175,-15.625,0.0
2002-03-31T12:00:00Z,28.175,-15.575,0.0
2002-03-31T12:00:00Z,28.175,-15.525,0.0
2002-03-31T12:00:00Z,28.175,-15.475,0.0
2002-03-31T12:00:00Z,28.175,-15.425,0.0
2002-03-31T12:00:00Z,28.175,-15.375,0.0
2002-03-31T12:00:00Z,28.125,-15.625,0.0
2002-03-31T12:00:00Z,28.125,-15.575,0.0
2002-03-31T12:00:00Z,28.125,-15.525,0.0
2002-03-31T12:00:00Z,28.125,-15.475,0.0
2002-03-31T12:00:00Z,28.125,-15.425,0.0
2002-03-31T12:00:00Z,28.125,-15.375,0.0
2002-03-31T12:00:00Z,28.075,-15.625,NaN
2002-03-31T12:00:00Z,28.075,-15.575,NaN
2002-03-31T12:00:00Z,28.075,-15.525,NaN
2002-03-31T12:00:00Z,28.075,-15.475,0.0
2002-03-31T12:00:00Z,28.075,-15.425,0.0
2002-03-31T12:00:00Z,28.075,-15.375,0.0
2002-03-31T12:00:00Z,28.025,-15.625,NaN
2002-03-31T12:00:00Z,28.025,-15.575,NaN
2002-03-31T12:00:00Z,28.025,-15.525,NaN
2002-03-31T12:00:00Z,28.025,-15.475,NaN
2002-03-31T12:00:00Z,28.025,-15.425,0.0
2002-03-31T12:00:00Z,28.025,-15.375,0.0
2002-03-31T12:00:00Z,27.975,-15.625,NaN
2002-03-31T12:00:00Z,27.975,-15.575,NaN
2002-03-31T12:00:00Z,27.975,-15.525,NaN
2002-03-31T12:00:00Z,27.975,-15.475,NaN
2002-03-31T12:00:00Z,27.975,-15.425,NaN
2002-03-31T12:00:00Z,27.975,-15.375,0.0
2002-03-31T12:00:00Z,27.925,-15.625,NaN
2002-03-31T12:00:00Z,27.925,-15.575,NaN
2002-03-31T12:00:00Z,27.925,-15.525,NaN
2002-03-31T12:00:00Z,27.925,-15.475,NaN
2002-03-31T12:00:00Z,27.925,-15.425,NaN
2002-03-31T12:00:00Z,27.925,-15.375,0.0
2002-03-31T12:00:00Z,27.875,-15.625,NaN
2002-03-31T12:00:00Z,27.875,-15.575,NaN
2002-03-31T12:00:00Z,27.875,-15.525,NaN
2002-03-31T12:00:00Z,27.875,-15.475,NaN
2002-03-31T12:00:00Z,27.875,-15.425,NaN
2002-03-31T12:00:00Z,27.875,-15.375,0.0
2002-03-31T12:00:00Z,27.825,-15.625,NaN
2002-03-31T12:00:00Z,27.825,-15.575,NaN
2002-03-31T12:00:00Z,27.825,-15.525,NaN
2002-03-31T12:00:00Z,27.825,-15.475,NaN
2002-03-31T12:00:00Z,27.825,-15.425,0.0
2002-03-31T12:00:00Z,27.825,-15.375,0.0
2002-04-30T12:00:00Z,28.175,-15.625,0.0
2002-04-30T12:00:00Z,28.175,-15.575,0.0
2002-04-30T12:00:00Z,28.175,-15.525,0.0
2002-04-30T12:00:00Z,28.175,-15.475,0.0
2002-04-30T12:00:00Z,28.175,-15.425,0.0
2002-04-30T12:00:00Z,28.175,-15.375,0.0
2002-04-30T12:00:00Z,28.125,-15.625,0.0
2002-04-30T12:00:00Z,28.125,-15.575,0.0
2002-04-30T12:00:00Z,28.125,-15.525,0.0
2002-04-30T12:00:00Z,28.125,-15.475,0.0
2002-04-30T12:00:00Z,28.125,-15.425,0.0
2002-04-30T12:00:00Z,28.125,-15.375,0.0
2002-04-30T12:00:00Z,28.075,-15.625,NaN
2002-04-30T12:00:00Z,28.075,-15.575,NaN
2002-04-30T12:00:00Z,28.075,-15.525,NaN
2002-04-30T12:00:00Z,28.075,-15.475,0.0
2002-04-30T12:00:00Z,28.075,-15.425,0.0
2002-04-30T12:00:00Z,28.075,-15.375,0.0
2002-04-30T12:00:00Z,28.025,-15.625,NaN
2002-04-30T12:00:00Z,28.025,-15.575,NaN
2002-04-30T12:00:00Z,28.025,-15.525,NaN
2002-04-30T12:00:00Z,28.025,-15.475,NaN
2002-04-30T12:00:00Z,28.025,-15.425,0.0
2002-04-30T12:00:00Z,28.025,-15.375,0.0
2002-04-30T12:00:00Z,27.975,-15.625,NaN
2002-04-30T12:00:00Z,27.975,-15.575,NaN
2002-04-30T12:00:00Z,27.975,-15.525,NaN
2002-04-30T12:00:00Z,27.975,-15.475,NaN
2002-04-30T12:00:00Z,27.975,-15.425,NaN
2002-04-30T12:00:00Z,27.975,-15.375,0.0
2002-04-30T12:00:00Z,27.925,-15.625,NaN
2002-04-30T12:00:00Z,27.925,-15.575,NaN
2002-04-30T12:00:00Z,27.925,-15.525,NaN
2002-04-30T12:00:00Z,27.925,-15.475,NaN
2002-04-30T12:00:00Z,27.925,-15.425,NaN
2002-04-30T12:00:00Z,27.925,-15.375,0.0
2002-04-30T12:00:00Z,27.875,-15.625,NaN
2002-04-30T12:00:00Z,27.875,-15.575,NaN
2002-04-30T12:00:00Z,27.875,-15.525,NaN
2002-04-30T12:00:00Z,27.875,-15.475,NaN
2002-04-30T12:00:00Z,27.875,-15.425,NaN
2002-04-30T12:00:00Z,27.875,-15.375,0.0
2002-04-30T12:00:00Z,27.825,-15.625,NaN
2002-04-30T12:00:00Z,27.825,-15.575,NaN
2002-04-30T12:00:00Z,27.825,-15.525,NaN
2002-04-30T12:00:00Z,27.825,-15.475,NaN
2002-04-30T12:00:00Z,27.825,-15.425,0.0
2002-04-30T12:00:00Z,27.825,-15.375,0.0
2002-05-30T12:00:00Z,28.175,-15.625,0.0
2002-05-30T12:00:00Z,28.175,-15.575,0.0
2002-05-30T12:00:00Z,28.175,-15.525,0.0
2002-05-30T12:00:00Z,28.175,-15.475,0.0
2002-05-30T12:00:00Z,28.175,-15.425,0.0
2002-05-30T12:00:00Z,28.175,-15.375,0.0
2002-05-30T12:00:00Z,28.125,-15.625,0.0
2002-05-30T12:00:00Z,28.125,-15.575,0.0
2002-05-30T12:00:00Z,28.125,-15.525,0.0
2002-05-30T12:00:00Z,28.125,-15.475,0.0
2002-05-30T12:00:00Z,28.125,-15.425,0.0
2002-05-30T12:00:00Z,28.125,-15.375,0.0
2002-05-30T12:00:00Z,28.075,-15.625,NaN
2002-05-30T12:00:00Z,28.075,-15.575,NaN
2002-05-30T12:00:00Z,28.075,-15.525,NaN
2002-05-30T12:00:00Z,28.075,-15.475,0.0
2002-05-30T12:00:00Z,28.075,-15.425,0.0
2002-05-30T12:00:00Z,28.075,-15.375,0.0
2002-05-30T12:00:00Z,28.025,-15.625,NaN
2002-05-30T12:00:00Z,28.025,-15.575,NaN
2002-05-30T12:00:00Z,28.025,-15.525,NaN
2002-05-30T12:00:00Z,28.025,-15.475,NaN
2002-05-30T12:00:00Z,28.025,-15.425,0.0
2002-05-30T12:00:00Z,28.025,-15.375,0.0
2002-05-30T12:00:00Z,27.975,-15.625,NaN
2002-05-30T12:00:00Z,27.975,-15.575,NaN
2002-05-30T12:00:00Z,27.975,-15.525,NaN
2002-05-30T12:00:00Z,27.975,-15.475,NaN
2002-05-30T12:00:00Z,27.975,-15.425,NaN
2002-05-30T12:00:00Z,27.975,-15.375,0.0
2002-05-30T12:00:00Z,27.925,-15.625,NaN
2002-05-30T12:00:00Z,27.925,-15.575,NaN
2002-05-30T12:00:00Z,27.925,-15.525,NaN
2002-05-30T12:00:00Z,27.925,-15.475,NaN
2002-05-30T12:00:00Z,27.925,-15.425,NaN
2002-05-30T12:00:00Z,27.925,-15.375,0.0
2002-05-30T12:00:00Z,27.875,-15.625,NaN
2002-05-30T12:00:00Z,27.875,-15.575,NaN
2002-05-30T12:00:00Z,27.875,-15.525,NaN
2002-05-30T12:00:00Z,27.875,-15.475,NaN
2002-05-30T12:00:00Z,27.875,-15.425,NaN
2002-05-30T12:00:00Z,27.875,-15.375,0.0
2002-05-30T12:00:00Z,27.825,-15.625,NaN
2002-05-30T12:00:00Z,27.825,-15.575,NaN
2002-05-30T12:00:00Z,27.825,-15.525,NaN
2002-05-30T12:00:00Z,27.825,-15.475,NaN
2002-05-30T12:00:00Z,27.825,-15.425,0.0
2002-05-30T12:00:00Z,27.825,-15.375,0.0
2002-06-29T12:00:00Z,28.175,-15.625,0.0
2002-06-29T12:00:00Z,28.175,-15.575,0.0
2002-06-29T12:00:00Z,28.175,-15.525,0.0
2002-06-29T12:00:00Z,28.175,-15.475,0.0
2002-06-29T12:00:00Z,28.175,-15.425,0.0
2002-06-29T12:00:00Z,28.175,-15.375,0.0
2002-06-29T12:00:00Z,28.125,-15.625,0.0
2002-06-29T12:00:00Z,28.125,-15.575,0.0
2002-06-29T12:00:00Z,28.125,-15.525,0.0
2002-06-29T12:00:00Z,28.125,-15.475,0.0
2002-06-29T12:00:00Z,28.125,-15.425,0.0
2002-06-29T12:00:00Z,28.125,-15.375,0.0
2002-06-29T12:00:00Z,28.075,-15.625,NaN
2002-06-29T12:00:00Z,28.075,-15.575,NaN
2002-06-29T12:00:00Z,28.075,-15.525,NaN
2002-06-29T12:00:00Z,28.075,-15.475,0.0
2002-06-29T12:00:00Z,28.075,-15.425,0.0
2002-06-29T12:00:00Z,28.075,-15.375,0.0
2002-06-29T12:00:00Z,28.025,-15.625,NaN
2002-06-29T12:00:00Z,28.025,-15.575,NaN
2002-06-29T12:00:00Z,28.025,-15.525,NaN
2002-06-29T12:00:00Z,28.025,-15.475,NaN
2002-06-29T12:00:00Z,28.025,-15.425,0.0
2002-06-29T12:00:00Z,28.025,-15.375,0.0
2002-06-29T12:00:00Z,27.975,-15.625,NaN
2002-06-29T12:00:00Z,27.975,-15.575,NaN
2002-06-29T12:00:00Z,27.975,-15.525,NaN
2002-06-29T12:00:00Z,27.975,-15.475,NaN
2002-06-29T12:00:00Z,27.975,-15.425,NaN
2002-06-29T12:00:00Z,27.975,-15.375,0.0
2002-06-29T12:00:00Z,27.925,-15.625,NaN
2002-06-29T12:00:00Z,27.925,-15.575,NaN
2002-06-29T12:00:00Z,27.925,-15.525,NaN
2002-06-29T12:00:00Z,27.925,-15.475,NaN
2002-06-29T12:00:00Z,27.925,-15.425,NaN
2002-06-29T12:00:00Z,27.925,-15.375,0.0
2002-06-29T12:00:00Z,27.875,-15.625,NaN
2002-06-29T12:00:00Z,27.875,-15.575,NaN
2002-06-29T12:00:00Z,27.875,-15.525,NaN
2002-06-29T12:00:00Z,27.875,-15.475,NaN
2002-06-29T12:00:00Z,27.875,-15.425,NaN
2002-06-29T12:00:00Z,27.875,-15.375,0.0
2002-06-29T12:00:00Z,27.825,-15.625,NaN
2002-06-29T12:00:00Z,27.825,-15.575,NaN
2002-06-29T12:00:00Z,27.825,-15.525,NaN
2002-06-29T12:00:00Z,27.825,-15.475,NaN
2002-06-29T12:00:00Z,27.825,-15.425,0.0
2002-06-29T12:00:00Z,27.825,-15.375,0.0
2002-07-29T12:00:00Z,28.175,-15.625,0.0
2002-07-29T12:00:00Z,28.175,-15.575,0.0
2002-07-29T12:00:00Z,28.175,-15.525,0.0
2002-07-29T12:00:00Z,28.175,-15.475,0.0
2002-07-29T12:00:00Z,28.175,-15.425,0.0
2002-07-29T12:00:00Z,28.175,-15.375,0.0
2002-07-29T12:00:00Z,28.125,-15.625,0.0
2002-07-29T12:00:00Z,28.125,-15.575,0.0
2002-07-29T12:00:00Z,28.125,-15.525,0.0
2002-07-29T12:00:00Z,28.125,-15.475,0.0
2002-07-29T12:00:00Z,28.125,-15.425,0.0
2002-07-29T12:00:00Z,28.125,-15.375,0.0
2002-07-29T12:00:00Z,28.075,-15.625,NaN
2002-07-29T12:00:00Z,28.075,-15.575,NaN
2002-07-29T12:00:00Z,28.075,-15.525,NaN
2002-07-29T12:00:00Z,28.075,-15.475,0.0
2002-07-29T12:00:00Z,28.075,-15.425,0.0
2002-07-29T12:00:00Z,28.075,-15.375,0.0
2002-07-29T12:00:00Z,28.025,-15.625,NaN
2002-07-29T12:00:00Z,28.025,-15.575,NaN
2002-07-29T12:00:00Z,28.025,-15.525,NaN
2002-07-29T12:00:00Z,28.025,-15.475,NaN
2002-07-29T12:00:00Z,28.025,-15.425,0.0
2002-07-29T12:00:00Z,28.025,-15.375,0.0
2002-07-29T12:00:00Z,27.975,-15.625,NaN
2002-07-29T12:00:00Z,27.975,-15.575,NaN
2002-07-29T12:00:00Z,27.975,-15.525,NaN
2002-07-29T12:00:00Z,27.975,-15.475,NaN
2002-07-29T12:00:00Z,27.975,-15.425,NaN
2002-07-29T12:00:00Z,27.975,-15.375,0.0
2002-07-29T12:00:00Z,27.925,-15.625,NaN
2002-07-29T12:00:00Z,27.925,-15.575,NaN
2002-07-29T12:00:00Z,27.925,-15.525,NaN
2002-07-29T12:00:00Z,27.925,-15.475,NaN
2002-07-29T12:00:00Z,27.925,-15.425,NaN
2002-07-29T12:00:00Z,27.925,-15.375,0.0
2002-07-29T12:00:00Z,27.875,-15.625,NaN
2002-07-29T12:00:00Z,27.875,-15.575,NaN
2002-07-29T12:00:00Z,27.875,-15.525,NaN
2002-07-29T12:00:00Z,27.875,-15.475,NaN
2002-07-29T12:00:00Z,27.875,-15.425,NaN
2002-07-29T12:00:00Z,27.875,-15.375,0.0
2002-07-29T12:00:00Z,27.825,-15.625,NaN
2002-07-29T12:00:00Z,27.825,-15.575,NaN
2002-07-29T12:00:00Z,27.825,-15.525,NaN
2002-07-29T12:00:00Z,27.825,-15.475,NaN
2002-07-29T12:00:00Z,27.825,-15.425,0.0
2002-07-29T12:00:00Z,27.825,-15.375,0.0
2002-08-28T12:00:00Z,28.175,-15.625,0.0
2002-08-28T12:00:00Z,28.175,-15.575,0.0
2002-08-28T12:00:00Z,28.175,-15.525,0.0
2002-08-28T12:00:00Z,28.175,-15.475,0.0
2002-08-28T12:00:00Z,28.175,-15.425,0.0
2002-08-28T12:00:00Z,28.175,-15.375,0.0
2002-08-28T12:00:00Z,28.125,-15.625,0.0
2002-08-28T12:00:00Z,28.125,-15.575,0.0
2002-08-28T12:00:00Z,28.125,-15.525,0.0
2002-08-28T12:00:00Z,28.125,-15.475,0.0
2002-08-28T12:00:00Z,28.125,-15.425,0.0
2002-08-28T12:00:00Z,28.125,-15.375,0.0
2002-08-28T12:00:00Z,28.075,-15.625,NaN
2002-08-28T12:00:00Z,28.075,-15.575,NaN
2002-08-28T12:00:00Z,28.075,-15.525,NaN
2002-08-28T12:00:00Z,28.075,-15.475,0.0
2002-08-28T12:00:00Z,28.075,-15.425,0.0
2002-08-28T12:00:00Z,28.075,-15.375,0.0
2002-08-28T12:00:00Z,28.025,-15.625,NaN
2002-08-28T12:00:00Z,28.025,-15.575,NaN
2002-08-28T12:00:00Z,28.025,-15.525,NaN
2002-08-28T12:00:00Z,28.025,-15.475,NaN
2002-08-28T12:00:00Z,28.025,-15.425,0.0
2002-08-28T12:00:00Z,28.025,-15.375,0.0
2002-08-28T12:00:00Z,27.975,-15.625,NaN
2002-08-28T12:00:00Z,27.975,-15.575,NaN
2002-08-28T12:00:00Z,27.975,-15.525,NaN
2002-08-28T12:00:00Z,27.975,-15.475,NaN
2002-08-28T12:00:00Z,27.975,-15.425,NaN
2002-08-28T12:00:00Z,27.975,-15.375,0.0
2002-08-28T12:00:00Z,27.925,-15.625,NaN
2002-08-28T12:00:00Z,27.925,-15.575,NaN
2002-08-28T12:00:00Z,27.925,-15.525,NaN
2002-08-28T12:00:00Z,27.925,-15.475,NaN
2002-08-28T12:00:00Z,27.925,-15.425,NaN
2002-08-28T12:00:00Z,27.925,-15.375,0.0
2002-08-28T12:00:00Z,27.875,-15.625,NaN
2002-08-28T12:00:00Z,27.875,-15.575,NaN
2002-08-28T12:00:00Z,27.875,-15.525,NaN
2002-08-28T12:00:00Z,27.875,-15.475,NaN
2002-08-28T12:00:00Z,27.875,-15.425,NaN
2002-08-28T12:00:00Z,27.875,-15.375,0.0
2002-08-28T12:00:00Z,27.825,-15.625,NaN
2002-08-28T12:00:00Z,27.825,-15.575,NaN
2002-08-28T12:00:00Z,27.825,-15.525,NaN
2002-08-28T12:00:00Z,27.825,-15.475,NaN
2002-08-28T12:00:00Z,27.825,-15.425,0.0
2002-08-28T12:00:00Z,27.825,-15.375,0.0
2002-09-27T12:00:00Z,28.175,-15.625,0.0
2002-09-27T12:00:00Z,28.175,-15.575,0.0
2002-09-27T12:00:00Z,28.175,-15.525,0.0
2002-09-27T12:00:00Z,28.175,-15.475,0.0
2002-09-27T12:00:00Z,28.175,-15.425,0.0
2002-09-27T12:00:00Z,28.175,-15.375,0.0
2002-09-27T12:00:00Z,28.125,-15.625,0.0
2002-09-27T12:00:00Z,28.125,-15.575,0.0
2002-09-27T12:00:00Z,28.125,-15.525,0.0
2002-09-27T12:00:00Z,28.125,-15.475,0.0
2002-09-27T12:00:00Z,28.125,-15.425,0.0
2002-09-27T12:00:00Z,28.125,-15.375,0.0
2002-09-27T12:00:00Z,28.075,-15.625,NaN
2002-09-27T12:00:00Z,28.075,-15.575,NaN
2002-09-27T12:00:00Z,28.075,-15.525,NaN
2002-09-27T12:00:00Z,28.075,-15.475,0.0
2002-09-27T12:00:00Z,28.075,-15.425,0.0
2002-09-27T12:00:00Z,28.075,-15.375,0.0
2002-09-27T12:00:00Z,28.025,-15.625,NaN
2002-09-27T12:00:00Z,28.025,-15.575,NaN
2002-09-27T12:00:00Z,28.025,-15.525,NaN
2002-09-27T12:00:00Z,28.025,-15.475,NaN
2002-09-27T12:00:00Z,28.025,-15.425,0.0
2002-09-27T12:00:00Z,28.025,-15.375,0.0
2002-09-27T12:00:00Z,27.975,-15.625,NaN
2002-09-27T12:00:00Z,27.975,-15.575,NaN
2002-09-27T12:00:00Z,27.975,-15.525,NaN
2002-09-27T12:00:00Z,27.975,-15.475,NaN
2002-09-27T12:00:00Z,27.975,-15.425,NaN
2002-09-27T12:00:00Z,27.975,-15.375,0.0
2002-09-27T12:00:00Z,27.925,-15.625,NaN
2002-09-27T12:00:00Z,27.925,-15.575,NaN
2002-09-27T12:00:00Z,27.925,-15.525,NaN
2002-09-27T12:00:00Z,27.925,-15.475,NaN
2002-09-27T12:00:00Z,27.925,-15.425,NaN
2002-09-27T12:00:00Z,27.925,-15.375,0.0
2002-09-27T12:00:00Z,27.875,-15.625,NaN
2002-09-27T12:00:00Z,27.875,-15.575,NaN
2002-09-27T12:00:00Z,27.875,-15.525,NaN
2002-09-27T12:00:00Z,27.875,-15.475,NaN
2002-09-27T12:00:00Z,27.875,-15.425,NaN
2002-09-27T12:00:00Z,27.875,-15.375,0.0
2002-09-27T12:00:00Z,27.825,-15.625,NaN
2002-09-27T12:00:00Z,27.825,-15.575,NaN
2002-09-27T12:00:00Z,27.825,-15.525,NaN
2002-09-27T12:00:00Z,27.825,-15.475,NaN
2002-09-27T12:00:00Z,27.825,-15.425,0.0
2002-09-27T12:00:00Z,27.825,-15.375,0.0
2002-10-27T12:00:00Z,28.175,-15.625,0.0
2002-10-27T12:00:00Z,28.175,-15.575,0.0
2002-10-27T12:00:00Z,28.175,-15.525,0.0
2002-10-27T12:00:00Z,28.175,-15.475,0.0
2002-10-27T12:00:00Z,28.175,-15.425,0.0
2002-10-27T12:00:00Z,28.175,-15.375,0.0
2002-10-27T12:00:00Z,28.125,-15.625,0.0
2002-10-27T12:00:00Z,28.125,-15.575,0.0
2002-10-27T12:00:00Z,28.125,-15.525,0.0
2002-10-27T12:00:00Z,28.125,-15.475,0.0
2002-10-27T12:00:00Z,28.125,-15.425,0.0
2002-10-27T12:00:00Z,28.125,-15.375,0.0
2002-10-27T12:00:00Z,28.075,-15.625,NaN
2002-10-27T12:00:00Z,28.075,-15.575,NaN
2002-10-27T12:00:00Z,28.075,-15.525,NaN
2002-10-27T12:00:00Z,28.075,-15.475,0.0
2002-10-27T12:00:00Z,28.075,-15.425,0.0
2002-10-27T12:00:00Z,28.075,-15.375,0.0
2002-10-27T12:00:00Z,28.025,-15.625,NaN
2002-10-27T12:00:00Z,28.025,-15.575,NaN
2002-10-27T12:00:00Z,28.025,-15.525,NaN
2002-10-27T12:00:00Z,28.025,-15.475,NaN
2002-10-27T12:00:00Z,28.025,-15.425,0.0
2002-10-27T12:00:00Z,28.025,-15.375,0.0
2002-10-27T12:00:00Z,27.975,-15.625,NaN
2002-10-27T12:00:00Z,27.975,-15.575,NaN
2002-10-27T12:00:00Z,27.975,-15.525,NaN
2002-10-27T12:00:00Z,27.975,-15.475,NaN
2002-10-27T12:00:00Z,27.975,-15.425,NaN
2002-10-27T12:00:00Z,27.975,-15.375,0.0
2002-10-27T12:00:00Z,27.925,-15.625,NaN
2002-10-27T12:00:00Z,27.925,-15.575,NaN
2002-10-27T12:00:00Z,27.925,-15.525,NaN
2002-10-27T12:00:00Z,27.925,-15.475,NaN
2002-10-27T12:00:00Z,27.925,-15.425,NaN
2002-10-27T12:00:00Z,27.925,-15.375,0.29
2002-10-27T12:00:00Z,27.875,-15.625,NaN
2002-10-27T12:00:00Z,27.875,-15.575,NaN
2002-10-27T12:00:00Z,27.875,-15.525,NaN
2002-10-27T12:00:00Z,27.875,-15.475,NaN
2002-10-27T12:00:00Z,27.875,-15.425,NaN
2002-10-27T12:00:00Z,27.875,-15.375,0.31
2002-10-27T12:00:00Z,27.825,-15.625,NaN
2002-10-27T12:00:00Z,27.825,-15.575,NaN
2002-10-27T12:00:00Z,27.825,-15.525,NaN
2002-10-27T12:00:00Z,27.825,-15.475,NaN
2002-10-27T12:00:00Z,27.825,-15.425,0.46
2002-10-27T12:00:00Z,27.825,-15.375,0.47000000000000003
2002-11-26T12:00:00Z,28.175,-15.625,0.0
2002-11-26T12:00:00Z,28.175,-15.575,0.0
2002-11-26T12:00:00Z,28.175,-15.525,0.0
2002-11-26T12:00:00Z,28.175,-15.475,0.0
2002-11-26T12:00:00Z,28.175,-15.425,0.0
2002-11-26T12:00:00Z,28.175,-15.375,0.0
2002-11-26T12:00:00Z,28.125,-15.625,0.0
2002-11-26T12:00:00Z,28.125,-15.575,0.0
2002-11-26T12:00:00Z,28.125,-15.525,0.0
2002-11-26T12:00:00Z,28.125,-15.475,0.0
2002-11-26T12:00:00Z,28.125,-15.425,0.0
2002-11-26T12:00:00Z,28.125,-15.375,0.0
2002-11-26T12:00:00Z,28.075,-15.625,NaN
2002-11-26T12:00:00Z,28.075,-15.575,NaN
2002-11-26T12:00:00Z,28.075,-15.525,NaN
2002-11-26T12:00:00Z,28.075,-15.475,0.0
2002-11-26T12:00:00Z,28.075,-15.425,0.0
2002-11-26T12:00:00Z,28.075,-15.375,0.0
2002-11-26T12:00:00Z,28.025,-15.625,NaN
2002-11-26T12:00:00Z,28.025,-15.575,NaN
2002-11-26T12:00:00Z,28.025,-15.525,NaN
2002-11-26T12:00:00Z,28.025,-15.475,NaN
2002-11-26T12:00:00Z,28.025,-15.425,0.0
2002-11-26T12:00:00Z,28.025,-15.375,0.0
2002-11-26T12:00:00Z,27.975,-15.625,NaN
2002-11-26T12:00:00Z,27.975,-15.575,NaN
2002-11-26T12:00:00Z,27.975,-15.525,NaN
2002-11-26T12:00:00Z,27.975,-15.475,NaN
2002-11-26T12:00:00Z,27.975,-15.425,NaN
2002-11-26T12:00:00Z,27.975,-15.375,0.0
2002-11-26T12:00:00Z,27.925,-15.625,NaN
2002-11-26T12:00:00Z,27.925,-15.575,NaN
2002-11-26T12:00:00Z,27.925,-15.525,NaN
2002-11-26T12:00:00Z,27.925,-15.475,NaN
2002-11-26T12:00:00Z,27.925,-15.425,NaN
2002-11-26T12:00:00Z,27.925,-15.375,0.29
2002-11-26T12:00:00Z,27.875,-15.625,NaN
2002-11-26T12:00:00Z,27.875,-15.575,NaN
2002-11-26T12:00:00Z,27.875,-15.525,NaN
2002-11-26T12:00:00Z,27.875,-15.475,NaN
2002-11-26T12:00:00Z,27.875,-15.425,NaN
2002-11-26T12:00:00Z,27.875,-15.375,0.31
2002-11-26T12:00:00Z,27.825,-15.625,NaN
2002-11-26T12:00:00Z,27.825,-15.575,NaN
2002-11-26T12:00:00Z,27.825,-15.525,NaN
2002-11-26T12:00:00Z,27.825,-15.475,NaN
2002-11-26T12:00:00Z,27.825,-15.425,0.46
2002-11-26T12:00:00Z,27.825,-15.375,0.47000000000000003
2002-12-26T12:00:00Z,28.175,-15.625,0.0
2002-12-26T12:00:00Z,28.175,-15.575,0.0
2002-12-26T12:00:00Z,28.175,-15.525,0.0
2002-12-26T12:00:00Z,28.175,-15.475,0.0
2002-12-26T12:00:00Z,28.175,-15.425,0.0
2002-12-26T12:00:00Z,28.175,-15.375,0.0
2002-12-26T12:00:00Z,28.125,-15.625,0.0
2002-12-26T12:00:00Z,28.125,-15.575,0.0
2002-12-26T12:00:00Z,28.125,-15.525,0.0
2002-12-26T12:00:00Z,28.125,-15.475,0.0
2002-12-26T12:00:00Z,28.125,-15.425,0.0
2002-12-26T12:00:00Z,28.125,-15.375,0.0
2002-12-26T12:00:00Z,28.075,-15.625,NaN
2002-12-26T12:00:00Z,28.075,-15.575,NaN
2002-12-26T12:00:00Z,28.075,-15.525,NaN
2002-12-26T12:00:00Z,28.075,-15.475,0.0
2002-12-26T12:00:00Z,28.075,-15.425,0.0
2002-12-26T12:00:00Z,28.075,-15.375,0.0
2002-12-26T12:00:00Z,28.025,-15.625,NaN
2002-12-26T12:00:00Z,28.025,-15.575,NaN
2002-12-26T12:00:00Z,28.025,-15.525,NaN
2002-12-26T12:00:00Z,28.025,-15.475,NaN
2002-12-26T12:00:00Z,28.025,-15.425,0.0
2002-12-26T12:00:00Z,28.025,-15.375,0.0
2002-12-26T12:00:00Z,27.975,-15.625,NaN
2002-12-26T12:00:00Z,27.975,-15.575,NaN
2002-12-26T12:00:00Z,27.975,-15.525,NaN
2002-12-26T12:00:00Z,27.975,-15.475,NaN
2002-12-26T12:00:00Z,27.975,-15.425,NaN
2002-12-26T12:00:00Z,27.975,-15.375,0.0
2002-12-26T12:00:00Z,27.925,-15.625,NaN
2002-12-26T12:00:00Z,27.925,-15.575,NaN
2002-12-26T12:00:00Z,27.925,-15.525,NaN
2002-12-26T12:00:00Z,27.925,-15.475,NaN
2002-12-26T12:00:00Z,27.925,-15.425,NaN
2002-12-26T12:00:00Z,27.925,-15.375,0.0
2002-12-26T12:00:00Z,27.875,-15.625,NaN
2002-12-26T12:00:00Z,27.875,-15.575,NaN
2002-12-26T12:00:00Z,27.875,-15.525,NaN
2002-12-26T12:00:00Z,27.875,-15.475,NaN
2002-12-26T12:00:00Z,27.875,-15.425,NaN
2002-12-26T12:00:00Z,27.875,-15.375,0.0
2002-12-26T12:00:00Z,27.825,-15.625,NaN
2002-12-26T12:00:00Z,27.825,-15.575,NaN
2002-12-26T12:00:00Z,27.825,-15.525,NaN
2002-12-26T12:00:00Z,27.825,-15.475,NaN
2002-12-26T12:00:00Z,27.825,-15.425,0.0
2002-12-26T12:00:00Z,27.825,-15.375,0.0
2003-01-25T12:00:00Z,28.175,-15.625,0.0
2003-01-25T12:00:00Z,28.175,-15.575,0.0
2003-01-25T12:00:00Z,28.175,-15.525,0.0
2003-01-25T12:00:00Z,28.175,-15.475,0.0
2003-01-25T12:00:00Z,28.175,-15.425,0.0
2003-01-25T12:00:00Z,28.175,-15.375,0.0
2003-01-25T12:00:00Z,28.125,-15.625,0.0
2003-01-25T12:00:00Z,28.125,-15.575,0.0
2003-01-25T12:00:00Z,28.125,-15.525,0.0
2003-01-25T12:00:00Z,28.125,-15.475,0.0
2003-01-25T12:00:00Z,28.125,-15.425,0.0
2003-01-25T12:00:00Z,28.125,-15.375,0.0
2003-01-25T12:00:00Z,28.075,-15.625,NaN
2003-01-25T12:00:00Z,28.075,-15.575,NaN
2003-01-25T12:00:00Z,28.075,-15.525,NaN
2003-01-25T12:00:00Z,28.075,-15.475,0.0
2003-01-25T12:00:00Z,28.075,-15.425,0.0
2003-01-25T12:00:00Z,28.075,-15.375,0.0
2003-01-25T12:00:00Z,28.025,-15.625,NaN
2003-01-25T12:00:00Z,28.025,-15.575,NaN
2003-01-25T12:00:00Z,28.025,-15.525,NaN
2003-01-25T12:00:00Z,28.025,-15.475,NaN
2003-01-25T12:00:00Z,28.025,-15.425,0.0
2003-01-25T12:00:00Z,28.025,-15.375,0.0
2003-01-25T12:00:00Z,27.975,-15.625,NaN
2003-01-25T12:00:00Z,27.975,-15.575,NaN
2003-01-25T12:00:00Z,27.975,-15.525,NaN
2003-01-25T12:00:00Z,27.975,-15.475,NaN
2003-01-25T12:00:00Z,27.975,-15.425,NaN
2003-01-25T12:00:00Z,27.975,-15.375,0.0
2003-01-25T12:00:00Z,27.925,-15.625,NaN
2003-01-25T12:00:00Z,27.925,-15.575,NaN
2003-01-25T12:00:00Z,27.925,-15.525,NaN
2003-01-25T12:00:00Z,27.925,-15.475,NaN
2003-01-25T12:00:00Z,27.925,-15.425,NaN
2003-01-25T12:00:00Z,27.925,-15.375,0.0
2003-01-25T12:00:00Z,27.875,-15.625,NaN
2003-01-25T12:00:00Z,27.875,-15.575,NaN
2003-01-25T12:00:00Z,27.875,-15.525,NaN
2003-01-25T12:00:00Z,27.875,-15.475,NaN
2003-01-25T12:00:00Z,27.875,-15.425,NaN
2003-01-25T12:00:00Z,27.875,-15.375,0.0
2003-01-25T12:00:00Z,27.825,-15.625,NaN
2003-01-25T12:00:00Z,27.825,-15.575,NaN
2003-01-25T12:00:00Z,27.825,-15.525,NaN
2003-01-25T12:00:00Z,27.825,-15.475,NaN
2003-01-25T12:00:00Z,27.825,-15.425,0.0
2003-01-25T12:00:00Z,27.825,-15.375,0.0
2003-02-24T12:00:00Z,28.175,-15.625,0.0
2003-02-24T12:00:00Z,28.175,-15.575,0.0
2003-02-24T12:00:00Z,28.175,-15.525,0.0
2003-02-24T12:00:00Z,28.175,-15.475,0.0
2003-02-24T12:00:00Z,28.175,-15.425,0.0
2003-02-24T12:00:00Z,28.175,-15.375,0.0
2003-02-24T12:00:00Z,28.125,-15.625,0.0
2003-02-24T12:00:00Z,28.125,-15.575,0.0
2003-02-24T12:00:00Z,28.125,-15.525,0.0
2003-02-24T12:00:00Z,28.125,-15.475,0.0
2003-02-24T12:00:00Z,28.125,-15.425,0.0
2003-02-24T12:00:00Z,28.125,-15.375,0.0
2003-02-24T12:00:00Z,28.075,-15.625,NaN
2003-02-24T12:00:00Z,28.075,-15.575,NaN
2003-02-24T12:00:00Z,28.075,-15.525,NaN
2003-02-24T12:00:00Z,28.075,-15.475,0.0
2003-02-24T12:00:00Z,28.075,-15.425,0.0
2003-02-24T12:00:00Z,28.075,-15.375,0.0
2003-02-24T12:00:00Z,28.025,-15.625,NaN
2003-02-24T12:00:00Z,28.025,-15.575,NaN
2003-02-24T12:00:00Z,28.025,-15.525,NaN
2003-02-24T12:00:00Z,28.025,-15.475,NaN
2003-02-24T12:00:00Z,28.025,-15.425,0.0
2003-02-24T12:00:00Z,28.025,-15.375,0.0
2003-02-24T12:00:00Z,27.975,-15.625,NaN
2003-02-24T12:00:00Z,27.975,-15.575,NaN
2003-02-24T12:00:00Z,27.975,-15.525,NaN
2003-02-24T12:00:00Z,27.975,-15.475,NaN
2003-02-24T12:00:00Z,27.975,-15.425,NaN
2003-02-24T12:00:00Z,27.975,-15.375,0.0
2003-02-24T12:00:00Z,27.925,-15.625,NaN
2003-02-24T12:00:00Z,27.925,-15.575,NaN
2003-02-24T12:00:00Z,27.925,-15.525,NaN
2003-02-24T12:00:00Z,27.925,-15.475,NaN
2003-02-24T12:00:00Z,27.925,-15.425,NaN
2003-02-24T12:00:00Z,27.925,-15.375,0.0
2003-02-24T12:00:00Z,27.875,-15.625,NaN
2003-02-24T12:00:00Z,27.875,-15.575,NaN
2003-02-24T12:00:00Z,27.875,-15.525,NaN
2003-02-24T12:00:00Z,27.875,-15.475,NaN
2003-02-24T12:00:00Z,27.875,-15.425,NaN
2003-02-24T12:00:00Z,27.875,-15.375,0.0
2003-02-24T12:00:00Z,27.825,-15.625,NaN
2003-02-24T12:00:00Z,27.825,-15.575,NaN
2003-02-24T12:00:00Z,27.825,-15.525,NaN
2003-02-24T12:00:00Z,27.825,-15.475,NaN
2003-02-24T12:00:00Z,27.825,-15.425,0.0
2003-02-24T12:00:00Z,27.825,-15.375,0.0
2003-03-26T12:00:00Z,28.175,-15.625,0.0
2003-03-26T12:00:00Z,28.175,-15.575,0.0
2003-03-26T12:00:00Z,28.175,-15.525,0.0
2003-03-26T12:00:00Z,28.175,-15.475,0.0
2003-03-26T12:00:00Z,28.175,-15.425,0.0
2003-03-26T12:00:00Z,28.175,-15.375,0.0
2003-03-26T12:00:00Z,28.125,-15.625,0.0
2003-03-26T12:00:00Z,28.125,-15.575,0.0
2003-03-26T12:00:00Z,28.125,-15.525,0.0
2003-03-26T12:00:00Z,28.125,-15.475,0.0
2003-03-26T12:00:00Z,28.125,-15.425,0.0
2003-03-26T12:00:00Z,28.125,-15.375,0.0
2003-03-26T12:00:00Z,28.075,-15.625,NaN
2003-03-26T12:00:00Z,28.075,-15.575,NaN
2003-03-26T12:00:00Z,28.075,-15.525,NaN
2003-03-26T12:00:00Z,28.075,-15.475,0.0
2003-03-26T12:00:00Z,28.075,-15.425,0.0
2003-03-26T12:00:00Z,28.075,-15.375,0.0
2003-03-26T12:00:00Z,28.025,-15.625,NaN
2003-03-26T12:00:00Z,28.025,-15.575,NaN
2003-03-26T12:00:00Z,28.025,-15.525,NaN
2003-03-26T12:00:00Z,28.025,-15.475,NaN
2003-03-26T12:00:00Z,28.025,-15.425,0.0
2003-03-26T12:00:00Z,28.025,-15.375,0.0
2003-03-26T12:00:00Z,27.975,-15.625,NaN
2003-03-26T12:00:00Z,27.975,-15.575,NaN
2003-03-26T12:00:00Z,27.975,-15.525,NaN
2003-03-26T12:00:00Z,27.975,-15.475,NaN
2003-03-26T12:00:00Z,27.975,-15.425,NaN
2003-03-26T12:00:00Z,27.975,-15.375,0.0
2003-03-26T12:00:00Z,27.925,-15.625,NaN
2003-03-26T12:00:00Z,27.925,-15.575,NaN
2003-03-26T12:00:00Z,27.925,-15.525,NaN
2003-03-26T12:00:00Z,27.925,-15.475,NaN
2003-03-26T12:00:00Z,27.925,-15.425,NaN
2003-03-26T12:00:00Z,27.925,-15.375,0.0
2003-03-26T12:00:00Z,27.875,-15.625,NaN
2003-03-26T12:00:00Z,27.875,-15.575,NaN
2003-03-26T12:00:00Z,27.875,-15.525,NaN
2003-03-26T12:00:00Z,27.875,-15.475,NaN
2003-03-26T12:00:00Z,27.875,-15.425,NaN
2003-03-26T12:00:00Z,27.875,-15.375,0.0
2003-03-26T12:00:00Z,27.825,-15.625,NaN
2003-03-26T12:00:00Z,27.825,-15.575,NaN
2003-03-26T12:00:00Z,27.825,-15.525,NaN
2003-03-26T12:00:00Z,27.825,-15.475,NaN
2003-03-26T12:00:00Z,27.825,-15.425,0.0
2003-03-26T12:00:00Z,27.825,-15.375,0.0
2003-04-25T12:00:00Z,28.175,-15.625,0.0
2003-04-25T12:00:00Z,28.175,-15.575,0.0
2003-04-25T12:00:00Z,28.175,-15.525,0.0
2003-04-25T12:00:00Z,28.175,-15.475,0.0
2003-04-25T12:00:00Z,28.175,-15.425,0.0
2003-04-25T12:00:00Z,28.175,-15.375,0.0
2003-04-25T12:00:00Z,28.125,-15.625,0.0
2003-04-25T12:00:00Z,28.125,-15.575,0.0
2003-04-25T12:00:00Z,28.125,-15.525,0.0
2003-04-25T12:00:00Z,28.125,-15.475,0.0
2003-04-25T12:00:00Z,28.125,-15.425,0.0
2003-04-25T12:00:00Z,28.125,-15.375,0.0
2003-04-25T12:00:00Z,28.075,-15.625,NaN
2003-04-25T12:00:00Z,28.075,-15.575,NaN
2003-04-25T12:00:00Z,28.075,-15.525,NaN
2003-04-25T12:00:00Z,28.075,-15.475,0.0
2003-04-25T12:00:00Z,28.075,-15.425,0.0
2003-04-25T12:00:00Z,28.075,-15.375,0.0
2003-04-25T12:00:00Z,28.025,-15.625,NaN
2003-04-25T12:00:00Z,28.025,-15.575,NaN
2003-04-25T12:00:00Z,28.025,-15.525,NaN
2003-04-25T12:00:00Z,28.025,-15.475,NaN
2003-04-25T12:00:00Z,28.025,-15.425,0.0
2003-04-25T12:00:00Z,28.025,-15.375,0.0
2003-04-25T12:00:00Z,27.975,-15.625,NaN
2003-04-25T12:00:00Z,27.975,-15.575,NaN
2003-04-25T12:00:00Z,27.975,-15.525,NaN
2003-04-25T12:00:00Z,27.975,-15.475,NaN
2003-04-25T12:00:00Z,27.975,-15.425,NaN
2003-04-25T12:00:00Z,27.975,-15.375,0.0
2003-04-25T12:00:00Z,27.925,-15.625,NaN
2003-04-25T12:00:00Z,27.925,-15.575,NaN
2003-04-25T12:00:00Z,27.925,-15.525,NaN
2003-04-25T12:00:00Z,27.925,-15.475,NaN
2003-04-25T12:00:00Z,27.925,-15.425,NaN
2003-04-25T12:00:00Z,27.925,-15.375,0.0
2003-04-25T12:00:00Z,27.875,-15.625,NaN
2003-04-25T12:00:00Z,27.875,-15.575,NaN
2003-04-25T12:00:00Z,27.875,-15.525,NaN
2003-04-25T12:00:00Z,27.875,-15.475,NaN
2003-04-25T12:00:00Z,27.875,-15.425,NaN
2003-04-25T12:00:00Z,27.875,-15.375,0.0
2003-04-25T12:00:00Z,27.825,-15.625,NaN
2003-04-25T12:00:00Z,27.825,-15.575,NaN
2003-04-25T12:00:00Z,27.825,-15.525,NaN
2003-04-25T12:00:00Z,27.825,-15.475,NaN
2003-04-25T12:00:00Z,27.825,-15.425,0.0
2003-04-25T12:00:00Z,27.825,-15.375,0.0
2003-05-25T12:00:00Z,28.175,-15.625,0.0
2003-05-25T12:00:00Z,28.175,-15.575,0.0
2003-05-25T12:00:00Z,28.175,-15.525,0.0
2003-05-25T12:00:00Z,28.175,-15.475,0.0
2003-05-25T12:00:00Z,28.175,-15.425,0.0
2003-05-25T12:00:00Z,28.175,-15.375,0.0
2003-05-25T12:00:00Z,28.125,-15.625,0.0
2003-05-25T12:00:00Z,28.125,-15.575,0.0
2003-05-25T12:00:00Z,28.125,-15.525,0.0
2003-05-25T12:00:00Z,28.125,-15.475,0.0
2003-05-25T12:00:00Z,28.125,-15.425,0.0
2003-05-25T12:00:00Z,28.125,-15.375,0.0
2003-05-25T12:00:00Z,28.075,-15.625,NaN
2003-05-25T12:00:00Z,28.075,-15.575,NaN
2003-05-25T12:00:00Z,28.075,-15.525,NaN
2003-05-25T12:00:00Z,28.075,-15.475,0.0
2003-05-25T12:00:00Z,28.075,-15.425,0.0
2003-05-25T12:00:00Z,28.075,-15.375,0.0
2003-05-25T12:00:00Z,28.025,-15.625,NaN
2003-05-25T12:00:00Z,28.025,-15.575,NaN
2003-05-25T12:00:00Z,28.025,-15.525,NaN
2003-05-25T12:00:00Z,28.025,-15.475,NaN
2003-05-25T12:00:00Z,28.025,-15.425,0.0
2003-05-25T12:00:00Z,28.025,-15.375,0.0
2003-05-25T12:00:00Z,27.975,-15.625,NaN
2003-05-25T12:00:00Z,27.975,-15.575,NaN
2003-05-25T12:00:00Z,27.975,-15.525,NaN
2003-05-25T12:00:00Z,27.975,-15.475,NaN
2003-05-25T12:00:00Z,27.975,-15.425,NaN
2003-05-25T12:00:00Z,27.975,-15.375,0.0
2003-05-25T12:00:00Z,27.925,-15.625,NaN
2003-05-25T12:00:00Z,27.925,-15.575,NaN
2003-05-25T12:00:00Z,27.925,-15.525,NaN
2003-05-25T12:00:00Z,27.925,-15.475,NaN
2003-05-25T12:00:00Z,27.925,-15.425,NaN
2003-05-25T12:00:00Z,27.925,-15.375,0.0
2003-05-25T12:00:00Z,27.875,-15.625,NaN
2003-05-25T12:00:00Z,27.875,-15.575,NaN
2003-05-25T12:00:00Z,27.875,-15.525,NaN
2003-05-25T12:00:00Z,27.875,-15.475,NaN
2003-05-25T12:00:00Z,27.875,-15.425,NaN
2003-05-25T12:00:00Z,27.875,-15.375,0.0
2003-05-25T12:00:00Z,27.825,-15.625,NaN
2003-05-25T12:00:00Z,27.825,-15.575,NaN
2003-05-25T12:00:00Z,27.825,-15.525,NaN
2003-05-25T12:00:00Z,27.825,-15.475,NaN
2003-05-25T12:00:00Z,27.825,-15.425,0.0
2003-05-25T12:00:00Z,27.825,-15.375,0.0
2003-06-24T12:00:00Z,28.175,-15.625,0.0
2003-06-24T12:00:00Z,28.175,-15.575,0.0
2003-06-24T12:00:00Z,28.175,-15.525,0.0
2003-06-24T12:00:00Z,28.175,-15.475,0.0
2003-06-24T12:00:00Z,28.175,-15.425,0.0
2003-06-24T12:00:00Z,28.175,-15.375,0.0
2003-06-24T12:00:00Z,28.125,-15.625,0.0
2003-06-24T12:00:00Z,28.125,-15.575,0.0
2003-06-24T12:00:00Z,28.125,-15.525,0.0
2003-06-24T12:00:00Z,28.125,-15.475,0.0
2003-06-24T12:00:00Z,28.125,-15.425,0.0
2003-06-24T12:00:00Z,28.125,-15.375,0.0
2003-06-24T12:00:00Z,28.075,-15.625,NaN
2003-06-24T12:00:00Z,28.075,-15.575,NaN
2003-06-24T12:00:00Z,28.075,-15.525,NaN
2003-06-24T12:00:00Z,28.075,-15.475,0.0
2003-06-24T12:00:00Z,28.075,-15.425,0.0
2003-06-24T12:00:00Z,28.075,-15.375,0.0
2003-06-24T12:00:00Z,28.025,-15.625,NaN
2003-06-24T12:00:00Z,28.025,-15.575,NaN
2003-06-24T12:00:00Z,28.025,-15.525,NaN
2003-06-24T12:00:00Z,28.025,-15.475,NaN
2003-06-24T12:00:00Z,28.025,-15.425,0.0
2003-06-24T12:00:00Z,28.025,-15.375,0.0
2003-06-24T12:00:00Z,27.975,-15.625,NaN
2003-06-24T12:00:00Z,27.975,-15.575,NaN
2003-06-24T12:00:00Z,27.975,-15.525,NaN
2003-06-24T12:00:00Z,27.975,-15.475,NaN
2003-06-24T12:00:00Z,27.975,-15.425,NaN
2003-06-24T12:00:00Z,27.975,-15.375,0.0
2003-06-24T12:00:00Z,27.925,-15.625,NaN
2003-06-24T12:00:00Z,27.925,-15.575,NaN
2003-06-24T12:00:00Z,27.925,-15.525,NaN
2003-06-24T12:00:00Z,27.925,-15.475,NaN
2003-06-24T12:00:00Z,27.925,-15.425,NaN
2003-06-24T12:00:00Z,27.925,-15.375,0.0
2003-06-24T12:00:00Z,27.875,-15.625,NaN
2003-06-24T12:00:00Z,27.875,-15.575,NaN
2003-06-24T12:00:00Z,27.875,-15.525,NaN
2003-06-24T12:00:00Z,27.875,-15.475,NaN
2003-06-24T12:00:00Z,27.875,-15.425,NaN
2003-06-24T12:00:00Z,27.875,-15.375,0.0
2003-06-24T12:00:00Z,27.825,-15.625,NaN
2003-06-24T12:00:00Z,27.825,-15.575,NaN
2003-06-24T12:00:00Z,27.825,-15.525,NaN
2003-06-24T12:00:00Z,27.825,-15.475,NaN
2003-06-24T12:00:00Z,27.825,-15.425,0.0
2003-06-24T12:00:00Z,27.825,-15.375,0.0
2003-07-24T12:00:00Z,28.175,-15.625,0.0
2003-07-24T12:00:00Z,28.175,-15.575,0.0
2003-07-24T12:00:00Z,28.175,-15.525,0.0
2003-07-24T12:00:00Z,28.175,-15.475,0.0
2003-07-24T12:00:00Z,28.175,-15.425,0.0
2003-07-24T12:00:00Z,28.175,-15.375,0.0
2003-07-24T12:00:00Z,28.125,-15.625,0.0
2003-07-24T12:00:00Z,28.125,-15.575,0.0
2003-07-24T12:00:00Z,28.125,-15.525,0.0
2003-07-24T12:00:00Z,28.125,-15.475,0.0
2003-07-24T12:00:00Z,28.125,-15.425,0.0
2003-07-24T12:00:00Z,28.125,-15.375,0.0
2003-07-24T12:00:00Z,28.075,-15.625,NaN
2003-07-24T12:00:00Z,28.075,-15.575,NaN
2003-07-24T12:00:00Z,28.075,-15.525,NaN
2003-07-24T12:00:00Z,28.075,-15.475,0.0
2003-07-24T12:00:00Z,28.075,-15.425,0.0
2003-07-24T12:00:00Z,28.075,-15.375,0.0
2003-07-24T12:00:00Z,28.025,-15.625,NaN
2003-07-24T12:00:00Z,28.025,-15.575,NaN
2003-07-24T12:00:00Z,28.025,-15.525,NaN
2003-07-24T12:00:00Z,28.025,-15.475,NaN
2003-07-24T12:00:00Z,28.025,-15.425,0.0
2003-07-24T12:00:00Z,28.025,-15.375,0.0
2003-07-24T12:00:00Z,27.975,-15.625,NaN
2003-07-24T12:00:00Z,27.975,-15.575,NaN
2003-07-24T12:00:00Z,27.975,-15.525,NaN
2003-07-24T12:00:00Z,27.975,-15.475,NaN
2003-07-24T12:00:00Z,27.975,-15.425,NaN
2003-07-24T12:00:00Z,27.975,-15.375,0.0
2003-07-24T12:00:00Z,27.925,-15.625,NaN
2003-07-24T12:00:00Z,27.925,-15.575,NaN
2003-07-24T12:00:00Z,27.925,-15.525,NaN
2003-07-24T12:00:00Z,27.925,-15.475,NaN
2003-07-24T12:00:00Z,27.925,-15.425,NaN
2003-07-24T12:00:00Z,27.925,-15.375,0.0
2003-07-24T12:00:00Z,27.875,-15.625,NaN
2003-07-24T12:00:00Z,27.875,-15.575,NaN
2003-07-24T12:00:00Z,27.875,-15.525,NaN
2003-07-24T12:00:00Z,27.875,-15.475,NaN
2003-07-24T12:00:00Z,27.875,-15.425,NaN
2003-07-24T12:00:00Z,27.875,-15.375,0.0
2003-07-24T12:00:00Z,27.825,-15.625,NaN
2003-07-24T12:00:00Z,27.825,-15.575,NaN
2003-07-24T12:00:00Z,27.825,-15.525,NaN
2003-07-24T12:00:00Z,27.825,-15.475,NaN
2003-07-24T12:00:00Z,27.825,-15.425,0.0
2003-07-24T12:00:00Z,27.825,-15.375,0.0
2003-08-23T12:00:00Z,28.175,-15.625,1.3900000000000001
2003-08-23T12:00:00Z,28.175,-15.575,1.42
2003-08-23T12:00:00Z,28.175,-15.525,1.44
2003-08-23T12:00:00Z,28.175,-15.475,1.45
2003-08-23T12:00:00Z,28.175,-15.425,1.61
2003-08-23T12:00:00Z,28.175,-15.375,1.78
2003-08-23T12:00:00Z,28.125,-15.625,1.21
2003-08-23T12:00:00Z,28.125,-15.575,1.4000000000000001
2003-08-23T12:00:00Z,28.125,-15.525,1.42
2003-08-23T12:00:00Z,28.125,-15.475,1.59
2003-08-23T12:00:00Z,28.125,-15.425,1.62
2003-08-23T12:00:00Z,28.125,-15.375,1.78
2003-08-23T12:00:00Z,28.075,-15.625,NaN
2003-08-23T12:00:00Z,28.075,-15.575,NaN
2003-08-23T12:00:00Z,28.075,-15.525,NaN
2003-08-23T12:00:00Z,28.075,-15.475,1.6
2003-08-23T12:00:00Z,28.075,-15.425,1.78
2003-08-23T12:00:00Z,28.075,-15.375,1.67
2003-08-23T12:00:00Z,28.025,-15.625,NaN
2003-08-23T12:00:00Z,28.025,-15.575,NaN
2003-08-23T12:00:00Z,28.025,-15.525,NaN
2003-08-23T12:00:00Z,28.025,-15.475,NaN
2003-08-23T12:00:00Z,28.025,-15.425,1.83
2003-08-23T12:00:00Z,28.025,-15.375,1.72
2003-08-23T12:00:00Z,27.975,-15.625,NaN
2003-08-23T12:00:00Z,27.975,-15.575,NaN
2003-08-23T12:00:00Z,27.975,-15.525,NaN
2003-08-23T12:00:00Z,27.975,-15.475,NaN
2003-08-23T12:00:00Z,27.975,-15.425,NaN
2003-08-23T12:00:00Z,27.975,-15.375,1.78
2003-08-23T12:00:00Z,27.925,-15.625,NaN
2003-08-23T12:00:00Z,27.925,-15.575,NaN
2003-08-23T12:00:00Z,27.925,-15.525,NaN
2003-08-23T12:00:00Z,27.925,-15.475,NaN
2003-08-23T12:00:00Z,27.925,-15.425,NaN
2003-08-23T12:00:00Z,27.925,-15.375,1.97
2003-08-23T12:00:00Z,27.875,-15.625,NaN
2003-08-23T12:00:00Z,27.875,-15.575,NaN
2003-08-23T12:00:00Z,27.875,-15.525,NaN
2003-08-23T12:00:00Z,27.875,-15.475,NaN
2003-08-23T12:00:00Z,27.875,-15.425,NaN
2003-08-23T12:00:00Z,27.875,-15.375,2.0100000000000002
2003-08-23T12:00:00Z,27.825,-15.625,NaN
2003-08-23T12:00:00Z,27.825,-15.575,NaN
2003-08-23T12:00:00Z,27.825,-15.525,NaN
2003-08-23T12:00:00Z,27.825,-15.475,NaN
2003-08-23T12:00:00Z,27.825,-15.425,2.04
2003-08-23T12:00:00Z,27.825,-15.375,2.04
2003-09-22T12:00:00Z,28.175,-15.625,3.62
2003-09-22T12:00:00Z,28.175,-15.575,3.5100000000000002
2003-09-22T12:00:00Z,28.175,-15.525,3.66
2003-09-22T12:00:00Z,28.175,-15.475,3.64
2003-09-22T12:00:00Z,28.175,-15.425,3.6
2003-09-22T12:00:00Z,28.175,-15.375,3.3200000000000003
2003-09-22T12:00:00Z,28.125,-15.625,3.16
2003-09-22T12:00:00Z,28.125,-15.575,3.65
2003-09-22T12:00:00Z,28.125,-15.525,3.81
2003-09-22T12:00:00Z,28.125,-15.475,3.97
2003-09-22T12:00:00Z,28.125,-15.425,3.68
2003-09-22T12:00:00Z,28.125,-15.375,3.5100000000000002
2003-09-22T12:00:00Z,28.075,-15.625,NaN
2003-09-22T12:00:00Z,28.075,-15.575,NaN
2003-09-22T12:00:00Z,28.075,-15.525,NaN
2003-09-22T12:00:00Z,28.075,-15.475,3.86
2003-09-22T12:00:00Z,28.075,-15.425,3.75
2003-09-22T12:00:00Z,28.075,-15.375,3.44
2003-09-22T12:00:00Z,28.025,-15.625,NaN
2003-09-22T12:00:00Z,28.025,-15.575,NaN
2003-09-22T12:00:00Z,28.025,-15.525,NaN
2003-09-22T12:00:00Z,28.025,-15.475,NaN
2003-09-22T12:00:00Z,28.025,-15.425,4.12
2003-09-22T12:00:00Z,28.025,-15.375,3.67
2003-09-22T12:00:00Z,27.975,-15.625,NaN
2003-09-22T12:00:00Z,27.975,-15.575,NaN
2003-09-22T12:00:00Z,27.975,-15.525,NaN
2003-09-22T12:00:00Z,27.975,-15.475,NaN
2003-09-22T12:00:00Z,27.975,-15.425,NaN
2003-09-22T12:00:00Z,27.975,-15.375,3.91
2003-09-22T12:00:00Z,27.925,-15.625,NaN
2003-09-22T12:00:00Z,27.925,-15.575,NaN
2003-09-22T12:00:00Z,27.925,-15.525,NaN
2003-09-22T12:00:00Z,27.925,-15.475,NaN
2003-09-22T12:00:00Z,27.925,-15.425,NaN
2003-09-22T12:00:00Z,27.925,-15.375,4.11
2003-09-22T12:00:00Z,27.875,-15.625,NaN
2003-09-22T12:00:00Z,27.875,-15.575,NaN
2003-09-22T12:00:00Z,27.875,-15.525,NaN
2003-09-22T12:00:00Z,27.875,-15.475,NaN
2003-09-22T12:00:00Z,27.875,-15.425,NaN
2003-09-22T12:00:00Z,27.875,-15.375,3.71
2003-09-22T12:00:00Z,27.825,-15.625,NaN
2003-09-22T12:00:00Z,27.825,-15.575,NaN
2003-09-22T12:00:00Z,27.825,-15.525,NaN
2003-09-22T12:00:00Z,27.825,-15.475,NaN
2003-09-22T12:00:00Z,27.825,-15.425,3.7600000000000002
2003-09-22T12:00:00Z,27.825,-15.375,3.73
2003-10-22T12:00:00Z,28.175,-15.625,6.59
2003-10-22T12:00:00Z,28.175,-15.575,6.58
2003-10-22T12:00:00Z,28.175,-15.525,6.71
2003-10-22T12:00:00Z,28.175,-15.475,6.42
2003-10-22T12:00:00Z,28.175,-15.425,6.99
2003-10-22T12:00:00Z,28.175,-15.375,6.82
2003-10-22T12:00:00Z,28.125,-15.625,5.8100000000000005
2003-10-22T12:00:00Z,28.125,-15.575,6.2700000000000005
2003-10-22T12:00:00Z,28.125,-15.525,6.2700000000000005
2003-10-22T12:00:00Z,28.125,-15.475,7.04
2003-10-22T12:00:00Z,28.125,-15.425,7.11
2003-10-22T12:00:00Z,28.125,-15.375,7.03
2003-10-22T12:00:00Z,28.075,-15.625,NaN
2003-10-22T12:00:00Z,28.075,-15.575,NaN
2003-10-22T12:00:00Z,28.075,-15.525,NaN
2003-10-22T12:00:00Z,28.075,-15.475,6.83
2003-10-22T12:00:00Z,28.075,-15.425,7.11
2003-10-22T12:00:00Z,28.075,-15.375,7.16
2003-10-22T12:00:00Z,28.025,-15.625,NaN
2003-10-22T12:00:00Z,28.025,-15.575,NaN
2003-10-22T12:00:00Z,28.025,-15.525,NaN
2003-10-22T12:00:00Z,28.025,-15.475,NaN
2003-10-22T12:00:00Z,28.025,-15.425,7.68
2003-10-22T12:00:00Z,28.025,-15.375,7.61
2003-10-22T12:00:00Z,27.975,-15.625,NaN
2003-10-22T12:00:00Z,27.975,-15.575,NaN
2003-10-22T12:00:00Z,27.975,-15.525,NaN
2003-10-22T12:00:00Z,27.975,-15.475,NaN
2003-10-22T12:00:00Z,27.975,-15.425,NaN
2003-10-22T12:00:00Z,27.975,-15.375,7.930000000000001
2003-10-22T12:00:00Z,27.925,-15.625,NaN
2003-10-22T12:00:00Z,27.925,-15.575,NaN
2003-10-22T12:00:00Z,27.925,-15.525,NaN
2003-10-22T12:00:00Z,27.925,-15.475,NaN
2003-10-22T12:00:00Z,27.925,-15.425,NaN
2003-10-22T12:00:00Z,27.925,-15.375,8.03
2003-10-22T12:00:00Z,27.875,-15.625,NaN
2003-10-22T12:00:00Z,27.875,-15.575,NaN
2003-10-22T12:00:00Z,27.875,-15.525,NaN
2003-10-22T12:00:00Z,27.875,-15.475,NaN
2003-10-22T12:00:00Z,27.875,-15.425,NaN
2003-10-22T12:00:00Z,27.875,-15.375,7.43
2003-10-22T12:00:00Z,27.825,-15.625,NaN
2003-10-22T12:00:00Z,27.825,-15.575,NaN
2003-10-22T12:00:00Z,27.825,-15.525,NaN
2003-10-22T12:00:00Z,27.825,-15.475,NaN
2003-10-22T12:00:00Z,27.825,-15.425,7.25
2003-10-22T12:00:00Z,27.825,-15.375,7.22
2003-11-21T12:00:00Z,28.175,-15.625,4.43
2003-11-21T12:00:00Z,28.175,-15.575,4.37
2003-11-21T12:00:00Z,28.175,-15.525,4.48
2003-11-21T12:00:00Z,28.175,-15.475,4.33
2003-11-21T12:00:00Z,28.175,-15.425,4.92
2003-11-21T12:00:00Z,28.175,-15.375,4.87
2003-11-21T12:00:00Z,28.125,-15.625,4.12
2003-11-21T12:00:00Z,28.125,-15.575,4.1
2003-11-21T12:00:00Z,28.125,-15.525,4.07
2003-11-21T12:00:00Z,28.125,-15.475,4.69
2003-11-21T12:00:00Z,28.125,-15.425,5.03
2003-11-21T12:00:00Z,28.125,-15.375,5.08
2003-11-21T12:00:00Z,28.075,-15.625,NaN
2003-11-21T12:00:00Z,28.075,-15.575,NaN
2003-11-21T12:00:00Z,28.075,-15.525,NaN
2003-11-21T12:00:00Z,28.075,-15.475,4.62
2003-11-21T12:00:00Z,28.075,-15.425,5.0
2003-11-21T12:00:00Z,28.075,-15.375,5.32
2003-11-21T12:00:00Z,28.025,-15.625,NaN
2003-11-21T12:00:00Z,28.025,-15.575,NaN
2003-11-21T12:00:00Z,28.025,-15.525,NaN
2003-11-21T12:00:00Z,28.025,-15.475,NaN
2003-11-21T12:00:00Z,28.025,-15.425,5.38
2003-11-21T12:00:00Z,28.025,-15.375,5.57
2003-11-21T12:00:00Z,27.975,-15.625,NaN
2003-11-21T12:00:00Z,27.975,-15.575,NaN
2003-11-21T12:00:00Z,27.975,-15.525,NaN
2003-11-21T12:00:00Z,27.975,-15.475,NaN
2003-11-21T12:00:00Z,27.975,-15.425,NaN
2003-11-21T12:00:00Z,27.975,-15.375,5.83
2003-11-21T12:00:00Z,27.925,-15.625,NaN
2003-11-21T12:00:00Z,27.925,-15.575,NaN
2003-11-21T12:00:00Z,27.925,-15.525,NaN
2003-11-21T12:00:00Z,27.925,-15.475,NaN
2003-11-21T12:00:00Z,27.925,-15.425,NaN
2003-11-21T12:00:00Z,27.925,-15.375,5.87
2003-11-21T12:00:00Z,27.875,-15.625,NaN
2003-11-21T12:00:00Z,27.875,-15.575,NaN
2003-11-21T12:00:00Z,27.875,-15.525,NaN
2003-11-21T12:00:00Z,27.875,-15.475,NaN
2003-11-21T12:00:00Z,27.875,-15.425,NaN
2003-11-21T12:00:00Z,27.875,-15.375,5.24
2003-11-21T12:00:00Z,27.825,-15.625,NaN
2003-11-21T12:00:00Z,27.825,-15.575,NaN
2003-11-21T12:00:00Z,27.825,-15.525,NaN
2003-11-21T12:00:00Z,27.825,-15.475,NaN
2003-11-21T12:00:00Z,27.825,-15.425,5.03
2003-11-21T12:00:00Z,27.825,-15.375,5.0
2003-12-21T12:00:00Z,28.175,-15.625,2.32
2003-12-21T12:00:00Z,28.175,-15.575,2.43
2003-12-21T12:00:00Z,28.175,-15.525,2.42
2003-12-21T12:00:00Z,28.175,-15.475,2.29
2003-12-21T12:00:00Z,28.175,-15.425,2.9
2003-12-21T12:00:00Z,28.175,-15.375,3.0
2003-12-21T12:00:00Z,28.125,-15.625,1.99
2003-12-21T12:00:00Z,28.125,-15.575,1.97
2003-12-21T12:00:00Z,28.125,-15.525,1.82
2003-12-21T12:00:00Z,28.125,-15.475,2.43
2003-12-21T12:00:00Z,28.125,-15.425,2.63
2003-12-21T12:00:00Z,28.125,-15.375,2.86
2003-12-21T12:00:00Z,28.075,-15.625,NaN
2003-12-21T12:00:00Z,28.075,-15.575,NaN
2003-12-21T12:00:00Z,28.075,-15.525,NaN
2003-12-21T12:00:00Z,28.075,-15.475,2.31
2003-12-21T12:00:00Z,28.075,-15.425,2.5300000000000002
2003-12-21T12:00:00Z,28.075,-15.375,2.89
2003-12-21T12:00:00Z,28.025,-15.625,NaN
2003-12-21T12:00:00Z,28.025,-15.575,NaN
2003-12-21T12:00:00Z,28.025,-15.525,NaN
2003-12-21T12:00:00Z,28.025,-15.475,NaN
2003-12-21T12:00:00Z,28.025,-15.425,2.71
2003-12-21T12:00:00Z,28.025,-15.375,3.08
2003-12-21T12:00:00Z,27.975,-15.625,NaN
2003-12-21T12:00:00Z,27.975,-15.575,NaN
2003-12-21T12:00:00Z,27.975,-15.525,NaN
2003-12-21T12:00:00Z,27.975,-15.475,NaN
2003-12-21T12:00:00Z,27.975,-15.425,NaN
2003-12-21T12:00:00Z,27.975,-15.375,2.99
2003-12-21T12:00:00Z,27.925,-15.625,NaN
2003-12-21T12:00:00Z,27.925,-15.575,NaN
2003-12-21T12:00:00Z,27.925,-15.525,NaN
2003-12-21T12:00:00Z,27.925,-15.475,NaN
2003-12-21T12:00:00Z,27.925,-15.425,NaN
2003-12-21T12:00:00Z,27.925,-15.375,3.02
2003-12-21T12:00:00Z,27.875,-15.625,NaN
2003-12-21T12:00:00Z,27.875,-15.575,NaN
2003-12-21T12:00:00Z,27.875,-15.525,NaN
2003-12-21T12:00:00Z,27.875,-15.475,NaN
2003-12-21T12:00:00Z,27.875,-15.425,NaN
2003-12-21T12:00:00Z,27.875,-15.375,2.84
2003-12-21T12:00:00Z,27.825,-15.625,NaN
2003-12-21T12:00:00Z,27.825,-15.575,NaN
2003-12-21T12:00:00Z,27.825,-15.525,NaN
2003-12-21T12:00:00Z,27.825,-15.475,NaN
2003-12-21T12:00:00Z,27.825,-15.425,2.63
2003-12-21T12:00:00Z,27.825,-15.375,2.63
2004-01-20T12:00:00Z,28.175,-15.625,0.0
2004-01-20T12:00:00Z,28.175,-15.575,0.0
2004-01-20T12:00:00Z,28.175,-15.525,0.0
2004-01-20T12:00:00Z,28.175,-15.475,0.0
2004-01-20T12:00:00Z,28.175,-15.425,0.0
2004-01-20T12:00:00Z,28.175,-15.375,0.0
2004-01-20T12:00:00Z,28.125,-15.625,0.0
2004-01-20T12:00:00Z,28.125,-15.575,0.0
2004-01-20T12:00:00Z,28.125,-15.525,0.0
2004-01-20T12:00:00Z,28.125,-15.475,0.0
2004-01-20T12:00:00Z,28.125,-15.425,0.0
2004-01-20T12:00:00Z,28.125,-15.375,0.0
2004-01-20T12:00:00Z,28.075,-15.625,NaN
2004-01-20T12:00:00Z,28.075,-15.575,NaN
2004-01-20T12:00:00Z,28.075,-15.525,NaN
2004-01-20T12:00:00Z,28.075,-15.475,0.0
2004-01-20T12:00:00Z,28.075,-15.425,0.0
2004-01-20T12:00:00Z,28.075,-15.375,0.0
2004-01-20T12:00:00Z,28.025,-15.625,NaN
2004-01-20T12:00:00Z,28.025,-15.575,NaN
2004-01-20T12:00:00Z,28.025,-15.525,NaN
2004-01-20T12:00:00Z,28.025,-15.475,NaN
2004-01-20T12:00:00Z,28.025,-15.425,0.0
2004-01-20T12:00:00Z,28.025,-15.375,0.0
2004-01-20T12:00:00Z,27.975,-15.625,NaN
2004-01-20T12:00:00Z,27.975,-15.575,NaN
2004-01-20T12:00:00Z,27.975,-15.525,NaN
2004-01-20T12:00:00Z,27.975,-15.475,NaN
2004-01-20T12:00:00Z,27.975,-15.425,NaN
2004-01-20T12:00:00Z,27.975,-15.375,0.0
2004-01-20T12:00:00Z,27.925,-15.625,NaN
2004-01-20T12:00:00Z,27.925,-15.575,NaN
2004-01-20T12:00:00Z,27.925,-15.525,NaN
2004-01-20T12:00:00Z,27.925,-15.475,NaN
2004-01-20T12:00:00Z,27.925,-15.425,NaN
2004-01-20T12:00:00Z,27.925,-15.375,0.15
2004-01-20T12:00:00Z,27.875,-15.625,NaN
2004-01-20T12:00:00Z,27.875,-15.575,NaN
2004-01-20T12:00:00Z,27.875,-15.525,NaN
2004-01-20T12:00:00Z,27.875,-15.475,NaN
2004-01-20T12:00:00Z,27.875,-15.425,NaN
2004-01-20T12:00:00Z,27.875,-15.375,0.15
2004-01-20T12:00:00Z,27.825,-15.625,NaN
2004-01-20T12:00:00Z,27.825,-15.575,NaN
2004-01-20T12:00:00Z,27.825,-15.525,NaN
2004-01-20T12:00:00Z,27.825,-15.475,NaN
2004-01-20T12:00:00Z,27.825,-15.425,0.16
2004-01-20T12:00:00Z,27.825,-15.375,0.16
2004-02-19T12:00:00Z,28.175,-15.625,0.0
2004-02-19T12:00:00Z,28.175,-15.575,0.0
2004-02-19T12:00:00Z,28.175,-15.525,0.0
2004-02-19T12:00:00Z,28.175,-15.475,0.0
2004-02-19T12:00:00Z,28.175,-15.425,0.0
2004-02-19T12:00:00Z,28.175,-15.375,0.0
2004-02-19T12:00:00Z,28.125,-15.625,0.0
2004-02-19T12:00:00Z,28.125,-15.575,0.0
2004-02-19T12:00:00Z,28.125,-15.525,0.0
2004-02-19T12:00:00Z,28.125,-15.475,0.0
2004-02-19T12:00:00Z,28.125,-15.425,0.0
2004-02-19T12:00:00Z,28.125,-15.375,0.0
2004-02-19T12:00:00Z,28.075,-15.625,NaN
2004-02-19T12:00:00Z,28.075,-15.575,NaN
2004-02-19T12:00:00Z,28.075,-15.525,NaN
2004-02-19T12:00:00Z,28.075,-15.475,0.0
2004-02-19T12:00:00Z,28.075,-15.425,0.0
2004-02-19T12:00:00Z,28.075,-15.375,0.0
2004-02-19T12:00:00Z,28.025,-15.625,NaN
2004-02-19T12:00:00Z,28.025,-15.575,NaN
2004-02-19T12:00:00Z,28.025,-15.525,NaN
2004-02-19T12:00:00Z,28.025,-15.475,NaN
2004-02-19T12:00:00Z,28.025,-15.425,0.0
2004-02-19T12:00:00Z,28.025,-15.375,0.0
2004-02-19T12:00:00Z,27.975,-15.625,NaN
2004-02-19T12:00:00Z,27.975,-15.575,NaN
2004-02-19T12:00:00Z,27.975,-15.525,NaN
2004-02-19T12:00:00Z,27.975,-15.475,NaN
2004-02-19T12:00:00Z,27.975,-15.425,NaN
2004-02-19T12:00:00Z,27.975,-15.375,0.0
2004-02-19T12:00:00Z,27.925,-15.625,NaN
2004-02-19T12:00:00Z,27.925,-15.575,NaN
2004-02-19T12:00:00Z,27.925,-15.525,NaN
2004-02-19T12:00:00Z,27.925,-15.475,NaN
2004-02-19T12:00:00Z,27.925,-15.425,NaN
2004-02-19T12:00:00Z,27.925,-15.375,0.0
2004-02-19T12:00:00Z,27.875,-15.625,NaN
2004-02-19T12:00:00Z,27.875,-15.575,NaN
2004-02-19T12:00:00Z,27.875,-15.525,NaN
2004-02-19T12:00:00Z,27.875,-15.475,NaN
2004-02-19T12:00:00Z,27.875,-15.425,NaN
2004-02-19T12:00:00Z,27.875,-15.375,0.0
2004-02-19T12:00:00Z,27.825,-15.625,NaN
2004-02-19T12:00:00Z,27.825,-15.575,NaN
2004-02-19T12:00:00Z,27.825,-15.525,NaN
2004-02-19T12:00:00Z,27.825,-15.475,NaN
2004-02-19T12:00:00Z,27.825,-15.425,0.0
2004-02-19T12:00:00Z,27.825,-15.375,0.0
2004-03-20T12:00:00Z,28.175,-15.625,0.0
2004-03-20T12:00:00Z,28.175,-15.575,0.0
2004-03-20T12:00:00Z,28.175,-15.525,0.0
2004-03-20T12:00:00Z,28.175,-15.475,0.0
2004-03-20T12:00:00Z,28.175,-15.425,0.0
2004-03-20T12:00:00Z,28.175,-15.375,0.0
2004-03-20T12:00:00Z,28.125,-15.625,0.0
2004-03-20T12:00:00Z,28.125,-15.575,0.0
2004-03-20T12:00:00Z,28.125,-15.525,0.0
2004-03-20T12:00:00Z,28.125,-15.475,0.0
2004-03-20T12:00:00Z,28.125,-15.425,0.0
2004-03-20T12:00:00Z,28.125,-15.375,0.0
2004-03-20T12:00:00Z,28.075,-15.625,NaN
2004-03-20T12:00:00Z,28.075,-15.575,NaN
2004-03-20T12:00:00Z,28.075,-15.525,NaN
2004-03-20T12:00:00Z,28.075,-15.475,0.0
2004-03-20T12:00:00Z,28.075,-15.425,0.0
2004-03-20T12:00:00Z,28.075,-15.375,0.0
2004-03-20T12:00:00Z,28.025,-15.625,NaN
2004-03-20T12:00:00Z,28.025,-15.575,NaN
2004-03-20T12:00:00Z,28.025,-15.525,NaN
2004-03-20T12:00:00Z,28.025,-15.475,NaN
2004-03-20T12:00:00Z,28.025,-15.425,0.0
2004-03-20T12:00:00Z,28.025,-15.375,0.0
2004-03-20T12:00:00Z,27.975,-15.625,NaN
2004-03-20T12:00:00Z,27.975,-15.575,NaN
2004-03-20T12:00:00Z,27.975,-15.525,NaN
2004-03-20T12:00:00Z,27.975,-15.475,NaN
2004-03-20T12:00:00Z,27.975,-15.425,NaN
2004-03-20T12:00:00Z,27.975,-15.375,0.0
2004-03-20T12:00:00Z,27.925,-15.625,NaN
2004-03-20T12:00:00Z,27.925,-15.575,NaN
2004-03-20T12:00:00Z,27.925,-15.525,NaN
2004-03-20T12:00:00Z,27.925,-15.475,NaN
2004-03-20T12:00:00Z,27.925,-15.425,NaN
2004-03-20T12:00:00Z,27.925,-15.375,0.0
2004-03-20T12:00:00Z,27.875,-15.625,NaN
2004-03-20T12:00:00Z,27.875,-15.575,NaN
2004-03-20T12:00:00Z,27.875,-15.525,NaN
2004-03-20T12:00:00Z,27.875,-15.475,NaN
2004-03-20T12:00:00Z,27.875,-15.425,NaN
2004-03-20T12:00:00Z,27.875,-15.375,0.0
2004-03-20T12:00:00Z,27.825,-15.625,NaN
2004-03-20T12:00:00Z,27.825,-15.575,NaN
2004-03-20T12:00:00Z,27.825,-15.525,NaN
2004-03-20T12:00:00Z,27.825,-15.475,NaN
2004-03-20T12:00:00Z,27.825,-15.425,0.0
2004-03-20T12:00:00Z,27.825,-15.375,0.0
2004-04-19T12:00:00Z,28.175,-15.625,0.0
2004-04-19T12:00:00Z,28.175,-15.575,0.0
2004-04-19T12:00:00Z,28.175,-15.525,0.0
2004-04-19T12:00:00Z,28.175,-15.475,0.0
2004-04-19T12:00:00Z,28.175,-15.425,0.0
2004-04-19T12:00:00Z,28.175,-15.375,0.0
2004-04-19T12:00:00Z,28.125,-15.625,0.0
2004-04-19T12:00:00Z,28.125,-15.575,0.0
2004-04-19T12:00:00Z,28.125,-15.525,0.0
2004-04-19T12:00:00Z,28.125,-15.475,0.0
2004-04-19T12:00:00Z,28.125,-15.425,0.0
2004-04-19T12:00:00Z,28.125,-15.375,0.0
2004-04-19T12:00:00Z,28.075,-15.625,NaN
2004-04-19T12:00:00Z,28.075,-15.575,NaN
2004-04-19T12:00:00Z,28.075,-15.525,NaN
2004-04-19T12:00:00Z,28.075,-15.475,0.0
2004-04-19T12:00:00Z,28.075,-15.425,0.0
2004-04-19T12:00:00Z,28.075,-15.375,0.0
2004-04-19T12:00:00Z,28.025,-15.625,NaN
2004-04-19T12:00:00Z,28.025,-15.575,NaN
2004-04-19T12:00:00Z,28.025,-15.525,NaN
2004-04-19T12:00:00Z,28.025,-15.475,NaN
2004-04-19T12:00:00Z,28.025,-15.425,0.0
2004-04-19T12:00:00Z,28.025,-15.375,0.0
2004-04-19T12:00:00Z,27.975,-15.625,NaN
2004-04-19T12:00:00Z,27.975,-15.575,NaN
2004-04-19T12:00:00Z,27.975,-15.525,NaN
2004-04-19T12:00:00Z,27.975,-15.475,NaN
2004-04-19T12:00:00Z,27.975,-15.425,NaN
2004-04-19T12:00:00Z,27.975,-15.375,0.0
2004-04-19T12:00:00Z,27.925,-15.625,NaN
2004-04-19T12:00:00Z,27.925,-15.575,NaN
2004-04-19T12:00:00Z,27.925,-15.525,NaN
2004-04-19T12:00:00Z,27.925,-15.475,NaN
2004-04-19T12:00:00Z,27.925,-15.425,NaN
2004-04-19T12:00:00Z,27.925,-15.375,0.0
2004-04-19T12:00:00Z,27.875,-15.625,NaN
2004-04-19T12:00:00Z,27.875,-15.575,NaN
2004-04-19T12:00:00Z,27.875,-15.525,NaN
2004-04-19T12:00:00Z,27.875,-15.475,NaN
2004-04-19T12:00:00Z,27.875,-15.425,NaN
2004-04-19T12:00:00Z,27.875,-15.375,0.0
2004-04-19T12:00:00Z,27.825,-15.625,NaN
2004-04-19T12:00:00Z,27.825,-15.575,NaN
2004-04-19T12:00:00Z,27.825,-15.525,NaN
2004-04-19T12:00:00Z,27.825,-15.475,NaN
2004-04-19T12:00:00Z,27.825,-15.425,0.0
2004-04-19T12:00:00Z,27.825,-15.375,0.0
2004-05-19T12:00:00Z,28.175,-15.625,0.0
2004-05-19T12:00:00Z,28.175,-15.575,0.0
2004-05-19T12:00:00Z,28.175,-15.525,0.0
2004-05-19T12:00:00Z,28.175,-15.475,0.0
2004-05-19T12:00:00Z,28.175,-15.425,0.0
2004-05-19T12:00:00Z,28.175,-15.375,0.0
2004-05-19T12:00:00Z,28.125,-15.625,0.0
2004-05-19T12:00:00Z,28.125,-15.575,0.0
2004-05-19T12:00:00Z,28.125,-15.525,0.0
2004-05-19T12:00:00Z,28.125,-15.475,0.0
2004-05-19T12:00:00Z,28.125,-15.425,0.0
2004-05-19T12:00:00Z,28.125,-15.375,0.0
2004-05-19T12:00:00Z,28.075,-15.625,NaN
2004-05-19T12:00:00Z,28.075,-15.575,NaN
2004-05-19T12:00:00Z,28.075,-15.525,NaN
2004-05-19T12:00:00Z,28.075,-15.475,0.0
2004-05-19T12:00:00Z,28.075,-15.425,0.0
2004-05-19T12:00:00Z,28.075,-15.375,0.0
2004-05-19T12:00:00Z,28.025,-15.625,NaN
2004-05-19T12:00:00Z,28.025,-15.575,NaN
2004-05-19T12:00:00Z,28.025,-15.525,NaN
2004-05-19T12:00:00Z,28.025,-15.475,NaN
2004-05-19T12:00:00Z,28.025,-15.425,0.0
2004-05-19T12:00:00Z,28.025,-15.375,0.0
2004-05-19T12:00:00Z,27.975,-15.625,NaN
2004-05-19T12:00:00Z,27.975,-15.575,NaN
2004-05-19T12:00:00Z,27.975,-15.525,NaN
2004-05-19T12:00:00Z,27.975,-15.475,NaN
2004-05-19T12:00:00Z,27.975,-15.425,NaN
2004-05-19T12:00:00Z,27.975,-15.375,0.0
2004-05-19T12:00:00Z,27.925,-15.625,NaN
2004-05-19T12:00:00Z,27.925,-15.575,NaN
2004-05-19T12:00:00Z,27.925,-15.525,NaN
2004-05-19T12:00:00Z,27.925,-15.475,NaN
2004-05-19T12:00:00Z,27.925,-15.425,NaN
2004-05-19T12:00:00Z,27.925,-15.375,0.0
2004-05-19T12:00:00Z,27.875,-15.625,NaN
2004-05-19T12:00:00Z,27.875,-15.575,NaN
2004-05-19T12:00:00Z,27.875,-15.525,NaN
2004-05-19T12:00:00Z,27.875,-15.475,NaN
2004-05-19T12:00:00Z,27.875,-15.425,NaN
2004-05-19T12:00:00Z,27.875,-15.375,0.0
2004-05-19T12:00:00Z,27.825,-15.625,NaN
2004-05-19T12:00:00Z,27.825,-15.575,NaN
2004-05-19T12:00:00Z,27.825,-15.525,NaN
2004-05-19T12:00:00Z,27.825,-15.475,NaN
2004-05-19T12:00:00Z,27.825,-15.425,0.0
2004-05-19T12:00:00Z,27.825,-15.375,0.0
2004-06-18T12:00:00Z,28.175,-15.625,0.0
2004-06-18T12:00:00Z,28.175,-15.575,0.0
2004-06-18T12:00:00Z,28.175,-15.525,0.0
2004-06-18T12:00:00Z,28.175,-15.475,0.0
2004-06-18T12:00:00Z,28.175,-15.425,0.0
2004-06-18T12:00:00Z,28.175,-15.375,0.0
2004-06-18T12:00:00Z,28.125,-15.625,0.0
2004-06-18T12:00:00Z,28.125,-15.575,0.0
2004-06-18T12:00:00Z,28.125,-15.525,0.0
2004-06-18T12:00:00Z,28.125,-15.475,0.0
2004-06-18T12:00:00Z,28.125,-15.425,0.0
2004-06-18T12:00:00Z,28.125,-15.375,0.0
2004-06-18T12:00:00Z,28.075,-15.625,NaN
2004-06-18T12:00:00Z,28.075,-15.575,NaN
2004-06-18T12:00:00Z,28.075,-15.525,NaN
2004-06-18T12:00:00Z,28.075,-15.475,0.0
2004-06-18T12:00:00Z,28.075,-15.425,0.0
2004-06-18T12:00:00Z,28.075,-15.375,0.0
2004-06-18T12:00:00Z,28.025,-15.625,NaN
2004-06-18T12:00:00Z,28.025,-15.575,NaN
2004-06-18T12:00:00Z,28.025,-15.525,NaN
2004-06-18T12:00:00Z,28.025,-15.475,NaN
2004-06-18T12:00:00Z,28.025,-15.425,0.0
2004-06-18T12:00:00Z,28.025,-15.375,0.0
2004-06-18T12:00:00Z,27.975,-15.625,NaN
2004-06-18T12:00:00Z,27.975,-15.575,NaN
2004-06-18T12:00:00Z,27.975,-15.525,NaN
2004-06-18T12:00:00Z,27.975,-15.475,NaN
2004-06-18T12:00:00Z,27.975,-15.425,NaN
2004-06-18T12:00:00Z,27.975,-15.375,0.0
2004-06-18T12:00:00Z,27.925,-15.625,NaN
2004-06-18T12:00:00Z,27.925,-15.575,NaN
2004-06-18T12:00:00Z,27.925,-15.525,NaN
2004-06-18T12:00:00Z,27.925,-15.475,NaN
2004-06-18T12:00:00Z,27.925,-15.425,NaN
2004-06-18T12:00:00Z,27.925,-15.375,0.0
2004-06-18T12:00:00Z,27.875,-15.625,NaN
2004-06-18T12:00:00Z,27.875,-15.575,NaN
2004-06-18T12:00:00Z,27.875,-15.525,NaN
2004-06-18T12:00:00Z,27.875,-15.475,NaN
2004-06-18T12:00:00Z,27.875,-15.425,NaN
2004-06-18T12:00:00Z,27.875,-15.375,0.0
2004-06-18T12:00:00Z,27.825,-15.625,NaN
2004-06-18T12:00:00Z,27.825,-15.575,NaN
2004-06-18T12:00:00Z,27.825,-15.525,NaN
2004-06-18T12:00:00Z,27.825,-15.475,NaN
2004-06-18T12:00:00Z,27.825,-15.425,0.0
2004-06-18T12:00:00Z,27.825,-15.375,0.0
2004-07-18T12:00:00Z,28.175,-15.625,0.0
2004-07-18T12:00:00Z,28.175,-15.575,0.0
2004-07-18T12:00:00Z,28.175,-15.525,0.0
2004-07-18T12:00:00Z,28.175,-15.475,0.0
2004-07-18T12:00:00Z,28.175,-15.425,0.0
2004-07-18T12:00:00Z,28.175,-15.375,0.0
2004-07-18T12:00:00Z,28.125,-15.625,0.0
2004-07-18T12:00:00Z,28.125,-15.575,0.0
2004-07-18T12:00:00Z,28.125,-15.525,0.0
2004-07-18T12:00:00Z,28.125,-15.475,0.0
2004-07-18T12:00:00Z,28.125,-15.425,0.0
2004-07-18T12:00:00Z,28.125,-15.375,0.0
2004-07-18T12:00:00Z,28.075,-15.625,NaN
2004-07-18T12:00:00Z,28.075,-15.575,NaN
2004-07-18T12:00:00Z,28.075,-15.525,NaN
2004-07-18T12:00:00Z,28.075,-15.475,0.0
2004-07-18T12:00:00Z,28.075,-15.425,0.0
2004-07-18T12:00:00Z,28.075,-15.375,0.0
2004-07-18T12:00:00Z,28.025,-15.625,NaN
2004-07-18T12:00:00Z,28.025,-15.575,NaN
2004-07-18T12:00:00Z,28.025,-15.525,NaN
2004-07-18T12:00:00Z,28.025,-15.475,NaN
2004-07-18T12:00:00Z,28.025,-15.425,0.0
2004-07-18T12:00:00Z,28.025,-15.375,0.0
2004-07-18T12:00:00Z,27.975,-15.625,NaN
2004-07-18T12:00:00Z,27.975,-15.575,NaN
2004-07-18T12:00:00Z,27.975,-15.525,NaN
2004-07-18T12:00:00Z,27.975,-15.475,NaN
2004-07-18T12:00:00Z,27.975,-15.425,NaN
2004-07-18T12:00:00Z,27.975,-15.375,0.0
2004-07-18T12:00:00Z,27.925,-15.625,NaN
2004-07-18T12:00:00Z,27.925,-15.575,NaN
2004-07-18T12:00:00Z,27.925,-15.525,NaN
2004-07-18T12:00:00Z,27.925,-15.475,NaN
2004-07-18T12:00:00Z,27.925,-15.425,NaN
2004-07-18T12:00:00Z,27.925,-15.375,0.0
2004-07-18T12:00:00Z,27.875,-15.625,NaN
2004-07-18T12:00:00Z,27.875,-15.575,NaN
2004-07-18T12:00:00Z,27.875,-15.525,NaN
2004-07-18T12:00:00Z,27.875,-15.475,NaN
2004-07-18T12:00:00Z,27.875,-15.425,NaN
2004-07-18T12:00:00Z,27.875,-15.375,0.0
2004-07-18T12:00:00Z,27.825,-15.625,NaN
2004-07-18T12:00:00Z,27.825,-15.575,NaN
2004-07-18T12:00:00Z,27.825,-15.525,NaN
2004-07-18T12:00:00Z,27.825,-15.475,NaN
2004-07-18T12:00:00Z,27.825,-15.425,0.0
2004-07-18T12:00:00Z,27.825,-15.375,0.0
2004-08-17T12:00:00Z,28.175,-15.625,0.87
2004-08-17T12:00:00Z,28.175,-15.575,0.87
2004-08-17T12:00:00Z,28.175,-15.525,0.87
2004-08-17T12:00:00Z,28.175,-15.475,0.87
2004-08-17T12:00:00Z,28.175,-15.425,0.87
2004-08-17T12:00:00Z,28.175,-15.375,0.72
2004-08-17T12:00:00Z,28.125,-15.625,0.8300000000000001
2004-08-17T12:00:00Z,28.125,-15.575,0.7000000000000001
2004-08-17T12:00:00Z,28.125,-15.525,0.7000000000000001
2004-08-17T12:00:00Z,28.125,-15.475,0.7000000000000001
2004-08-17T12:00:00Z,28.125,-15.425,0.71
2004-08-17T12:00:00Z,28.125,-15.375,0.71
2004-08-17T12:00:00Z,28.075,-15.625,NaN
2004-08-17T12:00:00Z,28.075,-15.575,NaN
2004-08-17T12:00:00Z,28.075,-15.525,NaN
2004-08-17T12:00:00Z,28.075,-15.475,0.68
2004-08-17T12:00:00Z,28.075,-15.425,0.7000000000000001
2004-08-17T12:00:00Z,28.075,-15.375,0.7000000000000001
2004-08-17T12:00:00Z,28.025,-15.625,NaN
2004-08-17T12:00:00Z,28.025,-15.575,NaN
2004-08-17T12:00:00Z,28.025,-15.525,NaN
2004-08-17T12:00:00Z,28.025,-15.475,NaN
2004-08-17T12:00:00Z,28.025,-15.425,0.8200000000000001
2004-08-17T12:00:00Z,28.025,-15.375,0.84
2004-08-17T12:00:00Z,27.975,-15.625,NaN
2004-08-17T12:00:00Z,27.975,-15.575,NaN
2004-08-17T12:00:00Z,27.975,-15.525,NaN
2004-08-17T12:00:00Z,27.975,-15.475,NaN
2004-08-17T12:00:00Z,27.975,-15.425,NaN
2004-08-17T12:00:00Z,27.975,-15.375,0.8300000000000001
2004-08-17T12:00:00Z,27.925,-15.625,NaN
2004-08-17T12:00:00Z,27.925,-15.575,NaN
2004-08-17T12:00:00Z,27.925,-15.525,NaN
2004-08-17T12:00:00Z,27.925,-15.475,NaN
2004-08-17T12:00:00Z,27.925,-15.425,NaN
2004-08-17T12:00:00Z,27.925,-15.375,0.8200000000000001
2004-08-17T12:00:00Z,27.875,-15.625,NaN
2004-08-17T12:00:00Z,27.875,-15.575,NaN
2004-08-17T12:00:00Z,27.875,-15.525,NaN
2004-08-17T12:00:00Z,27.875,-15.475,NaN
2004-08-17T12:00:00Z,27.875,-15.425,NaN
2004-08-17T12:00:00Z,27.875,-15.375,0.9400000000000001
2004-08-17T12:00:00Z,27.825,-15.625,NaN
2004-08-17T12:00:00Z,27.825,-15.575,NaN
2004-08-17T12:00:00Z,27.825,-15.525,NaN
2004-08-17T12:00:00Z,27.825,-15.475,NaN
2004-08-17T12:00:00Z,27.825,-15.425,0.77
2004-08-17T12:00:00Z,27.825,-15.375,0.9400000000000001
2004-09-16T12:00:00Z,28.175,-15.625,3.75
2004-09-16T12:00:00Z,28.175,-15.575,4.1
2004-09-16T12:00:00Z,28.175,-15.525,4.3
2004-09-16T12:00:00Z,28.175,-15.475,4.5
2004-09-16T12:00:00Z,28.175,-15.425,4.57
2004-09-16T12:00:00Z,28.175,-15.375,4.53
2004-09-16T12:00:00Z,28.125,-15.625,3.25
2004-09-16T12:00:00Z,28.125,-15.575,3.5100000000000002
2004-09-16T12:00:00Z,28.125,-15.525,3.99
2004-09-16T12:00:00Z,28.125,-15.475,4.26
2004-09-16T12:00:00Z,28.125,-15.425,4.4
2004-09-16T12:00:00Z,28.125,-15.375,4.5
2004-09-16T12:00:00Z,28.075,-15.625,NaN
2004-09-16T12:00:00Z,28.075,-15.575,NaN
2004-09-16T12:00:00Z,28.075,-15.525,NaN
2004-09-16T12:00:00Z,28.075,-15.475,4.21
2004-09-16T12:00:00Z,28.075,-15.425,4.4
2004-09-16T12:00:00Z,28.075,-15.375,4.5
2004-09-16T12:00:00Z,28.025,-15.625,NaN
2004-09-16T12:00:00Z,28.025,-15.575,NaN
2004-09-16T12:00:00Z,28.025,-15.525,NaN
2004-09-16T12:00:00Z,28.025,-15.475,NaN
2004-09-16T12:00:00Z,28.025,-15.425,4.58
2004-09-16T12:00:00Z,28.025,-15.375,4.69
2004-09-16T12:00:00Z,27.975,-15.625,NaN
2004-09-16T12:00:00Z,27.975,-15.575,NaN
2004-09-16T12:00:00Z,27.975,-15.525,NaN
2004-09-16T12:00:00Z,27.975,-15.475,NaN
2004-09-16T12:00:00Z,27.975,-15.425,NaN
2004-09-16T12:00:00Z,27.975,-15.375,4.75
2004-09-16T12:00:00Z,27.925,-15.625,NaN
2004-09-16T12:00:00Z,27.925,-15.575,NaN
2004-09-16T12:00:00Z,27.925,-15.525,NaN
2004-09-16T12:00:00Z,27.925,-15.475,NaN
2004-09-16T12:00:00Z,27.925,-15.425,NaN
2004-09-16T12:00:00Z,27.925,-15.375,4.79
2004-09-16T12:00:00Z,27.875,-15.625,NaN
2004-09-16T12:00:00Z,27.875,-15.575,NaN
2004-09-16T12:00:00Z,27.875,-15.525,NaN
2004-09-16T12:00:00Z,27.875,-15.475,NaN
2004-09-16T12:00:00Z,27.875,-15.425,NaN
2004-09-16T12:00:00Z,27.875,-15.375,4.91
2004-09-16T12:00:00Z,27.825,-15.625,NaN
2004-09-16T12:00:00Z,27.825,-15.575,NaN
2004-09-16T12:00:00Z,27.825,-15.525,NaN
2004-09-16T12:00:00Z,27.825,-15.475,NaN
2004-09-16T12:00:00Z,27.825,-15.425,4.88
2004-09-16T12:00:00Z,27.825,-15.375,5.04
2004-10-16T12:00:00Z,28.175,-15.625,3.75
2004-10-16T12:00:00Z,28.175,-15.575,4.1
2004-10-16T12:00:00Z,28.175,-15.525,4.3
2004-10-16T12:00:00Z,28.175,-15.475,4.5
2004-10-16T12:00:00Z,28.175,-15.425,4.86
2004-10-16T12:00:00Z,28.175,-15.375,5.12
2004-10-16T12:00:00Z,28.125,-15.625,3.25
2004-10-16T12:00:00Z,28.125,-15.575,3.5100000000000002
2004-10-16T12:00:00Z,28.125,-15.525,3.99
2004-10-16T12:00:00Z,28.125,-15.475,4.55
2004-10-16T12:00:00Z,28.125,-15.425,4.7
2004-10-16T12:00:00Z,28.125,-15.375,4.95
2004-10-16T12:00:00Z,28.075,-15.625,NaN
2004-10-16T12:00:00Z,28.075,-15.575,NaN
2004-10-16T12:00:00Z,28.075,-15.525,NaN
2004-10-16T12:00:00Z,28.075,-15.475,4.5
2004-10-16T12:00:00Z,28.075,-15.425,4.72
2004-10-16T12:00:00Z,28.075,-15.375,4.97
2004-10-16T12:00:00Z,28.025,-15.625,NaN
2004-10-16T12:00:00Z,28.025,-15.575,NaN
2004-10-16T12:00:00Z,28.025,-15.525,NaN
2004-10-16T12:00:00Z,28.025,-15.475,NaN
2004-10-16T12:00:00Z,28.025,-15.425,5.05
2004-10-16T12:00:00Z,28.025,-15.375,5.3100000000000005
2004-10-16T12:00:00Z,27.975,-15.625,NaN
2004-10-16T12:00:00Z,27.975,-15.575,NaN
2004-10-16T12:00:00Z,27.975,-15.525,NaN
2004-10-16T12:00:00Z,27.975,-15.475,NaN
2004-10-16T12:00:00Z,27.975,-15.425,NaN
2004-10-16T12:00:00Z,27.975,-15.375,5.39
2004-10-16T12:00:00Z,27.925,-15.625,NaN
2004-10-16T12:00:00Z,27.925,-15.575,NaN
2004-10-16T12:00:00Z,27.925,-15.525,NaN
2004-10-16T12:00:00Z,27.925,-15.475,NaN
2004-10-16T12:00:00Z,27.925,-15.425,NaN
2004-10-16T12:00:00Z,27.925,-15.375,5.73
2004-10-16T12:00:00Z,27.875,-15.625,NaN
2004-10-16T12:00:00Z,27.875,-15.575,NaN
2004-10-16T12:00:00Z,27.875,-15.525,NaN
2004-10-16T12:00:00Z,27.875,-15.475,NaN
2004-10-16T12:00:00Z,27.875,-15.425,NaN
2004-10-16T12:00:00Z,27.875,-15.375,6.0200000000000005
2004-10-16T12:00:00Z,27.825,-15.625,NaN
2004-10-16T12:00:00Z,27.825,-15.575,NaN
2004-10-16T12:00:00Z,27.825,-15.525,NaN
2004-10-16T12:00:00Z,27.825,-15.475,NaN
2004-10-16T12:00:00Z,27.825,-15.425,5.74
2004-10-16T12:00:00Z,27.825,-15.375,6.03
2004-11-15T12:00:00Z,28.175,-15.625,2.04
2004-11-15T12:00:00Z,28.175,-15.575,2.37
2004-11-15T12:00:00Z,28.175,-15.525,2.41
2004-11-15T12:00:00Z,28.175,-15.475,2.6
2004-11-15T12:00:00Z,28.175,-15.425,2.95
2004-11-15T12:00:00Z,28.175,-15.375,3.35
2004-11-15T12:00:00Z,28.125,-15.625,1.6400000000000001
2004-11-15T12:00:00Z,28.125,-15.575,2.0100000000000002
2004-11-15T12:00:00Z,28.125,-15.525,2.34
2004-11-15T12:00:00Z,28.125,-15.475,2.86
2004-11-15T12:00:00Z,28.125,-15.425,2.97
2004-11-15T12:00:00Z,28.125,-15.375,3.21
2004-11-15T12:00:00Z,28.075,-15.625,NaN
2004-11-15T12:00:00Z,28.075,-15.575,NaN
2004-11-15T12:00:00Z,28.075,-15.525,NaN
2004-11-15T12:00:00Z,28.075,-15.475,2.87
2004-11-15T12:00:00Z,28.075,-15.425,3.0300000000000002
2004-11-15T12:00:00Z,28.075,-15.375,3.25
2004-11-15T12:00:00Z,28.025,-15.625,NaN
2004-11-15T12:00:00Z,28.025,-15.575,NaN
2004-11-15T12:00:00Z,28.025,-15.525,NaN
2004-11-15T12:00:00Z,28.025,-15.475,NaN
2004-11-15T12:00:00Z,28.025,-15.425,3.24
2004-11-15T12:00:00Z,28.025,-15.375,3.46
2004-11-15T12:00:00Z,27.975,-15.625,NaN
2004-11-15T12:00:00Z,27.975,-15.575,NaN
2004-11-15T12:00:00Z,27.975,-15.525,NaN
2004-11-15T12:00:00Z,27.975,-15.475,NaN
2004-11-15T12:00:00Z,27.975,-15.425,NaN
2004-11-15T12:00:00Z,27.975,-15.375,3.56
2004-11-15T12:00:00Z,27.925,-15.625,NaN
2004-11-15T12:00:00Z,27.925,-15.575,NaN
2004-11-15T12:00:00Z,27.925,-15.525,NaN
2004-11-15T12:00:00Z,27.925,-15.475,NaN
2004-11-15T12:00:00Z,27.925,-15.425,NaN
2004-11-15T12:00:00Z,27.925,-15.375,3.91
2004-11-15T12:00:00Z,27.875,-15.625,NaN
2004-11-15T12:00:00Z,27.875,-15.575,NaN
2004-11-15T12:00:00Z,27.875,-15.525,NaN
2004-11-15T12:00:00Z,27.875,-15.475,NaN
2004-11-15T12:00:00Z,27.875,-15.425,NaN
2004-11-15T12:00:00Z,27.875,-15.375,4.1
2004-11-15T12:00:00Z,27.825,-15.625,NaN
2004-11-15T12:00:00Z,27.825,-15.575,NaN
2004-11-15T12:00:00Z,27.825,-15.525,NaN
2004-11-15T12:00:00Z,27.825,-15.475,NaN
2004-11-15T12:00:00Z,27.825,-15.425,3.99
2004-11-15T12:00:00Z,27.825,-15.375,4.12
2004-12-15T12:00:00Z,28.175,-15.625,0.0
2004-12-15T12:00:00Z,28.175,-15.575,0.0
2004-12-15T12:00:00Z,28.175,-15.525,0.0
2004-12-15T12:00:00Z,28.175,-15.475,0.0
2004-12-15T12:00:00Z,28.175,-15.425,0.29
2004-12-15T12:00:00Z,28.175,-15.375,0.44
2004-12-15T12:00:00Z,28.125,-15.625,0.0
2004-12-15T12:00:00Z,28.125,-15.575,0.0
2004-12-15T12:00:00Z,28.125,-15.525,0.0
2004-12-15T12:00:00Z,28.125,-15.475,0.29
2004-12-15T12:00:00Z,28.125,-15.425,0.3
2004-12-15T12:00:00Z,28.125,-15.375,0.45
2004-12-15T12:00:00Z,28.075,-15.625,NaN
2004-12-15T12:00:00Z,28.075,-15.575,NaN
2004-12-15T12:00:00Z,28.075,-15.525,NaN
2004-12-15T12:00:00Z,28.075,-15.475,0.3
2004-12-15T12:00:00Z,28.075,-15.425,0.31
2004-12-15T12:00:00Z,28.075,-15.375,0.46
2004-12-15T12:00:00Z,28.025,-15.625,NaN
2004-12-15T12:00:00Z,28.025,-15.575,NaN
2004-12-15T12:00:00Z,28.025,-15.525,NaN
2004-12-15T12:00:00Z,28.025,-15.475,NaN
2004-12-15T12:00:00Z,28.025,-15.425,0.46
2004-12-15T12:00:00Z,28.025,-15.375,0.62
2004-12-15T12:00:00Z,27.975,-15.625,NaN
2004-12-15T12:00:00Z,27.975,-15.575,NaN
2004-12-15T12:00:00Z,27.975,-15.525,NaN
2004-12-15T12:00:00Z,27.975,-15.475,NaN
2004-12-15T12:00:00Z,27.975,-15.425,NaN
2004-12-15T12:00:00Z,27.975,-15.375,0.64
2004-12-15T12:00:00Z,27.925,-15.625,NaN
2004-12-15T12:00:00Z,27.925,-15.575,NaN
2004-12-15T12:00:00Z,27.925,-15.525,NaN
2004-12-15T12:00:00Z,27.925,-15.475,NaN
2004-12-15T12:00:00Z,27.925,-15.425,NaN
2004-12-15T12:00:00Z,27.925,-15.375,0.8
2004-12-15T12:00:00Z,27.875,-15.625,NaN
2004-12-15T12:00:00Z,27.875,-15.575,NaN
2004-12-15T12:00:00Z,27.875,-15.525,NaN
2004-12-15T12:00:00Z,27.875,-15.475,NaN
2004-12-15T12:00:00Z,27.875,-15.425,NaN
2004-12-15T12:00:00Z,27.875,-15.375,0.8200000000000001
2004-12-15T12:00:00Z,27.825,-15.625,NaN
2004-12-15T12:00:00Z,27.825,-15.575,NaN
2004-12-15T12:00:00Z,27.825,-15.525,NaN
2004-12-15T12:00:00Z,27.825,-15.475,NaN
2004-12-15T12:00:00Z,27.825,-15.425,0.86
2004-12-15T12:00:00Z,27.825,-15.375,0.85
2005-01-14T12:00:00Z,28.175,-15.625,0.0
2005-01-14T12:00:00Z,28.175,-15.575,0.0
2005-01-14T12:00:00Z,28.175,-15.525,0.0
2005-01-14T12:00:00Z,28.175,-15.475,0.0
2005-01-14T12:00:00Z,28.175,-15.425,0.0
2005-01-14T12:00:00Z,28.175,-15.375,0.0
2005-01-14T12:00:00Z,28.125,-15.625,0.0
2005-01-14T12:00:00Z,28.125,-15.575,0.0
2005-01-14T12:00:00Z,28.125,-15.525,0.0
2005-01-14T12:00:00Z,28.125,-15.475,0.0
2005-01-14T12:00:00Z,28.125,-15.425,0.0
2005-01-14T12:00:00Z,28.125,-15.375,0.0
2005-01-14T12:00:00Z,28.075,-15.625,NaN
2005-01-14T12:00:00Z,28.075,-15.575,NaN
2005-01-14T12:00:00Z,28.075,-15.525,NaN
2005-01-14T12:00:00Z,28.075,-15.475,0.0
2005-01-14T12:00:00Z,28.075,-15.425,0.0
2005-01-14T12:00:00Z,28.075,-15.375,0.0
2005-01-14T12:00:00Z,28.025,-15.625,NaN
2005-01-14T12:00:00Z,28.025,-15.575,NaN
2005-01-14T12:00:00Z,28.025,-15.525,NaN
2005-01-14T12:00:00Z,28.025,-15.475,NaN
2005-01-14T12:00:00Z,28.025,-15.425,0.0
2005-01-14T12:00:00Z,28.025,-15.375,0.0
2005-01-14T12:00:00Z,27.975,-15.625,NaN
2005-01-14T12:00:00Z,27.975,-15.575,NaN
2005-01-14T12:00:00Z,27.975,-15.525,NaN
2005-01-14T12:00:00Z,27.975,-15.475,NaN
2005-01-14T12:00:00Z,27.975,-15.425,NaN
2005-01-14T12:00:00Z,27.975,-15.375,0.0
2005-01-14T12:00:00Z,27.925,-15.625,NaN
2005-01-14T12:00:00Z,27.925,-15.575,NaN
2005-01-14T12:00:00Z,27.925,-15.525,NaN
2005-01-14T12:00:00Z,27.925,-15.475,NaN
2005-01-14T12:00:00Z,27.925,-15.425,NaN
2005-01-14T12:00:00Z,27.925,-15.375,0.0
2005-01-14T12:00:00Z,27.875,-15.625,NaN
2005-01-14T12:00:00Z,27.875,-15.575,NaN
2005-01-14T12:00:00Z,27.875,-15.525,NaN
2005-01-14T12:00:00Z,27.875,-15.475,NaN
2005-01-14T12:00:00Z,27.875,-15.425,NaN
2005-01-14T12:00:00Z,27.875,-15.375,0.0
2005-01-14T12:00:00Z,27.825,-15.625,NaN
2005-01-14T12:00:00Z,27.825,-15.575,NaN
2005-01-14T12:00:00Z,27.825,-15.525,NaN
2005-01-14T12:00:00Z,27.825,-15.475,NaN
2005-01-14T12:00:00Z,27.825,-15.425,0.0
2005-01-14T12:00:00Z,27.825,-15.375,0.0
2005-02-13T12:00:00Z,28.175,-15.625,0.0
2005-02-13T12:00:00Z,28.175,-15.575,0.0
2005-02-13T12:00:00Z,28.175,-15.525,0.0
2005-02-13T12:00:00Z,28.175,-15.475,0.0
2005-02-13T12:00:00Z,28.175,-15.425,0.0
2005-02-13T12:00:00Z,28.175,-15.375,0.0
2005-02-13T12:00:00Z,28.125,-15.625,0.0
2005-02-13T12:00:00Z,28.125,-15.575,0.0
2005-02-13T12:00:00Z,28.125,-15.525,0.0
2005-02-13T12:00:00Z,28.125,-15.475,0.0
2005-02-13T12:00:00Z,28.125,-15.425,0.0
2005-02-13T12:00:00Z,28.125,-15.375,0.0
2005-02-13T12:00:00Z,28.075,-15.625,NaN
2005-02-13T12:00:00Z,28.075,-15.575,NaN
2005-02-13T12:00:00Z,28.075,-15.525,NaN
2005-02-13T12:00:00Z,28.075,-15.475,0.0
2005-02-13T12:00:00Z,28.075,-15.425,0.0
2005-02-13T12:00:00Z,28.075,-15.375,0.0
2005-02-13T12:00:00Z,28.025,-15.625,NaN
2005-02-13T12:00:00Z,28.025,-15.575,NaN
2005-02-13T12:00:00Z,28.025,-15.525,NaN
2005-02-13T12:00:00Z,28.025,-15.475,NaN
2005-02-13T12:00:00Z,28.025,-15.425,0.0
2005-02-13T12:00:00Z,28.025,-15.375,0.0
2005-02-13T12:00:00Z,27.975,-15.625,NaN
2005-02-13T12:00:00Z,27.975,-15.575,NaN
2005-02-13T12:00:00Z,27.975,-15.525,NaN
2005-02-13T12:00:00Z,27.975,-15.475,NaN
2005-02-13T12:00:00Z,27.975,-15.425,NaN
2005-02-13T12:00:00Z,27.975,-15.375,0.0
2005-02-13T12:00:00Z,27.925,-15.625,NaN
2005-02-13T12:00:00Z,27.925,-15.575,NaN
2005-02-13T12:00:00Z,27.925,-15.525,NaN
2005-02-13T12:00:00Z,27.925,-15.475,NaN
2005-02-13T12:00:00Z,27.925,-15.425,NaN
2005-02-13T12:00:00Z,27.925,-15.375,0.0
2005-02-13T12:00:00Z,27.875,-15.625,NaN
2005-02-13T12:00:00Z,27.875,-15.575,NaN
2005-02-13T12:00:00Z,27.875,-15.525,NaN
2005-02-13T12:00:00Z,27.875,-15.475,NaN
2005-02-13T12:00:00Z,27.875,-15.425,NaN
2005-02-13T12:00:00Z,27.875,-15.375,0.0
2005-02-13T12:00:00Z,27.825,-15.625,NaN
2005-02-13T12:00:00Z,27.825,-15.575,NaN
2005-02-13T12:00:00Z,27.825,-15.525,NaN
2005-02-13T12:00:00Z,27.825,-15.475,NaN
2005-02-13T12:00:00Z,27.825,-15.425,0.0
2005-02-13T12:00:00Z,27.825,-15.375,0.0
2005-03-15T12:00:00Z,28.175,-15.625,0.0
2005-03-15T12:00:00Z,28.175,-15.575,0.0
2005-03-15T12:00:00Z,28.175,-15.525,0.0
2005-03-15T12:00:00Z,28.175,-15.475,0.0
2005-03-15T12:00:00Z,28.175,-15.425,0.0
2005-03-15T12:00:00Z,28.175,-15.375,0.0
2005-03-15T12:00:00Z,28.125,-15.625,0.0
2005-03-15T12:00:00Z,28.125,-15.575,0.0
2005-03-15T12:00:00Z,28.125,-15.525,0.0
2005-03-15T12:00:00Z,28.125,-15.475,0.0
2005-03-15T12:00:00Z,28.125,-15.425,0.0
2005-03-15T12:00:00Z,28.125,-15.375,0.0
2005-03-15T12:00:00Z,28.075,-15.625,NaN
2005-03-15T12:00:00Z,28.075,-15.575,NaN
2005-03-15T12:00:00Z,28.075,-15.525,NaN
2005-03-15T12:00:00Z,28.075,-15.475,0.0
2005-03-15T12:00:00Z,28.075,-15.425,0.0
2005-03-15T12:00:00Z,28.075,-15.375,0.0
2005-03-15T12:00:00Z,28.025,-15.625,NaN
2005-03-15T12:00:00Z,28.025,-15.575,NaN
2005-03-15T12:00:00Z,28.025,-15.525,NaN
2005-03-15T12:00:00Z,28.025,-15.475,NaN
2005-03-15T12:00:00Z,28.025,-15.425,0.0
2005-03-15T12:00:00Z,28.025,-15.375,0.0
2005-03-15T12:00:00Z,27.975,-15.625,NaN
2005-03-15T12:00:00Z,27.975,-15.575,NaN
2005-03-15T12:00:00Z,27.975,-15.525,NaN
2005-03-15T12:00:00Z,27.975,-15.475,NaN
2005-03-15T12:00:00Z,27.975,-15.425,NaN
2005-03-15T12:00:00Z,27.975,-15.375,0.0
2005-03-15T12:00:00Z,27.925,-15.625,NaN
2005-03-15T12:00:00Z,27.925,-15.575,NaN
2005-03-15T12:00:00Z,27.925,-15.525,NaN
2005-03-15T12:00:00Z,27.925,-15.475,NaN
2005-03-15T12:00:00Z,27.925,-15.425,NaN
2005-03-15T12:00:00Z,27.925,-15.375,0.0
2005-03-15T12:00:00Z,27.875,-15.625,NaN
2005-03-15T12:00:00Z,27.875,-15.575,NaN
2005-03-15T12:00:00Z,27.875,-15.525,NaN
2005-03-15T12:00:00Z,27.875,-15.475,NaN
2005-03-15T12:00:00Z,27.875,-15.425,NaN
2005-03-15T12:00:00Z,27.875,-15.375,0.0
2005-03-15T12:00:00Z,27.825,-15.625,NaN
2005-03-15T12:00:00Z,27.825,-15.575,NaN
2005-03-15T12:00:00Z,27.825,-15.525,NaN
2005-03-15T12:00:00Z,27.825,-15.475,NaN
2005-03-15T12:00:00Z,27.825,-15.425,0.0
2005-03-15T12:00:00Z,27.825,-15.375,0.0
2005-04-14T12:00:00Z,28.175,-15.625,0.0
2005-04-14T12:00:00Z,28.175,-15.575,0.0
2005-04-14T12:00:00Z,28.175,-15.525,0.0
2005-04-14T12:00:00Z,28.175,-15.475,0.0
2005-04-14T12:00:00Z,28.175,-15.425,0.0
2005-04-14T12:00:00Z,28.175,-15.375,0.0
2005-04-14T12:00:00Z,28.125,-15.625,0.0
2005-04-14T12:00:00Z,28.125,-15.575,0.0
2005-04-14T12:00:00Z,28.125,-15.525,0.0
2005-04-14T12:00:00Z,28.125,-15.475,0.0
2005-04-14T12:00:00Z,28.125,-15.425,0.0
2005-04-14T12:00:00Z,28.125,-15.375,0.0
2005-04-14T12:00:00Z,28.075,-15.625,NaN
2005-04-14T12:00:00Z,28.075,-15.575,NaN
2005-04-14T12:00:00Z,28.075,-15.525,NaN
2005-04-14T12:00:00Z,28.075,-15.475,0.0
2005-04-14T12:00:00Z,28.075,-15.425,0.0
2005-04-14T12:00:00Z,28.075,-15.375,0.0
2005-04-14T12:00:00Z,28.025,-15.625,NaN
2005-04-14T12:00:00Z,28.025,-15.575,NaN
2005-04-14T12:00:00Z,28.025,-15.525,NaN
2005-04-14T12:00:00Z,28.025,-15.475,NaN
2005-04-14T12:00:00Z,28.025,-15.425,0.0
2005-04-14T12:00:00Z,28.025,-15.375,0.0
2005-04-14T12:00:00Z,27.975,-15.625,NaN
2005-04-14T12:00:00Z,27.975,-15.575,NaN
2005-04-14T12:00:00Z,27.975,-15.525,NaN
2005-04-14T12:00:00Z,27.975,-15.475,NaN
2005-04-14T12:00:00Z,27.975,-15.425,NaN
2005-04-14T12:00:00Z,27.975,-15.375,0.0
2005-04-14T12:00:00Z,27.925,-15.625,NaN
2005-04-14T12:00:00Z,27.925,-15.575,NaN
2005-04-14T12:00:00Z,27.925,-15.525,NaN
2005-04-14T12:00:00Z,27.925,-15.475,NaN
2005-04-14T12:00:00Z,27.925,-15.425,NaN
2005-04-14T12:00:00Z,27.925,-15.375,0.0
2005-04-14T12:00:00Z,27.875,-15.625,NaN
2005-04-14T12:00:00Z,27.875,-15.575,NaN
2005-04-14T12:00:00Z,27.875,-15.525,NaN
2005-04-14T12:00:00Z,27.875,-15.475,NaN
2005-04-14T12:00:00Z,27.875,-15.425,NaN
2005-04-14T12:00:00Z,27.875,-15.375,0.0
2005-04-14T12:00:00Z,27.825,-15.625,NaN
2005-04-14T12:00:00Z,27.825,-15.575,NaN
2005-04-14T12:00:00Z,27.825,-15.525,NaN
2005-04-14T12:00:00Z,27.825,-15.475,NaN
2005-04-14T12:00:00Z,27.825,-15.425,0.0
2005-04-14T12:00:00Z,27.825,-15.375,0.0
2005-05-14T12:00:00Z,28.175,-15.625,0.0
2005-05-14T12:00:00Z,28.175,-15.575,0.0
2005-05-14T12:00:00Z,28.175,-15.525,0.0
2005-05-14T12:00:00Z,28.175,-15.475,0.0
2005-05-14T12:00:00Z,28.175,-15.425,0.0
2005-05-14T12:00:00Z,28.175,-15.375,0.0
2005-05-14T12:00:00Z,28.125,-15.625,0.0
2005-05-14T12:00:00Z,28.125,-15.575,0.0
2005-05-14T12:00:00Z,28.125,-15.525,0.0
2005-05-14T12:00:00Z,28.125,-15.475,0.0
2005-05-14T12:00:00Z,28.125,-15.425,0.0
2005-05-14T12:00:00Z,28.125,-15.375,0.0
2005-05-14T12:00:00Z,28.075,-15.625,NaN
2005-05-14T12:00:00Z,28.075,-15.575,NaN
2005-05-14T12:00:00Z,28.075,-15.525,NaN
2005-05-14T12:00:00Z,28.075,-15.475,0.0
2005-05-14T12:00:00Z,28.075,-15.425,0.0
2005-05-14T12:00:00Z,28.075,-15.375,0.0
2005-05-14T12:00:00Z,28.025,-15.625,NaN
2005-05-14T12:00:00Z,28.025,-15.575,NaN
2005-05-14T12:00:00Z,28.025,-15.525,NaN
2005-05-14T12:00:00Z,28.025,-15.475,NaN
2005-05-14T12:00:00Z,28.025,-15.425,0.0
2005-05-14T12:00:00Z,28.025,-15.375,0.0
2005-05-14T12:00:00Z,27.975,-15.625,NaN
2005-05-14T12:00:00Z,27.975,-15.575,NaN
2005-05-14T12:00:00Z,27.975,-15.525,NaN
2005-05-14T12:00:00Z,27.975,-15.475,NaN
2005-05-14T12:00:00Z,27.975,-15.425,NaN
2005-05-14T12:00:00Z,27.975,-15.375,0.0
2005-05-14T12:00:00Z,27.925,-15.625,NaN
2005-05-14T12:00:00Z,27.925,-15.575,NaN
2005-05-14T12:00:00Z,27.925,-15.525,NaN
2005-05-14T12:00:00Z,27.925,-15.475,NaN
2005-05-14T12:00:00Z,27.925,-15.425,NaN
2005-05-14T12:00:00Z,27.925,-15.375,0.0
2005-05-14T12:00:00Z,27.875,-15.625,NaN
2005-05-14T12:00:00Z,27.875,-15.575,NaN
2005-05-14T12:00:00Z,27.875,-15.525,NaN
2005-05-14T12:00:00Z,27.875,-15.475,NaN
2005-05-14T12:00:00Z,27.875,-15.425,NaN
2005-05-14T12:00:00Z,27.875,-15.375,0.0
2005-05-14T12:00:00Z,27.825,-15.625,NaN
2005-05-14T12:00:00Z,27.825,-15.575,NaN
2005-05-14T12:00:00Z,27.825,-15.525,NaN
2005-05-14T12:00:00Z,27.825,-15.475,NaN
2005-05-14T12:00:00Z,27.825,-15.425,0.0
2005-05-14T12:00:00Z,27.825,-15.375,0.0
2005-06-13T12:00:00Z,28.175,-15.625,0.0
2005-06-13T12:00:00Z,28.175,-15.575,0.0
2005-06-13T12:00:00Z,28.175,-15.525,0.0
2005-06-13T12:00:00Z,28.175,-15.475,0.0
2005-06-13T12:00:00Z,28.175,-15.425,0.0
2005-06-13T12:00:00Z,28.175,-15.375,0.0
2005-06-13T12:00:00Z,28.125,-15.625,0.0
2005-06-13T12:00:00Z,28.125,-15.575,0.0
2005-06-13T12:00:00Z,28.125,-15.525,0.0
2005-06-13T12:00:00Z,28.125,-15.475,0.0
2005-06-13T12:00:00Z,28.125,-15.425,0.0
2005-06-13T12:00:00Z,28.125,-15.375,0.0
2005-06-13T12:00:00Z,28.075,-15.625,NaN
2005-06-13T12:00:00Z,28.075,-15.575,NaN
2005-06-13T12:00:00Z,28.075,-15.525,NaN
2005-06-13T12:00:00Z,28.075,-15.475,0.0
2005-06-13T12:00:00Z,28.075,-15.425,0.0
2005-06-13T12:00:00Z,28.075,-15.375,0.0
2005-06-13T12:00:00Z,28.025,-15.625,NaN
2005-06-13T12:00:00Z,28.025,-15.575,NaN
2005-06-13T12:00:00Z,28.025,-15.525,NaN
2005-06-13T12:00:00Z,28.025,-15.475,NaN
2005-06-13T12:00:00Z,28.025,-15.425,0.0
2005-06-13T12:00:00Z,28.025,-15.375,0.0
2005-06-13T12:00:00Z,27.975,-15.625,NaN
2005-06-13T12:00:00Z,27.975,-15.575,NaN
2005-06-13T12:00:00Z,27.975,-15.525,NaN
2005-06-13T12:00:00Z,27.975,-15.475,NaN
2005-06-13T12:00:00Z,27.975,-15.425,NaN
2005-06-13T12:00:00Z,27.975,-15.375,0.0
2005-06-13T12:00:00Z,27.925,-15.625,NaN
2005-06-13T12:00:00Z,27.925,-15.575,NaN
2005-06-13T12:00:00Z,27.925,-15.525,NaN
2005-06-13T12:00:00Z,27.925,-15.475,NaN
2005-06-13T12:00:00Z,27.925,-15.425,NaN
2005-06-13T12:00:00Z,27.925,-15.375,0.0
2005-06-13T12:00:00Z,27.875,-15.625,NaN
2005-06-13T12:00:00Z,27.875,-15.575,NaN
2005-06-13T12:00:00Z,27.875,-15.525,NaN
2005-06-13T12:00:00Z,27.875,-15.475,NaN
2005-06-13T12:00:00Z,27.875,-15.425,NaN
2005-06-13T12:00:00Z,27.875,-15.375,0.0
2005-06-13T12:00:00Z,27.825,-15.625,NaN
2005-06-13T12:00:00Z,27.825,-15.575,NaN
2005-06-13T12:00:00Z,27.825,-15.525,NaN
2005-06-13T12:00:00Z,27.825,-15.475,NaN
2005-06-13T12:00:00Z,27.825,-15.425,0.0
2005-06-13T12:00:00Z,27.825,-15.375,0.0
2005-07-13T12:00:00Z,28.175,-15.625,0.0
2005-07-13T12:00:00Z,28.175,-15.575,0.0
2005-07-13T12:00:00Z,28.175,-15.525,0.0
2005-07-13T12:00:00Z,28.175,-15.475,0.0
2005-07-13T12:00:00Z,28.175,-15.425,0.0
2005-07-13T12:00:00Z,28.175,-15.375,0.0
2005-07-13T12:00:00Z,28.125,-15.625,0.0
2005-07-13T12:00:00Z,28.125,-15.575,0.0
2005-07-13T12:00:00Z,28.125,-15.525,0.0
2005-07-13T12:00:00Z,28.125,-15.475,0.0
2005-07-13T12:00:00Z,28.125,-15.425,0.0
2005-07-13T12:00:00Z,28.125,-15.375,0.0
2005-07-13T12:00:00Z,28.075,-15.625,NaN
2005-07-13T12:00:00Z,28.075,-15.575,NaN
2005-07-13T12:00:00Z,28.075,-15.525,NaN
2005-07-13T12:00:00Z,28.075,-15.475,0.0
2005-07-13T12:00:00Z,28.075,-15.425,0.0
2005-07-13T12:00:00Z,28.075,-15.375,0.0
2005-07-13T12:00:00Z,28.025,-15.625,NaN
2005-07-13T12:00:00Z,28.025,-15.575,NaN
2005-07-13T12:00:00Z,28.025,-15.525,NaN
2005-07-13T12:00:00Z,28.025,-15.475,NaN
2005-07-13T12:00:00Z,28.025,-15.425,0.0
2005-07-13T12:00:00Z,28.025,-15.375,0.0
2005-07-13T12:00:00Z,27.975,-15.625,NaN
2005-07-13T12:00:00Z,27.975,-15.575,NaN
2005-07-13T12:00:00Z,27.975,-15.525,NaN
2005-07-13T12:00:00Z,27.975,-15.475,NaN
2005-07-13T12:00:00Z,27.975,-15.425,NaN
2005-07-13T12:00:00Z,27.975,-15.375,0.0
2005-07-13T12:00:00Z,27.925,-15.625,NaN
2005-07-13T12:00:00Z,27.925,-15.575,NaN
2005-07-13T12:00:00Z,27.925,-15.525,NaN
2005-07-13T12:00:00Z,27.925,-15.475,NaN
2005-07-13T12:00:00Z,27.925,-15.425,NaN
2005-07-13T12:00:00Z,27.925,-15.375,0.0
2005-07-13T12:00:00Z,27.875,-15.625,NaN
2005-07-13T12:00:00Z,27.875,-15.575,NaN
2005-07-13T12:00:00Z,27.875,-15.525,NaN
2005-07-13T12:00:00Z,27.875,-15.475,NaN
2005-07-13T12:00:00Z,27.875,-15.425,NaN
2005-07-13T12:00:00Z,27.875,-15.375,0.0
2005-07-13T12:00:00Z,27.825,-15.625,NaN
2005-07-13T12:00:00Z,27.825,-15.575,NaN
2005-07-13T12:00:00Z,27.825,-15.525,NaN
2005-07-13T12:00:00Z,27.825,-15.475,NaN
2005-07-13T12:00:00Z,27.825,-15.425,0.0
2005-07-13T12:00:00Z,27.825,-15.375,0.0
2005-08-12T12:00:00Z,28.175,-15.625,0.0
2005-08-12T12:00:00Z,28.175,-15.575,0.0
2005-08-12T12:00:00Z,28.175,-15.525,0.0
2005-08-12T12:00:00Z,28.175,-15.475,0.0
2005-08-12T12:00:00Z,28.175,-15.425,0.0
2005-08-12T12:00:00Z,28.175,-15.375,0.0
2005-08-12T12:00:00Z,28.125,-15.625,0.0
2005-08-12T12:00:00Z,28.125,-15.575,0.0
2005-08-12T12:00:00Z,28.125,-15.525,0.0
2005-08-12T12:00:00Z,28.125,-15.475,0.0
2005-08-12T12:00:00Z,28.125,-15.425,0.0
2005-08-12T12:00:00Z,28.125,-15.375,0.0
2005-08-12T12:00:00Z,28.075,-15.625,NaN
2005-08-12T12:00:00Z,28.075,-15.575,NaN
2005-08-12T12:00:00Z,28.075,-15.525,NaN
2005-08-12T12:00:00Z,28.075,-15.475,0.0
2005-08-12T12:00:00Z,28.075,-15.425,0.0
2005-08-12T12:00:00Z,28.075,-15.375,0.0
2005-08-12T12:00:00Z,28.025,-15.625,NaN
2005-08-12T12:00:00Z,28.025,-15.575,NaN
2005-08-12T12:00:00Z,28.025,-15.525,NaN
2005-08-12T12:00:00Z,28.025,-15.475,NaN
2005-08-12T12:00:00Z,28.025,-15.425,0.0
2005-08-12T12:00:00Z,28.025,-15.375,0.0
2005-08-12T12:00:00Z,27.975,-15.625,NaN
2005-08-12T12:00:00Z,27.975,-15.575,NaN
2005-08-12T12:00:00Z,27.975,-15.525,NaN
2005-08-12T12:00:00Z,27.975,-15.475,NaN
2005-08-12T12:00:00Z,27.975,-15.425,NaN
2005-08-12T12:00:00Z,27.975,-15.375,0.0
2005-08-12T12:00:00Z,27.925,-15.625,NaN
2005-08-12T12:00:00Z,27.925,-15.575,NaN
2005-08-12T12:00:00Z,27.925,-15.525,NaN
2005-08-12T12:00:00Z,27.925,-15.475,NaN
2005-08-12T12:00:00Z,27.925,-15.425,NaN
2005-08-12T12:00:00Z,27.925,-15.375,0.0
2005-08-12T12:00:00Z,27.875,-15.625,NaN
2005-08-12T12:00:00Z,27.875,-15.575,NaN
2005-08-12T12:00:00Z,27.875,-15.525,NaN
2005-08-12T12:00:00Z,27.875,-15.475,NaN
2005-08-12T12:00:00Z,27.875,-15.425,NaN
2005-08-12T12:00:00Z,27.875,-15.375,0.0
2005-08-12T12:00:00Z,27.825,-15.625,NaN
2005-08-12T12:00:00Z,27.825,-15.575,NaN
2005-08-12T12:00:00Z,27.825,-15.525,NaN
2005-08-12T12:00:00Z,27.825,-15.475,NaN
2005-08-12T12:00:00Z,27.825,-15.425,0.0
2005-08-12T12:00:00Z,27.825,-15.375,0.0
2005-09-11T12:00:00Z,28.175,-15.625,0.0
2005-09-11T12:00:00Z,28.175,-15.575,0.0
2005-09-11T12:00:00Z,28.175,-15.525,0.0
2005-09-11T12:00:00Z,28.175,-15.475,0.0
2005-09-11T12:00:00Z,28.175,-15.425,0.0
2005-09-11T12:00:00Z,28.175,-15.375,0.15
2005-09-11T12:00:00Z,28.125,-15.625,0.0
2005-09-11T12:00:00Z,28.125,-15.575,0.0
2005-09-11T12:00:00Z,28.125,-15.525,0.0
2005-09-11T12:00:00Z,28.125,-15.475,0.0
2005-09-11T12:00:00Z,28.125,-15.425,0.0
2005-09-11T12:00:00Z,28.125,-15.375,0.3
2005-09-11T12:00:00Z,28.075,-15.625,NaN
2005-09-11T12:00:00Z,28.075,-15.575,NaN
2005-09-11T12:00:00Z,28.075,-15.525,NaN
2005-09-11T12:00:00Z,28.075,-15.475,0.0
2005-09-11T12:00:00Z,28.075,-15.425,0.15
2005-09-11T12:00:00Z,28.075,-15.375,0.31
2005-09-11T12:00:00Z,28.025,-15.625,NaN
2005-09-11T12:00:00Z,28.025,-15.575,NaN
2005-09-11T12:00:00Z,28.025,-15.525,NaN
2005-09-11T12:00:00Z,28.025,-15.475,NaN
2005-09-11T12:00:00Z,28.025,-15.425,0.31
2005-09-11T12:00:00Z,28.025,-15.375,0.46
2005-09-11T12:00:00Z,27.975,-15.625,NaN
2005-09-11T12:00:00Z,27.975,-15.575,NaN
2005-09-11T12:00:00Z,27.975,-15.525,NaN
2005-09-11T12:00:00Z,27.975,-15.475,NaN
2005-09-11T12:00:00Z,27.975,-15.425,NaN
2005-09-11T12:00:00Z,27.975,-15.375,0.48
2005-09-11T12:00:00Z,27.925,-15.625,NaN
2005-09-11T12:00:00Z,27.925,-15.575,NaN
2005-09-11T12:00:00Z,27.925,-15.525,NaN
2005-09-11T12:00:00Z,27.925,-15.475,NaN
2005-09-11T12:00:00Z,27.925,-15.425,NaN
2005-09-11T12:00:00Z,27.925,-15.375,0.49
2005-09-11T12:00:00Z,27.875,-15.625,NaN
2005-09-11T12:00:00Z,27.875,-15.575,NaN
2005-09-11T12:00:00Z,27.875,-15.525,NaN
2005-09-11T12:00:00Z,27.875,-15.475,NaN
2005-09-11T12:00:00Z,27.875,-15.425,NaN
2005-09-11T12:00:00Z,27.875,-15.375,0.49
2005-09-11T12:00:00Z,27.825,-15.625,NaN
2005-09-11T12:00:00Z,27.825,-15.575,NaN
2005-09-11T12:00:00Z,27.825,-15.525,NaN
2005-09-11T12:00:00Z,27.825,-15.475,NaN
2005-09-11T12:00:00Z,27.825,-15.425,0.48
2005-09-11T12:00:00Z,27.825,-15.375,0.33
2005-10-11T12:00:00Z,28.175,-15.625,0.0
2005-10-11T12:00:00Z,28.175,-15.575,0.0
2005-10-11T12:00:00Z,28.175,-15.525,0.0
2005-10-11T12:00:00Z,28.175,-15.475,0.0
2005-10-11T12:00:00Z,28.175,-15.425,0.0
2005-10-11T12:00:00Z,28.175,-15.375,0.15
2005-10-11T12:00:00Z,28.125,-15.625,0.0
2005-10-11T12:00:00Z,28.125,-15.575,0.0
2005-10-11T12:00:00Z,28.125,-15.525,0.0
2005-10-11T12:00:00Z,28.125,-15.475,0.0
2005-10-11T12:00:00Z,28.125,-15.425,0.0
2005-10-11T12:00:00Z,28.125,-15.375,0.3
2005-10-11T12:00:00Z,28.075,-15.625,NaN
2005-10-11T12:00:00Z,28.075,-15.575,NaN
2005-10-11T12:00:00Z,28.075,-15.525,NaN
2005-10-11T12:00:00Z,28.075,-15.475,0.0
2005-10-11T12:00:00Z,28.075,-15.425,0.15
2005-10-11T12:00:00Z,28.075,-15.375,0.31
2005-10-11T12:00:00Z,28.025,-15.625,NaN
2005-10-11T12:00:00Z,28.025,-15.575,NaN
2005-10-11T12:00:00Z,28.025,-15.525,NaN
2005-10-11T12:00:00Z,28.025,-15.475,NaN
2005-10-11T12:00:00Z,28.025,-15.425,0.31
2005-10-11T12:00:00Z,28.025,-15.375,0.46
2005-10-11T12:00:00Z,27.975,-15.625,NaN
2005-10-11T12:00:00Z,27.975,-15.575,NaN
2005-10-11T12:00:00Z,27.975,-15.525,NaN
2005-10-11T12:00:00Z,27.975,-15.475,NaN
2005-10-11T12:00:00Z,27.975,-15.425,NaN
2005-10-11T12:00:00Z,27.975,-15.375,0.48
2005-10-11T12:00:00Z,27.925,-15.625,NaN
2005-10-11T12:00:00Z,27.925,-15.575,NaN
2005-10-11T12:00:00Z,27.925,-15.525,NaN
2005-10-11T12:00:00Z,27.925,-15.475,NaN
2005-10-11T12:00:00Z,27.925,-15.425,NaN
2005-10-11T12:00:00Z,27.925,-15.375,0.49
2005-10-11T12:00:00Z,27.875,-15.625,NaN
2005-10-11T12:00:00Z,27.875,-15.575,NaN
2005-10-11T12:00:00Z,27.875,-15.525,NaN
2005-10-11T12:00:00Z,27.875,-15.475,NaN
2005-10-11T12:00:00Z,27.875,-15.425,NaN
2005-10-11T12:00:00Z,27.875,-15.375,0.49
2005-10-11T12:00:00Z,27.825,-15.625,NaN
2005-10-11T12:00:00Z,27.825,-15.575,NaN
2005-10-11T12:00:00Z,27.825,-15.525,NaN
2005-10-11T12:00:00Z,27.825,-15.475,NaN
2005-10-11T12:00:00Z,27.825,-15.425,0.48
2005-10-11T12:00:00Z,27.825,-15.375,0.33
2005-11-10T12:00:00Z,28.175,-15.625,0.0
2005-11-10T12:00:00Z,28.175,-15.575,0.0
2005-11-10T12:00:00Z,28.175,-15.525,0.0
2005-11-10T12:00:00Z,28.175,-15.475,0.0
2005-11-10T12:00:00Z,28.175,-15.425,0.0
2005-11-10T12:00:00Z,28.175,-15.375,0.15
2005-11-10T12:00:00Z,28.125,-15.625,0.0
2005-11-10T12:00:00Z,28.125,-15.575,0.0
2005-11-10T12:00:00Z,28.125,-15.525,0.0
2005-11-10T12:00:00Z,28.125,-15.475,0.0
2005-11-10T12:00:00Z,28.125,-15.425,0.0
2005-11-10T12:00:00Z,28.125,-15.375,0.3
2005-11-10T12:00:00Z,28.075,-15.625,NaN
2005-11-10T12:00:00Z,28.075,-15.575,NaN
2005-11-10T12:00:00Z,28.075,-15.525,NaN
2005-11-10T12:00:00Z,28.075,-15.475,0.0
2005-11-10T12:00:00Z,28.075,-15.425,0.15
2005-11-10T12:00:00Z,28.075,-15.375,0.31
2005-11-10T12:00:00Z,28.025,-15.625,NaN
2005-11-10T12:00:00Z,28.025,-15.575,NaN
2005-11-10T12:00:00Z,28.025,-15.525,NaN
2005-11-10T12:00:00Z,28.025,-15.475,NaN
2005-11-10T12:00:00Z,28.025,-15.425,0.31
2005-11-10T12:00:00Z,28.025,-15.375,0.46
2005-11-10T12:00:00Z,27.975,-15.625,NaN
2005-11-10T12:00:00Z,27.975,-15.575,NaN
2005-11-10T12:00:00Z,27.975,-15.525,NaN
2005-11-10T12:00:00Z,27.975,-15.475,NaN
2005-11-10T12:00:00Z,27.975,-15.425,NaN
2005-11-10T12:00:00Z,27.975,-15.375,0.48
2005-11-10T12:00:00Z,27.925,-15.625,NaN
2005-11-10T12:00:00Z,27.925,-15.575,NaN
2005-11-10T12:00:00Z,27.925,-15.525,NaN
2005-11-10T12:00:00Z,27.925,-15.475,NaN
2005-11-10T12:00:00Z,27.925,-15.425,NaN
2005-11-10T12:00:00Z,27.925,-15.375,0.49
2005-11-10T12:00:00Z,27.875,-15.625,NaN
2005-11-10T12:00:00Z,27.875,-15.575,NaN
2005-11-10T12:00:00Z,27.875,-15.525,NaN
2005-11-10T12:00:00Z,27.875,-15.475,NaN
2005-11-10T12:00:00Z,27.875,-15.425,NaN
2005-11-10T12:00:00Z,27.875,-15.375,0.49
2005-11-10T12:00:00Z,27.825,-15.625,NaN
2005-11-10T12:00:00Z,27.825,-15.575,NaN
2005-11-10T12:00:00Z,27.825,-15.525,NaN
2005-11-10T12:00:00Z,27.825,-15.475,NaN
2005-11-10T12:00:00Z,27.825,-15.425,0.48
2005-11-10T12:00:00Z,27.825,-15.375,0.33
2005-12-10T12:00:00Z,28.175,-15.625,0.0
2005-12-10T12:00:00Z,28.175,-15.575,0.0
2005-12-10T12:00:00Z,28.175,-15.525,0.0
2005-12-10T12:00:00Z,28.175,-15.475,0.0
2005-12-10T12:00:00Z,28.175,-15.425,0.0
2005-12-10T12:00:00Z,28.175,-15.375,0.0
2005-12-10T12:00:00Z,28.125,-15.625,0.0
2005-12-10T12:00:00Z,28.125,-15.575,0.0
2005-12-10T12:00:00Z,28.125,-15.525,0.0
2005-12-10T12:00:00Z,28.125,-15.475,0.0
2005-12-10T12:00:00Z,28.125,-15.425,0.0
2005-12-10T12:00:00Z,28.125,-15.375,0.0
2005-12-10T12:00:00Z,28.075,-15.625,NaN
2005-12-10T12:00:00Z,28.075,-15.575,NaN
2005-12-10T12:00:00Z,28.075,-15.525,NaN
2005-12-10T12:00:00Z,28.075,-15.475,0.0
2005-12-10T12:00:00Z,28.075,-15.425,0.0
2005-12-10T12:00:00Z,28.075,-15.375,0.0
2005-12-10T12:00:00Z,28.025,-15.625,NaN
2005-12-10T12:00:00Z,28.025,-15.575,NaN
2005-12-10T12:00:00Z,28.025,-15.525,NaN
2005-12-10T12:00:00Z,28.025,-15.475,NaN
2005-12-10T12:00:00Z,28.025,-15.425,0.0
2005-12-10T12:00:00Z,28.025,-15.375,0.0
2005-12-10T12:00:00Z,27.975,-15.625,NaN
2005-12-10T12:00:00Z,27.975,-15.575,NaN
2005-12-10T12:00:00Z,27.975,-15.525,NaN
2005-12-10T12:00:00Z,27.975,-15.475,NaN
2005-12-10T12:00:00Z,27.975,-15.425,NaN
2005-12-10T12:00:00Z,27.975,-15.375,0.0
2005-12-10T12:00:00Z,27.925,-15.625,NaN
2005-12-10T12:00:00Z,27.925,-15.575,NaN
2005-12-10T12:00:00Z,27.925,-15.525,NaN
2005-12-10T12:00:00Z,27.925,-15.475,NaN
2005-12-10T12:00:00Z,27.925,-15.425,NaN
2005-12-10T12:00:00Z,27.925,-15.375,0.0
2005-12-10T12:00:00Z,27.875,-15.625,NaN
2005-12-10T12:00:00Z,27.875,-15.575,NaN
2005-12-10T12:00:00Z,27.875,-15.525,NaN
2005-12-10T12:00:00Z,27.875,-15.475,NaN
2005-12-10T12:00:00Z,27.875,-15.425,NaN
2005-12-10T12:00:00Z,27.875,-15.375,0.0
2005-12-10T12:00:00Z,27.825,-15.625,NaN
2005-12-10T12:00:00Z,27.825,-15.575,NaN
2005-12-10T12:00:00Z,27.825,-15.525,NaN
2005-12-10T12:00:00Z,27.825,-15.475,NaN
2005-12-10T12:00:00Z,27.825,-15.425,0.0
2005-12-10T12:00:00Z,27.825,-15.375,0.0
2006-01-09T12:00:00Z,28.175,-15.625,0.0
2006-01-09T12:00:00Z,28.175,-15.575,0.0
2006-01-09T12:00:00Z,28.175,-15.525,0.0
2006-01-09T12:00:00Z,28.175,-15.475,0.0
2006-01-09T12:00:00Z,28.175,-15.425,0.0
2006-01-09T12:00:00Z,28.175,-15.375,0.0
2006-01-09T12:00:00Z,28.125,-15.625,0.0
2006-01-09T12:00:00Z,28.125,-15.575,0.0
2006-01-09T12:00:00Z,28.125,-15.525,0.0
2006-01-09T12:00:00Z,28.125,-15.475,0.0
2006-01-09T12:00:00Z,28.125,-15.425,0.0
2006-01-09T12:00:00Z,28.125,-15.375,0.0
2006-01-09T12:00:00Z,28.075,-15.625,NaN
2006-01-09T12:00:00Z,28.075,-15.575,NaN
2006-01-09T12:00:00Z,28.075,-15.525,NaN
2006-01-09T12:00:00Z,28.075,-15.475,0.0
2006-01-09T12:00:00Z,28.075,-15.425,0.0
2006-01-09T12:00:00Z,28.075,-15.375,0.0
2006-01-09T12:00:00Z,28.025,-15.625,NaN
2006-01-09T12:00:00Z,28.025,-15.575,NaN
2006-01-09T12:00:00Z,28.025,-15.525,NaN
2006-01-09T12:00:00Z,28.025,-15.475,NaN
2006-01-09T12:00:00Z,28.025,-15.425,0.0
2006-01-09T12:00:00Z,28.025,-15.375,0.0
2006-01-09T12:00:00Z,27.975,-15.625,NaN
2006-01-09T12:00:00Z,27.975,-15.575,NaN
2006-01-09T12:00:00Z,27.975,-15.525,NaN
2006-01-09T12:00:00Z,27.975,-15.475,NaN
2006-01-09T12:00:00Z,27.975,-15.425,NaN
2006-01-09T12:00:00Z,27.975,-15.375,0.0
2006-01-09T12:00:00Z,27.925,-15.625,NaN
2006-01-09T12:00:00Z,27.925,-15.575,NaN
2006-01-09T12:00:00Z,27.925,-15.525,NaN
2006-01-09T12:00:00Z,27.925,-15.475,NaN
2006-01-09T12:00:00Z,27.925,-15.425,NaN
2006-01-09T12:00:00Z,27.925,-15.375,0.0
2006-01-09T12:00:00Z,27.875,-15.625,NaN
2006-01-09T12:00:00Z,27.875,-15.575,NaN
2006-01-09T12:00:00Z,27.875,-15.525,NaN
2006-01-09T12:00:00Z,27.875,-15.475,NaN
2006-01-09T12:00:00Z,27.875,-15.425,NaN
2006-01-09T12:00:00Z,27.875,-15.375,0.0
2006-01-09T12:00:00Z,27.825,-15.625,NaN
2006-01-09T12:00:00Z,27.825,-15.575,NaN
2006-01-09T12:00:00Z,27.825,-15.525,NaN
2006-01-09T12:00:00Z,27.825,-15.475,NaN
2006-01-09T12:00:00Z,27.825,-15.425,0.0
2006-01-09T12:00:00Z,27.825,-15.375,0.0
2006-02-08T12:00:00Z,28.175,-15.625,0.0
2006-02-08T12:00:00Z,28.175,-15.575,0.0
2006-02-08T12:00:00Z,28.175,-15.525,0.0
2006-02-08T12:00:00Z,28.175,-15.475,0.0
2006-02-08T12:00:00Z,28.175,-15.425,0.0
2006-02-08T12:00:00Z,28.175,-15.375,0.0
2006-02-08T12:00:00Z,28.125,-15.625,0.0
2006-02-08T12:00:00Z,28.125,-15.575,0.0
2006-02-08T12:00:00Z,28.125,-15.525,0.0
2006-02-08T12:00:00Z,28.125,-15.475,0.0
2006-02-08T12:00:00Z,28.125,-15.425,0.0
2006-02-08T12:00:00Z,28.125,-15.375,0.0
2006-02-08T12:00:00Z,28.075,-15.625,NaN
2006-02-08T12:00:00Z,28.075,-15.575,NaN
2006-02-08T12:00:00Z,28.075,-15.525,NaN
2006-02-08T12:00:00Z,28.075,-15.475,0.0
2006-02-08T12:00:00Z,28.075,-15.425,0.0
2006-02-08T12:00:00Z,28.075,-15.375,0.0
2006-02-08T12:00:00Z,28.025,-15.625,NaN
2006-02-08T12:00:00Z,28.025,-15.575,NaN
2006-02-08T12:00:00Z,28.025,-15.525,NaN
2006-02-08T12:00:00Z,28.025,-15.475,NaN
2006-02-08T12:00:00Z,28.025,-15.425,0.0
2006-02-08T12:00:00Z,28.025,-15.375,0.0
2006-02-08T12:00:00Z,27.975,-15.625,NaN
2006-02-08T12:00:00Z,27.975,-15.575,NaN
2006-02-08T12:00:00Z,27.975,-15.525,NaN
2006-02-08T12:00:00Z,27.975,-15.475,NaN
2006-02-08T12:00:00Z,27.975,-15.425,NaN
2006-02-08T12:00:00Z,27.975,-15.375,0.0
2006-02-08T12:00:00Z,27.925,-15.625,NaN
2006-02-08T12:00:00Z,27.925,-15.575,NaN
2006-02-08T12:00:00Z,27.925,-15.525,NaN
2006-02-08T12:00:00Z,27.925,-15.475,NaN
2006-02-08T12:00:00Z,27.925,-15.425,NaN
2006-02-08T12:00:00Z,27.925,-15.375,0.0
2006-02-08T12:00:00Z,27.875,-15.625,NaN
2006-02-08T12:00:00Z,27.875,-15.575,NaN
2006-02-08T12:00:00Z,27.875,-15.525,NaN
2006-02-08T12:00:00Z,27.875,-15.475,NaN
2006-02-08T12:00:00Z,27.875,-15.425,NaN
2006-02-08T12:00:00Z,27.875,-15.375,0.0
2006-02-08T12:00:00Z,27.825,-15.625,NaN
2006-02-08T12:00:00Z,27.825,-15.575,NaN
2006-02-08T12:00:00Z,27.825,-15.525,NaN
2006-02-08T12:00:00Z,27.825,-15.475,NaN
2006-02-08T12:00:00Z,27.825,-15.425,0.0
2006-02-08T12:00:00Z,27.825,-15.375,0.0
2006-03-10T12:00:00Z,28.175,-15.625,0.0
2006-03-10T12:00:00Z,28.175,-15.575,0.0
2006-03-10T12:00:00Z,28.175,-15.525,0.0
2006-03-10T12:00:00Z,28.175,-15.475,0.0
2006-03-10T12:00:00Z,28.175,-15.425,0.0
2006-03-10T12:00:00Z,28.175,-15.375,0.0
2006-03-10T12:00:00Z,28.125,-15.625,0.0
2006-03-10T12:00:00Z,28.125,-15.575,0.0
2006-03-10T12:00:00Z,28.125,-15.525,0.0
2006-03-10T12:00:00Z,28.125,-15.475,0.0
2006-03-10T12:00:00Z,28.125,-15.425,0.0
2006-03-10T12:00:00Z,28.125,-15.375,0.0
2006-03-10T12:00:00Z,28.075,-15.625,NaN
2006-03-10T12:00:00Z,28.075,-15.575,NaN
2006-03-10T12:00:00Z,28.075,-15.525,NaN
2006-03-10T12:00:00Z,28.075,-15.475,0.0
2006-03-10T12:00:00Z,28.075,-15.425,0.0
2006-03-10T12:00:00Z,28.075,-15.375,0.0
2006-03-10T12:00:00Z,28.025,-15.625,NaN
2006-03-10T12:00:00Z,28.025,-15.575,NaN
2006-03-10T12:00:00Z,28.025,-15.525,NaN
2006-03-10T12:00:00Z,28.025,-15.475,NaN
2006-03-10T12:00:00Z,28.025,-15.425,0.0
2006-03-10T12:00:00Z,28.025,-15.375,0.0
2006-03-10T12:00:00Z,27.975,-15.625,NaN
2006-03-10T12:00:00Z,27.975,-15.575,NaN
2006-03-10T12:00:00Z,27.975,-15.525,NaN
2006-03-10T12:00:00Z,27.975,-15.475,NaN
2006-03-10T12:00:00Z,27.975,-15.425,NaN
2006-03-10T12:00:00Z,27.975,-15.375,0.0
2006-03-10T12:00:00Z,27.925,-15.625,NaN
2006-03-10T12:00:00Z,27.925,-15.575,NaN
2006-03-10T12:00:00Z,27.925,-15.525,NaN
2006-03-10T12:00:00Z,27.925,-15.475,NaN
2006-03-10T12:00:00Z,27.925,-15.425,NaN
2006-03-10T12:00:00Z,27.925,-15.375,0.0
2006-03-10T12:00:00Z,27.875,-15.625,NaN
2006-03-10T12:00:00Z,27.875,-15.575,NaN
2006-03-10T12:00:00Z,27.875,-15.525,NaN
2006-03-10T12:00:00Z,27.875,-15.475,NaN
2006-03-10T12:00:00Z,27.875,-15.425,NaN
2006-03-10T12:00:00Z,27.875,-15.375,0.0
2006-03-10T12:00:00Z,27.825,-15.625,NaN
2006-03-10T12:00:00Z,27.825,-15.575,NaN
2006-03-10T12:00:00Z,27.825,-15.525,NaN
2006-03-10T12:00:00Z,27.825,-15.475,NaN
2006-03-10T12:00:00Z,27.825,-15.425,0.0
2006-03-10T12:00:00Z,27.825,-15.375,0.0
2006-04-09T12:00:00Z,28.175,-15.625,0.0
2006-04-09T12:00:00Z,28.175,-15.575,0.0
2006-04-09T12:00:00Z,28.175,-15.525,0.0
2006-04-09T12:00:00Z,28.175,-15.475,0.0
2006-04-09T12:00:00Z,28.175,-15.425,0.0
2006-04-09T12:00:00Z,28.175,-15.375,0.0
2006-04-09T12:00:00Z,28.125,-15.625,0.0
2006-04-09T12:00:00Z,28.125,-15.575,0.0
2006-04-09T12:00:00Z,28.125,-15.525,0.0
2006-04-09T12:00:00Z,28.125,-15.475,0.0
2006-04-09T12:00:00Z,28.125,-15.425,0.0
2006-04-09T12:00:00Z,28.125,-15.375,0.0
2006-04-09T12:00:00Z,28.075,-15.625,NaN
2006-04-09T12:00:00Z,28.075,-15.575,NaN
2006-04-09T12:00:00Z,28.075,-15.525,NaN
2006-04-09T12:00:00Z,28.075,-15.475,0.0
2006-04-09T12:00:00Z,28.075,-15.425,0.0
2006-04-09T12:00:00Z,28.075,-15.375,0.0
2006-04-09T12:00:00Z,28.025,-15.625,NaN
2006-04-09T12:00:00Z,28.025,-15.575,NaN
2006-04-09T12:00:00Z,28.025,-15.525,NaN
2006-04-09T12:00:00Z,28.025,-15.475,NaN
2006-04-09T12:00:00Z,28.025,-15.425,0.0
2006-04-09T12:00:00Z,28.025,-15.375,0.0
2006-04-09T12:00:00Z,27.975,-15.625,NaN
2006-04-09T12:00:00Z,27.975,-15.575,NaN
2006-04-09T12:00:00Z,27.975,-15.525,NaN
2006-04-09T12:00:00Z,27.975,-15.475,NaN
2006-04-09T12:00:00Z,27.975,-15.425,NaN
2006-04-09T12:00:00Z,27.975,-15.375,0.0
2006-04-09T12:00:00Z,27.925,-15.625,NaN
2006-04-09T12:00:00Z,27.925,-15.575,NaN
2006-04-09T12:00:00Z,27.925,-15.525,NaN
2006-04-09T12:00:00Z,27.925,-15.475,NaN
2006-04-09T12:00:00Z,27.925,-15.425,NaN
2006-04-09T12:00:00Z,27.925,-15.375,0.0
2006-04-09T12:00:00Z,27.875,-15.625,NaN
2006-04-09T12:00:00Z,27.875,-15.575,NaN
2006-04-09T12:00:00Z,27.875,-15.525,NaN
2006-04-09T12:00:00Z,27.875,-15.475,NaN
2006-04-09T12:00:00Z,27.875,-15.425,NaN
2006-04-09T12:00:00Z,27.875,-15.375,0.0
2006-04-09T12:00:00Z,27.825,-15.625,NaN
2006-04-09T12:00:00Z,27.825,-15.575,NaN
2006-04-09T12:00:00Z,27.825,-15.525,NaN
2006-04-09T12:00:00Z,27.825,-15.475,NaN
2006-04-09T12:00:00Z,27.825,-15.425,0.0
2006-04-09T12:00:00Z,27.825,-15.375,0.0
2006-05-09T12:00:00Z,28.175,-15.625,0.0
2006-05-09T12:00:00Z,28.175,-15.575,0.0
2006-05-09T12:00:00Z,28.175,-15.525,0.0
2006-05-09T12:00:00Z,28.175,-15.475,0.0
2006-05-09T12:00:00Z,28.175,-15.425,0.0
2006-05-09T12:00:00Z,28.175,-15.375,0.0
2006-05-09T12:00:00Z,28.125,-15.625,0.0
2006-05-09T12:00:00Z,28.125,-15.575,0.0
2006-05-09T12:00:00Z,28.125,-15.525,0.0
2006-05-09T12:00:00Z,28.125,-15.475,0.0
2006-05-09T12:00:00Z,28.125,-15.425,0.0
2006-05-09T12:00:00Z,28.125,-15.375,0.0
2006-05-09T12:00:00Z,28.075,-15.625,NaN
2006-05-09T12:00:00Z,28.075,-15.575,NaN
2006-05-09T12:00:00Z,28.075,-15.525,NaN
2006-05-09T12:00:00Z,28.075,-15.475,0.0
2006-05-09T12:00:00Z,28.075,-15.425,0.0
2006-05-09T12:00:00Z,28.075,-15.375,0.0
2006-05-09T12:00:00Z,28.025,-15.625,NaN
2006-05-09T12:00:00Z,28.025,-15.575,NaN
2006-05-09T12:00:00Z,28.025,-15.525,NaN
2006-05-09T12:00:00Z,28.025,-15.475,NaN
2006-05-09T12:00:00Z,28.025,-15.425,0.0
2006-05-09T12:00:00Z,28.025,-15.375,0.0
2006-05-09T12:00:00Z,27.975,-15.625,NaN
2006-05-09T12:00:00Z,27.975,-15.575,NaN
2006-05-09T12:00:00Z,27.975,-15.525,NaN
2006-05-09T12:00:00Z,27.975,-15.475,NaN
2006-05-09T12:00:00Z,27.975,-15.425,NaN
2006-05-09T12:00:00Z,27.975,-15.375,0.0
2006-05-09T12:00:00Z,27.925,-15.625,NaN
2006-05-09T12:00:00Z,27.925,-15.575,NaN
2006-05-09T12:00:00Z,27.925,-15.525,NaN
2006-05-09T12:00:00Z,27.925,-15.475,NaN
2006-05-09T12:00:00Z,27.925,-15.425,NaN
2006-05-09T12:00:00Z,27.925,-15.375,0.0
2006-05-09T12:00:00Z,27.875,-15.625,NaN
2006-05-09T12:00:00Z,27.875,-15.575,NaN
2006-05-09T12:00:00Z,27.875,-15.525,NaN
2006-05-09T12:00:00Z,27.875,-15.475,NaN
2006-05-09T12:00:00Z,27.875,-15.425,NaN
2006-05-09T12:00:00Z,27.875,-15.375,0.0
2006-05-09T12:00:00Z,27.825,-15.625,NaN
2006-05-09T12:00:00Z,27.825,-15.575,NaN
2006-05-09T12:00:00Z,27.825,-15.525,NaN
2006-05-09T12:00:00Z,27.825,-15.475,NaN
2006-05-09T12:00:00Z,27.825,-15.425,0.0
2006-05-09T12:00:00Z,27.825,-15.375,0.0
2006-06-08T12:00:00Z,28.175,-15.625,0.0
2006-06-08T12:00:00Z,28.175,-15.575,0.0
2006-06-08T12:00:00Z,28.175,-15.525,0.0
2006-06-08T12:00:00Z,28.175,-15.475,0.0
2006-06-08T12:00:00Z,28.175,-15.425,0.0
2006-06-08T12:00:00Z,28.175,-15.375,0.0
2006-06-08T12:00:00Z,28.125,-15.625,0.0
2006-06-08T12:00:00Z,28.125,-15.575,0.0
2006-06-08T12:00:00Z,28.125,-15.525,0.0
2006-06-08T12:00:00Z,28.125,-15.475,0.0
2006-06-08T12:00:00Z,28.125,-15.425,0.0
2006-06-08T12:00:00Z,28.125,-15.375,0.0
2006-06-08T12:00:00Z,28.075,-15.625,NaN
2006-06-08T12:00:00Z,28.075,-15.575,NaN
2006-06-08T12:00:00Z,28.075,-15.525,NaN
2006-06-08T12:00:00Z,28.075,-15.475,0.0
2006-06-08T12:00:00Z,28.075,-15.425,0.0
2006-06-08T12:00:00Z,28.075,-15.375,0.0
2006-06-08T12:00:00Z,28.025,-15.625,NaN
2006-06-08T12:00:00Z,28.025,-15.575,NaN
2006-06-08T12:00:00Z,28.025,-15.525,NaN
2006-06-08T12:00:00Z,28.025,-15.475,NaN
2006-06-08T12:00:00Z,28.025,-15.425,0.0
2006-06-08T12:00:00Z,28.025,-15.375,0.0
2006-06-08T12:00:00Z,27.975,-15.625,NaN
2006-06-08T12:00:00Z,27.975,-15.575,NaN
2006-06-08T12:00:00Z,27.975,-15.525,NaN
2006-06-08T12:00:00Z,27.975,-15.475,NaN
2006-06-08T12:00:00Z,27.975,-15.425,NaN
2006-06-08T12:00:00Z,27.975,-15.375,0.0
2006-06-08T12:00:00Z,27.925,-15.625,NaN
2006-06-08T12:00:00Z,27.925,-15.575,NaN
2006-06-08T12:00:00Z,27.925,-15.525,NaN
2006-06-08T12:00:00Z,27.925,-15.475,NaN
2006-06-08T12:00:00Z,27.925,-15.425,NaN
2006-06-08T12:00:00Z,27.925,-15.375,0.0
2006-06-08T12:00:00Z,27.875,-15.625,NaN
2006-06-08T12:00:00Z,27.875,-15.575,NaN
2006-06-08T12:00:00Z,27.875,-15.525,NaN
2006-06-08T12:00:00Z,27.875,-15.475,NaN
2006-06-08T12:00:00Z,27.875,-15.425,NaN
2006-06-08T12:00:00Z,27.875,-15.375,0.0
2006-06-08T12:00:00Z,27.825,-15.625,NaN
2006-06-08T12:00:00Z,27.825,-15.575,NaN
2006-06-08T12:00:00Z,27.825,-15.525,NaN
2006-06-08T12:00:00Z,27.825,-15.475,NaN
2006-06-08T12:00:00Z,27.825,-15.425,0.0
2006-06-08T12:00:00Z,27.825,-15.375,0.0
2006-07-08T12:00:00Z,28.175,-15.625,0.0
2006-07-08T12:00:00Z,28.175,-15.575,0.0
2006-07-08T12:00:00Z,28.175,-15.525,0.0
2006-07-08T12:00:00Z,28.175,-15.475,0.0
2006-07-08T12:00:00Z,28.175,-15.425,0.0
2006-07-08T12:00:00Z,28.175,-15.375,0.0
2006-07-08T12:00:00Z,28.125,-15.625,0.0
2006-07-08T12:00:00Z,28.125,-15.575,0.0
2006-07-08T12:00:00Z,28.125,-15.525,0.0
2006-07-08T12:00:00Z,28.125,-15.475,0.0
2006-07-08T12:00:00Z,28.125,-15.425,0.0
2006-07-08T12:00:00Z,28.125,-15.375,0.0
2006-07-08T12:00:00Z,28.075,-15.625,NaN
2006-07-08T12:00:00Z,28.075,-15.575,NaN
2006-07-08T12:00:00Z,28.075,-15.525,NaN
2006-07-08T12:00:00Z,28.075,-15.475,0.0
2006-07-08T12:00:00Z,28.075,-15.425,0.0
2006-07-08T12:00:00Z,28.075,-15.375,0.0
2006-07-08T12:00:00Z,28.025,-15.625,NaN
2006-07-08T12:00:00Z,28.025,-15.575,NaN
2006-07-08T12:00:00Z,28.025,-15.525,NaN
2006-07-08T12:00:00Z,28.025,-15.475,NaN
2006-07-08T12:00:00Z,28.025,-15.425,0.0
2006-07-08T12:00:00Z,28.025,-15.375,0.0
2006-07-08T12:00:00Z,27.975,-15.625,NaN
2006-07-08T12:00:00Z,27.975,-15.575,NaN
2006-07-08T12:00:00Z,27.975,-15.525,NaN
2006-07-08T12:00:00Z,27.975,-15.475,NaN
2006-07-08T12:00:00Z,27.975,-15.425,NaN
2006-07-08T12:00:00Z,27.975,-15.375,0.0
2006-07-08T12:00:00Z,27.925,-15.625,NaN
2006-07-08T12:00:00Z,27.925,-15.575,NaN
2006-07-08T12:00:00Z,27.925,-15.525,NaN
2006-07-08T12:00:00Z,27.925,-15.475,NaN
2006-07-08T12:00:00Z,27.925,-15.425,NaN
2006-07-08T12:00:00Z,27.925,-15.375,0.0
2006-07-08T12:00:00Z,27.875,-15.625,NaN
2006-07-08T12:00:00Z,27.875,-15.575,NaN
2006-07-08T12:00:00Z,27.875,-15.525,NaN
2006-07-08T12:00:00Z,27.875,-15.475,NaN
2006-07-08T12:00:00Z,27.875,-15.425,NaN
2006-07-08T12:00:00Z,27.875,-15.375,0.0
2006-07-08T12:00:00Z,27.825,-15.625,NaN
2006-07-08T12:00:00Z,27.825,-15.575,NaN
2006-07-08T12:00:00Z,27.825,-15.525,NaN
2006-07-08T12:00:00Z,27.825,-15.475,NaN
2006-07-08T12:00:00Z,27.825,-15.425,0.0
2006-07-08T12:00:00Z,27.825,-15.375,0.0
2006-08-07T12:00:00Z,28.175,-15.625,0.0
2006-08-07T12:00:00Z,28.175,-15.575,0.0
2006-08-07T12:00:00Z,28.175,-15.525,0.0
2006-08-07T12:00:00Z,28.175,-15.475,0.0
2006-08-07T12:00:00Z,28.175,-15.425,0.0
2006-08-07T12:00:00Z,28.175,-15.375,0.0
2006-08-07T12:00:00Z,28.125,-15.625,0.0
2006-08-07T12:00:00Z,28.125,-15.575,0.0
2006-08-07T12:00:00Z,28.125,-15.525,0.0
2006-08-07T12:00:00Z,28.125,-15.475,0.0
2006-08-07T12:00:00Z,28.125,-15.425,0.0
2006-08-07T12:00:00Z,28.125,-15.375,0.0
2006-08-07T12:00:00Z,28.075,-15.625,NaN
2006-08-07T12:00:00Z,28.075,-15.575,NaN
2006-08-07T12:00:00Z,28.075,-15.525,NaN
2006-08-07T12:00:00Z,28.075,-15.475,0.0
2006-08-07T12:00:00Z,28.075,-15.425,0.0
2006-08-07T12:00:00Z,28.075,-15.375,0.0
2006-08-07T12:00:00Z,28.025,-15.625,NaN
2006-08-07T12:00:00Z,28.025,-15.575,NaN
2006-08-07T12:00:00Z,28.025,-15.525,NaN
2006-08-07T12:00:00Z,28.025,-15.475,NaN
2006-08-07T12:00:00Z,28.025,-15.425,0.0
2006-08-07T12:00:00Z,28.025,-15.375,0.0
2006-08-07T12:00:00Z,27.975,-15.625,NaN
2006-08-07T12:00:00Z,27.975,-15.575,NaN
2006-08-07T12:00:00Z,27.975,-15.525,NaN
2006-08-07T12:00:00Z,27.975,-15.475,NaN
2006-08-07T12:00:00Z,27.975,-15.425,NaN
2006-08-07T12:00:00Z,27.975,-15.375,0.0
2006-08-07T12:00:00Z,27.925,-15.625,NaN
2006-08-07T12:00:00Z,27.925,-15.575,NaN
2006-08-07T12:00:00Z,27.925,-15.525,NaN
2006-08-07T12:00:00Z,27.925,-15.475,NaN
2006-08-07T12:00:00Z,27.925,-15.425,NaN
2006-08-07T12:00:00Z,27.925,-15.375,0.0
2006-08-07T12:00:00Z,27.875,-15.625,NaN
2006-08-07T12:00:00Z,27.875,-15.575,NaN
2006-08-07T12:00:00Z,27.875,-15.525,NaN
2006-08-07T12:00:00Z,27.875,-15.475,NaN
2006-08-07T12:00:00Z,27.875,-15.425,NaN
2006-08-07T12:00:00Z,27.875,-15.375,0.0
2006-08-07T12:00:00Z,27.825,-15.625,NaN
2006-08-07T12:00:00Z,27.825,-15.575,NaN
2006-08-07T12:00:00Z,27.825,-15.525,NaN
2006-08-07T12:00:00Z,27.825,-15.475,NaN
2006-08-07T12:00:00Z,27.825,-15.425,0.0
2006-08-07T12:00:00Z,27.825,-15.375,0.0
2006-09-06T12:00:00Z,28.175,-15.625,0.14
2006-09-06T12:00:00Z,28.175,-15.575,0.14
2006-09-06T12:00:00Z,28.175,-15.525,0.15
2006-09-06T12:00:00Z,28.175,-15.475,0.15
2006-09-06T12:00:00Z,28.175,-15.425,0.15
2006-09-06T12:00:00Z,28.175,-15.375,0.15
2006-09-06T12:00:00Z,28.125,-15.625,0.0
2006-09-06T12:00:00Z,28.125,-15.575,0.0
2006-09-06T12:00:00Z,28.125,-15.525,0.0
2006-09-06T12:00:00Z,28.125,-15.475,0.15
2006-09-06T12:00:00Z,28.125,-15.425,0.15
2006-09-06T12:00:00Z,28.125,-15.375,0.15
2006-09-06T12:00:00Z,28.075,-15.625,NaN
2006-09-06T12:00:00Z,28.075,-15.575,NaN
2006-09-06T12:00:00Z,28.075,-15.525,NaN
2006-09-06T12:00:00Z,28.075,-15.475,0.14
2006-09-06T12:00:00Z,28.075,-15.425,0.15
2006-09-06T12:00:00Z,28.075,-15.375,0.15
2006-09-06T12:00:00Z,28.025,-15.625,NaN
2006-09-06T12:00:00Z,28.025,-15.575,NaN
2006-09-06T12:00:00Z,28.025,-15.525,NaN
2006-09-06T12:00:00Z,28.025,-15.475,NaN
2006-09-06T12:00:00Z,28.025,-15.425,0.15
2006-09-06T12:00:00Z,28.025,-15.375,0.14
2006-09-06T12:00:00Z,27.975,-15.625,NaN
2006-09-06T12:00:00Z,27.975,-15.575,NaN
2006-09-06T12:00:00Z,27.975,-15.525,NaN
2006-09-06T12:00:00Z,27.975,-15.475,NaN
2006-09-06T12:00:00Z,27.975,-15.425,NaN
2006-09-06T12:00:00Z,27.975,-15.375,0.0
2006-09-06T12:00:00Z,27.925,-15.625,NaN
2006-09-06T12:00:00Z,27.925,-15.575,NaN
2006-09-06T12:00:00Z,27.925,-15.525,NaN
2006-09-06T12:00:00Z,27.925,-15.475,NaN
2006-09-06T12:00:00Z,27.925,-15.425,NaN
2006-09-06T12:00:00Z,27.925,-15.375,0.0
2006-09-06T12:00:00Z,27.875,-15.625,NaN
2006-09-06T12:00:00Z,27.875,-15.575,NaN
2006-09-06T12:00:00Z,27.875,-15.525,NaN
2006-09-06T12:00:00Z,27.875,-15.475,NaN
2006-09-06T12:00:00Z,27.875,-15.425,NaN
2006-09-06T12:00:00Z,27.875,-15.375,0.0
2006-09-06T12:00:00Z,27.825,-15.625,NaN
2006-09-06T12:00:00Z,27.825,-15.575,NaN
2006-09-06T12:00:00Z,27.825,-15.525,NaN
2006-09-06T12:00:00Z,27.825,-15.475,NaN
2006-09-06T12:00:00Z,27.825,-15.425,0.0
2006-09-06T12:00:00Z,27.825,-15.375,0.0
2006-10-06T12:00:00Z,28.175,-15.625,2.36
2006-10-06T12:00:00Z,28.175,-15.575,2.42
2006-10-06T12:00:00Z,28.175,-15.525,2.6
2006-10-06T12:00:00Z,28.175,-15.475,2.79
2006-10-06T12:00:00Z,28.175,-15.425,2.84
2006-10-06T12:00:00Z,28.175,-15.375,2.74
2006-10-06T12:00:00Z,28.125,-15.625,1.47
2006-10-06T12:00:00Z,28.125,-15.575,1.95
2006-10-06T12:00:00Z,28.125,-15.525,1.85
2006-10-06T12:00:00Z,28.125,-15.475,2.33
2006-10-06T12:00:00Z,28.125,-15.425,2.69
2006-10-06T12:00:00Z,28.125,-15.375,2.71
2006-10-06T12:00:00Z,28.075,-15.625,NaN
2006-10-06T12:00:00Z,28.075,-15.575,NaN
2006-10-06T12:00:00Z,28.075,-15.525,NaN
2006-10-06T12:00:00Z,28.075,-15.475,2.04
2006-10-06T12:00:00Z,28.075,-15.425,2.5500000000000003
2006-10-06T12:00:00Z,28.075,-15.375,2.56
2006-10-06T12:00:00Z,28.025,-15.625,NaN
2006-10-06T12:00:00Z,28.025,-15.575,NaN
2006-10-06T12:00:00Z,28.025,-15.525,NaN
2006-10-06T12:00:00Z,28.025,-15.475,NaN
2006-10-06T12:00:00Z,28.025,-15.425,2.57
2006-10-06T12:00:00Z,28.025,-15.375,2.87
2006-10-06T12:00:00Z,27.975,-15.625,NaN
2006-10-06T12:00:00Z,27.975,-15.575,NaN
2006-10-06T12:00:00Z,27.975,-15.525,NaN
2006-10-06T12:00:00Z,27.975,-15.475,NaN
2006-10-06T12:00:00Z,27.975,-15.425,NaN
2006-10-06T12:00:00Z,27.975,-15.375,2.94
2006-10-06T12:00:00Z,27.925,-15.625,NaN
2006-10-06T12:00:00Z,27.925,-15.575,NaN
2006-10-06T12:00:00Z,27.925,-15.525,NaN
2006-10-06T12:00:00Z,27.925,-15.475,NaN
2006-10-06T12:00:00Z,27.925,-15.425,NaN
2006-10-06T12:00:00Z,27.925,-15.375,3.31
2006-10-06T12:00:00Z,27.875,-15.625,NaN
2006-10-06T12:00:00Z,27.875,-15.575,NaN
2006-10-06T12:00:00Z,27.875,-15.525,NaN
2006-10-06T12:00:00Z,27.875,-15.475,NaN
2006-10-06T12:00:00Z,27.875,-15.425,NaN
2006-10-06T12:00:00Z,27.875,-15.375,3.56
2006-10-06T12:00:00Z,27.825,-15.625,NaN
2006-10-06T12:00:00Z,27.825,-15.575,NaN
2006-10-06T12:00:00Z,27.825,-15.525,NaN
2006-10-06T12:00:00Z,27.825,-15.475,NaN
2006-10-06T12:00:00Z,27.825,-15.425,3.7800000000000002
2006-10-06T12:00:00Z,27.825,-15.375,3.81
2006-11-05T12:00:00Z,28.175,-15.625,2.5100000000000002
2006-11-05T12:00:00Z,28.175,-15.575,2.57
2006-11-05T12:00:00Z,28.175,-15.525,2.75
2006-11-05T12:00:00Z,28.175,-15.475,2.94
2006-11-05T12:00:00Z,28.175,-15.425,2.99
2006-11-05T12:00:00Z,28.175,-15.375,2.89
2006-11-05T12:00:00Z,28.125,-15.625,1.61
2006-11-05T12:00:00Z,28.125,-15.575,2.1
2006-11-05T12:00:00Z,28.125,-15.525,1.99
2006-11-05T12:00:00Z,28.125,-15.475,2.48
2006-11-05T12:00:00Z,28.125,-15.425,2.83
2006-11-05T12:00:00Z,28.125,-15.375,2.86
2006-11-05T12:00:00Z,28.075,-15.625,NaN
2006-11-05T12:00:00Z,28.075,-15.575,NaN
2006-11-05T12:00:00Z,28.075,-15.525,NaN
2006-11-05T12:00:00Z,28.075,-15.475,2.18
2006-11-05T12:00:00Z,28.075,-15.425,2.7
2006-11-05T12:00:00Z,28.075,-15.375,2.71
2006-11-05T12:00:00Z,28.025,-15.625,NaN
2006-11-05T12:00:00Z,28.025,-15.575,NaN
2006-11-05T12:00:00Z,28.025,-15.525,NaN
2006-11-05T12:00:00Z,28.025,-15.475,NaN
2006-11-05T12:00:00Z,28.025,-15.425,2.57
2006-11-05T12:00:00Z,28.025,-15.375,3.02
2006-11-05T12:00:00Z,27.975,-15.625,NaN
2006-11-05T12:00:00Z,27.975,-15.575,NaN
2006-11-05T12:00:00Z,27.975,-15.525,NaN
2006-11-05T12:00:00Z,27.975,-15.475,NaN
2006-11-05T12:00:00Z,27.975,-15.425,NaN
2006-11-05T12:00:00Z,27.975,-15.375,3.22
2006-11-05T12:00:00Z,27.925,-15.625,NaN
2006-11-05T12:00:00Z,27.925,-15.575,NaN
2006-11-05T12:00:00Z,27.925,-15.525,NaN
2006-11-05T12:00:00Z,27.925,-15.475,NaN
2006-11-05T12:00:00Z,27.925,-15.425,NaN
2006-11-05T12:00:00Z,27.925,-15.375,3.6
2006-11-05T12:00:00Z,27.875,-15.625,NaN
2006-11-05T12:00:00Z,27.875,-15.575,NaN
2006-11-05T12:00:00Z,27.875,-15.525,NaN
2006-11-05T12:00:00Z,27.875,-15.475,NaN
2006-11-05T12:00:00Z,27.875,-15.425,NaN
2006-11-05T12:00:00Z,27.875,-15.375,4.0
2006-11-05T12:00:00Z,27.825,-15.625,NaN
2006-11-05T12:00:00Z,27.825,-15.575,NaN
2006-11-05T12:00:00Z,27.825,-15.525,NaN
2006-11-05T12:00:00Z,27.825,-15.475,NaN
2006-11-05T12:00:00Z,27.825,-15.425,4.07
2006-11-05T12:00:00Z,27.825,-15.375,4.11
2006-12-05T12:00:00Z,28.175,-15.625,1.37
2006-12-05T12:00:00Z,28.175,-15.575,1.3900000000000001
2006-12-05T12:00:00Z,28.175,-15.525,1.53
2006-12-05T12:00:00Z,28.175,-15.475,1.69
2006-12-05T12:00:00Z,28.175,-15.425,1.7
2006-12-05T12:00:00Z,28.175,-15.375,1.58
2006-12-05T12:00:00Z,28.125,-15.625,0.78
2006-12-05T12:00:00Z,28.125,-15.575,1.08
2006-12-05T12:00:00Z,28.125,-15.525,0.93
2006-12-05T12:00:00Z,28.125,-15.475,1.23
2006-12-05T12:00:00Z,28.125,-15.425,1.53
2006-12-05T12:00:00Z,28.125,-15.375,1.54
2006-12-05T12:00:00Z,28.075,-15.625,NaN
2006-12-05T12:00:00Z,28.075,-15.575,NaN
2006-12-05T12:00:00Z,28.075,-15.525,NaN
2006-12-05T12:00:00Z,28.075,-15.475,0.92
2006-12-05T12:00:00Z,28.075,-15.425,1.3800000000000001
2006-12-05T12:00:00Z,28.075,-15.375,1.3800000000000001
2006-12-05T12:00:00Z,28.025,-15.625,NaN
2006-12-05T12:00:00Z,28.025,-15.575,NaN
2006-12-05T12:00:00Z,28.025,-15.525,NaN
2006-12-05T12:00:00Z,28.025,-15.475,NaN
2006-12-05T12:00:00Z,28.025,-15.425,1.23
2006-12-05T12:00:00Z,28.025,-15.375,1.68
2006-12-05T12:00:00Z,27.975,-15.625,NaN
2006-12-05T12:00:00Z,27.975,-15.575,NaN
2006-12-05T12:00:00Z,27.975,-15.525,NaN
2006-12-05T12:00:00Z,27.975,-15.475,NaN
2006-12-05T12:00:00Z,27.975,-15.425,NaN
2006-12-05T12:00:00Z,27.975,-15.375,2.02
2006-12-05T12:00:00Z,27.925,-15.625,NaN
2006-12-05T12:00:00Z,27.925,-15.575,NaN
2006-12-05T12:00:00Z,27.925,-15.525,NaN
2006-12-05T12:00:00Z,27.925,-15.475,NaN
2006-12-05T12:00:00Z,27.925,-15.425,NaN
2006-12-05T12:00:00Z,27.925,-15.375,2.41
2006-12-05T12:00:00Z,27.875,-15.625,NaN
2006-12-05T12:00:00Z,27.875,-15.575,NaN
2006-12-05T12:00:00Z,27.875,-15.525,NaN
2006-12-05T12:00:00Z,27.875,-15.475,NaN
2006-12-05T12:00:00Z,27.875,-15.425,NaN
2006-12-05T12:00:00Z,27.875,-15.375,2.83
2006-12-05T12:00:00Z,27.825,-15.625,NaN
2006-12-05T12:00:00Z,27.825,-15.575,NaN
2006-12-05T12:00:00Z,27.825,-15.525,NaN
2006-12-05T12:00:00Z,27.825,-15.475,NaN
2006-12-05T12:00:00Z,27.825,-15.425,2.9
2006-12-05T12:00:00Z,27.825,-15.375,2.94
2007-01-04T12:00:00Z,28.175,-15.625,0.15
2007-01-04T12:00:00Z,28.175,-15.575,0.15
2007-01-04T12:00:00Z,28.175,-15.525,0.15
2007-01-04T12:00:00Z,28.175,-15.475,0.15
2007-01-04T12:00:00Z,28.175,-15.425,0.15
2007-01-04T12:00:00Z,28.175,-15.375,0.15
2007-01-04T12:00:00Z,28.125,-15.625,0.15
2007-01-04T12:00:00Z,28.125,-15.575,0.15
2007-01-04T12:00:00Z,28.125,-15.525,0.15
2007-01-04T12:00:00Z,28.125,-15.475,0.15
2007-01-04T12:00:00Z,28.125,-15.425,0.15
2007-01-04T12:00:00Z,28.125,-15.375,0.15
2007-01-04T12:00:00Z,28.075,-15.625,NaN
2007-01-04T12:00:00Z,28.075,-15.575,NaN
2007-01-04T12:00:00Z,28.075,-15.525,NaN
2007-01-04T12:00:00Z,28.075,-15.475,0.14
2007-01-04T12:00:00Z,28.075,-15.425,0.14
2007-01-04T12:00:00Z,28.075,-15.375,0.15
2007-01-04T12:00:00Z,28.025,-15.625,NaN
2007-01-04T12:00:00Z,28.025,-15.575,NaN
2007-01-04T12:00:00Z,28.025,-15.525,NaN
2007-01-04T12:00:00Z,28.025,-15.475,NaN
2007-01-04T12:00:00Z,28.025,-15.425,0.0
2007-01-04T12:00:00Z,28.025,-15.375,0.14
2007-01-04T12:00:00Z,27.975,-15.625,NaN
2007-01-04T12:00:00Z,27.975,-15.575,NaN
2007-01-04T12:00:00Z,27.975,-15.525,NaN
2007-01-04T12:00:00Z,27.975,-15.475,NaN
2007-01-04T12:00:00Z,27.975,-15.425,NaN
2007-01-04T12:00:00Z,27.975,-15.375,0.29
2007-01-04T12:00:00Z,27.925,-15.625,NaN
2007-01-04T12:00:00Z,27.925,-15.575,NaN
2007-01-04T12:00:00Z,27.925,-15.525,NaN
2007-01-04T12:00:00Z,27.925,-15.475,NaN
2007-01-04T12:00:00Z,27.925,-15.425,NaN
2007-01-04T12:00:00Z,27.925,-15.375,0.29
2007-01-04T12:00:00Z,27.875,-15.625,NaN
2007-01-04T12:00:00Z,27.875,-15.575,NaN
2007-01-04T12:00:00Z,27.875,-15.525,NaN
2007-01-04T12:00:00Z,27.875,-15.475,NaN
2007-01-04T12:00:00Z,27.875,-15.425,NaN
2007-01-04T12:00:00Z,27.875,-15.375,0.44
2007-01-04T12:00:00Z,27.825,-15.625,NaN
2007-01-04T12:00:00Z,27.825,-15.575,NaN
2007-01-04T12:00:00Z,27.825,-15.525,NaN
2007-01-04T12:00:00Z,27.825,-15.475,NaN
2007-01-04T12:00:00Z,27.825,-15.425,0.29
2007-01-04T12:00:00Z,27.825,-15.375,0.3
2007-02-03T12:00:00Z,28.175,-15.625,0.0
2007-02-03T12:00:00Z,28.175,-15.575,0.0
2007-02-03T12:00:00Z,28.175,-15.525,0.0
2007-02-03T12:00:00Z,28.175,-15.475,0.0
2007-02-03T12:00:00Z,28.175,-15.425,0.0
2007-02-03T12:00:00Z,28.175,-15.375,0.0
2007-02-03T12:00:00Z,28.125,-15.625,0.0
2007-02-03T12:00:00Z,28.125,-15.575,0.0
2007-02-03T12:00:00Z,28.125,-15.525,0.0
2007-02-03T12:00:00Z,28.125,-15.475,0.0
2007-02-03T12:00:00Z,28.125,-15.425,0.0
2007-02-03T12:00:00Z,28.125,-15.375,0.0
2007-02-03T12:00:00Z,28.075,-15.625,NaN
2007-02-03T12:00:00Z,28.075,-15.575,NaN
2007-02-03T12:00:00Z,28.075,-15.525,NaN
2007-02-03T12:00:00Z,28.075,-15.475,0.0
2007-02-03T12:00:00Z,28.075,-15.425,0.0
2007-02-03T12:00:00Z,28.075,-15.375,0.0
2007-02-03T12:00:00Z,28.025,-15.625,NaN
2007-02-03T12:00:00Z,28.025,-15.575,NaN
2007-02-03T12:00:00Z,28.025,-15.525,NaN
2007-02-03T12:00:00Z,28.025,-15.475,NaN
2007-02-03T12:00:00Z,28.025,-15.425,0.0
2007-02-03T12:00:00Z,28.025,-15.375,0.0
2007-02-03T12:00:00Z,27.975,-15.625,NaN
2007-02-03T12:00:00Z,27.975,-15.575,NaN
2007-02-03T12:00:00Z,27.975,-15.525,NaN
2007-02-03T12:00:00Z,27.975,-15.475,NaN
2007-02-03T12:00:00Z,27.975,-15.425,NaN
2007-02-03T12:00:00Z,27.975,-15.375,0.0
2007-02-03T12:00:00Z,27.925,-15.625,NaN
2007-02-03T12:00:00Z,27.925,-15.575,NaN
2007-02-03T12:00:00Z,27.925,-15.525,NaN
2007-02-03T12:00:00Z,27.925,-15.475,NaN
2007-02-03T12:00:00Z,27.925,-15.425,NaN
2007-02-03T12:00:00Z,27.925,-15.375,0.0
2007-02-03T12:00:00Z,27.875,-15.625,NaN
2007-02-03T12:00:00Z,27.875,-15.575,NaN
2007-02-03T12:00:00Z,27.875,-15.525,NaN
2007-02-03T12:00:00Z,27.875,-15.475,NaN
2007-02-03T12:00:00Z,27.875,-15.425,NaN
2007-02-03T12:00:00Z,27.875,-15.375,0.0
2007-02-03T12:00:00Z,27.825,-15.625,NaN
2007-02-03T12:00:00Z,27.825,-15.575,NaN
2007-02-03T12:00:00Z,27.825,-15.525,NaN
2007-02-03T12:00:00Z,27.825,-15.475,NaN
2007-02-03T12:00:00Z,27.825,-15.425,0.0
2007-02-03T12:00:00Z,27.825,-15.375,0.0
2007-03-05T12:00:00Z,28.175,-15.625,0.0
2007-03-05T12:00:00Z,28.175,-15.575,0.0
2007-03-05T12:00:00Z,28.175,-15.525,0.0
2007-03-05T12:00:00Z,28.175,-15.475,0.0
2007-03-05T12:00:00Z,28.175,-15.425,0.0
2007-03-05T12:00:00Z,28.175,-15.375,0.0
2007-03-05T12:00:00Z,28.125,-15.625,0.0
2007-03-05T12:00:00Z,28.125,-15.575,0.0
2007-03-05T12:00:00Z,28.125,-15.525,0.0
2007-03-05T12:00:00Z,28.125,-15.475,0.0
2007-03-05T12:00:00Z,28.125,-15.425,0.0
2007-03-05T12:00:00Z,28.125,-15.375,0.0
2007-03-05T12:00:00Z,28.075,-15.625,NaN
2007-03-05T12:00:00Z,28.075,-15.575,NaN
2007-03-05T12:00:00Z,28.075,-15.525,NaN
2007-03-05T12:00:00Z,28.075,-15.475,0.0
2007-03-05T12:00:00Z,28.075,-15.425,0.0
2007-03-05T12:00:00Z,28.075,-15.375,0.0
2007-03-05T12:00:00Z,28.025,-15.625,NaN
2007-03-05T12:00:00Z,28.025,-15.575,NaN
2007-03-05T12:00:00Z,28.025,-15.525,NaN
2007-03-05T12:00:00Z,28.025,-15.475,NaN
2007-03-05T12:00:00Z,28.025,-15.425,0.0
2007-03-05T12:00:00Z,28.025,-15.375,0.0
2007-03-05T12:00:00Z,27.975,-15.625,NaN
2007-03-05T12:00:00Z,27.975,-15.575,NaN
2007-03-05T12:00:00Z,27.975,-15.525,NaN
2007-03-05T12:00:00Z,27.975,-15.475,NaN
2007-03-05T12:00:00Z,27.975,-15.425,NaN
2007-03-05T12:00:00Z,27.975,-15.375,0.0
2007-03-05T12:00:00Z,27.925,-15.625,NaN
2007-03-05T12:00:00Z,27.925,-15.575,NaN
2007-03-05T12:00:00Z,27.925,-15.525,NaN
2007-03-05T12:00:00Z,27.925,-15.475,NaN
2007-03-05T12:00:00Z,27.925,-15.425,NaN
2007-03-05T12:00:00Z,27.925,-15.375,0.0
2007-03-05T12:00:00Z,27.875,-15.625,NaN
2007-03-05T12:00:00Z,27.875,-15.575,NaN
2007-03-05T12:00:00Z,27.875,-15.525,NaN
2007-03-05T12:00:00Z,27.875,-15.475,NaN
2007-03-05T12:00:00Z,27.875,-15.425,NaN
2007-03-05T12:00:00Z,27.875,-15.375,0.0
2007-03-05T12:00:00Z,27.825,-15.625,NaN
2007-03-05T12:00:00Z,27.825,-15.575,NaN
2007-03-05T12:00:00Z,27.825,-15.525,NaN
2007-03-05T12:00:00Z,27.825,-15.475,NaN
2007-03-05T12:00:00Z,27.825,-15.425,0.0
2007-03-05T12:00:00Z,27.825,-15.375,0.0
2007-04-04T12:00:00Z,28.175,-15.625,0.0
2007-04-04T12:00:00Z,28.175,-15.575,0.0
2007-04-04T12:00:00Z,28.175,-15.525,0.0
2007-04-04T12:00:00Z,28.175,-15.475,0.0
2007-04-04T12:00:00Z,28.175,-15.425,0.0
2007-04-04T12:00:00Z,28.175,-15.375,0.0
2007-04-04T12:00:00Z,28.125,-15.625,0.0
2007-04-04T12:00:00Z,28.125,-15.575,0.0
2007-04-04T12:00:00Z,28.125,-15.525,0.0
2007-04-04T12:00:00Z,28.125,-15.475,0.0
2007-04-04T12:00:00Z,28.125,-15.425,0.0
2007-04-04T12:00:00Z,28.125,-15.375,0.0
2007-04-04T12:00:00Z,28.075,-15.625,NaN
2007-04-04T12:00:00Z,28.075,-15.575,NaN
2007-04-04T12:00:00Z,28.075,-15.525,NaN
2007-04-04T12:00:00Z,28.075,-15.475,0.0
2007-04-04T12:00:00Z,28.075,-15.425,0.0
2007-04-04T12:00:00Z,28.075,-15.375,0.0
2007-04-04T12:00:00Z,28.025,-15.625,NaN
2007-04-04T12:00:00Z,28.025,-15.575,NaN
2007-04-04T12:00:00Z,28.025,-15.525,NaN
2007-04-04T12:00:00Z,28.025,-15.475,NaN
2007-04-04T12:00:00Z,28.025,-15.425,0.0
2007-04-04T12:00:00Z,28.025,-15.375,0.0
2007-04-04T12:00:00Z,27.975,-15.625,NaN
2007-04-04T12:00:00Z,27.975,-15.575,NaN
2007-04-04T12:00:00Z,27.975,-15.525,NaN
2007-04-04T12:00:00Z,27.975,-15.475,NaN
2007-04-04T12:00:00Z,27.975,-15.425,NaN
2007-04-04T12:00:00Z,27.975,-15.375,0.0
2007-04-04T12:00:00Z,27.925,-15.625,NaN
2007-04-04T12:00:00Z,27.925,-15.575,NaN
2007-04-04T12:00:00Z,27.925,-15.525,NaN
2007-04-04T12:00:00Z,27.925,-15.475,NaN
2007-04-04T12:00:00Z,27.925,-15.425,NaN
2007-04-04T12:00:00Z,27.925,-15.375,0.0
2007-04-04T12:00:00Z,27.875,-15.625,NaN
2007-04-04T12:00:00Z,27.875,-15.575,NaN
2007-04-04T12:00:00Z,27.875,-15.525,NaN
2007-04-04T12:00:00Z,27.875,-15.475,NaN
2007-04-04T12:00:00Z,27.875,-15.425,NaN
2007-04-04T12:00:00Z,27.875,-15.375,0.0
2007-04-04T12:00:00Z,27.825,-15.625,NaN
2007-04-04T12:00:00Z,27.825,-15.575,NaN
2007-04-04T12:00:00Z,27.825,-15.525,NaN
2007-04-04T12:00:00Z,27.825,-15.475,NaN
2007-04-04T12:00:00Z,27.825,-15.425,0.0
2007-04-04T12:00:00Z,27.825,-15.375,0.0
2007-05-04T12:00:00Z,28.175,-15.625,0.0
2007-05-04T12:00:00Z,28.175,-15.575,0.0
2007-05-04T12:00:00Z,28.175,-15.525,0.0
2007-05-04T12:00:00Z,28.175,-15.475,0.0
2007-05-04T12:00:00Z,28.175,-15.425,0.0
2007-05-04T12:00:00Z,28.175,-15.375,0.0
2007-05-04T12:00:00Z,28.125,-15.625,0.0
2007-05-04T12:00:00Z,28.125,-15.575,0.0
2007-05-04T12:00:00Z,28.125,-15.525,0.0
2007-05-04T12:00:00Z,28.125,-15.475,0.0
2007-05-04T12:00:00Z,28.125,-15.425,0.0
2007-05-04T12:00:00Z,28.125,-15.375,0.0
2007-05-04T12:00:00Z,28.075,-15.625,NaN
2007-05-04T12:00:00Z,28.075,-15.575,NaN
2007-05-04T12:00:00Z,28.075,-15.525,NaN
2007-05-04T12:00:00Z,28.075,-15.475,0.0
2007-05-04T12:00:00Z,28.075,-15.425,0.0
2007-05-04T12:00:00Z,28.075,-15.375,0.0
2007-05-04T12:00:00Z,28.025,-15.625,NaN
2007-05-04T12:00:00Z,28.025,-15.575,NaN
2007-05-04T12:00:00Z,28.025,-15.525,NaN
2007-05-04T12:00:00Z,28.025,-15.475,NaN
2007-05-04T12:00:00Z,28.025,-15.425,0.0
2007-05-04T12:00:00Z,28.025,-15.375,0.0
2007-05-04T12:00:00Z,27.975,-15.625,NaN
2007-05-04T12:00:00Z,27.975,-15.575,NaN
2007-05-04T12:00:00Z,27.975,-15.525,NaN
2007-05-04T12:00:00Z,27.975,-15.475,NaN
2007-05-04T12:00:00Z,27.975,-15.425,NaN
2007-05-04T12:00:00Z,27.975,-15.375,0.0
2007-05-04T12:00:00Z,27.925,-15.625,NaN
2007-05-04T12:00:00Z,27.925,-15.575,NaN
2007-05-04T12:00:00Z,27.925,-15.525,NaN
2007-05-04T12:00:00Z,27.925,-15.475,NaN
2007-05-04T12:00:00Z,27.925,-15.425,NaN
2007-05-04T12:00:00Z,27.925,-15.375,0.0
2007-05-04T12:00:00Z,27.875,-15.625,NaN
2007-05-04T12:00:00Z,27.875,-15.575,NaN
2007-05-04T12:00:00Z,27.875,-15.525,NaN
2007-05-04T12:00:00Z,27.875,-15.475,NaN
2007-05-04T12:00:00Z,27.875,-15.425,NaN
2007-05-04T12:00:00Z,27.875,-15.375,0.0
2007-05-04T12:00:00Z,27.825,-15.625,NaN
2007-05-04T12:00:00Z,27.825,-15.575,NaN
2007-05-04T12:00:00Z,27.825,-15.525,NaN
2007-05-04T12:00:00Z,27.825,-15.475,NaN
2007-05-04T12:00:00Z,27.825,-15.425,0.0
2007-05-04T12:00:00Z,27.825,-15.375,0.0
2007-06-03T12:00:00Z,28.175,-15.625,0.0
2007-06-03T12:00:00Z,28.175,-15.575,0.0
2007-06-03T12:00:00Z,28.175,-15.525,0.0
2007-06-03T12:00:00Z,28.175,-15.475,0.0
2007-06-03T12:00:00Z,28.175,-15.425,0.0
2007-06-03T12:00:00Z,28.175,-15.375,0.0
2007-06-03T12:00:00Z,28.125,-15.625,0.0
2007-06-03T12:00:00Z,28.125,-15.575,0.0
2007-06-03T12:00:00Z,28.125,-15.525,0.0
2007-06-03T12:00:00Z,28.125,-15.475,0.0
2007-06-03T12:00:00Z,28.125,-15.425,0.0
2007-06-03T12:00:00Z,28.125,-15.375,0.0
2007-06-03T12:00:00Z,28.075,-15.625,NaN
2007-06-03T12:00:00Z,28.075,-15.575,NaN
2007-06-03T12:00:00Z,28.075,-15.525,NaN
2007-06-03T12:00:00Z,28.075,-15.475,0.0
2007-06-03T12:00:00Z,28.075,-15.425,0.0
2007-06-03T12:00:00Z,28.075,-15.375,0.0
2007-06-03T12:00:00Z,28.025,-15.625,NaN
2007-06-03T12:00:00Z,28.025,-15.575,NaN
2007-06-03T12:00:00Z,28.025,-15.525,NaN
2007-06-03T12:00:00Z,28.025,-15.475,NaN
2007-06-03T12:00:00Z,28.025,-15.425,0.0
2007-06-03T12:00:00Z,28.025,-15.375,0.0
2007-06-03T12:00:00Z,27.975,-15.625,NaN
2007-06-03T12:00:00Z,27.975,-15.575,NaN
2007-06-03T12:00:00Z,27.975,-15.525,NaN
2007-06-03T12:00:00Z,27.975,-15.475,NaN
2007-06-03T12:00:00Z,27.975,-15.425,NaN
2007-06-03T12:00:00Z,27.975,-15.375,0.0
2007-06-03T12:00:00Z,27.925,-15.625,NaN
2007-06-03T12:00:00Z,27.925,-15.575,NaN
2007-06-03T12:00:00Z,27.925,-15.525,NaN
2007-06-03T12:00:00Z,27.925,-15.475,NaN
2007-06-03T12:00:00Z,27.925,-15.425,NaN
2007-06-03T12:00:00Z,27.925,-15.375,0.0
2007-06-03T12:00:00Z,27.875,-15.625,NaN
2007-06-03T12:00:00Z,27.875,-15.575,NaN
2007-06-03T12:00:00Z,27.875,-15.525,NaN
2007-06-03T12:00:00Z,27.875,-15.475,NaN
2007-06-03T12:00:00Z,27.875,-15.425,NaN
2007-06-03T12:00:00Z,27.875,-15.375,0.0
2007-06-03T12:00:00Z,27.825,-15.625,NaN
2007-06-03T12:00:00Z,27.825,-15.575,NaN
2007-06-03T12:00:00Z,27.825,-15.525,NaN
2007-06-03T12:00:00Z,27.825,-15.475,NaN
2007-06-03T12:00:00Z,27.825,-15.425,0.0
2007-06-03T12:00:00Z,27.825,-15.375,0.0
2007-07-03T12:00:00Z,28.175,-15.625,0.0
2007-07-03T12:00:00Z,28.175,-15.575,0.0
2007-07-03T12:00:00Z,28.175,-15.525,0.0
2007-07-03T12:00:00Z,28.175,-15.475,0.0
2007-07-03T12:00:00Z,28.175,-15.425,0.0
2007-07-03T12:00:00Z,28.175,-15.375,0.0
2007-07-03T12:00:00Z,28.125,-15.625,0.0
2007-07-03T12:00:00Z,28.125,-15.575,0.0
2007-07-03T12:00:00Z,28.125,-15.525,0.0
2007-07-03T12:00:00Z,28.125,-15.475,0.0
2007-07-03T12:00:00Z,28.125,-15.425,0.0
2007-07-03T12:00:00Z,28.125,-15.375,0.0
2007-07-03T12:00:00Z,28.075,-15.625,NaN
2007-07-03T12:00:00Z,28.075,-15.575,NaN
2007-07-03T12:00:00Z,28.075,-15.525,NaN
2007-07-03T12:00:00Z,28.075,-15.475,0.0
2007-07-03T12:00:00Z,28.075,-15.425,0.0
2007-07-03T12:00:00Z,28.075,-15.375,0.0
2007-07-03T12:00:00Z,28.025,-15.625,NaN
2007-07-03T12:00:00Z,28.025,-15.575,NaN
2007-07-03T12:00:00Z,28.025,-15.525,NaN
2007-07-03T12:00:00Z,28.025,-15.475,NaN
2007-07-03T12:00:00Z,28.025,-15.425,0.0
2007-07-03T12:00:00Z,28.025,-15.375,0.0
2007-07-03T12:00:00Z,27.975,-15.625,NaN
2007-07-03T12:00:00Z,27.975,-15.575,NaN
2007-07-03T12:00:00Z,27.975,-15.525,NaN
2007-07-03T12:00:00Z,27.975,-15.475,NaN
2007-07-03T12:00:00Z,27.975,-15.425,NaN
2007-07-03T12:00:00Z,27.975,-15.375,0.0
2007-07-03T12:00:00Z,27.925,-15.625,NaN
2007-07-03T12:00:00Z,27.925,-15.575,NaN
2007-07-03T12:00:00Z,27.925,-15.525,NaN
2007-07-03T12:00:00Z,27.925,-15.475,NaN
2007-07-03T12:00:00Z,27.925,-15.425,NaN
2007-07-03T12:00:00Z,27.925,-15.375,0.0
2007-07-03T12:00:00Z,27.875,-15.625,NaN
2007-07-03T12:00:00Z,27.875,-15.575,NaN
2007-07-03T12:00:00Z,27.875,-15.525,NaN
2007-07-03T12:00:00Z,27.875,-15.475,NaN
2007-07-03T12:00:00Z,27.875,-15.425,NaN
2007-07-03T12:00:00Z,27.875,-15.375,0.0
2007-07-03T12:00:00Z,27.825,-15.625,NaN
2007-07-03T12:00:00Z,27.825,-15.575,NaN
2007-07-03T12:00:00Z,27.825,-15.525,NaN
2007-07-03T12:00:00Z,27.825,-15.475,NaN
2007-07-03T12:00:00Z,27.825,-15.425,0.0
2007-07-03T12:00:00Z,27.825,-15.375,0.0
2007-08-02T12:00:00Z,28.175,-15.625,0.0
2007-08-02T12:00:00Z,28.175,-15.575,0.0
2007-08-02T12:00:00Z,28.175,-15.525,0.0
2007-08-02T12:00:00Z,28.175,-15.475,0.0
2007-08-02T12:00:00Z,28.175,-15.425,0.0
2007-08-02T12:00:00Z,28.175,-15.375,0.0
2007-08-02T12:00:00Z,28.125,-15.625,0.0
2007-08-02T12:00:00Z,28.125,-15.575,0.0
2007-08-02T12:00:00Z,28.125,-15.525,0.0
2007-08-02T12:00:00Z,28.125,-15.475,0.0
2007-08-02T12:00:00Z,28.125,-15.425,0.0
2007-08-02T12:00:00Z,28.125,-15.375,0.0
2007-08-02T12:00:00Z,28.075,-15.625,NaN
2007-08-02T12:00:00Z,28.075,-15.575,NaN
2007-08-02T12:00:00Z,28.075,-15.525,NaN
2007-08-02T12:00:00Z,28.075,-15.475,0.0
2007-08-02T12:00:00Z,28.075,-15.425,0.0
2007-08-02T12:00:00Z,28.075,-15.375,0.0
2007-08-02T12:00:00Z,28.025,-15.625,NaN
2007-08-02T12:00:00Z,28.025,-15.575,NaN
2007-08-02T12:00:00Z,28.025,-15.525,NaN
2007-08-02T12:00:00Z,28.025,-15.475,NaN
2007-08-02T12:00:00Z,28.025,-15.425,0.0
2007-08-02T12:00:00Z,28.025,-15.375,0.0
2007-08-02T12:00:00Z,27.975,-15.625,NaN
2007-08-02T12:00:00Z,27.975,-15.575,NaN
2007-08-02T12:00:00Z,27.975,-15.525,NaN
2007-08-02T12:00:00Z,27.975,-15.475,NaN
2007-08-02T12:00:00Z,27.975,-15.425,NaN
2007-08-02T12:00:00Z,27.975,-15.375,0.0
2007-08-02T12:00:00Z,27.925,-15.625,NaN
2007-08-02T12:00:00Z,27.925,-15.575,NaN
2007-08-02T12:00:00Z,27.925,-15.525,NaN
2007-08-02T12:00:00Z,27.925,-15.475,NaN
2007-08-02T12:00:00Z,27.925,-15.425,NaN
2007-08-02T12:00:00Z,27.925,-15.375,0.0
2007-08-02T12:00:00Z,27.875,-15.625,NaN
2007-08-02T12:00:00Z,27.875,-15.575,NaN
2007-08-02T12:00:00Z,27.875,-15.525,NaN
2007-08-02T12:00:00Z,27.875,-15.475,NaN
2007-08-02T12:00:00Z,27.875,-15.425,NaN
2007-08-02T12:00:00Z,27.875,-15.375,0.0
2007-08-02T12:00:00Z,27.825,-15.625,NaN
2007-08-02T12:00:00Z,27.825,-15.575,NaN
2007-08-02T12:00:00Z,27.825,-15.525,NaN
2007-08-02T12:00:00Z,27.825,-15.475,NaN
2007-08-02T12:00:00Z,27.825,-15.425,0.0
2007-08-02T12:00:00Z,27.825,-15.375,0.0
2007-09-01T12:00:00Z,28.175,-15.625,0.0
2007-09-01T12:00:00Z,28.175,-15.575,0.0
2007-09-01T12:00:00Z,28.175,-15.525,0.0
2007-09-01T12:00:00Z,28.175,-15.475,0.0
2007-09-01T12:00:00Z,28.175,-15.425,0.0
2007-09-01T12:00:00Z,28.175,-15.375,0.0
2007-09-01T12:00:00Z,28.125,-15.625,0.0
2007-09-01T12:00:00Z,28.125,-15.575,0.0
2007-09-01T12:00:00Z,28.125,-15.525,0.0
2007-09-01T12:00:00Z,28.125,-15.475,0.0
2007-09-01T12:00:00Z,28.125,-15.425,0.0
2007-09-01T12:00:00Z,28.125,-15.375,0.0
2007-09-01T12:00:00Z,28.075,-15.625,NaN
2007-09-01T12:00:00Z,28.075,-15.575,NaN
2007-09-01T12:00:00Z,28.075,-15.525,NaN
2007-09-01T12:00:00Z,28.075,-15.475,0.0
2007-09-01T12:00:00Z,28.075,-15.425,0.0
2007-09-01T12:00:00Z,28.075,-15.375,0.0
2007-09-01T12:00:00Z,28.025,-15.625,NaN
2007-09-01T12:00:00Z,28.025,-15.575,NaN
2007-09-01T12:00:00Z,28.025,-15.525,NaN
2007-09-01T12:00:00Z,28.025,-15.475,NaN
2007-09-01T12:00:00Z,28.025,-15.425,0.0
2007-09-01T12:00:00Z,28.025,-15.375,0.0
2007-09-01T12:00:00Z,27.975,-15.625,NaN
2007-09-01T12:00:00Z,27.975,-15.575,NaN
2007-09-01T12:00:00Z,27.975,-15.525,NaN
2007-09-01T12:00:00Z,27.975,-15.475,NaN
2007-09-01T12:00:00Z,27.975,-15.425,NaN
2007-09-01T12:00:00Z,27.975,-15.375,0.0
2007-09-01T12:00:00Z,27.925,-15.625,NaN
2007-09-01T12:00:00Z,27.925,-15.575,NaN
2007-09-01T12:00:00Z,27.925,-15.525,NaN
2007-09-01T12:00:00Z,27.925,-15.475,NaN
2007-09-01T12:00:00Z,27.925,-15.425,NaN
2007-09-01T12:00:00Z,27.925,-15.375,0.0
2007-09-01T12:00:00Z,27.875,-15.625,NaN
2007-09-01T12:00:00Z,27.875,-15.575,NaN
2007-09-01T12:00:00Z,27.875,-15.525,NaN
2007-09-01T12:00:00Z,27.875,-15.475,NaN
2007-09-01T12:00:00Z,27.875,-15.425,NaN
2007-09-01T12:00:00Z,27.875,-15.375,0.0
2007-09-01T12:00:00Z,27.825,-15.625,NaN
2007-09-01T12:00:00Z,27.825,-15.575,NaN
2007-09-01T12:00:00Z,27.825,-15.525,NaN
2007-09-01T12:00:00Z,27.825,-15.475,NaN
2007-09-01T12:00:00Z,27.825,-15.425,0.0
2007-09-01T12:00:00Z,27.825,-15.375,0.0
2007-10-01T12:00:00Z,28.175,-15.625,0.0
2007-10-01T12:00:00Z,28.175,-15.575,0.0
2007-10-01T12:00:00Z,28.175,-15.525,0.0
2007-10-01T12:00:00Z,28.175,-15.475,0.0
2007-10-01T12:00:00Z,28.175,-15.425,0.0
2007-10-01T12:00:00Z,28.175,-15.375,0.0
2007-10-01T12:00:00Z,28.125,-15.625,0.0
2007-10-01T12:00:00Z,28.125,-15.575,0.0
2007-10-01T12:00:00Z,28.125,-15.525,0.0
2007-10-01T12:00:00Z,28.125,-15.475,0.0
2007-10-01T12:00:00Z,28.125,-15.425,0.0
2007-10-01T12:00:00Z,28.125,-15.375,0.0
2007-10-01T12:00:00Z,28.075,-15.625,NaN
2007-10-01T12:00:00Z,28.075,-15.575,NaN
2007-10-01T12:00:00Z,28.075,-15.525,NaN
2007-10-01T12:00:00Z,28.075,-15.475,0.0
2007-10-01T12:00:00Z,28.075,-15.425,0.0
2007-10-01T12:00:00Z,28.075,-15.375,0.0
2007-10-01T12:00:00Z,28.025,-15.625,NaN
2007-10-01T12:00:00Z,28.025,-15.575,NaN
2007-10-01T12:00:00Z,28.025,-15.525,NaN
2007-10-01T12:00:00Z,28.025,-15.475,NaN
2007-10-01T12:00:00Z,28.025,-15.425,0.0
2007-10-01T12:00:00Z,28.025,-15.375,0.0
2007-10-01T12:00:00Z,27.975,-15.625,NaN
2007-10-01T12:00:00Z,27.975,-15.575,NaN
2007-10-01T12:00:00Z,27.975,-15.525,NaN
2007-10-01T12:00:00Z,27.975,-15.475,NaN
2007-10-01T12:00:00Z,27.975,-15.425,NaN
2007-10-01T12:00:00Z,27.975,-15.375,0.0
2007-10-01T12:00:00Z,27.925,-15.625,NaN
2007-10-01T12:00:00Z,27.925,-15.575,NaN
2007-10-01T12:00:00Z,27.925,-15.525,NaN
2007-10-01T12:00:00Z,27.925,-15.475,NaN
2007-10-01T12:00:00Z,27.925,-15.425,NaN
2007-10-01T12:00:00Z,27.925,-15.375,0.0
2007-10-01T12:00:00Z,27.875,-15.625,NaN
2007-10-01T12:00:00Z,27.875,-15.575,NaN
2007-10-01T12:00:00Z,27.875,-15.525,NaN
2007-10-01T12:00:00Z,27.875,-15.475,NaN
2007-10-01T12:00:00Z,27.875,-15.425,NaN
2007-10-01T12:00:00Z,27.875,-15.375,0.0
2007-10-01T12:00:00Z,27.825,-15.625,NaN
2007-10-01T12:00:00Z,27.825,-15.575,NaN
2007-10-01T12:00:00Z,27.825,-15.525,NaN
2007-10-01T12:00:00Z,27.825,-15.475,NaN
2007-10-01T12:00:00Z,27.825,-15.425,0.0
2007-10-01T12:00:00Z,27.825,-15.375,0.0
2007-10-31T12:00:00Z,28.175,-15.625,0.0
2007-10-31T12:00:00Z,28.175,-15.575,0.0
2007-10-31T12:00:00Z,28.175,-15.525,0.0
2007-10-31T12:00:00Z,28.175,-15.475,0.0
2007-10-31T12:00:00Z,28.175,-15.425,0.0
2007-10-31T12:00:00Z,28.175,-15.375,0.0
2007-10-31T12:00:00Z,28.125,-15.625,0.0
2007-10-31T12:00:00Z,28.125,-15.575,0.0
2007-10-31T12:00:00Z,28.125,-15.525,0.0
2007-10-31T12:00:00Z,28.125,-15.475,0.0
2007-10-31T12:00:00Z,28.125,-15.425,0.0
2007-10-31T12:00:00Z,28.125,-15.375,0.0
2007-10-31T12:00:00Z,28.075,-15.625,NaN
2007-10-31T12:00:00Z,28.075,-15.575,NaN
2007-10-31T12:00:00Z,28.075,-15.525,NaN
2007-10-31T12:00:00Z,28.075,-15.475,0.0
2007-10-31T12:00:00Z,28.075,-15.425,0.0
2007-10-31T12:00:00Z,28.075,-15.375,0.0
2007-10-31T12:00:00Z,28.025,-15.625,NaN
2007-10-31T12:00:00Z,28.025,-15.575,NaN
2007-10-31T12:00:00Z,28.025,-15.525,NaN
2007-10-31T12:00:00Z,28.025,-15.475,NaN
2007-10-31T12:00:00Z,28.025,-15.425,0.0
2007-10-31T12:00:00Z,28.025,-15.375,0.0
2007-10-31T12:00:00Z,27.975,-15.625,NaN
2007-10-31T12:00:00Z,27.975,-15.575,NaN
2007-10-31T12:00:00Z,27.975,-15.525,NaN
2007-10-31T12:00:00Z,27.975,-15.475,NaN
2007-10-31T12:00:00Z,27.975,-15.425,NaN
2007-10-31T12:00:00Z,27.975,-15.375,0.0
2007-10-31T12:00:00Z,27.925,-15.625,NaN
2007-10-31T12:00:00Z,27.925,-15.575,NaN
2007-10-31T12:00:00Z,27.925,-15.525,NaN
2007-10-31T12:00:00Z,27.925,-15.475,NaN
2007-10-31T12:00:00Z,27.925,-15.425,NaN
2007-10-31T12:00:00Z,27.925,-15.375,0.0
2007-10-31T12:00:00Z,27.875,-15.625,NaN
2007-10-31T12:00:00Z,27.875,-15.575,NaN
2007-10-31T12:00:00Z,27.875,-15.525,NaN
2007-10-31T12:00:00Z,27.875,-15.475,NaN
2007-10-31T12:00:00Z,27.875,-15.425,NaN
2007-10-31T12:00:00Z,27.875,-15.375,0.0
2007-10-31T12:00:00Z,27.825,-15.625,NaN
2007-10-31T12:00:00Z,27.825,-15.575,NaN
2007-10-31T12:00:00Z,27.825,-15.525,NaN
2007-10-31T12:00:00Z,27.825,-15.475,NaN
2007-10-31T12:00:00Z,27.825,-15.425,0.0
2007-10-31T12:00:00Z,27.825,-15.375,0.0
2007-11-30T12:00:00Z,28.175,-15.625,0.0
2007-11-30T12:00:00Z,28.175,-15.575,0.0
2007-11-30T12:00:00Z,28.175,-15.525,0.0
2007-11-30T12:00:00Z,28.175,-15.475,0.0
2007-11-30T12:00:00Z,28.175,-15.425,0.0
2007-11-30T12:00:00Z,28.175,-15.375,0.0
2007-11-30T12:00:00Z,28.125,-15.625,0.0
2007-11-30T12:00:00Z,28.125,-15.575,0.0
2007-11-30T12:00:00Z,28.125,-15.525,0.0
2007-11-30T12:00:00Z,28.125,-15.475,0.0
2007-11-30T12:00:00Z,28.125,-15.425,0.0
2007-11-30T12:00:00Z,28.125,-15.375,0.0
2007-11-30T12:00:00Z,28.075,-15.625,NaN
2007-11-30T12:00:00Z,28.075,-15.575,NaN
2007-11-30T12:00:00Z,28.075,-15.525,NaN
2007-11-30T12:00:00Z,28.075,-15.475,0.0
2007-11-30T12:00:00Z,28.075,-15.425,0.0
2007-11-30T12:00:00Z,28.075,-15.375,0.0
2007-11-30T12:00:00Z,28.025,-15.625,NaN
2007-11-30T12:00:00Z,28.025,-15.575,NaN
2007-11-30T12:00:00Z,28.025,-15.525,NaN
2007-11-30T12:00:00Z,28.025,-15.475,NaN
2007-11-30T12:00:00Z,28.025,-15.425,0.0
2007-11-30T12:00:00Z,28.025,-15.375,0.0
2007-11-30T12:00:00Z,27.975,-15.625,NaN
2007-11-30T12:00:00Z,27.975,-15.575,NaN
2007-11-30T12:00:00Z,27.975,-15.525,NaN
2007-11-30T12:00:00Z,27.975,-15.475,NaN
2007-11-30T12:00:00Z,27.975,-15.425,NaN
2007-11-30T12:00:00Z,27.975,-15.375,0.0
2007-11-30T12:00:00Z,27.925,-15.625,NaN
2007-11-30T12:00:00Z,27.925,-15.575,NaN
2007-11-30T12:00:00Z,27.925,-15.525,NaN
2007-11-30T12:00:00Z,27.925,-15.475,NaN
2007-11-30T12:00:00Z,27.925,-15.425,NaN
2007-11-30T12:00:00Z,27.925,-15.375,0.0
2007-11-30T12:00:00Z,27.875,-15.625,NaN
2007-11-30T12:00:00Z,27.875,-15.575,NaN
2007-11-30T12:00:00Z,27.875,-15.525,NaN
2007-11-30T12:00:00Z,27.875,-15.475,NaN
2007-11-30T12:00:00Z,27.875,-15.425,NaN
2007-11-30T12:00:00Z,27.875,-15.375,0.0
2007-11-30T12:00:00Z,27.825,-15.625,NaN
2007-11-30T12:00:00Z,27.825,-15.575,NaN
2007-11-30T12:00:00Z,27.825,-15.525,NaN
2007-11-30T12:00:00Z,27.825,-15.475,NaN
2007-11-30T12:00:00Z,27.825,-15.425,0.0
2007-11-30T12:00:00Z,27.825,-15.375,0.0
2007-12-30T12:00:00Z,28.175,-15.625,0.0
2007-12-30T12:00:00Z,28.175,-15.575,0.0
2007-12-30T12:00:00Z,28.175,-15.525,0.0
2007-12-30T12:00:00Z,28.175,-15.475,0.0
2007-12-30T12:00:00Z,28.175,-15.425,0.0
2007-12-30T12:00:00Z,28.175,-15.375,0.0
2007-12-30T12:00:00Z,28.125,-15.625,0.0
2007-12-30T12:00:00Z,28.125,-15.575,0.0
2007-12-30T12:00:00Z,28.125,-15.525,0.0
2007-12-30T12:00:00Z,28.125,-15.475,0.0
2007-12-30T12:00:00Z,28.125,-15.425,0.0
2007-12-30T12:00:00Z,28.125,-15.375,0.0
2007-12-30T12:00:00Z,28.075,-15.625,NaN
2007-12-30T12:00:00Z,28.075,-15.575,NaN
2007-12-30T12:00:00Z,28.075,-15.525,NaN
2007-12-30T12:00:00Z,28.075,-15.475,0.0
2007-12-30T12:00:00Z,28.075,-15.425,0.0
2007-12-30T12:00:00Z,28.075,-15.375,0.0
2007-12-30T12:00:00Z,28.025,-15.625,NaN
2007-12-30T12:00:00Z,28.025,-15.575,NaN
2007-12-30T12:00:00Z,28.025,-15.525,NaN
2007-12-30T12:00:00Z,28.025,-15.475,NaN
2007-12-30T12:00:00Z,28.025,-15.425,0.0
2007-12-30T12:00:00Z,28.025,-15.375,0.0
2007-12-30T12:00:00Z,27.975,-15.625,NaN
2007-12-30T12:00:00Z,27.975,-15.575,NaN
2007-12-30T12:00:00Z,27.975,-15.525,NaN
2007-12-30T12:00:00Z,27.975,-15.475,NaN
2007-12-30T12:00:00Z,27.975,-15.425,NaN
2007-12-30T12:00:00Z,27.975,-15.375,0.0
2007-12-30T12:00:00Z,27.925,-15.625,NaN
2007-12-30T12:00:00Z,27.925,-15.575,NaN
2007-12-30T12:00:00Z,27.925,-15.525,NaN
2007-12-30T12:00:00Z,27.925,-15.475,NaN
2007-12-30T12:00:00Z,27.925,-15.425,NaN
2007-12-30T12:00:00Z,27.925,-15.375,0.0
2007-12-30T12:00:00Z,27.875,-15.625,NaN
2007-12-30T12:00:00Z,27.875,-15.575,NaN
2007-12-30T12:00:00Z,27.875,-15.525,NaN
2007-12-30T12:00:00Z,27.875,-15.475,NaN
2007-12-30T12:00:00Z,27.875,-15.425,NaN
2007-12-30T12:00:00Z,27.875,-15.375,0.0
2007-12-30T12:00:00Z,27.825,-15.625,NaN
2007-12-30T12:00:00Z,27.825,-15.575,NaN
2007-12-30T12:00:00Z,27.825,-15.525,NaN
2007-12-30T12:00:00Z,27.825,-15.475,NaN
2007-12-30T12:00:00Z,27.825,-15.425,0.0
2007-12-30T12:00:00Z,27.825,-15.375,0.0
2008-01-29T12:00:00Z,28.175,-15.625,0.0
2008-01-29T12:00:00Z,28.175,-15.575,0.0
2008-01-29T12:00:00Z,28.175,-15.525,0.0
2008-01-29T12:00:00Z,28.175,-15.475,0.0
2008-01-29T12:00:00Z,28.175,-15.425,0.0
2008-01-29T12:00:00Z,28.175,-15.375,0.0
2008-01-29T12:00:00Z,28.125,-15.625,0.0
2008-01-29T12:00:00Z,28.125,-15.575,0.0
2008-01-29T12:00:00Z,28.125,-15.525,0.0
2008-01-29T12:00:00Z,28.125,-15.475,0.0
2008-01-29T12:00:00Z,28.125,-15.425,0.0
2008-01-29T12:00:00Z,28.125,-15.375,0.0
2008-01-29T12:00:00Z,28.075,-15.625,NaN
2008-01-29T12:00:00Z,28.075,-15.575,NaN
2008-01-29T12:00:00Z,28.075,-15.525,NaN
2008-01-29T12:00:00Z,28.075,-15.475,0.0
2008-01-29T12:00:00Z,28.075,-15.425,0.0
2008-01-29T12:00:00Z,28.075,-15.375,0.0
2008-01-29T12:00:00Z,28.025,-15.625,NaN
2008-01-29T12:00:00Z,28.025,-15.575,NaN
2008-01-29T12:00:00Z,28.025,-15.525,NaN
2008-01-29T12:00:00Z,28.025,-15.475,NaN
2008-01-29T12:00:00Z,28.025,-15.425,0.0
2008-01-29T12:00:00Z,28.025,-15.375,0.0
2008-01-29T12:00:00Z,27.975,-15.625,NaN
2008-01-29T12:00:00Z,27.975,-15.575,NaN
2008-01-29T12:00:00Z,27.975,-15.525,NaN
2008-01-29T12:00:00Z,27.975,-15.475,NaN
2008-01-29T12:00:00Z,27.975,-15.425,NaN
2008-01-29T12:00:00Z,27.975,-15.375,0.0
2008-01-29T12:00:00Z,27.925,-15.625,NaN
2008-01-29T12:00:00Z,27.925,-15.575,NaN
2008-01-29T12:00:00Z,27.925,-15.525,NaN
2008-01-29T12:00:00Z,27.925,-15.475,NaN
2008-01-29T12:00:00Z,27.925,-15.425,NaN
2008-01-29T12:00:00Z,27.925,-15.375,0.0
2008-01-29T12:00:00Z,27.875,-15.625,NaN
2008-01-29T12:00:00Z,27.875,-15.575,NaN
2008-01-29T12:00:00Z,27.875,-15.525,NaN
2008-01-29T12:00:00Z,27.875,-15.475,NaN
2008-01-29T12:00:00Z,27.875,-15.425,NaN
2008-01-29T12:00:00Z,27.875,-15.375,0.0
2008-01-29T12:00:00Z,27.825,-15.625,NaN
2008-01-29T12:00:00Z,27.825,-15.575,NaN
2008-01-29T12:00:00Z,27.825,-15.525,NaN
2008-01-29T12:00:00Z,27.825,-15.475,NaN
2008-01-29T12:00:00Z,27.825,-15.425,0.0
2008-01-29T12:00:00Z,27.825,-15.375,0.0
2008-02-28T12:00:00Z,28.175,-15.625,0.0
2008-02-28T12:00:00Z,28.175,-15.575,0.0
2008-02-28T12:00:00Z,28.175,-15.525,0.0
2008-02-28T12:00:00Z,28.175,-15.475,0.0
2008-02-28T12:00:00Z,28.175,-15.425,0.0
2008-02-28T12:00:00Z,28.175,-15.375,0.0
2008-02-28T12:00:00Z,28.125,-15.625,0.0
2008-02-28T12:00:00Z,28.125,-15.575,0.0
2008-02-28T12:00:00Z,28.125,-15.525,0.0
2008-02-28T12:00:00Z,28.125,-15.475,0.0
2008-02-28T12:00:00Z,28.125,-15.425,0.0
2008-02-28T12:00:00Z,28.125,-15.375,0.0
2008-02-28T12:00:00Z,28.075,-15.625,NaN
2008-02-28T12:00:00Z,28.075,-15.575,NaN
2008-02-28T12:00:00Z,28.075,-15.525,NaN
2008-02-28T12:00:00Z,28.075,-15.475,0.0
2008-02-28T12:00:00Z,28.075,-15.425,0.0
2008-02-28T12:00:00Z,28.075,-15.375,0.0
2008-02-28T12:00:00Z,28.025,-15.625,NaN
2008-02-28T12:00:00Z,28.025,-15.575,NaN
2008-02-28T12:00:00Z,28.025,-15.525,NaN
2008-02-28T12:00:00Z,28.025,-15.475,NaN
2008-02-28T12:00:00Z,28.025,-15.425,0.0
2008-02-28T12:00:00Z,28.025,-15.375,0.0
2008-02-28T12:00:00Z,27.975,-15.625,NaN
2008-02-28T12:00:00Z,27.975,-15.575,NaN
2008-02-28T12:00:00Z,27.975,-15.525,NaN
2008-02-28T12:00:00Z,27.975,-15.475,NaN
2008-02-28T12:00:00Z,27.975,-15.425,NaN
2008-02-28T12:00:00Z,27.975,-15.375,0.0
2008-02-28T12:00:00Z,27.925,-15.625,NaN
2008-02-28T12:00:00Z,27.925,-15.575,NaN
2008-02-28T12:00:00Z,27.925,-15.525,NaN
2008-02-28T12:00:00Z,27.925,-15.475,NaN
2008-02-28T12:00:00Z,27.925,-15.425,NaN
2008-02-28T12:00:00Z,27.925,-15.375,0.0
2008-02-28T12:00:00Z,27.875,-15.625,NaN
2008-02-28T12:00:00Z,27.875,-15.575,NaN
2008-02-28T12:00:00Z,27.875,-15.525,NaN
2008-02-28T12:00:00Z,27.875,-15.475,NaN
2008-02-28T12:00:00Z,27.875,-15.425,NaN
2008-02-28T12:00:00Z,27.875,-15.375,0.0
2008-02-28T12:00:00Z,27.825,-15.625,NaN
2008-02-28T12:00:00Z,27.825,-15.575,NaN
2008-02-28T12:00:00Z,27.825,-15.525,NaN
2008-02-28T12:00:00Z,27.825,-15.475,NaN
2008-02-28T12:00:00Z,27.825,-15.425,0.0
2008-02-28T12:00:00Z,27.825,-15.375,0.0
2008-03-29T12:00:00Z,28.175,-15.625,0.0
2008-03-29T12:00:00Z,28.175,-15.575,0.0
2008-03-29T12:00:00Z,28.175,-15.525,0.0
2008-03-29T12:00:00Z,28.175,-15.475,0.0
2008-03-29T12:00:00Z,28.175,-15.425,0.0
2008-03-29T12:00:00Z,28.175,-15.375,0.0
2008-03-29T12:00:00Z,28.125,-15.625,0.0
2008-03-29T12:00:00Z,28.125,-15.575,0.0
2008-03-29T12:00:00Z,28.125,-15.525,0.0
2008-03-29T12:00:00Z,28.125,-15.475,0.0
2008-03-29T12:00:00Z,28.125,-15.425,0.0
2008-03-29T12:00:00Z,28.125,-15.375,0.0
2008-03-29T12:00:00Z,28.075,-15.625,NaN
2008-03-29T12:00:00Z,28.075,-15.575,NaN
2008-03-29T12:00:00Z,28.075,-15.525,NaN
2008-03-29T12:00:00Z,28.075,-15.475,0.0
2008-03-29T12:00:00Z,28.075,-15.425,0.0
2008-03-29T12:00:00Z,28.075,-15.375,0.0
2008-03-29T12:00:00Z,28.025,-15.625,NaN
2008-03-29T12:00:00Z,28.025,-15.575,NaN
2008-03-29T12:00:00Z,28.025,-15.525,NaN
2008-03-29T12:00:00Z,28.025,-15.475,NaN
2008-03-29T12:00:00Z,28.025,-15.425,0.0
2008-03-29T12:00:00Z,28.025,-15.375,0.0
2008-03-29T12:00:00Z,27.975,-15.625,NaN
2008-03-29T12:00:00Z,27.975,-15.575,NaN
2008-03-29T12:00:00Z,27.975,-15.525,NaN
2008-03-29T12:00:00Z,27.975,-15.475,NaN
2008-03-29T12:00:00Z,27.975,-15.425,NaN
2008-03-29T12:00:00Z,27.975,-15.375,0.0
2008-03-29T12:00:00Z,27.925,-15.625,NaN
2008-03-29T12:00:00Z,27.925,-15.575,NaN
2008-03-29T12:00:00Z,27.925,-15.525,NaN
2008-03-29T12:00:00Z,27.925,-15.475,NaN
2008-03-29T12:00:00Z,27.925,-15.425,NaN
2008-03-29T12:00:00Z,27.925,-15.375,0.0
2008-03-29T12:00:00Z,27.875,-15.625,NaN
2008-03-29T12:00:00Z,27.875,-15.575,NaN
2008-03-29T12:00:00Z,27.875,-15.525,NaN
2008-03-29T12:00:00Z,27.875,-15.475,NaN
2008-03-29T12:00:00Z,27.875,-15.425,NaN
2008-03-29T12:00:00Z,27.875,-15.375,0.0
2008-03-29T12:00:00Z,27.825,-15.625,NaN
2008-03-29T12:00:00Z,27.825,-15.575,NaN
2008-03-29T12:00:00Z,27.825,-15.525,NaN
2008-03-29T12:00:00Z,27.825,-15.475,NaN
2008-03-29T12:00:00Z,27.825,-15.425,0.0
2008-03-29T12:00:00Z,27.825,-15.375,0.0
2008-04-28T12:00:00Z,28.175,-15.625,0.0
2008-04-28T12:00:00Z,28.175,-15.575,0.0
2008-04-28T12:00:00Z,28.175,-15.525,0.0
2008-04-28T12:00:00Z,28.175,-15.475,0.0
2008-04-28T12:00:00Z,28.175,-15.425,0.0
2008-04-28T12:00:00Z,28.175,-15.375,0.0
2008-04-28T12:00:00Z,28.125,-15.625,0.0
2008-04-28T12:00:00Z,28.125,-15.575,0.0
2008-04-28T12:00:00Z,28.125,-15.525,0.0
2008-04-28T12:00:00Z,28.125,-15.475,0.0
2008-04-28T12:00:00Z,28.125,-15.425,0.0
2008-04-28T12:00:00Z,28.125,-15.375,0.0
2008-04-28T12:00:00Z,28.075,-15.625,NaN
2008-04-28T12:00:00Z,28.075,-15.575,NaN
2008-04-28T12:00:00Z,28.075,-15.525,NaN
2008-04-28T12:00:00Z,28.075,-15.475,0.0
2008-04-28T12:00:00Z,28.075,-15.425,0.0
2008-04-28T12:00:00Z,28.075,-15.375,0.0
2008-04-28T12:00:00Z,28.025,-15.625,NaN
2008-04-28T12:00:00Z,28.025,-15.575,NaN
2008-04-28T12:00:00Z,28.025,-15.525,NaN
2008-04-28T12:00:00Z,28.025,-15.475,NaN
2008-04-28T12:00:00Z,28.025,-15.425,0.0
2008-04-28T12:00:00Z,28.025,-15.375,0.0
2008-04-28T12:00:00Z,27.975,-15.625,NaN
2008-04-28T12:00:00Z,27.975,-15.575,NaN
2008-04-28T12:00:00Z,27.975,-15.525,NaN
2008-04-28T12:00:00Z,27.975,-15.475,NaN
2008-04-28T12:00:00Z,27.975,-15.425,NaN
2008-04-28T12:00:00Z,27.975,-15.375,0.0
2008-04-28T12:00:00Z,27.925,-15.625,NaN
2008-04-28T12:00:00Z,27.925,-15.575,NaN
2008-04-28T12:00:00Z,27.925,-15.525,NaN
2008-04-28T12:00:00Z,27.925,-15.475,NaN
2008-04-28T12:00:00Z,27.925,-15.425,NaN
2008-04-28T12:00:00Z,27.925,-15.375,0.0
2008-04-28T12:00:00Z,27.875,-15.625,NaN
2008-04-28T12:00:00Z,27.875,-15.575,NaN
2008-04-28T12:00:00Z,27.875,-15.525,NaN
2008-04-28T12:00:00Z,27.875,-15.475,NaN
2008-04-28T12:00:00Z,27.875,-15.425,NaN
2008-04-28T12:00:00Z,27.875,-15.375,0.0
2008-04-28T12:00:00Z,27.825,-15.625,NaN
2008-04-28T12:00:00Z,27.825,-15.575,NaN
2008-04-28T12:00:00Z,27.825,-15.525,NaN
2008-04-28T12:00:00Z,27.825,-15.475,NaN
2008-04-28T12:00:00Z,27.825,-15.425,0.0
2008-04-28T12:00:00Z,27.825,-15.375,0.0
2008-05-28T12:00:00Z,28.175,-15.625,0.0
2008-05-28T12:00:00Z,28.175,-15.575,0.0
2008-05-28T12:00:00Z,28.175,-15.525,0.0
2008-05-28T12:00:00Z,28.175,-15.475,0.0
2008-05-28T12:00:00Z,28.175,-15.425,0.0
2008-05-28T12:00:00Z,28.175,-15.375,0.0
2008-05-28T12:00:00Z,28.125,-15.625,0.0
2008-05-28T12:00:00Z,28.125,-15.575,0.0
2008-05-28T12:00:00Z,28.125,-15.525,0.0
2008-05-28T12:00:00Z,28.125,-15.475,0.0
2008-05-28T12:00:00Z,28.125,-15.425,0.0
2008-05-28T12:00:00Z,28.125,-15.375,0.0
2008-05-28T12:00:00Z,28.075,-15.625,NaN
2008-05-28T12:00:00Z,28.075,-15.575,NaN
2008-05-28T12:00:00Z,28.075,-15.525,NaN
2008-05-28T12:00:00Z,28.075,-15.475,0.0
2008-05-28T12:00:00Z,28.075,-15.425,0.0
2008-05-28T12:00:00Z,28.075,-15.375,0.0
2008-05-28T12:00:00Z,28.025,-15.625,NaN
2008-05-28T12:00:00Z,28.025,-15.575,NaN
2008-05-28T12:00:00Z,28.025,-15.525,NaN
2008-05-28T12:00:00Z,28.025,-15.475,NaN
2008-05-28T12:00:00Z,28.025,-15.425,0.0
2008-05-28T12:00:00Z,28.025,-15.375,0.0
2008-05-28T12:00:00Z,27.975,-15.625,NaN
2008-05-28T12:00:00Z,27.975,-15.575,NaN
2008-05-28T12:00:00Z,27.975,-15.525,NaN
2008-05-28T12:00:00Z,27.975,-15.475,NaN
2008-05-28T12:00:00Z,27.975,-15.425,NaN
2008-05-28T12:00:00Z,27.975,-15.375,0.0
2008-05-28T12:00:00Z,27.925,-15.625,NaN
2008-05-28T12:00:00Z,27.925,-15.575,NaN
2008-05-28T12:00:00Z,27.925,-15.525,NaN
2008-05-28T12:00:00Z,27.925,-15.475,NaN
2008-05-28T12:00:00Z,27.925,-15.425,NaN
2008-05-28T12:00:00Z,27.925,-15.375,0.0
2008-05-28T12:00:00Z,27.875,-15.625,NaN
2008-05-28T12:00:00Z,27.875,-15.575,NaN
2008-05-28T12:00:00Z,27.875,-15.525,NaN
2008-05-28T12:00:00Z,27.875,-15.475,NaN
2008-05-28T12:00:00Z,27.875,-15.425,NaN
2008-05-28T12:00:00Z,27.875,-15.375,0.0
2008-05-28T12:00:00Z,27.825,-15.625,NaN
2008-05-28T12:00:00Z,27.825,-15.575,NaN
2008-05-28T12:00:00Z,27.825,-15.525,NaN
2008-05-28T12:00:00Z,27.825,-15.475,NaN
2008-05-28T12:00:00Z,27.825,-15.425,0.0
2008-05-28T12:00:00Z,27.825,-15.375,0.0
2008-06-27T12:00:00Z,28.175,-15.625,0.0
2008-06-27T12:00:00Z,28.175,-15.575,0.0
2008-06-27T12:00:00Z,28.175,-15.525,0.0
2008-06-27T12:00:00Z,28.175,-15.475,0.0
2008-06-27T12:00:00Z,28.175,-15.425,0.0
2008-06-27T12:00:00Z,28.175,-15.375,0.0
2008-06-27T12:00:00Z,28.125,-15.625,0.0
2008-06-27T12:00:00Z,28.125,-15.575,0.0
2008-06-27T12:00:00Z,28.125,-15.525,0.0
2008-06-27T12:00:00Z,28.125,-15.475,0.0
2008-06-27T12:00:00Z,28.125,-15.425,0.0
2008-06-27T12:00:00Z,28.125,-15.375,0.0
2008-06-27T12:00:00Z,28.075,-15.625,NaN
2008-06-27T12:00:00Z,28.075,-15.575,NaN
2008-06-27T12:00:00Z,28.075,-15.525,NaN
2008-06-27T12:00:00Z,28.075,-15.475,0.0
2008-06-27T12:00:00Z,28.075,-15.425,0.0
2008-06-27T12:00:00Z,28.075,-15.375,0.0
2008-06-27T12:00:00Z,28.025,-15.625,NaN
2008-06-27T12:00:00Z,28.025,-15.575,NaN
2008-06-27T12:00:00Z,28.025,-15.525,NaN
2008-06-27T12:00:00Z,28.025,-15.475,NaN
2008-06-27T12:00:00Z,28.025,-15.425,0.0
2008-06-27T12:00:00Z,28.025,-15.375,0.0
2008-06-27T12:00:00Z,27.975,-15.625,NaN
2008-06-27T12:00:00Z,27.975,-15.575,NaN
2008-06-27T12:00:00Z,27.975,-15.525,NaN
2008-06-27T12:00:00Z,27.975,-15.475,NaN
2008-06-27T12:00:00Z,27.975,-15.425,NaN
2008-06-27T12:00:00Z,27.975,-15.375,0.0
2008-06-27T12:00:00Z,27.925,-15.625,NaN
2008-06-27T12:00:00Z,27.925,-15.575,NaN
2008-06-27T12:00:00Z,27.925,-15.525,NaN
2008-06-27T12:00:00Z,27.925,-15.475,NaN
2008-06-27T12:00:00Z,27.925,-15.425,NaN
2008-06-27T12:00:00Z,27.925,-15.375,0.0
2008-06-27T12:00:00Z,27.875,-15.625,NaN
2008-06-27T12:00:00Z,27.875,-15.575,NaN
2008-06-27T12:00:00Z,27.875,-15.525,NaN
2008-06-27T12:00:00Z,27.875,-15.475,NaN
2008-06-27T12:00:00Z,27.875,-15.425,NaN
2008-06-27T12:00:00Z,27.875,-15.375,0.0
2008-06-27T12:00:00Z,27.825,-15.625,NaN
2008-06-27T12:00:00Z,27.825,-15.575,NaN
2008-06-27T12:00:00Z,27.825,-15.525,NaN
2008-06-27T12:00:00Z,27.825,-15.475,NaN
2008-06-27T12:00:00Z,27.825,-15.425,0.0
2008-06-27T12:00:00Z,27.825,-15.375,0.0
2008-07-27T12:00:00Z,28.175,-15.625,0.0
2008-07-27T12:00:00Z,28.175,-15.575,0.0
2008-07-27T12:00:00Z,28.175,-15.525,0.0
2008-07-27T12:00:00Z,28.175,-15.475,0.0
2008-07-27T12:00:00Z,28.175,-15.425,0.0
2008-07-27T12:00:00Z,28.175,-15.375,0.0
2008-07-27T12:00:00Z,28.125,-15.625,0.0
2008-07-27T12:00:00Z,28.125,-15.575,0.0
2008-07-27T12:00:00Z,28.125,-15.525,0.0
2008-07-27T12:00:00Z,28.125,-15.475,0.0
2008-07-27T12:00:00Z,28.125,-15.425,0.0
2008-07-27T12:00:00Z,28.125,-15.375,0.0
2008-07-27T12:00:00Z,28.075,-15.625,NaN
2008-07-27T12:00:00Z,28.075,-15.575,NaN
2008-07-27T12:00:00Z,28.075,-15.525,NaN
2008-07-27T12:00:00Z,28.075,-15.475,0.0
2008-07-27T12:00:00Z,28.075,-15.425,0.0
2008-07-27T12:00:00Z,28.075,-15.375,0.0
2008-07-27T12:00:00Z,28.025,-15.625,NaN
2008-07-27T12:00:00Z,28.025,-15.575,NaN
2008-07-27T12:00:00Z,28.025,-15.525,NaN
2008-07-27T12:00:00Z,28.025,-15.475,NaN
2008-07-27T12:00:00Z,28.025,-15.425,0.0
2008-07-27T12:00:00Z,28.025,-15.375,0.0
2008-07-27T12:00:00Z,27.975,-15.625,NaN
2008-07-27T12:00:00Z,27.975,-15.575,NaN
2008-07-27T12:00:00Z,27.975,-15.525,NaN
2008-07-27T12:00:00Z,27.975,-15.475,NaN
2008-07-27T12:00:00Z,27.975,-15.425,NaN
2008-07-27T12:00:00Z,27.975,-15.375,0.0
2008-07-27T12:00:00Z,27.925,-15.625,NaN
2008-07-27T12:00:00Z,27.925,-15.575,NaN
2008-07-27T12:00:00Z,27.925,-15.525,NaN
2008-07-27T12:00:00Z,27.925,-15.475,NaN
2008-07-27T12:00:00Z,27.925,-15.425,NaN
2008-07-27T12:00:00Z,27.925,-15.375,0.0
2008-07-27T12:00:00Z,27.875,-15.625,NaN
2008-07-27T12:00:00Z,27.875,-15.575,NaN
2008-07-27T12:00:00Z,27.875,-15.525,NaN
2008-07-27T12:00:00Z,27.875,-15.475,NaN
2008-07-27T12:00:00Z,27.875,-15.425,NaN
2008-07-27T12:00:00Z,27.875,-15.375,0.0
2008-07-27T12:00:00Z,27.825,-15.625,NaN
2008-07-27T12:00:00Z,27.825,-15.575,NaN
2008-07-27T12:00:00Z,27.825,-15.525,NaN
2008-07-27T12:00:00Z,27.825,-15.475,NaN
2008-07-27T12:00:00Z,27.825,-15.425,0.0
2008-07-27T12:00:00Z,27.825,-15.375,0.0
2008-08-26T12:00:00Z,28.175,-15.625,0.0
2008-08-26T12:00:00Z,28.175,-15.575,0.0
2008-08-26T12:00:00Z,28.175,-15.525,0.0
2008-08-26T12:00:00Z,28.175,-15.475,0.0
2008-08-26T12:00:00Z,28.175,-15.425,0.0
2008-08-26T12:00:00Z,28.175,-15.375,0.0
2008-08-26T12:00:00Z,28.125,-15.625,0.0
2008-08-26T12:00:00Z,28.125,-15.575,0.0
2008-08-26T12:00:00Z,28.125,-15.525,0.0
2008-08-26T12:00:00Z,28.125,-15.475,0.0
2008-08-26T12:00:00Z,28.125,-15.425,0.0
2008-08-26T12:00:00Z,28.125,-15.375,0.0
2008-08-26T12:00:00Z,28.075,-15.625,NaN
2008-08-26T12:00:00Z,28.075,-15.575,NaN
2008-08-26T12:00:00Z,28.075,-15.525,NaN
2008-08-26T12:00:00Z,28.075,-15.475,0.0
2008-08-26T12:00:00Z,28.075,-15.425,0.0
2008-08-26T12:00:00Z,28.075,-15.375,0.0
2008-08-26T12:00:00Z,28.025,-15.625,NaN
2008-08-26T12:00:00Z,28.025,-15.575,NaN
2008-08-26T12:00:00Z,28.025,-15.525,NaN
2008-08-26T12:00:00Z,28.025,-15.475,NaN
2008-08-26T12:00:00Z,28.025,-15.425,0.0
2008-08-26T12:00:00Z,28.025,-15.375,0.0
2008-08-26T12:00:00Z,27.975,-15.625,NaN
2008-08-26T12:00:00Z,27.975,-15.575,NaN
2008-08-26T12:00:00Z,27.975,-15.525,NaN
2008-08-26T12:00:00Z,27.975,-15.475,NaN
2008-08-26T12:00:00Z,27.975,-15.425,NaN
2008-08-26T12:00:00Z,27.975,-15.375,0.0
2008-08-26T12:00:00Z,27.925,-15.625,NaN
2008-08-26T12:00:00Z,27.925,-15.575,NaN
2008-08-26T12:00:00Z,27.925,-15.525,NaN
2008-08-26T12:00:00Z,27.925,-15.475,NaN
2008-08-26T12:00:00Z,27.925,-15.425,NaN
2008-08-26T12:00:00Z,27.925,-15.375,0.0
2008-08-26T12:00:00Z,27.875,-15.625,NaN
2008-08-26T12:00:00Z,27.875,-15.575,NaN
2008-08-26T12:00:00Z,27.875,-15.525,NaN
2008-08-26T12:00:00Z,27.875,-15.475,NaN
2008-08-26T12:00:00Z,27.875,-15.425,NaN
2008-08-26T12:00:00Z,27.875,-15.375,0.0
2008-08-26T12:00:00Z,27.825,-15.625,NaN
2008-08-26T12:00:00Z,27.825,-15.575,NaN
2008-08-26T12:00:00Z,27.825,-15.525,NaN
2008-08-26T12:00:00Z,27.825,-15.475,NaN
2008-08-26T12:00:00Z,27.825,-15.425,0.0
2008-08-26T12:00:00Z,27.825,-15.375,0.0
2008-09-25T12:00:00Z,28.175,-15.625,0.0
2008-09-25T12:00:00Z,28.175,-15.575,0.0
2008-09-25T12:00:00Z,28.175,-15.525,0.0
2008-09-25T12:00:00Z,28.175,-15.475,0.0
2008-09-25T12:00:00Z,28.175,-15.425,0.0
2008-09-25T12:00:00Z,28.175,-15.375,0.0
2008-09-25T12:00:00Z,28.125,-15.625,0.0
2008-09-25T12:00:00Z,28.125,-15.575,0.0
2008-09-25T12:00:00Z,28.125,-15.525,0.0
2008-09-25T12:00:00Z,28.125,-15.475,0.0
2008-09-25T12:00:00Z,28.125,-15.425,0.0
2008-09-25T12:00:00Z,28.125,-15.375,0.0
2008-09-25T12:00:00Z,28.075,-15.625,NaN
2008-09-25T12:00:00Z,28.075,-15.575,NaN
2008-09-25T12:00:00Z,28.075,-15.525,NaN
2008-09-25T12:00:00Z,28.075,-15.475,0.0
2008-09-25T12:00:00Z,28.075,-15.425,0.0
2008-09-25T12:00:00Z,28.075,-15.375,0.0
2008-09-25T12:00:00Z,28.025,-15.625,NaN
2008-09-25T12:00:00Z,28.025,-15.575,NaN
2008-09-25T12:00:00Z,28.025,-15.525,NaN
2008-09-25T12:00:00Z,28.025,-15.475,NaN
2008-09-25T12:00:00Z,28.025,-15.425,0.0
2008-09-25T12:00:00Z,28.025,-15.375,0.0
2008-09-25T12:00:00Z,27.975,-15.625,NaN
2008-09-25T12:00:00Z,27.975,-15.575,NaN
2008-09-25T12:00:00Z,27.975,-15.525,NaN
2008-09-25T12:00:00Z,27.975,-15.475,NaN
2008-09-25T12:00:00Z,27.975,-15.425,NaN
2008-09-25T12:00:00Z,27.975,-15.375,0.0
2008-09-25T12:00:00Z,27.925,-15.625,NaN
2008-09-25T12:00:00Z,27.925,-15.575,NaN
2008-09-25T12:00:00Z,27.925,-15.525,NaN
2008-09-25T12:00:00Z,27.925,-15.475,NaN
2008-09-25T12:00:00Z,27.925,-15.425,NaN
2008-09-25T12:00:00Z,27.925,-15.375,0.0
2008-09-25T12:00:00Z,27.875,-15.625,NaN
2008-09-25T12:00:00Z,27.875,-15.575,NaN
2008-09-25T12:00:00Z,27.875,-15.525,NaN
2008-09-25T12:00:00Z,27.875,-15.475,NaN
2008-09-25T12:00:00Z,27.875,-15.425,NaN
2008-09-25T12:00:00Z,27.875,-15.375,0.0
2008-09-25T12:00:00Z,27.825,-15.625,NaN
2008-09-25T12:00:00Z,27.825,-15.575,NaN
2008-09-25T12:00:00Z,27.825,-15.525,NaN
2008-09-25T12:00:00Z,27.825,-15.475,NaN
2008-09-25T12:00:00Z,27.825,-15.425,0.0
2008-09-25T12:00:00Z,27.825,-15.375,0.0
2008-10-25T12:00:00Z,28.175,-15.625,0.0
2008-10-25T12:00:00Z,28.175,-15.575,0.0
2008-10-25T12:00:00Z,28.175,-15.525,0.0
2008-10-25T12:00:00Z,28.175,-15.475,0.0
2008-10-25T12:00:00Z,28.175,-15.425,0.0
2008-10-25T12:00:00Z,28.175,-15.375,0.0
2008-10-25T12:00:00Z,28.125,-15.625,0.0
2008-10-25T12:00:00Z,28.125,-15.575,0.0
2008-10-25T12:00:00Z,28.125,-15.525,0.0
2008-10-25T12:00:00Z,28.125,-15.475,0.0
2008-10-25T12:00:00Z,28.125,-15.425,0.0
2008-10-25T12:00:00Z,28.125,-15.375,0.0
2008-10-25T12:00:00Z,28.075,-15.625,NaN
2008-10-25T12:00:00Z,28.075,-15.575,NaN
2008-10-25T12:00:00Z,28.075,-15.525,NaN
2008-10-25T12:00:00Z,28.075,-15.475,0.0
2008-10-25T12:00:00Z,28.075,-15.425,0.0
2008-10-25T12:00:00Z,28.075,-15.375,0.0
2008-10-25T12:00:00Z,28.025,-15.625,NaN
2008-10-25T12:00:00Z,28.025,-15.575,NaN
2008-10-25T12:00:00Z,28.025,-15.525,NaN
2008-10-25T12:00:00Z,28.025,-15.475,NaN
2008-10-25T12:00:00Z,28.025,-15.425,0.0
2008-10-25T12:00:00Z,28.025,-15.375,0.0
2008-10-25T12:00:00Z,27.975,-15.625,NaN
2008-10-25T12:00:00Z,27.975,-15.575,NaN
2008-10-25T12:00:00Z,27.975,-15.525,NaN
2008-10-25T12:00:00Z,27.975,-15.475,NaN
2008-10-25T12:00:00Z,27.975,-15.425,NaN
2008-10-25T12:00:00Z,27.975,-15.375,0.0
2008-10-25T12:00:00Z,27.925,-15.625,NaN
2008-10-25T12:00:00Z,27.925,-15.575,NaN
2008-10-25T12:00:00Z,27.925,-15.525,NaN
2008-10-25T12:00:00Z,27.925,-15.475,NaN
2008-10-25T12:00:00Z,27.925,-15.425,NaN
2008-10-25T12:00:00Z,27.925,-15.375,0.0
2008-10-25T12:00:00Z,27.875,-15.625,NaN
2008-10-25T12:00:00Z,27.875,-15.575,NaN
2008-10-25T12:00:00Z,27.875,-15.525,NaN
2008-10-25T12:00:00Z,27.875,-15.475,NaN
2008-10-25T12:00:00Z,27.875,-15.425,NaN
2008-10-25T12:00:00Z,27.875,-15.375,0.0
2008-10-25T12:00:00Z,27.825,-15.625,NaN
2008-10-25T12:00:00Z,27.825,-15.575,NaN
2008-10-25T12:00:00Z,27.825,-15.525,NaN
2008-10-25T12:00:00Z,27.825,-15.475,NaN
2008-10-25T12:00:00Z,27.825,-15.425,0.0
2008-10-25T12:00:00Z,27.825,-15.375,0.0
2008-11-24T12:00:00Z,28.175,-15.625,0.0
2008-11-24T12:00:00Z,28.175,-15.575,0.0
2008-11-24T12:00:00Z,28.175,-15.525,0.0
2008-11-24T12:00:00Z,28.175,-15.475,0.0
2008-11-24T12:00:00Z,28.175,-15.425,0.0
2008-11-24T12:00:00Z,28.175,-15.375,0.0
2008-11-24T12:00:00Z,28.125,-15.625,0.0
2008-11-24T12:00:00Z,28.125,-15.575,0.0
2008-11-24T12:00:00Z,28.125,-15.525,0.0
2008-11-24T12:00:00Z,28.125,-15.475,0.0
2008-11-24T12:00:00Z,28.125,-15.425,0.0
2008-11-24T12:00:00Z,28.125,-15.375,0.0
2008-11-24T12:00:00Z,28.075,-15.625,NaN
2008-11-24T12:00:00Z,28.075,-15.575,NaN
2008-11-24T12:00:00Z,28.075,-15.525,NaN
2008-11-24T12:00:00Z,28.075,-15.475,0.0
2008-11-24T12:00:00Z,28.075,-15.425,0.0
2008-11-24T12:00:00Z,28.075,-15.375,0.0
2008-11-24T12:00:00Z,28.025,-15.625,NaN
2008-11-24T12:00:00Z,28.025,-15.575,NaN
2008-11-24T12:00:00Z,28.025,-15.525,NaN
2008-11-24T12:00:00Z,28.025,-15.475,NaN
2008-11-24T12:00:00Z,28.025,-15.425,0.0
2008-11-24T12:00:00Z,28.025,-15.375,0.0
2008-11-24T12:00:00Z,27.975,-15.625,NaN
2008-11-24T12:00:00Z,27.975,-15.575,NaN
2008-11-24T12:00:00Z,27.975,-15.525,NaN
2008-11-24T12:00:00Z,27.975,-15.475,NaN
2008-11-24T12:00:00Z,27.975,-15.425,NaN
2008-11-24T12:00:00Z,27.975,-15.375,0.0
2008-11-24T12:00:00Z,27.925,-15.625,NaN
2008-11-24T12:00:00Z,27.925,-15.575,NaN
2008-11-24T12:00:00Z,27.925,-15.525,NaN
2008-11-24T12:00:00Z,27.925,-15.475,NaN
2008-11-24T12:00:00Z,27.925,-15.425,NaN
2008-11-24T12:00:00Z,27.925,-15.375,0.0
2008-11-24T12:00:00Z,27.875,-15.625,NaN
2008-11-24T12:00:00Z,27.875,-15.575,NaN
2008-11-24T12:00:00Z,27.875,-15.525,NaN
2008-11-24T12:00:00Z,27.875,-15.475,NaN
2008-11-24T12:00:00Z,27.875,-15.425,NaN
2008-11-24T12:00:00Z,27.875,-15.375,0.0
2008-11-24T12:00:00Z,27.825,-15.625,NaN
2008-11-24T12:00:00Z,27.825,-15.575,NaN
2008-11-24T12:00:00Z,27.825,-15.525,NaN
2008-11-24T12:00:00Z,27.825,-15.475,NaN
2008-11-24T12:00:00Z,27.825,-15.425,0.0
2008-11-24T12:00:00Z,27.825,-15.375,0.0
2008-12-24T12:00:00Z,28.175,-15.625,0.0
2008-12-24T12:00:00Z,28.175,-15.575,0.0
2008-12-24T12:00:00Z,28.175,-15.525,0.0
2008-12-24T12:00:00Z,28.175,-15.475,0.0
2008-12-24T12:00:00Z,28.175,-15.425,0.0
2008-12-24T12:00:00Z,28.175,-15.375,0.0
2008-12-24T12:00:00Z,28.125,-15.625,0.0
2008-12-24T12:00:00Z,28.125,-15.575,0.0
2008-12-24T12:00:00Z,28.125,-15.525,0.0
2008-12-24T12:00:00Z,28.125,-15.475,0.0
2008-12-24T12:00:00Z,28.125,-15.425,0.0
2008-12-24T12:00:00Z,28.125,-15.375,0.0
2008-12-24T12:00:00Z,28.075,-15.625,NaN
2008-12-24T12:00:00Z,28.075,-15.575,NaN
2008-12-24T12:00:00Z,28.075,-15.525,NaN
2008-12-24T12:00:00Z,28.075,-15.475,0.0
2008-12-24T12:00:00Z,28.075,-15.425,0.0
2008-12-24T12:00:00Z,28.075,-15.375,0.0
2008-12-24T12:00:00Z,28.025,-15.625,NaN
2008-12-24T12:00:00Z,28.025,-15.575,NaN
2008-12-24T12:00:00Z,28.025,-15.525,NaN
2008-12-24T12:00:00Z,28.025,-15.475,NaN
2008-12-24T12:00:00Z,28.025,-15.425,0.0
2008-12-24T12:00:00Z,28.025,-15.375,0.0
2008-12-24T12:00:00Z,27.975,-15.625,NaN
2008-12-24T12:00:00Z,27.975,-15.575,NaN
2008-12-24T12:00:00Z,27.975,-15.525,NaN
2008-12-24T12:00:00Z,27.975,-15.475,NaN
2008-12-24T12:00:00Z,27.975,-15.425,NaN
2008-12-24T12:00:00Z,27.975,-15.375,0.0
2008-12-24T12:00:00Z,27.925,-15.625,NaN
2008-12-24T12:00:00Z,27.925,-15.575,NaN
2008-12-24T12:00:00Z,27.925,-15.525,NaN
2008-12-24T12:00:00Z,27.925,-15.475,NaN
2008-12-24T12:00:00Z,27.925,-15.425,NaN
2008-12-24T12:00:00Z,27.925,-15.375,0.0
2008-12-24T12:00:00Z,27.875,-15.625,NaN
2008-12-24T12:00:00Z,27.875,-15.575,NaN
2008-12-24T12:00:00Z,27.875,-15.525,NaN
2008-12-24T12:00:00Z,27.875,-15.475,NaN
2008-12-24T12:00:00Z,27.875,-15.425,NaN
2008-12-24T12:00:00Z,27.875,-15.375,0.0
2008-12-24T12:00:00Z,27.825,-15.625,NaN
2008-12-24T12:00:00Z,27.825,-15.575,NaN
2008-12-24T12:00:00Z,27.825,-15.525,NaN
2008-12-24T12:00:00Z,27.825,-15.475,NaN
2008-12-24T12:00:00Z,27.825,-15.425,0.0
2008-12-24T12:00:00Z,27.825,-15.375,0.0
2009-01-23T12:00:00Z,28.175,-15.625,0.0
2009-01-23T12:00:00Z,28.175,-15.575,0.0
2009-01-23T12:00:00Z,28.175,-15.525,0.0
2009-01-23T12:00:00Z,28.175,-15.475,0.0
2009-01-23T12:00:00Z,28.175,-15.425,0.0
2009-01-23T12:00:00Z,28.175,-15.375,0.0
2009-01-23T12:00:00Z,28.125,-15.625,0.0
2009-01-23T12:00:00Z,28.125,-15.575,0.0
2009-01-23T12:00:00Z,28.125,-15.525,0.0
2009-01-23T12:00:00Z,28.125,-15.475,0.0
2009-01-23T12:00:00Z,28.125,-15.425,0.0
2009-01-23T12:00:00Z,28.125,-15.375,0.0
2009-01-23T12:00:00Z,28.075,-15.625,NaN
2009-01-23T12:00:00Z,28.075,-15.575,NaN
2009-01-23T12:00:00Z,28.075,-15.525,NaN
2009-01-23T12:00:00Z,28.075,-15.475,0.0
2009-01-23T12:00:00Z,28.075,-15.425,0.0
2009-01-23T12:00:00Z,28.075,-15.375,0.0
2009-01-23T12:00:00Z,28.025,-15.625,NaN
2009-01-23T12:00:00Z,28.025,-15.575,NaN
2009-01-23T12:00:00Z,28.025,-15.525,NaN
2009-01-23T12:00:00Z,28.025,-15.475,NaN
2009-01-23T12:00:00Z,28.025,-15.425,0.0
2009-01-23T12:00:00Z,28.025,-15.375,0.0
2009-01-23T12:00:00Z,27.975,-15.625,NaN
2009-01-23T12:00:00Z,27.975,-15.575,NaN
2009-01-23T12:00:00Z,27.975,-15.525,NaN
2009-01-23T12:00:00Z,27.975,-15.475,NaN
2009-01-23T12:00:00Z,27.975,-15.425,NaN
2009-01-23T12:00:00Z,27.975,-15.375,0.0
2009-01-23T12:00:00Z,27.925,-15.625,NaN
2009-01-23T12:00:00Z,27.925,-15.575,NaN
2009-01-23T12:00:00Z,27.925,-15.525,NaN
2009-01-23T12:00:00Z,27.925,-15.475,NaN
2009-01-23T12:00:00Z,27.925,-15.425,NaN
2009-01-23T12:00:00Z,27.925,-15.375,0.0
2009-01-23T12:00:00Z,27.875,-15.625,NaN
2009-01-23T12:00:00Z,27.875,-15.575,NaN
2009-01-23T12:00:00Z,27.875,-15.525,NaN
2009-01-23T12:00:00Z,27.875,-15.475,NaN
2009-01-23T12:00:00Z,27.875,-15.425,NaN
2009-01-23T12:00:00Z,27.875,-15.375,0.0
2009-01-23T12:00:00Z,27.825,-15.625,NaN
2009-01-23T12:00:00Z,27.825,-15.575,NaN
2009-01-23T12:00:00Z,27.825,-15.525,NaN
2009-01-23T12:00:00Z,27.825,-15.475,NaN
2009-01-23T12:00:00Z,27.825,-15.425,0.0
2009-01-23T12:00:00Z,27.825,-15.375,0.0
2009-02-22T12:00:00Z,28.175,-15.625,0.0
2009-02-22T12:00:00Z,28.175,-15.575,0.0
2009-02-22T12:00:00Z,28.175,-15.525,0.0
2009-02-22T12:00:00Z,28.175,-15.475,0.0
2009-02-22T12:00:00Z,28.175,-15.425,0.0
2009-02-22T12:00:00Z,28.175,-15.375,0.0
2009-02-22T12:00:00Z,28.125,-15.625,0.0
2009-02-22T12:00:00Z,28.125,-15.575,0.0
2009-02-22T12:00:00Z,28.125,-15.525,0.0
2009-02-22T12:00:00Z,28.125,-15.475,0.0
2009-02-22T12:00:00Z,28.125,-15.425,0.0
2009-02-22T12:00:00Z,28.125,-15.375,0.0
2009-02-22T12:00:00Z,28.075,-15.625,NaN
2009-02-22T12:00:00Z,28.075,-15.575,NaN
2009-02-22T12:00:00Z,28.075,-15.525,NaN
2009-02-22T12:00:00Z,28.075,-15.475,0.0
2009-02-22T12:00:00Z,28.075,-15.425,0.0
2009-02-22T12:00:00Z,28.075,-15.375,0.0
2009-02-22T12:00:00Z,28.025,-15.625,NaN
2009-02-22T12:00:00Z,28.025,-15.575,NaN
2009-02-22T12:00:00Z,28.025,-15.525,NaN
2009-02-22T12:00:00Z,28.025,-15.475,NaN
2009-02-22T12:00:00Z,28.025,-15.425,0.0
2009-02-22T12:00:00Z,28.025,-15.375,0.0
2009-02-22T12:00:00Z,27.975,-15.625,NaN
2009-02-22T12:00:00Z,27.975,-15.575,NaN
2009-02-22T12:00:00Z,27.975,-15.525,NaN
2009-02-22T12:00:00Z,27.975,-15.475,NaN
2009-02-22T12:00:00Z,27.975,-15.425,NaN
2009-02-22T12:00:00Z,27.975,-15.375,0.0
2009-02-22T12:00:00Z,27.925,-15.625,NaN
2009-02-22T12:00:00Z,27.925,-15.575,NaN
2009-02-22T12:00:00Z,27.925,-15.525,NaN
2009-02-22T12:00:00Z,27.925,-15.475,NaN
2009-02-22T12:00:00Z,27.925,-15.425,NaN
2009-02-22T12:00:00Z,27.925,-15.375,0.0
2009-02-22T12:00:00Z,27.875,-15.625,NaN
2009-02-22T12:00:00Z,27.875,-15.575,NaN
2009-02-22T12:00:00Z,27.875,-15.525,NaN
2009-02-22T12:00:00Z,27.875,-15.475,NaN
2009-02-22T12:00:00Z,27.875,-15.425,NaN
2009-02-22T12:00:00Z,27.875,-15.375,0.0
2009-02-22T12:00:00Z,27.825,-15.625,NaN
2009-02-22T12:00:00Z,27.825,-15.575,NaN
2009-02-22T12:00:00Z,27.825,-15.525,NaN
2009-02-22T12:00:00Z,27.825,-15.475,NaN
2009-02-22T12:00:00Z,27.825,-15.425,0.0
2009-02-22T12:00:00Z,27.825,-15.375,0.0
2009-03-24T12:00:00Z,28.175,-15.625,0.0
2009-03-24T12:00:00Z,28.175,-15.575,0.0
2009-03-24T12:00:00Z,28.175,-15.525,0.0
2009-03-24T12:00:00Z,28.175,-15.475,0.0
2009-03-24T12:00:00Z,28.175,-15.425,0.0
2009-03-24T12:00:00Z,28.175,-15.375,0.0
2009-03-24T12:00:00Z,28.125,-15.625,0.0
2009-03-24T12:00:00Z,28.125,-15.575,0.0
2009-03-24T12:00:00Z,28.125,-15.525,0.0
2009-03-24T12:00:00Z,28.125,-15.475,0.0
2009-03-24T12:00:00Z,28.125,-15.425,0.0
2009-03-24T12:00:00Z,28.125,-15.375,0.0
2009-03-24T12:00:00Z,28.075,-15.625,NaN
2009-03-24T12:00:00Z,28.075,-15.575,NaN
2009-03-24T12:00:00Z,28.075,-15.525,NaN
2009-03-24T12:00:00Z,28.075,-15.475,0.0
2009-03-24T12:00:00Z,28.075,-15.425,0.0
2009-03-24T12:00:00Z,28.075,-15.375,0.0
2009-03-24T12:00:00Z,28.025,-15.625,NaN
2009-03-24T12:00:00Z,28.025,-15.575,NaN
2009-03-24T12:00:00Z,28.025,-15.525,NaN
2009-03-24T12:00:00Z,28.025,-15.475,NaN
2009-03-24T12:00:00Z,28.025,-15.425,0.0
2009-03-24T12:00:00Z,28.025,-15.375,0.0
2009-03-24T12:00:00Z,27.975,-15.625,NaN
2009-03-24T12:00:00Z,27.975,-15.575,NaN
2009-03-24T12:00:00Z,27.975,-15.525,NaN
2009-03-24T12:00:00Z,27.975,-15.475,NaN
2009-03-24T12:00:00Z,27.975,-15.425,NaN
2009-03-24T12:00:00Z,27.975,-15.375,0.0
2009-03-24T12:00:00Z,27.925,-15.625,NaN
2009-03-24T12:00:00Z,27.925,-15.575,NaN
2009-03-24T12:00:00Z,27.925,-15.525,NaN
2009-03-24T12:00:00Z,27.925,-15.475,NaN
2009-03-24T12:00:00Z,27.925,-15.425,NaN
2009-03-24T12:00:00Z,27.925,-15.375,0.0
2009-03-24T12:00:00Z,27.875,-15.625,NaN
2009-03-24T12:00:00Z,27.875,-15.575,NaN
2009-03-24T12:00:00Z,27.875,-15.525,NaN
2009-03-24T12:00:00Z,27.875,-15.475,NaN
2009-03-24T12:00:00Z,27.875,-15.425,NaN
2009-03-24T12:00:00Z,27.875,-15.375,0.0
2009-03-24T12:00:00Z,27.825,-15.625,NaN
2009-03-24T12:00:00Z,27.825,-15.575,NaN
2009-03-24T12:00:00Z,27.825,-15.525,NaN
2009-03-24T12:00:00Z,27.825,-15.475,NaN
2009-03-24T12:00:00Z,27.825,-15.425,0.0
2009-03-24T12:00:00Z,27.825,-15.375,0.0
2009-04-23T12:00:00Z,28.175,-15.625,0.0
2009-04-23T12:00:00Z,28.175,-15.575,0.0
2009-04-23T12:00:00Z,28.175,-15.525,0.0
2009-04-23T12:00:00Z,28.175,-15.475,0.0
2009-04-23T12:00:00Z,28.175,-15.425,0.0
2009-04-23T12:00:00Z,28.175,-15.375,0.0
2009-04-23T12:00:00Z,28.125,-15.625,0.0
2009-04-23T12:00:00Z,28.125,-15.575,0.0
2009-04-23T12:00:00Z,28.125,-15.525,0.0
2009-04-23T12:00:00Z,28.125,-15.475,0.0
2009-04-23T12:00:00Z,28.125,-15.425,0.0
2009-04-23T12:00:00Z,28.125,-15.375,0.0
2009-04-23T12:00:00Z,28.075,-15.625,NaN
2009-04-23T12:00:00Z,28.075,-15.575,NaN
2009-04-23T12:00:00Z,28.075,-15.525,NaN
2009-04-23T12:00:00Z,28.075,-15.475,0.0
2009-04-23T12:00:00Z,28.075,-15.425,0.0
2009-04-23T12:00:00Z,28.075,-15.375,0.0
2009-04-23T12:00:00Z,28.025,-15.625,NaN
2009-04-23T12:00:00Z,28.025,-15.575,NaN
2009-04-23T12:00:00Z,28.025,-15.525,NaN
2009-04-23T12:00:00Z,28.025,-15.475,NaN
2009-04-23T12:00:00Z,28.025,-15.425,0.0
2009-04-23T12:00:00Z,28.025,-15.375,0.0
2009-04-23T12:00:00Z,27.975,-15.625,NaN
2009-04-23T12:00:00Z,27.975,-15.575,NaN
2009-04-23T12:00:00Z,27.975,-15.525,NaN
2009-04-23T12:00:00Z,27.975,-15.475,NaN
2009-04-23T12:00:00Z,27.975,-15.425,NaN
2009-04-23T12:00:00Z,27.975,-15.375,0.0
2009-04-23T12:00:00Z,27.925,-15.625,NaN
2009-04-23T12:00:00Z,27.925,-15.575,NaN
2009-04-23T12:00:00Z,27.925,-15.525,NaN
2009-04-23T12:00:00Z,27.925,-15.475,NaN
2009-04-23T12:00:00Z,27.925,-15.425,NaN
2009-04-23T12:00:00Z,27.925,-15.375,0.0
2009-04-23T12:00:00Z,27.875,-15.625,NaN
2009-04-23T12:00:00Z,27.875,-15.575,NaN
2009-04-23T12:00:00Z,27.875,-15.525,NaN
2009-04-23T12:00:00Z,27.875,-15.475,NaN
2009-04-23T12:00:00Z,27.875,-15.425,NaN
2009-04-23T12:00:00Z,27.875,-15.375,0.0
2009-04-23T12:00:00Z,27.825,-15.625,NaN
2009-04-23T12:00:00Z,27.825,-15.575,NaN
2009-04-23T12:00:00Z,27.825,-15.525,NaN
2009-04-23T12:00:00Z,27.825,-15.475,NaN
2009-04-23T12:00:00Z,27.825,-15.425,0.0
2009-04-23T12:00:00Z,27.825,-15.375,0.0
2009-05-23T12:00:00Z,28.175,-15.625,0.0
2009-05-23T12:00:00Z,28.175,-15.575,0.0
2009-05-23T12:00:00Z,28.175,-15.525,0.0
2009-05-23T12:00:00Z,28.175,-15.475,0.0
2009-05-23T12:00:00Z,28.175,-15.425,0.0
2009-05-23T12:00:00Z,28.175,-15.375,0.0
2009-05-23T12:00:00Z,28.125,-15.625,0.0
2009-05-23T12:00:00Z,28.125,-15.575,0.0
2009-05-23T12:00:00Z,28.125,-15.525,0.0
2009-05-23T12:00:00Z,28.125,-15.475,0.0
2009-05-23T12:00:00Z,28.125,-15.425,0.0
2009-05-23T12:00:00Z,28.125,-15.375,0.0
2009-05-23T12:00:00Z,28.075,-15.625,NaN
2009-05-23T12:00:00Z,28.075,-15.575,NaN
2009-05-23T12:00:00Z,28.075,-15.525,NaN
2009-05-23T12:00:00Z,28.075,-15.475,0.0
2009-05-23T12:00:00Z,28.075,-15.425,0.0
2009-05-23T12:00:00Z,28.075,-15.375,0.0
2009-05-23T12:00:00Z,28.025,-15.625,NaN
2009-05-23T12:00:00Z,28.025,-15.575,NaN
2009-05-23T12:00:00Z,28.025,-15.525,NaN
2009-05-23T12:00:00Z,28.025,-15.475,NaN
2009-05-23T12:00:00Z,28.025,-15.425,0.0
2009-05-23T12:00:00Z,28.025,-15.375,0.0
2009-05-23T12:00:00Z,27.975,-15.625,NaN
2009-05-23T12:00:00Z,27.975,-15.575,NaN
2009-05-23T12:00:00Z,27.975,-15.525,NaN
2009-05-23T12:00:00Z,27.975,-15.475,NaN
2009-05-23T12:00:00Z,27.975,-15.425,NaN
2009-05-23T12:00:00Z,27.975,-15.375,0.0
2009-05-23T12:00:00Z,27.925,-15.625,NaN
2009-05-23T12:00:00Z,27.925,-15.575,NaN
2009-05-23T12:00:00Z,27.925,-15.525,NaN
2009-05-23T12:00:00Z,27.925,-15.475,NaN
2009-05-23T12:00:00Z,27.925,-15.425,NaN
2009-05-23T12:00:00Z,27.925,-15.375,0.0
2009-05-23T12:00:00Z,27.875,-15.625,NaN
2009-05-23T12:00:00Z,27.875,-15.575,NaN
2009-05-23T12:00:00Z,27.875,-15.525,NaN
2009-05-23T12:00:00Z,27.875,-15.475,NaN
2009-05-23T12:00:00Z,27.875,-15.425,NaN
2009-05-23T12:00:00Z,27.875,-15.375,0.0
2009-05-23T12:00:00Z,27.825,-15.625,NaN
2009-05-23T12:00:00Z,27.825,-15.575,NaN
2009-05-23T12:00:00Z,27.825,-15.525,NaN
2009-05-23T12:00:00Z,27.825,-15.475,NaN
2009-05-23T12:00:00Z,27.825,-15.425,0.0
2009-05-23T12:00:00Z,27.825,-15.375,0.0
2009-06-22T12:00:00Z,28.175,-15.625,0.0
2009-06-22T12:00:00Z,28.175,-15.575,0.0
2009-06-22T12:00:00Z,28.175,-15.525,0.0
2009-06-22T12:00:00Z,28.175,-15.475,0.0
2009-06-22T12:00:00Z,28.175,-15.425,0.0
2009-06-22T12:00:00Z,28.175,-15.375,0.0
2009-06-22T12:00:00Z,28.125,-15.625,0.0
2009-06-22T12:00:00Z,28.125,-15.575,0.0
2009-06-22T12:00:00Z,28.125,-15.525,0.0
2009-06-22T12:00:00Z,28.125,-15.475,0.0
2009-06-22T12:00:00Z,28.125,-15.425,0.0
2009-06-22T12:00:00Z,28.125,-15.375,0.0
2009-06-22T12:00:00Z,28.075,-15.625,NaN
2009-06-22T12:00:00Z,28.075,-15.575,NaN
2009-06-22T12:00:00Z,28.075,-15.525,NaN
2009-06-22T12:00:00Z,28.075,-15.475,0.0
2009-06-22T12:00:00Z,28.075,-15.425,0.0
2009-06-22T12:00:00Z,28.075,-15.375,0.0
2009-06-22T12:00:00Z,28.025,-15.625,NaN
2009-06-22T12:00:00Z,28.025,-15.575,NaN
2009-06-22T12:00:00Z,28.025,-15.525,NaN
2009-06-22T12:00:00Z,28.025,-15.475,NaN
2009-06-22T12:00:00Z,28.025,-15.425,0.0
2009-06-22T12:00:00Z,28.025,-15.375,0.0
2009-06-22T12:00:00Z,27.975,-15.625,NaN
2009-06-22T12:00:00Z,27.975,-15.575,NaN
2009-06-22T12:00:00Z,27.975,-15.525,NaN
2009-06-22T12:00:00Z,27.975,-15.475,NaN
2009-06-22T12:00:00Z,27.975,-15.425,NaN
2009-06-22T12:00:00Z,27.975,-15.375,0.0
2009-06-22T12:00:00Z,27.925,-15.625,NaN
2009-06-22T12:00:00Z,27.925,-15.575,NaN
2009-06-22T12:00:00Z,27.925,-15.525,NaN
2009-06-22T12:00:00Z,27.925,-15.475,NaN
2009-06-22T12:00:00Z,27.925,-15.425,NaN
2009-06-22T12:00:00Z,27.925,-15.375,0.0
2009-06-22T12:00:00Z,27.875,-15.625,NaN
2009-06-22T12:00:00Z,27.875,-15.575,NaN
2009-06-22T12:00:00Z,27.875,-15.525,NaN
2009-06-22T12:00:00Z,27.875,-15.475,NaN
2009-06-22T12:00:00Z,27.875,-15.425,NaN
2009-06-22T12:00:00Z,27.875,-15.375,0.0
2009-06-22T12:00:00Z,27.825,-15.625,NaN
2009-06-22T12:00:00Z,27.825,-15.575,NaN
2009-06-22T12:00:00Z,27.825,-15.525,NaN
2009-06-22T12:00:00Z,27.825,-15.475,NaN
2009-06-22T12:00:00Z,27.825,-15.425,0.0
2009-06-22T12:00:00Z,27.825,-15.375,0.0
2009-07-22T12:00:00Z,28.175,-15.625,0.0
2009-07-22T12:00:00Z,28.175,-15.575,0.0
2009-07-22T12:00:00Z,28.175,-15.525,0.0
2009-07-22T12:00:00Z,28.175,-15.475,0.0
2009-07-22T12:00:00Z,28.175,-15.425,0.0
2009-07-22T12:00:00Z,28.175,-15.375,0.0
2009-07-22T12:00:00Z,28.125,-15.625,0.0
2009-07-22T12:00:00Z,28.125,-15.575,0.0
2009-07-22T12:00:00Z,28.125,-15.525,0.0
2009-07-22T12:00:00Z,28.125,-15.475,0.0
2009-07-22T12:00:00Z,28.125,-15.425,0.0
2009-07-22T12:00:00Z,28.125,-15.375,0.0
2009-07-22T12:00:00Z,28.075,-15.625,NaN
2009-07-22T12:00:00Z,28.075,-15.575,NaN
2009-07-22T12:00:00Z,28.075,-15.525,NaN
2009-07-22T12:00:00Z,28.075,-15.475,0.0
2009-07-22T12:00:00Z,28.075,-15.425,0.0
2009-07-22T12:00:00Z,28.075,-15.375,0.0
2009-07-22T12:00:00Z,28.025,-15.625,NaN
2009-07-22T12:00:00Z,28.025,-15.575,NaN
2009-07-22T12:00:00Z,28.025,-15.525,NaN
2009-07-22T12:00:00Z,28.025,-15.475,NaN
2009-07-22T12:00:00Z,28.025,-15.425,0.0
2009-07-22T12:00:00Z,28.025,-15.375,0.0
2009-07-22T12:00:00Z,27.975,-15.625,NaN
2009-07-22T12:00:00Z,27.975,-15.575,NaN
2009-07-22T12:00:00Z,27.975,-15.525,NaN
2009-07-22T12:00:00Z,27.975,-15.475,NaN
2009-07-22T12:00:00Z,27.975,-15.425,NaN
2009-07-22T12:00:00Z,27.975,-15.375,0.0
2009-07-22T12:00:00Z,27.925,-15.625,NaN
2009-07-22T12:00:00Z,27.925,-15.575,NaN
2009-07-22T12:00:00Z,27.925,-15.525,NaN
2009-07-22T12:00:00Z,27.925,-15.475,NaN
2009-07-22T12:00:00Z,27.925,-15.425,NaN
2009-07-22T12:00:00Z,27.925,-15.375,0.0
2009-07-22T12:00:00Z,27.875,-15.625,NaN
2009-07-22T12:00:00Z,27.875,-15.575,NaN
2009-07-22T12:00:00Z,27.875,-15.525,NaN
2009-07-22T12:00:00Z,27.875,-15.475,NaN
2009-07-22T12:00:00Z,27.875,-15.425,NaN
2009-07-22T12:00:00Z,27.875,-15.375,0.0
2009-07-22T12:00:00Z,27.825,-15.625,NaN
2009-07-22T12:00:00Z,27.825,-15.575,NaN
2009-07-22T12:00:00Z,27.825,-15.525,NaN
2009-07-22T12:00:00Z,27.825,-15.475,NaN
2009-07-22T12:00:00Z,27.825,-15.425,0.0
2009-07-22T12:00:00Z,27.825,-15.375,0.0
2009-08-21T12:00:00Z,28.175,-15.625,0.0
2009-08-21T12:00:00Z,28.175,-15.575,0.0
2009-08-21T12:00:00Z,28.175,-15.525,0.0
2009-08-21T12:00:00Z,28.175,-15.475,0.0
2009-08-21T12:00:00Z,28.175,-15.425,0.0
2009-08-21T12:00:00Z,28.175,-15.375,0.0
2009-08-21T12:00:00Z,28.125,-15.625,0.0
2009-08-21T12:00:00Z,28.125,-15.575,0.0
2009-08-21T12:00:00Z,28.125,-15.525,0.0
2009-08-21T12:00:00Z,28.125,-15.475,0.0
2009-08-21T12:00:00Z,28.125,-15.425,0.0
2009-08-21T12:00:00Z,28.125,-15.375,0.0
2009-08-21T12:00:00Z,28.075,-15.625,NaN
2009-08-21T12:00:00Z,28.075,-15.575,NaN
2009-08-21T12:00:00Z,28.075,-15.525,NaN
2009-08-21T12:00:00Z,28.075,-15.475,0.0
2009-08-21T12:00:00Z,28.075,-15.425,0.0
2009-08-21T12:00:00Z,28.075,-15.375,0.0
2009-08-21T12:00:00Z,28.025,-15.625,NaN
2009-08-21T12:00:00Z,28.025,-15.575,NaN
2009-08-21T12:00:00Z,28.025,-15.525,NaN
2009-08-21T12:00:00Z,28.025,-15.475,NaN
2009-08-21T12:00:00Z,28.025,-15.425,0.0
2009-08-21T12:00:00Z,28.025,-15.375,0.0
2009-08-21T12:00:00Z,27.975,-15.625,NaN
2009-08-21T12:00:00Z,27.975,-15.575,NaN
2009-08-21T12:00:00Z,27.975,-15.525,NaN
2009-08-21T12:00:00Z,27.975,-15.475,NaN
2009-08-21T12:00:00Z,27.975,-15.425,NaN
2009-08-21T12:00:00Z,27.975,-15.375,0.0
2009-08-21T12:00:00Z,27.925,-15.625,NaN
2009-08-21T12:00:00Z,27.925,-15.575,NaN
2009-08-21T12:00:00Z,27.925,-15.525,NaN
2009-08-21T12:00:00Z,27.925,-15.475,NaN
2009-08-21T12:00:00Z,27.925,-15.425,NaN
2009-08-21T12:00:00Z,27.925,-15.375,0.0
2009-08-21T12:00:00Z,27.875,-15.625,NaN
2009-08-21T12:00:00Z,27.875,-15.575,NaN
2009-08-21T12:00:00Z,27.875,-15.525,NaN
2009-08-21T12:00:00Z,27.875,-15.475,NaN
2009-08-21T12:00:00Z,27.875,-15.425,NaN
2009-08-21T12:00:00Z,27.875,-15.375,0.14
2009-08-21T12:00:00Z,27.825,-15.625,NaN
2009-08-21T12:00:00Z,27.825,-15.575,NaN
2009-08-21T12:00:00Z,27.825,-15.525,NaN
2009-08-21T12:00:00Z,27.825,-15.475,NaN
2009-08-21T12:00:00Z,27.825,-15.425,0.16
2009-08-21T12:00:00Z,27.825,-15.375,0.15
2009-09-20T12:00:00Z,28.175,-15.625,0.31
2009-09-20T12:00:00Z,28.175,-15.575,0.31
2009-09-20T12:00:00Z,28.175,-15.525,0.32
2009-09-20T12:00:00Z,28.175,-15.475,0.32
2009-09-20T12:00:00Z,28.175,-15.425,0.32
2009-09-20T12:00:00Z,28.175,-15.375,0.45
2009-09-20T12:00:00Z,28.125,-15.625,0.3
2009-09-20T12:00:00Z,28.125,-15.575,0.31
2009-09-20T12:00:00Z,28.125,-15.525,0.31
2009-09-20T12:00:00Z,28.125,-15.475,0.32
2009-09-20T12:00:00Z,28.125,-15.425,0.32
2009-09-20T12:00:00Z,28.125,-15.375,0.31
2009-09-20T12:00:00Z,28.075,-15.625,NaN
2009-09-20T12:00:00Z,28.075,-15.575,NaN
2009-09-20T12:00:00Z,28.075,-15.525,NaN
2009-09-20T12:00:00Z,28.075,-15.475,0.31
2009-09-20T12:00:00Z,28.075,-15.425,0.31
2009-09-20T12:00:00Z,28.075,-15.375,0.31
2009-09-20T12:00:00Z,28.025,-15.625,NaN
2009-09-20T12:00:00Z,28.025,-15.575,NaN
2009-09-20T12:00:00Z,28.025,-15.525,NaN
2009-09-20T12:00:00Z,28.025,-15.475,NaN
2009-09-20T12:00:00Z,28.025,-15.425,0.32
2009-09-20T12:00:00Z,28.025,-15.375,0.31
2009-09-20T12:00:00Z,27.975,-15.625,NaN
2009-09-20T12:00:00Z,27.975,-15.575,NaN
2009-09-20T12:00:00Z,27.975,-15.525,NaN
2009-09-20T12:00:00Z,27.975,-15.475,NaN
2009-09-20T12:00:00Z,27.975,-15.425,NaN
2009-09-20T12:00:00Z,27.975,-15.375,0.47000000000000003
2009-09-20T12:00:00Z,27.925,-15.625,NaN
2009-09-20T12:00:00Z,27.925,-15.575,NaN
2009-09-20T12:00:00Z,27.925,-15.525,NaN
2009-09-20T12:00:00Z,27.925,-15.475,NaN
2009-09-20T12:00:00Z,27.925,-15.425,NaN
2009-09-20T12:00:00Z,27.925,-15.375,0.49
2009-09-20T12:00:00Z,27.875,-15.625,NaN
2009-09-20T12:00:00Z,27.875,-15.575,NaN
2009-09-20T12:00:00Z,27.875,-15.525,NaN
2009-09-20T12:00:00Z,27.875,-15.475,NaN
2009-09-20T12:00:00Z,27.875,-15.425,NaN
2009-09-20T12:00:00Z,27.875,-15.375,0.65
2009-09-20T12:00:00Z,27.825,-15.625,NaN
2009-09-20T12:00:00Z,27.825,-15.575,NaN
2009-09-20T12:00:00Z,27.825,-15.525,NaN
2009-09-20T12:00:00Z,27.825,-15.475,NaN
2009-09-20T12:00:00Z,27.825,-15.425,0.8300000000000001
2009-09-20T12:00:00Z,27.825,-15.375,0.66
2009-10-20T12:00:00Z,28.175,-15.625,3.52
2009-10-20T12:00:00Z,28.175,-15.575,3.68
2009-10-20T12:00:00Z,28.175,-15.525,3.69
2009-10-20T12:00:00Z,28.175,-15.475,3.69
2009-10-20T12:00:00Z,28.175,-15.425,3.5500000000000003
2009-10-20T12:00:00Z,28.175,-15.375,3.7
2009-10-20T12:00:00Z,28.125,-15.625,3.15
2009-10-20T12:00:00Z,28.125,-15.575,3.47
2009-10-20T12:00:00Z,28.125,-15.525,3.48
2009-10-20T12:00:00Z,28.125,-15.475,3.5300000000000002
2009-10-20T12:00:00Z,28.125,-15.425,3.72
2009-10-20T12:00:00Z,28.125,-15.375,3.72
2009-10-20T12:00:00Z,28.075,-15.625,NaN
2009-10-20T12:00:00Z,28.075,-15.575,NaN
2009-10-20T12:00:00Z,28.075,-15.525,NaN
2009-10-20T12:00:00Z,28.075,-15.475,3.68
2009-10-20T12:00:00Z,28.075,-15.425,3.77
2009-10-20T12:00:00Z,28.075,-15.375,3.79
2009-10-20T12:00:00Z,28.025,-15.625,NaN
2009-10-20T12:00:00Z,28.025,-15.575,NaN
2009-10-20T12:00:00Z,28.025,-15.525,NaN
2009-10-20T12:00:00Z,28.025,-15.475,NaN
2009-10-20T12:00:00Z,28.025,-15.425,3.87
2009-10-20T12:00:00Z,28.025,-15.375,4.07
2009-10-20T12:00:00Z,27.975,-15.625,NaN
2009-10-20T12:00:00Z,27.975,-15.575,NaN
2009-10-20T12:00:00Z,27.975,-15.525,NaN
2009-10-20T12:00:00Z,27.975,-15.475,NaN
2009-10-20T12:00:00Z,27.975,-15.425,NaN
2009-10-20T12:00:00Z,27.975,-15.375,4.55
2009-10-20T12:00:00Z,27.925,-15.625,NaN
2009-10-20T12:00:00Z,27.925,-15.575,NaN
2009-10-20T12:00:00Z,27.925,-15.525,NaN
2009-10-20T12:00:00Z,27.925,-15.475,NaN
2009-10-20T12:00:00Z,27.925,-15.425,NaN
2009-10-20T12:00:00Z,27.925,-15.375,4.75
2009-10-20T12:00:00Z,27.875,-15.625,NaN
2009-10-20T12:00:00Z,27.875,-15.575,NaN
2009-10-20T12:00:00Z,27.875,-15.525,NaN
2009-10-20T12:00:00Z,27.875,-15.475,NaN
2009-10-20T12:00:00Z,27.875,-15.425,NaN
2009-10-20T12:00:00Z,27.875,-15.375,5.21
2009-10-20T12:00:00Z,27.825,-15.625,NaN
2009-10-20T12:00:00Z,27.825,-15.575,NaN
2009-10-20T12:00:00Z,27.825,-15.525,NaN
2009-10-20T12:00:00Z,27.825,-15.475,NaN
2009-10-20T12:00:00Z,27.825,-15.425,5.7700000000000005
2009-10-20T12:00:00Z,27.825,-15.375,5.45
2009-11-19T12:00:00Z,28.175,-15.625,4.63
2009-11-19T12:00:00Z,28.175,-15.575,4.79
2009-11-19T12:00:00Z,28.175,-15.525,4.8
2009-11-19T12:00:00Z,28.175,-15.475,4.78
2009-11-19T12:00:00Z,28.175,-15.425,4.47
2009-11-19T12:00:00Z,28.175,-15.375,4.3
2009-11-19T12:00:00Z,28.125,-15.625,4.26
2009-11-19T12:00:00Z,28.125,-15.575,4.58
2009-11-19T12:00:00Z,28.125,-15.525,4.57
2009-11-19T12:00:00Z,28.125,-15.475,4.47
2009-11-19T12:00:00Z,28.125,-15.425,4.5
2009-11-19T12:00:00Z,28.125,-15.375,4.18
2009-11-19T12:00:00Z,28.075,-15.625,NaN
2009-11-19T12:00:00Z,28.075,-15.575,NaN
2009-11-19T12:00:00Z,28.075,-15.525,NaN
2009-11-19T12:00:00Z,28.075,-15.475,4.61
2009-11-19T12:00:00Z,28.075,-15.425,4.5600000000000005
2009-11-19T12:00:00Z,28.075,-15.375,4.25
2009-11-19T12:00:00Z,28.025,-15.625,NaN
2009-11-19T12:00:00Z,28.025,-15.575,NaN
2009-11-19T12:00:00Z,28.025,-15.525,NaN
2009-11-19T12:00:00Z,28.025,-15.475,NaN
2009-11-19T12:00:00Z,28.025,-15.425,4.66
2009-11-19T12:00:00Z,28.025,-15.375,4.68
2009-11-19T12:00:00Z,27.975,-15.625,NaN
2009-11-19T12:00:00Z,27.975,-15.575,NaN
2009-11-19T12:00:00Z,27.975,-15.525,NaN
2009-11-19T12:00:00Z,27.975,-15.475,NaN
2009-11-19T12:00:00Z,27.975,-15.425,NaN
2009-11-19T12:00:00Z,27.975,-15.375,5.32
2009-11-19T12:00:00Z,27.925,-15.625,NaN
2009-11-19T12:00:00Z,27.925,-15.575,NaN
2009-11-19T12:00:00Z,27.925,-15.525,NaN
2009-11-19T12:00:00Z,27.925,-15.475,NaN
2009-11-19T12:00:00Z,27.925,-15.425,NaN
2009-11-19T12:00:00Z,27.925,-15.375,5.82
2009-11-19T12:00:00Z,27.875,-15.625,NaN
2009-11-19T12:00:00Z,27.875,-15.575,NaN
2009-11-19T12:00:00Z,27.875,-15.525,NaN
2009-11-19T12:00:00Z,27.875,-15.475,NaN
2009-11-19T12:00:00Z,27.875,-15.425,NaN
2009-11-19T12:00:00Z,27.875,-15.375,6.47
2009-11-19T12:00:00Z,27.825,-15.625,NaN
2009-11-19T12:00:00Z,27.825,-15.575,NaN
2009-11-19T12:00:00Z,27.825,-15.525,NaN
2009-11-19T12:00:00Z,27.825,-15.475,NaN
2009-11-19T12:00:00Z,27.825,-15.425,7.38
2009-11-19T12:00:00Z,27.825,-15.375,6.76
2009-12-19T12:00:00Z,28.175,-15.625,4.32
2009-12-19T12:00:00Z,28.175,-15.575,4.48
2009-12-19T12:00:00Z,28.175,-15.525,4.48
2009-12-19T12:00:00Z,28.175,-15.475,4.47
2009-12-19T12:00:00Z,28.175,-15.425,4.15
2009-12-19T12:00:00Z,28.175,-15.375,3.85
2009-12-19T12:00:00Z,28.125,-15.625,3.96
2009-12-19T12:00:00Z,28.125,-15.575,4.28
2009-12-19T12:00:00Z,28.125,-15.525,4.26
2009-12-19T12:00:00Z,28.125,-15.475,4.16
2009-12-19T12:00:00Z,28.125,-15.425,4.18
2009-12-19T12:00:00Z,28.125,-15.375,3.87
2009-12-19T12:00:00Z,28.075,-15.625,NaN
2009-12-19T12:00:00Z,28.075,-15.575,NaN
2009-12-19T12:00:00Z,28.075,-15.525,NaN
2009-12-19T12:00:00Z,28.075,-15.475,4.3
2009-12-19T12:00:00Z,28.075,-15.425,4.24
2009-12-19T12:00:00Z,28.075,-15.375,3.95
2009-12-19T12:00:00Z,28.025,-15.625,NaN
2009-12-19T12:00:00Z,28.025,-15.575,NaN
2009-12-19T12:00:00Z,28.025,-15.525,NaN
2009-12-19T12:00:00Z,28.025,-15.475,NaN
2009-12-19T12:00:00Z,28.025,-15.425,4.34
2009-12-19T12:00:00Z,28.025,-15.375,4.37
2009-12-19T12:00:00Z,27.975,-15.625,NaN
2009-12-19T12:00:00Z,27.975,-15.575,NaN
2009-12-19T12:00:00Z,27.975,-15.525,NaN
2009-12-19T12:00:00Z,27.975,-15.475,NaN
2009-12-19T12:00:00Z,27.975,-15.425,NaN
2009-12-19T12:00:00Z,27.975,-15.375,4.8500000000000005
2009-12-19T12:00:00Z,27.925,-15.625,NaN
2009-12-19T12:00:00Z,27.925,-15.575,NaN
2009-12-19T12:00:00Z,27.925,-15.525,NaN
2009-12-19T12:00:00Z,27.925,-15.475,NaN
2009-12-19T12:00:00Z,27.925,-15.425,NaN
2009-12-19T12:00:00Z,27.925,-15.375,5.33
2009-12-19T12:00:00Z,27.875,-15.625,NaN
2009-12-19T12:00:00Z,27.875,-15.575,NaN
2009-12-19T12:00:00Z,27.875,-15.525,NaN
2009-12-19T12:00:00Z,27.875,-15.475,NaN
2009-12-19T12:00:00Z,27.875,-15.425,NaN
2009-12-19T12:00:00Z,27.875,-15.375,5.96
2009-12-19T12:00:00Z,27.825,-15.625,NaN
2009-12-19T12:00:00Z,27.825,-15.575,NaN
2009-12-19T12:00:00Z,27.825,-15.525,NaN
2009-12-19T12:00:00Z,27.825,-15.475,NaN
2009-12-19T12:00:00Z,27.825,-15.425,6.57
2009-12-19T12:00:00Z,27.825,-15.375,6.24
2010-01-18T12:00:00Z,28.175,-15.625,0.48
2010-01-18T12:00:00Z,28.175,-15.575,0.48
2010-01-18T12:00:00Z,28.175,-15.525,0.46
2010-01-18T12:00:00Z,28.175,-15.475,0.46
2010-01-18T12:00:00Z,28.175,-15.425,0.45
2010-01-18T12:00:00Z,28.175,-15.375,0.3
2010-01-18T12:00:00Z,28.125,-15.625,0.47000000000000003
2010-01-18T12:00:00Z,28.125,-15.575,0.47000000000000003
2010-01-18T12:00:00Z,28.125,-15.525,0.45
2010-01-18T12:00:00Z,28.125,-15.475,0.31
2010-01-18T12:00:00Z,28.125,-15.425,0.3
2010-01-18T12:00:00Z,28.125,-15.375,0.15
2010-01-18T12:00:00Z,28.075,-15.625,NaN
2010-01-18T12:00:00Z,28.075,-15.575,NaN
2010-01-18T12:00:00Z,28.075,-15.525,NaN
2010-01-18T12:00:00Z,28.075,-15.475,0.3
2010-01-18T12:00:00Z,28.075,-15.425,0.3
2010-01-18T12:00:00Z,28.075,-15.375,0.15
2010-01-18T12:00:00Z,28.025,-15.625,NaN
2010-01-18T12:00:00Z,28.025,-15.575,NaN
2010-01-18T12:00:00Z,28.025,-15.525,NaN
2010-01-18T12:00:00Z,28.025,-15.475,NaN
2010-01-18T12:00:00Z,28.025,-15.425,0.3
2010-01-18T12:00:00Z,28.025,-15.375,0.15
2010-01-18T12:00:00Z,27.975,-15.625,NaN
2010-01-18T12:00:00Z,27.975,-15.575,NaN
2010-01-18T12:00:00Z,27.975,-15.525,NaN
2010-01-18T12:00:00Z,27.975,-15.475,NaN
2010-01-18T12:00:00Z,27.975,-15.425,NaN
2010-01-18T12:00:00Z,27.975,-15.375,0.3
2010-01-18T12:00:00Z,27.925,-15.625,NaN
2010-01-18T12:00:00Z,27.925,-15.575,NaN
2010-01-18T12:00:00Z,27.925,-15.525,NaN
2010-01-18T12:00:00Z,27.925,-15.475,NaN
2010-01-18T12:00:00Z,27.925,-15.425,NaN
2010-01-18T12:00:00Z,27.925,-15.375,0.6
2010-01-18T12:00:00Z,27.875,-15.625,NaN
2010-01-18T12:00:00Z,27.875,-15.575,NaN
2010-01-18T12:00:00Z,27.875,-15.525,NaN
2010-01-18T12:00:00Z,27.875,-15.475,NaN
2010-01-18T12:00:00Z,27.875,-15.425,NaN
2010-01-18T12:00:00Z,27.875,-15.375,1.07
2010-01-18T12:00:00Z,27.825,-15.625,NaN
2010-01-18T12:00:00Z,27.825,-15.575,NaN
2010-01-18T12:00:00Z,27.825,-15.525,NaN
2010-01-18T12:00:00Z,27.825,-15.475,NaN
2010-01-18T12:00:00Z,27.825,-15.425,1.28
2010-01-18T12:00:00Z,27.825,-15.375,1.12
2010-02-17T12:00:00Z,28.175,-15.625,0.0
2010-02-17T12:00:00Z,28.175,-15.575,0.0
2010-02-17T12:00:00Z,28.175,-15.525,0.0
2010-02-17T12:00:00Z,28.175,-15.475,0.0
2010-02-17T12:00:00Z,28.175,-15.425,0.0
2010-02-17T12:00:00Z,28.175,-15.375,0.0
2010-02-17T12:00:00Z,28.125,-15.625,0.0
2010-02-17T12:00:00Z,28.125,-15.575,0.0
2010-02-17T12:00:00Z,28.125,-15.525,0.0
2010-02-17T12:00:00Z,28.125,-15.475,0.0
2010-02-17T12:00:00Z,28.125,-15.425,0.0
2010-02-17T12:00:00Z,28.125,-15.375,0.0
2010-02-17T12:00:00Z,28.075,-15.625,NaN
2010-02-17T12:00:00Z,28.075,-15.575,NaN
2010-02-17T12:00:00Z,28.075,-15.525,NaN
2010-02-17T12:00:00Z,28.075,-15.475,0.0
2010-02-17T12:00:00Z,28.075,-15.425,0.0
2010-02-17T12:00:00Z,28.075,-15.375,0.0
2010-02-17T12:00:00Z,28.025,-15.625,NaN
2010-02-17T12:00:00Z,28.025,-15.575,NaN
2010-02-17T12:00:00Z,28.025,-15.525,NaN
2010-02-17T12:00:00Z,28.025,-15.475,NaN
2010-02-17T12:00:00Z,28.025,-15.425,0.0
2010-02-17T12:00:00Z,28.025,-15.375,0.0
2010-02-17T12:00:00Z,27.975,-15.625,NaN
2010-02-17T12:00:00Z,27.975,-15.575,NaN
2010-02-17T12:00:00Z,27.975,-15.525,NaN
2010-02-17T12:00:00Z,27.975,-15.475,NaN
2010-02-17T12:00:00Z,27.975,-15.425,NaN
2010-02-17T12:00:00Z,27.975,-15.375,0.0
2010-02-17T12:00:00Z,27.925,-15.625,NaN
2010-02-17T12:00:00Z,27.925,-15.575,NaN
2010-02-17T12:00:00Z,27.925,-15.525,NaN
2010-02-17T12:00:00Z,27.925,-15.475,NaN
2010-02-17T12:00:00Z,27.925,-15.425,NaN
2010-02-17T12:00:00Z,27.925,-15.375,0.0
2010-02-17T12:00:00Z,27.875,-15.625,NaN
2010-02-17T12:00:00Z,27.875,-15.575,NaN
2010-02-17T12:00:00Z,27.875,-15.525,NaN
2010-02-17T12:00:00Z,27.875,-15.475,NaN
2010-02-17T12:00:00Z,27.875,-15.425,NaN
2010-02-17T12:00:00Z,27.875,-15.375,0.0
2010-02-17T12:00:00Z,27.825,-15.625,NaN
2010-02-17T12:00:00Z,27.825,-15.575,NaN
2010-02-17T12:00:00Z,27.825,-15.525,NaN
2010-02-17T12:00:00Z,27.825,-15.475,NaN
2010-02-17T12:00:00Z,27.825,-15.425,0.0
2010-02-17T12:00:00Z,27.825,-15.375,0.0
2010-03-19T12:00:00Z,28.175,-15.625,0.0
2010-03-19T12:00:00Z,28.175,-15.575,0.0
2010-03-19T12:00:00Z,28.175,-15.525,0.0
2010-03-19T12:00:00Z,28.175,-15.475,0.0
2010-03-19T12:00:00Z,28.175,-15.425,0.0
2010-03-19T12:00:00Z,28.175,-15.375,0.0
2010-03-19T12:00:00Z,28.125,-15.625,0.0
2010-03-19T12:00:00Z,28.125,-15.575,0.0
2010-03-19T12:00:00Z,28.125,-15.525,0.0
2010-03-19T12:00:00Z,28.125,-15.475,0.0
2010-03-19T12:00:00Z,28.125,-15.425,0.0
2010-03-19T12:00:00Z,28.125,-15.375,0.0
2010-03-19T12:00:00Z,28.075,-15.625,NaN
2010-03-19T12:00:00Z,28.075,-15.575,NaN
2010-03-19T12:00:00Z,28.075,-15.525,NaN
2010-03-19T12:00:00Z,28.075,-15.475,0.0
2010-03-19T12:00:00Z,28.075,-15.425,0.0
2010-03-19T12:00:00Z,28.075,-15.375,0.0
2010-03-19T12:00:00Z,28.025,-15.625,NaN
2010-03-19T12:00:00Z,28.025,-15.575,NaN
2010-03-19T12:00:00Z,28.025,-15.525,NaN
2010-03-19T12:00:00Z,28.025,-15.475,NaN
2010-03-19T12:00:00Z,28.025,-15.425,0.0
2010-03-19T12:00:00Z,28.025,-15.375,0.0
2010-03-19T12:00:00Z,27.975,-15.625,NaN
2010-03-19T12:00:00Z,27.975,-15.575,NaN
2010-03-19T12:00:00Z,27.975,-15.525,NaN
2010-03-19T12:00:00Z,27.975,-15.475,NaN
2010-03-19T12:00:00Z,27.975,-15.425,NaN
2010-03-19T12:00:00Z,27.975,-15.375,0.0
2010-03-19T12:00:00Z,27.925,-15.625,NaN
2010-03-19T12:00:00Z,27.925,-15.575,NaN
2010-03-19T12:00:00Z,27.925,-15.525,NaN
2010-03-19T12:00:00Z,27.925,-15.475,NaN
2010-03-19T12:00:00Z,27.925,-15.425,NaN
2010-03-19T12:00:00Z,27.925,-15.375,0.0
2010-03-19T12:00:00Z,27.875,-15.625,NaN
2010-03-19T12:00:00Z,27.875,-15.575,NaN
2010-03-19T12:00:00Z,27.875,-15.525,NaN
2010-03-19T12:00:00Z,27.875,-15.475,NaN
2010-03-19T12:00:00Z,27.875,-15.425,NaN
2010-03-19T12:00:00Z,27.875,-15.375,0.0
2010-03-19T12:00:00Z,27.825,-15.625,NaN
2010-03-19T12:00:00Z,27.825,-15.575,NaN
2010-03-19T12:00:00Z,27.825,-15.525,NaN
2010-03-19T12:00:00Z,27.825,-15.475,NaN
2010-03-19T12:00:00Z,27.825,-15.425,0.0
2010-03-19T12:00:00Z,27.825,-15.375,0.0
2010-04-18T12:00:00Z,28.175,-15.625,0.0
2010-04-18T12:00:00Z,28.175,-15.575,0.0
2010-04-18T12:00:00Z,28.175,-15.525,0.0
2010-04-18T12:00:00Z,28.175,-15.475,0.0
2010-04-18T12:00:00Z,28.175,-15.425,0.0
2010-04-18T12:00:00Z,28.175,-15.375,0.0
2010-04-18T12:00:00Z,28.125,-15.625,0.0
2010-04-18T12:00:00Z,28.125,-15.575,0.0
2010-04-18T12:00:00Z,28.125,-15.525,0.0
2010-04-18T12:00:00Z,28.125,-15.475,0.0
2010-04-18T12:00:00Z,28.125,-15.425,0.0
2010-04-18T12:00:00Z,28.125,-15.375,0.0
2010-04-18T12:00:00Z,28.075,-15.625,NaN
2010-04-18T12:00:00Z,28.075,-15.575,NaN
2010-04-18T12:00:00Z,28.075,-15.525,NaN
2010-04-18T12:00:00Z,28.075,-15.475,0.0
2010-04-18T12:00:00Z,28.075,-15.425,0.0
2010-04-18T12:00:00Z,28.075,-15.375,0.0
2010-04-18T12:00:00Z,28.025,-15.625,NaN
2010-04-18T12:00:00Z,28.025,-15.575,NaN
2010-04-18T12:00:00Z,28.025,-15.525,NaN
2010-04-18T12:00:00Z,28.025,-15.475,NaN
2010-04-18T12:00:00Z,28.025,-15.425,0.0
2010-04-18T12:00:00Z,28.025,-15.375,0.0
2010-04-18T12:00:00Z,27.975,-15.625,NaN
2010-04-18T12:00:00Z,27.975,-15.575,NaN
2010-04-18T12:00:00Z,27.975,-15.525,NaN
2010-04-18T12:00:00Z,27.975,-15.475,NaN
2010-04-18T12:00:00Z,27.975,-15.425,NaN
2010-04-18T12:00:00Z,27.975,-15.375,0.0
2010-04-18T12:00:00Z,27.925,-15.625,NaN
2010-04-18T12:00:00Z,27.925,-15.575,NaN
2010-04-18T12:00:00Z,27.925,-15.525,NaN
2010-04-18T12:00:00Z,27.925,-15.475,NaN
2010-04-18T12:00:00Z,27.925,-15.425,NaN
2010-04-18T12:00:00Z,27.925,-15.375,0.0
2010-04-18T12:00:00Z,27.875,-15.625,NaN
2010-04-18T12:00:00Z,27.875,-15.575,NaN
2010-04-18T12:00:00Z,27.875,-15.525,NaN
2010-04-18T12:00:00Z,27.875,-15.475,NaN
2010-04-18T12:00:00Z,27.875,-15.425,NaN
2010-04-18T12:00:00Z,27.875,-15.375,0.0
2010-04-18T12:00:00Z,27.825,-15.625,NaN
2010-04-18T12:00:00Z,27.825,-15.575,NaN
2010-04-18T12:00:00Z,27.825,-15.525,NaN
2010-04-18T12:00:00Z,27.825,-15.475,NaN
2010-04-18T12:00:00Z,27.825,-15.425,0.0
2010-04-18T12:00:00Z,27.825,-15.375,0.0
2010-05-18T12:00:00Z,28.175,-15.625,0.0
2010-05-18T12:00:00Z,28.175,-15.575,0.0
2010-05-18T12:00:00Z,28.175,-15.525,0.0
2010-05-18T12:00:00Z,28.175,-15.475,0.0
2010-05-18T12:00:00Z,28.175,-15.425,0.0
2010-05-18T12:00:00Z,28.175,-15.375,0.0
2010-05-18T12:00:00Z,28.125,-15.625,0.0
2010-05-18T12:00:00Z,28.125,-15.575,0.0
2010-05-18T12:00:00Z,28.125,-15.525,0.0
2010-05-18T12:00:00Z,28.125,-15.475,0.0
2010-05-18T12:00:00Z,28.125,-15.425,0.0
2010-05-18T12:00:00Z,28.125,-15.375,0.0
2010-05-18T12:00:00Z,28.075,-15.625,NaN
2010-05-18T12:00:00Z,28.075,-15.575,NaN
2010-05-18T12:00:00Z,28.075,-15.525,NaN
2010-05-18T12:00:00Z,28.075,-15.475,0.0
2010-05-18T12:00:00Z,28.075,-15.425,0.0
2010-05-18T12:00:00Z,28.075,-15.375,0.0
2010-05-18T12:00:00Z,28.025,-15.625,NaN
2010-05-18T12:00:00Z,28.025,-15.575,NaN
2010-05-18T12:00:00Z,28.025,-15.525,NaN
2010-05-18T12:00:00Z,28.025,-15.475,NaN
2010-05-18T12:00:00Z,28.025,-15.425,0.0
2010-05-18T12:00:00Z,28.025,-15.375,0.0
2010-05-18T12:00:00Z,27.975,-15.625,NaN
2010-05-18T12:00:00Z,27.975,-15.575,NaN
2010-05-18T12:00:00Z,27.975,-15.525,NaN
2010-05-18T12:00:00Z,27.975,-15.475,NaN
2010-05-18T12:00:00Z,27.975,-15.425,NaN
2010-05-18T12:00:00Z,27.975,-15.375,0.0
2010-05-18T12:00:00Z,27.925,-15.625,NaN
2010-05-18T12:00:00Z,27.925,-15.575,NaN
2010-05-18T12:00:00Z,27.925,-15.525,NaN
2010-05-18T12:00:00Z,27.925,-15.475,NaN
2010-05-18T12:00:00Z,27.925,-15.425,NaN
2010-05-18T12:00:00Z,27.925,-15.375,0.0
2010-05-18T12:00:00Z,27.875,-15.625,NaN
2010-05-18T12:00:00Z,27.875,-15.575,NaN
2010-05-18T12:00:00Z,27.875,-15.525,NaN
2010-05-18T12:00:00Z,27.875,-15.475,NaN
2010-05-18T12:00:00Z,27.875,-15.425,NaN
2010-05-18T12:00:00Z,27.875,-15.375,0.0
2010-05-18T12:00:00Z,27.825,-15.625,NaN
2010-05-18T12:00:00Z,27.825,-15.575,NaN
2010-05-18T12:00:00Z,27.825,-15.525,NaN
2010-05-18T12:00:00Z,27.825,-15.475,NaN
2010-05-18T12:00:00Z,27.825,-15.425,0.0
2010-05-18T12:00:00Z,27.825,-15.375,0.0
2010-06-17T12:00:00Z,28.175,-15.625,0.0
2010-06-17T12:00:00Z,28.175,-15.575,0.0
2010-06-17T12:00:00Z,28.175,-15.525,0.0
2010-06-17T12:00:00Z,28.175,-15.475,0.0
2010-06-17T12:00:00Z,28.175,-15.425,0.0
2010-06-17T12:00:00Z,28.175,-15.375,0.0
2010-06-17T12:00:00Z,28.125,-15.625,0.0
2010-06-17T12:00:00Z,28.125,-15.575,0.0
2010-06-17T12:00:00Z,28.125,-15.525,0.0
2010-06-17T12:00:00Z,28.125,-15.475,0.0
2010-06-17T12:00:00Z,28.125,-15.425,0.0
2010-06-17T12:00:00Z,28.125,-15.375,0.0
2010-06-17T12:00:00Z,28.075,-15.625,NaN
2010-06-17T12:00:00Z,28.075,-15.575,NaN
2010-06-17T12:00:00Z,28.075,-15.525,NaN
2010-06-17T12:00:00Z,28.075,-15.475,0.0
2010-06-17T12:00:00Z,28.075,-15.425,0.0
2010-06-17T12:00:00Z,28.075,-15.375,0.0
2010-06-17T12:00:00Z,28.025,-15.625,NaN
2010-06-17T12:00:00Z,28.025,-15.575,NaN
2010-06-17T12:00:00Z,28.025,-15.525,NaN
2010-06-17T12:00:00Z,28.025,-15.475,NaN
2010-06-17T12:00:00Z,28.025,-15.425,0.0
2010-06-17T12:00:00Z,28.025,-15.375,0.0
2010-06-17T12:00:00Z,27.975,-15.625,NaN
2010-06-17T12:00:00Z,27.975,-15.575,NaN
2010-06-17T12:00:00Z,27.975,-15.525,NaN
2010-06-17T12:00:00Z,27.975,-15.475,NaN
2010-06-17T12:00:00Z,27.975,-15.425,NaN
2010-06-17T12:00:00Z,27.975,-15.375,0.0
2010-06-17T12:00:00Z,27.925,-15.625,NaN
2010-06-17T12:00:00Z,27.925,-15.575,NaN
2010-06-17T12:00:00Z,27.925,-15.525,NaN
2010-06-17T12:00:00Z,27.925,-15.475,NaN
2010-06-17T12:00:00Z,27.925,-15.425,NaN
2010-06-17T12:00:00Z,27.925,-15.375,0.0
2010-06-17T12:00:00Z,27.875,-15.625,NaN
2010-06-17T12:00:00Z,27.875,-15.575,NaN
2010-06-17T12:00:00Z,27.875,-15.525,NaN
2010-06-17T12:00:00Z,27.875,-15.475,NaN
2010-06-17T12:00:00Z,27.875,-15.425,NaN
2010-06-17T12:00:00Z,27.875,-15.375,0.0
2010-06-17T12:00:00Z,27.825,-15.625,NaN
2010-06-17T12:00:00Z,27.825,-15.575,NaN
2010-06-17T12:00:00Z,27.825,-15.525,NaN
2010-06-17T12:00:00Z,27.825,-15.475,NaN
2010-06-17T12:00:00Z,27.825,-15.425,0.0
2010-06-17T12:00:00Z,27.825,-15.375,0.0
2010-07-17T12:00:00Z,28.175,-15.625,0.0
2010-07-17T12:00:00Z,28.175,-15.575,0.0
2010-07-17T12:00:00Z,28.175,-15.525,0.0
2010-07-17T12:00:00Z,28.175,-15.475,0.0
2010-07-17T12:00:00Z,28.175,-15.425,0.0
2010-07-17T12:00:00Z,28.175,-15.375,0.0
2010-07-17T12:00:00Z,28.125,-15.625,0.0
2010-07-17T12:00:00Z,28.125,-15.575,0.0
2010-07-17T12:00:00Z,28.125,-15.525,0.0
2010-07-17T12:00:00Z,28.125,-15.475,0.0
2010-07-17T12:00:00Z,28.125,-15.425,0.0
2010-07-17T12:00:00Z,28.125,-15.375,0.0
2010-07-17T12:00:00Z,28.075,-15.625,NaN
2010-07-17T12:00:00Z,28.075,-15.575,NaN
2010-07-17T12:00:00Z,28.075,-15.525,NaN
2010-07-17T12:00:00Z,28.075,-15.475,0.0
2010-07-17T12:00:00Z,28.075,-15.425,0.0
2010-07-17T12:00:00Z,28.075,-15.375,0.0
2010-07-17T12:00:00Z,28.025,-15.625,NaN
2010-07-17T12:00:00Z,28.025,-15.575,NaN
2010-07-17T12:00:00Z,28.025,-15.525,NaN
2010-07-17T12:00:00Z,28.025,-15.475,NaN
2010-07-17T12:00:00Z,28.025,-15.425,0.0
2010-07-17T12:00:00Z,28.025,-15.375,0.0
2010-07-17T12:00:00Z,27.975,-15.625,NaN
2010-07-17T12:00:00Z,27.975,-15.575,NaN
2010-07-17T12:00:00Z,27.975,-15.525,NaN
2010-07-17T12:00:00Z,27.975,-15.475,NaN
2010-07-17T12:00:00Z,27.975,-15.425,NaN
2010-07-17T12:00:00Z,27.975,-15.375,0.0
2010-07-17T12:00:00Z,27.925,-15.625,NaN
2010-07-17T12:00:00Z,27.925,-15.575,NaN
2010-07-17T12:00:00Z,27.925,-15.525,NaN
2010-07-17T12:00:00Z,27.925,-15.475,NaN
2010-07-17T12:00:00Z,27.925,-15.425,NaN
2010-07-17T12:00:00Z,27.925,-15.375,0.0
2010-07-17T12:00:00Z,27.875,-15.625,NaN
2010-07-17T12:00:00Z,27.875,-15.575,NaN
2010-07-17T12:00:00Z,27.875,-15.525,NaN
2010-07-17T12:00:00Z,27.875,-15.475,NaN
2010-07-17T12:00:00Z,27.875,-15.425,NaN
2010-07-17T12:00:00Z,27.875,-15.375,0.0
2010-07-17T12:00:00Z,27.825,-15.625,NaN
2010-07-17T12:00:00Z,27.825,-15.575,NaN
2010-07-17T12:00:00Z,27.825,-15.525,NaN
2010-07-17T12:00:00Z,27.825,-15.475,NaN
2010-07-17T12:00:00Z,27.825,-15.425,0.0
2010-07-17T12:00:00Z,27.825,-15.375,0.0
2010-08-16T12:00:00Z,28.175,-15.625,0.0
2010-08-16T12:00:00Z,28.175,-15.575,0.0
2010-08-16T12:00:00Z,28.175,-15.525,0.0
2010-08-16T12:00:00Z,28.175,-15.475,0.0
2010-08-16T12:00:00Z,28.175,-15.425,0.0
2010-08-16T12:00:00Z,28.175,-15.375,0.0
2010-08-16T12:00:00Z,28.125,-15.625,0.0
2010-08-16T12:00:00Z,28.125,-15.575,0.0
2010-08-16T12:00:00Z,28.125,-15.525,0.0
2010-08-16T12:00:00Z,28.125,-15.475,0.0
2010-08-16T12:00:00Z,28.125,-15.425,0.0
2010-08-16T12:00:00Z,28.125,-15.375,0.0
2010-08-16T12:00:00Z,28.075,-15.625,NaN
2010-08-16T12:00:00Z,28.075,-15.575,NaN
2010-08-16T12:00:00Z,28.075,-15.525,NaN
2010-08-16T12:00:00Z,28.075,-15.475,0.0
2010-08-16T12:00:00Z,28.075,-15.425,0.0
2010-08-16T12:00:00Z,28.075,-15.375,0.0
2010-08-16T12:00:00Z,28.025,-15.625,NaN
2010-08-16T12:00:00Z,28.025,-15.575,NaN
2010-08-16T12:00:00Z,28.025,-15.525,NaN
2010-08-16T12:00:00Z,28.025,-15.475,NaN
2010-08-16T12:00:00Z,28.025,-15.425,0.0
2010-08-16T12:00:00Z,28.025,-15.375,0.0
2010-08-16T12:00:00Z,27.975,-15.625,NaN
2010-08-16T12:00:00Z,27.975,-15.575,NaN
2010-08-16T12:00:00Z,27.975,-15.525,NaN
2010-08-16T12:00:00Z,27.975,-15.475,NaN
2010-08-16T12:00:00Z,27.975,-15.425,NaN
2010-08-16T12:00:00Z,27.975,-15.375,0.0
2010-08-16T12:00:00Z,27.925,-15.625,NaN
2010-08-16T12:00:00Z,27.925,-15.575,NaN
2010-08-16T12:00:00Z,27.925,-15.525,NaN
2010-08-16T12:00:00Z,27.925,-15.475,NaN
2010-08-16T12:00:00Z,27.925,-15.425,NaN
2010-08-16T12:00:00Z,27.925,-15.375,0.0
2010-08-16T12:00:00Z,27.875,-15.625,NaN
2010-08-16T12:00:00Z,27.875,-15.575,NaN
2010-08-16T12:00:00Z,27.875,-15.525,NaN
2010-08-16T12:00:00Z,27.875,-15.475,NaN
2010-08-16T12:00:00Z,27.875,-15.425,NaN
2010-08-16T12:00:00Z,27.875,-15.375,0.0
2010-08-16T12:00:00Z,27.825,-15.625,NaN
2010-08-16T12:00:00Z,27.825,-15.575,NaN
2010-08-16T12:00:00Z,27.825,-15.525,NaN
2010-08-16T12:00:00Z,27.825,-15.475,NaN
2010-08-16T12:00:00Z,27.825,-15.425,0.0
2010-08-16T12:00:00Z,27.825,-15.375,0.0
2010-09-15T12:00:00Z,28.175,-15.625,0.0
2010-09-15T12:00:00Z,28.175,-15.575,0.0
2010-09-15T12:00:00Z,28.175,-15.525,0.0
2010-09-15T12:00:00Z,28.175,-15.475,0.0
2010-09-15T12:00:00Z,28.175,-15.425,0.0
2010-09-15T12:00:00Z,28.175,-15.375,0.0
2010-09-15T12:00:00Z,28.125,-15.625,0.0
2010-09-15T12:00:00Z,28.125,-15.575,0.0
2010-09-15T12:00:00Z,28.125,-15.525,0.0
2010-09-15T12:00:00Z,28.125,-15.475,0.0
2010-09-15T12:00:00Z,28.125,-15.425,0.0
2010-09-15T12:00:00Z,28.125,-15.375,0.0
2010-09-15T12:00:00Z,28.075,-15.625,NaN
2010-09-15T12:00:00Z,28.075,-15.575,NaN
2010-09-15T12:00:00Z,28.075,-15.525,NaN
2010-09-15T12:00:00Z,28.075,-15.475,0.0
2010-09-15T12:00:00Z,28.075,-15.425,0.0
2010-09-15T12:00:00Z,28.075,-15.375,0.0
2010-09-15T12:00:00Z,28.025,-15.625,NaN
2010-09-15T12:00:00Z,28.025,-15.575,NaN
2010-09-15T12:00:00Z,28.025,-15.525,NaN
2010-09-15T12:00:00Z,28.025,-15.475,NaN
2010-09-15T12:00:00Z,28.025,-15.425,0.0
2010-09-15T12:00:00Z,28.025,-15.375,0.0
2010-09-15T12:00:00Z,27.975,-15.625,NaN
2010-09-15T12:00:00Z,27.975,-15.575,NaN
2010-09-15T12:00:00Z,27.975,-15.525,NaN
2010-09-15T12:00:00Z,27.975,-15.475,NaN
2010-09-15T12:00:00Z,27.975,-15.425,NaN
2010-09-15T12:00:00Z,27.975,-15.375,0.0
2010-09-15T12:00:00Z,27.925,-15.625,NaN
2010-09-15T12:00:00Z,27.925,-15.575,NaN
2010-09-15T12:00:00Z,27.925,-15.525,NaN
2010-09-15T12:00:00Z,27.925,-15.475,NaN
2010-09-15T12:00:00Z,27.925,-15.425,NaN
2010-09-15T12:00:00Z,27.925,-15.375,0.0
2010-09-15T12:00:00Z,27.875,-15.625,NaN
2010-09-15T12:00:00Z,27.875,-15.575,NaN
2010-09-15T12:00:00Z,27.875,-15.525,NaN
2010-09-15T12:00:00Z,27.875,-15.475,NaN
2010-09-15T12:00:00Z,27.875,-15.425,NaN
2010-09-15T12:00:00Z,27.875,-15.375,0.0
2010-09-15T12:00:00Z,27.825,-15.625,NaN
2010-09-15T12:00:00Z,27.825,-15.575,NaN
2010-09-15T12:00:00Z,27.825,-15.525,NaN
2010-09-15T12:00:00Z,27.825,-15.475,NaN
2010-09-15T12:00:00Z,27.825,-15.425,0.15
2010-09-15T12:00:00Z,27.825,-15.375,0.14
2010-10-15T12:00:00Z,28.175,-15.625,0.0
2010-10-15T12:00:00Z,28.175,-15.575,0.0
2010-10-15T12:00:00Z,28.175,-15.525,0.0
2010-10-15T12:00:00Z,28.175,-15.475,0.0
2010-10-15T12:00:00Z,28.175,-15.425,0.0
2010-10-15T12:00:00Z,28.175,-15.375,0.0
2010-10-15T12:00:00Z,28.125,-15.625,0.0
2010-10-15T12:00:00Z,28.125,-15.575,0.0
2010-10-15T12:00:00Z,28.125,-15.525,0.0
2010-10-15T12:00:00Z,28.125,-15.475,0.0
2010-10-15T12:00:00Z,28.125,-15.425,0.0
2010-10-15T12:00:00Z,28.125,-15.375,0.0
2010-10-15T12:00:00Z,28.075,-15.625,NaN
2010-10-15T12:00:00Z,28.075,-15.575,NaN
2010-10-15T12:00:00Z,28.075,-15.525,NaN
2010-10-15T12:00:00Z,28.075,-15.475,0.0
2010-10-15T12:00:00Z,28.075,-15.425,0.0
2010-10-15T12:00:00Z,28.075,-15.375,0.0
2010-10-15T12:00:00Z,28.025,-15.625,NaN
2010-10-15T12:00:00Z,28.025,-15.575,NaN
2010-10-15T12:00:00Z,28.025,-15.525,NaN
2010-10-15T12:00:00Z,28.025,-15.475,NaN
2010-10-15T12:00:00Z,28.025,-15.425,0.0
2010-10-15T12:00:00Z,28.025,-15.375,0.0
2010-10-15T12:00:00Z,27.975,-15.625,NaN
2010-10-15T12:00:00Z,27.975,-15.575,NaN
2010-10-15T12:00:00Z,27.975,-15.525,NaN
2010-10-15T12:00:00Z,27.975,-15.475,NaN
2010-10-15T12:00:00Z,27.975,-15.425,NaN
2010-10-15T12:00:00Z,27.975,-15.375,0.15
2010-10-15T12:00:00Z,27.925,-15.625,NaN
2010-10-15T12:00:00Z,27.925,-15.575,NaN
2010-10-15T12:00:00Z,27.925,-15.525,NaN
2010-10-15T12:00:00Z,27.925,-15.475,NaN
2010-10-15T12:00:00Z,27.925,-15.425,NaN
2010-10-15T12:00:00Z,27.925,-15.375,0.15
2010-10-15T12:00:00Z,27.875,-15.625,NaN
2010-10-15T12:00:00Z,27.875,-15.575,NaN
2010-10-15T12:00:00Z,27.875,-15.525,NaN
2010-10-15T12:00:00Z,27.875,-15.475,NaN
2010-10-15T12:00:00Z,27.875,-15.425,NaN
2010-10-15T12:00:00Z,27.875,-15.375,0.16
2010-10-15T12:00:00Z,27.825,-15.625,NaN
2010-10-15T12:00:00Z,27.825,-15.575,NaN
2010-10-15T12:00:00Z,27.825,-15.525,NaN
2010-10-15T12:00:00Z,27.825,-15.475,NaN
2010-10-15T12:00:00Z,27.825,-15.425,0.46
2010-10-15T12:00:00Z,27.825,-15.375,0.46
2010-11-14T12:00:00Z,28.175,-15.625,0.0
2010-11-14T12:00:00Z,28.175,-15.575,0.0
2010-11-14T12:00:00Z,28.175,-15.525,0.0
2010-11-14T12:00:00Z,28.175,-15.475,0.0
2010-11-14T12:00:00Z,28.175,-15.425,0.0
2010-11-14T12:00:00Z,28.175,-15.375,0.29
2010-11-14T12:00:00Z,28.125,-15.625,0.0
2010-11-14T12:00:00Z,28.125,-15.575,0.0
2010-11-14T12:00:00Z,28.125,-15.525,0.0
2010-11-14T12:00:00Z,28.125,-15.475,0.0
2010-11-14T12:00:00Z,28.125,-15.425,0.0
2010-11-14T12:00:00Z,28.125,-15.375,0.29
2010-11-14T12:00:00Z,28.075,-15.625,NaN
2010-11-14T12:00:00Z,28.075,-15.575,NaN
2010-11-14T12:00:00Z,28.075,-15.525,NaN
2010-11-14T12:00:00Z,28.075,-15.475,0.0
2010-11-14T12:00:00Z,28.075,-15.425,0.14
2010-11-14T12:00:00Z,28.075,-15.375,0.29
2010-11-14T12:00:00Z,28.025,-15.625,NaN
2010-11-14T12:00:00Z,28.025,-15.575,NaN
2010-11-14T12:00:00Z,28.025,-15.525,NaN
2010-11-14T12:00:00Z,28.025,-15.475,NaN
2010-11-14T12:00:00Z,28.025,-15.425,0.29
2010-11-14T12:00:00Z,28.025,-15.375,0.74
2010-11-14T12:00:00Z,27.975,-15.625,NaN
2010-11-14T12:00:00Z,27.975,-15.575,NaN
2010-11-14T12:00:00Z,27.975,-15.525,NaN
2010-11-14T12:00:00Z,27.975,-15.475,NaN
2010-11-14T12:00:00Z,27.975,-15.425,NaN
2010-11-14T12:00:00Z,27.975,-15.375,0.77
2010-11-14T12:00:00Z,27.925,-15.625,NaN
2010-11-14T12:00:00Z,27.925,-15.575,NaN
2010-11-14T12:00:00Z,27.925,-15.525,NaN
2010-11-14T12:00:00Z,27.925,-15.475,NaN
2010-11-14T12:00:00Z,27.925,-15.425,NaN
2010-11-14T12:00:00Z,27.925,-15.375,1.25
2010-11-14T12:00:00Z,27.875,-15.625,NaN
2010-11-14T12:00:00Z,27.875,-15.575,NaN
2010-11-14T12:00:00Z,27.875,-15.525,NaN
2010-11-14T12:00:00Z,27.875,-15.475,NaN
2010-11-14T12:00:00Z,27.875,-15.425,NaN
2010-11-14T12:00:00Z,27.875,-15.375,1.45
2010-11-14T12:00:00Z,27.825,-15.625,NaN
2010-11-14T12:00:00Z,27.825,-15.575,NaN
2010-11-14T12:00:00Z,27.825,-15.525,NaN
2010-11-14T12:00:00Z,27.825,-15.475,NaN
2010-11-14T12:00:00Z,27.825,-15.425,1.78
2010-11-14T12:00:00Z,27.825,-15.375,1.8
2010-12-14T12:00:00Z,28.175,-15.625,0.0
2010-12-14T12:00:00Z,28.175,-15.575,0.0
2010-12-14T12:00:00Z,28.175,-15.525,0.0
2010-12-14T12:00:00Z,28.175,-15.475,0.0
2010-12-14T12:00:00Z,28.175,-15.425,0.0
2010-12-14T12:00:00Z,28.175,-15.375,0.29
2010-12-14T12:00:00Z,28.125,-15.625,0.0
2010-12-14T12:00:00Z,28.125,-15.575,0.0
2010-12-14T12:00:00Z,28.125,-15.525,0.0
2010-12-14T12:00:00Z,28.125,-15.475,0.0
2010-12-14T12:00:00Z,28.125,-15.425,0.0
2010-12-14T12:00:00Z,28.125,-15.375,0.29
2010-12-14T12:00:00Z,28.075,-15.625,NaN
2010-12-14T12:00:00Z,28.075,-15.575,NaN
2010-12-14T12:00:00Z,28.075,-15.525,NaN
2010-12-14T12:00:00Z,28.075,-15.475,0.0
2010-12-14T12:00:00Z,28.075,-15.425,0.14
2010-12-14T12:00:00Z,28.075,-15.375,0.29
2010-12-14T12:00:00Z,28.025,-15.625,NaN
2010-12-14T12:00:00Z,28.025,-15.575,NaN
2010-12-14T12:00:00Z,28.025,-15.525,NaN
2010-12-14T12:00:00Z,28.025,-15.475,NaN
2010-12-14T12:00:00Z,28.025,-15.425,0.29
2010-12-14T12:00:00Z,28.025,-15.375,0.74
2010-12-14T12:00:00Z,27.975,-15.625,NaN
2010-12-14T12:00:00Z,27.975,-15.575,NaN
2010-12-14T12:00:00Z,27.975,-15.525,NaN
2010-12-14T12:00:00Z,27.975,-15.475,NaN
2010-12-14T12:00:00Z,27.975,-15.425,NaN
2010-12-14T12:00:00Z,27.975,-15.375,0.77
2010-12-14T12:00:00Z,27.925,-15.625,NaN
2010-12-14T12:00:00Z,27.925,-15.575,NaN
2010-12-14T12:00:00Z,27.925,-15.525,NaN
2010-12-14T12:00:00Z,27.925,-15.475,NaN
2010-12-14T12:00:00Z,27.925,-15.425,NaN
2010-12-14T12:00:00Z,27.925,-15.375,1.25
2010-12-14T12:00:00Z,27.875,-15.625,NaN
2010-12-14T12:00:00Z,27.875,-15.575,NaN
2010-12-14T12:00:00Z,27.875,-15.525,NaN
2010-12-14T12:00:00Z,27.875,-15.475,NaN
2010-12-14T12:00:00Z,27.875,-15.425,NaN
2010-12-14T12:00:00Z,27.875,-15.375,1.45
2010-12-14T12:00:00Z,27.825,-15.625,NaN
2010-12-14T12:00:00Z,27.825,-15.575,NaN
2010-12-14T12:00:00Z,27.825,-15.525,NaN
2010-12-14T12:00:00Z,27.825,-15.475,NaN
2010-12-14T12:00:00Z,27.825,-15.425,1.6300000000000001
2010-12-14T12:00:00Z,27.825,-15.375,1.6600000000000001
2011-01-13T12:00:00Z,28.175,-15.625,0.0
2011-01-13T12:00:00Z,28.175,-15.575,0.0
2011-01-13T12:00:00Z,28.175,-15.525,0.0
2011-01-13T12:00:00Z,28.175,-15.475,0.0
2011-01-13T12:00:00Z,28.175,-15.425,0.0
2011-01-13T12:00:00Z,28.175,-15.375,0.15
2011-01-13T12:00:00Z,28.125,-15.625,0.0
2011-01-13T12:00:00Z,28.125,-15.575,0.0
2011-01-13T12:00:00Z,28.125,-15.525,0.0
2011-01-13T12:00:00Z,28.125,-15.475,0.0
2011-01-13T12:00:00Z,28.125,-15.425,0.0
2011-01-13T12:00:00Z,28.125,-15.375,0.15
2011-01-13T12:00:00Z,28.075,-15.625,NaN
2011-01-13T12:00:00Z,28.075,-15.575,NaN
2011-01-13T12:00:00Z,28.075,-15.525,NaN
2011-01-13T12:00:00Z,28.075,-15.475,0.0
2011-01-13T12:00:00Z,28.075,-15.425,0.14
2011-01-13T12:00:00Z,28.075,-15.375,0.15
2011-01-13T12:00:00Z,28.025,-15.625,NaN
2011-01-13T12:00:00Z,28.025,-15.575,NaN
2011-01-13T12:00:00Z,28.025,-15.525,NaN
2011-01-13T12:00:00Z,28.025,-15.475,NaN
2011-01-13T12:00:00Z,28.025,-15.425,0.15
2011-01-13T12:00:00Z,28.025,-15.375,0.3
2011-01-13T12:00:00Z,27.975,-15.625,NaN
2011-01-13T12:00:00Z,27.975,-15.575,NaN
2011-01-13T12:00:00Z,27.975,-15.525,NaN
2011-01-13T12:00:00Z,27.975,-15.475,NaN
2011-01-13T12:00:00Z,27.975,-15.425,NaN
2011-01-13T12:00:00Z,27.975,-15.375,0.31
2011-01-13T12:00:00Z,27.925,-15.625,NaN
2011-01-13T12:00:00Z,27.925,-15.575,NaN
2011-01-13T12:00:00Z,27.925,-15.525,NaN
2011-01-13T12:00:00Z,27.925,-15.475,NaN
2011-01-13T12:00:00Z,27.925,-15.425,NaN
2011-01-13T12:00:00Z,27.925,-15.375,0.31
2011-01-13T12:00:00Z,27.875,-15.625,NaN
2011-01-13T12:00:00Z,27.875,-15.575,NaN
2011-01-13T12:00:00Z,27.875,-15.525,NaN
2011-01-13T12:00:00Z,27.875,-15.475,NaN
2011-01-13T12:00:00Z,27.875,-15.425,NaN
2011-01-13T12:00:00Z,27.875,-15.375,0.32
2011-01-13T12:00:00Z,27.825,-15.625,NaN
2011-01-13T12:00:00Z,27.825,-15.575,NaN
2011-01-13T12:00:00Z,27.825,-15.525,NaN
2011-01-13T12:00:00Z,27.825,-15.475,NaN
2011-01-13T12:00:00Z,27.825,-15.425,0.34
2011-01-13T12:00:00Z,27.825,-15.375,0.34
2011-02-12T12:00:00Z,28.175,-15.625,0.0
2011-02-12T12:00:00Z,28.175,-15.575,0.0
2011-02-12T12:00:00Z,28.175,-15.525,0.0
2011-02-12T12:00:00Z,28.175,-15.475,0.0
2011-02-12T12:00:00Z,28.175,-15.425,0.0
2011-02-12T12:00:00Z,28.175,-15.375,0.0
2011-02-12T12:00:00Z,28.125,-15.625,0.0
2011-02-12T12:00:00Z,28.125,-15.575,0.0
2011-02-12T12:00:00Z,28.125,-15.525,0.0
2011-02-12T12:00:00Z,28.125,-15.475,0.0
2011-02-12T12:00:00Z,28.125,-15.425,0.0
2011-02-12T12:00:00Z,28.125,-15.375,0.0
2011-02-12T12:00:00Z,28.075,-15.625,NaN
2011-02-12T12:00:00Z,28.075,-15.575,NaN
2011-02-12T12:00:00Z,28.075,-15.525,NaN
2011-02-12T12:00:00Z,28.075,-15.475,0.0
2011-02-12T12:00:00Z,28.075,-15.425,0.0
2011-02-12T12:00:00Z,28.075,-15.375,0.0
2011-02-12T12:00:00Z,28.025,-15.625,NaN
2011-02-12T12:00:00Z,28.025,-15.575,NaN
2011-02-12T12:00:00Z,28.025,-15.525,NaN
2011-02-12T12:00:00Z,28.025,-15.475,NaN
2011-02-12T12:00:00Z,28.025,-15.425,0.0
2011-02-12T12:00:00Z,28.025,-15.375,0.0
2011-02-12T12:00:00Z,27.975,-15.625,NaN
2011-02-12T12:00:00Z,27.975,-15.575,NaN
2011-02-12T12:00:00Z,27.975,-15.525,NaN
2011-02-12T12:00:00Z,27.975,-15.475,NaN
2011-02-12T12:00:00Z,27.975,-15.425,NaN
2011-02-12T12:00:00Z,27.975,-15.375,0.0
2011-02-12T12:00:00Z,27.925,-15.625,NaN
2011-02-12T12:00:00Z,27.925,-15.575,NaN
2011-02-12T12:00:00Z,27.925,-15.525,NaN
2011-02-12T12:00:00Z,27.925,-15.475,NaN
2011-02-12T12:00:00Z,27.925,-15.425,NaN
2011-02-12T12:00:00Z,27.925,-15.375,0.0
2011-02-12T12:00:00Z,27.875,-15.625,NaN
2011-02-12T12:00:00Z,27.875,-15.575,NaN
2011-02-12T12:00:00Z,27.875,-15.525,NaN
2011-02-12T12:00:00Z,27.875,-15.475,NaN
2011-02-12T12:00:00Z,27.875,-15.425,NaN
2011-02-12T12:00:00Z,27.875,-15.375,0.0
2011-02-12T12:00:00Z,27.825,-15.625,NaN
2011-02-12T12:00:00Z,27.825,-15.575,NaN
2011-02-12T12:00:00Z,27.825,-15.525,NaN
2011-02-12T12:00:00Z,27.825,-15.475,NaN
2011-02-12T12:00:00Z,27.825,-15.425,0.0
2011-02-12T12:00:00Z,27.825,-15.375,0.0
2011-03-14T12:00:00Z,28.175,-15.625,0.0
2011-03-14T12:00:00Z,28.175,-15.575,0.0
2011-03-14T12:00:00Z,28.175,-15.525,0.0
2011-03-14T12:00:00Z,28.175,-15.475,0.0
2011-03-14T12:00:00Z,28.175,-15.425,0.0
2011-03-14T12:00:00Z,28.175,-15.375,0.0
2011-03-14T12:00:00Z,28.125,-15.625,0.0
2011-03-14T12:00:00Z,28.125,-15.575,0.0
2011-03-14T12:00:00Z,28.125,-15.525,0.0
2011-03-14T12:00:00Z,28.125,-15.475,0.0
2011-03-14T12:00:00Z,28.125,-15.425,0.0
2011-03-14T12:00:00Z,28.125,-15.375,0.0
2011-03-14T12:00:00Z,28.075,-15.625,NaN
2011-03-14T12:00:00Z,28.075,-15.575,NaN
2011-03-14T12:00:00Z,28.075,-15.525,NaN
2011-03-14T12:00:00Z,28.075,-15.475,0.0
2011-03-14T12:00:00Z,28.075,-15.425,0.0
2011-03-14T12:00:00Z,28.075,-15.375,0.0
2011-03-14T12:00:00Z,28.025,-15.625,NaN
2011-03-14T12:00:00Z,28.025,-15.575,NaN
2011-03-14T12:00:00Z,28.025,-15.525,NaN
2011-03-14T12:00:00Z,28.025,-15.475,NaN
2011-03-14T12:00:00Z,28.025,-15.425,0.0
2011-03-14T12:00:00Z,28.025,-15.375,0.0
2011-03-14T12:00:00Z,27.975,-15.625,NaN
2011-03-14T12:00:00Z,27.975,-15.575,NaN
2011-03-14T12:00:00Z,27.975,-15.525,NaN
2011-03-14T12:00:00Z,27.975,-15.475,NaN
2011-03-14T12:00:00Z,27.975,-15.425,NaN
2011-03-14T12:00:00Z,27.975,-15.375,0.0
2011-03-14T12:00:00Z,27.925,-15.625,NaN
2011-03-14T12:00:00Z,27.925,-15.575,NaN
2011-03-14T12:00:00Z,27.925,-15.525,NaN
2011-03-14T12:00:00Z,27.925,-15.475,NaN
2011-03-14T12:00:00Z,27.925,-15.425,NaN
2011-03-14T12:00:00Z,27.925,-15.375,0.0
2011-03-14T12:00:00Z,27.875,-15.625,NaN
2011-03-14T12:00:00Z,27.875,-15.575,NaN
2011-03-14T12:00:00Z,27.875,-15.525,NaN
2011-03-14T12:00:00Z,27.875,-15.475,NaN
2011-03-14T12:00:00Z,27.875,-15.425,NaN
2011-03-14T12:00:00Z,27.875,-15.375,0.0
2011-03-14T12:00:00Z,27.825,-15.625,NaN
2011-03-14T12:00:00Z,27.825,-15.575,NaN
2011-03-14T12:00:00Z,27.825,-15.525,NaN
2011-03-14T12:00:00Z,27.825,-15.475,NaN
2011-03-14T12:00:00Z,27.825,-15.425,0.0
2011-03-14T12:00:00Z,27.825,-15.375,0.0
2011-04-13T12:00:00Z,28.175,-15.625,0.0
2011-04-13T12:00:00Z,28.175,-15.575,0.0
2011-04-13T12:00:00Z,28.175,-15.525,0.0
2011-04-13T12:00:00Z,28.175,-15.475,0.0
2011-04-13T12:00:00Z,28.175,-15.425,0.0
2011-04-13T12:00:00Z,28.175,-15.375,0.0
2011-04-13T12:00:00Z,28.125,-15.625,0.0
2011-04-13T12:00:00Z,28.125,-15.575,0.0
2011-04-13T12:00:00Z,28.125,-15.525,0.0
2011-04-13T12:00:00Z,28.125,-15.475,0.0
2011-04-13T12:00:00Z,28.125,-15.425,0.0
2011-04-13T12:00:00Z,28.125,-15.375,0.0
2011-04-13T12:00:00Z,28.075,-15.625,NaN
2011-04-13T12:00:00Z,28.075,-15.575,NaN
2011-04-13T12:00:00Z,28.075,-15.525,NaN
2011-04-13T12:00:00Z,28.075,-15.475,0.0
2011-04-13T12:00:00Z,28.075,-15.425,0.0
2011-04-13T12:00:00Z,28.075,-15.375,0.0
2011-04-13T12:00:00Z,28.025,-15.625,NaN
2011-04-13T12:00:00Z,28.025,-15.575,NaN
2011-04-13T12:00:00Z,28.025,-15.525,NaN
2011-04-13T12:00:00Z,28.025,-15.475,NaN
2011-04-13T12:00:00Z,28.025,-15.425,0.0
2011-04-13T12:00:00Z,28.025,-15.375,0.0
2011-04-13T12:00:00Z,27.975,-15.625,NaN
2011-04-13T12:00:00Z,27.975,-15.575,NaN
2011-04-13T12:00:00Z,27.975,-15.525,NaN
2011-04-13T12:00:00Z,27.975,-15.475,NaN
2011-04-13T12:00:00Z,27.975,-15.425,NaN
2011-04-13T12:00:00Z,27.975,-15.375,0.0
2011-04-13T12:00:00Z,27.925,-15.625,NaN
2011-04-13T12:00:00Z,27.925,-15.575,NaN
2011-04-13T12:00:00Z,27.925,-15.525,NaN
2011-04-13T12:00:00Z,27.925,-15.475,NaN
2011-04-13T12:00:00Z,27.925,-15.425,NaN
2011-04-13T12:00:00Z,27.925,-15.375,0.0
2011-04-13T12:00:00Z,27.875,-15.625,NaN
2011-04-13T12:00:00Z,27.875,-15.575,NaN
2011-04-13T12:00:00Z,27.875,-15.525,NaN
2011-04-13T12:00:00Z,27.875,-15.475,NaN
2011-04-13T12:00:00Z,27.875,-15.425,NaN
2011-04-13T12:00:00Z,27.875,-15.375,0.0
2011-04-13T12:00:00Z,27.825,-15.625,NaN
2011-04-13T12:00:00Z,27.825,-15.575,NaN
2011-04-13T12:00:00Z,27.825,-15.525,NaN
2011-04-13T12:00:00Z,27.825,-15.475,NaN
2011-04-13T12:00:00Z,27.825,-15.425,0.0
2011-04-13T12:00:00Z,27.825,-15.375,0.0
2011-05-13T12:00:00Z,28.175,-15.625,0.0
2011-05-13T12:00:00Z,28.175,-15.575,0.0
2011-05-13T12:00:00Z,28.175,-15.525,0.0
2011-05-13T12:00:00Z,28.175,-15.475,0.0
2011-05-13T12:00:00Z,28.175,-15.425,0.0
2011-05-13T12:00:00Z,28.175,-15.375,0.0
2011-05-13T12:00:00Z,28.125,-15.625,0.0
2011-05-13T12:00:00Z,28.125,-15.575,0.0
2011-05-13T12:00:00Z,28.125,-15.525,0.0
2011-05-13T12:00:00Z,28.125,-15.475,0.0
2011-05-13T12:00:00Z,28.125,-15.425,0.0
2011-05-13T12:00:00Z,28.125,-15.375,0.0
2011-05-13T12:00:00Z,28.075,-15.625,NaN
2011-05-13T12:00:00Z,28.075,-15.575,NaN
2011-05-13T12:00:00Z,28.075,-15.525,NaN
2011-05-13T12:00:00Z,28.075,-15.475,0.0
2011-05-13T12:00:00Z,28.075,-15.425,0.0
2011-05-13T12:00:00Z,28.075,-15.375,0.0
2011-05-13T12:00:00Z,28.025,-15.625,NaN
2011-05-13T12:00:00Z,28.025,-15.575,NaN
2011-05-13T12:00:00Z,28.025,-15.525,NaN
2011-05-13T12:00:00Z,28.025,-15.475,NaN
2011-05-13T12:00:00Z,28.025,-15.425,0.0
2011-05-13T12:00:00Z,28.025,-15.375,0.0
2011-05-13T12:00:00Z,27.975,-15.625,NaN
2011-05-13T12:00:00Z,27.975,-15.575,NaN
2011-05-13T12:00:00Z,27.975,-15.525,NaN
2011-05-13T12:00:00Z,27.975,-15.475,NaN
2011-05-13T12:00:00Z,27.975,-15.425,NaN
2011-05-13T12:00:00Z,27.975,-15.375,0.0
2011-05-13T12:00:00Z,27.925,-15.625,NaN
2011-05-13T12:00:00Z,27.925,-15.575,NaN
2011-05-13T12:00:00Z,27.925,-15.525,NaN
2011-05-13T12:00:00Z,27.925,-15.475,NaN
2011-05-13T12:00:00Z,27.925,-15.425,NaN
2011-05-13T12:00:00Z,27.925,-15.375,0.0
2011-05-13T12:00:00Z,27.875,-15.625,NaN
2011-05-13T12:00:00Z,27.875,-15.575,NaN
2011-05-13T12:00:00Z,27.875,-15.525,NaN
2011-05-13T12:00:00Z,27.875,-15.475,NaN
2011-05-13T12:00:00Z,27.875,-15.425,NaN
2011-05-13T12:00:00Z,27.875,-15.375,0.0
2011-05-13T12:00:00Z,27.825,-15.625,NaN
2011-05-13T12:00:00Z,27.825,-15.575,NaN
2011-05-13T12:00:00Z,27.825,-15.525,NaN
2011-05-13T12:00:00Z,27.825,-15.475,NaN
2011-05-13T12:00:00Z,27.825,-15.425,0.0
2011-05-13T12:00:00Z,27.825,-15.375,0.0
2011-06-12T12:00:00Z,28.175,-15.625,0.0
2011-06-12T12:00:00Z,28.175,-15.575,0.0
2011-06-12T12:00:00Z,28.175,-15.525,0.0
2011-06-12T12:00:00Z,28.175,-15.475,0.0
2011-06-12T12:00:00Z,28.175,-15.425,0.0
2011-06-12T12:00:00Z,28.175,-15.375,0.0
2011-06-12T12:00:00Z,28.125,-15.625,0.0
2011-06-12T12:00:00Z,28.125,-15.575,0.0
2011-06-12T12:00:00Z,28.125,-15.525,0.0
2011-06-12T12:00:00Z,28.125,-15.475,0.0
2011-06-12T12:00:00Z,28.125,-15.425,0.0
2011-06-12T12:00:00Z,28.125,-15.375,0.0
2011-06-12T12:00:00Z,28.075,-15.625,NaN
2011-06-12T12:00:00Z,28.075,-15.575,NaN
2011-06-12T12:00:00Z,28.075,-15.525,NaN
2011-06-12T12:00:00Z,28.075,-15.475,0.0
2011-06-12T12:00:00Z,28.075,-15.425,0.0
2011-06-12T12:00:00Z,28.075,-15.375,0.0
2011-06-12T12:00:00Z,28.025,-15.625,NaN
2011-06-12T12:00:00Z,28.025,-15.575,NaN
2011-06-12T12:00:00Z,28.025,-15.525,NaN
2011-06-12T12:00:00Z,28.025,-15.475,NaN
2011-06-12T12:00:00Z,28.025,-15.425,0.0
2011-06-12T12:00:00Z,28.025,-15.375,0.0
2011-06-12T12:00:00Z,27.975,-15.625,NaN
2011-06-12T12:00:00Z,27.975,-15.575,NaN
2011-06-12T12:00:00Z,27.975,-15.525,NaN
2011-06-12T12:00:00Z,27.975,-15.475,NaN
2011-06-12T12:00:00Z,27.975,-15.425,NaN
2011-06-12T12:00:00Z,27.975,-15.375,0.0
2011-06-12T12:00:00Z,27.925,-15.625,NaN
2011-06-12T12:00:00Z,27.925,-15.575,NaN
2011-06-12T12:00:00Z,27.925,-15.525,NaN
2011-06-12T12:00:00Z,27.925,-15.475,NaN
2011-06-12T12:00:00Z,27.925,-15.425,NaN
2011-06-12T12:00:00Z,27.925,-15.375,0.0
2011-06-12T12:00:00Z,27.875,-15.625,NaN
2011-06-12T12:00:00Z,27.875,-15.575,NaN
2011-06-12T12:00:00Z,27.875,-15.525,NaN
2011-06-12T12:00:00Z,27.875,-15.475,NaN
2011-06-12T12:00:00Z,27.875,-15.425,NaN
2011-06-12T12:00:00Z,27.875,-15.375,0.0
2011-06-12T12:00:00Z,27.825,-15.625,NaN
2011-06-12T12:00:00Z,27.825,-15.575,NaN
2011-06-12T12:00:00Z,27.825,-15.525,NaN
2011-06-12T12:00:00Z,27.825,-15.475,NaN
2011-06-12T12:00:00Z,27.825,-15.425,0.0
2011-06-12T12:00:00Z,27.825,-15.375,0.0
2011-07-12T12:00:00Z,28.175,-15.625,0.0
2011-07-12T12:00:00Z,28.175,-15.575,0.0
2011-07-12T12:00:00Z,28.175,-15.525,0.0
2011-07-12T12:00:00Z,28.175,-15.475,0.0
2011-07-12T12:00:00Z,28.175,-15.425,0.0
2011-07-12T12:00:00Z,28.175,-15.375,0.0
2011-07-12T12:00:00Z,28.125,-15.625,0.0
2011-07-12T12:00:00Z,28.125,-15.575,0.0
2011-07-12T12:00:00Z,28.125,-15.525,0.0
2011-07-12T12:00:00Z,28.125,-15.475,0.0
2011-07-12T12:00:00Z,28.125,-15.425,0.0
2011-07-12T12:00:00Z,28.125,-15.375,0.0
2011-07-12T12:00:00Z,28.075,-15.625,NaN
2011-07-12T12:00:00Z,28.075,-15.575,NaN
2011-07-12T12:00:00Z,28.075,-15.525,NaN
2011-07-12T12:00:00Z,28.075,-15.475,0.0
2011-07-12T12:00:00Z,28.075,-15.425,0.0
2011-07-12T12:00:00Z,28.075,-15.375,0.0
2011-07-12T12:00:00Z,28.025,-15.625,NaN
2011-07-12T12:00:00Z,28.025,-15.575,NaN
2011-07-12T12:00:00Z,28.025,-15.525,NaN
2011-07-12T12:00:00Z,28.025,-15.475,NaN
2011-07-12T12:00:00Z,28.025,-15.425,0.0
2011-07-12T12:00:00Z,28.025,-15.375,0.0
2011-07-12T12:00:00Z,27.975,-15.625,NaN
2011-07-12T12:00:00Z,27.975,-15.575,NaN
2011-07-12T12:00:00Z,27.975,-15.525,NaN
2011-07-12T12:00:00Z,27.975,-15.475,NaN
2011-07-12T12:00:00Z,27.975,-15.425,NaN
2011-07-12T12:00:00Z,27.975,-15.375,0.0
2011-07-12T12:00:00Z,27.925,-15.625,NaN
2011-07-12T12:00:00Z,27.925,-15.575,NaN
2011-07-12T12:00:00Z,27.925,-15.525,NaN
2011-07-12T12:00:00Z,27.925,-15.475,NaN
2011-07-12T12:00:00Z,27.925,-15.425,NaN
2011-07-12T12:00:00Z,27.925,-15.375,0.0
2011-07-12T12:00:00Z,27.875,-15.625,NaN
2011-07-12T12:00:00Z,27.875,-15.575,NaN
2011-07-12T12:00:00Z,27.875,-15.525,NaN
2011-07-12T12:00:00Z,27.875,-15.475,NaN
2011-07-12T12:00:00Z,27.875,-15.425,NaN
2011-07-12T12:00:00Z,27.875,-15.375,0.0
2011-07-12T12:00:00Z,27.825,-15.625,NaN
2011-07-12T12:00:00Z,27.825,-15.575,NaN
2011-07-12T12:00:00Z,27.825,-15.525,NaN
2011-07-12T12:00:00Z,27.825,-15.475,NaN
2011-07-12T12:00:00Z,27.825,-15.425,0.0
2011-07-12T12:00:00Z,27.825,-15.375,0.0
2011-08-11T12:00:00Z,28.175,-15.625,0.0
2011-08-11T12:00:00Z,28.175,-15.575,0.0
2011-08-11T12:00:00Z,28.175,-15.525,0.0
2011-08-11T12:00:00Z,28.175,-15.475,0.0
2011-08-11T12:00:00Z,28.175,-15.425,0.0
2011-08-11T12:00:00Z,28.175,-15.375,0.0
2011-08-11T12:00:00Z,28.125,-15.625,0.0
2011-08-11T12:00:00Z,28.125,-15.575,0.0
2011-08-11T12:00:00Z,28.125,-15.525,0.0
2011-08-11T12:00:00Z,28.125,-15.475,0.0
2011-08-11T12:00:00Z,28.125,-15.425,0.0
2011-08-11T12:00:00Z,28.125,-15.375,0.0
2011-08-11T12:00:00Z,28.075,-15.625,NaN
2011-08-11T12:00:00Z,28.075,-15.575,NaN
2011-08-11T12:00:00Z,28.075,-15.525,NaN
2011-08-11T12:00:00Z,28.075,-15.475,0.0
2011-08-11T12:00:00Z,28.075,-15.425,0.0
2011-08-11T12:00:00Z,28.075,-15.375,0.0
2011-08-11T12:00:00Z,28.025,-15.625,NaN
2011-08-11T12:00:00Z,28.025,-15.575,NaN
2011-08-11T12:00:00Z,28.025,-15.525,NaN
2011-08-11T12:00:00Z,28.025,-15.475,NaN
2011-08-11T12:00:00Z,28.025,-15.425,0.0
2011-08-11T12:00:00Z,28.025,-15.375,0.0
2011-08-11T12:00:00Z,27.975,-15.625,NaN
2011-08-11T12:00:00Z,27.975,-15.575,NaN
2011-08-11T12:00:00Z,27.975,-15.525,NaN
2011-08-11T12:00:00Z,27.975,-15.475,NaN
2011-08-11T12:00:00Z,27.975,-15.425,NaN
2011-08-11T12:00:00Z,27.975,-15.375,0.0
2011-08-11T12:00:00Z,27.925,-15.625,NaN
2011-08-11T12:00:00Z,27.925,-15.575,NaN
2011-08-11T12:00:00Z,27.925,-15.525,NaN
2011-08-11T12:00:00Z,27.925,-15.475,NaN
2011-08-11T12:00:00Z,27.925,-15.425,NaN
2011-08-11T12:00:00Z,27.925,-15.375,0.0
2011-08-11T12:00:00Z,27.875,-15.625,NaN
2011-08-11T12:00:00Z,27.875,-15.575,NaN
2011-08-11T12:00:00Z,27.875,-15.525,NaN
2011-08-11T12:00:00Z,27.875,-15.475,NaN
2011-08-11T12:00:00Z,27.875,-15.425,NaN
2011-08-11T12:00:00Z,27.875,-15.375,0.0
2011-08-11T12:00:00Z,27.825,-15.625,NaN
2011-08-11T12:00:00Z,27.825,-15.575,NaN
2011-08-11T12:00:00Z,27.825,-15.525,NaN
2011-08-11T12:00:00Z,27.825,-15.475,NaN
2011-08-11T12:00:00Z,27.825,-15.425,0.0
2011-08-11T12:00:00Z,27.825,-15.375,0.0
2011-09-10T12:00:00Z,28.175,-15.625,0.0
2011-09-10T12:00:00Z,28.175,-15.575,0.0
2011-09-10T12:00:00Z,28.175,-15.525,0.0
2011-09-10T12:00:00Z,28.175,-15.475,0.0
2011-09-10T12:00:00Z,28.175,-15.425,0.0
2011-09-10T12:00:00Z,28.175,-15.375,0.0
2011-09-10T12:00:00Z,28.125,-15.625,0.0
2011-09-10T12:00:00Z,28.125,-15.575,0.0
2011-09-10T12:00:00Z,28.125,-15.525,0.0
2011-09-10T12:00:00Z,28.125,-15.475,0.0
2011-09-10T12:00:00Z,28.125,-15.425,0.0
2011-09-10T12:00:00Z,28.125,-15.375,0.0
2011-09-10T12:00:00Z,28.075,-15.625,NaN
2011-09-10T12:00:00Z,28.075,-15.575,NaN
2011-09-10T12:00:00Z,28.075,-15.525,NaN
2011-09-10T12:00:00Z,28.075,-15.475,0.0
2011-09-10T12:00:00Z,28.075,-15.425,0.0
2011-09-10T12:00:00Z,28.075,-15.375,0.0
2011-09-10T12:00:00Z,28.025,-15.625,NaN
2011-09-10T12:00:00Z,28.025,-15.575,NaN
2011-09-10T12:00:00Z,28.025,-15.525,NaN
2011-09-10T12:00:00Z,28.025,-15.475,NaN
2011-09-10T12:00:00Z,28.025,-15.425,0.0
2011-09-10T12:00:00Z,28.025,-15.375,0.0
2011-09-10T12:00:00Z,27.975,-15.625,NaN
2011-09-10T12:00:00Z,27.975,-15.575,NaN
2011-09-10T12:00:00Z,27.975,-15.525,NaN
2011-09-10T12:00:00Z,27.975,-15.475,NaN
2011-09-10T12:00:00Z,27.975,-15.425,NaN
2011-09-10T12:00:00Z,27.975,-15.375,0.0
2011-09-10T12:00:00Z,27.925,-15.625,NaN
2011-09-10T12:00:00Z,27.925,-15.575,NaN
2011-09-10T12:00:00Z,27.925,-15.525,NaN
2011-09-10T12:00:00Z,27.925,-15.475,NaN
2011-09-10T12:00:00Z,27.925,-15.425,NaN
2011-09-10T12:00:00Z,27.925,-15.375,0.0
2011-09-10T12:00:00Z,27.875,-15.625,NaN
2011-09-10T12:00:00Z,27.875,-15.575,NaN
2011-09-10T12:00:00Z,27.875,-15.525,NaN
2011-09-10T12:00:00Z,27.875,-15.475,NaN
2011-09-10T12:00:00Z,27.875,-15.425,NaN
2011-09-10T12:00:00Z,27.875,-15.375,0.0
2011-09-10T12:00:00Z,27.825,-15.625,NaN
2011-09-10T12:00:00Z,27.825,-15.575,NaN
2011-09-10T12:00:00Z,27.825,-15.525,NaN
2011-09-10T12:00:00Z,27.825,-15.475,NaN
2011-09-10T12:00:00Z,27.825,-15.425,0.0
2011-09-10T12:00:00Z,27.825,-15.375,0.0
2011-10-10T12:00:00Z,28.175,-15.625,0.0
2011-10-10T12:00:00Z,28.175,-15.575,0.0
2011-10-10T12:00:00Z,28.175,-15.525,0.0
2011-10-10T12:00:00Z,28.175,-15.475,0.0
2011-10-10T12:00:00Z,28.175,-15.425,0.0
2011-10-10T12:00:00Z,28.175,-15.375,0.0
2011-10-10T12:00:00Z,28.125,-15.625,0.0
2011-10-10T12:00:00Z,28.125,-15.575,0.0
2011-10-10T12:00:00Z,28.125,-15.525,0.0
2011-10-10T12:00:00Z,28.125,-15.475,0.0
2011-10-10T12:00:00Z,28.125,-15.425,0.0
2011-10-10T12:00:00Z,28.125,-15.375,0.0
2011-10-10T12:00:00Z,28.075,-15.625,NaN
2011-10-10T12:00:00Z,28.075,-15.575,NaN
2011-10-10T12:00:00Z,28.075,-15.525,NaN
2011-10-10T12:00:00Z,28.075,-15.475,0.0
2011-10-10T12:00:00Z,28.075,-15.425,0.0
2011-10-10T12:00:00Z,28.075,-15.375,0.0
2011-10-10T12:00:00Z,28.025,-15.625,NaN
2011-10-10T12:00:00Z,28.025,-15.575,NaN
2011-10-10T12:00:00Z,28.025,-15.525,NaN
2011-10-10T12:00:00Z,28.025,-15.475,NaN
2011-10-10T12:00:00Z,28.025,-15.425,0.0
2011-10-10T12:00:00Z,28.025,-15.375,0.0
2011-10-10T12:00:00Z,27.975,-15.625,NaN
2011-10-10T12:00:00Z,27.975,-15.575,NaN
2011-10-10T12:00:00Z,27.975,-15.525,NaN
2011-10-10T12:00:00Z,27.975,-15.475,NaN
2011-10-10T12:00:00Z,27.975,-15.425,NaN
2011-10-10T12:00:00Z,27.975,-15.375,0.0
2011-10-10T12:00:00Z,27.925,-15.625,NaN
2011-10-10T12:00:00Z,27.925,-15.575,NaN
2011-10-10T12:00:00Z,27.925,-15.525,NaN
2011-10-10T12:00:00Z,27.925,-15.475,NaN
2011-10-10T12:00:00Z,27.925,-15.425,NaN
2011-10-10T12:00:00Z,27.925,-15.375,0.0
2011-10-10T12:00:00Z,27.875,-15.625,NaN
2011-10-10T12:00:00Z,27.875,-15.575,NaN
2011-10-10T12:00:00Z,27.875,-15.525,NaN
2011-10-10T12:00:00Z,27.875,-15.475,NaN
2011-10-10T12:00:00Z,27.875,-15.425,NaN
2011-10-10T12:00:00Z,27.875,-15.375,0.0
2011-10-10T12:00:00Z,27.825,-15.625,NaN
2011-10-10T12:00:00Z,27.825,-15.575,NaN
2011-10-10T12:00:00Z,27.825,-15.525,NaN
2011-10-10T12:00:00Z,27.825,-15.475,NaN
2011-10-10T12:00:00Z,27.825,-15.425,0.0
2011-10-10T12:00:00Z,27.825,-15.375,0.0
2011-11-09T12:00:00Z,28.175,-15.625,0.0
2011-11-09T12:00:00Z,28.175,-15.575,0.0
2011-11-09T12:00:00Z,28.175,-15.525,0.0
2011-11-09T12:00:00Z,28.175,-15.475,0.0
2011-11-09T12:00:00Z,28.175,-15.425,0.0
2011-11-09T12:00:00Z,28.175,-15.375,0.0
2011-11-09T12:00:00Z,28.125,-15.625,0.0
2011-11-09T12:00:00Z,28.125,-15.575,0.0
2011-11-09T12:00:00Z,28.125,-15.525,0.0
2011-11-09T12:00:00Z,28.125,-15.475,0.0
2011-11-09T12:00:00Z,28.125,-15.425,0.0
2011-11-09T12:00:00Z,28.125,-15.375,0.0
2011-11-09T12:00:00Z,28.075,-15.625,NaN
2011-11-09T12:00:00Z,28.075,-15.575,NaN
2011-11-09T12:00:00Z,28.075,-15.525,NaN
2011-11-09T12:00:00Z,28.075,-15.475,0.0
2011-11-09T12:00:00Z,28.075,-15.425,0.0
2011-11-09T12:00:00Z,28.075,-15.375,0.0
2011-11-09T12:00:00Z,28.025,-15.625,NaN
2011-11-09T12:00:00Z,28.025,-15.575,NaN
2011-11-09T12:00:00Z,28.025,-15.525,NaN
2011-11-09T12:00:00Z,28.025,-15.475,NaN
2011-11-09T12:00:00Z,28.025,-15.425,0.0
2011-11-09T12:00:00Z,28.025,-15.375,0.0
2011-11-09T12:00:00Z,27.975,-15.625,NaN
2011-11-09T12:00:00Z,27.975,-15.575,NaN
2011-11-09T12:00:00Z,27.975,-15.525,NaN
2011-11-09T12:00:00Z,27.975,-15.475,NaN
2011-11-09T12:00:00Z,27.975,-15.425,NaN
2011-11-09T12:00:00Z,27.975,-15.375,0.0
2011-11-09T12:00:00Z,27.925,-15.625,NaN
2011-11-09T12:00:00Z,27.925,-15.575,NaN
2011-11-09T12:00:00Z,27.925,-15.525,NaN
2011-11-09T12:00:00Z,27.925,-15.475,NaN
2011-11-09T12:00:00Z,27.925,-15.425,NaN
2011-11-09T12:00:00Z,27.925,-15.375,0.0
2011-11-09T12:00:00Z,27.875,-15.625,NaN
2011-11-09T12:00:00Z,27.875,-15.575,NaN
2011-11-09T12:00:00Z,27.875,-15.525,NaN
2011-11-09T12:00:00Z,27.875,-15.475,NaN
2011-11-09T12:00:00Z,27.875,-15.425,NaN
2011-11-09T12:00:00Z,27.875,-15.375,0.0
2011-11-09T12:00:00Z,27.825,-15.625,NaN
2011-11-09T12:00:00Z,27.825,-15.575,NaN
2011-11-09T12:00:00Z,27.825,-15.525,NaN
2011-11-09T12:00:00Z,27.825,-15.475,NaN
2011-11-09T12:00:00Z,27.825,-15.425,0.0
2011-11-09T12:00:00Z,27.825,-15.375,0.0
2011-12-09T12:00:00Z,28.175,-15.625,0.0
2011-12-09T12:00:00Z,28.175,-15.575,0.0
2011-12-09T12:00:00Z,28.175,-15.525,0.0
2011-12-09T12:00:00Z,28.175,-15.475,0.0
2011-12-09T12:00:00Z,28.175,-15.425,0.0
2011-12-09T12:00:00Z,28.175,-15.375,0.0
2011-12-09T12:00:00Z,28.125,-15.625,0.0
2011-12-09T12:00:00Z,28.125,-15.575,0.0
2011-12-09T12:00:00Z,28.125,-15.525,0.0
2011-12-09T12:00:00Z,28.125,-15.475,0.0
2011-12-09T12:00:00Z,28.125,-15.425,0.0
2011-12-09T12:00:00Z,28.125,-15.375,0.0
2011-12-09T12:00:00Z,28.075,-15.625,NaN
2011-12-09T12:00:00Z,28.075,-15.575,NaN
2011-12-09T12:00:00Z,28.075,-15.525,NaN
2011-12-09T12:00:00Z,28.075,-15.475,0.0
2011-12-09T12:00:00Z,28.075,-15.425,0.0
2011-12-09T12:00:00Z,28.075,-15.375,0.0
2011-12-09T12:00:00Z,28.025,-15.625,NaN
2011-12-09T12:00:00Z,28.025,-15.575,NaN
2011-12-09T12:00:00Z,28.025,-15.525,NaN
2011-12-09T12:00:00Z,28.025,-15.475,NaN
2011-12-09T12:00:00Z,28.025,-15.425,0.0
2011-12-09T12:00:00Z,28.025,-15.375,0.0
2011-12-09T12:00:00Z,27.975,-15.625,NaN
2011-12-09T12:00:00Z,27.975,-15.575,NaN
2011-12-09T12:00:00Z,27.975,-15.525,NaN
2011-12-09T12:00:00Z,27.975,-15.475,NaN
2011-12-09T12:00:00Z,27.975,-15.425,NaN
2011-12-09T12:00:00Z,27.975,-15.375,0.0
2011-12-09T12:00:00Z,27.925,-15.625,NaN
2011-12-09T12:00:00Z,27.925,-15.575,NaN
2011-12-09T12:00:00Z,27.925,-15.525,NaN
2011-12-09T12:00:00Z,27.925,-15.475,NaN
2011-12-09T12:00:00Z,27.925,-15.425,NaN
2011-12-09T12:00:00Z,27.925,-15.375,0.0
2011-12-09T12:00:00Z,27.875,-15.625,NaN
2011-12-09T12:00:00Z,27.875,-15.575,NaN
2011-12-09T12:00:00Z,27.875,-15.525,NaN
2011-12-09T12:00:00Z,27.875,-15.475,NaN
2011-12-09T12:00:00Z,27.875,-15.425,NaN
2011-12-09T12:00:00Z,27.875,-15.375,0.0
2011-12-09T12:00:00Z,27.825,-15.625,NaN
2011-12-09T12:00:00Z,27.825,-15.575,NaN
2011-12-09T12:00:00Z,27.825,-15.525,NaN
2011-12-09T12:00:00Z,27.825,-15.475,NaN
2011-12-09T12:00:00Z,27.825,-15.425,0.0
2011-12-09T12:00:00Z,27.825,-15.375,0.0
2012-01-08T12:00:00Z,28.175,-15.625,0.0
2012-01-08T12:00:00Z,28.175,-15.575,0.0
2012-01-08T12:00:00Z,28.175,-15.525,0.0
2012-01-08T12:00:00Z,28.175,-15.475,0.0
2012-01-08T12:00:00Z,28.175,-15.425,0.0
2012-01-08T12:00:00Z,28.175,-15.375,0.0
2012-01-08T12:00:00Z,28.125,-15.625,0.0
2012-01-08T12:00:00Z,28.125,-15.575,0.0
2012-01-08T12:00:00Z,28.125,-15.525,0.0
2012-01-08T12:00:00Z,28.125,-15.475,0.0
2012-01-08T12:00:00Z,28.125,-15.425,0.0
2012-01-08T12:00:00Z,28.125,-15.375,0.0
2012-01-08T12:00:00Z,28.075,-15.625,NaN
2012-01-08T12:00:00Z,28.075,-15.575,NaN
2012-01-08T12:00:00Z,28.075,-15.525,NaN
2012-01-08T12:00:00Z,28.075,-15.475,0.0
2012-01-08T12:00:00Z,28.075,-15.425,0.0
2012-01-08T12:00:00Z,28.075,-15.375,0.0
2012-01-08T12:00:00Z,28.025,-15.625,NaN
2012-01-08T12:00:00Z,28.025,-15.575,NaN
2012-01-08T12:00:00Z,28.025,-15.525,NaN
2012-01-08T12:00:00Z,28.025,-15.475,NaN
2012-01-08T12:00:00Z,28.025,-15.425,0.0
2012-01-08T12:00:00Z,28.025,-15.375,0.0
2012-01-08T12:00:00Z,27.975,-15.625,NaN
2012-01-08T12:00:00Z,27.975,-15.575,NaN
2012-01-08T12:00:00Z,27.975,-15.525,NaN
2012-01-08T12:00:00Z,27.975,-15.475,NaN
2012-01-08T12:00:00Z,27.975,-15.425,NaN
2012-01-08T12:00:00Z,27.975,-15.375,0.0
2012-01-08T12:00:00Z,27.925,-15.625,NaN
2012-01-08T12:00:00Z,27.925,-15.575,NaN
2012-01-08T12:00:00Z,27.925,-15.525,NaN
2012-01-08T12:00:00Z,27.925,-15.475,NaN
2012-01-08T12:00:00Z,27.925,-15.425,NaN
2012-01-08T12:00:00Z,27.925,-15.375,0.0
2012-01-08T12:00:00Z,27.875,-15.625,NaN
2012-01-08T12:00:00Z,27.875,-15.575,NaN
2012-01-08T12:00:00Z,27.875,-15.525,NaN
2012-01-08T12:00:00Z,27.875,-15.475,NaN
2012-01-08T12:00:00Z,27.875,-15.425,NaN
2012-01-08T12:00:00Z,27.875,-15.375,0.0
2012-01-08T12:00:00Z,27.825,-15.625,NaN
2012-01-08T12:00:00Z,27.825,-15.575,NaN
2012-01-08T12:00:00Z,27.825,-15.525,NaN
2012-01-08T12:00:00Z,27.825,-15.475,NaN
2012-01-08T12:00:00Z,27.825,-15.425,0.0
2012-01-08T12:00:00Z,27.825,-15.375,0.0
2012-02-07T12:00:00Z,28.175,-15.625,0.0
2012-02-07T12:00:00Z,28.175,-15.575,0.0
2012-02-07T12:00:00Z,28.175,-15.525,0.0
2012-02-07T12:00:00Z,28.175,-15.475,0.0
2012-02-07T12:00:00Z,28.175,-15.425,0.0
2012-02-07T12:00:00Z,28.175,-15.375,0.0
2012-02-07T12:00:00Z,28.125,-15.625,0.0
2012-02-07T12:00:00Z,28.125,-15.575,0.0
2012-02-07T12:00:00Z,28.125,-15.525,0.0
2012-02-07T12:00:00Z,28.125,-15.475,0.0
2012-02-07T12:00:00Z,28.125,-15.425,0.0
2012-02-07T12:00:00Z,28.125,-15.375,0.0
2012-02-07T12:00:00Z,28.075,-15.625,NaN
2012-02-07T12:00:00Z,28.075,-15.575,NaN
2012-02-07T12:00:00Z,28.075,-15.525,NaN
2012-02-07T12:00:00Z,28.075,-15.475,0.0
2012-02-07T12:00:00Z,28.075,-15.425,0.0
2012-02-07T12:00:00Z,28.075,-15.375,0.0
2012-02-07T12:00:00Z,28.025,-15.625,NaN
2012-02-07T12:00:00Z,28.025,-15.575,NaN
2012-02-07T12:00:00Z,28.025,-15.525,NaN
2012-02-07T12:00:00Z,28.025,-15.475,NaN
2012-02-07T12:00:00Z,28.025,-15.425,0.0
2012-02-07T12:00:00Z,28.025,-15.375,0.0
2012-02-07T12:00:00Z,27.975,-15.625,NaN
2012-02-07T12:00:00Z,27.975,-15.575,NaN
2012-02-07T12:00:00Z,27.975,-15.525,NaN
2012-02-07T12:00:00Z,27.975,-15.475,NaN
2012-02-07T12:00:00Z,27.975,-15.425,NaN
2012-02-07T12:00:00Z,27.975,-15.375,0.0
2012-02-07T12:00:00Z,27.925,-15.625,NaN
2012-02-07T12:00:00Z,27.925,-15.575,NaN
2012-02-07T12:00:00Z,27.925,-15.525,NaN
2012-02-07T12:00:00Z,27.925,-15.475,NaN
2012-02-07T12:00:00Z,27.925,-15.425,NaN
2012-02-07T12:00:00Z,27.925,-15.375,0.0
2012-02-07T12:00:00Z,27.875,-15.625,NaN
2012-02-07T12:00:00Z,27.875,-15.575,NaN
2012-02-07T12:00:00Z,27.875,-15.525,NaN
2012-02-07T12:00:00Z,27.875,-15.475,NaN
2012-02-07T12:00:00Z,27.875,-15.425,NaN
2012-02-07T12:00:00Z,27.875,-15.375,0.0
2012-02-07T12:00:00Z,27.825,-15.625,NaN
2012-02-07T12:00:00Z,27.825,-15.575,NaN
2012-02-07T12:00:00Z,27.825,-15.525,NaN
2012-02-07T12:00:00Z,27.825,-15.475,NaN
2012-02-07T12:00:00Z,27.825,-15.425,0.0
2012-02-07T12:00:00Z,27.825,-15.375,0.0
2012-03-08T12:00:00Z,28.175,-15.625,0.0
2012-03-08T12:00:00Z,28.175,-15.575,0.0
2012-03-08T12:00:00Z,28.175,-15.525,0.0
2012-03-08T12:00:00Z,28.175,-15.475,0.0
2012-03-08T12:00:00Z,28.175,-15.425,0.0
2012-03-08T12:00:00Z,28.175,-15.375,0.0
2012-03-08T12:00:00Z,28.125,-15.625,0.0
2012-03-08T12:00:00Z,28.125,-15.575,0.0
2012-03-08T12:00:00Z,28.125,-15.525,0.0
2012-03-08T12:00:00Z,28.125,-15.475,0.0
2012-03-08T12:00:00Z,28.125,-15.425,0.0
2012-03-08T12:00:00Z,28.125,-15.375,0.0
2012-03-08T12:00:00Z,28.075,-15.625,NaN
2012-03-08T12:00:00Z,28.075,-15.575,NaN
2012-03-08T12:00:00Z,28.075,-15.525,NaN
2012-03-08T12:00:00Z,28.075,-15.475,0.0
2012-03-08T12:00:00Z,28.075,-15.425,0.0
2012-03-08T12:00:00Z,28.075,-15.375,0.0
2012-03-08T12:00:00Z,28.025,-15.625,NaN
2012-03-08T12:00:00Z,28.025,-15.575,NaN
2012-03-08T12:00:00Z,28.025,-15.525,NaN
2012-03-08T12:00:00Z,28.025,-15.475,NaN
2012-03-08T12:00:00Z,28.025,-15.425,0.0
2012-03-08T12:00:00Z,28.025,-15.375,0.0
2012-03-08T12:00:00Z,27.975,-15.625,NaN
2012-03-08T12:00:00Z,27.975,-15.575,NaN
2012-03-08T12:00:00Z,27.975,-15.525,NaN
2012-03-08T12:00:00Z,27.975,-15.475,NaN
2012-03-08T12:00:00Z,27.975,-15.425,NaN
2012-03-08T12:00:00Z,27.975,-15.375,0.0
2012-03-08T12:00:00Z,27.925,-15.625,NaN
2012-03-08T12:00:00Z,27.925,-15.575,NaN
2012-03-08T12:00:00Z,27.925,-15.525,NaN
2012-03-08T12:00:00Z,27.925,-15.475,NaN
2012-03-08T12:00:00Z,27.925,-15.425,NaN
2012-03-08T12:00:00Z,27.925,-15.375,0.0
2012-03-08T12:00:00Z,27.875,-15.625,NaN
2012-03-08T12:00:00Z,27.875,-15.575,NaN
2012-03-08T12:00:00Z,27.875,-15.525,NaN
2012-03-08T12:00:00Z,27.875,-15.475,NaN
2012-03-08T12:00:00Z,27.875,-15.425,NaN
2012-03-08T12:00:00Z,27.875,-15.375,0.0
2012-03-08T12:00:00Z,27.825,-15.625,NaN
2012-03-08T12:00:00Z,27.825,-15.575,NaN
2012-03-08T12:00:00Z,27.825,-15.525,NaN
2012-03-08T12:00:00Z,27.825,-15.475,NaN
2012-03-08T12:00:00Z,27.825,-15.425,0.0
2012-03-08T12:00:00Z,27.825,-15.375,0.0
2012-04-07T12:00:00Z,28.175,-15.625,0.0
2012-04-07T12:00:00Z,28.175,-15.575,0.0
2012-04-07T12:00:00Z,28.175,-15.525,0.0
2012-04-07T12:00:00Z,28.175,-15.475,0.0
2012-04-07T12:00:00Z,28.175,-15.425,0.0
2012-04-07T12:00:00Z,28.175,-15.375,0.0
2012-04-07T12:00:00Z,28.125,-15.625,0.0
2012-04-07T12:00:00Z,28.125,-15.575,0.0
2012-04-07T12:00:00Z,28.125,-15.525,0.0
2012-04-07T12:00:00Z,28.125,-15.475,0.0
2012-04-07T12:00:00Z,28.125,-15.425,0.0
2012-04-07T12:00:00Z,28.125,-15.375,0.0
2012-04-07T12:00:00Z,28.075,-15.625,NaN
2012-04-07T12:00:00Z,28.075,-15.575,NaN
2012-04-07T12:00:00Z,28.075,-15.525,NaN
2012-04-07T12:00:00Z,28.075,-15.475,0.0
2012-04-07T12:00:00Z,28.075,-15.425,0.0
2012-04-07T12:00:00Z,28.075,-15.375,0.0
2012-04-07T12:00:00Z,28.025,-15.625,NaN
2012-04-07T12:00:00Z,28.025,-15.575,NaN
2012-04-07T12:00:00Z,28.025,-15.525,NaN
2012-04-07T12:00:00Z,28.025,-15.475,NaN
2012-04-07T12:00:00Z,28.025,-15.425,0.0
2012-04-07T12:00:00Z,28.025,-15.375,0.0
2012-04-07T12:00:00Z,27.975,-15.625,NaN
2012-04-07T12:00:00Z,27.975,-15.575,NaN
2012-04-07T12:00:00Z,27.975,-15.525,NaN
2012-04-07T12:00:00Z,27.975,-15.475,NaN
2012-04-07T12:00:00Z,27.975,-15.425,NaN
2012-04-07T12:00:00Z,27.975,-15.375,0.0
2012-04-07T12:00:00Z,27.925,-15.625,NaN
2012-04-07T12:00:00Z,27.925,-15.575,NaN
2012-04-07T12:00:00Z,27.925,-15.525,NaN
2012-04-07T12:00:00Z,27.925,-15.475,NaN
2012-04-07T12:00:00Z,27.925,-15.425,NaN
2012-04-07T12:00:00Z,27.925,-15.375,0.0
2012-04-07T12:00:00Z,27.875,-15.625,NaN
2012-04-07T12:00:00Z,27.875,-15.575,NaN
2012-04-07T12:00:00Z,27.875,-15.525,NaN
2012-04-07T12:00:00Z,27.875,-15.475,NaN
2012-04-07T12:00:00Z,27.875,-15.425,NaN
2012-04-07T12:00:00Z,27.875,-15.375,0.0
2012-04-07T12:00:00Z,27.825,-15.625,NaN
2012-04-07T12:00:00Z,27.825,-15.575,NaN
2012-04-07T12:00:00Z,27.825,-15.525,NaN
2012-04-07T12:00:00Z,27.825,-15.475,NaN
2012-04-07T12:00:00Z,27.825,-15.425,0.0
2012-04-07T12:00:00Z,27.825,-15.375,0.0
2012-05-07T12:00:00Z,28.175,-15.625,0.0
2012-05-07T12:00:00Z,28.175,-15.575,0.0
2012-05-07T12:00:00Z,28.175,-15.525,0.0
2012-05-07T12:00:00Z,28.175,-15.475,0.0
2012-05-07T12:00:00Z,28.175,-15.425,0.0
2012-05-07T12:00:00Z,28.175,-15.375,0.0
2012-05-07T12:00:00Z,28.125,-15.625,0.0
2012-05-07T12:00:00Z,28.125,-15.575,0.0
2012-05-07T12:00:00Z,28.125,-15.525,0.0
2012-05-07T12:00:00Z,28.125,-15.475,0.0
2012-05-07T12:00:00Z,28.125,-15.425,0.0
2012-05-07T12:00:00Z,28.125,-15.375,0.0
2012-05-07T12:00:00Z,28.075,-15.625,NaN
2012-05-07T12:00:00Z,28.075,-15.575,NaN
2012-05-07T12:00:00Z,28.075,-15.525,NaN
2012-05-07T12:00:00Z,28.075,-15.475,0.0
2012-05-07T12:00:00Z,28.075,-15.425,0.0
2012-05-07T12:00:00Z,28.075,-15.375,0.0
2012-05-07T12:00:00Z,28.025,-15.625,NaN
2012-05-07T12:00:00Z,28.025,-15.575,NaN
2012-05-07T12:00:00Z,28.025,-15.525,NaN
2012-05-07T12:00:00Z,28.025,-15.475,NaN
2012-05-07T12:00:00Z,28.025,-15.425,0.0
2012-05-07T12:00:00Z,28.025,-15.375,0.0
2012-05-07T12:00:00Z,27.975,-15.625,NaN
2012-05-07T12:00:00Z,27.975,-15.575,NaN
2012-05-07T12:00:00Z,27.975,-15.525,NaN
2012-05-07T12:00:00Z,27.975,-15.475,NaN
2012-05-07T12:00:00Z,27.975,-15.425,NaN
2012-05-07T12:00:00Z,27.975,-15.375,0.0
2012-05-07T12:00:00Z,27.925,-15.625,NaN
2012-05-07T12:00:00Z,27.925,-15.575,NaN
2012-05-07T12:00:00Z,27.925,-15.525,NaN
2012-05-07T12:00:00Z,27.925,-15.475,NaN
2012-05-07T12:00:00Z,27.925,-15.425,NaN
2012-05-07T12:00:00Z,27.925,-15.375,0.0
2012-05-07T12:00:00Z,27.875,-15.625,NaN
2012-05-07T12:00:00Z,27.875,-15.575,NaN
2012-05-07T12:00:00Z,27.875,-15.525,NaN
2012-05-07T12:00:00Z,27.875,-15.475,NaN
2012-05-07T12:00:00Z,27.875,-15.425,NaN
2012-05-07T12:00:00Z,27.875,-15.375,0.0
2012-05-07T12:00:00Z,27.825,-15.625,NaN
2012-05-07T12:00:00Z,27.825,-15.575,NaN
2012-05-07T12:00:00Z,27.825,-15.525,NaN
2012-05-07T12:00:00Z,27.825,-15.475,NaN
2012-05-07T12:00:00Z,27.825,-15.425,0.0
2012-05-07T12:00:00Z,27.825,-15.375,0.0
2012-06-06T12:00:00Z,28.175,-15.625,0.0
2012-06-06T12:00:00Z,28.175,-15.575,0.0
2012-06-06T12:00:00Z,28.175,-15.525,0.0
2012-06-06T12:00:00Z,28.175,-15.475,0.0
2012-06-06T12:00:00Z,28.175,-15.425,0.0
2012-06-06T12:00:00Z,28.175,-15.375,0.0
2012-06-06T12:00:00Z,28.125,-15.625,0.0
2012-06-06T12:00:00Z,28.125,-15.575,0.0
2012-06-06T12:00:00Z,28.125,-15.525,0.0
2012-06-06T12:00:00Z,28.125,-15.475,0.0
2012-06-06T12:00:00Z,28.125,-15.425,0.0
2012-06-06T12:00:00Z,28.125,-15.375,0.0
2012-06-06T12:00:00Z,28.075,-15.625,NaN
2012-06-06T12:00:00Z,28.075,-15.575,NaN
2012-06-06T12:00:00Z,28.075,-15.525,NaN
2012-06-06T12:00:00Z,28.075,-15.475,0.0
2012-06-06T12:00:00Z,28.075,-15.425,0.0
2012-06-06T12:00:00Z,28.075,-15.375,0.0
2012-06-06T12:00:00Z,28.025,-15.625,NaN
2012-06-06T12:00:00Z,28.025,-15.575,NaN
2012-06-06T12:00:00Z,28.025,-15.525,NaN
2012-06-06T12:00:00Z,28.025,-15.475,NaN
2012-06-06T12:00:00Z,28.025,-15.425,0.0
2012-06-06T12:00:00Z,28.025,-15.375,0.0
2012-06-06T12:00:00Z,27.975,-15.625,NaN
2012-06-06T12:00:00Z,27.975,-15.575,NaN
2012-06-06T12:00:00Z,27.975,-15.525,NaN
2012-06-06T12:00:00Z,27.975,-15.475,NaN
2012-06-06T12:00:00Z,27.975,-15.425,NaN
2012-06-06T12:00:00Z,27.975,-15.375,0.0
2012-06-06T12:00:00Z,27.925,-15.625,NaN
2012-06-06T12:00:00Z,27.925,-15.575,NaN
2012-06-06T12:00:00Z,27.925,-15.525,NaN
2012-06-06T12:00:00Z,27.925,-15.475,NaN
2012-06-06T12:00:00Z,27.925,-15.425,NaN
2012-06-06T12:00:00Z,27.925,-15.375,0.0
2012-06-06T12:00:00Z,27.875,-15.625,NaN
2012-06-06T12:00:00Z,27.875,-15.575,NaN
2012-06-06T12:00:00Z,27.875,-15.525,NaN
2012-06-06T12:00:00Z,27.875,-15.475,NaN
2012-06-06T12:00:00Z,27.875,-15.425,NaN
2012-06-06T12:00:00Z,27.875,-15.375,0.0
2012-06-06T12:00:00Z,27.825,-15.625,NaN
2012-06-06T12:00:00Z,27.825,-15.575,NaN
2012-06-06T12:00:00Z,27.825,-15.525,NaN
2012-06-06T12:00:00Z,27.825,-15.475,NaN
2012-06-06T12:00:00Z,27.825,-15.425,0.0
2012-06-06T12:00:00Z,27.825,-15.375,0.0
2012-07-06T12:00:00Z,28.175,-15.625,0.0
2012-07-06T12:00:00Z,28.175,-15.575,0.0
2012-07-06T12:00:00Z,28.175,-15.525,0.0
2012-07-06T12:00:00Z,28.175,-15.475,0.0
2012-07-06T12:00:00Z,28.175,-15.425,0.0
2012-07-06T12:00:00Z,28.175,-15.375,0.0
2012-07-06T12:00:00Z,28.125,-15.625,0.0
2012-07-06T12:00:00Z,28.125,-15.575,0.0
2012-07-06T12:00:00Z,28.125,-15.525,0.0
2012-07-06T12:00:00Z,28.125,-15.475,0.0
2012-07-06T12:00:00Z,28.125,-15.425,0.0
2012-07-06T12:00:00Z,28.125,-15.375,0.0
2012-07-06T12:00:00Z,28.075,-15.625,NaN
2012-07-06T12:00:00Z,28.075,-15.575,NaN
2012-07-06T12:00:00Z,28.075,-15.525,NaN
2012-07-06T12:00:00Z,28.075,-15.475,0.0
2012-07-06T12:00:00Z,28.075,-15.425,0.0
2012-07-06T12:00:00Z,28.075,-15.375,0.0
2012-07-06T12:00:00Z,28.025,-15.625,NaN
2012-07-06T12:00:00Z,28.025,-15.575,NaN
2012-07-06T12:00:00Z,28.025,-15.525,NaN
2012-07-06T12:00:00Z,28.025,-15.475,NaN
2012-07-06T12:00:00Z,28.025,-15.425,0.0
2012-07-06T12:00:00Z,28.025,-15.375,0.0
2012-07-06T12:00:00Z,27.975,-15.625,NaN
2012-07-06T12:00:00Z,27.975,-15.575,NaN
2012-07-06T12:00:00Z,27.975,-15.525,NaN
2012-07-06T12:00:00Z,27.975,-15.475,NaN
2012-07-06T12:00:00Z,27.975,-15.425,NaN
2012-07-06T12:00:00Z,27.975,-15.375,0.0
2012-07-06T12:00:00Z,27.925,-15.625,NaN
2012-07-06T12:00:00Z,27.925,-15.575,NaN
2012-07-06T12:00:00Z,27.925,-15.525,NaN
2012-07-06T12:00:00Z,27.925,-15.475,NaN
2012-07-06T12:00:00Z,27.925,-15.425,NaN
2012-07-06T12:00:00Z,27.925,-15.375,0.0
2012-07-06T12:00:00Z,27.875,-15.625,NaN
2012-07-06T12:00:00Z,27.875,-15.575,NaN
2012-07-06T12:00:00Z,27.875,-15.525,NaN
2012-07-06T12:00:00Z,27.875,-15.475,NaN
2012-07-06T12:00:00Z,27.875,-15.425,NaN
2012-07-06T12:00:00Z,27.875,-15.375,0.0
2012-07-06T12:00:00Z,27.825,-15.625,NaN
2012-07-06T12:00:00Z,27.825,-15.575,NaN
2012-07-06T12:00:00Z,27.825,-15.525,NaN
2012-07-06T12:00:00Z,27.825,-15.475,NaN
2012-07-06T12:00:00Z,27.825,-15.425,0.0
2012-07-06T12:00:00Z,27.825,-15.375,0.0
2012-08-05T12:00:00Z,28.175,-15.625,0.0
2012-08-05T12:00:00Z,28.175,-15.575,0.0
2012-08-05T12:00:00Z,28.175,-15.525,0.0
2012-08-05T12:00:00Z,28.175,-15.475,0.0
2012-08-05T12:00:00Z,28.175,-15.425,0.0
2012-08-05T12:00:00Z,28.175,-15.375,0.0
2012-08-05T12:00:00Z,28.125,-15.625,0.0
2012-08-05T12:00:00Z,28.125,-15.575,0.0
2012-08-05T12:00:00Z,28.125,-15.525,0.0
2012-08-05T12:00:00Z,28.125,-15.475,0.0
2012-08-05T12:00:00Z,28.125,-15.425,0.0
2012-08-05T12:00:00Z,28.125,-15.375,0.0
2012-08-05T12:00:00Z,28.075,-15.625,NaN
2012-08-05T12:00:00Z,28.075,-15.575,NaN
2012-08-05T12:00:00Z,28.075,-15.525,NaN
2012-08-05T12:00:00Z,28.075,-15.475,0.0
2012-08-05T12:00:00Z,28.075,-15.425,0.0
2012-08-05T12:00:00Z,28.075,-15.375,0.0
2012-08-05T12:00:00Z,28.025,-15.625,NaN
2012-08-05T12:00:00Z,28.025,-15.575,NaN
2012-08-05T12:00:00Z,28.025,-15.525,NaN
2012-08-05T12:00:00Z,28.025,-15.475,NaN
2012-08-05T12:00:00Z,28.025,-15.425,0.0
2012-08-05T12:00:00Z,28.025,-15.375,0.0
2012-08-05T12:00:00Z,27.975,-15.625,NaN
2012-08-05T12:00:00Z,27.975,-15.575,NaN
2012-08-05T12:00:00Z,27.975,-15.525,NaN
2012-08-05T12:00:00Z,27.975,-15.475,NaN
2012-08-05T12:00:00Z,27.975,-15.425,NaN
2012-08-05T12:00:00Z,27.975,-15.375,0.0
2012-08-05T12:00:00Z,27.925,-15.625,NaN
2012-08-05T12:00:00Z,27.925,-15.575,NaN
2012-08-05T12:00:00Z,27.925,-15.525,NaN
2012-08-05T12:00:00Z,27.925,-15.475,NaN
2012-08-05T12:00:00Z,27.925,-15.425,NaN
2012-08-05T12:00:00Z,27.925,-15.375,0.0
2012-08-05T12:00:00Z,27.875,-15.625,NaN
2012-08-05T12:00:00Z,27.875,-15.575,NaN
2012-08-05T12:00:00Z,27.875,-15.525,NaN
2012-08-05T12:00:00Z,27.875,-15.475,NaN
2012-08-05T12:00:00Z,27.875,-15.425,NaN
2012-08-05T12:00:00Z,27.875,-15.375,0.0
2012-08-05T12:00:00Z,27.825,-15.625,NaN
2012-08-05T12:00:00Z,27.825,-15.575,NaN
2012-08-05T12:00:00Z,27.825,-15.525,NaN
2012-08-05T12:00:00Z,27.825,-15.475,NaN
2012-08-05T12:00:00Z,27.825,-15.425,0.0
2012-08-05T12:00:00Z,27.825,-15.375,0.0
2012-09-04T12:00:00Z,28.175,-15.625,0.0
2012-09-04T12:00:00Z,28.175,-15.575,0.0
2012-09-04T12:00:00Z,28.175,-15.525,0.0
2012-09-04T12:00:00Z,28.175,-15.475,0.0
2012-09-04T12:00:00Z,28.175,-15.425,0.0
2012-09-04T12:00:00Z,28.175,-15.375,0.0
2012-09-04T12:00:00Z,28.125,-15.625,0.0
2012-09-04T12:00:00Z,28.125,-15.575,0.0
2012-09-04T12:00:00Z,28.125,-15.525,0.0
2012-09-04T12:00:00Z,28.125,-15.475,0.0
2012-09-04T12:00:00Z,28.125,-15.425,0.0
2012-09-04T12:00:00Z,28.125,-15.375,0.0
2012-09-04T12:00:00Z,28.075,-15.625,NaN
2012-09-04T12:00:00Z,28.075,-15.575,NaN
2012-09-04T12:00:00Z,28.075,-15.525,NaN
2012-09-04T12:00:00Z,28.075,-15.475,0.0
2012-09-04T12:00:00Z,28.075,-15.425,0.0
2012-09-04T12:00:00Z,28.075,-15.375,0.0
2012-09-04T12:00:00Z,28.025,-15.625,NaN
2012-09-04T12:00:00Z,28.025,-15.575,NaN
2012-09-04T12:00:00Z,28.025,-15.525,NaN
2012-09-04T12:00:00Z,28.025,-15.475,NaN
2012-09-04T12:00:00Z,28.025,-15.425,0.0
2012-09-04T12:00:00Z,28.025,-15.375,0.0
2012-09-04T12:00:00Z,27.975,-15.625,NaN
2012-09-04T12:00:00Z,27.975,-15.575,NaN
2012-09-04T12:00:00Z,27.975,-15.525,NaN
2012-09-04T12:00:00Z,27.975,-15.475,NaN
2012-09-04T12:00:00Z,27.975,-15.425,NaN
2012-09-04T12:00:00Z,27.975,-15.375,0.0
2012-09-04T12:00:00Z,27.925,-15.625,NaN
2012-09-04T12:00:00Z,27.925,-15.575,NaN
2012-09-04T12:00:00Z,27.925,-15.525,NaN
2012-09-04T12:00:00Z,27.925,-15.475,NaN
2012-09-04T12:00:00Z,27.925,-15.425,NaN
2012-09-04T12:00:00Z,27.925,-15.375,0.0
2012-09-04T12:00:00Z,27.875,-15.625,NaN
2012-09-04T12:00:00Z,27.875,-15.575,NaN
2012-09-04T12:00:00Z,27.875,-15.525,NaN
2012-09-04T12:00:00Z,27.875,-15.475,NaN
2012-09-04T12:00:00Z,27.875,-15.425,NaN
2012-09-04T12:00:00Z,27.875,-15.375,0.0
2012-09-04T12:00:00Z,27.825,-15.625,NaN
2012-09-04T12:00:00Z,27.825,-15.575,NaN
2012-09-04T12:00:00Z,27.825,-15.525,NaN
2012-09-04T12:00:00Z,27.825,-15.475,NaN
2012-09-04T12:00:00Z,27.825,-15.425,0.0
2012-09-04T12:00:00Z,27.825,-15.375,0.0
2012-10-04T12:00:00Z,28.175,-15.625,5.12
2012-10-04T12:00:00Z,28.175,-15.575,5.1000000000000005
2012-10-04T12:00:00Z,28.175,-15.525,5.12
2012-10-04T12:00:00Z,28.175,-15.475,5.23
2012-10-04T12:00:00Z,28.175,-15.425,5.24
2012-10-04T12:00:00Z,28.175,-15.375,5.71
2012-10-04T12:00:00Z,28.125,-15.625,4.53
2012-10-04T12:00:00Z,28.125,-15.575,4.57
2012-10-04T12:00:00Z,28.125,-15.525,4.62
2012-10-04T12:00:00Z,28.125,-15.475,4.91
2012-10-04T12:00:00Z,28.125,-15.425,5.37
2012-10-04T12:00:00Z,28.125,-15.375,5.53
2012-10-04T12:00:00Z,28.075,-15.625,NaN
2012-10-04T12:00:00Z,28.075,-15.575,NaN
2012-10-04T12:00:00Z,28.075,-15.525,NaN
2012-10-04T12:00:00Z,28.075,-15.475,4.8
2012-10-04T12:00:00Z,28.075,-15.425,5.43
2012-10-04T12:00:00Z,28.075,-15.375,5.5600000000000005
2012-10-04T12:00:00Z,28.025,-15.625,NaN
2012-10-04T12:00:00Z,28.025,-15.575,NaN
2012-10-04T12:00:00Z,28.025,-15.525,NaN
2012-10-04T12:00:00Z,28.025,-15.475,NaN
2012-10-04T12:00:00Z,28.025,-15.425,5.51
2012-10-04T12:00:00Z,28.025,-15.375,5.66
2012-10-04T12:00:00Z,27.975,-15.625,NaN
2012-10-04T12:00:00Z,27.975,-15.575,NaN
2012-10-04T12:00:00Z,27.975,-15.525,NaN
2012-10-04T12:00:00Z,27.975,-15.475,NaN
2012-10-04T12:00:00Z,27.975,-15.425,NaN
2012-10-04T12:00:00Z,27.975,-15.375,5.82
2012-10-04T12:00:00Z,27.925,-15.625,NaN
2012-10-04T12:00:00Z,27.925,-15.575,NaN
2012-10-04T12:00:00Z,27.925,-15.525,NaN
2012-10-04T12:00:00Z,27.925,-15.475,NaN
2012-10-04T12:00:00Z,27.925,-15.425,NaN
2012-10-04T12:00:00Z,27.925,-15.375,5.99
2012-10-04T12:00:00Z,27.875,-15.625,NaN
2012-10-04T12:00:00Z,27.875,-15.575,NaN
2012-10-04T12:00:00Z,27.875,-15.525,NaN
2012-10-04T12:00:00Z,27.875,-15.475,NaN
2012-10-04T12:00:00Z,27.875,-15.425,NaN
2012-10-04T12:00:00Z,27.875,-15.375,6.17
2012-10-04T12:00:00Z,27.825,-15.625,NaN
2012-10-04T12:00:00Z,27.825,-15.575,NaN
2012-10-04T12:00:00Z,27.825,-15.525,NaN
2012-10-04T12:00:00Z,27.825,-15.475,NaN
2012-10-04T12:00:00Z,27.825,-15.425,6.28
2012-10-04T12:00:00Z,27.825,-15.375,6.33
2012-11-03T12:00:00Z,28.175,-15.625,5.57
2012-11-03T12:00:00Z,28.175,-15.575,5.54
2012-11-03T12:00:00Z,28.175,-15.525,5.42
2012-11-03T12:00:00Z,28.175,-15.475,5.68
2012-11-03T12:00:00Z,28.175,-15.425,5.84
2012-11-03T12:00:00Z,28.175,-15.375,6.7700000000000005
2012-11-03T12:00:00Z,28.125,-15.625,4.83
2012-11-03T12:00:00Z,28.125,-15.575,5.0
2012-11-03T12:00:00Z,28.125,-15.525,4.92
2012-11-03T12:00:00Z,28.125,-15.475,5.5
2012-11-03T12:00:00Z,28.125,-15.425,6.28
2012-11-03T12:00:00Z,28.125,-15.375,6.62
2012-11-03T12:00:00Z,28.075,-15.625,NaN
2012-11-03T12:00:00Z,28.075,-15.575,NaN
2012-11-03T12:00:00Z,28.075,-15.525,NaN
2012-11-03T12:00:00Z,28.075,-15.475,5.41
2012-11-03T12:00:00Z,28.075,-15.425,6.66
2012-11-03T12:00:00Z,28.075,-15.375,6.83
2012-11-03T12:00:00Z,28.025,-15.625,NaN
2012-11-03T12:00:00Z,28.025,-15.575,NaN
2012-11-03T12:00:00Z,28.025,-15.525,NaN
2012-11-03T12:00:00Z,28.025,-15.475,NaN
2012-11-03T12:00:00Z,28.025,-15.425,6.94
2012-11-03T12:00:00Z,28.025,-15.375,7.29
2012-11-03T12:00:00Z,27.975,-15.625,NaN
2012-11-03T12:00:00Z,27.975,-15.575,NaN
2012-11-03T12:00:00Z,27.975,-15.525,NaN
2012-11-03T12:00:00Z,27.975,-15.475,NaN
2012-11-03T12:00:00Z,27.975,-15.425,NaN
2012-11-03T12:00:00Z,27.975,-15.375,8.16
2012-11-03T12:00:00Z,27.925,-15.625,NaN
2012-11-03T12:00:00Z,27.925,-15.575,NaN
2012-11-03T12:00:00Z,27.925,-15.525,NaN
2012-11-03T12:00:00Z,27.925,-15.475,NaN
2012-11-03T12:00:00Z,27.925,-15.425,NaN
2012-11-03T12:00:00Z,27.925,-15.375,8.81
2012-11-03T12:00:00Z,27.875,-15.625,NaN
2012-11-03T12:00:00Z,27.875,-15.575,NaN
2012-11-03T12:00:00Z,27.875,-15.525,NaN
2012-11-03T12:00:00Z,27.875,-15.475,NaN
2012-11-03T12:00:00Z,27.875,-15.425,NaN
2012-11-03T12:00:00Z,27.875,-15.375,9.8
2012-11-03T12:00:00Z,27.825,-15.625,NaN
2012-11-03T12:00:00Z,27.825,-15.575,NaN
2012-11-03T12:00:00Z,27.825,-15.525,NaN
2012-11-03T12:00:00Z,27.825,-15.475,NaN
2012-11-03T12:00:00Z,27.825,-15.425,10.23
2012-11-03T12:00:00Z,27.825,-15.375,10.32
2012-12-03T12:00:00Z,28.175,-15.625,5.38
2012-12-03T12:00:00Z,28.175,-15.575,5.33
2012-12-03T12:00:00Z,28.175,-15.525,5.19
2012-12-03T12:00:00Z,28.175,-15.475,5.42
2012-12-03T12:00:00Z,28.175,-15.425,5.55
2012-12-03T12:00:00Z,28.175,-15.375,6.3100000000000005
2012-12-03T12:00:00Z,28.125,-15.625,4.79
2012-12-03T12:00:00Z,28.125,-15.575,4.8100000000000005
2012-12-03T12:00:00Z,28.125,-15.525,4.7
2012-12-03T12:00:00Z,28.125,-15.475,5.26
2012-12-03T12:00:00Z,28.125,-15.425,6.15
2012-12-03T12:00:00Z,28.125,-15.375,6.47
2012-12-03T12:00:00Z,28.075,-15.625,NaN
2012-12-03T12:00:00Z,28.075,-15.575,NaN
2012-12-03T12:00:00Z,28.075,-15.525,NaN
2012-12-03T12:00:00Z,28.075,-15.475,5.3100000000000005
2012-12-03T12:00:00Z,28.075,-15.425,6.54
2012-12-03T12:00:00Z,28.075,-15.375,6.7
2012-12-03T12:00:00Z,28.025,-15.625,NaN
2012-12-03T12:00:00Z,28.025,-15.575,NaN
2012-12-03T12:00:00Z,28.025,-15.525,NaN
2012-12-03T12:00:00Z,28.025,-15.475,NaN
2012-12-03T12:00:00Z,28.025,-15.425,6.84
2012-12-03T12:00:00Z,28.025,-15.375,7.18
2012-12-03T12:00:00Z,27.975,-15.625,NaN
2012-12-03T12:00:00Z,27.975,-15.575,NaN
2012-12-03T12:00:00Z,27.975,-15.525,NaN
2012-12-03T12:00:00Z,27.975,-15.475,NaN
2012-12-03T12:00:00Z,27.975,-15.425,NaN
2012-12-03T12:00:00Z,27.975,-15.375,8.2
2012-12-03T12:00:00Z,27.925,-15.625,NaN
2012-12-03T12:00:00Z,27.925,-15.575,NaN
2012-12-03T12:00:00Z,27.925,-15.525,NaN
2012-12-03T12:00:00Z,27.925,-15.475,NaN
2012-12-03T12:00:00Z,27.925,-15.425,NaN
2012-12-03T12:00:00Z,27.925,-15.375,8.86
2012-12-03T12:00:00Z,27.875,-15.625,NaN
2012-12-03T12:00:00Z,27.875,-15.575,NaN
2012-12-03T12:00:00Z,27.875,-15.525,NaN
2012-12-03T12:00:00Z,27.875,-15.475,NaN
2012-12-03T12:00:00Z,27.875,-15.425,NaN
2012-12-03T12:00:00Z,27.875,-15.375,9.870000000000001
2012-12-03T12:00:00Z,27.825,-15.625,NaN
2012-12-03T12:00:00Z,27.825,-15.575,NaN
2012-12-03T12:00:00Z,27.825,-15.525,NaN
2012-12-03T12:00:00Z,27.825,-15.475,NaN
2012-12-03T12:00:00Z,27.825,-15.425,10.3
2012-12-03T12:00:00Z,27.825,-15.375,10.4
2013-01-02T12:00:00Z,28.175,-15.625,0.47000000000000003
2013-01-02T12:00:00Z,28.175,-15.575,0.47000000000000003
2013-01-02T12:00:00Z,28.175,-15.525,0.47000000000000003
2013-01-02T12:00:00Z,28.175,-15.475,0.62
2013-01-02T12:00:00Z,28.175,-15.425,0.63
2013-01-02T12:00:00Z,28.175,-15.375,0.64
2013-01-02T12:00:00Z,28.125,-15.625,0.32
2013-01-02T12:00:00Z,28.125,-15.575,0.47000000000000003
2013-01-02T12:00:00Z,28.125,-15.525,0.48
2013-01-02T12:00:00Z,28.125,-15.475,0.63
2013-01-02T12:00:00Z,28.125,-15.425,0.79
2013-01-02T12:00:00Z,28.125,-15.375,0.8
2013-01-02T12:00:00Z,28.075,-15.625,NaN
2013-01-02T12:00:00Z,28.075,-15.575,NaN
2013-01-02T12:00:00Z,28.075,-15.525,NaN
2013-01-02T12:00:00Z,28.075,-15.475,0.78
2013-01-02T12:00:00Z,28.075,-15.425,0.96
2013-01-02T12:00:00Z,28.075,-15.375,0.97
2013-01-02T12:00:00Z,28.025,-15.625,NaN
2013-01-02T12:00:00Z,28.025,-15.575,NaN
2013-01-02T12:00:00Z,28.025,-15.525,NaN
2013-01-02T12:00:00Z,28.025,-15.475,NaN
2013-01-02T12:00:00Z,28.025,-15.425,1.0
2013-01-02T12:00:00Z,28.025,-15.375,1.16
2013-01-02T12:00:00Z,27.975,-15.625,NaN
2013-01-02T12:00:00Z,27.975,-15.575,NaN
2013-01-02T12:00:00Z,27.975,-15.525,NaN
2013-01-02T12:00:00Z,27.975,-15.475,NaN
2013-01-02T12:00:00Z,27.975,-15.425,NaN
2013-01-02T12:00:00Z,27.975,-15.375,1.84
2013-01-02T12:00:00Z,27.925,-15.625,NaN
2013-01-02T12:00:00Z,27.925,-15.575,NaN
2013-01-02T12:00:00Z,27.925,-15.525,NaN
2013-01-02T12:00:00Z,27.925,-15.475,NaN
2013-01-02T12:00:00Z,27.925,-15.425,NaN
2013-01-02T12:00:00Z,27.925,-15.375,2.2800000000000002
2013-01-02T12:00:00Z,27.875,-15.625,NaN
2013-01-02T12:00:00Z,27.875,-15.575,NaN
2013-01-02T12:00:00Z,27.875,-15.525,NaN
2013-01-02T12:00:00Z,27.875,-15.475,NaN
2013-01-02T12:00:00Z,27.875,-15.425,NaN
2013-01-02T12:00:00Z,27.875,-15.375,3.04
2013-01-02T12:00:00Z,27.825,-15.625,NaN
2013-01-02T12:00:00Z,27.825,-15.575,NaN
2013-01-02T12:00:00Z,27.825,-15.525,NaN
2013-01-02T12:00:00Z,27.825,-15.475,NaN
2013-01-02T12:00:00Z,27.825,-15.425,3.29
2013-01-02T12:00:00Z,27.825,-15.375,3.34
2013-02-01T12:00:00Z,28.175,-15.625,0.0
2013-02-01T12:00:00Z,28.175,-15.575,0.0
2013-02-01T12:00:00Z,28.175,-15.525,0.0
2013-02-01T12:00:00Z,28.175,-15.475,0.0
2013-02-01T12:00:00Z,28.175,-15.425,0.0
2013-02-01T12:00:00Z,28.175,-15.375,0.0
2013-02-01T12:00:00Z,28.125,-15.625,0.0
2013-02-01T12:00:00Z,28.125,-15.575,0.0
2013-02-01T12:00:00Z,28.125,-15.525,0.0
2013-02-01T12:00:00Z,28.125,-15.475,0.0
2013-02-01T12:00:00Z,28.125,-15.425,0.0
2013-02-01T12:00:00Z,28.125,-15.375,0.0
2013-02-01T12:00:00Z,28.075,-15.625,NaN
2013-02-01T12:00:00Z,28.075,-15.575,NaN
2013-02-01T12:00:00Z,28.075,-15.525,NaN
2013-02-01T12:00:00Z,28.075,-15.475,0.0
2013-02-01T12:00:00Z,28.075,-15.425,0.0
2013-02-01T12:00:00Z,28.075,-15.375,0.0
2013-02-01T12:00:00Z,28.025,-15.625,NaN
2013-02-01T12:00:00Z,28.025,-15.575,NaN
2013-02-01T12:00:00Z,28.025,-15.525,NaN
2013-02-01T12:00:00Z,28.025,-15.475,NaN
2013-02-01T12:00:00Z,28.025,-15.425,0.0
2013-02-01T12:00:00Z,28.025,-15.375,0.0
2013-02-01T12:00:00Z,27.975,-15.625,NaN
2013-02-01T12:00:00Z,27.975,-15.575,NaN
2013-02-01T12:00:00Z,27.975,-15.525,NaN
2013-02-01T12:00:00Z,27.975,-15.475,NaN
2013-02-01T12:00:00Z,27.975,-15.425,NaN
2013-02-01T12:00:00Z,27.975,-15.375,0.0
2013-02-01T12:00:00Z,27.925,-15.625,NaN
2013-02-01T12:00:00Z,27.925,-15.575,NaN
2013-02-01T12:00:00Z,27.925,-15.525,NaN
2013-02-01T12:00:00Z,27.925,-15.475,NaN
2013-02-01T12:00:00Z,27.925,-15.425,NaN
2013-02-01T12:00:00Z,27.925,-15.375,0.0
2013-02-01T12:00:00Z,27.875,-15.625,NaN
2013-02-01T12:00:00Z,27.875,-15.575,NaN
2013-02-01T12:00:00Z,27.875,-15.525,NaN
2013-02-01T12:00:00Z,27.875,-15.475,NaN
2013-02-01T12:00:00Z,27.875,-15.425,NaN
2013-02-01T12:00:00Z,27.875,-15.375,0.0
2013-02-01T12:00:00Z,27.825,-15.625,NaN
2013-02-01T12:00:00Z,27.825,-15.575,NaN
2013-02-01T12:00:00Z,27.825,-15.525,NaN
2013-02-01T12:00:00Z,27.825,-15.475,NaN
2013-02-01T12:00:00Z,27.825,-15.425,0.0
2013-02-01T12:00:00Z,27.825,-15.375,0.0
2013-03-03T12:00:00Z,28.175,-15.625,0.0
2013-03-03T12:00:00Z,28.175,-15.575,0.0
2013-03-03T12:00:00Z,28.175,-15.525,0.0
2013-03-03T12:00:00Z,28.175,-15.475,0.0
2013-03-03T12:00:00Z,28.175,-15.425,0.0
2013-03-03T12:00:00Z,28.175,-15.375,0.0
2013-03-03T12:00:00Z,28.125,-15.625,0.0
2013-03-03T12:00:00Z,28.125,-15.575,0.0
2013-03-03T12:00:00Z,28.125,-15.525,0.0
2013-03-03T12:00:00Z,28.125,-15.475,0.0
2013-03-03T12:00:00Z,28.125,-15.425,0.0
2013-03-03T12:00:00Z,28.125,-15.375,0.0
2013-03-03T12:00:00Z,28.075,-15.625,NaN
2013-03-03T12:00:00Z,28.075,-15.575,NaN
2013-03-03T12:00:00Z,28.075,-15.525,NaN
2013-03-03T12:00:00Z,28.075,-15.475,0.0
2013-03-03T12:00:00Z,28.075,-15.425,0.0
2013-03-03T12:00:00Z,28.075,-15.375,0.0
2013-03-03T12:00:00Z,28.025,-15.625,NaN
2013-03-03T12:00:00Z,28.025,-15.575,NaN
2013-03-03T12:00:00Z,28.025,-15.525,NaN
2013-03-03T12:00:00Z,28.025,-15.475,NaN
2013-03-03T12:00:00Z,28.025,-15.425,0.0
2013-03-03T12:00:00Z,28.025,-15.375,0.0
2013-03-03T12:00:00Z,27.975,-15.625,NaN
2013-03-03T12:00:00Z,27.975,-15.575,NaN
2013-03-03T12:00:00Z,27.975,-15.525,NaN
2013-03-03T12:00:00Z,27.975,-15.475,NaN
2013-03-03T12:00:00Z,27.975,-15.425,NaN
2013-03-03T12:00:00Z,27.975,-15.375,0.0
2013-03-03T12:00:00Z,27.925,-15.625,NaN
2013-03-03T12:00:00Z,27.925,-15.575,NaN
2013-03-03T12:00:00Z,27.925,-15.525,NaN
2013-03-03T12:00:00Z,27.925,-15.475,NaN
2013-03-03T12:00:00Z,27.925,-15.425,NaN
2013-03-03T12:00:00Z,27.925,-15.375,0.0
2013-03-03T12:00:00Z,27.875,-15.625,NaN
2013-03-03T12:00:00Z,27.875,-15.575,NaN
2013-03-03T12:00:00Z,27.875,-15.525,NaN
2013-03-03T12:00:00Z,27.875,-15.475,NaN
2013-03-03T12:00:00Z,27.875,-15.425,NaN
2013-03-03T12:00:00Z,27.875,-15.375,0.0
2013-03-03T12:00:00Z,27.825,-15.625,NaN
2013-03-03T12:00:00Z,27.825,-15.575,NaN
2013-03-03T12:00:00Z,27.825,-15.525,NaN
2013-03-03T12:00:00Z,27.825,-15.475,NaN
2013-03-03T12:00:00Z,27.825,-15.425,0.0
2013-03-03T12:00:00Z,27.825,-15.375,0.0
2013-04-02T12:00:00Z,28.175,-15.625,0.0
2013-04-02T12:00:00Z,28.175,-15.575,0.0
2013-04-02T12:00:00Z,28.175,-15.525,0.0
2013-04-02T12:00:00Z,28.175,-15.475,0.0
2013-04-02T12:00:00Z,28.175,-15.425,0.0
2013-04-02T12:00:00Z,28.175,-15.375,0.0
2013-04-02T12:00:00Z,28.125,-15.625,0.0
2013-04-02T12:00:00Z,28.125,-15.575,0.0
2013-04-02T12:00:00Z,28.125,-15.525,0.0
2013-04-02T12:00:00Z,28.125,-15.475,0.0
2013-04-02T12:00:00Z,28.125,-15.425,0.0
2013-04-02T12:00:00Z,28.125,-15.375,0.0
2013-04-02T12:00:00Z,28.075,-15.625,NaN
2013-04-02T12:00:00Z,28.075,-15.575,NaN
2013-04-02T12:00:00Z,28.075,-15.525,NaN
2013-04-02T12:00:00Z,28.075,-15.475,0.0
2013-04-02T12:00:00Z,28.075,-15.425,0.0
2013-04-02T12:00:00Z,28.075,-15.375,0.0
2013-04-02T12:00:00Z,28.025,-15.625,NaN
2013-04-02T12:00:00Z,28.025,-15.575,NaN
2013-04-02T12:00:00Z,28.025,-15.525,NaN
2013-04-02T12:00:00Z,28.025,-15.475,NaN
2013-04-02T12:00:00Z,28.025,-15.425,0.0
2013-04-02T12:00:00Z,28.025,-15.375,0.0
2013-04-02T12:00:00Z,27.975,-15.625,NaN
2013-04-02T12:00:00Z,27.975,-15.575,NaN
2013-04-02T12:00:00Z,27.975,-15.525,NaN
2013-04-02T12:00:00Z,27.975,-15.475,NaN
2013-04-02T12:00:00Z,27.975,-15.425,NaN
2013-04-02T12:00:00Z,27.975,-15.375,0.0
2013-04-02T12:00:00Z,27.925,-15.625,NaN
2013-04-02T12:00:00Z,27.925,-15.575,NaN
2013-04-02T12:00:00Z,27.925,-15.525,NaN
2013-04-02T12:00:00Z,27.925,-15.475,NaN
2013-04-02T12:00:00Z,27.925,-15.425,NaN
2013-04-02T12:00:00Z,27.925,-15.375,0.0
2013-04-02T12:00:00Z,27.875,-15.625,NaN
2013-04-02T12:00:00Z,27.875,-15.575,NaN
2013-04-02T12:00:00Z,27.875,-15.525,NaN
2013-04-02T12:00:00Z,27.875,-15.475,NaN
2013-04-02T12:00:00Z,27.875,-15.425,NaN
2013-04-02T12:00:00Z,27.875,-15.375,0.0
2013-04-02T12:00:00Z,27.825,-15.625,NaN
2013-04-02T12:00:00Z,27.825,-15.575,NaN
2013-04-02T12:00:00Z,27.825,-15.525,NaN
2013-04-02T12:00:00Z,27.825,-15.475,NaN
2013-04-02T12:00:00Z,27.825,-15.425,0.0
2013-04-02T12:00:00Z,27.825,-15.375,0.0
2013-05-02T12:00:00Z,28.175,-15.625,0.0
2013-05-02T12:00:00Z,28.175,-15.575,0.0
2013-05-02T12:00:00Z,28.175,-15.525,0.0
2013-05-02T12:00:00Z,28.175,-15.475,0.0
2013-05-02T12:00:00Z,28.175,-15.425,0.0
2013-05-02T12:00:00Z,28.175,-15.375,0.0
2013-05-02T12:00:00Z,28.125,-15.625,0.0
2013-05-02T12:00:00Z,28.125,-15.575,0.0
2013-05-02T12:00:00Z,28.125,-15.525,0.0
2013-05-02T12:00:00Z,28.125,-15.475,0.0
2013-05-02T12:00:00Z,28.125,-15.425,0.0
2013-05-02T12:00:00Z,28.125,-15.375,0.0
2013-05-02T12:00:00Z,28.075,-15.625,NaN
2013-05-02T12:00:00Z,28.075,-15.575,NaN
2013-05-02T12:00:00Z,28.075,-15.525,NaN
2013-05-02T12:00:00Z,28.075,-15.475,0.0
2013-05-02T12:00:00Z,28.075,-15.425,0.0
2013-05-02T12:00:00Z,28.075,-15.375,0.0
2013-05-02T12:00:00Z,28.025,-15.625,NaN
2013-05-02T12:00:00Z,28.025,-15.575,NaN
2013-05-02T12:00:00Z,28.025,-15.525,NaN
2013-05-02T12:00:00Z,28.025,-15.475,NaN
2013-05-02T12:00:00Z,28.025,-15.425,0.0
2013-05-02T12:00:00Z,28.025,-15.375,0.0
2013-05-02T12:00:00Z,27.975,-15.625,NaN
2013-05-02T12:00:00Z,27.975,-15.575,NaN
2013-05-02T12:00:00Z,27.975,-15.525,NaN
2013-05-02T12:00:00Z,27.975,-15.475,NaN
2013-05-02T12:00:00Z,27.975,-15.425,NaN
2013-05-02T12:00:00Z,27.975,-15.375,0.0
2013-05-02T12:00:00Z,27.925,-15.625,NaN
2013-05-02T12:00:00Z,27.925,-15.575,NaN
2013-05-02T12:00:00Z,27.925,-15.525,NaN
2013-05-02T12:00:00Z,27.925,-15.475,NaN
2013-05-02T12:00:00Z,27.925,-15.425,NaN
2013-05-02T12:00:00Z,27.925,-15.375,0.0
2013-05-02T12:00:00Z,27.875,-15.625,NaN
2013-05-02T12:00:00Z,27.875,-15.575,NaN
2013-05-02T12:00:00Z,27.875,-15.525,NaN
2013-05-02T12:00:00Z,27.875,-15.475,NaN
2013-05-02T12:00:00Z,27.875,-15.425,NaN
2013-05-02T12:00:00Z,27.875,-15.375,0.0
2013-05-02T12:00:00Z,27.825,-15.625,NaN
2013-05-02T12:00:00Z,27.825,-15.575,NaN
2013-05-02T12:00:00Z,27.825,-15.525,NaN
2013-05-02T12:00:00Z,27.825,-15.475,NaN
2013-05-02T12:00:00Z,27.825,-15.425,0.0
2013-05-02T12:00:00Z,27.825,-15.375,0.0
2013-06-01T12:00:00Z,28.175,-15.625,0.0
2013-06-01T12:00:00Z,28.175,-15.575,0.0
2013-06-01T12:00:00Z,28.175,-15.525,0.0
2013-06-01T12:00:00Z,28.175,-15.475,0.0
2013-06-01T12:00:00Z,28.175,-15.425,0.0
2013-06-01T12:00:00Z,28.175,-15.375,0.0
2013-06-01T12:00:00Z,28.125,-15.625,0.0
2013-06-01T12:00:00Z,28.125,-15.575,0.0
2013-06-01T12:00:00Z,28.125,-15.525,0.0
2013-06-01T12:00:00Z,28.125,-15.475,0.0
2013-06-01T12:00:00Z,28.125,-15.425,0.0
2013-06-01T12:00:00Z,28.125,-15.375,0.0
2013-06-01T12:00:00Z,28.075,-15.625,NaN
2013-06-01T12:00:00Z,28.075,-15.575,NaN
2013-06-01T12:00:00Z,28.075,-15.525,NaN
2013-06-01T12:00:00Z,28.075,-15.475,0.0
2013-06-01T12:00:00Z,28.075,-15.425,0.0
2013-06-01T12:00:00Z,28.075,-15.375,0.0
2013-06-01T12:00:00Z,28.025,-15.625,NaN
2013-06-01T12:00:00Z,28.025,-15.575,NaN
2013-06-01T12:00:00Z,28.025,-15.525,NaN
2013-06-01T12:00:00Z,28.025,-15.475,NaN
2013-06-01T12:00:00Z,28.025,-15.425,0.0
2013-06-01T12:00:00Z,28.025,-15.375,0.0
2013-06-01T12:00:00Z,27.975,-15.625,NaN
2013-06-01T12:00:00Z,27.975,-15.575,NaN
2013-06-01T12:00:00Z,27.975,-15.525,NaN
2013-06-01T12:00:00Z,27.975,-15.475,NaN
2013-06-01T12:00:00Z,27.975,-15.425,NaN
2013-06-01T12:00:00Z,27.975,-15.375,0.0
2013-06-01T12:00:00Z,27.925,-15.625,NaN
2013-06-01T12:00:00Z,27.925,-15.575,NaN
2013-06-01T12:00:00Z,27.925,-15.525,NaN
2013-06-01T12:00:00Z,27.925,-15.475,NaN
2013-06-01T12:00:00Z,27.925,-15.425,NaN
2013-06-01T12:00:00Z,27.925,-15.375,0.0
2013-06-01T12:00:00Z,27.875,-15.625,NaN
2013-06-01T12:00:00Z,27.875,-15.575,NaN
2013-06-01T12:00:00Z,27.875,-15.525,NaN
2013-06-01T12:00:00Z,27.875,-15.475,NaN
2013-06-01T12:00:00Z,27.875,-15.425,NaN
2013-06-01T12:00:00Z,27.875,-15.375,0.0
2013-06-01T12:00:00Z,27.825,-15.625,NaN
2013-06-01T12:00:00Z,27.825,-15.575,NaN
2013-06-01T12:00:00Z,27.825,-15.525,NaN
2013-06-01T12:00:00Z,27.825,-15.475,NaN
2013-06-01T12:00:00Z,27.825,-15.425,0.0
2013-06-01T12:00:00Z,27.825,-15.375,0.0
2013-07-01T12:00:00Z,28.175,-15.625,0.0
2013-07-01T12:00:00Z,28.175,-15.575,0.0
2013-07-01T12:00:00Z,28.175,-15.525,0.0
2013-07-01T12:00:00Z,28.175,-15.475,0.0
2013-07-01T12:00:00Z,28.175,-15.425,0.0
2013-07-01T12:00:00Z,28.175,-15.375,0.0
2013-07-01T12:00:00Z,28.125,-15.625,0.0
2013-07-01T12:00:00Z,28.125,-15.575,0.0
2013-07-01T12:00:00Z,28.125,-15.525,0.0
2013-07-01T12:00:00Z,28.125,-15.475,0.0
2013-07-01T12:00:00Z,28.125,-15.425,0.0
2013-07-01T12:00:00Z,28.125,-15.375,0.0
2013-07-01T12:00:00Z,28.075,-15.625,NaN
2013-07-01T12:00:00Z,28.075,-15.575,NaN
2013-07-01T12:00:00Z,28.075,-15.525,NaN
2013-07-01T12:00:00Z,28.075,-15.475,0.0
2013-07-01T12:00:00Z,28.075,-15.425,0.0
2013-07-01T12:00:00Z,28.075,-15.375,0.0
2013-07-01T12:00:00Z,28.025,-15.625,NaN
2013-07-01T12:00:00Z,28.025,-15.575,NaN
2013-07-01T12:00:00Z,28.025,-15.525,NaN
2013-07-01T12:00:00Z,28.025,-15.475,NaN
2013-07-01T12:00:00Z,28.025,-15.425,0.0
2013-07-01T12:00:00Z,28.025,-15.375,0.0
2013-07-01T12:00:00Z,27.975,-15.625,NaN
2013-07-01T12:00:00Z,27.975,-15.575,NaN
2013-07-01T12:00:00Z,27.975,-15.525,NaN
2013-07-01T12:00:00Z,27.975,-15.475,NaN
2013-07-01T12:00:00Z,27.975,-15.425,NaN
2013-07-01T12:00:00Z,27.975,-15.375,0.0
2013-07-01T12:00:00Z,27.925,-15.625,NaN
2013-07-01T12:00:00Z,27.925,-15.575,NaN
2013-07-01T12:00:00Z,27.925,-15.525,NaN
2013-07-01T12:00:00Z,27.925,-15.475,NaN
2013-07-01T12:00:00Z,27.925,-15.425,NaN
2013-07-01T12:00:00Z,27.925,-15.375,0.0
2013-07-01T12:00:00Z,27.875,-15.625,NaN
2013-07-01T12:00:00Z,27.875,-15.575,NaN
2013-07-01T12:00:00Z,27.875,-15.525,NaN
2013-07-01T12:00:00Z,27.875,-15.475,NaN
2013-07-01T12:00:00Z,27.875,-15.425,NaN
2013-07-01T12:00:00Z,27.875,-15.375,0.0
2013-07-01T12:00:00Z,27.825,-15.625,NaN
2013-07-01T12:00:00Z,27.825,-15.575,NaN
2013-07-01T12:00:00Z,27.825,-15.525,NaN
2013-07-01T12:00:00Z,27.825,-15.475,NaN
2013-07-01T12:00:00Z,27.825,-15.425,0.0
2013-07-01T12:00:00Z,27.825,-15.375,0.0
2013-07-31T12:00:00Z,28.175,-15.625,0.0
2013-07-31T12:00:00Z,28.175,-15.575,0.0
2013-07-31T12:00:00Z,28.175,-15.525,0.0
2013-07-31T12:00:00Z,28.175,-15.475,0.0
2013-07-31T12:00:00Z,28.175,-15.425,0.0
2013-07-31T12:00:00Z,28.175,-15.375,0.0
2013-07-31T12:00:00Z,28.125,-15.625,0.0
2013-07-31T12:00:00Z,28.125,-15.575,0.0
2013-07-31T12:00:00Z,28.125,-15.525,0.0
2013-07-31T12:00:00Z,28.125,-15.475,0.0
2013-07-31T12:00:00Z,28.125,-15.425,0.0
2013-07-31T12:00:00Z,28.125,-15.375,0.0
2013-07-31T12:00:00Z,28.075,-15.625,NaN
2013-07-31T12:00:00Z,28.075,-15.575,NaN
2013-07-31T12:00:00Z,28.075,-15.525,NaN
2013-07-31T12:00:00Z,28.075,-15.475,0.0
2013-07-31T12:00:00Z,28.075,-15.425,0.0
2013-07-31T12:00:00Z,28.075,-15.375,0.0
2013-07-31T12:00:00Z,28.025,-15.625,NaN
2013-07-31T12:00:00Z,28.025,-15.575,NaN
2013-07-31T12:00:00Z,28.025,-15.525,NaN
2013-07-31T12:00:00Z,28.025,-15.475,NaN
2013-07-31T12:00:00Z,28.025,-15.425,0.0
2013-07-31T12:00:00Z,28.025,-15.375,0.0
2013-07-31T12:00:00Z,27.975,-15.625,NaN
2013-07-31T12:00:00Z,27.975,-15.575,NaN
2013-07-31T12:00:00Z,27.975,-15.525,NaN
2013-07-31T12:00:00Z,27.975,-15.475,NaN
2013-07-31T12:00:00Z,27.975,-15.425,NaN
2013-07-31T12:00:00Z,27.975,-15.375,0.0
2013-07-31T12:00:00Z,27.925,-15.625,NaN
2013-07-31T12:00:00Z,27.925,-15.575,NaN
2013-07-31T12:00:00Z,27.925,-15.525,NaN
2013-07-31T12:00:00Z,27.925,-15.475,NaN
2013-07-31T12:00:00Z,27.925,-15.425,NaN
2013-07-31T12:00:00Z,27.925,-15.375,0.0
2013-07-31T12:00:00Z,27.875,-15.625,NaN
2013-07-31T12:00:00Z,27.875,-15.575,NaN
2013-07-31T12:00:00Z,27.875,-15.525,NaN
2013-07-31T12:00:00Z,27.875,-15.475,NaN
2013-07-31T12:00:00Z,27.875,-15.425,NaN
2013-07-31T12:00:00Z,27.875,-15.375,0.0
2013-07-31T12:00:00Z,27.825,-15.625,NaN
2013-07-31T12:00:00Z,27.825,-15.575,NaN
2013-07-31T12:00:00Z,27.825,-15.525,NaN
2013-07-31T12:00:00Z,27.825,-15.475,NaN
2013-07-31T12:00:00Z,27.825,-15.425,0.0
2013-07-31T12:00:00Z,27.825,-15.375,0.0
2013-08-30T12:00:00Z,28.175,-15.625,0.0
2013-08-30T12:00:00Z,28.175,-15.575,0.0
2013-08-30T12:00:00Z,28.175,-15.525,0.0
2013-08-30T12:00:00Z,28.175,-15.475,0.0
2013-08-30T12:00:00Z,28.175,-15.425,0.0
2013-08-30T12:00:00Z,28.175,-15.375,0.0
2013-08-30T12:00:00Z,28.125,-15.625,0.0
2013-08-30T12:00:00Z,28.125,-15.575,0.0
2013-08-30T12:00:00Z,28.125,-15.525,0.0
2013-08-30T12:00:00Z,28.125,-15.475,0.0
2013-08-30T12:00:00Z,28.125,-15.425,0.0
2013-08-30T12:00:00Z,28.125,-15.375,0.0
2013-08-30T12:00:00Z,28.075,-15.625,NaN
2013-08-30T12:00:00Z,28.075,-15.575,NaN
2013-08-30T12:00:00Z,28.075,-15.525,NaN
2013-08-30T12:00:00Z,28.075,-15.475,0.0
2013-08-30T12:00:00Z,28.075,-15.425,0.0
2013-08-30T12:00:00Z,28.075,-15.375,0.0
2013-08-30T12:00:00Z,28.025,-15.625,NaN
2013-08-30T12:00:00Z,28.025,-15.575,NaN
2013-08-30T12:00:00Z,28.025,-15.525,NaN
2013-08-30T12:00:00Z,28.025,-15.475,NaN
2013-08-30T12:00:00Z,28.025,-15.425,0.0
2013-08-30T12:00:00Z,28.025,-15.375,0.0
2013-08-30T12:00:00Z,27.975,-15.625,NaN
2013-08-30T12:00:00Z,27.975,-15.575,NaN
2013-08-30T12:00:00Z,27.975,-15.525,NaN
2013-08-30T12:00:00Z,27.975,-15.475,NaN
2013-08-30T12:00:00Z,27.975,-15.425,NaN
2013-08-30T12:00:00Z,27.975,-15.375,0.0
2013-08-30T12:00:00Z,27.925,-15.625,NaN
2013-08-30T12:00:00Z,27.925,-15.575,NaN
2013-08-30T12:00:00Z,27.925,-15.525,NaN
2013-08-30T12:00:00Z,27.925,-15.475,NaN
2013-08-30T12:00:00Z,27.925,-15.425,NaN
2013-08-30T12:00:00Z,27.925,-15.375,0.0
2013-08-30T12:00:00Z,27.875,-15.625,NaN
2013-08-30T12:00:00Z,27.875,-15.575,NaN
2013-08-30T12:00:00Z,27.875,-15.525,NaN
2013-08-30T12:00:00Z,27.875,-15.475,NaN
2013-08-30T12:00:00Z,27.875,-15.425,NaN
2013-08-30T12:00:00Z,27.875,-15.375,0.0
2013-08-30T12:00:00Z,27.825,-15.625,NaN
2013-08-30T12:00:00Z,27.825,-15.575,NaN
2013-08-30T12:00:00Z,27.825,-15.525,NaN
2013-08-30T12:00:00Z,27.825,-15.475,NaN
2013-08-30T12:00:00Z,27.825,-15.425,0.0
2013-08-30T12:00:00Z,27.825,-15.375,0.0
2013-09-29T12:00:00Z,28.175,-15.625,0.21
2013-09-29T12:00:00Z,28.175,-15.575,0.21
2013-09-29T12:00:00Z,28.175,-15.525,0.22
2013-09-29T12:00:00Z,28.175,-15.475,0.37
2013-09-29T12:00:00Z,28.175,-15.425,0.39
2013-09-29T12:00:00Z,28.175,-15.375,0.5700000000000001
2013-09-29T12:00:00Z,28.125,-15.625,0.21
2013-09-29T12:00:00Z,28.125,-15.575,0.21
2013-09-29T12:00:00Z,28.125,-15.525,0.21
2013-09-29T12:00:00Z,28.125,-15.475,0.22
2013-09-29T12:00:00Z,28.125,-15.425,0.38
2013-09-29T12:00:00Z,28.125,-15.375,0.41000000000000003
2013-09-29T12:00:00Z,28.075,-15.625,NaN
2013-09-29T12:00:00Z,28.075,-15.575,NaN
2013-09-29T12:00:00Z,28.075,-15.525,NaN
2013-09-29T12:00:00Z,28.075,-15.475,0.21
2013-09-29T12:00:00Z,28.075,-15.425,0.38
2013-09-29T12:00:00Z,28.075,-15.375,0.41000000000000003
2013-09-29T12:00:00Z,28.025,-15.625,NaN
2013-09-29T12:00:00Z,28.025,-15.575,NaN
2013-09-29T12:00:00Z,28.025,-15.525,NaN
2013-09-29T12:00:00Z,28.025,-15.475,NaN
2013-09-29T12:00:00Z,28.025,-15.425,0.38
2013-09-29T12:00:00Z,28.025,-15.375,0.4
2013-09-29T12:00:00Z,27.975,-15.625,NaN
2013-09-29T12:00:00Z,27.975,-15.575,NaN
2013-09-29T12:00:00Z,27.975,-15.525,NaN
2013-09-29T12:00:00Z,27.975,-15.475,NaN
2013-09-29T12:00:00Z,27.975,-15.425,NaN
2013-09-29T12:00:00Z,27.975,-15.375,0.4
2013-09-29T12:00:00Z,27.925,-15.625,NaN
2013-09-29T12:00:00Z,27.925,-15.575,NaN
2013-09-29T12:00:00Z,27.925,-15.525,NaN
2013-09-29T12:00:00Z,27.925,-15.475,NaN
2013-09-29T12:00:00Z,27.925,-15.425,NaN
2013-09-29T12:00:00Z,27.925,-15.375,0.4
2013-09-29T12:00:00Z,27.875,-15.625,NaN
2013-09-29T12:00:00Z,27.875,-15.575,NaN
2013-09-29T12:00:00Z,27.875,-15.525,NaN
2013-09-29T12:00:00Z,27.875,-15.475,NaN
2013-09-29T12:00:00Z,27.875,-15.425,NaN
2013-09-29T12:00:00Z,27.875,-15.375,0.39
2013-09-29T12:00:00Z,27.825,-15.625,NaN
2013-09-29T12:00:00Z,27.825,-15.575,NaN
2013-09-29T12:00:00Z,27.825,-15.525,NaN
2013-09-29T12:00:00Z,27.825,-15.475,NaN
2013-09-29T12:00:00Z,27.825,-15.425,0.36
2013-09-29T12:00:00Z,27.825,-15.375,0.38
2013-10-29T12:00:00Z,28.175,-15.625,1.42
2013-10-29T12:00:00Z,28.175,-15.575,1.73
2013-10-29T12:00:00Z,28.175,-15.525,1.78
2013-10-29T12:00:00Z,28.175,-15.475,1.97
2013-10-29T12:00:00Z,28.175,-15.425,2.05
2013-10-29T12:00:00Z,28.175,-15.375,2.29
2013-10-29T12:00:00Z,28.125,-15.625,1.25
2013-10-29T12:00:00Z,28.125,-15.575,1.71
2013-10-29T12:00:00Z,28.125,-15.525,1.76
2013-10-29T12:00:00Z,28.125,-15.475,1.84
2013-10-29T12:00:00Z,28.125,-15.425,2.06
2013-10-29T12:00:00Z,28.125,-15.375,2.16
2013-10-29T12:00:00Z,28.075,-15.625,NaN
2013-10-29T12:00:00Z,28.075,-15.575,NaN
2013-10-29T12:00:00Z,28.075,-15.525,NaN
2013-10-29T12:00:00Z,28.075,-15.475,1.85
2013-10-29T12:00:00Z,28.075,-15.425,2.24
2013-10-29T12:00:00Z,28.075,-15.375,2.32
2013-10-29T12:00:00Z,28.025,-15.625,NaN
2013-10-29T12:00:00Z,28.025,-15.575,NaN
2013-10-29T12:00:00Z,28.025,-15.525,NaN
2013-10-29T12:00:00Z,28.025,-15.475,NaN
2013-10-29T12:00:00Z,28.025,-15.425,2.2800000000000002
2013-10-29T12:00:00Z,28.025,-15.375,2.36
2013-10-29T12:00:00Z,27.975,-15.625,NaN
2013-10-29T12:00:00Z,27.975,-15.575,NaN
2013-10-29T12:00:00Z,27.975,-15.525,NaN
2013-10-29T12:00:00Z,27.975,-15.475,NaN
2013-10-29T12:00:00Z,27.975,-15.425,NaN
2013-10-29T12:00:00Z,27.975,-15.375,2.56
2013-10-29T12:00:00Z,27.925,-15.625,NaN
2013-10-29T12:00:00Z,27.925,-15.575,NaN
2013-10-29T12:00:00Z,27.925,-15.525,NaN
2013-10-29T12:00:00Z,27.925,-15.475,NaN
2013-10-29T12:00:00Z,27.925,-15.425,NaN
2013-10-29T12:00:00Z,27.925,-15.375,2.59
2013-10-29T12:00:00Z,27.875,-15.625,NaN
2013-10-29T12:00:00Z,27.875,-15.575,NaN
2013-10-29T12:00:00Z,27.875,-15.525,NaN
2013-10-29T12:00:00Z,27.875,-15.475,NaN
2013-10-29T12:00:00Z,27.875,-15.425,NaN
2013-10-29T12:00:00Z,27.875,-15.375,2.59
2013-10-29T12:00:00Z,27.825,-15.625,NaN
2013-10-29T12:00:00Z,27.825,-15.575,NaN
2013-10-29T12:00:00Z,27.825,-15.525,NaN
2013-10-29T12:00:00Z,27.825,-15.475,NaN
2013-10-29T12:00:00Z,27.825,-15.425,2.52
2013-10-29T12:00:00Z,27.825,-15.375,2.58
2013-11-28T12:00:00Z,28.175,-15.625,1.42
2013-11-28T12:00:00Z,28.175,-15.575,1.73
2013-11-28T12:00:00Z,28.175,-15.525,1.78
2013-11-28T12:00:00Z,28.175,-15.475,1.97
2013-11-28T12:00:00Z,28.175,-15.425,2.05
2013-11-28T12:00:00Z,28.175,-15.375,2.29
2013-11-28T12:00:00Z,28.125,-15.625,1.25
2013-11-28T12:00:00Z,28.125,-15.575,1.71
2013-11-28T12:00:00Z,28.125,-15.525,1.76
2013-11-28T12:00:00Z,28.125,-15.475,1.84
2013-11-28T12:00:00Z,28.125,-15.425,2.06
2013-11-28T12:00:00Z,28.125,-15.375,2.16
2013-11-28T12:00:00Z,28.075,-15.625,NaN
2013-11-28T12:00:00Z,28.075,-15.575,NaN
2013-11-28T12:00:00Z,28.075,-15.525,NaN
2013-11-28T12:00:00Z,28.075,-15.475,1.85
2013-11-28T12:00:00Z,28.075,-15.425,2.24
2013-11-28T12:00:00Z,28.075,-15.375,2.32
2013-11-28T12:00:00Z,28.025,-15.625,NaN
2013-11-28T12:00:00Z,28.025,-15.575,NaN
2013-11-28T12:00:00Z,28.025,-15.525,NaN
2013-11-28T12:00:00Z,28.025,-15.475,NaN
2013-11-28T12:00:00Z,28.025,-15.425,2.2800000000000002
2013-11-28T12:00:00Z,28.025,-15.375,2.36
2013-11-28T12:00:00Z,27.975,-15.625,NaN
2013-11-28T12:00:00Z,27.975,-15.575,NaN
2013-11-28T12:00:00Z,27.975,-15.525,NaN
2013-11-28T12:00:00Z,27.975,-15.475,NaN
2013-11-28T12:00:00Z,27.975,-15.425,NaN
2013-11-28T12:00:00Z,27.975,-15.375,2.56
2013-11-28T12:00:00Z,27.925,-15.625,NaN
2013-11-28T12:00:00Z,27.925,-15.575,NaN
2013-11-28T12:00:00Z,27.925,-15.525,NaN
2013-11-28T12:00:00Z,27.925,-15.475,NaN
2013-11-28T12:00:00Z,27.925,-15.425,NaN
2013-11-28T12:00:00Z,27.925,-15.375,2.59
2013-11-28T12:00:00Z,27.875,-15.625,NaN
2013-11-28T12:00:00Z,27.875,-15.575,NaN
2013-11-28T12:00:00Z,27.875,-15.525,NaN
2013-11-28T12:00:00Z,27.875,-15.475,NaN
2013-11-28T12:00:00Z,27.875,-15.425,NaN
2013-11-28T12:00:00Z,27.875,-15.375,2.59
2013-11-28T12:00:00Z,27.825,-15.625,NaN
2013-11-28T12:00:00Z,27.825,-15.575,NaN
2013-11-28T12:00:00Z,27.825,-15.525,NaN
2013-11-28T12:00:00Z,27.825,-15.475,NaN
2013-11-28T12:00:00Z,27.825,-15.425,2.52
2013-11-28T12:00:00Z,27.825,-15.375,2.58
2013-12-28T12:00:00Z,28.175,-15.625,0.14
2013-12-28T12:00:00Z,28.175,-15.575,0.3
2013-12-28T12:00:00Z,28.175,-15.525,0.32
2013-12-28T12:00:00Z,28.175,-15.475,0.34
2013-12-28T12:00:00Z,28.175,-15.425,0.36
2013-12-28T12:00:00Z,28.175,-15.375,0.38
2013-12-28T12:00:00Z,28.125,-15.625,0.0
2013-12-28T12:00:00Z,28.125,-15.575,0.3
2013-12-28T12:00:00Z,28.125,-15.525,0.32
2013-12-28T12:00:00Z,28.125,-15.475,0.35000000000000003
2013-12-28T12:00:00Z,28.125,-15.425,0.37
2013-12-28T12:00:00Z,28.125,-15.375,0.39
2013-12-28T12:00:00Z,28.075,-15.625,NaN
2013-12-28T12:00:00Z,28.075,-15.575,NaN
2013-12-28T12:00:00Z,28.075,-15.525,NaN
2013-12-28T12:00:00Z,28.075,-15.475,0.35000000000000003
2013-12-28T12:00:00Z,28.075,-15.425,0.53
2013-12-28T12:00:00Z,28.075,-15.375,0.54
2013-12-28T12:00:00Z,28.025,-15.625,NaN
2013-12-28T12:00:00Z,28.025,-15.575,NaN
2013-12-28T12:00:00Z,28.025,-15.525,NaN
2013-12-28T12:00:00Z,28.025,-15.475,NaN
2013-12-28T12:00:00Z,28.025,-15.425,0.54
2013-12-28T12:00:00Z,28.025,-15.375,0.56
2013-12-28T12:00:00Z,27.975,-15.625,NaN
2013-12-28T12:00:00Z,27.975,-15.575,NaN
2013-12-28T12:00:00Z,27.975,-15.525,NaN
2013-12-28T12:00:00Z,27.975,-15.475,NaN
2013-12-28T12:00:00Z,27.975,-15.425,NaN
2013-12-28T12:00:00Z,27.975,-15.375,0.72
2013-12-28T12:00:00Z,27.925,-15.625,NaN
2013-12-28T12:00:00Z,27.925,-15.575,NaN
2013-12-28T12:00:00Z,27.925,-15.525,NaN
2013-12-28T12:00:00Z,27.925,-15.475,NaN
2013-12-28T12:00:00Z,27.925,-15.425,NaN
2013-12-28T12:00:00Z,27.925,-15.375,0.74
2013-12-28T12:00:00Z,27.875,-15.625,NaN
2013-12-28T12:00:00Z,27.875,-15.575,NaN
2013-12-28T12:00:00Z,27.875,-15.525,NaN
2013-12-28T12:00:00Z,27.875,-15.475,NaN
2013-12-28T12:00:00Z,27.875,-15.425,NaN
2013-12-28T12:00:00Z,27.875,-15.375,0.75
2013-12-28T12:00:00Z,27.825,-15.625,NaN
2013-12-28T12:00:00Z,27.825,-15.575,NaN
2013-12-28T12:00:00Z,27.825,-15.525,NaN
2013-12-28T12:00:00Z,27.825,-15.475,NaN
2013-12-28T12:00:00Z,27.825,-15.425,0.75
2013-12-28T12:00:00Z,27.825,-15.375,0.75
2014-01-27T12:00:00Z,28.175,-15.625,0.0
2014-01-27T12:00:00Z,28.175,-15.575,0.0
2014-01-27T12:00:00Z,28.175,-15.525,0.0
2014-01-27T12:00:00Z,28.175,-15.475,0.0
2014-01-27T12:00:00Z,28.175,-15.425,0.0
2014-01-27T12:00:00Z,28.175,-15.375,0.0
2014-01-27T12:00:00Z,28.125,-15.625,0.0
2014-01-27T12:00:00Z,28.125,-15.575,0.0
2014-01-27T12:00:00Z,28.125,-15.525,0.0
2014-01-27T12:00:00Z,28.125,-15.475,0.0
2014-01-27T12:00:00Z,28.125,-15.425,0.0
2014-01-27T12:00:00Z,28.125,-15.375,0.0
2014-01-27T12:00:00Z,28.075,-15.625,NaN
2014-01-27T12:00:00Z,28.075,-15.575,NaN
2014-01-27T12:00:00Z,28.075,-15.525,NaN
2014-01-27T12:00:00Z,28.075,-15.475,0.0
2014-01-27T12:00:00Z,28.075,-15.425,0.0
2014-01-27T12:00:00Z,28.075,-15.375,0.0
2014-01-27T12:00:00Z,28.025,-15.625,NaN
2014-01-27T12:00:00Z,28.025,-15.575,NaN
2014-01-27T12:00:00Z,28.025,-15.525,NaN
2014-01-27T12:00:00Z,28.025,-15.475,NaN
2014-01-27T12:00:00Z,28.025,-15.425,0.0
2014-01-27T12:00:00Z,28.025,-15.375,0.0
2014-01-27T12:00:00Z,27.975,-15.625,NaN
2014-01-27T12:00:00Z,27.975,-15.575,NaN
2014-01-27T12:00:00Z,27.975,-15.525,NaN
2014-01-27T12:00:00Z,27.975,-15.475,NaN
2014-01-27T12:00:00Z,27.975,-15.425,NaN
2014-01-27T12:00:00Z,27.975,-15.375,0.0
2014-01-27T12:00:00Z,27.925,-15.625,NaN
2014-01-27T12:00:00Z,27.925,-15.575,NaN
2014-01-27T12:00:00Z,27.925,-15.525,NaN
2014-01-27T12:00:00Z,27.925,-15.475,NaN
2014-01-27T12:00:00Z,27.925,-15.425,NaN
2014-01-27T12:00:00Z,27.925,-15.375,0.0
2014-01-27T12:00:00Z,27.875,-15.625,NaN
2014-01-27T12:00:00Z,27.875,-15.575,NaN
2014-01-27T12:00:00Z,27.875,-15.525,NaN
2014-01-27T12:00:00Z,27.875,-15.475,NaN
2014-01-27T12:00:00Z,27.875,-15.425,NaN
2014-01-27T12:00:00Z,27.875,-15.375,0.0
2014-01-27T12:00:00Z,27.825,-15.625,NaN
2014-01-27T12:00:00Z,27.825,-15.575,NaN
2014-01-27T12:00:00Z,27.825,-15.525,NaN
2014-01-27T12:00:00Z,27.825,-15.475,NaN
2014-01-27T12:00:00Z,27.825,-15.425,0.0
2014-01-27T12:00:00Z,27.825,-15.375,0.0
2014-02-26T12:00:00Z,28.175,-15.625,0.0
2014-02-26T12:00:00Z,28.175,-15.575,0.0
2014-02-26T12:00:00Z,28.175,-15.525,0.0
2014-02-26T12:00:00Z,28.175,-15.475,0.0
2014-02-26T12:00:00Z,28.175,-15.425,0.0
2014-02-26T12:00:00Z,28.175,-15.375,0.0
2014-02-26T12:00:00Z,28.125,-15.625,0.0
2014-02-26T12:00:00Z,28.125,-15.575,0.0
2014-02-26T12:00:00Z,28.125,-15.525,0.0
2014-02-26T12:00:00Z,28.125,-15.475,0.0
2014-02-26T12:00:00Z,28.125,-15.425,0.0
2014-02-26T12:00:00Z,28.125,-15.375,0.0
2014-02-26T12:00:00Z,28.075,-15.625,NaN
2014-02-26T12:00:00Z,28.075,-15.575,NaN
2014-02-26T12:00:00Z,28.075,-15.525,NaN
2014-02-26T12:00:00Z,28.075,-15.475,0.0
2014-02-26T12:00:00Z,28.075,-15.425,0.0
2014-02-26T12:00:00Z,28.075,-15.375,0.0
2014-02-26T12:00:00Z,28.025,-15.625,NaN
2014-02-26T12:00:00Z,28.025,-15.575,NaN
2014-02-26T12:00:00Z,28.025,-15.525,NaN
2014-02-26T12:00:00Z,28.025,-15.475,NaN
2014-02-26T12:00:00Z,28.025,-15.425,0.0
2014-02-26T12:00:00Z,28.025,-15.375,0.0
2014-02-26T12:00:00Z,27.975,-15.625,NaN
2014-02-26T12:00:00Z,27.975,-15.575,NaN
2014-02-26T12:00:00Z,27.975,-15.525,NaN
2014-02-26T12:00:00Z,27.975,-15.475,NaN
2014-02-26T12:00:00Z,27.975,-15.425,NaN
2014-02-26T12:00:00Z,27.975,-15.375,0.0
2014-02-26T12:00:00Z,27.925,-15.625,NaN
2014-02-26T12:00:00Z,27.925,-15.575,NaN
2014-02-26T12:00:00Z,27.925,-15.525,NaN
2014-02-26T12:00:00Z,27.925,-15.475,NaN
2014-02-26T12:00:00Z,27.925,-15.425,NaN
2014-02-26T12:00:00Z,27.925,-15.375,0.0
2014-02-26T12:00:00Z,27.875,-15.625,NaN
2014-02-26T12:00:00Z,27.875,-15.575,NaN
2014-02-26T12:00:00Z,27.875,-15.525,NaN
2014-02-26T12:00:00Z,27.875,-15.475,NaN
2014-02-26T12:00:00Z,27.875,-15.425,NaN
2014-02-26T12:00:00Z,27.875,-15.375,0.0
2014-02-26T12:00:00Z,27.825,-15.625,NaN
2014-02-26T12:00:00Z,27.825,-15.575,NaN
2014-02-26T12:00:00Z,27.825,-15.525,NaN
2014-02-26T12:00:00Z,27.825,-15.475,NaN
2014-02-26T12:00:00Z,27.825,-15.425,0.0
2014-02-26T12:00:00Z,27.825,-15.375,0.0
2014-03-28T12:00:00Z,28.175,-15.625,0.0
2014-03-28T12:00:00Z,28.175,-15.575,0.0
2014-03-28T12:00:00Z,28.175,-15.525,0.0
2014-03-28T12:00:00Z,28.175,-15.475,0.0
2014-03-28T12:00:00Z,28.175,-15.425,0.0
2014-03-28T12:00:00Z,28.175,-15.375,0.0
2014-03-28T12:00:00Z,28.125,-15.625,0.0
2014-03-28T12:00:00Z,28.125,-15.575,0.0
2014-03-28T12:00:00Z,28.125,-15.525,0.0
2014-03-28T12:00:00Z,28.125,-15.475,0.0
2014-03-28T12:00:00Z,28.125,-15.425,0.0
2014-03-28T12:00:00Z,28.125,-15.375,0.0
2014-03-28T12:00:00Z,28.075,-15.625,NaN
2014-03-28T12:00:00Z,28.075,-15.575,NaN
2014-03-28T12:00:00Z,28.075,-15.525,NaN
2014-03-28T12:00:00Z,28.075,-15.475,0.0
2014-03-28T12:00:00Z,28.075,-15.425,0.0
2014-03-28T12:00:00Z,28.075,-15.375,0.0
2014-03-28T12:00:00Z,28.025,-15.625,NaN
2014-03-28T12:00:00Z,28.025,-15.575,NaN
2014-03-28T12:00:00Z,28.025,-15.525,NaN
2014-03-28T12:00:00Z,28.025,-15.475,NaN
2014-03-28T12:00:00Z,28.025,-15.425,0.0
2014-03-28T12:00:00Z,28.025,-15.375,0.0
2014-03-28T12:00:00Z,27.975,-15.625,NaN
2014-03-28T12:00:00Z,27.975,-15.575,NaN
2014-03-28T12:00:00Z,27.975,-15.525,NaN
2014-03-28T12:00:00Z,27.975,-15.475,NaN
2014-03-28T12:00:00Z,27.975,-15.425,NaN
2014-03-28T12:00:00Z,27.975,-15.375,0.0
2014-03-28T12:00:00Z,27.925,-15.625,NaN
2014-03-28T12:00:00Z,27.925,-15.575,NaN
2014-03-28T12:00:00Z,27.925,-15.525,NaN
2014-03-28T12:00:00Z,27.925,-15.475,NaN
2014-03-28T12:00:00Z,27.925,-15.425,NaN
2014-03-28T12:00:00Z,27.925,-15.375,0.0
2014-03-28T12:00:00Z,27.875,-15.625,NaN
2014-03-28T12:00:00Z,27.875,-15.575,NaN
2014-03-28T12:00:00Z,27.875,-15.525,NaN
2014-03-28T12:00:00Z,27.875,-15.475,NaN
2014-03-28T12:00:00Z,27.875,-15.425,NaN
2014-03-28T12:00:00Z,27.875,-15.375,0.0
2014-03-28T12:00:00Z,27.825,-15.625,NaN
2014-03-28T12:00:00Z,27.825,-15.575,NaN
2014-03-28T12:00:00Z,27.825,-15.525,NaN
2014-03-28T12:00:00Z,27.825,-15.475,NaN
2014-03-28T12:00:00Z,27.825,-15.425,0.0
2014-03-28T12:00:00Z,27.825,-15.375,0.0
2014-04-27T12:00:00Z,28.175,-15.625,0.0
2014-04-27T12:00:00Z,28.175,-15.575,0.0
2014-04-27T12:00:00Z,28.175,-15.525,0.0
2014-04-27T12:00:00Z,28.175,-15.475,0.0
2014-04-27T12:00:00Z,28.175,-15.425,0.0
2014-04-27T12:00:00Z,28.175,-15.375,0.0
2014-04-27T12:00:00Z,28.125,-15.625,0.0
2014-04-27T12:00:00Z,28.125,-15.575,0.0
2014-04-27T12:00:00Z,28.125,-15.525,0.0
2014-04-27T12:00:00Z,28.125,-15.475,0.0
2014-04-27T12:00:00Z,28.125,-15.425,0.0
2014-04-27T12:00:00Z,28.125,-15.375,0.0
2014-04-27T12:00:00Z,28.075,-15.625,NaN
2014-04-27T12:00:00Z,28.075,-15.575,NaN
2014-04-27T12:00:00Z,28.075,-15.525,NaN
2014-04-27T12:00:00Z,28.075,-15.475,0.0
2014-04-27T12:00:00Z,28.075,-15.425,0.0
2014-04-27T12:00:00Z,28.075,-15.375,0.0
2014-04-27T12:00:00Z,28.025,-15.625,NaN
2014-04-27T12:00:00Z,28.025,-15.575,NaN
2014-04-27T12:00:00Z,28.025,-15.525,NaN
2014-04-27T12:00:00Z,28.025,-15.475,NaN
2014-04-27T12:00:00Z,28.025,-15.425,0.0
2014-04-27T12:00:00Z,28.025,-15.375,0.0
2014-04-27T12:00:00Z,27.975,-15.625,NaN
2014-04-27T12:00:00Z,27.975,-15.575,NaN
2014-04-27T12:00:00Z,27.975,-15.525,NaN
2014-04-27T12:00:00Z,27.975,-15.475,NaN
2014-04-27T12:00:00Z,27.975,-15.425,NaN
2014-04-27T12:00:00Z,27.975,-15.375,0.0
2014-04-27T12:00:00Z,27.925,-15.625,NaN
2014-04-27T12:00:00Z,27.925,-15.575,NaN
2014-04-27T12:00:00Z,27.925,-15.525,NaN
2014-04-27T12:00:00Z,27.925,-15.475,NaN
2014-04-27T12:00:00Z,27.925,-15.425,NaN
2014-04-27T12:00:00Z,27.925,-15.375,0.0
2014-04-27T12:00:00Z,27.875,-15.625,NaN
2014-04-27T12:00:00Z,27.875,-15.575,NaN
2014-04-27T12:00:00Z,27.875,-15.525,NaN
2014-04-27T12:00:00Z,27.875,-15.475,NaN
2014-04-27T12:00:00Z,27.875,-15.425,NaN
2014-04-27T12:00:00Z,27.875,-15.375,0.0
2014-04-27T12:00:00Z,27.825,-15.625,NaN
2014-04-27T12:00:00Z,27.825,-15.575,NaN
2014-04-27T12:00:00Z,27.825,-15.525,NaN
2014-04-27T12:00:00Z,27.825,-15.475,NaN
2014-04-27T12:00:00Z,27.825,-15.425,0.0
2014-04-27T12:00:00Z,27.825,-15.375,0.0
2014-05-27T12:00:00Z,28.175,-15.625,0.0
2014-05-27T12:00:00Z,28.175,-15.575,0.0
2014-05-27T12:00:00Z,28.175,-15.525,0.0
2014-05-27T12:00:00Z,28.175,-15.475,0.0
2014-05-27T12:00:00Z,28.175,-15.425,0.0
2014-05-27T12:00:00Z,28.175,-15.375,0.0
2014-05-27T12:00:00Z,28.125,-15.625,0.0
2014-05-27T12:00:00Z,28.125,-15.575,0.0
2014-05-27T12:00:00Z,28.125,-15.525,0.0
2014-05-27T12:00:00Z,28.125,-15.475,0.0
2014-05-27T12:00:00Z,28.125,-15.425,0.0
2014-05-27T12:00:00Z,28.125,-15.375,0.0
2014-05-27T12:00:00Z,28.075,-15.625,NaN
2014-05-27T12:00:00Z,28.075,-15.575,NaN
2014-05-27T12:00:00Z,28.075,-15.525,NaN
2014-05-27T12:00:00Z,28.075,-15.475,0.0
2014-05-27T12:00:00Z,28.075,-15.425,0.0
2014-05-27T12:00:00Z,28.075,-15.375,0.0
2014-05-27T12:00:00Z,28.025,-15.625,NaN
2014-05-27T12:00:00Z,28.025,-15.575,NaN
2014-05-27T12:00:00Z,28.025,-15.525,NaN
2014-05-27T12:00:00Z,28.025,-15.475,NaN
2014-05-27T12:00:00Z,28.025,-15.425,0.0
2014-05-27T12:00:00Z,28.025,-15.375,0.0
2014-05-27T12:00:00Z,27.975,-15.625,NaN
2014-05-27T12:00:00Z,27.975,-15.575,NaN
2014-05-27T12:00:00Z,27.975,-15.525,NaN
2014-05-27T12:00:00Z,27.975,-15.475,NaN
2014-05-27T12:00:00Z,27.975,-15.425,NaN
2014-05-27T12:00:00Z,27.975,-15.375,0.0
2014-05-27T12:00:00Z,27.925,-15.625,NaN
2014-05-27T12:00:00Z,27.925,-15.575,NaN
2014-05-27T12:00:00Z,27.925,-15.525,NaN
2014-05-27T12:00:00Z,27.925,-15.475,NaN
2014-05-27T12:00:00Z,27.925,-15.425,NaN
2014-05-27T12:00:00Z,27.925,-15.375,0.0
2014-05-27T12:00:00Z,27.875,-15.625,NaN
2014-05-27T12:00:00Z,27.875,-15.575,NaN
2014-05-27T12:00:00Z,27.875,-15.525,NaN
2014-05-27T12:00:00Z,27.875,-15.475,NaN
2014-05-27T12:00:00Z,27.875,-15.425,NaN
2014-05-27T12:00:00Z,27.875,-15.375,0.0
2014-05-27T12:00:00Z,27.825,-15.625,NaN
2014-05-27T12:00:00Z,27.825,-15.575,NaN
2014-05-27T12:00:00Z,27.825,-15.525,NaN
2014-05-27T12:00:00Z,27.825,-15.475,NaN
2014-05-27T12:00:00Z,27.825,-15.425,0.0
2014-05-27T12:00:00Z,27.825,-15.375,0.0
2014-06-26T12:00:00Z,28.175,-15.625,0.0
2014-06-26T12:00:00Z,28.175,-15.575,0.0
2014-06-26T12:00:00Z,28.175,-15.525,0.0
2014-06-26T12:00:00Z,28.175,-15.475,0.0
2014-06-26T12:00:00Z,28.175,-15.425,0.0
2014-06-26T12:00:00Z,28.175,-15.375,0.0
2014-06-26T12:00:00Z,28.125,-15.625,0.0
2014-06-26T12:00:00Z,28.125,-15.575,0.0
2014-06-26T12:00:00Z,28.125,-15.525,0.0
2014-06-26T12:00:00Z,28.125,-15.475,0.0
2014-06-26T12:00:00Z,28.125,-15.425,0.0
2014-06-26T12:00:00Z,28.125,-15.375,0.0
2014-06-26T12:00:00Z,28.075,-15.625,NaN
2014-06-26T12:00:00Z,28.075,-15.575,NaN
2014-06-26T12:00:00Z,28.075,-15.525,NaN
2014-06-26T12:00:00Z,28.075,-15.475,0.0
2014-06-26T12:00:00Z,28.075,-15.425,0.0
2014-06-26T12:00:00Z,28.075,-15.375,0.0
2014-06-26T12:00:00Z,28.025,-15.625,NaN
2014-06-26T12:00:00Z,28.025,-15.575,NaN
2014-06-26T12:00:00Z,28.025,-15.525,NaN
2014-06-26T12:00:00Z,28.025,-15.475,NaN
2014-06-26T12:00:00Z,28.025,-15.425,0.0
2014-06-26T12:00:00Z,28.025,-15.375,0.0
2014-06-26T12:00:00Z,27.975,-15.625,NaN
2014-06-26T12:00:00Z,27.975,-15.575,NaN
2014-06-26T12:00:00Z,27.975,-15.525,NaN
2014-06-26T12:00:00Z,27.975,-15.475,NaN
2014-06-26T12:00:00Z,27.975,-15.425,NaN
2014-06-26T12:00:00Z,27.975,-15.375,0.0
2014-06-26T12:00:00Z,27.925,-15.625,NaN
2014-06-26T12:00:00Z,27.925,-15.575,NaN
2014-06-26T12:00:00Z,27.925,-15.525,NaN
2014-06-26T12:00:00Z,27.925,-15.475,NaN
2014-06-26T12:00:00Z,27.925,-15.425,NaN
2014-06-26T12:00:00Z,27.925,-15.375,0.0
2014-06-26T12:00:00Z,27.875,-15.625,NaN
2014-06-26T12:00:00Z,27.875,-15.575,NaN
2014-06-26T12:00:00Z,27.875,-15.525,NaN
2014-06-26T12:00:00Z,27.875,-15.475,NaN
2014-06-26T12:00:00Z,27.875,-15.425,NaN
2014-06-26T12:00:00Z,27.875,-15.375,0.0
2014-06-26T12:00:00Z,27.825,-15.625,NaN
2014-06-26T12:00:00Z,27.825,-15.575,NaN
2014-06-26T12:00:00Z,27.825,-15.525,NaN
2014-06-26T12:00:00Z,27.825,-15.475,NaN
2014-06-26T12:00:00Z,27.825,-15.425,0.0
2014-06-26T12:00:00Z,27.825,-15.375,0.0
2014-07-26T12:00:00Z,28.175,-15.625,0.0
2014-07-26T12:00:00Z,28.175,-15.575,0.0
2014-07-26T12:00:00Z,28.175,-15.525,0.0
2014-07-26T12:00:00Z,28.175,-15.475,0.0
2014-07-26T12:00:00Z,28.175,-15.425,0.0
2014-07-26T12:00:00Z,28.175,-15.375,0.0
2014-07-26T12:00:00Z,28.125,-15.625,0.0
2014-07-26T12:00:00Z,28.125,-15.575,0.0
2014-07-26T12:00:00Z,28.125,-15.525,0.0
2014-07-26T12:00:00Z,28.125,-15.475,0.0
2014-07-26T12:00:00Z,28.125,-15.425,0.0
2014-07-26T12:00:00Z,28.125,-15.375,0.0
2014-07-26T12:00:00Z,28.075,-15.625,NaN
2014-07-26T12:00:00Z,28.075,-15.575,NaN
2014-07-26T12:00:00Z,28.075,-15.525,NaN
2014-07-26T12:00:00Z,28.075,-15.475,0.0
2014-07-26T12:00:00Z,28.075,-15.425,0.0
2014-07-26T12:00:00Z,28.075,-15.375,0.0
2014-07-26T12:00:00Z,28.025,-15.625,NaN
2014-07-26T12:00:00Z,28.025,-15.575,NaN
2014-07-26T12:00:00Z,28.025,-15.525,NaN
2014-07-26T12:00:00Z,28.025,-15.475,NaN
2014-07-26T12:00:00Z,28.025,-15.425,0.0
2014-07-26T12:00:00Z,28.025,-15.375,0.0
2014-07-26T12:00:00Z,27.975,-15.625,NaN
2014-07-26T12:00:00Z,27.975,-15.575,NaN
2014-07-26T12:00:00Z,27.975,-15.525,NaN
2014-07-26T12:00:00Z,27.975,-15.475,NaN
2014-07-26T12:00:00Z,27.975,-15.425,NaN
2014-07-26T12:00:00Z,27.975,-15.375,0.0
2014-07-26T12:00:00Z,27.925,-15.625,NaN
2014-07-26T12:00:00Z,27.925,-15.575,NaN
2014-07-26T12:00:00Z,27.925,-15.525,NaN
2014-07-26T12:00:00Z,27.925,-15.475,NaN
2014-07-26T12:00:00Z,27.925,-15.425,NaN
2014-07-26T12:00:00Z,27.925,-15.375,0.0
2014-07-26T12:00:00Z,27.875,-15.625,NaN
2014-07-26T12:00:00Z,27.875,-15.575,NaN
2014-07-26T12:00:00Z,27.875,-15.525,NaN
2014-07-26T12:00:00Z,27.875,-15.475,NaN
2014-07-26T12:00:00Z,27.875,-15.425,NaN
2014-07-26T12:00:00Z,27.875,-15.375,0.0
2014-07-26T12:00:00Z,27.825,-15.625,NaN
2014-07-26T12:00:00Z,27.825,-15.575,NaN
2014-07-26T12:00:00Z,27.825,-15.525,NaN
2014-07-26T12:00:00Z,27.825,-15.475,NaN
2014-07-26T12:00:00Z,27.825,-15.425,0.0
2014-07-26T12:00:00Z,27.825,-15.375,0.0
2014-08-25T12:00:00Z,28.175,-15.625,0.0
2014-08-25T12:00:00Z,28.175,-15.575,0.0
2014-08-25T12:00:00Z,28.175,-15.525,0.0
2014-08-25T12:00:00Z,28.175,-15.475,0.0
2014-08-25T12:00:00Z,28.175,-15.425,0.0
2014-08-25T12:00:00Z,28.175,-15.375,0.0
2014-08-25T12:00:00Z,28.125,-15.625,0.0
2014-08-25T12:00:00Z,28.125,-15.575,0.0
2014-08-25T12:00:00Z,28.125,-15.525,0.0
2014-08-25T12:00:00Z,28.125,-15.475,0.0
2014-08-25T12:00:00Z,28.125,-15.425,0.0
2014-08-25T12:00:00Z,28.125,-15.375,0.0
2014-08-25T12:00:00Z,28.075,-15.625,NaN
2014-08-25T12:00:00Z,28.075,-15.575,NaN
2014-08-25T12:00:00Z,28.075,-15.525,NaN
2014-08-25T12:00:00Z,28.075,-15.475,0.0
2014-08-25T12:00:00Z,28.075,-15.425,0.0
2014-08-25T12:00:00Z,28.075,-15.375,0.0
2014-08-25T12:00:00Z,28.025,-15.625,NaN
2014-08-25T12:00:00Z,28.025,-15.575,NaN
2014-08-25T12:00:00Z,28.025,-15.525,NaN
2014-08-25T12:00:00Z,28.025,-15.475,NaN
2014-08-25T12:00:00Z,28.025,-15.425,0.0
2014-08-25T12:00:00Z,28.025,-15.375,0.0
2014-08-25T12:00:00Z,27.975,-15.625,NaN
2014-08-25T12:00:00Z,27.975,-15.575,NaN
2014-08-25T12:00:00Z,27.975,-15.525,NaN
2014-08-25T12:00:00Z,27.975,-15.475,NaN
2014-08-25T12:00:00Z,27.975,-15.425,NaN
2014-08-25T12:00:00Z,27.975,-15.375,0.0
2014-08-25T12:00:00Z,27.925,-15.625,NaN
2014-08-25T12:00:00Z,27.925,-15.575,NaN
2014-08-25T12:00:00Z,27.925,-15.525,NaN
2014-08-25T12:00:00Z,27.925,-15.475,NaN
2014-08-25T12:00:00Z,27.925,-15.425,NaN
2014-08-25T12:00:00Z,27.925,-15.375,0.0
2014-08-25T12:00:00Z,27.875,-15.625,NaN
2014-08-25T12:00:00Z,27.875,-15.575,NaN
2014-08-25T12:00:00Z,27.875,-15.525,NaN
2014-08-25T12:00:00Z,27.875,-15.475,NaN
2014-08-25T12:00:00Z,27.875,-15.425,NaN
2014-08-25T12:00:00Z,27.875,-15.375,0.0
2014-08-25T12:00:00Z,27.825,-15.625,NaN
2014-08-25T12:00:00Z,27.825,-15.575,NaN
2014-08-25T12:00:00Z,27.825,-15.525,NaN
2014-08-25T12:00:00Z,27.825,-15.475,NaN
2014-08-25T12:00:00Z,27.825,-15.425,0.0
2014-08-25T12:00:00Z,27.825,-15.375,0.0
2014-09-24T12:00:00Z,28.175,-15.625,4.69
2014-09-24T12:00:00Z,28.175,-15.575,4.6000000000000005
2014-09-24T12:00:00Z,28.175,-15.525,4.62
2014-09-24T12:00:00Z,28.175,-15.475,4.63
2014-09-24T12:00:00Z,28.175,-15.425,4.63
2014-09-24T12:00:00Z,28.175,-15.375,4.67
2014-09-24T12:00:00Z,28.125,-15.625,4.42
2014-09-24T12:00:00Z,28.125,-15.575,4.49
2014-09-24T12:00:00Z,28.125,-15.525,4.5
2014-09-24T12:00:00Z,28.125,-15.475,4.54
2014-09-24T12:00:00Z,28.125,-15.425,4.58
2014-09-24T12:00:00Z,28.125,-15.375,4.62
2014-09-24T12:00:00Z,28.075,-15.625,NaN
2014-09-24T12:00:00Z,28.075,-15.575,NaN
2014-09-24T12:00:00Z,28.075,-15.525,NaN
2014-09-24T12:00:00Z,28.075,-15.475,4.47
2014-09-24T12:00:00Z,28.075,-15.425,4.5600000000000005
2014-09-24T12:00:00Z,28.075,-15.375,4.6000000000000005
2014-09-24T12:00:00Z,28.025,-15.625,NaN
2014-09-24T12:00:00Z,28.025,-15.575,NaN
2014-09-24T12:00:00Z,28.025,-15.525,NaN
2014-09-24T12:00:00Z,28.025,-15.475,NaN
2014-09-24T12:00:00Z,28.025,-15.425,4.5600000000000005
2014-09-24T12:00:00Z,28.025,-15.375,4.62
2014-09-24T12:00:00Z,27.975,-15.625,NaN
2014-09-24T12:00:00Z,27.975,-15.575,NaN
2014-09-24T12:00:00Z,27.975,-15.525,NaN
2014-09-24T12:00:00Z,27.975,-15.475,NaN
2014-09-24T12:00:00Z,27.975,-15.425,NaN
2014-09-24T12:00:00Z,27.975,-15.375,4.64
2014-09-24T12:00:00Z,27.925,-15.625,NaN
2014-09-24T12:00:00Z,27.925,-15.575,NaN
2014-09-24T12:00:00Z,27.925,-15.525,NaN
2014-09-24T12:00:00Z,27.925,-15.475,NaN
2014-09-24T12:00:00Z,27.925,-15.425,NaN
2014-09-24T12:00:00Z,27.925,-15.375,4.65
2014-09-24T12:00:00Z,27.875,-15.625,NaN
2014-09-24T12:00:00Z,27.875,-15.575,NaN
2014-09-24T12:00:00Z,27.875,-15.525,NaN
2014-09-24T12:00:00Z,27.875,-15.475,NaN
2014-09-24T12:00:00Z,27.875,-15.425,NaN
2014-09-24T12:00:00Z,27.875,-15.375,4.62
2014-09-24T12:00:00Z,27.825,-15.625,NaN
2014-09-24T12:00:00Z,27.825,-15.575,NaN
2014-09-24T12:00:00Z,27.825,-15.525,NaN
2014-09-24T12:00:00Z,27.825,-15.475,NaN
2014-09-24T12:00:00Z,27.825,-15.425,4.72
2014-09-24T12:00:00Z,27.825,-15.375,4.75
2014-10-24T12:00:00Z,28.175,-15.625,8.49
2014-10-24T12:00:00Z,28.175,-15.575,8.42
2014-10-24T12:00:00Z,28.175,-15.525,8.47
2014-10-24T12:00:00Z,28.175,-15.475,8.64
2014-10-24T12:00:00Z,28.175,-15.425,8.83
2014-10-24T12:00:00Z,28.175,-15.375,9.1
2014-10-24T12:00:00Z,28.125,-15.625,8.15
2014-10-24T12:00:00Z,28.125,-15.575,8.25
2014-10-24T12:00:00Z,28.125,-15.525,8.26
2014-10-24T12:00:00Z,28.125,-15.475,8.5
2014-10-24T12:00:00Z,28.125,-15.425,9.05
2014-10-24T12:00:00Z,28.125,-15.375,9.18
2014-10-24T12:00:00Z,28.075,-15.625,NaN
2014-10-24T12:00:00Z,28.075,-15.575,NaN
2014-10-24T12:00:00Z,28.075,-15.525,NaN
2014-10-24T12:00:00Z,28.075,-15.475,8.540000000000001
2014-10-24T12:00:00Z,28.075,-15.425,9.19
2014-10-24T12:00:00Z,28.075,-15.375,9.47
2014-10-24T12:00:00Z,28.025,-15.625,NaN
2014-10-24T12:00:00Z,28.025,-15.575,NaN
2014-10-24T12:00:00Z,28.025,-15.525,NaN
2014-10-24T12:00:00Z,28.025,-15.475,NaN
2014-10-24T12:00:00Z,28.025,-15.425,9.4
2014-10-24T12:00:00Z,28.025,-15.375,9.73
2014-10-24T12:00:00Z,27.975,-15.625,NaN
2014-10-24T12:00:00Z,27.975,-15.575,NaN
2014-10-24T12:00:00Z,27.975,-15.525,NaN
2014-10-24T12:00:00Z,27.975,-15.475,NaN
2014-10-24T12:00:00Z,27.975,-15.425,NaN
2014-10-24T12:00:00Z,27.975,-15.375,10.19
2014-10-24T12:00:00Z,27.925,-15.625,NaN
2014-10-24T12:00:00Z,27.925,-15.575,NaN
2014-10-24T12:00:00Z,27.925,-15.525,NaN
2014-10-24T12:00:00Z,27.925,-15.475,NaN
2014-10-24T12:00:00Z,27.925,-15.425,NaN
2014-10-24T12:00:00Z,27.925,-15.375,10.36
2014-10-24T12:00:00Z,27.875,-15.625,NaN
2014-10-24T12:00:00Z,27.875,-15.575,NaN
2014-10-24T12:00:00Z,27.875,-15.525,NaN
2014-10-24T12:00:00Z,27.875,-15.475,NaN
2014-10-24T12:00:00Z,27.875,-15.425,NaN
2014-10-24T12:00:00Z,27.875,-15.375,10.43
2014-10-24T12:00:00Z,27.825,-15.625,NaN
2014-10-24T12:00:00Z,27.825,-15.575,NaN
2014-10-24T12:00:00Z,27.825,-15.525,NaN
2014-10-24T12:00:00Z,27.825,-15.475,NaN
2014-10-24T12:00:00Z,27.825,-15.425,10.55
2014-10-24T12:00:00Z,27.825,-15.375,10.620000000000001
2014-11-23T12:00:00Z,28.175,-15.625,9.26
2014-11-23T12:00:00Z,28.175,-15.575,9.19
2014-11-23T12:00:00Z,28.175,-15.525,9.24
2014-11-23T12:00:00Z,28.175,-15.475,9.28
2014-11-23T12:00:00Z,28.175,-15.425,9.48
2014-11-23T12:00:00Z,28.175,-15.375,9.92
2014-11-23T12:00:00Z,28.125,-15.625,8.89
2014-11-23T12:00:00Z,28.125,-15.575,9.01
2014-11-23T12:00:00Z,28.125,-15.525,9.03
2014-11-23T12:00:00Z,28.125,-15.475,9.57
2014-11-23T12:00:00Z,28.125,-15.425,10.14
2014-11-23T12:00:00Z,28.125,-15.375,10.3
2014-11-23T12:00:00Z,28.075,-15.625,NaN
2014-11-23T12:00:00Z,28.075,-15.575,NaN
2014-11-23T12:00:00Z,28.075,-15.525,NaN
2014-11-23T12:00:00Z,28.075,-15.475,9.63
2014-11-23T12:00:00Z,28.075,-15.425,10.32
2014-11-23T12:00:00Z,28.075,-15.375,10.63
2014-11-23T12:00:00Z,28.025,-15.625,NaN
2014-11-23T12:00:00Z,28.025,-15.575,NaN
2014-11-23T12:00:00Z,28.025,-15.525,NaN
2014-11-23T12:00:00Z,28.025,-15.475,NaN
2014-11-23T12:00:00Z,28.025,-15.425,10.57
2014-11-23T12:00:00Z,28.025,-15.375,10.94
2014-11-23T12:00:00Z,27.975,-15.625,NaN
2014-11-23T12:00:00Z,27.975,-15.575,NaN
2014-11-23T12:00:00Z,27.975,-15.525,NaN
2014-11-23T12:00:00Z,27.975,-15.475,NaN
2014-11-23T12:00:00Z,27.975,-15.425,NaN
2014-11-23T12:00:00Z,27.975,-15.375,11.6
2014-11-23T12:00:00Z,27.925,-15.625,NaN
2014-11-23T12:00:00Z,27.925,-15.575,NaN
2014-11-23T12:00:00Z,27.925,-15.525,NaN
2014-11-23T12:00:00Z,27.925,-15.475,NaN
2014-11-23T12:00:00Z,27.925,-15.425,NaN
2014-11-23T12:00:00Z,27.925,-15.375,11.82
2014-11-23T12:00:00Z,27.875,-15.625,NaN
2014-11-23T12:00:00Z,27.875,-15.575,NaN
2014-11-23T12:00:00Z,27.875,-15.525,NaN
2014-11-23T12:00:00Z,27.875,-15.475,NaN
2014-11-23T12:00:00Z,27.875,-15.425,NaN
2014-11-23T12:00:00Z,27.875,-15.375,11.91
2014-11-23T12:00:00Z,27.825,-15.625,NaN
2014-11-23T12:00:00Z,27.825,-15.575,NaN
2014-11-23T12:00:00Z,27.825,-15.525,NaN
2014-11-23T12:00:00Z,27.825,-15.475,NaN
2014-11-23T12:00:00Z,27.825,-15.425,12.19
2014-11-23T12:00:00Z,27.825,-15.375,12.1
2014-12-23T12:00:00Z,28.175,-15.625,3.25
2014-12-23T12:00:00Z,28.175,-15.575,3.2800000000000002
2014-12-23T12:00:00Z,28.175,-15.525,3.3200000000000003
2014-12-23T12:00:00Z,28.175,-15.475,3.36
2014-12-23T12:00:00Z,28.175,-15.425,3.5500000000000003
2014-12-23T12:00:00Z,28.175,-15.375,3.93
2014-12-23T12:00:00Z,28.125,-15.625,3.19
2014-12-23T12:00:00Z,28.125,-15.575,3.24
2014-12-23T12:00:00Z,28.125,-15.525,3.2600000000000002
2014-12-23T12:00:00Z,28.125,-15.475,3.75
2014-12-23T12:00:00Z,28.125,-15.425,4.26
2014-12-23T12:00:00Z,28.125,-15.375,4.3500000000000005
2014-12-23T12:00:00Z,28.075,-15.625,NaN
2014-12-23T12:00:00Z,28.075,-15.575,NaN
2014-12-23T12:00:00Z,28.075,-15.525,NaN
2014-12-23T12:00:00Z,28.075,-15.475,3.88
2014-12-23T12:00:00Z,28.075,-15.425,4.45
2014-12-23T12:00:00Z,28.075,-15.375,4.69
2014-12-23T12:00:00Z,28.025,-15.625,NaN
2014-12-23T12:00:00Z,28.025,-15.575,NaN
2014-12-23T12:00:00Z,28.025,-15.525,NaN
2014-12-23T12:00:00Z,28.025,-15.475,NaN
2014-12-23T12:00:00Z,28.025,-15.425,4.69
2014-12-23T12:00:00Z,28.025,-15.375,4.96
2014-12-23T12:00:00Z,27.975,-15.625,NaN
2014-12-23T12:00:00Z,27.975,-15.575,NaN
2014-12-23T12:00:00Z,27.975,-15.525,NaN
2014-12-23T12:00:00Z,27.975,-15.475,NaN
2014-12-23T12:00:00Z,27.975,-15.425,NaN
2014-12-23T12:00:00Z,27.975,-15.375,5.5600000000000005
2014-12-23T12:00:00Z,27.925,-15.625,NaN
2014-12-23T12:00:00Z,27.925,-15.575,NaN
2014-12-23T12:00:00Z,27.925,-15.525,NaN
2014-12-23T12:00:00Z,27.925,-15.475,NaN
2014-12-23T12:00:00Z,27.925,-15.425,NaN
2014-12-23T12:00:00Z,27.925,-15.375,5.74
2014-12-23T12:00:00Z,27.875,-15.625,NaN
2014-12-23T12:00:00Z,27.875,-15.575,NaN
2014-12-23T12:00:00Z,27.875,-15.525,NaN
2014-12-23T12:00:00Z,27.875,-15.475,NaN
2014-12-23T12:00:00Z,27.875,-15.425,NaN
2014-12-23T12:00:00Z,27.875,-15.375,5.86
2014-12-23T12:00:00Z,27.825,-15.625,NaN
2014-12-23T12:00:00Z,27.825,-15.575,NaN
2014-12-23T12:00:00Z,27.825,-15.525,NaN
2014-12-23T12:00:00Z,27.825,-15.475,NaN
2014-12-23T12:00:00Z,27.825,-15.425,6.0600000000000005
2014-12-23T12:00:00Z,27.825,-15.375,5.94
2015-01-22T12:00:00Z,28.175,-15.625,0.0
2015-01-22T12:00:00Z,28.175,-15.575,0.0
2015-01-22T12:00:00Z,28.175,-15.525,0.0
2015-01-22T12:00:00Z,28.175,-15.475,0.0
2015-01-22T12:00:00Z,28.175,-15.425,0.0
2015-01-22T12:00:00Z,28.175,-15.375,0.0
2015-01-22T12:00:00Z,28.125,-15.625,0.0
2015-01-22T12:00:00Z,28.125,-15.575,0.0
2015-01-22T12:00:00Z,28.125,-15.525,0.0
2015-01-22T12:00:00Z,28.125,-15.475,0.14
2015-01-22T12:00:00Z,28.125,-15.425,0.15
2015-01-22T12:00:00Z,28.125,-15.375,0.14
2015-01-22T12:00:00Z,28.075,-15.625,NaN
2015-01-22T12:00:00Z,28.075,-15.575,NaN
2015-01-22T12:00:00Z,28.075,-15.525,NaN
2015-01-22T12:00:00Z,28.075,-15.475,0.15
2015-01-22T12:00:00Z,28.075,-15.425,0.15
2015-01-22T12:00:00Z,28.075,-15.375,0.15
2015-01-22T12:00:00Z,28.025,-15.625,NaN
2015-01-22T12:00:00Z,28.025,-15.575,NaN
2015-01-22T12:00:00Z,28.025,-15.525,NaN
2015-01-22T12:00:00Z,28.025,-15.475,NaN
2015-01-22T12:00:00Z,28.025,-15.425,0.16
2015-01-22T12:00:00Z,28.025,-15.375,0.16
2015-01-22T12:00:00Z,27.975,-15.625,NaN
2015-01-22T12:00:00Z,27.975,-15.575,NaN
2015-01-22T12:00:00Z,27.975,-15.525,NaN
2015-01-22T12:00:00Z,27.975,-15.475,NaN
2015-01-22T12:00:00Z,27.975,-15.425,NaN
2015-01-22T12:00:00Z,27.975,-15.375,0.32
2015-01-22T12:00:00Z,27.925,-15.625,NaN
2015-01-22T12:00:00Z,27.925,-15.575,NaN
2015-01-22T12:00:00Z,27.925,-15.525,NaN
2015-01-22T12:00:00Z,27.925,-15.475,NaN
2015-01-22T12:00:00Z,27.925,-15.425,NaN
2015-01-22T12:00:00Z,27.925,-15.375,0.34
2015-01-22T12:00:00Z,27.875,-15.625,NaN
2015-01-22T12:00:00Z,27.875,-15.575,NaN
2015-01-22T12:00:00Z,27.875,-15.525,NaN
2015-01-22T12:00:00Z,27.875,-15.475,NaN
2015-01-22T12:00:00Z,27.875,-15.425,NaN
2015-01-22T12:00:00Z,27.875,-15.375,0.35000000000000003
2015-01-22T12:00:00Z,27.825,-15.625,NaN
2015-01-22T12:00:00Z,27.825,-15.575,NaN
2015-01-22T12:00:00Z,27.825,-15.525,NaN
2015-01-22T12:00:00Z,27.825,-15.475,NaN
2015-01-22T12:00:00Z,27.825,-15.425,0.52
2015-01-22T12:00:00Z,27.825,-15.375,0.37
2015-02-21T12:00:00Z,28.175,-15.625,0.0
2015-02-21T12:00:00Z,28.175,-15.575,0.0
2015-02-21T12:00:00Z,28.175,-15.525,0.0
2015-02-21T12:00:00Z,28.175,-15.475,0.0
2015-02-21T12:00:00Z,28.175,-15.425,0.0
2015-02-21T12:00:00Z,28.175,-15.375,0.0
2015-02-21T12:00:00Z,28.125,-15.625,0.0
2015-02-21T12:00:00Z,28.125,-15.575,0.0
2015-02-21T12:00:00Z,28.125,-15.525,0.0
2015-02-21T12:00:00Z,28.125,-15.475,0.0
2015-02-21T12:00:00Z,28.125,-15.425,0.0
2015-02-21T12:00:00Z,28.125,-15.375,0.0
2015-02-21T12:00:00Z,28.075,-15.625,NaN
2015-02-21T12:00:00Z,28.075,-15.575,NaN
2015-02-21T12:00:00Z,28.075,-15.525,NaN
2015-02-21T12:00:00Z,28.075,-15.475,0.0
2015-02-21T12:00:00Z,28.075,-15.425,0.0
2015-02-21T12:00:00Z,28.075,-15.375,0.0
2015-02-21T12:00:00Z,28.025,-15.625,NaN
2015-02-21T12:00:00Z,28.025,-15.575,NaN
2015-02-21T12:00:00Z,28.025,-15.525,NaN
2015-02-21T12:00:00Z,28.025,-15.475,NaN
2015-02-21T12:00:00Z,28.025,-15.425,0.0
2015-02-21T12:00:00Z,28.025,-15.375,0.0
2015-02-21T12:00:00Z,27.975,-15.625,NaN
2015-02-21T12:00:00Z,27.975,-15.575,NaN
2015-02-21T12:00:00Z,27.975,-15.525,NaN
2015-02-21T12:00:00Z,27.975,-15.475,NaN
2015-02-21T12:00:00Z,27.975,-15.425,NaN
2015-02-21T12:00:00Z,27.975,-15.375,0.0
2015-02-21T12:00:00Z,27.925,-15.625,NaN
2015-02-21T12:00:00Z,27.925,-15.575,NaN
2015-02-21T12:00:00Z,27.925,-15.525,NaN
2015-02-21T12:00:00Z,27.925,-15.475,NaN
2015-02-21T12:00:00Z,27.925,-15.425,NaN
2015-02-21T12:00:00Z,27.925,-15.375,0.0
2015-02-21T12:00:00Z,27.875,-15.625,NaN
2015-02-21T12:00:00Z,27.875,-15.575,NaN
2015-02-21T12:00:00Z,27.875,-15.525,NaN
2015-02-21T12:00:00Z,27.875,-15.475,NaN
2015-02-21T12:00:00Z,27.875,-15.425,NaN
2015-02-21T12:00:00Z,27.875,-15.375,0.0
2015-02-21T12:00:00Z,27.825,-15.625,NaN
2015-02-21T12:00:00Z,27.825,-15.575,NaN
2015-02-21T12:00:00Z,27.825,-15.525,NaN
2015-02-21T12:00:00Z,27.825,-15.475,NaN
2015-02-21T12:00:00Z,27.825,-15.425,0.0
2015-02-21T12:00:00Z,27.825,-15.375,0.0
2015-03-23T12:00:00Z,28.175,-15.625,0.0
2015-03-23T12:00:00Z,28.175,-15.575,0.0
2015-03-23T12:00:00Z,28.175,-15.525,0.0
2015-03-23T12:00:00Z,28.175,-15.475,0.0
2015-03-23T12:00:00Z,28.175,-15.425,0.0
2015-03-23T12:00:00Z,28.175,-15.375,0.0
2015-03-23T12:00:00Z,28.125,-15.625,0.0
2015-03-23T12:00:00Z,28.125,-15.575,0.0
2015-03-23T12:00:00Z,28.125,-15.525,0.0
2015-03-23T12:00:00Z,28.125,-15.475,0.0
2015-03-23T12:00:00Z,28.125,-15.425,0.0
2015-03-23T12:00:00Z,28.125,-15.375,0.0
2015-03-23T12:00:00Z,28.075,-15.625,NaN
2015-03-23T12:00:00Z,28.075,-15.575,NaN
2015-03-23T12:00:00Z,28.075,-15.525,NaN
2015-03-23T12:00:00Z,28.075,-15.475,0.0
2015-03-23T12:00:00Z,28.075,-15.425,0.0
2015-03-23T12:00:00Z,28.075,-15.375,0.0
2015-03-23T12:00:00Z,28.025,-15.625,NaN
2015-03-23T12:00:00Z,28.025,-15.575,NaN
2015-03-23T12:00:00Z,28.025,-15.525,NaN
2015-03-23T12:00:00Z,28.025,-15.475,NaN
2015-03-23T12:00:00Z,28.025,-15.425,0.0
2015-03-23T12:00:00Z,28.025,-15.375,0.0
2015-03-23T12:00:00Z,27.975,-15.625,NaN
2015-03-23T12:00:00Z,27.975,-15.575,NaN
2015-03-23T12:00:00Z,27.975,-15.525,NaN
2015-03-23T12:00:00Z,27.975,-15.475,NaN
2015-03-23T12:00:00Z,27.975,-15.425,NaN
2015-03-23T12:00:00Z,27.975,-15.375,0.0
2015-03-23T12:00:00Z,27.925,-15.625,NaN
2015-03-23T12:00:00Z,27.925,-15.575,NaN
2015-03-23T12:00:00Z,27.925,-15.525,NaN
2015-03-23T12:00:00Z,27.925,-15.475,NaN
2015-03-23T12:00:00Z,27.925,-15.425,NaN
2015-03-23T12:00:00Z,27.925,-15.375,0.0
2015-03-23T12:00:00Z,27.875,-15.625,NaN
2015-03-23T12:00:00Z,27.875,-15.575,NaN
2015-03-23T12:00:00Z,27.875,-15.525,NaN
2015-03-23T12:00:00Z,27.875,-15.475,NaN
2015-03-23T12:00:00Z,27.875,-15.425,NaN
2015-03-23T12:00:00Z,27.875,-15.375,0.0
2015-03-23T12:00:00Z,27.825,-15.625,NaN
2015-03-23T12:00:00Z,27.825,-15.575,NaN
2015-03-23T12:00:00Z,27.825,-15.525,NaN
2015-03-23T12:00:00Z,27.825,-15.475,NaN
2015-03-23T12:00:00Z,27.825,-15.425,0.0
2015-03-23T12:00:00Z,27.825,-15.375,0.0
2015-04-22T12:00:00Z,28.175,-15.625,0.0
2015-04-22T12:00:00Z,28.175,-15.575,0.0
2015-04-22T12:00:00Z,28.175,-15.525,0.0
2015-04-22T12:00:00Z,28.175,-15.475,0.0
2015-04-22T12:00:00Z,28.175,-15.425,0.0
2015-04-22T12:00:00Z,28.175,-15.375,0.0
2015-04-22T12:00:00Z,28.125,-15.625,0.0
2015-04-22T12:00:00Z,28.125,-15.575,0.0
2015-04-22T12:00:00Z,28.125,-15.525,0.0
2015-04-22T12:00:00Z,28.125,-15.475,0.0
2015-04-22T12:00:00Z,28.125,-15.425,0.0
2015-04-22T12:00:00Z,28.125,-15.375,0.0
2015-04-22T12:00:00Z,28.075,-15.625,NaN
2015-04-22T12:00:00Z,28.075,-15.575,NaN
2015-04-22T12:00:00Z,28.075,-15.525,NaN
2015-04-22T12:00:00Z,28.075,-15.475,0.0
2015-04-22T12:00:00Z,28.075,-15.425,0.0
2015-04-22T12:00:00Z,28.075,-15.375,0.0
2015-04-22T12:00:00Z,28.025,-15.625,NaN
2015-04-22T12:00:00Z,28.025,-15.575,NaN
2015-04-22T12:00:00Z,28.025,-15.525,NaN
2015-04-22T12:00:00Z,28.025,-15.475,NaN
2015-04-22T12:00:00Z,28.025,-15.425,0.0
2015-04-22T12:00:00Z,28.025,-15.375,0.0
2015-04-22T12:00:00Z,27.975,-15.625,NaN
2015-04-22T12:00:00Z,27.975,-15.575,NaN
2015-04-22T12:00:00Z,27.975,-15.525,NaN
2015-04-22T12:00:00Z,27.975,-15.475,NaN
2015-04-22T12:00:00Z,27.975,-15.425,NaN
2015-04-22T12:00:00Z,27.975,-15.375,0.0
2015-04-22T12:00:00Z,27.925,-15.625,NaN
2015-04-22T12:00:00Z,27.925,-15.575,NaN
2015-04-22T12:00:00Z,27.925,-15.525,NaN
2015-04-22T12:00:00Z,27.925,-15.475,NaN
2015-04-22T12:00:00Z,27.925,-15.425,NaN
2015-04-22T12:00:00Z,27.925,-15.375,0.0
2015-04-22T12:00:00Z,27.875,-15.625,NaN
2015-04-22T12:00:00Z,27.875,-15.575,NaN
2015-04-22T12:00:00Z,27.875,-15.525,NaN
2015-04-22T12:00:00Z,27.875,-15.475,NaN
2015-04-22T12:00:00Z,27.875,-15.425,NaN
2015-04-22T12:00:00Z,27.875,-15.375,0.0
2015-04-22T12:00:00Z,27.825,-15.625,NaN
2015-04-22T12:00:00Z,27.825,-15.575,NaN
2015-04-22T12:00:00Z,27.825,-15.525,NaN
2015-04-22T12:00:00Z,27.825,-15.475,NaN
2015-04-22T12:00:00Z,27.825,-15.425,0.0
2015-04-22T12:00:00Z,27.825,-15.375,0.0
2015-05-22T12:00:00Z,28.175,-15.625,0.0
2015-05-22T12:00:00Z,28.175,-15.575,0.0
2015-05-22T12:00:00Z,28.175,-15.525,0.0
2015-05-22T12:00:00Z,28.175,-15.475,0.0
2015-05-22T12:00:00Z,28.175,-15.425,0.0
2015-05-22T12:00:00Z,28.175,-15.375,0.0
2015-05-22T12:00:00Z,28.125,-15.625,0.0
2015-05-22T12:00:00Z,28.125,-15.575,0.0
2015-05-22T12:00:00Z,28.125,-15.525,0.0
2015-05-22T12:00:00Z,28.125,-15.475,0.0
2015-05-22T12:00:00Z,28.125,-15.425,0.0
2015-05-22T12:00:00Z,28.125,-15.375,0.0
2015-05-22T12:00:00Z,28.075,-15.625,NaN
2015-05-22T12:00:00Z,28.075,-15.575,NaN
2015-05-22T12:00:00Z,28.075,-15.525,NaN
2015-05-22T12:00:00Z,28.075,-15.475,0.0
2015-05-22T12:00:00Z,28.075,-15.425,0.0
2015-05-22T12:00:00Z,28.075,-15.375,0.0
2015-05-22T12:00:00Z,28.025,-15.625,NaN
2015-05-22T12:00:00Z,28.025,-15.575,NaN
2015-05-22T12:00:00Z,28.025,-15.525,NaN
2015-05-22T12:00:00Z,28.025,-15.475,NaN
2015-05-22T12:00:00Z,28.025,-15.425,0.0
2015-05-22T12:00:00Z,28.025,-15.375,0.0
2015-05-22T12:00:00Z,27.975,-15.625,NaN
2015-05-22T12:00:00Z,27.975,-15.575,NaN
2015-05-22T12:00:00Z,27.975,-15.525,NaN
2015-05-22T12:00:00Z,27.975,-15.475,NaN
2015-05-22T12:00:00Z,27.975,-15.425,NaN
2015-05-22T12:00:00Z,27.975,-15.375,0.0
2015-05-22T12:00:00Z,27.925,-15.625,NaN
2015-05-22T12:00:00Z,27.925,-15.575,NaN
2015-05-22T12:00:00Z,27.925,-15.525,NaN
2015-05-22T12:00:00Z,27.925,-15.475,NaN
2015-05-22T12:00:00Z,27.925,-15.425,NaN
2015-05-22T12:00:00Z,27.925,-15.375,0.0
2015-05-22T12:00:00Z,27.875,-15.625,NaN
2015-05-22T12:00:00Z,27.875,-15.575,NaN
2015-05-22T12:00:00Z,27.875,-15.525,NaN
2015-05-22T12:00:00Z,27.875,-15.475,NaN
2015-05-22T12:00:00Z,27.875,-15.425,NaN
2015-05-22T12:00:00Z,27.875,-15.375,0.0
2015-05-22T12:00:00Z,27.825,-15.625,NaN
2015-05-22T12:00:00Z,27.825,-15.575,NaN
2015-05-22T12:00:00Z,27.825,-15.525,NaN
2015-05-22T12:00:00Z,27.825,-15.475,NaN
2015-05-22T12:00:00Z,27.825,-15.425,0.0
2015-05-22T12:00:00Z,27.825,-15.375,0.0
2015-06-21T12:00:00Z,28.175,-15.625,0.0
2015-06-21T12:00:00Z,28.175,-15.575,0.0
2015-06-21T12:00:00Z,28.175,-15.525,0.0
2015-06-21T12:00:00Z,28.175,-15.475,0.0
2015-06-21T12:00:00Z,28.175,-15.425,0.0
2015-06-21T12:00:00Z,28.175,-15.375,0.0
2015-06-21T12:00:00Z,28.125,-15.625,0.0
2015-06-21T12:00:00Z,28.125,-15.575,0.0
2015-06-21T12:00:00Z,28.125,-15.525,0.0
2015-06-21T12:00:00Z,28.125,-15.475,0.0
2015-06-21T12:00:00Z,28.125,-15.425,0.0
2015-06-21T12:00:00Z,28.125,-15.375,0.0
2015-06-21T12:00:00Z,28.075,-15.625,NaN
2015-06-21T12:00:00Z,28.075,-15.575,NaN
2015-06-21T12:00:00Z,28.075,-15.525,NaN
2015-06-21T12:00:00Z,28.075,-15.475,0.0
2015-06-21T12:00:00Z,28.075,-15.425,0.0
2015-06-21T12:00:00Z,28.075,-15.375,0.0
2015-06-21T12:00:00Z,28.025,-15.625,NaN
2015-06-21T12:00:00Z,28.025,-15.575,NaN
2015-06-21T12:00:00Z,28.025,-15.525,NaN
2015-06-21T12:00:00Z,28.025,-15.475,NaN
2015-06-21T12:00:00Z,28.025,-15.425,0.0
2015-06-21T12:00:00Z,28.025,-15.375,0.0
2015-06-21T12:00:00Z,27.975,-15.625,NaN
2015-06-21T12:00:00Z,27.975,-15.575,NaN
2015-06-21T12:00:00Z,27.975,-15.525,NaN
2015-06-21T12:00:00Z,27.975,-15.475,NaN
2015-06-21T12:00:00Z,27.975,-15.425,NaN
2015-06-21T12:00:00Z,27.975,-15.375,0.0
2015-06-21T12:00:00Z,27.925,-15.625,NaN
2015-06-21T12:00:00Z,27.925,-15.575,NaN
2015-06-21T12:00:00Z,27.925,-15.525,NaN
2015-06-21T12:00:00Z,27.925,-15.475,NaN
2015-06-21T12:00:00Z,27.925,-15.425,NaN
2015-06-21T12:00:00Z,27.925,-15.375,0.0
2015-06-21T12:00:00Z,27.875,-15.625,NaN
2015-06-21T12:00:00Z,27.875,-15.575,NaN
2015-06-21T12:00:00Z,27.875,-15.525,NaN
2015-06-21T12:00:00Z,27.875,-15.475,NaN
2015-06-21T12:00:00Z,27.875,-15.425,NaN
2015-06-21T12:00:00Z,27.875,-15.375,0.0
2015-06-21T12:00:00Z,27.825,-15.625,NaN
2015-06-21T12:00:00Z,27.825,-15.575,NaN
2015-06-21T12:00:00Z,27.825,-15.525,NaN
2015-06-21T12:00:00Z,27.825,-15.475,NaN
2015-06-21T12:00:00Z,27.825,-15.425,0.0
2015-06-21T12:00:00Z,27.825,-15.375,0.0
2015-07-21T12:00:00Z,28.175,-15.625,0.0
2015-07-21T12:00:00Z,28.175,-15.575,0.0
2015-07-21T12:00:00Z,28.175,-15.525,0.0
2015-07-21T12:00:00Z,28.175,-15.475,0.0
2015-07-21T12:00:00Z,28.175,-15.425,0.0
2015-07-21T12:00:00Z,28.175,-15.375,0.0
2015-07-21T12:00:00Z,28.125,-15.625,0.0
2015-07-21T12:00:00Z,28.125,-15.575,0.0
2015-07-21T12:00:00Z,28.125,-15.525,0.0
2015-07-21T12:00:00Z,28.125,-15.475,0.0
2015-07-21T12:00:00Z,28.125,-15.425,0.0
2015-07-21T12:00:00Z,28.125,-15.375,0.0
2015-07-21T12:00:00Z,28.075,-15.625,NaN
2015-07-21T12:00:00Z,28.075,-15.575,NaN
2015-07-21T12:00:00Z,28.075,-15.525,NaN
2015-07-21T12:00:00Z,28.075,-15.475,0.0
2015-07-21T12:00:00Z,28.075,-15.425,0.0
2015-07-21T12:00:00Z,28.075,-15.375,0.0
2015-07-21T12:00:00Z,28.025,-15.625,NaN
2015-07-21T12:00:00Z,28.025,-15.575,NaN
2015-07-21T12:00:00Z,28.025,-15.525,NaN
2015-07-21T12:00:00Z,28.025,-15.475,NaN
2015-07-21T12:00:00Z,28.025,-15.425,0.0
2015-07-21T12:00:00Z,28.025,-15.375,0.0
2015-07-21T12:00:00Z,27.975,-15.625,NaN
2015-07-21T12:00:00Z,27.975,-15.575,NaN
2015-07-21T12:00:00Z,27.975,-15.525,NaN
2015-07-21T12:00:00Z,27.975,-15.475,NaN
2015-07-21T12:00:00Z,27.975,-15.425,NaN
2015-07-21T12:00:00Z,27.975,-15.375,0.0
2015-07-21T12:00:00Z,27.925,-15.625,NaN
2015-07-21T12:00:00Z,27.925,-15.575,NaN
2015-07-21T12:00:00Z,27.925,-15.525,NaN
2015-07-21T12:00:00Z,27.925,-15.475,NaN
2015-07-21T12:00:00Z,27.925,-15.425,NaN
2015-07-21T12:00:00Z,27.925,-15.375,0.0
2015-07-21T12:00:00Z,27.875,-15.625,NaN
2015-07-21T12:00:00Z,27.875,-15.575,NaN
2015-07-21T12:00:00Z,27.875,-15.525,NaN
2015-07-21T12:00:00Z,27.875,-15.475,NaN
2015-07-21T12:00:00Z,27.875,-15.425,NaN
2015-07-21T12:00:00Z,27.875,-15.375,0.0
2015-07-21T12:00:00Z,27.825,-15.625,NaN
2015-07-21T12:00:00Z,27.825,-15.575,NaN
2015-07-21T12:00:00Z,27.825,-15.525,NaN
2015-07-21T12:00:00Z,27.825,-15.475,NaN
2015-07-21T12:00:00Z,27.825,-15.425,0.0
2015-07-21T12:00:00Z,27.825,-15.375,0.0
2015-08-20T12:00:00Z,28.175,-15.625,0.0
2015-08-20T12:00:00Z,28.175,-15.575,0.0
2015-08-20T12:00:00Z,28.175,-15.525,0.0
2015-08-20T12:00:00Z,28.175,-15.475,0.0
2015-08-20T12:00:00Z,28.175,-15.425,0.0
2015-08-20T12:00:00Z,28.175,-15.375,0.0
2015-08-20T12:00:00Z,28.125,-15.625,0.0
2015-08-20T12:00:00Z,28.125,-15.575,0.0
2015-08-20T12:00:00Z,28.125,-15.525,0.0
2015-08-20T12:00:00Z,28.125,-15.475,0.0
2015-08-20T12:00:00Z,28.125,-15.425,0.0
2015-08-20T12:00:00Z,28.125,-15.375,0.0
2015-08-20T12:00:00Z,28.075,-15.625,NaN
2015-08-20T12:00:00Z,28.075,-15.575,NaN
2015-08-20T12:00:00Z,28.075,-15.525,NaN
2015-08-20T12:00:00Z,28.075,-15.475,0.0
2015-08-20T12:00:00Z,28.075,-15.425,0.0
2015-08-20T12:00:00Z,28.075,-15.375,0.0
2015-08-20T12:00:00Z,28.025,-15.625,NaN
2015-08-20T12:00:00Z,28.025,-15.575,NaN
2015-08-20T12:00:00Z,28.025,-15.525,NaN
2015-08-20T12:00:00Z,28.025,-15.475,NaN
2015-08-20T12:00:00Z,28.025,-15.425,0.0
2015-08-20T12:00:00Z,28.025,-15.375,0.0
2015-08-20T12:00:00Z,27.975,-15.625,NaN
2015-08-20T12:00:00Z,27.975,-15.575,NaN
2015-08-20T12:00:00Z,27.975,-15.525,NaN
2015-08-20T12:00:00Z,27.975,-15.475,NaN
2015-08-20T12:00:00Z,27.975,-15.425,NaN
2015-08-20T12:00:00Z,27.975,-15.375,0.0
2015-08-20T12:00:00Z,27.925,-15.625,NaN
2015-08-20T12:00:00Z,27.925,-15.575,NaN
2015-08-20T12:00:00Z,27.925,-15.525,NaN
2015-08-20T12:00:00Z,27.925,-15.475,NaN
2015-08-20T12:00:00Z,27.925,-15.425,NaN
2015-08-20T12:00:00Z,27.925,-15.375,0.0
2015-08-20T12:00:00Z,27.875,-15.625,NaN
2015-08-20T12:00:00Z,27.875,-15.575,NaN
2015-08-20T12:00:00Z,27.875,-15.525,NaN
2015-08-20T12:00:00Z,27.875,-15.475,NaN
2015-08-20T12:00:00Z,27.875,-15.425,NaN
2015-08-20T12:00:00Z,27.875,-15.375,0.0
2015-08-20T12:00:00Z,27.825,-15.625,NaN
2015-08-20T12:00:00Z,27.825,-15.575,NaN
2015-08-20T12:00:00Z,27.825,-15.525,NaN
2015-08-20T12:00:00Z,27.825,-15.475,NaN
2015-08-20T12:00:00Z,27.825,-15.425,0.0
2015-08-20T12:00:00Z,27.825,-15.375,0.0
2015-09-19T12:00:00Z,28.175,-15.625,0.66
2015-09-19T12:00:00Z,28.175,-15.575,0.96
2015-09-19T12:00:00Z,28.175,-15.525,1.1400000000000001
2015-09-19T12:00:00Z,28.175,-15.475,1.62
2015-09-19T12:00:00Z,28.175,-15.425,1.84
2015-09-19T12:00:00Z,28.175,-15.375,2.05
2015-09-19T12:00:00Z,28.125,-15.625,0.62
2015-09-19T12:00:00Z,28.125,-15.575,0.63
2015-09-19T12:00:00Z,28.125,-15.525,0.79
2015-09-19T12:00:00Z,28.125,-15.475,1.1300000000000001
2015-09-19T12:00:00Z,28.125,-15.425,1.48
2015-09-19T12:00:00Z,28.125,-15.375,1.82
2015-09-19T12:00:00Z,28.075,-15.625,NaN
2015-09-19T12:00:00Z,28.075,-15.575,NaN
2015-09-19T12:00:00Z,28.075,-15.525,NaN
2015-09-19T12:00:00Z,28.075,-15.475,0.96
2015-09-19T12:00:00Z,28.075,-15.425,1.32
2015-09-19T12:00:00Z,28.075,-15.375,1.51
2015-09-19T12:00:00Z,28.025,-15.625,NaN
2015-09-19T12:00:00Z,28.025,-15.575,NaN
2015-09-19T12:00:00Z,28.025,-15.525,NaN
2015-09-19T12:00:00Z,28.025,-15.475,NaN
2015-09-19T12:00:00Z,28.025,-15.425,1.47
2015-09-19T12:00:00Z,28.025,-15.375,1.52
2015-09-19T12:00:00Z,27.975,-15.625,NaN
2015-09-19T12:00:00Z,27.975,-15.575,NaN
2015-09-19T12:00:00Z,27.975,-15.525,NaN
2015-09-19T12:00:00Z,27.975,-15.475,NaN
2015-09-19T12:00:00Z,27.975,-15.425,NaN
2015-09-19T12:00:00Z,27.975,-15.375,1.85
2015-09-19T12:00:00Z,27.925,-15.625,NaN
2015-09-19T12:00:00Z,27.925,-15.575,NaN
2015-09-19T12:00:00Z,27.925,-15.525,NaN
2015-09-19T12:00:00Z,27.925,-15.475,NaN
2015-09-19T12:00:00Z,27.925,-15.425,NaN
2015-09-19T12:00:00Z,27.925,-15.375,1.92
2015-09-19T12:00:00Z,27.875,-15.625,NaN
2015-09-19T12:00:00Z,27.875,-15.575,NaN
2015-09-19T12:00:00Z,27.875,-15.525,NaN
2015-09-19T12:00:00Z,27.875,-15.475,NaN
2015-09-19T12:00:00Z,27.875,-15.425,NaN
2015-09-19T12:00:00Z,27.875,-15.375,1.97
2015-09-19T12:00:00Z,27.825,-15.625,NaN
2015-09-19T12:00:00Z,27.825,-15.575,NaN
2015-09-19T12:00:00Z,27.825,-15.525,NaN
2015-09-19T12:00:00Z,27.825,-15.475,NaN
2015-09-19T12:00:00Z,27.825,-15.425,1.99
2015-09-19T12:00:00Z,27.825,-15.375,2.0100000000000002
2015-10-19T12:00:00Z,28.175,-15.625,4.41
2015-10-19T12:00:00Z,28.175,-15.575,4.72
2015-10-19T12:00:00Z,28.175,-15.525,4.93
2015-10-19T12:00:00Z,28.175,-15.475,5.5200000000000005
2015-10-19T12:00:00Z,28.175,-15.425,6.32
2015-10-19T12:00:00Z,28.175,-15.375,6.890000000000001
2015-10-19T12:00:00Z,28.125,-15.625,4.08
2015-10-19T12:00:00Z,28.125,-15.575,4.11
2015-10-19T12:00:00Z,28.125,-15.525,4.16
2015-10-19T12:00:00Z,28.125,-15.475,4.78
2015-10-19T12:00:00Z,28.125,-15.425,5.74
2015-10-19T12:00:00Z,28.125,-15.375,6.43
2015-10-19T12:00:00Z,28.075,-15.625,NaN
2015-10-19T12:00:00Z,28.075,-15.575,NaN
2015-10-19T12:00:00Z,28.075,-15.525,NaN
2015-10-19T12:00:00Z,28.075,-15.475,4.71
2015-10-19T12:00:00Z,28.075,-15.425,5.57
2015-10-19T12:00:00Z,28.075,-15.375,5.96
2015-10-19T12:00:00Z,28.025,-15.625,NaN
2015-10-19T12:00:00Z,28.025,-15.575,NaN
2015-10-19T12:00:00Z,28.025,-15.525,NaN
2015-10-19T12:00:00Z,28.025,-15.475,NaN
2015-10-19T12:00:00Z,28.025,-15.425,5.78
2015-10-19T12:00:00Z,28.025,-15.375,6.2
2015-10-19T12:00:00Z,27.975,-15.625,NaN
2015-10-19T12:00:00Z,27.975,-15.575,NaN
2015-10-19T12:00:00Z,27.975,-15.525,NaN
2015-10-19T12:00:00Z,27.975,-15.475,NaN
2015-10-19T12:00:00Z,27.975,-15.425,NaN
2015-10-19T12:00:00Z,27.975,-15.375,6.8
2015-10-19T12:00:00Z,27.925,-15.625,NaN
2015-10-19T12:00:00Z,27.925,-15.575,NaN
2015-10-19T12:00:00Z,27.925,-15.525,NaN
2015-10-19T12:00:00Z,27.925,-15.475,NaN
2015-10-19T12:00:00Z,27.925,-15.425,NaN
2015-10-19T12:00:00Z,27.925,-15.375,7.01
2015-10-19T12:00:00Z,27.875,-15.625,NaN
2015-10-19T12:00:00Z,27.875,-15.575,NaN
2015-10-19T12:00:00Z,27.875,-15.525,NaN
2015-10-19T12:00:00Z,27.875,-15.475,NaN
2015-10-19T12:00:00Z,27.875,-15.425,NaN
2015-10-19T12:00:00Z,27.875,-15.375,7.16
2015-10-19T12:00:00Z,27.825,-15.625,NaN
2015-10-19T12:00:00Z,27.825,-15.575,NaN
2015-10-19T12:00:00Z,27.825,-15.525,NaN
2015-10-19T12:00:00Z,27.825,-15.475,NaN
2015-10-19T12:00:00Z,27.825,-15.425,7.0600000000000005
2015-10-19T12:00:00Z,27.825,-15.375,7.24
2015-11-18T12:00:00Z,28.175,-15.625,4.55
2015-11-18T12:00:00Z,28.175,-15.575,4.87
2015-11-18T12:00:00Z,28.175,-15.525,5.08
2015-11-18T12:00:00Z,28.175,-15.475,5.67
2015-11-18T12:00:00Z,28.175,-15.425,6.47
2015-11-18T12:00:00Z,28.175,-15.375,7.04
2015-11-18T12:00:00Z,28.125,-15.625,4.23
2015-11-18T12:00:00Z,28.125,-15.575,4.26
2015-11-18T12:00:00Z,28.125,-15.525,4.3100000000000005
2015-11-18T12:00:00Z,28.125,-15.475,4.93
2015-11-18T12:00:00Z,28.125,-15.425,5.89
2015-11-18T12:00:00Z,28.125,-15.375,6.58
2015-11-18T12:00:00Z,28.075,-15.625,NaN
2015-11-18T12:00:00Z,28.075,-15.575,NaN
2015-11-18T12:00:00Z,28.075,-15.525,NaN
2015-11-18T12:00:00Z,28.075,-15.475,4.86
2015-11-18T12:00:00Z,28.075,-15.425,5.87
2015-11-18T12:00:00Z,28.075,-15.375,6.2700000000000005
2015-11-18T12:00:00Z,28.025,-15.625,NaN
2015-11-18T12:00:00Z,28.025,-15.575,NaN
2015-11-18T12:00:00Z,28.025,-15.525,NaN
2015-11-18T12:00:00Z,28.025,-15.475,NaN
2015-11-18T12:00:00Z,28.025,-15.425,6.1000000000000005
2015-11-18T12:00:00Z,28.025,-15.375,6.96
2015-11-18T12:00:00Z,27.975,-15.625,NaN
2015-11-18T12:00:00Z,27.975,-15.575,NaN
2015-11-18T12:00:00Z,27.975,-15.525,NaN
2015-11-18T12:00:00Z,27.975,-15.475,NaN
2015-11-18T12:00:00Z,27.975,-15.425,NaN
2015-11-18T12:00:00Z,27.975,-15.375,8.06
2015-11-18T12:00:00Z,27.925,-15.625,NaN
2015-11-18T12:00:00Z,27.925,-15.575,NaN
2015-11-18T12:00:00Z,27.925,-15.525,NaN
2015-11-18T12:00:00Z,27.925,-15.475,NaN
2015-11-18T12:00:00Z,27.925,-15.425,NaN
2015-11-18T12:00:00Z,27.925,-15.375,8.67
2015-11-18T12:00:00Z,27.875,-15.625,NaN
2015-11-18T12:00:00Z,27.875,-15.575,NaN
2015-11-18T12:00:00Z,27.875,-15.525,NaN
2015-11-18T12:00:00Z,27.875,-15.475,NaN
2015-11-18T12:00:00Z,27.875,-15.425,NaN
2015-11-18T12:00:00Z,27.875,-15.375,9.23
2015-11-18T12:00:00Z,27.825,-15.625,NaN
2015-11-18T12:00:00Z,27.825,-15.575,NaN
2015-11-18T12:00:00Z,27.825,-15.525,NaN
2015-11-18T12:00:00Z,27.825,-15.475,NaN
2015-11-18T12:00:00Z,27.825,-15.425,9.22
2015-11-18T12:00:00Z,27.825,-15.375,9.4
2015-12-18T12:00:00Z,28.175,-15.625,3.23
2015-12-18T12:00:00Z,28.175,-15.575,3.24
2015-12-18T12:00:00Z,28.175,-15.525,3.27
2015-12-18T12:00:00Z,28.175,-15.475,3.35
2015-12-18T12:00:00Z,28.175,-15.425,3.74
2015-12-18T12:00:00Z,28.175,-15.375,4.04
2015-12-18T12:00:00Z,28.125,-15.625,3.11
2015-12-18T12:00:00Z,28.125,-15.575,3.12
2015-12-18T12:00:00Z,28.125,-15.525,3.0100000000000002
2015-12-18T12:00:00Z,28.125,-15.475,3.11
2015-12-18T12:00:00Z,28.125,-15.425,3.5300000000000002
2015-12-18T12:00:00Z,28.125,-15.375,3.8200000000000003
2015-12-18T12:00:00Z,28.075,-15.625,NaN
2015-12-18T12:00:00Z,28.075,-15.575,NaN
2015-12-18T12:00:00Z,28.075,-15.525,NaN
2015-12-18T12:00:00Z,28.075,-15.475,3.21
2015-12-18T12:00:00Z,28.075,-15.425,3.67
2015-12-18T12:00:00Z,28.075,-15.375,3.8000000000000003
2015-12-18T12:00:00Z,28.025,-15.625,NaN
2015-12-18T12:00:00Z,28.025,-15.575,NaN
2015-12-18T12:00:00Z,28.025,-15.525,NaN
2015-12-18T12:00:00Z,28.025,-15.475,NaN
2015-12-18T12:00:00Z,28.025,-15.425,3.72
2015-12-18T12:00:00Z,28.025,-15.375,4.45
2015-12-18T12:00:00Z,27.975,-15.625,NaN
2015-12-18T12:00:00Z,27.975,-15.575,NaN
2015-12-18T12:00:00Z,27.975,-15.525,NaN
2015-12-18T12:00:00Z,27.975,-15.475,NaN
2015-12-18T12:00:00Z,27.975,-15.425,NaN
2015-12-18T12:00:00Z,27.975,-15.375,5.2
2015-12-18T12:00:00Z,27.925,-15.625,NaN
2015-12-18T12:00:00Z,27.925,-15.575,NaN
2015-12-18T12:00:00Z,27.925,-15.525,NaN
2015-12-18T12:00:00Z,27.925,-15.475,NaN
2015-12-18T12:00:00Z,27.925,-15.425,NaN
2015-12-18T12:00:00Z,27.925,-15.375,5.72
2015-12-18T12:00:00Z,27.875,-15.625,NaN
2015-12-18T12:00:00Z,27.875,-15.575,NaN
2015-12-18T12:00:00Z,27.875,-15.525,NaN
2015-12-18T12:00:00Z,27.875,-15.475,NaN
2015-12-18T12:00:00Z,27.875,-15.425,NaN
2015-12-18T12:00:00Z,27.875,-15.375,6.21
2015-12-18T12:00:00Z,27.825,-15.625,NaN
2015-12-18T12:00:00Z,27.825,-15.575,NaN
2015-12-18T12:00:00Z,27.825,-15.525,NaN
2015-12-18T12:00:00Z,27.825,-15.475,NaN
2015-12-18T12:00:00Z,27.825,-15.425,6.21
2015-12-18T12:00:00Z,27.825,-15.375,6.34
2016-01-17T12:00:00Z,28.175,-15.625,0.0
2016-01-17T12:00:00Z,28.175,-15.575,0.0
2016-01-17T12:00:00Z,28.175,-15.525,0.0
2016-01-17T12:00:00Z,28.175,-15.475,0.0
2016-01-17T12:00:00Z,28.175,-15.425,0.0
2016-01-17T12:00:00Z,28.175,-15.375,0.0
2016-01-17T12:00:00Z,28.125,-15.625,0.0
2016-01-17T12:00:00Z,28.125,-15.575,0.0
2016-01-17T12:00:00Z,28.125,-15.525,0.0
2016-01-17T12:00:00Z,28.125,-15.475,0.0
2016-01-17T12:00:00Z,28.125,-15.425,0.0
2016-01-17T12:00:00Z,28.125,-15.375,0.0
2016-01-17T12:00:00Z,28.075,-15.625,NaN
2016-01-17T12:00:00Z,28.075,-15.575,NaN
2016-01-17T12:00:00Z,28.075,-15.525,NaN
2016-01-17T12:00:00Z,28.075,-15.475,0.0
2016-01-17T12:00:00Z,28.075,-15.425,0.14
2016-01-17T12:00:00Z,28.075,-15.375,0.14
2016-01-17T12:00:00Z,28.025,-15.625,NaN
2016-01-17T12:00:00Z,28.025,-15.575,NaN
2016-01-17T12:00:00Z,28.025,-15.525,NaN
2016-01-17T12:00:00Z,28.025,-15.475,NaN
2016-01-17T12:00:00Z,28.025,-15.425,0.15
2016-01-17T12:00:00Z,28.025,-15.375,0.3
2016-01-17T12:00:00Z,27.975,-15.625,NaN
2016-01-17T12:00:00Z,27.975,-15.575,NaN
2016-01-17T12:00:00Z,27.975,-15.525,NaN
2016-01-17T12:00:00Z,27.975,-15.475,NaN
2016-01-17T12:00:00Z,27.975,-15.425,NaN
2016-01-17T12:00:00Z,27.975,-15.375,0.32
2016-01-17T12:00:00Z,27.925,-15.625,NaN
2016-01-17T12:00:00Z,27.925,-15.575,NaN
2016-01-17T12:00:00Z,27.925,-15.525,NaN
2016-01-17T12:00:00Z,27.925,-15.475,NaN
2016-01-17T12:00:00Z,27.925,-15.425,NaN
2016-01-17T12:00:00Z,27.925,-15.375,0.66
2016-01-17T12:00:00Z,27.875,-15.625,NaN
2016-01-17T12:00:00Z,27.875,-15.575,NaN
2016-01-17T12:00:00Z,27.875,-15.525,NaN
2016-01-17T12:00:00Z,27.875,-15.475,NaN
2016-01-17T12:00:00Z,27.875,-15.425,NaN
2016-01-17T12:00:00Z,27.875,-15.375,1.03
2016-01-17T12:00:00Z,27.825,-15.625,NaN
2016-01-17T12:00:00Z,27.825,-15.575,NaN
2016-01-17T12:00:00Z,27.825,-15.525,NaN
2016-01-17T12:00:00Z,27.825,-15.475,NaN
2016-01-17T12:00:00Z,27.825,-15.425,1.1
2016-01-17T12:00:00Z,27.825,-15.375,1.1
2016-02-16T12:00:00Z,28.175,-15.625,0.0
2016-02-16T12:00:00Z,28.175,-15.575,0.0
2016-02-16T12:00:00Z,28.175,-15.525,0.0
2016-02-16T12:00:00Z,28.175,-15.475,0.0
2016-02-16T12:00:00Z,28.175,-15.425,0.0
2016-02-16T12:00:00Z,28.175,-15.375,0.0
2016-02-16T12:00:00Z,28.125,-15.625,0.0
2016-02-16T12:00:00Z,28.125,-15.575,0.0
2016-02-16T12:00:00Z,28.125,-15.525,0.0
2016-02-16T12:00:00Z,28.125,-15.475,0.0
2016-02-16T12:00:00Z,28.125,-15.425,0.0
2016-02-16T12:00:00Z,28.125,-15.375,0.0
2016-02-16T12:00:00Z,28.075,-15.625,NaN
2016-02-16T12:00:00Z,28.075,-15.575,NaN
2016-02-16T12:00:00Z,28.075,-15.525,NaN
2016-02-16T12:00:00Z,28.075,-15.475,0.0
2016-02-16T12:00:00Z,28.075,-15.425,0.0
2016-02-16T12:00:00Z,28.075,-15.375,0.0
2016-02-16T12:00:00Z,28.025,-15.625,NaN
2016-02-16T12:00:00Z,28.025,-15.575,NaN
2016-02-16T12:00:00Z,28.025,-15.525,NaN
2016-02-16T12:00:00Z,28.025,-15.475,NaN
2016-02-16T12:00:00Z,28.025,-15.425,0.0
2016-02-16T12:00:00Z,28.025,-15.375,0.0
2016-02-16T12:00:00Z,27.975,-15.625,NaN
2016-02-16T12:00:00Z,27.975,-15.575,NaN
2016-02-16T12:00:00Z,27.975,-15.525,NaN
2016-02-16T12:00:00Z,27.975,-15.475,NaN
2016-02-16T12:00:00Z,27.975,-15.425,NaN
2016-02-16T12:00:00Z,27.975,-15.375,0.0
2016-02-16T12:00:00Z,27.925,-15.625,NaN
2016-02-16T12:00:00Z,27.925,-15.575,NaN
2016-02-16T12:00:00Z,27.925,-15.525,NaN
2016-02-16T12:00:00Z,27.925,-15.475,NaN
2016-02-16T12:00:00Z,27.925,-15.425,NaN
2016-02-16T12:00:00Z,27.925,-15.375,0.0
2016-02-16T12:00:00Z,27.875,-15.625,NaN
2016-02-16T12:00:00Z,27.875,-15.575,NaN
2016-02-16T12:00:00Z,27.875,-15.525,NaN
2016-02-16T12:00:00Z,27.875,-15.475,NaN
2016-02-16T12:00:00Z,27.875,-15.425,NaN
2016-02-16T12:00:00Z,27.875,-15.375,0.0
2016-02-16T12:00:00Z,27.825,-15.625,NaN
2016-02-16T12:00:00Z,27.825,-15.575,NaN
2016-02-16T12:00:00Z,27.825,-15.525,NaN
2016-02-16T12:00:00Z,27.825,-15.475,NaN
2016-02-16T12:00:00Z,27.825,-15.425,0.0
2016-02-16T12:00:00Z,27.825,-15.375,0.0
2016-03-17T12:00:00Z,28.175,-15.625,0.0
2016-03-17T12:00:00Z,28.175,-15.575,0.0
2016-03-17T12:00:00Z,28.175,-15.525,0.0
2016-03-17T12:00:00Z,28.175,-15.475,0.0
2016-03-17T12:00:00Z,28.175,-15.425,0.0
2016-03-17T12:00:00Z,28.175,-15.375,0.0
2016-03-17T12:00:00Z,28.125,-15.625,0.0
2016-03-17T12:00:00Z,28.125,-15.575,0.0
2016-03-17T12:00:00Z,28.125,-15.525,0.0
2016-03-17T12:00:00Z,28.125,-15.475,0.0
2016-03-17T12:00:00Z,28.125,-15.425,0.0
2016-03-17T12:00:00Z,28.125,-15.375,0.0
2016-03-17T12:00:00Z,28.075,-15.625,NaN
2016-03-17T12:00:00Z,28.075,-15.575,NaN
2016-03-17T12:00:00Z,28.075,-15.525,NaN
2016-03-17T12:00:00Z,28.075,-15.475,0.0
2016-03-17T12:00:00Z,28.075,-15.425,0.0
2016-03-17T12:00:00Z,28.075,-15.375,0.0
2016-03-17T12:00:00Z,28.025,-15.625,NaN
2016-03-17T12:00:00Z,28.025,-15.575,NaN
2016-03-17T12:00:00Z,28.025,-15.525,NaN
2016-03-17T12:00:00Z,28.025,-15.475,NaN
2016-03-17T12:00:00Z,28.025,-15.425,0.0
2016-03-17T12:00:00Z,28.025,-15.375,0.0
2016-03-17T12:00:00Z,27.975,-15.625,NaN
2016-03-17T12:00:00Z,27.975,-15.575,NaN
2016-03-17T12:00:00Z,27.975,-15.525,NaN
2016-03-17T12:00:00Z,27.975,-15.475,NaN
2016-03-17T12:00:00Z,27.975,-15.425,NaN
2016-03-17T12:00:00Z,27.975,-15.375,0.0
2016-03-17T12:00:00Z,27.925,-15.625,NaN
2016-03-17T12:00:00Z,27.925,-15.575,NaN
2016-03-17T12:00:00Z,27.925,-15.525,NaN
2016-03-17T12:00:00Z,27.925,-15.475,NaN
2016-03-17T12:00:00Z,27.925,-15.425,NaN
2016-03-17T12:00:00Z,27.925,-15.375,0.0
2016-03-17T12:00:00Z,27.875,-15.625,NaN
2016-03-17T12:00:00Z,27.875,-15.575,NaN
2016-03-17T12:00:00Z,27.875,-15.525,NaN
2016-03-17T12:00:00Z,27.875,-15.475,NaN
2016-03-17T12:00:00Z,27.875,-15.425,NaN
2016-03-17T12:00:00Z,27.875,-15.375,0.0
2016-03-17T12:00:00Z,27.825,-15.625,NaN
2016-03-17T12:00:00Z,27.825,-15.575,NaN
2016-03-17T12:00:00Z,27.825,-15.525,NaN
2016-03-17T12:00:00Z,27.825,-15.475,NaN
2016-03-17T12:00:00Z,27.825,-15.425,0.0
2016-03-17T12:00:00Z,27.825,-15.375,0.0
2016-04-16T12:00:00Z,28.175,-15.625,0.0
2016-04-16T12:00:00Z,28.175,-15.575,0.0
2016-04-16T12:00:00Z,28.175,-15.525,0.0
2016-04-16T12:00:00Z,28.175,-15.475,0.0
2016-04-16T12:00:00Z,28.175,-15.425,0.0
2016-04-16T12:00:00Z,28.175,-15.375,0.0
2016-04-16T12:00:00Z,28.125,-15.625,0.0
2016-04-16T12:00:00Z,28.125,-15.575,0.0
2016-04-16T12:00:00Z,28.125,-15.525,0.0
2016-04-16T12:00:00Z,28.125,-15.475,0.0
2016-04-16T12:00:00Z,28.125,-15.425,0.0
2016-04-16T12:00:00Z,28.125,-15.375,0.0
2016-04-16T12:00:00Z,28.075,-15.625,NaN
2016-04-16T12:00:00Z,28.075,-15.575,NaN
2016-04-16T12:00:00Z,28.075,-15.525,NaN
2016-04-16T12:00:00Z,28.075,-15.475,0.0
2016-04-16T12:00:00Z,28.075,-15.425,0.0
2016-04-16T12:00:00Z,28.075,-15.375,0.0
2016-04-16T12:00:00Z,28.025,-15.625,NaN
2016-04-16T12:00:00Z,28.025,-15.575,NaN
2016-04-16T12:00:00Z,28.025,-15.525,NaN
2016-04-16T12:00:00Z,28.025,-15.475,NaN
2016-04-16T12:00:00Z,28.025,-15.425,0.0
2016-04-16T12:00:00Z,28.025,-15.375,0.0
2016-04-16T12:00:00Z,27.975,-15.625,NaN
2016-04-16T12:00:00Z,27.975,-15.575,NaN
2016-04-16T12:00:00Z,27.975,-15.525,NaN
2016-04-16T12:00:00Z,27.975,-15.475,NaN
2016-04-16T12:00:00Z,27.975,-15.425,NaN
2016-04-16T12:00:00Z,27.975,-15.375,0.0
2016-04-16T12:00:00Z,27.925,-15.625,NaN
2016-04-16T12:00:00Z,27.925,-15.575,NaN
2016-04-16T12:00:00Z,27.925,-15.525,NaN
2016-04-16T12:00:00Z,27.925,-15.475,NaN
2016-04-16T12:00:00Z,27.925,-15.425,NaN
2016-04-16T12:00:00Z,27.925,-15.375,0.0
2016-04-16T12:00:00Z,27.875,-15.625,NaN
2016-04-16T12:00:00Z,27.875,-15.575,NaN
2016-04-16T12:00:00Z,27.875,-15.525,NaN
2016-04-16T12:00:00Z,27.875,-15.475,NaN
2016-04-16T12:00:00Z,27.875,-15.425,NaN
2016-04-16T12:00:00Z,27.875,-15.375,0.0
2016-04-16T12:00:00Z,27.825,-15.625,NaN
2016-04-16T12:00:00Z,27.825,-15.575,NaN
2016-04-16T12:00:00Z,27.825,-15.525,NaN
2016-04-16T12:00:00Z,27.825,-15.475,NaN
2016-04-16T12:00:00Z,27.825,-15.425,0.0
2016-04-16T12:00:00Z,27.825,-15.375,0.0
2016-05-16T12:00:00Z,28.175,-15.625,0.0
2016-05-16T12:00:00Z,28.175,-15.575,0.0
2016-05-16T12:00:00Z,28.175,-15.525,0.0
2016-05-16T12:00:00Z,28.175,-15.475,0.0
2016-05-16T12:00:00Z,28.175,-15.425,0.0
2016-05-16T12:00:00Z,28.175,-15.375,0.0
2016-05-16T12:00:00Z,28.125,-15.625,0.0
2016-05-16T12:00:00Z,28.125,-15.575,0.0
2016-05-16T12:00:00Z,28.125,-15.525,0.0
2016-05-16T12:00:00Z,28.125,-15.475,0.0
2016-05-16T12:00:00Z,28.125,-15.425,0.0
2016-05-16T12:00:00Z,28.125,-15.375,0.0
2016-05-16T12:00:00Z,28.075,-15.625,NaN
2016-05-16T12:00:00Z,28.075,-15.575,NaN
2016-05-16T12:00:00Z,28.075,-15.525,NaN
2016-05-16T12:00:00Z,28.075,-15.475,0.0
2016-05-16T12:00:00Z,28.075,-15.425,0.0
2016-05-16T12:00:00Z,28.075,-15.375,0.0
2016-05-16T12:00:00Z,28.025,-15.625,NaN
2016-05-16T12:00:00Z,28.025,-15.575,NaN
2016-05-16T12:00:00Z,28.025,-15.525,NaN
2016-05-16T12:00:00Z,28.025,-15.475,NaN
2016-05-16T12:00:00Z,28.025,-15.425,0.0
2016-05-16T12:00:00Z,28.025,-15.375,0.0
2016-05-16T12:00:00Z,27.975,-15.625,NaN
2016-05-16T12:00:00Z,27.975,-15.575,NaN
2016-05-16T12:00:00Z,27.975,-15.525,NaN
2016-05-16T12:00:00Z,27.975,-15.475,NaN
2016-05-16T12:00:00Z,27.975,-15.425,NaN
2016-05-16T12:00:00Z,27.975,-15.375,0.0
2016-05-16T12:00:00Z,27.925,-15.625,NaN
2016-05-16T12:00:00Z,27.925,-15.575,NaN
2016-05-16T12:00:00Z,27.925,-15.525,NaN
2016-05-16T12:00:00Z,27.925,-15.475,NaN
2016-05-16T12:00:00Z,27.925,-15.425,NaN
2016-05-16T12:00:00Z,27.925,-15.375,0.0
2016-05-16T12:00:00Z,27.875,-15.625,NaN
2016-05-16T12:00:00Z,27.875,-15.575,NaN
2016-05-16T12:00:00Z,27.875,-15.525,NaN
2016-05-16T12:00:00Z,27.875,-15.475,NaN
2016-05-16T12:00:00Z,27.875,-15.425,NaN
2016-05-16T12:00:00Z,27.875,-15.375,0.0
2016-05-16T12:00:00Z,27.825,-15.625,NaN
2016-05-16T12:00:00Z,27.825,-15.575,NaN
2016-05-16T12:00:00Z,27.825,-15.525,NaN
2016-05-16T12:00:00Z,27.825,-15.475,NaN
2016-05-16T12:00:00Z,27.825,-15.425,0.0
2016-05-16T12:00:00Z,27.825,-15.375,0.0
2016-06-15T12:00:00Z,28.175,-15.625,0.0
2016-06-15T12:00:00Z,28.175,-15.575,0.0
2016-06-15T12:00:00Z,28.175,-15.525,0.0
2016-06-15T12:00:00Z,28.175,-15.475,0.0
2016-06-15T12:00:00Z,28.175,-15.425,0.0
2016-06-15T12:00:00Z,28.175,-15.375,0.0
2016-06-15T12:00:00Z,28.125,-15.625,0.0
2016-06-15T12:00:00Z,28.125,-15.575,0.0
2016-06-15T12:00:00Z,28.125,-15.525,0.0
2016-06-15T12:00:00Z,28.125,-15.475,0.0
2016-06-15T12:00:00Z,28.125,-15.425,0.0
2016-06-15T12:00:00Z,28.125,-15.375,0.0
2016-06-15T12:00:00Z,28.075,-15.625,NaN
2016-06-15T12:00:00Z,28.075,-15.575,NaN
2016-06-15T12:00:00Z,28.075,-15.525,NaN
2016-06-15T12:00:00Z,28.075,-15.475,0.0
2016-06-15T12:00:00Z,28.075,-15.425,0.0
2016-06-15T12:00:00Z,28.075,-15.375,0.0
2016-06-15T12:00:00Z,28.025,-15.625,NaN
2016-06-15T12:00:00Z,28.025,-15.575,NaN
2016-06-15T12:00:00Z,28.025,-15.525,NaN
2016-06-15T12:00:00Z,28.025,-15.475,NaN
2016-06-15T12:00:00Z,28.025,-15.425,0.0
2016-06-15T12:00:00Z,28.025,-15.375,0.0
2016-06-15T12:00:00Z,27.975,-15.625,NaN
2016-06-15T12:00:00Z,27.975,-15.575,NaN
2016-06-15T12:00:00Z,27.975,-15.525,NaN
2016-06-15T12:00:00Z,27.975,-15.475,NaN
2016-06-15T12:00:00Z,27.975,-15.425,NaN
2016-06-15T12:00:00Z,27.975,-15.375,0.0
2016-06-15T12:00:00Z,27.925,-15.625,NaN
2016-06-15T12:00:00Z,27.925,-15.575,NaN
2016-06-15T12:00:00Z,27.925,-15.525,NaN
2016-06-15T12:00:00Z,27.925,-15.475,NaN
2016-06-15T12:00:00Z,27.925,-15.425,NaN
2016-06-15T12:00:00Z,27.925,-15.375,0.0
2016-06-15T12:00:00Z,27.875,-15.625,NaN
2016-06-15T12:00:00Z,27.875,-15.575,NaN
2016-06-15T12:00:00Z,27.875,-15.525,NaN
2016-06-15T12:00:00Z,27.875,-15.475,NaN
2016-06-15T12:00:00Z,27.875,-15.425,NaN
2016-06-15T12:00:00Z,27.875,-15.375,0.0
2016-06-15T12:00:00Z,27.825,-15.625,NaN
2016-06-15T12:00:00Z,27.825,-15.575,NaN
2016-06-15T12:00:00Z,27.825,-15.525,NaN
2016-06-15T12:00:00Z,27.825,-15.475,NaN
2016-06-15T12:00:00Z,27.825,-15.425,0.0
2016-06-15T12:00:00Z,27.825,-15.375,0.0
2016-07-15T12:00:00Z,28.175,-15.625,0.0
2016-07-15T12:00:00Z,28.175,-15.575,0.0
2016-07-15T12:00:00Z,28.175,-15.525,0.0
2016-07-15T12:00:00Z,28.175,-15.475,0.0
2016-07-15T12:00:00Z,28.175,-15.425,0.0
2016-07-15T12:00:00Z,28.175,-15.375,0.0
2016-07-15T12:00:00Z,28.125,-15.625,0.0
2016-07-15T12:00:00Z,28.125,-15.575,0.0
2016-07-15T12:00:00Z,28.125,-15.525,0.0
2016-07-15T12:00:00Z,28.125,-15.475,0.0
2016-07-15T12:00:00Z,28.125,-15.425,0.0
2016-07-15T12:00:00Z,28.125,-15.375,0.0
2016-07-15T12:00:00Z,28.075,-15.625,NaN
2016-07-15T12:00:00Z,28.075,-15.575,NaN
2016-07-15T12:00:00Z,28.075,-15.525,NaN
2016-07-15T12:00:00Z,28.075,-15.475,0.0
2016-07-15T12:00:00Z,28.075,-15.425,0.0
2016-07-15T12:00:00Z,28.075,-15.375,0.0
2016-07-15T12:00:00Z,28.025,-15.625,NaN
2016-07-15T12:00:00Z,28.025,-15.575,NaN
2016-07-15T12:00:00Z,28.025,-15.525,NaN
2016-07-15T12:00:00Z,28.025,-15.475,NaN
2016-07-15T12:00:00Z,28.025,-15.425,0.0
2016-07-15T12:00:00Z,28.025,-15.375,0.0
2016-07-15T12:00:00Z,27.975,-15.625,NaN
2016-07-15T12:00:00Z,27.975,-15.575,NaN
2016-07-15T12:00:00Z,27.975,-15.525,NaN
2016-07-15T12:00:00Z,27.975,-15.475,NaN
2016-07-15T12:00:00Z,27.975,-15.425,NaN
2016-07-15T12:00:00Z,27.975,-15.375,0.0
2016-07-15T12:00:00Z,27.925,-15.625,NaN
2016-07-15T12:00:00Z,27.925,-15.575,NaN
2016-07-15T12:00:00Z,27.925,-15.525,NaN
2016-07-15T12:00:00Z,27.925,-15.475,NaN
2016-07-15T12:00:00Z,27.925,-15.425,NaN
2016-07-15T12:00:00Z,27.925,-15.375,0.0
2016-07-15T12:00:00Z,27.875,-15.625,NaN
2016-07-15T12:00:00Z,27.875,-15.575,NaN
2016-07-15T12:00:00Z,27.875,-15.525,NaN
2016-07-15T12:00:00Z,27.875,-15.475,NaN
2016-07-15T12:00:00Z,27.875,-15.425,NaN
2016-07-15T12:00:00Z,27.875,-15.375,0.0
2016-07-15T12:00:00Z,27.825,-15.625,NaN
2016-07-15T12:00:00Z,27.825,-15.575,NaN
2016-07-15T12:00:00Z,27.825,-15.525,NaN
2016-07-15T12:00:00Z,27.825,-15.475,NaN
2016-07-15T12:00:00Z,27.825,-15.425,0.0
2016-07-15T12:00:00Z,27.825,-15.375,0.0
2016-08-14T12:00:00Z,28.175,-15.625,0.0
2016-08-14T12:00:00Z,28.175,-15.575,0.0
2016-08-14T12:00:00Z,28.175,-15.525,0.0
2016-08-14T12:00:00Z,28.175,-15.475,0.0
2016-08-14T12:00:00Z,28.175,-15.425,0.0
2016-08-14T12:00:00Z,28.175,-15.375,0.0
2016-08-14T12:00:00Z,28.125,-15.625,0.0
2016-08-14T12:00:00Z,28.125,-15.575,0.0
2016-08-14T12:00:00Z,28.125,-15.525,0.0
2016-08-14T12:00:00Z,28.125,-15.475,0.0
2016-08-14T12:00:00Z,28.125,-15.425,0.0
2016-08-14T12:00:00Z,28.125,-15.375,0.0
2016-08-14T12:00:00Z,28.075,-15.625,NaN
2016-08-14T12:00:00Z,28.075,-15.575,NaN
2016-08-14T12:00:00Z,28.075,-15.525,NaN
2016-08-14T12:00:00Z,28.075,-15.475,0.0
2016-08-14T12:00:00Z,28.075,-15.425,0.0
2016-08-14T12:00:00Z,28.075,-15.375,0.0
2016-08-14T12:00:00Z,28.025,-15.625,NaN
2016-08-14T12:00:00Z,28.025,-15.575,NaN
2016-08-14T12:00:00Z,28.025,-15.525,NaN
2016-08-14T12:00:00Z,28.025,-15.475,NaN
2016-08-14T12:00:00Z,28.025,-15.425,0.0
2016-08-14T12:00:00Z,28.025,-15.375,0.0
2016-08-14T12:00:00Z,27.975,-15.625,NaN
2016-08-14T12:00:00Z,27.975,-15.575,NaN
2016-08-14T12:00:00Z,27.975,-15.525,NaN
2016-08-14T12:00:00Z,27.975,-15.475,NaN
2016-08-14T12:00:00Z,27.975,-15.425,NaN
2016-08-14T12:00:00Z,27.975,-15.375,0.0
2016-08-14T12:00:00Z,27.925,-15.625,NaN
2016-08-14T12:00:00Z,27.925,-15.575,NaN
2016-08-14T12:00:00Z,27.925,-15.525,NaN
2016-08-14T12:00:00Z,27.925,-15.475,NaN
2016-08-14T12:00:00Z,27.925,-15.425,NaN
2016-08-14T12:00:00Z,27.925,-15.375,0.0
2016-08-14T12:00:00Z,27.875,-15.625,NaN
2016-08-14T12:00:00Z,27.875,-15.575,NaN
2016-08-14T12:00:00Z,27.875,-15.525,NaN
2016-08-14T12:00:00Z,27.875,-15.475,NaN
2016-08-14T12:00:00Z,27.875,-15.425,NaN
2016-08-14T12:00:00Z,27.875,-15.375,0.0
2016-08-14T12:00:00Z,27.825,-15.625,NaN
2016-08-14T12:00:00Z,27.825,-15.575,NaN
2016-08-14T12:00:00Z,27.825,-15.525,NaN
2016-08-14T12:00:00Z,27.825,-15.475,NaN
2016-08-14T12:00:00Z,27.825,-15.425,0.0
2016-08-14T12:00:00Z,27.825,-15.375,0.0
2016-09-13T12:00:00Z,28.175,-15.625,0.0
2016-09-13T12:00:00Z,28.175,-15.575,0.0
2016-09-13T12:00:00Z,28.175,-15.525,0.0
2016-09-13T12:00:00Z,28.175,-15.475,0.0
2016-09-13T12:00:00Z,28.175,-15.425,0.0
2016-09-13T12:00:00Z,28.175,-15.375,0.0
2016-09-13T12:00:00Z,28.125,-15.625,0.0
2016-09-13T12:00:00Z,28.125,-15.575,0.0
2016-09-13T12:00:00Z,28.125,-15.525,0.0
2016-09-13T12:00:00Z,28.125,-15.475,0.0
2016-09-13T12:00:00Z,28.125,-15.425,0.0
2016-09-13T12:00:00Z,28.125,-15.375,0.0
2016-09-13T12:00:00Z,28.075,-15.625,NaN
2016-09-13T12:00:00Z,28.075,-15.575,NaN
2016-09-13T12:00:00Z,28.075,-15.525,NaN
2016-09-13T12:00:00Z,28.075,-15.475,0.0
2016-09-13T12:00:00Z,28.075,-15.425,0.0
2016-09-13T12:00:00Z,28.075,-15.375,0.0
2016-09-13T12:00:00Z,28.025,-15.625,NaN
2016-09-13T12:00:00Z,28.025,-15.575,NaN
2016-09-13T12:00:00Z,28.025,-15.525,NaN
2016-09-13T12:00:00Z,28.025,-15.475,NaN
2016-09-13T12:00:00Z,28.025,-15.425,0.0
2016-09-13T12:00:00Z,28.025,-15.375,0.0
2016-09-13T12:00:00Z,27.975,-15.625,NaN
2016-09-13T12:00:00Z,27.975,-15.575,NaN
2016-09-13T12:00:00Z,27.975,-15.525,NaN
2016-09-13T12:00:00Z,27.975,-15.475,NaN
2016-09-13T12:00:00Z,27.975,-15.425,NaN
2016-09-13T12:00:00Z,27.975,-15.375,0.0
2016-09-13T12:00:00Z,27.925,-15.625,NaN
2016-09-13T12:00:00Z,27.925,-15.575,NaN
2016-09-13T12:00:00Z,27.925,-15.525,NaN
2016-09-13T12:00:00Z,27.925,-15.475,NaN
2016-09-13T12:00:00Z,27.925,-15.425,NaN
2016-09-13T12:00:00Z,27.925,-15.375,0.0
2016-09-13T12:00:00Z,27.875,-15.625,NaN
2016-09-13T12:00:00Z,27.875,-15.575,NaN
2016-09-13T12:00:00Z,27.875,-15.525,NaN
2016-09-13T12:00:00Z,27.875,-15.475,NaN
2016-09-13T12:00:00Z,27.875,-15.425,NaN
2016-09-13T12:00:00Z,27.875,-15.375,0.0
2016-09-13T12:00:00Z,27.825,-15.625,NaN
2016-09-13T12:00:00Z,27.825,-15.575,NaN
2016-09-13T12:00:00Z,27.825,-15.525,NaN
2016-09-13T12:00:00Z,27.825,-15.475,NaN
2016-09-13T12:00:00Z,27.825,-15.425,0.0
2016-09-13T12:00:00Z,27.825,-15.375,0.0
2016-10-13T12:00:00Z,28.175,-15.625,0.0
2016-10-13T12:00:00Z,28.175,-15.575,0.0
2016-10-13T12:00:00Z,28.175,-15.525,0.0
2016-10-13T12:00:00Z,28.175,-15.475,0.0
2016-10-13T12:00:00Z,28.175,-15.425,0.0
2016-10-13T12:00:00Z,28.175,-15.375,0.0
2016-10-13T12:00:00Z,28.125,-15.625,0.0
2016-10-13T12:00:00Z,28.125,-15.575,0.0
2016-10-13T12:00:00Z,28.125,-15.525,0.0
2016-10-13T12:00:00Z,28.125,-15.475,0.0
2016-10-13T12:00:00Z,28.125,-15.425,0.0
2016-10-13T12:00:00Z,28.125,-15.375,0.0
2016-10-13T12:00:00Z,28.075,-15.625,NaN
2016-10-13T12:00:00Z,28.075,-15.575,NaN
2016-10-13T12:00:00Z,28.075,-15.525,NaN
2016-10-13T12:00:00Z,28.075,-15.475,0.0
2016-10-13T12:00:00Z,28.075,-15.425,0.0
2016-10-13T12:00:00Z,28.075,-15.375,0.0
2016-10-13T12:00:00Z,28.025,-15.625,NaN
2016-10-13T12:00:00Z,28.025,-15.575,NaN
2016-10-13T12:00:00Z,28.025,-15.525,NaN
2016-10-13T12:00:00Z,28.025,-15.475,NaN
2016-10-13T12:00:00Z,28.025,-15.425,0.0
2016-10-13T12:00:00Z,28.025,-15.375,0.0
2016-10-13T12:00:00Z,27.975,-15.625,NaN
2016-10-13T12:00:00Z,27.975,-15.575,NaN
2016-10-13T12:00:00Z,27.975,-15.525,NaN
2016-10-13T12:00:00Z,27.975,-15.475,NaN
2016-10-13T12:00:00Z,27.975,-15.425,NaN
2016-10-13T12:00:00Z,27.975,-15.375,0.0
2016-10-13T12:00:00Z,27.925,-15.625,NaN
2016-10-13T12:00:00Z,27.925,-15.575,NaN
2016-10-13T12:00:00Z,27.925,-15.525,NaN
2016-10-13T12:00:00Z,27.925,-15.475,NaN
2016-10-13T12:00:00Z,27.925,-15.425,NaN
2016-10-13T12:00:00Z,27.925,-15.375,0.0
2016-10-13T12:00:00Z,27.875,-15.625,NaN
2016-10-13T12:00:00Z,27.875,-15.575,NaN
2016-10-13T12:00:00Z,27.875,-15.525,NaN
2016-10-13T12:00:00Z,27.875,-15.475,NaN
2016-10-13T12:00:00Z,27.875,-15.425,NaN
2016-10-13T12:00:00Z,27.875,-15.375,0.0
2016-10-13T12:00:00Z,27.825,-15.625,NaN
2016-10-13T12:00:00Z,27.825,-15.575,NaN
2016-10-13T12:00:00Z,27.825,-15.525,NaN
2016-10-13T12:00:00Z,27.825,-15.475,NaN
2016-10-13T12:00:00Z,27.825,-15.425,0.0
2016-10-13T12:00:00Z,27.825,-15.375,0.0
2016-11-12T12:00:00Z,28.175,-15.625,0.0
2016-11-12T12:00:00Z,28.175,-15.575,0.0
2016-11-12T12:00:00Z,28.175,-15.525,0.0
2016-11-12T12:00:00Z,28.175,-15.475,0.0
2016-11-12T12:00:00Z,28.175,-15.425,0.0
2016-11-12T12:00:00Z,28.175,-15.375,0.0
2016-11-12T12:00:00Z,28.125,-15.625,0.0
2016-11-12T12:00:00Z,28.125,-15.575,0.0
2016-11-12T12:00:00Z,28.125,-15.525,0.0
2016-11-12T12:00:00Z,28.125,-15.475,0.0
2016-11-12T12:00:00Z,28.125,-15.425,0.0
2016-11-12T12:00:00Z,28.125,-15.375,0.0
2016-11-12T12:00:00Z,28.075,-15.625,NaN
2016-11-12T12:00:00Z,28.075,-15.575,NaN
2016-11-12T12:00:00Z,28.075,-15.525,NaN
2016-11-12T12:00:00Z,28.075,-15.475,0.0
2016-11-12T12:00:00Z,28.075,-15.425,0.0
2016-11-12T12:00:00Z,28.075,-15.375,0.0
2016-11-12T12:00:00Z,28.025,-15.625,NaN
2016-11-12T12:00:00Z,28.025,-15.575,NaN
2016-11-12T12:00:00Z,28.025,-15.525,NaN
2016-11-12T12:00:00Z,28.025,-15.475,NaN
2016-11-12T12:00:00Z,28.025,-15.425,0.0
2016-11-12T12:00:00Z,28.025,-15.375,0.0
2016-11-12T12:00:00Z,27.975,-15.625,NaN
2016-11-12T12:00:00Z,27.975,-15.575,NaN
2016-11-12T12:00:00Z,27.975,-15.525,NaN
2016-11-12T12:00:00Z,27.975,-15.475,NaN
2016-11-12T12:00:00Z,27.975,-15.425,NaN
2016-11-12T12:00:00Z,27.975,-15.375,0.0
2016-11-12T12:00:00Z,27.925,-15.625,NaN
2016-11-12T12:00:00Z,27.925,-15.575,NaN
2016-11-12T12:00:00Z,27.925,-15.525,NaN
2016-11-12T12:00:00Z,27.925,-15.475,NaN
2016-11-12T12:00:00Z,27.925,-15.425,NaN
2016-11-12T12:00:00Z,27.925,-15.375,0.0
2016-11-12T12:00:00Z,27.875,-15.625,NaN
2016-11-12T12:00:00Z,27.875,-15.575,NaN
2016-11-12T12:00:00Z,27.875,-15.525,NaN
2016-11-12T12:00:00Z,27.875,-15.475,NaN
2016-11-12T12:00:00Z,27.875,-15.425,NaN
2016-11-12T12:00:00Z,27.875,-15.375,0.0
2016-11-12T12:00:00Z,27.825,-15.625,NaN
2016-11-12T12:00:00Z,27.825,-15.575,NaN
2016-11-12T12:00:00Z,27.825,-15.525,NaN
2016-11-12T12:00:00Z,27.825,-15.475,NaN
2016-11-12T12:00:00Z,27.825,-15.425,0.0
2016-11-12T12:00:00Z,27.825,-15.375,0.0
2016-12-12T12:00:00Z,28.175,-15.625,0.0
2016-12-12T12:00:00Z,28.175,-15.575,0.0
2016-12-12T12:00:00Z,28.175,-15.525,0.0
2016-12-12T12:00:00Z,28.175,-15.475,0.0
2016-12-12T12:00:00Z,28.175,-15.425,0.0
2016-12-12T12:00:00Z,28.175,-15.375,0.0
2016-12-12T12:00:00Z,28.125,-15.625,0.0
2016-12-12T12:00:00Z,28.125,-15.575,0.0
2016-12-12T12:00:00Z,28.125,-15.525,0.0
2016-12-12T12:00:00Z,28.125,-15.475,0.0
2016-12-12T12:00:00Z,28.125,-15.425,0.0
2016-12-12T12:00:00Z,28.125,-15.375,0.0
2016-12-12T12:00:00Z,28.075,-15.625,NaN
2016-12-12T12:00:00Z,28.075,-15.575,NaN
2016-12-12T12:00:00Z,28.075,-15.525,NaN
2016-12-12T12:00:00Z,28.075,-15.475,0.0
2016-12-12T12:00:00Z,28.075,-15.425,0.0
2016-12-12T12:00:00Z,28.075,-15.375,0.0
2016-12-12T12:00:00Z,28.025,-15.625,NaN
2016-12-12T12:00:00Z,28.025,-15.575,NaN
2016-12-12T12:00:00Z,28.025,-15.525,NaN
2016-12-12T12:00:00Z,28.025,-15.475,NaN
2016-12-12T12:00:00Z,28.025,-15.425,0.0
2016-12-12T12:00:00Z,28.025,-15.375,0.0
2016-12-12T12:00:00Z,27.975,-15.625,NaN
2016-12-12T12:00:00Z,27.975,-15.575,NaN
2016-12-12T12:00:00Z,27.975,-15.525,NaN
2016-12-12T12:00:00Z,27.975,-15.475,NaN
2016-12-12T12:00:00Z,27.975,-15.425,NaN
2016-12-12T12:00:00Z,27.975,-15.375,0.0
2016-12-12T12:00:00Z,27.925,-15.625,NaN
2016-12-12T12:00:00Z,27.925,-15.575,NaN
2016-12-12T12:00:00Z,27.925,-15.525,NaN
2016-12-12T12:00:00Z,27.925,-15.475,NaN
2016-12-12T12:00:00Z,27.925,-15.425,NaN
2016-12-12T12:00:00Z,27.925,-15.375,0.0
2016-12-12T12:00:00Z,27.875,-15.625,NaN
2016-12-12T12:00:00Z,27.875,-15.575,NaN
2016-12-12T12:00:00Z,27.875,-15.525,NaN
2016-12-12T12:00:00Z,27.875,-15.475,NaN
2016-12-12T12:00:00Z,27.875,-15.425,NaN
2016-12-12T12:00:00Z,27.875,-15.375,0.0
2016-12-12T12:00:00Z,27.825,-15.625,NaN
2016-12-12T12:00:00Z,27.825,-15.575,NaN
2016-12-12T12:00:00Z,27.825,-15.525,NaN
2016-12-12T12:00:00Z,27.825,-15.475,NaN
2016-12-12T12:00:00Z,27.825,-15.425,0.0
2016-12-12T12:00:00Z,27.825,-15.375,0.0
2017-01-11T12:00:00Z,28.175,-15.625,0.0
2017-01-11T12:00:00Z,28.175,-15.575,0.0
2017-01-11T12:00:00Z,28.175,-15.525,0.0
2017-01-11T12:00:00Z,28.175,-15.475,0.0
2017-01-11T12:00:00Z,28.175,-15.425,0.0
2017-01-11T12:00:00Z,28.175,-15.375,0.0
2017-01-11T12:00:00Z,28.125,-15.625,0.0
2017-01-11T12:00:00Z,28.125,-15.575,0.0
2017-01-11T12:00:00Z,28.125,-15.525,0.0
2017-01-11T12:00:00Z,28.125,-15.475,0.0
2017-01-11T12:00:00Z,28.125,-15.425,0.0
2017-01-11T12:00:00Z,28.125,-15.375,0.0
2017-01-11T12:00:00Z,28.075,-15.625,NaN
2017-01-11T12:00:00Z,28.075,-15.575,NaN
2017-01-11T12:00:00Z,28.075,-15.525,NaN
2017-01-11T12:00:00Z,28.075,-15.475,0.0
2017-01-11T12:00:00Z,28.075,-15.425,0.0
2017-01-11T12:00:00Z,28.075,-15.375,0.0
2017-01-11T12:00:00Z,28.025,-15.625,NaN
2017-01-11T12:00:00Z,28.025,-15.575,NaN
2017-01-11T12:00:00Z,28.025,-15.525,NaN
2017-01-11T12:00:00Z,28.025,-15.475,NaN
2017-01-11T12:00:00Z,28.025,-15.425,0.0
2017-01-11T12:00:00Z,28.025,-15.375,0.0
2017-01-11T12:00:00Z,27.975,-15.625,NaN
2017-01-11T12:00:00Z,27.975,-15.575,NaN
2017-01-11T12:00:00Z,27.975,-15.525,NaN
2017-01-11T12:00:00Z,27.975,-15.475,NaN
2017-01-11T12:00:00Z,27.975,-15.425,NaN
2017-01-11T12:00:00Z,27.975,-15.375,0.0
2017-01-11T12:00:00Z,27.925,-15.625,NaN
2017-01-11T12:00:00Z,27.925,-15.575,NaN
2017-01-11T12:00:00Z,27.925,-15.525,NaN
2017-01-11T12:00:00Z,27.925,-15.475,NaN
2017-01-11T12:00:00Z,27.925,-15.425,NaN
2017-01-11T12:00:00Z,27.925,-15.375,0.0
2017-01-11T12:00:00Z,27.875,-15.625,NaN
2017-01-11T12:00:00Z,27.875,-15.575,NaN
2017-01-11T12:00:00Z,27.875,-15.525,NaN
2017-01-11T12:00:00Z,27.875,-15.475,NaN
2017-01-11T12:00:00Z,27.875,-15.425,NaN
2017-01-11T12:00:00Z,27.875,-15.375,0.0
2017-01-11T12:00:00Z,27.825,-15.625,NaN
2017-01-11T12:00:00Z,27.825,-15.575,NaN
2017-01-11T12:00:00Z,27.825,-15.525,NaN
2017-01-11T12:00:00Z,27.825,-15.475,NaN
2017-01-11T12:00:00Z,27.825,-15.425,0.0
2017-01-11T12:00:00Z,27.825,-15.375,0.0
2017-02-10T12:00:00Z,28.175,-15.625,0.0
2017-02-10T12:00:00Z,28.175,-15.575,0.0
2017-02-10T12:00:00Z,28.175,-15.525,0.0
2017-02-10T12:00:00Z,28.175,-15.475,0.0
2017-02-10T12:00:00Z,28.175,-15.425,0.0
2017-02-10T12:00:00Z,28.175,-15.375,0.0
2017-02-10T12:00:00Z,28.125,-15.625,0.0
2017-02-10T12:00:00Z,28.125,-15.575,0.0
2017-02-10T12:00:00Z,28.125,-15.525,0.0
2017-02-10T12:00:00Z,28.125,-15.475,0.0
2017-02-10T12:00:00Z,28.125,-15.425,0.0
2017-02-10T12:00:00Z,28.125,-15.375,0.0
2017-02-10T12:00:00Z,28.075,-15.625,NaN
2017-02-10T12:00:00Z,28.075,-15.575,NaN
2017-02-10T12:00:00Z,28.075,-15.525,NaN
2017-02-10T12:00:00Z,28.075,-15.475,0.0
2017-02-10T12:00:00Z,28.075,-15.425,0.0
2017-02-10T12:00:00Z,28.075,-15.375,0.0
2017-02-10T12:00:00Z,28.025,-15.625,NaN
2017-02-10T12:00:00Z,28.025,-15.575,NaN
2017-02-10T12:00:00Z,28.025,-15.525,NaN
2017-02-10T12:00:00Z,28.025,-15.475,NaN
2017-02-10T12:00:00Z,28.025,-15.425,0.0
2017-02-10T12:00:00Z,28.025,-15.375,0.0
2017-02-10T12:00:00Z,27.975,-15.625,NaN
2017-02-10T12:00:00Z,27.975,-15.575,NaN
2017-02-10T12:00:00Z,27.975,-15.525,NaN
2017-02-10T12:00:00Z,27.975,-15.475,NaN
2017-02-10T12:00:00Z,27.975,-15.425,NaN
2017-02-10T12:00:00Z,27.975,-15.375,0.0
2017-02-10T12:00:00Z,27.925,-15.625,NaN
2017-02-10T12:00:00Z,27.925,-15.575,NaN
2017-02-10T12:00:00Z,27.925,-15.525,NaN
2017-02-10T12:00:00Z,27.925,-15.475,NaN
2017-02-10T12:00:00Z,27.925,-15.425,NaN
2017-02-10T12:00:00Z,27.925,-15.375,0.0
2017-02-10T12:00:00Z,27.875,-15.625,NaN
2017-02-10T12:00:00Z,27.875,-15.575,NaN
2017-02-10T12:00:00Z,27.875,-15.525,NaN
2017-02-10T12:00:00Z,27.875,-15.475,NaN
2017-02-10T12:00:00Z,27.875,-15.425,NaN
2017-02-10T12:00:00Z,27.875,-15.375,0.0
2017-02-10T12:00:00Z,27.825,-15.625,NaN
2017-02-10T12:00:00Z,27.825,-15.575,NaN
2017-02-10T12:00:00Z,27.825,-15.525,NaN
2017-02-10T12:00:00Z,27.825,-15.475,NaN
2017-02-10T12:00:00Z,27.825,-15.425,0.0
2017-02-10T12:00:00Z,27.825,-15.375,0.0
2017-03-12T12:00:00Z,28.175,-15.625,0.0
2017-03-12T12:00:00Z,28.175,-15.575,0.0
2017-03-12T12:00:00Z,28.175,-15.525,0.0
2017-03-12T12:00:00Z,28.175,-15.475,0.0
2017-03-12T12:00:00Z,28.175,-15.425,0.0
2017-03-12T12:00:00Z,28.175,-15.375,0.0
2017-03-12T12:00:00Z,28.125,-15.625,0.0
2017-03-12T12:00:00Z,28.125,-15.575,0.0
2017-03-12T12:00:00Z,28.125,-15.525,0.0
2017-03-12T12:00:00Z,28.125,-15.475,0.0
2017-03-12T12:00:00Z,28.125,-15.425,0.0
2017-03-12T12:00:00Z,28.125,-15.375,0.0
2017-03-12T12:00:00Z,28.075,-15.625,NaN
2017-03-12T12:00:00Z,28.075,-15.575,NaN
2017-03-12T12:00:00Z,28.075,-15.525,NaN
2017-03-12T12:00:00Z,28.075,-15.475,0.0
2017-03-12T12:00:00Z,28.075,-15.425,0.0
2017-03-12T12:00:00Z,28.075,-15.375,0.0
2017-03-12T12:00:00Z,28.025,-15.625,NaN
2017-03-12T12:00:00Z,28.025,-15.575,NaN
2017-03-12T12:00:00Z,28.025,-15.525,NaN
2017-03-12T12:00:00Z,28.025,-15.475,NaN
2017-03-12T12:00:00Z,28.025,-15.425,0.0
2017-03-12T12:00:00Z,28.025,-15.375,0.0
2017-03-12T12:00:00Z,27.975,-15.625,NaN
2017-03-12T12:00:00Z,27.975,-15.575,NaN
2017-03-12T12:00:00Z,27.975,-15.525,NaN
2017-03-12T12:00:00Z,27.975,-15.475,NaN
2017-03-12T12:00:00Z,27.975,-15.425,NaN
2017-03-12T12:00:00Z,27.975,-15.375,0.0
2017-03-12T12:00:00Z,27.925,-15.625,NaN
2017-03-12T12:00:00Z,27.925,-15.575,NaN
2017-03-12T12:00:00Z,27.925,-15.525,NaN
2017-03-12T12:00:00Z,27.925,-15.475,NaN
2017-03-12T12:00:00Z,27.925,-15.425,NaN
2017-03-12T12:00:00Z,27.925,-15.375,0.0
2017-03-12T12:00:00Z,27.875,-15.625,NaN
2017-03-12T12:00:00Z,27.875,-15.575,NaN
2017-03-12T12:00:00Z,27.875,-15.525,NaN
2017-03-12T12:00:00Z,27.875,-15.475,NaN
2017-03-12T12:00:00Z,27.875,-15.425,NaN
2017-03-12T12:00:00Z,27.875,-15.375,0.0
2017-03-12T12:00:00Z,27.825,-15.625,NaN
2017-03-12T12:00:00Z,27.825,-15.575,NaN
2017-03-12T12:00:00Z,27.825,-15.525,NaN
2017-03-12T12:00:00Z,27.825,-15.475,NaN
2017-03-12T12:00:00Z,27.825,-15.425,0.0
2017-03-12T12:00:00Z,27.825,-15.375,0.0
2017-04-11T12:00:00Z,28.175,-15.625,0.0
2017-04-11T12:00:00Z,28.175,-15.575,0.0
2017-04-11T12:00:00Z,28.175,-15.525,0.0
2017-04-11T12:00:00Z,28.175,-15.475,0.0
2017-04-11T12:00:00Z,28.175,-15.425,0.0
2017-04-11T12:00:00Z,28.175,-15.375,0.0
2017-04-11T12:00:00Z,28.125,-15.625,0.0
2017-04-11T12:00:00Z,28.125,-15.575,0.0
2017-04-11T12:00:00Z,28.125,-15.525,0.0
2017-04-11T12:00:00Z,28.125,-15.475,0.0
2017-04-11T12:00:00Z,28.125,-15.425,0.0
2017-04-11T12:00:00Z,28.125,-15.375,0.0
2017-04-11T12:00:00Z,28.075,-15.625,NaN
2017-04-11T12:00:00Z,28.075,-15.575,NaN
2017-04-11T12:00:00Z,28.075,-15.525,NaN
2017-04-11T12:00:00Z,28.075,-15.475,0.0
2017-04-11T12:00:00Z,28.075,-15.425,0.0
2017-04-11T12:00:00Z,28.075,-15.375,0.0
2017-04-11T12:00:00Z,28.025,-15.625,NaN
2017-04-11T12:00:00Z,28.025,-15.575,NaN
2017-04-11T12:00:00Z,28.025,-15.525,NaN
2017-04-11T12:00:00Z,28.025,-15.475,NaN
2017-04-11T12:00:00Z,28.025,-15.425,0.0
2017-04-11T12:00:00Z,28.025,-15.375,0.0
2017-04-11T12:00:00Z,27.975,-15.625,NaN
2017-04-11T12:00:00Z,27.975,-15.575,NaN
2017-04-11T12:00:00Z,27.975,-15.525,NaN
2017-04-11T12:00:00Z,27.975,-15.475,NaN
2017-04-11T12:00:00Z,27.975,-15.425,NaN
2017-04-11T12:00:00Z,27.975,-15.375,0.0
2017-04-11T12:00:00Z,27.925,-15.625,NaN
2017-04-11T12:00:00Z,27.925,-15.575,NaN
2017-04-11T12:00:00Z,27.925,-15.525,NaN
2017-04-11T12:00:00Z,27.925,-15.475,NaN
2017-04-11T12:00:00Z,27.925,-15.425,NaN
2017-04-11T12:00:00Z,27.925,-15.375,0.0
2017-04-11T12:00:00Z,27.875,-15.625,NaN
2017-04-11T12:00:00Z,27.875,-15.575,NaN
2017-04-11T12:00:00Z,27.875,-15.525,NaN
2017-04-11T12:00:00Z,27.875,-15.475,NaN
2017-04-11T12:00:00Z,27.875,-15.425,NaN
2017-04-11T12:00:00Z,27.875,-15.375,0.0
2017-04-11T12:00:00Z,27.825,-15.625,NaN
2017-04-11T12:00:00Z,27.825,-15.575,NaN
2017-04-11T12:00:00Z,27.825,-15.525,NaN
2017-04-11T12:00:00Z,27.825,-15.475,NaN
2017-04-11T12:00:00Z,27.825,-15.425,0.0
2017-04-11T12:00:00Z,27.825,-15.375,0.0
2017-05-11T12:00:00Z,28.175,-15.625,0.0
2017-05-11T12:00:00Z,28.175,-15.575,0.0
2017-05-11T12:00:00Z,28.175,-15.525,0.0
2017-05-11T12:00:00Z,28.175,-15.475,0.0
2017-05-11T12:00:00Z,28.175,-15.425,0.0
2017-05-11T12:00:00Z,28.175,-15.375,0.0
2017-05-11T12:00:00Z,28.125,-15.625,0.0
2017-05-11T12:00:00Z,28.125,-15.575,0.0
2017-05-11T12:00:00Z,28.125,-15.525,0.0
2017-05-11T12:00:00Z,28.125,-15.475,0.0
2017-05-11T12:00:00Z,28.125,-15.425,0.0
2017-05-11T12:00:00Z,28.125,-15.375,0.0
2017-05-11T12:00:00Z,28.075,-15.625,NaN
2017-05-11T12:00:00Z,28.075,-15.575,NaN
2017-05-11T12:00:00Z,28.075,-15.525,NaN
2017-05-11T12:00:00Z,28.075,-15.475,0.0
2017-05-11T12:00:00Z,28.075,-15.425,0.0
2017-05-11T12:00:00Z,28.075,-15.375,0.0
2017-05-11T12:00:00Z,28.025,-15.625,NaN
2017-05-11T12:00:00Z,28.025,-15.575,NaN
2017-05-11T12:00:00Z,28.025,-15.525,NaN
2017-05-11T12:00:00Z,28.025,-15.475,NaN
2017-05-11T12:00:00Z,28.025,-15.425,0.0
2017-05-11T12:00:00Z,28.025,-15.375,0.0
2017-05-11T12:00:00Z,27.975,-15.625,NaN
2017-05-11T12:00:00Z,27.975,-15.575,NaN
2017-05-11T12:00:00Z,27.975,-15.525,NaN
2017-05-11T12:00:00Z,27.975,-15.475,NaN
2017-05-11T12:00:00Z,27.975,-15.425,NaN
2017-05-11T12:00:00Z,27.975,-15.375,0.0
2017-05-11T12:00:00Z,27.925,-15.625,NaN
2017-05-11T12:00:00Z,27.925,-15.575,NaN
2017-05-11T12:00:00Z,27.925,-15.525,NaN
2017-05-11T12:00:00Z,27.925,-15.475,NaN
2017-05-11T12:00:00Z,27.925,-15.425,NaN
2017-05-11T12:00:00Z,27.925,-15.375,0.0
2017-05-11T12:00:00Z,27.875,-15.625,NaN
2017-05-11T12:00:00Z,27.875,-15.575,NaN
2017-05-11T12:00:00Z,27.875,-15.525,NaN
2017-05-11T12:00:00Z,27.875,-15.475,NaN
2017-05-11T12:00:00Z,27.875,-15.425,NaN
2017-05-11T12:00:00Z,27.875,-15.375,0.0
2017-05-11T12:00:00Z,27.825,-15.625,NaN
2017-05-11T12:00:00Z,27.825,-15.575,NaN
2017-05-11T12:00:00Z,27.825,-15.525,NaN
2017-05-11T12:00:00Z,27.825,-15.475,NaN
2017-05-11T12:00:00Z,27.825,-15.425,0.0
2017-05-11T12:00:00Z,27.825,-15.375,0.0
2017-06-10T12:00:00Z,28.175,-15.625,0.0
2017-06-10T12:00:00Z,28.175,-15.575,0.0
2017-06-10T12:00:00Z,28.175,-15.525,0.0
2017-06-10T12:00:00Z,28.175,-15.475,0.0
2017-06-10T12:00:00Z,28.175,-15.425,0.0
2017-06-10T12:00:00Z,28.175,-15.375,0.0
2017-06-10T12:00:00Z,28.125,-15.625,0.0
2017-06-10T12:00:00Z,28.125,-15.575,0.0
2017-06-10T12:00:00Z,28.125,-15.525,0.0
2017-06-10T12:00:00Z,28.125,-15.475,0.0
2017-06-10T12:00:00Z,28.125,-15.425,0.0
2017-06-10T12:00:00Z,28.125,-15.375,0.0
2017-06-10T12:00:00Z,28.075,-15.625,NaN
2017-06-10T12:00:00Z,28.075,-15.575,NaN
2017-06-10T12:00:00Z,28.075,-15.525,NaN
2017-06-10T12:00:00Z,28.075,-15.475,0.0
2017-06-10T12:00:00Z,28.075,-15.425,0.0
2017-06-10T12:00:00Z,28.075,-15.375,0.0
2017-06-10T12:00:00Z,28.025,-15.625,NaN
2017-06-10T12:00:00Z,28.025,-15.575,NaN
2017-06-10T12:00:00Z,28.025,-15.525,NaN
2017-06-10T12:00:00Z,28.025,-15.475,NaN
2017-06-10T12:00:00Z,28.025,-15.425,0.0
2017-06-10T12:00:00Z,28.025,-15.375,0.0
2017-06-10T12:00:00Z,27.975,-15.625,NaN
2017-06-10T12:00:00Z,27.975,-15.575,NaN
2017-06-10T12:00:00Z,27.975,-15.525,NaN
2017-06-10T12:00:00Z,27.975,-15.475,NaN
2017-06-10T12:00:00Z,27.975,-15.425,NaN
2017-06-10T12:00:00Z,27.975,-15.375,0.0
2017-06-10T12:00:00Z,27.925,-15.625,NaN
2017-06-10T12:00:00Z,27.925,-15.575,NaN
2017-06-10T12:00:00Z,27.925,-15.525,NaN
2017-06-10T12:00:00Z,27.925,-15.475,NaN
2017-06-10T12:00:00Z,27.925,-15.425,NaN
2017-06-10T12:00:00Z,27.925,-15.375,0.0
2017-06-10T12:00:00Z,27.875,-15.625,NaN
2017-06-10T12:00:00Z,27.875,-15.575,NaN
2017-06-10T12:00:00Z,27.875,-15.525,NaN
2017-06-10T12:00:00Z,27.875,-15.475,NaN
2017-06-10T12:00:00Z,27.875,-15.425,NaN
2017-06-10T12:00:00Z,27.875,-15.375,0.0
2017-06-10T12:00:00Z,27.825,-15.625,NaN
2017-06-10T12:00:00Z,27.825,-15.575,NaN
2017-06-10T12:00:00Z,27.825,-15.525,NaN
2017-06-10T12:00:00Z,27.825,-15.475,NaN
2017-06-10T12:00:00Z,27.825,-15.425,0.0
2017-06-10T12:00:00Z,27.825,-15.375,0.0
2017-07-10T12:00:00Z,28.175,-15.625,0.0
2017-07-10T12:00:00Z,28.175,-15.575,0.0
2017-07-10T12:00:00Z,28.175,-15.525,0.0
2017-07-10T12:00:00Z,28.175,-15.475,0.0
2017-07-10T12:00:00Z,28.175,-15.425,0.0
2017-07-10T12:00:00Z,28.175,-15.375,0.0
2017-07-10T12:00:00Z,28.125,-15.625,0.0
2017-07-10T12:00:00Z,28.125,-15.575,0.0
2017-07-10T12:00:00Z,28.125,-15.525,0.0
2017-07-10T12:00:00Z,28.125,-15.475,0.0
2017-07-10T12:00:00Z,28.125,-15.425,0.0
2017-07-10T12:00:00Z,28.125,-15.375,0.0
2017-07-10T12:00:00Z,28.075,-15.625,NaN
2017-07-10T12:00:00Z,28.075,-15.575,NaN
2017-07-10T12:00:00Z,28.075,-15.525,NaN
2017-07-10T12:00:00Z,28.075,-15.475,0.0
2017-07-10T12:00:00Z,28.075,-15.425,0.0
2017-07-10T12:00:00Z,28.075,-15.375,0.0
2017-07-10T12:00:00Z,28.025,-15.625,NaN
2017-07-10T12:00:00Z,28.025,-15.575,NaN
2017-07-10T12:00:00Z,28.025,-15.525,NaN
2017-07-10T12:00:00Z,28.025,-15.475,NaN
2017-07-10T12:00:00Z,28.025,-15.425,0.0
2017-07-10T12:00:00Z,28.025,-15.375,0.0
2017-07-10T12:00:00Z,27.975,-15.625,NaN
2017-07-10T12:00:00Z,27.975,-15.575,NaN
2017-07-10T12:00:00Z,27.975,-15.525,NaN
2017-07-10T12:00:00Z,27.975,-15.475,NaN
2017-07-10T12:00:00Z,27.975,-15.425,NaN
2017-07-10T12:00:00Z,27.975,-15.375,0.0
2017-07-10T12:00:00Z,27.925,-15.625,NaN
2017-07-10T12:00:00Z,27.925,-15.575,NaN
2017-07-10T12:00:00Z,27.925,-15.525,NaN
2017-07-10T12:00:00Z,27.925,-15.475,NaN
2017-07-10T12:00:00Z,27.925,-15.425,NaN
2017-07-10T12:00:00Z,27.925,-15.375,0.0
2017-07-10T12:00:00Z,27.875,-15.625,NaN
2017-07-10T12:00:00Z,27.875,-15.575,NaN
2017-07-10T12:00:00Z,27.875,-15.525,NaN
2017-07-10T12:00:00Z,27.875,-15.475,NaN
2017-07-10T12:00:00Z,27.875,-15.425,NaN
2017-07-10T12:00:00Z,27.875,-15.375,0.0
2017-07-10T12:00:00Z,27.825,-15.625,NaN
2017-07-10T12:00:00Z,27.825,-15.575,NaN
2017-07-10T12:00:00Z,27.825,-15.525,NaN
2017-07-10T12:00:00Z,27.825,-15.475,NaN
2017-07-10T12:00:00Z,27.825,-15.425,0.0
2017-07-10T12:00:00Z,27.825,-15.375,0.0
2017-08-09T12:00:00Z,28.175,-15.625,0.0
2017-08-09T12:00:00Z,28.175,-15.575,0.0
2017-08-09T12:00:00Z,28.175,-15.525,0.0
2017-08-09T12:00:00Z,28.175,-15.475,0.0
2017-08-09T12:00:00Z,28.175,-15.425,0.0
2017-08-09T12:00:00Z,28.175,-15.375,0.0
2017-08-09T12:00:00Z,28.125,-15.625,0.0
2017-08-09T12:00:00Z,28.125,-15.575,0.0
2017-08-09T12:00:00Z,28.125,-15.525,0.0
2017-08-09T12:00:00Z,28.125,-15.475,0.0
2017-08-09T12:00:00Z,28.125,-15.425,0.0
2017-08-09T12:00:00Z,28.125,-15.375,0.0
2017-08-09T12:00:00Z,28.075,-15.625,NaN
2017-08-09T12:00:00Z,28.075,-15.575,NaN
2017-08-09T12:00:00Z,28.075,-15.525,NaN
2017-08-09T12:00:00Z,28.075,-15.475,0.0
2017-08-09T12:00:00Z,28.075,-15.425,0.0
2017-08-09T12:00:00Z,28.075,-15.375,0.0
2017-08-09T12:00:00Z,28.025,-15.625,NaN
2017-08-09T12:00:00Z,28.025,-15.575,NaN
2017-08-09T12:00:00Z,28.025,-15.525,NaN
2017-08-09T12:00:00Z,28.025,-15.475,NaN
2017-08-09T12:00:00Z,28.025,-15.425,0.0
2017-08-09T12:00:00Z,28.025,-15.375,0.0
2017-08-09T12:00:00Z,27.975,-15.625,NaN
2017-08-09T12:00:00Z,27.975,-15.575,NaN
2017-08-09T12:00:00Z,27.975,-15.525,NaN
2017-08-09T12:00:00Z,27.975,-15.475,NaN
2017-08-09T12:00:00Z,27.975,-15.425,NaN
2017-08-09T12:00:00Z,27.975,-15.375,0.0
2017-08-09T12:00:00Z,27.925,-15.625,NaN
2017-08-09T12:00:00Z,27.925,-15.575,NaN
2017-08-09T12:00:00Z,27.925,-15.525,NaN
2017-08-09T12:00:00Z,27.925,-15.475,NaN
2017-08-09T12:00:00Z,27.925,-15.425,NaN
2017-08-09T12:00:00Z,27.925,-15.375,0.0
2017-08-09T12:00:00Z,27.875,-15.625,NaN
2017-08-09T12:00:00Z,27.875,-15.575,NaN
2017-08-09T12:00:00Z,27.875,-15.525,NaN
2017-08-09T12:00:00Z,27.875,-15.475,NaN
2017-08-09T12:00:00Z,27.875,-15.425,NaN
2017-08-09T12:00:00Z,27.875,-15.375,0.0
2017-08-09T12:00:00Z,27.825,-15.625,NaN
2017-08-09T12:00:00Z,27.825,-15.575,NaN
2017-08-09T12:00:00Z,27.825,-15.525,NaN
2017-08-09T12:00:00Z,27.825,-15.475,NaN
2017-08-09T12:00:00Z,27.825,-15.425,0.0
2017-08-09T12:00:00Z,27.825,-15.375,0.0
2017-09-08T12:00:00Z,28.175,-15.625,0.0
2017-09-08T12:00:00Z,28.175,-15.575,0.0
2017-09-08T12:00:00Z,28.175,-15.525,0.0
2017-09-08T12:00:00Z,28.175,-15.475,0.0
2017-09-08T12:00:00Z,28.175,-15.425,0.0
2017-09-08T12:00:00Z,28.175,-15.375,0.0
2017-09-08T12:00:00Z,28.125,-15.625,0.0
2017-09-08T12:00:00Z,28.125,-15.575,0.0
2017-09-08T12:00:00Z,28.125,-15.525,0.0
2017-09-08T12:00:00Z,28.125,-15.475,0.0
2017-09-08T12:00:00Z,28.125,-15.425,0.0
2017-09-08T12:00:00Z,28.125,-15.375,0.0
2017-09-08T12:00:00Z,28.075,-15.625,NaN
2017-09-08T12:00:00Z,28.075,-15.575,NaN
2017-09-08T12:00:00Z,28.075,-15.525,NaN
2017-09-08T12:00:00Z,28.075,-15.475,0.0
2017-09-08T12:00:00Z,28.075,-15.425,0.0
2017-09-08T12:00:00Z,28.075,-15.375,0.0
2017-09-08T12:00:00Z,28.025,-15.625,NaN
2017-09-08T12:00:00Z,28.025,-15.575,NaN
2017-09-08T12:00:00Z,28.025,-15.525,NaN
2017-09-08T12:00:00Z,28.025,-15.475,NaN
2017-09-08T12:00:00Z,28.025,-15.425,0.0
2017-09-08T12:00:00Z,28.025,-15.375,0.0
2017-09-08T12:00:00Z,27.975,-15.625,NaN
2017-09-08T12:00:00Z,27.975,-15.575,NaN
2017-09-08T12:00:00Z,27.975,-15.525,NaN
2017-09-08T12:00:00Z,27.975,-15.475,NaN
2017-09-08T12:00:00Z,27.975,-15.425,NaN
2017-09-08T12:00:00Z,27.975,-15.375,0.0
2017-09-08T12:00:00Z,27.925,-15.625,NaN
2017-09-08T12:00:00Z,27.925,-15.575,NaN
2017-09-08T12:00:00Z,27.925,-15.525,NaN
2017-09-08T12:00:00Z,27.925,-15.475,NaN
2017-09-08T12:00:00Z,27.925,-15.425,NaN
2017-09-08T12:00:00Z,27.925,-15.375,0.0
2017-09-08T12:00:00Z,27.875,-15.625,NaN
2017-09-08T12:00:00Z,27.875,-15.575,NaN
2017-09-08T12:00:00Z,27.875,-15.525,NaN
2017-09-08T12:00:00Z,27.875,-15.475,NaN
2017-09-08T12:00:00Z,27.875,-15.425,NaN
2017-09-08T12:00:00Z,27.875,-15.375,0.0
2017-09-08T12:00:00Z,27.825,-15.625,NaN
2017-09-08T12:00:00Z,27.825,-15.575,NaN
2017-09-08T12:00:00Z,27.825,-15.525,NaN
2017-09-08T12:00:00Z,27.825,-15.475,NaN
2017-09-08T12:00:00Z,27.825,-15.425,0.0
2017-09-08T12:00:00Z,27.825,-15.375,0.0
2017-10-08T12:00:00Z,28.175,-15.625,0.0
2017-10-08T12:00:00Z,28.175,-15.575,0.0
2017-10-08T12:00:00Z,28.175,-15.525,0.0
2017-10-08T12:00:00Z,28.175,-15.475,0.0
2017-10-08T12:00:00Z,28.175,-15.425,0.0
2017-10-08T12:00:00Z,28.175,-15.375,0.0
2017-10-08T12:00:00Z,28.125,-15.625,0.0
2017-10-08T12:00:00Z,28.125,-15.575,0.0
2017-10-08T12:00:00Z,28.125,-15.525,0.0
2017-10-08T12:00:00Z,28.125,-15.475,0.0
2017-10-08T12:00:00Z,28.125,-15.425,0.0
2017-10-08T12:00:00Z,28.125,-15.375,0.0
2017-10-08T12:00:00Z,28.075,-15.625,NaN
2017-10-08T12:00:00Z,28.075,-15.575,NaN
2017-10-08T12:00:00Z,28.075,-15.525,NaN
2017-10-08T12:00:00Z,28.075,-15.475,0.0
2017-10-08T12:00:00Z,28.075,-15.425,0.0
2017-10-08T12:00:00Z,28.075,-15.375,0.0
2017-10-08T12:00:00Z,28.025,-15.625,NaN
2017-10-08T12:00:00Z,28.025,-15.575,NaN
2017-10-08T12:00:00Z,28.025,-15.525,NaN
2017-10-08T12:00:00Z,28.025,-15.475,NaN
2017-10-08T12:00:00Z,28.025,-15.425,0.0
2017-10-08T12:00:00Z,28.025,-15.375,0.0
2017-10-08T12:00:00Z,27.975,-15.625,NaN
2017-10-08T12:00:00Z,27.975,-15.575,NaN
2017-10-08T12:00:00Z,27.975,-15.525,NaN
2017-10-08T12:00:00Z,27.975,-15.475,NaN
2017-10-08T12:00:00Z,27.975,-15.425,NaN
2017-10-08T12:00:00Z,27.975,-15.375,0.0
2017-10-08T12:00:00Z,27.925,-15.625,NaN
2017-10-08T12:00:00Z,27.925,-15.575,NaN
2017-10-08T12:00:00Z,27.925,-15.525,NaN
2017-10-08T12:00:00Z,27.925,-15.475,NaN
2017-10-08T12:00:00Z,27.925,-15.425,NaN
2017-10-08T12:00:00Z,27.925,-15.375,0.0
2017-10-08T12:00:00Z,27.875,-15.625,NaN
2017-10-08T12:00:00Z,27.875,-15.575,NaN
2017-10-08T12:00:00Z,27.875,-15.525,NaN
2017-10-08T12:00:00Z,27.875,-15.475,NaN
2017-10-08T12:00:00Z,27.875,-15.425,NaN
2017-10-08T12:00:00Z,27.875,-15.375,0.0
2017-10-08T12:00:00Z,27.825,-15.625,NaN
2017-10-08T12:00:00Z,27.825,-15.575,NaN
2017-10-08T12:00:00Z,27.825,-15.525,NaN
2017-10-08T12:00:00Z,27.825,-15.475,NaN
2017-10-08T12:00:00Z,27.825,-15.425,0.0
2017-10-08T12:00:00Z,27.825,-15.375,0.0
2017-11-07T12:00:00Z,28.175,-15.625,0.0
2017-11-07T12:00:00Z,28.175,-15.575,0.0
2017-11-07T12:00:00Z,28.175,-15.525,0.0
2017-11-07T12:00:00Z,28.175,-15.475,0.0
2017-11-07T12:00:00Z,28.175,-15.425,0.0
2017-11-07T12:00:00Z,28.175,-15.375,0.0
2017-11-07T12:00:00Z,28.125,-15.625,0.0
2017-11-07T12:00:00Z,28.125,-15.575,0.0
2017-11-07T12:00:00Z,28.125,-15.525,0.0
2017-11-07T12:00:00Z,28.125,-15.475,0.0
2017-11-07T12:00:00Z,28.125,-15.425,0.0
2017-11-07T12:00:00Z,28.125,-15.375,0.0
2017-11-07T12:00:00Z,28.075,-15.625,NaN
2017-11-07T12:00:00Z,28.075,-15.575,NaN
2017-11-07T12:00:00Z,28.075,-15.525,NaN
2017-11-07T12:00:00Z,28.075,-15.475,0.0
2017-11-07T12:00:00Z,28.075,-15.425,0.0
2017-11-07T12:00:00Z,28.075,-15.375,0.0
2017-11-07T12:00:00Z,28.025,-15.625,NaN
2017-11-07T12:00:00Z,28.025,-15.575,NaN
2017-11-07T12:00:00Z,28.025,-15.525,NaN
2017-11-07T12:00:00Z,28.025,-15.475,NaN
2017-11-07T12:00:00Z,28.025,-15.425,0.0
2017-11-07T12:00:00Z,28.025,-15.375,0.0
2017-11-07T12:00:00Z,27.975,-15.625,NaN
2017-11-07T12:00:00Z,27.975,-15.575,NaN
2017-11-07T12:00:00Z,27.975,-15.525,NaN
2017-11-07T12:00:00Z,27.975,-15.475,NaN
2017-11-07T12:00:00Z,27.975,-15.425,NaN
2017-11-07T12:00:00Z,27.975,-15.375,0.0
2017-11-07T12:00:00Z,27.925,-15.625,NaN
2017-11-07T12:00:00Z,27.925,-15.575,NaN
2017-11-07T12:00:00Z,27.925,-15.525,NaN
2017-11-07T12:00:00Z,27.925,-15.475,NaN
2017-11-07T12:00:00Z,27.925,-15.425,NaN
2017-11-07T12:00:00Z,27.925,-15.375,0.0
2017-11-07T12:00:00Z,27.875,-15.625,NaN
2017-11-07T12:00:00Z,27.875,-15.575,NaN
2017-11-07T12:00:00Z,27.875,-15.525,NaN
2017-11-07T12:00:00Z,27.875,-15.475,NaN
2017-11-07T12:00:00Z,27.875,-15.425,NaN
2017-11-07T12:00:00Z,27.875,-15.375,0.0
2017-11-07T12:00:00Z,27.825,-15.625,NaN
2017-11-07T12:00:00Z,27.825,-15.575,NaN
2017-11-07T12:00:00Z,27.825,-15.525,NaN
2017-11-07T12:00:00Z,27.825,-15.475,NaN
2017-11-07T12:00:00Z,27.825,-15.425,0.15
2017-11-07T12:00:00Z,27.825,-15.375,0.0
2017-12-07T12:00:00Z,28.175,-15.625,0.0
2017-12-07T12:00:00Z,28.175,-15.575,0.0
2017-12-07T12:00:00Z,28.175,-15.525,0.0
2017-12-07T12:00:00Z,28.175,-15.475,0.0
2017-12-07T12:00:00Z,28.175,-15.425,0.0
2017-12-07T12:00:00Z,28.175,-15.375,0.0
2017-12-07T12:00:00Z,28.125,-15.625,0.0
2017-12-07T12:00:00Z,28.125,-15.575,0.0
2017-12-07T12:00:00Z,28.125,-15.525,0.0
2017-12-07T12:00:00Z,28.125,-15.475,0.0
2017-12-07T12:00:00Z,28.125,-15.425,0.0
2017-12-07T12:00:00Z,28.125,-15.375,0.0
2017-12-07T12:00:00Z,28.075,-15.625,NaN
2017-12-07T12:00:00Z,28.075,-15.575,NaN
2017-12-07T12:00:00Z,28.075,-15.525,NaN
2017-12-07T12:00:00Z,28.075,-15.475,0.0
2017-12-07T12:00:00Z,28.075,-15.425,0.0
2017-12-07T12:00:00Z,28.075,-15.375,0.0
2017-12-07T12:00:00Z,28.025,-15.625,NaN
2017-12-07T12:00:00Z,28.025,-15.575,NaN
2017-12-07T12:00:00Z,28.025,-15.525,NaN
2017-12-07T12:00:00Z,28.025,-15.475,NaN
2017-12-07T12:00:00Z,28.025,-15.425,0.0
2017-12-07T12:00:00Z,28.025,-15.375,0.0
2017-12-07T12:00:00Z,27.975,-15.625,NaN
2017-12-07T12:00:00Z,27.975,-15.575,NaN
2017-12-07T12:00:00Z,27.975,-15.525,NaN
2017-12-07T12:00:00Z,27.975,-15.475,NaN
2017-12-07T12:00:00Z,27.975,-15.425,NaN
2017-12-07T12:00:00Z,27.975,-15.375,0.0
2017-12-07T12:00:00Z,27.925,-15.625,NaN
2017-12-07T12:00:00Z,27.925,-15.575,NaN
2017-12-07T12:00:00Z,27.925,-15.525,NaN
2017-12-07T12:00:00Z,27.925,-15.475,NaN
2017-12-07T12:00:00Z,27.925,-15.425,NaN
2017-12-07T12:00:00Z,27.925,-15.375,0.0
2017-12-07T12:00:00Z,27.875,-15.625,NaN
2017-12-07T12:00:00Z,27.875,-15.575,NaN
2017-12-07T12:00:00Z,27.875,-15.525,NaN
2017-12-07T12:00:00Z,27.875,-15.475,NaN
2017-12-07T12:00:00Z,27.875,-15.425,NaN
2017-12-07T12:00:00Z,27.875,-15.375,0.0
2017-12-07T12:00:00Z,27.825,-15.625,NaN
2017-12-07T12:00:00Z,27.825,-15.575,NaN
2017-12-07T12:00:00Z,27.825,-15.525,NaN
2017-12-07T12:00:00Z,27.825,-15.475,NaN
2017-12-07T12:00:00Z,27.825,-15.425,0.15
2017-12-07T12:00:00Z,27.825,-15.375,0.0
2018-01-06T12:00:00Z,28.175,-15.625,0.0
2018-01-06T12:00:00Z,28.175,-15.575,0.0
2018-01-06T12:00:00Z,28.175,-15.525,0.0
2018-01-06T12:00:00Z,28.175,-15.475,0.0
2018-01-06T12:00:00Z,28.175,-15.425,0.0
2018-01-06T12:00:00Z,28.175,-15.375,0.0
2018-01-06T12:00:00Z,28.125,-15.625,0.0
2018-01-06T12:00:00Z,28.125,-15.575,0.0
2018-01-06T12:00:00Z,28.125,-15.525,0.0
2018-01-06T12:00:00Z,28.125,-15.475,0.0
2018-01-06T12:00:00Z,28.125,-15.425,0.0
2018-01-06T12:00:00Z,28.125,-15.375,0.0
2018-01-06T12:00:00Z,28.075,-15.625,NaN
2018-01-06T12:00:00Z,28.075,-15.575,NaN
2018-01-06T12:00:00Z,28.075,-15.525,NaN
2018-01-06T12:00:00Z,28.075,-15.475,0.0
2018-01-06T12:00:00Z,28.075,-15.425,0.0
2018-01-06T12:00:00Z,28.075,-15.375,0.0
2018-01-06T12:00:00Z,28.025,-15.625,NaN
2018-01-06T12:00:00Z,28.025,-15.575,NaN
2018-01-06T12:00:00Z,28.025,-15.525,NaN
2018-01-06T12:00:00Z,28.025,-15.475,NaN
2018-01-06T12:00:00Z,28.025,-15.425,0.0
2018-01-06T12:00:00Z,28.025,-15.375,0.0
2018-01-06T12:00:00Z,27.975,-15.625,NaN
2018-01-06T12:00:00Z,27.975,-15.575,NaN
2018-01-06T12:00:00Z,27.975,-15.525,NaN
2018-01-06T12:00:00Z,27.975,-15.475,NaN
2018-01-06T12:00:00Z,27.975,-15.425,NaN
2018-01-06T12:00:00Z,27.975,-15.375,0.0
2018-01-06T12:00:00Z,27.925,-15.625,NaN
2018-01-06T12:00:00Z,27.925,-15.575,NaN
2018-01-06T12:00:00Z,27.925,-15.525,NaN
2018-01-06T12:00:00Z,27.925,-15.475,NaN
2018-01-06T12:00:00Z,27.925,-15.425,NaN
2018-01-06T12:00:00Z,27.925,-15.375,0.0
2018-01-06T12:00:00Z,27.875,-15.625,NaN
2018-01-06T12:00:00Z,27.875,-15.575,NaN
2018-01-06T12:00:00Z,27.875,-15.525,NaN
2018-01-06T12:00:00Z,27.875,-15.475,NaN
2018-01-06T12:00:00Z,27.875,-15.425,NaN
2018-01-06T12:00:00Z,27.875,-15.375,0.0
2018-01-06T12:00:00Z,27.825,-15.625,NaN
2018-01-06T12:00:00Z,27.825,-15.575,NaN
2018-01-06T12:00:00Z,27.825,-15.525,NaN
2018-01-06T12:00:00Z,27.825,-15.475,NaN
2018-01-06T12:00:00Z,27.825,-15.425,0.15
2018-01-06T12:00:00Z,27.825,-15.375,0.0
2018-02-05T12:00:00Z,28.175,-15.625,0.0
2018-02-05T12:00:00Z,28.175,-15.575,0.0
2018-02-05T12:00:00Z,28.175,-15.525,0.0
2018-02-05T12:00:00Z,28.175,-15.475,0.0
2018-02-05T12:00:00Z,28.175,-15.425,0.0
2018-02-05T12:00:00Z,28.175,-15.375,0.0
2018-02-05T12:00:00Z,28.125,-15.625,0.0
2018-02-05T12:00:00Z,28.125,-15.575,0.0
2018-02-05T12:00:00Z,28.125,-15.525,0.0
2018-02-05T12:00:00Z,28.125,-15.475,0.0
2018-02-05T12:00:00Z,28.125,-15.425,0.0
2018-02-05T12:00:00Z,28.125,-15.375,0.0
2018-02-05T12:00:00Z,28.075,-15.625,NaN
2018-02-05T12:00:00Z,28.075,-15.575,NaN
2018-02-05T12:00:00Z,28.075,-15.525,NaN
2018-02-05T12:00:00Z,28.075,-15.475,0.0
2018-02-05T12:00:00Z,28.075,-15.425,0.0
2018-02-05T12:00:00Z,28.075,-15.375,0.0
2018-02-05T12:00:00Z,28.025,-15.625,NaN
2018-02-05T12:00:00Z,28.025,-15.575,NaN
2018-02-05T12:00:00Z,28.025,-15.525,NaN
2018-02-05T12:00:00Z,28.025,-15.475,NaN
2018-02-05T12:00:00Z,28.025,-15.425,0.0
2018-02-05T12:00:00Z,28.025,-15.375,0.0
2018-02-05T12:00:00Z,27.975,-15.625,NaN
2018-02-05T12:00:00Z,27.975,-15.575,NaN
2018-02-05T12:00:00Z,27.975,-15.525,NaN
2018-02-05T12:00:00Z,27.975,-15.475,NaN
2018-02-05T12:00:00Z,27.975,-15.425,NaN
2018-02-05T12:00:00Z,27.975,-15.375,0.0
2018-02-05T12:00:00Z,27.925,-15.625,NaN
2018-02-05T12:00:00Z,27.925,-15.575,NaN
2018-02-05T12:00:00Z,27.925,-15.525,NaN
2018-02-05T12:00:00Z,27.925,-15.475,NaN
2018-02-05T12:00:00Z,27.925,-15.425,NaN
2018-02-05T12:00:00Z,27.925,-15.375,0.0
2018-02-05T12:00:00Z,27.875,-15.625,NaN
2018-02-05T12:00:00Z,27.875,-15.575,NaN
2018-02-05T12:00:00Z,27.875,-15.525,NaN
2018-02-05T12:00:00Z,27.875,-15.475,NaN
2018-02-05T12:00:00Z,27.875,-15.425,NaN
2018-02-05T12:00:00Z,27.875,-15.375,0.0
2018-02-05T12:00:00Z,27.825,-15.625,NaN
2018-02-05T12:00:00Z,27.825,-15.575,NaN
2018-02-05T12:00:00Z,27.825,-15.525,NaN
2018-02-05T12:00:00Z,27.825,-15.475,NaN
2018-02-05T12:00:00Z,27.825,-15.425,0.0
2018-02-05T12:00:00Z,27.825,-15.375,0.0
2018-03-07T12:00:00Z,28.175,-15.625,0.0
2018-03-07T12:00:00Z,28.175,-15.575,0.0
2018-03-07T12:00:00Z,28.175,-15.525,0.0
2018-03-07T12:00:00Z,28.175,-15.475,0.0
2018-03-07T12:00:00Z,28.175,-15.425,0.0
2018-03-07T12:00:00Z,28.175,-15.375,0.0
2018-03-07T12:00:00Z,28.125,-15.625,0.0
2018-03-07T12:00:00Z,28.125,-15.575,0.0
2018-03-07T12:00:00Z,28.125,-15.525,0.0
2018-03-07T12:00:00Z,28.125,-15.475,0.0
2018-03-07T12:00:00Z,28.125,-15.425,0.0
2018-03-07T12:00:00Z,28.125,-15.375,0.0
2018-03-07T12:00:00Z,28.075,-15.625,NaN
2018-03-07T12:00:00Z,28.075,-15.575,NaN
2018-03-07T12:00:00Z,28.075,-15.525,NaN
2018-03-07T12:00:00Z,28.075,-15.475,0.0
2018-03-07T12:00:00Z,28.075,-15.425,0.0
2018-03-07T12:00:00Z,28.075,-15.375,0.0
2018-03-07T12:00:00Z,28.025,-15.625,NaN
2018-03-07T12:00:00Z,28.025,-15.575,NaN
2018-03-07T12:00:00Z,28.025,-15.525,NaN
2018-03-07T12:00:00Z,28.025,-15.475,NaN
2018-03-07T12:00:00Z,28.025,-15.425,0.0
2018-03-07T12:00:00Z,28.025,-15.375,0.0
2018-03-07T12:00:00Z,27.975,-15.625,NaN
2018-03-07T12:00:00Z,27.975,-15.575,NaN
2018-03-07T12:00:00Z,27.975,-15.525,NaN
2018-03-07T12:00:00Z,27.975,-15.475,NaN
2018-03-07T12:00:00Z,27.975,-15.425,NaN
2018-03-07T12:00:00Z,27.975,-15.375,0.0
2018-03-07T12:00:00Z,27.925,-15.625,NaN
2018-03-07T12:00:00Z,27.925,-15.575,NaN
2018-03-07T12:00:00Z,27.925,-15.525,NaN
2018-03-07T12:00:00Z,27.925,-15.475,NaN
2018-03-07T12:00:00Z,27.925,-15.425,NaN
2018-03-07T12:00:00Z,27.925,-15.375,0.0
2018-03-07T12:00:00Z,27.875,-15.625,NaN
2018-03-07T12:00:00Z,27.875,-15.575,NaN
2018-03-07T12:00:00Z,27.875,-15.525,NaN
2018-03-07T12:00:00Z,27.875,-15.475,NaN
2018-03-07T12:00:00Z,27.875,-15.425,NaN
2018-03-07T12:00:00Z,27.875,-15.375,0.0
2018-03-07T12:00:00Z,27.825,-15.625,NaN
2018-03-07T12:00:00Z,27.825,-15.575,NaN
2018-03-07T12:00:00Z,27.825,-15.525,NaN
2018-03-07T12:00:00Z,27.825,-15.475,NaN
2018-03-07T12:00:00Z,27.825,-15.425,0.0
2018-03-07T12:00:00Z,27.825,-15.375,0.0
2018-04-06T12:00:00Z,28.175,-15.625,0.0
2018-04-06T12:00:00Z,28.175,-15.575,0.0
2018-04-06T12:00:00Z,28.175,-15.525,0.0
2018-04-06T12:00:00Z,28.175,-15.475,0.0
2018-04-06T12:00:00Z,28.175,-15.425,0.0
2018-04-06T12:00:00Z,28.175,-15.375,0.0
2018-04-06T12:00:00Z,28.125,-15.625,0.0
2018-04-06T12:00:00Z,28.125,-15.575,0.0
2018-04-06T12:00:00Z,28.125,-15.525,0.0
2018-04-06T12:00:00Z,28.125,-15.475,0.0
2018-04-06T12:00:00Z,28.125,-15.425,0.0
2018-04-06T12:00:00Z,28.125,-15.375,0.0
2018-04-06T12:00:00Z,28.075,-15.625,NaN
2018-04-06T12:00:00Z,28.075,-15.575,NaN
2018-04-06T12:00:00Z,28.075,-15.525,NaN
2018-04-06T12:00:00Z,28.075,-15.475,0.0
2018-04-06T12:00:00Z,28.075,-15.425,0.0
2018-04-06T12:00:00Z,28.075,-15.375,0.0
2018-04-06T12:00:00Z,28.025,-15.625,NaN
2018-04-06T12:00:00Z,28.025,-15.575,NaN
2018-04-06T12:00:00Z,28.025,-15.525,NaN
2018-04-06T12:00:00Z,28.025,-15.475,NaN
2018-04-06T12:00:00Z,28.025,-15.425,0.0
2018-04-06T12:00:00Z,28.025,-15.375,0.0
2018-04-06T12:00:00Z,27.975,-15.625,NaN
2018-04-06T12:00:00Z,27.975,-15.575,NaN
2018-04-06T12:00:00Z,27.975,-15.525,NaN
2018-04-06T12:00:00Z,27.975,-15.475,NaN
2018-04-06T12:00:00Z,27.975,-15.425,NaN
2018-04-06T12:00:00Z,27.975,-15.375,0.0
2018-04-06T12:00:00Z,27.925,-15.625,NaN
2018-04-06T12:00:00Z,27.925,-15.575,NaN
2018-04-06T12:00:00Z,27.925,-15.525,NaN
2018-04-06T12:00:00Z,27.925,-15.475,NaN
2018-04-06T12:00:00Z,27.925,-15.425,NaN
2018-04-06T12:00:00Z,27.925,-15.375,0.0
2018-04-06T12:00:00Z,27.875,-15.625,NaN
2018-04-06T12:00:00Z,27.875,-15.575,NaN
2018-04-06T12:00:00Z,27.875,-15.525,NaN
2018-04-06T12:00:00Z,27.875,-15.475,NaN
2018-04-06T12:00:00Z,27.875,-15.425,NaN
2018-04-06T12:00:00Z,27.875,-15.375,0.0
2018-04-06T12:00:00Z,27.825,-15.625,NaN
2018-04-06T12:00:00Z,27.825,-15.575,NaN
2018-04-06T12:00:00Z,27.825,-15.525,NaN
2018-04-06T12:00:00Z,27.825,-15.475,NaN
2018-04-06T12:00:00Z,27.825,-15.425,0.0
2018-04-06T12:00:00Z,27.825,-15.375,0.0
2018-05-06T12:00:00Z,28.175,-15.625,0.0
2018-05-06T12:00:00Z,28.175,-15.575,0.0
2018-05-06T12:00:00Z,28.175,-15.525,0.0
2018-05-06T12:00:00Z,28.175,-15.475,0.0
2018-05-06T12:00:00Z,28.175,-15.425,0.0
2018-05-06T12:00:00Z,28.175,-15.375,0.0
2018-05-06T12:00:00Z,28.125,-15.625,0.0
2018-05-06T12:00:00Z,28.125,-15.575,0.0
2018-05-06T12:00:00Z,28.125,-15.525,0.0
2018-05-06T12:00:00Z,28.125,-15.475,0.0
2018-05-06T12:00:00Z,28.125,-15.425,0.0
2018-05-06T12:00:00Z,28.125,-15.375,0.0
2018-05-06T12:00:00Z,28.075,-15.625,NaN
2018-05-06T12:00:00Z,28.075,-15.575,NaN
2018-05-06T12:00:00Z,28.075,-15.525,NaN
2018-05-06T12:00:00Z,28.075,-15.475,0.0
2018-05-06T12:00:00Z,28.075,-15.425,0.0
2018-05-06T12:00:00Z,28.075,-15.375,0.0
2018-05-06T12:00:00Z,28.025,-15.625,NaN
2018-05-06T12:00:00Z,28.025,-15.575,NaN
2018-05-06T12:00:00Z,28.025,-15.525,NaN
2018-05-06T12:00:00Z,28.025,-15.475,NaN
2018-05-06T12:00:00Z,28.025,-15.425,0.0
2018-05-06T12:00:00Z,28.025,-15.375,0.0
2018-05-06T12:00:00Z,27.975,-15.625,NaN
2018-05-06T12:00:00Z,27.975,-15.575,NaN
2018-05-06T12:00:00Z,27.975,-15.525,NaN
2018-05-06T12:00:00Z,27.975,-15.475,NaN
2018-05-06T12:00:00Z,27.975,-15.425,NaN
2018-05-06T12:00:00Z,27.975,-15.375,0.0
2018-05-06T12:00:00Z,27.925,-15.625,NaN
2018-05-06T12:00:00Z,27.925,-15.575,NaN
2018-05-06T12:00:00Z,27.925,-15.525,NaN
2018-05-06T12:00:00Z,27.925,-15.475,NaN
2018-05-06T12:00:00Z,27.925,-15.425,NaN
2018-05-06T12:00:00Z,27.925,-15.375,0.0
2018-05-06T12:00:00Z,27.875,-15.625,NaN
2018-05-06T12:00:00Z,27.875,-15.575,NaN
2018-05-06T12:00:00Z,27.875,-15.525,NaN
2018-05-06T12:00:00Z,27.875,-15.475,NaN
2018-05-06T12:00:00Z,27.875,-15.425,NaN
2018-05-06T12:00:00Z,27.875,-15.375,0.0
2018-05-06T12:00:00Z,27.825,-15.625,NaN
2018-05-06T12:00:00Z,27.825,-15.575,NaN
2018-05-06T12:00:00Z,27.825,-15.525,NaN
2018-05-06T12:00:00Z,27.825,-15.475,NaN
2018-05-06T12:00:00Z,27.825,-15.425,0.0
2018-05-06T12:00:00Z,27.825,-15.375,0.0
2018-06-05T12:00:00Z,28.175,-15.625,0.0
2018-06-05T12:00:00Z,28.175,-15.575,0.0
2018-06-05T12:00:00Z,28.175,-15.525,0.0
2018-06-05T12:00:00Z,28.175,-15.475,0.0
2018-06-05T12:00:00Z,28.175,-15.425,0.0
2018-06-05T12:00:00Z,28.175,-15.375,0.0
2018-06-05T12:00:00Z,28.125,-15.625,0.0
2018-06-05T12:00:00Z,28.125,-15.575,0.0
2018-06-05T12:00:00Z,28.125,-15.525,0.0
2018-06-05T12:00:00Z,28.125,-15.475,0.0
2018-06-05T12:00:00Z,28.125,-15.425,0.0
2018-06-05T12:00:00Z,28.125,-15.375,0.0
2018-06-05T12:00:00Z,28.075,-15.625,NaN
2018-06-05T12:00:00Z,28.075,-15.575,NaN
2018-06-05T12:00:00Z,28.075,-15.525,NaN
2018-06-05T12:00:00Z,28.075,-15.475,0.0
2018-06-05T12:00:00Z,28.075,-15.425,0.0
2018-06-05T12:00:00Z,28.075,-15.375,0.0
2018-06-05T12:00:00Z,28.025,-15.625,NaN
2018-06-05T12:00:00Z,28.025,-15.575,NaN
2018-06-05T12:00:00Z,28.025,-15.525,NaN
2018-06-05T12:00:00Z,28.025,-15.475,NaN
2018-06-05T12:00:00Z,28.025,-15.425,0.0
2018-06-05T12:00:00Z,28.025,-15.375,0.0
2018-06-05T12:00:00Z,27.975,-15.625,NaN
2018-06-05T12:00:00Z,27.975,-15.575,NaN
2018-06-05T12:00:00Z,27.975,-15.525,NaN
2018-06-05T12:00:00Z,27.975,-15.475,NaN
2018-06-05T12:00:00Z,27.975,-15.425,NaN
2018-06-05T12:00:00Z,27.975,-15.375,0.0
2018-06-05T12:00:00Z,27.925,-15.625,NaN
2018-06-05T12:00:00Z,27.925,-15.575,NaN
2018-06-05T12:00:00Z,27.925,-15.525,NaN
2018-06-05T12:00:00Z,27.925,-15.475,NaN
2018-06-05T12:00:00Z,27.925,-15.425,NaN
2018-06-05T12:00:00Z,27.925,-15.375,0.0
2018-06-05T12:00:00Z,27.875,-15.625,NaN
2018-06-05T12:00:00Z,27.875,-15.575,NaN
2018-06-05T12:00:00Z,27.875,-15.525,NaN
2018-06-05T12:00:00Z,27.875,-15.475,NaN
2018-06-05T12:00:00Z,27.875,-15.425,NaN
2018-06-05T12:00:00Z,27.875,-15.375,0.0
2018-06-05T12:00:00Z,27.825,-15.625,NaN
2018-06-05T12:00:00Z,27.825,-15.575,NaN
2018-06-05T12:00:00Z,27.825,-15.525,NaN
2018-06-05T12:00:00Z,27.825,-15.475,NaN
2018-06-05T12:00:00Z,27.825,-15.425,0.0
2018-06-05T12:00:00Z,27.825,-15.375,0.0
2018-07-05T12:00:00Z,28.175,-15.625,0.0
2018-07-05T12:00:00Z,28.175,-15.575,0.0
2018-07-05T12:00:00Z,28.175,-15.525,0.0
2018-07-05T12:00:00Z,28.175,-15.475,0.0
2018-07-05T12:00:00Z,28.175,-15.425,0.0
2018-07-05T12:00:00Z,28.175,-15.375,0.0
2018-07-05T12:00:00Z,28.125,-15.625,0.0
2018-07-05T12:00:00Z,28.125,-15.575,0.0
2018-07-05T12:00:00Z,28.125,-15.525,0.0
2018-07-05T12:00:00Z,28.125,-15.475,0.0
2018-07-05T12:00:00Z,28.125,-15.425,0.0
2018-07-05T12:00:00Z,28.125,-15.375,0.0
2018-07-05T12:00:00Z,28.075,-15.625,NaN
2018-07-05T12:00:00Z,28.075,-15.575,NaN
2018-07-05T12:00:00Z,28.075,-15.525,NaN
2018-07-05T12:00:00Z,28.075,-15.475,0.0
2018-07-05T12:00:00Z,28.075,-15.425,0.0
2018-07-05T12:00:00Z,28.075,-15.375,0.0
2018-07-05T12:00:00Z,28.025,-15.625,NaN
2018-07-05T12:00:00Z,28.025,-15.575,NaN
2018-07-05T12:00:00Z,28.025,-15.525,NaN
2018-07-05T12:00:00Z,28.025,-15.475,NaN
2018-07-05T12:00:00Z,28.025,-15.425,0.0
2018-07-05T12:00:00Z,28.025,-15.375,0.0
2018-07-05T12:00:00Z,27.975,-15.625,NaN
2018-07-05T12:00:00Z,27.975,-15.575,NaN
2018-07-05T12:00:00Z,27.975,-15.525,NaN
2018-07-05T12:00:00Z,27.975,-15.475,NaN
2018-07-05T12:00:00Z,27.975,-15.425,NaN
2018-07-05T12:00:00Z,27.975,-15.375,0.0
2018-07-05T12:00:00Z,27.925,-15.625,NaN
2018-07-05T12:00:00Z,27.925,-15.575,NaN
2018-07-05T12:00:00Z,27.925,-15.525,NaN
2018-07-05T12:00:00Z,27.925,-15.475,NaN
2018-07-05T12:00:00Z,27.925,-15.425,NaN
2018-07-05T12:00:00Z,27.925,-15.375,0.0
2018-07-05T12:00:00Z,27.875,-15.625,NaN
2018-07-05T12:00:00Z,27.875,-15.575,NaN
2018-07-05T12:00:00Z,27.875,-15.525,NaN
2018-07-05T12:00:00Z,27.875,-15.475,NaN
2018-07-05T12:00:00Z,27.875,-15.425,NaN
2018-07-05T12:00:00Z,27.875,-15.375,0.0
2018-07-05T12:00:00Z,27.825,-15.625,NaN
2018-07-05T12:00:00Z,27.825,-15.575,NaN
2018-07-05T12:00:00Z,27.825,-15.525,NaN
2018-07-05T12:00:00Z,27.825,-15.475,NaN
2018-07-05T12:00:00Z,27.825,-15.425,0.0
2018-07-05T12:00:00Z,27.825,-15.375,0.0
2018-08-04T12:00:00Z,28.175,-15.625,0.0
2018-08-04T12:00:00Z,28.175,-15.575,0.0
2018-08-04T12:00:00Z,28.175,-15.525,0.0
2018-08-04T12:00:00Z,28.175,-15.475,0.0
2018-08-04T12:00:00Z,28.175,-15.425,0.0
2018-08-04T12:00:00Z,28.175,-15.375,0.0
2018-08-04T12:00:00Z,28.125,-15.625,0.0
2018-08-04T12:00:00Z,28.125,-15.575,0.0
2018-08-04T12:00:00Z,28.125,-15.525,0.0
2018-08-04T12:00:00Z,28.125,-15.475,0.0
2018-08-04T12:00:00Z,28.125,-15.425,0.0
2018-08-04T12:00:00Z,28.125,-15.375,0.0
2018-08-04T12:00:00Z,28.075,-15.625,NaN
2018-08-04T12:00:00Z,28.075,-15.575,NaN
2018-08-04T12:00:00Z,28.075,-15.525,NaN
2018-08-04T12:00:00Z,28.075,-15.475,0.0
2018-08-04T12:00:00Z,28.075,-15.425,0.0
2018-08-04T12:00:00Z,28.075,-15.375,0.0
2018-08-04T12:00:00Z,28.025,-15.625,NaN
2018-08-04T12:00:00Z,28.025,-15.575,NaN
2018-08-04T12:00:00Z,28.025,-15.525,NaN
2018-08-04T12:00:00Z,28.025,-15.475,NaN
2018-08-04T12:00:00Z,28.025,-15.425,0.0
2018-08-04T12:00:00Z,28.025,-15.375,0.0
2018-08-04T12:00:00Z,27.975,-15.625,NaN
2018-08-04T12:00:00Z,27.975,-15.575,NaN
2018-08-04T12:00:00Z,27.975,-15.525,NaN
2018-08-04T12:00:00Z,27.975,-15.475,NaN
2018-08-04T12:00:00Z,27.975,-15.425,NaN
2018-08-04T12:00:00Z,27.975,-15.375,0.0
2018-08-04T12:00:00Z,27.925,-15.625,NaN
2018-08-04T12:00:00Z,27.925,-15.575,NaN
2018-08-04T12:00:00Z,27.925,-15.525,NaN
2018-08-04T12:00:00Z,27.925,-15.475,NaN
2018-08-04T12:00:00Z,27.925,-15.425,NaN
2018-08-04T12:00:00Z,27.925,-15.375,0.0
2018-08-04T12:00:00Z,27.875,-15.625,NaN
2018-08-04T12:00:00Z,27.875,-15.575,NaN
2018-08-04T12:00:00Z,27.875,-15.525,NaN
2018-08-04T12:00:00Z,27.875,-15.475,NaN
2018-08-04T12:00:00Z,27.875,-15.425,NaN
2018-08-04T12:00:00Z,27.875,-15.375,0.0
2018-08-04T12:00:00Z,27.825,-15.625,NaN
2018-08-04T12:00:00Z,27.825,-15.575,NaN
2018-08-04T12:00:00Z,27.825,-15.525,NaN
2018-08-04T12:00:00Z,27.825,-15.475,NaN
2018-08-04T12:00:00Z,27.825,-15.425,0.0
2018-08-04T12:00:00Z,27.825,-15.375,0.0
2018-09-03T12:00:00Z,28.175,-15.625,0.0
2018-09-03T12:00:00Z,28.175,-15.575,0.0
2018-09-03T12:00:00Z,28.175,-15.525,0.0
2018-09-03T12:00:00Z,28.175,-15.475,0.0
2018-09-03T12:00:00Z,28.175,-15.425,0.0
2018-09-03T12:00:00Z,28.175,-15.375,0.0
2018-09-03T12:00:00Z,28.125,-15.625,0.0
2018-09-03T12:00:00Z,28.125,-15.575,0.0
2018-09-03T12:00:00Z,28.125,-15.525,0.0
2018-09-03T12:00:00Z,28.125,-15.475,0.0
2018-09-03T12:00:00Z,28.125,-15.425,0.0
2018-09-03T12:00:00Z,28.125,-15.375,0.0
2018-09-03T12:00:00Z,28.075,-15.625,NaN
2018-09-03T12:00:00Z,28.075,-15.575,NaN
2018-09-03T12:00:00Z,28.075,-15.525,NaN
2018-09-03T12:00:00Z,28.075,-15.475,0.0
2018-09-03T12:00:00Z,28.075,-15.425,0.0
2018-09-03T12:00:00Z,28.075,-15.375,0.0
2018-09-03T12:00:00Z,28.025,-15.625,NaN
2018-09-03T12:00:00Z,28.025,-15.575,NaN
2018-09-03T12:00:00Z,28.025,-15.525,NaN
2018-09-03T12:00:00Z,28.025,-15.475,NaN
2018-09-03T12:00:00Z,28.025,-15.425,0.0
2018-09-03T12:00:00Z,28.025,-15.375,0.0
2018-09-03T12:00:00Z,27.975,-15.625,NaN
2018-09-03T12:00:00Z,27.975,-15.575,NaN
2018-09-03T12:00:00Z,27.975,-15.525,NaN
2018-09-03T12:00:00Z,27.975,-15.475,NaN
2018-09-03T12:00:00Z,27.975,-15.425,NaN
2018-09-03T12:00:00Z,27.975,-15.375,0.0
2018-09-03T12:00:00Z,27.925,-15.625,NaN
2018-09-03T12:00:00Z,27.925,-15.575,NaN
2018-09-03T12:00:00Z,27.925,-15.525,NaN
2018-09-03T12:00:00Z,27.925,-15.475,NaN
2018-09-03T12:00:00Z,27.925,-15.425,NaN
2018-09-03T12:00:00Z,27.925,-15.375,0.0
2018-09-03T12:00:00Z,27.875,-15.625,NaN
2018-09-03T12:00:00Z,27.875,-15.575,NaN
2018-09-03T12:00:00Z,27.875,-15.525,NaN
2018-09-03T12:00:00Z,27.875,-15.475,NaN
2018-09-03T12:00:00Z,27.875,-15.425,NaN
2018-09-03T12:00:00Z,27.875,-15.375,0.0
2018-09-03T12:00:00Z,27.825,-15.625,NaN
2018-09-03T12:00:00Z,27.825,-15.575,NaN
2018-09-03T12:00:00Z,27.825,-15.525,NaN
2018-09-03T12:00:00Z,27.825,-15.475,NaN
2018-09-03T12:00:00Z,27.825,-15.425,0.0
2018-09-03T12:00:00Z,27.825,-15.375,0.0
2018-10-03T12:00:00Z,28.175,-15.625,0.0
2018-10-03T12:00:00Z,28.175,-15.575,0.0
2018-10-03T12:00:00Z,28.175,-15.525,0.0
2018-10-03T12:00:00Z,28.175,-15.475,0.0
2018-10-03T12:00:00Z,28.175,-15.425,0.0
2018-10-03T12:00:00Z,28.175,-15.375,0.0
2018-10-03T12:00:00Z,28.125,-15.625,0.0
2018-10-03T12:00:00Z,28.125,-15.575,0.0
2018-10-03T12:00:00Z,28.125,-15.525,0.0
2018-10-03T12:00:00Z,28.125,-15.475,0.0
2018-10-03T12:00:00Z,28.125,-15.425,0.0
2018-10-03T12:00:00Z,28.125,-15.375,0.0
2018-10-03T12:00:00Z,28.075,-15.625,NaN
2018-10-03T12:00:00Z,28.075,-15.575,NaN
2018-10-03T12:00:00Z,28.075,-15.525,NaN
2018-10-03T12:00:00Z,28.075,-15.475,0.0
2018-10-03T12:00:00Z,28.075,-15.425,0.0
2018-10-03T12:00:00Z,28.075,-15.375,0.0
2018-10-03T12:00:00Z,28.025,-15.625,NaN
2018-10-03T12:00:00Z,28.025,-15.575,NaN
2018-10-03T12:00:00Z,28.025,-15.525,NaN
2018-10-03T12:00:00Z,28.025,-15.475,NaN
2018-10-03T12:00:00Z,28.025,-15.425,0.0
2018-10-03T12:00:00Z,28.025,-15.375,0.0
2018-10-03T12:00:00Z,27.975,-15.625,NaN
2018-10-03T12:00:00Z,27.975,-15.575,NaN
2018-10-03T12:00:00Z,27.975,-15.525,NaN
2018-10-03T12:00:00Z,27.975,-15.475,NaN
2018-10-03T12:00:00Z,27.975,-15.425,NaN
2018-10-03T12:00:00Z,27.975,-15.375,0.0
2018-10-03T12:00:00Z,27.925,-15.625,NaN
2018-10-03T12:00:00Z,27.925,-15.575,NaN
2018-10-03T12:00:00Z,27.925,-15.525,NaN
2018-10-03T12:00:00Z,27.925,-15.475,NaN
2018-10-03T12:00:00Z,27.925,-15.425,NaN
2018-10-03T12:00:00Z,27.925,-15.375,0.0
2018-10-03T12:00:00Z,27.875,-15.625,NaN
2018-10-03T12:00:00Z,27.875,-15.575,NaN
2018-10-03T12:00:00Z,27.875,-15.525,NaN
2018-10-03T12:00:00Z,27.875,-15.475,NaN
2018-10-03T12:00:00Z,27.875,-15.425,NaN
2018-10-03T12:00:00Z,27.875,-15.375,0.0
2018-10-03T12:00:00Z,27.825,-15.625,NaN
2018-10-03T12:00:00Z,27.825,-15.575,NaN
2018-10-03T12:00:00Z,27.825,-15.525,NaN
2018-10-03T12:00:00Z,27.825,-15.475,NaN
2018-10-03T12:00:00Z,27.825,-15.425,0.0
2018-10-03T12:00:00Z,27.825,-15.375,0.0
2018-11-02T12:00:00Z,28.175,-15.625,0.15
2018-11-02T12:00:00Z,28.175,-15.575,0.15
2018-11-02T12:00:00Z,28.175,-15.525,0.15
2018-11-02T12:00:00Z,28.175,-15.475,0.16
2018-11-02T12:00:00Z,28.175,-15.425,0.16
2018-11-02T12:00:00Z,28.175,-15.375,0.17
2018-11-02T12:00:00Z,28.125,-15.625,0.15
2018-11-02T12:00:00Z,28.125,-15.575,0.15
2018-11-02T12:00:00Z,28.125,-15.525,0.15
2018-11-02T12:00:00Z,28.125,-15.475,0.15
2018-11-02T12:00:00Z,28.125,-15.425,0.16
2018-11-02T12:00:00Z,28.125,-15.375,0.17
2018-11-02T12:00:00Z,28.075,-15.625,NaN
2018-11-02T12:00:00Z,28.075,-15.575,NaN
2018-11-02T12:00:00Z,28.075,-15.525,NaN
2018-11-02T12:00:00Z,28.075,-15.475,0.16
2018-11-02T12:00:00Z,28.075,-15.425,0.16
2018-11-02T12:00:00Z,28.075,-15.375,0.17
2018-11-02T12:00:00Z,28.025,-15.625,NaN
2018-11-02T12:00:00Z,28.025,-15.575,NaN
2018-11-02T12:00:00Z,28.025,-15.525,NaN
2018-11-02T12:00:00Z,28.025,-15.475,NaN
2018-11-02T12:00:00Z,28.025,-15.425,0.16
2018-11-02T12:00:00Z,28.025,-15.375,0.31
2018-11-02T12:00:00Z,27.975,-15.625,NaN
2018-11-02T12:00:00Z,27.975,-15.575,NaN
2018-11-02T12:00:00Z,27.975,-15.525,NaN
2018-11-02T12:00:00Z,27.975,-15.475,NaN
2018-11-02T12:00:00Z,27.975,-15.425,NaN
2018-11-02T12:00:00Z,27.975,-15.375,0.46
2018-11-02T12:00:00Z,27.925,-15.625,NaN
2018-11-02T12:00:00Z,27.925,-15.575,NaN
2018-11-02T12:00:00Z,27.925,-15.525,NaN
2018-11-02T12:00:00Z,27.925,-15.475,NaN
2018-11-02T12:00:00Z,27.925,-15.425,NaN
2018-11-02T12:00:00Z,27.925,-15.375,0.61
2018-11-02T12:00:00Z,27.875,-15.625,NaN
2018-11-02T12:00:00Z,27.875,-15.575,NaN
2018-11-02T12:00:00Z,27.875,-15.525,NaN
2018-11-02T12:00:00Z,27.875,-15.475,NaN
2018-11-02T12:00:00Z,27.875,-15.425,NaN
2018-11-02T12:00:00Z,27.875,-15.375,0.76
2018-11-02T12:00:00Z,27.825,-15.625,NaN
2018-11-02T12:00:00Z,27.825,-15.575,NaN
2018-11-02T12:00:00Z,27.825,-15.525,NaN
2018-11-02T12:00:00Z,27.825,-15.475,NaN
2018-11-02T12:00:00Z,27.825,-15.425,0.46
2018-11-02T12:00:00Z,27.825,-15.375,0.63
2018-12-02T12:00:00Z,28.175,-15.625,0.15
2018-12-02T12:00:00Z,28.175,-15.575,0.15
2018-12-02T12:00:00Z,28.175,-15.525,0.15
2018-12-02T12:00:00Z,28.175,-15.475,0.16
2018-12-02T12:00:00Z,28.175,-15.425,0.16
2018-12-02T12:00:00Z,28.175,-15.375,0.17
2018-12-02T12:00:00Z,28.125,-15.625,0.15
2018-12-02T12:00:00Z,28.125,-15.575,0.15
2018-12-02T12:00:00Z,28.125,-15.525,0.15
2018-12-02T12:00:00Z,28.125,-15.475,0.15
2018-12-02T12:00:00Z,28.125,-15.425,0.16
2018-12-02T12:00:00Z,28.125,-15.375,0.17
2018-12-02T12:00:00Z,28.075,-15.625,NaN
2018-12-02T12:00:00Z,28.075,-15.575,NaN
2018-12-02T12:00:00Z,28.075,-15.525,NaN
2018-12-02T12:00:00Z,28.075,-15.475,0.16
2018-12-02T12:00:00Z,28.075,-15.425,0.16
2018-12-02T12:00:00Z,28.075,-15.375,0.17
2018-12-02T12:00:00Z,28.025,-15.625,NaN
2018-12-02T12:00:00Z,28.025,-15.575,NaN
2018-12-02T12:00:00Z,28.025,-15.525,NaN
2018-12-02T12:00:00Z,28.025,-15.475,NaN
2018-12-02T12:00:00Z,28.025,-15.425,0.16
2018-12-02T12:00:00Z,28.025,-15.375,0.31
2018-12-02T12:00:00Z,27.975,-15.625,NaN
2018-12-02T12:00:00Z,27.975,-15.575,NaN
2018-12-02T12:00:00Z,27.975,-15.525,NaN
2018-12-02T12:00:00Z,27.975,-15.475,NaN
2018-12-02T12:00:00Z,27.975,-15.425,NaN
2018-12-02T12:00:00Z,27.975,-15.375,0.46
2018-12-02T12:00:00Z,27.925,-15.625,NaN
2018-12-02T12:00:00Z,27.925,-15.575,NaN
2018-12-02T12:00:00Z,27.925,-15.525,NaN
2018-12-02T12:00:00Z,27.925,-15.475,NaN
2018-12-02T12:00:00Z,27.925,-15.425,NaN
2018-12-02T12:00:00Z,27.925,-15.375,0.61
2018-12-02T12:00:00Z,27.875,-15.625,NaN
2018-12-02T12:00:00Z,27.875,-15.575,NaN
2018-12-02T12:00:00Z,27.875,-15.525,NaN
2018-12-02T12:00:00Z,27.875,-15.475,NaN
2018-12-02T12:00:00Z,27.875,-15.425,NaN
2018-12-02T12:00:00Z,27.875,-15.375,0.76
2018-12-02T12:00:00Z,27.825,-15.625,NaN
2018-12-02T12:00:00Z,27.825,-15.575,NaN
2018-12-02T12:00:00Z,27.825,-15.525,NaN
2018-12-02T12:00:00Z,27.825,-15.475,NaN
2018-12-02T12:00:00Z,27.825,-15.425,0.46
2018-12-02T12:00:00Z,27.825,-15.375,0.63
2019-01-01T12:00:00Z,28.175,-15.625,0.15
2019-01-01T12:00:00Z,28.175,-15.575,0.15
2019-01-01T12:00:00Z,28.175,-15.525,0.15
2019-01-01T12:00:00Z,28.175,-15.475,0.16
2019-01-01T12:00:00Z,28.175,-15.425,0.16
2019-01-01T12:00:00Z,28.175,-15.375,0.17
2019-01-01T12:00:00Z,28.125,-15.625,0.15
2019-01-01T12:00:00Z,28.125,-15.575,0.15
2019-01-01T12:00:00Z,28.125,-15.525,0.15
2019-01-01T12:00:00Z,28.125,-15.475,0.15
2019-01-01T12:00:00Z,28.125,-15.425,0.16
2019-01-01T12:00:00Z,28.125,-15.375,0.17
2019-01-01T12:00:00Z,28.075,-15.625,NaN
2019-01-01T12:00:00Z,28.075,-15.575,NaN
2019-01-01T12:00:00Z,28.075,-15.525,NaN
2019-01-01T12:00:00Z,28.075,-15.475,0.16
2019-01-01T12:00:00Z,28.075,-15.425,0.16
2019-01-01T12:00:00Z,28.075,-15.375,0.17
2019-01-01T12:00:00Z,28.025,-15.625,NaN
2019-01-01T12:00:00Z,28.025,-15.575,NaN
2019-01-01T12:00:00Z,28.025,-15.525,NaN
2019-01-01T12:00:00Z,28.025,-15.475,NaN
2019-01-01T12:00:00Z,28.025,-15.425,0.16
2019-01-01T12:00:00Z,28.025,-15.375,0.31
2019-01-01T12:00:00Z,27.975,-15.625,NaN
2019-01-01T12:00:00Z,27.975,-15.575,NaN
2019-01-01T12:00:00Z,27.975,-15.525,NaN
2019-01-01T12:00:00Z,27.975,-15.475,NaN
2019-01-01T12:00:00Z,27.975,-15.425,NaN
2019-01-01T12:00:00Z,27.975,-15.375,0.31
2019-01-01T12:00:00Z,27.925,-15.625,NaN
2019-01-01T12:00:00Z,27.925,-15.575,NaN
2019-01-01T12:00:00Z,27.925,-15.525,NaN
2019-01-01T12:00:00Z,27.925,-15.475,NaN
2019-01-01T12:00:00Z,27.925,-15.425,NaN
2019-01-01T12:00:00Z,27.925,-15.375,0.46
2019-01-01T12:00:00Z,27.875,-15.625,NaN
2019-01-01T12:00:00Z,27.875,-15.575,NaN
2019-01-01T12:00:00Z,27.875,-15.525,NaN
2019-01-01T12:00:00Z,27.875,-15.475,NaN
2019-01-01T12:00:00Z,27.875,-15.425,NaN
2019-01-01T12:00:00Z,27.875,-15.375,0.61
2019-01-01T12:00:00Z,27.825,-15.625,NaN
2019-01-01T12:00:00Z,27.825,-15.575,NaN
2019-01-01T12:00:00Z,27.825,-15.525,NaN
2019-01-01T12:00:00Z,27.825,-15.475,NaN
2019-01-01T12:00:00Z,27.825,-15.425,0.46
2019-01-01T12:00:00Z,27.825,-15.375,0.63
2019-01-31T12:00:00Z,28.175,-15.625,0.0
2019-01-31T12:00:00Z,28.175,-15.575,0.0
2019-01-31T12:00:00Z,28.175,-15.525,0.0
2019-01-31T12:00:00Z,28.175,-15.475,0.0
2019-01-31T12:00:00Z,28.175,-15.425,0.0
2019-01-31T12:00:00Z,28.175,-15.375,0.0
2019-01-31T12:00:00Z,28.125,-15.625,0.0
2019-01-31T12:00:00Z,28.125,-15.575,0.0
2019-01-31T12:00:00Z,28.125,-15.525,0.0
2019-01-31T12:00:00Z,28.125,-15.475,0.0
2019-01-31T12:00:00Z,28.125,-15.425,0.0
2019-01-31T12:00:00Z,28.125,-15.375,0.0
2019-01-31T12:00:00Z,28.075,-15.625,NaN
2019-01-31T12:00:00Z,28.075,-15.575,NaN
2019-01-31T12:00:00Z,28.075,-15.525,NaN
2019-01-31T12:00:00Z,28.075,-15.475,0.0
2019-01-31T12:00:00Z,28.075,-15.425,0.0
2019-01-31T12:00:00Z,28.075,-15.375,0.0
2019-01-31T12:00:00Z,28.025,-15.625,NaN
2019-01-31T12:00:00Z,28.025,-15.575,NaN
2019-01-31T12:00:00Z,28.025,-15.525,NaN
2019-01-31T12:00:00Z,28.025,-15.475,NaN
2019-01-31T12:00:00Z,28.025,-15.425,0.0
2019-01-31T12:00:00Z,28.025,-15.375,0.0
2019-01-31T12:00:00Z,27.975,-15.625,NaN
2019-01-31T12:00:00Z,27.975,-15.575,NaN
2019-01-31T12:00:00Z,27.975,-15.525,NaN
2019-01-31T12:00:00Z,27.975,-15.475,NaN
2019-01-31T12:00:00Z,27.975,-15.425,NaN
2019-01-31T12:00:00Z,27.975,-15.375,0.0
2019-01-31T12:00:00Z,27.925,-15.625,NaN
2019-01-31T12:00:00Z,27.925,-15.575,NaN
2019-01-31T12:00:00Z,27.925,-15.525,NaN
2019-01-31T12:00:00Z,27.925,-15.475,NaN
2019-01-31T12:00:00Z,27.925,-15.425,NaN
2019-01-31T12:00:00Z,27.925,-15.375,0.0
2019-01-31T12:00:00Z,27.875,-15.625,NaN
2019-01-31T12:00:00Z,27.875,-15.575,NaN
2019-01-31T12:00:00Z,27.875,-15.525,NaN
2019-01-31T12:00:00Z,27.875,-15.475,NaN
2019-01-31T12:00:00Z,27.875,-15.425,NaN
2019-01-31T12:00:00Z,27.875,-15.375,0.0
2019-01-31T12:00:00Z,27.825,-15.625,NaN
2019-01-31T12:00:00Z,27.825,-15.575,NaN
2019-01-31T12:00:00Z,27.825,-15.525,NaN
2019-01-31T12:00:00Z,27.825,-15.475,NaN
2019-01-31T12:00:00Z,27.825,-15.425,0.0
2019-01-31T12:00:00Z,27.825,-15.375,0.0
2019-03-02T12:00:00Z,28.175,-15.625,0.0
2019-03-02T12:00:00Z,28.175,-15.575,0.0
2019-03-02T12:00:00Z,28.175,-15.525,0.0
2019-03-02T12:00:00Z,28.175,-15.475,0.0
2019-03-02T12:00:00Z,28.175,-15.425,0.0
2019-03-02T12:00:00Z,28.175,-15.375,0.0
2019-03-02T12:00:00Z,28.125,-15.625,0.0
2019-03-02T12:00:00Z,28.125,-15.575,0.0
2019-03-02T12:00:00Z,28.125,-15.525,0.0
2019-03-02T12:00:00Z,28.125,-15.475,0.0
2019-03-02T12:00:00Z,28.125,-15.425,0.0
2019-03-02T12:00:00Z,28.125,-15.375,0.0
2019-03-02T12:00:00Z,28.075,-15.625,NaN
2019-03-02T12:00:00Z,28.075,-15.575,NaN
2019-03-02T12:00:00Z,28.075,-15.525,NaN
2019-03-02T12:00:00Z,28.075,-15.475,0.0
2019-03-02T12:00:00Z,28.075,-15.425,0.0
2019-03-02T12:00:00Z,28.075,-15.375,0.0
2019-03-02T12:00:00Z,28.025,-15.625,NaN
2019-03-02T12:00:00Z,28.025,-15.575,NaN
2019-03-02T12:00:00Z,28.025,-15.525,NaN
2019-03-02T12:00:00Z,28.025,-15.475,NaN
2019-03-02T12:00:00Z,28.025,-15.425,0.0
2019-03-02T12:00:00Z,28.025,-15.375,0.0
2019-03-02T12:00:00Z,27.975,-15.625,NaN
2019-03-02T12:00:00Z,27.975,-15.575,NaN
2019-03-02T12:00:00Z,27.975,-15.525,NaN
2019-03-02T12:00:00Z,27.975,-15.475,NaN
2019-03-02T12:00:00Z,27.975,-15.425,NaN
2019-03-02T12:00:00Z,27.975,-15.375,0.0
2019-03-02T12:00:00Z,27.925,-15.625,NaN
2019-03-02T12:00:00Z,27.925,-15.575,NaN
2019-03-02T12:00:00Z,27.925,-15.525,NaN
2019-03-02T12:00:00Z,27.925,-15.475,NaN
2019-03-02T12:00:00Z,27.925,-15.425,NaN
2019-03-02T12:00:00Z,27.925,-15.375,0.0
2019-03-02T12:00:00Z,27.875,-15.625,NaN
2019-03-02T12:00:00Z,27.875,-15.575,NaN
2019-03-02T12:00:00Z,27.875,-15.525,NaN
2019-03-02T12:00:00Z,27.875,-15.475,NaN
2019-03-02T12:00:00Z,27.875,-15.425,NaN
2019-03-02T12:00:00Z,27.875,-15.375,0.0
2019-03-02T12:00:00Z,27.825,-15.625,NaN
2019-03-02T12:00:00Z,27.825,-15.575,NaN
2019-03-02T12:00:00Z,27.825,-15.525,NaN
2019-03-02T12:00:00Z,27.825,-15.475,NaN
2019-03-02T12:00:00Z,27.825,-15.425,0.0
2019-03-02T12:00:00Z,27.825,-15.375,0.0
2019-04-01T12:00:00Z,28.175,-15.625,0.0
2019-04-01T12:00:00Z,28.175,-15.575,0.0
2019-04-01T12:00:00Z,28.175,-15.525,0.0
2019-04-01T12:00:00Z,28.175,-15.475,0.0
2019-04-01T12:00:00Z,28.175,-15.425,0.0
2019-04-01T12:00:00Z,28.175,-15.375,0.0
2019-04-01T12:00:00Z,28.125,-15.625,0.0
2019-04-01T12:00:00Z,28.125,-15.575,0.0
2019-04-01T12:00:00Z,28.125,-15.525,0.0
2019-04-01T12:00:00Z,28.125,-15.475,0.0
2019-04-01T12:00:00Z,28.125,-15.425,0.0
2019-04-01T12:00:00Z,28.125,-15.375,0.0
2019-04-01T12:00:00Z,28.075,-15.625,NaN
2019-04-01T12:00:00Z,28.075,-15.575,NaN
2019-04-01T12:00:00Z,28.075,-15.525,NaN
2019-04-01T12:00:00Z,28.075,-15.475,0.0
2019-04-01T12:00:00Z,28.075,-15.425,0.0
2019-04-01T12:00:00Z,28.075,-15.375,0.0
2019-04-01T12:00:00Z,28.025,-15.625,NaN
2019-04-01T12:00:00Z,28.025,-15.575,NaN
2019-04-01T12:00:00Z,28.025,-15.525,NaN
2019-04-01T12:00:00Z,28.025,-15.475,NaN
2019-04-01T12:00:00Z,28.025,-15.425,0.0
2019-04-01T12:00:00Z,28.025,-15.375,0.0
2019-04-01T12:00:00Z,27.975,-15.625,NaN
2019-04-01T12:00:00Z,27.975,-15.575,NaN
2019-04-01T12:00:00Z,27.975,-15.525,NaN
2019-04-01T12:00:00Z,27.975,-15.475,NaN
2019-04-01T12:00:00Z,27.975,-15.425,NaN
2019-04-01T12:00:00Z,27.975,-15.375,0.0
2019-04-01T12:00:00Z,27.925,-15.625,NaN
2019-04-01T12:00:00Z,27.925,-15.575,NaN
2019-04-01T12:00:00Z,27.925,-15.525,NaN
2019-04-01T12:00:00Z,27.925,-15.475,NaN
2019-04-01T12:00:00Z,27.925,-15.425,NaN
2019-04-01T12:00:00Z,27.925,-15.375,0.0
2019-04-01T12:00:00Z,27.875,-15.625,NaN
2019-04-01T12:00:00Z,27.875,-15.575,NaN
2019-04-01T12:00:00Z,27.875,-15.525,NaN
2019-04-01T12:00:00Z,27.875,-15.475,NaN
2019-04-01T12:00:00Z,27.875,-15.425,NaN
2019-04-01T12:00:00Z,27.875,-15.375,0.0
2019-04-01T12:00:00Z,27.825,-15.625,NaN
2019-04-01T12:00:00Z,27.825,-15.575,NaN
2019-04-01T12:00:00Z,27.825,-15.525,NaN
2019-04-01T12:00:00Z,27.825,-15.475,NaN
2019-04-01T12:00:00Z,27.825,-15.425,0.0
2019-04-01T12:00:00Z,27.825,-15.375,0.0
2019-05-01T12:00:00Z,28.175,-15.625,0.0
2019-05-01T12:00:00Z,28.175,-15.575,0.0
2019-05-01T12:00:00Z,28.175,-15.525,0.0
2019-05-01T12:00:00Z,28.175,-15.475,0.0
2019-05-01T12:00:00Z,28.175,-15.425,0.0
2019-05-01T12:00:00Z,28.175,-15.375,0.0
2019-05-01T12:00:00Z,28.125,-15.625,0.0
2019-05-01T12:00:00Z,28.125,-15.575,0.0
2019-05-01T12:00:00Z,28.125,-15.525,0.0
2019-05-01T12:00:00Z,28.125,-15.475,0.0
2019-05-01T12:00:00Z,28.125,-15.425,0.0
2019-05-01T12:00:00Z,28.125,-15.375,0.0
2019-05-01T12:00:00Z,28.075,-15.625,NaN
2019-05-01T12:00:00Z,28.075,-15.575,NaN
2019-05-01T12:00:00Z,28.075,-15.525,NaN
2019-05-01T12:00:00Z,28.075,-15.475,0.0
2019-05-01T12:00:00Z,28.075,-15.425,0.0
2019-05-01T12:00:00Z,28.075,-15.375,0.0
2019-05-01T12:00:00Z,28.025,-15.625,NaN
2019-05-01T12:00:00Z,28.025,-15.575,NaN
2019-05-01T12:00:00Z,28.025,-15.525,NaN
2019-05-01T12:00:00Z,28.025,-15.475,NaN
2019-05-01T12:00:00Z,28.025,-15.425,0.0
2019-05-01T12:00:00Z,28.025,-15.375,0.0
2019-05-01T12:00:00Z,27.975,-15.625,NaN
2019-05-01T12:00:00Z,27.975,-15.575,NaN
2019-05-01T12:00:00Z,27.975,-15.525,NaN
2019-05-01T12:00:00Z,27.975,-15.475,NaN
2019-05-01T12:00:00Z,27.975,-15.425,NaN
2019-05-01T12:00:00Z,27.975,-15.375,0.0
2019-05-01T12:00:00Z,27.925,-15.625,NaN
2019-05-01T12:00:00Z,27.925,-15.575,NaN
2019-05-01T12:00:00Z,27.925,-15.525,NaN
2019-05-01T12:00:00Z,27.925,-15.475,NaN
2019-05-01T12:00:00Z,27.925,-15.425,NaN
2019-05-01T12:00:00Z,27.925,-15.375,0.0
2019-05-01T12:00:00Z,27.875,-15.625,NaN
2019-05-01T12:00:00Z,27.875,-15.575,NaN
2019-05-01T12:00:00Z,27.875,-15.525,NaN
2019-05-01T12:00:00Z,27.875,-15.475,NaN
2019-05-01T12:00:00Z,27.875,-15.425,NaN
2019-05-01T12:00:00Z,27.875,-15.375,0.0
2019-05-01T12:00:00Z,27.825,-15.625,NaN
2019-05-01T12:00:00Z,27.825,-15.575,NaN
2019-05-01T12:00:00Z,27.825,-15.525,NaN
2019-05-01T12:00:00Z,27.825,-15.475,NaN
2019-05-01T12:00:00Z,27.825,-15.425,0.0
2019-05-01T12:00:00Z,27.825,-15.375,0.0
2019-05-31T12:00:00Z,28.175,-15.625,0.0
2019-05-31T12:00:00Z,28.175,-15.575,0.0
2019-05-31T12:00:00Z,28.175,-15.525,0.0
2019-05-31T12:00:00Z,28.175,-15.475,0.0
2019-05-31T12:00:00Z,28.175,-15.425,0.0
2019-05-31T12:00:00Z,28.175,-15.375,0.0
2019-05-31T12:00:00Z,28.125,-15.625,0.0
2019-05-31T12:00:00Z,28.125,-15.575,0.0
2019-05-31T12:00:00Z,28.125,-15.525,0.0
2019-05-31T12:00:00Z,28.125,-15.475,0.0
2019-05-31T12:00:00Z,28.125,-15.425,0.0
2019-05-31T12:00:00Z,28.125,-15.375,0.0
2019-05-31T12:00:00Z,28.075,-15.625,NaN
2019-05-31T12:00:00Z,28.075,-15.575,NaN
2019-05-31T12:00:00Z,28.075,-15.525,NaN
2019-05-31T12:00:00Z,28.075,-15.475,0.0
2019-05-31T12:00:00Z,28.075,-15.425,0.0
2019-05-31T12:00:00Z,28.075,-15.375,0.0
2019-05-31T12:00:00Z,28.025,-15.625,NaN
2019-05-31T12:00:00Z,28.025,-15.575,NaN
2019-05-31T12:00:00Z,28.025,-15.525,NaN
2019-05-31T12:00:00Z,28.025,-15.475,NaN
2019-05-31T12:00:00Z,28.025,-15.425,0.0
2019-05-31T12:00:00Z,28.025,-15.375,0.0
2019-05-31T12:00:00Z,27.975,-15.625,NaN
2019-05-31T12:00:00Z,27.975,-15.575,NaN
2019-05-31T12:00:00Z,27.975,-15.525,NaN
2019-05-31T12:00:00Z,27.975,-15.475,NaN
2019-05-31T12:00:00Z,27.975,-15.425,NaN
2019-05-31T12:00:00Z,27.975,-15.375,0.0
2019-05-31T12:00:00Z,27.925,-15.625,NaN
2019-05-31T12:00:00Z,27.925,-15.575,NaN
2019-05-31T12:00:00Z,27.925,-15.525,NaN
2019-05-31T12:00:00Z,27.925,-15.475,NaN
2019-05-31T12:00:00Z,27.925,-15.425,NaN
2019-05-31T12:00:00Z,27.925,-15.375,0.0
2019-05-31T12:00:00Z,27.875,-15.625,NaN
2019-05-31T12:00:00Z,27.875,-15.575,NaN
2019-05-31T12:00:00Z,27.875,-15.525,NaN
2019-05-31T12:00:00Z,27.875,-15.475,NaN
2019-05-31T12:00:00Z,27.875,-15.425,NaN
2019-05-31T12:00:00Z,27.875,-15.375,0.0
2019-05-31T12:00:00Z,27.825,-15.625,NaN
2019-05-31T12:00:00Z,27.825,-15.575,NaN
2019-05-31T12:00:00Z,27.825,-15.525,NaN
2019-05-31T12:00:00Z,27.825,-15.475,NaN
2019-05-31T12:00:00Z,27.825,-15.425,0.0
2019-05-31T12:00:00Z,27.825,-15.375,0.0
2019-06-30T12:00:00Z,28.175,-15.625,0.0
2019-06-30T12:00:00Z,28.175,-15.575,0.0
2019-06-30T12:00:00Z,28.175,-15.525,0.0
2019-06-30T12:00:00Z,28.175,-15.475,0.0
2019-06-30T12:00:00Z,28.175,-15.425,0.0
2019-06-30T12:00:00Z,28.175,-15.375,0.0
2019-06-30T12:00:00Z,28.125,-15.625,0.0
2019-06-30T12:00:00Z,28.125,-15.575,0.0
2019-06-30T12:00:00Z,28.125,-15.525,0.0
2019-06-30T12:00:00Z,28.125,-15.475,0.0
2019-06-30T12:00:00Z,28.125,-15.425,0.0
2019-06-30T12:00:00Z,28.125,-15.375,0.0
2019-06-30T12:00:00Z,28.075,-15.625,NaN
2019-06-30T12:00:00Z,28.075,-15.575,NaN
2019-06-30T12:00:00Z,28.075,-15.525,NaN
2019-06-30T12:00:00Z,28.075,-15.475,0.0
2019-06-30T12:00:00Z,28.075,-15.425,0.0
2019-06-30T12:00:00Z,28.075,-15.375,0.0
2019-06-30T12:00:00Z,28.025,-15.625,NaN
2019-06-30T12:00:00Z,28.025,-15.575,NaN
2019-06-30T12:00:00Z,28.025,-15.525,NaN
2019-06-30T12:00:00Z,28.025,-15.475,NaN
2019-06-30T12:00:00Z,28.025,-15.425,0.0
2019-06-30T12:00:00Z,28.025,-15.375,0.0
2019-06-30T12:00:00Z,27.975,-15.625,NaN
2019-06-30T12:00:00Z,27.975,-15.575,NaN
2019-06-30T12:00:00Z,27.975,-15.525,NaN
2019-06-30T12:00:00Z,27.975,-15.475,NaN
2019-06-30T12:00:00Z,27.975,-15.425,NaN
2019-06-30T12:00:00Z,27.975,-15.375,0.0
2019-06-30T12:00:00Z,27.925,-15.625,NaN
2019-06-30T12:00:00Z,27.925,-15.575,NaN
2019-06-30T12:00:00Z,27.925,-15.525,NaN
2019-06-30T12:00:00Z,27.925,-15.475,NaN
2019-06-30T12:00:00Z,27.925,-15.425,NaN
2019-06-30T12:00:00Z,27.925,-15.375,0.0
2019-06-30T12:00:00Z,27.875,-15.625,NaN
2019-06-30T12:00:00Z,27.875,-15.575,NaN
2019-06-30T12:00:00Z,27.875,-15.525,NaN
2019-06-30T12:00:00Z,27.875,-15.475,NaN
2019-06-30T12:00:00Z,27.875,-15.425,NaN
2019-06-30T12:00:00Z,27.875,-15.375,0.0
2019-06-30T12:00:00Z,27.825,-15.625,NaN
2019-06-30T12:00:00Z,27.825,-15.575,NaN
2019-06-30T12:00:00Z,27.825,-15.525,NaN
2019-06-30T12:00:00Z,27.825,-15.475,NaN
2019-06-30T12:00:00Z,27.825,-15.425,0.0
2019-06-30T12:00:00Z,27.825,-15.375,0.0
2019-07-30T12:00:00Z,28.175,-15.625,0.0
2019-07-30T12:00:00Z,28.175,-15.575,0.0
2019-07-30T12:00:00Z,28.175,-15.525,0.0
2019-07-30T12:00:00Z,28.175,-15.475,0.0
2019-07-30T12:00:00Z,28.175,-15.425,0.0
2019-07-30T12:00:00Z,28.175,-15.375,0.0
2019-07-30T12:00:00Z,28.125,-15.625,0.0
2019-07-30T12:00:00Z,28.125,-15.575,0.0
2019-07-30T12:00:00Z,28.125,-15.525,0.0
2019-07-30T12:00:00Z,28.125,-15.475,0.0
2019-07-30T12:00:00Z,28.125,-15.425,0.0
2019-07-30T12:00:00Z,28.125,-15.375,0.0
2019-07-30T12:00:00Z,28.075,-15.625,NaN
2019-07-30T12:00:00Z,28.075,-15.575,NaN
2019-07-30T12:00:00Z,28.075,-15.525,NaN
2019-07-30T12:00:00Z,28.075,-15.475,0.0
2019-07-30T12:00:00Z,28.075,-15.425,0.0
2019-07-30T12:00:00Z,28.075,-15.375,0.0
2019-07-30T12:00:00Z,28.025,-15.625,NaN
2019-07-30T12:00:00Z,28.025,-15.575,NaN
2019-07-30T12:00:00Z,28.025,-15.525,NaN
2019-07-30T12:00:00Z,28.025,-15.475,NaN
2019-07-30T12:00:00Z,28.025,-15.425,0.0
2019-07-30T12:00:00Z,28.025,-15.375,0.0
2019-07-30T12:00:00Z,27.975,-15.625,NaN
2019-07-30T12:00:00Z,27.975,-15.575,NaN
2019-07-30T12:00:00Z,27.975,-15.525,NaN
2019-07-30T12:00:00Z,27.975,-15.475,NaN
2019-07-30T12:00:00Z,27.975,-15.425,NaN
2019-07-30T12:00:00Z,27.975,-15.375,0.0
2019-07-30T12:00:00Z,27.925,-15.625,NaN
2019-07-30T12:00:00Z,27.925,-15.575,NaN
2019-07-30T12:00:00Z,27.925,-15.525,NaN
2019-07-30T12:00:00Z,27.925,-15.475,NaN
2019-07-30T12:00:00Z,27.925,-15.425,NaN
2019-07-30T12:00:00Z,27.925,-15.375,0.0
2019-07-30T12:00:00Z,27.875,-15.625,NaN
2019-07-30T12:00:00Z,27.875,-15.575,NaN
2019-07-30T12:00:00Z,27.875,-15.525,NaN
2019-07-30T12:00:00Z,27.875,-15.475,NaN
2019-07-30T12:00:00Z,27.875,-15.425,NaN
2019-07-30T12:00:00Z,27.875,-15.375,0.0
2019-07-30T12:00:00Z,27.825,-15.625,NaN
2019-07-30T12:00:00Z,27.825,-15.575,NaN
2019-07-30T12:00:00Z,27.825,-15.525,NaN
2019-07-30T12:00:00Z,27.825,-15.475,NaN
2019-07-30T12:00:00Z,27.825,-15.425,0.0
2019-07-30T12:00:00Z,27.825,-15.375,0.0
2019-08-29T12:00:00Z,28.175,-15.625,0.0
2019-08-29T12:00:00Z,28.175,-15.575,0.0
2019-08-29T12:00:00Z,28.175,-15.525,0.0
2019-08-29T12:00:00Z,28.175,-15.475,0.0
2019-08-29T12:00:00Z,28.175,-15.425,0.0
2019-08-29T12:00:00Z,28.175,-15.375,0.0
2019-08-29T12:00:00Z,28.125,-15.625,0.0
2019-08-29T12:00:00Z,28.125,-15.575,0.0
2019-08-29T12:00:00Z,28.125,-15.525,0.0
2019-08-29T12:00:00Z,28.125,-15.475,0.0
2019-08-29T12:00:00Z,28.125,-15.425,0.0
2019-08-29T12:00:00Z,28.125,-15.375,0.0
2019-08-29T12:00:00Z,28.075,-15.625,NaN
2019-08-29T12:00:00Z,28.075,-15.575,NaN
2019-08-29T12:00:00Z,28.075,-15.525,NaN
2019-08-29T12:00:00Z,28.075,-15.475,0.0
2019-08-29T12:00:00Z,28.075,-15.425,0.0
2019-08-29T12:00:00Z,28.075,-15.375,0.0
2019-08-29T12:00:00Z,28.025,-15.625,NaN
2019-08-29T12:00:00Z,28.025,-15.575,NaN
2019-08-29T12:00:00Z,28.025,-15.525,NaN
2019-08-29T12:00:00Z,28.025,-15.475,NaN
2019-08-29T12:00:00Z,28.025,-15.425,0.0
2019-08-29T12:00:00Z,28.025,-15.375,0.0
2019-08-29T12:00:00Z,27.975,-15.625,NaN
2019-08-29T12:00:00Z,27.975,-15.575,NaN
2019-08-29T12:00:00Z,27.975,-15.525,NaN
2019-08-29T12:00:00Z,27.975,-15.475,NaN
2019-08-29T12:00:00Z,27.975,-15.425,NaN
2019-08-29T12:00:00Z,27.975,-15.375,0.0
2019-08-29T12:00:00Z,27.925,-15.625,NaN
2019-08-29T12:00:00Z,27.925,-15.575,NaN
2019-08-29T12:00:00Z,27.925,-15.525,NaN
2019-08-29T12:00:00Z,27.925,-15.475,NaN
2019-08-29T12:00:00Z,27.925,-15.425,NaN
2019-08-29T12:00:00Z,27.925,-15.375,0.0
2019-08-29T12:00:00Z,27.875,-15.625,NaN
2019-08-29T12:00:00Z,27.875,-15.575,NaN
2019-08-29T12:00:00Z,27.875,-15.525,NaN
2019-08-29T12:00:00Z,27.875,-15.475,NaN
2019-08-29T12:00:00Z,27.875,-15.425,NaN
2019-08-29T12:00:00Z,27.875,-15.375,0.0
2019-08-29T12:00:00Z,27.825,-15.625,NaN
2019-08-29T12:00:00Z,27.825,-15.575,NaN
2019-08-29T12:00:00Z,27.825,-15.525,NaN
2019-08-29T12:00:00Z,27.825,-15.475,NaN
2019-08-29T12:00:00Z,27.825,-15.425,0.0
2019-08-29T12:00:00Z,27.825,-15.375,0.0
2019-09-28T12:00:00Z,28.175,-15.625,0.0
2019-09-28T12:00:00Z,28.175,-15.575,0.0
2019-09-28T12:00:00Z,28.175,-15.525,0.0
2019-09-28T12:00:00Z,28.175,-15.475,0.0
2019-09-28T12:00:00Z,28.175,-15.425,0.0
2019-09-28T12:00:00Z,28.175,-15.375,0.0
2019-09-28T12:00:00Z,28.125,-15.625,0.0
2019-09-28T12:00:00Z,28.125,-15.575,0.0
2019-09-28T12:00:00Z,28.125,-15.525,0.0
2019-09-28T12:00:00Z,28.125,-15.475,0.0
2019-09-28T12:00:00Z,28.125,-15.425,0.0
2019-09-28T12:00:00Z,28.125,-15.375,0.0
2019-09-28T12:00:00Z,28.075,-15.625,NaN
2019-09-28T12:00:00Z,28.075,-15.575,NaN
2019-09-28T12:00:00Z,28.075,-15.525,NaN
2019-09-28T12:00:00Z,28.075,-15.475,0.0
2019-09-28T12:00:00Z,28.075,-15.425,0.0
2019-09-28T12:00:00Z,28.075,-15.375,0.0
2019-09-28T12:00:00Z,28.025,-15.625,NaN
2019-09-28T12:00:00Z,28.025,-15.575,NaN
2019-09-28T12:00:00Z,28.025,-15.525,NaN
2019-09-28T12:00:00Z,28.025,-15.475,NaN
2019-09-28T12:00:00Z,28.025,-15.425,0.0
2019-09-28T12:00:00Z,28.025,-15.375,0.0
2019-09-28T12:00:00Z,27.975,-15.625,NaN
2019-09-28T12:00:00Z,27.975,-15.575,NaN
2019-09-28T12:00:00Z,27.975,-15.525,NaN
2019-09-28T12:00:00Z,27.975,-15.475,NaN
2019-09-28T12:00:00Z,27.975,-15.425,NaN
2019-09-28T12:00:00Z,27.975,-15.375,0.0
2019-09-28T12:00:00Z,27.925,-15.625,NaN
2019-09-28T12:00:00Z,27.925,-15.575,NaN
2019-09-28T12:00:00Z,27.925,-15.525,NaN
2019-09-28T12:00:00Z,27.925,-15.475,NaN
2019-09-28T12:00:00Z,27.925,-15.425,NaN
2019-09-28T12:00:00Z,27.925,-15.375,0.0
2019-09-28T12:00:00Z,27.875,-15.625,NaN
2019-09-28T12:00:00Z,27.875,-15.575,NaN
2019-09-28T12:00:00Z,27.875,-15.525,NaN
2019-09-28T12:00:00Z,27.875,-15.475,NaN
2019-09-28T12:00:00Z,27.875,-15.425,NaN
2019-09-28T12:00:00Z,27.875,-15.375,0.0
2019-09-28T12:00:00Z,27.825,-15.625,NaN
2019-09-28T12:00:00Z,27.825,-15.575,NaN
2019-09-28T12:00:00Z,27.825,-15.525,NaN
2019-09-28T12:00:00Z,27.825,-15.475,NaN
2019-09-28T12:00:00Z,27.825,-15.425,0.0
2019-09-28T12:00:00Z,27.825,-15.375,0.0
2019-10-28T12:00:00Z,28.175,-15.625,0.0
2019-10-28T12:00:00Z,28.175,-15.575,0.0
2019-10-28T12:00:00Z,28.175,-15.525,0.0
2019-10-28T12:00:00Z,28.175,-15.475,0.0
2019-10-28T12:00:00Z,28.175,-15.425,0.0
2019-10-28T12:00:00Z,28.175,-15.375,0.0
2019-10-28T12:00:00Z,28.125,-15.625,0.0
2019-10-28T12:00:00Z,28.125,-15.575,0.0
2019-10-28T12:00:00Z,28.125,-15.525,0.0
2019-10-28T12:00:00Z,28.125,-15.475,0.0
2019-10-28T12:00:00Z,28.125,-15.425,0.0
2019-10-28T12:00:00Z,28.125,-15.375,0.0
2019-10-28T12:00:00Z,28.075,-15.625,NaN
2019-10-28T12:00:00Z,28.075,-15.575,NaN
2019-10-28T12:00:00Z,28.075,-15.525,NaN
2019-10-28T12:00:00Z,28.075,-15.475,0.0
2019-10-28T12:00:00Z,28.075,-15.425,0.0
2019-10-28T12:00:00Z,28.075,-15.375,0.0
2019-10-28T12:00:00Z,28.025,-15.625,NaN
2019-10-28T12:00:00Z,28.025,-15.575,NaN
2019-10-28T12:00:00Z,28.025,-15.525,NaN
2019-10-28T12:00:00Z,28.025,-15.475,NaN
2019-10-28T12:00:00Z,28.025,-15.425,0.0
2019-10-28T12:00:00Z,28.025,-15.375,0.0
2019-10-28T12:00:00Z,27.975,-15.625,NaN
2019-10-28T12:00:00Z,27.975,-15.575,NaN
2019-10-28T12:00:00Z,27.975,-15.525,NaN
2019-10-28T12:00:00Z,27.975,-15.475,NaN
2019-10-28T12:00:00Z,27.975,-15.425,NaN
2019-10-28T12:00:00Z,27.975,-15.375,0.0
2019-10-28T12:00:00Z,27.925,-15.625,NaN
2019-10-28T12:00:00Z,27.925,-15.575,NaN
2019-10-28T12:00:00Z,27.925,-15.525,NaN
2019-10-28T12:00:00Z,27.925,-15.475,NaN
2019-10-28T12:00:00Z,27.925,-15.425,NaN
2019-10-28T12:00:00Z,27.925,-15.375,0.0
2019-10-28T12:00:00Z,27.875,-15.625,NaN
2019-10-28T12:00:00Z,27.875,-15.575,NaN
2019-10-28T12:00:00Z,27.875,-15.525,NaN
2019-10-28T12:00:00Z,27.875,-15.475,NaN
2019-10-28T12:00:00Z,27.875,-15.425,NaN
2019-10-28T12:00:00Z,27.875,-15.375,0.0
2019-10-28T12:00:00Z,27.825,-15.625,NaN
2019-10-28T12:00:00Z,27.825,-15.575,NaN
2019-10-28T12:00:00Z,27.825,-15.525,NaN
2019-10-28T12:00:00Z,27.825,-15.475,NaN
2019-10-28T12:00:00Z,27.825,-15.425,0.0
2019-10-28T12:00:00Z,27.825,-15.375,0.0
2019-11-27T12:00:00Z,28.175,-15.625,0.0
2019-11-27T12:00:00Z,28.175,-15.575,0.0
2019-11-27T12:00:00Z,28.175,-15.525,0.0
2019-11-27T12:00:00Z,28.175,-15.475,0.0
2019-11-27T12:00:00Z,28.175,-15.425,0.0
2019-11-27T12:00:00Z,28.175,-15.375,0.0
2019-11-27T12:00:00Z,28.125,-15.625,0.0
2019-11-27T12:00:00Z,28.125,-15.575,0.0
2019-11-27T12:00:00Z,28.125,-15.525,0.0
2019-11-27T12:00:00Z,28.125,-15.475,0.0
2019-11-27T12:00:00Z,28.125,-15.425,0.0
2019-11-27T12:00:00Z,28.125,-15.375,0.0
2019-11-27T12:00:00Z,28.075,-15.625,NaN
2019-11-27T12:00:00Z,28.075,-15.575,NaN
2019-11-27T12:00:00Z,28.075,-15.525,NaN
2019-11-27T12:00:00Z,28.075,-15.475,0.0
2019-11-27T12:00:00Z,28.075,-15.425,0.0
2019-11-27T12:00:00Z,28.075,-15.375,0.0
2019-11-27T12:00:00Z,28.025,-15.625,NaN
2019-11-27T12:00:00Z,28.025,-15.575,NaN
2019-11-27T12:00:00Z,28.025,-15.525,NaN
2019-11-27T12:00:00Z,28.025,-15.475,NaN
2019-11-27T12:00:00Z,28.025,-15.425,0.0
2019-11-27T12:00:00Z,28.025,-15.375,0.0
2019-11-27T12:00:00Z,27.975,-15.625,NaN
2019-11-27T12:00:00Z,27.975,-15.575,NaN
2019-11-27T12:00:00Z,27.975,-15.525,NaN
2019-11-27T12:00:00Z,27.975,-15.475,NaN
2019-11-27T12:00:00Z,27.975,-15.425,NaN
2019-11-27T12:00:00Z,27.975,-15.375,0.0
2019-11-27T12:00:00Z,27.925,-15.625,NaN
2019-11-27T12:00:00Z,27.925,-15.575,NaN
2019-11-27T12:00:00Z,27.925,-15.525,NaN
2019-11-27T12:00:00Z,27.925,-15.475,NaN
2019-11-27T12:00:00Z,27.925,-15.425,NaN
2019-11-27T12:00:00Z,27.925,-15.375,0.0
2019-11-27T12:00:00Z,27.875,-15.625,NaN
2019-11-27T12:00:00Z,27.875,-15.575,NaN
2019-11-27T12:00:00Z,27.875,-15.525,NaN
2019-11-27T12:00:00Z,27.875,-15.475,NaN
2019-11-27T12:00:00Z,27.875,-15.425,NaN
2019-11-27T12:00:00Z,27.875,-15.375,0.0
2019-11-27T12:00:00Z,27.825,-15.625,NaN
2019-11-27T12:00:00Z,27.825,-15.575,NaN
2019-11-27T12:00:00Z,27.825,-15.525,NaN
2019-11-27T12:00:00Z,27.825,-15.475,NaN
2019-11-27T12:00:00Z,27.825,-15.425,0.0
2019-11-27T12:00:00Z,27.825,-15.375,0.0
2019-12-27T12:00:00Z,28.175,-15.625,0.0
2019-12-27T12:00:00Z,28.175,-15.575,0.0
2019-12-27T12:00:00Z,28.175,-15.525,0.0
2019-12-27T12:00:00Z,28.175,-15.475,0.0
2019-12-27T12:00:00Z,28.175,-15.425,0.0
2019-12-27T12:00:00Z,28.175,-15.375,0.0
2019-12-27T12:00:00Z,28.125,-15.625,0.0
2019-12-27T12:00:00Z,28.125,-15.575,0.0
2019-12-27T12:00:00Z,28.125,-15.525,0.0
2019-12-27T12:00:00Z,28.125,-15.475,0.0
2019-12-27T12:00:00Z,28.125,-15.425,0.0
2019-12-27T12:00:00Z,28.125,-15.375,0.0
2019-12-27T12:00:00Z,28.075,-15.625,NaN
2019-12-27T12:00:00Z,28.075,-15.575,NaN
2019-12-27T12:00:00Z,28.075,-15.525,NaN
2019-12-27T12:00:00Z,28.075,-15.475,0.0
2019-12-27T12:00:00Z,28.075,-15.425,0.0
2019-12-27T12:00:00Z,28.075,-15.375,0.0
2019-12-27T12:00:00Z,28.025,-15.625,NaN
2019-12-27T12:00:00Z,28.025,-15.575,NaN
2019-12-27T12:00:00Z,28.025,-15.525,NaN
2019-12-27T12:00:00Z,28.025,-15.475,NaN
2019-12-27T12:00:00Z,28.025,-15.425,0.0
2019-12-27T12:00:00Z,28.025,-15.375,0.0
2019-12-27T12:00:00Z,27.975,-15.625,NaN
2019-12-27T12:00:00Z,27.975,-15.575,NaN
2019-12-27T12:00:00Z,27.975,-15.525,NaN
2019-12-27T12:00:00Z,27.975,-15.475,NaN
2019-12-27T12:00:00Z,27.975,-15.425,NaN
2019-12-27T12:00:00Z,27.975,-15.375,0.0
2019-12-27T12:00:00Z,27.925,-15.625,NaN
2019-12-27T12:00:00Z,27.925,-15.575,NaN
2019-12-27T12:00:00Z,27.925,-15.525,NaN
2019-12-27T12:00:00Z,27.925,-15.475,NaN
2019-12-27T12:00:00Z,27.925,-15.425,NaN
2019-12-27T12:00:00Z,27.925,-15.375,0.0
2019-12-27T12:00:00Z,27.875,-15.625,NaN
2019-12-27T12:00:00Z,27.875,-15.575,NaN
2019-12-27T12:00:00Z,27.875,-15.525,NaN
2019-12-27T12:00:00Z,27.875,-15.475,NaN
2019-12-27T12:00:00Z,27.875,-15.425,NaN
2019-12-27T12:00:00Z,27.875,-15.375,0.0
2019-12-27T12:00:00Z,27.825,-15.625,NaN
2019-12-27T12:00:00Z,27.825,-15.575,NaN
2019-12-27T12:00:00Z,27.825,-15.525,NaN
2019-12-27T12:00:00Z,27.825,-15.475,NaN
2019-12-27T12:00:00Z,27.825,-15.425,0.0
2019-12-27T12:00:00Z,27.825,-15.375,0.0
2020-01-26T12:00:00Z,28.175,-15.625,0.0
2020-01-26T12:00:00Z,28.175,-15.575,0.0
2020-01-26T12:00:00Z,28.175,-15.525,0.0
2020-01-26T12:00:00Z,28.175,-15.475,0.0
2020-01-26T12:00:00Z,28.175,-15.425,0.0
2020-01-26T12:00:00Z,28.175,-15.375,0.0
2020-01-26T12:00:00Z,28.125,-15.625,0.0
2020-01-26T12:00:00Z,28.125,-15.575,0.0
2020-01-26T12:00:00Z,28.125,-15.525,0.0
2020-01-26T12:00:00Z,28.125,-15.475,0.0
2020-01-26T12:00:00Z,28.125,-15.425,0.0
2020-01-26T12:00:00Z,28.125,-15.375,0.0
2020-01-26T12:00:00Z,28.075,-15.625,NaN
2020-01-26T12:00:00Z,28.075,-15.575,NaN
2020-01-26T12:00:00Z,28.075,-15.525,NaN
2020-01-26T12:00:00Z,28.075,-15.475,0.0
2020-01-26T12:00:00Z,28.075,-15.425,0.0
2020-01-26T12:00:00Z,28.075,-15.375,0.0
2020-01-26T12:00:00Z,28.025,-15.625,NaN
2020-01-26T12:00:00Z,28.025,-15.575,NaN
2020-01-26T12:00:00Z,28.025,-15.525,NaN
2020-01-26T12:00:00Z,28.025,-15.475,NaN
2020-01-26T12:00:00Z,28.025,-15.425,0.0
2020-01-26T12:00:00Z,28.025,-15.375,0.0
2020-01-26T12:00:00Z,27.975,-15.625,NaN
2020-01-26T12:00:00Z,27.975,-15.575,NaN
2020-01-26T12:00:00Z,27.975,-15.525,NaN
2020-01-26T12:00:00Z,27.975,-15.475,NaN
2020-01-26T12:00:00Z,27.975,-15.425,NaN
2020-01-26T12:00:00Z,27.975,-15.375,0.0
2020-01-26T12:00:00Z,27.925,-15.625,NaN
2020-01-26T12:00:00Z,27.925,-15.575,NaN
2020-01-26T12:00:00Z,27.925,-15.525,NaN
2020-01-26T12:00:00Z,27.925,-15.475,NaN
2020-01-26T12:00:00Z,27.925,-15.425,NaN
2020-01-26T12:00:00Z,27.925,-15.375,0.0
2020-01-26T12:00:00Z,27.875,-15.625,NaN
2020-01-26T12:00:00Z,27.875,-15.575,NaN
2020-01-26T12:00:00Z,27.875,-15.525,NaN
2020-01-26T12:00:00Z,27.875,-15.475,NaN
2020-01-26T12:00:00Z,27.875,-15.425,NaN
2020-01-26T12:00:00Z,27.875,-15.375,0.0
2020-01-26T12:00:00Z,27.825,-15.625,NaN
2020-01-26T12:00:00Z,27.825,-15.575,NaN
2020-01-26T12:00:00Z,27.825,-15.525,NaN
2020-01-26T12:00:00Z,27.825,-15.475,NaN
2020-01-26T12:00:00Z,27.825,-15.425,0.0
2020-01-26T12:00:00Z,27.825,-15.375,0.0
2020-02-25T12:00:00Z,28.175,-15.625,0.0
2020-02-25T12:00:00Z,28.175,-15.575,0.0
2020-02-25T12:00:00Z,28.175,-15.525,0.0
2020-02-25T12:00:00Z,28.175,-15.475,0.0
2020-02-25T12:00:00Z,28.175,-15.425,0.0
2020-02-25T12:00:00Z,28.175,-15.375,0.0
2020-02-25T12:00:00Z,28.125,-15.625,0.0
2020-02-25T12:00:00Z,28.125,-15.575,0.0
2020-02-25T12:00:00Z,28.125,-15.525,0.0
2020-02-25T12:00:00Z,28.125,-15.475,0.0
2020-02-25T12:00:00Z,28.125,-15.425,0.0
2020-02-25T12:00:00Z,28.125,-15.375,0.0
2020-02-25T12:00:00Z,28.075,-15.625,NaN
2020-02-25T12:00:00Z,28.075,-15.575,NaN
2020-02-25T12:00:00Z,28.075,-15.525,NaN
2020-02-25T12:00:00Z,28.075,-15.475,0.0
2020-02-25T12:00:00Z,28.075,-15.425,0.0
2020-02-25T12:00:00Z,28.075,-15.375,0.0
2020-02-25T12:00:00Z,28.025,-15.625,NaN
2020-02-25T12:00:00Z,28.025,-15.575,NaN
2020-02-25T12:00:00Z,28.025,-15.525,NaN
2020-02-25T12:00:00Z,28.025,-15.475,NaN
2020-02-25T12:00:00Z,28.025,-15.425,0.0
2020-02-25T12:00:00Z,28.025,-15.375,0.0
2020-02-25T12:00:00Z,27.975,-15.625,NaN
2020-02-25T12:00:00Z,27.975,-15.575,NaN
2020-02-25T12:00:00Z,27.975,-15.525,NaN
2020-02-25T12:00:00Z,27.975,-15.475,NaN
2020-02-25T12:00:00Z,27.975,-15.425,NaN
2020-02-25T12:00:00Z,27.975,-15.375,0.0
2020-02-25T12:00:00Z,27.925,-15.625,NaN
2020-02-25T12:00:00Z,27.925,-15.575,NaN
2020-02-25T12:00:00Z,27.925,-15.525,NaN
2020-02-25T12:00:00Z,27.925,-15.475,NaN
2020-02-25T12:00:00Z,27.925,-15.425,NaN
2020-02-25T12:00:00Z,27.925,-15.375,0.0
2020-02-25T12:00:00Z,27.875,-15.625,NaN
2020-02-25T12:00:00Z,27.875,-15.575,NaN
2020-02-25T12:00:00Z,27.875,-15.525,NaN
2020-02-25T12:00:00Z,27.875,-15.475,NaN
2020-02-25T12:00:00Z,27.875,-15.425,NaN
2020-02-25T12:00:00Z,27.875,-15.375,0.0
2020-02-25T12:00:00Z,27.825,-15.625,NaN
2020-02-25T12:00:00Z,27.825,-15.575,NaN
2020-02-25T12:00:00Z,27.825,-15.525,NaN
2020-02-25T12:00:00Z,27.825,-15.475,NaN
2020-02-25T12:00:00Z,27.825,-15.425,0.0
2020-02-25T12:00:00Z,27.825,-15.375,0.0
2020-03-26T12:00:00Z,28.175,-15.625,0.0
2020-03-26T12:00:00Z,28.175,-15.575,0.0
2020-03-26T12:00:00Z,28.175,-15.525,0.0
2020-03-26T12:00:00Z,28.175,-15.475,0.0
2020-03-26T12:00:00Z,28.175,-15.425,0.0
2020-03-26T12:00:00Z,28.175,-15.375,0.0
2020-03-26T12:00:00Z,28.125,-15.625,0.0
2020-03-26T12:00:00Z,28.125,-15.575,0.0
2020-03-26T12:00:00Z,28.125,-15.525,0.0
2020-03-26T12:00:00Z,28.125,-15.475,0.0
2020-03-26T12:00:00Z,28.125,-15.425,0.0
2020-03-26T12:00:00Z,28.125,-15.375,0.0
2020-03-26T12:00:00Z,28.075,-15.625,NaN
2020-03-26T12:00:00Z,28.075,-15.575,NaN
2020-03-26T12:00:00Z,28.075,-15.525,NaN
2020-03-26T12:00:00Z,28.075,-15.475,0.0
2020-03-26T12:00:00Z,28.075,-15.425,0.0
2020-03-26T12:00:00Z,28.075,-15.375,0.0
2020-03-26T12:00:00Z,28.025,-15.625,NaN
2020-03-26T12:00:00Z,28.025,-15.575,NaN
2020-03-26T12:00:00Z,28.025,-15.525,NaN
2020-03-26T12:00:00Z,28.025,-15.475,NaN
2020-03-26T12:00:00Z,28.025,-15.425,0.0
2020-03-26T12:00:00Z,28.025,-15.375,0.0
2020-03-26T12:00:00Z,27.975,-15.625,NaN
2020-03-26T12:00:00Z,27.975,-15.575,NaN
2020-03-26T12:00:00Z,27.975,-15.525,NaN
2020-03-26T12:00:00Z,27.975,-15.475,NaN
2020-03-26T12:00:00Z,27.975,-15.425,NaN
2020-03-26T12:00:00Z,27.975,-15.375,0.0
2020-03-26T12:00:00Z,27.925,-15.625,NaN
2020-03-26T12:00:00Z,27.925,-15.575,NaN
2020-03-26T12:00:00Z,27.925,-15.525,NaN
2020-03-26T12:00:00Z,27.925,-15.475,NaN
2020-03-26T12:00:00Z,27.925,-15.425,NaN
2020-03-26T12:00:00Z,27.925,-15.375,0.0
2020-03-26T12:00:00Z,27.875,-15.625,NaN
2020-03-26T12:00:00Z,27.875,-15.575,NaN
2020-03-26T12:00:00Z,27.875,-15.525,NaN
2020-03-26T12:00:00Z,27.875,-15.475,NaN
2020-03-26T12:00:00Z,27.875,-15.425,NaN
2020-03-26T12:00:00Z,27.875,-15.375,0.0
2020-03-26T12:00:00Z,27.825,-15.625,NaN
2020-03-26T12:00:00Z,27.825,-15.575,NaN
2020-03-26T12:00:00Z,27.825,-15.525,NaN
2020-03-26T12:00:00Z,27.825,-15.475,NaN
2020-03-26T12:00:00Z,27.825,-15.425,0.0
2020-03-26T12:00:00Z,27.825,-15.375,0.0
2020-04-25T12:00:00Z,28.175,-15.625,0.0
2020-04-25T12:00:00Z,28.175,-15.575,0.0
2020-04-25T12:00:00Z,28.175,-15.525,0.0
2020-04-25T12:00:00Z,28.175,-15.475,0.0
2020-04-25T12:00:00Z,28.175,-15.425,0.0
2020-04-25T12:00:00Z,28.175,-15.375,0.0
2020-04-25T12:00:00Z,28.125,-15.625,0.0
2020-04-25T12:00:00Z,28.125,-15.575,0.0
2020-04-25T12:00:00Z,28.125,-15.525,0.0
2020-04-25T12:00:00Z,28.125,-15.475,0.0
2020-04-25T12:00:00Z,28.125,-15.425,0.0
2020-04-25T12:00:00Z,28.125,-15.375,0.0
2020-04-25T12:00:00Z,28.075,-15.625,NaN
2020-04-25T12:00:00Z,28.075,-15.575,NaN
2020-04-25T12:00:00Z,28.075,-15.525,NaN
2020-04-25T12:00:00Z,28.075,-15.475,0.0
2020-04-25T12:00:00Z,28.075,-15.425,0.0
2020-04-25T12:00:00Z,28.075,-15.375,0.0
2020-04-25T12:00:00Z,28.025,-15.625,NaN
2020-04-25T12:00:00Z,28.025,-15.575,NaN
2020-04-25T12:00:00Z,28.025,-15.525,NaN
2020-04-25T12:00:00Z,28.025,-15.475,NaN
2020-04-25T12:00:00Z,28.025,-15.425,0.0
2020-04-25T12:00:00Z,28.025,-15.375,0.0
2020-04-25T12:00:00Z,27.975,-15.625,NaN
2020-04-25T12:00:00Z,27.975,-15.575,NaN
2020-04-25T12:00:00Z,27.975,-15.525,NaN
2020-04-25T12:00:00Z,27.975,-15.475,NaN
2020-04-25T12:00:00Z,27.975,-15.425,NaN
2020-04-25T12:00:00Z,27.975,-15.375,0.0
2020-04-25T12:00:00Z,27.925,-15.625,NaN
2020-04-25T12:00:00Z,27.925,-15.575,NaN
2020-04-25T12:00:00Z,27.925,-15.525,NaN
2020-04-25T12:00:00Z,27.925,-15.475,NaN
2020-04-25T12:00:00Z,27.925,-15.425,NaN
2020-04-25T12:00:00Z,27.925,-15.375,0.0
2020-04-25T12:00:00Z,27.875,-15.625,NaN
2020-04-25T12:00:00Z,27.875,-15.575,NaN
2020-04-25T12:00:00Z,27.875,-15.525,NaN
2020-04-25T12:00:00Z,27.875,-15.475,NaN
2020-04-25T12:00:00Z,27.875,-15.425,NaN
2020-04-25T12:00:00Z,27.875,-15.375,0.0
2020-04-25T12:00:00Z,27.825,-15.625,NaN
2020-04-25T12:00:00Z,27.825,-15.575,NaN
2020-04-25T12:00:00Z,27.825,-15.525,NaN
2020-04-25T12:00:00Z,27.825,-15.475,NaN
2020-04-25T12:00:00Z,27.825,-15.425,0.0
2020-04-25T12:00:00Z,27.825,-15.375,0.0
2020-05-25T12:00:00Z,28.175,-15.625,0.0
2020-05-25T12:00:00Z,28.175,-15.575,0.0
2020-05-25T12:00:00Z,28.175,-15.525,0.0
2020-05-25T12:00:00Z,28.175,-15.475,0.0
2020-05-25T12:00:00Z,28.175,-15.425,0.0
2020-05-25T12:00:00Z,28.175,-15.375,0.0
2020-05-25T12:00:00Z,28.125,-15.625,0.0
2020-05-25T12:00:00Z,28.125,-15.575,0.0
2020-05-25T12:00:00Z,28.125,-15.525,0.0
2020-05-25T12:00:00Z,28.125,-15.475,0.0
2020-05-25T12:00:00Z,28.125,-15.425,0.0
2020-05-25T12:00:00Z,28.125,-15.375,0.0
2020-05-25T12:00:00Z,28.075,-15.625,NaN
2020-05-25T12:00:00Z,28.075,-15.575,NaN
2020-05-25T12:00:00Z,28.075,-15.525,NaN
2020-05-25T12:00:00Z,28.075,-15.475,0.0
2020-05-25T12:00:00Z,28.075,-15.425,0.0
2020-05-25T12:00:00Z,28.075,-15.375,0.0
2020-05-25T12:00:00Z,28.025,-15.625,NaN
2020-05-25T12:00:00Z,28.025,-15.575,NaN
2020-05-25T12:00:00Z,28.025,-15.525,NaN
2020-05-25T12:00:00Z,28.025,-15.475,NaN
2020-05-25T12:00:00Z,28.025,-15.425,0.0
2020-05-25T12:00:00Z,28.025,-15.375,0.0
2020-05-25T12:00:00Z,27.975,-15.625,NaN
2020-05-25T12:00:00Z,27.975,-15.575,NaN
2020-05-25T12:00:00Z,27.975,-15.525,NaN
2020-05-25T12:00:00Z,27.975,-15.475,NaN
2020-05-25T12:00:00Z,27.975,-15.425,NaN
2020-05-25T12:00:00Z,27.975,-15.375,0.0
2020-05-25T12:00:00Z,27.925,-15.625,NaN
2020-05-25T12:00:00Z,27.925,-15.575,NaN
2020-05-25T12:00:00Z,27.925,-15.525,NaN
2020-05-25T12:00:00Z,27.925,-15.475,NaN
2020-05-25T12:00:00Z,27.925,-15.425,NaN
2020-05-25T12:00:00Z,27.925,-15.375,0.0
2020-05-25T12:00:00Z,27.875,-15.625,NaN
2020-05-25T12:00:00Z,27.875,-15.575,NaN
2020-05-25T12:00:00Z,27.875,-15.525,NaN
2020-05-25T12:00:00Z,27.875,-15.475,NaN
2020-05-25T12:00:00Z,27.875,-15.425,NaN
2020-05-25T12:00:00Z,27.875,-15.375,0.0
2020-05-25T12:00:00Z,27.825,-15.625,NaN
2020-05-25T12:00:00Z,27.825,-15.575,NaN
2020-05-25T12:00:00Z,27.825,-15.525,NaN
2020-05-25T12:00:00Z,27.825,-15.475,NaN
2020-05-25T12:00:00Z,27.825,-15.425,0.0
2020-05-25T12:00:00Z,27.825,-15.375,0.0
2020-06-24T12:00:00Z,28.175,-15.625,0.0
2020-06-24T12:00:00Z,28.175,-15.575,0.0
2020-06-24T12:00:00Z,28.175,-15.525,0.0
2020-06-24T12:00:00Z,28.175,-15.475,0.0
2020-06-24T12:00:00Z,28.175,-15.425,0.0
2020-06-24T12:00:00Z,28.175,-15.375,0.0
2020-06-24T12:00:00Z,28.125,-15.625,0.0
2020-06-24T12:00:00Z,28.125,-15.575,0.0
2020-06-24T12:00:00Z,28.125,-15.525,0.0
2020-06-24T12:00:00Z,28.125,-15.475,0.0
2020-06-24T12:00:00Z,28.125,-15.425,0.0
2020-06-24T12:00:00Z,28.125,-15.375,0.0
2020-06-24T12:00:00Z,28.075,-15.625,NaN
2020-06-24T12:00:00Z,28.075,-15.575,NaN
2020-06-24T12:00:00Z,28.075,-15.525,NaN
2020-06-24T12:00:00Z,28.075,-15.475,0.0
2020-06-24T12:00:00Z,28.075,-15.425,0.0
2020-06-24T12:00:00Z,28.075,-15.375,0.0
2020-06-24T12:00:00Z,28.025,-15.625,NaN
2020-06-24T12:00:00Z,28.025,-15.575,NaN
2020-06-24T12:00:00Z,28.025,-15.525,NaN
2020-06-24T12:00:00Z,28.025,-15.475,NaN
2020-06-24T12:00:00Z,28.025,-15.425,0.0
2020-06-24T12:00:00Z,28.025,-15.375,0.0
2020-06-24T12:00:00Z,27.975,-15.625,NaN
2020-06-24T12:00:00Z,27.975,-15.575,NaN
2020-06-24T12:00:00Z,27.975,-15.525,NaN
2020-06-24T12:00:00Z,27.975,-15.475,NaN
2020-06-24T12:00:00Z,27.975,-15.425,NaN
2020-06-24T12:00:00Z,27.975,-15.375,0.0
2020-06-24T12:00:00Z,27.925,-15.625,NaN
2020-06-24T12:00:00Z,27.925,-15.575,NaN
2020-06-24T12:00:00Z,27.925,-15.525,NaN
2020-06-24T12:00:00Z,27.925,-15.475,NaN
2020-06-24T12:00:00Z,27.925,-15.425,NaN
2020-06-24T12:00:00Z,27.925,-15.375,0.0
2020-06-24T12:00:00Z,27.875,-15.625,NaN
2020-06-24T12:00:00Z,27.875,-15.575,NaN
2020-06-24T12:00:00Z,27.875,-15.525,NaN
2020-06-24T12:00:00Z,27.875,-15.475,NaN
2020-06-24T12:00:00Z,27.875,-15.425,NaN
2020-06-24T12:00:00Z,27.875,-15.375,0.0
2020-06-24T12:00:00Z,27.825,-15.625,NaN
2020-06-24T12:00:00Z,27.825,-15.575,NaN
2020-06-24T12:00:00Z,27.825,-15.525,NaN
2020-06-24T12:00:00Z,27.825,-15.475,NaN
2020-06-24T12:00:00Z,27.825,-15.425,0.0
2020-06-24T12:00:00Z,27.825,-15.375,0.0
2020-07-24T12:00:00Z,28.175,-15.625,0.0
2020-07-24T12:00:00Z,28.175,-15.575,0.0
2020-07-24T12:00:00Z,28.175,-15.525,0.0
2020-07-24T12:00:00Z,28.175,-15.475,0.0
2020-07-24T12:00:00Z,28.175,-15.425,0.0
2020-07-24T12:00:00Z,28.175,-15.375,0.0
2020-07-24T12:00:00Z,28.125,-15.625,0.0
2020-07-24T12:00:00Z,28.125,-15.575,0.0
2020-07-24T12:00:00Z,28.125,-15.525,0.0
2020-07-24T12:00:00Z,28.125,-15.475,0.0
2020-07-24T12:00:00Z,28.125,-15.425,0.0
2020-07-24T12:00:00Z,28.125,-15.375,0.0
2020-07-24T12:00:00Z,28.075,-15.625,NaN
2020-07-24T12:00:00Z,28.075,-15.575,NaN
2020-07-24T12:00:00Z,28.075,-15.525,NaN
2020-07-24T12:00:00Z,28.075,-15.475,0.0
2020-07-24T12:00:00Z,28.075,-15.425,0.0
2020-07-24T12:00:00Z,28.075,-15.375,0.0
2020-07-24T12:00:00Z,28.025,-15.625,NaN
2020-07-24T12:00:00Z,28.025,-15.575,NaN
2020-07-24T12:00:00Z,28.025,-15.525,NaN
2020-07-24T12:00:00Z,28.025,-15.475,NaN
2020-07-24T12:00:00Z,28.025,-15.425,0.0
2020-07-24T12:00:00Z,28.025,-15.375,0.0
2020-07-24T12:00:00Z,27.975,-15.625,NaN
2020-07-24T12:00:00Z,27.975,-15.575,NaN
2020-07-24T12:00:00Z,27.975,-15.525,NaN
2020-07-24T12:00:00Z,27.975,-15.475,NaN
2020-07-24T12:00:00Z,27.975,-15.425,NaN
2020-07-24T12:00:00Z,27.975,-15.375,0.0
2020-07-24T12:00:00Z,27.925,-15.625,NaN
2020-07-24T12:00:00Z,27.925,-15.575,NaN
2020-07-24T12:00:00Z,27.925,-15.525,NaN
2020-07-24T12:00:00Z,27.925,-15.475,NaN
2020-07-24T12:00:00Z,27.925,-15.425,NaN
2020-07-24T12:00:00Z,27.925,-15.375,0.0
2020-07-24T12:00:00Z,27.875,-15.625,NaN
2020-07-24T12:00:00Z,27.875,-15.575,NaN
2020-07-24T12:00:00Z,27.875,-15.525,NaN
2020-07-24T12:00:00Z,27.875,-15.475,NaN
2020-07-24T12:00:00Z,27.875,-15.425,NaN
2020-07-24T12:00:00Z,27.875,-15.375,0.0
2020-07-24T12:00:00Z,27.825,-15.625,NaN
2020-07-24T12:00:00Z,27.825,-15.575,NaN
2020-07-24T12:00:00Z,27.825,-15.525,NaN
2020-07-24T12:00:00Z,27.825,-15.475,NaN
2020-07-24T12:00:00Z,27.825,-15.425,0.0
2020-07-24T12:00:00Z,27.825,-15.375,0.0
2020-08-23T12:00:00Z,28.175,-15.625,0.0
2020-08-23T12:00:00Z,28.175,-15.575,0.0
2020-08-23T12:00:00Z,28.175,-15.525,0.0
2020-08-23T12:00:00Z,28.175,-15.475,0.0
2020-08-23T12:00:00Z,28.175,-15.425,0.0
2020-08-23T12:00:00Z,28.175,-15.375,0.0
2020-08-23T12:00:00Z,28.125,-15.625,0.0
2020-08-23T12:00:00Z,28.125,-15.575,0.0
2020-08-23T12:00:00Z,28.125,-15.525,0.0
2020-08-23T12:00:00Z,28.125,-15.475,0.0
2020-08-23T12:00:00Z,28.125,-15.425,0.0
2020-08-23T12:00:00Z,28.125,-15.375,0.0
2020-08-23T12:00:00Z,28.075,-15.625,NaN
2020-08-23T12:00:00Z,28.075,-15.575,NaN
2020-08-23T12:00:00Z,28.075,-15.525,NaN
2020-08-23T12:00:00Z,28.075,-15.475,0.0
2020-08-23T12:00:00Z,28.075,-15.425,0.0
2020-08-23T12:00:00Z,28.075,-15.375,0.0
2020-08-23T12:00:00Z,28.025,-15.625,NaN
2020-08-23T12:00:00Z,28.025,-15.575,NaN
2020-08-23T12:00:00Z,28.025,-15.525,NaN
2020-08-23T12:00:00Z,28.025,-15.475,NaN
2020-08-23T12:00:00Z,28.025,-15.425,0.0
2020-08-23T12:00:00Z,28.025,-15.375,0.0
2020-08-23T12:00:00Z,27.975,-15.625,NaN
2020-08-23T12:00:00Z,27.975,-15.575,NaN
2020-08-23T12:00:00Z,27.975,-15.525,NaN
2020-08-23T12:00:00Z,27.975,-15.475,NaN
2020-08-23T12:00:00Z,27.975,-15.425,NaN
2020-08-23T12:00:00Z,27.975,-15.375,0.0
2020-08-23T12:00:00Z,27.925,-15.625,NaN
2020-08-23T12:00:00Z,27.925,-15.575,NaN
2020-08-23T12:00:00Z,27.925,-15.525,NaN
2020-08-23T12:00:00Z,27.925,-15.475,NaN
2020-08-23T12:00:00Z,27.925,-15.425,NaN
2020-08-23T12:00:00Z,27.925,-15.375,0.0
2020-08-23T12:00:00Z,27.875,-15.625,NaN
2020-08-23T12:00:00Z,27.875,-15.575,NaN
2020-08-23T12:00:00Z,27.875,-15.525,NaN
2020-08-23T12:00:00Z,27.875,-15.475,NaN
2020-08-23T12:00:00Z,27.875,-15.425,NaN
2020-08-23T12:00:00Z,27.875,-15.375,0.0
2020-08-23T12:00:00Z,27.825,-15.625,NaN
2020-08-23T12:00:00Z,27.825,-15.575,NaN
2020-08-23T12:00:00Z,27.825,-15.525,NaN
2020-08-23T12:00:00Z,27.825,-15.475,NaN
2020-08-23T12:00:00Z,27.825,-15.425,0.0
2020-08-23T12:00:00Z,27.825,-15.375,0.0
2020-09-22T12:00:00Z,28.175,-15.625,0.0
2020-09-22T12:00:00Z,28.175,-15.575,0.0
2020-09-22T12:00:00Z,28.175,-15.525,0.0
2020-09-22T12:00:00Z,28.175,-15.475,0.0
2020-09-22T12:00:00Z,28.175,-15.425,0.0
2020-09-22T12:00:00Z,28.175,-15.375,0.0
2020-09-22T12:00:00Z,28.125,-15.625,0.0
2020-09-22T12:00:00Z,28.125,-15.575,0.0
2020-09-22T12:00:00Z,28.125,-15.525,0.0
2020-09-22T12:00:00Z,28.125,-15.475,0.0
2020-09-22T12:00:00Z,28.125,-15.425,0.0
2020-09-22T12:00:00Z,28.125,-15.375,0.0
2020-09-22T12:00:00Z,28.075,-15.625,NaN
2020-09-22T12:00:00Z,28.075,-15.575,NaN
2020-09-22T12:00:00Z,28.075,-15.525,NaN
2020-09-22T12:00:00Z,28.075,-15.475,0.0
2020-09-22T12:00:00Z,28.075,-15.425,0.0
2020-09-22T12:00:00Z,28.075,-15.375,0.0
2020-09-22T12:00:00Z,28.025,-15.625,NaN
2020-09-22T12:00:00Z,28.025,-15.575,NaN
2020-09-22T12:00:00Z,28.025,-15.525,NaN
2020-09-22T12:00:00Z,28.025,-15.475,NaN
2020-09-22T12:00:00Z,28.025,-15.425,0.0
2020-09-22T12:00:00Z,28.025,-15.375,0.0
2020-09-22T12:00:00Z,27.975,-15.625,NaN
2020-09-22T12:00:00Z,27.975,-15.575,NaN
2020-09-22T12:00:00Z,27.975,-15.525,NaN
2020-09-22T12:00:00Z,27.975,-15.475,NaN
2020-09-22T12:00:00Z,27.975,-15.425,NaN
2020-09-22T12:00:00Z,27.975,-15.375,0.0
2020-09-22T12:00:00Z,27.925,-15.625,NaN
2020-09-22T12:00:00Z,27.925,-15.575,NaN
2020-09-22T12:00:00Z,27.925,-15.525,NaN
2020-09-22T12:00:00Z,27.925,-15.475,NaN
2020-09-22T12:00:00Z,27.925,-15.425,NaN
2020-09-22T12:00:00Z,27.925,-15.375,0.0
2020-09-22T12:00:00Z,27.875,-15.625,NaN
2020-09-22T12:00:00Z,27.875,-15.575,NaN
2020-09-22T12:00:00Z,27.875,-15.525,NaN
2020-09-22T12:00:00Z,27.875,-15.475,NaN
2020-09-22T12:00:00Z,27.875,-15.425,NaN
2020-09-22T12:00:00Z,27.875,-15.375,0.0
2020-09-22T12:00:00Z,27.825,-15.625,NaN
2020-09-22T12:00:00Z,27.825,-15.575,NaN
2020-09-22T12:00:00Z,27.825,-15.525,NaN
2020-09-22T12:00:00Z,27.825,-15.475,NaN
2020-09-22T12:00:00Z,27.825,-15.425,0.0
2020-09-22T12:00:00Z,27.825,-15.375,0.0
2020-10-22T12:00:00Z,28.175,-15.625,0.0
2020-10-22T12:00:00Z,28.175,-15.575,0.0
2020-10-22T12:00:00Z,28.175,-15.525,0.0
2020-10-22T12:00:00Z,28.175,-15.475,0.0
2020-10-22T12:00:00Z,28.175,-15.425,0.0
2020-10-22T12:00:00Z,28.175,-15.375,0.0
2020-10-22T12:00:00Z,28.125,-15.625,0.0
2020-10-22T12:00:00Z,28.125,-15.575,0.0
2020-10-22T12:00:00Z,28.125,-15.525,0.0
2020-10-22T12:00:00Z,28.125,-15.475,0.0
2020-10-22T12:00:00Z,28.125,-15.425,0.0
2020-10-22T12:00:00Z,28.125,-15.375,0.0
2020-10-22T12:00:00Z,28.075,-15.625,NaN
2020-10-22T12:00:00Z,28.075,-15.575,NaN
2020-10-22T12:00:00Z,28.075,-15.525,NaN
2020-10-22T12:00:00Z,28.075,-15.475,0.0
2020-10-22T12:00:00Z,28.075,-15.425,0.0
2020-10-22T12:00:00Z,28.075,-15.375,0.0
2020-10-22T12:00:00Z,28.025,-15.625,NaN
2020-10-22T12:00:00Z,28.025,-15.575,NaN
2020-10-22T12:00:00Z,28.025,-15.525,NaN
2020-10-22T12:00:00Z,28.025,-15.475,NaN
2020-10-22T12:00:00Z,28.025,-15.425,0.0
2020-10-22T12:00:00Z,28.025,-15.375,0.0
2020-10-22T12:00:00Z,27.975,-15.625,NaN
2020-10-22T12:00:00Z,27.975,-15.575,NaN
2020-10-22T12:00:00Z,27.975,-15.525,NaN
2020-10-22T12:00:00Z,27.975,-15.475,NaN
2020-10-22T12:00:00Z,27.975,-15.425,NaN
2020-10-22T12:00:00Z,27.975,-15.375,0.0
2020-10-22T12:00:00Z,27.925,-15.625,NaN
2020-10-22T12:00:00Z,27.925,-15.575,NaN
2020-10-22T12:00:00Z,27.925,-15.525,NaN
2020-10-22T12:00:00Z,27.925,-15.475,NaN
2020-10-22T12:00:00Z,27.925,-15.425,NaN
2020-10-22T12:00:00Z,27.925,-15.375,0.0
2020-10-22T12:00:00Z,27.875,-15.625,NaN
2020-10-22T12:00:00Z,27.875,-15.575,NaN
2020-10-22T12:00:00Z,27.875,-15.525,NaN
2020-10-22T12:00:00Z,27.875,-15.475,NaN
2020-10-22T12:00:00Z,27.875,-15.425,NaN
2020-10-22T12:00:00Z,27.875,-15.375,0.0
2020-10-22T12:00:00Z,27.825,-15.625,NaN
2020-10-22T12:00:00Z,27.825,-15.575,NaN
2020-10-22T12:00:00Z,27.825,-15.525,NaN
2020-10-22T12:00:00Z,27.825,-15.475,NaN
2020-10-22T12:00:00Z,27.825,-15.425,0.0
2020-10-22T12:00:00Z,27.825,-15.375,0.0
2020-11-21T12:00:00Z,28.175,-15.625,0.0
2020-11-21T12:00:00Z,28.175,-15.575,0.0
2020-11-21T12:00:00Z,28.175,-15.525,0.0
2020-11-21T12:00:00Z,28.175,-15.475,0.0
2020-11-21T12:00:00Z,28.175,-15.425,0.0
2020-11-21T12:00:00Z,28.175,-15.375,0.0
2020-11-21T12:00:00Z,28.125,-15.625,0.0
2020-11-21T12:00:00Z,28.125,-15.575,0.0
2020-11-21T12:00:00Z,28.125,-15.525,0.0
2020-11-21T12:00:00Z,28.125,-15.475,0.0
2020-11-21T12:00:00Z,28.125,-15.425,0.0
2020-11-21T12:00:00Z,28.125,-15.375,0.0
2020-11-21T12:00:00Z,28.075,-15.625,NaN
2020-11-21T12:00:00Z,28.075,-15.575,NaN
2020-11-21T12:00:00Z,28.075,-15.525,NaN
2020-11-21T12:00:00Z,28.075,-15.475,0.0
2020-11-21T12:00:00Z,28.075,-15.425,0.0
2020-11-21T12:00:00Z,28.075,-15.375,0.0
2020-11-21T12:00:00Z,28.025,-15.625,NaN
2020-11-21T12:00:00Z,28.025,-15.575,NaN
2020-11-21T12:00:00Z,28.025,-15.525,NaN
2020-11-21T12:00:00Z,28.025,-15.475,NaN
2020-11-21T12:00:00Z,28.025,-15.425,0.0
2020-11-21T12:00:00Z,28.025,-15.375,0.0
2020-11-21T12:00:00Z,27.975,-15.625,NaN
2020-11-21T12:00:00Z,27.975,-15.575,NaN
2020-11-21T12:00:00Z,27.975,-15.525,NaN
2020-11-21T12:00:00Z,27.975,-15.475,NaN
2020-11-21T12:00:00Z,27.975,-15.425,NaN
2020-11-21T12:00:00Z,27.975,-15.375,0.0
2020-11-21T12:00:00Z,27.925,-15.625,NaN
2020-11-21T12:00:00Z,27.925,-15.575,NaN
2020-11-21T12:00:00Z,27.925,-15.525,NaN
2020-11-21T12:00:00Z,27.925,-15.475,NaN
2020-11-21T12:00:00Z,27.925,-15.425,NaN
2020-11-21T12:00:00Z,27.925,-15.375,0.0
2020-11-21T12:00:00Z,27.875,-15.625,NaN
2020-11-21T12:00:00Z,27.875,-15.575,NaN
2020-11-21T12:00:00Z,27.875,-15.525,NaN
2020-11-21T12:00:00Z,27.875,-15.475,NaN
2020-11-21T12:00:00Z,27.875,-15.425,NaN
2020-11-21T12:00:00Z,27.875,-15.375,0.0
2020-11-21T12:00:00Z,27.825,-15.625,NaN
2020-11-21T12:00:00Z,27.825,-15.575,NaN
2020-11-21T12:00:00Z,27.825,-15.525,NaN
2020-11-21T12:00:00Z,27.825,-15.475,NaN
2020-11-21T12:00:00Z,27.825,-15.425,0.0
2020-11-21T12:00:00Z,27.825,-15.375,0.0
2020-12-21T12:00:00Z,28.175,-15.625,0.0
2020-12-21T12:00:00Z,28.175,-15.575,0.0
2020-12-21T12:00:00Z,28.175,-15.525,0.0
2020-12-21T12:00:00Z,28.175,-15.475,0.0
2020-12-21T12:00:00Z,28.175,-15.425,0.0
2020-12-21T12:00:00Z,28.175,-15.375,0.0
2020-12-21T12:00:00Z,28.125,-15.625,0.0
2020-12-21T12:00:00Z,28.125,-15.575,0.0
2020-12-21T12:00:00Z,28.125,-15.525,0.0
2020-12-21T12:00:00Z,28.125,-15.475,0.0
2020-12-21T12:00:00Z,28.125,-15.425,0.0
2020-12-21T12:00:00Z,28.125,-15.375,0.0
2020-12-21T12:00:00Z,28.075,-15.625,NaN
2020-12-21T12:00:00Z,28.075,-15.575,NaN
2020-12-21T12:00:00Z,28.075,-15.525,NaN
2020-12-21T12:00:00Z,28.075,-15.475,0.0
2020-12-21T12:00:00Z,28.075,-15.425,0.0
2020-12-21T12:00:00Z,28.075,-15.375,0.0
2020-12-21T12:00:00Z,28.025,-15.625,NaN
2020-12-21T12:00:00Z,28.025,-15.575,NaN
2020-12-21T12:00:00Z,28.025,-15.525,NaN
2020-12-21T12:00:00Z,28.025,-15.475,NaN
2020-12-21T12:00:00Z,28.025,-15.425,0.0
2020-12-21T12:00:00Z,28.025,-15.375,0.0
2020-12-21T12:00:00Z,27.975,-15.625,NaN
2020-12-21T12:00:00Z,27.975,-15.575,NaN
2020-12-21T12:00:00Z,27.975,-15.525,NaN
2020-12-21T12:00:00Z,27.975,-15.475,NaN
2020-12-21T12:00:00Z,27.975,-15.425,NaN
2020-12-21T12:00:00Z,27.975,-15.375,0.0
2020-12-21T12:00:00Z,27.925,-15.625,NaN
2020-12-21T12:00:00Z,27.925,-15.575,NaN
2020-12-21T12:00:00Z,27.925,-15.525,NaN
2020-12-21T12:00:00Z,27.925,-15.475,NaN
2020-12-21T12:00:00Z,27.925,-15.425,NaN
2020-12-21T12:00:00Z,27.925,-15.375,0.0
2020-12-21T12:00:00Z,27.875,-15.625,NaN
2020-12-21T12:00:00Z,27.875,-15.575,NaN
2020-12-21T12:00:00Z,27.875,-15.525,NaN
2020-12-21T12:00:00Z,27.875,-15.475,NaN
2020-12-21T12:00:00Z,27.875,-15.425,NaN
2020-12-21T12:00:00Z,27.875,-15.375,0.0
2020-12-21T12:00:00Z,27.825,-15.625,NaN
2020-12-21T12:00:00Z,27.825,-15.575,NaN
2020-12-21T12:00:00Z,27.825,-15.525,NaN
2020-12-21T12:00:00Z,27.825,-15.475,NaN
2020-12-21T12:00:00Z,27.825,-15.425,0.0
2020-12-21T12:00:00Z,27.825,-15.375,0.0
