time,latitude,longitude,degree_heating_week
UTC,degrees_north,degrees_east,degree_Celsius_weeks
1996-01-01T12:00:00Z,-17.325,178.375,0.32
1996-01-01T12:00:00Z,-17.325,178.425,0.32
1996-01-01T12:00:00Z,-17.325,178.475,0.18
1996-01-01T12:00:00Z,-17.325,178.525,0.17
1996-01-01T12:00:00Z,-17.325,178.575,0.31
1996-01-01T12:00:00Z,-17.325,178.625,0.17
1996-01-01T12:00:00Z,-17.375,178.375,0.18
1996-01-01T12:00:00Z,-17.375,178.425,0.18
1996-01-01T12:00:00Z,-17.375,178.475,0.18
1996-01-01T12:00:00Z,-17.375,178.525,0.18
1996-01-01T12:00:00Z,-17.375,178.575,0.17
1996-01-01T12:00:00Z,-17.375,178.625,0.17
1996-01-01T12:00:00Z,-17.425,178.375,0.18
1996-01-01T12:00:00Z,-17.425,178.425,0.18
1996-01-01T12:00:00Z,-17.425,178.475,0.18
1996-01-01T12:00:00Z,-17.425,178.525,0.18
1996-01-01T12:00:00Z,-17.425,178.575,0.18
1996-01-01T12:00:00Z,-17.425,178.625,0.18
1996-01-01T12:00:00Z,-17.475,178.375,0.18
1996-01-01T12:00:00Z,-17.475,178.425,0.18
1996-01-01T12:00:00Z,-17.475,178.475,0.18
1996-01-01T12:00:00Z,-17.475,178.525,0.18
1996-01-01T12:00:00Z,-17.475,178.575,0.18
1996-01-01T12:00:00Z,-17.475,178.625,0.18
1996-01-01T12:00:00Z,-17.525,178.375,0.17
1996-01-01T12:00:00Z,-17.525,178.425,0.17
1996-01-01T12:00:00Z,-17.525,178.475,0.17
1996-01-01T12:00:00Z,-17.525,178.525,0.18
1996-01-01T12:00:00Z,-17.525,178.575,0.18
1996-01-01T12:00:00Z,-17.525,178.625,0.32
1996-01-01T12:00:00Z,-17.575,178.375,0.17
1996-01-01T12:00:00Z,-17.575,178.425,0.17
1996-01-01T12:00:00Z,-17.575,178.475,0.17
1996-01-01T12:00:00Z,-17.575,178.525,0.18
1996-01-01T12:00:00Z,-17.575,178.575,0.32
1996-01-01T12:00:00Z,-17.575,178.625,0.32
1996-01-01T12:00:00Z,-17.625,178.375,NaN
1996-01-01T12:00:00Z,-17.625,178.425,NaN
1996-01-01T12:00:00Z,-17.625,178.475,NaN
1996-01-01T12:00:00Z,-17.625,178.525,0.32
1996-01-01T12:00:00Z,-17.625,178.575,0.32
1996-01-01T12:00:00Z,-17.625,178.625,0.32
1996-01-01T12:00:00Z,-17.675,178.375,NaN
1996-01-01T12:00:00Z,-17.675,178.425,NaN
1996-01-01T12:00:00Z,-17.675,178.475,NaN
1996-01-01T12:00:00Z,-17.675,178.525,NaN
1996-01-01T12:00:00Z,-17.675,178.575,0.32
1996-01-01T12:00:00Z,-17.675,178.625,0.32
1996-01-31T12:00:00Z,-17.325,178.375,0.71
1996-01-31T12:00:00Z,-17.325,178.425,0.7000000000000001
1996-01-31T12:00:00Z,-17.325,178.475,0.55
1996-01-31T12:00:00Z,-17.325,178.525,0.54
1996-01-31T12:00:00Z,-17.325,178.575,0.67
1996-01-31T12:00:00Z,-17.325,178.625,0.51
1996-01-31T12:00:00Z,-17.375,178.375,0.5700000000000001
1996-01-31T12:00:00Z,-17.375,178.425,0.5700000000000001
1996-01-31T12:00:00Z,-17.375,178.475,0.56
1996-01-31T12:00:00Z,-17.375,178.525,0.55
1996-01-31T12:00:00Z,-17.375,178.575,0.54
1996-01-31T12:00:00Z,-17.375,178.625,0.52
1996-01-31T12:00:00Z,-17.425,178.375,0.56
1996-01-31T12:00:00Z,-17.425,178.425,0.56
1996-01-31T12:00:00Z,-17.425,178.475,0.56
1996-01-31T12:00:00Z,-17.425,178.525,0.55
1996-01-31T12:00:00Z,-17.425,178.575,0.54
1996-01-31T12:00:00Z,-17.425,178.625,0.54
1996-01-31T12:00:00Z,-17.475,178.375,0.54
1996-01-31T12:00:00Z,-17.475,178.425,0.55
1996-01-31T12:00:00Z,-17.475,178.475,0.55
1996-01-31T12:00:00Z,-17.475,178.525,0.55
1996-01-31T12:00:00Z,-17.475,178.575,0.55
1996-01-31T12:00:00Z,-17.475,178.625,0.54
1996-01-31T12:00:00Z,-17.525,178.375,0.53
1996-01-31T12:00:00Z,-17.525,178.425,0.53
1996-01-31T12:00:00Z,-17.525,178.475,0.54
1996-01-31T12:00:00Z,-17.525,178.525,0.54
1996-01-31T12:00:00Z,-17.525,178.575,0.54
1996-01-31T12:00:00Z,-17.525,178.625,0.6900000000000001
1996-01-31T12:00:00Z,-17.575,178.375,0.52
1996-01-31T12:00:00Z,-17.575,178.425,0.52
1996-01-31T12:00:00Z,-17.575,178.475,0.52
1996-01-31T12:00:00Z,-17.575,178.525,0.53
1996-01-31T12:00:00Z,-17.575,178.575,0.68
1996-01-31T12:00:00Z,-17.575,178.625,0.68
1996-01-31T12:00:00Z,-17.625,178.375,NaN
1996-01-31T12:00:00Z,-17.625,178.425,NaN
1996-01-31T12:00:00Z,-17.625,178.475,NaN
1996-01-31T12:00:00Z,-17.625,178.525,0.66
1996-01-31T12:00:00Z,-17.625,178.575,0.66
1996-01-31T12:00:00Z,-17.625,178.625,0.66
1996-01-31T12:00:00Z,-17.675,178.375,NaN
1996-01-31T12:00:00Z,-17.675,178.425,NaN
1996-01-31T12:00:00Z,-17.675,178.475,NaN
1996-01-31T12:00:00Z,-17.675,178.525,NaN
1996-01-31T12:00:00Z,-17.675,178.575,0.64
1996-01-31T12:00:00Z,-17.675,178.625,0.49
1996-03-01T12:00:00Z,-17.325,178.375,0.9
1996-03-01T12:00:00Z,-17.325,178.425,0.9
1996-03-01T12:00:00Z,-17.325,178.475,0.75
1996-03-01T12:00:00Z,-17.325,178.525,0.74
1996-03-01T12:00:00Z,-17.325,178.575,0.87
1996-03-01T12:00:00Z,-17.325,178.625,0.72
1996-03-01T12:00:00Z,-17.375,178.375,0.76
1996-03-01T12:00:00Z,-17.375,178.425,0.76
1996-03-01T12:00:00Z,-17.375,178.475,0.76
1996-03-01T12:00:00Z,-17.375,178.525,0.75
1996-03-01T12:00:00Z,-17.375,178.575,0.73
1996-03-01T12:00:00Z,-17.375,178.625,0.72
1996-03-01T12:00:00Z,-17.425,178.375,0.75
1996-03-01T12:00:00Z,-17.425,178.425,0.75
1996-03-01T12:00:00Z,-17.425,178.475,0.75
1996-03-01T12:00:00Z,-17.425,178.525,0.74
1996-03-01T12:00:00Z,-17.425,178.575,0.73
1996-03-01T12:00:00Z,-17.425,178.625,0.73
1996-03-01T12:00:00Z,-17.475,178.375,0.73
1996-03-01T12:00:00Z,-17.475,178.425,0.74
1996-03-01T12:00:00Z,-17.475,178.475,0.74
1996-03-01T12:00:00Z,-17.475,178.525,0.73
1996-03-01T12:00:00Z,-17.475,178.575,0.73
1996-03-01T12:00:00Z,-17.475,178.625,0.73
1996-03-01T12:00:00Z,-17.525,178.375,0.72
1996-03-01T12:00:00Z,-17.525,178.425,0.72
1996-03-01T12:00:00Z,-17.525,178.475,0.72
1996-03-01T12:00:00Z,-17.525,178.525,0.73
1996-03-01T12:00:00Z,-17.525,178.575,0.73
1996-03-01T12:00:00Z,-17.525,178.625,0.87
1996-03-01T12:00:00Z,-17.575,178.375,0.71
1996-03-01T12:00:00Z,-17.575,178.425,0.7000000000000001
1996-03-01T12:00:00Z,-17.575,178.475,0.71
1996-03-01T12:00:00Z,-17.575,178.525,0.71
1996-03-01T12:00:00Z,-17.575,178.575,0.86
1996-03-01T12:00:00Z,-17.575,178.625,0.86
1996-03-01T12:00:00Z,-17.625,178.375,NaN
1996-03-01T12:00:00Z,-17.625,178.425,NaN
1996-03-01T12:00:00Z,-17.625,178.475,NaN
1996-03-01T12:00:00Z,-17.625,178.525,0.84
1996-03-01T12:00:00Z,-17.625,178.575,0.84
1996-03-01T12:00:00Z,-17.625,178.625,0.84
1996-03-01T12:00:00Z,-17.675,178.375,NaN
1996-03-01T12:00:00Z,-17.675,178.425,NaN
1996-03-01T12:00:00Z,-17.675,178.475,NaN
1996-03-01T12:00:00Z,-17.675,178.525,NaN
1996-03-01T12:00:00Z,-17.675,178.575,0.8200000000000001
1996-03-01T12:00:00Z,-17.675,178.625,0.67
1996-03-31T12:00:00Z,-17.325,178.375,2.08
1996-03-31T12:00:00Z,-17.325,178.425,2.11
1996-03-31T12:00:00Z,-17.325,178.475,2.13
1996-03-31T12:00:00Z,-17.325,178.525,2.16
1996-03-31T12:00:00Z,-17.325,178.575,2.19
1996-03-31T12:00:00Z,-17.325,178.625,2.21
1996-03-31T12:00:00Z,-17.375,178.375,2.04
1996-03-31T12:00:00Z,-17.375,178.425,2.06
1996-03-31T12:00:00Z,-17.375,178.475,2.08
1996-03-31T12:00:00Z,-17.375,178.525,2.11
1996-03-31T12:00:00Z,-17.375,178.575,2.12
1996-03-31T12:00:00Z,-17.375,178.625,2.15
1996-03-31T12:00:00Z,-17.425,178.375,1.71
1996-03-31T12:00:00Z,-17.425,178.425,1.87
1996-03-31T12:00:00Z,-17.425,178.475,1.8800000000000001
1996-03-31T12:00:00Z,-17.425,178.525,1.8900000000000001
1996-03-31T12:00:00Z,-17.425,178.575,1.92
1996-03-31T12:00:00Z,-17.425,178.625,1.95
1996-03-31T12:00:00Z,-17.475,178.375,1.67
1996-03-31T12:00:00Z,-17.475,178.425,1.83
1996-03-31T12:00:00Z,-17.475,178.475,1.83
1996-03-31T12:00:00Z,-17.475,178.525,1.84
1996-03-31T12:00:00Z,-17.475,178.575,1.86
1996-03-31T12:00:00Z,-17.475,178.625,1.8800000000000001
1996-03-31T12:00:00Z,-17.525,178.375,1.5
1996-03-31T12:00:00Z,-17.525,178.425,1.6500000000000001
1996-03-31T12:00:00Z,-17.525,178.475,1.6500000000000001
1996-03-31T12:00:00Z,-17.525,178.525,1.67
1996-03-31T12:00:00Z,-17.525,178.575,1.67
1996-03-31T12:00:00Z,-17.525,178.625,1.69
1996-03-31T12:00:00Z,-17.575,178.375,1.49
1996-03-31T12:00:00Z,-17.575,178.425,1.62
1996-03-31T12:00:00Z,-17.575,178.475,1.62
1996-03-31T12:00:00Z,-17.575,178.525,1.6300000000000001
1996-03-31T12:00:00Z,-17.575,178.575,1.6400000000000001
1996-03-31T12:00:00Z,-17.575,178.625,1.6500000000000001
1996-03-31T12:00:00Z,-17.625,178.375,NaN
1996-03-31T12:00:00Z,-17.625,178.425,NaN
1996-03-31T12:00:00Z,-17.625,178.475,NaN
1996-03-31T12:00:00Z,-17.625,178.525,1.61
1996-03-31T12:00:00Z,-17.625,178.575,1.62
1996-03-31T12:00:00Z,-17.625,178.625,1.6300000000000001
1996-03-31T12:00:00Z,-17.675,178.375,NaN
1996-03-31T12:00:00Z,-17.675,178.425,NaN
1996-03-31T12:00:00Z,-17.675,178.475,NaN
1996-03-31T12:00:00Z,-17.675,178.525,NaN
1996-03-31T12:00:00Z,-17.675,178.575,1.6
1996-03-31T12:00:00Z,-17.675,178.625,1.62
1996-04-30T12:00:00Z,-17.325,178.375,2.08
1996-04-30T12:00:00Z,-17.325,178.425,2.11
1996-04-30T12:00:00Z,-17.325,178.475,2.13
1996-04-30T12:00:00Z,-17.325,178.525,2.16
1996-04-30T12:00:00Z,-17.325,178.575,2.19
1996-04-30T12:00:00Z,-17.325,178.625,2.21
1996-04-30T12:00:00Z,-17.375,178.375,2.04
1996-04-30T12:00:00Z,-17.375,178.425,2.06
1996-04-30T12:00:00Z,-17.375,178.475,2.08
1996-04-30T12:00:00Z,-17.375,178.525,2.11
1996-04-30T12:00:00Z,-17.375,178.575,2.12
1996-04-30T12:00:00Z,-17.375,178.625,2.15
1996-04-30T12:00:00Z,-17.425,178.375,1.71
1996-04-30T12:00:00Z,-17.425,178.425,1.87
1996-04-30T12:00:00Z,-17.425,178.475,1.8800000000000001
1996-04-30T12:00:00Z,-17.425,178.525,1.8900000000000001
1996-04-30T12:00:00Z,-17.425,178.575,1.92
1996-04-30T12:00:00Z,-17.425,178.625,1.95
1996-04-30T12:00:00Z,-17.475,178.375,1.67
1996-04-30T12:00:00Z,-17.475,178.425,1.83
1996-04-30T12:00:00Z,-17.475,178.475,1.83
1996-04-30T12:00:00Z,-17.475,178.525,1.84
1996-04-30T12:00:00Z,-17.475,178.575,1.86
1996-04-30T12:00:00Z,-17.475,178.625,1.8800000000000001
1996-04-30T12:00:00Z,-17.525,178.375,1.5
1996-04-30T12:00:00Z,-17.525,178.425,1.6500000000000001
1996-04-30T12:00:00Z,-17.525,178.475,1.6500000000000001
1996-04-30T12:00:00Z,-17.525,178.525,1.67
1996-04-30T12:00:00Z,-17.525,178.575,1.67
1996-04-30T12:00:00Z,-17.525,178.625,1.69
1996-04-30T12:00:00Z,-17.575,178.375,1.49
1996-04-30T12:00:00Z,-17.575,178.425,1.62
1996-04-30T12:00:00Z,-17.575,178.475,1.62
1996-04-30T12:00:00Z,-17.575,178.525,1.6300000000000001
1996-04-30T12:00:00Z,-17.575,178.575,1.6400000000000001
1996-04-30T12:00:00Z,-17.575,178.625,1.6500000000000001
1996-04-30T12:00:00Z,-17.625,178.375,NaN
1996-04-30T12:00:00Z,-17.625,178.425,NaN
1996-04-30T12:00:00Z,-17.625,178.475,NaN
1996-04-30T12:00:00Z,-17.625,178.525,1.61
1996-04-30T12:00:00Z,-17.625,178.575,1.62
1996-04-30T12:00:00Z,-17.625,178.625,1.6300000000000001
1996-04-30T12:00:00Z,-17.675,178.375,NaN
1996-04-30T12:00:00Z,-17.675,178.425,NaN
1996-04-30T12:00:00Z,-17.675,178.475,NaN
1996-04-30T12:00:00Z,-17.675,178.525,NaN
1996-04-30T12:00:00Z,-17.675,178.575,1.6
1996-04-30T12:00:00Z,-17.675,178.625,1.62
1996-05-30T12:00:00Z,-17.325,178.375,0.68
1996-05-30T12:00:00Z,-17.325,178.425,0.7000000000000001
1996-05-30T12:00:00Z,-17.325,178.475,0.71
1996-05-30T12:00:00Z,-17.325,178.525,0.72
1996-05-30T12:00:00Z,-17.325,178.575,0.74
1996-05-30T12:00:00Z,-17.325,178.625,0.75
1996-05-30T12:00:00Z,-17.375,178.375,0.66
1996-05-30T12:00:00Z,-17.375,178.425,0.68
1996-05-30T12:00:00Z,-17.375,178.475,0.6900000000000001
1996-05-30T12:00:00Z,-17.375,178.525,0.71
1996-05-30T12:00:00Z,-17.375,178.575,0.72
1996-05-30T12:00:00Z,-17.375,178.625,0.73
1996-05-30T12:00:00Z,-17.425,178.375,0.5
1996-05-30T12:00:00Z,-17.425,178.425,0.66
1996-05-30T12:00:00Z,-17.425,178.475,0.67
1996-05-30T12:00:00Z,-17.425,178.525,0.68
1996-05-30T12:00:00Z,-17.425,178.575,0.7000000000000001
1996-05-30T12:00:00Z,-17.425,178.625,0.71
1996-05-30T12:00:00Z,-17.475,178.375,0.49
1996-05-30T12:00:00Z,-17.475,178.425,0.64
1996-05-30T12:00:00Z,-17.475,178.475,0.65
1996-05-30T12:00:00Z,-17.475,178.525,0.66
1996-05-30T12:00:00Z,-17.475,178.575,0.67
1996-05-30T12:00:00Z,-17.475,178.625,0.6900000000000001
1996-05-30T12:00:00Z,-17.525,178.375,0.33
1996-05-30T12:00:00Z,-17.525,178.425,0.48
1996-05-30T12:00:00Z,-17.525,178.475,0.49
1996-05-30T12:00:00Z,-17.525,178.525,0.51
1996-05-30T12:00:00Z,-17.525,178.575,0.51
1996-05-30T12:00:00Z,-17.525,178.625,0.53
1996-05-30T12:00:00Z,-17.575,178.375,0.33
1996-05-30T12:00:00Z,-17.575,178.425,0.47000000000000003
1996-05-30T12:00:00Z,-17.575,178.475,0.48
1996-05-30T12:00:00Z,-17.575,178.525,0.49
1996-05-30T12:00:00Z,-17.575,178.575,0.5
1996-05-30T12:00:00Z,-17.575,178.625,0.51
1996-05-30T12:00:00Z,-17.625,178.375,NaN
1996-05-30T12:00:00Z,-17.625,178.425,NaN
1996-05-30T12:00:00Z,-17.625,178.475,NaN
1996-05-30T12:00:00Z,-17.625,178.525,0.48
1996-05-30T12:00:00Z,-17.625,178.575,0.49
1996-05-30T12:00:00Z,-17.625,178.625,0.5
1996-05-30T12:00:00Z,-17.675,178.375,NaN
1996-05-30T12:00:00Z,-17.675,178.425,NaN
1996-05-30T12:00:00Z,-17.675,178.475,NaN
1996-05-30T12:00:00Z,-17.675,178.525,NaN
1996-05-30T12:00:00Z,-17.675,178.575,0.48
1996-05-30T12:00:00Z,-17.675,178.625,0.49
1996-06-29T12:00:00Z,-17.325,178.375,0.0
1996-06-29T12:00:00Z,-17.325,178.425,0.0
1996-06-29T12:00:00Z,-17.325,178.475,0.0
1996-06-29T12:00:00Z,-17.325,178.525,0.0
1996-06-29T12:00:00Z,-17.325,178.575,0.0
1996-06-29T12:00:00Z,-17.325,178.625,0.0
1996-06-29T12:00:00Z,-17.375,178.375,0.0
1996-06-29T12:00:00Z,-17.375,178.425,0.0
1996-06-29T12:00:00Z,-17.375,178.475,0.0
1996-06-29T12:00:00Z,-17.375,178.525,0.0
1996-06-29T12:00:00Z,-17.375,178.575,0.0
1996-06-29T12:00:00Z,-17.375,178.625,0.0
1996-06-29T12:00:00Z,-17.425,178.375,0.0
1996-06-29T12:00:00Z,-17.425,178.425,0.0
1996-06-29T12:00:00Z,-17.425,178.475,0.0
1996-06-29T12:00:00Z,-17.425,178.525,0.0
1996-06-29T12:00:00Z,-17.425,178.575,0.0
1996-06-29T12:00:00Z,-17.425,178.625,0.0
1996-06-29T12:00:00Z,-17.475,178.375,0.0
1996-06-29T12:00:00Z,-17.475,178.425,0.0
1996-06-29T12:00:00Z,-17.475,178.475,0.0
1996-06-29T12:00:00Z,-17.475,178.525,0.0
1996-06-29T12:00:00Z,-17.475,178.575,0.0
1996-06-29T12:00:00Z,-17.475,178.625,0.0
1996-06-29T12:00:00Z,-17.525,178.375,0.0
1996-06-29T12:00:00Z,-17.525,178.425,0.0
1996-06-29T12:00:00Z,-17.525,178.475,0.0
1996-06-29T12:00:00Z,-17.525,178.525,0.0
1996-06-29T12:00:00Z,-17.525,178.575,0.0
1996-06-29T12:00:00Z,-17.525,178.625,0.0
1996-06-29T12:00:00Z,-17.575,178.375,0.0
1996-06-29T12:00:00Z,-17.575,178.425,0.0
1996-06-29T12:00:00Z,-17.575,178.475,0.0
1996-06-29T12:00:00Z,-17.575,178.525,0.0
1996-06-29T12:00:00Z,-17.575,178.575,0.0
1996-06-29T12:00:00Z,-17.575,178.625,0.0
1996-06-29T12:00:00Z,-17.625,178.375,NaN
1996-06-29T12:00:00Z,-17.625,178.425,NaN
1996-06-29T12:00:00Z,-17.625,178.475,NaN
1996-06-29T12:00:00Z,-17.625,178.525,0.0
1996-06-29T12:00:00Z,-17.625,178.575,0.0
1996-06-29T12:00:00Z,-17.625,178.625,0.0
1996-06-29T12:00:00Z,-17.675,178.375,NaN
1996-06-29T12:00:00Z,-17.675,178.425,NaN
1996-06-29T12:00:00Z,-17.675,178.475,NaN
1996-06-29T12:00:00Z,-17.675,178.525,NaN
1996-06-29T12:00:00Z,-17.675,178.575,0.0
1996-06-29T12:00:00Z,-17.675,178.625,0.0
1996-07-29T12:00:00Z,-17.325,178.375,0.0
1996-07-29T12:00:00Z,-17.325,178.425,0.0
1996-07-29T12:00:00Z,-17.325,178.475,0.0
1996-07-29T12:00:00Z,-17.325,178.525,0.0
1996-07-29T12:00:00Z,-17.325,178.575,0.0
1996-07-29T12:00:00Z,-17.325,178.625,0.0
1996-07-29T12:00:00Z,-17.375,178.375,0.0
1996-07-29T12:00:00Z,-17.375,178.425,0.0
1996-07-29T12:00:00Z,-17.375,178.475,0.0
1996-07-29T12:00:00Z,-17.375,178.525,0.0
1996-07-29T12:00:00Z,-17.375,178.575,0.0
1996-07-29T12:00:00Z,-17.375,178.625,0.0
1996-07-29T12:00:00Z,-17.425,178.375,0.0
1996-07-29T12:00:00Z,-17.425,178.425,0.0
1996-07-29T12:00:00Z,-17.425,178.475,0.0
1996-07-29T12:00:00Z,-17.425,178.525,0.0
1996-07-29T12:00:00Z,-17.425,178.575,0.0
1996-07-29T12:00:00Z,-17.425,178.625,0.0
1996-07-29T12:00:00Z,-17.475,178.375,0.0
1996-07-29T12:00:00Z,-17.475,178.425,0.0
1996-07-29T12:00:00Z,-17.475,178.475,0.0
1996-07-29T12:00:00Z,-17.475,178.525,0.0
1996-07-29T12:00:00Z,-17.475,178.575,0.0
1996-07-29T12:00:00Z,-17.475,178.625,0.0
1996-07-29T12:00:00Z,-17.525,178.375,0.0
1996-07-29T12:00:00Z,-17.525,178.425,0.0
1996-07-29T12:00:00Z,-17.525,178.475,0.0
1996-07-29T12:00:00Z,-17.525,178.525,0.0
1996-07-29T12:00:00Z,-17.525,178.575,0.0
1996-07-29T12:00:00Z,-17.525,178.625,0.0
1996-07-29T12:00:00Z,-17.575,178.375,0.0
1996-07-29T12:00:00Z,-17.575,178.425,0.0
1996-07-29T12:00:00Z,-17.575,178.475,0.0
1996-07-29T12:00:00Z,-17.575,178.525,0.0
1996-07-29T12:00:00Z,-17.575,178.575,0.0
1996-07-29T12:00:00Z,-17.575,178.625,0.0
1996-07-29T12:00:00Z,-17.625,178.375,NaN
1996-07-29T12:00:00Z,-17.625,178.425,NaN
1996-07-29T12:00:00Z,-17.625,178.475,NaN
1996-07-29T12:00:00Z,-17.625,178.525,0.0
1996-07-29T12:00:00Z,-17.625,178.575,0.0
1996-07-29T12:00:00Z,-17.625,178.625,0.0
1996-07-29T12:00:00Z,-17.675,178.375,NaN
1996-07-29T12:00:00Z,-17.675,178.425,NaN
1996-07-29T12:00:00Z,-17.675,178.475,NaN
1996-07-29T12:00:00Z,-17.675,178.525,NaN
1996-07-29T12:00:00Z,-17.675,178.575,0.0
1996-07-29T12:00:00Z,-17.675,178.625,0.0
1996-08-28T12:00:00Z,-17.325,178.375,0.0
1996-08-28T12:00:00Z,-17.325,178.425,0.0
1996-08-28T12:00:00Z,-17.325,178.475,0.0
1996-08-28T12:00:00Z,-17.325,178.525,0.0
1996-08-28T12:00:00Z,-17.325,178.575,0.0
1996-08-28T12:00:00Z,-17.325,178.625,0.0
1996-08-28T12:00:00Z,-17.375,178.375,0.0
1996-08-28T12:00:00Z,-17.375,178.425,0.0
1996-08-28T12:00:00Z,-17.375,178.475,0.0
1996-08-28T12:00:00Z,-17.375,178.525,0.0
1996-08-28T12:00:00Z,-17.375,178.575,0.0
1996-08-28T12:00:00Z,-17.375,178.625,0.0
1996-08-28T12:00:00Z,-17.425,178.375,0.0
1996-08-28T12:00:00Z,-17.425,178.425,0.0
1996-08-28T12:00:00Z,-17.425,178.475,0.0
1996-08-28T12:00:00Z,-17.425,178.525,0.0
1996-08-28T12:00:00Z,-17.425,178.575,0.0
1996-08-28T12:00:00Z,-17.425,178.625,0.0
1996-08-28T12:00:00Z,-17.475,178.375,0.0
1996-08-28T12:00:00Z,-17.475,178.425,0.0
1996-08-28T12:00:00Z,-17.475,178.475,0.0
1996-08-28T12:00:00Z,-17.475,178.525,0.0
1996-08-28T12:00:00Z,-17.475,178.575,0.0
1996-08-28T12:00:00Z,-17.475,178.625,0.0
1996-08-28T12:00:00Z,-17.525,178.375,0.0
1996-08-28T12:00:00Z,-17.525,178.425,0.0
1996-08-28T12:00:00Z,-17.525,178.475,0.0
1996-08-28T12:00:00Z,-17.525,178.525,0.0
1996-08-28T12:00:00Z,-17.525,178.575,0.0
1996-08-28T12:00:00Z,-17.525,178.625,0.0
1996-08-28T12:00:00Z,-17.575,178.375,0.0
1996-08-28T12:00:00Z,-17.575,178.425,0.0
1996-08-28T12:00:00Z,-17.575,178.475,0.0
1996-08-28T12:00:00Z,-17.575,178.525,0.0
1996-08-28T12:00:00Z,-17.575,178.575,0.0
1996-08-28T12:00:00Z,-17.575,178.625,0.0
1996-08-28T12:00:00Z,-17.625,178.375,NaN
1996-08-28T12:00:00Z,-17.625,178.425,NaN
1996-08-28T12:00:00Z,-17.625,178.475,NaN
1996-08-28T12:00:00Z,-17.625,178.525,0.0
1996-08-28T12:00:00Z,-17.625,178.575,0.0
1996-08-28T12:00:00Z,-17.625,178.625,0.0
1996-08-28T12:00:00Z,-17.675,178.375,NaN
1996-08-28T12:00:00Z,-17.675,178.425,NaN
1996-08-28T12:00:00Z,-17.675,178.475,NaN
1996-08-28T12:00:00Z,-17.675,178.525,NaN
1996-08-28T12:00:00Z,-17.675,178.575,0.0
1996-08-28T12:00:00Z,-17.675,178.625,0.0
1996-09-27T12:00:00Z,-17.325,178.375,0.0
1996-09-27T12:00:00Z,-17.325,178.425,0.0
1996-09-27T12:00:00Z,-17.325,178.475,0.0
1996-09-27T12:00:00Z,-17.325,178.525,0.0
1996-09-27T12:00:00Z,-17.325,178.575,0.0
1996-09-27T12:00:00Z,-17.325,178.625,0.0
1996-09-27T12:00:00Z,-17.375,178.375,0.0
1996-09-27T12:00:00Z,-17.375,178.425,0.0
1996-09-27T12:00:00Z,-17.375,178.475,0.0
1996-09-27T12:00:00Z,-17.375,178.525,0.0
1996-09-27T12:00:00Z,-17.375,178.575,0.0
1996-09-27T12:00:00Z,-17.375,178.625,0.0
1996-09-27T12:00:00Z,-17.425,178.375,0.0
1996-09-27T12:00:00Z,-17.425,178.425,0.0
1996-09-27T12:00:00Z,-17.425,178.475,0.0
1996-09-27T12:00:00Z,-17.425,178.525,0.0
1996-09-27T12:00:00Z,-17.425,178.575,0.0
1996-09-27T12:00:00Z,-17.425,178.625,0.0
1996-09-27T12:00:00Z,-17.475,178.375,0.0
1996-09-27T12:00:00Z,-17.475,178.425,0.0
1996-09-27T12:00:00Z,-17.475,178.475,0.0
1996-09-27T12:00:00Z,-17.475,178.525,0.0
1996-09-27T12:00:00Z,-17.475,178.575,0.0
1996-09-27T12:00:00Z,-17.475,178.625,0.0
1996-09-27T12:00:00Z,-17.525,178.375,0.0
1996-09-27T12:00:00Z,-17.525,178.425,0.0
1996-09-27T12:00:00Z,-17.525,178.475,0.0
1996-09-27T12:00:00Z,-17.525,178.525,0.0
1996-09-27T12:00:00Z,-17.525,178.575,0.0
1996-09-27T12:00:00Z,-17.525,178.625,0.0
1996-09-27T12:00:00Z,-17.575,178.375,0.0
1996-09-27T12:00:00Z,-17.575,178.425,0.0
1996-09-27T12:00:00Z,-17.575,178.475,0.0
1996-09-27T12:00:00Z,-17.575,178.525,0.0
1996-09-27T12:00:00Z,-17.575,178.575,0.0
1996-09-27T12:00:00Z,-17.575,178.625,0.0
1996-09-27T12:00:00Z,-17.625,178.375,NaN
1996-09-27T12:00:00Z,-17.625,178.425,NaN
1996-09-27T12:00:00Z,-17.625,178.475,NaN
1996-09-27T12:00:00Z,-17.625,178.525,0.0
1996-09-27T12:00:00Z,-17.625,178.575,0.0
1996-09-27T12:00:00Z,-17.625,178.625,0.0
1996-09-27T12:00:00Z,-17.675,178.375,NaN
1996-09-27T12:00:00Z,-17.675,178.425,NaN
1996-09-27T12:00:00Z,-17.675,178.475,NaN
1996-09-27T12:00:00Z,-17.675,178.525,NaN
1996-09-27T12:00:00Z,-17.675,178.575,0.0
1996-09-27T12:00:00Z,-17.675,178.625,0.0
1996-10-27T12:00:00Z,-17.325,178.375,0.0
1996-10-27T12:00:00Z,-17.325,178.425,0.0
1996-10-27T12:00:00Z,-17.325,178.475,0.0
1996-10-27T12:00:00Z,-17.325,178.525,0.0
1996-10-27T12:00:00Z,-17.325,178.575,0.0
1996-10-27T12:00:00Z,-17.325,178.625,0.0
1996-10-27T12:00:00Z,-17.375,178.375,0.0
1996-10-27T12:00:00Z,-17.375,178.425,0.0
1996-10-27T12:00:00Z,-17.375,178.475,0.0
1996-10-27T12:00:00Z,-17.375,178.525,0.0
1996-10-27T12:00:00Z,-17.375,178.575,0.0
1996-10-27T12:00:00Z,-17.375,178.625,0.0
1996-10-27T12:00:00Z,-17.425,178.375,0.0
1996-10-27T12:00:00Z,-17.425,178.425,0.0
1996-10-27T12:00:00Z,-17.425,178.475,0.0
1996-10-27T12:00:00Z,-17.425,178.525,0.0
1996-10-27T12:00:00Z,-17.425,178.575,0.0
1996-10-27T12:00:00Z,-17.425,178.625,0.0
1996-10-27T12:00:00Z,-17.475,178.375,0.0
1996-10-27T12:00:00Z,-17.475,178.425,0.0
1996-10-27T12:00:00Z,-17.475,178.475,0.0
1996-10-27T12:00:00Z,-17.475,178.525,0.0
1996-10-27T12:00:00Z,-17.475,178.575,0.0
1996-10-27T12:00:00Z,-17.475,178.625,0.0
1996-10-27T12:00:00Z,-17.525,178.375,0.0
1996-10-27T12:00:00Z,-17.525,178.425,0.0
1996-10-27T12:00:00Z,-17.525,178.475,0.0
1996-10-27T12:00:00Z,-17.525,178.525,0.0
1996-10-27T12:00:00Z,-17.525,178.575,0.0
1996-10-27T12:00:00Z,-17.525,178.625,0.0
1996-10-27T12:00:00Z,-17.575,178.375,0.0
1996-10-27T12:00:00Z,-17.575,178.425,0.0
1996-10-27T12:00:00Z,-17.575,178.475,0.0
1996-10-27T12:00:00Z,-17.575,178.525,0.0
1996-10-27T12:00:00Z,-17.575,178.575,0.0
1996-10-27T12:00:00Z,-17.575,178.625,0.0
1996-10-27T12:00:00Z,-17.625,178.375,NaN
1996-10-27T12:00:00Z,-17.625,178.425,NaN
1996-10-27T12:00:00Z,-17.625,178.475,NaN
1996-10-27T12:00:00Z,-17.625,178.525,0.0
1996-10-27T12:00:00Z,-17.625,178.575,0.0
1996-10-27T12:00:00Z,-17.625,178.625,0.0
1996-10-27T12:00:00Z,-17.675,178.375,NaN
1996-10-27T12:00:00Z,-17.675,178.425,NaN
1996-10-27T12:00:00Z,-17.675,178.475,NaN
1996-10-27T12:00:00Z,-17.675,178.525,NaN
1996-10-27T12:00:00Z,-17.675,178.575,0.0
1996-10-27T12:00:00Z,-17.675,178.625,0.0
1996-11-26T12:00:00Z,-17.325,178.375,0.0
1996-11-26T12:00:00Z,-17.325,178.425,0.0
1996-11-26T12:00:00Z,-17.325,178.475,0.0
1996-11-26T12:00:00Z,-17.325,178.525,0.0
1996-11-26T12:00:00Z,-17.325,178.575,0.0
1996-11-26T12:00:00Z,-17.325,178.625,0.0
1996-11-26T12:00:00Z,-17.375,178.375,0.0
1996-11-26T12:00:00Z,-17.375,178.425,0.0
1996-11-26T12:00:00Z,-17.375,178.475,0.0
1996-11-26T12:00:00Z,-17.375,178.525,0.0
1996-11-26T12:00:00Z,-17.375,178.575,0.0
1996-11-26T12:00:00Z,-17.375,178.625,0.0
1996-11-26T12:00:00Z,-17.425,178.375,0.0
1996-11-26T12:00:00Z,-17.425,178.425,0.0
1996-11-26T12:00:00Z,-17.425,178.475,0.0
1996-11-26T12:00:00Z,-17.425,178.525,0.0
1996-11-26T12:00:00Z,-17.425,178.575,0.0
1996-11-26T12:00:00Z,-17.425,178.625,0.0
1996-11-26T12:00:00Z,-17.475,178.375,0.0
1996-11-26T12:00:00Z,-17.475,178.425,0.0
1996-11-26T12:00:00Z,-17.475,178.475,0.0
1996-11-26T12:00:00Z,-17.475,178.525,0.0
1996-11-26T12:00:00Z,-17.475,178.575,0.0
1996-11-26T12:00:00Z,-17.475,178.625,0.0
1996-11-26T12:00:00Z,-17.525,178.375,0.0
1996-11-26T12:00:00Z,-17.525,178.425,0.0
1996-11-26T12:00:00Z,-17.525,178.475,0.0
1996-11-26T12:00:00Z,-17.525,178.525,0.0
1996-11-26T12:00:00Z,-17.525,178.575,0.0
1996-11-26T12:00:00Z,-17.525,178.625,0.0
1996-11-26T12:00:00Z,-17.575,178.375,0.0
1996-11-26T12:00:00Z,-17.575,178.425,0.0
1996-11-26T12:00:00Z,-17.575,178.475,0.0
1996-11-26T12:00:00Z,-17.575,178.525,0.0
1996-11-26T12:00:00Z,-17.575,178.575,0.0
1996-11-26T12:00:00Z,-17.575,178.625,0.0
1996-11-26T12:00:00Z,-17.625,178.375,NaN
1996-11-26T12:00:00Z,-17.625,178.425,NaN
1996-11-26T12:00:00Z,-17.625,178.475,NaN
1996-11-26T12:00:00Z,-17.625,178.525,0.0
1996-11-26T12:00:00Z,-17.625,178.575,0.0
1996-11-26T12:00:00Z,-17.625,178.625,0.0
1996-11-26T12:00:00Z,-17.675,178.375,NaN
1996-11-26T12:00:00Z,-17.675,178.425,NaN
1996-11-26T12:00:00Z,-17.675,178.475,NaN
1996-11-26T12:00:00Z,-17.675,178.525,NaN
1996-11-26T12:00:00Z,-17.675,178.575,0.0
1996-11-26T12:00:00Z,-17.675,178.625,0.0
1996-12-26T12:00:00Z,-17.325,178.375,0.0
1996-12-26T12:00:00Z,-17.325,178.425,0.0
1996-12-26T12:00:00Z,-17.325,178.475,0.0
1996-12-26T12:00:00Z,-17.325,178.525,0.0
1996-12-26T12:00:00Z,-17.325,178.575,0.0
1996-12-26T12:00:00Z,-17.325,178.625,0.0
1996-12-26T12:00:00Z,-17.375,178.375,0.0
1996-12-26T12:00:00Z,-17.375,178.425,0.0
1996-12-26T12:00:00Z,-17.375,178.475,0.0
1996-12-26T12:00:00Z,-17.375,178.525,0.0
1996-12-26T12:00:00Z,-17.375,178.575,0.0
1996-12-26T12:00:00Z,-17.375,178.625,0.0
1996-12-26T12:00:00Z,-17.425,178.375,0.0
1996-12-26T12:00:00Z,-17.425,178.425,0.0
1996-12-26T12:00:00Z,-17.425,178.475,0.0
1996-12-26T12:00:00Z,-17.425,178.525,0.0
1996-12-26T12:00:00Z,-17.425,178.575,0.0
1996-12-26T12:00:00Z,-17.425,178.625,0.0
1996-12-26T12:00:00Z,-17.475,178.375,0.0
1996-12-26T12:00:00Z,-17.475,178.425,0.0
1996-12-26T12:00:00Z,-17.475,178.475,0.0
1996-12-26T12:00:00Z,-17.475,178.525,0.0
1996-12-26T12:00:00Z,-17.475,178.575,0.0
1996-12-26T12:00:00Z,-17.475,178.625,0.0
1996-12-26T12:00:00Z,-17.525,178.375,0.0
1996-12-26T12:00:00Z,-17.525,178.425,0.0
1996-12-26T12:00:00Z,-17.525,178.475,0.0
1996-12-26T12:00:00Z,-17.525,178.525,0.0
1996-12-26T12:00:00Z,-17.525,178.575,0.0
1996-12-26T12:00:00Z,-17.525,178.625,0.0
1996-12-26T12:00:00Z,-17.575,178.375,0.0
1996-12-26T12:00:00Z,-17.575,178.425,0.0
1996-12-26T12:00:00Z,-17.575,178.475,0.0
1996-12-26T12:00:00Z,-17.575,178.525,0.0
1996-12-26T12:00:00Z,-17.575,178.575,0.0
1996-12-26T12:00:00Z,-17.575,178.625,0.0
1996-12-26T12:00:00Z,-17.625,178.375,NaN
1996-12-26T12:00:00Z,-17.625,178.425,NaN
1996-12-26T12:00:00Z,-17.625,178.475,NaN
1996-12-26T12:00:00Z,-17.625,178.525,0.0
1996-12-26T12:00:00Z,-17.625,178.575,0.0
1996-12-26T12:00:00Z,-17.625,178.625,0.0
1996-12-26T12:00:00Z,-17.675,178.375,NaN
1996-12-26T12:00:00Z,-17.675,178.425,NaN
1996-12-26T12:00:00Z,-17.675,178.475,NaN
1996-12-26T12:00:00Z,-17.675,178.525,NaN
1996-12-26T12:00:00Z,-17.675,178.575,0.0
1996-12-26T12:00:00Z,-17.675,178.625,0.0
1997-01-25T12:00:00Z,-17.325,178.375,0.0
1997-01-25T12:00:00Z,-17.325,178.425,0.0
1997-01-25T12:00:00Z,-17.325,178.475,0.0
1997-01-25T12:00:00Z,-17.325,178.525,0.0
1997-01-25T12:00:00Z,-17.325,178.575,0.0
1997-01-25T12:00:00Z,-17.325,178.625,0.0
1997-01-25T12:00:00Z,-17.375,178.375,0.0
1997-01-25T12:00:00Z,-17.375,178.425,0.0
1997-01-25T12:00:00Z,-17.375,178.475,0.0
1997-01-25T12:00:00Z,-17.375,178.525,0.0
1997-01-25T12:00:00Z,-17.375,178.575,0.0
1997-01-25T12:00:00Z,-17.375,178.625,0.0
1997-01-25T12:00:00Z,-17.425,178.375,0.0
1997-01-25T12:00:00Z,-17.425,178.425,0.0
1997-01-25T12:00:00Z,-17.425,178.475,0.0
1997-01-25T12:00:00Z,-17.425,178.525,0.0
1997-01-25T12:00:00Z,-17.425,178.575,0.0
1997-01-25T12:00:00Z,-17.425,178.625,0.0
1997-01-25T12:00:00Z,-17.475,178.375,0.0
1997-01-25T12:00:00Z,-17.475,178.425,0.0
1997-01-25T12:00:00Z,-17.475,178.475,0.0
1997-01-25T12:00:00Z,-17.475,178.525,0.0
1997-01-25T12:00:00Z,-17.475,178.575,0.0
1997-01-25T12:00:00Z,-17.475,178.625,0.0
1997-01-25T12:00:00Z,-17.525,178.375,0.0
1997-01-25T12:00:00Z,-17.525,178.425,0.0
1997-01-25T12:00:00Z,-17.525,178.475,0.0
1997-01-25T12:00:00Z,-17.525,178.525,0.0
1997-01-25T12:00:00Z,-17.525,178.575,0.0
1997-01-25T12:00:00Z,-17.525,178.625,0.0
1997-01-25T12:00:00Z,-17.575,178.375,0.0
1997-01-25T12:00:00Z,-17.575,178.425,0.0
1997-01-25T12:00:00Z,-17.575,178.475,0.0
1997-01-25T12:00:00Z,-17.575,178.525,0.0
1997-01-25T12:00:00Z,-17.575,178.575,0.0
1997-01-25T12:00:00Z,-17.575,178.625,0.0
1997-01-25T12:00:00Z,-17.625,178.375,NaN
1997-01-25T12:00:00Z,-17.625,178.425,NaN
1997-01-25T12:00:00Z,-17.625,178.475,NaN
1997-01-25T12:00:00Z,-17.625,178.525,0.0
1997-01-25T12:00:00Z,-17.625,178.575,0.0
1997-01-25T12:00:00Z,-17.625,178.625,0.0
1997-01-25T12:00:00Z,-17.675,178.375,NaN
1997-01-25T12:00:00Z,-17.675,178.425,NaN
1997-01-25T12:00:00Z,-17.675,178.475,NaN
1997-01-25T12:00:00Z,-17.675,178.525,NaN
1997-01-25T12:00:00Z,-17.675,178.575,0.0
1997-01-25T12:00:00Z,-17.675,178.625,0.0
1997-02-24T12:00:00Z,-17.325,178.375,0.0
1997-02-24T12:00:00Z,-17.325,178.425,0.0
1997-02-24T12:00:00Z,-17.325,178.475,0.0
1997-02-24T12:00:00Z,-17.325,178.525,0.0
1997-02-24T12:00:00Z,-17.325,178.575,0.0
1997-02-24T12:00:00Z,-17.325,178.625,0.0
1997-02-24T12:00:00Z,-17.375,178.375,0.0
1997-02-24T12:00:00Z,-17.375,178.425,0.0
1997-02-24T12:00:00Z,-17.375,178.475,0.0
1997-02-24T12:00:00Z,-17.375,178.525,0.0
1997-02-24T12:00:00Z,-17.375,178.575,0.0
1997-02-24T12:00:00Z,-17.375,178.625,0.0
1997-02-24T12:00:00Z,-17.425,178.375,0.0
1997-02-24T12:00:00Z,-17.425,178.425,0.0
1997-02-24T12:00:00Z,-17.425,178.475,0.0
1997-02-24T12:00:00Z,-17.425,178.525,0.0
1997-02-24T12:00:00Z,-17.425,178.575,0.0
1997-02-24T12:00:00Z,-17.425,178.625,0.0
1997-02-24T12:00:00Z,-17.475,178.375,0.0
1997-02-24T12:00:00Z,-17.475,178.425,0.0
1997-02-24T12:00:00Z,-17.475,178.475,0.0
1997-02-24T12:00:00Z,-17.475,178.525,0.0
1997-02-24T12:00:00Z,-17.475,178.575,0.0
1997-02-24T12:00:00Z,-17.475,178.625,0.0
1997-02-24T12:00:00Z,-17.525,178.375,0.0
1997-02-24T12:00:00Z,-17.525,178.425,0.0
1997-02-24T12:00:00Z,-17.525,178.475,0.0
1997-02-24T12:00:00Z,-17.525,178.525,0.0
1997-02-24T12:00:00Z,-17.525,178.575,0.0
1997-02-24T12:00:00Z,-17.525,178.625,0.0
1997-02-24T12:00:00Z,-17.575,178.375,0.0
1997-02-24T12:00:00Z,-17.575,178.425,0.0
1997-02-24T12:00:00Z,-17.575,178.475,0.0
1997-02-24T12:00:00Z,-17.575,178.525,0.0
1997-02-24T12:00:00Z,-17.575,178.575,0.0
1997-02-24T12:00:00Z,-17.575,178.625,0.0
1997-02-24T12:00:00Z,-17.625,178.375,NaN
1997-02-24T12:00:00Z,-17.625,178.425,NaN
1997-02-24T12:00:00Z,-17.625,178.475,NaN
1997-02-24T12:00:00Z,-17.625,178.525,0.0
1997-02-24T12:00:00Z,-17.625,178.575,0.0
1997-02-24T12:00:00Z,-17.625,178.625,0.0
1997-02-24T12:00:00Z,-17.675,178.375,NaN
1997-02-24T12:00:00Z,-17.675,178.425,NaN
1997-02-24T12:00:00Z,-17.675,178.475,NaN
1997-02-24T12:00:00Z,-17.675,178.525,NaN
1997-02-24T12:00:00Z,-17.675,178.575,0.0
1997-02-24T12:00:00Z,-17.675,178.625,0.0
1997-03-26T12:00:00Z,-17.325,178.375,0.46
1997-03-26T12:00:00Z,-17.325,178.425,0.46
1997-03-26T12:00:00Z,-17.325,178.475,0.46
1997-03-26T12:00:00Z,-17.325,178.525,0.3
1997-03-26T12:00:00Z,-17.325,178.575,0.3
1997-03-26T12:00:00Z,-17.325,178.625,0.15
1997-03-26T12:00:00Z,-17.375,178.375,0.31
1997-03-26T12:00:00Z,-17.375,178.425,0.31
1997-03-26T12:00:00Z,-17.375,178.475,0.45
1997-03-26T12:00:00Z,-17.375,178.525,0.3
1997-03-26T12:00:00Z,-17.375,178.575,0.16
1997-03-26T12:00:00Z,-17.375,178.625,0.15
1997-03-26T12:00:00Z,-17.425,178.375,0.3
1997-03-26T12:00:00Z,-17.425,178.425,0.3
1997-03-26T12:00:00Z,-17.425,178.475,0.3
1997-03-26T12:00:00Z,-17.425,178.525,0.3
1997-03-26T12:00:00Z,-17.425,178.575,0.44
1997-03-26T12:00:00Z,-17.425,178.625,0.44
1997-03-26T12:00:00Z,-17.475,178.375,0.15
1997-03-26T12:00:00Z,-17.475,178.425,0.3
1997-03-26T12:00:00Z,-17.475,178.475,0.3
1997-03-26T12:00:00Z,-17.475,178.525,0.3
1997-03-26T12:00:00Z,-17.475,178.575,0.45
1997-03-26T12:00:00Z,-17.475,178.625,0.45
1997-03-26T12:00:00Z,-17.525,178.375,0.15
1997-03-26T12:00:00Z,-17.525,178.425,0.15
1997-03-26T12:00:00Z,-17.525,178.475,0.3
1997-03-26T12:00:00Z,-17.525,178.525,0.44
1997-03-26T12:00:00Z,-17.525,178.575,0.45
1997-03-26T12:00:00Z,-17.525,178.625,0.46
1997-03-26T12:00:00Z,-17.575,178.375,0.15
1997-03-26T12:00:00Z,-17.575,178.425,0.15
1997-03-26T12:00:00Z,-17.575,178.475,0.29
1997-03-26T12:00:00Z,-17.575,178.525,0.45
1997-03-26T12:00:00Z,-17.575,178.575,0.46
1997-03-26T12:00:00Z,-17.575,178.625,0.61
1997-03-26T12:00:00Z,-17.625,178.375,NaN
1997-03-26T12:00:00Z,-17.625,178.425,NaN
1997-03-26T12:00:00Z,-17.625,178.475,NaN
1997-03-26T12:00:00Z,-17.625,178.525,0.46
1997-03-26T12:00:00Z,-17.625,178.575,0.61
1997-03-26T12:00:00Z,-17.625,178.625,0.77
1997-03-26T12:00:00Z,-17.675,178.375,NaN
1997-03-26T12:00:00Z,-17.675,178.425,NaN
1997-03-26T12:00:00Z,-17.675,178.475,NaN
1997-03-26T12:00:00Z,-17.675,178.525,NaN
1997-03-26T12:00:00Z,-17.675,178.575,0.76
1997-03-26T12:00:00Z,-17.675,178.625,0.78
1997-04-25T12:00:00Z,-17.325,178.375,0.46
1997-04-25T12:00:00Z,-17.325,178.425,0.46
1997-04-25T12:00:00Z,-17.325,178.475,0.46
1997-04-25T12:00:00Z,-17.325,178.525,0.3
1997-04-25T12:00:00Z,-17.325,178.575,0.3
1997-04-25T12:00:00Z,-17.325,178.625,0.15
1997-04-25T12:00:00Z,-17.375,178.375,0.31
1997-04-25T12:00:00Z,-17.375,178.425,0.31
1997-04-25T12:00:00Z,-17.375,178.475,0.45
1997-04-25T12:00:00Z,-17.375,178.525,0.3
1997-04-25T12:00:00Z,-17.375,178.575,0.16
1997-04-25T12:00:00Z,-17.375,178.625,0.15
1997-04-25T12:00:00Z,-17.425,178.375,0.3
1997-04-25T12:00:00Z,-17.425,178.425,0.3
1997-04-25T12:00:00Z,-17.425,178.475,0.3
1997-04-25T12:00:00Z,-17.425,178.525,0.3
1997-04-25T12:00:00Z,-17.425,178.575,0.44
1997-04-25T12:00:00Z,-17.425,178.625,0.44
1997-04-25T12:00:00Z,-17.475,178.375,0.15
1997-04-25T12:00:00Z,-17.475,178.425,0.3
1997-04-25T12:00:00Z,-17.475,178.475,0.3
1997-04-25T12:00:00Z,-17.475,178.525,0.3
1997-04-25T12:00:00Z,-17.475,178.575,0.45
1997-04-25T12:00:00Z,-17.475,178.625,0.45
1997-04-25T12:00:00Z,-17.525,178.375,0.15
1997-04-25T12:00:00Z,-17.525,178.425,0.15
1997-04-25T12:00:00Z,-17.525,178.475,0.3
1997-04-25T12:00:00Z,-17.525,178.525,0.44
1997-04-25T12:00:00Z,-17.525,178.575,0.45
1997-04-25T12:00:00Z,-17.525,178.625,0.46
1997-04-25T12:00:00Z,-17.575,178.375,0.15
1997-04-25T12:00:00Z,-17.575,178.425,0.15
1997-04-25T12:00:00Z,-17.575,178.475,0.29
1997-04-25T12:00:00Z,-17.575,178.525,0.45
1997-04-25T12:00:00Z,-17.575,178.575,0.46
1997-04-25T12:00:00Z,-17.575,178.625,0.61
1997-04-25T12:00:00Z,-17.625,178.375,NaN
1997-04-25T12:00:00Z,-17.625,178.425,NaN
1997-04-25T12:00:00Z,-17.625,178.475,NaN
1997-04-25T12:00:00Z,-17.625,178.525,0.46
1997-04-25T12:00:00Z,-17.625,178.575,0.61
1997-04-25T12:00:00Z,-17.625,178.625,0.77
1997-04-25T12:00:00Z,-17.675,178.375,NaN
1997-04-25T12:00:00Z,-17.675,178.425,NaN
1997-04-25T12:00:00Z,-17.675,178.475,NaN
1997-04-25T12:00:00Z,-17.675,178.525,NaN
1997-04-25T12:00:00Z,-17.675,178.575,0.76
1997-04-25T12:00:00Z,-17.675,178.625,0.78
1997-05-25T12:00:00Z,-17.325,178.375,0.0
1997-05-25T12:00:00Z,-17.325,178.425,0.0
1997-05-25T12:00:00Z,-17.325,178.475,0.0
1997-05-25T12:00:00Z,-17.325,178.525,0.0
1997-05-25T12:00:00Z,-17.325,178.575,0.0
1997-05-25T12:00:00Z,-17.325,178.625,0.0
1997-05-25T12:00:00Z,-17.375,178.375,0.0
1997-05-25T12:00:00Z,-17.375,178.425,0.0
1997-05-25T12:00:00Z,-17.375,178.475,0.0
1997-05-25T12:00:00Z,-17.375,178.525,0.0
1997-05-25T12:00:00Z,-17.375,178.575,0.0
1997-05-25T12:00:00Z,-17.375,178.625,0.0
1997-05-25T12:00:00Z,-17.425,178.375,0.0
1997-05-25T12:00:00Z,-17.425,178.425,0.0
1997-05-25T12:00:00Z,-17.425,178.475,0.0
1997-05-25T12:00:00Z,-17.425,178.525,0.0
1997-05-25T12:00:00Z,-17.425,178.575,0.0
1997-05-25T12:00:00Z,-17.425,178.625,0.0
1997-05-25T12:00:00Z,-17.475,178.375,0.0
1997-05-25T12:00:00Z,-17.475,178.425,0.0
1997-05-25T12:00:00Z,-17.475,178.475,0.0
1997-05-25T12:00:00Z,-17.475,178.525,0.0
1997-05-25T12:00:00Z,-17.475,178.575,0.0
1997-05-25T12:00:00Z,-17.475,178.625,0.0
1997-05-25T12:00:00Z,-17.525,178.375,0.0
1997-05-25T12:00:00Z,-17.525,178.425,0.0
1997-05-25T12:00:00Z,-17.525,178.475,0.0
1997-05-25T12:00:00Z,-17.525,178.525,0.0
1997-05-25T12:00:00Z,-17.525,178.575,0.0
1997-05-25T12:00:00Z,-17.525,178.625,0.0
1997-05-25T12:00:00Z,-17.575,178.375,0.0
1997-05-25T12:00:00Z,-17.575,178.425,0.0
1997-05-25T12:00:00Z,-17.575,178.475,0.0
1997-05-25T12:00:00Z,-17.575,178.525,0.0
1997-05-25T12:00:00Z,-17.575,178.575,0.0
1997-05-25T12:00:00Z,-17.575,178.625,0.0
1997-05-25T12:00:00Z,-17.625,178.375,NaN
1997-05-25T12:00:00Z,-17.625,178.425,NaN
1997-05-25T12:00:00Z,-17.625,178.475,NaN
1997-05-25T12:00:00Z,-17.625,178.525,0.0
1997-05-25T12:00:00Z,-17.625,178.575,0.0
1997-05-25T12:00:00Z,-17.625,178.625,0.0
1997-05-25T12:00:00Z,-17.675,178.375,NaN
1997-05-25T12:00:00Z,-17.675,178.425,NaN
1997-05-25T12:00:00Z,-17.675,178.475,NaN
1997-05-25T12:00:00Z,-17.675,178.525,NaN
1997-05-25T12:00:00Z,-17.675,178.575,0.0
1997-05-25T12:00:00Z,-17.675,178.625,0.0
1997-06-24T12:00:00Z,-17.325,178.375,0.0
1997-06-24T12:00:00Z,-17.325,178.425,0.0
1997-06-24T12:00:00Z,-17.325,178.475,0.0
1997-06-24T12:00:00Z,-17.325,178.525,0.0
1997-06-24T12:00:00Z,-17.325,178.575,0.0
1997-06-24T12:00:00Z,-17.325,178.625,0.0
1997-06-24T12:00:00Z,-17.375,178.375,0.0
1997-06-24T12:00:00Z,-17.375,178.425,0.0
1997-06-24T12:00:00Z,-17.375,178.475,0.0
1997-06-24T12:00:00Z,-17.375,178.525,0.0
1997-06-24T12:00:00Z,-17.375,178.575,0.0
1997-06-24T12:00:00Z,-17.375,178.625,0.0
1997-06-24T12:00:00Z,-17.425,178.375,0.0
1997-06-24T12:00:00Z,-17.425,178.425,0.0
1997-06-24T12:00:00Z,-17.425,178.475,0.0
1997-06-24T12:00:00Z,-17.425,178.525,0.0
1997-06-24T12:00:00Z,-17.425,178.575,0.0
1997-06-24T12:00:00Z,-17.425,178.625,0.0
1997-06-24T12:00:00Z,-17.475,178.375,0.0
1997-06-24T12:00:00Z,-17.475,178.425,0.0
1997-06-24T12:00:00Z,-17.475,178.475,0.0
1997-06-24T12:00:00Z,-17.475,178.525,0.0
1997-06-24T12:00:00Z,-17.475,178.575,0.0
1997-06-24T12:00:00Z,-17.475,178.625,0.0
1997-06-24T12:00:00Z,-17.525,178.375,0.0
1997-06-24T12:00:00Z,-17.525,178.425,0.0
1997-06-24T12:00:00Z,-17.525,178.475,0.0
1997-06-24T12:00:00Z,-17.525,178.525,0.0
1997-06-24T12:00:00Z,-17.525,178.575,0.0
1997-06-24T12:00:00Z,-17.525,178.625,0.0
1997-06-24T12:00:00Z,-17.575,178.375,0.0
1997-06-24T12:00:00Z,-17.575,178.425,0.0
1997-06-24T12:00:00Z,-17.575,178.475,0.0
1997-06-24T12:00:00Z,-17.575,178.525,0.0
1997-06-24T12:00:00Z,-17.575,178.575,0.0
1997-06-24T12:00:00Z,-17.575,178.625,0.0
1997-06-24T12:00:00Z,-17.625,178.375,NaN
1997-06-24T12:00:00Z,-17.625,178.425,NaN
1997-06-24T12:00:00Z,-17.625,178.475,NaN
1997-06-24T12:00:00Z,-17.625,178.525,0.0
1997-06-24T12:00:00Z,-17.625,178.575,0.0
1997-06-24T12:00:00Z,-17.625,178.625,0.0
1997-06-24T12:00:00Z,-17.675,178.375,NaN
1997-06-24T12:00:00Z,-17.675,178.425,NaN
1997-06-24T12:00:00Z,-17.675,178.475,NaN
1997-06-24T12:00:00Z,-17.675,178.525,NaN
1997-06-24T12:00:00Z,-17.675,178.575,0.0
1997-06-24T12:00:00Z,-17.675,178.625,0.0
1997-07-24T12:00:00Z,-17.325,178.375,0.0
1997-07-24T12:00:00Z,-17.325,178.425,0.0
1997-07-24T12:00:00Z,-17.325,178.475,0.0
1997-07-24T12:00:00Z,-17.325,178.525,0.0
1997-07-24T12:00:00Z,-17.325,178.575,0.0
1997-07-24T12:00:00Z,-17.325,178.625,0.0
1997-07-24T12:00:00Z,-17.375,178.375,0.0
1997-07-24T12:00:00Z,-17.375,178.425,0.0
1997-07-24T12:00:00Z,-17.375,178.475,0.0
1997-07-24T12:00:00Z,-17.375,178.525,0.0
1997-07-24T12:00:00Z,-17.375,178.575,0.0
1997-07-24T12:00:00Z,-17.375,178.625,0.0
1997-07-24T12:00:00Z,-17.425,178.375,0.0
1997-07-24T12:00:00Z,-17.425,178.425,0.0
1997-07-24T12:00:00Z,-17.425,178.475,0.0
1997-07-24T12:00:00Z,-17.425,178.525,0.0
1997-07-24T12:00:00Z,-17.425,178.575,0.0
1997-07-24T12:00:00Z,-17.425,178.625,0.0
1997-07-24T12:00:00Z,-17.475,178.375,0.0
1997-07-24T12:00:00Z,-17.475,178.425,0.0
1997-07-24T12:00:00Z,-17.475,178.475,0.0
1997-07-24T12:00:00Z,-17.475,178.525,0.0
1997-07-24T12:00:00Z,-17.475,178.575,0.0
1997-07-24T12:00:00Z,-17.475,178.625,0.0
1997-07-24T12:00:00Z,-17.525,178.375,0.0
1997-07-24T12:00:00Z,-17.525,178.425,0.0
1997-07-24T12:00:00Z,-17.525,178.475,0.0
1997-07-24T12:00:00Z,-17.525,178.525,0.0
1997-07-24T12:00:00Z,-17.525,178.575,0.0
1997-07-24T12:00:00Z,-17.525,178.625,0.0
1997-07-24T12:00:00Z,-17.575,178.375,0.0
1997-07-24T12:00:00Z,-17.575,178.425,0.0
1997-07-24T12:00:00Z,-17.575,178.475,0.0
1997-07-24T12:00:00Z,-17.575,178.525,0.0
1997-07-24T12:00:00Z,-17.575,178.575,0.0
1997-07-24T12:00:00Z,-17.575,178.625,0.0
1997-07-24T12:00:00Z,-17.625,178.375,NaN
1997-07-24T12:00:00Z,-17.625,178.425,NaN
1997-07-24T12:00:00Z,-17.625,178.475,NaN
1997-07-24T12:00:00Z,-17.625,178.525,0.0
1997-07-24T12:00:00Z,-17.625,178.575,0.0
1997-07-24T12:00:00Z,-17.625,178.625,0.0
1997-07-24T12:00:00Z,-17.675,178.375,NaN
1997-07-24T12:00:00Z,-17.675,178.425,NaN
1997-07-24T12:00:00Z,-17.675,178.475,NaN
1997-07-24T12:00:00Z,-17.675,178.525,NaN
1997-07-24T12:00:00Z,-17.675,178.575,0.0
1997-07-24T12:00:00Z,-17.675,178.625,0.0
1997-08-23T12:00:00Z,-17.325,178.375,0.0
1997-08-23T12:00:00Z,-17.325,178.425,0.0
1997-08-23T12:00:00Z,-17.325,178.475,0.0
1997-08-23T12:00:00Z,-17.325,178.525,0.0
1997-08-23T12:00:00Z,-17.325,178.575,0.0
1997-08-23T12:00:00Z,-17.325,178.625,0.0
1997-08-23T12:00:00Z,-17.375,178.375,0.0
1997-08-23T12:00:00Z,-17.375,178.425,0.0
1997-08-23T12:00:00Z,-17.375,178.475,0.0
1997-08-23T12:00:00Z,-17.375,178.525,0.0
1997-08-23T12:00:00Z,-17.375,178.575,0.0
1997-08-23T12:00:00Z,-17.375,178.625,0.0
1997-08-23T12:00:00Z,-17.425,178.375,0.0
1997-08-23T12:00:00Z,-17.425,178.425,0.0
1997-08-23T12:00:00Z,-17.425,178.475,0.0
1997-08-23T12:00:00Z,-17.425,178.525,0.0
1997-08-23T12:00:00Z,-17.425,178.575,0.0
1997-08-23T12:00:00Z,-17.425,178.625,0.0
1997-08-23T12:00:00Z,-17.475,178.375,0.0
1997-08-23T12:00:00Z,-17.475,178.425,0.0
1997-08-23T12:00:00Z,-17.475,178.475,0.0
1997-08-23T12:00:00Z,-17.475,178.525,0.0
1997-08-23T12:00:00Z,-17.475,178.575,0.0
1997-08-23T12:00:00Z,-17.475,178.625,0.0
1997-08-23T12:00:00Z,-17.525,178.375,0.0
1997-08-23T12:00:00Z,-17.525,178.425,0.0
1997-08-23T12:00:00Z,-17.525,178.475,0.0
1997-08-23T12:00:00Z,-17.525,178.525,0.0
1997-08-23T12:00:00Z,-17.525,178.575,0.0
1997-08-23T12:00:00Z,-17.525,178.625,0.0
1997-08-23T12:00:00Z,-17.575,178.375,0.0
1997-08-23T12:00:00Z,-17.575,178.425,0.0
1997-08-23T12:00:00Z,-17.575,178.475,0.0
1997-08-23T12:00:00Z,-17.575,178.525,0.0
1997-08-23T12:00:00Z,-17.575,178.575,0.0
1997-08-23T12:00:00Z,-17.575,178.625,0.0
1997-08-23T12:00:00Z,-17.625,178.375,NaN
1997-08-23T12:00:00Z,-17.625,178.425,NaN
1997-08-23T12:00:00Z,-17.625,178.475,NaN
1997-08-23T12:00:00Z,-17.625,178.525,0.0
1997-08-23T12:00:00Z,-17.625,178.575,0.0
1997-08-23T12:00:00Z,-17.625,178.625,0.0
1997-08-23T12:00:00Z,-17.675,178.375,NaN
1997-08-23T12:00:00Z,-17.675,178.425,NaN
1997-08-23T12:00:00Z,-17.675,178.475,NaN
1997-08-23T12:00:00Z,-17.675,178.525,NaN
1997-08-23T12:00:00Z,-17.675,178.575,0.0
1997-08-23T12:00:00Z,-17.675,178.625,0.0
1997-09-22T12:00:00Z,-17.325,178.375,0.0
1997-09-22T12:00:00Z,-17.325,178.425,0.0
1997-09-22T12:00:00Z,-17.325,178.475,0.0
1997-09-22T12:00:00Z,-17.325,178.525,0.0
1997-09-22T12:00:00Z,-17.325,178.575,0.0
1997-09-22T12:00:00Z,-17.325,178.625,0.0
1997-09-22T12:00:00Z,-17.375,178.375,0.0
1997-09-22T12:00:00Z,-17.375,178.425,0.0
1997-09-22T12:00:00Z,-17.375,178.475,0.0
1997-09-22T12:00:00Z,-17.375,178.525,0.0
1997-09-22T12:00:00Z,-17.375,178.575,0.0
1997-09-22T12:00:00Z,-17.375,178.625,0.0
1997-09-22T12:00:00Z,-17.425,178.375,0.0
1997-09-22T12:00:00Z,-17.425,178.425,0.0
1997-09-22T12:00:00Z,-17.425,178.475,0.0
1997-09-22T12:00:00Z,-17.425,178.525,0.0
1997-09-22T12:00:00Z,-17.425,178.575,0.0
1997-09-22T12:00:00Z,-17.425,178.625,0.0
1997-09-22T12:00:00Z,-17.475,178.375,0.0
1997-09-22T12:00:00Z,-17.475,178.425,0.0
1997-09-22T12:00:00Z,-17.475,178.475,0.0
1997-09-22T12:00:00Z,-17.475,178.525,0.0
1997-09-22T12:00:00Z,-17.475,178.575,0.0
1997-09-22T12:00:00Z,-17.475,178.625,0.0
1997-09-22T12:00:00Z,-17.525,178.375,0.0
1997-09-22T12:00:00Z,-17.525,178.425,0.0
1997-09-22T12:00:00Z,-17.525,178.475,0.0
1997-09-22T12:00:00Z,-17.525,178.525,0.0
1997-09-22T12:00:00Z,-17.525,178.575,0.0
1997-09-22T12:00:00Z,-17.525,178.625,0.0
1997-09-22T12:00:00Z,-17.575,178.375,0.0
1997-09-22T12:00:00Z,-17.575,178.425,0.0
1997-09-22T12:00:00Z,-17.575,178.475,0.0
1997-09-22T12:00:00Z,-17.575,178.525,0.0
1997-09-22T12:00:00Z,-17.575,178.575,0.0
1997-09-22T12:00:00Z,-17.575,178.625,0.0
1997-09-22T12:00:00Z,-17.625,178.375,NaN
1997-09-22T12:00:00Z,-17.625,178.425,NaN
1997-09-22T12:00:00Z,-17.625,178.475,NaN
1997-09-22T12:00:00Z,-17.625,178.525,0.0
1997-09-22T12:00:00Z,-17.625,178.575,0.0
1997-09-22T12:00:00Z,-17.625,178.625,0.0
1997-09-22T12:00:00Z,-17.675,178.375,NaN
1997-09-22T12:00:00Z,-17.675,178.425,NaN
1997-09-22T12:00:00Z,-17.675,178.475,NaN
1997-09-22T12:00:00Z,-17.675,178.525,NaN
1997-09-22T12:00:00Z,-17.675,178.575,0.0
1997-09-22T12:00:00Z,-17.675,178.625,0.0
1997-10-22T12:00:00Z,-17.325,178.375,0.0
1997-10-22T12:00:00Z,-17.325,178.425,0.0
1997-10-22T12:00:00Z,-17.325,178.475,0.0
1997-10-22T12:00:00Z,-17.325,178.525,0.0
1997-10-22T12:00:00Z,-17.325,178.575,0.0
1997-10-22T12:00:00Z,-17.325,178.625,0.0
1997-10-22T12:00:00Z,-17.375,178.375,0.0
1997-10-22T12:00:00Z,-17.375,178.425,0.0
1997-10-22T12:00:00Z,-17.375,178.475,0.0
1997-10-22T12:00:00Z,-17.375,178.525,0.0
1997-10-22T12:00:00Z,-17.375,178.575,0.0
1997-10-22T12:00:00Z,-17.375,178.625,0.0
1997-10-22T12:00:00Z,-17.425,178.375,0.0
1997-10-22T12:00:00Z,-17.425,178.425,0.0
1997-10-22T12:00:00Z,-17.425,178.475,0.0
1997-10-22T12:00:00Z,-17.425,178.525,0.0
1997-10-22T12:00:00Z,-17.425,178.575,0.0
1997-10-22T12:00:00Z,-17.425,178.625,0.0
1997-10-22T12:00:00Z,-17.475,178.375,0.0
1997-10-22T12:00:00Z,-17.475,178.425,0.0
1997-10-22T12:00:00Z,-17.475,178.475,0.0
1997-10-22T12:00:00Z,-17.475,178.525,0.0
1997-10-22T12:00:00Z,-17.475,178.575,0.0
1997-10-22T12:00:00Z,-17.475,178.625,0.0
1997-10-22T12:00:00Z,-17.525,178.375,0.0
1997-10-22T12:00:00Z,-17.525,178.425,0.0
1997-10-22T12:00:00Z,-17.525,178.475,0.0
1997-10-22T12:00:00Z,-17.525,178.525,0.0
1997-10-22T12:00:00Z,-17.525,178.575,0.0
1997-10-22T12:00:00Z,-17.525,178.625,0.0
1997-10-22T12:00:00Z,-17.575,178.375,0.0
1997-10-22T12:00:00Z,-17.575,178.425,0.0
1997-10-22T12:00:00Z,-17.575,178.475,0.0
1997-10-22T12:00:00Z,-17.575,178.525,0.0
1997-10-22T12:00:00Z,-17.575,178.575,0.0
1997-10-22T12:00:00Z,-17.575,178.625,0.0
1997-10-22T12:00:00Z,-17.625,178.375,NaN
1997-10-22T12:00:00Z,-17.625,178.425,NaN
1997-10-22T12:00:00Z,-17.625,178.475,NaN
1997-10-22T12:00:00Z,-17.625,178.525,0.0
1997-10-22T12:00:00Z,-17.625,178.575,0.0
1997-10-22T12:00:00Z,-17.625,178.625,0.0
1997-10-22T12:00:00Z,-17.675,178.375,NaN
1997-10-22T12:00:00Z,-17.675,178.425,NaN
1997-10-22T12:00:00Z,-17.675,178.475,NaN
1997-10-22T12:00:00Z,-17.675,178.525,NaN
1997-10-22T12:00:00Z,-17.675,178.575,0.0
1997-10-22T12:00:00Z,-17.675,178.625,0.0
1997-11-21T12:00:00Z,-17.325,178.375,0.0
1997-11-21T12:00:00Z,-17.325,178.425,0.0
1997-11-21T12:00:00Z,-17.325,178.475,0.0
1997-11-21T12:00:00Z,-17.325,178.525,0.0
1997-11-21T12:00:00Z,-17.325,178.575,0.0
1997-11-21T12:00:00Z,-17.325,178.625,0.0
1997-11-21T12:00:00Z,-17.375,178.375,0.0
1997-11-21T12:00:00Z,-17.375,178.425,0.0
1997-11-21T12:00:00Z,-17.375,178.475,0.0
1997-11-21T12:00:00Z,-17.375,178.525,0.0
1997-11-21T12:00:00Z,-17.375,178.575,0.0
1997-11-21T12:00:00Z,-17.375,178.625,0.0
1997-11-21T12:00:00Z,-17.425,178.375,0.0
1997-11-21T12:00:00Z,-17.425,178.425,0.0
1997-11-21T12:00:00Z,-17.425,178.475,0.0
1997-11-21T12:00:00Z,-17.425,178.525,0.0
1997-11-21T12:00:00Z,-17.425,178.575,0.0
1997-11-21T12:00:00Z,-17.425,178.625,0.0
1997-11-21T12:00:00Z,-17.475,178.375,0.0
1997-11-21T12:00:00Z,-17.475,178.425,0.0
1997-11-21T12:00:00Z,-17.475,178.475,0.0
1997-11-21T12:00:00Z,-17.475,178.525,0.0
1997-11-21T12:00:00Z,-17.475,178.575,0.0
1997-11-21T12:00:00Z,-17.475,178.625,0.0
1997-11-21T12:00:00Z,-17.525,178.375,0.0
1997-11-21T12:00:00Z,-17.525,178.425,0.0
1997-11-21T12:00:00Z,-17.525,178.475,0.0
1997-11-21T12:00:00Z,-17.525,178.525,0.0
1997-11-21T12:00:00Z,-17.525,178.575,0.0
1997-11-21T12:00:00Z,-17.525,178.625,0.0
1997-11-21T12:00:00Z,-17.575,178.375,0.0
1997-11-21T12:00:00Z,-17.575,178.425,0.0
1997-11-21T12:00:00Z,-17.575,178.475,0.0
1997-11-21T12:00:00Z,-17.575,178.525,0.0
1997-11-21T12:00:00Z,-17.575,178.575,0.0
1997-11-21T12:00:00Z,-17.575,178.625,0.0
1997-11-21T12:00:00Z,-17.625,178.375,NaN
1997-11-21T12:00:00Z,-17.625,178.425,NaN
1997-11-21T12:00:00Z,-17.625,178.475,NaN
1997-11-21T12:00:00Z,-17.625,178.525,0.0
1997-11-21T12:00:00Z,-17.625,178.575,0.0
1997-11-21T12:00:00Z,-17.625,178.625,0.0
1997-11-21T12:00:00Z,-17.675,178.375,NaN
1997-11-21T12:00:00Z,-17.675,178.425,NaN
1997-11-21T12:00:00Z,-17.675,178.475,NaN
1997-11-21T12:00:00Z,-17.675,178.525,NaN
1997-11-21T12:00:00Z,-17.675,178.575,0.0
1997-11-21T12:00:00Z,-17.675,178.625,0.0
1997-12-21T12:00:00Z,-17.325,178.375,0.0
1997-12-21T12:00:00Z,-17.325,178.425,0.0
1997-12-21T12:00:00Z,-17.325,178.475,0.0
1997-12-21T12:00:00Z,-17.325,178.525,0.0
1997-12-21T12:00:00Z,-17.325,178.575,0.0
1997-12-21T12:00:00Z,-17.325,178.625,0.0
1997-12-21T12:00:00Z,-17.375,178.375,0.0
1997-12-21T12:00:00Z,-17.375,178.425,0.0
1997-12-21T12:00:00Z,-17.375,178.475,0.0
1997-12-21T12:00:00Z,-17.375,178.525,0.0
1997-12-21T12:00:00Z,-17.375,178.575,0.0
1997-12-21T12:00:00Z,-17.375,178.625,0.0
1997-12-21T12:00:00Z,-17.425,178.375,0.0
1997-12-21T12:00:00Z,-17.425,178.425,0.0
1997-12-21T12:00:00Z,-17.425,178.475,0.0
1997-12-21T12:00:00Z,-17.425,178.525,0.0
1997-12-21T12:00:00Z,-17.425,178.575,0.0
1997-12-21T12:00:00Z,-17.425,178.625,0.0
1997-12-21T12:00:00Z,-17.475,178.375,0.0
1997-12-21T12:00:00Z,-17.475,178.425,0.0
1997-12-21T12:00:00Z,-17.475,178.475,0.0
1997-12-21T12:00:00Z,-17.475,178.525,0.0
1997-12-21T12:00:00Z,-17.475,178.575,0.0
1997-12-21T12:00:00Z,-17.475,178.625,0.0
1997-12-21T12:00:00Z,-17.525,178.375,0.0
1997-12-21T12:00:00Z,-17.525,178.425,0.0
1997-12-21T12:00:00Z,-17.525,178.475,0.0
1997-12-21T12:00:00Z,-17.525,178.525,0.0
1997-12-21T12:00:00Z,-17.525,178.575,0.0
1997-12-21T12:00:00Z,-17.525,178.625,0.0
1997-12-21T12:00:00Z,-17.575,178.375,0.0
1997-12-21T12:00:00Z,-17.575,178.425,0.0
1997-12-21T12:00:00Z,-17.575,178.475,0.0
1997-12-21T12:00:00Z,-17.575,178.525,0.0
1997-12-21T12:00:00Z,-17.575,178.575,0.0
1997-12-21T12:00:00Z,-17.575,178.625,0.0
1997-12-21T12:00:00Z,-17.625,178.375,NaN
1997-12-21T12:00:00Z,-17.625,178.425,NaN
1997-12-21T12:00:00Z,-17.625,178.475,NaN
1997-12-21T12:00:00Z,-17.625,178.525,0.0
1997-12-21T12:00:00Z,-17.625,178.575,0.0
1997-12-21T12:00:00Z,-17.625,178.625,0.0
1997-12-21T12:00:00Z,-17.675,178.375,NaN
1997-12-21T12:00:00Z,-17.675,178.425,NaN
1997-12-21T12:00:00Z,-17.675,178.475,NaN
1997-12-21T12:00:00Z,-17.675,178.525,NaN
1997-12-21T12:00:00Z,-17.675,178.575,0.0
1997-12-21T12:00:00Z,-17.675,178.625,0.0
1998-01-20T12:00:00Z,-17.325,178.375,0.0
1998-01-20T12:00:00Z,-17.325,178.425,0.0
1998-01-20T12:00:00Z,-17.325,178.475,0.0
1998-01-20T12:00:00Z,-17.325,178.525,0.0
1998-01-20T12:00:00Z,-17.325,178.575,0.0
1998-01-20T12:00:00Z,-17.325,178.625,0.0
1998-01-20T12:00:00Z,-17.375,178.375,0.0
1998-01-20T12:00:00Z,-17.375,178.425,0.0
1998-01-20T12:00:00Z,-17.375,178.475,0.0
1998-01-20T12:00:00Z,-17.375,178.525,0.0
1998-01-20T12:00:00Z,-17.375,178.575,0.0
1998-01-20T12:00:00Z,-17.375,178.625,0.0
1998-01-20T12:00:00Z,-17.425,178.375,0.0
1998-01-20T12:00:00Z,-17.425,178.425,0.0
1998-01-20T12:00:00Z,-17.425,178.475,0.0
1998-01-20T12:00:00Z,-17.425,178.525,0.0
1998-01-20T12:00:00Z,-17.425,178.575,0.0
1998-01-20T12:00:00Z,-17.425,178.625,0.0
1998-01-20T12:00:00Z,-17.475,178.375,0.0
1998-01-20T12:00:00Z,-17.475,178.425,0.0
1998-01-20T12:00:00Z,-17.475,178.475,0.0
1998-01-20T12:00:00Z,-17.475,178.525,0.0
1998-01-20T12:00:00Z,-17.475,178.575,0.0
1998-01-20T12:00:00Z,-17.475,178.625,0.0
1998-01-20T12:00:00Z,-17.525,178.375,0.0
1998-01-20T12:00:00Z,-17.525,178.425,0.0
1998-01-20T12:00:00Z,-17.525,178.475,0.0
1998-01-20T12:00:00Z,-17.525,178.525,0.0
1998-01-20T12:00:00Z,-17.525,178.575,0.0
1998-01-20T12:00:00Z,-17.525,178.625,0.0
1998-01-20T12:00:00Z,-17.575,178.375,0.0
1998-01-20T12:00:00Z,-17.575,178.425,0.0
1998-01-20T12:00:00Z,-17.575,178.475,0.0
1998-01-20T12:00:00Z,-17.575,178.525,0.0
1998-01-20T12:00:00Z,-17.575,178.575,0.0
1998-01-20T12:00:00Z,-17.575,178.625,0.0
1998-01-20T12:00:00Z,-17.625,178.375,NaN
1998-01-20T12:00:00Z,-17.625,178.425,NaN
1998-01-20T12:00:00Z,-17.625,178.475,NaN
1998-01-20T12:00:00Z,-17.625,178.525,0.0
1998-01-20T12:00:00Z,-17.625,178.575,0.0
1998-01-20T12:00:00Z,-17.625,178.625,0.0
1998-01-20T12:00:00Z,-17.675,178.375,NaN
1998-01-20T12:00:00Z,-17.675,178.425,NaN
1998-01-20T12:00:00Z,-17.675,178.475,NaN
1998-01-20T12:00:00Z,-17.675,178.525,NaN
1998-01-20T12:00:00Z,-17.675,178.575,0.0
1998-01-20T12:00:00Z,-17.675,178.625,0.0
1998-02-19T12:00:00Z,-17.325,178.375,0.0
1998-02-19T12:00:00Z,-17.325,178.425,0.0
1998-02-19T12:00:00Z,-17.325,178.475,0.0
1998-02-19T12:00:00Z,-17.325,178.525,0.0
1998-02-19T12:00:00Z,-17.325,178.575,0.0
1998-02-19T12:00:00Z,-17.325,178.625,0.0
1998-02-19T12:00:00Z,-17.375,178.375,0.0
1998-02-19T12:00:00Z,-17.375,178.425,0.0
1998-02-19T12:00:00Z,-17.375,178.475,0.0
1998-02-19T12:00:00Z,-17.375,178.525,0.0
1998-02-19T12:00:00Z,-17.375,178.575,0.0
1998-02-19T12:00:00Z,-17.375,178.625,0.0
1998-02-19T12:00:00Z,-17.425,178.375,0.0
1998-02-19T12:00:00Z,-17.425,178.425,0.0
1998-02-19T12:00:00Z,-17.425,178.475,0.0
1998-02-19T12:00:00Z,-17.425,178.525,0.0
1998-02-19T12:00:00Z,-17.425,178.575,0.0
1998-02-19T12:00:00Z,-17.425,178.625,0.0
1998-02-19T12:00:00Z,-17.475,178.375,0.0
1998-02-19T12:00:00Z,-17.475,178.425,0.0
1998-02-19T12:00:00Z,-17.475,178.475,0.0
1998-02-19T12:00:00Z,-17.475,178.525,0.0
1998-02-19T12:00:00Z,-17.475,178.575,0.0
1998-02-19T12:00:00Z,-17.475,178.625,0.0
1998-02-19T12:00:00Z,-17.525,178.375,0.0
1998-02-19T12:00:00Z,-17.525,178.425,0.0
1998-02-19T12:00:00Z,-17.525,178.475,0.0
1998-02-19T12:00:00Z,-17.525,178.525,0.0
1998-02-19T12:00:00Z,-17.525,178.575,0.0
1998-02-19T12:00:00Z,-17.525,178.625,0.0
1998-02-19T12:00:00Z,-17.575,178.375,0.0
1998-02-19T12:00:00Z,-17.575,178.425,0.0
1998-02-19T12:00:00Z,-17.575,178.475,0.0
1998-02-19T12:00:00Z,-17.575,178.525,0.0
1998-02-19T12:00:00Z,-17.575,178.575,0.0
1998-02-19T12:00:00Z,-17.575,178.625,0.0
1998-02-19T12:00:00Z,-17.625,178.375,NaN
1998-02-19T12:00:00Z,-17.625,178.425,NaN
1998-02-19T12:00:00Z,-17.625,178.475,NaN
1998-02-19T12:00:00Z,-17.625,178.525,0.0
1998-02-19T12:00:00Z,-17.625,178.575,0.0
1998-02-19T12:00:00Z,-17.625,178.625,0.0
1998-02-19T12:00:00Z,-17.675,178.375,NaN
1998-02-19T12:00:00Z,-17.675,178.425,NaN
1998-02-19T12:00:00Z,-17.675,178.475,NaN
1998-02-19T12:00:00Z,-17.675,178.525,NaN
1998-02-19T12:00:00Z,-17.675,178.575,0.0
1998-02-19T12:00:00Z,-17.675,178.625,0.0
1998-03-21T12:00:00Z,-17.325,178.375,0.0
1998-03-21T12:00:00Z,-17.325,178.425,0.0
1998-03-21T12:00:00Z,-17.325,178.475,0.0
1998-03-21T12:00:00Z,-17.325,178.525,0.0
1998-03-21T12:00:00Z,-17.325,178.575,0.0
1998-03-21T12:00:00Z,-17.325,178.625,0.0
1998-03-21T12:00:00Z,-17.375,178.375,0.0
1998-03-21T12:00:00Z,-17.375,178.425,0.0
1998-03-21T12:00:00Z,-17.375,178.475,0.0
1998-03-21T12:00:00Z,-17.375,178.525,0.0
1998-03-21T12:00:00Z,-17.375,178.575,0.0
1998-03-21T12:00:00Z,-17.375,178.625,0.0
1998-03-21T12:00:00Z,-17.425,178.375,0.0
1998-03-21T12:00:00Z,-17.425,178.425,0.0
1998-03-21T12:00:00Z,-17.425,178.475,0.0
1998-03-21T12:00:00Z,-17.425,178.525,0.0
1998-03-21T12:00:00Z,-17.425,178.575,0.0
1998-03-21T12:00:00Z,-17.425,178.625,0.0
1998-03-21T12:00:00Z,-17.475,178.375,0.0
1998-03-21T12:00:00Z,-17.475,178.425,0.0
1998-03-21T12:00:00Z,-17.475,178.475,0.0
1998-03-21T12:00:00Z,-17.475,178.525,0.0
1998-03-21T12:00:00Z,-17.475,178.575,0.0
1998-03-21T12:00:00Z,-17.475,178.625,0.0
1998-03-21T12:00:00Z,-17.525,178.375,0.0
1998-03-21T12:00:00Z,-17.525,178.425,0.0
1998-03-21T12:00:00Z,-17.525,178.475,0.0
1998-03-21T12:00:00Z,-17.525,178.525,0.0
1998-03-21T12:00:00Z,-17.525,178.575,0.0
1998-03-21T12:00:00Z,-17.525,178.625,0.0
1998-03-21T12:00:00Z,-17.575,178.375,0.0
1998-03-21T12:00:00Z,-17.575,178.425,0.0
1998-03-21T12:00:00Z,-17.575,178.475,0.0
1998-03-21T12:00:00Z,-17.575,178.525,0.0
1998-03-21T12:00:00Z,-17.575,178.575,0.0
1998-03-21T12:00:00Z,-17.575,178.625,0.0
1998-03-21T12:00:00Z,-17.625,178.375,NaN
1998-03-21T12:00:00Z,-17.625,178.425,NaN
1998-03-21T12:00:00Z,-17.625,178.475,NaN
1998-03-21T12:00:00Z,-17.625,178.525,0.0
1998-03-21T12:00:00Z,-17.625,178.575,0.0
1998-03-21T12:00:00Z,-17.625,178.625,0.0
1998-03-21T12:00:00Z,-17.675,178.375,NaN
1998-03-21T12:00:00Z,-17.675,178.425,NaN
1998-03-21T12:00:00Z,-17.675,178.475,NaN
1998-03-21T12:00:00Z,-17.675,178.525,NaN
1998-03-21T12:00:00Z,-17.675,178.575,0.0
1998-03-21T12:00:00Z,-17.675,178.625,0.0
1998-04-20T12:00:00Z,-17.325,178.375,0.0
1998-04-20T12:00:00Z,-17.325,178.425,0.0
1998-04-20T12:00:00Z,-17.325,178.475,0.0
1998-04-20T12:00:00Z,-17.325,178.525,0.0
1998-04-20T12:00:00Z,-17.325,178.575,0.0
1998-04-20T12:00:00Z,-17.325,178.625,0.0
1998-04-20T12:00:00Z,-17.375,178.375,0.0
1998-04-20T12:00:00Z,-17.375,178.425,0.0
1998-04-20T12:00:00Z,-17.375,178.475,0.0
1998-04-20T12:00:00Z,-17.375,178.525,0.0
1998-04-20T12:00:00Z,-17.375,178.575,0.0
1998-04-20T12:00:00Z,-17.375,178.625,0.0
1998-04-20T12:00:00Z,-17.425,178.375,0.0
1998-04-20T12:00:00Z,-17.425,178.425,0.0
1998-04-20T12:00:00Z,-17.425,178.475,0.0
1998-04-20T12:00:00Z,-17.425,178.525,0.0
1998-04-20T12:00:00Z,-17.425,178.575,0.0
1998-04-20T12:00:00Z,-17.425,178.625,0.0
1998-04-20T12:00:00Z,-17.475,178.375,0.0
1998-04-20T12:00:00Z,-17.475,178.425,0.0
1998-04-20T12:00:00Z,-17.475,178.475,0.0
1998-04-20T12:00:00Z,-17.475,178.525,0.0
1998-04-20T12:00:00Z,-17.475,178.575,0.0
1998-04-20T12:00:00Z,-17.475,178.625,0.0
1998-04-20T12:00:00Z,-17.525,178.375,0.0
1998-04-20T12:00:00Z,-17.525,178.425,0.0
1998-04-20T12:00:00Z,-17.525,178.475,0.0
1998-04-20T12:00:00Z,-17.525,178.525,0.0
1998-04-20T12:00:00Z,-17.525,178.575,0.0
1998-04-20T12:00:00Z,-17.525,178.625,0.0
1998-04-20T12:00:00Z,-17.575,178.375,0.0
1998-04-20T12:00:00Z,-17.575,178.425,0.0
1998-04-20T12:00:00Z,-17.575,178.475,0.0
1998-04-20T12:00:00Z,-17.575,178.525,0.0
1998-04-20T12:00:00Z,-17.575,178.575,0.0
1998-04-20T12:00:00Z,-17.575,178.625,0.0
1998-04-20T12:00:00Z,-17.625,178.375,NaN
1998-04-20T12:00:00Z,-17.625,178.425,NaN
1998-04-20T12:00:00Z,-17.625,178.475,NaN
1998-04-20T12:00:00Z,-17.625,178.525,0.0
1998-04-20T12:00:00Z,-17.625,178.575,0.0
1998-04-20T12:00:00Z,-17.625,178.625,0.0
1998-04-20T12:00:00Z,-17.675,178.375,NaN
1998-04-20T12:00:00Z,-17.675,178.425,NaN
1998-04-20T12:00:00Z,-17.675,178.475,NaN
1998-04-20T12:00:00Z,-17.675,178.525,NaN
1998-04-20T12:00:00Z,-17.675,178.575,0.0
1998-04-20T12:00:00Z,-17.675,178.625,0.0
1998-05-20T12:00:00Z,-17.325,178.375,0.0
1998-05-20T12:00:00Z,-17.325,178.425,0.0
1998-05-20T12:00:00Z,-17.325,178.475,0.0
1998-05-20T12:00:00Z,-17.325,178.525,0.0
1998-05-20T12:00:00Z,-17.325,178.575,0.0
1998-05-20T12:00:00Z,-17.325,178.625,0.0
1998-05-20T12:00:00Z,-17.375,178.375,0.0
1998-05-20T12:00:00Z,-17.375,178.425,0.0
1998-05-20T12:00:00Z,-17.375,178.475,0.0
1998-05-20T12:00:00Z,-17.375,178.525,0.0
1998-05-20T12:00:00Z,-17.375,178.575,0.0
1998-05-20T12:00:00Z,-17.375,178.625,0.0
1998-05-20T12:00:00Z,-17.425,178.375,0.0
1998-05-20T12:00:00Z,-17.425,178.425,0.0
1998-05-20T12:00:00Z,-17.425,178.475,0.0
1998-05-20T12:00:00Z,-17.425,178.525,0.0
1998-05-20T12:00:00Z,-17.425,178.575,0.0
1998-05-20T12:00:00Z,-17.425,178.625,0.0
1998-05-20T12:00:00Z,-17.475,178.375,0.0
1998-05-20T12:00:00Z,-17.475,178.425,0.0
1998-05-20T12:00:00Z,-17.475,178.475,0.0
1998-05-20T12:00:00Z,-17.475,178.525,0.0
1998-05-20T12:00:00Z,-17.475,178.575,0.0
1998-05-20T12:00:00Z,-17.475,178.625,0.0
1998-05-20T12:00:00Z,-17.525,178.375,0.0
1998-05-20T12:00:00Z,-17.525,178.425,0.0
1998-05-20T12:00:00Z,-17.525,178.475,0.0
1998-05-20T12:00:00Z,-17.525,178.525,0.0
1998-05-20T12:00:00Z,-17.525,178.575,0.0
1998-05-20T12:00:00Z,-17.525,178.625,0.0
1998-05-20T12:00:00Z,-17.575,178.375,0.0
1998-05-20T12:00:00Z,-17.575,178.425,0.0
1998-05-20T12:00:00Z,-17.575,178.475,0.0
1998-05-20T12:00:00Z,-17.575,178.525,0.0
1998-05-20T12:00:00Z,-17.575,178.575,0.0
1998-05-20T12:00:00Z,-17.575,178.625,0.0
1998-05-20T12:00:00Z,-17.625,178.375,NaN
1998-05-20T12:00:00Z,-17.625,178.425,NaN
1998-05-20T12:00:00Z,-17.625,178.475,NaN
1998-05-20T12:00:00Z,-17.625,178.525,0.0
1998-05-20T12:00:00Z,-17.625,178.575,0.0
1998-05-20T12:00:00Z,-17.625,178.625,0.0
1998-05-20T12:00:00Z,-17.675,178.375,NaN
1998-05-20T12:00:00Z,-17.675,178.425,NaN
1998-05-20T12:00:00Z,-17.675,178.475,NaN
1998-05-20T12:00:00Z,-17.675,178.525,NaN
1998-05-20T12:00:00Z,-17.675,178.575,0.0
1998-05-20T12:00:00Z,-17.675,178.625,0.0
1998-06-19T12:00:00Z,-17.325,178.375,0.0
1998-06-19T12:00:00Z,-17.325,178.425,0.0
1998-06-19T12:00:00Z,-17.325,178.475,0.0
1998-06-19T12:00:00Z,-17.325,178.525,0.0
1998-06-19T12:00:00Z,-17.325,178.575,0.0
1998-06-19T12:00:00Z,-17.325,178.625,0.0
1998-06-19T12:00:00Z,-17.375,178.375,0.0
1998-06-19T12:00:00Z,-17.375,178.425,0.0
1998-06-19T12:00:00Z,-17.375,178.475,0.0
1998-06-19T12:00:00Z,-17.375,178.525,0.0
1998-06-19T12:00:00Z,-17.375,178.575,0.0
1998-06-19T12:00:00Z,-17.375,178.625,0.0
1998-06-19T12:00:00Z,-17.425,178.375,0.0
1998-06-19T12:00:00Z,-17.425,178.425,0.0
1998-06-19T12:00:00Z,-17.425,178.475,0.0
1998-06-19T12:00:00Z,-17.425,178.525,0.0
1998-06-19T12:00:00Z,-17.425,178.575,0.0
1998-06-19T12:00:00Z,-17.425,178.625,0.0
1998-06-19T12:00:00Z,-17.475,178.375,0.0
1998-06-19T12:00:00Z,-17.475,178.425,0.0
1998-06-19T12:00:00Z,-17.475,178.475,0.0
1998-06-19T12:00:00Z,-17.475,178.525,0.0
1998-06-19T12:00:00Z,-17.475,178.575,0.0
1998-06-19T12:00:00Z,-17.475,178.625,0.0
1998-06-19T12:00:00Z,-17.525,178.375,0.0
1998-06-19T12:00:00Z,-17.525,178.425,0.0
1998-06-19T12:00:00Z,-17.525,178.475,0.0
1998-06-19T12:00:00Z,-17.525,178.525,0.0
1998-06-19T12:00:00Z,-17.525,178.575,0.0
1998-06-19T12:00:00Z,-17.525,178.625,0.0
1998-06-19T12:00:00Z,-17.575,178.375,0.0
1998-06-19T12:00:00Z,-17.575,178.425,0.0
1998-06-19T12:00:00Z,-17.575,178.475,0.0
1998-06-19T12:00:00Z,-17.575,178.525,0.0
1998-06-19T12:00:00Z,-17.575,178.575,0.0
1998-06-19T12:00:00Z,-17.575,178.625,0.0
1998-06-19T12:00:00Z,-17.625,178.375,NaN
1998-06-19T12:00:00Z,-17.625,178.425,NaN
1998-06-19T12:00:00Z,-17.625,178.475,NaN
1998-06-19T12:00:00Z,-17.625,178.525,0.0
1998-06-19T12:00:00Z,-17.625,178.575,0.0
1998-06-19T12:00:00Z,-17.625,178.625,0.0
1998-06-19T12:00:00Z,-17.675,178.375,NaN
1998-06-19T12:00:00Z,-17.675,178.425,NaN
1998-06-19T12:00:00Z,-17.675,178.475,NaN
1998-06-19T12:00:00Z,-17.675,178.525,NaN
1998-06-19T12:00:00Z,-17.675,178.575,0.0
1998-06-19T12:00:00Z,-17.675,178.625,0.0
1998-07-19T12:00:00Z,-17.325,178.375,0.0
1998-07-19T12:00:00Z,-17.325,178.425,0.0
1998-07-19T12:00:00Z,-17.325,178.475,0.0
1998-07-19T12:00:00Z,-17.325,178.525,0.0
1998-07-19T12:00:00Z,-17.325,178.575,0.0
1998-07-19T12:00:00Z,-17.325,178.625,0.0
1998-07-19T12:00:00Z,-17.375,178.375,0.0
1998-07-19T12:00:00Z,-17.375,178.425,0.0
1998-07-19T12:00:00Z,-17.375,178.475,0.0
1998-07-19T12:00:00Z,-17.375,178.525,0.0
1998-07-19T12:00:00Z,-17.375,178.575,0.0
1998-07-19T12:00:00Z,-17.375,178.625,0.0
1998-07-19T12:00:00Z,-17.425,178.375,0.0
1998-07-19T12:00:00Z,-17.425,178.425,0.0
1998-07-19T12:00:00Z,-17.425,178.475,0.0
1998-07-19T12:00:00Z,-17.425,178.525,0.0
1998-07-19T12:00:00Z,-17.425,178.575,0.0
1998-07-19T12:00:00Z,-17.425,178.625,0.0
1998-07-19T12:00:00Z,-17.475,178.375,0.0
1998-07-19T12:00:00Z,-17.475,178.425,0.0
1998-07-19T12:00:00Z,-17.475,178.475,0.0
1998-07-19T12:00:00Z,-17.475,178.525,0.0
1998-07-19T12:00:00Z,-17.475,178.575,0.0
1998-07-19T12:00:00Z,-17.475,178.625,0.0
1998-07-19T12:00:00Z,-17.525,178.375,0.0
1998-07-19T12:00:00Z,-17.525,178.425,0.0
1998-07-19T12:00:00Z,-17.525,178.475,0.0
1998-07-19T12:00:00Z,-17.525,178.525,0.0
1998-07-19T12:00:00Z,-17.525,178.575,0.0
1998-07-19T12:00:00Z,-17.525,178.625,0.0
1998-07-19T12:00:00Z,-17.575,178.375,0.0
1998-07-19T12:00:00Z,-17.575,178.425,0.0
1998-07-19T12:00:00Z,-17.575,178.475,0.0
1998-07-19T12:00:00Z,-17.575,178.525,0.0
1998-07-19T12:00:00Z,-17.575,178.575,0.0
1998-07-19T12:00:00Z,-17.575,178.625,0.0
1998-07-19T12:00:00Z,-17.625,178.375,NaN
1998-07-19T12:00:00Z,-17.625,178.425,NaN
1998-07-19T12:00:00Z,-17.625,178.475,NaN
1998-07-19T12:00:00Z,-17.625,178.525,0.0
1998-07-19T12:00:00Z,-17.625,178.575,0.0
1998-07-19T12:00:00Z,-17.625,178.625,0.0
1998-07-19T12:00:00Z,-17.675,178.375,NaN
1998-07-19T12:00:00Z,-17.675,178.425,NaN
1998-07-19T12:00:00Z,-17.675,178.475,NaN
1998-07-19T12:00:00Z,-17.675,178.525,NaN
1998-07-19T12:00:00Z,-17.675,178.575,0.0
1998-07-19T12:00:00Z,-17.675,178.625,0.0
1998-08-18T12:00:00Z,-17.325,178.375,0.0
1998-08-18T12:00:00Z,-17.325,178.425,0.0
1998-08-18T12:00:00Z,-17.325,178.475,0.0
1998-08-18T12:00:00Z,-17.325,178.525,0.0
1998-08-18T12:00:00Z,-17.325,178.575,0.0
1998-08-18T12:00:00Z,-17.325,178.625,0.0
1998-08-18T12:00:00Z,-17.375,178.375,0.0
1998-08-18T12:00:00Z,-17.375,178.425,0.0
1998-08-18T12:00:00Z,-17.375,178.475,0.0
1998-08-18T12:00:00Z,-17.375,178.525,0.0
1998-08-18T12:00:00Z,-17.375,178.575,0.0
1998-08-18T12:00:00Z,-17.375,178.625,0.0
1998-08-18T12:00:00Z,-17.425,178.375,0.0
1998-08-18T12:00:00Z,-17.425,178.425,0.0
1998-08-18T12:00:00Z,-17.425,178.475,0.0
1998-08-18T12:00:00Z,-17.425,178.525,0.0
1998-08-18T12:00:00Z,-17.425,178.575,0.0
1998-08-18T12:00:00Z,-17.425,178.625,0.0
1998-08-18T12:00:00Z,-17.475,178.375,0.0
1998-08-18T12:00:00Z,-17.475,178.425,0.0
1998-08-18T12:00:00Z,-17.475,178.475,0.0
1998-08-18T12:00:00Z,-17.475,178.525,0.0
1998-08-18T12:00:00Z,-17.475,178.575,0.0
1998-08-18T12:00:00Z,-17.475,178.625,0.0
1998-08-18T12:00:00Z,-17.525,178.375,0.0
1998-08-18T12:00:00Z,-17.525,178.425,0.0
1998-08-18T12:00:00Z,-17.525,178.475,0.0
1998-08-18T12:00:00Z,-17.525,178.525,0.0
1998-08-18T12:00:00Z,-17.525,178.575,0.0
1998-08-18T12:00:00Z,-17.525,178.625,0.0
1998-08-18T12:00:00Z,-17.575,178.375,0.0
1998-08-18T12:00:00Z,-17.575,178.425,0.0
1998-08-18T12:00:00Z,-17.575,178.475,0.0
1998-08-18T12:00:00Z,-17.575,178.525,0.0
1998-08-18T12:00:00Z,-17.575,178.575,0.0
1998-08-18T12:00:00Z,-17.575,178.625,0.0
1998-08-18T12:00:00Z,-17.625,178.375,NaN
1998-08-18T12:00:00Z,-17.625,178.425,NaN
1998-08-18T12:00:00Z,-17.625,178.475,NaN
1998-08-18T12:00:00Z,-17.625,178.525,0.0
1998-08-18T12:00:00Z,-17.625,178.575,0.0
1998-08-18T12:00:00Z,-17.625,178.625,0.0
1998-08-18T12:00:00Z,-17.675,178.375,NaN
1998-08-18T12:00:00Z,-17.675,178.425,NaN
1998-08-18T12:00:00Z,-17.675,178.475,NaN
1998-08-18T12:00:00Z,-17.675,178.525,NaN
1998-08-18T12:00:00Z,-17.675,178.575,0.0
1998-08-18T12:00:00Z,-17.675,178.625,0.0
1998-09-17T12:00:00Z,-17.325,178.375,0.0
1998-09-17T12:00:00Z,-17.325,178.425,0.0
1998-09-17T12:00:00Z,-17.325,178.475,0.0
1998-09-17T12:00:00Z,-17.325,178.525,0.0
1998-09-17T12:00:00Z,-17.325,178.575,0.0
1998-09-17T12:00:00Z,-17.325,178.625,0.0
1998-09-17T12:00:00Z,-17.375,178.375,0.0
1998-09-17T12:00:00Z,-17.375,178.425,0.0
1998-09-17T12:00:00Z,-17.375,178.475,0.0
1998-09-17T12:00:00Z,-17.375,178.525,0.0
1998-09-17T12:00:00Z,-17.375,178.575,0.0
1998-09-17T12:00:00Z,-17.375,178.625,0.0
1998-09-17T12:00:00Z,-17.425,178.375,0.0
1998-09-17T12:00:00Z,-17.425,178.425,0.0
1998-09-17T12:00:00Z,-17.425,178.475,0.0
1998-09-17T12:00:00Z,-17.425,178.525,0.0
1998-09-17T12:00:00Z,-17.425,178.575,0.0
1998-09-17T12:00:00Z,-17.425,178.625,0.0
1998-09-17T12:00:00Z,-17.475,178.375,0.0
1998-09-17T12:00:00Z,-17.475,178.425,0.0
1998-09-17T12:00:00Z,-17.475,178.475,0.0
1998-09-17T12:00:00Z,-17.475,178.525,0.0
1998-09-17T12:00:00Z,-17.475,178.575,0.0
1998-09-17T12:00:00Z,-17.475,178.625,0.0
1998-09-17T12:00:00Z,-17.525,178.375,0.0
1998-09-17T12:00:00Z,-17.525,178.425,0.0
1998-09-17T12:00:00Z,-17.525,178.475,0.0
1998-09-17T12:00:00Z,-17.525,178.525,0.0
1998-09-17T12:00:00Z,-17.525,178.575,0.0
1998-09-17T12:00:00Z,-17.525,178.625,0.0
1998-09-17T12:00:00Z,-17.575,178.375,0.0
1998-09-17T12:00:00Z,-17.575,178.425,0.0
1998-09-17T12:00:00Z,-17.575,178.475,0.0
1998-09-17T12:00:00Z,-17.575,178.525,0.0
1998-09-17T12:00:00Z,-17.575,178.575,0.0
1998-09-17T12:00:00Z,-17.575,178.625,0.0
1998-09-17T12:00:00Z,-17.625,178.375,NaN
1998-09-17T12:00:00Z,-17.625,178.425,NaN
1998-09-17T12:00:00Z,-17.625,178.475,NaN
1998-09-17T12:00:00Z,-17.625,178.525,0.0
1998-09-17T12:00:00Z,-17.625,178.575,0.0
1998-09-17T12:00:00Z,-17.625,178.625,0.0
1998-09-17T12:00:00Z,-17.675,178.375,NaN
1998-09-17T12:00:00Z,-17.675,178.425,NaN
1998-09-17T12:00:00Z,-17.675,178.475,NaN
1998-09-17T12:00:00Z,-17.675,178.525,NaN
1998-09-17T12:00:00Z,-17.675,178.575,0.0
1998-09-17T12:00:00Z,-17.675,178.625,0.0
1998-10-17T12:00:00Z,-17.325,178.375,0.0
1998-10-17T12:00:00Z,-17.325,178.425,0.0
1998-10-17T12:00:00Z,-17.325,178.475,0.0
1998-10-17T12:00:00Z,-17.325,178.525,0.0
1998-10-17T12:00:00Z,-17.325,178.575,0.0
1998-10-17T12:00:00Z,-17.325,178.625,0.0
1998-10-17T12:00:00Z,-17.375,178.375,0.0
1998-10-17T12:00:00Z,-17.375,178.425,0.0
1998-10-17T12:00:00Z,-17.375,178.475,0.0
1998-10-17T12:00:00Z,-17.375,178.525,0.0
1998-10-17T12:00:00Z,-17.375,178.575,0.0
1998-10-17T12:00:00Z,-17.375,178.625,0.0
1998-10-17T12:00:00Z,-17.425,178.375,0.0
1998-10-17T12:00:00Z,-17.425,178.425,0.0
1998-10-17T12:00:00Z,-17.425,178.475,0.0
1998-10-17T12:00:00Z,-17.425,178.525,0.0
1998-10-17T12:00:00Z,-17.425,178.575,0.0
1998-10-17T12:00:00Z,-17.425,178.625,0.0
1998-10-17T12:00:00Z,-17.475,178.375,0.0
1998-10-17T12:00:00Z,-17.475,178.425,0.0
1998-10-17T12:00:00Z,-17.475,178.475,0.0
1998-10-17T12:00:00Z,-17.475,178.525,0.0
1998-10-17T12:00:00Z,-17.475,178.575,0.0
1998-10-17T12:00:00Z,-17.475,178.625,0.0
1998-10-17T12:00:00Z,-17.525,178.375,0.0
1998-10-17T12:00:00Z,-17.525,178.425,0.0
1998-10-17T12:00:00Z,-17.525,178.475,0.0
1998-10-17T12:00:00Z,-17.525,178.525,0.0
1998-10-17T12:00:00Z,-17.525,178.575,0.0
1998-10-17T12:00:00Z,-17.525,178.625,0.0
1998-10-17T12:00:00Z,-17.575,178.375,0.0
1998-10-17T12:00:00Z,-17.575,178.425,0.0
1998-10-17T12:00:00Z,-17.575,178.475,0.0
1998-10-17T12:00:00Z,-17.575,178.525,0.0
1998-10-17T12:00:00Z,-17.575,178.575,0.0
1998-10-17T12:00:00Z,-17.575,178.625,0.0
1998-10-17T12:00:00Z,-17.625,178.375,NaN
1998-10-17T12:00:00Z,-17.625,178.425,NaN
1998-10-17T12:00:00Z,-17.625,178.475,NaN
1998-10-17T12:00:00Z,-17.625,178.525,0.0
1998-10-17T12:00:00Z,-17.625,178.575,0.0
1998-10-17T12:00:00Z,-17.625,178.625,0.0
1998-10-17T12:00:00Z,-17.675,178.375,NaN
1998-10-17T12:00:00Z,-17.675,178.425,NaN
1998-10-17T12:00:00Z,-17.675,178.475,NaN
1998-10-17T12:00:00Z,-17.675,178.525,NaN
1998-10-17T12:00:00Z,-17.675,178.575,0.0
1998-10-17T12:00:00Z,-17.675,178.625,0.0
1998-11-16T12:00:00Z,-17.325,178.375,0.0
1998-11-16T12:00:00Z,-17.325,178.425,0.0
1998-11-16T12:00:00Z,-17.325,178.475,0.0
1998-11-16T12:00:00Z,-17.325,178.525,0.0
1998-11-16T12:00:00Z,-17.325,178.575,0.0
1998-11-16T12:00:00Z,-17.325,178.625,0.0
1998-11-16T12:00:00Z,-17.375,178.375,0.0
1998-11-16T12:00:00Z,-17.375,178.425,0.0
1998-11-16T12:00:00Z,-17.375,178.475,0.0
1998-11-16T12:00:00Z,-17.375,178.525,0.0
1998-11-16T12:00:00Z,-17.375,178.575,0.0
1998-11-16T12:00:00Z,-17.375,178.625,0.0
1998-11-16T12:00:00Z,-17.425,178.375,0.0
1998-11-16T12:00:00Z,-17.425,178.425,0.0
1998-11-16T12:00:00Z,-17.425,178.475,0.0
1998-11-16T12:00:00Z,-17.425,178.525,0.0
1998-11-16T12:00:00Z,-17.425,178.575,0.0
1998-11-16T12:00:00Z,-17.425,178.625,0.0
1998-11-16T12:00:00Z,-17.475,178.375,0.0
1998-11-16T12:00:00Z,-17.475,178.425,0.0
1998-11-16T12:00:00Z,-17.475,178.475,0.0
1998-11-16T12:00:00Z,-17.475,178.525,0.0
1998-11-16T12:00:00Z,-17.475,178.575,0.0
1998-11-16T12:00:00Z,-17.475,178.625,0.0
1998-11-16T12:00:00Z,-17.525,178.375,0.0
1998-11-16T12:00:00Z,-17.525,178.425,0.0
1998-11-16T12:00:00Z,-17.525,178.475,0.0
1998-11-16T12:00:00Z,-17.525,178.525,0.0
1998-11-16T12:00:00Z,-17.525,178.575,0.0
1998-11-16T12:00:00Z,-17.525,178.625,0.0
1998-11-16T12:00:00Z,-17.575,178.375,0.0
1998-11-16T12:00:00Z,-17.575,178.425,0.0
1998-11-16T12:00:00Z,-17.575,178.475,0.0
1998-11-16T12:00:00Z,-17.575,178.525,0.0
1998-11-16T12:00:00Z,-17.575,178.575,0.0
1998-11-16T12:00:00Z,-17.575,178.625,0.0
1998-11-16T12:00:00Z,-17.625,178.375,NaN
1998-11-16T12:00:00Z,-17.625,178.425,NaN
1998-11-16T12:00:00Z,-17.625,178.475,NaN
1998-11-16T12:00:00Z,-17.625,178.525,0.0
1998-11-16T12:00:00Z,-17.625,178.575,0.0
1998-11-16T12:00:00Z,-17.625,178.625,0.0
1998-11-16T12:00:00Z,-17.675,178.375,NaN
1998-11-16T12:00:00Z,-17.675,178.425,NaN
1998-11-16T12:00:00Z,-17.675,178.475,NaN
1998-11-16T12:00:00Z,-17.675,178.525,NaN
1998-11-16T12:00:00Z,-17.675,178.575,0.0
1998-11-16T12:00:00Z,-17.675,178.625,0.0
1998-12-16T12:00:00Z,-17.325,178.375,0.0
1998-12-16T12:00:00Z,-17.325,178.425,0.0
1998-12-16T12:00:00Z,-17.325,178.475,0.0
1998-12-16T12:00:00Z,-17.325,178.525,0.0
1998-12-16T12:00:00Z,-17.325,178.575,0.0
1998-12-16T12:00:00Z,-17.325,178.625,0.0
1998-12-16T12:00:00Z,-17.375,178.375,0.0
1998-12-16T12:00:00Z,-17.375,178.425,0.0
1998-12-16T12:00:00Z,-17.375,178.475,0.0
1998-12-16T12:00:00Z,-17.375,178.525,0.0
1998-12-16T12:00:00Z,-17.375,178.575,0.0
1998-12-16T12:00:00Z,-17.375,178.625,0.0
1998-12-16T12:00:00Z,-17.425,178.375,0.0
1998-12-16T12:00:00Z,-17.425,178.425,0.0
1998-12-16T12:00:00Z,-17.425,178.475,0.0
1998-12-16T12:00:00Z,-17.425,178.525,0.0
1998-12-16T12:00:00Z,-17.425,178.575,0.0
1998-12-16T12:00:00Z,-17.425,178.625,0.0
1998-12-16T12:00:00Z,-17.475,178.375,0.0
1998-12-16T12:00:00Z,-17.475,178.425,0.0
1998-12-16T12:00:00Z,-17.475,178.475,0.0
1998-12-16T12:00:00Z,-17.475,178.525,0.0
1998-12-16T12:00:00Z,-17.475,178.575,0.0
1998-12-16T12:00:00Z,-17.475,178.625,0.0
1998-12-16T12:00:00Z,-17.525,178.375,0.0
1998-12-16T12:00:00Z,-17.525,178.425,0.0
1998-12-16T12:00:00Z,-17.525,178.475,0.0
1998-12-16T12:00:00Z,-17.525,178.525,0.0
1998-12-16T12:00:00Z,-17.525,178.575,0.0
1998-12-16T12:00:00Z,-17.525,178.625,0.0
1998-12-16T12:00:00Z,-17.575,178.375,0.0
1998-12-16T12:00:00Z,-17.575,178.425,0.0
1998-12-16T12:00:00Z,-17.575,178.475,0.0
1998-12-16T12:00:00Z,-17.575,178.525,0.0
1998-12-16T12:00:00Z,-17.575,178.575,0.0
1998-12-16T12:00:00Z,-17.575,178.625,0.0
1998-12-16T12:00:00Z,-17.625,178.375,NaN
1998-12-16T12:00:00Z,-17.625,178.425,NaN
1998-12-16T12:00:00Z,-17.625,178.475,NaN
1998-12-16T12:00:00Z,-17.625,178.525,0.0
1998-12-16T12:00:00Z,-17.625,178.575,0.0
1998-12-16T12:00:00Z,-17.625,178.625,0.0
1998-12-16T12:00:00Z,-17.675,178.375,NaN
1998-12-16T12:00:00Z,-17.675,178.425,NaN
1998-12-16T12:00:00Z,-17.675,178.475,NaN
1998-12-16T12:00:00Z,-17.675,178.525,NaN
1998-12-16T12:00:00Z,-17.675,178.575,0.0
1998-12-16T12:00:00Z,-17.675,178.625,0.0
1999-01-15T12:00:00Z,-17.325,178.375,0.0
1999-01-15T12:00:00Z,-17.325,178.425,0.0
1999-01-15T12:00:00Z,-17.325,178.475,0.0
1999-01-15T12:00:00Z,-17.325,178.525,0.0
1999-01-15T12:00:00Z,-17.325,178.575,0.0
1999-01-15T12:00:00Z,-17.325,178.625,0.0
1999-01-15T12:00:00Z,-17.375,178.375,0.0
1999-01-15T12:00:00Z,-17.375,178.425,0.0
1999-01-15T12:00:00Z,-17.375,178.475,0.0
1999-01-15T12:00:00Z,-17.375,178.525,0.0
1999-01-15T12:00:00Z,-17.375,178.575,0.0
1999-01-15T12:00:00Z,-17.375,178.625,0.0
1999-01-15T12:00:00Z,-17.425,178.375,0.0
1999-01-15T12:00:00Z,-17.425,178.425,0.0
1999-01-15T12:00:00Z,-17.425,178.475,0.0
1999-01-15T12:00:00Z,-17.425,178.525,0.0
1999-01-15T12:00:00Z,-17.425,178.575,0.0
1999-01-15T12:00:00Z,-17.425,178.625,0.0
1999-01-15T12:00:00Z,-17.475,178.375,0.0
1999-01-15T12:00:00Z,-17.475,178.425,0.0
1999-01-15T12:00:00Z,-17.475,178.475,0.0
1999-01-15T12:00:00Z,-17.475,178.525,0.0
1999-01-15T12:00:00Z,-17.475,178.575,0.0
1999-01-15T12:00:00Z,-17.475,178.625,0.0
1999-01-15T12:00:00Z,-17.525,178.375,0.0
1999-01-15T12:00:00Z,-17.525,178.425,0.0
1999-01-15T12:00:00Z,-17.525,178.475,0.0
1999-01-15T12:00:00Z,-17.525,178.525,0.0
1999-01-15T12:00:00Z,-17.525,178.575,0.0
1999-01-15T12:00:00Z,-17.525,178.625,0.0
1999-01-15T12:00:00Z,-17.575,178.375,0.0
1999-01-15T12:00:00Z,-17.575,178.425,0.0
1999-01-15T12:00:00Z,-17.575,178.475,0.0
1999-01-15T12:00:00Z,-17.575,178.525,0.0
1999-01-15T12:00:00Z,-17.575,178.575,0.0
1999-01-15T12:00:00Z,-17.575,178.625,0.0
1999-01-15T12:00:00Z,-17.625,178.375,NaN
1999-01-15T12:00:00Z,-17.625,178.425,NaN
1999-01-15T12:00:00Z,-17.625,178.475,NaN
1999-01-15T12:00:00Z,-17.625,178.525,0.0
1999-01-15T12:00:00Z,-17.625,178.575,0.0
1999-01-15T12:00:00Z,-17.625,178.625,0.0
1999-01-15T12:00:00Z,-17.675,178.375,NaN
1999-01-15T12:00:00Z,-17.675,178.425,NaN
1999-01-15T12:00:00Z,-17.675,178.475,NaN
1999-01-15T12:00:00Z,-17.675,178.525,NaN
1999-01-15T12:00:00Z,-17.675,178.575,0.0
1999-01-15T12:00:00Z,-17.675,178.625,0.0
1999-02-14T12:00:00Z,-17.325,178.375,0.0
1999-02-14T12:00:00Z,-17.325,178.425,0.0
1999-02-14T12:00:00Z,-17.325,178.475,0.0
1999-02-14T12:00:00Z,-17.325,178.525,0.0
1999-02-14T12:00:00Z,-17.325,178.575,0.0
1999-02-14T12:00:00Z,-17.325,178.625,0.0
1999-02-14T12:00:00Z,-17.375,178.375,0.0
1999-02-14T12:00:00Z,-17.375,178.425,0.0
1999-02-14T12:00:00Z,-17.375,178.475,0.0
1999-02-14T12:00:00Z,-17.375,178.525,0.0
1999-02-14T12:00:00Z,-17.375,178.575,0.0
1999-02-14T12:00:00Z,-17.375,178.625,0.0
1999-02-14T12:00:00Z,-17.425,178.375,0.0
1999-02-14T12:00:00Z,-17.425,178.425,0.0
1999-02-14T12:00:00Z,-17.425,178.475,0.0
1999-02-14T12:00:00Z,-17.425,178.525,0.0
1999-02-14T12:00:00Z,-17.425,178.575,0.0
1999-02-14T12:00:00Z,-17.425,178.625,0.0
1999-02-14T12:00:00Z,-17.475,178.375,0.0
1999-02-14T12:00:00Z,-17.475,178.425,0.0
1999-02-14T12:00:00Z,-17.475,178.475,0.0
1999-02-14T12:00:00Z,-17.475,178.525,0.0
1999-02-14T12:00:00Z,-17.475,178.575,0.0
1999-02-14T12:00:00Z,-17.475,178.625,0.0
1999-02-14T12:00:00Z,-17.525,178.375,0.0
1999-02-14T12:00:00Z,-17.525,178.425,0.0
1999-02-14T12:00:00Z,-17.525,178.475,0.0
1999-02-14T12:00:00Z,-17.525,178.525,0.0
1999-02-14T12:00:00Z,-17.525,178.575,0.0
1999-02-14T12:00:00Z,-17.525,178.625,0.0
1999-02-14T12:00:00Z,-17.575,178.375,0.0
1999-02-14T12:00:00Z,-17.575,178.425,0.0
1999-02-14T12:00:00Z,-17.575,178.475,0.0
1999-02-14T12:00:00Z,-17.575,178.525,0.0
1999-02-14T12:00:00Z,-17.575,178.575,0.0
1999-02-14T12:00:00Z,-17.575,178.625,0.0
1999-02-14T12:00:00Z,-17.625,178.375,NaN
1999-02-14T12:00:00Z,-17.625,178.425,NaN
1999-02-14T12:00:00Z,-17.625,178.475,NaN
1999-02-14T12:00:00Z,-17.625,178.525,0.0
1999-02-14T12:00:00Z,-17.625,178.575,0.0
1999-02-14T12:00:00Z,-17.625,178.625,0.0
1999-02-14T12:00:00Z,-17.675,178.375,NaN
1999-02-14T12:00:00Z,-17.675,178.425,NaN
1999-02-14T12:00:00Z,-17.675,178.475,NaN
1999-02-14T12:00:00Z,-17.675,178.525,NaN
1999-02-14T12:00:00Z,-17.675,178.575,0.0
1999-02-14T12:00:00Z,-17.675,178.625,0.0
1999-03-16T12:00:00Z,-17.325,178.375,0.0
1999-03-16T12:00:00Z,-17.325,178.425,0.0
1999-03-16T12:00:00Z,-17.325,178.475,0.0
1999-03-16T12:00:00Z,-17.325,178.525,0.0
1999-03-16T12:00:00Z,-17.325,178.575,0.0
1999-03-16T12:00:00Z,-17.325,178.625,0.0
1999-03-16T12:00:00Z,-17.375,178.375,0.0
1999-03-16T12:00:00Z,-17.375,178.425,0.0
1999-03-16T12:00:00Z,-17.375,178.475,0.0
1999-03-16T12:00:00Z,-17.375,178.525,0.0
1999-03-16T12:00:00Z,-17.375,178.575,0.0
1999-03-16T12:00:00Z,-17.375,178.625,0.0
1999-03-16T12:00:00Z,-17.425,178.375,0.0
1999-03-16T12:00:00Z,-17.425,178.425,0.0
1999-03-16T12:00:00Z,-17.425,178.475,0.0
1999-03-16T12:00:00Z,-17.425,178.525,0.0
1999-03-16T12:00:00Z,-17.425,178.575,0.0
1999-03-16T12:00:00Z,-17.425,178.625,0.0
1999-03-16T12:00:00Z,-17.475,178.375,0.0
1999-03-16T12:00:00Z,-17.475,178.425,0.0
1999-03-16T12:00:00Z,-17.475,178.475,0.0
1999-03-16T12:00:00Z,-17.475,178.525,0.0
1999-03-16T12:00:00Z,-17.475,178.575,0.0
1999-03-16T12:00:00Z,-17.475,178.625,0.0
1999-03-16T12:00:00Z,-17.525,178.375,0.0
1999-03-16T12:00:00Z,-17.525,178.425,0.0
1999-03-16T12:00:00Z,-17.525,178.475,0.0
1999-03-16T12:00:00Z,-17.525,178.525,0.0
1999-03-16T12:00:00Z,-17.525,178.575,0.0
1999-03-16T12:00:00Z,-17.525,178.625,0.0
1999-03-16T12:00:00Z,-17.575,178.375,0.0
1999-03-16T12:00:00Z,-17.575,178.425,0.0
1999-03-16T12:00:00Z,-17.575,178.475,0.0
1999-03-16T12:00:00Z,-17.575,178.525,0.0
1999-03-16T12:00:00Z,-17.575,178.575,0.0
1999-03-16T12:00:00Z,-17.575,178.625,0.0
1999-03-16T12:00:00Z,-17.625,178.375,NaN
1999-03-16T12:00:00Z,-17.625,178.425,NaN
1999-03-16T12:00:00Z,-17.625,178.475,NaN
1999-03-16T12:00:00Z,-17.625,178.525,0.0
1999-03-16T12:00:00Z,-17.625,178.575,0.0
1999-03-16T12:00:00Z,-17.625,178.625,0.0
1999-03-16T12:00:00Z,-17.675,178.375,NaN
1999-03-16T12:00:00Z,-17.675,178.425,NaN
1999-03-16T12:00:00Z,-17.675,178.475,NaN
1999-03-16T12:00:00Z,-17.675,178.525,NaN
1999-03-16T12:00:00Z,-17.675,178.575,0.0
1999-03-16T12:00:00Z,-17.675,178.625,0.0
1999-04-15T12:00:00Z,-17.325,178.375,0.15
1999-04-15T12:00:00Z,-17.325,178.425,0.15
1999-04-15T12:00:00Z,-17.325,178.475,0.15
1999-04-15T12:00:00Z,-17.325,178.525,0.15
1999-04-15T12:00:00Z,-17.325,178.575,0.14
1999-04-15T12:00:00Z,-17.325,178.625,0.14
1999-04-15T12:00:00Z,-17.375,178.375,0.15
1999-04-15T12:00:00Z,-17.375,178.425,0.15
1999-04-15T12:00:00Z,-17.375,178.475,0.14
1999-04-15T12:00:00Z,-17.375,178.525,0.14
1999-04-15T12:00:00Z,-17.375,178.575,0.14
1999-04-15T12:00:00Z,-17.375,178.625,0.14
1999-04-15T12:00:00Z,-17.425,178.375,0.15
1999-04-15T12:00:00Z,-17.425,178.425,0.14
1999-04-15T12:00:00Z,-17.425,178.475,0.14
1999-04-15T12:00:00Z,-17.425,178.525,0.14
1999-04-15T12:00:00Z,-17.425,178.575,0.14
1999-04-15T12:00:00Z,-17.425,178.625,0.15
1999-04-15T12:00:00Z,-17.475,178.375,0.15
1999-04-15T12:00:00Z,-17.475,178.425,0.15
1999-04-15T12:00:00Z,-17.475,178.475,0.15
1999-04-15T12:00:00Z,-17.475,178.525,0.15
1999-04-15T12:00:00Z,-17.475,178.575,0.29
1999-04-15T12:00:00Z,-17.475,178.625,0.29
1999-04-15T12:00:00Z,-17.525,178.375,0.29
1999-04-15T12:00:00Z,-17.525,178.425,0.29
1999-04-15T12:00:00Z,-17.525,178.475,0.29
1999-04-15T12:00:00Z,-17.525,178.525,0.3
1999-04-15T12:00:00Z,-17.525,178.575,0.44
1999-04-15T12:00:00Z,-17.525,178.625,0.44
1999-04-15T12:00:00Z,-17.575,178.375,0.29
1999-04-15T12:00:00Z,-17.575,178.425,0.29
1999-04-15T12:00:00Z,-17.575,178.475,0.3
1999-04-15T12:00:00Z,-17.575,178.525,0.45
1999-04-15T12:00:00Z,-17.575,178.575,0.46
1999-04-15T12:00:00Z,-17.575,178.625,0.46
1999-04-15T12:00:00Z,-17.625,178.375,NaN
1999-04-15T12:00:00Z,-17.625,178.425,NaN
1999-04-15T12:00:00Z,-17.625,178.475,NaN
1999-04-15T12:00:00Z,-17.625,178.525,0.46
1999-04-15T12:00:00Z,-17.625,178.575,0.47000000000000003
1999-04-15T12:00:00Z,-17.625,178.625,0.47000000000000003
1999-04-15T12:00:00Z,-17.675,178.375,NaN
1999-04-15T12:00:00Z,-17.675,178.425,NaN
1999-04-15T12:00:00Z,-17.675,178.475,NaN
1999-04-15T12:00:00Z,-17.675,178.525,NaN
1999-04-15T12:00:00Z,-17.675,178.575,0.47000000000000003
1999-04-15T12:00:00Z,-17.675,178.625,0.48
1999-05-16T12:00:00Z,-17.325,178.375,0.15
1999-05-16T12:00:00Z,-17.325,178.425,0.15
1999-05-16T12:00:00Z,-17.325,178.475,0.15
1999-05-16T12:00:00Z,-17.325,178.525,0.15
1999-05-16T12:00:00Z,-17.325,178.575,0.14
1999-05-16T12:00:00Z,-17.325,178.625,0.14
1999-05-16T12:00:00Z,-17.375,178.375,0.15
1999-05-16T12:00:00Z,-17.375,178.425,0.15
1999-05-16T12:00:00Z,-17.375,178.475,0.14
1999-05-16T12:00:00Z,-17.375,178.525,0.14
1999-05-16T12:00:00Z,-17.375,178.575,0.14
1999-05-16T12:00:00Z,-17.375,178.625,0.14
1999-05-16T12:00:00Z,-17.425,178.375,0.15
1999-05-16T12:00:00Z,-17.425,178.425,0.14
1999-05-16T12:00:00Z,-17.425,178.475,0.14
1999-05-16T12:00:00Z,-17.425,178.525,0.14
1999-05-16T12:00:00Z,-17.425,178.575,0.14
1999-05-16T12:00:00Z,-17.425,178.625,0.15
1999-05-16T12:00:00Z,-17.475,178.375,0.15
1999-05-16T12:00:00Z,-17.475,178.425,0.15
1999-05-16T12:00:00Z,-17.475,178.475,0.15
1999-05-16T12:00:00Z,-17.475,178.525,0.15
1999-05-16T12:00:00Z,-17.475,178.575,0.29
1999-05-16T12:00:00Z,-17.475,178.625,0.29
1999-05-16T12:00:00Z,-17.525,178.375,0.29
1999-05-16T12:00:00Z,-17.525,178.425,0.29
1999-05-16T12:00:00Z,-17.525,178.475,0.29
1999-05-16T12:00:00Z,-17.525,178.525,0.3
1999-05-16T12:00:00Z,-17.525,178.575,0.44
1999-05-16T12:00:00Z,-17.525,178.625,0.44
1999-05-16T12:00:00Z,-17.575,178.375,0.29
1999-05-16T12:00:00Z,-17.575,178.425,0.29
1999-05-16T12:00:00Z,-17.575,178.475,0.3
1999-05-16T12:00:00Z,-17.575,178.525,0.45
1999-05-16T12:00:00Z,-17.575,178.575,0.46
1999-05-16T12:00:00Z,-17.575,178.625,0.46
1999-05-16T12:00:00Z,-17.625,178.375,NaN
1999-05-16T12:00:00Z,-17.625,178.425,NaN
1999-05-16T12:00:00Z,-17.625,178.475,NaN
1999-05-16T12:00:00Z,-17.625,178.525,0.46
1999-05-16T12:00:00Z,-17.625,178.575,0.47000000000000003
1999-05-16T12:00:00Z,-17.625,178.625,0.47000000000000003
1999-05-16T12:00:00Z,-17.675,178.375,NaN
1999-05-16T12:00:00Z,-17.675,178.425,NaN
1999-05-16T12:00:00Z,-17.675,178.475,NaN
1999-05-16T12:00:00Z,-17.675,178.525,NaN
1999-05-16T12:00:00Z,-17.675,178.575,0.47000000000000003
1999-05-16T12:00:00Z,-17.675,178.625,0.48
1999-06-15T12:00:00Z,-17.325,178.375,0.0
1999-06-15T12:00:00Z,-17.325,178.425,0.0
1999-06-15T12:00:00Z,-17.325,178.475,0.0
1999-06-15T12:00:00Z,-17.325,178.525,0.0
1999-06-15T12:00:00Z,-17.325,178.575,0.0
1999-06-15T12:00:00Z,-17.325,178.625,0.0
1999-06-15T12:00:00Z,-17.375,178.375,0.0
1999-06-15T12:00:00Z,-17.375,178.425,0.0
1999-06-15T12:00:00Z,-17.375,178.475,0.0
1999-06-15T12:00:00Z,-17.375,178.525,0.0
1999-06-15T12:00:00Z,-17.375,178.575,0.0
1999-06-15T12:00:00Z,-17.375,178.625,0.0
1999-06-15T12:00:00Z,-17.425,178.375,0.0
1999-06-15T12:00:00Z,-17.425,178.425,0.0
1999-06-15T12:00:00Z,-17.425,178.475,0.0
1999-06-15T12:00:00Z,-17.425,178.525,0.0
1999-06-15T12:00:00Z,-17.425,178.575,0.0
1999-06-15T12:00:00Z,-17.425,178.625,0.0
1999-06-15T12:00:00Z,-17.475,178.375,0.0
1999-06-15T12:00:00Z,-17.475,178.425,0.0
1999-06-15T12:00:00Z,-17.475,178.475,0.0
1999-06-15T12:00:00Z,-17.475,178.525,0.0
1999-06-15T12:00:00Z,-17.475,178.575,0.0
1999-06-15T12:00:00Z,-17.475,178.625,0.0
1999-06-15T12:00:00Z,-17.525,178.375,0.0
1999-06-15T12:00:00Z,-17.525,178.425,0.0
1999-06-15T12:00:00Z,-17.525,178.475,0.0
1999-06-15T12:00:00Z,-17.525,178.525,0.0
1999-06-15T12:00:00Z,-17.525,178.575,0.0
1999-06-15T12:00:00Z,-17.525,178.625,0.0
1999-06-15T12:00:00Z,-17.575,178.375,0.0
1999-06-15T12:00:00Z,-17.575,178.425,0.0
1999-06-15T12:00:00Z,-17.575,178.475,0.0
1999-06-15T12:00:00Z,-17.575,178.525,0.0
1999-06-15T12:00:00Z,-17.575,178.575,0.0
1999-06-15T12:00:00Z,-17.575,178.625,0.0
1999-06-15T12:00:00Z,-17.625,178.375,NaN
1999-06-15T12:00:00Z,-17.625,178.425,NaN
1999-06-15T12:00:00Z,-17.625,178.475,NaN
1999-06-15T12:00:00Z,-17.625,178.525,0.0
1999-06-15T12:00:00Z,-17.625,178.575,0.0
1999-06-15T12:00:00Z,-17.625,178.625,0.0
1999-06-15T12:00:00Z,-17.675,178.375,NaN
1999-06-15T12:00:00Z,-17.675,178.425,NaN
1999-06-15T12:00:00Z,-17.675,178.475,NaN
1999-06-15T12:00:00Z,-17.675,178.525,NaN
1999-06-15T12:00:00Z,-17.675,178.575,0.0
1999-06-15T12:00:00Z,-17.675,178.625,0.0
1999-07-15T12:00:00Z,-17.325,178.375,0.0
1999-07-15T12:00:00Z,-17.325,178.425,0.0
1999-07-15T12:00:00Z,-17.325,178.475,0.0
1999-07-15T12:00:00Z,-17.325,178.525,0.0
1999-07-15T12:00:00Z,-17.325,178.575,0.0
1999-07-15T12:00:00Z,-17.325,178.625,0.0
1999-07-15T12:00:00Z,-17.375,178.375,0.0
1999-07-15T12:00:00Z,-17.375,178.425,0.0
1999-07-15T12:00:00Z,-17.375,178.475,0.0
1999-07-15T12:00:00Z,-17.375,178.525,0.0
1999-07-15T12:00:00Z,-17.375,178.575,0.0
1999-07-15T12:00:00Z,-17.375,178.625,0.0
1999-07-15T12:00:00Z,-17.425,178.375,0.0
1999-07-15T12:00:00Z,-17.425,178.425,0.0
1999-07-15T12:00:00Z,-17.425,178.475,0.0
1999-07-15T12:00:00Z,-17.425,178.525,0.0
1999-07-15T12:00:00Z,-17.425,178.575,0.0
1999-07-15T12:00:00Z,-17.425,178.625,0.0
1999-07-15T12:00:00Z,-17.475,178.375,0.0
1999-07-15T12:00:00Z,-17.475,178.425,0.0
1999-07-15T12:00:00Z,-17.475,178.475,0.0
1999-07-15T12:00:00Z,-17.475,178.525,0.0
1999-07-15T12:00:00Z,-17.475,178.575,0.0
1999-07-15T12:00:00Z,-17.475,178.625,0.0
1999-07-15T12:00:00Z,-17.525,178.375,0.0
1999-07-15T12:00:00Z,-17.525,178.425,0.0
1999-07-15T12:00:00Z,-17.525,178.475,0.0
1999-07-15T12:00:00Z,-17.525,178.525,0.0
1999-07-15T12:00:00Z,-17.525,178.575,0.0
1999-07-15T12:00:00Z,-17.525,178.625,0.0
1999-07-15T12:00:00Z,-17.575,178.375,0.0
1999-07-15T12:00:00Z,-17.575,178.425,0.0
1999-07-15T12:00:00Z,-17.575,178.475,0.0
1999-07-15T12:00:00Z,-17.575,178.525,0.0
1999-07-15T12:00:00Z,-17.575,178.575,0.0
1999-07-15T12:00:00Z,-17.575,178.625,0.0
1999-07-15T12:00:00Z,-17.625,178.375,NaN
1999-07-15T12:00:00Z,-17.625,178.425,NaN
1999-07-15T12:00:00Z,-17.625,178.475,NaN
1999-07-15T12:00:00Z,-17.625,178.525,0.0
1999-07-15T12:00:00Z,-17.625,178.575,0.0
1999-07-15T12:00:00Z,-17.625,178.625,0.0
1999-07-15T12:00:00Z,-17.675,178.375,NaN
1999-07-15T12:00:00Z,-17.675,178.425,NaN
1999-07-15T12:00:00Z,-17.675,178.475,NaN
1999-07-15T12:00:00Z,-17.675,178.525,NaN
1999-07-15T12:00:00Z,-17.675,178.575,0.0
1999-07-15T12:00:00Z,-17.675,178.625,0.0
1999-08-14T12:00:00Z,-17.325,178.375,0.0
1999-08-14T12:00:00Z,-17.325,178.425,0.0
1999-08-14T12:00:00Z,-17.325,178.475,0.0
1999-08-14T12:00:00Z,-17.325,178.525,0.0
1999-08-14T12:00:00Z,-17.325,178.575,0.0
1999-08-14T12:00:00Z,-17.325,178.625,0.0
1999-08-14T12:00:00Z,-17.375,178.375,0.0
1999-08-14T12:00:00Z,-17.375,178.425,0.0
1999-08-14T12:00:00Z,-17.375,178.475,0.0
1999-08-14T12:00:00Z,-17.375,178.525,0.0
1999-08-14T12:00:00Z,-17.375,178.575,0.0
1999-08-14T12:00:00Z,-17.375,178.625,0.0
1999-08-14T12:00:00Z,-17.425,178.375,0.0
1999-08-14T12:00:00Z,-17.425,178.425,0.0
1999-08-14T12:00:00Z,-17.425,178.475,0.0
1999-08-14T12:00:00Z,-17.425,178.525,0.0
1999-08-14T12:00:00Z,-17.425,178.575,0.0
1999-08-14T12:00:00Z,-17.425,178.625,0.0
1999-08-14T12:00:00Z,-17.475,178.375,0.0
1999-08-14T12:00:00Z,-17.475,178.425,0.0
1999-08-14T12:00:00Z,-17.475,178.475,0.0
1999-08-14T12:00:00Z,-17.475,178.525,0.0
1999-08-14T12:00:00Z,-17.475,178.575,0.0
1999-08-14T12:00:00Z,-17.475,178.625,0.0
1999-08-14T12:00:00Z,-17.525,178.375,0.0
1999-08-14T12:00:00Z,-17.525,178.425,0.0
1999-08-14T12:00:00Z,-17.525,178.475,0.0
1999-08-14T12:00:00Z,-17.525,178.525,0.0
1999-08-14T12:00:00Z,-17.525,178.575,0.0
1999-08-14T12:00:00Z,-17.525,178.625,0.0
1999-08-14T12:00:00Z,-17.575,178.375,0.0
1999-08-14T12:00:00Z,-17.575,178.425,0.0
1999-08-14T12:00:00Z,-17.575,178.475,0.0
1999-08-14T12:00:00Z,-17.575,178.525,0.0
1999-08-14T12:00:00Z,-17.575,178.575,0.0
1999-08-14T12:00:00Z,-17.575,178.625,0.0
1999-08-14T12:00:00Z,-17.625,178.375,NaN
1999-08-14T12:00:00Z,-17.625,178.425,NaN
1999-08-14T12:00:00Z,-17.625,178.475,NaN
1999-08-14T12:00:00Z,-17.625,178.525,0.0
1999-08-14T12:00:00Z,-17.625,178.575,0.0
1999-08-14T12:00:00Z,-17.625,178.625,0.0
1999-08-14T12:00:00Z,-17.675,178.375,NaN
1999-08-14T12:00:00Z,-17.675,178.425,NaN
1999-08-14T12:00:00Z,-17.675,178.475,NaN
1999-08-14T12:00:00Z,-17.675,178.525,NaN
1999-08-14T12:00:00Z,-17.675,178.575,0.0
1999-08-14T12:00:00Z,-17.675,178.625,0.0
1999-09-13T12:00:00Z,-17.325,178.375,0.0
1999-09-13T12:00:00Z,-17.325,178.425,0.0
1999-09-13T12:00:00Z,-17.325,178.475,0.0
1999-09-13T12:00:00Z,-17.325,178.525,0.0
1999-09-13T12:00:00Z,-17.325,178.575,0.0
1999-09-13T12:00:00Z,-17.325,178.625,0.0
1999-09-13T12:00:00Z,-17.375,178.375,0.0
1999-09-13T12:00:00Z,-17.375,178.425,0.0
1999-09-13T12:00:00Z,-17.375,178.475,0.0
1999-09-13T12:00:00Z,-17.375,178.525,0.0
1999-09-13T12:00:00Z,-17.375,178.575,0.0
1999-09-13T12:00:00Z,-17.375,178.625,0.0
1999-09-13T12:00:00Z,-17.425,178.375,0.0
1999-09-13T12:00:00Z,-17.425,178.425,0.0
1999-09-13T12:00:00Z,-17.425,178.475,0.0
1999-09-13T12:00:00Z,-17.425,178.525,0.0
1999-09-13T12:00:00Z,-17.425,178.575,0.0
1999-09-13T12:00:00Z,-17.425,178.625,0.0
1999-09-13T12:00:00Z,-17.475,178.375,0.0
1999-09-13T12:00:00Z,-17.475,178.425,0.0
1999-09-13T12:00:00Z,-17.475,178.475,0.0
1999-09-13T12:00:00Z,-17.475,178.525,0.0
1999-09-13T12:00:00Z,-17.475,178.575,0.0
1999-09-13T12:00:00Z,-17.475,178.625,0.0
1999-09-13T12:00:00Z,-17.525,178.375,0.0
1999-09-13T12:00:00Z,-17.525,178.425,0.0
1999-09-13T12:00:00Z,-17.525,178.475,0.0
1999-09-13T12:00:00Z,-17.525,178.525,0.0
1999-09-13T12:00:00Z,-17.525,178.575,0.0
1999-09-13T12:00:00Z,-17.525,178.625,0.0
1999-09-13T12:00:00Z,-17.575,178.375,0.0
1999-09-13T12:00:00Z,-17.575,178.425,0.0
1999-09-13T12:00:00Z,-17.575,178.475,0.0
1999-09-13T12:00:00Z,-17.575,178.525,0.0
1999-09-13T12:00:00Z,-17.575,178.575,0.0
1999-09-13T12:00:00Z,-17.575,178.625,0.0
1999-09-13T12:00:00Z,-17.625,178.375,NaN
1999-09-13T12:00:00Z,-17.625,178.425,NaN
1999-09-13T12:00:00Z,-17.625,178.475,NaN
1999-09-13T12:00:00Z,-17.625,178.525,0.0
1999-09-13T12:00:00Z,-17.625,178.575,0.0
1999-09-13T12:00:00Z,-17.625,178.625,0.0
1999-09-13T12:00:00Z,-17.675,178.375,NaN
1999-09-13T12:00:00Z,-17.675,178.425,NaN
1999-09-13T12:00:00Z,-17.675,178.475,NaN
1999-09-13T12:00:00Z,-17.675,178.525,NaN
1999-09-13T12:00:00Z,-17.675,178.575,0.0
1999-09-13T12:00:00Z,-17.675,178.625,0.0
1999-10-13T12:00:00Z,-17.325,178.375,0.0
1999-10-13T12:00:00Z,-17.325,178.425,0.0
1999-10-13T12:00:00Z,-17.325,178.475,0.0
1999-10-13T12:00:00Z,-17.325,178.525,0.0
1999-10-13T12:00:00Z,-17.325,178.575,0.0
1999-10-13T12:00:00Z,-17.325,178.625,0.0
1999-10-13T12:00:00Z,-17.375,178.375,0.0
1999-10-13T12:00:00Z,-17.375,178.425,0.0
1999-10-13T12:00:00Z,-17.375,178.475,0.0
1999-10-13T12:00:00Z,-17.375,178.525,0.0
1999-10-13T12:00:00Z,-17.375,178.575,0.0
1999-10-13T12:00:00Z,-17.375,178.625,0.0
1999-10-13T12:00:00Z,-17.425,178.375,0.0
1999-10-13T12:00:00Z,-17.425,178.425,0.0
1999-10-13T12:00:00Z,-17.425,178.475,0.0
1999-10-13T12:00:00Z,-17.425,178.525,0.0
1999-10-13T12:00:00Z,-17.425,178.575,0.0
1999-10-13T12:00:00Z,-17.425,178.625,0.0
1999-10-13T12:00:00Z,-17.475,178.375,0.0
1999-10-13T12:00:00Z,-17.475,178.425,0.0
1999-10-13T12:00:00Z,-17.475,178.475,0.0
1999-10-13T12:00:00Z,-17.475,178.525,0.0
1999-10-13T12:00:00Z,-17.475,178.575,0.0
1999-10-13T12:00:00Z,-17.475,178.625,0.0
1999-10-13T12:00:00Z,-17.525,178.375,0.0
1999-10-13T12:00:00Z,-17.525,178.425,0.0
1999-10-13T12:00:00Z,-17.525,178.475,0.0
1999-10-13T12:00:00Z,-17.525,178.525,0.0
1999-10-13T12:00:00Z,-17.525,178.575,0.0
1999-10-13T12:00:00Z,-17.525,178.625,0.0
1999-10-13T12:00:00Z,-17.575,178.375,0.0
1999-10-13T12:00:00Z,-17.575,178.425,0.0
1999-10-13T12:00:00Z,-17.575,178.475,0.0
1999-10-13T12:00:00Z,-17.575,178.525,0.0
1999-10-13T12:00:00Z,-17.575,178.575,0.0
1999-10-13T12:00:00Z,-17.575,178.625,0.0
1999-10-13T12:00:00Z,-17.625,178.375,NaN
1999-10-13T12:00:00Z,-17.625,178.425,NaN
1999-10-13T12:00:00Z,-17.625,178.475,NaN
1999-10-13T12:00:00Z,-17.625,178.525,0.0
1999-10-13T12:00:00Z,-17.625,178.575,0.0
1999-10-13T12:00:00Z,-17.625,178.625,0.0
1999-10-13T12:00:00Z,-17.675,178.375,NaN
1999-10-13T12:00:00Z,-17.675,178.425,NaN
1999-10-13T12:00:00Z,-17.675,178.475,NaN
1999-10-13T12:00:00Z,-17.675,178.525,NaN
1999-10-13T12:00:00Z,-17.675,178.575,0.0
1999-10-13T12:00:00Z,-17.675,178.625,0.0
1999-11-12T12:00:00Z,-17.325,178.375,0.0
1999-11-12T12:00:00Z,-17.325,178.425,0.0
1999-11-12T12:00:00Z,-17.325,178.475,0.0
1999-11-12T12:00:00Z,-17.325,178.525,0.0
1999-11-12T12:00:00Z,-17.325,178.575,0.0
1999-11-12T12:00:00Z,-17.325,178.625,0.0
1999-11-12T12:00:00Z,-17.375,178.375,0.0
1999-11-12T12:00:00Z,-17.375,178.425,0.0
1999-11-12T12:00:00Z,-17.375,178.475,0.0
1999-11-12T12:00:00Z,-17.375,178.525,0.0
1999-11-12T12:00:00Z,-17.375,178.575,0.0
1999-11-12T12:00:00Z,-17.375,178.625,0.0
1999-11-12T12:00:00Z,-17.425,178.375,0.0
1999-11-12T12:00:00Z,-17.425,178.425,0.0
1999-11-12T12:00:00Z,-17.425,178.475,0.0
1999-11-12T12:00:00Z,-17.425,178.525,0.0
1999-11-12T12:00:00Z,-17.425,178.575,0.0
1999-11-12T12:00:00Z,-17.425,178.625,0.0
1999-11-12T12:00:00Z,-17.475,178.375,0.0
1999-11-12T12:00:00Z,-17.475,178.425,0.0
1999-11-12T12:00:00Z,-17.475,178.475,0.0
1999-11-12T12:00:00Z,-17.475,178.525,0.0
1999-11-12T12:00:00Z,-17.475,178.575,0.0
1999-11-12T12:00:00Z,-17.475,178.625,0.0
1999-11-12T12:00:00Z,-17.525,178.375,0.0
1999-11-12T12:00:00Z,-17.525,178.425,0.0
1999-11-12T12:00:00Z,-17.525,178.475,0.0
1999-11-12T12:00:00Z,-17.525,178.525,0.0
1999-11-12T12:00:00Z,-17.525,178.575,0.0
1999-11-12T12:00:00Z,-17.525,178.625,0.0
1999-11-12T12:00:00Z,-17.575,178.375,0.0
1999-11-12T12:00:00Z,-17.575,178.425,0.0
1999-11-12T12:00:00Z,-17.575,178.475,0.0
1999-11-12T12:00:00Z,-17.575,178.525,0.0
1999-11-12T12:00:00Z,-17.575,178.575,0.0
1999-11-12T12:00:00Z,-17.575,178.625,0.0
1999-11-12T12:00:00Z,-17.625,178.375,NaN
1999-11-12T12:00:00Z,-17.625,178.425,NaN
1999-11-12T12:00:00Z,-17.625,178.475,NaN
1999-11-12T12:00:00Z,-17.625,178.525,0.0
1999-11-12T12:00:00Z,-17.625,178.575,0.0
1999-11-12T12:00:00Z,-17.625,178.625,0.0
1999-11-12T12:00:00Z,-17.675,178.375,NaN
1999-11-12T12:00:00Z,-17.675,178.425,NaN
1999-11-12T12:00:00Z,-17.675,178.475,NaN
1999-11-12T12:00:00Z,-17.675,178.525,NaN
1999-11-12T12:00:00Z,-17.675,178.575,0.0
1999-11-12T12:00:00Z,-17.675,178.625,0.0
1999-12-12T12:00:00Z,-17.325,178.375,0.0
1999-12-12T12:00:00Z,-17.325,178.425,0.0
1999-12-12T12:00:00Z,-17.325,178.475,0.0
1999-12-12T12:00:00Z,-17.325,178.525,0.0
1999-12-12T12:00:00Z,-17.325,178.575,0.0
1999-12-12T12:00:00Z,-17.325,178.625,0.0
1999-12-12T12:00:00Z,-17.375,178.375,0.0
1999-12-12T12:00:00Z,-17.375,178.425,0.0
1999-12-12T12:00:00Z,-17.375,178.475,0.0
1999-12-12T12:00:00Z,-17.375,178.525,0.0
1999-12-12T12:00:00Z,-17.375,178.575,0.0
1999-12-12T12:00:00Z,-17.375,178.625,0.0
1999-12-12T12:00:00Z,-17.425,178.375,0.0
1999-12-12T12:00:00Z,-17.425,178.425,0.0
1999-12-12T12:00:00Z,-17.425,178.475,0.0
1999-12-12T12:00:00Z,-17.425,178.525,0.0
1999-12-12T12:00:00Z,-17.425,178.575,0.0
1999-12-12T12:00:00Z,-17.425,178.625,0.0
1999-12-12T12:00:00Z,-17.475,178.375,0.0
1999-12-12T12:00:00Z,-17.475,178.425,0.0
1999-12-12T12:00:00Z,-17.475,178.475,0.0
1999-12-12T12:00:00Z,-17.475,178.525,0.0
1999-12-12T12:00:00Z,-17.475,178.575,0.0
1999-12-12T12:00:00Z,-17.475,178.625,0.0
1999-12-12T12:00:00Z,-17.525,178.375,0.0
1999-12-12T12:00:00Z,-17.525,178.425,0.0
1999-12-12T12:00:00Z,-17.525,178.475,0.0
1999-12-12T12:00:00Z,-17.525,178.525,0.0
1999-12-12T12:00:00Z,-17.525,178.575,0.0
1999-12-12T12:00:00Z,-17.525,178.625,0.0
1999-12-12T12:00:00Z,-17.575,178.375,0.0
1999-12-12T12:00:00Z,-17.575,178.425,0.0
1999-12-12T12:00:00Z,-17.575,178.475,0.0
1999-12-12T12:00:00Z,-17.575,178.525,0.0
1999-12-12T12:00:00Z,-17.575,178.575,0.0
1999-12-12T12:00:00Z,-17.575,178.625,0.0
1999-12-12T12:00:00Z,-17.625,178.375,NaN
1999-12-12T12:00:00Z,-17.625,178.425,NaN
1999-12-12T12:00:00Z,-17.625,178.475,NaN
1999-12-12T12:00:00Z,-17.625,178.525,0.0
1999-12-12T12:00:00Z,-17.625,178.575,0.0
1999-12-12T12:00:00Z,-17.625,178.625,0.0
1999-12-12T12:00:00Z,-17.675,178.375,NaN
1999-12-12T12:00:00Z,-17.675,178.425,NaN
1999-12-12T12:00:00Z,-17.675,178.475,NaN
1999-12-12T12:00:00Z,-17.675,178.525,NaN
1999-12-12T12:00:00Z,-17.675,178.575,0.0
1999-12-12T12:00:00Z,-17.675,178.625,0.0
2000-01-11T12:00:00Z,-17.325,178.375,0.0
2000-01-11T12:00:00Z,-17.325,178.425,0.0
2000-01-11T12:00:00Z,-17.325,178.475,0.0
2000-01-11T12:00:00Z,-17.325,178.525,0.0
2000-01-11T12:00:00Z,-17.325,178.575,0.0
2000-01-11T12:00:00Z,-17.325,178.625,0.0
2000-01-11T12:00:00Z,-17.375,178.375,0.0
2000-01-11T12:00:00Z,-17.375,178.425,0.0
2000-01-11T12:00:00Z,-17.375,178.475,0.0
2000-01-11T12:00:00Z,-17.375,178.525,0.0
2000-01-11T12:00:00Z,-17.375,178.575,0.0
2000-01-11T12:00:00Z,-17.375,178.625,0.0
2000-01-11T12:00:00Z,-17.425,178.375,0.0
2000-01-11T12:00:00Z,-17.425,178.425,0.0
2000-01-11T12:00:00Z,-17.425,178.475,0.0
2000-01-11T12:00:00Z,-17.425,178.525,0.0
2000-01-11T12:00:00Z,-17.425,178.575,0.0
2000-01-11T12:00:00Z,-17.425,178.625,0.0
2000-01-11T12:00:00Z,-17.475,178.375,0.0
2000-01-11T12:00:00Z,-17.475,178.425,0.0
2000-01-11T12:00:00Z,-17.475,178.475,0.0
2000-01-11T12:00:00Z,-17.475,178.525,0.0
2000-01-11T12:00:00Z,-17.475,178.575,0.0
2000-01-11T12:00:00Z,-17.475,178.625,0.0
2000-01-11T12:00:00Z,-17.525,178.375,0.0
2000-01-11T12:00:00Z,-17.525,178.425,0.0
2000-01-11T12:00:00Z,-17.525,178.475,0.0
2000-01-11T12:00:00Z,-17.525,178.525,0.0
2000-01-11T12:00:00Z,-17.525,178.575,0.0
2000-01-11T12:00:00Z,-17.525,178.625,0.0
2000-01-11T12:00:00Z,-17.575,178.375,0.0
2000-01-11T12:00:00Z,-17.575,178.425,0.0
2000-01-11T12:00:00Z,-17.575,178.475,0.0
2000-01-11T12:00:00Z,-17.575,178.525,0.0
2000-01-11T12:00:00Z,-17.575,178.575,0.0
2000-01-11T12:00:00Z,-17.575,178.625,0.0
2000-01-11T12:00:00Z,-17.625,178.375,NaN
2000-01-11T12:00:00Z,-17.625,178.425,NaN
2000-01-11T12:00:00Z,-17.625,178.475,NaN
2000-01-11T12:00:00Z,-17.625,178.525,0.0
2000-01-11T12:00:00Z,-17.625,178.575,0.0
2000-01-11T12:00:00Z,-17.625,178.625,0.0
2000-01-11T12:00:00Z,-17.675,178.375,NaN
2000-01-11T12:00:00Z,-17.675,178.425,NaN
2000-01-11T12:00:00Z,-17.675,178.475,NaN
2000-01-11T12:00:00Z,-17.675,178.525,NaN
2000-01-11T12:00:00Z,-17.675,178.575,0.0
2000-01-11T12:00:00Z,-17.675,178.625,0.0
2000-02-10T12:00:00Z,-17.325,178.375,1.25
2000-02-10T12:00:00Z,-17.325,178.425,1.27
2000-02-10T12:00:00Z,-17.325,178.475,1.59
2000-02-10T12:00:00Z,-17.325,178.525,1.62
2000-02-10T12:00:00Z,-17.325,178.575,1.8
2000-02-10T12:00:00Z,-17.325,178.625,1.83
2000-02-10T12:00:00Z,-17.375,178.375,1.23
2000-02-10T12:00:00Z,-17.375,178.425,1.25
2000-02-10T12:00:00Z,-17.375,178.475,1.57
2000-02-10T12:00:00Z,-17.375,178.525,1.61
2000-02-10T12:00:00Z,-17.375,178.575,1.78
2000-02-10T12:00:00Z,-17.375,178.625,2.11
2000-02-10T12:00:00Z,-17.425,178.375,1.2
2000-02-10T12:00:00Z,-17.425,178.425,1.23
2000-02-10T12:00:00Z,-17.425,178.475,1.55
2000-02-10T12:00:00Z,-17.425,178.525,1.58
2000-02-10T12:00:00Z,-17.425,178.575,1.77
2000-02-10T12:00:00Z,-17.425,178.625,2.1
2000-02-10T12:00:00Z,-17.475,178.375,1.19
2000-02-10T12:00:00Z,-17.475,178.425,1.36
2000-02-10T12:00:00Z,-17.475,178.475,1.54
2000-02-10T12:00:00Z,-17.475,178.525,1.57
2000-02-10T12:00:00Z,-17.475,178.575,1.9000000000000001
2000-02-10T12:00:00Z,-17.475,178.625,2.07
2000-02-10T12:00:00Z,-17.525,178.375,1.32
2000-02-10T12:00:00Z,-17.525,178.425,1.34
2000-02-10T12:00:00Z,-17.525,178.475,1.52
2000-02-10T12:00:00Z,-17.525,178.525,1.56
2000-02-10T12:00:00Z,-17.525,178.575,1.74
2000-02-10T12:00:00Z,-17.525,178.625,2.06
2000-02-10T12:00:00Z,-17.575,178.375,1.31
2000-02-10T12:00:00Z,-17.575,178.425,1.32
2000-02-10T12:00:00Z,-17.575,178.475,1.5
2000-02-10T12:00:00Z,-17.575,178.525,1.55
2000-02-10T12:00:00Z,-17.575,178.575,1.72
2000-02-10T12:00:00Z,-17.575,178.625,2.04
2000-02-10T12:00:00Z,-17.625,178.375,NaN
2000-02-10T12:00:00Z,-17.625,178.425,NaN
2000-02-10T12:00:00Z,-17.625,178.475,NaN
2000-02-10T12:00:00Z,-17.625,178.525,1.68
2000-02-10T12:00:00Z,-17.625,178.575,1.7
2000-02-10T12:00:00Z,-17.625,178.625,1.87
2000-02-10T12:00:00Z,-17.675,178.375,NaN
2000-02-10T12:00:00Z,-17.675,178.425,NaN
2000-02-10T12:00:00Z,-17.675,178.475,NaN
2000-02-10T12:00:00Z,-17.675,178.525,NaN
2000-02-10T12:00:00Z,-17.675,178.575,1.68
2000-02-10T12:00:00Z,-17.675,178.625,1.7
2000-03-11T12:00:00Z,-17.325,178.375,1.73
2000-03-11T12:00:00Z,-17.325,178.425,1.75
2000-03-11T12:00:00Z,-17.325,178.475,2.05
2000-03-11T12:00:00Z,-17.325,178.525,2.08
2000-03-11T12:00:00Z,-17.325,178.575,2.25
2000-03-11T12:00:00Z,-17.325,178.625,2.14
2000-03-11T12:00:00Z,-17.375,178.375,1.71
2000-03-11T12:00:00Z,-17.375,178.425,1.73
2000-03-11T12:00:00Z,-17.375,178.475,2.04
2000-03-11T12:00:00Z,-17.375,178.525,2.07
2000-03-11T12:00:00Z,-17.375,178.575,2.24
2000-03-11T12:00:00Z,-17.375,178.625,2.41
2000-03-11T12:00:00Z,-17.425,178.375,1.67
2000-03-11T12:00:00Z,-17.425,178.425,1.7
2000-03-11T12:00:00Z,-17.425,178.475,2.0100000000000002
2000-03-11T12:00:00Z,-17.425,178.525,2.0300000000000002
2000-03-11T12:00:00Z,-17.425,178.575,2.07
2000-03-11T12:00:00Z,-17.425,178.625,2.41
2000-03-11T12:00:00Z,-17.475,178.375,1.6500000000000001
2000-03-11T12:00:00Z,-17.475,178.425,1.82
2000-03-11T12:00:00Z,-17.475,178.475,2.0
2000-03-11T12:00:00Z,-17.475,178.525,1.8800000000000001
2000-03-11T12:00:00Z,-17.475,178.575,2.2
2000-03-11T12:00:00Z,-17.475,178.625,2.38
2000-03-11T12:00:00Z,-17.525,178.375,1.78
2000-03-11T12:00:00Z,-17.525,178.425,1.8
2000-03-11T12:00:00Z,-17.525,178.475,1.97
2000-03-11T12:00:00Z,-17.525,178.525,1.87
2000-03-11T12:00:00Z,-17.525,178.575,2.05
2000-03-11T12:00:00Z,-17.525,178.625,2.36
2000-03-11T12:00:00Z,-17.575,178.375,1.76
2000-03-11T12:00:00Z,-17.575,178.425,1.6300000000000001
2000-03-11T12:00:00Z,-17.575,178.475,1.81
2000-03-11T12:00:00Z,-17.575,178.525,1.85
2000-03-11T12:00:00Z,-17.575,178.575,2.0300000000000002
2000-03-11T12:00:00Z,-17.575,178.625,2.35
2000-03-11T12:00:00Z,-17.625,178.375,NaN
2000-03-11T12:00:00Z,-17.625,178.425,NaN
2000-03-11T12:00:00Z,-17.625,178.475,NaN
2000-03-11T12:00:00Z,-17.625,178.525,1.98
2000-03-11T12:00:00Z,-17.625,178.575,2.0100000000000002
2000-03-11T12:00:00Z,-17.625,178.625,2.17
2000-03-11T12:00:00Z,-17.675,178.375,NaN
2000-03-11T12:00:00Z,-17.675,178.425,NaN
2000-03-11T12:00:00Z,-17.675,178.475,NaN
2000-03-11T12:00:00Z,-17.675,178.525,NaN
2000-03-11T12:00:00Z,-17.675,178.575,1.98
2000-03-11T12:00:00Z,-17.675,178.625,2.0100000000000002
2000-04-10T12:00:00Z,-17.325,178.375,2.04
2000-04-10T12:00:00Z,-17.325,178.425,2.05
2000-04-10T12:00:00Z,-17.325,178.475,2.5
2000-04-10T12:00:00Z,-17.325,178.525,2.5300000000000002
2000-04-10T12:00:00Z,-17.325,178.575,2.69
2000-04-10T12:00:00Z,-17.325,178.625,2.29
2000-04-10T12:00:00Z,-17.375,178.375,2.02
2000-04-10T12:00:00Z,-17.375,178.425,2.19
2000-04-10T12:00:00Z,-17.375,178.475,2.5
2000-04-10T12:00:00Z,-17.375,178.525,2.5300000000000002
2000-04-10T12:00:00Z,-17.375,178.575,2.69
2000-04-10T12:00:00Z,-17.375,178.625,2.86
2000-04-10T12:00:00Z,-17.425,178.375,1.98
2000-04-10T12:00:00Z,-17.425,178.425,2.0100000000000002
2000-04-10T12:00:00Z,-17.425,178.475,2.48
2000-04-10T12:00:00Z,-17.425,178.525,2.49
2000-04-10T12:00:00Z,-17.425,178.575,2.5300000000000002
2000-04-10T12:00:00Z,-17.425,178.625,2.86
2000-04-10T12:00:00Z,-17.475,178.375,1.95
2000-04-10T12:00:00Z,-17.475,178.425,2.2800000000000002
2000-04-10T12:00:00Z,-17.475,178.475,2.45
2000-04-10T12:00:00Z,-17.475,178.525,2.34
2000-04-10T12:00:00Z,-17.475,178.575,2.81
2000-04-10T12:00:00Z,-17.475,178.625,2.83
2000-04-10T12:00:00Z,-17.525,178.375,2.07
2000-04-10T12:00:00Z,-17.525,178.425,2.1
2000-04-10T12:00:00Z,-17.525,178.475,2.42
2000-04-10T12:00:00Z,-17.525,178.525,2.33
2000-04-10T12:00:00Z,-17.525,178.575,2.5100000000000002
2000-04-10T12:00:00Z,-17.525,178.625,2.97
2000-04-10T12:00:00Z,-17.575,178.375,2.2
2000-04-10T12:00:00Z,-17.575,178.425,1.93
2000-04-10T12:00:00Z,-17.575,178.475,2.11
2000-04-10T12:00:00Z,-17.575,178.525,2.31
2000-04-10T12:00:00Z,-17.575,178.575,2.48
2000-04-10T12:00:00Z,-17.575,178.625,2.95
2000-04-10T12:00:00Z,-17.625,178.375,NaN
2000-04-10T12:00:00Z,-17.625,178.425,NaN
2000-04-10T12:00:00Z,-17.625,178.475,NaN
2000-04-10T12:00:00Z,-17.625,178.525,2.29
2000-04-10T12:00:00Z,-17.625,178.575,2.46
2000-04-10T12:00:00Z,-17.625,178.625,2.77
2000-04-10T12:00:00Z,-17.675,178.375,NaN
2000-04-10T12:00:00Z,-17.675,178.425,NaN
2000-04-10T12:00:00Z,-17.675,178.475,NaN
2000-04-10T12:00:00Z,-17.675,178.525,NaN
2000-04-10T12:00:00Z,-17.675,178.575,2.43
2000-04-10T12:00:00Z,-17.675,178.625,2.6
2000-05-10T12:00:00Z,-17.325,178.375,0.8
2000-05-10T12:00:00Z,-17.325,178.425,0.79
2000-05-10T12:00:00Z,-17.325,178.475,0.91
2000-05-10T12:00:00Z,-17.325,178.525,0.91
2000-05-10T12:00:00Z,-17.325,178.575,0.89
2000-05-10T12:00:00Z,-17.325,178.625,0.46
2000-05-10T12:00:00Z,-17.375,178.375,0.8
2000-05-10T12:00:00Z,-17.375,178.425,0.93
2000-05-10T12:00:00Z,-17.375,178.475,0.93
2000-05-10T12:00:00Z,-17.375,178.525,0.92
2000-05-10T12:00:00Z,-17.375,178.575,0.91
2000-05-10T12:00:00Z,-17.375,178.625,0.76
2000-05-10T12:00:00Z,-17.425,178.375,0.78
2000-05-10T12:00:00Z,-17.425,178.425,0.78
2000-05-10T12:00:00Z,-17.425,178.475,0.93
2000-05-10T12:00:00Z,-17.425,178.525,0.91
2000-05-10T12:00:00Z,-17.425,178.575,0.77
2000-05-10T12:00:00Z,-17.425,178.625,0.77
2000-05-10T12:00:00Z,-17.475,178.375,0.77
2000-05-10T12:00:00Z,-17.475,178.425,0.92
2000-05-10T12:00:00Z,-17.475,178.475,0.92
2000-05-10T12:00:00Z,-17.475,178.525,0.77
2000-05-10T12:00:00Z,-17.475,178.575,0.92
2000-05-10T12:00:00Z,-17.475,178.625,0.76
2000-05-10T12:00:00Z,-17.525,178.375,0.76
2000-05-10T12:00:00Z,-17.525,178.425,0.76
2000-05-10T12:00:00Z,-17.525,178.475,0.91
2000-05-10T12:00:00Z,-17.525,178.525,0.77
2000-05-10T12:00:00Z,-17.525,178.575,0.77
2000-05-10T12:00:00Z,-17.525,178.625,0.91
2000-05-10T12:00:00Z,-17.575,178.375,0.89
2000-05-10T12:00:00Z,-17.575,178.425,0.6
2000-05-10T12:00:00Z,-17.575,178.475,0.61
2000-05-10T12:00:00Z,-17.575,178.525,0.76
2000-05-10T12:00:00Z,-17.575,178.575,0.76
2000-05-10T12:00:00Z,-17.575,178.625,0.91
2000-05-10T12:00:00Z,-17.625,178.375,NaN
2000-05-10T12:00:00Z,-17.625,178.425,NaN
2000-05-10T12:00:00Z,-17.625,178.475,NaN
2000-05-10T12:00:00Z,-17.625,178.525,0.61
2000-05-10T12:00:00Z,-17.625,178.575,0.76
2000-05-10T12:00:00Z,-17.625,178.625,0.9
2000-05-10T12:00:00Z,-17.675,178.375,NaN
2000-05-10T12:00:00Z,-17.675,178.425,NaN
2000-05-10T12:00:00Z,-17.675,178.475,NaN
2000-05-10T12:00:00Z,-17.675,178.525,NaN
2000-05-10T12:00:00Z,-17.675,178.575,0.75
2000-05-10T12:00:00Z,-17.675,178.625,0.9
2000-06-09T12:00:00Z,-17.325,178.375,0.31
2000-06-09T12:00:00Z,-17.325,178.425,0.31
2000-06-09T12:00:00Z,-17.325,178.475,0.45
2000-06-09T12:00:00Z,-17.325,178.525,0.45
2000-06-09T12:00:00Z,-17.325,178.575,0.44
2000-06-09T12:00:00Z,-17.325,178.625,0.15
2000-06-09T12:00:00Z,-17.375,178.375,0.31
2000-06-09T12:00:00Z,-17.375,178.425,0.46
2000-06-09T12:00:00Z,-17.375,178.475,0.46
2000-06-09T12:00:00Z,-17.375,178.525,0.46
2000-06-09T12:00:00Z,-17.375,178.575,0.45
2000-06-09T12:00:00Z,-17.375,178.625,0.45
2000-06-09T12:00:00Z,-17.425,178.375,0.31
2000-06-09T12:00:00Z,-17.425,178.425,0.31
2000-06-09T12:00:00Z,-17.425,178.475,0.46
2000-06-09T12:00:00Z,-17.425,178.525,0.46
2000-06-09T12:00:00Z,-17.425,178.575,0.46
2000-06-09T12:00:00Z,-17.425,178.625,0.46
2000-06-09T12:00:00Z,-17.475,178.375,0.3
2000-06-09T12:00:00Z,-17.475,178.425,0.45
2000-06-09T12:00:00Z,-17.475,178.475,0.46
2000-06-09T12:00:00Z,-17.475,178.525,0.46
2000-06-09T12:00:00Z,-17.475,178.575,0.61
2000-06-09T12:00:00Z,-17.475,178.625,0.46
2000-06-09T12:00:00Z,-17.525,178.375,0.3
2000-06-09T12:00:00Z,-17.525,178.425,0.3
2000-06-09T12:00:00Z,-17.525,178.475,0.45
2000-06-09T12:00:00Z,-17.525,178.525,0.46
2000-06-09T12:00:00Z,-17.525,178.575,0.46
2000-06-09T12:00:00Z,-17.525,178.625,0.6
2000-06-09T12:00:00Z,-17.575,178.375,0.44
2000-06-09T12:00:00Z,-17.575,178.425,0.3
2000-06-09T12:00:00Z,-17.575,178.475,0.3
2000-06-09T12:00:00Z,-17.575,178.525,0.46
2000-06-09T12:00:00Z,-17.575,178.575,0.46
2000-06-09T12:00:00Z,-17.575,178.625,0.6
2000-06-09T12:00:00Z,-17.625,178.375,NaN
2000-06-09T12:00:00Z,-17.625,178.425,NaN
2000-06-09T12:00:00Z,-17.625,178.475,NaN
2000-06-09T12:00:00Z,-17.625,178.525,0.31
2000-06-09T12:00:00Z,-17.625,178.575,0.45
2000-06-09T12:00:00Z,-17.625,178.625,0.6
2000-06-09T12:00:00Z,-17.675,178.375,NaN
2000-06-09T12:00:00Z,-17.675,178.425,NaN
2000-06-09T12:00:00Z,-17.675,178.475,NaN
2000-06-09T12:00:00Z,-17.675,178.525,NaN
2000-06-09T12:00:00Z,-17.675,178.575,0.45
2000-06-09T12:00:00Z,-17.675,178.625,0.59
2000-07-09T12:00:00Z,-17.325,178.375,0.0
2000-07-09T12:00:00Z,-17.325,178.425,0.0
2000-07-09T12:00:00Z,-17.325,178.475,0.0
2000-07-09T12:00:00Z,-17.325,178.525,0.0
2000-07-09T12:00:00Z,-17.325,178.575,0.0
2000-07-09T12:00:00Z,-17.325,178.625,0.0
2000-07-09T12:00:00Z,-17.375,178.375,0.0
2000-07-09T12:00:00Z,-17.375,178.425,0.0
2000-07-09T12:00:00Z,-17.375,178.475,0.0
2000-07-09T12:00:00Z,-17.375,178.525,0.0
2000-07-09T12:00:00Z,-17.375,178.575,0.0
2000-07-09T12:00:00Z,-17.375,178.625,0.0
2000-07-09T12:00:00Z,-17.425,178.375,0.0
2000-07-09T12:00:00Z,-17.425,178.425,0.0
2000-07-09T12:00:00Z,-17.425,178.475,0.0
2000-07-09T12:00:00Z,-17.425,178.525,0.0
2000-07-09T12:00:00Z,-17.425,178.575,0.0
2000-07-09T12:00:00Z,-17.425,178.625,0.0
2000-07-09T12:00:00Z,-17.475,178.375,0.0
2000-07-09T12:00:00Z,-17.475,178.425,0.0
2000-07-09T12:00:00Z,-17.475,178.475,0.0
2000-07-09T12:00:00Z,-17.475,178.525,0.0
2000-07-09T12:00:00Z,-17.475,178.575,0.0
2000-07-09T12:00:00Z,-17.475,178.625,0.0
2000-07-09T12:00:00Z,-17.525,178.375,0.0
2000-07-09T12:00:00Z,-17.525,178.425,0.0
2000-07-09T12:00:00Z,-17.525,178.475,0.0
2000-07-09T12:00:00Z,-17.525,178.525,0.0
2000-07-09T12:00:00Z,-17.525,178.575,0.0
2000-07-09T12:00:00Z,-17.525,178.625,0.0
2000-07-09T12:00:00Z,-17.575,178.375,0.0
2000-07-09T12:00:00Z,-17.575,178.425,0.0
2000-07-09T12:00:00Z,-17.575,178.475,0.0
2000-07-09T12:00:00Z,-17.575,178.525,0.0
2000-07-09T12:00:00Z,-17.575,178.575,0.0
2000-07-09T12:00:00Z,-17.575,178.625,0.0
2000-07-09T12:00:00Z,-17.625,178.375,NaN
2000-07-09T12:00:00Z,-17.625,178.425,NaN
2000-07-09T12:00:00Z,-17.625,178.475,NaN
2000-07-09T12:00:00Z,-17.625,178.525,0.0
2000-07-09T12:00:00Z,-17.625,178.575,0.0
2000-07-09T12:00:00Z,-17.625,178.625,0.0
2000-07-09T12:00:00Z,-17.675,178.375,NaN
2000-07-09T12:00:00Z,-17.675,178.425,NaN
2000-07-09T12:00:00Z,-17.675,178.475,NaN
2000-07-09T12:00:00Z,-17.675,178.525,NaN
2000-07-09T12:00:00Z,-17.675,178.575,0.0
2000-07-09T12:00:00Z,-17.675,178.625,0.0
2000-08-08T12:00:00Z,-17.325,178.375,0.0
2000-08-08T12:00:00Z,-17.325,178.425,0.0
2000-08-08T12:00:00Z,-17.325,178.475,0.0
2000-08-08T12:00:00Z,-17.325,178.525,0.0
2000-08-08T12:00:00Z,-17.325,178.575,0.0
2000-08-08T12:00:00Z,-17.325,178.625,0.0
2000-08-08T12:00:00Z,-17.375,178.375,0.0
2000-08-08T12:00:00Z,-17.375,178.425,0.0
2000-08-08T12:00:00Z,-17.375,178.475,0.0
2000-08-08T12:00:00Z,-17.375,178.525,0.0
2000-08-08T12:00:00Z,-17.375,178.575,0.0
2000-08-08T12:00:00Z,-17.375,178.625,0.0
2000-08-08T12:00:00Z,-17.425,178.375,0.0
2000-08-08T12:00:00Z,-17.425,178.425,0.0
2000-08-08T12:00:00Z,-17.425,178.475,0.0
2000-08-08T12:00:00Z,-17.425,178.525,0.0
2000-08-08T12:00:00Z,-17.425,178.575,0.0
2000-08-08T12:00:00Z,-17.425,178.625,0.0
2000-08-08T12:00:00Z,-17.475,178.375,0.0
2000-08-08T12:00:00Z,-17.475,178.425,0.0
2000-08-08T12:00:00Z,-17.475,178.475,0.0
2000-08-08T12:00:00Z,-17.475,178.525,0.0
2000-08-08T12:00:00Z,-17.475,178.575,0.0
2000-08-08T12:00:00Z,-17.475,178.625,0.0
2000-08-08T12:00:00Z,-17.525,178.375,0.0
2000-08-08T12:00:00Z,-17.525,178.425,0.0
2000-08-08T12:00:00Z,-17.525,178.475,0.0
2000-08-08T12:00:00Z,-17.525,178.525,0.0
2000-08-08T12:00:00Z,-17.525,178.575,0.0
2000-08-08T12:00:00Z,-17.525,178.625,0.0
2000-08-08T12:00:00Z,-17.575,178.375,0.0
2000-08-08T12:00:00Z,-17.575,178.425,0.0
2000-08-08T12:00:00Z,-17.575,178.475,0.0
2000-08-08T12:00:00Z,-17.575,178.525,0.0
2000-08-08T12:00:00Z,-17.575,178.575,0.0
2000-08-08T12:00:00Z,-17.575,178.625,0.0
2000-08-08T12:00:00Z,-17.625,178.375,NaN
2000-08-08T12:00:00Z,-17.625,178.425,NaN
2000-08-08T12:00:00Z,-17.625,178.475,NaN
2000-08-08T12:00:00Z,-17.625,178.525,0.0
2000-08-08T12:00:00Z,-17.625,178.575,0.0
2000-08-08T12:00:00Z,-17.625,178.625,0.0
2000-08-08T12:00:00Z,-17.675,178.375,NaN
2000-08-08T12:00:00Z,-17.675,178.425,NaN
2000-08-08T12:00:00Z,-17.675,178.475,NaN
2000-08-08T12:00:00Z,-17.675,178.525,NaN
2000-08-08T12:00:00Z,-17.675,178.575,0.0
2000-08-08T12:00:00Z,-17.675,178.625,0.0
2000-09-07T12:00:00Z,-17.325,178.375,0.0
2000-09-07T12:00:00Z,-17.325,178.425,0.0
2000-09-07T12:00:00Z,-17.325,178.475,0.0
2000-09-07T12:00:00Z,-17.325,178.525,0.0
2000-09-07T12:00:00Z,-17.325,178.575,0.0
2000-09-07T12:00:00Z,-17.325,178.625,0.0
2000-09-07T12:00:00Z,-17.375,178.375,0.0
2000-09-07T12:00:00Z,-17.375,178.425,0.0
2000-09-07T12:00:00Z,-17.375,178.475,0.0
2000-09-07T12:00:00Z,-17.375,178.525,0.0
2000-09-07T12:00:00Z,-17.375,178.575,0.0
2000-09-07T12:00:00Z,-17.375,178.625,0.0
2000-09-07T12:00:00Z,-17.425,178.375,0.0
2000-09-07T12:00:00Z,-17.425,178.425,0.0
2000-09-07T12:00:00Z,-17.425,178.475,0.0
2000-09-07T12:00:00Z,-17.425,178.525,0.0
2000-09-07T12:00:00Z,-17.425,178.575,0.0
2000-09-07T12:00:00Z,-17.425,178.625,0.0
2000-09-07T12:00:00Z,-17.475,178.375,0.0
2000-09-07T12:00:00Z,-17.475,178.425,0.0
2000-09-07T12:00:00Z,-17.475,178.475,0.0
2000-09-07T12:00:00Z,-17.475,178.525,0.0
2000-09-07T12:00:00Z,-17.475,178.575,0.0
2000-09-07T12:00:00Z,-17.475,178.625,0.0
2000-09-07T12:00:00Z,-17.525,178.375,0.0
2000-09-07T12:00:00Z,-17.525,178.425,0.0
2000-09-07T12:00:00Z,-17.525,178.475,0.0
2000-09-07T12:00:00Z,-17.525,178.525,0.0
2000-09-07T12:00:00Z,-17.525,178.575,0.0
2000-09-07T12:00:00Z,-17.525,178.625,0.0
2000-09-07T12:00:00Z,-17.575,178.375,0.0
2000-09-07T12:00:00Z,-17.575,178.425,0.0
2000-09-07T12:00:00Z,-17.575,178.475,0.0
2000-09-07T12:00:00Z,-17.575,178.525,0.0
2000-09-07T12:00:00Z,-17.575,178.575,0.0
2000-09-07T12:00:00Z,-17.575,178.625,0.0
2000-09-07T12:00:00Z,-17.625,178.375,NaN
2000-09-07T12:00:00Z,-17.625,178.425,NaN
2000-09-07T12:00:00Z,-17.625,178.475,NaN
2000-09-07T12:00:00Z,-17.625,178.525,0.0
2000-09-07T12:00:00Z,-17.625,178.575,0.0
2000-09-07T12:00:00Z,-17.625,178.625,0.0
2000-09-07T12:00:00Z,-17.675,178.375,NaN
2000-09-07T12:00:00Z,-17.675,178.425,NaN
2000-09-07T12:00:00Z,-17.675,178.475,NaN
2000-09-07T12:00:00Z,-17.675,178.525,NaN
2000-09-07T12:00:00Z,-17.675,178.575,0.0
2000-09-07T12:00:00Z,-17.675,178.625,0.0
2000-10-07T12:00:00Z,-17.325,178.375,0.0
2000-10-07T12:00:00Z,-17.325,178.425,0.0
2000-10-07T12:00:00Z,-17.325,178.475,0.0
2000-10-07T12:00:00Z,-17.325,178.525,0.0
2000-10-07T12:00:00Z,-17.325,178.575,0.0
2000-10-07T12:00:00Z,-17.325,178.625,0.0
2000-10-07T12:00:00Z,-17.375,178.375,0.0
2000-10-07T12:00:00Z,-17.375,178.425,0.0
2000-10-07T12:00:00Z,-17.375,178.475,0.0
2000-10-07T12:00:00Z,-17.375,178.525,0.0
2000-10-07T12:00:00Z,-17.375,178.575,0.0
2000-10-07T12:00:00Z,-17.375,178.625,0.0
2000-10-07T12:00:00Z,-17.425,178.375,0.0
2000-10-07T12:00:00Z,-17.425,178.425,0.0
2000-10-07T12:00:00Z,-17.425,178.475,0.0
2000-10-07T12:00:00Z,-17.425,178.525,0.0
2000-10-07T12:00:00Z,-17.425,178.575,0.0
2000-10-07T12:00:00Z,-17.425,178.625,0.0
2000-10-07T12:00:00Z,-17.475,178.375,0.0
2000-10-07T12:00:00Z,-17.475,178.425,0.0
2000-10-07T12:00:00Z,-17.475,178.475,0.0
2000-10-07T12:00:00Z,-17.475,178.525,0.0
2000-10-07T12:00:00Z,-17.475,178.575,0.0
2000-10-07T12:00:00Z,-17.475,178.625,0.0
2000-10-07T12:00:00Z,-17.525,178.375,0.0
2000-10-07T12:00:00Z,-17.525,178.425,0.0
2000-10-07T12:00:00Z,-17.525,178.475,0.0
2000-10-07T12:00:00Z,-17.525,178.525,0.0
2000-10-07T12:00:00Z,-17.525,178.575,0.0
2000-10-07T12:00:00Z,-17.525,178.625,0.0
2000-10-07T12:00:00Z,-17.575,178.375,0.0
2000-10-07T12:00:00Z,-17.575,178.425,0.0
2000-10-07T12:00:00Z,-17.575,178.475,0.0
2000-10-07T12:00:00Z,-17.575,178.525,0.0
2000-10-07T12:00:00Z,-17.575,178.575,0.0
2000-10-07T12:00:00Z,-17.575,178.625,0.0
2000-10-07T12:00:00Z,-17.625,178.375,NaN
2000-10-07T12:00:00Z,-17.625,178.425,NaN
2000-10-07T12:00:00Z,-17.625,178.475,NaN
2000-10-07T12:00:00Z,-17.625,178.525,0.0
2000-10-07T12:00:00Z,-17.625,178.575,0.0
2000-10-07T12:00:00Z,-17.625,178.625,0.0
2000-10-07T12:00:00Z,-17.675,178.375,NaN
2000-10-07T12:00:00Z,-17.675,178.425,NaN
2000-10-07T12:00:00Z,-17.675,178.475,NaN
2000-10-07T12:00:00Z,-17.675,178.525,NaN
2000-10-07T12:00:00Z,-17.675,178.575,0.0
2000-10-07T12:00:00Z,-17.675,178.625,0.0
2000-11-06T12:00:00Z,-17.325,178.375,0.0
2000-11-06T12:00:00Z,-17.325,178.425,0.0
2000-11-06T12:00:00Z,-17.325,178.475,0.0
2000-11-06T12:00:00Z,-17.325,178.525,0.0
2000-11-06T12:00:00Z,-17.325,178.575,0.0
2000-11-06T12:00:00Z,-17.325,178.625,0.0
2000-11-06T12:00:00Z,-17.375,178.375,0.0
2000-11-06T12:00:00Z,-17.375,178.425,0.0
2000-11-06T12:00:00Z,-17.375,178.475,0.0
2000-11-06T12:00:00Z,-17.375,178.525,0.0
2000-11-06T12:00:00Z,-17.375,178.575,0.0
2000-11-06T12:00:00Z,-17.375,178.625,0.0
2000-11-06T12:00:00Z,-17.425,178.375,0.0
2000-11-06T12:00:00Z,-17.425,178.425,0.0
2000-11-06T12:00:00Z,-17.425,178.475,0.0
2000-11-06T12:00:00Z,-17.425,178.525,0.0
2000-11-06T12:00:00Z,-17.425,178.575,0.0
2000-11-06T12:00:00Z,-17.425,178.625,0.0
2000-11-06T12:00:00Z,-17.475,178.375,0.0
2000-11-06T12:00:00Z,-17.475,178.425,0.0
2000-11-06T12:00:00Z,-17.475,178.475,0.0
2000-11-06T12:00:00Z,-17.475,178.525,0.0
2000-11-06T12:00:00Z,-17.475,178.575,0.0
2000-11-06T12:00:00Z,-17.475,178.625,0.0
2000-11-06T12:00:00Z,-17.525,178.375,0.0
2000-11-06T12:00:00Z,-17.525,178.425,0.0
2000-11-06T12:00:00Z,-17.525,178.475,0.0
2000-11-06T12:00:00Z,-17.525,178.525,0.0
2000-11-06T12:00:00Z,-17.525,178.575,0.0
2000-11-06T12:00:00Z,-17.525,178.625,0.0
2000-11-06T12:00:00Z,-17.575,178.375,0.0
2000-11-06T12:00:00Z,-17.575,178.425,0.0
2000-11-06T12:00:00Z,-17.575,178.475,0.0
2000-11-06T12:00:00Z,-17.575,178.525,0.0
2000-11-06T12:00:00Z,-17.575,178.575,0.0
2000-11-06T12:00:00Z,-17.575,178.625,0.0
2000-11-06T12:00:00Z,-17.625,178.375,NaN
2000-11-06T12:00:00Z,-17.625,178.425,NaN
2000-11-06T12:00:00Z,-17.625,178.475,NaN
2000-11-06T12:00:00Z,-17.625,178.525,0.0
2000-11-06T12:00:00Z,-17.625,178.575,0.0
2000-11-06T12:00:00Z,-17.625,178.625,0.0
2000-11-06T12:00:00Z,-17.675,178.375,NaN
2000-11-06T12:00:00Z,-17.675,178.425,NaN
2000-11-06T12:00:00Z,-17.675,178.475,NaN
2000-11-06T12:00:00Z,-17.675,178.525,NaN
2000-11-06T12:00:00Z,-17.675,178.575,0.0
2000-11-06T12:00:00Z,-17.675,178.625,0.0
2000-12-06T12:00:00Z,-17.325,178.375,0.0
2000-12-06T12:00:00Z,-17.325,178.425,0.0
2000-12-06T12:00:00Z,-17.325,178.475,0.0
2000-12-06T12:00:00Z,-17.325,178.525,0.0
2000-12-06T12:00:00Z,-17.325,178.575,0.0
2000-12-06T12:00:00Z,-17.325,178.625,0.0
2000-12-06T12:00:00Z,-17.375,178.375,0.0
2000-12-06T12:00:00Z,-17.375,178.425,0.0
2000-12-06T12:00:00Z,-17.375,178.475,0.0
2000-12-06T12:00:00Z,-17.375,178.525,0.0
2000-12-06T12:00:00Z,-17.375,178.575,0.0
2000-12-06T12:00:00Z,-17.375,178.625,0.0
2000-12-06T12:00:00Z,-17.425,178.375,0.0
2000-12-06T12:00:00Z,-17.425,178.425,0.0
2000-12-06T12:00:00Z,-17.425,178.475,0.0
2000-12-06T12:00:00Z,-17.425,178.525,0.0
2000-12-06T12:00:00Z,-17.425,178.575,0.0
2000-12-06T12:00:00Z,-17.425,178.625,0.0
2000-12-06T12:00:00Z,-17.475,178.375,0.0
2000-12-06T12:00:00Z,-17.475,178.425,0.0
2000-12-06T12:00:00Z,-17.475,178.475,0.0
2000-12-06T12:00:00Z,-17.475,178.525,0.0
2000-12-06T12:00:00Z,-17.475,178.575,0.0
2000-12-06T12:00:00Z,-17.475,178.625,0.0
2000-12-06T12:00:00Z,-17.525,178.375,0.0
2000-12-06T12:00:00Z,-17.525,178.425,0.0
2000-12-06T12:00:00Z,-17.525,178.475,0.0
2000-12-06T12:00:00Z,-17.525,178.525,0.0
2000-12-06T12:00:00Z,-17.525,178.575,0.0
2000-12-06T12:00:00Z,-17.525,178.625,0.0
2000-12-06T12:00:00Z,-17.575,178.375,0.0
2000-12-06T12:00:00Z,-17.575,178.425,0.0
2000-12-06T12:00:00Z,-17.575,178.475,0.0
2000-12-06T12:00:00Z,-17.575,178.525,0.0
2000-12-06T12:00:00Z,-17.575,178.575,0.0
2000-12-06T12:00:00Z,-17.575,178.625,0.0
2000-12-06T12:00:00Z,-17.625,178.375,NaN
2000-12-06T12:00:00Z,-17.625,178.425,NaN
2000-12-06T12:00:00Z,-17.625,178.475,NaN
2000-12-06T12:00:00Z,-17.625,178.525,0.0
2000-12-06T12:00:00Z,-17.625,178.575,0.0
2000-12-06T12:00:00Z,-17.625,178.625,0.0
2000-12-06T12:00:00Z,-17.675,178.375,NaN
2000-12-06T12:00:00Z,-17.675,178.425,NaN
2000-12-06T12:00:00Z,-17.675,178.475,NaN
2000-12-06T12:00:00Z,-17.675,178.525,NaN
2000-12-06T12:00:00Z,-17.675,178.575,0.0
2000-12-06T12:00:00Z,-17.675,178.625,0.0
2001-01-05T12:00:00Z,-17.325,178.375,0.0
2001-01-05T12:00:00Z,-17.325,178.425,0.0
2001-01-05T12:00:00Z,-17.325,178.475,0.0
2001-01-05T12:00:00Z,-17.325,178.525,0.0
2001-01-05T12:00:00Z,-17.325,178.575,0.0
2001-01-05T12:00:00Z,-17.325,178.625,0.0
2001-01-05T12:00:00Z,-17.375,178.375,0.0
2001-01-05T12:00:00Z,-17.375,178.425,0.0
2001-01-05T12:00:00Z,-17.375,178.475,0.0
2001-01-05T12:00:00Z,-17.375,178.525,0.0
2001-01-05T12:00:00Z,-17.375,178.575,0.0
2001-01-05T12:00:00Z,-17.375,178.625,0.0
2001-01-05T12:00:00Z,-17.425,178.375,0.0
2001-01-05T12:00:00Z,-17.425,178.425,0.0
2001-01-05T12:00:00Z,-17.425,178.475,0.0
2001-01-05T12:00:00Z,-17.425,178.525,0.0
2001-01-05T12:00:00Z,-17.425,178.575,0.0
2001-01-05T12:00:00Z,-17.425,178.625,0.0
2001-01-05T12:00:00Z,-17.475,178.375,0.0
2001-01-05T12:00:00Z,-17.475,178.425,0.0
2001-01-05T12:00:00Z,-17.475,178.475,0.0
2001-01-05T12:00:00Z,-17.475,178.525,0.0
2001-01-05T12:00:00Z,-17.475,178.575,0.0
2001-01-05T12:00:00Z,-17.475,178.625,0.0
2001-01-05T12:00:00Z,-17.525,178.375,0.0
2001-01-05T12:00:00Z,-17.525,178.425,0.0
2001-01-05T12:00:00Z,-17.525,178.475,0.0
2001-01-05T12:00:00Z,-17.525,178.525,0.0
2001-01-05T12:00:00Z,-17.525,178.575,0.0
2001-01-05T12:00:00Z,-17.525,178.625,0.0
2001-01-05T12:00:00Z,-17.575,178.375,0.0
2001-01-05T12:00:00Z,-17.575,178.425,0.0
2001-01-05T12:00:00Z,-17.575,178.475,0.0
2001-01-05T12:00:00Z,-17.575,178.525,0.0
2001-01-05T12:00:00Z,-17.575,178.575,0.0
2001-01-05T12:00:00Z,-17.575,178.625,0.0
2001-01-05T12:00:00Z,-17.625,178.375,NaN
2001-01-05T12:00:00Z,-17.625,178.425,NaN
2001-01-05T12:00:00Z,-17.625,178.475,NaN
2001-01-05T12:00:00Z,-17.625,178.525,0.0
2001-01-05T12:00:00Z,-17.625,178.575,0.0
2001-01-05T12:00:00Z,-17.625,178.625,0.0
2001-01-05T12:00:00Z,-17.675,178.375,NaN
2001-01-05T12:00:00Z,-17.675,178.425,NaN
2001-01-05T12:00:00Z,-17.675,178.475,NaN
2001-01-05T12:00:00Z,-17.675,178.525,NaN
2001-01-05T12:00:00Z,-17.675,178.575,0.0
2001-01-05T12:00:00Z,-17.675,178.625,0.0
2001-02-04T12:00:00Z,-17.325,178.375,1.44
2001-02-04T12:00:00Z,-17.325,178.425,1.45
2001-02-04T12:00:00Z,-17.325,178.475,1.45
2001-02-04T12:00:00Z,-17.325,178.525,1.47
2001-02-04T12:00:00Z,-17.325,178.575,1.34
2001-02-04T12:00:00Z,-17.325,178.625,1.37
2001-02-04T12:00:00Z,-17.375,178.375,1.44
2001-02-04T12:00:00Z,-17.375,178.425,1.45
2001-02-04T12:00:00Z,-17.375,178.475,1.46
2001-02-04T12:00:00Z,-17.375,178.525,1.47
2001-02-04T12:00:00Z,-17.375,178.575,1.47
2001-02-04T12:00:00Z,-17.375,178.625,1.34
2001-02-04T12:00:00Z,-17.425,178.375,1.42
2001-02-04T12:00:00Z,-17.425,178.425,1.44
2001-02-04T12:00:00Z,-17.425,178.475,1.45
2001-02-04T12:00:00Z,-17.425,178.525,1.46
2001-02-04T12:00:00Z,-17.425,178.575,1.46
2001-02-04T12:00:00Z,-17.425,178.625,1.32
2001-02-04T12:00:00Z,-17.475,178.375,1.41
2001-02-04T12:00:00Z,-17.475,178.425,1.43
2001-02-04T12:00:00Z,-17.475,178.475,1.44
2001-02-04T12:00:00Z,-17.475,178.525,1.45
2001-02-04T12:00:00Z,-17.475,178.575,1.45
2001-02-04T12:00:00Z,-17.475,178.625,1.3
2001-02-04T12:00:00Z,-17.525,178.375,1.4000000000000001
2001-02-04T12:00:00Z,-17.525,178.425,1.41
2001-02-04T12:00:00Z,-17.525,178.475,1.42
2001-02-04T12:00:00Z,-17.525,178.525,1.44
2001-02-04T12:00:00Z,-17.525,178.575,1.44
2001-02-04T12:00:00Z,-17.525,178.625,1.29
2001-02-04T12:00:00Z,-17.575,178.375,1.24
2001-02-04T12:00:00Z,-17.575,178.425,1.3900000000000001
2001-02-04T12:00:00Z,-17.575,178.475,1.4000000000000001
2001-02-04T12:00:00Z,-17.575,178.525,1.41
2001-02-04T12:00:00Z,-17.575,178.575,1.27
2001-02-04T12:00:00Z,-17.575,178.625,1.28
2001-02-04T12:00:00Z,-17.625,178.375,NaN
2001-02-04T12:00:00Z,-17.625,178.425,NaN
2001-02-04T12:00:00Z,-17.625,178.475,NaN
2001-02-04T12:00:00Z,-17.625,178.525,1.26
2001-02-04T12:00:00Z,-17.625,178.575,1.27
2001-02-04T12:00:00Z,-17.625,178.625,1.27
2001-02-04T12:00:00Z,-17.675,178.375,NaN
2001-02-04T12:00:00Z,-17.675,178.425,NaN
2001-02-04T12:00:00Z,-17.675,178.475,NaN
2001-02-04T12:00:00Z,-17.675,178.525,NaN
2001-02-04T12:00:00Z,-17.675,178.575,1.26
2001-02-04T12:00:00Z,-17.675,178.625,1.26
2001-03-06T12:00:00Z,-17.325,178.375,2.2
2001-03-06T12:00:00Z,-17.325,178.425,2.5100000000000002
2001-03-06T12:00:00Z,-17.325,178.475,2.99
2001-03-06T12:00:00Z,-17.325,178.525,3.33
2001-03-06T12:00:00Z,-17.325,178.575,3.41
2001-03-06T12:00:00Z,-17.325,178.625,3.5
2001-03-06T12:00:00Z,-17.375,178.375,2.5100000000000002
2001-03-06T12:00:00Z,-17.375,178.425,2.83
2001-03-06T12:00:00Z,-17.375,178.475,3.02
2001-03-06T12:00:00Z,-17.375,178.525,3.36
2001-03-06T12:00:00Z,-17.375,178.575,3.54
2001-03-06T12:00:00Z,-17.375,178.625,3.48
2001-03-06T12:00:00Z,-17.425,178.375,2.5100000000000002
2001-03-06T12:00:00Z,-17.425,178.425,2.84
2001-03-06T12:00:00Z,-17.425,178.475,3.17
2001-03-06T12:00:00Z,-17.425,178.525,3.2
2001-03-06T12:00:00Z,-17.425,178.575,3.54
2001-03-06T12:00:00Z,-17.425,178.625,3.45
2001-03-06T12:00:00Z,-17.475,178.375,2.81
2001-03-06T12:00:00Z,-17.475,178.425,3.0
2001-03-06T12:00:00Z,-17.475,178.475,3.17
2001-03-06T12:00:00Z,-17.475,178.525,3.35
2001-03-06T12:00:00Z,-17.475,178.575,3.5500000000000003
2001-03-06T12:00:00Z,-17.475,178.625,3.42
2001-03-06T12:00:00Z,-17.525,178.375,2.96
2001-03-06T12:00:00Z,-17.525,178.425,3.13
2001-03-06T12:00:00Z,-17.525,178.475,3.31
2001-03-06T12:00:00Z,-17.525,178.525,3.5100000000000002
2001-03-06T12:00:00Z,-17.525,178.575,3.54
2001-03-06T12:00:00Z,-17.525,178.625,3.42
2001-03-06T12:00:00Z,-17.575,178.375,2.96
2001-03-06T12:00:00Z,-17.575,178.425,3.12
2001-03-06T12:00:00Z,-17.575,178.475,3.3000000000000003
2001-03-06T12:00:00Z,-17.575,178.525,3.5
2001-03-06T12:00:00Z,-17.575,178.575,3.39
2001-03-06T12:00:00Z,-17.575,178.625,3.43
2001-03-06T12:00:00Z,-17.625,178.375,NaN
2001-03-06T12:00:00Z,-17.625,178.425,NaN
2001-03-06T12:00:00Z,-17.625,178.475,NaN
2001-03-06T12:00:00Z,-17.625,178.525,3.36
2001-03-06T12:00:00Z,-17.625,178.575,3.4
2001-03-06T12:00:00Z,-17.625,178.625,3.44
2001-03-06T12:00:00Z,-17.675,178.375,NaN
2001-03-06T12:00:00Z,-17.675,178.425,NaN
2001-03-06T12:00:00Z,-17.675,178.475,NaN
2001-03-06T12:00:00Z,-17.675,178.525,NaN
2001-03-06T12:00:00Z,-17.675,178.575,3.41
2001-03-06T12:00:00Z,-17.675,178.625,3.44
2001-04-05T12:00:00Z,-17.325,178.375,2.2
2001-04-05T12:00:00Z,-17.325,178.425,2.5100000000000002
2001-04-05T12:00:00Z,-17.325,178.475,2.99
2001-04-05T12:00:00Z,-17.325,178.525,3.33
2001-04-05T12:00:00Z,-17.325,178.575,3.41
2001-04-05T12:00:00Z,-17.325,178.625,3.5
2001-04-05T12:00:00Z,-17.375,178.375,2.5100000000000002
2001-04-05T12:00:00Z,-17.375,178.425,2.83
2001-04-05T12:00:00Z,-17.375,178.475,3.02
2001-04-05T12:00:00Z,-17.375,178.525,3.36
2001-04-05T12:00:00Z,-17.375,178.575,3.54
2001-04-05T12:00:00Z,-17.375,178.625,3.48
2001-04-05T12:00:00Z,-17.425,178.375,2.5100000000000002
2001-04-05T12:00:00Z,-17.425,178.425,2.84
2001-04-05T12:00:00Z,-17.425,178.475,3.17
2001-04-05T12:00:00Z,-17.425,178.525,3.2
2001-04-05T12:00:00Z,-17.425,178.575,3.54
2001-04-05T12:00:00Z,-17.425,178.625,3.45
2001-04-05T12:00:00Z,-17.475,178.375,2.81
2001-04-05T12:00:00Z,-17.475,178.425,3.0
2001-04-05T12:00:00Z,-17.475,178.475,3.17
2001-04-05T12:00:00Z,-17.475,178.525,3.35
2001-04-05T12:00:00Z,-17.475,178.575,3.5500000000000003
2001-04-05T12:00:00Z,-17.475,178.625,3.42
2001-04-05T12:00:00Z,-17.525,178.375,2.96
2001-04-05T12:00:00Z,-17.525,178.425,3.13
2001-04-05T12:00:00Z,-17.525,178.475,3.31
2001-04-05T12:00:00Z,-17.525,178.525,3.5100000000000002
2001-04-05T12:00:00Z,-17.525,178.575,3.54
2001-04-05T12:00:00Z,-17.525,178.625,3.42
2001-04-05T12:00:00Z,-17.575,178.375,2.96
2001-04-05T12:00:00Z,-17.575,178.425,3.12
2001-04-05T12:00:00Z,-17.575,178.475,3.3000000000000003
2001-04-05T12:00:00Z,-17.575,178.525,3.5
2001-04-05T12:00:00Z,-17.575,178.575,3.39
2001-04-05T12:00:00Z,-17.575,178.625,3.43
2001-04-05T12:00:00Z,-17.625,178.375,NaN
2001-04-05T12:00:00Z,-17.625,178.425,NaN
2001-04-05T12:00:00Z,-17.625,178.475,NaN
2001-04-05T12:00:00Z,-17.625,178.525,3.36
2001-04-05T12:00:00Z,-17.625,178.575,3.4
2001-04-05T12:00:00Z,-17.625,178.625,3.44
2001-04-05T12:00:00Z,-17.675,178.375,NaN
2001-04-05T12:00:00Z,-17.675,178.425,NaN
2001-04-05T12:00:00Z,-17.675,178.475,NaN
2001-04-05T12:00:00Z,-17.675,178.525,NaN
2001-04-05T12:00:00Z,-17.675,178.575,3.41
2001-04-05T12:00:00Z,-17.675,178.625,3.44
2001-05-05T12:00:00Z,-17.325,178.375,0.46
2001-05-05T12:00:00Z,-17.325,178.425,0.62
2001-05-05T12:00:00Z,-17.325,178.475,1.08
2001-05-05T12:00:00Z,-17.325,178.525,1.25
2001-05-05T12:00:00Z,-17.325,178.575,1.3
2001-05-05T12:00:00Z,-17.325,178.625,1.34
2001-05-05T12:00:00Z,-17.375,178.375,0.77
2001-05-05T12:00:00Z,-17.375,178.425,0.93
2001-05-05T12:00:00Z,-17.375,178.475,1.1
2001-05-05T12:00:00Z,-17.375,178.525,1.28
2001-05-05T12:00:00Z,-17.375,178.575,1.31
2001-05-05T12:00:00Z,-17.375,178.625,1.35
2001-05-05T12:00:00Z,-17.425,178.375,0.79
2001-05-05T12:00:00Z,-17.425,178.425,0.9500000000000001
2001-05-05T12:00:00Z,-17.425,178.475,1.26
2001-05-05T12:00:00Z,-17.425,178.525,1.29
2001-05-05T12:00:00Z,-17.425,178.575,1.32
2001-05-05T12:00:00Z,-17.425,178.625,1.35
2001-05-05T12:00:00Z,-17.475,178.375,0.9400000000000001
2001-05-05T12:00:00Z,-17.475,178.425,1.11
2001-05-05T12:00:00Z,-17.475,178.475,1.27
2001-05-05T12:00:00Z,-17.475,178.525,1.3
2001-05-05T12:00:00Z,-17.475,178.575,1.33
2001-05-05T12:00:00Z,-17.475,178.625,1.35
2001-05-05T12:00:00Z,-17.525,178.375,0.96
2001-05-05T12:00:00Z,-17.525,178.425,1.12
2001-05-05T12:00:00Z,-17.525,178.475,1.28
2001-05-05T12:00:00Z,-17.525,178.525,1.32
2001-05-05T12:00:00Z,-17.525,178.575,1.34
2001-05-05T12:00:00Z,-17.525,178.625,1.37
2001-05-05T12:00:00Z,-17.575,178.375,0.97
2001-05-05T12:00:00Z,-17.575,178.425,0.98
2001-05-05T12:00:00Z,-17.575,178.475,1.1400000000000001
2001-05-05T12:00:00Z,-17.575,178.525,1.32
2001-05-05T12:00:00Z,-17.575,178.575,1.35
2001-05-05T12:00:00Z,-17.575,178.625,1.3800000000000001
2001-05-05T12:00:00Z,-17.625,178.375,NaN
2001-05-05T12:00:00Z,-17.625,178.425,NaN
2001-05-05T12:00:00Z,-17.625,178.475,NaN
2001-05-05T12:00:00Z,-17.625,178.525,1.33
2001-05-05T12:00:00Z,-17.625,178.575,1.36
2001-05-05T12:00:00Z,-17.625,178.625,1.3800000000000001
2001-05-05T12:00:00Z,-17.675,178.375,NaN
2001-05-05T12:00:00Z,-17.675,178.425,NaN
2001-05-05T12:00:00Z,-17.675,178.475,NaN
2001-05-05T12:00:00Z,-17.675,178.525,NaN
2001-05-05T12:00:00Z,-17.675,178.575,1.36
2001-05-05T12:00:00Z,-17.675,178.625,1.3900000000000001
2001-06-04T12:00:00Z,-17.325,178.375,0.0
2001-06-04T12:00:00Z,-17.325,178.425,0.0
2001-06-04T12:00:00Z,-17.325,178.475,0.0
2001-06-04T12:00:00Z,-17.325,178.525,0.0
2001-06-04T12:00:00Z,-17.325,178.575,0.0
2001-06-04T12:00:00Z,-17.325,178.625,0.0
2001-06-04T12:00:00Z,-17.375,178.375,0.0
2001-06-04T12:00:00Z,-17.375,178.425,0.0
2001-06-04T12:00:00Z,-17.375,178.475,0.0
2001-06-04T12:00:00Z,-17.375,178.525,0.0
2001-06-04T12:00:00Z,-17.375,178.575,0.0
2001-06-04T12:00:00Z,-17.375,178.625,0.0
2001-06-04T12:00:00Z,-17.425,178.375,0.0
2001-06-04T12:00:00Z,-17.425,178.425,0.0
2001-06-04T12:00:00Z,-17.425,178.475,0.0
2001-06-04T12:00:00Z,-17.425,178.525,0.0
2001-06-04T12:00:00Z,-17.425,178.575,0.0
2001-06-04T12:00:00Z,-17.425,178.625,0.0
2001-06-04T12:00:00Z,-17.475,178.375,0.0
2001-06-04T12:00:00Z,-17.475,178.425,0.0
2001-06-04T12:00:00Z,-17.475,178.475,0.0
2001-06-04T12:00:00Z,-17.475,178.525,0.0
2001-06-04T12:00:00Z,-17.475,178.575,0.0
2001-06-04T12:00:00Z,-17.475,178.625,0.0
2001-06-04T12:00:00Z,-17.525,178.375,0.0
2001-06-04T12:00:00Z,-17.525,178.425,0.0
2001-06-04T12:00:00Z,-17.525,178.475,0.0
2001-06-04T12:00:00Z,-17.525,178.525,0.0
2001-06-04T12:00:00Z,-17.525,178.575,0.0
2001-06-04T12:00:00Z,-17.525,178.625,0.0
2001-06-04T12:00:00Z,-17.575,178.375,0.0
2001-06-04T12:00:00Z,-17.575,178.425,0.0
2001-06-04T12:00:00Z,-17.575,178.475,0.0
2001-06-04T12:00:00Z,-17.575,178.525,0.0
2001-06-04T12:00:00Z,-17.575,178.575,0.0
2001-06-04T12:00:00Z,-17.575,178.625,0.0
2001-06-04T12:00:00Z,-17.625,178.375,NaN
2001-06-04T12:00:00Z,-17.625,178.425,NaN
2001-06-04T12:00:00Z,-17.625,178.475,NaN
2001-06-04T12:00:00Z,-17.625,178.525,0.0
2001-06-04T12:00:00Z,-17.625,178.575,0.0
2001-06-04T12:00:00Z,-17.625,178.625,0.0
2001-06-04T12:00:00Z,-17.675,178.375,NaN
2001-06-04T12:00:00Z,-17.675,178.425,NaN
2001-06-04T12:00:00Z,-17.675,178.475,NaN
2001-06-04T12:00:00Z,-17.675,178.525,NaN
2001-06-04T12:00:00Z,-17.675,178.575,0.0
2001-06-04T12:00:00Z,-17.675,178.625,0.0
2001-07-04T12:00:00Z,-17.325,178.375,0.0
2001-07-04T12:00:00Z,-17.325,178.425,0.0
2001-07-04T12:00:00Z,-17.325,178.475,0.0
2001-07-04T12:00:00Z,-17.325,178.525,0.0
2001-07-04T12:00:00Z,-17.325,178.575,0.0
2001-07-04T12:00:00Z,-17.325,178.625,0.0
2001-07-04T12:00:00Z,-17.375,178.375,0.0
2001-07-04T12:00:00Z,-17.375,178.425,0.0
2001-07-04T12:00:00Z,-17.375,178.475,0.0
2001-07-04T12:00:00Z,-17.375,178.525,0.0
2001-07-04T12:00:00Z,-17.375,178.575,0.0
2001-07-04T12:00:00Z,-17.375,178.625,0.0
2001-07-04T12:00:00Z,-17.425,178.375,0.0
2001-07-04T12:00:00Z,-17.425,178.425,0.0
2001-07-04T12:00:00Z,-17.425,178.475,0.0
2001-07-04T12:00:00Z,-17.425,178.525,0.0
2001-07-04T12:00:00Z,-17.425,178.575,0.0
2001-07-04T12:00:00Z,-17.425,178.625,0.0
2001-07-04T12:00:00Z,-17.475,178.375,0.0
2001-07-04T12:00:00Z,-17.475,178.425,0.0
2001-07-04T12:00:00Z,-17.475,178.475,0.0
2001-07-04T12:00:00Z,-17.475,178.525,0.0
2001-07-04T12:00:00Z,-17.475,178.575,0.0
2001-07-04T12:00:00Z,-17.475,178.625,0.0
2001-07-04T12:00:00Z,-17.525,178.375,0.0
2001-07-04T12:00:00Z,-17.525,178.425,0.0
2001-07-04T12:00:00Z,-17.525,178.475,0.0
2001-07-04T12:00:00Z,-17.525,178.525,0.0
2001-07-04T12:00:00Z,-17.525,178.575,0.0
2001-07-04T12:00:00Z,-17.525,178.625,0.0
2001-07-04T12:00:00Z,-17.575,178.375,0.0
2001-07-04T12:00:00Z,-17.575,178.425,0.0
2001-07-04T12:00:00Z,-17.575,178.475,0.0
2001-07-04T12:00:00Z,-17.575,178.525,0.0
2001-07-04T12:00:00Z,-17.575,178.575,0.0
2001-07-04T12:00:00Z,-17.575,178.625,0.0
2001-07-04T12:00:00Z,-17.625,178.375,NaN
2001-07-04T12:00:00Z,-17.625,178.425,NaN
2001-07-04T12:00:00Z,-17.625,178.475,NaN
2001-07-04T12:00:00Z,-17.625,178.525,0.0
2001-07-04T12:00:00Z,-17.625,178.575,0.0
2001-07-04T12:00:00Z,-17.625,178.625,0.0
2001-07-04T12:00:00Z,-17.675,178.375,NaN
2001-07-04T12:00:00Z,-17.675,178.425,NaN
2001-07-04T12:00:00Z,-17.675,178.475,NaN
2001-07-04T12:00:00Z,-17.675,178.525,NaN
2001-07-04T12:00:00Z,-17.675,178.575,0.0
2001-07-04T12:00:00Z,-17.675,178.625,0.0
2001-08-03T12:00:00Z,-17.325,178.375,0.0
2001-08-03T12:00:00Z,-17.325,178.425,0.0
2001-08-03T12:00:00Z,-17.325,178.475,0.0
2001-08-03T12:00:00Z,-17.325,178.525,0.0
2001-08-03T12:00:00Z,-17.325,178.575,0.0
2001-08-03T12:00:00Z,-17.325,178.625,0.0
2001-08-03T12:00:00Z,-17.375,178.375,0.0
2001-08-03T12:00:00Z,-17.375,178.425,0.0
2001-08-03T12:00:00Z,-17.375,178.475,0.0
2001-08-03T12:00:00Z,-17.375,178.525,0.0
2001-08-03T12:00:00Z,-17.375,178.575,0.0
2001-08-03T12:00:00Z,-17.375,178.625,0.0
2001-08-03T12:00:00Z,-17.425,178.375,0.0
2001-08-03T12:00:00Z,-17.425,178.425,0.0
2001-08-03T12:00:00Z,-17.425,178.475,0.0
2001-08-03T12:00:00Z,-17.425,178.525,0.0
2001-08-03T12:00:00Z,-17.425,178.575,0.0
2001-08-03T12:00:00Z,-17.425,178.625,0.0
2001-08-03T12:00:00Z,-17.475,178.375,0.0
2001-08-03T12:00:00Z,-17.475,178.425,0.0
2001-08-03T12:00:00Z,-17.475,178.475,0.0
2001-08-03T12:00:00Z,-17.475,178.525,0.0
2001-08-03T12:00:00Z,-17.475,178.575,0.0
2001-08-03T12:00:00Z,-17.475,178.625,0.0
2001-08-03T12:00:00Z,-17.525,178.375,0.0
2001-08-03T12:00:00Z,-17.525,178.425,0.0
2001-08-03T12:00:00Z,-17.525,178.475,0.0
2001-08-03T12:00:00Z,-17.525,178.525,0.0
2001-08-03T12:00:00Z,-17.525,178.575,0.0
2001-08-03T12:00:00Z,-17.525,178.625,0.0
2001-08-03T12:00:00Z,-17.575,178.375,0.0
2001-08-03T12:00:00Z,-17.575,178.425,0.0
2001-08-03T12:00:00Z,-17.575,178.475,0.0
2001-08-03T12:00:00Z,-17.575,178.525,0.0
2001-08-03T12:00:00Z,-17.575,178.575,0.0
2001-08-03T12:00:00Z,-17.575,178.625,0.0
2001-08-03T12:00:00Z,-17.625,178.375,NaN
2001-08-03T12:00:00Z,-17.625,178.425,NaN
2001-08-03T12:00:00Z,-17.625,178.475,NaN
2001-08-03T12:00:00Z,-17.625,178.525,0.0
2001-08-03T12:00:00Z,-17.625,178.575,0.0
2001-08-03T12:00:00Z,-17.625,178.625,0.0
2001-08-03T12:00:00Z,-17.675,178.375,NaN
2001-08-03T12:00:00Z,-17.675,178.425,NaN
2001-08-03T12:00:00Z,-17.675,178.475,NaN
2001-08-03T12:00:00Z,-17.675,178.525,NaN
2001-08-03T12:00:00Z,-17.675,178.575,0.0
2001-08-03T12:00:00Z,-17.675,178.625,0.0
2001-09-02T12:00:00Z,-17.325,178.375,0.0
2001-09-02T12:00:00Z,-17.325,178.425,0.0
2001-09-02T12:00:00Z,-17.325,178.475,0.0
2001-09-02T12:00:00Z,-17.325,178.525,0.0
2001-09-02T12:00:00Z,-17.325,178.575,0.0
2001-09-02T12:00:00Z,-17.325,178.625,0.0
2001-09-02T12:00:00Z,-17.375,178.375,0.0
2001-09-02T12:00:00Z,-17.375,178.425,0.0
2001-09-02T12:00:00Z,-17.375,178.475,0.0
2001-09-02T12:00:00Z,-17.375,178.525,0.0
2001-09-02T12:00:00Z,-17.375,178.575,0.0
2001-09-02T12:00:00Z,-17.375,178.625,0.0
2001-09-02T12:00:00Z,-17.425,178.375,0.0
2001-09-02T12:00:00Z,-17.425,178.425,0.0
2001-09-02T12:00:00Z,-17.425,178.475,0.0
2001-09-02T12:00:00Z,-17.425,178.525,0.0
2001-09-02T12:00:00Z,-17.425,178.575,0.0
2001-09-02T12:00:00Z,-17.425,178.625,0.0
2001-09-02T12:00:00Z,-17.475,178.375,0.0
2001-09-02T12:00:00Z,-17.475,178.425,0.0
2001-09-02T12:00:00Z,-17.475,178.475,0.0
2001-09-02T12:00:00Z,-17.475,178.525,0.0
2001-09-02T12:00:00Z,-17.475,178.575,0.0
2001-09-02T12:00:00Z,-17.475,178.625,0.0
2001-09-02T12:00:00Z,-17.525,178.375,0.0
2001-09-02T12:00:00Z,-17.525,178.425,0.0
2001-09-02T12:00:00Z,-17.525,178.475,0.0
2001-09-02T12:00:00Z,-17.525,178.525,0.0
2001-09-02T12:00:00Z,-17.525,178.575,0.0
2001-09-02T12:00:00Z,-17.525,178.625,0.0
2001-09-02T12:00:00Z,-17.575,178.375,0.0
2001-09-02T12:00:00Z,-17.575,178.425,0.0
2001-09-02T12:00:00Z,-17.575,178.475,0.0
2001-09-02T12:00:00Z,-17.575,178.525,0.0
2001-09-02T12:00:00Z,-17.575,178.575,0.0
2001-09-02T12:00:00Z,-17.575,178.625,0.0
2001-09-02T12:00:00Z,-17.625,178.375,NaN
2001-09-02T12:00:00Z,-17.625,178.425,NaN
2001-09-02T12:00:00Z,-17.625,178.475,NaN
2001-09-02T12:00:00Z,-17.625,178.525,0.0
2001-09-02T12:00:00Z,-17.625,178.575,0.0
2001-09-02T12:00:00Z,-17.625,178.625,0.0
2001-09-02T12:00:00Z,-17.675,178.375,NaN
2001-09-02T12:00:00Z,-17.675,178.425,NaN
2001-09-02T12:00:00Z,-17.675,178.475,NaN
2001-09-02T12:00:00Z,-17.675,178.525,NaN
2001-09-02T12:00:00Z,-17.675,178.575,0.0
2001-09-02T12:00:00Z,-17.675,178.625,0.0
2001-10-02T12:00:00Z,-17.325,178.375,0.0
2001-10-02T12:00:00Z,-17.325,178.425,0.0
2001-10-02T12:00:00Z,-17.325,178.475,0.0
2001-10-02T12:00:00Z,-17.325,178.525,0.0
2001-10-02T12:00:00Z,-17.325,178.575,0.0
2001-10-02T12:00:00Z,-17.325,178.625,0.0
2001-10-02T12:00:00Z,-17.375,178.375,0.0
2001-10-02T12:00:00Z,-17.375,178.425,0.0
2001-10-02T12:00:00Z,-17.375,178.475,0.0
2001-10-02T12:00:00Z,-17.375,178.525,0.0
2001-10-02T12:00:00Z,-17.375,178.575,0.0
2001-10-02T12:00:00Z,-17.375,178.625,0.0
2001-10-02T12:00:00Z,-17.425,178.375,0.0
2001-10-02T12:00:00Z,-17.425,178.425,0.0
2001-10-02T12:00:00Z,-17.425,178.475,0.0
2001-10-02T12:00:00Z,-17.425,178.525,0.0
2001-10-02T12:00:00Z,-17.425,178.575,0.0
2001-10-02T12:00:00Z,-17.425,178.625,0.0
2001-10-02T12:00:00Z,-17.475,178.375,0.0
2001-10-02T12:00:00Z,-17.475,178.425,0.0
2001-10-02T12:00:00Z,-17.475,178.475,0.0
2001-10-02T12:00:00Z,-17.475,178.525,0.0
2001-10-02T12:00:00Z,-17.475,178.575,0.0
2001-10-02T12:00:00Z,-17.475,178.625,0.0
2001-10-02T12:00:00Z,-17.525,178.375,0.0
2001-10-02T12:00:00Z,-17.525,178.425,0.0
2001-10-02T12:00:00Z,-17.525,178.475,0.0
2001-10-02T12:00:00Z,-17.525,178.525,0.0
2001-10-02T12:00:00Z,-17.525,178.575,0.0
2001-10-02T12:00:00Z,-17.525,178.625,0.0
2001-10-02T12:00:00Z,-17.575,178.375,0.0
2001-10-02T12:00:00Z,-17.575,178.425,0.0
2001-10-02T12:00:00Z,-17.575,178.475,0.0
2001-10-02T12:00:00Z,-17.575,178.525,0.0
2001-10-02T12:00:00Z,-17.575,178.575,0.0
2001-10-02T12:00:00Z,-17.575,178.625,0.0
2001-10-02T12:00:00Z,-17.625,178.375,NaN
2001-10-02T12:00:00Z,-17.625,178.425,NaN
2001-10-02T12:00:00Z,-17.625,178.475,NaN
2001-10-02T12:00:00Z,-17.625,178.525,0.0
2001-10-02T12:00:00Z,-17.625,178.575,0.0
2001-10-02T12:00:00Z,-17.625,178.625,0.0
2001-10-02T12:00:00Z,-17.675,178.375,NaN
2001-10-02T12:00:00Z,-17.675,178.425,NaN
2001-10-02T12:00:00Z,-17.675,178.475,NaN
2001-10-02T12:00:00Z,-17.675,178.525,NaN
2001-10-02T12:00:00Z,-17.675,178.575,0.0
2001-10-02T12:00:00Z,-17.675,178.625,0.0
2001-11-01T12:00:00Z,-17.325,178.375,0.0
2001-11-01T12:00:00Z,-17.325,178.425,0.0
2001-11-01T12:00:00Z,-17.325,178.475,0.0
2001-11-01T12:00:00Z,-17.325,178.525,0.0
2001-11-01T12:00:00Z,-17.325,178.575,0.0
2001-11-01T12:00:00Z,-17.325,178.625,0.0
2001-11-01T12:00:00Z,-17.375,178.375,0.0
2001-11-01T12:00:00Z,-17.375,178.425,0.0
2001-11-01T12:00:00Z,-17.375,178.475,0.0
2001-11-01T12:00:00Z,-17.375,178.525,0.0
2001-11-01T12:00:00Z,-17.375,178.575,0.0
2001-11-01T12:00:00Z,-17.375,178.625,0.0
2001-11-01T12:00:00Z,-17.425,178.375,0.0
2001-11-01T12:00:00Z,-17.425,178.425,0.0
2001-11-01T12:00:00Z,-17.425,178.475,0.0
2001-11-01T12:00:00Z,-17.425,178.525,0.0
2001-11-01T12:00:00Z,-17.425,178.575,0.0
2001-11-01T12:00:00Z,-17.425,178.625,0.0
2001-11-01T12:00:00Z,-17.475,178.375,0.0
2001-11-01T12:00:00Z,-17.475,178.425,0.0
2001-11-01T12:00:00Z,-17.475,178.475,0.0
2001-11-01T12:00:00Z,-17.475,178.525,0.0
2001-11-01T12:00:00Z,-17.475,178.575,0.0
2001-11-01T12:00:00Z,-17.475,178.625,0.0
2001-11-01T12:00:00Z,-17.525,178.375,0.0
2001-11-01T12:00:00Z,-17.525,178.425,0.0
2001-11-01T12:00:00Z,-17.525,178.475,0.0
2001-11-01T12:00:00Z,-17.525,178.525,0.0
2001-11-01T12:00:00Z,-17.525,178.575,0.0
2001-11-01T12:00:00Z,-17.525,178.625,0.0
2001-11-01T12:00:00Z,-17.575,178.375,0.0
2001-11-01T12:00:00Z,-17.575,178.425,0.0
2001-11-01T12:00:00Z,-17.575,178.475,0.0
2001-11-01T12:00:00Z,-17.575,178.525,0.0
2001-11-01T12:00:00Z,-17.575,178.575,0.0
2001-11-01T12:00:00Z,-17.575,178.625,0.0
2001-11-01T12:00:00Z,-17.625,178.375,NaN
2001-11-01T12:00:00Z,-17.625,178.425,NaN
2001-11-01T12:00:00Z,-17.625,178.475,NaN
2001-11-01T12:00:00Z,-17.625,178.525,0.0
2001-11-01T12:00:00Z,-17.625,178.575,0.0
2001-11-01T12:00:00Z,-17.625,178.625,0.0
2001-11-01T12:00:00Z,-17.675,178.375,NaN
2001-11-01T12:00:00Z,-17.675,178.425,NaN
2001-11-01T12:00:00Z,-17.675,178.475,NaN
2001-11-01T12:00:00Z,-17.675,178.525,NaN
2001-11-01T12:00:00Z,-17.675,178.575,0.0
2001-11-01T12:00:00Z,-17.675,178.625,0.0
2001-12-01T12:00:00Z,-17.325,178.375,0.0
2001-12-01T12:00:00Z,-17.325,178.425,0.0
2001-12-01T12:00:00Z,-17.325,178.475,0.0
2001-12-01T12:00:00Z,-17.325,178.525,0.0
2001-12-01T12:00:00Z,-17.325,178.575,0.0
2001-12-01T12:00:00Z,-17.325,178.625,0.0
2001-12-01T12:00:00Z,-17.375,178.375,0.0
2001-12-01T12:00:00Z,-17.375,178.425,0.0
2001-12-01T12:00:00Z,-17.375,178.475,0.0
2001-12-01T12:00:00Z,-17.375,178.525,0.0
2001-12-01T12:00:00Z,-17.375,178.575,0.0
2001-12-01T12:00:00Z,-17.375,178.625,0.0
2001-12-01T12:00:00Z,-17.425,178.375,0.0
2001-12-01T12:00:00Z,-17.425,178.425,0.0
2001-12-01T12:00:00Z,-17.425,178.475,0.0
2001-12-01T12:00:00Z,-17.425,178.525,0.0
2001-12-01T12:00:00Z,-17.425,178.575,0.0
2001-12-01T12:00:00Z,-17.425,178.625,0.0
2001-12-01T12:00:00Z,-17.475,178.375,0.0
2001-12-01T12:00:00Z,-17.475,178.425,0.0
2001-12-01T12:00:00Z,-17.475,178.475,0.0
2001-12-01T12:00:00Z,-17.475,178.525,0.0
2001-12-01T12:00:00Z,-17.475,178.575,0.0
2001-12-01T12:00:00Z,-17.475,178.625,0.0
2001-12-01T12:00:00Z,-17.525,178.375,0.0
2001-12-01T12:00:00Z,-17.525,178.425,0.0
2001-12-01T12:00:00Z,-17.525,178.475,0.0
2001-12-01T12:00:00Z,-17.525,178.525,0.0
2001-12-01T12:00:00Z,-17.525,178.575,0.0
2001-12-01T12:00:00Z,-17.525,178.625,0.0
2001-12-01T12:00:00Z,-17.575,178.375,0.0
2001-12-01T12:00:00Z,-17.575,178.425,0.0
2001-12-01T12:00:00Z,-17.575,178.475,0.0
2001-12-01T12:00:00Z,-17.575,178.525,0.0
2001-12-01T12:00:00Z,-17.575,178.575,0.0
2001-12-01T12:00:00Z,-17.575,178.625,0.0
2001-12-01T12:00:00Z,-17.625,178.375,NaN
2001-12-01T12:00:00Z,-17.625,178.425,NaN
2001-12-01T12:00:00Z,-17.625,178.475,NaN
2001-12-01T12:00:00Z,-17.625,178.525,0.0
2001-12-01T12:00:00Z,-17.625,178.575,0.0
2001-12-01T12:00:00Z,-17.625,178.625,0.0
2001-12-01T12:00:00Z,-17.675,178.375,NaN
2001-12-01T12:00:00Z,-17.675,178.425,NaN
2001-12-01T12:00:00Z,-17.675,178.475,NaN
2001-12-01T12:00:00Z,-17.675,178.525,NaN
2001-12-01T12:00:00Z,-17.675,178.575,0.0
2001-12-01T12:00:00Z,-17.675,178.625,0.0
2001-12-31T12:00:00Z,-17.325,178.375,0.0
2001-12-31T12:00:00Z,-17.325,178.425,0.0
2001-12-31T12:00:00Z,-17.325,178.475,0.0
2001-12-31T12:00:00Z,-17.325,178.525,0.0
2001-12-31T12:00:00Z,-17.325,178.575,0.0
2001-12-31T12:00:00Z,-17.325,178.625,0.0
2001-12-31T12:00:00Z,-17.375,178.375,0.0
2001-12-31T12:00:00Z,-17.375,178.425,0.0
2001-12-31T12:00:00Z,-17.375,178.475,0.0
2001-12-31T12:00:00Z,-17.375,178.525,0.0
2001-12-31T12:00:00Z,-17.375,178.575,0.0
2001-12-31T12:00:00Z,-17.375,178.625,0.0
2001-12-31T12:00:00Z,-17.425,178.375,0.0
2001-12-31T12:00:00Z,-17.425,178.425,0.0
2001-12-31T12:00:00Z,-17.425,178.475,0.0
2001-12-31T12:00:00Z,-17.425,178.525,0.0
2001-12-31T12:00:00Z,-17.425,178.575,0.0
2001-12-31T12:00:00Z,-17.425,178.625,0.0
2001-12-31T12:00:00Z,-17.475,178.375,0.0
2001-12-31T12:00:00Z,-17.475,178.425,0.0
2001-12-31T12:00:00Z,-17.475,178.475,0.0
2001-12-31T12:00:00Z,-17.475,178.525,0.0
2001-12-31T12:00:00Z,-17.475,178.575,0.0
2001-12-31T12:00:00Z,-17.475,178.625,0.0
2001-12-31T12:00:00Z,-17.525,178.375,0.0
2001-12-31T12:00:00Z,-17.525,178.425,0.0
2001-12-31T12:00:00Z,-17.525,178.475,0.0
2001-12-31T12:00:00Z,-17.525,178.525,0.0
2001-12-31T12:00:00Z,-17.525,178.575,0.0
2001-12-31T12:00:00Z,-17.525,178.625,0.0
2001-12-31T12:00:00Z,-17.575,178.375,0.0
2001-12-31T12:00:00Z,-17.575,178.425,0.0
2001-12-31T12:00:00Z,-17.575,178.475,0.0
2001-12-31T12:00:00Z,-17.575,178.525,0.0
2001-12-31T12:00:00Z,-17.575,178.575,0.0
2001-12-31T12:00:00Z,-17.575,178.625,0.0
2001-12-31T12:00:00Z,-17.625,178.375,NaN
2001-12-31T12:00:00Z,-17.625,178.425,NaN
2001-12-31T12:00:00Z,-17.625,178.475,NaN
2001-12-31T12:00:00Z,-17.625,178.525,0.0
2001-12-31T12:00:00Z,-17.625,178.575,0.0
2001-12-31T12:00:00Z,-17.625,178.625,0.0
2001-12-31T12:00:00Z,-17.675,178.375,NaN
2001-12-31T12:00:00Z,-17.675,178.425,NaN
2001-12-31T12:00:00Z,-17.675,178.475,NaN
2001-12-31T12:00:00Z,-17.675,178.525,NaN
2001-12-31T12:00:00Z,-17.675,178.575,0.0
2001-12-31T12:00:00Z,-17.675,178.625,0.0
2002-01-30T12:00:00Z,-17.325,178.375,0.0
2002-01-30T12:00:00Z,-17.325,178.425,0.0
2002-01-30T12:00:00Z,-17.325,178.475,0.0
2002-01-30T12:00:00Z,-17.325,178.525,0.0
2002-01-30T12:00:00Z,-17.325,178.575,0.0
2002-01-30T12:00:00Z,-17.325,178.625,0.0
2002-01-30T12:00:00Z,-17.375,178.375,0.0
2002-01-30T12:00:00Z,-17.375,178.425,0.0
2002-01-30T12:00:00Z,-17.375,178.475,0.0
2002-01-30T12:00:00Z,-17.375,178.525,0.0
2002-01-30T12:00:00Z,-17.375,178.575,0.0
2002-01-30T12:00:00Z,-17.375,178.625,0.0
2002-01-30T12:00:00Z,-17.425,178.375,0.0
2002-01-30T12:00:00Z,-17.425,178.425,0.0
2002-01-30T12:00:00Z,-17.425,178.475,0.0
2002-01-30T12:00:00Z,-17.425,178.525,0.0
2002-01-30T12:00:00Z,-17.425,178.575,0.0
2002-01-30T12:00:00Z,-17.425,178.625,0.0
2002-01-30T12:00:00Z,-17.475,178.375,0.0
2002-01-30T12:00:00Z,-17.475,178.425,0.0
2002-01-30T12:00:00Z,-17.475,178.475,0.0
2002-01-30T12:00:00Z,-17.475,178.525,0.0
2002-01-30T12:00:00Z,-17.475,178.575,0.0
2002-01-30T12:00:00Z,-17.475,178.625,0.0
2002-01-30T12:00:00Z,-17.525,178.375,0.0
2002-01-30T12:00:00Z,-17.525,178.425,0.0
2002-01-30T12:00:00Z,-17.525,178.475,0.0
2002-01-30T12:00:00Z,-17.525,178.525,0.0
2002-01-30T12:00:00Z,-17.525,178.575,0.0
2002-01-30T12:00:00Z,-17.525,178.625,0.0
2002-01-30T12:00:00Z,-17.575,178.375,0.0
2002-01-30T12:00:00Z,-17.575,178.425,0.0
2002-01-30T12:00:00Z,-17.575,178.475,0.0
2002-01-30T12:00:00Z,-17.575,178.525,0.0
2002-01-30T12:00:00Z,-17.575,178.575,0.0
2002-01-30T12:00:00Z,-17.575,178.625,0.0
2002-01-30T12:00:00Z,-17.625,178.375,NaN
2002-01-30T12:00:00Z,-17.625,178.425,NaN
2002-01-30T12:00:00Z,-17.625,178.475,NaN
2002-01-30T12:00:00Z,-17.625,178.525,0.0
2002-01-30T12:00:00Z,-17.625,178.575,0.0
2002-01-30T12:00:00Z,-17.625,178.625,0.0
2002-01-30T12:00:00Z,-17.675,178.375,NaN
2002-01-30T12:00:00Z,-17.675,178.425,NaN
2002-01-30T12:00:00Z,-17.675,178.475,NaN
2002-01-30T12:00:00Z,-17.675,178.525,NaN
2002-01-30T12:00:00Z,-17.675,178.575,0.0
2002-01-30T12:00:00Z,-17.675,178.625,0.0
2002-03-01T12:00:00Z,-17.325,178.375,1.31
2002-03-01T12:00:00Z,-17.325,178.425,1.31
2002-03-01T12:00:00Z,-17.325,178.475,1.3
2002-03-01T12:00:00Z,-17.325,178.525,1.43
2002-03-01T12:00:00Z,-17.325,178.575,1.43
2002-03-01T12:00:00Z,-17.325,178.625,1.43
2002-03-01T12:00:00Z,-17.375,178.375,1.33
2002-03-01T12:00:00Z,-17.375,178.425,1.33
2002-03-01T12:00:00Z,-17.375,178.475,1.33
2002-03-01T12:00:00Z,-17.375,178.525,1.47
2002-03-01T12:00:00Z,-17.375,178.575,1.47
2002-03-01T12:00:00Z,-17.375,178.625,1.47
2002-03-01T12:00:00Z,-17.425,178.375,1.34
2002-03-01T12:00:00Z,-17.425,178.425,1.35
2002-03-01T12:00:00Z,-17.425,178.475,1.35
2002-03-01T12:00:00Z,-17.425,178.525,1.34
2002-03-01T12:00:00Z,-17.425,178.575,1.6400000000000001
2002-03-01T12:00:00Z,-17.425,178.625,1.6600000000000001
2002-03-01T12:00:00Z,-17.475,178.375,1.35
2002-03-01T12:00:00Z,-17.475,178.425,1.36
2002-03-01T12:00:00Z,-17.475,178.475,1.51
2002-03-01T12:00:00Z,-17.475,178.525,1.51
2002-03-01T12:00:00Z,-17.475,178.575,1.67
2002-03-01T12:00:00Z,-17.475,178.625,1.83
2002-03-01T12:00:00Z,-17.525,178.375,1.37
2002-03-01T12:00:00Z,-17.525,178.425,1.37
2002-03-01T12:00:00Z,-17.525,178.475,1.52
2002-03-01T12:00:00Z,-17.525,178.525,1.54
2002-03-01T12:00:00Z,-17.525,178.575,1.84
2002-03-01T12:00:00Z,-17.525,178.625,1.86
2002-03-01T12:00:00Z,-17.575,178.375,1.3800000000000001
2002-03-01T12:00:00Z,-17.575,178.425,1.3800000000000001
2002-03-01T12:00:00Z,-17.575,178.475,1.53
2002-03-01T12:00:00Z,-17.575,178.525,1.7
2002-03-01T12:00:00Z,-17.575,178.575,1.86
2002-03-01T12:00:00Z,-17.575,178.625,1.8800000000000001
2002-03-01T12:00:00Z,-17.625,178.375,NaN
2002-03-01T12:00:00Z,-17.625,178.425,NaN
2002-03-01T12:00:00Z,-17.625,178.475,NaN
2002-03-01T12:00:00Z,-17.625,178.525,1.71
2002-03-01T12:00:00Z,-17.625,178.575,1.87
2002-03-01T12:00:00Z,-17.625,178.625,1.9000000000000001
2002-03-01T12:00:00Z,-17.675,178.375,NaN
2002-03-01T12:00:00Z,-17.675,178.425,NaN
2002-03-01T12:00:00Z,-17.675,178.475,NaN
2002-03-01T12:00:00Z,-17.675,178.525,NaN
2002-03-01T12:00:00Z,-17.675,178.575,1.74
2002-03-01T12:00:00Z,-17.675,178.625,1.9100000000000001
2002-03-31T12:00:00Z,-17.325,178.375,2.61
2002-03-31T12:00:00Z,-17.325,178.425,2.75
2002-03-31T12:00:00Z,-17.325,178.475,2.75
2002-03-31T12:00:00Z,-17.325,178.525,3.0300000000000002
2002-03-31T12:00:00Z,-17.325,178.575,2.9
2002-03-31T12:00:00Z,-17.325,178.625,2.92
2002-03-31T12:00:00Z,-17.375,178.375,3.37
2002-03-31T12:00:00Z,-17.375,178.425,3.38
2002-03-31T12:00:00Z,-17.375,178.475,3.25
2002-03-31T12:00:00Z,-17.375,178.525,3.27
2002-03-31T12:00:00Z,-17.375,178.575,3.27
2002-03-31T12:00:00Z,-17.375,178.625,3.29
2002-03-31T12:00:00Z,-17.425,178.375,3.4
2002-03-31T12:00:00Z,-17.425,178.425,3.43
2002-03-31T12:00:00Z,-17.425,178.475,3.45
2002-03-31T12:00:00Z,-17.425,178.525,3.46
2002-03-31T12:00:00Z,-17.425,178.575,3.79
2002-03-31T12:00:00Z,-17.425,178.625,3.84
2002-03-31T12:00:00Z,-17.475,178.375,3.45
2002-03-31T12:00:00Z,-17.475,178.425,3.5
2002-03-31T12:00:00Z,-17.475,178.475,3.66
2002-03-31T12:00:00Z,-17.475,178.525,3.68
2002-03-31T12:00:00Z,-17.475,178.575,3.89
2002-03-31T12:00:00Z,-17.475,178.625,4.21
2002-03-31T12:00:00Z,-17.525,178.375,3.5
2002-03-31T12:00:00Z,-17.525,178.425,3.52
2002-03-31T12:00:00Z,-17.525,178.475,3.7
2002-03-31T12:00:00Z,-17.525,178.525,3.77
2002-03-31T12:00:00Z,-17.525,178.575,4.26
2002-03-31T12:00:00Z,-17.525,178.625,4.32
2002-03-31T12:00:00Z,-17.575,178.375,3.54
2002-03-31T12:00:00Z,-17.575,178.425,3.5500000000000003
2002-03-31T12:00:00Z,-17.575,178.475,3.73
2002-03-31T12:00:00Z,-17.575,178.525,4.1
2002-03-31T12:00:00Z,-17.575,178.575,4.33
2002-03-31T12:00:00Z,-17.575,178.625,4.4
2002-03-31T12:00:00Z,-17.625,178.375,NaN
2002-03-31T12:00:00Z,-17.625,178.425,NaN
2002-03-31T12:00:00Z,-17.625,178.475,NaN
2002-03-31T12:00:00Z,-17.625,178.525,4.16
2002-03-31T12:00:00Z,-17.625,178.575,4.38
2002-03-31T12:00:00Z,-17.625,178.625,4.47
2002-03-31T12:00:00Z,-17.675,178.375,NaN
2002-03-31T12:00:00Z,-17.675,178.425,NaN
2002-03-31T12:00:00Z,-17.675,178.475,NaN
2002-03-31T12:00:00Z,-17.675,178.525,NaN
2002-03-31T12:00:00Z,-17.675,178.575,4.16
2002-03-31T12:00:00Z,-17.675,178.625,4.5200000000000005
2002-04-30T12:00:00Z,-17.325,178.375,3.38
2002-04-30T12:00:00Z,-17.325,178.425,3.52
2002-04-30T12:00:00Z,-17.325,178.475,3.5300000000000002
2002-04-30T12:00:00Z,-17.325,178.525,3.67
2002-04-30T12:00:00Z,-17.325,178.575,3.7
2002-04-30T12:00:00Z,-17.325,178.625,3.88
2002-04-30T12:00:00Z,-17.375,178.375,3.99
2002-04-30T12:00:00Z,-17.375,178.425,4.0
2002-04-30T12:00:00Z,-17.375,178.475,3.88
2002-04-30T12:00:00Z,-17.375,178.525,3.91
2002-04-30T12:00:00Z,-17.375,178.575,3.91
2002-04-30T12:00:00Z,-17.375,178.625,4.1
2002-04-30T12:00:00Z,-17.425,178.375,3.72
2002-04-30T12:00:00Z,-17.425,178.425,3.75
2002-04-30T12:00:00Z,-17.425,178.475,3.93
2002-04-30T12:00:00Z,-17.425,178.525,3.95
2002-04-30T12:00:00Z,-17.425,178.575,4.28
2002-04-30T12:00:00Z,-17.425,178.625,4.49
2002-04-30T12:00:00Z,-17.475,178.375,3.77
2002-04-30T12:00:00Z,-17.475,178.425,3.8200000000000003
2002-04-30T12:00:00Z,-17.475,178.475,3.99
2002-04-30T12:00:00Z,-17.475,178.525,4.0200000000000005
2002-04-30T12:00:00Z,-17.475,178.575,4.24
2002-04-30T12:00:00Z,-17.475,178.625,4.5600000000000005
2002-04-30T12:00:00Z,-17.525,178.375,3.8200000000000003
2002-04-30T12:00:00Z,-17.525,178.425,3.85
2002-04-30T12:00:00Z,-17.525,178.475,4.03
2002-04-30T12:00:00Z,-17.525,178.525,4.11
2002-04-30T12:00:00Z,-17.525,178.575,4.6000000000000005
2002-04-30T12:00:00Z,-17.525,178.625,4.67
2002-04-30T12:00:00Z,-17.575,178.375,3.86
2002-04-30T12:00:00Z,-17.575,178.425,3.87
2002-04-30T12:00:00Z,-17.575,178.475,4.0600000000000005
2002-04-30T12:00:00Z,-17.575,178.525,4.44
2002-04-30T12:00:00Z,-17.575,178.575,4.67
2002-04-30T12:00:00Z,-17.575,178.625,4.74
2002-04-30T12:00:00Z,-17.625,178.375,NaN
2002-04-30T12:00:00Z,-17.625,178.425,NaN
2002-04-30T12:00:00Z,-17.625,178.475,NaN
2002-04-30T12:00:00Z,-17.625,178.525,4.49
2002-04-30T12:00:00Z,-17.625,178.575,4.71
2002-04-30T12:00:00Z,-17.625,178.625,4.8
2002-04-30T12:00:00Z,-17.675,178.375,NaN
2002-04-30T12:00:00Z,-17.675,178.425,NaN
2002-04-30T12:00:00Z,-17.675,178.475,NaN
2002-04-30T12:00:00Z,-17.675,178.525,NaN
2002-04-30T12:00:00Z,-17.675,178.575,4.49
2002-04-30T12:00:00Z,-17.675,178.625,4.8500000000000005
2002-05-30T12:00:00Z,-17.325,178.375,2.07
2002-05-30T12:00:00Z,-17.325,178.425,2.21
2002-05-30T12:00:00Z,-17.325,178.475,2.23
2002-05-30T12:00:00Z,-17.325,178.525,2.24
2002-05-30T12:00:00Z,-17.325,178.575,2.2600000000000002
2002-05-30T12:00:00Z,-17.325,178.625,2.44
2002-05-30T12:00:00Z,-17.375,178.375,2.65
2002-05-30T12:00:00Z,-17.375,178.425,2.67
2002-05-30T12:00:00Z,-17.375,178.475,2.5500000000000003
2002-05-30T12:00:00Z,-17.375,178.525,2.43
2002-05-30T12:00:00Z,-17.375,178.575,2.44
2002-05-30T12:00:00Z,-17.375,178.625,2.63
2002-05-30T12:00:00Z,-17.425,178.375,2.38
2002-05-30T12:00:00Z,-17.425,178.425,2.41
2002-05-30T12:00:00Z,-17.425,178.475,2.58
2002-05-30T12:00:00Z,-17.425,178.525,2.6
2002-05-30T12:00:00Z,-17.425,178.575,2.64
2002-05-30T12:00:00Z,-17.425,178.625,2.83
2002-05-30T12:00:00Z,-17.475,178.375,2.42
2002-05-30T12:00:00Z,-17.475,178.425,2.46
2002-05-30T12:00:00Z,-17.475,178.475,2.48
2002-05-30T12:00:00Z,-17.475,178.525,2.5100000000000002
2002-05-30T12:00:00Z,-17.475,178.575,2.56
2002-05-30T12:00:00Z,-17.475,178.625,2.74
2002-05-30T12:00:00Z,-17.525,178.375,2.46
2002-05-30T12:00:00Z,-17.525,178.425,2.48
2002-05-30T12:00:00Z,-17.525,178.475,2.5100000000000002
2002-05-30T12:00:00Z,-17.525,178.525,2.57
2002-05-30T12:00:00Z,-17.525,178.575,2.7600000000000002
2002-05-30T12:00:00Z,-17.525,178.625,2.81
2002-05-30T12:00:00Z,-17.575,178.375,2.48
2002-05-30T12:00:00Z,-17.575,178.425,2.49
2002-05-30T12:00:00Z,-17.575,178.475,2.5300000000000002
2002-05-30T12:00:00Z,-17.575,178.525,2.74
2002-05-30T12:00:00Z,-17.575,178.575,2.8000000000000003
2002-05-30T12:00:00Z,-17.575,178.625,2.86
2002-05-30T12:00:00Z,-17.625,178.375,NaN
2002-05-30T12:00:00Z,-17.625,178.425,NaN
2002-05-30T12:00:00Z,-17.625,178.475,NaN
2002-05-30T12:00:00Z,-17.625,178.525,2.7800000000000002
2002-05-30T12:00:00Z,-17.625,178.575,2.84
2002-05-30T12:00:00Z,-17.625,178.625,2.9
2002-05-30T12:00:00Z,-17.675,178.375,NaN
2002-05-30T12:00:00Z,-17.675,178.425,NaN
2002-05-30T12:00:00Z,-17.675,178.475,NaN
2002-05-30T12:00:00Z,-17.675,178.525,NaN
2002-05-30T12:00:00Z,-17.675,178.575,2.75
2002-05-30T12:00:00Z,-17.675,178.625,2.94
2002-06-29T12:00:00Z,-17.325,178.375,0.29
2002-06-29T12:00:00Z,-17.325,178.425,0.29
2002-06-29T12:00:00Z,-17.325,178.475,0.29
2002-06-29T12:00:00Z,-17.325,178.525,0.15
2002-06-29T12:00:00Z,-17.325,178.575,0.14
2002-06-29T12:00:00Z,-17.325,178.625,0.15
2002-06-29T12:00:00Z,-17.375,178.375,0.14
2002-06-29T12:00:00Z,-17.375,178.425,0.14
2002-06-29T12:00:00Z,-17.375,178.475,0.14
2002-06-29T12:00:00Z,-17.375,178.525,0.14
2002-06-29T12:00:00Z,-17.375,178.575,0.14
2002-06-29T12:00:00Z,-17.375,178.625,0.14
2002-06-29T12:00:00Z,-17.425,178.375,0.0
2002-06-29T12:00:00Z,-17.425,178.425,0.0
2002-06-29T12:00:00Z,-17.425,178.475,0.0
2002-06-29T12:00:00Z,-17.425,178.525,0.0
2002-06-29T12:00:00Z,-17.425,178.575,0.0
2002-06-29T12:00:00Z,-17.425,178.625,0.0
2002-06-29T12:00:00Z,-17.475,178.375,0.0
2002-06-29T12:00:00Z,-17.475,178.425,0.0
2002-06-29T12:00:00Z,-17.475,178.475,0.0
2002-06-29T12:00:00Z,-17.475,178.525,0.0
2002-06-29T12:00:00Z,-17.475,178.575,0.0
2002-06-29T12:00:00Z,-17.475,178.625,0.0
2002-06-29T12:00:00Z,-17.525,178.375,0.0
2002-06-29T12:00:00Z,-17.525,178.425,0.0
2002-06-29T12:00:00Z,-17.525,178.475,0.0
2002-06-29T12:00:00Z,-17.525,178.525,0.0
2002-06-29T12:00:00Z,-17.525,178.575,0.0
2002-06-29T12:00:00Z,-17.525,178.625,0.0
2002-06-29T12:00:00Z,-17.575,178.375,0.0
2002-06-29T12:00:00Z,-17.575,178.425,0.0
2002-06-29T12:00:00Z,-17.575,178.475,0.0
2002-06-29T12:00:00Z,-17.575,178.525,0.0
2002-06-29T12:00:00Z,-17.575,178.575,0.0
2002-06-29T12:00:00Z,-17.575,178.625,0.0
2002-06-29T12:00:00Z,-17.625,178.375,NaN
2002-06-29T12:00:00Z,-17.625,178.425,NaN
2002-06-29T12:00:00Z,-17.625,178.475,NaN
2002-06-29T12:00:00Z,-17.625,178.525,0.0
2002-06-29T12:00:00Z,-17.625,178.575,0.0
2002-06-29T12:00:00Z,-17.625,178.625,0.0
2002-06-29T12:00:00Z,-17.675,178.375,NaN
2002-06-29T12:00:00Z,-17.675,178.425,NaN
2002-06-29T12:00:00Z,-17.675,178.475,NaN
2002-06-29T12:00:00Z,-17.675,178.525,NaN
2002-06-29T12:00:00Z,-17.675,178.575,0.0
2002-06-29T12:00:00Z,-17.675,178.625,0.0
2002-07-29T12:00:00Z,-17.325,178.375,0.0
2002-07-29T12:00:00Z,-17.325,178.425,0.0
2002-07-29T12:00:00Z,-17.325,178.475,0.0
2002-07-29T12:00:00Z,-17.325,178.525,0.0
2002-07-29T12:00:00Z,-17.325,178.575,0.0
2002-07-29T12:00:00Z,-17.325,178.625,0.0
2002-07-29T12:00:00Z,-17.375,178.375,0.0
2002-07-29T12:00:00Z,-17.375,178.425,0.0
2002-07-29T12:00:00Z,-17.375,178.475,0.0
2002-07-29T12:00:00Z,-17.375,178.525,0.0
2002-07-29T12:00:00Z,-17.375,178.575,0.0
2002-07-29T12:00:00Z,-17.375,178.625,0.0
2002-07-29T12:00:00Z,-17.425,178.375,0.0
2002-07-29T12:00:00Z,-17.425,178.425,0.0
2002-07-29T12:00:00Z,-17.425,178.475,0.0
2002-07-29T12:00:00Z,-17.425,178.525,0.0
2002-07-29T12:00:00Z,-17.425,178.575,0.0
2002-07-29T12:00:00Z,-17.425,178.625,0.0
2002-07-29T12:00:00Z,-17.475,178.375,0.0
2002-07-29T12:00:00Z,-17.475,178.425,0.0
2002-07-29T12:00:00Z,-17.475,178.475,0.0
2002-07-29T12:00:00Z,-17.475,178.525,0.0
2002-07-29T12:00:00Z,-17.475,178.575,0.0
2002-07-29T12:00:00Z,-17.475,178.625,0.0
2002-07-29T12:00:00Z,-17.525,178.375,0.0
2002-07-29T12:00:00Z,-17.525,178.425,0.0
2002-07-29T12:00:00Z,-17.525,178.475,0.0
2002-07-29T12:00:00Z,-17.525,178.525,0.0
2002-07-29T12:00:00Z,-17.525,178.575,0.0
2002-07-29T12:00:00Z,-17.525,178.625,0.0
2002-07-29T12:00:00Z,-17.575,178.375,0.0
2002-07-29T12:00:00Z,-17.575,178.425,0.0
2002-07-29T12:00:00Z,-17.575,178.475,0.0
2002-07-29T12:00:00Z,-17.575,178.525,0.0
2002-07-29T12:00:00Z,-17.575,178.575,0.0
2002-07-29T12:00:00Z,-17.575,178.625,0.0
2002-07-29T12:00:00Z,-17.625,178.375,NaN
2002-07-29T12:00:00Z,-17.625,178.425,NaN
2002-07-29T12:00:00Z,-17.625,178.475,NaN
2002-07-29T12:00:00Z,-17.625,178.525,0.0
2002-07-29T12:00:00Z,-17.625,178.575,0.0
2002-07-29T12:00:00Z,-17.625,178.625,0.0
2002-07-29T12:00:00Z,-17.675,178.375,NaN
2002-07-29T12:00:00Z,-17.675,178.425,NaN
2002-07-29T12:00:00Z,-17.675,178.475,NaN
2002-07-29T12:00:00Z,-17.675,178.525,NaN
2002-07-29T12:00:00Z,-17.675,178.575,0.0
2002-07-29T12:00:00Z,-17.675,178.625,0.0
2002-08-28T12:00:00Z,-17.325,178.375,0.0
2002-08-28T12:00:00Z,-17.325,178.425,0.0
2002-08-28T12:00:00Z,-17.325,178.475,0.0
2002-08-28T12:00:00Z,-17.325,178.525,0.0
2002-08-28T12:00:00Z,-17.325,178.575,0.0
2002-08-28T12:00:00Z,-17.325,178.625,0.0
2002-08-28T12:00:00Z,-17.375,178.375,0.0
2002-08-28T12:00:00Z,-17.375,178.425,0.0
2002-08-28T12:00:00Z,-17.375,178.475,0.0
2002-08-28T12:00:00Z,-17.375,178.525,0.0
2002-08-28T12:00:00Z,-17.375,178.575,0.0
2002-08-28T12:00:00Z,-17.375,178.625,0.0
2002-08-28T12:00:00Z,-17.425,178.375,0.0
2002-08-28T12:00:00Z,-17.425,178.425,0.0
2002-08-28T12:00:00Z,-17.425,178.475,0.0
2002-08-28T12:00:00Z,-17.425,178.525,0.0
2002-08-28T12:00:00Z,-17.425,178.575,0.0
2002-08-28T12:00:00Z,-17.425,178.625,0.0
2002-08-28T12:00:00Z,-17.475,178.375,0.0
2002-08-28T12:00:00Z,-17.475,178.425,0.0
2002-08-28T12:00:00Z,-17.475,178.475,0.0
2002-08-28T12:00:00Z,-17.475,178.525,0.0
2002-08-28T12:00:00Z,-17.475,178.575,0.0
2002-08-28T12:00:00Z,-17.475,178.625,0.0
2002-08-28T12:00:00Z,-17.525,178.375,0.0
2002-08-28T12:00:00Z,-17.525,178.425,0.0
2002-08-28T12:00:00Z,-17.525,178.475,0.0
2002-08-28T12:00:00Z,-17.525,178.525,0.0
2002-08-28T12:00:00Z,-17.525,178.575,0.0
2002-08-28T12:00:00Z,-17.525,178.625,0.0
2002-08-28T12:00:00Z,-17.575,178.375,0.0
2002-08-28T12:00:00Z,-17.575,178.425,0.0
2002-08-28T12:00:00Z,-17.575,178.475,0.0
2002-08-28T12:00:00Z,-17.575,178.525,0.0
2002-08-28T12:00:00Z,-17.575,178.575,0.0
2002-08-28T12:00:00Z,-17.575,178.625,0.0
2002-08-28T12:00:00Z,-17.625,178.375,NaN
2002-08-28T12:00:00Z,-17.625,178.425,NaN
2002-08-28T12:00:00Z,-17.625,178.475,NaN
2002-08-28T12:00:00Z,-17.625,178.525,0.0
2002-08-28T12:00:00Z,-17.625,178.575,0.0
2002-08-28T12:00:00Z,-17.625,178.625,0.0
2002-08-28T12:00:00Z,-17.675,178.375,NaN
2002-08-28T12:00:00Z,-17.675,178.425,NaN
2002-08-28T12:00:00Z,-17.675,178.475,NaN
2002-08-28T12:00:00Z,-17.675,178.525,NaN
2002-08-28T12:00:00Z,-17.675,178.575,0.0
2002-08-28T12:00:00Z,-17.675,178.625,0.0
2002-09-27T12:00:00Z,-17.325,178.375,0.0
2002-09-27T12:00:00Z,-17.325,178.425,0.0
2002-09-27T12:00:00Z,-17.325,178.475,0.0
2002-09-27T12:00:00Z,-17.325,178.525,0.0
2002-09-27T12:00:00Z,-17.325,178.575,0.0
2002-09-27T12:00:00Z,-17.325,178.625,0.0
2002-09-27T12:00:00Z,-17.375,178.375,0.0
2002-09-27T12:00:00Z,-17.375,178.425,0.0
2002-09-27T12:00:00Z,-17.375,178.475,0.0
2002-09-27T12:00:00Z,-17.375,178.525,0.0
2002-09-27T12:00:00Z,-17.375,178.575,0.0
2002-09-27T12:00:00Z,-17.375,178.625,0.0
2002-09-27T12:00:00Z,-17.425,178.375,0.0
2002-09-27T12:00:00Z,-17.425,178.425,0.0
2002-09-27T12:00:00Z,-17.425,178.475,0.0
2002-09-27T12:00:00Z,-17.425,178.525,0.0
2002-09-27T12:00:00Z,-17.425,178.575,0.0
2002-09-27T12:00:00Z,-17.425,178.625,0.0
2002-09-27T12:00:00Z,-17.475,178.375,0.0
2002-09-27T12:00:00Z,-17.475,178.425,0.0
2002-09-27T12:00:00Z,-17.475,178.475,0.0
2002-09-27T12:00:00Z,-17.475,178.525,0.0
2002-09-27T12:00:00Z,-17.475,178.575,0.0
2002-09-27T12:00:00Z,-17.475,178.625,0.0
2002-09-27T12:00:00Z,-17.525,178.375,0.0
2002-09-27T12:00:00Z,-17.525,178.425,0.0
2002-09-27T12:00:00Z,-17.525,178.475,0.0
2002-09-27T12:00:00Z,-17.525,178.525,0.0
2002-09-27T12:00:00Z,-17.525,178.575,0.0
2002-09-27T12:00:00Z,-17.525,178.625,0.0
2002-09-27T12:00:00Z,-17.575,178.375,0.0
2002-09-27T12:00:00Z,-17.575,178.425,0.0
2002-09-27T12:00:00Z,-17.575,178.475,0.0
2002-09-27T12:00:00Z,-17.575,178.525,0.0
2002-09-27T12:00:00Z,-17.575,178.575,0.0
2002-09-27T12:00:00Z,-17.575,178.625,0.0
2002-09-27T12:00:00Z,-17.625,178.375,NaN
2002-09-27T12:00:00Z,-17.625,178.425,NaN
2002-09-27T12:00:00Z,-17.625,178.475,NaN
2002-09-27T12:00:00Z,-17.625,178.525,0.0
2002-09-27T12:00:00Z,-17.625,178.575,0.0
2002-09-27T12:00:00Z,-17.625,178.625,0.0
2002-09-27T12:00:00Z,-17.675,178.375,NaN
2002-09-27T12:00:00Z,-17.675,178.425,NaN
2002-09-27T12:00:00Z,-17.675,178.475,NaN
2002-09-27T12:00:00Z,-17.675,178.525,NaN
2002-09-27T12:00:00Z,-17.675,178.575,0.0
2002-09-27T12:00:00Z,-17.675,178.625,0.0
2002-10-27T12:00:00Z,-17.325,178.375,0.0
2002-10-27T12:00:00Z,-17.325,178.425,0.0
2002-10-27T12:00:00Z,-17.325,178.475,0.0
2002-10-27T12:00:00Z,-17.325,178.525,0.0
2002-10-27T12:00:00Z,-17.325,178.575,0.0
2002-10-27T12:00:00Z,-17.325,178.625,0.0
2002-10-27T12:00:00Z,-17.375,178.375,0.0
2002-10-27T12:00:00Z,-17.375,178.425,0.0
2002-10-27T12:00:00Z,-17.375,178.475,0.0
2002-10-27T12:00:00Z,-17.375,178.525,0.0
2002-10-27T12:00:00Z,-17.375,178.575,0.0
2002-10-27T12:00:00Z,-17.375,178.625,0.0
2002-10-27T12:00:00Z,-17.425,178.375,0.0
2002-10-27T12:00:00Z,-17.425,178.425,0.0
2002-10-27T12:00:00Z,-17.425,178.475,0.0
2002-10-27T12:00:00Z,-17.425,178.525,0.0
2002-10-27T12:00:00Z,-17.425,178.575,0.0
2002-10-27T12:00:00Z,-17.425,178.625,0.0
2002-10-27T12:00:00Z,-17.475,178.375,0.0
2002-10-27T12:00:00Z,-17.475,178.425,0.0
2002-10-27T12:00:00Z,-17.475,178.475,0.0
2002-10-27T12:00:00Z,-17.475,178.525,0.0
2002-10-27T12:00:00Z,-17.475,178.575,0.0
2002-10-27T12:00:00Z,-17.475,178.625,0.0
2002-10-27T12:00:00Z,-17.525,178.375,0.0
2002-10-27T12:00:00Z,-17.525,178.425,0.0
2002-10-27T12:00:00Z,-17.525,178.475,0.0
2002-10-27T12:00:00Z,-17.525,178.525,0.0
2002-10-27T12:00:00Z,-17.525,178.575,0.0
2002-10-27T12:00:00Z,-17.525,178.625,0.0
2002-10-27T12:00:00Z,-17.575,178.375,0.0
2002-10-27T12:00:00Z,-17.575,178.425,0.0
2002-10-27T12:00:00Z,-17.575,178.475,0.0
2002-10-27T12:00:00Z,-17.575,178.525,0.0
2002-10-27T12:00:00Z,-17.575,178.575,0.0
2002-10-27T12:00:00Z,-17.575,178.625,0.0
2002-10-27T12:00:00Z,-17.625,178.375,NaN
2002-10-27T12:00:00Z,-17.625,178.425,NaN
2002-10-27T12:00:00Z,-17.625,178.475,NaN
2002-10-27T12:00:00Z,-17.625,178.525,0.0
2002-10-27T12:00:00Z,-17.625,178.575,0.0
2002-10-27T12:00:00Z,-17.625,178.625,0.0
2002-10-27T12:00:00Z,-17.675,178.375,NaN
2002-10-27T12:00:00Z,-17.675,178.425,NaN
2002-10-27T12:00:00Z,-17.675,178.475,NaN
2002-10-27T12:00:00Z,-17.675,178.525,NaN
2002-10-27T12:00:00Z,-17.675,178.575,0.0
2002-10-27T12:00:00Z,-17.675,178.625,0.0
2002-11-26T12:00:00Z,-17.325,178.375,0.0
2002-11-26T12:00:00Z,-17.325,178.425,0.0
2002-11-26T12:00:00Z,-17.325,178.475,0.0
2002-11-26T12:00:00Z,-17.325,178.525,0.0
2002-11-26T12:00:00Z,-17.325,178.575,0.0
2002-11-26T12:00:00Z,-17.325,178.625,0.0
2002-11-26T12:00:00Z,-17.375,178.375,0.0
2002-11-26T12:00:00Z,-17.375,178.425,0.0
2002-11-26T12:00:00Z,-17.375,178.475,0.0
2002-11-26T12:00:00Z,-17.375,178.525,0.0
2002-11-26T12:00:00Z,-17.375,178.575,0.0
2002-11-26T12:00:00Z,-17.375,178.625,0.0
2002-11-26T12:00:00Z,-17.425,178.375,0.0
2002-11-26T12:00:00Z,-17.425,178.425,0.0
2002-11-26T12:00:00Z,-17.425,178.475,0.0
2002-11-26T12:00:00Z,-17.425,178.525,0.0
2002-11-26T12:00:00Z,-17.425,178.575,0.0
2002-11-26T12:00:00Z,-17.425,178.625,0.0
2002-11-26T12:00:00Z,-17.475,178.375,0.0
2002-11-26T12:00:00Z,-17.475,178.425,0.0
2002-11-26T12:00:00Z,-17.475,178.475,0.0
2002-11-26T12:00:00Z,-17.475,178.525,0.0
2002-11-26T12:00:00Z,-17.475,178.575,0.0
2002-11-26T12:00:00Z,-17.475,178.625,0.0
2002-11-26T12:00:00Z,-17.525,178.375,0.0
2002-11-26T12:00:00Z,-17.525,178.425,0.0
2002-11-26T12:00:00Z,-17.525,178.475,0.0
2002-11-26T12:00:00Z,-17.525,178.525,0.0
2002-11-26T12:00:00Z,-17.525,178.575,0.0
2002-11-26T12:00:00Z,-17.525,178.625,0.0
2002-11-26T12:00:00Z,-17.575,178.375,0.0
2002-11-26T12:00:00Z,-17.575,178.425,0.0
2002-11-26T12:00:00Z,-17.575,178.475,0.0
2002-11-26T12:00:00Z,-17.575,178.525,0.0
2002-11-26T12:00:00Z,-17.575,178.575,0.0
2002-11-26T12:00:00Z,-17.575,178.625,0.0
2002-11-26T12:00:00Z,-17.625,178.375,NaN
2002-11-26T12:00:00Z,-17.625,178.425,NaN
2002-11-26T12:00:00Z,-17.625,178.475,NaN
2002-11-26T12:00:00Z,-17.625,178.525,0.0
2002-11-26T12:00:00Z,-17.625,178.575,0.0
2002-11-26T12:00:00Z,-17.625,178.625,0.0
2002-11-26T12:00:00Z,-17.675,178.375,NaN
2002-11-26T12:00:00Z,-17.675,178.425,NaN
2002-11-26T12:00:00Z,-17.675,178.475,NaN
2002-11-26T12:00:00Z,-17.675,178.525,NaN
2002-11-26T12:00:00Z,-17.675,178.575,0.0
2002-11-26T12:00:00Z,-17.675,178.625,0.0
2002-12-26T12:00:00Z,-17.325,178.375,0.0
2002-12-26T12:00:00Z,-17.325,178.425,0.0
2002-12-26T12:00:00Z,-17.325,178.475,0.0
2002-12-26T12:00:00Z,-17.325,178.525,0.0
2002-12-26T12:00:00Z,-17.325,178.575,0.0
2002-12-26T12:00:00Z,-17.325,178.625,0.0
2002-12-26T12:00:00Z,-17.375,178.375,0.0
2002-12-26T12:00:00Z,-17.375,178.425,0.0
2002-12-26T12:00:00Z,-17.375,178.475,0.0
2002-12-26T12:00:00Z,-17.375,178.525,0.0
2002-12-26T12:00:00Z,-17.375,178.575,0.0
2002-12-26T12:00:00Z,-17.375,178.625,0.0
2002-12-26T12:00:00Z,-17.425,178.375,0.0
2002-12-26T12:00:00Z,-17.425,178.425,0.0
2002-12-26T12:00:00Z,-17.425,178.475,0.0
2002-12-26T12:00:00Z,-17.425,178.525,0.0
2002-12-26T12:00:00Z,-17.425,178.575,0.0
2002-12-26T12:00:00Z,-17.425,178.625,0.0
2002-12-26T12:00:00Z,-17.475,178.375,0.0
2002-12-26T12:00:00Z,-17.475,178.425,0.0
2002-12-26T12:00:00Z,-17.475,178.475,0.0
2002-12-26T12:00:00Z,-17.475,178.525,0.0
2002-12-26T12:00:00Z,-17.475,178.575,0.0
2002-12-26T12:00:00Z,-17.475,178.625,0.0
2002-12-26T12:00:00Z,-17.525,178.375,0.0
2002-12-26T12:00:00Z,-17.525,178.425,0.0
2002-12-26T12:00:00Z,-17.525,178.475,0.0
2002-12-26T12:00:00Z,-17.525,178.525,0.0
2002-12-26T12:00:00Z,-17.525,178.575,0.0
2002-12-26T12:00:00Z,-17.525,178.625,0.0
2002-12-26T12:00:00Z,-17.575,178.375,0.0
2002-12-26T12:00:00Z,-17.575,178.425,0.0
2002-12-26T12:00:00Z,-17.575,178.475,0.0
2002-12-26T12:00:00Z,-17.575,178.525,0.0
2002-12-26T12:00:00Z,-17.575,178.575,0.0
2002-12-26T12:00:00Z,-17.575,178.625,0.0
2002-12-26T12:00:00Z,-17.625,178.375,NaN
2002-12-26T12:00:00Z,-17.625,178.425,NaN
2002-12-26T12:00:00Z,-17.625,178.475,NaN
2002-12-26T12:00:00Z,-17.625,178.525,0.0
2002-12-26T12:00:00Z,-17.625,178.575,0.0
2002-12-26T12:00:00Z,-17.625,178.625,0.0
2002-12-26T12:00:00Z,-17.675,178.375,NaN
2002-12-26T12:00:00Z,-17.675,178.425,NaN
2002-12-26T12:00:00Z,-17.675,178.475,NaN
2002-12-26T12:00:00Z,-17.675,178.525,NaN
2002-12-26T12:00:00Z,-17.675,178.575,0.0
2002-12-26T12:00:00Z,-17.675,178.625,0.0
2003-01-25T12:00:00Z,-17.325,178.375,0.0
2003-01-25T12:00:00Z,-17.325,178.425,0.0
2003-01-25T12:00:00Z,-17.325,178.475,0.0
2003-01-25T12:00:00Z,-17.325,178.525,0.0
2003-01-25T12:00:00Z,-17.325,178.575,0.0
2003-01-25T12:00:00Z,-17.325,178.625,0.0
2003-01-25T12:00:00Z,-17.375,178.375,0.0
2003-01-25T12:00:00Z,-17.375,178.425,0.0
2003-01-25T12:00:00Z,-17.375,178.475,0.0
2003-01-25T12:00:00Z,-17.375,178.525,0.0
2003-01-25T12:00:00Z,-17.375,178.575,0.0
2003-01-25T12:00:00Z,-17.375,178.625,0.0
2003-01-25T12:00:00Z,-17.425,178.375,0.0
2003-01-25T12:00:00Z,-17.425,178.425,0.0
2003-01-25T12:00:00Z,-17.425,178.475,0.0
2003-01-25T12:00:00Z,-17.425,178.525,0.0
2003-01-25T12:00:00Z,-17.425,178.575,0.0
2003-01-25T12:00:00Z,-17.425,178.625,0.0
2003-01-25T12:00:00Z,-17.475,178.375,0.0
2003-01-25T12:00:00Z,-17.475,178.425,0.0
2003-01-25T12:00:00Z,-17.475,178.475,0.0
2003-01-25T12:00:00Z,-17.475,178.525,0.0
2003-01-25T12:00:00Z,-17.475,178.575,0.0
2003-01-25T12:00:00Z,-17.475,178.625,0.0
2003-01-25T12:00:00Z,-17.525,178.375,0.0
2003-01-25T12:00:00Z,-17.525,178.425,0.0
2003-01-25T12:00:00Z,-17.525,178.475,0.0
2003-01-25T12:00:00Z,-17.525,178.525,0.0
2003-01-25T12:00:00Z,-17.525,178.575,0.0
2003-01-25T12:00:00Z,-17.525,178.625,0.0
2003-01-25T12:00:00Z,-17.575,178.375,0.0
2003-01-25T12:00:00Z,-17.575,178.425,0.0
2003-01-25T12:00:00Z,-17.575,178.475,0.0
2003-01-25T12:00:00Z,-17.575,178.525,0.0
2003-01-25T12:00:00Z,-17.575,178.575,0.0
2003-01-25T12:00:00Z,-17.575,178.625,0.0
2003-01-25T12:00:00Z,-17.625,178.375,NaN
2003-01-25T12:00:00Z,-17.625,178.425,NaN
2003-01-25T12:00:00Z,-17.625,178.475,NaN
2003-01-25T12:00:00Z,-17.625,178.525,0.0
2003-01-25T12:00:00Z,-17.625,178.575,0.0
2003-01-25T12:00:00Z,-17.625,178.625,0.0
2003-01-25T12:00:00Z,-17.675,178.375,NaN
2003-01-25T12:00:00Z,-17.675,178.425,NaN
2003-01-25T12:00:00Z,-17.675,178.475,NaN
2003-01-25T12:00:00Z,-17.675,178.525,NaN
2003-01-25T12:00:00Z,-17.675,178.575,0.0
2003-01-25T12:00:00Z,-17.675,178.625,0.0
2003-02-24T12:00:00Z,-17.325,178.375,0.0
2003-02-24T12:00:00Z,-17.325,178.425,0.0
2003-02-24T12:00:00Z,-17.325,178.475,0.0
2003-02-24T12:00:00Z,-17.325,178.525,0.0
2003-02-24T12:00:00Z,-17.325,178.575,0.0
2003-02-24T12:00:00Z,-17.325,178.625,0.0
2003-02-24T12:00:00Z,-17.375,178.375,0.0
2003-02-24T12:00:00Z,-17.375,178.425,0.0
2003-02-24T12:00:00Z,-17.375,178.475,0.0
2003-02-24T12:00:00Z,-17.375,178.525,0.0
2003-02-24T12:00:00Z,-17.375,178.575,0.0
2003-02-24T12:00:00Z,-17.375,178.625,0.0
2003-02-24T12:00:00Z,-17.425,178.375,0.0
2003-02-24T12:00:00Z,-17.425,178.425,0.0
2003-02-24T12:00:00Z,-17.425,178.475,0.0
2003-02-24T12:00:00Z,-17.425,178.525,0.0
2003-02-24T12:00:00Z,-17.425,178.575,0.0
2003-02-24T12:00:00Z,-17.425,178.625,0.0
2003-02-24T12:00:00Z,-17.475,178.375,0.0
2003-02-24T12:00:00Z,-17.475,178.425,0.0
2003-02-24T12:00:00Z,-17.475,178.475,0.0
2003-02-24T12:00:00Z,-17.475,178.525,0.0
2003-02-24T12:00:00Z,-17.475,178.575,0.0
2003-02-24T12:00:00Z,-17.475,178.625,0.0
2003-02-24T12:00:00Z,-17.525,178.375,0.0
2003-02-24T12:00:00Z,-17.525,178.425,0.0
2003-02-24T12:00:00Z,-17.525,178.475,0.0
2003-02-24T12:00:00Z,-17.525,178.525,0.0
2003-02-24T12:00:00Z,-17.525,178.575,0.0
2003-02-24T12:00:00Z,-17.525,178.625,0.0
2003-02-24T12:00:00Z,-17.575,178.375,0.0
2003-02-24T12:00:00Z,-17.575,178.425,0.0
2003-02-24T12:00:00Z,-17.575,178.475,0.0
2003-02-24T12:00:00Z,-17.575,178.525,0.0
2003-02-24T12:00:00Z,-17.575,178.575,0.0
2003-02-24T12:00:00Z,-17.575,178.625,0.0
2003-02-24T12:00:00Z,-17.625,178.375,NaN
2003-02-24T12:00:00Z,-17.625,178.425,NaN
2003-02-24T12:00:00Z,-17.625,178.475,NaN
2003-02-24T12:00:00Z,-17.625,178.525,0.0
2003-02-24T12:00:00Z,-17.625,178.575,0.0
2003-02-24T12:00:00Z,-17.625,178.625,0.0
2003-02-24T12:00:00Z,-17.675,178.375,NaN
2003-02-24T12:00:00Z,-17.675,178.425,NaN
2003-02-24T12:00:00Z,-17.675,178.475,NaN
2003-02-24T12:00:00Z,-17.675,178.525,NaN
2003-02-24T12:00:00Z,-17.675,178.575,0.0
2003-02-24T12:00:00Z,-17.675,178.625,0.0
2003-03-26T12:00:00Z,-17.325,178.375,0.3
2003-03-26T12:00:00Z,-17.325,178.425,0.3
2003-03-26T12:00:00Z,-17.325,178.475,0.3
2003-03-26T12:00:00Z,-17.325,178.525,0.15
2003-03-26T12:00:00Z,-17.325,178.575,0.15
2003-03-26T12:00:00Z,-17.325,178.625,0.0
2003-03-26T12:00:00Z,-17.375,178.375,0.0
2003-03-26T12:00:00Z,-17.375,178.425,0.0
2003-03-26T12:00:00Z,-17.375,178.475,0.0
2003-03-26T12:00:00Z,-17.375,178.525,0.0
2003-03-26T12:00:00Z,-17.375,178.575,0.0
2003-03-26T12:00:00Z,-17.375,178.625,0.0
2003-03-26T12:00:00Z,-17.425,178.375,0.0
2003-03-26T12:00:00Z,-17.425,178.425,0.0
2003-03-26T12:00:00Z,-17.425,178.475,0.0
2003-03-26T12:00:00Z,-17.425,178.525,0.0
2003-03-26T12:00:00Z,-17.425,178.575,0.0
2003-03-26T12:00:00Z,-17.425,178.625,0.0
2003-03-26T12:00:00Z,-17.475,178.375,0.0
2003-03-26T12:00:00Z,-17.475,178.425,0.0
2003-03-26T12:00:00Z,-17.475,178.475,0.0
2003-03-26T12:00:00Z,-17.475,178.525,0.0
2003-03-26T12:00:00Z,-17.475,178.575,0.0
2003-03-26T12:00:00Z,-17.475,178.625,0.0
2003-03-26T12:00:00Z,-17.525,178.375,0.0
2003-03-26T12:00:00Z,-17.525,178.425,0.0
2003-03-26T12:00:00Z,-17.525,178.475,0.0
2003-03-26T12:00:00Z,-17.525,178.525,0.0
2003-03-26T12:00:00Z,-17.525,178.575,0.0
2003-03-26T12:00:00Z,-17.525,178.625,0.0
2003-03-26T12:00:00Z,-17.575,178.375,0.0
2003-03-26T12:00:00Z,-17.575,178.425,0.0
2003-03-26T12:00:00Z,-17.575,178.475,0.0
2003-03-26T12:00:00Z,-17.575,178.525,0.0
2003-03-26T12:00:00Z,-17.575,178.575,0.0
2003-03-26T12:00:00Z,-17.575,178.625,0.0
2003-03-26T12:00:00Z,-17.625,178.375,NaN
2003-03-26T12:00:00Z,-17.625,178.425,NaN
2003-03-26T12:00:00Z,-17.625,178.475,NaN
2003-03-26T12:00:00Z,-17.625,178.525,0.0
2003-03-26T12:00:00Z,-17.625,178.575,0.0
2003-03-26T12:00:00Z,-17.625,178.625,0.0
2003-03-26T12:00:00Z,-17.675,178.375,NaN
2003-03-26T12:00:00Z,-17.675,178.425,NaN
2003-03-26T12:00:00Z,-17.675,178.475,NaN
2003-03-26T12:00:00Z,-17.675,178.525,NaN
2003-03-26T12:00:00Z,-17.675,178.575,0.0
2003-03-26T12:00:00Z,-17.675,178.625,0.0
2003-04-25T12:00:00Z,-17.325,178.375,0.3
2003-04-25T12:00:00Z,-17.325,178.425,0.3
2003-04-25T12:00:00Z,-17.325,178.475,0.3
2003-04-25T12:00:00Z,-17.325,178.525,0.15
2003-04-25T12:00:00Z,-17.325,178.575,0.15
2003-04-25T12:00:00Z,-17.325,178.625,0.0
2003-04-25T12:00:00Z,-17.375,178.375,0.0
2003-04-25T12:00:00Z,-17.375,178.425,0.0
2003-04-25T12:00:00Z,-17.375,178.475,0.0
2003-04-25T12:00:00Z,-17.375,178.525,0.0
2003-04-25T12:00:00Z,-17.375,178.575,0.0
2003-04-25T12:00:00Z,-17.375,178.625,0.0
2003-04-25T12:00:00Z,-17.425,178.375,0.0
2003-04-25T12:00:00Z,-17.425,178.425,0.0
2003-04-25T12:00:00Z,-17.425,178.475,0.0
2003-04-25T12:00:00Z,-17.425,178.525,0.0
2003-04-25T12:00:00Z,-17.425,178.575,0.0
2003-04-25T12:00:00Z,-17.425,178.625,0.0
2003-04-25T12:00:00Z,-17.475,178.375,0.0
2003-04-25T12:00:00Z,-17.475,178.425,0.0
2003-04-25T12:00:00Z,-17.475,178.475,0.0
2003-04-25T12:00:00Z,-17.475,178.525,0.0
2003-04-25T12:00:00Z,-17.475,178.575,0.0
2003-04-25T12:00:00Z,-17.475,178.625,0.0
2003-04-25T12:00:00Z,-17.525,178.375,0.0
2003-04-25T12:00:00Z,-17.525,178.425,0.0
2003-04-25T12:00:00Z,-17.525,178.475,0.0
2003-04-25T12:00:00Z,-17.525,178.525,0.0
2003-04-25T12:00:00Z,-17.525,178.575,0.0
2003-04-25T12:00:00Z,-17.525,178.625,0.0
2003-04-25T12:00:00Z,-17.575,178.375,0.0
2003-04-25T12:00:00Z,-17.575,178.425,0.0
2003-04-25T12:00:00Z,-17.575,178.475,0.0
2003-04-25T12:00:00Z,-17.575,178.525,0.0
2003-04-25T12:00:00Z,-17.575,178.575,0.0
2003-04-25T12:00:00Z,-17.575,178.625,0.0
2003-04-25T12:00:00Z,-17.625,178.375,NaN
2003-04-25T12:00:00Z,-17.625,178.425,NaN
2003-04-25T12:00:00Z,-17.625,178.475,NaN
2003-04-25T12:00:00Z,-17.625,178.525,0.0
2003-04-25T12:00:00Z,-17.625,178.575,0.0
2003-04-25T12:00:00Z,-17.625,178.625,0.0
2003-04-25T12:00:00Z,-17.675,178.375,NaN
2003-04-25T12:00:00Z,-17.675,178.425,NaN
2003-04-25T12:00:00Z,-17.675,178.475,NaN
2003-04-25T12:00:00Z,-17.675,178.525,NaN
2003-04-25T12:00:00Z,-17.675,178.575,0.0
2003-04-25T12:00:00Z,-17.675,178.625,0.0
2003-05-25T12:00:00Z,-17.325,178.375,0.3
2003-05-25T12:00:00Z,-17.325,178.425,0.3
2003-05-25T12:00:00Z,-17.325,178.475,0.3
2003-05-25T12:00:00Z,-17.325,178.525,0.15
2003-05-25T12:00:00Z,-17.325,178.575,0.15
2003-05-25T12:00:00Z,-17.325,178.625,0.0
2003-05-25T12:00:00Z,-17.375,178.375,0.0
2003-05-25T12:00:00Z,-17.375,178.425,0.0
2003-05-25T12:00:00Z,-17.375,178.475,0.0
2003-05-25T12:00:00Z,-17.375,178.525,0.0
2003-05-25T12:00:00Z,-17.375,178.575,0.0
2003-05-25T12:00:00Z,-17.375,178.625,0.0
2003-05-25T12:00:00Z,-17.425,178.375,0.0
2003-05-25T12:00:00Z,-17.425,178.425,0.0
2003-05-25T12:00:00Z,-17.425,178.475,0.0
2003-05-25T12:00:00Z,-17.425,178.525,0.0
2003-05-25T12:00:00Z,-17.425,178.575,0.0
2003-05-25T12:00:00Z,-17.425,178.625,0.0
2003-05-25T12:00:00Z,-17.475,178.375,0.0
2003-05-25T12:00:00Z,-17.475,178.425,0.0
2003-05-25T12:00:00Z,-17.475,178.475,0.0
2003-05-25T12:00:00Z,-17.475,178.525,0.0
2003-05-25T12:00:00Z,-17.475,178.575,0.0
2003-05-25T12:00:00Z,-17.475,178.625,0.0
2003-05-25T12:00:00Z,-17.525,178.375,0.0
2003-05-25T12:00:00Z,-17.525,178.425,0.0
2003-05-25T12:00:00Z,-17.525,178.475,0.0
2003-05-25T12:00:00Z,-17.525,178.525,0.0
2003-05-25T12:00:00Z,-17.525,178.575,0.0
2003-05-25T12:00:00Z,-17.525,178.625,0.0
2003-05-25T12:00:00Z,-17.575,178.375,0.0
2003-05-25T12:00:00Z,-17.575,178.425,0.0
2003-05-25T12:00:00Z,-17.575,178.475,0.0
2003-05-25T12:00:00Z,-17.575,178.525,0.0
2003-05-25T12:00:00Z,-17.575,178.575,0.0
2003-05-25T12:00:00Z,-17.575,178.625,0.0
2003-05-25T12:00:00Z,-17.625,178.375,NaN
2003-05-25T12:00:00Z,-17.625,178.425,NaN
2003-05-25T12:00:00Z,-17.625,178.475,NaN
2003-05-25T12:00:00Z,-17.625,178.525,0.0
2003-05-25T12:00:00Z,-17.625,178.575,0.0
2003-05-25T12:00:00Z,-17.625,178.625,0.0
2003-05-25T12:00:00Z,-17.675,178.375,NaN
2003-05-25T12:00:00Z,-17.675,178.425,NaN
2003-05-25T12:00:00Z,-17.675,178.475,NaN
2003-05-25T12:00:00Z,-17.675,178.525,NaN
2003-05-25T12:00:00Z,-17.675,178.575,0.0
2003-05-25T12:00:00Z,-17.675,178.625,0.0
2003-06-24T12:00:00Z,-17.325,178.375,0.0
2003-06-24T12:00:00Z,-17.325,178.425,0.0
2003-06-24T12:00:00Z,-17.325,178.475,0.0
2003-06-24T12:00:00Z,-17.325,178.525,0.0
2003-06-24T12:00:00Z,-17.325,178.575,0.0
2003-06-24T12:00:00Z,-17.325,178.625,0.0
2003-06-24T12:00:00Z,-17.375,178.375,0.0
2003-06-24T12:00:00Z,-17.375,178.425,0.0
2003-06-24T12:00:00Z,-17.375,178.475,0.0
2003-06-24T12:00:00Z,-17.375,178.525,0.0
2003-06-24T12:00:00Z,-17.375,178.575,0.0
2003-06-24T12:00:00Z,-17.375,178.625,0.0
2003-06-24T12:00:00Z,-17.425,178.375,0.0
2003-06-24T12:00:00Z,-17.425,178.425,0.0
2003-06-24T12:00:00Z,-17.425,178.475,0.0
2003-06-24T12:00:00Z,-17.425,178.525,0.0
2003-06-24T12:00:00Z,-17.425,178.575,0.0
2003-06-24T12:00:00Z,-17.425,178.625,0.0
2003-06-24T12:00:00Z,-17.475,178.375,0.0
2003-06-24T12:00:00Z,-17.475,178.425,0.0
2003-06-24T12:00:00Z,-17.475,178.475,0.0
2003-06-24T12:00:00Z,-17.475,178.525,0.0
2003-06-24T12:00:00Z,-17.475,178.575,0.0
2003-06-24T12:00:00Z,-17.475,178.625,0.0
2003-06-24T12:00:00Z,-17.525,178.375,0.0
2003-06-24T12:00:00Z,-17.525,178.425,0.0
2003-06-24T12:00:00Z,-17.525,178.475,0.0
2003-06-24T12:00:00Z,-17.525,178.525,0.0
2003-06-24T12:00:00Z,-17.525,178.575,0.0
2003-06-24T12:00:00Z,-17.525,178.625,0.0
2003-06-24T12:00:00Z,-17.575,178.375,0.0
2003-06-24T12:00:00Z,-17.575,178.425,0.0
2003-06-24T12:00:00Z,-17.575,178.475,0.0
2003-06-24T12:00:00Z,-17.575,178.525,0.0
2003-06-24T12:00:00Z,-17.575,178.575,0.0
2003-06-24T12:00:00Z,-17.575,178.625,0.0
2003-06-24T12:00:00Z,-17.625,178.375,NaN
2003-06-24T12:00:00Z,-17.625,178.425,NaN
2003-06-24T12:00:00Z,-17.625,178.475,NaN
2003-06-24T12:00:00Z,-17.625,178.525,0.0
2003-06-24T12:00:00Z,-17.625,178.575,0.0
2003-06-24T12:00:00Z,-17.625,178.625,0.0
2003-06-24T12:00:00Z,-17.675,178.375,NaN
2003-06-24T12:00:00Z,-17.675,178.425,NaN
2003-06-24T12:00:00Z,-17.675,178.475,NaN
2003-06-24T12:00:00Z,-17.675,178.525,NaN
2003-06-24T12:00:00Z,-17.675,178.575,0.0
2003-06-24T12:00:00Z,-17.675,178.625,0.0
2003-07-24T12:00:00Z,-17.325,178.375,0.0
2003-07-24T12:00:00Z,-17.325,178.425,0.0
2003-07-24T12:00:00Z,-17.325,178.475,0.0
2003-07-24T12:00:00Z,-17.325,178.525,0.0
2003-07-24T12:00:00Z,-17.325,178.575,0.0
2003-07-24T12:00:00Z,-17.325,178.625,0.0
2003-07-24T12:00:00Z,-17.375,178.375,0.0
2003-07-24T12:00:00Z,-17.375,178.425,0.0
2003-07-24T12:00:00Z,-17.375,178.475,0.0
2003-07-24T12:00:00Z,-17.375,178.525,0.0
2003-07-24T12:00:00Z,-17.375,178.575,0.0
2003-07-24T12:00:00Z,-17.375,178.625,0.0
2003-07-24T12:00:00Z,-17.425,178.375,0.0
2003-07-24T12:00:00Z,-17.425,178.425,0.0
2003-07-24T12:00:00Z,-17.425,178.475,0.0
2003-07-24T12:00:00Z,-17.425,178.525,0.0
2003-07-24T12:00:00Z,-17.425,178.575,0.0
2003-07-24T12:00:00Z,-17.425,178.625,0.0
2003-07-24T12:00:00Z,-17.475,178.375,0.0
2003-07-24T12:00:00Z,-17.475,178.425,0.0
2003-07-24T12:00:00Z,-17.475,178.475,0.0
2003-07-24T12:00:00Z,-17.475,178.525,0.0
2003-07-24T12:00:00Z,-17.475,178.575,0.0
2003-07-24T12:00:00Z,-17.475,178.625,0.0
2003-07-24T12:00:00Z,-17.525,178.375,0.0
2003-07-24T12:00:00Z,-17.525,178.425,0.0
2003-07-24T12:00:00Z,-17.525,178.475,0.0
2003-07-24T12:00:00Z,-17.525,178.525,0.0
2003-07-24T12:00:00Z,-17.525,178.575,0.0
2003-07-24T12:00:00Z,-17.525,178.625,0.0
2003-07-24T12:00:00Z,-17.575,178.375,0.0
2003-07-24T12:00:00Z,-17.575,178.425,0.0
2003-07-24T12:00:00Z,-17.575,178.475,0.0
2003-07-24T12:00:00Z,-17.575,178.525,0.0
2003-07-24T12:00:00Z,-17.575,178.575,0.0
2003-07-24T12:00:00Z,-17.575,178.625,0.0
2003-07-24T12:00:00Z,-17.625,178.375,NaN
2003-07-24T12:00:00Z,-17.625,178.425,NaN
2003-07-24T12:00:00Z,-17.625,178.475,NaN
2003-07-24T12:00:00Z,-17.625,178.525,0.0
2003-07-24T12:00:00Z,-17.625,178.575,0.0
2003-07-24T12:00:00Z,-17.625,178.625,0.0
2003-07-24T12:00:00Z,-17.675,178.375,NaN
2003-07-24T12:00:00Z,-17.675,178.425,NaN
2003-07-24T12:00:00Z,-17.675,178.475,NaN
2003-07-24T12:00:00Z,-17.675,178.525,NaN
2003-07-24T12:00:00Z,-17.675,178.575,0.0
2003-07-24T12:00:00Z,-17.675,178.625,0.0
2003-08-23T12:00:00Z,-17.325,178.375,0.0
2003-08-23T12:00:00Z,-17.325,178.425,0.0
2003-08-23T12:00:00Z,-17.325,178.475,0.0
2003-08-23T12:00:00Z,-17.325,178.525,0.0
2003-08-23T12:00:00Z,-17.325,178.575,0.0
2003-08-23T12:00:00Z,-17.325,178.625,0.0
2003-08-23T12:00:00Z,-17.375,178.375,0.0
2003-08-23T12:00:00Z,-17.375,178.425,0.0
2003-08-23T12:00:00Z,-17.375,178.475,0.0
2003-08-23T12:00:00Z,-17.375,178.525,0.0
2003-08-23T12:00:00Z,-17.375,178.575,0.0
2003-08-23T12:00:00Z,-17.375,178.625,0.0
2003-08-23T12:00:00Z,-17.425,178.375,0.0
2003-08-23T12:00:00Z,-17.425,178.425,0.0
2003-08-23T12:00:00Z,-17.425,178.475,0.0
2003-08-23T12:00:00Z,-17.425,178.525,0.0
2003-08-23T12:00:00Z,-17.425,178.575,0.0
2003-08-23T12:00:00Z,-17.425,178.625,0.0
2003-08-23T12:00:00Z,-17.475,178.375,0.0
2003-08-23T12:00:00Z,-17.475,178.425,0.0
2003-08-23T12:00:00Z,-17.475,178.475,0.0
2003-08-23T12:00:00Z,-17.475,178.525,0.0
2003-08-23T12:00:00Z,-17.475,178.575,0.0
2003-08-23T12:00:00Z,-17.475,178.625,0.0
2003-08-23T12:00:00Z,-17.525,178.375,0.0
2003-08-23T12:00:00Z,-17.525,178.425,0.0
2003-08-23T12:00:00Z,-17.525,178.475,0.0
2003-08-23T12:00:00Z,-17.525,178.525,0.0
2003-08-23T12:00:00Z,-17.525,178.575,0.0
2003-08-23T12:00:00Z,-17.525,178.625,0.0
2003-08-23T12:00:00Z,-17.575,178.375,0.0
2003-08-23T12:00:00Z,-17.575,178.425,0.0
2003-08-23T12:00:00Z,-17.575,178.475,0.0
2003-08-23T12:00:00Z,-17.575,178.525,0.0
2003-08-23T12:00:00Z,-17.575,178.575,0.0
2003-08-23T12:00:00Z,-17.575,178.625,0.0
2003-08-23T12:00:00Z,-17.625,178.375,NaN
2003-08-23T12:00:00Z,-17.625,178.425,NaN
2003-08-23T12:00:00Z,-17.625,178.475,NaN
2003-08-23T12:00:00Z,-17.625,178.525,0.0
2003-08-23T12:00:00Z,-17.625,178.575,0.0
2003-08-23T12:00:00Z,-17.625,178.625,0.0
2003-08-23T12:00:00Z,-17.675,178.375,NaN
2003-08-23T12:00:00Z,-17.675,178.425,NaN
2003-08-23T12:00:00Z,-17.675,178.475,NaN
2003-08-23T12:00:00Z,-17.675,178.525,NaN
2003-08-23T12:00:00Z,-17.675,178.575,0.0
2003-08-23T12:00:00Z,-17.675,178.625,0.0
2003-09-22T12:00:00Z,-17.325,178.375,0.0
2003-09-22T12:00:00Z,-17.325,178.425,0.0
2003-09-22T12:00:00Z,-17.325,178.475,0.0
2003-09-22T12:00:00Z,-17.325,178.525,0.0
2003-09-22T12:00:00Z,-17.325,178.575,0.0
2003-09-22T12:00:00Z,-17.325,178.625,0.0
2003-09-22T12:00:00Z,-17.375,178.375,0.0
2003-09-22T12:00:00Z,-17.375,178.425,0.0
2003-09-22T12:00:00Z,-17.375,178.475,0.0
2003-09-22T12:00:00Z,-17.375,178.525,0.0
2003-09-22T12:00:00Z,-17.375,178.575,0.0
2003-09-22T12:00:00Z,-17.375,178.625,0.0
2003-09-22T12:00:00Z,-17.425,178.375,0.0
2003-09-22T12:00:00Z,-17.425,178.425,0.0
2003-09-22T12:00:00Z,-17.425,178.475,0.0
2003-09-22T12:00:00Z,-17.425,178.525,0.0
2003-09-22T12:00:00Z,-17.425,178.575,0.0
2003-09-22T12:00:00Z,-17.425,178.625,0.0
2003-09-22T12:00:00Z,-17.475,178.375,0.0
2003-09-22T12:00:00Z,-17.475,178.425,0.0
2003-09-22T12:00:00Z,-17.475,178.475,0.0
2003-09-22T12:00:00Z,-17.475,178.525,0.0
2003-09-22T12:00:00Z,-17.475,178.575,0.0
2003-09-22T12:00:00Z,-17.475,178.625,0.0
2003-09-22T12:00:00Z,-17.525,178.375,0.0
2003-09-22T12:00:00Z,-17.525,178.425,0.0
2003-09-22T12:00:00Z,-17.525,178.475,0.0
2003-09-22T12:00:00Z,-17.525,178.525,0.0
2003-09-22T12:00:00Z,-17.525,178.575,0.0
2003-09-22T12:00:00Z,-17.525,178.625,0.0
2003-09-22T12:00:00Z,-17.575,178.375,0.0
2003-09-22T12:00:00Z,-17.575,178.425,0.0
2003-09-22T12:00:00Z,-17.575,178.475,0.0
2003-09-22T12:00:00Z,-17.575,178.525,0.0
2003-09-22T12:00:00Z,-17.575,178.575,0.0
2003-09-22T12:00:00Z,-17.575,178.625,0.0
2003-09-22T12:00:00Z,-17.625,178.375,NaN
2003-09-22T12:00:00Z,-17.625,178.425,NaN
2003-09-22T12:00:00Z,-17.625,178.475,NaN
2003-09-22T12:00:00Z,-17.625,178.525,0.0
2003-09-22T12:00:00Z,-17.625,178.575,0.0
2003-09-22T12:00:00Z,-17.625,178.625,0.0
2003-09-22T12:00:00Z,-17.675,178.375,NaN
2003-09-22T12:00:00Z,-17.675,178.425,NaN
2003-09-22T12:00:00Z,-17.675,178.475,NaN
2003-09-22T12:00:00Z,-17.675,178.525,NaN
2003-09-22T12:00:00Z,-17.675,178.575,0.0
2003-09-22T12:00:00Z,-17.675,178.625,0.0
2003-10-22T12:00:00Z,-17.325,178.375,0.0
2003-10-22T12:00:00Z,-17.325,178.425,0.0
2003-10-22T12:00:00Z,-17.325,178.475,0.0
2003-10-22T12:00:00Z,-17.325,178.525,0.0
2003-10-22T12:00:00Z,-17.325,178.575,0.0
2003-10-22T12:00:00Z,-17.325,178.625,0.0
2003-10-22T12:00:00Z,-17.375,178.375,0.0
2003-10-22T12:00:00Z,-17.375,178.425,0.0
2003-10-22T12:00:00Z,-17.375,178.475,0.0
2003-10-22T12:00:00Z,-17.375,178.525,0.0
2003-10-22T12:00:00Z,-17.375,178.575,0.0
2003-10-22T12:00:00Z,-17.375,178.625,0.0
2003-10-22T12:00:00Z,-17.425,178.375,0.0
2003-10-22T12:00:00Z,-17.425,178.425,0.0
2003-10-22T12:00:00Z,-17.425,178.475,0.0
2003-10-22T12:00:00Z,-17.425,178.525,0.0
2003-10-22T12:00:00Z,-17.425,178.575,0.0
2003-10-22T12:00:00Z,-17.425,178.625,0.0
2003-10-22T12:00:00Z,-17.475,178.375,0.0
2003-10-22T12:00:00Z,-17.475,178.425,0.0
2003-10-22T12:00:00Z,-17.475,178.475,0.0
2003-10-22T12:00:00Z,-17.475,178.525,0.0
2003-10-22T12:00:00Z,-17.475,178.575,0.0
2003-10-22T12:00:00Z,-17.475,178.625,0.0
2003-10-22T12:00:00Z,-17.525,178.375,0.0
2003-10-22T12:00:00Z,-17.525,178.425,0.0
2003-10-22T12:00:00Z,-17.525,178.475,0.0
2003-10-22T12:00:00Z,-17.525,178.525,0.0
2003-10-22T12:00:00Z,-17.525,178.575,0.0
2003-10-22T12:00:00Z,-17.525,178.625,0.0
2003-10-22T12:00:00Z,-17.575,178.375,0.0
2003-10-22T12:00:00Z,-17.575,178.425,0.0
2003-10-22T12:00:00Z,-17.575,178.475,0.0
2003-10-22T12:00:00Z,-17.575,178.525,0.0
2003-10-22T12:00:00Z,-17.575,178.575,0.0
2003-10-22T12:00:00Z,-17.575,178.625,0.0
2003-10-22T12:00:00Z,-17.625,178.375,NaN
2003-10-22T12:00:00Z,-17.625,178.425,NaN
2003-10-22T12:00:00Z,-17.625,178.475,NaN
2003-10-22T12:00:00Z,-17.625,178.525,0.0
2003-10-22T12:00:00Z,-17.625,178.575,0.0
2003-10-22T12:00:00Z,-17.625,178.625,0.0
2003-10-22T12:00:00Z,-17.675,178.375,NaN
2003-10-22T12:00:00Z,-17.675,178.425,NaN
2003-10-22T12:00:00Z,-17.675,178.475,NaN
2003-10-22T12:00:00Z,-17.675,178.525,NaN
2003-10-22T12:00:00Z,-17.675,178.575,0.0
2003-10-22T12:00:00Z,-17.675,178.625,0.0
2003-11-21T12:00:00Z,-17.325,178.375,0.0
2003-11-21T12:00:00Z,-17.325,178.425,0.0
2003-11-21T12:00:00Z,-17.325,178.475,0.0
2003-11-21T12:00:00Z,-17.325,178.525,0.0
2003-11-21T12:00:00Z,-17.325,178.575,0.0
2003-11-21T12:00:00Z,-17.325,178.625,0.0
2003-11-21T12:00:00Z,-17.375,178.375,0.0
2003-11-21T12:00:00Z,-17.375,178.425,0.0
2003-11-21T12:00:00Z,-17.375,178.475,0.0
2003-11-21T12:00:00Z,-17.375,178.525,0.0
2003-11-21T12:00:00Z,-17.375,178.575,0.0
2003-11-21T12:00:00Z,-17.375,178.625,0.0
2003-11-21T12:00:00Z,-17.425,178.375,0.0
2003-11-21T12:00:00Z,-17.425,178.425,0.0
2003-11-21T12:00:00Z,-17.425,178.475,0.0
2003-11-21T12:00:00Z,-17.425,178.525,0.0
2003-11-21T12:00:00Z,-17.425,178.575,0.0
2003-11-21T12:00:00Z,-17.425,178.625,0.0
2003-11-21T12:00:00Z,-17.475,178.375,0.0
2003-11-21T12:00:00Z,-17.475,178.425,0.0
2003-11-21T12:00:00Z,-17.475,178.475,0.0
2003-11-21T12:00:00Z,-17.475,178.525,0.0
2003-11-21T12:00:00Z,-17.475,178.575,0.0
2003-11-21T12:00:00Z,-17.475,178.625,0.0
2003-11-21T12:00:00Z,-17.525,178.375,0.0
2003-11-21T12:00:00Z,-17.525,178.425,0.0
2003-11-21T12:00:00Z,-17.525,178.475,0.0
2003-11-21T12:00:00Z,-17.525,178.525,0.0
2003-11-21T12:00:00Z,-17.525,178.575,0.0
2003-11-21T12:00:00Z,-17.525,178.625,0.0
2003-11-21T12:00:00Z,-17.575,178.375,0.0
2003-11-21T12:00:00Z,-17.575,178.425,0.0
2003-11-21T12:00:00Z,-17.575,178.475,0.0
2003-11-21T12:00:00Z,-17.575,178.525,0.0
2003-11-21T12:00:00Z,-17.575,178.575,0.0
2003-11-21T12:00:00Z,-17.575,178.625,0.0
2003-11-21T12:00:00Z,-17.625,178.375,NaN
2003-11-21T12:00:00Z,-17.625,178.425,NaN
2003-11-21T12:00:00Z,-17.625,178.475,NaN
2003-11-21T12:00:00Z,-17.625,178.525,0.0
2003-11-21T12:00:00Z,-17.625,178.575,0.0
2003-11-21T12:00:00Z,-17.625,178.625,0.0
2003-11-21T12:00:00Z,-17.675,178.375,NaN
2003-11-21T12:00:00Z,-17.675,178.425,NaN
2003-11-21T12:00:00Z,-17.675,178.475,NaN
2003-11-21T12:00:00Z,-17.675,178.525,NaN
2003-11-21T12:00:00Z,-17.675,178.575,0.0
2003-11-21T12:00:00Z,-17.675,178.625,0.0
2003-12-21T12:00:00Z,-17.325,178.375,0.0
2003-12-21T12:00:00Z,-17.325,178.425,0.0
2003-12-21T12:00:00Z,-17.325,178.475,0.0
2003-12-21T12:00:00Z,-17.325,178.525,0.0
2003-12-21T12:00:00Z,-17.325,178.575,0.0
2003-12-21T12:00:00Z,-17.325,178.625,0.0
2003-12-21T12:00:00Z,-17.375,178.375,0.0
2003-12-21T12:00:00Z,-17.375,178.425,0.0
2003-12-21T12:00:00Z,-17.375,178.475,0.0
2003-12-21T12:00:00Z,-17.375,178.525,0.0
2003-12-21T12:00:00Z,-17.375,178.575,0.0
2003-12-21T12:00:00Z,-17.375,178.625,0.0
2003-12-21T12:00:00Z,-17.425,178.375,0.0
2003-12-21T12:00:00Z,-17.425,178.425,0.0
2003-12-21T12:00:00Z,-17.425,178.475,0.0
2003-12-21T12:00:00Z,-17.425,178.525,0.0
2003-12-21T12:00:00Z,-17.425,178.575,0.0
2003-12-21T12:00:00Z,-17.425,178.625,0.0
2003-12-21T12:00:00Z,-17.475,178.375,0.0
2003-12-21T12:00:00Z,-17.475,178.425,0.0
2003-12-21T12:00:00Z,-17.475,178.475,0.0
2003-12-21T12:00:00Z,-17.475,178.525,0.0
2003-12-21T12:00:00Z,-17.475,178.575,0.0
2003-12-21T12:00:00Z,-17.475,178.625,0.0
2003-12-21T12:00:00Z,-17.525,178.375,0.0
2003-12-21T12:00:00Z,-17.525,178.425,0.0
2003-12-21T12:00:00Z,-17.525,178.475,0.0
2003-12-21T12:00:00Z,-17.525,178.525,0.0
2003-12-21T12:00:00Z,-17.525,178.575,0.0
2003-12-21T12:00:00Z,-17.525,178.625,0.0
2003-12-21T12:00:00Z,-17.575,178.375,0.0
2003-12-21T12:00:00Z,-17.575,178.425,0.0
2003-12-21T12:00:00Z,-17.575,178.475,0.0
2003-12-21T12:00:00Z,-17.575,178.525,0.0
2003-12-21T12:00:00Z,-17.575,178.575,0.0
2003-12-21T12:00:00Z,-17.575,178.625,0.0
2003-12-21T12:00:00Z,-17.625,178.375,NaN
2003-12-21T12:00:00Z,-17.625,178.425,NaN
2003-12-21T12:00:00Z,-17.625,178.475,NaN
2003-12-21T12:00:00Z,-17.625,178.525,0.0
2003-12-21T12:00:00Z,-17.625,178.575,0.0
2003-12-21T12:00:00Z,-17.625,178.625,0.0
2003-12-21T12:00:00Z,-17.675,178.375,NaN
2003-12-21T12:00:00Z,-17.675,178.425,NaN
2003-12-21T12:00:00Z,-17.675,178.475,NaN
2003-12-21T12:00:00Z,-17.675,178.525,NaN
2003-12-21T12:00:00Z,-17.675,178.575,0.0
2003-12-21T12:00:00Z,-17.675,178.625,0.0
2004-01-20T12:00:00Z,-17.325,178.375,0.0
2004-01-20T12:00:00Z,-17.325,178.425,0.0
2004-01-20T12:00:00Z,-17.325,178.475,0.0
2004-01-20T12:00:00Z,-17.325,178.525,0.0
2004-01-20T12:00:00Z,-17.325,178.575,0.0
2004-01-20T12:00:00Z,-17.325,178.625,0.0
2004-01-20T12:00:00Z,-17.375,178.375,0.0
2004-01-20T12:00:00Z,-17.375,178.425,0.0
2004-01-20T12:00:00Z,-17.375,178.475,0.0
2004-01-20T12:00:00Z,-17.375,178.525,0.0
2004-01-20T12:00:00Z,-17.375,178.575,0.0
2004-01-20T12:00:00Z,-17.375,178.625,0.0
2004-01-20T12:00:00Z,-17.425,178.375,0.0
2004-01-20T12:00:00Z,-17.425,178.425,0.0
2004-01-20T12:00:00Z,-17.425,178.475,0.0
2004-01-20T12:00:00Z,-17.425,178.525,0.0
2004-01-20T12:00:00Z,-17.425,178.575,0.0
2004-01-20T12:00:00Z,-17.425,178.625,0.0
2004-01-20T12:00:00Z,-17.475,178.375,0.0
2004-01-20T12:00:00Z,-17.475,178.425,0.0
2004-01-20T12:00:00Z,-17.475,178.475,0.0
2004-01-20T12:00:00Z,-17.475,178.525,0.0
2004-01-20T12:00:00Z,-17.475,178.575,0.0
2004-01-20T12:00:00Z,-17.475,178.625,0.0
2004-01-20T12:00:00Z,-17.525,178.375,0.0
2004-01-20T12:00:00Z,-17.525,178.425,0.0
2004-01-20T12:00:00Z,-17.525,178.475,0.0
2004-01-20T12:00:00Z,-17.525,178.525,0.0
2004-01-20T12:00:00Z,-17.525,178.575,0.0
2004-01-20T12:00:00Z,-17.525,178.625,0.0
2004-01-20T12:00:00Z,-17.575,178.375,0.0
2004-01-20T12:00:00Z,-17.575,178.425,0.0
2004-01-20T12:00:00Z,-17.575,178.475,0.0
2004-01-20T12:00:00Z,-17.575,178.525,0.0
2004-01-20T12:00:00Z,-17.575,178.575,0.0
2004-01-20T12:00:00Z,-17.575,178.625,0.0
2004-01-20T12:00:00Z,-17.625,178.375,NaN
2004-01-20T12:00:00Z,-17.625,178.425,NaN
2004-01-20T12:00:00Z,-17.625,178.475,NaN
2004-01-20T12:00:00Z,-17.625,178.525,0.0
2004-01-20T12:00:00Z,-17.625,178.575,0.0
2004-01-20T12:00:00Z,-17.625,178.625,0.0
2004-01-20T12:00:00Z,-17.675,178.375,NaN
2004-01-20T12:00:00Z,-17.675,178.425,NaN
2004-01-20T12:00:00Z,-17.675,178.475,NaN
2004-01-20T12:00:00Z,-17.675,178.525,NaN
2004-01-20T12:00:00Z,-17.675,178.575,0.0
2004-01-20T12:00:00Z,-17.675,178.625,0.0
2004-02-19T12:00:00Z,-17.325,178.375,0.0
2004-02-19T12:00:00Z,-17.325,178.425,0.0
2004-02-19T12:00:00Z,-17.325,178.475,0.0
2004-02-19T12:00:00Z,-17.325,178.525,0.0
2004-02-19T12:00:00Z,-17.325,178.575,0.0
2004-02-19T12:00:00Z,-17.325,178.625,0.0
2004-02-19T12:00:00Z,-17.375,178.375,0.0
2004-02-19T12:00:00Z,-17.375,178.425,0.0
2004-02-19T12:00:00Z,-17.375,178.475,0.0
2004-02-19T12:00:00Z,-17.375,178.525,0.0
2004-02-19T12:00:00Z,-17.375,178.575,0.0
2004-02-19T12:00:00Z,-17.375,178.625,0.0
2004-02-19T12:00:00Z,-17.425,178.375,0.0
2004-02-19T12:00:00Z,-17.425,178.425,0.0
2004-02-19T12:00:00Z,-17.425,178.475,0.0
2004-02-19T12:00:00Z,-17.425,178.525,0.0
2004-02-19T12:00:00Z,-17.425,178.575,0.0
2004-02-19T12:00:00Z,-17.425,178.625,0.0
2004-02-19T12:00:00Z,-17.475,178.375,0.0
2004-02-19T12:00:00Z,-17.475,178.425,0.0
2004-02-19T12:00:00Z,-17.475,178.475,0.0
2004-02-19T12:00:00Z,-17.475,178.525,0.0
2004-02-19T12:00:00Z,-17.475,178.575,0.0
2004-02-19T12:00:00Z,-17.475,178.625,0.0
2004-02-19T12:00:00Z,-17.525,178.375,0.0
2004-02-19T12:00:00Z,-17.525,178.425,0.0
2004-02-19T12:00:00Z,-17.525,178.475,0.0
2004-02-19T12:00:00Z,-17.525,178.525,0.0
2004-02-19T12:00:00Z,-17.525,178.575,0.0
2004-02-19T12:00:00Z,-17.525,178.625,0.0
2004-02-19T12:00:00Z,-17.575,178.375,0.0
2004-02-19T12:00:00Z,-17.575,178.425,0.0
2004-02-19T12:00:00Z,-17.575,178.475,0.0
2004-02-19T12:00:00Z,-17.575,178.525,0.0
2004-02-19T12:00:00Z,-17.575,178.575,0.0
2004-02-19T12:00:00Z,-17.575,178.625,0.0
2004-02-19T12:00:00Z,-17.625,178.375,NaN
2004-02-19T12:00:00Z,-17.625,178.425,NaN
2004-02-19T12:00:00Z,-17.625,178.475,NaN
2004-02-19T12:00:00Z,-17.625,178.525,0.0
2004-02-19T12:00:00Z,-17.625,178.575,0.0
2004-02-19T12:00:00Z,-17.625,178.625,0.0
2004-02-19T12:00:00Z,-17.675,178.375,NaN
2004-02-19T12:00:00Z,-17.675,178.425,NaN
2004-02-19T12:00:00Z,-17.675,178.475,NaN
2004-02-19T12:00:00Z,-17.675,178.525,NaN
2004-02-19T12:00:00Z,-17.675,178.575,0.44
2004-02-19T12:00:00Z,-17.675,178.625,0.44
2004-03-20T12:00:00Z,-17.325,178.375,0.8
2004-03-20T12:00:00Z,-17.325,178.425,0.81
2004-03-20T12:00:00Z,-17.325,178.475,0.8200000000000001
2004-03-20T12:00:00Z,-17.325,178.525,0.81
2004-03-20T12:00:00Z,-17.325,178.575,0.53
2004-03-20T12:00:00Z,-17.325,178.625,0.52
2004-03-20T12:00:00Z,-17.375,178.375,0.5
2004-03-20T12:00:00Z,-17.375,178.425,0.65
2004-03-20T12:00:00Z,-17.375,178.475,0.8
2004-03-20T12:00:00Z,-17.375,178.525,0.66
2004-03-20T12:00:00Z,-17.375,178.575,0.51
2004-03-20T12:00:00Z,-17.375,178.625,0.51
2004-03-20T12:00:00Z,-17.425,178.375,0.49
2004-03-20T12:00:00Z,-17.425,178.425,0.64
2004-03-20T12:00:00Z,-17.425,178.475,0.65
2004-03-20T12:00:00Z,-17.425,178.525,0.79
2004-03-20T12:00:00Z,-17.425,178.575,0.79
2004-03-20T12:00:00Z,-17.425,178.625,0.65
2004-03-20T12:00:00Z,-17.475,178.375,0.34
2004-03-20T12:00:00Z,-17.475,178.425,0.49
2004-03-20T12:00:00Z,-17.475,178.475,0.64
2004-03-20T12:00:00Z,-17.475,178.525,0.64
2004-03-20T12:00:00Z,-17.475,178.575,0.79
2004-03-20T12:00:00Z,-17.475,178.625,0.65
2004-03-20T12:00:00Z,-17.525,178.375,0.48
2004-03-20T12:00:00Z,-17.525,178.425,0.77
2004-03-20T12:00:00Z,-17.525,178.475,0.79
2004-03-20T12:00:00Z,-17.525,178.525,0.8
2004-03-20T12:00:00Z,-17.525,178.575,0.8
2004-03-20T12:00:00Z,-17.525,178.625,0.9400000000000001
2004-03-20T12:00:00Z,-17.575,178.375,0.63
2004-03-20T12:00:00Z,-17.575,178.425,0.63
2004-03-20T12:00:00Z,-17.575,178.475,0.78
2004-03-20T12:00:00Z,-17.575,178.525,0.9400000000000001
2004-03-20T12:00:00Z,-17.575,178.575,0.9500000000000001
2004-03-20T12:00:00Z,-17.575,178.625,0.9500000000000001
2004-03-20T12:00:00Z,-17.625,178.375,NaN
2004-03-20T12:00:00Z,-17.625,178.425,NaN
2004-03-20T12:00:00Z,-17.625,178.475,NaN
2004-03-20T12:00:00Z,-17.625,178.525,0.9500000000000001
2004-03-20T12:00:00Z,-17.625,178.575,0.96
2004-03-20T12:00:00Z,-17.625,178.625,0.96
2004-03-20T12:00:00Z,-17.675,178.375,NaN
2004-03-20T12:00:00Z,-17.675,178.425,NaN
2004-03-20T12:00:00Z,-17.675,178.475,NaN
2004-03-20T12:00:00Z,-17.675,178.525,NaN
2004-03-20T12:00:00Z,-17.675,178.575,1.41
2004-03-20T12:00:00Z,-17.675,178.625,1.41
2004-04-19T12:00:00Z,-17.325,178.375,0.9500000000000001
2004-04-19T12:00:00Z,-17.325,178.425,0.96
2004-04-19T12:00:00Z,-17.325,178.475,0.97
2004-04-19T12:00:00Z,-17.325,178.525,0.97
2004-04-19T12:00:00Z,-17.325,178.575,0.68
2004-04-19T12:00:00Z,-17.325,178.625,0.68
2004-04-19T12:00:00Z,-17.375,178.375,0.65
2004-04-19T12:00:00Z,-17.375,178.425,0.8
2004-04-19T12:00:00Z,-17.375,178.475,0.9500000000000001
2004-04-19T12:00:00Z,-17.375,178.525,0.81
2004-04-19T12:00:00Z,-17.375,178.575,0.66
2004-04-19T12:00:00Z,-17.375,178.625,0.67
2004-04-19T12:00:00Z,-17.425,178.375,0.49
2004-04-19T12:00:00Z,-17.425,178.425,0.64
2004-04-19T12:00:00Z,-17.425,178.475,0.79
2004-04-19T12:00:00Z,-17.425,178.525,0.93
2004-04-19T12:00:00Z,-17.425,178.575,0.9400000000000001
2004-04-19T12:00:00Z,-17.425,178.625,0.8
2004-04-19T12:00:00Z,-17.475,178.375,0.34
2004-04-19T12:00:00Z,-17.475,178.425,0.49
2004-04-19T12:00:00Z,-17.475,178.475,0.64
2004-04-19T12:00:00Z,-17.475,178.525,0.64
2004-04-19T12:00:00Z,-17.475,178.575,0.93
2004-04-19T12:00:00Z,-17.475,178.625,0.79
2004-04-19T12:00:00Z,-17.525,178.375,0.48
2004-04-19T12:00:00Z,-17.525,178.425,0.77
2004-04-19T12:00:00Z,-17.525,178.475,0.79
2004-04-19T12:00:00Z,-17.525,178.525,0.8
2004-04-19T12:00:00Z,-17.525,178.575,0.9400000000000001
2004-04-19T12:00:00Z,-17.525,178.625,1.09
2004-04-19T12:00:00Z,-17.575,178.375,0.63
2004-04-19T12:00:00Z,-17.575,178.425,0.63
2004-04-19T12:00:00Z,-17.575,178.475,0.78
2004-04-19T12:00:00Z,-17.575,178.525,0.9400000000000001
2004-04-19T12:00:00Z,-17.575,178.575,0.9500000000000001
2004-04-19T12:00:00Z,-17.575,178.625,1.1
2004-04-19T12:00:00Z,-17.625,178.375,NaN
2004-04-19T12:00:00Z,-17.625,178.425,NaN
2004-04-19T12:00:00Z,-17.625,178.475,NaN
2004-04-19T12:00:00Z,-17.625,178.525,0.9500000000000001
2004-04-19T12:00:00Z,-17.625,178.575,0.96
2004-04-19T12:00:00Z,-17.625,178.625,0.96
2004-04-19T12:00:00Z,-17.675,178.375,NaN
2004-04-19T12:00:00Z,-17.675,178.425,NaN
2004-04-19T12:00:00Z,-17.675,178.475,NaN
2004-04-19T12:00:00Z,-17.675,178.525,NaN
2004-04-19T12:00:00Z,-17.675,178.575,1.41
2004-04-19T12:00:00Z,-17.675,178.625,1.41
2004-05-19T12:00:00Z,-17.325,178.375,0.9500000000000001
2004-05-19T12:00:00Z,-17.325,178.425,0.96
2004-05-19T12:00:00Z,-17.325,178.475,0.97
2004-05-19T12:00:00Z,-17.325,178.525,0.97
2004-05-19T12:00:00Z,-17.325,178.575,0.68
2004-05-19T12:00:00Z,-17.325,178.625,0.68
2004-05-19T12:00:00Z,-17.375,178.375,0.65
2004-05-19T12:00:00Z,-17.375,178.425,0.8
2004-05-19T12:00:00Z,-17.375,178.475,0.9500000000000001
2004-05-19T12:00:00Z,-17.375,178.525,0.81
2004-05-19T12:00:00Z,-17.375,178.575,0.66
2004-05-19T12:00:00Z,-17.375,178.625,0.67
2004-05-19T12:00:00Z,-17.425,178.375,0.49
2004-05-19T12:00:00Z,-17.425,178.425,0.64
2004-05-19T12:00:00Z,-17.425,178.475,0.79
2004-05-19T12:00:00Z,-17.425,178.525,0.93
2004-05-19T12:00:00Z,-17.425,178.575,0.9400000000000001
2004-05-19T12:00:00Z,-17.425,178.625,0.8
2004-05-19T12:00:00Z,-17.475,178.375,0.34
2004-05-19T12:00:00Z,-17.475,178.425,0.49
2004-05-19T12:00:00Z,-17.475,178.475,0.64
2004-05-19T12:00:00Z,-17.475,178.525,0.64
2004-05-19T12:00:00Z,-17.475,178.575,0.93
2004-05-19T12:00:00Z,-17.475,178.625,0.79
2004-05-19T12:00:00Z,-17.525,178.375,0.48
2004-05-19T12:00:00Z,-17.525,178.425,0.77
2004-05-19T12:00:00Z,-17.525,178.475,0.79
2004-05-19T12:00:00Z,-17.525,178.525,0.8
2004-05-19T12:00:00Z,-17.525,178.575,0.9400000000000001
2004-05-19T12:00:00Z,-17.525,178.625,1.09
2004-05-19T12:00:00Z,-17.575,178.375,0.63
2004-05-19T12:00:00Z,-17.575,178.425,0.63
2004-05-19T12:00:00Z,-17.575,178.475,0.78
2004-05-19T12:00:00Z,-17.575,178.525,0.9400000000000001
2004-05-19T12:00:00Z,-17.575,178.575,0.9500000000000001
2004-05-19T12:00:00Z,-17.575,178.625,1.1
2004-05-19T12:00:00Z,-17.625,178.375,NaN
2004-05-19T12:00:00Z,-17.625,178.425,NaN
2004-05-19T12:00:00Z,-17.625,178.475,NaN
2004-05-19T12:00:00Z,-17.625,178.525,0.9500000000000001
2004-05-19T12:00:00Z,-17.625,178.575,0.96
2004-05-19T12:00:00Z,-17.625,178.625,0.96
2004-05-19T12:00:00Z,-17.675,178.375,NaN
2004-05-19T12:00:00Z,-17.675,178.425,NaN
2004-05-19T12:00:00Z,-17.675,178.475,NaN
2004-05-19T12:00:00Z,-17.675,178.525,NaN
2004-05-19T12:00:00Z,-17.675,178.575,0.97
2004-05-19T12:00:00Z,-17.675,178.625,0.97
2004-06-18T12:00:00Z,-17.325,178.375,0.0
2004-06-18T12:00:00Z,-17.325,178.425,0.0
2004-06-18T12:00:00Z,-17.325,178.475,0.0
2004-06-18T12:00:00Z,-17.325,178.525,0.0
2004-06-18T12:00:00Z,-17.325,178.575,0.0
2004-06-18T12:00:00Z,-17.325,178.625,0.0
2004-06-18T12:00:00Z,-17.375,178.375,0.0
2004-06-18T12:00:00Z,-17.375,178.425,0.0
2004-06-18T12:00:00Z,-17.375,178.475,0.0
2004-06-18T12:00:00Z,-17.375,178.525,0.0
2004-06-18T12:00:00Z,-17.375,178.575,0.0
2004-06-18T12:00:00Z,-17.375,178.625,0.0
2004-06-18T12:00:00Z,-17.425,178.375,0.0
2004-06-18T12:00:00Z,-17.425,178.425,0.0
2004-06-18T12:00:00Z,-17.425,178.475,0.0
2004-06-18T12:00:00Z,-17.425,178.525,0.0
2004-06-18T12:00:00Z,-17.425,178.575,0.0
2004-06-18T12:00:00Z,-17.425,178.625,0.0
2004-06-18T12:00:00Z,-17.475,178.375,0.0
2004-06-18T12:00:00Z,-17.475,178.425,0.0
2004-06-18T12:00:00Z,-17.475,178.475,0.0
2004-06-18T12:00:00Z,-17.475,178.525,0.0
2004-06-18T12:00:00Z,-17.475,178.575,0.0
2004-06-18T12:00:00Z,-17.475,178.625,0.0
2004-06-18T12:00:00Z,-17.525,178.375,0.0
2004-06-18T12:00:00Z,-17.525,178.425,0.0
2004-06-18T12:00:00Z,-17.525,178.475,0.0
2004-06-18T12:00:00Z,-17.525,178.525,0.0
2004-06-18T12:00:00Z,-17.525,178.575,0.0
2004-06-18T12:00:00Z,-17.525,178.625,0.0
2004-06-18T12:00:00Z,-17.575,178.375,0.0
2004-06-18T12:00:00Z,-17.575,178.425,0.0
2004-06-18T12:00:00Z,-17.575,178.475,0.0
2004-06-18T12:00:00Z,-17.575,178.525,0.0
2004-06-18T12:00:00Z,-17.575,178.575,0.0
2004-06-18T12:00:00Z,-17.575,178.625,0.0
2004-06-18T12:00:00Z,-17.625,178.375,NaN
2004-06-18T12:00:00Z,-17.625,178.425,NaN
2004-06-18T12:00:00Z,-17.625,178.475,NaN
2004-06-18T12:00:00Z,-17.625,178.525,0.0
2004-06-18T12:00:00Z,-17.625,178.575,0.0
2004-06-18T12:00:00Z,-17.625,178.625,0.0
2004-06-18T12:00:00Z,-17.675,178.375,NaN
2004-06-18T12:00:00Z,-17.675,178.425,NaN
2004-06-18T12:00:00Z,-17.675,178.475,NaN
2004-06-18T12:00:00Z,-17.675,178.525,NaN
2004-06-18T12:00:00Z,-17.675,178.575,0.0
2004-06-18T12:00:00Z,-17.675,178.625,0.0
2004-07-18T12:00:00Z,-17.325,178.375,0.0
2004-07-18T12:00:00Z,-17.325,178.425,0.0
2004-07-18T12:00:00Z,-17.325,178.475,0.0
2004-07-18T12:00:00Z,-17.325,178.525,0.0
2004-07-18T12:00:00Z,-17.325,178.575,0.0
2004-07-18T12:00:00Z,-17.325,178.625,0.0
2004-07-18T12:00:00Z,-17.375,178.375,0.0
2004-07-18T12:00:00Z,-17.375,178.425,0.0
2004-07-18T12:00:00Z,-17.375,178.475,0.0
2004-07-18T12:00:00Z,-17.375,178.525,0.0
2004-07-18T12:00:00Z,-17.375,178.575,0.0
2004-07-18T12:00:00Z,-17.375,178.625,0.0
2004-07-18T12:00:00Z,-17.425,178.375,0.0
2004-07-18T12:00:00Z,-17.425,178.425,0.0
2004-07-18T12:00:00Z,-17.425,178.475,0.0
2004-07-18T12:00:00Z,-17.425,178.525,0.0
2004-07-18T12:00:00Z,-17.425,178.575,0.0
2004-07-18T12:00:00Z,-17.425,178.625,0.0
2004-07-18T12:00:00Z,-17.475,178.375,0.0
2004-07-18T12:00:00Z,-17.475,178.425,0.0
2004-07-18T12:00:00Z,-17.475,178.475,0.0
2004-07-18T12:00:00Z,-17.475,178.525,0.0
2004-07-18T12:00:00Z,-17.475,178.575,0.0
2004-07-18T12:00:00Z,-17.475,178.625,0.0
2004-07-18T12:00:00Z,-17.525,178.375,0.0
2004-07-18T12:00:00Z,-17.525,178.425,0.0
2004-07-18T12:00:00Z,-17.525,178.475,0.0
2004-07-18T12:00:00Z,-17.525,178.525,0.0
2004-07-18T12:00:00Z,-17.525,178.575,0.0
2004-07-18T12:00:00Z,-17.525,178.625,0.0
2004-07-18T12:00:00Z,-17.575,178.375,0.0
2004-07-18T12:00:00Z,-17.575,178.425,0.0
2004-07-18T12:00:00Z,-17.575,178.475,0.0
2004-07-18T12:00:00Z,-17.575,178.525,0.0
2004-07-18T12:00:00Z,-17.575,178.575,0.0
2004-07-18T12:00:00Z,-17.575,178.625,0.0
2004-07-18T12:00:00Z,-17.625,178.375,NaN
2004-07-18T12:00:00Z,-17.625,178.425,NaN
2004-07-18T12:00:00Z,-17.625,178.475,NaN
2004-07-18T12:00:00Z,-17.625,178.525,0.0
2004-07-18T12:00:00Z,-17.625,178.575,0.0
2004-07-18T12:00:00Z,-17.625,178.625,0.0
2004-07-18T12:00:00Z,-17.675,178.375,NaN
2004-07-18T12:00:00Z,-17.675,178.425,NaN
2004-07-18T12:00:00Z,-17.675,178.475,NaN
2004-07-18T12:00:00Z,-17.675,178.525,NaN
2004-07-18T12:00:00Z,-17.675,178.575,0.0
2004-07-18T12:00:00Z,-17.675,178.625,0.0
2004-08-17T12:00:00Z,-17.325,178.375,0.0
2004-08-17T12:00:00Z,-17.325,178.425,0.0
2004-08-17T12:00:00Z,-17.325,178.475,0.0
2004-08-17T12:00:00Z,-17.325,178.525,0.0
2004-08-17T12:00:00Z,-17.325,178.575,0.0
2004-08-17T12:00:00Z,-17.325,178.625,0.0
2004-08-17T12:00:00Z,-17.375,178.375,0.0
2004-08-17T12:00:00Z,-17.375,178.425,0.0
2004-08-17T12:00:00Z,-17.375,178.475,0.0
2004-08-17T12:00:00Z,-17.375,178.525,0.0
2004-08-17T12:00:00Z,-17.375,178.575,0.0
2004-08-17T12:00:00Z,-17.375,178.625,0.0
2004-08-17T12:00:00Z,-17.425,178.375,0.0
2004-08-17T12:00:00Z,-17.425,178.425,0.0
2004-08-17T12:00:00Z,-17.425,178.475,0.0
2004-08-17T12:00:00Z,-17.425,178.525,0.0
2004-08-17T12:00:00Z,-17.425,178.575,0.0
2004-08-17T12:00:00Z,-17.425,178.625,0.0
2004-08-17T12:00:00Z,-17.475,178.375,0.0
2004-08-17T12:00:00Z,-17.475,178.425,0.0
2004-08-17T12:00:00Z,-17.475,178.475,0.0
2004-08-17T12:00:00Z,-17.475,178.525,0.0
2004-08-17T12:00:00Z,-17.475,178.575,0.0
2004-08-17T12:00:00Z,-17.475,178.625,0.0
2004-08-17T12:00:00Z,-17.525,178.375,0.0
2004-08-17T12:00:00Z,-17.525,178.425,0.0
2004-08-17T12:00:00Z,-17.525,178.475,0.0
2004-08-17T12:00:00Z,-17.525,178.525,0.0
2004-08-17T12:00:00Z,-17.525,178.575,0.0
2004-08-17T12:00:00Z,-17.525,178.625,0.0
2004-08-17T12:00:00Z,-17.575,178.375,0.0
2004-08-17T12:00:00Z,-17.575,178.425,0.0
2004-08-17T12:00:00Z,-17.575,178.475,0.0
2004-08-17T12:00:00Z,-17.575,178.525,0.0
2004-08-17T12:00:00Z,-17.575,178.575,0.0
2004-08-17T12:00:00Z,-17.575,178.625,0.0
2004-08-17T12:00:00Z,-17.625,178.375,NaN
2004-08-17T12:00:00Z,-17.625,178.425,NaN
2004-08-17T12:00:00Z,-17.625,178.475,NaN
2004-08-17T12:00:00Z,-17.625,178.525,0.0
2004-08-17T12:00:00Z,-17.625,178.575,0.0
2004-08-17T12:00:00Z,-17.625,178.625,0.0
2004-08-17T12:00:00Z,-17.675,178.375,NaN
2004-08-17T12:00:00Z,-17.675,178.425,NaN
2004-08-17T12:00:00Z,-17.675,178.475,NaN
2004-08-17T12:00:00Z,-17.675,178.525,NaN
2004-08-17T12:00:00Z,-17.675,178.575,0.0
2004-08-17T12:00:00Z,-17.675,178.625,0.0
2004-09-16T12:00:00Z,-17.325,178.375,0.0
2004-09-16T12:00:00Z,-17.325,178.425,0.0
2004-09-16T12:00:00Z,-17.325,178.475,0.0
2004-09-16T12:00:00Z,-17.325,178.525,0.0
2004-09-16T12:00:00Z,-17.325,178.575,0.0
2004-09-16T12:00:00Z,-17.325,178.625,0.0
2004-09-16T12:00:00Z,-17.375,178.375,0.0
2004-09-16T12:00:00Z,-17.375,178.425,0.0
2004-09-16T12:00:00Z,-17.375,178.475,0.0
2004-09-16T12:00:00Z,-17.375,178.525,0.0
2004-09-16T12:00:00Z,-17.375,178.575,0.0
2004-09-16T12:00:00Z,-17.375,178.625,0.0
2004-09-16T12:00:00Z,-17.425,178.375,0.0
2004-09-16T12:00:00Z,-17.425,178.425,0.0
2004-09-16T12:00:00Z,-17.425,178.475,0.0
2004-09-16T12:00:00Z,-17.425,178.525,0.0
2004-09-16T12:00:00Z,-17.425,178.575,0.0
2004-09-16T12:00:00Z,-17.425,178.625,0.0
2004-09-16T12:00:00Z,-17.475,178.375,0.0
2004-09-16T12:00:00Z,-17.475,178.425,0.0
2004-09-16T12:00:00Z,-17.475,178.475,0.0
2004-09-16T12:00:00Z,-17.475,178.525,0.0
2004-09-16T12:00:00Z,-17.475,178.575,0.0
2004-09-16T12:00:00Z,-17.475,178.625,0.0
2004-09-16T12:00:00Z,-17.525,178.375,0.0
2004-09-16T12:00:00Z,-17.525,178.425,0.0
2004-09-16T12:00:00Z,-17.525,178.475,0.0
2004-09-16T12:00:00Z,-17.525,178.525,0.0
2004-09-16T12:00:00Z,-17.525,178.575,0.0
2004-09-16T12:00:00Z,-17.525,178.625,0.0
2004-09-16T12:00:00Z,-17.575,178.375,0.0
2004-09-16T12:00:00Z,-17.575,178.425,0.0
2004-09-16T12:00:00Z,-17.575,178.475,0.0
2004-09-16T12:00:00Z,-17.575,178.525,0.0
2004-09-16T12:00:00Z,-17.575,178.575,0.0
2004-09-16T12:00:00Z,-17.575,178.625,0.0
2004-09-16T12:00:00Z,-17.625,178.375,NaN
2004-09-16T12:00:00Z,-17.625,178.425,NaN
2004-09-16T12:00:00Z,-17.625,178.475,NaN
2004-09-16T12:00:00Z,-17.625,178.525,0.0
2004-09-16T12:00:00Z,-17.625,178.575,0.0
2004-09-16T12:00:00Z,-17.625,178.625,0.0
2004-09-16T12:00:00Z,-17.675,178.375,NaN
2004-09-16T12:00:00Z,-17.675,178.425,NaN
2004-09-16T12:00:00Z,-17.675,178.475,NaN
2004-09-16T12:00:00Z,-17.675,178.525,NaN
2004-09-16T12:00:00Z,-17.675,178.575,0.0
2004-09-16T12:00:00Z,-17.675,178.625,0.0
2004-10-16T12:00:00Z,-17.325,178.375,0.0
2004-10-16T12:00:00Z,-17.325,178.425,0.0
2004-10-16T12:00:00Z,-17.325,178.475,0.0
2004-10-16T12:00:00Z,-17.325,178.525,0.0
2004-10-16T12:00:00Z,-17.325,178.575,0.0
2004-10-16T12:00:00Z,-17.325,178.625,0.0
2004-10-16T12:00:00Z,-17.375,178.375,0.0
2004-10-16T12:00:00Z,-17.375,178.425,0.0
2004-10-16T12:00:00Z,-17.375,178.475,0.0
2004-10-16T12:00:00Z,-17.375,178.525,0.0
2004-10-16T12:00:00Z,-17.375,178.575,0.0
2004-10-16T12:00:00Z,-17.375,178.625,0.0
2004-10-16T12:00:00Z,-17.425,178.375,0.0
2004-10-16T12:00:00Z,-17.425,178.425,0.0
2004-10-16T12:00:00Z,-17.425,178.475,0.0
2004-10-16T12:00:00Z,-17.425,178.525,0.0
2004-10-16T12:00:00Z,-17.425,178.575,0.0
2004-10-16T12:00:00Z,-17.425,178.625,0.0
2004-10-16T12:00:00Z,-17.475,178.375,0.0
2004-10-16T12:00:00Z,-17.475,178.425,0.0
2004-10-16T12:00:00Z,-17.475,178.475,0.0
2004-10-16T12:00:00Z,-17.475,178.525,0.0
2004-10-16T12:00:00Z,-17.475,178.575,0.0
2004-10-16T12:00:00Z,-17.475,178.625,0.0
2004-10-16T12:00:00Z,-17.525,178.375,0.0
2004-10-16T12:00:00Z,-17.525,178.425,0.0
2004-10-16T12:00:00Z,-17.525,178.475,0.0
2004-10-16T12:00:00Z,-17.525,178.525,0.0
2004-10-16T12:00:00Z,-17.525,178.575,0.0
2004-10-16T12:00:00Z,-17.525,178.625,0.0
2004-10-16T12:00:00Z,-17.575,178.375,0.0
2004-10-16T12:00:00Z,-17.575,178.425,0.0
2004-10-16T12:00:00Z,-17.575,178.475,0.0
2004-10-16T12:00:00Z,-17.575,178.525,0.0
2004-10-16T12:00:00Z,-17.575,178.575,0.0
2004-10-16T12:00:00Z,-17.575,178.625,0.0
2004-10-16T12:00:00Z,-17.625,178.375,NaN
2004-10-16T12:00:00Z,-17.625,178.425,NaN
2004-10-16T12:00:00Z,-17.625,178.475,NaN
2004-10-16T12:00:00Z,-17.625,178.525,0.0
2004-10-16T12:00:00Z,-17.625,178.575,0.0
2004-10-16T12:00:00Z,-17.625,178.625,0.0
2004-10-16T12:00:00Z,-17.675,178.375,NaN
2004-10-16T12:00:00Z,-17.675,178.425,NaN
2004-10-16T12:00:00Z,-17.675,178.475,NaN
2004-10-16T12:00:00Z,-17.675,178.525,NaN
2004-10-16T12:00:00Z,-17.675,178.575,0.0
2004-10-16T12:00:00Z,-17.675,178.625,0.0
2004-11-15T12:00:00Z,-17.325,178.375,0.0
2004-11-15T12:00:00Z,-17.325,178.425,0.0
2004-11-15T12:00:00Z,-17.325,178.475,0.0
2004-11-15T12:00:00Z,-17.325,178.525,0.0
2004-11-15T12:00:00Z,-17.325,178.575,0.0
2004-11-15T12:00:00Z,-17.325,178.625,0.0
2004-11-15T12:00:00Z,-17.375,178.375,0.0
2004-11-15T12:00:00Z,-17.375,178.425,0.0
2004-11-15T12:00:00Z,-17.375,178.475,0.0
2004-11-15T12:00:00Z,-17.375,178.525,0.0
2004-11-15T12:00:00Z,-17.375,178.575,0.0
2004-11-15T12:00:00Z,-17.375,178.625,0.0
2004-11-15T12:00:00Z,-17.425,178.375,0.0
2004-11-15T12:00:00Z,-17.425,178.425,0.0
2004-11-15T12:00:00Z,-17.425,178.475,0.0
2004-11-15T12:00:00Z,-17.425,178.525,0.0
2004-11-15T12:00:00Z,-17.425,178.575,0.0
2004-11-15T12:00:00Z,-17.425,178.625,0.0
2004-11-15T12:00:00Z,-17.475,178.375,0.0
2004-11-15T12:00:00Z,-17.475,178.425,0.0
2004-11-15T12:00:00Z,-17.475,178.475,0.0
2004-11-15T12:00:00Z,-17.475,178.525,0.0
2004-11-15T12:00:00Z,-17.475,178.575,0.0
2004-11-15T12:00:00Z,-17.475,178.625,0.0
2004-11-15T12:00:00Z,-17.525,178.375,0.0
2004-11-15T12:00:00Z,-17.525,178.425,0.0
2004-11-15T12:00:00Z,-17.525,178.475,0.0
2004-11-15T12:00:00Z,-17.525,178.525,0.0
2004-11-15T12:00:00Z,-17.525,178.575,0.0
2004-11-15T12:00:00Z,-17.525,178.625,0.0
2004-11-15T12:00:00Z,-17.575,178.375,0.0
2004-11-15T12:00:00Z,-17.575,178.425,0.0
2004-11-15T12:00:00Z,-17.575,178.475,0.0
2004-11-15T12:00:00Z,-17.575,178.525,0.0
2004-11-15T12:00:00Z,-17.575,178.575,0.0
2004-11-15T12:00:00Z,-17.575,178.625,0.0
2004-11-15T12:00:00Z,-17.625,178.375,NaN
2004-11-15T12:00:00Z,-17.625,178.425,NaN
2004-11-15T12:00:00Z,-17.625,178.475,NaN
2004-11-15T12:00:00Z,-17.625,178.525,0.0
2004-11-15T12:00:00Z,-17.625,178.575,0.0
2004-11-15T12:00:00Z,-17.625,178.625,0.0
2004-11-15T12:00:00Z,-17.675,178.375,NaN
2004-11-15T12:00:00Z,-17.675,178.425,NaN
2004-11-15T12:00:00Z,-17.675,178.475,NaN
2004-11-15T12:00:00Z,-17.675,178.525,NaN
2004-11-15T12:00:00Z,-17.675,178.575,0.0
2004-11-15T12:00:00Z,-17.675,178.625,0.0
2004-12-15T12:00:00Z,-17.325,178.375,0.0
2004-12-15T12:00:00Z,-17.325,178.425,0.0
2004-12-15T12:00:00Z,-17.325,178.475,0.0
2004-12-15T12:00:00Z,-17.325,178.525,0.0
2004-12-15T12:00:00Z,-17.325,178.575,0.0
2004-12-15T12:00:00Z,-17.325,178.625,0.0
2004-12-15T12:00:00Z,-17.375,178.375,0.0
2004-12-15T12:00:00Z,-17.375,178.425,0.0
2004-12-15T12:00:00Z,-17.375,178.475,0.0
2004-12-15T12:00:00Z,-17.375,178.525,0.0
2004-12-15T12:00:00Z,-17.375,178.575,0.0
2004-12-15T12:00:00Z,-17.375,178.625,0.0
2004-12-15T12:00:00Z,-17.425,178.375,0.0
2004-12-15T12:00:00Z,-17.425,178.425,0.0
2004-12-15T12:00:00Z,-17.425,178.475,0.0
2004-12-15T12:00:00Z,-17.425,178.525,0.0
2004-12-15T12:00:00Z,-17.425,178.575,0.0
2004-12-15T12:00:00Z,-17.425,178.625,0.0
2004-12-15T12:00:00Z,-17.475,178.375,0.0
2004-12-15T12:00:00Z,-17.475,178.425,0.0
2004-12-15T12:00:00Z,-17.475,178.475,0.0
2004-12-15T12:00:00Z,-17.475,178.525,0.0
2004-12-15T12:00:00Z,-17.475,178.575,0.0
2004-12-15T12:00:00Z,-17.475,178.625,0.0
2004-12-15T12:00:00Z,-17.525,178.375,0.0
2004-12-15T12:00:00Z,-17.525,178.425,0.0
2004-12-15T12:00:00Z,-17.525,178.475,0.0
2004-12-15T12:00:00Z,-17.525,178.525,0.0
2004-12-15T12:00:00Z,-17.525,178.575,0.0
2004-12-15T12:00:00Z,-17.525,178.625,0.0
2004-12-15T12:00:00Z,-17.575,178.375,0.0
2004-12-15T12:00:00Z,-17.575,178.425,0.0
2004-12-15T12:00:00Z,-17.575,178.475,0.0
2004-12-15T12:00:00Z,-17.575,178.525,0.0
2004-12-15T12:00:00Z,-17.575,178.575,0.0
2004-12-15T12:00:00Z,-17.575,178.625,0.0
2004-12-15T12:00:00Z,-17.625,178.375,NaN
2004-12-15T12:00:00Z,-17.625,178.425,NaN
2004-12-15T12:00:00Z,-17.625,178.475,NaN
2004-12-15T12:00:00Z,-17.625,178.525,0.0
2004-12-15T12:00:00Z,-17.625,178.575,0.0
2004-12-15T12:00:00Z,-17.625,178.625,0.0
2004-12-15T12:00:00Z,-17.675,178.375,NaN
2004-12-15T12:00:00Z,-17.675,178.425,NaN
2004-12-15T12:00:00Z,-17.675,178.475,NaN
2004-12-15T12:00:00Z,-17.675,178.525,NaN
2004-12-15T12:00:00Z,-17.675,178.575,0.0
2004-12-15T12:00:00Z,-17.675,178.625,0.0
2005-01-14T12:00:00Z,-17.325,178.375,0.0
2005-01-14T12:00:00Z,-17.325,178.425,0.0
2005-01-14T12:00:00Z,-17.325,178.475,0.0
2005-01-14T12:00:00Z,-17.325,178.525,0.0
2005-01-14T12:00:00Z,-17.325,178.575,0.0
2005-01-14T12:00:00Z,-17.325,178.625,0.0
2005-01-14T12:00:00Z,-17.375,178.375,0.0
2005-01-14T12:00:00Z,-17.375,178.425,0.0
2005-01-14T12:00:00Z,-17.375,178.475,0.0
2005-01-14T12:00:00Z,-17.375,178.525,0.0
2005-01-14T12:00:00Z,-17.375,178.575,0.0
2005-01-14T12:00:00Z,-17.375,178.625,0.0
2005-01-14T12:00:00Z,-17.425,178.375,0.0
2005-01-14T12:00:00Z,-17.425,178.425,0.0
2005-01-14T12:00:00Z,-17.425,178.475,0.0
2005-01-14T12:00:00Z,-17.425,178.525,0.0
2005-01-14T12:00:00Z,-17.425,178.575,0.0
2005-01-14T12:00:00Z,-17.425,178.625,0.0
2005-01-14T12:00:00Z,-17.475,178.375,0.0
2005-01-14T12:00:00Z,-17.475,178.425,0.0
2005-01-14T12:00:00Z,-17.475,178.475,0.0
2005-01-14T12:00:00Z,-17.475,178.525,0.0
2005-01-14T12:00:00Z,-17.475,178.575,0.0
2005-01-14T12:00:00Z,-17.475,178.625,0.0
2005-01-14T12:00:00Z,-17.525,178.375,0.0
2005-01-14T12:00:00Z,-17.525,178.425,0.0
2005-01-14T12:00:00Z,-17.525,178.475,0.0
2005-01-14T12:00:00Z,-17.525,178.525,0.0
2005-01-14T12:00:00Z,-17.525,178.575,0.0
2005-01-14T12:00:00Z,-17.525,178.625,0.0
2005-01-14T12:00:00Z,-17.575,178.375,0.0
2005-01-14T12:00:00Z,-17.575,178.425,0.0
2005-01-14T12:00:00Z,-17.575,178.475,0.0
2005-01-14T12:00:00Z,-17.575,178.525,0.0
2005-01-14T12:00:00Z,-17.575,178.575,0.0
2005-01-14T12:00:00Z,-17.575,178.625,0.0
2005-01-14T12:00:00Z,-17.625,178.375,NaN
2005-01-14T12:00:00Z,-17.625,178.425,NaN
2005-01-14T12:00:00Z,-17.625,178.475,NaN
2005-01-14T12:00:00Z,-17.625,178.525,0.0
2005-01-14T12:00:00Z,-17.625,178.575,0.0
2005-01-14T12:00:00Z,-17.625,178.625,0.0
2005-01-14T12:00:00Z,-17.675,178.375,NaN
2005-01-14T12:00:00Z,-17.675,178.425,NaN
2005-01-14T12:00:00Z,-17.675,178.475,NaN
2005-01-14T12:00:00Z,-17.675,178.525,NaN
2005-01-14T12:00:00Z,-17.675,178.575,0.0
2005-01-14T12:00:00Z,-17.675,178.625,0.0
2005-02-13T12:00:00Z,-17.325,178.375,2.63
2005-02-13T12:00:00Z,-17.325,178.425,2.57
2005-02-13T12:00:00Z,-17.325,178.475,2.52
2005-02-13T12:00:00Z,-17.325,178.525,2.34
2005-02-13T12:00:00Z,-17.325,178.575,2.0300000000000002
2005-02-13T12:00:00Z,-17.325,178.625,2.0
2005-02-13T12:00:00Z,-17.375,178.375,2.6
2005-02-13T12:00:00Z,-17.375,178.425,2.5300000000000002
2005-02-13T12:00:00Z,-17.375,178.475,2.48
2005-02-13T12:00:00Z,-17.375,178.525,2.18
2005-02-13T12:00:00Z,-17.375,178.575,2.15
2005-02-13T12:00:00Z,-17.375,178.625,2.13
2005-02-13T12:00:00Z,-17.425,178.375,2.5500000000000003
2005-02-13T12:00:00Z,-17.425,178.425,2.48
2005-02-13T12:00:00Z,-17.425,178.475,2.3000000000000003
2005-02-13T12:00:00Z,-17.425,178.525,2.13
2005-02-13T12:00:00Z,-17.425,178.575,2.14
2005-02-13T12:00:00Z,-17.425,178.625,2.14
2005-02-13T12:00:00Z,-17.475,178.375,2.5300000000000002
2005-02-13T12:00:00Z,-17.475,178.425,2.35
2005-02-13T12:00:00Z,-17.475,178.475,2.16
2005-02-13T12:00:00Z,-17.475,178.525,2.2800000000000002
2005-02-13T12:00:00Z,-17.475,178.575,2.29
2005-02-13T12:00:00Z,-17.475,178.625,2.2800000000000002
2005-02-13T12:00:00Z,-17.525,178.375,2.2600000000000002
2005-02-13T12:00:00Z,-17.525,178.425,2.36
2005-02-13T12:00:00Z,-17.525,178.475,2.32
2005-02-13T12:00:00Z,-17.525,178.525,2.33
2005-02-13T12:00:00Z,-17.525,178.575,2.32
2005-02-13T12:00:00Z,-17.525,178.625,2.32
2005-02-13T12:00:00Z,-17.575,178.375,2.27
2005-02-13T12:00:00Z,-17.575,178.425,2.37
2005-02-13T12:00:00Z,-17.575,178.475,2.35
2005-02-13T12:00:00Z,-17.575,178.525,2.36
2005-02-13T12:00:00Z,-17.575,178.575,2.37
2005-02-13T12:00:00Z,-17.575,178.625,2.5100000000000002
2005-02-13T12:00:00Z,-17.625,178.375,NaN
2005-02-13T12:00:00Z,-17.625,178.425,NaN
2005-02-13T12:00:00Z,-17.625,178.475,NaN
2005-02-13T12:00:00Z,-17.625,178.525,2.4
2005-02-13T12:00:00Z,-17.625,178.575,2.4
2005-02-13T12:00:00Z,-17.625,178.625,2.5500000000000003
2005-02-13T12:00:00Z,-17.675,178.375,NaN
2005-02-13T12:00:00Z,-17.675,178.425,NaN
2005-02-13T12:00:00Z,-17.675,178.475,NaN
2005-02-13T12:00:00Z,-17.675,178.525,NaN
2005-02-13T12:00:00Z,-17.675,178.575,2.57
2005-02-13T12:00:00Z,-17.675,178.625,2.71
2005-03-15T12:00:00Z,-17.325,178.375,3.25
2005-03-15T12:00:00Z,-17.325,178.425,2.88
2005-03-15T12:00:00Z,-17.325,178.475,2.68
2005-03-15T12:00:00Z,-17.325,178.525,2.49
2005-03-15T12:00:00Z,-17.325,178.575,2.32
2005-03-15T12:00:00Z,-17.325,178.625,2.2800000000000002
2005-03-15T12:00:00Z,-17.375,178.375,3.22
2005-03-15T12:00:00Z,-17.375,178.425,2.99
2005-03-15T12:00:00Z,-17.375,178.475,2.79
2005-03-15T12:00:00Z,-17.375,178.525,2.34
2005-03-15T12:00:00Z,-17.375,178.575,2.45
2005-03-15T12:00:00Z,-17.375,178.625,2.43
2005-03-15T12:00:00Z,-17.425,178.375,3.18
2005-03-15T12:00:00Z,-17.425,178.425,3.09
2005-03-15T12:00:00Z,-17.425,178.475,2.7600000000000002
2005-03-15T12:00:00Z,-17.425,178.525,2.29
2005-03-15T12:00:00Z,-17.425,178.575,2.45
2005-03-15T12:00:00Z,-17.425,178.625,2.44
2005-03-15T12:00:00Z,-17.475,178.375,3.17
2005-03-15T12:00:00Z,-17.475,178.425,2.97
2005-03-15T12:00:00Z,-17.475,178.475,2.77
2005-03-15T12:00:00Z,-17.475,178.525,2.88
2005-03-15T12:00:00Z,-17.475,178.575,2.9
2005-03-15T12:00:00Z,-17.475,178.625,2.75
2005-03-15T12:00:00Z,-17.525,178.375,2.9
2005-03-15T12:00:00Z,-17.525,178.425,2.99
2005-03-15T12:00:00Z,-17.525,178.475,2.95
2005-03-15T12:00:00Z,-17.525,178.525,2.95
2005-03-15T12:00:00Z,-17.525,178.575,2.94
2005-03-15T12:00:00Z,-17.525,178.625,2.95
2005-03-15T12:00:00Z,-17.575,178.375,3.0700000000000003
2005-03-15T12:00:00Z,-17.575,178.425,3.0
2005-03-15T12:00:00Z,-17.575,178.475,2.97
2005-03-15T12:00:00Z,-17.575,178.525,3.0
2005-03-15T12:00:00Z,-17.575,178.575,3.0100000000000002
2005-03-15T12:00:00Z,-17.575,178.625,3.15
2005-03-15T12:00:00Z,-17.625,178.375,NaN
2005-03-15T12:00:00Z,-17.625,178.425,NaN
2005-03-15T12:00:00Z,-17.625,178.475,NaN
2005-03-15T12:00:00Z,-17.625,178.525,3.04
2005-03-15T12:00:00Z,-17.625,178.575,3.06
2005-03-15T12:00:00Z,-17.625,178.625,3.21
2005-03-15T12:00:00Z,-17.675,178.375,NaN
2005-03-15T12:00:00Z,-17.675,178.425,NaN
2005-03-15T12:00:00Z,-17.675,178.475,NaN
2005-03-15T12:00:00Z,-17.675,178.525,NaN
2005-03-15T12:00:00Z,-17.675,178.575,3.22
2005-03-15T12:00:00Z,-17.675,178.625,3.36
2005-04-14T12:00:00Z,-17.325,178.375,3.39
2005-04-14T12:00:00Z,-17.325,178.425,3.0300000000000002
2005-04-14T12:00:00Z,-17.325,178.475,2.82
2005-04-14T12:00:00Z,-17.325,178.525,2.64
2005-04-14T12:00:00Z,-17.325,178.575,2.32
2005-04-14T12:00:00Z,-17.325,178.625,2.2800000000000002
2005-04-14T12:00:00Z,-17.375,178.375,3.22
2005-04-14T12:00:00Z,-17.375,178.425,2.99
2005-04-14T12:00:00Z,-17.375,178.475,2.79
2005-04-14T12:00:00Z,-17.375,178.525,2.34
2005-04-14T12:00:00Z,-17.375,178.575,2.45
2005-04-14T12:00:00Z,-17.375,178.625,2.43
2005-04-14T12:00:00Z,-17.425,178.375,3.18
2005-04-14T12:00:00Z,-17.425,178.425,3.09
2005-04-14T12:00:00Z,-17.425,178.475,2.7600000000000002
2005-04-14T12:00:00Z,-17.425,178.525,2.29
2005-04-14T12:00:00Z,-17.425,178.575,2.45
2005-04-14T12:00:00Z,-17.425,178.625,2.44
2005-04-14T12:00:00Z,-17.475,178.375,3.17
2005-04-14T12:00:00Z,-17.475,178.425,2.97
2005-04-14T12:00:00Z,-17.475,178.475,2.77
2005-04-14T12:00:00Z,-17.475,178.525,2.88
2005-04-14T12:00:00Z,-17.475,178.575,2.9
2005-04-14T12:00:00Z,-17.475,178.625,2.75
2005-04-14T12:00:00Z,-17.525,178.375,2.9
2005-04-14T12:00:00Z,-17.525,178.425,2.99
2005-04-14T12:00:00Z,-17.525,178.475,2.95
2005-04-14T12:00:00Z,-17.525,178.525,2.95
2005-04-14T12:00:00Z,-17.525,178.575,2.94
2005-04-14T12:00:00Z,-17.525,178.625,2.95
2005-04-14T12:00:00Z,-17.575,178.375,3.0700000000000003
2005-04-14T12:00:00Z,-17.575,178.425,3.0
2005-04-14T12:00:00Z,-17.575,178.475,2.97
2005-04-14T12:00:00Z,-17.575,178.525,3.0
2005-04-14T12:00:00Z,-17.575,178.575,3.0100000000000002
2005-04-14T12:00:00Z,-17.575,178.625,3.15
2005-04-14T12:00:00Z,-17.625,178.375,NaN
2005-04-14T12:00:00Z,-17.625,178.425,NaN
2005-04-14T12:00:00Z,-17.625,178.475,NaN
2005-04-14T12:00:00Z,-17.625,178.525,3.04
2005-04-14T12:00:00Z,-17.625,178.575,3.06
2005-04-14T12:00:00Z,-17.625,178.625,3.21
2005-04-14T12:00:00Z,-17.675,178.375,NaN
2005-04-14T12:00:00Z,-17.675,178.425,NaN
2005-04-14T12:00:00Z,-17.675,178.475,NaN
2005-04-14T12:00:00Z,-17.675,178.525,NaN
2005-04-14T12:00:00Z,-17.675,178.575,3.22
2005-04-14T12:00:00Z,-17.675,178.625,3.36
2005-05-14T12:00:00Z,-17.325,178.375,0.29
2005-05-14T12:00:00Z,-17.325,178.425,0.15
2005-05-14T12:00:00Z,-17.325,178.475,0.15
2005-05-14T12:00:00Z,-17.325,178.525,0.14
2005-05-14T12:00:00Z,-17.325,178.575,0.0
2005-05-14T12:00:00Z,-17.325,178.625,0.0
2005-05-14T12:00:00Z,-17.375,178.375,0.0
2005-05-14T12:00:00Z,-17.375,178.425,0.0
2005-05-14T12:00:00Z,-17.375,178.475,0.0
2005-05-14T12:00:00Z,-17.375,178.525,0.0
2005-05-14T12:00:00Z,-17.375,178.575,0.0
2005-05-14T12:00:00Z,-17.375,178.625,0.0
2005-05-14T12:00:00Z,-17.425,178.375,0.0
2005-05-14T12:00:00Z,-17.425,178.425,0.0
2005-05-14T12:00:00Z,-17.425,178.475,0.0
2005-05-14T12:00:00Z,-17.425,178.525,0.0
2005-05-14T12:00:00Z,-17.425,178.575,0.0
2005-05-14T12:00:00Z,-17.425,178.625,0.0
2005-05-14T12:00:00Z,-17.475,178.375,0.0
2005-05-14T12:00:00Z,-17.475,178.425,0.0
2005-05-14T12:00:00Z,-17.475,178.475,0.0
2005-05-14T12:00:00Z,-17.475,178.525,0.0
2005-05-14T12:00:00Z,-17.475,178.575,0.0
2005-05-14T12:00:00Z,-17.475,178.625,0.0
2005-05-14T12:00:00Z,-17.525,178.375,0.0
2005-05-14T12:00:00Z,-17.525,178.425,0.0
2005-05-14T12:00:00Z,-17.525,178.475,0.0
2005-05-14T12:00:00Z,-17.525,178.525,0.0
2005-05-14T12:00:00Z,-17.525,178.575,0.0
2005-05-14T12:00:00Z,-17.525,178.625,0.0
2005-05-14T12:00:00Z,-17.575,178.375,0.0
2005-05-14T12:00:00Z,-17.575,178.425,0.0
2005-05-14T12:00:00Z,-17.575,178.475,0.0
2005-05-14T12:00:00Z,-17.575,178.525,0.0
2005-05-14T12:00:00Z,-17.575,178.575,0.0
2005-05-14T12:00:00Z,-17.575,178.625,0.0
2005-05-14T12:00:00Z,-17.625,178.375,NaN
2005-05-14T12:00:00Z,-17.625,178.425,NaN
2005-05-14T12:00:00Z,-17.625,178.475,NaN
2005-05-14T12:00:00Z,-17.625,178.525,0.0
2005-05-14T12:00:00Z,-17.625,178.575,0.0
2005-05-14T12:00:00Z,-17.625,178.625,0.0
2005-05-14T12:00:00Z,-17.675,178.375,NaN
2005-05-14T12:00:00Z,-17.675,178.425,NaN
2005-05-14T12:00:00Z,-17.675,178.475,NaN
2005-05-14T12:00:00Z,-17.675,178.525,NaN
2005-05-14T12:00:00Z,-17.675,178.575,0.0
2005-05-14T12:00:00Z,-17.675,178.625,0.0
2005-06-13T12:00:00Z,-17.325,178.375,0.14
2005-06-13T12:00:00Z,-17.325,178.425,0.15
2005-06-13T12:00:00Z,-17.325,178.475,0.15
2005-06-13T12:00:00Z,-17.325,178.525,0.14
2005-06-13T12:00:00Z,-17.325,178.575,0.0
2005-06-13T12:00:00Z,-17.325,178.625,0.0
2005-06-13T12:00:00Z,-17.375,178.375,0.0
2005-06-13T12:00:00Z,-17.375,178.425,0.0
2005-06-13T12:00:00Z,-17.375,178.475,0.0
2005-06-13T12:00:00Z,-17.375,178.525,0.0
2005-06-13T12:00:00Z,-17.375,178.575,0.0
2005-06-13T12:00:00Z,-17.375,178.625,0.0
2005-06-13T12:00:00Z,-17.425,178.375,0.0
2005-06-13T12:00:00Z,-17.425,178.425,0.0
2005-06-13T12:00:00Z,-17.425,178.475,0.0
2005-06-13T12:00:00Z,-17.425,178.525,0.0
2005-06-13T12:00:00Z,-17.425,178.575,0.0
2005-06-13T12:00:00Z,-17.425,178.625,0.0
2005-06-13T12:00:00Z,-17.475,178.375,0.0
2005-06-13T12:00:00Z,-17.475,178.425,0.0
2005-06-13T12:00:00Z,-17.475,178.475,0.0
2005-06-13T12:00:00Z,-17.475,178.525,0.0
2005-06-13T12:00:00Z,-17.475,178.575,0.0
2005-06-13T12:00:00Z,-17.475,178.625,0.0
2005-06-13T12:00:00Z,-17.525,178.375,0.0
2005-06-13T12:00:00Z,-17.525,178.425,0.0
2005-06-13T12:00:00Z,-17.525,178.475,0.0
2005-06-13T12:00:00Z,-17.525,178.525,0.0
2005-06-13T12:00:00Z,-17.525,178.575,0.0
2005-06-13T12:00:00Z,-17.525,178.625,0.0
2005-06-13T12:00:00Z,-17.575,178.375,0.0
2005-06-13T12:00:00Z,-17.575,178.425,0.0
2005-06-13T12:00:00Z,-17.575,178.475,0.0
2005-06-13T12:00:00Z,-17.575,178.525,0.0
2005-06-13T12:00:00Z,-17.575,178.575,0.0
2005-06-13T12:00:00Z,-17.575,178.625,0.0
2005-06-13T12:00:00Z,-17.625,178.375,NaN
2005-06-13T12:00:00Z,-17.625,178.425,NaN
2005-06-13T12:00:00Z,-17.625,178.475,NaN
2005-06-13T12:00:00Z,-17.625,178.525,0.0
2005-06-13T12:00:00Z,-17.625,178.575,0.0
2005-06-13T12:00:00Z,-17.625,178.625,0.0
2005-06-13T12:00:00Z,-17.675,178.375,NaN
2005-06-13T12:00:00Z,-17.675,178.425,NaN
2005-06-13T12:00:00Z,-17.675,178.475,NaN
2005-06-13T12:00:00Z,-17.675,178.525,NaN
2005-06-13T12:00:00Z,-17.675,178.575,0.0
2005-06-13T12:00:00Z,-17.675,178.625,0.0
2005-07-13T12:00:00Z,-17.325,178.375,0.0
2005-07-13T12:00:00Z,-17.325,178.425,0.0
2005-07-13T12:00:00Z,-17.325,178.475,0.0
2005-07-13T12:00:00Z,-17.325,178.525,0.0
2005-07-13T12:00:00Z,-17.325,178.575,0.0
2005-07-13T12:00:00Z,-17.325,178.625,0.0
2005-07-13T12:00:00Z,-17.375,178.375,0.0
2005-07-13T12:00:00Z,-17.375,178.425,0.0
2005-07-13T12:00:00Z,-17.375,178.475,0.0
2005-07-13T12:00:00Z,-17.375,178.525,0.0
2005-07-13T12:00:00Z,-17.375,178.575,0.0
2005-07-13T12:00:00Z,-17.375,178.625,0.0
2005-07-13T12:00:00Z,-17.425,178.375,0.0
2005-07-13T12:00:00Z,-17.425,178.425,0.0
2005-07-13T12:00:00Z,-17.425,178.475,0.0
2005-07-13T12:00:00Z,-17.425,178.525,0.0
2005-07-13T12:00:00Z,-17.425,178.575,0.0
2005-07-13T12:00:00Z,-17.425,178.625,0.0
2005-07-13T12:00:00Z,-17.475,178.375,0.0
2005-07-13T12:00:00Z,-17.475,178.425,0.0
2005-07-13T12:00:00Z,-17.475,178.475,0.0
2005-07-13T12:00:00Z,-17.475,178.525,0.0
2005-07-13T12:00:00Z,-17.475,178.575,0.0
2005-07-13T12:00:00Z,-17.475,178.625,0.0
2005-07-13T12:00:00Z,-17.525,178.375,0.0
2005-07-13T12:00:00Z,-17.525,178.425,0.0
2005-07-13T12:00:00Z,-17.525,178.475,0.0
2005-07-13T12:00:00Z,-17.525,178.525,0.0
2005-07-13T12:00:00Z,-17.525,178.575,0.0
2005-07-13T12:00:00Z,-17.525,178.625,0.0
2005-07-13T12:00:00Z,-17.575,178.375,0.0
2005-07-13T12:00:00Z,-17.575,178.425,0.0
2005-07-13T12:00:00Z,-17.575,178.475,0.0
2005-07-13T12:00:00Z,-17.575,178.525,0.0
2005-07-13T12:00:00Z,-17.575,178.575,0.0
2005-07-13T12:00:00Z,-17.575,178.625,0.0
2005-07-13T12:00:00Z,-17.625,178.375,NaN
2005-07-13T12:00:00Z,-17.625,178.425,NaN
2005-07-13T12:00:00Z,-17.625,178.475,NaN
2005-07-13T12:00:00Z,-17.625,178.525,0.0
2005-07-13T12:00:00Z,-17.625,178.575,0.0
2005-07-13T12:00:00Z,-17.625,178.625,0.0
2005-07-13T12:00:00Z,-17.675,178.375,NaN
2005-07-13T12:00:00Z,-17.675,178.425,NaN
2005-07-13T12:00:00Z,-17.675,178.475,NaN
2005-07-13T12:00:00Z,-17.675,178.525,NaN
2005-07-13T12:00:00Z,-17.675,178.575,0.0
2005-07-13T12:00:00Z,-17.675,178.625,0.0
2005-08-12T12:00:00Z,-17.325,178.375,0.0
2005-08-12T12:00:00Z,-17.325,178.425,0.0
2005-08-12T12:00:00Z,-17.325,178.475,0.0
2005-08-12T12:00:00Z,-17.325,178.525,0.0
2005-08-12T12:00:00Z,-17.325,178.575,0.0
2005-08-12T12:00:00Z,-17.325,178.625,0.0
2005-08-12T12:00:00Z,-17.375,178.375,0.0
2005-08-12T12:00:00Z,-17.375,178.425,0.0
2005-08-12T12:00:00Z,-17.375,178.475,0.0
2005-08-12T12:00:00Z,-17.375,178.525,0.0
2005-08-12T12:00:00Z,-17.375,178.575,0.0
2005-08-12T12:00:00Z,-17.375,178.625,0.0
2005-08-12T12:00:00Z,-17.425,178.375,0.0
2005-08-12T12:00:00Z,-17.425,178.425,0.0
2005-08-12T12:00:00Z,-17.425,178.475,0.0
2005-08-12T12:00:00Z,-17.425,178.525,0.0
2005-08-12T12:00:00Z,-17.425,178.575,0.0
2005-08-12T12:00:00Z,-17.425,178.625,0.0
2005-08-12T12:00:00Z,-17.475,178.375,0.0
2005-08-12T12:00:00Z,-17.475,178.425,0.0
2005-08-12T12:00:00Z,-17.475,178.475,0.0
2005-08-12T12:00:00Z,-17.475,178.525,0.0
2005-08-12T12:00:00Z,-17.475,178.575,0.0
2005-08-12T12:00:00Z,-17.475,178.625,0.0
2005-08-12T12:00:00Z,-17.525,178.375,0.0
2005-08-12T12:00:00Z,-17.525,178.425,0.0
2005-08-12T12:00:00Z,-17.525,178.475,0.0
2005-08-12T12:00:00Z,-17.525,178.525,0.0
2005-08-12T12:00:00Z,-17.525,178.575,0.0
2005-08-12T12:00:00Z,-17.525,178.625,0.0
2005-08-12T12:00:00Z,-17.575,178.375,0.0
2005-08-12T12:00:00Z,-17.575,178.425,0.0
2005-08-12T12:00:00Z,-17.575,178.475,0.0
2005-08-12T12:00:00Z,-17.575,178.525,0.0
2005-08-12T12:00:00Z,-17.575,178.575,0.0
2005-08-12T12:00:00Z,-17.575,178.625,0.0
2005-08-12T12:00:00Z,-17.625,178.375,NaN
2005-08-12T12:00:00Z,-17.625,178.425,NaN
2005-08-12T12:00:00Z,-17.625,178.475,NaN
2005-08-12T12:00:00Z,-17.625,178.525,0.0
2005-08-12T12:00:00Z,-17.625,178.575,0.0
2005-08-12T12:00:00Z,-17.625,178.625,0.0
2005-08-12T12:00:00Z,-17.675,178.375,NaN
2005-08-12T12:00:00Z,-17.675,178.425,NaN
2005-08-12T12:00:00Z,-17.675,178.475,NaN
2005-08-12T12:00:00Z,-17.675,178.525,NaN
2005-08-12T12:00:00Z,-17.675,178.575,0.0
2005-08-12T12:00:00Z,-17.675,178.625,0.0
2005-09-11T12:00:00Z,-17.325,178.375,0.0
2005-09-11T12:00:00Z,-17.325,178.425,0.0
2005-09-11T12:00:00Z,-17.325,178.475,0.0
2005-09-11T12:00:00Z,-17.325,178.525,0.0
2005-09-11T12:00:00Z,-17.325,178.575,0.0
2005-09-11T12:00:00Z,-17.325,178.625,0.0
2005-09-11T12:00:00Z,-17.375,178.375,0.0
2005-09-11T12:00:00Z,-17.375,178.425,0.0
2005-09-11T12:00:00Z,-17.375,178.475,0.0
2005-09-11T12:00:00Z,-17.375,178.525,0.0
2005-09-11T12:00:00Z,-17.375,178.575,0.0
2005-09-11T12:00:00Z,-17.375,178.625,0.0
2005-09-11T12:00:00Z,-17.425,178.375,0.0
2005-09-11T12:00:00Z,-17.425,178.425,0.0
2005-09-11T12:00:00Z,-17.425,178.475,0.0
2005-09-11T12:00:00Z,-17.425,178.525,0.0
2005-09-11T12:00:00Z,-17.425,178.575,0.0
2005-09-11T12:00:00Z,-17.425,178.625,0.0
2005-09-11T12:00:00Z,-17.475,178.375,0.0
2005-09-11T12:00:00Z,-17.475,178.425,0.0
2005-09-11T12:00:00Z,-17.475,178.475,0.0
2005-09-11T12:00:00Z,-17.475,178.525,0.0
2005-09-11T12:00:00Z,-17.475,178.575,0.0
2005-09-11T12:00:00Z,-17.475,178.625,0.0
2005-09-11T12:00:00Z,-17.525,178.375,0.0
2005-09-11T12:00:00Z,-17.525,178.425,0.0
2005-09-11T12:00:00Z,-17.525,178.475,0.0
2005-09-11T12:00:00Z,-17.525,178.525,0.0
2005-09-11T12:00:00Z,-17.525,178.575,0.0
2005-09-11T12:00:00Z,-17.525,178.625,0.0
2005-09-11T12:00:00Z,-17.575,178.375,0.0
2005-09-11T12:00:00Z,-17.575,178.425,0.0
2005-09-11T12:00:00Z,-17.575,178.475,0.0
2005-09-11T12:00:00Z,-17.575,178.525,0.0
2005-09-11T12:00:00Z,-17.575,178.575,0.0
2005-09-11T12:00:00Z,-17.575,178.625,0.0
2005-09-11T12:00:00Z,-17.625,178.375,NaN
2005-09-11T12:00:00Z,-17.625,178.425,NaN
2005-09-11T12:00:00Z,-17.625,178.475,NaN
2005-09-11T12:00:00Z,-17.625,178.525,0.0
2005-09-11T12:00:00Z,-17.625,178.575,0.0
2005-09-11T12:00:00Z,-17.625,178.625,0.0
2005-09-11T12:00:00Z,-17.675,178.375,NaN
2005-09-11T12:00:00Z,-17.675,178.425,NaN
2005-09-11T12:00:00Z,-17.675,178.475,NaN
2005-09-11T12:00:00Z,-17.675,178.525,NaN
2005-09-11T12:00:00Z,-17.675,178.575,0.0
2005-09-11T12:00:00Z,-17.675,178.625,0.0
2005-10-11T12:00:00Z,-17.325,178.375,0.0
2005-10-11T12:00:00Z,-17.325,178.425,0.0
2005-10-11T12:00:00Z,-17.325,178.475,0.0
2005-10-11T12:00:00Z,-17.325,178.525,0.0
2005-10-11T12:00:00Z,-17.325,178.575,0.0
2005-10-11T12:00:00Z,-17.325,178.625,0.0
2005-10-11T12:00:00Z,-17.375,178.375,0.0
2005-10-11T12:00:00Z,-17.375,178.425,0.0
2005-10-11T12:00:00Z,-17.375,178.475,0.0
2005-10-11T12:00:00Z,-17.375,178.525,0.0
2005-10-11T12:00:00Z,-17.375,178.575,0.0
2005-10-11T12:00:00Z,-17.375,178.625,0.0
2005-10-11T12:00:00Z,-17.425,178.375,0.0
2005-10-11T12:00:00Z,-17.425,178.425,0.0
2005-10-11T12:00:00Z,-17.425,178.475,0.0
2005-10-11T12:00:00Z,-17.425,178.525,0.0
2005-10-11T12:00:00Z,-17.425,178.575,0.0
2005-10-11T12:00:00Z,-17.425,178.625,0.0
2005-10-11T12:00:00Z,-17.475,178.375,0.0
2005-10-11T12:00:00Z,-17.475,178.425,0.0
2005-10-11T12:00:00Z,-17.475,178.475,0.0
2005-10-11T12:00:00Z,-17.475,178.525,0.0
2005-10-11T12:00:00Z,-17.475,178.575,0.0
2005-10-11T12:00:00Z,-17.475,178.625,0.0
2005-10-11T12:00:00Z,-17.525,178.375,0.0
2005-10-11T12:00:00Z,-17.525,178.425,0.0
2005-10-11T12:00:00Z,-17.525,178.475,0.0
2005-10-11T12:00:00Z,-17.525,178.525,0.0
2005-10-11T12:00:00Z,-17.525,178.575,0.0
2005-10-11T12:00:00Z,-17.525,178.625,0.0
2005-10-11T12:00:00Z,-17.575,178.375,0.0
2005-10-11T12:00:00Z,-17.575,178.425,0.0
2005-10-11T12:00:00Z,-17.575,178.475,0.0
2005-10-11T12:00:00Z,-17.575,178.525,0.0
2005-10-11T12:00:00Z,-17.575,178.575,0.0
2005-10-11T12:00:00Z,-17.575,178.625,0.0
2005-10-11T12:00:00Z,-17.625,178.375,NaN
2005-10-11T12:00:00Z,-17.625,178.425,NaN
2005-10-11T12:00:00Z,-17.625,178.475,NaN
2005-10-11T12:00:00Z,-17.625,178.525,0.0
2005-10-11T12:00:00Z,-17.625,178.575,0.0
2005-10-11T12:00:00Z,-17.625,178.625,0.0
2005-10-11T12:00:00Z,-17.675,178.375,NaN
2005-10-11T12:00:00Z,-17.675,178.425,NaN
2005-10-11T12:00:00Z,-17.675,178.475,NaN
2005-10-11T12:00:00Z,-17.675,178.525,NaN
2005-10-11T12:00:00Z,-17.675,178.575,0.0
2005-10-11T12:00:00Z,-17.675,178.625,0.0
2005-11-10T12:00:00Z,-17.325,178.375,0.0
2005-11-10T12:00:00Z,-17.325,178.425,0.0
2005-11-10T12:00:00Z,-17.325,178.475,0.0
2005-11-10T12:00:00Z,-17.325,178.525,0.0
2005-11-10T12:00:00Z,-17.325,178.575,0.0
2005-11-10T12:00:00Z,-17.325,178.625,0.0
2005-11-10T12:00:00Z,-17.375,178.375,0.0
2005-11-10T12:00:00Z,-17.375,178.425,0.0
2005-11-10T12:00:00Z,-17.375,178.475,0.0
2005-11-10T12:00:00Z,-17.375,178.525,0.0
2005-11-10T12:00:00Z,-17.375,178.575,0.0
2005-11-10T12:00:00Z,-17.375,178.625,0.0
2005-11-10T12:00:00Z,-17.425,178.375,0.0
2005-11-10T12:00:00Z,-17.425,178.425,0.0
2005-11-10T12:00:00Z,-17.425,178.475,0.0
2005-11-10T12:00:00Z,-17.425,178.525,0.0
2005-11-10T12:00:00Z,-17.425,178.575,0.0
2005-11-10T12:00:00Z,-17.425,178.625,0.0
2005-11-10T12:00:00Z,-17.475,178.375,0.0
2005-11-10T12:00:00Z,-17.475,178.425,0.0
2005-11-10T12:00:00Z,-17.475,178.475,0.0
2005-11-10T12:00:00Z,-17.475,178.525,0.0
2005-11-10T12:00:00Z,-17.475,178.575,0.0
2005-11-10T12:00:00Z,-17.475,178.625,0.0
2005-11-10T12:00:00Z,-17.525,178.375,0.0
2005-11-10T12:00:00Z,-17.525,178.425,0.0
2005-11-10T12:00:00Z,-17.525,178.475,0.0
2005-11-10T12:00:00Z,-17.525,178.525,0.0
2005-11-10T12:00:00Z,-17.525,178.575,0.0
2005-11-10T12:00:00Z,-17.525,178.625,0.0
2005-11-10T12:00:00Z,-17.575,178.375,0.0
2005-11-10T12:00:00Z,-17.575,178.425,0.0
2005-11-10T12:00:00Z,-17.575,178.475,0.0
2005-11-10T12:00:00Z,-17.575,178.525,0.0
2005-11-10T12:00:00Z,-17.575,178.575,0.0
2005-11-10T12:00:00Z,-17.575,178.625,0.0
2005-11-10T12:00:00Z,-17.625,178.375,NaN
2005-11-10T12:00:00Z,-17.625,178.425,NaN
2005-11-10T12:00:00Z,-17.625,178.475,NaN
2005-11-10T12:00:00Z,-17.625,178.525,0.0
2005-11-10T12:00:00Z,-17.625,178.575,0.0
2005-11-10T12:00:00Z,-17.625,178.625,0.0
2005-11-10T12:00:00Z,-17.675,178.375,NaN
2005-11-10T12:00:00Z,-17.675,178.425,NaN
2005-11-10T12:00:00Z,-17.675,178.475,NaN
2005-11-10T12:00:00Z,-17.675,178.525,NaN
2005-11-10T12:00:00Z,-17.675,178.575,0.0
2005-11-10T12:00:00Z,-17.675,178.625,0.0
2005-12-10T12:00:00Z,-17.325,178.375,0.0
2005-12-10T12:00:00Z,-17.325,178.425,0.0
2005-12-10T12:00:00Z,-17.325,178.475,0.0
2005-12-10T12:00:00Z,-17.325,178.525,0.0
2005-12-10T12:00:00Z,-17.325,178.575,0.0
2005-12-10T12:00:00Z,-17.325,178.625,0.0
2005-12-10T12:00:00Z,-17.375,178.375,0.0
2005-12-10T12:00:00Z,-17.375,178.425,0.0
2005-12-10T12:00:00Z,-17.375,178.475,0.0
2005-12-10T12:00:00Z,-17.375,178.525,0.0
2005-12-10T12:00:00Z,-17.375,178.575,0.0
2005-12-10T12:00:00Z,-17.375,178.625,0.0
2005-12-10T12:00:00Z,-17.425,178.375,0.0
2005-12-10T12:00:00Z,-17.425,178.425,0.0
2005-12-10T12:00:00Z,-17.425,178.475,0.0
2005-12-10T12:00:00Z,-17.425,178.525,0.0
2005-12-10T12:00:00Z,-17.425,178.575,0.0
2005-12-10T12:00:00Z,-17.425,178.625,0.0
2005-12-10T12:00:00Z,-17.475,178.375,0.0
2005-12-10T12:00:00Z,-17.475,178.425,0.0
2005-12-10T12:00:00Z,-17.475,178.475,0.0
2005-12-10T12:00:00Z,-17.475,178.525,0.0
2005-12-10T12:00:00Z,-17.475,178.575,0.0
2005-12-10T12:00:00Z,-17.475,178.625,0.0
2005-12-10T12:00:00Z,-17.525,178.375,0.0
2005-12-10T12:00:00Z,-17.525,178.425,0.0
2005-12-10T12:00:00Z,-17.525,178.475,0.0
2005-12-10T12:00:00Z,-17.525,178.525,0.0
2005-12-10T12:00:00Z,-17.525,178.575,0.0
2005-12-10T12:00:00Z,-17.525,178.625,0.0
2005-12-10T12:00:00Z,-17.575,178.375,0.0
2005-12-10T12:00:00Z,-17.575,178.425,0.0
2005-12-10T12:00:00Z,-17.575,178.475,0.0
2005-12-10T12:00:00Z,-17.575,178.525,0.0
2005-12-10T12:00:00Z,-17.575,178.575,0.0
2005-12-10T12:00:00Z,-17.575,178.625,0.0
2005-12-10T12:00:00Z,-17.625,178.375,NaN
2005-12-10T12:00:00Z,-17.625,178.425,NaN
2005-12-10T12:00:00Z,-17.625,178.475,NaN
2005-12-10T12:00:00Z,-17.625,178.525,0.0
2005-12-10T12:00:00Z,-17.625,178.575,0.0
2005-12-10T12:00:00Z,-17.625,178.625,0.0
2005-12-10T12:00:00Z,-17.675,178.375,NaN
2005-12-10T12:00:00Z,-17.675,178.425,NaN
2005-12-10T12:00:00Z,-17.675,178.475,NaN
2005-12-10T12:00:00Z,-17.675,178.525,NaN
2005-12-10T12:00:00Z,-17.675,178.575,0.0
2005-12-10T12:00:00Z,-17.675,178.625,0.0
2006-01-09T12:00:00Z,-17.325,178.375,0.0
2006-01-09T12:00:00Z,-17.325,178.425,0.0
2006-01-09T12:00:00Z,-17.325,178.475,0.0
2006-01-09T12:00:00Z,-17.325,178.525,0.0
2006-01-09T12:00:00Z,-17.325,178.575,0.0
2006-01-09T12:00:00Z,-17.325,178.625,0.0
2006-01-09T12:00:00Z,-17.375,178.375,0.0
2006-01-09T12:00:00Z,-17.375,178.425,0.0
2006-01-09T12:00:00Z,-17.375,178.475,0.0
2006-01-09T12:00:00Z,-17.375,178.525,0.0
2006-01-09T12:00:00Z,-17.375,178.575,0.0
2006-01-09T12:00:00Z,-17.375,178.625,0.0
2006-01-09T12:00:00Z,-17.425,178.375,0.0
2006-01-09T12:00:00Z,-17.425,178.425,0.0
2006-01-09T12:00:00Z,-17.425,178.475,0.0
2006-01-09T12:00:00Z,-17.425,178.525,0.0
2006-01-09T12:00:00Z,-17.425,178.575,0.0
2006-01-09T12:00:00Z,-17.425,178.625,0.0
2006-01-09T12:00:00Z,-17.475,178.375,0.0
2006-01-09T12:00:00Z,-17.475,178.425,0.0
2006-01-09T12:00:00Z,-17.475,178.475,0.0
2006-01-09T12:00:00Z,-17.475,178.525,0.0
2006-01-09T12:00:00Z,-17.475,178.575,0.0
2006-01-09T12:00:00Z,-17.475,178.625,0.0
2006-01-09T12:00:00Z,-17.525,178.375,0.0
2006-01-09T12:00:00Z,-17.525,178.425,0.0
2006-01-09T12:00:00Z,-17.525,178.475,0.0
2006-01-09T12:00:00Z,-17.525,178.525,0.0
2006-01-09T12:00:00Z,-17.525,178.575,0.0
2006-01-09T12:00:00Z,-17.525,178.625,0.0
2006-01-09T12:00:00Z,-17.575,178.375,0.0
2006-01-09T12:00:00Z,-17.575,178.425,0.0
2006-01-09T12:00:00Z,-17.575,178.475,0.0
2006-01-09T12:00:00Z,-17.575,178.525,0.0
2006-01-09T12:00:00Z,-17.575,178.575,0.0
2006-01-09T12:00:00Z,-17.575,178.625,0.0
2006-01-09T12:00:00Z,-17.625,178.375,NaN
2006-01-09T12:00:00Z,-17.625,178.425,NaN
2006-01-09T12:00:00Z,-17.625,178.475,NaN
2006-01-09T12:00:00Z,-17.625,178.525,0.0
2006-01-09T12:00:00Z,-17.625,178.575,0.0
2006-01-09T12:00:00Z,-17.625,178.625,0.0
2006-01-09T12:00:00Z,-17.675,178.375,NaN
2006-01-09T12:00:00Z,-17.675,178.425,NaN
2006-01-09T12:00:00Z,-17.675,178.475,NaN
2006-01-09T12:00:00Z,-17.675,178.525,NaN
2006-01-09T12:00:00Z,-17.675,178.575,0.0
2006-01-09T12:00:00Z,-17.675,178.625,0.0
2006-02-08T12:00:00Z,-17.325,178.375,0.0
2006-02-08T12:00:00Z,-17.325,178.425,0.0
2006-02-08T12:00:00Z,-17.325,178.475,0.0
2006-02-08T12:00:00Z,-17.325,178.525,0.0
2006-02-08T12:00:00Z,-17.325,178.575,0.0
2006-02-08T12:00:00Z,-17.325,178.625,0.0
2006-02-08T12:00:00Z,-17.375,178.375,0.0
2006-02-08T12:00:00Z,-17.375,178.425,0.0
2006-02-08T12:00:00Z,-17.375,178.475,0.0
2006-02-08T12:00:00Z,-17.375,178.525,0.0
2006-02-08T12:00:00Z,-17.375,178.575,0.0
2006-02-08T12:00:00Z,-17.375,178.625,0.0
2006-02-08T12:00:00Z,-17.425,178.375,0.0
2006-02-08T12:00:00Z,-17.425,178.425,0.0
2006-02-08T12:00:00Z,-17.425,178.475,0.0
2006-02-08T12:00:00Z,-17.425,178.525,0.0
2006-02-08T12:00:00Z,-17.425,178.575,0.0
2006-02-08T12:00:00Z,-17.425,178.625,0.0
2006-02-08T12:00:00Z,-17.475,178.375,0.0
2006-02-08T12:00:00Z,-17.475,178.425,0.0
2006-02-08T12:00:00Z,-17.475,178.475,0.0
2006-02-08T12:00:00Z,-17.475,178.525,0.0
2006-02-08T12:00:00Z,-17.475,178.575,0.0
2006-02-08T12:00:00Z,-17.475,178.625,0.0
2006-02-08T12:00:00Z,-17.525,178.375,0.0
2006-02-08T12:00:00Z,-17.525,178.425,0.0
2006-02-08T12:00:00Z,-17.525,178.475,0.0
2006-02-08T12:00:00Z,-17.525,178.525,0.0
2006-02-08T12:00:00Z,-17.525,178.575,0.0
2006-02-08T12:00:00Z,-17.525,178.625,0.0
2006-02-08T12:00:00Z,-17.575,178.375,0.0
2006-02-08T12:00:00Z,-17.575,178.425,0.0
2006-02-08T12:00:00Z,-17.575,178.475,0.0
2006-02-08T12:00:00Z,-17.575,178.525,0.0
2006-02-08T12:00:00Z,-17.575,178.575,0.0
2006-02-08T12:00:00Z,-17.575,178.625,0.0
2006-02-08T12:00:00Z,-17.625,178.375,NaN
2006-02-08T12:00:00Z,-17.625,178.425,NaN
2006-02-08T12:00:00Z,-17.625,178.475,NaN
2006-02-08T12:00:00Z,-17.625,178.525,0.0
2006-02-08T12:00:00Z,-17.625,178.575,0.0
2006-02-08T12:00:00Z,-17.625,178.625,0.0
2006-02-08T12:00:00Z,-17.675,178.375,NaN
2006-02-08T12:00:00Z,-17.675,178.425,NaN
2006-02-08T12:00:00Z,-17.675,178.475,NaN
2006-02-08T12:00:00Z,-17.675,178.525,NaN
2006-02-08T12:00:00Z,-17.675,178.575,0.0
2006-02-08T12:00:00Z,-17.675,178.625,0.0
2006-03-10T12:00:00Z,-17.325,178.375,0.0
2006-03-10T12:00:00Z,-17.325,178.425,0.0
2006-03-10T12:00:00Z,-17.325,178.475,0.0
2006-03-10T12:00:00Z,-17.325,178.525,0.0
2006-03-10T12:00:00Z,-17.325,178.575,0.0
2006-03-10T12:00:00Z,-17.325,178.625,0.0
2006-03-10T12:00:00Z,-17.375,178.375,0.0
2006-03-10T12:00:00Z,-17.375,178.425,0.0
2006-03-10T12:00:00Z,-17.375,178.475,0.0
2006-03-10T12:00:00Z,-17.375,178.525,0.0
2006-03-10T12:00:00Z,-17.375,178.575,0.0
2006-03-10T12:00:00Z,-17.375,178.625,0.0
2006-03-10T12:00:00Z,-17.425,178.375,0.0
2006-03-10T12:00:00Z,-17.425,178.425,0.0
2006-03-10T12:00:00Z,-17.425,178.475,0.0
2006-03-10T12:00:00Z,-17.425,178.525,0.0
2006-03-10T12:00:00Z,-17.425,178.575,0.0
2006-03-10T12:00:00Z,-17.425,178.625,0.0
2006-03-10T12:00:00Z,-17.475,178.375,0.0
2006-03-10T12:00:00Z,-17.475,178.425,0.0
2006-03-10T12:00:00Z,-17.475,178.475,0.0
2006-03-10T12:00:00Z,-17.475,178.525,0.0
2006-03-10T12:00:00Z,-17.475,178.575,0.0
2006-03-10T12:00:00Z,-17.475,178.625,0.0
2006-03-10T12:00:00Z,-17.525,178.375,0.0
2006-03-10T12:00:00Z,-17.525,178.425,0.0
2006-03-10T12:00:00Z,-17.525,178.475,0.0
2006-03-10T12:00:00Z,-17.525,178.525,0.0
2006-03-10T12:00:00Z,-17.525,178.575,0.0
2006-03-10T12:00:00Z,-17.525,178.625,0.0
2006-03-10T12:00:00Z,-17.575,178.375,0.0
2006-03-10T12:00:00Z,-17.575,178.425,0.0
2006-03-10T12:00:00Z,-17.575,178.475,0.0
2006-03-10T12:00:00Z,-17.575,178.525,0.0
2006-03-10T12:00:00Z,-17.575,178.575,0.0
2006-03-10T12:00:00Z,-17.575,178.625,0.0
2006-03-10T12:00:00Z,-17.625,178.375,NaN
2006-03-10T12:00:00Z,-17.625,178.425,NaN
2006-03-10T12:00:00Z,-17.625,178.475,NaN
2006-03-10T12:00:00Z,-17.625,178.525,0.0
2006-03-10T12:00:00Z,-17.625,178.575,0.0
2006-03-10T12:00:00Z,-17.625,178.625,0.0
2006-03-10T12:00:00Z,-17.675,178.375,NaN
2006-03-10T12:00:00Z,-17.675,178.425,NaN
2006-03-10T12:00:00Z,-17.675,178.475,NaN
2006-03-10T12:00:00Z,-17.675,178.525,NaN
2006-03-10T12:00:00Z,-17.675,178.575,0.0
2006-03-10T12:00:00Z,-17.675,178.625,0.0
2006-04-09T12:00:00Z,-17.325,178.375,2.82
2006-04-09T12:00:00Z,-17.325,178.425,2.48
2006-04-09T12:00:00Z,-17.325,178.475,2.31
2006-04-09T12:00:00Z,-17.325,178.525,1.86
2006-04-09T12:00:00Z,-17.325,178.575,1.87
2006-04-09T12:00:00Z,-17.325,178.625,2.18
2006-04-09T12:00:00Z,-17.375,178.375,2.5100000000000002
2006-04-09T12:00:00Z,-17.375,178.425,2.33
2006-04-09T12:00:00Z,-17.375,178.475,2.31
2006-04-09T12:00:00Z,-17.375,178.525,2.02
2006-04-09T12:00:00Z,-17.375,178.575,1.87
2006-04-09T12:00:00Z,-17.375,178.625,2.2
2006-04-09T12:00:00Z,-17.425,178.375,2.2
2006-04-09T12:00:00Z,-17.425,178.425,2.17
2006-04-09T12:00:00Z,-17.425,178.475,2.02
2006-04-09T12:00:00Z,-17.425,178.525,1.86
2006-04-09T12:00:00Z,-17.425,178.575,2.0300000000000002
2006-04-09T12:00:00Z,-17.425,178.625,2.5100000000000002
2006-04-09T12:00:00Z,-17.475,178.375,2.21
2006-04-09T12:00:00Z,-17.475,178.425,2.06
2006-04-09T12:00:00Z,-17.475,178.475,2.04
2006-04-09T12:00:00Z,-17.475,178.525,2.0300000000000002
2006-04-09T12:00:00Z,-17.475,178.575,2.2
2006-04-09T12:00:00Z,-17.475,178.625,2.5300000000000002
2006-04-09T12:00:00Z,-17.525,178.375,2.23
2006-04-09T12:00:00Z,-17.525,178.425,2.08
2006-04-09T12:00:00Z,-17.525,178.475,2.07
2006-04-09T12:00:00Z,-17.525,178.525,2.22
2006-04-09T12:00:00Z,-17.525,178.575,2.67
2006-04-09T12:00:00Z,-17.525,178.625,2.86
2006-04-09T12:00:00Z,-17.575,178.375,2.25
2006-04-09T12:00:00Z,-17.575,178.425,2.09
2006-04-09T12:00:00Z,-17.575,178.475,2.24
2006-04-09T12:00:00Z,-17.575,178.525,2.7
2006-04-09T12:00:00Z,-17.575,178.575,3.02
2006-04-09T12:00:00Z,-17.575,178.625,3.21
2006-04-09T12:00:00Z,-17.625,178.375,NaN
2006-04-09T12:00:00Z,-17.625,178.425,NaN
2006-04-09T12:00:00Z,-17.625,178.475,NaN
2006-04-09T12:00:00Z,-17.625,178.525,3.04
2006-04-09T12:00:00Z,-17.625,178.575,3.23
2006-04-09T12:00:00Z,-17.625,178.625,3.27
2006-04-09T12:00:00Z,-17.675,178.375,NaN
2006-04-09T12:00:00Z,-17.675,178.425,NaN
2006-04-09T12:00:00Z,-17.675,178.475,NaN
2006-04-09T12:00:00Z,-17.675,178.525,NaN
2006-04-09T12:00:00Z,-17.675,178.575,3.29
2006-04-09T12:00:00Z,-17.675,178.625,3.33
2006-05-09T12:00:00Z,-17.325,178.375,3.13
2006-05-09T12:00:00Z,-17.325,178.425,2.95
2006-05-09T12:00:00Z,-17.325,178.475,3.0700000000000003
2006-05-09T12:00:00Z,-17.325,178.525,2.77
2006-05-09T12:00:00Z,-17.325,178.575,2.7800000000000002
2006-05-09T12:00:00Z,-17.325,178.625,3.37
2006-05-09T12:00:00Z,-17.375,178.375,2.81
2006-05-09T12:00:00Z,-17.375,178.425,2.63
2006-05-09T12:00:00Z,-17.375,178.475,2.9
2006-05-09T12:00:00Z,-17.375,178.525,2.62
2006-05-09T12:00:00Z,-17.375,178.575,2.62
2006-05-09T12:00:00Z,-17.375,178.625,3.23
2006-05-09T12:00:00Z,-17.425,178.375,2.35
2006-05-09T12:00:00Z,-17.425,178.425,2.32
2006-05-09T12:00:00Z,-17.425,178.475,2.45
2006-05-09T12:00:00Z,-17.425,178.525,2.3000000000000003
2006-05-09T12:00:00Z,-17.425,178.575,2.7600000000000002
2006-05-09T12:00:00Z,-17.425,178.625,3.4
2006-05-09T12:00:00Z,-17.475,178.375,2.21
2006-05-09T12:00:00Z,-17.475,178.425,2.2
2006-05-09T12:00:00Z,-17.475,178.475,2.18
2006-05-09T12:00:00Z,-17.475,178.525,2.32
2006-05-09T12:00:00Z,-17.475,178.575,2.64
2006-05-09T12:00:00Z,-17.475,178.625,3.11
2006-05-09T12:00:00Z,-17.525,178.375,2.23
2006-05-09T12:00:00Z,-17.525,178.425,2.08
2006-05-09T12:00:00Z,-17.525,178.475,2.07
2006-05-09T12:00:00Z,-17.525,178.525,2.65
2006-05-09T12:00:00Z,-17.525,178.575,3.1
2006-05-09T12:00:00Z,-17.525,178.625,3.3000000000000003
2006-05-09T12:00:00Z,-17.575,178.375,2.25
2006-05-09T12:00:00Z,-17.575,178.425,2.24
2006-05-09T12:00:00Z,-17.575,178.475,2.52
2006-05-09T12:00:00Z,-17.575,178.525,2.99
2006-05-09T12:00:00Z,-17.575,178.575,3.3200000000000003
2006-05-09T12:00:00Z,-17.575,178.625,3.65
2006-05-09T12:00:00Z,-17.625,178.375,NaN
2006-05-09T12:00:00Z,-17.625,178.425,NaN
2006-05-09T12:00:00Z,-17.625,178.475,NaN
2006-05-09T12:00:00Z,-17.625,178.525,3.49
2006-05-09T12:00:00Z,-17.625,178.575,3.68
2006-05-09T12:00:00Z,-17.625,178.625,3.72
2006-05-09T12:00:00Z,-17.675,178.375,NaN
2006-05-09T12:00:00Z,-17.675,178.425,NaN
2006-05-09T12:00:00Z,-17.675,178.475,NaN
2006-05-09T12:00:00Z,-17.675,178.525,NaN
2006-05-09T12:00:00Z,-17.675,178.575,3.7600000000000002
2006-05-09T12:00:00Z,-17.675,178.625,3.79
2006-06-08T12:00:00Z,-17.325,178.375,3.13
2006-06-08T12:00:00Z,-17.325,178.425,2.95
2006-06-08T12:00:00Z,-17.325,178.475,3.0700000000000003
2006-06-08T12:00:00Z,-17.325,178.525,2.77
2006-06-08T12:00:00Z,-17.325,178.575,2.7800000000000002
2006-06-08T12:00:00Z,-17.325,178.625,3.37
2006-06-08T12:00:00Z,-17.375,178.375,2.81
2006-06-08T12:00:00Z,-17.375,178.425,2.63
2006-06-08T12:00:00Z,-17.375,178.475,2.9
2006-06-08T12:00:00Z,-17.375,178.525,2.62
2006-06-08T12:00:00Z,-17.375,178.575,2.62
2006-06-08T12:00:00Z,-17.375,178.625,3.23
2006-06-08T12:00:00Z,-17.425,178.375,2.35
2006-06-08T12:00:00Z,-17.425,178.425,2.32
2006-06-08T12:00:00Z,-17.425,178.475,2.45
2006-06-08T12:00:00Z,-17.425,178.525,2.3000000000000003
2006-06-08T12:00:00Z,-17.425,178.575,2.7600000000000002
2006-06-08T12:00:00Z,-17.425,178.625,3.4
2006-06-08T12:00:00Z,-17.475,178.375,2.21
2006-06-08T12:00:00Z,-17.475,178.425,2.2
2006-06-08T12:00:00Z,-17.475,178.475,2.18
2006-06-08T12:00:00Z,-17.475,178.525,2.32
2006-06-08T12:00:00Z,-17.475,178.575,2.64
2006-06-08T12:00:00Z,-17.475,178.625,3.11
2006-06-08T12:00:00Z,-17.525,178.375,2.23
2006-06-08T12:00:00Z,-17.525,178.425,2.08
2006-06-08T12:00:00Z,-17.525,178.475,2.07
2006-06-08T12:00:00Z,-17.525,178.525,2.65
2006-06-08T12:00:00Z,-17.525,178.575,3.1
2006-06-08T12:00:00Z,-17.525,178.625,3.3000000000000003
2006-06-08T12:00:00Z,-17.575,178.375,2.25
2006-06-08T12:00:00Z,-17.575,178.425,2.24
2006-06-08T12:00:00Z,-17.575,178.475,2.52
2006-06-08T12:00:00Z,-17.575,178.525,2.99
2006-06-08T12:00:00Z,-17.575,178.575,3.3200000000000003
2006-06-08T12:00:00Z,-17.575,178.625,3.65
2006-06-08T12:00:00Z,-17.625,178.375,NaN
2006-06-08T12:00:00Z,-17.625,178.425,NaN
2006-06-08T12:00:00Z,-17.625,178.475,NaN
2006-06-08T12:00:00Z,-17.625,178.525,3.49
2006-06-08T12:00:00Z,-17.625,178.575,3.68
2006-06-08T12:00:00Z,-17.625,178.625,3.72
2006-06-08T12:00:00Z,-17.675,178.375,NaN
2006-06-08T12:00:00Z,-17.675,178.425,NaN
2006-06-08T12:00:00Z,-17.675,178.475,NaN
2006-06-08T12:00:00Z,-17.675,178.525,NaN
2006-06-08T12:00:00Z,-17.675,178.575,3.7600000000000002
2006-06-08T12:00:00Z,-17.675,178.625,3.79
2006-07-08T12:00:00Z,-17.325,178.375,0.32
2006-07-08T12:00:00Z,-17.325,178.425,0.46
2006-07-08T12:00:00Z,-17.325,178.475,0.62
2006-07-08T12:00:00Z,-17.325,178.525,0.62
2006-07-08T12:00:00Z,-17.325,178.575,0.62
2006-07-08T12:00:00Z,-17.325,178.625,0.9
2006-07-08T12:00:00Z,-17.375,178.375,0.3
2006-07-08T12:00:00Z,-17.375,178.425,0.3
2006-07-08T12:00:00Z,-17.375,178.475,0.45
2006-07-08T12:00:00Z,-17.375,178.525,0.46
2006-07-08T12:00:00Z,-17.375,178.575,0.6
2006-07-08T12:00:00Z,-17.375,178.625,0.75
2006-07-08T12:00:00Z,-17.425,178.375,0.15
2006-07-08T12:00:00Z,-17.425,178.425,0.15
2006-07-08T12:00:00Z,-17.425,178.475,0.29
2006-07-08T12:00:00Z,-17.425,178.525,0.29
2006-07-08T12:00:00Z,-17.425,178.575,0.44
2006-07-08T12:00:00Z,-17.425,178.625,0.59
2006-07-08T12:00:00Z,-17.475,178.375,0.0
2006-07-08T12:00:00Z,-17.475,178.425,0.14
2006-07-08T12:00:00Z,-17.475,178.475,0.14
2006-07-08T12:00:00Z,-17.475,178.525,0.15
2006-07-08T12:00:00Z,-17.475,178.575,0.15
2006-07-08T12:00:00Z,-17.475,178.625,0.29
2006-07-08T12:00:00Z,-17.525,178.375,0.0
2006-07-08T12:00:00Z,-17.525,178.425,0.0
2006-07-08T12:00:00Z,-17.525,178.475,0.0
2006-07-08T12:00:00Z,-17.525,178.525,0.14
2006-07-08T12:00:00Z,-17.525,178.575,0.15
2006-07-08T12:00:00Z,-17.525,178.625,0.15
2006-07-08T12:00:00Z,-17.575,178.375,0.0
2006-07-08T12:00:00Z,-17.575,178.425,0.0
2006-07-08T12:00:00Z,-17.575,178.475,0.0
2006-07-08T12:00:00Z,-17.575,178.525,0.0
2006-07-08T12:00:00Z,-17.575,178.575,0.0
2006-07-08T12:00:00Z,-17.575,178.625,0.14
2006-07-08T12:00:00Z,-17.625,178.375,NaN
2006-07-08T12:00:00Z,-17.625,178.425,NaN
2006-07-08T12:00:00Z,-17.625,178.475,NaN
2006-07-08T12:00:00Z,-17.625,178.525,0.0
2006-07-08T12:00:00Z,-17.625,178.575,0.0
2006-07-08T12:00:00Z,-17.625,178.625,0.0
2006-07-08T12:00:00Z,-17.675,178.375,NaN
2006-07-08T12:00:00Z,-17.675,178.425,NaN
2006-07-08T12:00:00Z,-17.675,178.475,NaN
2006-07-08T12:00:00Z,-17.675,178.525,NaN
2006-07-08T12:00:00Z,-17.675,178.575,0.0
2006-07-08T12:00:00Z,-17.675,178.625,0.0
2006-08-07T12:00:00Z,-17.325,178.375,0.0
2006-08-07T12:00:00Z,-17.325,178.425,0.0
2006-08-07T12:00:00Z,-17.325,178.475,0.0
2006-08-07T12:00:00Z,-17.325,178.525,0.0
2006-08-07T12:00:00Z,-17.325,178.575,0.0
2006-08-07T12:00:00Z,-17.325,178.625,0.0
2006-08-07T12:00:00Z,-17.375,178.375,0.0
2006-08-07T12:00:00Z,-17.375,178.425,0.0
2006-08-07T12:00:00Z,-17.375,178.475,0.0
2006-08-07T12:00:00Z,-17.375,178.525,0.0
2006-08-07T12:00:00Z,-17.375,178.575,0.0
2006-08-07T12:00:00Z,-17.375,178.625,0.0
2006-08-07T12:00:00Z,-17.425,178.375,0.0
2006-08-07T12:00:00Z,-17.425,178.425,0.0
2006-08-07T12:00:00Z,-17.425,178.475,0.0
2006-08-07T12:00:00Z,-17.425,178.525,0.0
2006-08-07T12:00:00Z,-17.425,178.575,0.0
2006-08-07T12:00:00Z,-17.425,178.625,0.0
2006-08-07T12:00:00Z,-17.475,178.375,0.0
2006-08-07T12:00:00Z,-17.475,178.425,0.0
2006-08-07T12:00:00Z,-17.475,178.475,0.0
2006-08-07T12:00:00Z,-17.475,178.525,0.0
2006-08-07T12:00:00Z,-17.475,178.575,0.0
2006-08-07T12:00:00Z,-17.475,178.625,0.0
2006-08-07T12:00:00Z,-17.525,178.375,0.0
2006-08-07T12:00:00Z,-17.525,178.425,0.0
2006-08-07T12:00:00Z,-17.525,178.475,0.0
2006-08-07T12:00:00Z,-17.525,178.525,0.0
2006-08-07T12:00:00Z,-17.525,178.575,0.0
2006-08-07T12:00:00Z,-17.525,178.625,0.0
2006-08-07T12:00:00Z,-17.575,178.375,0.0
2006-08-07T12:00:00Z,-17.575,178.425,0.0
2006-08-07T12:00:00Z,-17.575,178.475,0.0
2006-08-07T12:00:00Z,-17.575,178.525,0.0
2006-08-07T12:00:00Z,-17.575,178.575,0.0
2006-08-07T12:00:00Z,-17.575,178.625,0.0
2006-08-07T12:00:00Z,-17.625,178.375,NaN
2006-08-07T12:00:00Z,-17.625,178.425,NaN
2006-08-07T12:00:00Z,-17.625,178.475,NaN
2006-08-07T12:00:00Z,-17.625,178.525,0.0
2006-08-07T12:00:00Z,-17.625,178.575,0.0
2006-08-07T12:00:00Z,-17.625,178.625,0.0
2006-08-07T12:00:00Z,-17.675,178.375,NaN
2006-08-07T12:00:00Z,-17.675,178.425,NaN
2006-08-07T12:00:00Z,-17.675,178.475,NaN
2006-08-07T12:00:00Z,-17.675,178.525,NaN
2006-08-07T12:00:00Z,-17.675,178.575,0.0
2006-08-07T12:00:00Z,-17.675,178.625,0.0
2006-09-06T12:00:00Z,-17.325,178.375,0.0
2006-09-06T12:00:00Z,-17.325,178.425,0.0
2006-09-06T12:00:00Z,-17.325,178.475,0.0
2006-09-06T12:00:00Z,-17.325,178.525,0.0
2006-09-06T12:00:00Z,-17.325,178.575,0.0
2006-09-06T12:00:00Z,-17.325,178.625,0.0
2006-09-06T12:00:00Z,-17.375,178.375,0.0
2006-09-06T12:00:00Z,-17.375,178.425,0.0
2006-09-06T12:00:00Z,-17.375,178.475,0.0
2006-09-06T12:00:00Z,-17.375,178.525,0.0
2006-09-06T12:00:00Z,-17.375,178.575,0.0
2006-09-06T12:00:00Z,-17.375,178.625,0.0
2006-09-06T12:00:00Z,-17.425,178.375,0.0
2006-09-06T12:00:00Z,-17.425,178.425,0.0
2006-09-06T12:00:00Z,-17.425,178.475,0.0
2006-09-06T12:00:00Z,-17.425,178.525,0.0
2006-09-06T12:00:00Z,-17.425,178.575,0.0
2006-09-06T12:00:00Z,-17.425,178.625,0.0
2006-09-06T12:00:00Z,-17.475,178.375,0.0
2006-09-06T12:00:00Z,-17.475,178.425,0.0
2006-09-06T12:00:00Z,-17.475,178.475,0.0
2006-09-06T12:00:00Z,-17.475,178.525,0.0
2006-09-06T12:00:00Z,-17.475,178.575,0.0
2006-09-06T12:00:00Z,-17.475,178.625,0.0
2006-09-06T12:00:00Z,-17.525,178.375,0.0
2006-09-06T12:00:00Z,-17.525,178.425,0.0
2006-09-06T12:00:00Z,-17.525,178.475,0.0
2006-09-06T12:00:00Z,-17.525,178.525,0.0
2006-09-06T12:00:00Z,-17.525,178.575,0.0
2006-09-06T12:00:00Z,-17.525,178.625,0.0
2006-09-06T12:00:00Z,-17.575,178.375,0.0
2006-09-06T12:00:00Z,-17.575,178.425,0.0
2006-09-06T12:00:00Z,-17.575,178.475,0.0
2006-09-06T12:00:00Z,-17.575,178.525,0.0
2006-09-06T12:00:00Z,-17.575,178.575,0.0
2006-09-06T12:00:00Z,-17.575,178.625,0.0
2006-09-06T12:00:00Z,-17.625,178.375,NaN
2006-09-06T12:00:00Z,-17.625,178.425,NaN
2006-09-06T12:00:00Z,-17.625,178.475,NaN
2006-09-06T12:00:00Z,-17.625,178.525,0.0
2006-09-06T12:00:00Z,-17.625,178.575,0.0
2006-09-06T12:00:00Z,-17.625,178.625,0.0
2006-09-06T12:00:00Z,-17.675,178.375,NaN
2006-09-06T12:00:00Z,-17.675,178.425,NaN
2006-09-06T12:00:00Z,-17.675,178.475,NaN
2006-09-06T12:00:00Z,-17.675,178.525,NaN
2006-09-06T12:00:00Z,-17.675,178.575,0.0
2006-09-06T12:00:00Z,-17.675,178.625,0.0
2006-10-06T12:00:00Z,-17.325,178.375,0.0
2006-10-06T12:00:00Z,-17.325,178.425,0.0
2006-10-06T12:00:00Z,-17.325,178.475,0.0
2006-10-06T12:00:00Z,-17.325,178.525,0.0
2006-10-06T12:00:00Z,-17.325,178.575,0.0
2006-10-06T12:00:00Z,-17.325,178.625,0.0
2006-10-06T12:00:00Z,-17.375,178.375,0.0
2006-10-06T12:00:00Z,-17.375,178.425,0.0
2006-10-06T12:00:00Z,-17.375,178.475,0.0
2006-10-06T12:00:00Z,-17.375,178.525,0.0
2006-10-06T12:00:00Z,-17.375,178.575,0.0
2006-10-06T12:00:00Z,-17.375,178.625,0.0
2006-10-06T12:00:00Z,-17.425,178.375,0.0
2006-10-06T12:00:00Z,-17.425,178.425,0.0
2006-10-06T12:00:00Z,-17.425,178.475,0.0
2006-10-06T12:00:00Z,-17.425,178.525,0.0
2006-10-06T12:00:00Z,-17.425,178.575,0.0
2006-10-06T12:00:00Z,-17.425,178.625,0.0
2006-10-06T12:00:00Z,-17.475,178.375,0.0
2006-10-06T12:00:00Z,-17.475,178.425,0.0
2006-10-06T12:00:00Z,-17.475,178.475,0.0
2006-10-06T12:00:00Z,-17.475,178.525,0.0
2006-10-06T12:00:00Z,-17.475,178.575,0.0
2006-10-06T12:00:00Z,-17.475,178.625,0.0
2006-10-06T12:00:00Z,-17.525,178.375,0.0
2006-10-06T12:00:00Z,-17.525,178.425,0.0
2006-10-06T12:00:00Z,-17.525,178.475,0.0
2006-10-06T12:00:00Z,-17.525,178.525,0.0
2006-10-06T12:00:00Z,-17.525,178.575,0.0
2006-10-06T12:00:00Z,-17.525,178.625,0.0
2006-10-06T12:00:00Z,-17.575,178.375,0.0
2006-10-06T12:00:00Z,-17.575,178.425,0.0
2006-10-06T12:00:00Z,-17.575,178.475,0.0
2006-10-06T12:00:00Z,-17.575,178.525,0.0
2006-10-06T12:00:00Z,-17.575,178.575,0.0
2006-10-06T12:00:00Z,-17.575,178.625,0.0
2006-10-06T12:00:00Z,-17.625,178.375,NaN
2006-10-06T12:00:00Z,-17.625,178.425,NaN
2006-10-06T12:00:00Z,-17.625,178.475,NaN
2006-10-06T12:00:00Z,-17.625,178.525,0.0
2006-10-06T12:00:00Z,-17.625,178.575,0.0
2006-10-06T12:00:00Z,-17.625,178.625,0.0
2006-10-06T12:00:00Z,-17.675,178.375,NaN
2006-10-06T12:00:00Z,-17.675,178.425,NaN
2006-10-06T12:00:00Z,-17.675,178.475,NaN
2006-10-06T12:00:00Z,-17.675,178.525,NaN
2006-10-06T12:00:00Z,-17.675,178.575,0.0
2006-10-06T12:00:00Z,-17.675,178.625,0.0
2006-11-05T12:00:00Z,-17.325,178.375,0.0
2006-11-05T12:00:00Z,-17.325,178.425,0.0
2006-11-05T12:00:00Z,-17.325,178.475,0.0
2006-11-05T12:00:00Z,-17.325,178.525,0.0
2006-11-05T12:00:00Z,-17.325,178.575,0.0
2006-11-05T12:00:00Z,-17.325,178.625,0.0
2006-11-05T12:00:00Z,-17.375,178.375,0.0
2006-11-05T12:00:00Z,-17.375,178.425,0.0
2006-11-05T12:00:00Z,-17.375,178.475,0.0
2006-11-05T12:00:00Z,-17.375,178.525,0.0
2006-11-05T12:00:00Z,-17.375,178.575,0.0
2006-11-05T12:00:00Z,-17.375,178.625,0.0
2006-11-05T12:00:00Z,-17.425,178.375,0.0
2006-11-05T12:00:00Z,-17.425,178.425,0.0
2006-11-05T12:00:00Z,-17.425,178.475,0.0
2006-11-05T12:00:00Z,-17.425,178.525,0.0
2006-11-05T12:00:00Z,-17.425,178.575,0.0
2006-11-05T12:00:00Z,-17.425,178.625,0.0
2006-11-05T12:00:00Z,-17.475,178.375,0.0
2006-11-05T12:00:00Z,-17.475,178.425,0.0
2006-11-05T12:00:00Z,-17.475,178.475,0.0
2006-11-05T12:00:00Z,-17.475,178.525,0.0
2006-11-05T12:00:00Z,-17.475,178.575,0.0
2006-11-05T12:00:00Z,-17.475,178.625,0.0
2006-11-05T12:00:00Z,-17.525,178.375,0.0
2006-11-05T12:00:00Z,-17.525,178.425,0.0
2006-11-05T12:00:00Z,-17.525,178.475,0.0
2006-11-05T12:00:00Z,-17.525,178.525,0.0
2006-11-05T12:00:00Z,-17.525,178.575,0.0
2006-11-05T12:00:00Z,-17.525,178.625,0.0
2006-11-05T12:00:00Z,-17.575,178.375,0.0
2006-11-05T12:00:00Z,-17.575,178.425,0.0
2006-11-05T12:00:00Z,-17.575,178.475,0.0
2006-11-05T12:00:00Z,-17.575,178.525,0.0
2006-11-05T12:00:00Z,-17.575,178.575,0.0
2006-11-05T12:00:00Z,-17.575,178.625,0.0
2006-11-05T12:00:00Z,-17.625,178.375,NaN
2006-11-05T12:00:00Z,-17.625,178.425,NaN
2006-11-05T12:00:00Z,-17.625,178.475,NaN
2006-11-05T12:00:00Z,-17.625,178.525,0.0
2006-11-05T12:00:00Z,-17.625,178.575,0.0
2006-11-05T12:00:00Z,-17.625,178.625,0.0
2006-11-05T12:00:00Z,-17.675,178.375,NaN
2006-11-05T12:00:00Z,-17.675,178.425,NaN
2006-11-05T12:00:00Z,-17.675,178.475,NaN
2006-11-05T12:00:00Z,-17.675,178.525,NaN
2006-11-05T12:00:00Z,-17.675,178.575,0.0
2006-11-05T12:00:00Z,-17.675,178.625,0.0
2006-12-05T12:00:00Z,-17.325,178.375,0.0
2006-12-05T12:00:00Z,-17.325,178.425,0.0
2006-12-05T12:00:00Z,-17.325,178.475,0.0
2006-12-05T12:00:00Z,-17.325,178.525,0.0
2006-12-05T12:00:00Z,-17.325,178.575,0.0
2006-12-05T12:00:00Z,-17.325,178.625,0.0
2006-12-05T12:00:00Z,-17.375,178.375,0.0
2006-12-05T12:00:00Z,-17.375,178.425,0.0
2006-12-05T12:00:00Z,-17.375,178.475,0.0
2006-12-05T12:00:00Z,-17.375,178.525,0.0
2006-12-05T12:00:00Z,-17.375,178.575,0.0
2006-12-05T12:00:00Z,-17.375,178.625,0.0
2006-12-05T12:00:00Z,-17.425,178.375,0.0
2006-12-05T12:00:00Z,-17.425,178.425,0.0
2006-12-05T12:00:00Z,-17.425,178.475,0.0
2006-12-05T12:00:00Z,-17.425,178.525,0.0
2006-12-05T12:00:00Z,-17.425,178.575,0.0
2006-12-05T12:00:00Z,-17.425,178.625,0.0
2006-12-05T12:00:00Z,-17.475,178.375,0.0
2006-12-05T12:00:00Z,-17.475,178.425,0.0
2006-12-05T12:00:00Z,-17.475,178.475,0.0
2006-12-05T12:00:00Z,-17.475,178.525,0.0
2006-12-05T12:00:00Z,-17.475,178.575,0.0
2006-12-05T12:00:00Z,-17.475,178.625,0.0
2006-12-05T12:00:00Z,-17.525,178.375,0.0
2006-12-05T12:00:00Z,-17.525,178.425,0.0
2006-12-05T12:00:00Z,-17.525,178.475,0.0
2006-12-05T12:00:00Z,-17.525,178.525,0.0
2006-12-05T12:00:00Z,-17.525,178.575,0.0
2006-12-05T12:00:00Z,-17.525,178.625,0.0
2006-12-05T12:00:00Z,-17.575,178.375,0.0
2006-12-05T12:00:00Z,-17.575,178.425,0.0
2006-12-05T12:00:00Z,-17.575,178.475,0.0
2006-12-05T12:00:00Z,-17.575,178.525,0.0
2006-12-05T12:00:00Z,-17.575,178.575,0.0
2006-12-05T12:00:00Z,-17.575,178.625,0.0
2006-12-05T12:00:00Z,-17.625,178.375,NaN
2006-12-05T12:00:00Z,-17.625,178.425,NaN
2006-12-05T12:00:00Z,-17.625,178.475,NaN
2006-12-05T12:00:00Z,-17.625,178.525,0.0
2006-12-05T12:00:00Z,-17.625,178.575,0.0
2006-12-05T12:00:00Z,-17.625,178.625,0.0
2006-12-05T12:00:00Z,-17.675,178.375,NaN
2006-12-05T12:00:00Z,-17.675,178.425,NaN
2006-12-05T12:00:00Z,-17.675,178.475,NaN
2006-12-05T12:00:00Z,-17.675,178.525,NaN
2006-12-05T12:00:00Z,-17.675,178.575,0.0
2006-12-05T12:00:00Z,-17.675,178.625,0.0
2007-01-04T12:00:00Z,-17.325,178.375,0.0
2007-01-04T12:00:00Z,-17.325,178.425,0.0
2007-01-04T12:00:00Z,-17.325,178.475,0.0
2007-01-04T12:00:00Z,-17.325,178.525,0.0
2007-01-04T12:00:00Z,-17.325,178.575,0.0
2007-01-04T12:00:00Z,-17.325,178.625,0.0
2007-01-04T12:00:00Z,-17.375,178.375,0.0
2007-01-04T12:00:00Z,-17.375,178.425,0.0
2007-01-04T12:00:00Z,-17.375,178.475,0.0
2007-01-04T12:00:00Z,-17.375,178.525,0.0
2007-01-04T12:00:00Z,-17.375,178.575,0.0
2007-01-04T12:00:00Z,-17.375,178.625,0.0
2007-01-04T12:00:00Z,-17.425,178.375,0.0
2007-01-04T12:00:00Z,-17.425,178.425,0.0
2007-01-04T12:00:00Z,-17.425,178.475,0.0
2007-01-04T12:00:00Z,-17.425,178.525,0.0
2007-01-04T12:00:00Z,-17.425,178.575,0.0
2007-01-04T12:00:00Z,-17.425,178.625,0.0
2007-01-04T12:00:00Z,-17.475,178.375,0.0
2007-01-04T12:00:00Z,-17.475,178.425,0.0
2007-01-04T12:00:00Z,-17.475,178.475,0.0
2007-01-04T12:00:00Z,-17.475,178.525,0.0
2007-01-04T12:00:00Z,-17.475,178.575,0.0
2007-01-04T12:00:00Z,-17.475,178.625,0.0
2007-01-04T12:00:00Z,-17.525,178.375,0.0
2007-01-04T12:00:00Z,-17.525,178.425,0.0
2007-01-04T12:00:00Z,-17.525,178.475,0.0
2007-01-04T12:00:00Z,-17.525,178.525,0.0
2007-01-04T12:00:00Z,-17.525,178.575,0.0
2007-01-04T12:00:00Z,-17.525,178.625,0.0
2007-01-04T12:00:00Z,-17.575,178.375,0.0
2007-01-04T12:00:00Z,-17.575,178.425,0.0
2007-01-04T12:00:00Z,-17.575,178.475,0.0
2007-01-04T12:00:00Z,-17.575,178.525,0.0
2007-01-04T12:00:00Z,-17.575,178.575,0.0
2007-01-04T12:00:00Z,-17.575,178.625,0.0
2007-01-04T12:00:00Z,-17.625,178.375,NaN
2007-01-04T12:00:00Z,-17.625,178.425,NaN
2007-01-04T12:00:00Z,-17.625,178.475,NaN
2007-01-04T12:00:00Z,-17.625,178.525,0.0
2007-01-04T12:00:00Z,-17.625,178.575,0.0
2007-01-04T12:00:00Z,-17.625,178.625,0.0
2007-01-04T12:00:00Z,-17.675,178.375,NaN
2007-01-04T12:00:00Z,-17.675,178.425,NaN
2007-01-04T12:00:00Z,-17.675,178.475,NaN
2007-01-04T12:00:00Z,-17.675,178.525,NaN
2007-01-04T12:00:00Z,-17.675,178.575,0.0
2007-01-04T12:00:00Z,-17.675,178.625,0.0
2007-02-03T12:00:00Z,-17.325,178.375,0.0
2007-02-03T12:00:00Z,-17.325,178.425,0.0
2007-02-03T12:00:00Z,-17.325,178.475,0.0
2007-02-03T12:00:00Z,-17.325,178.525,0.0
2007-02-03T12:00:00Z,-17.325,178.575,0.0
2007-02-03T12:00:00Z,-17.325,178.625,0.0
2007-02-03T12:00:00Z,-17.375,178.375,0.0
2007-02-03T12:00:00Z,-17.375,178.425,0.0
2007-02-03T12:00:00Z,-17.375,178.475,0.0
2007-02-03T12:00:00Z,-17.375,178.525,0.0
2007-02-03T12:00:00Z,-17.375,178.575,0.0
2007-02-03T12:00:00Z,-17.375,178.625,0.0
2007-02-03T12:00:00Z,-17.425,178.375,0.0
2007-02-03T12:00:00Z,-17.425,178.425,0.0
2007-02-03T12:00:00Z,-17.425,178.475,0.0
2007-02-03T12:00:00Z,-17.425,178.525,0.0
2007-02-03T12:00:00Z,-17.425,178.575,0.0
2007-02-03T12:00:00Z,-17.425,178.625,0.0
2007-02-03T12:00:00Z,-17.475,178.375,0.0
2007-02-03T12:00:00Z,-17.475,178.425,0.0
2007-02-03T12:00:00Z,-17.475,178.475,0.0
2007-02-03T12:00:00Z,-17.475,178.525,0.0
2007-02-03T12:00:00Z,-17.475,178.575,0.0
2007-02-03T12:00:00Z,-17.475,178.625,0.0
2007-02-03T12:00:00Z,-17.525,178.375,0.0
2007-02-03T12:00:00Z,-17.525,178.425,0.0
2007-02-03T12:00:00Z,-17.525,178.475,0.0
2007-02-03T12:00:00Z,-17.525,178.525,0.0
2007-02-03T12:00:00Z,-17.525,178.575,0.0
2007-02-03T12:00:00Z,-17.525,178.625,0.0
2007-02-03T12:00:00Z,-17.575,178.375,0.0
2007-02-03T12:00:00Z,-17.575,178.425,0.0
2007-02-03T12:00:00Z,-17.575,178.475,0.0
2007-02-03T12:00:00Z,-17.575,178.525,0.0
2007-02-03T12:00:00Z,-17.575,178.575,0.0
2007-02-03T12:00:00Z,-17.575,178.625,0.0
2007-02-03T12:00:00Z,-17.625,178.375,NaN
2007-02-03T12:00:00Z,-17.625,178.425,NaN
2007-02-03T12:00:00Z,-17.625,178.475,NaN
2007-02-03T12:00:00Z,-17.625,178.525,0.0
2007-02-03T12:00:00Z,-17.625,178.575,0.0
2007-02-03T12:00:00Z,-17.625,178.625,0.0
2007-02-03T12:00:00Z,-17.675,178.375,NaN
2007-02-03T12:00:00Z,-17.675,178.425,NaN
2007-02-03T12:00:00Z,-17.675,178.475,NaN
2007-02-03T12:00:00Z,-17.675,178.525,NaN
2007-02-03T12:00:00Z,-17.675,178.575,0.0
2007-02-03T12:00:00Z,-17.675,178.625,0.0
2007-03-05T12:00:00Z,-17.325,178.375,0.0
2007-03-05T12:00:00Z,-17.325,178.425,0.0
2007-03-05T12:00:00Z,-17.325,178.475,0.0
2007-03-05T12:00:00Z,-17.325,178.525,0.0
2007-03-05T12:00:00Z,-17.325,178.575,0.0
2007-03-05T12:00:00Z,-17.325,178.625,0.0
2007-03-05T12:00:00Z,-17.375,178.375,0.0
2007-03-05T12:00:00Z,-17.375,178.425,0.0
2007-03-05T12:00:00Z,-17.375,178.475,0.0
2007-03-05T12:00:00Z,-17.375,178.525,0.0
2007-03-05T12:00:00Z,-17.375,178.575,0.0
2007-03-05T12:00:00Z,-17.375,178.625,0.0
2007-03-05T12:00:00Z,-17.425,178.375,0.0
2007-03-05T12:00:00Z,-17.425,178.425,0.0
2007-03-05T12:00:00Z,-17.425,178.475,0.0
2007-03-05T12:00:00Z,-17.425,178.525,0.0
2007-03-05T12:00:00Z,-17.425,178.575,0.0
2007-03-05T12:00:00Z,-17.425,178.625,0.0
2007-03-05T12:00:00Z,-17.475,178.375,0.0
2007-03-05T12:00:00Z,-17.475,178.425,0.0
2007-03-05T12:00:00Z,-17.475,178.475,0.0
2007-03-05T12:00:00Z,-17.475,178.525,0.0
2007-03-05T12:00:00Z,-17.475,178.575,0.0
2007-03-05T12:00:00Z,-17.475,178.625,0.0
2007-03-05T12:00:00Z,-17.525,178.375,0.0
2007-03-05T12:00:00Z,-17.525,178.425,0.0
2007-03-05T12:00:00Z,-17.525,178.475,0.0
2007-03-05T12:00:00Z,-17.525,178.525,0.0
2007-03-05T12:00:00Z,-17.525,178.575,0.0
2007-03-05T12:00:00Z,-17.525,178.625,0.0
2007-03-05T12:00:00Z,-17.575,178.375,0.0
2007-03-05T12:00:00Z,-17.575,178.425,0.0
2007-03-05T12:00:00Z,-17.575,178.475,0.0
2007-03-05T12:00:00Z,-17.575,178.525,0.0
2007-03-05T12:00:00Z,-17.575,178.575,0.0
2007-03-05T12:00:00Z,-17.575,178.625,0.0
2007-03-05T12:00:00Z,-17.625,178.375,NaN
2007-03-05T12:00:00Z,-17.625,178.425,NaN
2007-03-05T12:00:00Z,-17.625,178.475,NaN
2007-03-05T12:00:00Z,-17.625,178.525,0.0
2007-03-05T12:00:00Z,-17.625,178.575,0.0
2007-03-05T12:00:00Z,-17.625,178.625,0.0
2007-03-05T12:00:00Z,-17.675,178.375,NaN
2007-03-05T12:00:00Z,-17.675,178.425,NaN
2007-03-05T12:00:00Z,-17.675,178.475,NaN
2007-03-05T12:00:00Z,-17.675,178.525,NaN
2007-03-05T12:00:00Z,-17.675,178.575,0.0
2007-03-05T12:00:00Z,-17.675,178.625,0.0
2007-04-04T12:00:00Z,-17.325,178.375,0.0
2007-04-04T12:00:00Z,-17.325,178.425,0.0
2007-04-04T12:00:00Z,-17.325,178.475,0.0
2007-04-04T12:00:00Z,-17.325,178.525,0.0
2007-04-04T12:00:00Z,-17.325,178.575,0.0
2007-04-04T12:00:00Z,-17.325,178.625,0.0
2007-04-04T12:00:00Z,-17.375,178.375,0.0
2007-04-04T12:00:00Z,-17.375,178.425,0.0
2007-04-04T12:00:00Z,-17.375,178.475,0.0
2007-04-04T12:00:00Z,-17.375,178.525,0.0
2007-04-04T12:00:00Z,-17.375,178.575,0.0
2007-04-04T12:00:00Z,-17.375,178.625,0.0
2007-04-04T12:00:00Z,-17.425,178.375,0.0
2007-04-04T12:00:00Z,-17.425,178.425,0.0
2007-04-04T12:00:00Z,-17.425,178.475,0.0
2007-04-04T12:00:00Z,-17.425,178.525,0.0
2007-04-04T12:00:00Z,-17.425,178.575,0.0
2007-04-04T12:00:00Z,-17.425,178.625,0.0
2007-04-04T12:00:00Z,-17.475,178.375,0.0
2007-04-04T12:00:00Z,-17.475,178.425,0.0
2007-04-04T12:00:00Z,-17.475,178.475,0.0
2007-04-04T12:00:00Z,-17.475,178.525,0.0
2007-04-04T12:00:00Z,-17.475,178.575,0.0
2007-04-04T12:00:00Z,-17.475,178.625,0.0
2007-04-04T12:00:00Z,-17.525,178.375,0.0
2007-04-04T12:00:00Z,-17.525,178.425,0.0
2007-04-04T12:00:00Z,-17.525,178.475,0.0
2007-04-04T12:00:00Z,-17.525,178.525,0.0
2007-04-04T12:00:00Z,-17.525,178.575,0.0
2007-04-04T12:00:00Z,-17.525,178.625,0.0
2007-04-04T12:00:00Z,-17.575,178.375,0.0
2007-04-04T12:00:00Z,-17.575,178.425,0.0
2007-04-04T12:00:00Z,-17.575,178.475,0.0
2007-04-04T12:00:00Z,-17.575,178.525,0.0
2007-04-04T12:00:00Z,-17.575,178.575,0.0
2007-04-04T12:00:00Z,-17.575,178.625,0.0
2007-04-04T12:00:00Z,-17.625,178.375,NaN
2007-04-04T12:00:00Z,-17.625,178.425,NaN
2007-04-04T12:00:00Z,-17.625,178.475,NaN
2007-04-04T12:00:00Z,-17.625,178.525,0.0
2007-04-04T12:00:00Z,-17.625,178.575,0.0
2007-04-04T12:00:00Z,-17.625,178.625,0.0
2007-04-04T12:00:00Z,-17.675,178.375,NaN
2007-04-04T12:00:00Z,-17.675,178.425,NaN
2007-04-04T12:00:00Z,-17.675,178.475,NaN
2007-04-04T12:00:00Z,-17.675,178.525,NaN
2007-04-04T12:00:00Z,-17.675,178.575,0.0
2007-04-04T12:00:00Z,-17.675,178.625,0.0
2007-05-04T12:00:00Z,-17.325,178.375,0.0
2007-05-04T12:00:00Z,-17.325,178.425,0.0
2007-05-04T12:00:00Z,-17.325,178.475,0.0
2007-05-04T12:00:00Z,-17.325,178.525,0.0
2007-05-04T12:00:00Z,-17.325,178.575,0.0
2007-05-04T12:00:00Z,-17.325,178.625,0.0
2007-05-04T12:00:00Z,-17.375,178.375,0.0
2007-05-04T12:00:00Z,-17.375,178.425,0.0
2007-05-04T12:00:00Z,-17.375,178.475,0.0
2007-05-04T12:00:00Z,-17.375,178.525,0.0
2007-05-04T12:00:00Z,-17.375,178.575,0.0
2007-05-04T12:00:00Z,-17.375,178.625,0.0
2007-05-04T12:00:00Z,-17.425,178.375,0.0
2007-05-04T12:00:00Z,-17.425,178.425,0.0
2007-05-04T12:00:00Z,-17.425,178.475,0.0
2007-05-04T12:00:00Z,-17.425,178.525,0.0
2007-05-04T12:00:00Z,-17.425,178.575,0.0
2007-05-04T12:00:00Z,-17.425,178.625,0.0
2007-05-04T12:00:00Z,-17.475,178.375,0.0
2007-05-04T12:00:00Z,-17.475,178.425,0.0
2007-05-04T12:00:00Z,-17.475,178.475,0.0
2007-05-04T12:00:00Z,-17.475,178.525,0.0
2007-05-04T12:00:00Z,-17.475,178.575,0.0
2007-05-04T12:00:00Z,-17.475,178.625,0.0
2007-05-04T12:00:00Z,-17.525,178.375,0.0
2007-05-04T12:00:00Z,-17.525,178.425,0.0
2007-05-04T12:00:00Z,-17.525,178.475,0.0
2007-05-04T12:00:00Z,-17.525,178.525,0.0
2007-05-04T12:00:00Z,-17.525,178.575,0.0
2007-05-04T12:00:00Z,-17.525,178.625,0.0
2007-05-04T12:00:00Z,-17.575,178.375,0.0
2007-05-04T12:00:00Z,-17.575,178.425,0.0
2007-05-04T12:00:00Z,-17.575,178.475,0.0
2007-05-04T12:00:00Z,-17.575,178.525,0.0
2007-05-04T12:00:00Z,-17.575,178.575,0.0
2007-05-04T12:00:00Z,-17.575,178.625,0.0
2007-05-04T12:00:00Z,-17.625,178.375,NaN
2007-05-04T12:00:00Z,-17.625,178.425,NaN
2007-05-04T12:00:00Z,-17.625,178.475,NaN
2007-05-04T12:00:00Z,-17.625,178.525,0.0
2007-05-04T12:00:00Z,-17.625,178.575,0.0
2007-05-04T12:00:00Z,-17.625,178.625,0.0
2007-05-04T12:00:00Z,-17.675,178.375,NaN
2007-05-04T12:00:00Z,-17.675,178.425,NaN
2007-05-04T12:00:00Z,-17.675,178.475,NaN
2007-05-04T12:00:00Z,-17.675,178.525,NaN
2007-05-04T12:00:00Z,-17.675,178.575,0.0
2007-05-04T12:00:00Z,-17.675,178.625,0.0
2007-06-03T12:00:00Z,-17.325,178.375,0.0
2007-06-03T12:00:00Z,-17.325,178.425,0.0
2007-06-03T12:00:00Z,-17.325,178.475,0.0
2007-06-03T12:00:00Z,-17.325,178.525,0.0
2007-06-03T12:00:00Z,-17.325,178.575,0.0
2007-06-03T12:00:00Z,-17.325,178.625,0.0
2007-06-03T12:00:00Z,-17.375,178.375,0.0
2007-06-03T12:00:00Z,-17.375,178.425,0.0
2007-06-03T12:00:00Z,-17.375,178.475,0.0
2007-06-03T12:00:00Z,-17.375,178.525,0.0
2007-06-03T12:00:00Z,-17.375,178.575,0.0
2007-06-03T12:00:00Z,-17.375,178.625,0.0
2007-06-03T12:00:00Z,-17.425,178.375,0.0
2007-06-03T12:00:00Z,-17.425,178.425,0.0
2007-06-03T12:00:00Z,-17.425,178.475,0.0
2007-06-03T12:00:00Z,-17.425,178.525,0.0
2007-06-03T12:00:00Z,-17.425,178.575,0.0
2007-06-03T12:00:00Z,-17.425,178.625,0.0
2007-06-03T12:00:00Z,-17.475,178.375,0.0
2007-06-03T12:00:00Z,-17.475,178.425,0.0
2007-06-03T12:00:00Z,-17.475,178.475,0.0
2007-06-03T12:00:00Z,-17.475,178.525,0.0
2007-06-03T12:00:00Z,-17.475,178.575,0.0
2007-06-03T12:00:00Z,-17.475,178.625,0.0
2007-06-03T12:00:00Z,-17.525,178.375,0.0
2007-06-03T12:00:00Z,-17.525,178.425,0.0
2007-06-03T12:00:00Z,-17.525,178.475,0.0
2007-06-03T12:00:00Z,-17.525,178.525,0.0
2007-06-03T12:00:00Z,-17.525,178.575,0.0
2007-06-03T12:00:00Z,-17.525,178.625,0.0
2007-06-03T12:00:00Z,-17.575,178.375,0.0
2007-06-03T12:00:00Z,-17.575,178.425,0.0
2007-06-03T12:00:00Z,-17.575,178.475,0.0
2007-06-03T12:00:00Z,-17.575,178.525,0.0
2007-06-03T12:00:00Z,-17.575,178.575,0.0
2007-06-03T12:00:00Z,-17.575,178.625,0.0
2007-06-03T12:00:00Z,-17.625,178.375,NaN
2007-06-03T12:00:00Z,-17.625,178.425,NaN
2007-06-03T12:00:00Z,-17.625,178.475,NaN
2007-06-03T12:00:00Z,-17.625,178.525,0.0
2007-06-03T12:00:00Z,-17.625,178.575,0.0
2007-06-03T12:00:00Z,-17.625,178.625,0.0
2007-06-03T12:00:00Z,-17.675,178.375,NaN
2007-06-03T12:00:00Z,-17.675,178.425,NaN
2007-06-03T12:00:00Z,-17.675,178.475,NaN
2007-06-03T12:00:00Z,-17.675,178.525,NaN
2007-06-03T12:00:00Z,-17.675,178.575,0.0
2007-06-03T12:00:00Z,-17.675,178.625,0.0
2007-07-03T12:00:00Z,-17.325,178.375,0.0
2007-07-03T12:00:00Z,-17.325,178.425,0.0
2007-07-03T12:00:00Z,-17.325,178.475,0.0
2007-07-03T12:00:00Z,-17.325,178.525,0.0
2007-07-03T12:00:00Z,-17.325,178.575,0.0
2007-07-03T12:00:00Z,-17.325,178.625,0.0
2007-07-03T12:00:00Z,-17.375,178.375,0.0
2007-07-03T12:00:00Z,-17.375,178.425,0.0
2007-07-03T12:00:00Z,-17.375,178.475,0.0
2007-07-03T12:00:00Z,-17.375,178.525,0.0
2007-07-03T12:00:00Z,-17.375,178.575,0.0
2007-07-03T12:00:00Z,-17.375,178.625,0.0
2007-07-03T12:00:00Z,-17.425,178.375,0.0
2007-07-03T12:00:00Z,-17.425,178.425,0.0
2007-07-03T12:00:00Z,-17.425,178.475,0.0
2007-07-03T12:00:00Z,-17.425,178.525,0.0
2007-07-03T12:00:00Z,-17.425,178.575,0.0
2007-07-03T12:00:00Z,-17.425,178.625,0.0
2007-07-03T12:00:00Z,-17.475,178.375,0.0
2007-07-03T12:00:00Z,-17.475,178.425,0.0
2007-07-03T12:00:00Z,-17.475,178.475,0.0
2007-07-03T12:00:00Z,-17.475,178.525,0.0
2007-07-03T12:00:00Z,-17.475,178.575,0.0
2007-07-03T12:00:00Z,-17.475,178.625,0.0
2007-07-03T12:00:00Z,-17.525,178.375,0.0
2007-07-03T12:00:00Z,-17.525,178.425,0.0
2007-07-03T12:00:00Z,-17.525,178.475,0.0
2007-07-03T12:00:00Z,-17.525,178.525,0.0
2007-07-03T12:00:00Z,-17.525,178.575,0.0
2007-07-03T12:00:00Z,-17.525,178.625,0.0
2007-07-03T12:00:00Z,-17.575,178.375,0.0
2007-07-03T12:00:00Z,-17.575,178.425,0.0
2007-07-03T12:00:00Z,-17.575,178.475,0.0
2007-07-03T12:00:00Z,-17.575,178.525,0.0
2007-07-03T12:00:00Z,-17.575,178.575,0.0
2007-07-03T12:00:00Z,-17.575,178.625,0.0
2007-07-03T12:00:00Z,-17.625,178.375,NaN
2007-07-03T12:00:00Z,-17.625,178.425,NaN
2007-07-03T12:00:00Z,-17.625,178.475,NaN
2007-07-03T12:00:00Z,-17.625,178.525,0.0
2007-07-03T12:00:00Z,-17.625,178.575,0.0
2007-07-03T12:00:00Z,-17.625,178.625,0.0
2007-07-03T12:00:00Z,-17.675,178.375,NaN
2007-07-03T12:00:00Z,-17.675,178.425,NaN
2007-07-03T12:00:00Z,-17.675,178.475,NaN
2007-07-03T12:00:00Z,-17.675,178.525,NaN
2007-07-03T12:00:00Z,-17.675,178.575,0.0
2007-07-03T12:00:00Z,-17.675,178.625,0.0
2007-08-02T12:00:00Z,-17.325,178.375,0.0
2007-08-02T12:00:00Z,-17.325,178.425,0.0
2007-08-02T12:00:00Z,-17.325,178.475,0.0
2007-08-02T12:00:00Z,-17.325,178.525,0.0
2007-08-02T12:00:00Z,-17.325,178.575,0.0
2007-08-02T12:00:00Z,-17.325,178.625,0.0
2007-08-02T12:00:00Z,-17.375,178.375,0.0
2007-08-02T12:00:00Z,-17.375,178.425,0.0
2007-08-02T12:00:00Z,-17.375,178.475,0.0
2007-08-02T12:00:00Z,-17.375,178.525,0.0
2007-08-02T12:00:00Z,-17.375,178.575,0.0
2007-08-02T12:00:00Z,-17.375,178.625,0.0
2007-08-02T12:00:00Z,-17.425,178.375,0.0
2007-08-02T12:00:00Z,-17.425,178.425,0.0
2007-08-02T12:00:00Z,-17.425,178.475,0.0
2007-08-02T12:00:00Z,-17.425,178.525,0.0
2007-08-02T12:00:00Z,-17.425,178.575,0.0
2007-08-02T12:00:00Z,-17.425,178.625,0.0
2007-08-02T12:00:00Z,-17.475,178.375,0.0
2007-08-02T12:00:00Z,-17.475,178.425,0.0
2007-08-02T12:00:00Z,-17.475,178.475,0.0
2007-08-02T12:00:00Z,-17.475,178.525,0.0
2007-08-02T12:00:00Z,-17.475,178.575,0.0
2007-08-02T12:00:00Z,-17.475,178.625,0.0
2007-08-02T12:00:00Z,-17.525,178.375,0.0
2007-08-02T12:00:00Z,-17.525,178.425,0.0
2007-08-02T12:00:00Z,-17.525,178.475,0.0
2007-08-02T12:00:00Z,-17.525,178.525,0.0
2007-08-02T12:00:00Z,-17.525,178.575,0.0
2007-08-02T12:00:00Z,-17.525,178.625,0.0
2007-08-02T12:00:00Z,-17.575,178.375,0.0
2007-08-02T12:00:00Z,-17.575,178.425,0.0
2007-08-02T12:00:00Z,-17.575,178.475,0.0
2007-08-02T12:00:00Z,-17.575,178.525,0.0
2007-08-02T12:00:00Z,-17.575,178.575,0.0
2007-08-02T12:00:00Z,-17.575,178.625,0.0
2007-08-02T12:00:00Z,-17.625,178.375,NaN
2007-08-02T12:00:00Z,-17.625,178.425,NaN
2007-08-02T12:00:00Z,-17.625,178.475,NaN
2007-08-02T12:00:00Z,-17.625,178.525,0.0
2007-08-02T12:00:00Z,-17.625,178.575,0.0
2007-08-02T12:00:00Z,-17.625,178.625,0.0
2007-08-02T12:00:00Z,-17.675,178.375,NaN
2007-08-02T12:00:00Z,-17.675,178.425,NaN
2007-08-02T12:00:00Z,-17.675,178.475,NaN
2007-08-02T12:00:00Z,-17.675,178.525,NaN
2007-08-02T12:00:00Z,-17.675,178.575,0.0
2007-08-02T12:00:00Z,-17.675,178.625,0.0
2007-09-01T12:00:00Z,-17.325,178.375,0.0
2007-09-01T12:00:00Z,-17.325,178.425,0.0
2007-09-01T12:00:00Z,-17.325,178.475,0.0
2007-09-01T12:00:00Z,-17.325,178.525,0.0
2007-09-01T12:00:00Z,-17.325,178.575,0.0
2007-09-01T12:00:00Z,-17.325,178.625,0.0
2007-09-01T12:00:00Z,-17.375,178.375,0.0
2007-09-01T12:00:00Z,-17.375,178.425,0.0
2007-09-01T12:00:00Z,-17.375,178.475,0.0
2007-09-01T12:00:00Z,-17.375,178.525,0.0
2007-09-01T12:00:00Z,-17.375,178.575,0.0
2007-09-01T12:00:00Z,-17.375,178.625,0.0
2007-09-01T12:00:00Z,-17.425,178.375,0.0
2007-09-01T12:00:00Z,-17.425,178.425,0.0
2007-09-01T12:00:00Z,-17.425,178.475,0.0
2007-09-01T12:00:00Z,-17.425,178.525,0.0
2007-09-01T12:00:00Z,-17.425,178.575,0.0
2007-09-01T12:00:00Z,-17.425,178.625,0.0
2007-09-01T12:00:00Z,-17.475,178.375,0.0
2007-09-01T12:00:00Z,-17.475,178.425,0.0
2007-09-01T12:00:00Z,-17.475,178.475,0.0
2007-09-01T12:00:00Z,-17.475,178.525,0.0
2007-09-01T12:00:00Z,-17.475,178.575,0.0
2007-09-01T12:00:00Z,-17.475,178.625,0.0
2007-09-01T12:00:00Z,-17.525,178.375,0.0
2007-09-01T12:00:00Z,-17.525,178.425,0.0
2007-09-01T12:00:00Z,-17.525,178.475,0.0
2007-09-01T12:00:00Z,-17.525,178.525,0.0
2007-09-01T12:00:00Z,-17.525,178.575,0.0
2007-09-01T12:00:00Z,-17.525,178.625,0.0
2007-09-01T12:00:00Z,-17.575,178.375,0.0
2007-09-01T12:00:00Z,-17.575,178.425,0.0
2007-09-01T12:00:00Z,-17.575,178.475,0.0
2007-09-01T12:00:00Z,-17.575,178.525,0.0
2007-09-01T12:00:00Z,-17.575,178.575,0.0
2007-09-01T12:00:00Z,-17.575,178.625,0.0
2007-09-01T12:00:00Z,-17.625,178.375,NaN
2007-09-01T12:00:00Z,-17.625,178.425,NaN
2007-09-01T12:00:00Z,-17.625,178.475,NaN
2007-09-01T12:00:00Z,-17.625,178.525,0.0
2007-09-01T12:00:00Z,-17.625,178.575,0.0
2007-09-01T12:00:00Z,-17.625,178.625,0.0
2007-09-01T12:00:00Z,-17.675,178.375,NaN
2007-09-01T12:00:00Z,-17.675,178.425,NaN
2007-09-01T12:00:00Z,-17.675,178.475,NaN
2007-09-01T12:00:00Z,-17.675,178.525,NaN
2007-09-01T12:00:00Z,-17.675,178.575,0.0
2007-09-01T12:00:00Z,-17.675,178.625,0.0
2007-10-01T12:00:00Z,-17.325,178.375,0.0
2007-10-01T12:00:00Z,-17.325,178.425,0.0
2007-10-01T12:00:00Z,-17.325,178.475,0.0
2007-10-01T12:00:00Z,-17.325,178.525,0.0
2007-10-01T12:00:00Z,-17.325,178.575,0.0
2007-10-01T12:00:00Z,-17.325,178.625,0.0
2007-10-01T12:00:00Z,-17.375,178.375,0.0
2007-10-01T12:00:00Z,-17.375,178.425,0.0
2007-10-01T12:00:00Z,-17.375,178.475,0.0
2007-10-01T12:00:00Z,-17.375,178.525,0.0
2007-10-01T12:00:00Z,-17.375,178.575,0.0
2007-10-01T12:00:00Z,-17.375,178.625,0.0
2007-10-01T12:00:00Z,-17.425,178.375,0.0
2007-10-01T12:00:00Z,-17.425,178.425,0.0
2007-10-01T12:00:00Z,-17.425,178.475,0.0
2007-10-01T12:00:00Z,-17.425,178.525,0.0
2007-10-01T12:00:00Z,-17.425,178.575,0.0
2007-10-01T12:00:00Z,-17.425,178.625,0.0
2007-10-01T12:00:00Z,-17.475,178.375,0.0
2007-10-01T12:00:00Z,-17.475,178.425,0.0
2007-10-01T12:00:00Z,-17.475,178.475,0.0
2007-10-01T12:00:00Z,-17.475,178.525,0.0
2007-10-01T12:00:00Z,-17.475,178.575,0.0
2007-10-01T12:00:00Z,-17.475,178.625,0.0
2007-10-01T12:00:00Z,-17.525,178.375,0.0
2007-10-01T12:00:00Z,-17.525,178.425,0.0
2007-10-01T12:00:00Z,-17.525,178.475,0.0
2007-10-01T12:00:00Z,-17.525,178.525,0.0
2007-10-01T12:00:00Z,-17.525,178.575,0.0
2007-10-01T12:00:00Z,-17.525,178.625,0.0
2007-10-01T12:00:00Z,-17.575,178.375,0.0
2007-10-01T12:00:00Z,-17.575,178.425,0.0
2007-10-01T12:00:00Z,-17.575,178.475,0.0
2007-10-01T12:00:00Z,-17.575,178.525,0.0
2007-10-01T12:00:00Z,-17.575,178.575,0.0
2007-10-01T12:00:00Z,-17.575,178.625,0.0
2007-10-01T12:00:00Z,-17.625,178.375,NaN
2007-10-01T12:00:00Z,-17.625,178.425,NaN
2007-10-01T12:00:00Z,-17.625,178.475,NaN
2007-10-01T12:00:00Z,-17.625,178.525,0.0
2007-10-01T12:00:00Z,-17.625,178.575,0.0
2007-10-01T12:00:00Z,-17.625,178.625,0.0
2007-10-01T12:00:00Z,-17.675,178.375,NaN
2007-10-01T12:00:00Z,-17.675,178.425,NaN
2007-10-01T12:00:00Z,-17.675,178.475,NaN
2007-10-01T12:00:00Z,-17.675,178.525,NaN
2007-10-01T12:00:00Z,-17.675,178.575,0.0
2007-10-01T12:00:00Z,-17.675,178.625,0.0
2007-10-31T12:00:00Z,-17.325,178.375,0.0
2007-10-31T12:00:00Z,-17.325,178.425,0.0
2007-10-31T12:00:00Z,-17.325,178.475,0.0
2007-10-31T12:00:00Z,-17.325,178.525,0.0
2007-10-31T12:00:00Z,-17.325,178.575,0.0
2007-10-31T12:00:00Z,-17.325,178.625,0.0
2007-10-31T12:00:00Z,-17.375,178.375,0.0
2007-10-31T12:00:00Z,-17.375,178.425,0.0
2007-10-31T12:00:00Z,-17.375,178.475,0.0
2007-10-31T12:00:00Z,-17.375,178.525,0.0
2007-10-31T12:00:00Z,-17.375,178.575,0.0
2007-10-31T12:00:00Z,-17.375,178.625,0.0
2007-10-31T12:00:00Z,-17.425,178.375,0.0
2007-10-31T12:00:00Z,-17.425,178.425,0.0
2007-10-31T12:00:00Z,-17.425,178.475,0.0
2007-10-31T12:00:00Z,-17.425,178.525,0.0
2007-10-31T12:00:00Z,-17.425,178.575,0.0
2007-10-31T12:00:00Z,-17.425,178.625,0.0
2007-10-31T12:00:00Z,-17.475,178.375,0.0
2007-10-31T12:00:00Z,-17.475,178.425,0.0
2007-10-31T12:00:00Z,-17.475,178.475,0.0
2007-10-31T12:00:00Z,-17.475,178.525,0.0
2007-10-31T12:00:00Z,-17.475,178.575,0.0
2007-10-31T12:00:00Z,-17.475,178.625,0.0
2007-10-31T12:00:00Z,-17.525,178.375,0.0
2007-10-31T12:00:00Z,-17.525,178.425,0.0
2007-10-31T12:00:00Z,-17.525,178.475,0.0
2007-10-31T12:00:00Z,-17.525,178.525,0.0
2007-10-31T12:00:00Z,-17.525,178.575,0.0
2007-10-31T12:00:00Z,-17.525,178.625,0.0
2007-10-31T12:00:00Z,-17.575,178.375,0.0
2007-10-31T12:00:00Z,-17.575,178.425,0.0
2007-10-31T12:00:00Z,-17.575,178.475,0.0
2007-10-31T12:00:00Z,-17.575,178.525,0.0
2007-10-31T12:00:00Z,-17.575,178.575,0.0
2007-10-31T12:00:00Z,-17.575,178.625,0.0
2007-10-31T12:00:00Z,-17.625,178.375,NaN
2007-10-31T12:00:00Z,-17.625,178.425,NaN
2007-10-31T12:00:00Z,-17.625,178.475,NaN
2007-10-31T12:00:00Z,-17.625,178.525,0.0
2007-10-31T12:00:00Z,-17.625,178.575,0.0
2007-10-31T12:00:00Z,-17.625,178.625,0.0
2007-10-31T12:00:00Z,-17.675,178.375,NaN
2007-10-31T12:00:00Z,-17.675,178.425,NaN
2007-10-31T12:00:00Z,-17.675,178.475,NaN
2007-10-31T12:00:00Z,-17.675,178.525,NaN
2007-10-31T12:00:00Z,-17.675,178.575,0.0
2007-10-31T12:00:00Z,-17.675,178.625,0.0
2007-11-30T12:00:00Z,-17.325,178.375,0.0
2007-11-30T12:00:00Z,-17.325,178.425,0.0
2007-11-30T12:00:00Z,-17.325,178.475,0.0
2007-11-30T12:00:00Z,-17.325,178.525,0.0
2007-11-30T12:00:00Z,-17.325,178.575,0.0
2007-11-30T12:00:00Z,-17.325,178.625,0.0
2007-11-30T12:00:00Z,-17.375,178.375,0.0
2007-11-30T12:00:00Z,-17.375,178.425,0.0
2007-11-30T12:00:00Z,-17.375,178.475,0.0
2007-11-30T12:00:00Z,-17.375,178.525,0.0
2007-11-30T12:00:00Z,-17.375,178.575,0.0
2007-11-30T12:00:00Z,-17.375,178.625,0.0
2007-11-30T12:00:00Z,-17.425,178.375,0.0
2007-11-30T12:00:00Z,-17.425,178.425,0.0
2007-11-30T12:00:00Z,-17.425,178.475,0.0
2007-11-30T12:00:00Z,-17.425,178.525,0.0
2007-11-30T12:00:00Z,-17.425,178.575,0.0
2007-11-30T12:00:00Z,-17.425,178.625,0.0
2007-11-30T12:00:00Z,-17.475,178.375,0.0
2007-11-30T12:00:00Z,-17.475,178.425,0.0
2007-11-30T12:00:00Z,-17.475,178.475,0.0
2007-11-30T12:00:00Z,-17.475,178.525,0.0
2007-11-30T12:00:00Z,-17.475,178.575,0.0
2007-11-30T12:00:00Z,-17.475,178.625,0.0
2007-11-30T12:00:00Z,-17.525,178.375,0.0
2007-11-30T12:00:00Z,-17.525,178.425,0.0
2007-11-30T12:00:00Z,-17.525,178.475,0.0
2007-11-30T12:00:00Z,-17.525,178.525,0.0
2007-11-30T12:00:00Z,-17.525,178.575,0.0
2007-11-30T12:00:00Z,-17.525,178.625,0.0
2007-11-30T12:00:00Z,-17.575,178.375,0.0
2007-11-30T12:00:00Z,-17.575,178.425,0.0
2007-11-30T12:00:00Z,-17.575,178.475,0.0
2007-11-30T12:00:00Z,-17.575,178.525,0.0
2007-11-30T12:00:00Z,-17.575,178.575,0.0
2007-11-30T12:00:00Z,-17.575,178.625,0.0
2007-11-30T12:00:00Z,-17.625,178.375,NaN
2007-11-30T12:00:00Z,-17.625,178.425,NaN
2007-11-30T12:00:00Z,-17.625,178.475,NaN
2007-11-30T12:00:00Z,-17.625,178.525,0.0
2007-11-30T12:00:00Z,-17.625,178.575,0.0
2007-11-30T12:00:00Z,-17.625,178.625,0.0
2007-11-30T12:00:00Z,-17.675,178.375,NaN
2007-11-30T12:00:00Z,-17.675,178.425,NaN
2007-11-30T12:00:00Z,-17.675,178.475,NaN
2007-11-30T12:00:00Z,-17.675,178.525,NaN
2007-11-30T12:00:00Z,-17.675,178.575,0.0
2007-11-30T12:00:00Z,-17.675,178.625,0.0
2007-12-30T12:00:00Z,-17.325,178.375,0.0
2007-12-30T12:00:00Z,-17.325,178.425,0.0
2007-12-30T12:00:00Z,-17.325,178.475,0.0
2007-12-30T12:00:00Z,-17.325,178.525,0.0
2007-12-30T12:00:00Z,-17.325,178.575,0.0
2007-12-30T12:00:00Z,-17.325,178.625,0.0
2007-12-30T12:00:00Z,-17.375,178.375,0.0
2007-12-30T12:00:00Z,-17.375,178.425,0.0
2007-12-30T12:00:00Z,-17.375,178.475,0.0
2007-12-30T12:00:00Z,-17.375,178.525,0.0
2007-12-30T12:00:00Z,-17.375,178.575,0.0
2007-12-30T12:00:00Z,-17.375,178.625,0.0
2007-12-30T12:00:00Z,-17.425,178.375,0.0
2007-12-30T12:00:00Z,-17.425,178.425,0.0
2007-12-30T12:00:00Z,-17.425,178.475,0.0
2007-12-30T12:00:00Z,-17.425,178.525,0.0
2007-12-30T12:00:00Z,-17.425,178.575,0.0
2007-12-30T12:00:00Z,-17.425,178.625,0.0
2007-12-30T12:00:00Z,-17.475,178.375,0.0
2007-12-30T12:00:00Z,-17.475,178.425,0.0
2007-12-30T12:00:00Z,-17.475,178.475,0.0
2007-12-30T12:00:00Z,-17.475,178.525,0.0
2007-12-30T12:00:00Z,-17.475,178.575,0.0
2007-12-30T12:00:00Z,-17.475,178.625,0.0
2007-12-30T12:00:00Z,-17.525,178.375,0.0
2007-12-30T12:00:00Z,-17.525,178.425,0.0
2007-12-30T12:00:00Z,-17.525,178.475,0.0
2007-12-30T12:00:00Z,-17.525,178.525,0.0
2007-12-30T12:00:00Z,-17.525,178.575,0.0
2007-12-30T12:00:00Z,-17.525,178.625,0.0
2007-12-30T12:00:00Z,-17.575,178.375,0.0
2007-12-30T12:00:00Z,-17.575,178.425,0.0
2007-12-30T12:00:00Z,-17.575,178.475,0.0
2007-12-30T12:00:00Z,-17.575,178.525,0.0
2007-12-30T12:00:00Z,-17.575,178.575,0.0
2007-12-30T12:00:00Z,-17.575,178.625,0.0
2007-12-30T12:00:00Z,-17.625,178.375,NaN
2007-12-30T12:00:00Z,-17.625,178.425,NaN
2007-12-30T12:00:00Z,-17.625,178.475,NaN
2007-12-30T12:00:00Z,-17.625,178.525,0.0
2007-12-30T12:00:00Z,-17.625,178.575,0.0
2007-12-30T12:00:00Z,-17.625,178.625,0.0
2007-12-30T12:00:00Z,-17.675,178.375,NaN
2007-12-30T12:00:00Z,-17.675,178.425,NaN
2007-12-30T12:00:00Z,-17.675,178.475,NaN
2007-12-30T12:00:00Z,-17.675,178.525,NaN
2007-12-30T12:00:00Z,-17.675,178.575,0.0
2007-12-30T12:00:00Z,-17.675,178.625,0.0
2008-01-29T12:00:00Z,-17.325,178.375,0.0
2008-01-29T12:00:00Z,-17.325,178.425,0.0
2008-01-29T12:00:00Z,-17.325,178.475,0.0
2008-01-29T12:00:00Z,-17.325,178.525,0.0
2008-01-29T12:00:00Z,-17.325,178.575,0.0
2008-01-29T12:00:00Z,-17.325,178.625,0.0
2008-01-29T12:00:00Z,-17.375,178.375,0.0
2008-01-29T12:00:00Z,-17.375,178.425,0.0
2008-01-29T12:00:00Z,-17.375,178.475,0.0
2008-01-29T12:00:00Z,-17.375,178.525,0.0
2008-01-29T12:00:00Z,-17.375,178.575,0.0
2008-01-29T12:00:00Z,-17.375,178.625,0.0
2008-01-29T12:00:00Z,-17.425,178.375,0.0
2008-01-29T12:00:00Z,-17.425,178.425,0.0
2008-01-29T12:00:00Z,-17.425,178.475,0.0
2008-01-29T12:00:00Z,-17.425,178.525,0.0
2008-01-29T12:00:00Z,-17.425,178.575,0.0
2008-01-29T12:00:00Z,-17.425,178.625,0.0
2008-01-29T12:00:00Z,-17.475,178.375,0.0
2008-01-29T12:00:00Z,-17.475,178.425,0.0
2008-01-29T12:00:00Z,-17.475,178.475,0.0
2008-01-29T12:00:00Z,-17.475,178.525,0.0
2008-01-29T12:00:00Z,-17.475,178.575,0.0
2008-01-29T12:00:00Z,-17.475,178.625,0.0
2008-01-29T12:00:00Z,-17.525,178.375,0.0
2008-01-29T12:00:00Z,-17.525,178.425,0.0
2008-01-29T12:00:00Z,-17.525,178.475,0.0
2008-01-29T12:00:00Z,-17.525,178.525,0.0
2008-01-29T12:00:00Z,-17.525,178.575,0.0
2008-01-29T12:00:00Z,-17.525,178.625,0.0
2008-01-29T12:00:00Z,-17.575,178.375,0.0
2008-01-29T12:00:00Z,-17.575,178.425,0.0
2008-01-29T12:00:00Z,-17.575,178.475,0.0
2008-01-29T12:00:00Z,-17.575,178.525,0.0
2008-01-29T12:00:00Z,-17.575,178.575,0.0
2008-01-29T12:00:00Z,-17.575,178.625,0.0
2008-01-29T12:00:00Z,-17.625,178.375,NaN
2008-01-29T12:00:00Z,-17.625,178.425,NaN
2008-01-29T12:00:00Z,-17.625,178.475,NaN
2008-01-29T12:00:00Z,-17.625,178.525,0.0
2008-01-29T12:00:00Z,-17.625,178.575,0.0
2008-01-29T12:00:00Z,-17.625,178.625,0.0
2008-01-29T12:00:00Z,-17.675,178.375,NaN
2008-01-29T12:00:00Z,-17.675,178.425,NaN
2008-01-29T12:00:00Z,-17.675,178.475,NaN
2008-01-29T12:00:00Z,-17.675,178.525,NaN
2008-01-29T12:00:00Z,-17.675,178.575,0.0
2008-01-29T12:00:00Z,-17.675,178.625,0.0
2008-02-28T12:00:00Z,-17.325,178.375,0.35000000000000003
2008-02-28T12:00:00Z,-17.325,178.425,0.34
2008-02-28T12:00:00Z,-17.325,178.475,0.33
2008-02-28T12:00:00Z,-17.325,178.525,0.31
2008-02-28T12:00:00Z,-17.325,178.575,0.3
2008-02-28T12:00:00Z,-17.325,178.625,0.29
2008-02-28T12:00:00Z,-17.375,178.375,0.35000000000000003
2008-02-28T12:00:00Z,-17.375,178.425,0.34
2008-02-28T12:00:00Z,-17.375,178.475,0.33
2008-02-28T12:00:00Z,-17.375,178.525,0.32
2008-02-28T12:00:00Z,-17.375,178.575,0.3
2008-02-28T12:00:00Z,-17.375,178.625,0.29
2008-02-28T12:00:00Z,-17.425,178.375,0.35000000000000003
2008-02-28T12:00:00Z,-17.425,178.425,0.34
2008-02-28T12:00:00Z,-17.425,178.475,0.33
2008-02-28T12:00:00Z,-17.425,178.525,0.31
2008-02-28T12:00:00Z,-17.425,178.575,0.3
2008-02-28T12:00:00Z,-17.425,178.625,0.29
2008-02-28T12:00:00Z,-17.475,178.375,0.35000000000000003
2008-02-28T12:00:00Z,-17.475,178.425,0.34
2008-02-28T12:00:00Z,-17.475,178.475,0.33
2008-02-28T12:00:00Z,-17.475,178.525,0.32
2008-02-28T12:00:00Z,-17.475,178.575,0.31
2008-02-28T12:00:00Z,-17.475,178.625,0.29
2008-02-28T12:00:00Z,-17.525,178.375,0.35000000000000003
2008-02-28T12:00:00Z,-17.525,178.425,0.35000000000000003
2008-02-28T12:00:00Z,-17.525,178.475,0.33
2008-02-28T12:00:00Z,-17.525,178.525,0.32
2008-02-28T12:00:00Z,-17.525,178.575,0.31
2008-02-28T12:00:00Z,-17.525,178.625,0.3
2008-02-28T12:00:00Z,-17.575,178.375,0.36
2008-02-28T12:00:00Z,-17.575,178.425,0.35000000000000003
2008-02-28T12:00:00Z,-17.575,178.475,0.34
2008-02-28T12:00:00Z,-17.575,178.525,0.33
2008-02-28T12:00:00Z,-17.575,178.575,0.31
2008-02-28T12:00:00Z,-17.575,178.625,0.3
2008-02-28T12:00:00Z,-17.625,178.375,NaN
2008-02-28T12:00:00Z,-17.625,178.425,NaN
2008-02-28T12:00:00Z,-17.625,178.475,NaN
2008-02-28T12:00:00Z,-17.625,178.525,0.33
2008-02-28T12:00:00Z,-17.625,178.575,0.32
2008-02-28T12:00:00Z,-17.625,178.625,0.3
2008-02-28T12:00:00Z,-17.675,178.375,NaN
2008-02-28T12:00:00Z,-17.675,178.425,NaN
2008-02-28T12:00:00Z,-17.675,178.475,NaN
2008-02-28T12:00:00Z,-17.675,178.525,NaN
2008-02-28T12:00:00Z,-17.675,178.575,0.32
2008-02-28T12:00:00Z,-17.675,178.625,0.3
2008-03-29T12:00:00Z,-17.325,178.375,0.35000000000000003
2008-03-29T12:00:00Z,-17.325,178.425,0.34
2008-03-29T12:00:00Z,-17.325,178.475,0.33
2008-03-29T12:00:00Z,-17.325,178.525,0.31
2008-03-29T12:00:00Z,-17.325,178.575,0.3
2008-03-29T12:00:00Z,-17.325,178.625,0.29
2008-03-29T12:00:00Z,-17.375,178.375,0.35000000000000003
2008-03-29T12:00:00Z,-17.375,178.425,0.34
2008-03-29T12:00:00Z,-17.375,178.475,0.33
2008-03-29T12:00:00Z,-17.375,178.525,0.32
2008-03-29T12:00:00Z,-17.375,178.575,0.3
2008-03-29T12:00:00Z,-17.375,178.625,0.29
2008-03-29T12:00:00Z,-17.425,178.375,0.35000000000000003
2008-03-29T12:00:00Z,-17.425,178.425,0.34
2008-03-29T12:00:00Z,-17.425,178.475,0.33
2008-03-29T12:00:00Z,-17.425,178.525,0.31
2008-03-29T12:00:00Z,-17.425,178.575,0.3
2008-03-29T12:00:00Z,-17.425,178.625,0.29
2008-03-29T12:00:00Z,-17.475,178.375,0.35000000000000003
2008-03-29T12:00:00Z,-17.475,178.425,0.34
2008-03-29T12:00:00Z,-17.475,178.475,0.33
2008-03-29T12:00:00Z,-17.475,178.525,0.32
2008-03-29T12:00:00Z,-17.475,178.575,0.31
2008-03-29T12:00:00Z,-17.475,178.625,0.29
2008-03-29T12:00:00Z,-17.525,178.375,0.35000000000000003
2008-03-29T12:00:00Z,-17.525,178.425,0.35000000000000003
2008-03-29T12:00:00Z,-17.525,178.475,0.33
2008-03-29T12:00:00Z,-17.525,178.525,0.32
2008-03-29T12:00:00Z,-17.525,178.575,0.31
2008-03-29T12:00:00Z,-17.525,178.625,0.3
2008-03-29T12:00:00Z,-17.575,178.375,0.36
2008-03-29T12:00:00Z,-17.575,178.425,0.35000000000000003
2008-03-29T12:00:00Z,-17.575,178.475,0.34
2008-03-29T12:00:00Z,-17.575,178.525,0.33
2008-03-29T12:00:00Z,-17.575,178.575,0.31
2008-03-29T12:00:00Z,-17.575,178.625,0.3
2008-03-29T12:00:00Z,-17.625,178.375,NaN
2008-03-29T12:00:00Z,-17.625,178.425,NaN
2008-03-29T12:00:00Z,-17.625,178.475,NaN
2008-03-29T12:00:00Z,-17.625,178.525,0.33
2008-03-29T12:00:00Z,-17.625,178.575,0.32
2008-03-29T12:00:00Z,-17.625,178.625,0.3
2008-03-29T12:00:00Z,-17.675,178.375,NaN
2008-03-29T12:00:00Z,-17.675,178.425,NaN
2008-03-29T12:00:00Z,-17.675,178.475,NaN
2008-03-29T12:00:00Z,-17.675,178.525,NaN
2008-03-29T12:00:00Z,-17.675,178.575,0.32
2008-03-29T12:00:00Z,-17.675,178.625,0.3
2008-04-28T12:00:00Z,-17.325,178.375,0.35000000000000003
2008-04-28T12:00:00Z,-17.325,178.425,0.34
2008-04-28T12:00:00Z,-17.325,178.475,0.33
2008-04-28T12:00:00Z,-17.325,178.525,0.31
2008-04-28T12:00:00Z,-17.325,178.575,0.3
2008-04-28T12:00:00Z,-17.325,178.625,0.29
2008-04-28T12:00:00Z,-17.375,178.375,0.35000000000000003
2008-04-28T12:00:00Z,-17.375,178.425,0.34
2008-04-28T12:00:00Z,-17.375,178.475,0.33
2008-04-28T12:00:00Z,-17.375,178.525,0.32
2008-04-28T12:00:00Z,-17.375,178.575,0.3
2008-04-28T12:00:00Z,-17.375,178.625,0.29
2008-04-28T12:00:00Z,-17.425,178.375,0.35000000000000003
2008-04-28T12:00:00Z,-17.425,178.425,0.34
2008-04-28T12:00:00Z,-17.425,178.475,0.33
2008-04-28T12:00:00Z,-17.425,178.525,0.31
2008-04-28T12:00:00Z,-17.425,178.575,0.3
2008-04-28T12:00:00Z,-17.425,178.625,0.29
2008-04-28T12:00:00Z,-17.475,178.375,0.35000000000000003
2008-04-28T12:00:00Z,-17.475,178.425,0.34
2008-04-28T12:00:00Z,-17.475,178.475,0.33
2008-04-28T12:00:00Z,-17.475,178.525,0.32
2008-04-28T12:00:00Z,-17.475,178.575,0.31
2008-04-28T12:00:00Z,-17.475,178.625,0.29
2008-04-28T12:00:00Z,-17.525,178.375,0.35000000000000003
2008-04-28T12:00:00Z,-17.525,178.425,0.35000000000000003
2008-04-28T12:00:00Z,-17.525,178.475,0.33
2008-04-28T12:00:00Z,-17.525,178.525,0.32
2008-04-28T12:00:00Z,-17.525,178.575,0.31
2008-04-28T12:00:00Z,-17.525,178.625,0.3
2008-04-28T12:00:00Z,-17.575,178.375,0.36
2008-04-28T12:00:00Z,-17.575,178.425,0.35000000000000003
2008-04-28T12:00:00Z,-17.575,178.475,0.34
2008-04-28T12:00:00Z,-17.575,178.525,0.33
2008-04-28T12:00:00Z,-17.575,178.575,0.31
2008-04-28T12:00:00Z,-17.575,178.625,0.3
2008-04-28T12:00:00Z,-17.625,178.375,NaN
2008-04-28T12:00:00Z,-17.625,178.425,NaN
2008-04-28T12:00:00Z,-17.625,178.475,NaN
2008-04-28T12:00:00Z,-17.625,178.525,0.33
2008-04-28T12:00:00Z,-17.625,178.575,0.32
2008-04-28T12:00:00Z,-17.625,178.625,0.3
2008-04-28T12:00:00Z,-17.675,178.375,NaN
2008-04-28T12:00:00Z,-17.675,178.425,NaN
2008-04-28T12:00:00Z,-17.675,178.475,NaN
2008-04-28T12:00:00Z,-17.675,178.525,NaN
2008-04-28T12:00:00Z,-17.675,178.575,0.32
2008-04-28T12:00:00Z,-17.675,178.625,0.3
2008-05-28T12:00:00Z,-17.325,178.375,0.0
2008-05-28T12:00:00Z,-17.325,178.425,0.0
2008-05-28T12:00:00Z,-17.325,178.475,0.0
2008-05-28T12:00:00Z,-17.325,178.525,0.0
2008-05-28T12:00:00Z,-17.325,178.575,0.0
2008-05-28T12:00:00Z,-17.325,178.625,0.0
2008-05-28T12:00:00Z,-17.375,178.375,0.0
2008-05-28T12:00:00Z,-17.375,178.425,0.0
2008-05-28T12:00:00Z,-17.375,178.475,0.0
2008-05-28T12:00:00Z,-17.375,178.525,0.0
2008-05-28T12:00:00Z,-17.375,178.575,0.0
2008-05-28T12:00:00Z,-17.375,178.625,0.0
2008-05-28T12:00:00Z,-17.425,178.375,0.0
2008-05-28T12:00:00Z,-17.425,178.425,0.0
2008-05-28T12:00:00Z,-17.425,178.475,0.0
2008-05-28T12:00:00Z,-17.425,178.525,0.0
2008-05-28T12:00:00Z,-17.425,178.575,0.0
2008-05-28T12:00:00Z,-17.425,178.625,0.0
2008-05-28T12:00:00Z,-17.475,178.375,0.0
2008-05-28T12:00:00Z,-17.475,178.425,0.0
2008-05-28T12:00:00Z,-17.475,178.475,0.0
2008-05-28T12:00:00Z,-17.475,178.525,0.0
2008-05-28T12:00:00Z,-17.475,178.575,0.0
2008-05-28T12:00:00Z,-17.475,178.625,0.0
2008-05-28T12:00:00Z,-17.525,178.375,0.0
2008-05-28T12:00:00Z,-17.525,178.425,0.0
2008-05-28T12:00:00Z,-17.525,178.475,0.0
2008-05-28T12:00:00Z,-17.525,178.525,0.0
2008-05-28T12:00:00Z,-17.525,178.575,0.0
2008-05-28T12:00:00Z,-17.525,178.625,0.0
2008-05-28T12:00:00Z,-17.575,178.375,0.0
2008-05-28T12:00:00Z,-17.575,178.425,0.0
2008-05-28T12:00:00Z,-17.575,178.475,0.0
2008-05-28T12:00:00Z,-17.575,178.525,0.0
2008-05-28T12:00:00Z,-17.575,178.575,0.0
2008-05-28T12:00:00Z,-17.575,178.625,0.0
2008-05-28T12:00:00Z,-17.625,178.375,NaN
2008-05-28T12:00:00Z,-17.625,178.425,NaN
2008-05-28T12:00:00Z,-17.625,178.475,NaN
2008-05-28T12:00:00Z,-17.625,178.525,0.0
2008-05-28T12:00:00Z,-17.625,178.575,0.0
2008-05-28T12:00:00Z,-17.625,178.625,0.0
2008-05-28T12:00:00Z,-17.675,178.375,NaN
2008-05-28T12:00:00Z,-17.675,178.425,NaN
2008-05-28T12:00:00Z,-17.675,178.475,NaN
2008-05-28T12:00:00Z,-17.675,178.525,NaN
2008-05-28T12:00:00Z,-17.675,178.575,0.0
2008-05-28T12:00:00Z,-17.675,178.625,0.0
2008-06-27T12:00:00Z,-17.325,178.375,0.0
2008-06-27T12:00:00Z,-17.325,178.425,0.0
2008-06-27T12:00:00Z,-17.325,178.475,0.0
2008-06-27T12:00:00Z,-17.325,178.525,0.0
2008-06-27T12:00:00Z,-17.325,178.575,0.0
2008-06-27T12:00:00Z,-17.325,178.625,0.0
2008-06-27T12:00:00Z,-17.375,178.375,0.0
2008-06-27T12:00:00Z,-17.375,178.425,0.0
2008-06-27T12:00:00Z,-17.375,178.475,0.0
2008-06-27T12:00:00Z,-17.375,178.525,0.0
2008-06-27T12:00:00Z,-17.375,178.575,0.0
2008-06-27T12:00:00Z,-17.375,178.625,0.0
2008-06-27T12:00:00Z,-17.425,178.375,0.0
2008-06-27T12:00:00Z,-17.425,178.425,0.0
2008-06-27T12:00:00Z,-17.425,178.475,0.0
2008-06-27T12:00:00Z,-17.425,178.525,0.0
2008-06-27T12:00:00Z,-17.425,178.575,0.0
2008-06-27T12:00:00Z,-17.425,178.625,0.0
2008-06-27T12:00:00Z,-17.475,178.375,0.0
2008-06-27T12:00:00Z,-17.475,178.425,0.0
2008-06-27T12:00:00Z,-17.475,178.475,0.0
2008-06-27T12:00:00Z,-17.475,178.525,0.0
2008-06-27T12:00:00Z,-17.475,178.575,0.0
2008-06-27T12:00:00Z,-17.475,178.625,0.0
2008-06-27T12:00:00Z,-17.525,178.375,0.0
2008-06-27T12:00:00Z,-17.525,178.425,0.0
2008-06-27T12:00:00Z,-17.525,178.475,0.0
2008-06-27T12:00:00Z,-17.525,178.525,0.0
2008-06-27T12:00:00Z,-17.525,178.575,0.0
2008-06-27T12:00:00Z,-17.525,178.625,0.0
2008-06-27T12:00:00Z,-17.575,178.375,0.0
2008-06-27T12:00:00Z,-17.575,178.425,0.0
2008-06-27T12:00:00Z,-17.575,178.475,0.0
2008-06-27T12:00:00Z,-17.575,178.525,0.0
2008-06-27T12:00:00Z,-17.575,178.575,0.0
2008-06-27T12:00:00Z,-17.575,178.625,0.0
2008-06-27T12:00:00Z,-17.625,178.375,NaN
2008-06-27T12:00:00Z,-17.625,178.425,NaN
2008-06-27T12:00:00Z,-17.625,178.475,NaN
2008-06-27T12:00:00Z,-17.625,178.525,0.0
2008-06-27T12:00:00Z,-17.625,178.575,0.0
2008-06-27T12:00:00Z,-17.625,178.625,0.0
2008-06-27T12:00:00Z,-17.675,178.375,NaN
2008-06-27T12:00:00Z,-17.675,178.425,NaN
2008-06-27T12:00:00Z,-17.675,178.475,NaN
2008-06-27T12:00:00Z,-17.675,178.525,NaN
2008-06-27T12:00:00Z,-17.675,178.575,0.0
2008-06-27T12:00:00Z,-17.675,178.625,0.0
2008-07-27T12:00:00Z,-17.325,178.375,0.0
2008-07-27T12:00:00Z,-17.325,178.425,0.0
2008-07-27T12:00:00Z,-17.325,178.475,0.0
2008-07-27T12:00:00Z,-17.325,178.525,0.0
2008-07-27T12:00:00Z,-17.325,178.575,0.0
2008-07-27T12:00:00Z,-17.325,178.625,0.0
2008-07-27T12:00:00Z,-17.375,178.375,0.0
2008-07-27T12:00:00Z,-17.375,178.425,0.0
2008-07-27T12:00:00Z,-17.375,178.475,0.0
2008-07-27T12:00:00Z,-17.375,178.525,0.0
2008-07-27T12:00:00Z,-17.375,178.575,0.0
2008-07-27T12:00:00Z,-17.375,178.625,0.0
2008-07-27T12:00:00Z,-17.425,178.375,0.0
2008-07-27T12:00:00Z,-17.425,178.425,0.0
2008-07-27T12:00:00Z,-17.425,178.475,0.0
2008-07-27T12:00:00Z,-17.425,178.525,0.0
2008-07-27T12:00:00Z,-17.425,178.575,0.0
2008-07-27T12:00:00Z,-17.425,178.625,0.0
2008-07-27T12:00:00Z,-17.475,178.375,0.0
2008-07-27T12:00:00Z,-17.475,178.425,0.0
2008-07-27T12:00:00Z,-17.475,178.475,0.0
2008-07-27T12:00:00Z,-17.475,178.525,0.0
2008-07-27T12:00:00Z,-17.475,178.575,0.0
2008-07-27T12:00:00Z,-17.475,178.625,0.0
2008-07-27T12:00:00Z,-17.525,178.375,0.0
2008-07-27T12:00:00Z,-17.525,178.425,0.0
2008-07-27T12:00:00Z,-17.525,178.475,0.0
2008-07-27T12:00:00Z,-17.525,178.525,0.0
2008-07-27T12:00:00Z,-17.525,178.575,0.0
2008-07-27T12:00:00Z,-17.525,178.625,0.0
2008-07-27T12:00:00Z,-17.575,178.375,0.0
2008-07-27T12:00:00Z,-17.575,178.425,0.0
2008-07-27T12:00:00Z,-17.575,178.475,0.0
2008-07-27T12:00:00Z,-17.575,178.525,0.0
2008-07-27T12:00:00Z,-17.575,178.575,0.0
2008-07-27T12:00:00Z,-17.575,178.625,0.0
2008-07-27T12:00:00Z,-17.625,178.375,NaN
2008-07-27T12:00:00Z,-17.625,178.425,NaN
2008-07-27T12:00:00Z,-17.625,178.475,NaN
2008-07-27T12:00:00Z,-17.625,178.525,0.0
2008-07-27T12:00:00Z,-17.625,178.575,0.0
2008-07-27T12:00:00Z,-17.625,178.625,0.0
2008-07-27T12:00:00Z,-17.675,178.375,NaN
2008-07-27T12:00:00Z,-17.675,178.425,NaN
2008-07-27T12:00:00Z,-17.675,178.475,NaN
2008-07-27T12:00:00Z,-17.675,178.525,NaN
2008-07-27T12:00:00Z,-17.675,178.575,0.0
2008-07-27T12:00:00Z,-17.675,178.625,0.0
2008-08-26T12:00:00Z,-17.325,178.375,0.0
2008-08-26T12:00:00Z,-17.325,178.425,0.0
2008-08-26T12:00:00Z,-17.325,178.475,0.0
2008-08-26T12:00:00Z,-17.325,178.525,0.0
2008-08-26T12:00:00Z,-17.325,178.575,0.0
2008-08-26T12:00:00Z,-17.325,178.625,0.0
2008-08-26T12:00:00Z,-17.375,178.375,0.0
2008-08-26T12:00:00Z,-17.375,178.425,0.0
2008-08-26T12:00:00Z,-17.375,178.475,0.0
2008-08-26T12:00:00Z,-17.375,178.525,0.0
2008-08-26T12:00:00Z,-17.375,178.575,0.0
2008-08-26T12:00:00Z,-17.375,178.625,0.0
2008-08-26T12:00:00Z,-17.425,178.375,0.0
2008-08-26T12:00:00Z,-17.425,178.425,0.0
2008-08-26T12:00:00Z,-17.425,178.475,0.0
2008-08-26T12:00:00Z,-17.425,178.525,0.0
2008-08-26T12:00:00Z,-17.425,178.575,0.0
2008-08-26T12:00:00Z,-17.425,178.625,0.0
2008-08-26T12:00:00Z,-17.475,178.375,0.0
2008-08-26T12:00:00Z,-17.475,178.425,0.0
2008-08-26T12:00:00Z,-17.475,178.475,0.0
2008-08-26T12:00:00Z,-17.475,178.525,0.0
2008-08-26T12:00:00Z,-17.475,178.575,0.0
2008-08-26T12:00:00Z,-17.475,178.625,0.0
2008-08-26T12:00:00Z,-17.525,178.375,0.0
2008-08-26T12:00:00Z,-17.525,178.425,0.0
2008-08-26T12:00:00Z,-17.525,178.475,0.0
2008-08-26T12:00:00Z,-17.525,178.525,0.0
2008-08-26T12:00:00Z,-17.525,178.575,0.0
2008-08-26T12:00:00Z,-17.525,178.625,0.0
2008-08-26T12:00:00Z,-17.575,178.375,0.0
2008-08-26T12:00:00Z,-17.575,178.425,0.0
2008-08-26T12:00:00Z,-17.575,178.475,0.0
2008-08-26T12:00:00Z,-17.575,178.525,0.0
2008-08-26T12:00:00Z,-17.575,178.575,0.0
2008-08-26T12:00:00Z,-17.575,178.625,0.0
2008-08-26T12:00:00Z,-17.625,178.375,NaN
2008-08-26T12:00:00Z,-17.625,178.425,NaN
2008-08-26T12:00:00Z,-17.625,178.475,NaN
2008-08-26T12:00:00Z,-17.625,178.525,0.0
2008-08-26T12:00:00Z,-17.625,178.575,0.0
2008-08-26T12:00:00Z,-17.625,178.625,0.0
2008-08-26T12:00:00Z,-17.675,178.375,NaN
2008-08-26T12:00:00Z,-17.675,178.425,NaN
2008-08-26T12:00:00Z,-17.675,178.475,NaN
2008-08-26T12:00:00Z,-17.675,178.525,NaN
2008-08-26T12:00:00Z,-17.675,178.575,0.0
2008-08-26T12:00:00Z,-17.675,178.625,0.0
2008-09-25T12:00:00Z,-17.325,178.375,0.0
2008-09-25T12:00:00Z,-17.325,178.425,0.0
2008-09-25T12:00:00Z,-17.325,178.475,0.0
2008-09-25T12:00:00Z,-17.325,178.525,0.0
2008-09-25T12:00:00Z,-17.325,178.575,0.0
2008-09-25T12:00:00Z,-17.325,178.625,0.0
2008-09-25T12:00:00Z,-17.375,178.375,0.0
2008-09-25T12:00:00Z,-17.375,178.425,0.0
2008-09-25T12:00:00Z,-17.375,178.475,0.0
2008-09-25T12:00:00Z,-17.375,178.525,0.0
2008-09-25T12:00:00Z,-17.375,178.575,0.0
2008-09-25T12:00:00Z,-17.375,178.625,0.0
2008-09-25T12:00:00Z,-17.425,178.375,0.0
2008-09-25T12:00:00Z,-17.425,178.425,0.0
2008-09-25T12:00:00Z,-17.425,178.475,0.0
2008-09-25T12:00:00Z,-17.425,178.525,0.0
2008-09-25T12:00:00Z,-17.425,178.575,0.0
2008-09-25T12:00:00Z,-17.425,178.625,0.0
2008-09-25T12:00:00Z,-17.475,178.375,0.0
2008-09-25T12:00:00Z,-17.475,178.425,0.0
2008-09-25T12:00:00Z,-17.475,178.475,0.0
2008-09-25T12:00:00Z,-17.475,178.525,0.0
2008-09-25T12:00:00Z,-17.475,178.575,0.0
2008-09-25T12:00:00Z,-17.475,178.625,0.0
2008-09-25T12:00:00Z,-17.525,178.375,0.0
2008-09-25T12:00:00Z,-17.525,178.425,0.0
2008-09-25T12:00:00Z,-17.525,178.475,0.0
2008-09-25T12:00:00Z,-17.525,178.525,0.0
2008-09-25T12:00:00Z,-17.525,178.575,0.0
2008-09-25T12:00:00Z,-17.525,178.625,0.0
2008-09-25T12:00:00Z,-17.575,178.375,0.0
2008-09-25T12:00:00Z,-17.575,178.425,0.0
2008-09-25T12:00:00Z,-17.575,178.475,0.0
2008-09-25T12:00:00Z,-17.575,178.525,0.0
2008-09-25T12:00:00Z,-17.575,178.575,0.0
2008-09-25T12:00:00Z,-17.575,178.625,0.0
2008-09-25T12:00:00Z,-17.625,178.375,NaN
2008-09-25T12:00:00Z,-17.625,178.425,NaN
2008-09-25T12:00:00Z,-17.625,178.475,NaN
2008-09-25T12:00:00Z,-17.625,178.525,0.0
2008-09-25T12:00:00Z,-17.625,178.575,0.0
2008-09-25T12:00:00Z,-17.625,178.625,0.0
2008-09-25T12:00:00Z,-17.675,178.375,NaN
2008-09-25T12:00:00Z,-17.675,178.425,NaN
2008-09-25T12:00:00Z,-17.675,178.475,NaN
2008-09-25T12:00:00Z,-17.675,178.525,NaN
2008-09-25T12:00:00Z,-17.675,178.575,0.0
2008-09-25T12:00:00Z,-17.675,178.625,0.0
2008-10-25T12:00:00Z,-17.325,178.375,0.0
2008-10-25T12:00:00Z,-17.325,178.425,0.0
2008-10-25T12:00:00Z,-17.325,178.475,0.0
2008-10-25T12:00:00Z,-17.325,178.525,0.0
2008-10-25T12:00:00Z,-17.325,178.575,0.0
2008-10-25T12:00:00Z,-17.325,178.625,0.0
2008-10-25T12:00:00Z,-17.375,178.375,0.0
2008-10-25T12:00:00Z,-17.375,178.425,0.0
2008-10-25T12:00:00Z,-17.375,178.475,0.0
2008-10-25T12:00:00Z,-17.375,178.525,0.0
2008-10-25T12:00:00Z,-17.375,178.575,0.0
2008-10-25T12:00:00Z,-17.375,178.625,0.0
2008-10-25T12:00:00Z,-17.425,178.375,0.0
2008-10-25T12:00:00Z,-17.425,178.425,0.0
2008-10-25T12:00:00Z,-17.425,178.475,0.0
2008-10-25T12:00:00Z,-17.425,178.525,0.0
2008-10-25T12:00:00Z,-17.425,178.575,0.0
2008-10-25T12:00:00Z,-17.425,178.625,0.0
2008-10-25T12:00:00Z,-17.475,178.375,0.0
2008-10-25T12:00:00Z,-17.475,178.425,0.0
2008-10-25T12:00:00Z,-17.475,178.475,0.0
2008-10-25T12:00:00Z,-17.475,178.525,0.0
2008-10-25T12:00:00Z,-17.475,178.575,0.0
2008-10-25T12:00:00Z,-17.475,178.625,0.0
2008-10-25T12:00:00Z,-17.525,178.375,0.0
2008-10-25T12:00:00Z,-17.525,178.425,0.0
2008-10-25T12:00:00Z,-17.525,178.475,0.0
2008-10-25T12:00:00Z,-17.525,178.525,0.0
2008-10-25T12:00:00Z,-17.525,178.575,0.0
2008-10-25T12:00:00Z,-17.525,178.625,0.0
2008-10-25T12:00:00Z,-17.575,178.375,0.0
2008-10-25T12:00:00Z,-17.575,178.425,0.0
2008-10-25T12:00:00Z,-17.575,178.475,0.0
2008-10-25T12:00:00Z,-17.575,178.525,0.0
2008-10-25T12:00:00Z,-17.575,178.575,0.0
2008-10-25T12:00:00Z,-17.575,178.625,0.0
2008-10-25T12:00:00Z,-17.625,178.375,NaN
2008-10-25T12:00:00Z,-17.625,178.425,NaN
2008-10-25T12:00:00Z,-17.625,178.475,NaN
2008-10-25T12:00:00Z,-17.625,178.525,0.0
2008-10-25T12:00:00Z,-17.625,178.575,0.0
2008-10-25T12:00:00Z,-17.625,178.625,0.0
2008-10-25T12:00:00Z,-17.675,178.375,NaN
2008-10-25T12:00:00Z,-17.675,178.425,NaN
2008-10-25T12:00:00Z,-17.675,178.475,NaN
2008-10-25T12:00:00Z,-17.675,178.525,NaN
2008-10-25T12:00:00Z,-17.675,178.575,0.0
2008-10-25T12:00:00Z,-17.675,178.625,0.0
2008-11-24T12:00:00Z,-17.325,178.375,0.0
2008-11-24T12:00:00Z,-17.325,178.425,0.0
2008-11-24T12:00:00Z,-17.325,178.475,0.0
2008-11-24T12:00:00Z,-17.325,178.525,0.0
2008-11-24T12:00:00Z,-17.325,178.575,0.0
2008-11-24T12:00:00Z,-17.325,178.625,0.0
2008-11-24T12:00:00Z,-17.375,178.375,0.0
2008-11-24T12:00:00Z,-17.375,178.425,0.0
2008-11-24T12:00:00Z,-17.375,178.475,0.0
2008-11-24T12:00:00Z,-17.375,178.525,0.0
2008-11-24T12:00:00Z,-17.375,178.575,0.0
2008-11-24T12:00:00Z,-17.375,178.625,0.0
2008-11-24T12:00:00Z,-17.425,178.375,0.0
2008-11-24T12:00:00Z,-17.425,178.425,0.0
2008-11-24T12:00:00Z,-17.425,178.475,0.0
2008-11-24T12:00:00Z,-17.425,178.525,0.0
2008-11-24T12:00:00Z,-17.425,178.575,0.0
2008-11-24T12:00:00Z,-17.425,178.625,0.0
2008-11-24T12:00:00Z,-17.475,178.375,0.0
2008-11-24T12:00:00Z,-17.475,178.425,0.0
2008-11-24T12:00:00Z,-17.475,178.475,0.0
2008-11-24T12:00:00Z,-17.475,178.525,0.0
2008-11-24T12:00:00Z,-17.475,178.575,0.0
2008-11-24T12:00:00Z,-17.475,178.625,0.0
2008-11-24T12:00:00Z,-17.525,178.375,0.0
2008-11-24T12:00:00Z,-17.525,178.425,0.0
2008-11-24T12:00:00Z,-17.525,178.475,0.0
2008-11-24T12:00:00Z,-17.525,178.525,0.0
2008-11-24T12:00:00Z,-17.525,178.575,0.0
2008-11-24T12:00:00Z,-17.525,178.625,0.0
2008-11-24T12:00:00Z,-17.575,178.375,0.0
2008-11-24T12:00:00Z,-17.575,178.425,0.0
2008-11-24T12:00:00Z,-17.575,178.475,0.0
2008-11-24T12:00:00Z,-17.575,178.525,0.0
2008-11-24T12:00:00Z,-17.575,178.575,0.0
2008-11-24T12:00:00Z,-17.575,178.625,0.0
2008-11-24T12:00:00Z,-17.625,178.375,NaN
2008-11-24T12:00:00Z,-17.625,178.425,NaN
2008-11-24T12:00:00Z,-17.625,178.475,NaN
2008-11-24T12:00:00Z,-17.625,178.525,0.0
2008-11-24T12:00:00Z,-17.625,178.575,0.0
2008-11-24T12:00:00Z,-17.625,178.625,0.0
2008-11-24T12:00:00Z,-17.675,178.375,NaN
2008-11-24T12:00:00Z,-17.675,178.425,NaN
2008-11-24T12:00:00Z,-17.675,178.475,NaN
2008-11-24T12:00:00Z,-17.675,178.525,NaN
2008-11-24T12:00:00Z,-17.675,178.575,0.0
2008-11-24T12:00:00Z,-17.675,178.625,0.0
2008-12-24T12:00:00Z,-17.325,178.375,0.0
2008-12-24T12:00:00Z,-17.325,178.425,0.0
2008-12-24T12:00:00Z,-17.325,178.475,0.0
2008-12-24T12:00:00Z,-17.325,178.525,0.0
2008-12-24T12:00:00Z,-17.325,178.575,0.0
2008-12-24T12:00:00Z,-17.325,178.625,0.0
2008-12-24T12:00:00Z,-17.375,178.375,0.0
2008-12-24T12:00:00Z,-17.375,178.425,0.0
2008-12-24T12:00:00Z,-17.375,178.475,0.0
2008-12-24T12:00:00Z,-17.375,178.525,0.0
2008-12-24T12:00:00Z,-17.375,178.575,0.0
2008-12-24T12:00:00Z,-17.375,178.625,0.0
2008-12-24T12:00:00Z,-17.425,178.375,0.0
2008-12-24T12:00:00Z,-17.425,178.425,0.0
2008-12-24T12:00:00Z,-17.425,178.475,0.0
2008-12-24T12:00:00Z,-17.425,178.525,0.0
2008-12-24T12:00:00Z,-17.425,178.575,0.0
2008-12-24T12:00:00Z,-17.425,178.625,0.0
2008-12-24T12:00:00Z,-17.475,178.375,0.0
2008-12-24T12:00:00Z,-17.475,178.425,0.0
2008-12-24T12:00:00Z,-17.475,178.475,0.0
2008-12-24T12:00:00Z,-17.475,178.525,0.0
2008-12-24T12:00:00Z,-17.475,178.575,0.0
2008-12-24T12:00:00Z,-17.475,178.625,0.0
2008-12-24T12:00:00Z,-17.525,178.375,0.0
2008-12-24T12:00:00Z,-17.525,178.425,0.0
2008-12-24T12:00:00Z,-17.525,178.475,0.0
2008-12-24T12:00:00Z,-17.525,178.525,0.0
2008-12-24T12:00:00Z,-17.525,178.575,0.0
2008-12-24T12:00:00Z,-17.525,178.625,0.0
2008-12-24T12:00:00Z,-17.575,178.375,0.0
2008-12-24T12:00:00Z,-17.575,178.425,0.0
2008-12-24T12:00:00Z,-17.575,178.475,0.0
2008-12-24T12:00:00Z,-17.575,178.525,0.0
2008-12-24T12:00:00Z,-17.575,178.575,0.0
2008-12-24T12:00:00Z,-17.575,178.625,0.0
2008-12-24T12:00:00Z,-17.625,178.375,NaN
2008-12-24T12:00:00Z,-17.625,178.425,NaN
2008-12-24T12:00:00Z,-17.625,178.475,NaN
2008-12-24T12:00:00Z,-17.625,178.525,0.0
2008-12-24T12:00:00Z,-17.625,178.575,0.0
2008-12-24T12:00:00Z,-17.625,178.625,0.0
2008-12-24T12:00:00Z,-17.675,178.375,NaN
2008-12-24T12:00:00Z,-17.675,178.425,NaN
2008-12-24T12:00:00Z,-17.675,178.475,NaN
2008-12-24T12:00:00Z,-17.675,178.525,NaN
2008-12-24T12:00:00Z,-17.675,178.575,0.0
2008-12-24T12:00:00Z,-17.675,178.625,0.0
2009-01-23T12:00:00Z,-17.325,178.375,0.2
2009-01-23T12:00:00Z,-17.325,178.425,0.19
2009-01-23T12:00:00Z,-17.325,178.475,0.18
2009-01-23T12:00:00Z,-17.325,178.525,0.17
2009-01-23T12:00:00Z,-17.325,178.575,0.16
2009-01-23T12:00:00Z,-17.325,178.625,0.14
2009-01-23T12:00:00Z,-17.375,178.375,0.18
2009-01-23T12:00:00Z,-17.375,178.425,0.18
2009-01-23T12:00:00Z,-17.375,178.475,0.17
2009-01-23T12:00:00Z,-17.375,178.525,0.16
2009-01-23T12:00:00Z,-17.375,178.575,0.15
2009-01-23T12:00:00Z,-17.375,178.625,0.0
2009-01-23T12:00:00Z,-17.425,178.375,0.17
2009-01-23T12:00:00Z,-17.425,178.425,0.16
2009-01-23T12:00:00Z,-17.425,178.475,0.16
2009-01-23T12:00:00Z,-17.425,178.525,0.15
2009-01-23T12:00:00Z,-17.425,178.575,0.14
2009-01-23T12:00:00Z,-17.425,178.625,0.0
2009-01-23T12:00:00Z,-17.475,178.375,0.15
2009-01-23T12:00:00Z,-17.475,178.425,0.15
2009-01-23T12:00:00Z,-17.475,178.475,0.14
2009-01-23T12:00:00Z,-17.475,178.525,0.0
2009-01-23T12:00:00Z,-17.475,178.575,0.0
2009-01-23T12:00:00Z,-17.475,178.625,0.0
2009-01-23T12:00:00Z,-17.525,178.375,0.0
2009-01-23T12:00:00Z,-17.525,178.425,0.0
2009-01-23T12:00:00Z,-17.525,178.475,0.0
2009-01-23T12:00:00Z,-17.525,178.525,0.0
2009-01-23T12:00:00Z,-17.525,178.575,0.0
2009-01-23T12:00:00Z,-17.525,178.625,0.0
2009-01-23T12:00:00Z,-17.575,178.375,0.0
2009-01-23T12:00:00Z,-17.575,178.425,0.0
2009-01-23T12:00:00Z,-17.575,178.475,0.0
2009-01-23T12:00:00Z,-17.575,178.525,0.0
2009-01-23T12:00:00Z,-17.575,178.575,0.0
2009-01-23T12:00:00Z,-17.575,178.625,0.0
2009-01-23T12:00:00Z,-17.625,178.375,NaN
2009-01-23T12:00:00Z,-17.625,178.425,NaN
2009-01-23T12:00:00Z,-17.625,178.475,NaN
2009-01-23T12:00:00Z,-17.625,178.525,0.0
2009-01-23T12:00:00Z,-17.625,178.575,0.0
2009-01-23T12:00:00Z,-17.625,178.625,0.0
2009-01-23T12:00:00Z,-17.675,178.375,NaN
2009-01-23T12:00:00Z,-17.675,178.425,NaN
2009-01-23T12:00:00Z,-17.675,178.475,NaN
2009-01-23T12:00:00Z,-17.675,178.525,NaN
2009-01-23T12:00:00Z,-17.675,178.575,0.0
2009-01-23T12:00:00Z,-17.675,178.625,0.0
2009-02-22T12:00:00Z,-17.325,178.375,0.2
2009-02-22T12:00:00Z,-17.325,178.425,0.19
2009-02-22T12:00:00Z,-17.325,178.475,0.18
2009-02-22T12:00:00Z,-17.325,178.525,0.17
2009-02-22T12:00:00Z,-17.325,178.575,0.16
2009-02-22T12:00:00Z,-17.325,178.625,0.14
2009-02-22T12:00:00Z,-17.375,178.375,0.18
2009-02-22T12:00:00Z,-17.375,178.425,0.18
2009-02-22T12:00:00Z,-17.375,178.475,0.17
2009-02-22T12:00:00Z,-17.375,178.525,0.16
2009-02-22T12:00:00Z,-17.375,178.575,0.15
2009-02-22T12:00:00Z,-17.375,178.625,0.0
2009-02-22T12:00:00Z,-17.425,178.375,0.17
2009-02-22T12:00:00Z,-17.425,178.425,0.16
2009-02-22T12:00:00Z,-17.425,178.475,0.16
2009-02-22T12:00:00Z,-17.425,178.525,0.15
2009-02-22T12:00:00Z,-17.425,178.575,0.14
2009-02-22T12:00:00Z,-17.425,178.625,0.0
2009-02-22T12:00:00Z,-17.475,178.375,0.15
2009-02-22T12:00:00Z,-17.475,178.425,0.15
2009-02-22T12:00:00Z,-17.475,178.475,0.14
2009-02-22T12:00:00Z,-17.475,178.525,0.0
2009-02-22T12:00:00Z,-17.475,178.575,0.0
2009-02-22T12:00:00Z,-17.475,178.625,0.0
2009-02-22T12:00:00Z,-17.525,178.375,0.0
2009-02-22T12:00:00Z,-17.525,178.425,0.0
2009-02-22T12:00:00Z,-17.525,178.475,0.0
2009-02-22T12:00:00Z,-17.525,178.525,0.0
2009-02-22T12:00:00Z,-17.525,178.575,0.0
2009-02-22T12:00:00Z,-17.525,178.625,0.0
2009-02-22T12:00:00Z,-17.575,178.375,0.0
2009-02-22T12:00:00Z,-17.575,178.425,0.0
2009-02-22T12:00:00Z,-17.575,178.475,0.0
2009-02-22T12:00:00Z,-17.575,178.525,0.0
2009-02-22T12:00:00Z,-17.575,178.575,0.0
2009-02-22T12:00:00Z,-17.575,178.625,0.14
2009-02-22T12:00:00Z,-17.625,178.375,NaN
2009-02-22T12:00:00Z,-17.625,178.425,NaN
2009-02-22T12:00:00Z,-17.625,178.475,NaN
2009-02-22T12:00:00Z,-17.625,178.525,0.0
2009-02-22T12:00:00Z,-17.625,178.575,0.14
2009-02-22T12:00:00Z,-17.625,178.625,0.15
2009-02-22T12:00:00Z,-17.675,178.375,NaN
2009-02-22T12:00:00Z,-17.675,178.425,NaN
2009-02-22T12:00:00Z,-17.675,178.475,NaN
2009-02-22T12:00:00Z,-17.675,178.525,NaN
2009-02-22T12:00:00Z,-17.675,178.575,0.15
2009-02-22T12:00:00Z,-17.675,178.625,0.15
2009-03-24T12:00:00Z,-17.325,178.375,0.53
2009-03-24T12:00:00Z,-17.325,178.425,0.53
2009-03-24T12:00:00Z,-17.325,178.475,0.52
2009-03-24T12:00:00Z,-17.325,178.525,0.51
2009-03-24T12:00:00Z,-17.325,178.575,0.79
2009-03-24T12:00:00Z,-17.325,178.625,0.79
2009-03-24T12:00:00Z,-17.375,178.375,0.52
2009-03-24T12:00:00Z,-17.375,178.425,0.51
2009-03-24T12:00:00Z,-17.375,178.475,0.51
2009-03-24T12:00:00Z,-17.375,178.525,0.79
2009-03-24T12:00:00Z,-17.375,178.575,0.79
2009-03-24T12:00:00Z,-17.375,178.625,0.9400000000000001
2009-03-24T12:00:00Z,-17.425,178.375,0.51
2009-03-24T12:00:00Z,-17.425,178.425,0.5
2009-03-24T12:00:00Z,-17.425,178.475,0.5
2009-03-24T12:00:00Z,-17.425,178.525,0.78
2009-03-24T12:00:00Z,-17.425,178.575,1.07
2009-03-24T12:00:00Z,-17.425,178.625,1.1
2009-03-24T12:00:00Z,-17.475,178.375,0.5
2009-03-24T12:00:00Z,-17.475,178.425,0.49
2009-03-24T12:00:00Z,-17.475,178.475,0.77
2009-03-24T12:00:00Z,-17.475,178.525,0.63
2009-03-24T12:00:00Z,-17.475,178.575,1.09
2009-03-24T12:00:00Z,-17.475,178.625,1.12
2009-03-24T12:00:00Z,-17.525,178.375,0.49
2009-03-24T12:00:00Z,-17.525,178.425,0.63
2009-03-24T12:00:00Z,-17.525,178.475,0.64
2009-03-24T12:00:00Z,-17.525,178.525,1.09
2009-03-24T12:00:00Z,-17.525,178.575,1.11
2009-03-24T12:00:00Z,-17.525,178.625,1.1400000000000001
2009-03-24T12:00:00Z,-17.575,178.375,0.64
2009-03-24T12:00:00Z,-17.575,178.425,0.64
2009-03-24T12:00:00Z,-17.575,178.475,0.64
2009-03-24T12:00:00Z,-17.575,178.525,1.1
2009-03-24T12:00:00Z,-17.575,178.575,1.1300000000000001
2009-03-24T12:00:00Z,-17.575,178.625,1.3
2009-03-24T12:00:00Z,-17.625,178.375,NaN
2009-03-24T12:00:00Z,-17.625,178.425,NaN
2009-03-24T12:00:00Z,-17.625,178.475,NaN
2009-03-24T12:00:00Z,-17.625,178.525,1.12
2009-03-24T12:00:00Z,-17.625,178.575,1.29
2009-03-24T12:00:00Z,-17.625,178.625,1.32
2009-03-24T12:00:00Z,-17.675,178.375,NaN
2009-03-24T12:00:00Z,-17.675,178.425,NaN
2009-03-24T12:00:00Z,-17.675,178.475,NaN
2009-03-24T12:00:00Z,-17.675,178.525,NaN
2009-03-24T12:00:00Z,-17.675,178.575,1.31
2009-03-24T12:00:00Z,-17.675,178.625,1.34
2009-04-23T12:00:00Z,-17.325,178.375,0.49
2009-04-23T12:00:00Z,-17.325,178.425,0.49
2009-04-23T12:00:00Z,-17.325,178.475,0.49
2009-04-23T12:00:00Z,-17.325,178.525,0.5
2009-04-23T12:00:00Z,-17.325,178.575,0.79
2009-04-23T12:00:00Z,-17.325,178.625,0.9500000000000001
2009-04-23T12:00:00Z,-17.375,178.375,0.5
2009-04-23T12:00:00Z,-17.375,178.425,0.64
2009-04-23T12:00:00Z,-17.375,178.475,0.64
2009-04-23T12:00:00Z,-17.375,178.525,0.93
2009-04-23T12:00:00Z,-17.375,178.575,0.9400000000000001
2009-04-23T12:00:00Z,-17.375,178.625,1.25
2009-04-23T12:00:00Z,-17.425,178.375,0.5
2009-04-23T12:00:00Z,-17.425,178.425,0.64
2009-04-23T12:00:00Z,-17.425,178.475,0.64
2009-04-23T12:00:00Z,-17.425,178.525,0.93
2009-04-23T12:00:00Z,-17.425,178.575,1.23
2009-04-23T12:00:00Z,-17.425,178.625,1.41
2009-04-23T12:00:00Z,-17.475,178.375,0.64
2009-04-23T12:00:00Z,-17.475,178.425,0.65
2009-04-23T12:00:00Z,-17.475,178.475,0.93
2009-04-23T12:00:00Z,-17.475,178.525,0.9400000000000001
2009-04-23T12:00:00Z,-17.475,178.575,1.4000000000000001
2009-04-23T12:00:00Z,-17.475,178.625,1.43
2009-04-23T12:00:00Z,-17.525,178.375,0.79
2009-04-23T12:00:00Z,-17.525,178.425,0.93
2009-04-23T12:00:00Z,-17.525,178.475,0.9400000000000001
2009-04-23T12:00:00Z,-17.525,178.525,1.3900000000000001
2009-04-23T12:00:00Z,-17.525,178.575,1.42
2009-04-23T12:00:00Z,-17.525,178.625,1.6
2009-04-23T12:00:00Z,-17.575,178.375,0.9400000000000001
2009-04-23T12:00:00Z,-17.575,178.425,0.93
2009-04-23T12:00:00Z,-17.575,178.475,0.9400000000000001
2009-04-23T12:00:00Z,-17.575,178.525,1.41
2009-04-23T12:00:00Z,-17.575,178.575,1.59
2009-04-23T12:00:00Z,-17.575,178.625,1.77
2009-04-23T12:00:00Z,-17.625,178.375,NaN
2009-04-23T12:00:00Z,-17.625,178.425,NaN
2009-04-23T12:00:00Z,-17.625,178.475,NaN
2009-04-23T12:00:00Z,-17.625,178.525,1.57
2009-04-23T12:00:00Z,-17.625,178.575,1.75
2009-04-23T12:00:00Z,-17.625,178.625,1.79
2009-04-23T12:00:00Z,-17.675,178.375,NaN
2009-04-23T12:00:00Z,-17.675,178.425,NaN
2009-04-23T12:00:00Z,-17.675,178.475,NaN
2009-04-23T12:00:00Z,-17.675,178.525,NaN
2009-04-23T12:00:00Z,-17.675,178.575,1.78
2009-04-23T12:00:00Z,-17.675,178.625,1.82
2009-05-23T12:00:00Z,-17.325,178.375,0.49
2009-05-23T12:00:00Z,-17.325,178.425,0.49
2009-05-23T12:00:00Z,-17.325,178.475,0.49
2009-05-23T12:00:00Z,-17.325,178.525,0.5
2009-05-23T12:00:00Z,-17.325,178.575,0.79
2009-05-23T12:00:00Z,-17.325,178.625,0.9500000000000001
2009-05-23T12:00:00Z,-17.375,178.375,0.5
2009-05-23T12:00:00Z,-17.375,178.425,0.64
2009-05-23T12:00:00Z,-17.375,178.475,0.64
2009-05-23T12:00:00Z,-17.375,178.525,0.93
2009-05-23T12:00:00Z,-17.375,178.575,0.9400000000000001
2009-05-23T12:00:00Z,-17.375,178.625,1.25
2009-05-23T12:00:00Z,-17.425,178.375,0.5
2009-05-23T12:00:00Z,-17.425,178.425,0.64
2009-05-23T12:00:00Z,-17.425,178.475,0.64
2009-05-23T12:00:00Z,-17.425,178.525,0.93
2009-05-23T12:00:00Z,-17.425,178.575,1.23
2009-05-23T12:00:00Z,-17.425,178.625,1.41
2009-05-23T12:00:00Z,-17.475,178.375,0.64
2009-05-23T12:00:00Z,-17.475,178.425,0.65
2009-05-23T12:00:00Z,-17.475,178.475,0.93
2009-05-23T12:00:00Z,-17.475,178.525,0.9400000000000001
2009-05-23T12:00:00Z,-17.475,178.575,1.4000000000000001
2009-05-23T12:00:00Z,-17.475,178.625,1.43
2009-05-23T12:00:00Z,-17.525,178.375,0.79
2009-05-23T12:00:00Z,-17.525,178.425,0.93
2009-05-23T12:00:00Z,-17.525,178.475,0.9400000000000001
2009-05-23T12:00:00Z,-17.525,178.525,1.3900000000000001
2009-05-23T12:00:00Z,-17.525,178.575,1.42
2009-05-23T12:00:00Z,-17.525,178.625,1.6
2009-05-23T12:00:00Z,-17.575,178.375,0.9400000000000001
2009-05-23T12:00:00Z,-17.575,178.425,0.93
2009-05-23T12:00:00Z,-17.575,178.475,0.9400000000000001
2009-05-23T12:00:00Z,-17.575,178.525,1.41
2009-05-23T12:00:00Z,-17.575,178.575,1.59
2009-05-23T12:00:00Z,-17.575,178.625,1.6300000000000001
2009-05-23T12:00:00Z,-17.625,178.375,NaN
2009-05-23T12:00:00Z,-17.625,178.425,NaN
2009-05-23T12:00:00Z,-17.625,178.475,NaN
2009-05-23T12:00:00Z,-17.625,178.525,1.57
2009-05-23T12:00:00Z,-17.625,178.575,1.61
2009-05-23T12:00:00Z,-17.625,178.625,1.6500000000000001
2009-05-23T12:00:00Z,-17.675,178.375,NaN
2009-05-23T12:00:00Z,-17.675,178.425,NaN
2009-05-23T12:00:00Z,-17.675,178.475,NaN
2009-05-23T12:00:00Z,-17.675,178.525,NaN
2009-05-23T12:00:00Z,-17.675,178.575,1.6300000000000001
2009-05-23T12:00:00Z,-17.675,178.625,1.67
2009-06-22T12:00:00Z,-17.325,178.375,0.0
2009-06-22T12:00:00Z,-17.325,178.425,0.0
2009-06-22T12:00:00Z,-17.325,178.475,0.0
2009-06-22T12:00:00Z,-17.325,178.525,0.0
2009-06-22T12:00:00Z,-17.325,178.575,0.0
2009-06-22T12:00:00Z,-17.325,178.625,0.0
2009-06-22T12:00:00Z,-17.375,178.375,0.0
2009-06-22T12:00:00Z,-17.375,178.425,0.0
2009-06-22T12:00:00Z,-17.375,178.475,0.0
2009-06-22T12:00:00Z,-17.375,178.525,0.0
2009-06-22T12:00:00Z,-17.375,178.575,0.0
2009-06-22T12:00:00Z,-17.375,178.625,0.0
2009-06-22T12:00:00Z,-17.425,178.375,0.0
2009-06-22T12:00:00Z,-17.425,178.425,0.0
2009-06-22T12:00:00Z,-17.425,178.475,0.0
2009-06-22T12:00:00Z,-17.425,178.525,0.0
2009-06-22T12:00:00Z,-17.425,178.575,0.0
2009-06-22T12:00:00Z,-17.425,178.625,0.0
2009-06-22T12:00:00Z,-17.475,178.375,0.0
2009-06-22T12:00:00Z,-17.475,178.425,0.0
2009-06-22T12:00:00Z,-17.475,178.475,0.0
2009-06-22T12:00:00Z,-17.475,178.525,0.0
2009-06-22T12:00:00Z,-17.475,178.575,0.0
2009-06-22T12:00:00Z,-17.475,178.625,0.0
2009-06-22T12:00:00Z,-17.525,178.375,0.0
2009-06-22T12:00:00Z,-17.525,178.425,0.0
2009-06-22T12:00:00Z,-17.525,178.475,0.0
2009-06-22T12:00:00Z,-17.525,178.525,0.0
2009-06-22T12:00:00Z,-17.525,178.575,0.0
2009-06-22T12:00:00Z,-17.525,178.625,0.0
2009-06-22T12:00:00Z,-17.575,178.375,0.0
2009-06-22T12:00:00Z,-17.575,178.425,0.0
2009-06-22T12:00:00Z,-17.575,178.475,0.0
2009-06-22T12:00:00Z,-17.575,178.525,0.0
2009-06-22T12:00:00Z,-17.575,178.575,0.0
2009-06-22T12:00:00Z,-17.575,178.625,0.0
2009-06-22T12:00:00Z,-17.625,178.375,NaN
2009-06-22T12:00:00Z,-17.625,178.425,NaN
2009-06-22T12:00:00Z,-17.625,178.475,NaN
2009-06-22T12:00:00Z,-17.625,178.525,0.0
2009-06-22T12:00:00Z,-17.625,178.575,0.0
2009-06-22T12:00:00Z,-17.625,178.625,0.0
2009-06-22T12:00:00Z,-17.675,178.375,NaN
2009-06-22T12:00:00Z,-17.675,178.425,NaN
2009-06-22T12:00:00Z,-17.675,178.475,NaN
2009-06-22T12:00:00Z,-17.675,178.525,NaN
2009-06-22T12:00:00Z,-17.675,178.575,0.0
2009-06-22T12:00:00Z,-17.675,178.625,0.0
2009-07-22T12:00:00Z,-17.325,178.375,0.0
2009-07-22T12:00:00Z,-17.325,178.425,0.0
2009-07-22T12:00:00Z,-17.325,178.475,0.0
2009-07-22T12:00:00Z,-17.325,178.525,0.0
2009-07-22T12:00:00Z,-17.325,178.575,0.0
2009-07-22T12:00:00Z,-17.325,178.625,0.0
2009-07-22T12:00:00Z,-17.375,178.375,0.0
2009-07-22T12:00:00Z,-17.375,178.425,0.0
2009-07-22T12:00:00Z,-17.375,178.475,0.0
2009-07-22T12:00:00Z,-17.375,178.525,0.0
2009-07-22T12:00:00Z,-17.375,178.575,0.0
2009-07-22T12:00:00Z,-17.375,178.625,0.0
2009-07-22T12:00:00Z,-17.425,178.375,0.0
2009-07-22T12:00:00Z,-17.425,178.425,0.0
2009-07-22T12:00:00Z,-17.425,178.475,0.0
2009-07-22T12:00:00Z,-17.425,178.525,0.0
2009-07-22T12:00:00Z,-17.425,178.575,0.0
2009-07-22T12:00:00Z,-17.425,178.625,0.0
2009-07-22T12:00:00Z,-17.475,178.375,0.0
2009-07-22T12:00:00Z,-17.475,178.425,0.0
2009-07-22T12:00:00Z,-17.475,178.475,0.0
2009-07-22T12:00:00Z,-17.475,178.525,0.0
2009-07-22T12:00:00Z,-17.475,178.575,0.0
2009-07-22T12:00:00Z,-17.475,178.625,0.0
2009-07-22T12:00:00Z,-17.525,178.375,0.0
2009-07-22T12:00:00Z,-17.525,178.425,0.0
2009-07-22T12:00:00Z,-17.525,178.475,0.0
2009-07-22T12:00:00Z,-17.525,178.525,0.0
2009-07-22T12:00:00Z,-17.525,178.575,0.0
2009-07-22T12:00:00Z,-17.525,178.625,0.0
2009-07-22T12:00:00Z,-17.575,178.375,0.0
2009-07-22T12:00:00Z,-17.575,178.425,0.0
2009-07-22T12:00:00Z,-17.575,178.475,0.0
2009-07-22T12:00:00Z,-17.575,178.525,0.0
2009-07-22T12:00:00Z,-17.575,178.575,0.0
2009-07-22T12:00:00Z,-17.575,178.625,0.0
2009-07-22T12:00:00Z,-17.625,178.375,NaN
2009-07-22T12:00:00Z,-17.625,178.425,NaN
2009-07-22T12:00:00Z,-17.625,178.475,NaN
2009-07-22T12:00:00Z,-17.625,178.525,0.0
2009-07-22T12:00:00Z,-17.625,178.575,0.0
2009-07-22T12:00:00Z,-17.625,178.625,0.0
2009-07-22T12:00:00Z,-17.675,178.375,NaN
2009-07-22T12:00:00Z,-17.675,178.425,NaN
2009-07-22T12:00:00Z,-17.675,178.475,NaN
2009-07-22T12:00:00Z,-17.675,178.525,NaN
2009-07-22T12:00:00Z,-17.675,178.575,0.0
2009-07-22T12:00:00Z,-17.675,178.625,0.0
2009-08-21T12:00:00Z,-17.325,178.375,0.0
2009-08-21T12:00:00Z,-17.325,178.425,0.0
2009-08-21T12:00:00Z,-17.325,178.475,0.0
2009-08-21T12:00:00Z,-17.325,178.525,0.0
2009-08-21T12:00:00Z,-17.325,178.575,0.0
2009-08-21T12:00:00Z,-17.325,178.625,0.0
2009-08-21T12:00:00Z,-17.375,178.375,0.0
2009-08-21T12:00:00Z,-17.375,178.425,0.0
2009-08-21T12:00:00Z,-17.375,178.475,0.0
2009-08-21T12:00:00Z,-17.375,178.525,0.0
2009-08-21T12:00:00Z,-17.375,178.575,0.0
2009-08-21T12:00:00Z,-17.375,178.625,0.0
2009-08-21T12:00:00Z,-17.425,178.375,0.0
2009-08-21T12:00:00Z,-17.425,178.425,0.0
2009-08-21T12:00:00Z,-17.425,178.475,0.0
2009-08-21T12:00:00Z,-17.425,178.525,0.0
2009-08-21T12:00:00Z,-17.425,178.575,0.0
2009-08-21T12:00:00Z,-17.425,178.625,0.0
2009-08-21T12:00:00Z,-17.475,178.375,0.0
2009-08-21T12:00:00Z,-17.475,178.425,0.0
2009-08-21T12:00:00Z,-17.475,178.475,0.0
2009-08-21T12:00:00Z,-17.475,178.525,0.0
2009-08-21T12:00:00Z,-17.475,178.575,0.0
2009-08-21T12:00:00Z,-17.475,178.625,0.0
2009-08-21T12:00:00Z,-17.525,178.375,0.0
2009-08-21T12:00:00Z,-17.525,178.425,0.0
2009-08-21T12:00:00Z,-17.525,178.475,0.0
2009-08-21T12:00:00Z,-17.525,178.525,0.0
2009-08-21T12:00:00Z,-17.525,178.575,0.0
2009-08-21T12:00:00Z,-17.525,178.625,0.0
2009-08-21T12:00:00Z,-17.575,178.375,0.0
2009-08-21T12:00:00Z,-17.575,178.425,0.0
2009-08-21T12:00:00Z,-17.575,178.475,0.0
2009-08-21T12:00:00Z,-17.575,178.525,0.0
2009-08-21T12:00:00Z,-17.575,178.575,0.0
2009-08-21T12:00:00Z,-17.575,178.625,0.0
2009-08-21T12:00:00Z,-17.625,178.375,NaN
2009-08-21T12:00:00Z,-17.625,178.425,NaN
2009-08-21T12:00:00Z,-17.625,178.475,NaN
2009-08-21T12:00:00Z,-17.625,178.525,0.0
2009-08-21T12:00:00Z,-17.625,178.575,0.0
2009-08-21T12:00:00Z,-17.625,178.625,0.0
2009-08-21T12:00:00Z,-17.675,178.375,NaN
2009-08-21T12:00:00Z,-17.675,178.425,NaN
2009-08-21T12:00:00Z,-17.675,178.475,NaN
2009-08-21T12:00:00Z,-17.675,178.525,NaN
2009-08-21T12:00:00Z,-17.675,178.575,0.0
2009-08-21T12:00:00Z,-17.675,178.625,0.0
2009-09-20T12:00:00Z,-17.325,178.375,0.0
2009-09-20T12:00:00Z,-17.325,178.425,0.0
2009-09-20T12:00:00Z,-17.325,178.475,0.0
2009-09-20T12:00:00Z,-17.325,178.525,0.0
2009-09-20T12:00:00Z,-17.325,178.575,0.0
2009-09-20T12:00:00Z,-17.325,178.625,0.0
2009-09-20T12:00:00Z,-17.375,178.375,0.0
2009-09-20T12:00:00Z,-17.375,178.425,0.0
2009-09-20T12:00:00Z,-17.375,178.475,0.0
2009-09-20T12:00:00Z,-17.375,178.525,0.0
2009-09-20T12:00:00Z,-17.375,178.575,0.0
2009-09-20T12:00:00Z,-17.375,178.625,0.0
2009-09-20T12:00:00Z,-17.425,178.375,0.0
2009-09-20T12:00:00Z,-17.425,178.425,0.0
2009-09-20T12:00:00Z,-17.425,178.475,0.0
2009-09-20T12:00:00Z,-17.425,178.525,0.0
2009-09-20T12:00:00Z,-17.425,178.575,0.0
2009-09-20T12:00:00Z,-17.425,178.625,0.0
2009-09-20T12:00:00Z,-17.475,178.375,0.0
2009-09-20T12:00:00Z,-17.475,178.425,0.0
2009-09-20T12:00:00Z,-17.475,178.475,0.0
2009-09-20T12:00:00Z,-17.475,178.525,0.0
2009-09-20T12:00:00Z,-17.475,178.575,0.0
2009-09-20T12:00:00Z,-17.475,178.625,0.0
2009-09-20T12:00:00Z,-17.525,178.375,0.0
2009-09-20T12:00:00Z,-17.525,178.425,0.0
2009-09-20T12:00:00Z,-17.525,178.475,0.0
2009-09-20T12:00:00Z,-17.525,178.525,0.0
2009-09-20T12:00:00Z,-17.525,178.575,0.0
2009-09-20T12:00:00Z,-17.525,178.625,0.0
2009-09-20T12:00:00Z,-17.575,178.375,0.0
2009-09-20T12:00:00Z,-17.575,178.425,0.0
2009-09-20T12:00:00Z,-17.575,178.475,0.0
2009-09-20T12:00:00Z,-17.575,178.525,0.0
2009-09-20T12:00:00Z,-17.575,178.575,0.0
2009-09-20T12:00:00Z,-17.575,178.625,0.0
2009-09-20T12:00:00Z,-17.625,178.375,NaN
2009-09-20T12:00:00Z,-17.625,178.425,NaN
2009-09-20T12:00:00Z,-17.625,178.475,NaN
2009-09-20T12:00:00Z,-17.625,178.525,0.0
2009-09-20T12:00:00Z,-17.625,178.575,0.0
2009-09-20T12:00:00Z,-17.625,178.625,0.0
2009-09-20T12:00:00Z,-17.675,178.375,NaN
2009-09-20T12:00:00Z,-17.675,178.425,NaN
2009-09-20T12:00:00Z,-17.675,178.475,NaN
2009-09-20T12:00:00Z,-17.675,178.525,NaN
2009-09-20T12:00:00Z,-17.675,178.575,0.0
2009-09-20T12:00:00Z,-17.675,178.625,0.0
2009-10-20T12:00:00Z,-17.325,178.375,0.0
2009-10-20T12:00:00Z,-17.325,178.425,0.0
2009-10-20T12:00:00Z,-17.325,178.475,0.0
2009-10-20T12:00:00Z,-17.325,178.525,0.0
2009-10-20T12:00:00Z,-17.325,178.575,0.0
2009-10-20T12:00:00Z,-17.325,178.625,0.0
2009-10-20T12:00:00Z,-17.375,178.375,0.0
2009-10-20T12:00:00Z,-17.375,178.425,0.0
2009-10-20T12:00:00Z,-17.375,178.475,0.0
2009-10-20T12:00:00Z,-17.375,178.525,0.0
2009-10-20T12:00:00Z,-17.375,178.575,0.0
2009-10-20T12:00:00Z,-17.375,178.625,0.0
2009-10-20T12:00:00Z,-17.425,178.375,0.0
2009-10-20T12:00:00Z,-17.425,178.425,0.0
2009-10-20T12:00:00Z,-17.425,178.475,0.0
2009-10-20T12:00:00Z,-17.425,178.525,0.0
2009-10-20T12:00:00Z,-17.425,178.575,0.0
2009-10-20T12:00:00Z,-17.425,178.625,0.0
2009-10-20T12:00:00Z,-17.475,178.375,0.0
2009-10-20T12:00:00Z,-17.475,178.425,0.0
2009-10-20T12:00:00Z,-17.475,178.475,0.0
2009-10-20T12:00:00Z,-17.475,178.525,0.0
2009-10-20T12:00:00Z,-17.475,178.575,0.0
2009-10-20T12:00:00Z,-17.475,178.625,0.0
2009-10-20T12:00:00Z,-17.525,178.375,0.0
2009-10-20T12:00:00Z,-17.525,178.425,0.0
2009-10-20T12:00:00Z,-17.525,178.475,0.0
2009-10-20T12:00:00Z,-17.525,178.525,0.0
2009-10-20T12:00:00Z,-17.525,178.575,0.0
2009-10-20T12:00:00Z,-17.525,178.625,0.0
2009-10-20T12:00:00Z,-17.575,178.375,0.0
2009-10-20T12:00:00Z,-17.575,178.425,0.0
2009-10-20T12:00:00Z,-17.575,178.475,0.0
2009-10-20T12:00:00Z,-17.575,178.525,0.0
2009-10-20T12:00:00Z,-17.575,178.575,0.0
2009-10-20T12:00:00Z,-17.575,178.625,0.0
2009-10-20T12:00:00Z,-17.625,178.375,NaN
2009-10-20T12:00:00Z,-17.625,178.425,NaN
2009-10-20T12:00:00Z,-17.625,178.475,NaN
2009-10-20T12:00:00Z,-17.625,178.525,0.0
2009-10-20T12:00:00Z,-17.625,178.575,0.0
2009-10-20T12:00:00Z,-17.625,178.625,0.0
2009-10-20T12:00:00Z,-17.675,178.375,NaN
2009-10-20T12:00:00Z,-17.675,178.425,NaN
2009-10-20T12:00:00Z,-17.675,178.475,NaN
2009-10-20T12:00:00Z,-17.675,178.525,NaN
2009-10-20T12:00:00Z,-17.675,178.575,0.0
2009-10-20T12:00:00Z,-17.675,178.625,0.0
2009-11-19T12:00:00Z,-17.325,178.375,0.0
2009-11-19T12:00:00Z,-17.325,178.425,0.0
2009-11-19T12:00:00Z,-17.325,178.475,0.0
2009-11-19T12:00:00Z,-17.325,178.525,0.0
2009-11-19T12:00:00Z,-17.325,178.575,0.0
2009-11-19T12:00:00Z,-17.325,178.625,0.0
2009-11-19T12:00:00Z,-17.375,178.375,0.0
2009-11-19T12:00:00Z,-17.375,178.425,0.0
2009-11-19T12:00:00Z,-17.375,178.475,0.0
2009-11-19T12:00:00Z,-17.375,178.525,0.0
2009-11-19T12:00:00Z,-17.375,178.575,0.0
2009-11-19T12:00:00Z,-17.375,178.625,0.0
2009-11-19T12:00:00Z,-17.425,178.375,0.0
2009-11-19T12:00:00Z,-17.425,178.425,0.0
2009-11-19T12:00:00Z,-17.425,178.475,0.0
2009-11-19T12:00:00Z,-17.425,178.525,0.0
2009-11-19T12:00:00Z,-17.425,178.575,0.0
2009-11-19T12:00:00Z,-17.425,178.625,0.0
2009-11-19T12:00:00Z,-17.475,178.375,0.0
2009-11-19T12:00:00Z,-17.475,178.425,0.0
2009-11-19T12:00:00Z,-17.475,178.475,0.0
2009-11-19T12:00:00Z,-17.475,178.525,0.0
2009-11-19T12:00:00Z,-17.475,178.575,0.0
2009-11-19T12:00:00Z,-17.475,178.625,0.0
2009-11-19T12:00:00Z,-17.525,178.375,0.0
2009-11-19T12:00:00Z,-17.525,178.425,0.0
2009-11-19T12:00:00Z,-17.525,178.475,0.0
2009-11-19T12:00:00Z,-17.525,178.525,0.0
2009-11-19T12:00:00Z,-17.525,178.575,0.0
2009-11-19T12:00:00Z,-17.525,178.625,0.0
2009-11-19T12:00:00Z,-17.575,178.375,0.0
2009-11-19T12:00:00Z,-17.575,178.425,0.0
2009-11-19T12:00:00Z,-17.575,178.475,0.0
2009-11-19T12:00:00Z,-17.575,178.525,0.0
2009-11-19T12:00:00Z,-17.575,178.575,0.0
2009-11-19T12:00:00Z,-17.575,178.625,0.0
2009-11-19T12:00:00Z,-17.625,178.375,NaN
2009-11-19T12:00:00Z,-17.625,178.425,NaN
2009-11-19T12:00:00Z,-17.625,178.475,NaN
2009-11-19T12:00:00Z,-17.625,178.525,0.0
2009-11-19T12:00:00Z,-17.625,178.575,0.0
2009-11-19T12:00:00Z,-17.625,178.625,0.0
2009-11-19T12:00:00Z,-17.675,178.375,NaN
2009-11-19T12:00:00Z,-17.675,178.425,NaN
2009-11-19T12:00:00Z,-17.675,178.475,NaN
2009-11-19T12:00:00Z,-17.675,178.525,NaN
2009-11-19T12:00:00Z,-17.675,178.575,0.0
2009-11-19T12:00:00Z,-17.675,178.625,0.0
2009-12-19T12:00:00Z,-17.325,178.375,0.0
2009-12-19T12:00:00Z,-17.325,178.425,0.0
2009-12-19T12:00:00Z,-17.325,178.475,0.0
2009-12-19T12:00:00Z,-17.325,178.525,0.0
2009-12-19T12:00:00Z,-17.325,178.575,0.0
2009-12-19T12:00:00Z,-17.325,178.625,0.0
2009-12-19T12:00:00Z,-17.375,178.375,0.0
2009-12-19T12:00:00Z,-17.375,178.425,0.0
2009-12-19T12:00:00Z,-17.375,178.475,0.0
2009-12-19T12:00:00Z,-17.375,178.525,0.0
2009-12-19T12:00:00Z,-17.375,178.575,0.0
2009-12-19T12:00:00Z,-17.375,178.625,0.0
2009-12-19T12:00:00Z,-17.425,178.375,0.0
2009-12-19T12:00:00Z,-17.425,178.425,0.0
2009-12-19T12:00:00Z,-17.425,178.475,0.0
2009-12-19T12:00:00Z,-17.425,178.525,0.0
2009-12-19T12:00:00Z,-17.425,178.575,0.0
2009-12-19T12:00:00Z,-17.425,178.625,0.0
2009-12-19T12:00:00Z,-17.475,178.375,0.0
2009-12-19T12:00:00Z,-17.475,178.425,0.0
2009-12-19T12:00:00Z,-17.475,178.475,0.0
2009-12-19T12:00:00Z,-17.475,178.525,0.0
2009-12-19T12:00:00Z,-17.475,178.575,0.0
2009-12-19T12:00:00Z,-17.475,178.625,0.0
2009-12-19T12:00:00Z,-17.525,178.375,0.0
2009-12-19T12:00:00Z,-17.525,178.425,0.0
2009-12-19T12:00:00Z,-17.525,178.475,0.0
2009-12-19T12:00:00Z,-17.525,178.525,0.0
2009-12-19T12:00:00Z,-17.525,178.575,0.0
2009-12-19T12:00:00Z,-17.525,178.625,0.0
2009-12-19T12:00:00Z,-17.575,178.375,0.0
2009-12-19T12:00:00Z,-17.575,178.425,0.0
2009-12-19T12:00:00Z,-17.575,178.475,0.0
2009-12-19T12:00:00Z,-17.575,178.525,0.0
2009-12-19T12:00:00Z,-17.575,178.575,0.0
2009-12-19T12:00:00Z,-17.575,178.625,0.0
2009-12-19T12:00:00Z,-17.625,178.375,NaN
2009-12-19T12:00:00Z,-17.625,178.425,NaN
2009-12-19T12:00:00Z,-17.625,178.475,NaN
2009-12-19T12:00:00Z,-17.625,178.525,0.0
2009-12-19T12:00:00Z,-17.625,178.575,0.0
2009-12-19T12:00:00Z,-17.625,178.625,0.0
2009-12-19T12:00:00Z,-17.675,178.375,NaN
2009-12-19T12:00:00Z,-17.675,178.425,NaN
2009-12-19T12:00:00Z,-17.675,178.475,NaN
2009-12-19T12:00:00Z,-17.675,178.525,NaN
2009-12-19T12:00:00Z,-17.675,178.575,0.0
2009-12-19T12:00:00Z,-17.675,178.625,0.0
2010-01-18T12:00:00Z,-17.325,178.375,0.0
2010-01-18T12:00:00Z,-17.325,178.425,0.0
2010-01-18T12:00:00Z,-17.325,178.475,0.0
2010-01-18T12:00:00Z,-17.325,178.525,0.0
2010-01-18T12:00:00Z,-17.325,178.575,0.0
2010-01-18T12:00:00Z,-17.325,178.625,0.0
2010-01-18T12:00:00Z,-17.375,178.375,0.0
2010-01-18T12:00:00Z,-17.375,178.425,0.0
2010-01-18T12:00:00Z,-17.375,178.475,0.0
2010-01-18T12:00:00Z,-17.375,178.525,0.0
2010-01-18T12:00:00Z,-17.375,178.575,0.0
2010-01-18T12:00:00Z,-17.375,178.625,0.0
2010-01-18T12:00:00Z,-17.425,178.375,0.0
2010-01-18T12:00:00Z,-17.425,178.425,0.0
2010-01-18T12:00:00Z,-17.425,178.475,0.0
2010-01-18T12:00:00Z,-17.425,178.525,0.0
2010-01-18T12:00:00Z,-17.425,178.575,0.0
2010-01-18T12:00:00Z,-17.425,178.625,0.0
2010-01-18T12:00:00Z,-17.475,178.375,0.0
2010-01-18T12:00:00Z,-17.475,178.425,0.0
2010-01-18T12:00:00Z,-17.475,178.475,0.0
2010-01-18T12:00:00Z,-17.475,178.525,0.0
2010-01-18T12:00:00Z,-17.475,178.575,0.0
2010-01-18T12:00:00Z,-17.475,178.625,0.0
2010-01-18T12:00:00Z,-17.525,178.375,0.0
2010-01-18T12:00:00Z,-17.525,178.425,0.0
2010-01-18T12:00:00Z,-17.525,178.475,0.0
2010-01-18T12:00:00Z,-17.525,178.525,0.0
2010-01-18T12:00:00Z,-17.525,178.575,0.0
2010-01-18T12:00:00Z,-17.525,178.625,0.0
2010-01-18T12:00:00Z,-17.575,178.375,0.0
2010-01-18T12:00:00Z,-17.575,178.425,0.0
2010-01-18T12:00:00Z,-17.575,178.475,0.0
2010-01-18T12:00:00Z,-17.575,178.525,0.0
2010-01-18T12:00:00Z,-17.575,178.575,0.0
2010-01-18T12:00:00Z,-17.575,178.625,0.0
2010-01-18T12:00:00Z,-17.625,178.375,NaN
2010-01-18T12:00:00Z,-17.625,178.425,NaN
2010-01-18T12:00:00Z,-17.625,178.475,NaN
2010-01-18T12:00:00Z,-17.625,178.525,0.0
2010-01-18T12:00:00Z,-17.625,178.575,0.0
2010-01-18T12:00:00Z,-17.625,178.625,0.0
2010-01-18T12:00:00Z,-17.675,178.375,NaN
2010-01-18T12:00:00Z,-17.675,178.425,NaN
2010-01-18T12:00:00Z,-17.675,178.475,NaN
2010-01-18T12:00:00Z,-17.675,178.525,NaN
2010-01-18T12:00:00Z,-17.675,178.575,0.0
2010-01-18T12:00:00Z,-17.675,178.625,0.0
2010-02-17T12:00:00Z,-17.325,178.375,0.0
2010-02-17T12:00:00Z,-17.325,178.425,0.0
2010-02-17T12:00:00Z,-17.325,178.475,0.0
2010-02-17T12:00:00Z,-17.325,178.525,0.0
2010-02-17T12:00:00Z,-17.325,178.575,0.0
2010-02-17T12:00:00Z,-17.325,178.625,0.0
2010-02-17T12:00:00Z,-17.375,178.375,0.0
2010-02-17T12:00:00Z,-17.375,178.425,0.0
2010-02-17T12:00:00Z,-17.375,178.475,0.0
2010-02-17T12:00:00Z,-17.375,178.525,0.0
2010-02-17T12:00:00Z,-17.375,178.575,0.0
2010-02-17T12:00:00Z,-17.375,178.625,0.0
2010-02-17T12:00:00Z,-17.425,178.375,0.0
2010-02-17T12:00:00Z,-17.425,178.425,0.0
2010-02-17T12:00:00Z,-17.425,178.475,0.0
2010-02-17T12:00:00Z,-17.425,178.525,0.0
2010-02-17T12:00:00Z,-17.425,178.575,0.0
2010-02-17T12:00:00Z,-17.425,178.625,0.0
2010-02-17T12:00:00Z,-17.475,178.375,0.0
2010-02-17T12:00:00Z,-17.475,178.425,0.0
2010-02-17T12:00:00Z,-17.475,178.475,0.0
2010-02-17T12:00:00Z,-17.475,178.525,0.0
2010-02-17T12:00:00Z,-17.475,178.575,0.0
2010-02-17T12:00:00Z,-17.475,178.625,0.0
2010-02-17T12:00:00Z,-17.525,178.375,0.0
2010-02-17T12:00:00Z,-17.525,178.425,0.0
2010-02-17T12:00:00Z,-17.525,178.475,0.0
2010-02-17T12:00:00Z,-17.525,178.525,0.0
2010-02-17T12:00:00Z,-17.525,178.575,0.0
2010-02-17T12:00:00Z,-17.525,178.625,0.0
2010-02-17T12:00:00Z,-17.575,178.375,0.0
2010-02-17T12:00:00Z,-17.575,178.425,0.0
2010-02-17T12:00:00Z,-17.575,178.475,0.0
2010-02-17T12:00:00Z,-17.575,178.525,0.0
2010-02-17T12:00:00Z,-17.575,178.575,0.0
2010-02-17T12:00:00Z,-17.575,178.625,0.0
2010-02-17T12:00:00Z,-17.625,178.375,NaN
2010-02-17T12:00:00Z,-17.625,178.425,NaN
2010-02-17T12:00:00Z,-17.625,178.475,NaN
2010-02-17T12:00:00Z,-17.625,178.525,0.0
2010-02-17T12:00:00Z,-17.625,178.575,0.0
2010-02-17T12:00:00Z,-17.625,178.625,0.0
2010-02-17T12:00:00Z,-17.675,178.375,NaN
2010-02-17T12:00:00Z,-17.675,178.425,NaN
2010-02-17T12:00:00Z,-17.675,178.475,NaN
2010-02-17T12:00:00Z,-17.675,178.525,NaN
2010-02-17T12:00:00Z,-17.675,178.575,0.0
2010-02-17T12:00:00Z,-17.675,178.625,0.0
2010-03-19T12:00:00Z,-17.325,178.375,0.0
2010-03-19T12:00:00Z,-17.325,178.425,0.0
2010-03-19T12:00:00Z,-17.325,178.475,0.0
2010-03-19T12:00:00Z,-17.325,178.525,0.0
2010-03-19T12:00:00Z,-17.325,178.575,0.0
2010-03-19T12:00:00Z,-17.325,178.625,0.0
2010-03-19T12:00:00Z,-17.375,178.375,0.0
2010-03-19T12:00:00Z,-17.375,178.425,0.0
2010-03-19T12:00:00Z,-17.375,178.475,0.0
2010-03-19T12:00:00Z,-17.375,178.525,0.0
2010-03-19T12:00:00Z,-17.375,178.575,0.0
2010-03-19T12:00:00Z,-17.375,178.625,0.0
2010-03-19T12:00:00Z,-17.425,178.375,0.0
2010-03-19T12:00:00Z,-17.425,178.425,0.0
2010-03-19T12:00:00Z,-17.425,178.475,0.0
2010-03-19T12:00:00Z,-17.425,178.525,0.0
2010-03-19T12:00:00Z,-17.425,178.575,0.0
2010-03-19T12:00:00Z,-17.425,178.625,0.0
2010-03-19T12:00:00Z,-17.475,178.375,0.0
2010-03-19T12:00:00Z,-17.475,178.425,0.0
2010-03-19T12:00:00Z,-17.475,178.475,0.0
2010-03-19T12:00:00Z,-17.475,178.525,0.0
2010-03-19T12:00:00Z,-17.475,178.575,0.0
2010-03-19T12:00:00Z,-17.475,178.625,0.0
2010-03-19T12:00:00Z,-17.525,178.375,0.0
2010-03-19T12:00:00Z,-17.525,178.425,0.0
2010-03-19T12:00:00Z,-17.525,178.475,0.0
2010-03-19T12:00:00Z,-17.525,178.525,0.0
2010-03-19T12:00:00Z,-17.525,178.575,0.0
2010-03-19T12:00:00Z,-17.525,178.625,0.0
2010-03-19T12:00:00Z,-17.575,178.375,0.0
2010-03-19T12:00:00Z,-17.575,178.425,0.0
2010-03-19T12:00:00Z,-17.575,178.475,0.0
2010-03-19T12:00:00Z,-17.575,178.525,0.0
2010-03-19T12:00:00Z,-17.575,178.575,0.0
2010-03-19T12:00:00Z,-17.575,178.625,0.0
2010-03-19T12:00:00Z,-17.625,178.375,NaN
2010-03-19T12:00:00Z,-17.625,178.425,NaN
2010-03-19T12:00:00Z,-17.625,178.475,NaN
2010-03-19T12:00:00Z,-17.625,178.525,0.0
2010-03-19T12:00:00Z,-17.625,178.575,0.0
2010-03-19T12:00:00Z,-17.625,178.625,0.0
2010-03-19T12:00:00Z,-17.675,178.375,NaN
2010-03-19T12:00:00Z,-17.675,178.425,NaN
2010-03-19T12:00:00Z,-17.675,178.475,NaN
2010-03-19T12:00:00Z,-17.675,178.525,NaN
2010-03-19T12:00:00Z,-17.675,178.575,0.0
2010-03-19T12:00:00Z,-17.675,178.625,0.0
2010-04-18T12:00:00Z,-17.325,178.375,0.0
2010-04-18T12:00:00Z,-17.325,178.425,0.0
2010-04-18T12:00:00Z,-17.325,178.475,0.0
2010-04-18T12:00:00Z,-17.325,178.525,0.0
2010-04-18T12:00:00Z,-17.325,178.575,0.0
2010-04-18T12:00:00Z,-17.325,178.625,0.0
2010-04-18T12:00:00Z,-17.375,178.375,0.0
2010-04-18T12:00:00Z,-17.375,178.425,0.0
2010-04-18T12:00:00Z,-17.375,178.475,0.0
2010-04-18T12:00:00Z,-17.375,178.525,0.0
2010-04-18T12:00:00Z,-17.375,178.575,0.0
2010-04-18T12:00:00Z,-17.375,178.625,0.0
2010-04-18T12:00:00Z,-17.425,178.375,0.0
2010-04-18T12:00:00Z,-17.425,178.425,0.0
2010-04-18T12:00:00Z,-17.425,178.475,0.0
2010-04-18T12:00:00Z,-17.425,178.525,0.0
2010-04-18T12:00:00Z,-17.425,178.575,0.0
2010-04-18T12:00:00Z,-17.425,178.625,0.0
2010-04-18T12:00:00Z,-17.475,178.375,0.0
2010-04-18T12:00:00Z,-17.475,178.425,0.0
2010-04-18T12:00:00Z,-17.475,178.475,0.0
2010-04-18T12:00:00Z,-17.475,178.525,0.0
2010-04-18T12:00:00Z,-17.475,178.575,0.0
2010-04-18T12:00:00Z,-17.475,178.625,0.0
2010-04-18T12:00:00Z,-17.525,178.375,0.0
2010-04-18T12:00:00Z,-17.525,178.425,0.0
2010-04-18T12:00:00Z,-17.525,178.475,0.0
2010-04-18T12:00:00Z,-17.525,178.525,0.0
2010-04-18T12:00:00Z,-17.525,178.575,0.0
2010-04-18T12:00:00Z,-17.525,178.625,0.0
2010-04-18T12:00:00Z,-17.575,178.375,0.0
2010-04-18T12:00:00Z,-17.575,178.425,0.0
2010-04-18T12:00:00Z,-17.575,178.475,0.0
2010-04-18T12:00:00Z,-17.575,178.525,0.0
2010-04-18T12:00:00Z,-17.575,178.575,0.0
2010-04-18T12:00:00Z,-17.575,178.625,0.0
2010-04-18T12:00:00Z,-17.625,178.375,NaN
2010-04-18T12:00:00Z,-17.625,178.425,NaN
2010-04-18T12:00:00Z,-17.625,178.475,NaN
2010-04-18T12:00:00Z,-17.625,178.525,0.0
2010-04-18T12:00:00Z,-17.625,178.575,0.0
2010-04-18T12:00:00Z,-17.625,178.625,0.0
2010-04-18T12:00:00Z,-17.675,178.375,NaN
2010-04-18T12:00:00Z,-17.675,178.425,NaN
2010-04-18T12:00:00Z,-17.675,178.475,NaN
2010-04-18T12:00:00Z,-17.675,178.525,NaN
2010-04-18T12:00:00Z,-17.675,178.575,0.0
2010-04-18T12:00:00Z,-17.675,178.625,0.0
2010-05-18T12:00:00Z,-17.325,178.375,0.0
2010-05-18T12:00:00Z,-17.325,178.425,0.0
2010-05-18T12:00:00Z,-17.325,178.475,0.0
2010-05-18T12:00:00Z,-17.325,178.525,0.0
2010-05-18T12:00:00Z,-17.325,178.575,0.0
2010-05-18T12:00:00Z,-17.325,178.625,0.0
2010-05-18T12:00:00Z,-17.375,178.375,0.0
2010-05-18T12:00:00Z,-17.375,178.425,0.0
2010-05-18T12:00:00Z,-17.375,178.475,0.0
2010-05-18T12:00:00Z,-17.375,178.525,0.0
2010-05-18T12:00:00Z,-17.375,178.575,0.0
2010-05-18T12:00:00Z,-17.375,178.625,0.0
2010-05-18T12:00:00Z,-17.425,178.375,0.0
2010-05-18T12:00:00Z,-17.425,178.425,0.0
2010-05-18T12:00:00Z,-17.425,178.475,0.0
2010-05-18T12:00:00Z,-17.425,178.525,0.0
2010-05-18T12:00:00Z,-17.425,178.575,0.0
2010-05-18T12:00:00Z,-17.425,178.625,0.0
2010-05-18T12:00:00Z,-17.475,178.375,0.0
2010-05-18T12:00:00Z,-17.475,178.425,0.0
2010-05-18T12:00:00Z,-17.475,178.475,0.0
2010-05-18T12:00:00Z,-17.475,178.525,0.0
2010-05-18T12:00:00Z,-17.475,178.575,0.0
2010-05-18T12:00:00Z,-17.475,178.625,0.0
2010-05-18T12:00:00Z,-17.525,178.375,0.0
2010-05-18T12:00:00Z,-17.525,178.425,0.0
2010-05-18T12:00:00Z,-17.525,178.475,0.0
2010-05-18T12:00:00Z,-17.525,178.525,0.0
2010-05-18T12:00:00Z,-17.525,178.575,0.0
2010-05-18T12:00:00Z,-17.525,178.625,0.0
2010-05-18T12:00:00Z,-17.575,178.375,0.0
2010-05-18T12:00:00Z,-17.575,178.425,0.0
2010-05-18T12:00:00Z,-17.575,178.475,0.0
2010-05-18T12:00:00Z,-17.575,178.525,0.0
2010-05-18T12:00:00Z,-17.575,178.575,0.0
2010-05-18T12:00:00Z,-17.575,178.625,0.0
2010-05-18T12:00:00Z,-17.625,178.375,NaN
2010-05-18T12:00:00Z,-17.625,178.425,NaN
2010-05-18T12:00:00Z,-17.625,178.475,NaN
2010-05-18T12:00:00Z,-17.625,178.525,0.0
2010-05-18T12:00:00Z,-17.625,178.575,0.0
2010-05-18T12:00:00Z,-17.625,178.625,0.0
2010-05-18T12:00:00Z,-17.675,178.375,NaN
2010-05-18T12:00:00Z,-17.675,178.425,NaN
2010-05-18T12:00:00Z,-17.675,178.475,NaN
2010-05-18T12:00:00Z,-17.675,178.525,NaN
2010-05-18T12:00:00Z,-17.675,178.575,0.0
2010-05-18T12:00:00Z,-17.675,178.625,0.0
2010-06-17T12:00:00Z,-17.325,178.375,0.0
2010-06-17T12:00:00Z,-17.325,178.425,0.0
2010-06-17T12:00:00Z,-17.325,178.475,0.0
2010-06-17T12:00:00Z,-17.325,178.525,0.0
2010-06-17T12:00:00Z,-17.325,178.575,0.0
2010-06-17T12:00:00Z,-17.325,178.625,0.0
2010-06-17T12:00:00Z,-17.375,178.375,0.0
2010-06-17T12:00:00Z,-17.375,178.425,0.0
2010-06-17T12:00:00Z,-17.375,178.475,0.0
2010-06-17T12:00:00Z,-17.375,178.525,0.0
2010-06-17T12:00:00Z,-17.375,178.575,0.0
2010-06-17T12:00:00Z,-17.375,178.625,0.0
2010-06-17T12:00:00Z,-17.425,178.375,0.0
2010-06-17T12:00:00Z,-17.425,178.425,0.0
2010-06-17T12:00:00Z,-17.425,178.475,0.0
2010-06-17T12:00:00Z,-17.425,178.525,0.0
2010-06-17T12:00:00Z,-17.425,178.575,0.0
2010-06-17T12:00:00Z,-17.425,178.625,0.0
2010-06-17T12:00:00Z,-17.475,178.375,0.0
2010-06-17T12:00:00Z,-17.475,178.425,0.0
2010-06-17T12:00:00Z,-17.475,178.475,0.0
2010-06-17T12:00:00Z,-17.475,178.525,0.0
2010-06-17T12:00:00Z,-17.475,178.575,0.0
2010-06-17T12:00:00Z,-17.475,178.625,0.0
2010-06-17T12:00:00Z,-17.525,178.375,0.0
2010-06-17T12:00:00Z,-17.525,178.425,0.0
2010-06-17T12:00:00Z,-17.525,178.475,0.0
2010-06-17T12:00:00Z,-17.525,178.525,0.0
2010-06-17T12:00:00Z,-17.525,178.575,0.0
2010-06-17T12:00:00Z,-17.525,178.625,0.0
2010-06-17T12:00:00Z,-17.575,178.375,0.0
2010-06-17T12:00:00Z,-17.575,178.425,0.0
2010-06-17T12:00:00Z,-17.575,178.475,0.0
2010-06-17T12:00:00Z,-17.575,178.525,0.0
2010-06-17T12:00:00Z,-17.575,178.575,0.0
2010-06-17T12:00:00Z,-17.575,178.625,0.0
2010-06-17T12:00:00Z,-17.625,178.375,NaN
2010-06-17T12:00:00Z,-17.625,178.425,NaN
2010-06-17T12:00:00Z,-17.625,178.475,NaN
2010-06-17T12:00:00Z,-17.625,178.525,0.0
2010-06-17T12:00:00Z,-17.625,178.575,0.0
2010-06-17T12:00:00Z,-17.625,178.625,0.0
2010-06-17T12:00:00Z,-17.675,178.375,NaN
2010-06-17T12:00:00Z,-17.675,178.425,NaN
2010-06-17T12:00:00Z,-17.675,178.475,NaN
2010-06-17T12:00:00Z,-17.675,178.525,NaN
2010-06-17T12:00:00Z,-17.675,178.575,0.0
2010-06-17T12:00:00Z,-17.675,178.625,0.0
2010-07-17T12:00:00Z,-17.325,178.375,0.0
2010-07-17T12:00:00Z,-17.325,178.425,0.0
2010-07-17T12:00:00Z,-17.325,178.475,0.0
2010-07-17T12:00:00Z,-17.325,178.525,0.0
2010-07-17T12:00:00Z,-17.325,178.575,0.0
2010-07-17T12:00:00Z,-17.325,178.625,0.0
2010-07-17T12:00:00Z,-17.375,178.375,0.0
2010-07-17T12:00:00Z,-17.375,178.425,0.0
2010-07-17T12:00:00Z,-17.375,178.475,0.0
2010-07-17T12:00:00Z,-17.375,178.525,0.0
2010-07-17T12:00:00Z,-17.375,178.575,0.0
2010-07-17T12:00:00Z,-17.375,178.625,0.0
2010-07-17T12:00:00Z,-17.425,178.375,0.0
2010-07-17T12:00:00Z,-17.425,178.425,0.0
2010-07-17T12:00:00Z,-17.425,178.475,0.0
2010-07-17T12:00:00Z,-17.425,178.525,0.0
2010-07-17T12:00:00Z,-17.425,178.575,0.0
2010-07-17T12:00:00Z,-17.425,178.625,0.0
2010-07-17T12:00:00Z,-17.475,178.375,0.0
2010-07-17T12:00:00Z,-17.475,178.425,0.0
2010-07-17T12:00:00Z,-17.475,178.475,0.0
2010-07-17T12:00:00Z,-17.475,178.525,0.0
2010-07-17T12:00:00Z,-17.475,178.575,0.0
2010-07-17T12:00:00Z,-17.475,178.625,0.0
2010-07-17T12:00:00Z,-17.525,178.375,0.0
2010-07-17T12:00:00Z,-17.525,178.425,0.0
2010-07-17T12:00:00Z,-17.525,178.475,0.0
2010-07-17T12:00:00Z,-17.525,178.525,0.0
2010-07-17T12:00:00Z,-17.525,178.575,0.0
2010-07-17T12:00:00Z,-17.525,178.625,0.0
2010-07-17T12:00:00Z,-17.575,178.375,0.0
2010-07-17T12:00:00Z,-17.575,178.425,0.0
2010-07-17T12:00:00Z,-17.575,178.475,0.0
2010-07-17T12:00:00Z,-17.575,178.525,0.0
2010-07-17T12:00:00Z,-17.575,178.575,0.0
2010-07-17T12:00:00Z,-17.575,178.625,0.0
2010-07-17T12:00:00Z,-17.625,178.375,NaN
2010-07-17T12:00:00Z,-17.625,178.425,NaN
2010-07-17T12:00:00Z,-17.625,178.475,NaN
2010-07-17T12:00:00Z,-17.625,178.525,0.0
2010-07-17T12:00:00Z,-17.625,178.575,0.0
2010-07-17T12:00:00Z,-17.625,178.625,0.0
2010-07-17T12:00:00Z,-17.675,178.375,NaN
2010-07-17T12:00:00Z,-17.675,178.425,NaN
2010-07-17T12:00:00Z,-17.675,178.475,NaN
2010-07-17T12:00:00Z,-17.675,178.525,NaN
2010-07-17T12:00:00Z,-17.675,178.575,0.0
2010-07-17T12:00:00Z,-17.675,178.625,0.0
2010-08-16T12:00:00Z,-17.325,178.375,0.0
2010-08-16T12:00:00Z,-17.325,178.425,0.0
2010-08-16T12:00:00Z,-17.325,178.475,0.0
2010-08-16T12:00:00Z,-17.325,178.525,0.0
2010-08-16T12:00:00Z,-17.325,178.575,0.0
2010-08-16T12:00:00Z,-17.325,178.625,0.0
2010-08-16T12:00:00Z,-17.375,178.375,0.0
2010-08-16T12:00:00Z,-17.375,178.425,0.0
2010-08-16T12:00:00Z,-17.375,178.475,0.0
2010-08-16T12:00:00Z,-17.375,178.525,0.0
2010-08-16T12:00:00Z,-17.375,178.575,0.0
2010-08-16T12:00:00Z,-17.375,178.625,0.0
2010-08-16T12:00:00Z,-17.425,178.375,0.0
2010-08-16T12:00:00Z,-17.425,178.425,0.0
2010-08-16T12:00:00Z,-17.425,178.475,0.0
2010-08-16T12:00:00Z,-17.425,178.525,0.0
2010-08-16T12:00:00Z,-17.425,178.575,0.0
2010-08-16T12:00:00Z,-17.425,178.625,0.0
2010-08-16T12:00:00Z,-17.475,178.375,0.0
2010-08-16T12:00:00Z,-17.475,178.425,0.0
2010-08-16T12:00:00Z,-17.475,178.475,0.0
2010-08-16T12:00:00Z,-17.475,178.525,0.0
2010-08-16T12:00:00Z,-17.475,178.575,0.0
2010-08-16T12:00:00Z,-17.475,178.625,0.0
2010-08-16T12:00:00Z,-17.525,178.375,0.0
2010-08-16T12:00:00Z,-17.525,178.425,0.0
2010-08-16T12:00:00Z,-17.525,178.475,0.0
2010-08-16T12:00:00Z,-17.525,178.525,0.0
2010-08-16T12:00:00Z,-17.525,178.575,0.0
2010-08-16T12:00:00Z,-17.525,178.625,0.0
2010-08-16T12:00:00Z,-17.575,178.375,0.0
2010-08-16T12:00:00Z,-17.575,178.425,0.0
2010-08-16T12:00:00Z,-17.575,178.475,0.0
2010-08-16T12:00:00Z,-17.575,178.525,0.0
2010-08-16T12:00:00Z,-17.575,178.575,0.0
2010-08-16T12:00:00Z,-17.575,178.625,0.0
2010-08-16T12:00:00Z,-17.625,178.375,NaN
2010-08-16T12:00:00Z,-17.625,178.425,NaN
2010-08-16T12:00:00Z,-17.625,178.475,NaN
2010-08-16T12:00:00Z,-17.625,178.525,0.0
2010-08-16T12:00:00Z,-17.625,178.575,0.0
2010-08-16T12:00:00Z,-17.625,178.625,0.0
2010-08-16T12:00:00Z,-17.675,178.375,NaN
2010-08-16T12:00:00Z,-17.675,178.425,NaN
2010-08-16T12:00:00Z,-17.675,178.475,NaN
2010-08-16T12:00:00Z,-17.675,178.525,NaN
2010-08-16T12:00:00Z,-17.675,178.575,0.0
2010-08-16T12:00:00Z,-17.675,178.625,0.0
2010-09-15T12:00:00Z,-17.325,178.375,0.0
2010-09-15T12:00:00Z,-17.325,178.425,0.0
2010-09-15T12:00:00Z,-17.325,178.475,0.0
2010-09-15T12:00:00Z,-17.325,178.525,0.0
2010-09-15T12:00:00Z,-17.325,178.575,0.0
2010-09-15T12:00:00Z,-17.325,178.625,0.0
2010-09-15T12:00:00Z,-17.375,178.375,0.0
2010-09-15T12:00:00Z,-17.375,178.425,0.0
2010-09-15T12:00:00Z,-17.375,178.475,0.0
2010-09-15T12:00:00Z,-17.375,178.525,0.0
2010-09-15T12:00:00Z,-17.375,178.575,0.0
2010-09-15T12:00:00Z,-17.375,178.625,0.0
2010-09-15T12:00:00Z,-17.425,178.375,0.0
2010-09-15T12:00:00Z,-17.425,178.425,0.0
2010-09-15T12:00:00Z,-17.425,178.475,0.0
2010-09-15T12:00:00Z,-17.425,178.525,0.0
2010-09-15T12:00:00Z,-17.425,178.575,0.0
2010-09-15T12:00:00Z,-17.425,178.625,0.0
2010-09-15T12:00:00Z,-17.475,178.375,0.0
2010-09-15T12:00:00Z,-17.475,178.425,0.0
2010-09-15T12:00:00Z,-17.475,178.475,0.0
2010-09-15T12:00:00Z,-17.475,178.525,0.0
2010-09-15T12:00:00Z,-17.475,178.575,0.0
2010-09-15T12:00:00Z,-17.475,178.625,0.0
2010-09-15T12:00:00Z,-17.525,178.375,0.0
2010-09-15T12:00:00Z,-17.525,178.425,0.0
2010-09-15T12:00:00Z,-17.525,178.475,0.0
2010-09-15T12:00:00Z,-17.525,178.525,0.0
2010-09-15T12:00:00Z,-17.525,178.575,0.0
2010-09-15T12:00:00Z,-17.525,178.625,0.0
2010-09-15T12:00:00Z,-17.575,178.375,0.0
2010-09-15T12:00:00Z,-17.575,178.425,0.0
2010-09-15T12:00:00Z,-17.575,178.475,0.0
2010-09-15T12:00:00Z,-17.575,178.525,0.0
2010-09-15T12:00:00Z,-17.575,178.575,0.0
2010-09-15T12:00:00Z,-17.575,178.625,0.0
2010-09-15T12:00:00Z,-17.625,178.375,NaN
2010-09-15T12:00:00Z,-17.625,178.425,NaN
2010-09-15T12:00:00Z,-17.625,178.475,NaN
2010-09-15T12:00:00Z,-17.625,178.525,0.0
2010-09-15T12:00:00Z,-17.625,178.575,0.0
2010-09-15T12:00:00Z,-17.625,178.625,0.0
2010-09-15T12:00:00Z,-17.675,178.375,NaN
2010-09-15T12:00:00Z,-17.675,178.425,NaN
2010-09-15T12:00:00Z,-17.675,178.475,NaN
2010-09-15T12:00:00Z,-17.675,178.525,NaN
2010-09-15T12:00:00Z,-17.675,178.575,0.0
2010-09-15T12:00:00Z,-17.675,178.625,0.0
2010-10-15T12:00:00Z,-17.325,178.375,0.0
2010-10-15T12:00:00Z,-17.325,178.425,0.0
2010-10-15T12:00:00Z,-17.325,178.475,0.0
2010-10-15T12:00:00Z,-17.325,178.525,0.0
2010-10-15T12:00:00Z,-17.325,178.575,0.0
2010-10-15T12:00:00Z,-17.325,178.625,0.0
2010-10-15T12:00:00Z,-17.375,178.375,0.0
2010-10-15T12:00:00Z,-17.375,178.425,0.0
2010-10-15T12:00:00Z,-17.375,178.475,0.0
2010-10-15T12:00:00Z,-17.375,178.525,0.0
2010-10-15T12:00:00Z,-17.375,178.575,0.0
2010-10-15T12:00:00Z,-17.375,178.625,0.0
2010-10-15T12:00:00Z,-17.425,178.375,0.0
2010-10-15T12:00:00Z,-17.425,178.425,0.0
2010-10-15T12:00:00Z,-17.425,178.475,0.0
2010-10-15T12:00:00Z,-17.425,178.525,0.0
2010-10-15T12:00:00Z,-17.425,178.575,0.0
2010-10-15T12:00:00Z,-17.425,178.625,0.0
2010-10-15T12:00:00Z,-17.475,178.375,0.0
2010-10-15T12:00:00Z,-17.475,178.425,0.0
2010-10-15T12:00:00Z,-17.475,178.475,0.0
2010-10-15T12:00:00Z,-17.475,178.525,0.0
2010-10-15T12:00:00Z,-17.475,178.575,0.0
2010-10-15T12:00:00Z,-17.475,178.625,0.0
2010-10-15T12:00:00Z,-17.525,178.375,0.0
2010-10-15T12:00:00Z,-17.525,178.425,0.0
2010-10-15T12:00:00Z,-17.525,178.475,0.0
2010-10-15T12:00:00Z,-17.525,178.525,0.0
2010-10-15T12:00:00Z,-17.525,178.575,0.0
2010-10-15T12:00:00Z,-17.525,178.625,0.0
2010-10-15T12:00:00Z,-17.575,178.375,0.0
2010-10-15T12:00:00Z,-17.575,178.425,0.0
2010-10-15T12:00:00Z,-17.575,178.475,0.0
2010-10-15T12:00:00Z,-17.575,178.525,0.0
2010-10-15T12:00:00Z,-17.575,178.575,0.0
2010-10-15T12:00:00Z,-17.575,178.625,0.0
2010-10-15T12:00:00Z,-17.625,178.375,NaN
2010-10-15T12:00:00Z,-17.625,178.425,NaN
2010-10-15T12:00:00Z,-17.625,178.475,NaN
2010-10-15T12:00:00Z,-17.625,178.525,0.0
2010-10-15T12:00:00Z,-17.625,178.575,0.0
2010-10-15T12:00:00Z,-17.625,178.625,0.0
2010-10-15T12:00:00Z,-17.675,178.375,NaN
2010-10-15T12:00:00Z,-17.675,178.425,NaN
2010-10-15T12:00:00Z,-17.675,178.475,NaN
2010-10-15T12:00:00Z,-17.675,178.525,NaN
2010-10-15T12:00:00Z,-17.675,178.575,0.0
2010-10-15T12:00:00Z,-17.675,178.625,0.0
2010-11-14T12:00:00Z,-17.325,178.375,0.0
2010-11-14T12:00:00Z,-17.325,178.425,0.0
2010-11-14T12:00:00Z,-17.325,178.475,0.0
2010-11-14T12:00:00Z,-17.325,178.525,0.0
2010-11-14T12:00:00Z,-17.325,178.575,0.0
2010-11-14T12:00:00Z,-17.325,178.625,0.0
2010-11-14T12:00:00Z,-17.375,178.375,0.0
2010-11-14T12:00:00Z,-17.375,178.425,0.0
2010-11-14T12:00:00Z,-17.375,178.475,0.0
2010-11-14T12:00:00Z,-17.375,178.525,0.0
2010-11-14T12:00:00Z,-17.375,178.575,0.0
2010-11-14T12:00:00Z,-17.375,178.625,0.0
2010-11-14T12:00:00Z,-17.425,178.375,0.0
2010-11-14T12:00:00Z,-17.425,178.425,0.0
2010-11-14T12:00:00Z,-17.425,178.475,0.0
2010-11-14T12:00:00Z,-17.425,178.525,0.0
2010-11-14T12:00:00Z,-17.425,178.575,0.0
2010-11-14T12:00:00Z,-17.425,178.625,0.0
2010-11-14T12:00:00Z,-17.475,178.375,0.0
2010-11-14T12:00:00Z,-17.475,178.425,0.0
2010-11-14T12:00:00Z,-17.475,178.475,0.0
2010-11-14T12:00:00Z,-17.475,178.525,0.0
2010-11-14T12:00:00Z,-17.475,178.575,0.0
2010-11-14T12:00:00Z,-17.475,178.625,0.0
2010-11-14T12:00:00Z,-17.525,178.375,0.0
2010-11-14T12:00:00Z,-17.525,178.425,0.0
2010-11-14T12:00:00Z,-17.525,178.475,0.0
2010-11-14T12:00:00Z,-17.525,178.525,0.0
2010-11-14T12:00:00Z,-17.525,178.575,0.0
2010-11-14T12:00:00Z,-17.525,178.625,0.0
2010-11-14T12:00:00Z,-17.575,178.375,0.0
2010-11-14T12:00:00Z,-17.575,178.425,0.0
2010-11-14T12:00:00Z,-17.575,178.475,0.0
2010-11-14T12:00:00Z,-17.575,178.525,0.0
2010-11-14T12:00:00Z,-17.575,178.575,0.0
2010-11-14T12:00:00Z,-17.575,178.625,0.0
2010-11-14T12:00:00Z,-17.625,178.375,NaN
2010-11-14T12:00:00Z,-17.625,178.425,NaN
2010-11-14T12:00:00Z,-17.625,178.475,NaN
2010-11-14T12:00:00Z,-17.625,178.525,0.0
2010-11-14T12:00:00Z,-17.625,178.575,0.0
2010-11-14T12:00:00Z,-17.625,178.625,0.0
2010-11-14T12:00:00Z,-17.675,178.375,NaN
2010-11-14T12:00:00Z,-17.675,178.425,NaN
2010-11-14T12:00:00Z,-17.675,178.475,NaN
2010-11-14T12:00:00Z,-17.675,178.525,NaN
2010-11-14T12:00:00Z,-17.675,178.575,0.0
2010-11-14T12:00:00Z,-17.675,178.625,0.0
2010-12-14T12:00:00Z,-17.325,178.375,0.0
2010-12-14T12:00:00Z,-17.325,178.425,0.0
2010-12-14T12:00:00Z,-17.325,178.475,0.0
2010-12-14T12:00:00Z,-17.325,178.525,0.0
2010-12-14T12:00:00Z,-17.325,178.575,0.0
2010-12-14T12:00:00Z,-17.325,178.625,0.0
2010-12-14T12:00:00Z,-17.375,178.375,0.0
2010-12-14T12:00:00Z,-17.375,178.425,0.0
2010-12-14T12:00:00Z,-17.375,178.475,0.0
2010-12-14T12:00:00Z,-17.375,178.525,0.0
2010-12-14T12:00:00Z,-17.375,178.575,0.0
2010-12-14T12:00:00Z,-17.375,178.625,0.0
2010-12-14T12:00:00Z,-17.425,178.375,0.0
2010-12-14T12:00:00Z,-17.425,178.425,0.0
2010-12-14T12:00:00Z,-17.425,178.475,0.0
2010-12-14T12:00:00Z,-17.425,178.525,0.0
2010-12-14T12:00:00Z,-17.425,178.575,0.0
2010-12-14T12:00:00Z,-17.425,178.625,0.0
2010-12-14T12:00:00Z,-17.475,178.375,0.0
2010-12-14T12:00:00Z,-17.475,178.425,0.0
2010-12-14T12:00:00Z,-17.475,178.475,0.0
2010-12-14T12:00:00Z,-17.475,178.525,0.0
2010-12-14T12:00:00Z,-17.475,178.575,0.0
2010-12-14T12:00:00Z,-17.475,178.625,0.0
2010-12-14T12:00:00Z,-17.525,178.375,0.0
2010-12-14T12:00:00Z,-17.525,178.425,0.0
2010-12-14T12:00:00Z,-17.525,178.475,0.0
2010-12-14T12:00:00Z,-17.525,178.525,0.0
2010-12-14T12:00:00Z,-17.525,178.575,0.0
2010-12-14T12:00:00Z,-17.525,178.625,0.0
2010-12-14T12:00:00Z,-17.575,178.375,0.0
2010-12-14T12:00:00Z,-17.575,178.425,0.0
2010-12-14T12:00:00Z,-17.575,178.475,0.0
2010-12-14T12:00:00Z,-17.575,178.525,0.0
2010-12-14T12:00:00Z,-17.575,178.575,0.0
2010-12-14T12:00:00Z,-17.575,178.625,0.0
2010-12-14T12:00:00Z,-17.625,178.375,NaN
2010-12-14T12:00:00Z,-17.625,178.425,NaN
2010-12-14T12:00:00Z,-17.625,178.475,NaN
2010-12-14T12:00:00Z,-17.625,178.525,0.0
2010-12-14T12:00:00Z,-17.625,178.575,0.0
2010-12-14T12:00:00Z,-17.625,178.625,0.0
2010-12-14T12:00:00Z,-17.675,178.375,NaN
2010-12-14T12:00:00Z,-17.675,178.425,NaN
2010-12-14T12:00:00Z,-17.675,178.475,NaN
2010-12-14T12:00:00Z,-17.675,178.525,NaN
2010-12-14T12:00:00Z,-17.675,178.575,0.0
2010-12-14T12:00:00Z,-17.675,178.625,0.0
2011-01-13T12:00:00Z,-17.325,178.375,0.0
2011-01-13T12:00:00Z,-17.325,178.425,0.0
2011-01-13T12:00:00Z,-17.325,178.475,0.0
2011-01-13T12:00:00Z,-17.325,178.525,0.0
2011-01-13T12:00:00Z,-17.325,178.575,0.0
2011-01-13T12:00:00Z,-17.325,178.625,0.0
2011-01-13T12:00:00Z,-17.375,178.375,0.0
2011-01-13T12:00:00Z,-17.375,178.425,0.0
2011-01-13T12:00:00Z,-17.375,178.475,0.0
2011-01-13T12:00:00Z,-17.375,178.525,0.0
2011-01-13T12:00:00Z,-17.375,178.575,0.0
2011-01-13T12:00:00Z,-17.375,178.625,0.0
2011-01-13T12:00:00Z,-17.425,178.375,0.0
2011-01-13T12:00:00Z,-17.425,178.425,0.0
2011-01-13T12:00:00Z,-17.425,178.475,0.0
2011-01-13T12:00:00Z,-17.425,178.525,0.0
2011-01-13T12:00:00Z,-17.425,178.575,0.0
2011-01-13T12:00:00Z,-17.425,178.625,0.0
2011-01-13T12:00:00Z,-17.475,178.375,0.0
2011-01-13T12:00:00Z,-17.475,178.425,0.0
2011-01-13T12:00:00Z,-17.475,178.475,0.0
2011-01-13T12:00:00Z,-17.475,178.525,0.0
2011-01-13T12:00:00Z,-17.475,178.575,0.0
2011-01-13T12:00:00Z,-17.475,178.625,0.0
2011-01-13T12:00:00Z,-17.525,178.375,0.0
2011-01-13T12:00:00Z,-17.525,178.425,0.0
2011-01-13T12:00:00Z,-17.525,178.475,0.0
2011-01-13T12:00:00Z,-17.525,178.525,0.0
2011-01-13T12:00:00Z,-17.525,178.575,0.0
2011-01-13T12:00:00Z,-17.525,178.625,0.0
2011-01-13T12:00:00Z,-17.575,178.375,0.0
2011-01-13T12:00:00Z,-17.575,178.425,0.0
2011-01-13T12:00:00Z,-17.575,178.475,0.0
2011-01-13T12:00:00Z,-17.575,178.525,0.0
2011-01-13T12:00:00Z,-17.575,178.575,0.0
2011-01-13T12:00:00Z,-17.575,178.625,0.0
2011-01-13T12:00:00Z,-17.625,178.375,NaN
2011-01-13T12:00:00Z,-17.625,178.425,NaN
2011-01-13T12:00:00Z,-17.625,178.475,NaN
2011-01-13T12:00:00Z,-17.625,178.525,0.0
2011-01-13T12:00:00Z,-17.625,178.575,0.0
2011-01-13T12:00:00Z,-17.625,178.625,0.0
2011-01-13T12:00:00Z,-17.675,178.375,NaN
2011-01-13T12:00:00Z,-17.675,178.425,NaN
2011-01-13T12:00:00Z,-17.675,178.475,NaN
2011-01-13T12:00:00Z,-17.675,178.525,NaN
2011-01-13T12:00:00Z,-17.675,178.575,0.0
2011-01-13T12:00:00Z,-17.675,178.625,0.0
2011-02-12T12:00:00Z,-17.325,178.375,0.0
2011-02-12T12:00:00Z,-17.325,178.425,0.0
2011-02-12T12:00:00Z,-17.325,178.475,0.0
2011-02-12T12:00:00Z,-17.325,178.525,0.0
2011-02-12T12:00:00Z,-17.325,178.575,0.0
2011-02-12T12:00:00Z,-17.325,178.625,0.0
2011-02-12T12:00:00Z,-17.375,178.375,0.0
2011-02-12T12:00:00Z,-17.375,178.425,0.0
2011-02-12T12:00:00Z,-17.375,178.475,0.0
2011-02-12T12:00:00Z,-17.375,178.525,0.0
2011-02-12T12:00:00Z,-17.375,178.575,0.0
2011-02-12T12:00:00Z,-17.375,178.625,0.0
2011-02-12T12:00:00Z,-17.425,178.375,0.0
2011-02-12T12:00:00Z,-17.425,178.425,0.0
2011-02-12T12:00:00Z,-17.425,178.475,0.0
2011-02-12T12:00:00Z,-17.425,178.525,0.0
2011-02-12T12:00:00Z,-17.425,178.575,0.0
2011-02-12T12:00:00Z,-17.425,178.625,0.0
2011-02-12T12:00:00Z,-17.475,178.375,0.0
2011-02-12T12:00:00Z,-17.475,178.425,0.0
2011-02-12T12:00:00Z,-17.475,178.475,0.0
2011-02-12T12:00:00Z,-17.475,178.525,0.0
2011-02-12T12:00:00Z,-17.475,178.575,0.0
2011-02-12T12:00:00Z,-17.475,178.625,0.0
2011-02-12T12:00:00Z,-17.525,178.375,0.0
2011-02-12T12:00:00Z,-17.525,178.425,0.0
2011-02-12T12:00:00Z,-17.525,178.475,0.0
2011-02-12T12:00:00Z,-17.525,178.525,0.0
2011-02-12T12:00:00Z,-17.525,178.575,0.0
2011-02-12T12:00:00Z,-17.525,178.625,0.0
2011-02-12T12:00:00Z,-17.575,178.375,0.0
2011-02-12T12:00:00Z,-17.575,178.425,0.0
2011-02-12T12:00:00Z,-17.575,178.475,0.0
2011-02-12T12:00:00Z,-17.575,178.525,0.0
2011-02-12T12:00:00Z,-17.575,178.575,0.0
2011-02-12T12:00:00Z,-17.575,178.625,0.0
2011-02-12T12:00:00Z,-17.625,178.375,NaN
2011-02-12T12:00:00Z,-17.625,178.425,NaN
2011-02-12T12:00:00Z,-17.625,178.475,NaN
2011-02-12T12:00:00Z,-17.625,178.525,0.0
2011-02-12T12:00:00Z,-17.625,178.575,0.0
2011-02-12T12:00:00Z,-17.625,178.625,0.0
2011-02-12T12:00:00Z,-17.675,178.375,NaN
2011-02-12T12:00:00Z,-17.675,178.425,NaN
2011-02-12T12:00:00Z,-17.675,178.475,NaN
2011-02-12T12:00:00Z,-17.675,178.525,NaN
2011-02-12T12:00:00Z,-17.675,178.575,0.0
2011-02-12T12:00:00Z,-17.675,178.625,0.0
2011-03-14T12:00:00Z,-17.325,178.375,0.0
2011-03-14T12:00:00Z,-17.325,178.425,0.0
2011-03-14T12:00:00Z,-17.325,178.475,0.0
2011-03-14T12:00:00Z,-17.325,178.525,0.0
2011-03-14T12:00:00Z,-17.325,178.575,0.0
2011-03-14T12:00:00Z,-17.325,178.625,0.0
2011-03-14T12:00:00Z,-17.375,178.375,0.0
2011-03-14T12:00:00Z,-17.375,178.425,0.0
2011-03-14T12:00:00Z,-17.375,178.475,0.0
2011-03-14T12:00:00Z,-17.375,178.525,0.0
2011-03-14T12:00:00Z,-17.375,178.575,0.0
2011-03-14T12:00:00Z,-17.375,178.625,0.0
2011-03-14T12:00:00Z,-17.425,178.375,0.0
2011-03-14T12:00:00Z,-17.425,178.425,0.0
2011-03-14T12:00:00Z,-17.425,178.475,0.0
2011-03-14T12:00:00Z,-17.425,178.525,0.0
2011-03-14T12:00:00Z,-17.425,178.575,0.0
2011-03-14T12:00:00Z,-17.425,178.625,0.0
2011-03-14T12:00:00Z,-17.475,178.375,0.0
2011-03-14T12:00:00Z,-17.475,178.425,0.0
2011-03-14T12:00:00Z,-17.475,178.475,0.0
2011-03-14T12:00:00Z,-17.475,178.525,0.0
2011-03-14T12:00:00Z,-17.475,178.575,0.0
2011-03-14T12:00:00Z,-17.475,178.625,0.0
2011-03-14T12:00:00Z,-17.525,178.375,0.0
2011-03-14T12:00:00Z,-17.525,178.425,0.0
2011-03-14T12:00:00Z,-17.525,178.475,0.0
2011-03-14T12:00:00Z,-17.525,178.525,0.0
2011-03-14T12:00:00Z,-17.525,178.575,0.0
2011-03-14T12:00:00Z,-17.525,178.625,0.0
2011-03-14T12:00:00Z,-17.575,178.375,0.0
2011-03-14T12:00:00Z,-17.575,178.425,0.0
2011-03-14T12:00:00Z,-17.575,178.475,0.0
2011-03-14T12:00:00Z,-17.575,178.525,0.0
2011-03-14T12:00:00Z,-17.575,178.575,0.0
2011-03-14T12:00:00Z,-17.575,178.625,0.0
2011-03-14T12:00:00Z,-17.625,178.375,NaN
2011-03-14T12:00:00Z,-17.625,178.425,NaN
2011-03-14T12:00:00Z,-17.625,178.475,NaN
2011-03-14T12:00:00Z,-17.625,178.525,0.0
2011-03-14T12:00:00Z,-17.625,178.575,0.0
2011-03-14T12:00:00Z,-17.625,178.625,0.0
2011-03-14T12:00:00Z,-17.675,178.375,NaN
2011-03-14T12:00:00Z,-17.675,178.425,NaN
2011-03-14T12:00:00Z,-17.675,178.475,NaN
2011-03-14T12:00:00Z,-17.675,178.525,NaN
2011-03-14T12:00:00Z,-17.675,178.575,0.0
2011-03-14T12:00:00Z,-17.675,178.625,0.0
2011-04-13T12:00:00Z,-17.325,178.375,0.0
2011-04-13T12:00:00Z,-17.325,178.425,0.0
2011-04-13T12:00:00Z,-17.325,178.475,0.0
2011-04-13T12:00:00Z,-17.325,178.525,0.0
2011-04-13T12:00:00Z,-17.325,178.575,0.0
2011-04-13T12:00:00Z,-17.325,178.625,0.0
2011-04-13T12:00:00Z,-17.375,178.375,0.0
2011-04-13T12:00:00Z,-17.375,178.425,0.0
2011-04-13T12:00:00Z,-17.375,178.475,0.0
2011-04-13T12:00:00Z,-17.375,178.525,0.0
2011-04-13T12:00:00Z,-17.375,178.575,0.0
2011-04-13T12:00:00Z,-17.375,178.625,0.0
2011-04-13T12:00:00Z,-17.425,178.375,0.0
2011-04-13T12:00:00Z,-17.425,178.425,0.0
2011-04-13T12:00:00Z,-17.425,178.475,0.0
2011-04-13T12:00:00Z,-17.425,178.525,0.0
2011-04-13T12:00:00Z,-17.425,178.575,0.0
2011-04-13T12:00:00Z,-17.425,178.625,0.0
2011-04-13T12:00:00Z,-17.475,178.375,0.0
2011-04-13T12:00:00Z,-17.475,178.425,0.0
2011-04-13T12:00:00Z,-17.475,178.475,0.0
2011-04-13T12:00:00Z,-17.475,178.525,0.0
2011-04-13T12:00:00Z,-17.475,178.575,0.0
2011-04-13T12:00:00Z,-17.475,178.625,0.0
2011-04-13T12:00:00Z,-17.525,178.375,0.0
2011-04-13T12:00:00Z,-17.525,178.425,0.0
2011-04-13T12:00:00Z,-17.525,178.475,0.0
2011-04-13T12:00:00Z,-17.525,178.525,0.0
2011-04-13T12:00:00Z,-17.525,178.575,0.0
2011-04-13T12:00:00Z,-17.525,178.625,0.0
2011-04-13T12:00:00Z,-17.575,178.375,0.0
2011-04-13T12:00:00Z,-17.575,178.425,0.0
2011-04-13T12:00:00Z,-17.575,178.475,0.0
2011-04-13T12:00:00Z,-17.575,178.525,0.0
2011-04-13T12:00:00Z,-17.575,178.575,0.0
2011-04-13T12:00:00Z,-17.575,178.625,0.0
2011-04-13T12:00:00Z,-17.625,178.375,NaN
2011-04-13T12:00:00Z,-17.625,178.425,NaN
2011-04-13T12:00:00Z,-17.625,178.475,NaN
2011-04-13T12:00:00Z,-17.625,178.525,0.0
2011-04-13T12:00:00Z,-17.625,178.575,0.0
2011-04-13T12:00:00Z,-17.625,178.625,0.0
2011-04-13T12:00:00Z,-17.675,178.375,NaN
2011-04-13T12:00:00Z,-17.675,178.425,NaN
2011-04-13T12:00:00Z,-17.675,178.475,NaN
2011-04-13T12:00:00Z,-17.675,178.525,NaN
2011-04-13T12:00:00Z,-17.675,178.575,0.0
2011-04-13T12:00:00Z,-17.675,178.625,0.0
2011-05-13T12:00:00Z,-17.325,178.375,0.0
2011-05-13T12:00:00Z,-17.325,178.425,0.0
2011-05-13T12:00:00Z,-17.325,178.475,0.0
2011-05-13T12:00:00Z,-17.325,178.525,0.0
2011-05-13T12:00:00Z,-17.325,178.575,0.0
2011-05-13T12:00:00Z,-17.325,178.625,0.0
2011-05-13T12:00:00Z,-17.375,178.375,0.0
2011-05-13T12:00:00Z,-17.375,178.425,0.0
2011-05-13T12:00:00Z,-17.375,178.475,0.0
2011-05-13T12:00:00Z,-17.375,178.525,0.0
2011-05-13T12:00:00Z,-17.375,178.575,0.0
2011-05-13T12:00:00Z,-17.375,178.625,0.0
2011-05-13T12:00:00Z,-17.425,178.375,0.0
2011-05-13T12:00:00Z,-17.425,178.425,0.0
2011-05-13T12:00:00Z,-17.425,178.475,0.0
2011-05-13T12:00:00Z,-17.425,178.525,0.0
2011-05-13T12:00:00Z,-17.425,178.575,0.0
2011-05-13T12:00:00Z,-17.425,178.625,0.0
2011-05-13T12:00:00Z,-17.475,178.375,0.0
2011-05-13T12:00:00Z,-17.475,178.425,0.0
2011-05-13T12:00:00Z,-17.475,178.475,0.0
2011-05-13T12:00:00Z,-17.475,178.525,0.0
2011-05-13T12:00:00Z,-17.475,178.575,0.0
2011-05-13T12:00:00Z,-17.475,178.625,0.0
2011-05-13T12:00:00Z,-17.525,178.375,0.0
2011-05-13T12:00:00Z,-17.525,178.425,0.0
2011-05-13T12:00:00Z,-17.525,178.475,0.0
2011-05-13T12:00:00Z,-17.525,178.525,0.0
2011-05-13T12:00:00Z,-17.525,178.575,0.0
2011-05-13T12:00:00Z,-17.525,178.625,0.0
2011-05-13T12:00:00Z,-17.575,178.375,0.0
2011-05-13T12:00:00Z,-17.575,178.425,0.0
2011-05-13T12:00:00Z,-17.575,178.475,0.0
2011-05-13T12:00:00Z,-17.575,178.525,0.0
2011-05-13T12:00:00Z,-17.575,178.575,0.0
2011-05-13T12:00:00Z,-17.575,178.625,0.0
2011-05-13T12:00:00Z,-17.625,178.375,NaN
2011-05-13T12:00:00Z,-17.625,178.425,NaN
2011-05-13T12:00:00Z,-17.625,178.475,NaN
2011-05-13T12:00:00Z,-17.625,178.525,0.0
2011-05-13T12:00:00Z,-17.625,178.575,0.0
2011-05-13T12:00:00Z,-17.625,178.625,0.0
2011-05-13T12:00:00Z,-17.675,178.375,NaN
2011-05-13T12:00:00Z,-17.675,178.425,NaN
2011-05-13T12:00:00Z,-17.675,178.475,NaN
2011-05-13T12:00:00Z,-17.675,178.525,NaN
2011-05-13T12:00:00Z,-17.675,178.575,0.0
2011-05-13T12:00:00Z,-17.675,178.625,0.0
2011-06-12T12:00:00Z,-17.325,178.375,0.0
2011-06-12T12:00:00Z,-17.325,178.425,0.0
2011-06-12T12:00:00Z,-17.325,178.475,0.0
2011-06-12T12:00:00Z,-17.325,178.525,0.0
2011-06-12T12:00:00Z,-17.325,178.575,0.0
2011-06-12T12:00:00Z,-17.325,178.625,0.0
2011-06-12T12:00:00Z,-17.375,178.375,0.0
2011-06-12T12:00:00Z,-17.375,178.425,0.0
2011-06-12T12:00:00Z,-17.375,178.475,0.0
2011-06-12T12:00:00Z,-17.375,178.525,0.0
2011-06-12T12:00:00Z,-17.375,178.575,0.0
2011-06-12T12:00:00Z,-17.375,178.625,0.0
2011-06-12T12:00:00Z,-17.425,178.375,0.0
2011-06-12T12:00:00Z,-17.425,178.425,0.0
2011-06-12T12:00:00Z,-17.425,178.475,0.0
2011-06-12T12:00:00Z,-17.425,178.525,0.0
2011-06-12T12:00:00Z,-17.425,178.575,0.0
2011-06-12T12:00:00Z,-17.425,178.625,0.0
2011-06-12T12:00:00Z,-17.475,178.375,0.0
2011-06-12T12:00:00Z,-17.475,178.425,0.0
2011-06-12T12:00:00Z,-17.475,178.475,0.0
2011-06-12T12:00:00Z,-17.475,178.525,0.0
2011-06-12T12:00:00Z,-17.475,178.575,0.0
2011-06-12T12:00:00Z,-17.475,178.625,0.0
2011-06-12T12:00:00Z,-17.525,178.375,0.0
2011-06-12T12:00:00Z,-17.525,178.425,0.0
2011-06-12T12:00:00Z,-17.525,178.475,0.0
2011-06-12T12:00:00Z,-17.525,178.525,0.0
2011-06-12T12:00:00Z,-17.525,178.575,0.0
2011-06-12T12:00:00Z,-17.525,178.625,0.0
2011-06-12T12:00:00Z,-17.575,178.375,0.0
2011-06-12T12:00:00Z,-17.575,178.425,0.0
2011-06-12T12:00:00Z,-17.575,178.475,0.0
2011-06-12T12:00:00Z,-17.575,178.525,0.0
2011-06-12T12:00:00Z,-17.575,178.575,0.0
2011-06-12T12:00:00Z,-17.575,178.625,0.0
2011-06-12T12:00:00Z,-17.625,178.375,NaN
2011-06-12T12:00:00Z,-17.625,178.425,NaN
2011-06-12T12:00:00Z,-17.625,178.475,NaN
2011-06-12T12:00:00Z,-17.625,178.525,0.0
2011-06-12T12:00:00Z,-17.625,178.575,0.0
2011-06-12T12:00:00Z,-17.625,178.625,0.0
2011-06-12T12:00:00Z,-17.675,178.375,NaN
2011-06-12T12:00:00Z,-17.675,178.425,NaN
2011-06-12T12:00:00Z,-17.675,178.475,NaN
2011-06-12T12:00:00Z,-17.675,178.525,NaN
2011-06-12T12:00:00Z,-17.675,178.575,0.0
2011-06-12T12:00:00Z,-17.675,178.625,0.0
2011-07-12T12:00:00Z,-17.325,178.375,0.0
2011-07-12T12:00:00Z,-17.325,178.425,0.0
2011-07-12T12:00:00Z,-17.325,178.475,0.0
2011-07-12T12:00:00Z,-17.325,178.525,0.0
2011-07-12T12:00:00Z,-17.325,178.575,0.0
2011-07-12T12:00:00Z,-17.325,178.625,0.0
2011-07-12T12:00:00Z,-17.375,178.375,0.0
2011-07-12T12:00:00Z,-17.375,178.425,0.0
2011-07-12T12:00:00Z,-17.375,178.475,0.0
2011-07-12T12:00:00Z,-17.375,178.525,0.0
2011-07-12T12:00:00Z,-17.375,178.575,0.0
2011-07-12T12:00:00Z,-17.375,178.625,0.0
2011-07-12T12:00:00Z,-17.425,178.375,0.0
2011-07-12T12:00:00Z,-17.425,178.425,0.0
2011-07-12T12:00:00Z,-17.425,178.475,0.0
2011-07-12T12:00:00Z,-17.425,178.525,0.0
2011-07-12T12:00:00Z,-17.425,178.575,0.0
2011-07-12T12:00:00Z,-17.425,178.625,0.0
2011-07-12T12:00:00Z,-17.475,178.375,0.0
2011-07-12T12:00:00Z,-17.475,178.425,0.0
2011-07-12T12:00:00Z,-17.475,178.475,0.0
2011-07-12T12:00:00Z,-17.475,178.525,0.0
2011-07-12T12:00:00Z,-17.475,178.575,0.0
2011-07-12T12:00:00Z,-17.475,178.625,0.0
2011-07-12T12:00:00Z,-17.525,178.375,0.0
2011-07-12T12:00:00Z,-17.525,178.425,0.0
2011-07-12T12:00:00Z,-17.525,178.475,0.0
2011-07-12T12:00:00Z,-17.525,178.525,0.0
2011-07-12T12:00:00Z,-17.525,178.575,0.0
2011-07-12T12:00:00Z,-17.525,178.625,0.0
2011-07-12T12:00:00Z,-17.575,178.375,0.0
2011-07-12T12:00:00Z,-17.575,178.425,0.0
2011-07-12T12:00:00Z,-17.575,178.475,0.0
2011-07-12T12:00:00Z,-17.575,178.525,0.0
2011-07-12T12:00:00Z,-17.575,178.575,0.0
2011-07-12T12:00:00Z,-17.575,178.625,0.0
2011-07-12T12:00:00Z,-17.625,178.375,NaN
2011-07-12T12:00:00Z,-17.625,178.425,NaN
2011-07-12T12:00:00Z,-17.625,178.475,NaN
2011-07-12T12:00:00Z,-17.625,178.525,0.0
2011-07-12T12:00:00Z,-17.625,178.575,0.0
2011-07-12T12:00:00Z,-17.625,178.625,0.0
2011-07-12T12:00:00Z,-17.675,178.375,NaN
2011-07-12T12:00:00Z,-17.675,178.425,NaN
2011-07-12T12:00:00Z,-17.675,178.475,NaN
2011-07-12T12:00:00Z,-17.675,178.525,NaN
2011-07-12T12:00:00Z,-17.675,178.575,0.0
2011-07-12T12:00:00Z,-17.675,178.625,0.0
2011-08-11T12:00:00Z,-17.325,178.375,0.0
2011-08-11T12:00:00Z,-17.325,178.425,0.0
2011-08-11T12:00:00Z,-17.325,178.475,0.0
2011-08-11T12:00:00Z,-17.325,178.525,0.0
2011-08-11T12:00:00Z,-17.325,178.575,0.0
2011-08-11T12:00:00Z,-17.325,178.625,0.0
2011-08-11T12:00:00Z,-17.375,178.375,0.0
2011-08-11T12:00:00Z,-17.375,178.425,0.0
2011-08-11T12:00:00Z,-17.375,178.475,0.0
2011-08-11T12:00:00Z,-17.375,178.525,0.0
2011-08-11T12:00:00Z,-17.375,178.575,0.0
2011-08-11T12:00:00Z,-17.375,178.625,0.0
2011-08-11T12:00:00Z,-17.425,178.375,0.0
2011-08-11T12:00:00Z,-17.425,178.425,0.0
2011-08-11T12:00:00Z,-17.425,178.475,0.0
2011-08-11T12:00:00Z,-17.425,178.525,0.0
2011-08-11T12:00:00Z,-17.425,178.575,0.0
2011-08-11T12:00:00Z,-17.425,178.625,0.0
2011-08-11T12:00:00Z,-17.475,178.375,0.0
2011-08-11T12:00:00Z,-17.475,178.425,0.0
2011-08-11T12:00:00Z,-17.475,178.475,0.0
2011-08-11T12:00:00Z,-17.475,178.525,0.0
2011-08-11T12:00:00Z,-17.475,178.575,0.0
2011-08-11T12:00:00Z,-17.475,178.625,0.0
2011-08-11T12:00:00Z,-17.525,178.375,0.0
2011-08-11T12:00:00Z,-17.525,178.425,0.0
2011-08-11T12:00:00Z,-17.525,178.475,0.0
2011-08-11T12:00:00Z,-17.525,178.525,0.0
2011-08-11T12:00:00Z,-17.525,178.575,0.0
2011-08-11T12:00:00Z,-17.525,178.625,0.0
2011-08-11T12:00:00Z,-17.575,178.375,0.0
2011-08-11T12:00:00Z,-17.575,178.425,0.0
2011-08-11T12:00:00Z,-17.575,178.475,0.0
2011-08-11T12:00:00Z,-17.575,178.525,0.0
2011-08-11T12:00:00Z,-17.575,178.575,0.0
2011-08-11T12:00:00Z,-17.575,178.625,0.0
2011-08-11T12:00:00Z,-17.625,178.375,NaN
2011-08-11T12:00:00Z,-17.625,178.425,NaN
2011-08-11T12:00:00Z,-17.625,178.475,NaN
2011-08-11T12:00:00Z,-17.625,178.525,0.0
2011-08-11T12:00:00Z,-17.625,178.575,0.0
2011-08-11T12:00:00Z,-17.625,178.625,0.0
2011-08-11T12:00:00Z,-17.675,178.375,NaN
2011-08-11T12:00:00Z,-17.675,178.425,NaN
2011-08-11T12:00:00Z,-17.675,178.475,NaN
2011-08-11T12:00:00Z,-17.675,178.525,NaN
2011-08-11T12:00:00Z,-17.675,178.575,0.0
2011-08-11T12:00:00Z,-17.675,178.625,0.0
2011-09-10T12:00:00Z,-17.325,178.375,0.0
2011-09-10T12:00:00Z,-17.325,178.425,0.0
2011-09-10T12:00:00Z,-17.325,178.475,0.0
2011-09-10T12:00:00Z,-17.325,178.525,0.0
2011-09-10T12:00:00Z,-17.325,178.575,0.0
2011-09-10T12:00:00Z,-17.325,178.625,0.0
2011-09-10T12:00:00Z,-17.375,178.375,0.0
2011-09-10T12:00:00Z,-17.375,178.425,0.0
2011-09-10T12:00:00Z,-17.375,178.475,0.0
2011-09-10T12:00:00Z,-17.375,178.525,0.0
2011-09-10T12:00:00Z,-17.375,178.575,0.0
2011-09-10T12:00:00Z,-17.375,178.625,0.0
2011-09-10T12:00:00Z,-17.425,178.375,0.0
2011-09-10T12:00:00Z,-17.425,178.425,0.0
2011-09-10T12:00:00Z,-17.425,178.475,0.0
2011-09-10T12:00:00Z,-17.425,178.525,0.0
2011-09-10T12:00:00Z,-17.425,178.575,0.0
2011-09-10T12:00:00Z,-17.425,178.625,0.0
2011-09-10T12:00:00Z,-17.475,178.375,0.0
2011-09-10T12:00:00Z,-17.475,178.425,0.0
2011-09-10T12:00:00Z,-17.475,178.475,0.0
2011-09-10T12:00:00Z,-17.475,178.525,0.0
2011-09-10T12:00:00Z,-17.475,178.575,0.0
2011-09-10T12:00:00Z,-17.475,178.625,0.0
2011-09-10T12:00:00Z,-17.525,178.375,0.0
2011-09-10T12:00:00Z,-17.525,178.425,0.0
2011-09-10T12:00:00Z,-17.525,178.475,0.0
2011-09-10T12:00:00Z,-17.525,178.525,0.0
2011-09-10T12:00:00Z,-17.525,178.575,0.0
2011-09-10T12:00:00Z,-17.525,178.625,0.0
2011-09-10T12:00:00Z,-17.575,178.375,0.0
2011-09-10T12:00:00Z,-17.575,178.425,0.0
2011-09-10T12:00:00Z,-17.575,178.475,0.0
2011-09-10T12:00:00Z,-17.575,178.525,0.0
2011-09-10T12:00:00Z,-17.575,178.575,0.0
2011-09-10T12:00:00Z,-17.575,178.625,0.0
2011-09-10T12:00:00Z,-17.625,178.375,NaN
2011-09-10T12:00:00Z,-17.625,178.425,NaN
2011-09-10T12:00:00Z,-17.625,178.475,NaN
2011-09-10T12:00:00Z,-17.625,178.525,0.0
2011-09-10T12:00:00Z,-17.625,178.575,0.0
2011-09-10T12:00:00Z,-17.625,178.625,0.0
2011-09-10T12:00:00Z,-17.675,178.375,NaN
2011-09-10T12:00:00Z,-17.675,178.425,NaN
2011-09-10T12:00:00Z,-17.675,178.475,NaN
2011-09-10T12:00:00Z,-17.675,178.525,NaN
2011-09-10T12:00:00Z,-17.675,178.575,0.0
2011-09-10T12:00:00Z,-17.675,178.625,0.0
2011-10-10T12:00:00Z,-17.325,178.375,0.0
2011-10-10T12:00:00Z,-17.325,178.425,0.0
2011-10-10T12:00:00Z,-17.325,178.475,0.0
2011-10-10T12:00:00Z,-17.325,178.525,0.0
2011-10-10T12:00:00Z,-17.325,178.575,0.0
2011-10-10T12:00:00Z,-17.325,178.625,0.0
2011-10-10T12:00:00Z,-17.375,178.375,0.0
2011-10-10T12:00:00Z,-17.375,178.425,0.0
2011-10-10T12:00:00Z,-17.375,178.475,0.0
2011-10-10T12:00:00Z,-17.375,178.525,0.0
2011-10-10T12:00:00Z,-17.375,178.575,0.0
2011-10-10T12:00:00Z,-17.375,178.625,0.0
2011-10-10T12:00:00Z,-17.425,178.375,0.0
2011-10-10T12:00:00Z,-17.425,178.425,0.0
2011-10-10T12:00:00Z,-17.425,178.475,0.0
2011-10-10T12:00:00Z,-17.425,178.525,0.0
2011-10-10T12:00:00Z,-17.425,178.575,0.0
2011-10-10T12:00:00Z,-17.425,178.625,0.0
2011-10-10T12:00:00Z,-17.475,178.375,0.0
2011-10-10T12:00:00Z,-17.475,178.425,0.0
2011-10-10T12:00:00Z,-17.475,178.475,0.0
2011-10-10T12:00:00Z,-17.475,178.525,0.0
2011-10-10T12:00:00Z,-17.475,178.575,0.0
2011-10-10T12:00:00Z,-17.475,178.625,0.0
2011-10-10T12:00:00Z,-17.525,178.375,0.0
2011-10-10T12:00:00Z,-17.525,178.425,0.0
2011-10-10T12:00:00Z,-17.525,178.475,0.0
2011-10-10T12:00:00Z,-17.525,178.525,0.0
2011-10-10T12:00:00Z,-17.525,178.575,0.0
2011-10-10T12:00:00Z,-17.525,178.625,0.0
2011-10-10T12:00:00Z,-17.575,178.375,0.0
2011-10-10T12:00:00Z,-17.575,178.425,0.0
2011-10-10T12:00:00Z,-17.575,178.475,0.0
2011-10-10T12:00:00Z,-17.575,178.525,0.0
2011-10-10T12:00:00Z,-17.575,178.575,0.0
2011-10-10T12:00:00Z,-17.575,178.625,0.0
2011-10-10T12:00:00Z,-17.625,178.375,NaN
2011-10-10T12:00:00Z,-17.625,178.425,NaN
2011-10-10T12:00:00Z,-17.625,178.475,NaN
2011-10-10T12:00:00Z,-17.625,178.525,0.0
2011-10-10T12:00:00Z,-17.625,178.575,0.0
2011-10-10T12:00:00Z,-17.625,178.625,0.0
2011-10-10T12:00:00Z,-17.675,178.375,NaN
2011-10-10T12:00:00Z,-17.675,178.425,NaN
2011-10-10T12:00:00Z,-17.675,178.475,NaN
2011-10-10T12:00:00Z,-17.675,178.525,NaN
2011-10-10T12:00:00Z,-17.675,178.575,0.0
2011-10-10T12:00:00Z,-17.675,178.625,0.0
2011-11-09T12:00:00Z,-17.325,178.375,0.0
2011-11-09T12:00:00Z,-17.325,178.425,0.0
2011-11-09T12:00:00Z,-17.325,178.475,0.0
2011-11-09T12:00:00Z,-17.325,178.525,0.0
2011-11-09T12:00:00Z,-17.325,178.575,0.0
2011-11-09T12:00:00Z,-17.325,178.625,0.0
2011-11-09T12:00:00Z,-17.375,178.375,0.0
2011-11-09T12:00:00Z,-17.375,178.425,0.0
2011-11-09T12:00:00Z,-17.375,178.475,0.0
2011-11-09T12:00:00Z,-17.375,178.525,0.0
2011-11-09T12:00:00Z,-17.375,178.575,0.0
2011-11-09T12:00:00Z,-17.375,178.625,0.0
2011-11-09T12:00:00Z,-17.425,178.375,0.0
2011-11-09T12:00:00Z,-17.425,178.425,0.0
2011-11-09T12:00:00Z,-17.425,178.475,0.0
2011-11-09T12:00:00Z,-17.425,178.525,0.0
2011-11-09T12:00:00Z,-17.425,178.575,0.0
2011-11-09T12:00:00Z,-17.425,178.625,0.0
2011-11-09T12:00:00Z,-17.475,178.375,0.0
2011-11-09T12:00:00Z,-17.475,178.425,0.0
2011-11-09T12:00:00Z,-17.475,178.475,0.0
2011-11-09T12:00:00Z,-17.475,178.525,0.0
2011-11-09T12:00:00Z,-17.475,178.575,0.0
2011-11-09T12:00:00Z,-17.475,178.625,0.0
2011-11-09T12:00:00Z,-17.525,178.375,0.0
2011-11-09T12:00:00Z,-17.525,178.425,0.0
2011-11-09T12:00:00Z,-17.525,178.475,0.0
2011-11-09T12:00:00Z,-17.525,178.525,0.0
2011-11-09T12:00:00Z,-17.525,178.575,0.0
2011-11-09T12:00:00Z,-17.525,178.625,0.0
2011-11-09T12:00:00Z,-17.575,178.375,0.0
2011-11-09T12:00:00Z,-17.575,178.425,0.0
2011-11-09T12:00:00Z,-17.575,178.475,0.0
2011-11-09T12:00:00Z,-17.575,178.525,0.0
2011-11-09T12:00:00Z,-17.575,178.575,0.0
2011-11-09T12:00:00Z,-17.575,178.625,0.0
2011-11-09T12:00:00Z,-17.625,178.375,NaN
2011-11-09T12:00:00Z,-17.625,178.425,NaN
2011-11-09T12:00:00Z,-17.625,178.475,NaN
2011-11-09T12:00:00Z,-17.625,178.525,0.0
2011-11-09T12:00:00Z,-17.625,178.575,0.0
2011-11-09T12:00:00Z,-17.625,178.625,0.0
2011-11-09T12:00:00Z,-17.675,178.375,NaN
2011-11-09T12:00:00Z,-17.675,178.425,NaN
2011-11-09T12:00:00Z,-17.675,178.475,NaN
2011-11-09T12:00:00Z,-17.675,178.525,NaN
2011-11-09T12:00:00Z,-17.675,178.575,0.0
2011-11-09T12:00:00Z,-17.675,178.625,0.0
2011-12-09T12:00:00Z,-17.325,178.375,0.0
2011-12-09T12:00:00Z,-17.325,178.425,0.0
2011-12-09T12:00:00Z,-17.325,178.475,0.0
2011-12-09T12:00:00Z,-17.325,178.525,0.0
2011-12-09T12:00:00Z,-17.325,178.575,0.0
2011-12-09T12:00:00Z,-17.325,178.625,0.0
2011-12-09T12:00:00Z,-17.375,178.375,0.0
2011-12-09T12:00:00Z,-17.375,178.425,0.0
2011-12-09T12:00:00Z,-17.375,178.475,0.0
2011-12-09T12:00:00Z,-17.375,178.525,0.0
2011-12-09T12:00:00Z,-17.375,178.575,0.0
2011-12-09T12:00:00Z,-17.375,178.625,0.0
2011-12-09T12:00:00Z,-17.425,178.375,0.0
2011-12-09T12:00:00Z,-17.425,178.425,0.0
2011-12-09T12:00:00Z,-17.425,178.475,0.0
2011-12-09T12:00:00Z,-17.425,178.525,0.0
2011-12-09T12:00:00Z,-17.425,178.575,0.0
2011-12-09T12:00:00Z,-17.425,178.625,0.0
2011-12-09T12:00:00Z,-17.475,178.375,0.0
2011-12-09T12:00:00Z,-17.475,178.425,0.0
2011-12-09T12:00:00Z,-17.475,178.475,0.0
2011-12-09T12:00:00Z,-17.475,178.525,0.0
2011-12-09T12:00:00Z,-17.475,178.575,0.0
2011-12-09T12:00:00Z,-17.475,178.625,0.0
2011-12-09T12:00:00Z,-17.525,178.375,0.0
2011-12-09T12:00:00Z,-17.525,178.425,0.0
2011-12-09T12:00:00Z,-17.525,178.475,0.0
2011-12-09T12:00:00Z,-17.525,178.525,0.0
2011-12-09T12:00:00Z,-17.525,178.575,0.0
2011-12-09T12:00:00Z,-17.525,178.625,0.0
2011-12-09T12:00:00Z,-17.575,178.375,0.0
2011-12-09T12:00:00Z,-17.575,178.425,0.0
2011-12-09T12:00:00Z,-17.575,178.475,0.0
2011-12-09T12:00:00Z,-17.575,178.525,0.0
2011-12-09T12:00:00Z,-17.575,178.575,0.0
2011-12-09T12:00:00Z,-17.575,178.625,0.0
2011-12-09T12:00:00Z,-17.625,178.375,NaN
2011-12-09T12:00:00Z,-17.625,178.425,NaN
2011-12-09T12:00:00Z,-17.625,178.475,NaN
2011-12-09T12:00:00Z,-17.625,178.525,0.0
2011-12-09T12:00:00Z,-17.625,178.575,0.0
2011-12-09T12:00:00Z,-17.625,178.625,0.0
2011-12-09T12:00:00Z,-17.675,178.375,NaN
2011-12-09T12:00:00Z,-17.675,178.425,NaN
2011-12-09T12:00:00Z,-17.675,178.475,NaN
2011-12-09T12:00:00Z,-17.675,178.525,NaN
2011-12-09T12:00:00Z,-17.675,178.575,0.0
2011-12-09T12:00:00Z,-17.675,178.625,0.0
2012-01-08T12:00:00Z,-17.325,178.375,0.0
2012-01-08T12:00:00Z,-17.325,178.425,0.0
2012-01-08T12:00:00Z,-17.325,178.475,0.0
2012-01-08T12:00:00Z,-17.325,178.525,0.0
2012-01-08T12:00:00Z,-17.325,178.575,0.0
2012-01-08T12:00:00Z,-17.325,178.625,0.0
2012-01-08T12:00:00Z,-17.375,178.375,0.0
2012-01-08T12:00:00Z,-17.375,178.425,0.0
2012-01-08T12:00:00Z,-17.375,178.475,0.0
2012-01-08T12:00:00Z,-17.375,178.525,0.0
2012-01-08T12:00:00Z,-17.375,178.575,0.0
2012-01-08T12:00:00Z,-17.375,178.625,0.0
2012-01-08T12:00:00Z,-17.425,178.375,0.0
2012-01-08T12:00:00Z,-17.425,178.425,0.0
2012-01-08T12:00:00Z,-17.425,178.475,0.0
2012-01-08T12:00:00Z,-17.425,178.525,0.0
2012-01-08T12:00:00Z,-17.425,178.575,0.0
2012-01-08T12:00:00Z,-17.425,178.625,0.0
2012-01-08T12:00:00Z,-17.475,178.375,0.0
2012-01-08T12:00:00Z,-17.475,178.425,0.0
2012-01-08T12:00:00Z,-17.475,178.475,0.0
2012-01-08T12:00:00Z,-17.475,178.525,0.0
2012-01-08T12:00:00Z,-17.475,178.575,0.0
2012-01-08T12:00:00Z,-17.475,178.625,0.0
2012-01-08T12:00:00Z,-17.525,178.375,0.0
2012-01-08T12:00:00Z,-17.525,178.425,0.0
2012-01-08T12:00:00Z,-17.525,178.475,0.0
2012-01-08T12:00:00Z,-17.525,178.525,0.0
2012-01-08T12:00:00Z,-17.525,178.575,0.0
2012-01-08T12:00:00Z,-17.525,178.625,0.0
2012-01-08T12:00:00Z,-17.575,178.375,0.0
2012-01-08T12:00:00Z,-17.575,178.425,0.0
2012-01-08T12:00:00Z,-17.575,178.475,0.0
2012-01-08T12:00:00Z,-17.575,178.525,0.0
2012-01-08T12:00:00Z,-17.575,178.575,0.0
2012-01-08T12:00:00Z,-17.575,178.625,0.0
2012-01-08T12:00:00Z,-17.625,178.375,NaN
2012-01-08T12:00:00Z,-17.625,178.425,NaN
2012-01-08T12:00:00Z,-17.625,178.475,NaN
2012-01-08T12:00:00Z,-17.625,178.525,0.0
2012-01-08T12:00:00Z,-17.625,178.575,0.0
2012-01-08T12:00:00Z,-17.625,178.625,0.0
2012-01-08T12:00:00Z,-17.675,178.375,NaN
2012-01-08T12:00:00Z,-17.675,178.425,NaN
2012-01-08T12:00:00Z,-17.675,178.475,NaN
2012-01-08T12:00:00Z,-17.675,178.525,NaN
2012-01-08T12:00:00Z,-17.675,178.575,0.0
2012-01-08T12:00:00Z,-17.675,178.625,0.0
2012-02-07T12:00:00Z,-17.325,178.375,0.0
2012-02-07T12:00:00Z,-17.325,178.425,0.0
2012-02-07T12:00:00Z,-17.325,178.475,0.0
2012-02-07T12:00:00Z,-17.325,178.525,0.0
2012-02-07T12:00:00Z,-17.325,178.575,0.0
2012-02-07T12:00:00Z,-17.325,178.625,0.0
2012-02-07T12:00:00Z,-17.375,178.375,0.0
2012-02-07T12:00:00Z,-17.375,178.425,0.0
2012-02-07T12:00:00Z,-17.375,178.475,0.0
2012-02-07T12:00:00Z,-17.375,178.525,0.0
2012-02-07T12:00:00Z,-17.375,178.575,0.0
2012-02-07T12:00:00Z,-17.375,178.625,0.0
2012-02-07T12:00:00Z,-17.425,178.375,0.0
2012-02-07T12:00:00Z,-17.425,178.425,0.0
2012-02-07T12:00:00Z,-17.425,178.475,0.0
2012-02-07T12:00:00Z,-17.425,178.525,0.0
2012-02-07T12:00:00Z,-17.425,178.575,0.0
2012-02-07T12:00:00Z,-17.425,178.625,0.0
2012-02-07T12:00:00Z,-17.475,178.375,0.0
2012-02-07T12:00:00Z,-17.475,178.425,0.0
2012-02-07T12:00:00Z,-17.475,178.475,0.0
2012-02-07T12:00:00Z,-17.475,178.525,0.0
2012-02-07T12:00:00Z,-17.475,178.575,0.0
2012-02-07T12:00:00Z,-17.475,178.625,0.0
2012-02-07T12:00:00Z,-17.525,178.375,0.0
2012-02-07T12:00:00Z,-17.525,178.425,0.0
2012-02-07T12:00:00Z,-17.525,178.475,0.0
2012-02-07T12:00:00Z,-17.525,178.525,0.0
2012-02-07T12:00:00Z,-17.525,178.575,0.0
2012-02-07T12:00:00Z,-17.525,178.625,0.0
2012-02-07T12:00:00Z,-17.575,178.375,0.0
2012-02-07T12:00:00Z,-17.575,178.425,0.0
2012-02-07T12:00:00Z,-17.575,178.475,0.0
2012-02-07T12:00:00Z,-17.575,178.525,0.0
2012-02-07T12:00:00Z,-17.575,178.575,0.0
2012-02-07T12:00:00Z,-17.575,178.625,0.0
2012-02-07T12:00:00Z,-17.625,178.375,NaN
2012-02-07T12:00:00Z,-17.625,178.425,NaN
2012-02-07T12:00:00Z,-17.625,178.475,NaN
2012-02-07T12:00:00Z,-17.625,178.525,0.0
2012-02-07T12:00:00Z,-17.625,178.575,0.0
2012-02-07T12:00:00Z,-17.625,178.625,0.0
2012-02-07T12:00:00Z,-17.675,178.375,NaN
2012-02-07T12:00:00Z,-17.675,178.425,NaN
2012-02-07T12:00:00Z,-17.675,178.475,NaN
2012-02-07T12:00:00Z,-17.675,178.525,NaN
2012-02-07T12:00:00Z,-17.675,178.575,0.0
2012-02-07T12:00:00Z,-17.675,178.625,0.0
2012-03-08T12:00:00Z,-17.325,178.375,0.0
2012-03-08T12:00:00Z,-17.325,178.425,0.0
2012-03-08T12:00:00Z,-17.325,178.475,0.0
2012-03-08T12:00:00Z,-17.325,178.525,0.0
2012-03-08T12:00:00Z,-17.325,178.575,0.0
2012-03-08T12:00:00Z,-17.325,178.625,0.0
2012-03-08T12:00:00Z,-17.375,178.375,0.0
2012-03-08T12:00:00Z,-17.375,178.425,0.0
2012-03-08T12:00:00Z,-17.375,178.475,0.0
2012-03-08T12:00:00Z,-17.375,178.525,0.0
2012-03-08T12:00:00Z,-17.375,178.575,0.0
2012-03-08T12:00:00Z,-17.375,178.625,0.0
2012-03-08T12:00:00Z,-17.425,178.375,0.0
2012-03-08T12:00:00Z,-17.425,178.425,0.0
2012-03-08T12:00:00Z,-17.425,178.475,0.0
2012-03-08T12:00:00Z,-17.425,178.525,0.0
2012-03-08T12:00:00Z,-17.425,178.575,0.0
2012-03-08T12:00:00Z,-17.425,178.625,0.0
2012-03-08T12:00:00Z,-17.475,178.375,0.0
2012-03-08T12:00:00Z,-17.475,178.425,0.0
2012-03-08T12:00:00Z,-17.475,178.475,0.0
2012-03-08T12:00:00Z,-17.475,178.525,0.0
2012-03-08T12:00:00Z,-17.475,178.575,0.0
2012-03-08T12:00:00Z,-17.475,178.625,0.0
2012-03-08T12:00:00Z,-17.525,178.375,0.0
2012-03-08T12:00:00Z,-17.525,178.425,0.0
2012-03-08T12:00:00Z,-17.525,178.475,0.0
2012-03-08T12:00:00Z,-17.525,178.525,0.0
2012-03-08T12:00:00Z,-17.525,178.575,0.0
2012-03-08T12:00:00Z,-17.525,178.625,0.0
2012-03-08T12:00:00Z,-17.575,178.375,0.0
2012-03-08T12:00:00Z,-17.575,178.425,0.0
2012-03-08T12:00:00Z,-17.575,178.475,0.0
2012-03-08T12:00:00Z,-17.575,178.525,0.0
2012-03-08T12:00:00Z,-17.575,178.575,0.0
2012-03-08T12:00:00Z,-17.575,178.625,0.0
2012-03-08T12:00:00Z,-17.625,178.375,NaN
2012-03-08T12:00:00Z,-17.625,178.425,NaN
2012-03-08T12:00:00Z,-17.625,178.475,NaN
2012-03-08T12:00:00Z,-17.625,178.525,0.0
2012-03-08T12:00:00Z,-17.625,178.575,0.0
2012-03-08T12:00:00Z,-17.625,178.625,0.0
2012-03-08T12:00:00Z,-17.675,178.375,NaN
2012-03-08T12:00:00Z,-17.675,178.425,NaN
2012-03-08T12:00:00Z,-17.675,178.475,NaN
2012-03-08T12:00:00Z,-17.675,178.525,NaN
2012-03-08T12:00:00Z,-17.675,178.575,0.0
2012-03-08T12:00:00Z,-17.675,178.625,0.0
2012-04-07T12:00:00Z,-17.325,178.375,0.0
2012-04-07T12:00:00Z,-17.325,178.425,0.0
2012-04-07T12:00:00Z,-17.325,178.475,0.0
2012-04-07T12:00:00Z,-17.325,178.525,0.0
2012-04-07T12:00:00Z,-17.325,178.575,0.0
2012-04-07T12:00:00Z,-17.325,178.625,0.0
2012-04-07T12:00:00Z,-17.375,178.375,0.0
2012-04-07T12:00:00Z,-17.375,178.425,0.0
2012-04-07T12:00:00Z,-17.375,178.475,0.0
2012-04-07T12:00:00Z,-17.375,178.525,0.0
2012-04-07T12:00:00Z,-17.375,178.575,0.0
2012-04-07T12:00:00Z,-17.375,178.625,0.0
2012-04-07T12:00:00Z,-17.425,178.375,0.0
2012-04-07T12:00:00Z,-17.425,178.425,0.0
2012-04-07T12:00:00Z,-17.425,178.475,0.0
2012-04-07T12:00:00Z,-17.425,178.525,0.0
2012-04-07T12:00:00Z,-17.425,178.575,0.0
2012-04-07T12:00:00Z,-17.425,178.625,0.0
2012-04-07T12:00:00Z,-17.475,178.375,0.0
2012-04-07T12:00:00Z,-17.475,178.425,0.0
2012-04-07T12:00:00Z,-17.475,178.475,0.0
2012-04-07T12:00:00Z,-17.475,178.525,0.0
2012-04-07T12:00:00Z,-17.475,178.575,0.0
2012-04-07T12:00:00Z,-17.475,178.625,0.0
2012-04-07T12:00:00Z,-17.525,178.375,0.0
2012-04-07T12:00:00Z,-17.525,178.425,0.0
2012-04-07T12:00:00Z,-17.525,178.475,0.0
2012-04-07T12:00:00Z,-17.525,178.525,0.0
2012-04-07T12:00:00Z,-17.525,178.575,0.0
2012-04-07T12:00:00Z,-17.525,178.625,0.0
2012-04-07T12:00:00Z,-17.575,178.375,0.0
2012-04-07T12:00:00Z,-17.575,178.425,0.0
2012-04-07T12:00:00Z,-17.575,178.475,0.0
2012-04-07T12:00:00Z,-17.575,178.525,0.0
2012-04-07T12:00:00Z,-17.575,178.575,0.0
2012-04-07T12:00:00Z,-17.575,178.625,0.0
2012-04-07T12:00:00Z,-17.625,178.375,NaN
2012-04-07T12:00:00Z,-17.625,178.425,NaN
2012-04-07T12:00:00Z,-17.625,178.475,NaN
2012-04-07T12:00:00Z,-17.625,178.525,0.0
2012-04-07T12:00:00Z,-17.625,178.575,0.0
2012-04-07T12:00:00Z,-17.625,178.625,0.0
2012-04-07T12:00:00Z,-17.675,178.375,NaN
2012-04-07T12:00:00Z,-17.675,178.425,NaN
2012-04-07T12:00:00Z,-17.675,178.475,NaN
2012-04-07T12:00:00Z,-17.675,178.525,NaN
2012-04-07T12:00:00Z,-17.675,178.575,0.0
2012-04-07T12:00:00Z,-17.675,178.625,0.0
2012-05-07T12:00:00Z,-17.325,178.375,0.0
2012-05-07T12:00:00Z,-17.325,178.425,0.0
2012-05-07T12:00:00Z,-17.325,178.475,0.0
2012-05-07T12:00:00Z,-17.325,178.525,0.0
2012-05-07T12:00:00Z,-17.325,178.575,0.0
2012-05-07T12:00:00Z,-17.325,178.625,0.0
2012-05-07T12:00:00Z,-17.375,178.375,0.0
2012-05-07T12:00:00Z,-17.375,178.425,0.0
2012-05-07T12:00:00Z,-17.375,178.475,0.0
2012-05-07T12:00:00Z,-17.375,178.525,0.0
2012-05-07T12:00:00Z,-17.375,178.575,0.0
2012-05-07T12:00:00Z,-17.375,178.625,0.0
2012-05-07T12:00:00Z,-17.425,178.375,0.0
2012-05-07T12:00:00Z,-17.425,178.425,0.0
2012-05-07T12:00:00Z,-17.425,178.475,0.0
2012-05-07T12:00:00Z,-17.425,178.525,0.0
2012-05-07T12:00:00Z,-17.425,178.575,0.0
2012-05-07T12:00:00Z,-17.425,178.625,0.0
2012-05-07T12:00:00Z,-17.475,178.375,0.0
2012-05-07T12:00:00Z,-17.475,178.425,0.0
2012-05-07T12:00:00Z,-17.475,178.475,0.0
2012-05-07T12:00:00Z,-17.475,178.525,0.0
2012-05-07T12:00:00Z,-17.475,178.575,0.0
2012-05-07T12:00:00Z,-17.475,178.625,0.0
2012-05-07T12:00:00Z,-17.525,178.375,0.0
2012-05-07T12:00:00Z,-17.525,178.425,0.0
2012-05-07T12:00:00Z,-17.525,178.475,0.0
2012-05-07T12:00:00Z,-17.525,178.525,0.0
2012-05-07T12:00:00Z,-17.525,178.575,0.0
2012-05-07T12:00:00Z,-17.525,178.625,0.0
2012-05-07T12:00:00Z,-17.575,178.375,0.0
2012-05-07T12:00:00Z,-17.575,178.425,0.0
2012-05-07T12:00:00Z,-17.575,178.475,0.0
2012-05-07T12:00:00Z,-17.575,178.525,0.0
2012-05-07T12:00:00Z,-17.575,178.575,0.0
2012-05-07T12:00:00Z,-17.575,178.625,0.0
2012-05-07T12:00:00Z,-17.625,178.375,NaN
2012-05-07T12:00:00Z,-17.625,178.425,NaN
2012-05-07T12:00:00Z,-17.625,178.475,NaN
2012-05-07T12:00:00Z,-17.625,178.525,0.0
2012-05-07T12:00:00Z,-17.625,178.575,0.0
2012-05-07T12:00:00Z,-17.625,178.625,0.0
2012-05-07T12:00:00Z,-17.675,178.375,NaN
2012-05-07T12:00:00Z,-17.675,178.425,NaN
2012-05-07T12:00:00Z,-17.675,178.475,NaN
2012-05-07T12:00:00Z,-17.675,178.525,NaN
2012-05-07T12:00:00Z,-17.675,178.575,0.0
2012-05-07T12:00:00Z,-17.675,178.625,0.0
2012-06-06T12:00:00Z,-17.325,178.375,0.0
2012-06-06T12:00:00Z,-17.325,178.425,0.0
2012-06-06T12:00:00Z,-17.325,178.475,0.0
2012-06-06T12:00:00Z,-17.325,178.525,0.0
2012-06-06T12:00:00Z,-17.325,178.575,0.0
2012-06-06T12:00:00Z,-17.325,178.625,0.0
2012-06-06T12:00:00Z,-17.375,178.375,0.0
2012-06-06T12:00:00Z,-17.375,178.425,0.0
2012-06-06T12:00:00Z,-17.375,178.475,0.0
2012-06-06T12:00:00Z,-17.375,178.525,0.0
2012-06-06T12:00:00Z,-17.375,178.575,0.0
2012-06-06T12:00:00Z,-17.375,178.625,0.0
2012-06-06T12:00:00Z,-17.425,178.375,0.0
2012-06-06T12:00:00Z,-17.425,178.425,0.0
2012-06-06T12:00:00Z,-17.425,178.475,0.0
2012-06-06T12:00:00Z,-17.425,178.525,0.0
2012-06-06T12:00:00Z,-17.425,178.575,0.0
2012-06-06T12:00:00Z,-17.425,178.625,0.0
2012-06-06T12:00:00Z,-17.475,178.375,0.0
2012-06-06T12:00:00Z,-17.475,178.425,0.0
2012-06-06T12:00:00Z,-17.475,178.475,0.0
2012-06-06T12:00:00Z,-17.475,178.525,0.0
2012-06-06T12:00:00Z,-17.475,178.575,0.0
2012-06-06T12:00:00Z,-17.475,178.625,0.0
2012-06-06T12:00:00Z,-17.525,178.375,0.0
2012-06-06T12:00:00Z,-17.525,178.425,0.0
2012-06-06T12:00:00Z,-17.525,178.475,0.0
2012-06-06T12:00:00Z,-17.525,178.525,0.0
2012-06-06T12:00:00Z,-17.525,178.575,0.0
2012-06-06T12:00:00Z,-17.525,178.625,0.0
2012-06-06T12:00:00Z,-17.575,178.375,0.0
2012-06-06T12:00:00Z,-17.575,178.425,0.0
2012-06-06T12:00:00Z,-17.575,178.475,0.0
2012-06-06T12:00:00Z,-17.575,178.525,0.0
2012-06-06T12:00:00Z,-17.575,178.575,0.0
2012-06-06T12:00:00Z,-17.575,178.625,0.0
2012-06-06T12:00:00Z,-17.625,178.375,NaN
2012-06-06T12:00:00Z,-17.625,178.425,NaN
2012-06-06T12:00:00Z,-17.625,178.475,NaN
2012-06-06T12:00:00Z,-17.625,178.525,0.0
2012-06-06T12:00:00Z,-17.625,178.575,0.0
2012-06-06T12:00:00Z,-17.625,178.625,0.0
2012-06-06T12:00:00Z,-17.675,178.375,NaN
2012-06-06T12:00:00Z,-17.675,178.425,NaN
2012-06-06T12:00:00Z,-17.675,178.475,NaN
2012-06-06T12:00:00Z,-17.675,178.525,NaN
2012-06-06T12:00:00Z,-17.675,178.575,0.0
2012-06-06T12:00:00Z,-17.675,178.625,0.0
2012-07-06T12:00:00Z,-17.325,178.375,0.0
2012-07-06T12:00:00Z,-17.325,178.425,0.0
2012-07-06T12:00:00Z,-17.325,178.475,0.0
2012-07-06T12:00:00Z,-17.325,178.525,0.0
2012-07-06T12:00:00Z,-17.325,178.575,0.0
2012-07-06T12:00:00Z,-17.325,178.625,0.0
2012-07-06T12:00:00Z,-17.375,178.375,0.0
2012-07-06T12:00:00Z,-17.375,178.425,0.0
2012-07-06T12:00:00Z,-17.375,178.475,0.0
2012-07-06T12:00:00Z,-17.375,178.525,0.0
2012-07-06T12:00:00Z,-17.375,178.575,0.0
2012-07-06T12:00:00Z,-17.375,178.625,0.0
2012-07-06T12:00:00Z,-17.425,178.375,0.0
2012-07-06T12:00:00Z,-17.425,178.425,0.0
2012-07-06T12:00:00Z,-17.425,178.475,0.0
2012-07-06T12:00:00Z,-17.425,178.525,0.0
2012-07-06T12:00:00Z,-17.425,178.575,0.0
2012-07-06T12:00:00Z,-17.425,178.625,0.0
2012-07-06T12:00:00Z,-17.475,178.375,0.0
2012-07-06T12:00:00Z,-17.475,178.425,0.0
2012-07-06T12:00:00Z,-17.475,178.475,0.0
2012-07-06T12:00:00Z,-17.475,178.525,0.0
2012-07-06T12:00:00Z,-17.475,178.575,0.0
2012-07-06T12:00:00Z,-17.475,178.625,0.0
2012-07-06T12:00:00Z,-17.525,178.375,0.0
2012-07-06T12:00:00Z,-17.525,178.425,0.0
2012-07-06T12:00:00Z,-17.525,178.475,0.0
2012-07-06T12:00:00Z,-17.525,178.525,0.0
2012-07-06T12:00:00Z,-17.525,178.575,0.0
2012-07-06T12:00:00Z,-17.525,178.625,0.0
2012-07-06T12:00:00Z,-17.575,178.375,0.0
2012-07-06T12:00:00Z,-17.575,178.425,0.0
2012-07-06T12:00:00Z,-17.575,178.475,0.0
2012-07-06T12:00:00Z,-17.575,178.525,0.0
2012-07-06T12:00:00Z,-17.575,178.575,0.0
2012-07-06T12:00:00Z,-17.575,178.625,0.0
2012-07-06T12:00:00Z,-17.625,178.375,NaN
2012-07-06T12:00:00Z,-17.625,178.425,NaN
2012-07-06T12:00:00Z,-17.625,178.475,NaN
2012-07-06T12:00:00Z,-17.625,178.525,0.0
2012-07-06T12:00:00Z,-17.625,178.575,0.0
2012-07-06T12:00:00Z,-17.625,178.625,0.0
2012-07-06T12:00:00Z,-17.675,178.375,NaN
2012-07-06T12:00:00Z,-17.675,178.425,NaN
2012-07-06T12:00:00Z,-17.675,178.475,NaN
2012-07-06T12:00:00Z,-17.675,178.525,NaN
2012-07-06T12:00:00Z,-17.675,178.575,0.0
2012-07-06T12:00:00Z,-17.675,178.625,0.0
2012-08-05T12:00:00Z,-17.325,178.375,0.0
2012-08-05T12:00:00Z,-17.325,178.425,0.0
2012-08-05T12:00:00Z,-17.325,178.475,0.0
2012-08-05T12:00:00Z,-17.325,178.525,0.0
2012-08-05T12:00:00Z,-17.325,178.575,0.0
2012-08-05T12:00:00Z,-17.325,178.625,0.0
2012-08-05T12:00:00Z,-17.375,178.375,0.0
2012-08-05T12:00:00Z,-17.375,178.425,0.0
2012-08-05T12:00:00Z,-17.375,178.475,0.0
2012-08-05T12:00:00Z,-17.375,178.525,0.0
2012-08-05T12:00:00Z,-17.375,178.575,0.0
2012-08-05T12:00:00Z,-17.375,178.625,0.0
2012-08-05T12:00:00Z,-17.425,178.375,0.0
2012-08-05T12:00:00Z,-17.425,178.425,0.0
2012-08-05T12:00:00Z,-17.425,178.475,0.0
2012-08-05T12:00:00Z,-17.425,178.525,0.0
2012-08-05T12:00:00Z,-17.425,178.575,0.0
2012-08-05T12:00:00Z,-17.425,178.625,0.0
2012-08-05T12:00:00Z,-17.475,178.375,0.0
2012-08-05T12:00:00Z,-17.475,178.425,0.0
2012-08-05T12:00:00Z,-17.475,178.475,0.0
2012-08-05T12:00:00Z,-17.475,178.525,0.0
2012-08-05T12:00:00Z,-17.475,178.575,0.0
2012-08-05T12:00:00Z,-17.475,178.625,0.0
2012-08-05T12:00:00Z,-17.525,178.375,0.0
2012-08-05T12:00:00Z,-17.525,178.425,0.0
2012-08-05T12:00:00Z,-17.525,178.475,0.0
2012-08-05T12:00:00Z,-17.525,178.525,0.0
2012-08-05T12:00:00Z,-17.525,178.575,0.0
2012-08-05T12:00:00Z,-17.525,178.625,0.0
2012-08-05T12:00:00Z,-17.575,178.375,0.0
2012-08-05T12:00:00Z,-17.575,178.425,0.0
2012-08-05T12:00:00Z,-17.575,178.475,0.0
2012-08-05T12:00:00Z,-17.575,178.525,0.0
2012-08-05T12:00:00Z,-17.575,178.575,0.0
2012-08-05T12:00:00Z,-17.575,178.625,0.0
2012-08-05T12:00:00Z,-17.625,178.375,NaN
2012-08-05T12:00:00Z,-17.625,178.425,NaN
2012-08-05T12:00:00Z,-17.625,178.475,NaN
2012-08-05T12:00:00Z,-17.625,178.525,0.0
2012-08-05T12:00:00Z,-17.625,178.575,0.0
2012-08-05T12:00:00Z,-17.625,178.625,0.0
2012-08-05T12:00:00Z,-17.675,178.375,NaN
2012-08-05T12:00:00Z,-17.675,178.425,NaN
2012-08-05T12:00:00Z,-17.675,178.475,NaN
2012-08-05T12:00:00Z,-17.675,178.525,NaN
2012-08-05T12:00:00Z,-17.675,178.575,0.0
2012-08-05T12:00:00Z,-17.675,178.625,0.0
2012-09-04T12:00:00Z,-17.325,178.375,0.0
2012-09-04T12:00:00Z,-17.325,178.425,0.0
2012-09-04T12:00:00Z,-17.325,178.475,0.0
2012-09-04T12:00:00Z,-17.325,178.525,0.0
2012-09-04T12:00:00Z,-17.325,178.575,0.0
2012-09-04T12:00:00Z,-17.325,178.625,0.0
2012-09-04T12:00:00Z,-17.375,178.375,0.0
2012-09-04T12:00:00Z,-17.375,178.425,0.0
2012-09-04T12:00:00Z,-17.375,178.475,0.0
2012-09-04T12:00:00Z,-17.375,178.525,0.0
2012-09-04T12:00:00Z,-17.375,178.575,0.0
2012-09-04T12:00:00Z,-17.375,178.625,0.0
2012-09-04T12:00:00Z,-17.425,178.375,0.0
2012-09-04T12:00:00Z,-17.425,178.425,0.0
2012-09-04T12:00:00Z,-17.425,178.475,0.0
2012-09-04T12:00:00Z,-17.425,178.525,0.0
2012-09-04T12:00:00Z,-17.425,178.575,0.0
2012-09-04T12:00:00Z,-17.425,178.625,0.0
2012-09-04T12:00:00Z,-17.475,178.375,0.0
2012-09-04T12:00:00Z,-17.475,178.425,0.0
2012-09-04T12:00:00Z,-17.475,178.475,0.0
2012-09-04T12:00:00Z,-17.475,178.525,0.0
2012-09-04T12:00:00Z,-17.475,178.575,0.0
2012-09-04T12:00:00Z,-17.475,178.625,0.0
2012-09-04T12:00:00Z,-17.525,178.375,0.0
2012-09-04T12:00:00Z,-17.525,178.425,0.0
2012-09-04T12:00:00Z,-17.525,178.475,0.0
2012-09-04T12:00:00Z,-17.525,178.525,0.0
2012-09-04T12:00:00Z,-17.525,178.575,0.0
2012-09-04T12:00:00Z,-17.525,178.625,0.0
2012-09-04T12:00:00Z,-17.575,178.375,0.0
2012-09-04T12:00:00Z,-17.575,178.425,0.0
2012-09-04T12:00:00Z,-17.575,178.475,0.0
2012-09-04T12:00:00Z,-17.575,178.525,0.0
2012-09-04T12:00:00Z,-17.575,178.575,0.0
2012-09-04T12:00:00Z,-17.575,178.625,0.0
2012-09-04T12:00:00Z,-17.625,178.375,NaN
2012-09-04T12:00:00Z,-17.625,178.425,NaN
2012-09-04T12:00:00Z,-17.625,178.475,NaN
2012-09-04T12:00:00Z,-17.625,178.525,0.0
2012-09-04T12:00:00Z,-17.625,178.575,0.0
2012-09-04T12:00:00Z,-17.625,178.625,0.0
2012-09-04T12:00:00Z,-17.675,178.375,NaN
2012-09-04T12:00:00Z,-17.675,178.425,NaN
2012-09-04T12:00:00Z,-17.675,178.475,NaN
2012-09-04T12:00:00Z,-17.675,178.525,NaN
2012-09-04T12:00:00Z,-17.675,178.575,0.0
2012-09-04T12:00:00Z,-17.675,178.625,0.0
2012-10-04T12:00:00Z,-17.325,178.375,0.0
2012-10-04T12:00:00Z,-17.325,178.425,0.0
2012-10-04T12:00:00Z,-17.325,178.475,0.0
2012-10-04T12:00:00Z,-17.325,178.525,0.0
2012-10-04T12:00:00Z,-17.325,178.575,0.0
2012-10-04T12:00:00Z,-17.325,178.625,0.0
2012-10-04T12:00:00Z,-17.375,178.375,0.0
2012-10-04T12:00:00Z,-17.375,178.425,0.0
2012-10-04T12:00:00Z,-17.375,178.475,0.0
2012-10-04T12:00:00Z,-17.375,178.525,0.0
2012-10-04T12:00:00Z,-17.375,178.575,0.0
2012-10-04T12:00:00Z,-17.375,178.625,0.0
2012-10-04T12:00:00Z,-17.425,178.375,0.0
2012-10-04T12:00:00Z,-17.425,178.425,0.0
2012-10-04T12:00:00Z,-17.425,178.475,0.0
2012-10-04T12:00:00Z,-17.425,178.525,0.0
2012-10-04T12:00:00Z,-17.425,178.575,0.0
2012-10-04T12:00:00Z,-17.425,178.625,0.0
2012-10-04T12:00:00Z,-17.475,178.375,0.0
2012-10-04T12:00:00Z,-17.475,178.425,0.0
2012-10-04T12:00:00Z,-17.475,178.475,0.0
2012-10-04T12:00:00Z,-17.475,178.525,0.0
2012-10-04T12:00:00Z,-17.475,178.575,0.0
2012-10-04T12:00:00Z,-17.475,178.625,0.0
2012-10-04T12:00:00Z,-17.525,178.375,0.0
2012-10-04T12:00:00Z,-17.525,178.425,0.0
2012-10-04T12:00:00Z,-17.525,178.475,0.0
2012-10-04T12:00:00Z,-17.525,178.525,0.0
2012-10-04T12:00:00Z,-17.525,178.575,0.0
2012-10-04T12:00:00Z,-17.525,178.625,0.0
2012-10-04T12:00:00Z,-17.575,178.375,0.0
2012-10-04T12:00:00Z,-17.575,178.425,0.0
2012-10-04T12:00:00Z,-17.575,178.475,0.0
2012-10-04T12:00:00Z,-17.575,178.525,0.0
2012-10-04T12:00:00Z,-17.575,178.575,0.0
2012-10-04T12:00:00Z,-17.575,178.625,0.0
2012-10-04T12:00:00Z,-17.625,178.375,NaN
2012-10-04T12:00:00Z,-17.625,178.425,NaN
2012-10-04T12:00:00Z,-17.625,178.475,NaN
2012-10-04T12:00:00Z,-17.625,178.525,0.0
2012-10-04T12:00:00Z,-17.625,178.575,0.0
2012-10-04T12:00:00Z,-17.625,178.625,0.0
2012-10-04T12:00:00Z,-17.675,178.375,NaN
2012-10-04T12:00:00Z,-17.675,178.425,NaN
2012-10-04T12:00:00Z,-17.675,178.475,NaN
2012-10-04T12:00:00Z,-17.675,178.525,NaN
2012-10-04T12:00:00Z,-17.675,178.575,0.0
2012-10-04T12:00:00Z,-17.675,178.625,0.0
2012-11-03T12:00:00Z,-17.325,178.375,0.0
2012-11-03T12:00:00Z,-17.325,178.425,0.0
2012-11-03T12:00:00Z,-17.325,178.475,0.0
2012-11-03T12:00:00Z,-17.325,178.525,0.0
2012-11-03T12:00:00Z,-17.325,178.575,0.0
2012-11-03T12:00:00Z,-17.325,178.625,0.0
2012-11-03T12:00:00Z,-17.375,178.375,0.0
2012-11-03T12:00:00Z,-17.375,178.425,0.0
2012-11-03T12:00:00Z,-17.375,178.475,0.0
2012-11-03T12:00:00Z,-17.375,178.525,0.0
2012-11-03T12:00:00Z,-17.375,178.575,0.0
2012-11-03T12:00:00Z,-17.375,178.625,0.0
2012-11-03T12:00:00Z,-17.425,178.375,0.0
2012-11-03T12:00:00Z,-17.425,178.425,0.0
2012-11-03T12:00:00Z,-17.425,178.475,0.0
2012-11-03T12:00:00Z,-17.425,178.525,0.0
2012-11-03T12:00:00Z,-17.425,178.575,0.0
2012-11-03T12:00:00Z,-17.425,178.625,0.0
2012-11-03T12:00:00Z,-17.475,178.375,0.0
2012-11-03T12:00:00Z,-17.475,178.425,0.0
2012-11-03T12:00:00Z,-17.475,178.475,0.0
2012-11-03T12:00:00Z,-17.475,178.525,0.0
2012-11-03T12:00:00Z,-17.475,178.575,0.0
2012-11-03T12:00:00Z,-17.475,178.625,0.0
2012-11-03T12:00:00Z,-17.525,178.375,0.0
2012-11-03T12:00:00Z,-17.525,178.425,0.0
2012-11-03T12:00:00Z,-17.525,178.475,0.0
2012-11-03T12:00:00Z,-17.525,178.525,0.0
2012-11-03T12:00:00Z,-17.525,178.575,0.0
2012-11-03T12:00:00Z,-17.525,178.625,0.0
2012-11-03T12:00:00Z,-17.575,178.375,0.0
2012-11-03T12:00:00Z,-17.575,178.425,0.0
2012-11-03T12:00:00Z,-17.575,178.475,0.0
2012-11-03T12:00:00Z,-17.575,178.525,0.0
2012-11-03T12:00:00Z,-17.575,178.575,0.0
2012-11-03T12:00:00Z,-17.575,178.625,0.0
2012-11-03T12:00:00Z,-17.625,178.375,NaN
2012-11-03T12:00:00Z,-17.625,178.425,NaN
2012-11-03T12:00:00Z,-17.625,178.475,NaN
2012-11-03T12:00:00Z,-17.625,178.525,0.0
2012-11-03T12:00:00Z,-17.625,178.575,0.0
2012-11-03T12:00:00Z,-17.625,178.625,0.0
2012-11-03T12:00:00Z,-17.675,178.375,NaN
2012-11-03T12:00:00Z,-17.675,178.425,NaN
2012-11-03T12:00:00Z,-17.675,178.475,NaN
2012-11-03T12:00:00Z,-17.675,178.525,NaN
2012-11-03T12:00:00Z,-17.675,178.575,0.0
2012-11-03T12:00:00Z,-17.675,178.625,0.0
2012-12-03T12:00:00Z,-17.325,178.375,0.0
2012-12-03T12:00:00Z,-17.325,178.425,0.0
2012-12-03T12:00:00Z,-17.325,178.475,0.0
2012-12-03T12:00:00Z,-17.325,178.525,0.0
2012-12-03T12:00:00Z,-17.325,178.575,0.0
2012-12-03T12:00:00Z,-17.325,178.625,0.0
2012-12-03T12:00:00Z,-17.375,178.375,0.0
2012-12-03T12:00:00Z,-17.375,178.425,0.0
2012-12-03T12:00:00Z,-17.375,178.475,0.0
2012-12-03T12:00:00Z,-17.375,178.525,0.0
2012-12-03T12:00:00Z,-17.375,178.575,0.0
2012-12-03T12:00:00Z,-17.375,178.625,0.0
2012-12-03T12:00:00Z,-17.425,178.375,0.0
2012-12-03T12:00:00Z,-17.425,178.425,0.0
2012-12-03T12:00:00Z,-17.425,178.475,0.0
2012-12-03T12:00:00Z,-17.425,178.525,0.0
2012-12-03T12:00:00Z,-17.425,178.575,0.0
2012-12-03T12:00:00Z,-17.425,178.625,0.0
2012-12-03T12:00:00Z,-17.475,178.375,0.0
2012-12-03T12:00:00Z,-17.475,178.425,0.0
2012-12-03T12:00:00Z,-17.475,178.475,0.0
2012-12-03T12:00:00Z,-17.475,178.525,0.0
2012-12-03T12:00:00Z,-17.475,178.575,0.0
2012-12-03T12:00:00Z,-17.475,178.625,0.0
2012-12-03T12:00:00Z,-17.525,178.375,0.0
2012-12-03T12:00:00Z,-17.525,178.425,0.0
2012-12-03T12:00:00Z,-17.525,178.475,0.0
2012-12-03T12:00:00Z,-17.525,178.525,0.0
2012-12-03T12:00:00Z,-17.525,178.575,0.0
2012-12-03T12:00:00Z,-17.525,178.625,0.0
2012-12-03T12:00:00Z,-17.575,178.375,0.0
2012-12-03T12:00:00Z,-17.575,178.425,0.0
2012-12-03T12:00:00Z,-17.575,178.475,0.0
2012-12-03T12:00:00Z,-17.575,178.525,0.0
2012-12-03T12:00:00Z,-17.575,178.575,0.0
2012-12-03T12:00:00Z,-17.575,178.625,0.0
2012-12-03T12:00:00Z,-17.625,178.375,NaN
2012-12-03T12:00:00Z,-17.625,178.425,NaN
2012-12-03T12:00:00Z,-17.625,178.475,NaN
2012-12-03T12:00:00Z,-17.625,178.525,0.0
2012-12-03T12:00:00Z,-17.625,178.575,0.0
2012-12-03T12:00:00Z,-17.625,178.625,0.0
2012-12-03T12:00:00Z,-17.675,178.375,NaN
2012-12-03T12:00:00Z,-17.675,178.425,NaN
2012-12-03T12:00:00Z,-17.675,178.475,NaN
2012-12-03T12:00:00Z,-17.675,178.525,NaN
2012-12-03T12:00:00Z,-17.675,178.575,0.0
2012-12-03T12:00:00Z,-17.675,178.625,0.0
2013-01-02T12:00:00Z,-17.325,178.375,0.0
2013-01-02T12:00:00Z,-17.325,178.425,0.0
2013-01-02T12:00:00Z,-17.325,178.475,0.0
2013-01-02T12:00:00Z,-17.325,178.525,0.0
2013-01-02T12:00:00Z,-17.325,178.575,0.0
2013-01-02T12:00:00Z,-17.325,178.625,0.0
2013-01-02T12:00:00Z,-17.375,178.375,0.0
2013-01-02T12:00:00Z,-17.375,178.425,0.0
2013-01-02T12:00:00Z,-17.375,178.475,0.0
2013-01-02T12:00:00Z,-17.375,178.525,0.0
2013-01-02T12:00:00Z,-17.375,178.575,0.0
2013-01-02T12:00:00Z,-17.375,178.625,0.0
2013-01-02T12:00:00Z,-17.425,178.375,0.0
2013-01-02T12:00:00Z,-17.425,178.425,0.0
2013-01-02T12:00:00Z,-17.425,178.475,0.0
2013-01-02T12:00:00Z,-17.425,178.525,0.0
2013-01-02T12:00:00Z,-17.425,178.575,0.0
2013-01-02T12:00:00Z,-17.425,178.625,0.0
2013-01-02T12:00:00Z,-17.475,178.375,0.0
2013-01-02T12:00:00Z,-17.475,178.425,0.0
2013-01-02T12:00:00Z,-17.475,178.475,0.0
2013-01-02T12:00:00Z,-17.475,178.525,0.0
2013-01-02T12:00:00Z,-17.475,178.575,0.0
2013-01-02T12:00:00Z,-17.475,178.625,0.0
2013-01-02T12:00:00Z,-17.525,178.375,0.0
2013-01-02T12:00:00Z,-17.525,178.425,0.0
2013-01-02T12:00:00Z,-17.525,178.475,0.0
2013-01-02T12:00:00Z,-17.525,178.525,0.0
2013-01-02T12:00:00Z,-17.525,178.575,0.0
2013-01-02T12:00:00Z,-17.525,178.625,0.0
2013-01-02T12:00:00Z,-17.575,178.375,0.0
2013-01-02T12:00:00Z,-17.575,178.425,0.0
2013-01-02T12:00:00Z,-17.575,178.475,0.0
2013-01-02T12:00:00Z,-17.575,178.525,0.0
2013-01-02T12:00:00Z,-17.575,178.575,0.0
2013-01-02T12:00:00Z,-17.575,178.625,0.0
2013-01-02T12:00:00Z,-17.625,178.375,NaN
2013-01-02T12:00:00Z,-17.625,178.425,NaN
2013-01-02T12:00:00Z,-17.625,178.475,NaN
2013-01-02T12:00:00Z,-17.625,178.525,0.0
2013-01-02T12:00:00Z,-17.625,178.575,0.0
2013-01-02T12:00:00Z,-17.625,178.625,0.0
2013-01-02T12:00:00Z,-17.675,178.375,NaN
2013-01-02T12:00:00Z,-17.675,178.425,NaN
2013-01-02T12:00:00Z,-17.675,178.475,NaN
2013-01-02T12:00:00Z,-17.675,178.525,NaN
2013-01-02T12:00:00Z,-17.675,178.575,0.0
2013-01-02T12:00:00Z,-17.675,178.625,0.0
2013-02-01T12:00:00Z,-17.325,178.375,0.0
2013-02-01T12:00:00Z,-17.325,178.425,0.0
2013-02-01T12:00:00Z,-17.325,178.475,0.0
2013-02-01T12:00:00Z,-17.325,178.525,0.0
2013-02-01T12:00:00Z,-17.325,178.575,0.0
2013-02-01T12:00:00Z,-17.325,178.625,0.0
2013-02-01T12:00:00Z,-17.375,178.375,0.0
2013-02-01T12:00:00Z,-17.375,178.425,0.0
2013-02-01T12:00:00Z,-17.375,178.475,0.0
2013-02-01T12:00:00Z,-17.375,178.525,0.0
2013-02-01T12:00:00Z,-17.375,178.575,0.0
2013-02-01T12:00:00Z,-17.375,178.625,0.0
2013-02-01T12:00:00Z,-17.425,178.375,0.0
2013-02-01T12:00:00Z,-17.425,178.425,0.0
2013-02-01T12:00:00Z,-17.425,178.475,0.0
2013-02-01T12:00:00Z,-17.425,178.525,0.0
2013-02-01T12:00:00Z,-17.425,178.575,0.0
2013-02-01T12:00:00Z,-17.425,178.625,0.0
2013-02-01T12:00:00Z,-17.475,178.375,0.0
2013-02-01T12:00:00Z,-17.475,178.425,0.0
2013-02-01T12:00:00Z,-17.475,178.475,0.0
2013-02-01T12:00:00Z,-17.475,178.525,0.0
2013-02-01T12:00:00Z,-17.475,178.575,0.0
2013-02-01T12:00:00Z,-17.475,178.625,0.0
2013-02-01T12:00:00Z,-17.525,178.375,0.0
2013-02-01T12:00:00Z,-17.525,178.425,0.0
2013-02-01T12:00:00Z,-17.525,178.475,0.0
2013-02-01T12:00:00Z,-17.525,178.525,0.0
2013-02-01T12:00:00Z,-17.525,178.575,0.0
2013-02-01T12:00:00Z,-17.525,178.625,0.0
2013-02-01T12:00:00Z,-17.575,178.375,0.0
2013-02-01T12:00:00Z,-17.575,178.425,0.0
2013-02-01T12:00:00Z,-17.575,178.475,0.0
2013-02-01T12:00:00Z,-17.575,178.525,0.0
2013-02-01T12:00:00Z,-17.575,178.575,0.0
2013-02-01T12:00:00Z,-17.575,178.625,0.0
2013-02-01T12:00:00Z,-17.625,178.375,NaN
2013-02-01T12:00:00Z,-17.625,178.425,NaN
2013-02-01T12:00:00Z,-17.625,178.475,NaN
2013-02-01T12:00:00Z,-17.625,178.525,0.0
2013-02-01T12:00:00Z,-17.625,178.575,0.0
2013-02-01T12:00:00Z,-17.625,178.625,0.0
2013-02-01T12:00:00Z,-17.675,178.375,NaN
2013-02-01T12:00:00Z,-17.675,178.425,NaN
2013-02-01T12:00:00Z,-17.675,178.475,NaN
2013-02-01T12:00:00Z,-17.675,178.525,NaN
2013-02-01T12:00:00Z,-17.675,178.575,0.0
2013-02-01T12:00:00Z,-17.675,178.625,0.0
2013-03-03T12:00:00Z,-17.325,178.375,0.0
2013-03-03T12:00:00Z,-17.325,178.425,0.0
2013-03-03T12:00:00Z,-17.325,178.475,0.0
2013-03-03T12:00:00Z,-17.325,178.525,0.0
2013-03-03T12:00:00Z,-17.325,178.575,0.0
2013-03-03T12:00:00Z,-17.325,178.625,0.0
2013-03-03T12:00:00Z,-17.375,178.375,0.0
2013-03-03T12:00:00Z,-17.375,178.425,0.0
2013-03-03T12:00:00Z,-17.375,178.475,0.0
2013-03-03T12:00:00Z,-17.375,178.525,0.0
2013-03-03T12:00:00Z,-17.375,178.575,0.0
2013-03-03T12:00:00Z,-17.375,178.625,0.0
2013-03-03T12:00:00Z,-17.425,178.375,0.0
2013-03-03T12:00:00Z,-17.425,178.425,0.0
2013-03-03T12:00:00Z,-17.425,178.475,0.0
2013-03-03T12:00:00Z,-17.425,178.525,0.0
2013-03-03T12:00:00Z,-17.425,178.575,0.0
2013-03-03T12:00:00Z,-17.425,178.625,0.14
2013-03-03T12:00:00Z,-17.475,178.375,0.0
2013-03-03T12:00:00Z,-17.475,178.425,0.0
2013-03-03T12:00:00Z,-17.475,178.475,0.0
2013-03-03T12:00:00Z,-17.475,178.525,0.0
2013-03-03T12:00:00Z,-17.475,178.575,0.15
2013-03-03T12:00:00Z,-17.475,178.625,0.15
2013-03-03T12:00:00Z,-17.525,178.375,0.0
2013-03-03T12:00:00Z,-17.525,178.425,0.0
2013-03-03T12:00:00Z,-17.525,178.475,0.0
2013-03-03T12:00:00Z,-17.525,178.525,0.14
2013-03-03T12:00:00Z,-17.525,178.575,0.15
2013-03-03T12:00:00Z,-17.525,178.625,0.16
2013-03-03T12:00:00Z,-17.575,178.375,0.0
2013-03-03T12:00:00Z,-17.575,178.425,0.0
2013-03-03T12:00:00Z,-17.575,178.475,0.0
2013-03-03T12:00:00Z,-17.575,178.525,0.15
2013-03-03T12:00:00Z,-17.575,178.575,0.16
2013-03-03T12:00:00Z,-17.575,178.625,0.31
2013-03-03T12:00:00Z,-17.625,178.375,NaN
2013-03-03T12:00:00Z,-17.625,178.425,NaN
2013-03-03T12:00:00Z,-17.625,178.475,NaN
2013-03-03T12:00:00Z,-17.625,178.525,0.15
2013-03-03T12:00:00Z,-17.625,178.575,0.31
2013-03-03T12:00:00Z,-17.625,178.625,0.32
2013-03-03T12:00:00Z,-17.675,178.375,NaN
2013-03-03T12:00:00Z,-17.675,178.425,NaN
2013-03-03T12:00:00Z,-17.675,178.475,NaN
2013-03-03T12:00:00Z,-17.675,178.525,NaN
2013-03-03T12:00:00Z,-17.675,178.575,0.31
2013-03-03T12:00:00Z,-17.675,178.625,0.32
2013-04-02T12:00:00Z,-17.325,178.375,0.0
2013-04-02T12:00:00Z,-17.325,178.425,0.0
2013-04-02T12:00:00Z,-17.325,178.475,0.0
2013-04-02T12:00:00Z,-17.325,178.525,0.0
2013-04-02T12:00:00Z,-17.325,178.575,0.0
2013-04-02T12:00:00Z,-17.325,178.625,0.0
2013-04-02T12:00:00Z,-17.375,178.375,0.0
2013-04-02T12:00:00Z,-17.375,178.425,0.0
2013-04-02T12:00:00Z,-17.375,178.475,0.0
2013-04-02T12:00:00Z,-17.375,178.525,0.0
2013-04-02T12:00:00Z,-17.375,178.575,0.0
2013-04-02T12:00:00Z,-17.375,178.625,0.0
2013-04-02T12:00:00Z,-17.425,178.375,0.0
2013-04-02T12:00:00Z,-17.425,178.425,0.0
2013-04-02T12:00:00Z,-17.425,178.475,0.0
2013-04-02T12:00:00Z,-17.425,178.525,0.0
2013-04-02T12:00:00Z,-17.425,178.575,0.0
2013-04-02T12:00:00Z,-17.425,178.625,0.14
2013-04-02T12:00:00Z,-17.475,178.375,0.0
2013-04-02T12:00:00Z,-17.475,178.425,0.0
2013-04-02T12:00:00Z,-17.475,178.475,0.0
2013-04-02T12:00:00Z,-17.475,178.525,0.0
2013-04-02T12:00:00Z,-17.475,178.575,0.15
2013-04-02T12:00:00Z,-17.475,178.625,0.15
2013-04-02T12:00:00Z,-17.525,178.375,0.0
2013-04-02T12:00:00Z,-17.525,178.425,0.0
2013-04-02T12:00:00Z,-17.525,178.475,0.0
2013-04-02T12:00:00Z,-17.525,178.525,0.14
2013-04-02T12:00:00Z,-17.525,178.575,0.15
2013-04-02T12:00:00Z,-17.525,178.625,0.16
2013-04-02T12:00:00Z,-17.575,178.375,0.0
2013-04-02T12:00:00Z,-17.575,178.425,0.0
2013-04-02T12:00:00Z,-17.575,178.475,0.0
2013-04-02T12:00:00Z,-17.575,178.525,0.15
2013-04-02T12:00:00Z,-17.575,178.575,0.16
2013-04-02T12:00:00Z,-17.575,178.625,0.31
2013-04-02T12:00:00Z,-17.625,178.375,NaN
2013-04-02T12:00:00Z,-17.625,178.425,NaN
2013-04-02T12:00:00Z,-17.625,178.475,NaN
2013-04-02T12:00:00Z,-17.625,178.525,0.15
2013-04-02T12:00:00Z,-17.625,178.575,0.31
2013-04-02T12:00:00Z,-17.625,178.625,0.32
2013-04-02T12:00:00Z,-17.675,178.375,NaN
2013-04-02T12:00:00Z,-17.675,178.425,NaN
2013-04-02T12:00:00Z,-17.675,178.475,NaN
2013-04-02T12:00:00Z,-17.675,178.525,NaN
2013-04-02T12:00:00Z,-17.675,178.575,0.31
2013-04-02T12:00:00Z,-17.675,178.625,0.32
2013-05-02T12:00:00Z,-17.325,178.375,0.0
2013-05-02T12:00:00Z,-17.325,178.425,0.0
2013-05-02T12:00:00Z,-17.325,178.475,0.0
2013-05-02T12:00:00Z,-17.325,178.525,0.0
2013-05-02T12:00:00Z,-17.325,178.575,0.0
2013-05-02T12:00:00Z,-17.325,178.625,0.0
2013-05-02T12:00:00Z,-17.375,178.375,0.0
2013-05-02T12:00:00Z,-17.375,178.425,0.0
2013-05-02T12:00:00Z,-17.375,178.475,0.0
2013-05-02T12:00:00Z,-17.375,178.525,0.0
2013-05-02T12:00:00Z,-17.375,178.575,0.0
2013-05-02T12:00:00Z,-17.375,178.625,0.0
2013-05-02T12:00:00Z,-17.425,178.375,0.0
2013-05-02T12:00:00Z,-17.425,178.425,0.0
2013-05-02T12:00:00Z,-17.425,178.475,0.0
2013-05-02T12:00:00Z,-17.425,178.525,0.0
2013-05-02T12:00:00Z,-17.425,178.575,0.0
2013-05-02T12:00:00Z,-17.425,178.625,0.14
2013-05-02T12:00:00Z,-17.475,178.375,0.0
2013-05-02T12:00:00Z,-17.475,178.425,0.0
2013-05-02T12:00:00Z,-17.475,178.475,0.0
2013-05-02T12:00:00Z,-17.475,178.525,0.0
2013-05-02T12:00:00Z,-17.475,178.575,0.15
2013-05-02T12:00:00Z,-17.475,178.625,0.15
2013-05-02T12:00:00Z,-17.525,178.375,0.0
2013-05-02T12:00:00Z,-17.525,178.425,0.0
2013-05-02T12:00:00Z,-17.525,178.475,0.0
2013-05-02T12:00:00Z,-17.525,178.525,0.14
2013-05-02T12:00:00Z,-17.525,178.575,0.15
2013-05-02T12:00:00Z,-17.525,178.625,0.16
2013-05-02T12:00:00Z,-17.575,178.375,0.0
2013-05-02T12:00:00Z,-17.575,178.425,0.0
2013-05-02T12:00:00Z,-17.575,178.475,0.0
2013-05-02T12:00:00Z,-17.575,178.525,0.15
2013-05-02T12:00:00Z,-17.575,178.575,0.16
2013-05-02T12:00:00Z,-17.575,178.625,0.31
2013-05-02T12:00:00Z,-17.625,178.375,NaN
2013-05-02T12:00:00Z,-17.625,178.425,NaN
2013-05-02T12:00:00Z,-17.625,178.475,NaN
2013-05-02T12:00:00Z,-17.625,178.525,0.15
2013-05-02T12:00:00Z,-17.625,178.575,0.31
2013-05-02T12:00:00Z,-17.625,178.625,0.32
2013-05-02T12:00:00Z,-17.675,178.375,NaN
2013-05-02T12:00:00Z,-17.675,178.425,NaN
2013-05-02T12:00:00Z,-17.675,178.475,NaN
2013-05-02T12:00:00Z,-17.675,178.525,NaN
2013-05-02T12:00:00Z,-17.675,178.575,0.31
2013-05-02T12:00:00Z,-17.675,178.625,0.32
2013-06-01T12:00:00Z,-17.325,178.375,0.0
2013-06-01T12:00:00Z,-17.325,178.425,0.0
2013-06-01T12:00:00Z,-17.325,178.475,0.0
2013-06-01T12:00:00Z,-17.325,178.525,0.0
2013-06-01T12:00:00Z,-17.325,178.575,0.0
2013-06-01T12:00:00Z,-17.325,178.625,0.0
2013-06-01T12:00:00Z,-17.375,178.375,0.0
2013-06-01T12:00:00Z,-17.375,178.425,0.0
2013-06-01T12:00:00Z,-17.375,178.475,0.0
2013-06-01T12:00:00Z,-17.375,178.525,0.0
2013-06-01T12:00:00Z,-17.375,178.575,0.0
2013-06-01T12:00:00Z,-17.375,178.625,0.0
2013-06-01T12:00:00Z,-17.425,178.375,0.0
2013-06-01T12:00:00Z,-17.425,178.425,0.0
2013-06-01T12:00:00Z,-17.425,178.475,0.0
2013-06-01T12:00:00Z,-17.425,178.525,0.0
2013-06-01T12:00:00Z,-17.425,178.575,0.0
2013-06-01T12:00:00Z,-17.425,178.625,0.0
2013-06-01T12:00:00Z,-17.475,178.375,0.0
2013-06-01T12:00:00Z,-17.475,178.425,0.0
2013-06-01T12:00:00Z,-17.475,178.475,0.0
2013-06-01T12:00:00Z,-17.475,178.525,0.0
2013-06-01T12:00:00Z,-17.475,178.575,0.0
2013-06-01T12:00:00Z,-17.475,178.625,0.0
2013-06-01T12:00:00Z,-17.525,178.375,0.0
2013-06-01T12:00:00Z,-17.525,178.425,0.0
2013-06-01T12:00:00Z,-17.525,178.475,0.0
2013-06-01T12:00:00Z,-17.525,178.525,0.0
2013-06-01T12:00:00Z,-17.525,178.575,0.0
2013-06-01T12:00:00Z,-17.525,178.625,0.0
2013-06-01T12:00:00Z,-17.575,178.375,0.0
2013-06-01T12:00:00Z,-17.575,178.425,0.0
2013-06-01T12:00:00Z,-17.575,178.475,0.0
2013-06-01T12:00:00Z,-17.575,178.525,0.0
2013-06-01T12:00:00Z,-17.575,178.575,0.0
2013-06-01T12:00:00Z,-17.575,178.625,0.0
2013-06-01T12:00:00Z,-17.625,178.375,NaN
2013-06-01T12:00:00Z,-17.625,178.425,NaN
2013-06-01T12:00:00Z,-17.625,178.475,NaN
2013-06-01T12:00:00Z,-17.625,178.525,0.0
2013-06-01T12:00:00Z,-17.625,178.575,0.0
2013-06-01T12:00:00Z,-17.625,178.625,0.0
2013-06-01T12:00:00Z,-17.675,178.375,NaN
2013-06-01T12:00:00Z,-17.675,178.425,NaN
2013-06-01T12:00:00Z,-17.675,178.475,NaN
2013-06-01T12:00:00Z,-17.675,178.525,NaN
2013-06-01T12:00:00Z,-17.675,178.575,0.0
2013-06-01T12:00:00Z,-17.675,178.625,0.0
2013-07-01T12:00:00Z,-17.325,178.375,0.0
2013-07-01T12:00:00Z,-17.325,178.425,0.0
2013-07-01T12:00:00Z,-17.325,178.475,0.0
2013-07-01T12:00:00Z,-17.325,178.525,0.0
2013-07-01T12:00:00Z,-17.325,178.575,0.0
2013-07-01T12:00:00Z,-17.325,178.625,0.0
2013-07-01T12:00:00Z,-17.375,178.375,0.0
2013-07-01T12:00:00Z,-17.375,178.425,0.0
2013-07-01T12:00:00Z,-17.375,178.475,0.0
2013-07-01T12:00:00Z,-17.375,178.525,0.0
2013-07-01T12:00:00Z,-17.375,178.575,0.0
2013-07-01T12:00:00Z,-17.375,178.625,0.0
2013-07-01T12:00:00Z,-17.425,178.375,0.0
2013-07-01T12:00:00Z,-17.425,178.425,0.0
2013-07-01T12:00:00Z,-17.425,178.475,0.0
2013-07-01T12:00:00Z,-17.425,178.525,0.0
2013-07-01T12:00:00Z,-17.425,178.575,0.0
2013-07-01T12:00:00Z,-17.425,178.625,0.0
2013-07-01T12:00:00Z,-17.475,178.375,0.0
2013-07-01T12:00:00Z,-17.475,178.425,0.0
2013-07-01T12:00:00Z,-17.475,178.475,0.0
2013-07-01T12:00:00Z,-17.475,178.525,0.0
2013-07-01T12:00:00Z,-17.475,178.575,0.0
2013-07-01T12:00:00Z,-17.475,178.625,0.0
2013-07-01T12:00:00Z,-17.525,178.375,0.0
2013-07-01T12:00:00Z,-17.525,178.425,0.0
2013-07-01T12:00:00Z,-17.525,178.475,0.0
2013-07-01T12:00:00Z,-17.525,178.525,0.0
2013-07-01T12:00:00Z,-17.525,178.575,0.0
2013-07-01T12:00:00Z,-17.525,178.625,0.0
2013-07-01T12:00:00Z,-17.575,178.375,0.0
2013-07-01T12:00:00Z,-17.575,178.425,0.0
2013-07-01T12:00:00Z,-17.575,178.475,0.0
2013-07-01T12:00:00Z,-17.575,178.525,0.0
2013-07-01T12:00:00Z,-17.575,178.575,0.0
2013-07-01T12:00:00Z,-17.575,178.625,0.0
2013-07-01T12:00:00Z,-17.625,178.375,NaN
2013-07-01T12:00:00Z,-17.625,178.425,NaN
2013-07-01T12:00:00Z,-17.625,178.475,NaN
2013-07-01T12:00:00Z,-17.625,178.525,0.0
2013-07-01T12:00:00Z,-17.625,178.575,0.0
2013-07-01T12:00:00Z,-17.625,178.625,0.0
2013-07-01T12:00:00Z,-17.675,178.375,NaN
2013-07-01T12:00:00Z,-17.675,178.425,NaN
2013-07-01T12:00:00Z,-17.675,178.475,NaN
2013-07-01T12:00:00Z,-17.675,178.525,NaN
2013-07-01T12:00:00Z,-17.675,178.575,0.0
2013-07-01T12:00:00Z,-17.675,178.625,0.0
2013-07-31T12:00:00Z,-17.325,178.375,0.0
2013-07-31T12:00:00Z,-17.325,178.425,0.0
2013-07-31T12:00:00Z,-17.325,178.475,0.0
2013-07-31T12:00:00Z,-17.325,178.525,0.0
2013-07-31T12:00:00Z,-17.325,178.575,0.0
2013-07-31T12:00:00Z,-17.325,178.625,0.0
2013-07-31T12:00:00Z,-17.375,178.375,0.0
2013-07-31T12:00:00Z,-17.375,178.425,0.0
2013-07-31T12:00:00Z,-17.375,178.475,0.0
2013-07-31T12:00:00Z,-17.375,178.525,0.0
2013-07-31T12:00:00Z,-17.375,178.575,0.0
2013-07-31T12:00:00Z,-17.375,178.625,0.0
2013-07-31T12:00:00Z,-17.425,178.375,0.0
2013-07-31T12:00:00Z,-17.425,178.425,0.0
2013-07-31T12:00:00Z,-17.425,178.475,0.0
2013-07-31T12:00:00Z,-17.425,178.525,0.0
2013-07-31T12:00:00Z,-17.425,178.575,0.0
2013-07-31T12:00:00Z,-17.425,178.625,0.0
2013-07-31T12:00:00Z,-17.475,178.375,0.0
2013-07-31T12:00:00Z,-17.475,178.425,0.0
2013-07-31T12:00:00Z,-17.475,178.475,0.0
2013-07-31T12:00:00Z,-17.475,178.525,0.0
2013-07-31T12:00:00Z,-17.475,178.575,0.0
2013-07-31T12:00:00Z,-17.475,178.625,0.0
2013-07-31T12:00:00Z,-17.525,178.375,0.0
2013-07-31T12:00:00Z,-17.525,178.425,0.0
2013-07-31T12:00:00Z,-17.525,178.475,0.0
2013-07-31T12:00:00Z,-17.525,178.525,0.0
2013-07-31T12:00:00Z,-17.525,178.575,0.0
2013-07-31T12:00:00Z,-17.525,178.625,0.0
2013-07-31T12:00:00Z,-17.575,178.375,0.0
2013-07-31T12:00:00Z,-17.575,178.425,0.0
2013-07-31T12:00:00Z,-17.575,178.475,0.0
2013-07-31T12:00:00Z,-17.575,178.525,0.0
2013-07-31T12:00:00Z,-17.575,178.575,0.0
2013-07-31T12:00:00Z,-17.575,178.625,0.0
2013-07-31T12:00:00Z,-17.625,178.375,NaN
2013-07-31T12:00:00Z,-17.625,178.425,NaN
2013-07-31T12:00:00Z,-17.625,178.475,NaN
2013-07-31T12:00:00Z,-17.625,178.525,0.0
2013-07-31T12:00:00Z,-17.625,178.575,0.0
2013-07-31T12:00:00Z,-17.625,178.625,0.0
2013-07-31T12:00:00Z,-17.675,178.375,NaN
2013-07-31T12:00:00Z,-17.675,178.425,NaN
2013-07-31T12:00:00Z,-17.675,178.475,NaN
2013-07-31T12:00:00Z,-17.675,178.525,NaN
2013-07-31T12:00:00Z,-17.675,178.575,0.0
2013-07-31T12:00:00Z,-17.675,178.625,0.0
2013-08-30T12:00:00Z,-17.325,178.375,0.0
2013-08-30T12:00:00Z,-17.325,178.425,0.0
2013-08-30T12:00:00Z,-17.325,178.475,0.0
2013-08-30T12:00:00Z,-17.325,178.525,0.0
2013-08-30T12:00:00Z,-17.325,178.575,0.0
2013-08-30T12:00:00Z,-17.325,178.625,0.0
2013-08-30T12:00:00Z,-17.375,178.375,0.0
2013-08-30T12:00:00Z,-17.375,178.425,0.0
2013-08-30T12:00:00Z,-17.375,178.475,0.0
2013-08-30T12:00:00Z,-17.375,178.525,0.0
2013-08-30T12:00:00Z,-17.375,178.575,0.0
2013-08-30T12:00:00Z,-17.375,178.625,0.0
2013-08-30T12:00:00Z,-17.425,178.375,0.0
2013-08-30T12:00:00Z,-17.425,178.425,0.0
2013-08-30T12:00:00Z,-17.425,178.475,0.0
2013-08-30T12:00:00Z,-17.425,178.525,0.0
2013-08-30T12:00:00Z,-17.425,178.575,0.0
2013-08-30T12:00:00Z,-17.425,178.625,0.0
2013-08-30T12:00:00Z,-17.475,178.375,0.0
2013-08-30T12:00:00Z,-17.475,178.425,0.0
2013-08-30T12:00:00Z,-17.475,178.475,0.0
2013-08-30T12:00:00Z,-17.475,178.525,0.0
2013-08-30T12:00:00Z,-17.475,178.575,0.0
2013-08-30T12:00:00Z,-17.475,178.625,0.0
2013-08-30T12:00:00Z,-17.525,178.375,0.0
2013-08-30T12:00:00Z,-17.525,178.425,0.0
2013-08-30T12:00:00Z,-17.525,178.475,0.0
2013-08-30T12:00:00Z,-17.525,178.525,0.0
2013-08-30T12:00:00Z,-17.525,178.575,0.0
2013-08-30T12:00:00Z,-17.525,178.625,0.0
2013-08-30T12:00:00Z,-17.575,178.375,0.0
2013-08-30T12:00:00Z,-17.575,178.425,0.0
2013-08-30T12:00:00Z,-17.575,178.475,0.0
2013-08-30T12:00:00Z,-17.575,178.525,0.0
2013-08-30T12:00:00Z,-17.575,178.575,0.0
2013-08-30T12:00:00Z,-17.575,178.625,0.0
2013-08-30T12:00:00Z,-17.625,178.375,NaN
2013-08-30T12:00:00Z,-17.625,178.425,NaN
2013-08-30T12:00:00Z,-17.625,178.475,NaN
2013-08-30T12:00:00Z,-17.625,178.525,0.0
2013-08-30T12:00:00Z,-17.625,178.575,0.0
2013-08-30T12:00:00Z,-17.625,178.625,0.0
2013-08-30T12:00:00Z,-17.675,178.375,NaN
2013-08-30T12:00:00Z,-17.675,178.425,NaN
2013-08-30T12:00:00Z,-17.675,178.475,NaN
2013-08-30T12:00:00Z,-17.675,178.525,NaN
2013-08-30T12:00:00Z,-17.675,178.575,0.0
2013-08-30T12:00:00Z,-17.675,178.625,0.0
2013-09-29T12:00:00Z,-17.325,178.375,0.0
2013-09-29T12:00:00Z,-17.325,178.425,0.0
2013-09-29T12:00:00Z,-17.325,178.475,0.0
2013-09-29T12:00:00Z,-17.325,178.525,0.0
2013-09-29T12:00:00Z,-17.325,178.575,0.0
2013-09-29T12:00:00Z,-17.325,178.625,0.0
2013-09-29T12:00:00Z,-17.375,178.375,0.0
2013-09-29T12:00:00Z,-17.375,178.425,0.0
2013-09-29T12:00:00Z,-17.375,178.475,0.0
2013-09-29T12:00:00Z,-17.375,178.525,0.0
2013-09-29T12:00:00Z,-17.375,178.575,0.0
2013-09-29T12:00:00Z,-17.375,178.625,0.0
2013-09-29T12:00:00Z,-17.425,178.375,0.0
2013-09-29T12:00:00Z,-17.425,178.425,0.0
2013-09-29T12:00:00Z,-17.425,178.475,0.0
2013-09-29T12:00:00Z,-17.425,178.525,0.0
2013-09-29T12:00:00Z,-17.425,178.575,0.0
2013-09-29T12:00:00Z,-17.425,178.625,0.0
2013-09-29T12:00:00Z,-17.475,178.375,0.0
2013-09-29T12:00:00Z,-17.475,178.425,0.0
2013-09-29T12:00:00Z,-17.475,178.475,0.0
2013-09-29T12:00:00Z,-17.475,178.525,0.0
2013-09-29T12:00:00Z,-17.475,178.575,0.0
2013-09-29T12:00:00Z,-17.475,178.625,0.0
2013-09-29T12:00:00Z,-17.525,178.375,0.0
2013-09-29T12:00:00Z,-17.525,178.425,0.0
2013-09-29T12:00:00Z,-17.525,178.475,0.0
2013-09-29T12:00:00Z,-17.525,178.525,0.0
2013-09-29T12:00:00Z,-17.525,178.575,0.0
2013-09-29T12:00:00Z,-17.525,178.625,0.0
2013-09-29T12:00:00Z,-17.575,178.375,0.0
2013-09-29T12:00:00Z,-17.575,178.425,0.0
2013-09-29T12:00:00Z,-17.575,178.475,0.0
2013-09-29T12:00:00Z,-17.575,178.525,0.0
2013-09-29T12:00:00Z,-17.575,178.575,0.0
2013-09-29T12:00:00Z,-17.575,178.625,0.0
2013-09-29T12:00:00Z,-17.625,178.375,NaN
2013-09-29T12:00:00Z,-17.625,178.425,NaN
2013-09-29T12:00:00Z,-17.625,178.475,NaN
2013-09-29T12:00:00Z,-17.625,178.525,0.0
2013-09-29T12:00:00Z,-17.625,178.575,0.0
2013-09-29T12:00:00Z,-17.625,178.625,0.0
2013-09-29T12:00:00Z,-17.675,178.375,NaN
2013-09-29T12:00:00Z,-17.675,178.425,NaN
2013-09-29T12:00:00Z,-17.675,178.475,NaN
2013-09-29T12:00:00Z,-17.675,178.525,NaN
2013-09-29T12:00:00Z,-17.675,178.575,0.0
2013-09-29T12:00:00Z,-17.675,178.625,0.0
2013-10-29T12:00:00Z,-17.325,178.375,0.0
2013-10-29T12:00:00Z,-17.325,178.425,0.0
2013-10-29T12:00:00Z,-17.325,178.475,0.0
2013-10-29T12:00:00Z,-17.325,178.525,0.0
2013-10-29T12:00:00Z,-17.325,178.575,0.0
2013-10-29T12:00:00Z,-17.325,178.625,0.0
2013-10-29T12:00:00Z,-17.375,178.375,0.0
2013-10-29T12:00:00Z,-17.375,178.425,0.0
2013-10-29T12:00:00Z,-17.375,178.475,0.0
2013-10-29T12:00:00Z,-17.375,178.525,0.0
2013-10-29T12:00:00Z,-17.375,178.575,0.0
2013-10-29T12:00:00Z,-17.375,178.625,0.0
2013-10-29T12:00:00Z,-17.425,178.375,0.0
2013-10-29T12:00:00Z,-17.425,178.425,0.0
2013-10-29T12:00:00Z,-17.425,178.475,0.0
2013-10-29T12:00:00Z,-17.425,178.525,0.0
2013-10-29T12:00:00Z,-17.425,178.575,0.0
2013-10-29T12:00:00Z,-17.425,178.625,0.0
2013-10-29T12:00:00Z,-17.475,178.375,0.0
2013-10-29T12:00:00Z,-17.475,178.425,0.0
2013-10-29T12:00:00Z,-17.475,178.475,0.0
2013-10-29T12:00:00Z,-17.475,178.525,0.0
2013-10-29T12:00:00Z,-17.475,178.575,0.0
2013-10-29T12:00:00Z,-17.475,178.625,0.0
2013-10-29T12:00:00Z,-17.525,178.375,0.0
2013-10-29T12:00:00Z,-17.525,178.425,0.0
2013-10-29T12:00:00Z,-17.525,178.475,0.0
2013-10-29T12:00:00Z,-17.525,178.525,0.0
2013-10-29T12:00:00Z,-17.525,178.575,0.0
2013-10-29T12:00:00Z,-17.525,178.625,0.0
2013-10-29T12:00:00Z,-17.575,178.375,0.0
2013-10-29T12:00:00Z,-17.575,178.425,0.0
2013-10-29T12:00:00Z,-17.575,178.475,0.0
2013-10-29T12:00:00Z,-17.575,178.525,0.0
2013-10-29T12:00:00Z,-17.575,178.575,0.0
2013-10-29T12:00:00Z,-17.575,178.625,0.0
2013-10-29T12:00:00Z,-17.625,178.375,NaN
2013-10-29T12:00:00Z,-17.625,178.425,NaN
2013-10-29T12:00:00Z,-17.625,178.475,NaN
2013-10-29T12:00:00Z,-17.625,178.525,0.0
2013-10-29T12:00:00Z,-17.625,178.575,0.0
2013-10-29T12:00:00Z,-17.625,178.625,0.0
2013-10-29T12:00:00Z,-17.675,178.375,NaN
2013-10-29T12:00:00Z,-17.675,178.425,NaN
2013-10-29T12:00:00Z,-17.675,178.475,NaN
2013-10-29T12:00:00Z,-17.675,178.525,NaN
2013-10-29T12:00:00Z,-17.675,178.575,0.0
2013-10-29T12:00:00Z,-17.675,178.625,0.0
2013-11-28T12:00:00Z,-17.325,178.375,0.0
2013-11-28T12:00:00Z,-17.325,178.425,0.0
2013-11-28T12:00:00Z,-17.325,178.475,0.0
2013-11-28T12:00:00Z,-17.325,178.525,0.0
2013-11-28T12:00:00Z,-17.325,178.575,0.0
2013-11-28T12:00:00Z,-17.325,178.625,0.0
2013-11-28T12:00:00Z,-17.375,178.375,0.0
2013-11-28T12:00:00Z,-17.375,178.425,0.0
2013-11-28T12:00:00Z,-17.375,178.475,0.0
2013-11-28T12:00:00Z,-17.375,178.525,0.0
2013-11-28T12:00:00Z,-17.375,178.575,0.0
2013-11-28T12:00:00Z,-17.375,178.625,0.0
2013-11-28T12:00:00Z,-17.425,178.375,0.0
2013-11-28T12:00:00Z,-17.425,178.425,0.0
2013-11-28T12:00:00Z,-17.425,178.475,0.0
2013-11-28T12:00:00Z,-17.425,178.525,0.0
2013-11-28T12:00:00Z,-17.425,178.575,0.0
2013-11-28T12:00:00Z,-17.425,178.625,0.0
2013-11-28T12:00:00Z,-17.475,178.375,0.0
2013-11-28T12:00:00Z,-17.475,178.425,0.0
2013-11-28T12:00:00Z,-17.475,178.475,0.0
2013-11-28T12:00:00Z,-17.475,178.525,0.0
2013-11-28T12:00:00Z,-17.475,178.575,0.0
2013-11-28T12:00:00Z,-17.475,178.625,0.0
2013-11-28T12:00:00Z,-17.525,178.375,0.0
2013-11-28T12:00:00Z,-17.525,178.425,0.0
2013-11-28T12:00:00Z,-17.525,178.475,0.0
2013-11-28T12:00:00Z,-17.525,178.525,0.0
2013-11-28T12:00:00Z,-17.525,178.575,0.0
2013-11-28T12:00:00Z,-17.525,178.625,0.0
2013-11-28T12:00:00Z,-17.575,178.375,0.0
2013-11-28T12:00:00Z,-17.575,178.425,0.0
2013-11-28T12:00:00Z,-17.575,178.475,0.0
2013-11-28T12:00:00Z,-17.575,178.525,0.0
2013-11-28T12:00:00Z,-17.575,178.575,0.0
2013-11-28T12:00:00Z,-17.575,178.625,0.0
2013-11-28T12:00:00Z,-17.625,178.375,NaN
2013-11-28T12:00:00Z,-17.625,178.425,NaN
2013-11-28T12:00:00Z,-17.625,178.475,NaN
2013-11-28T12:00:00Z,-17.625,178.525,0.0
2013-11-28T12:00:00Z,-17.625,178.575,0.0
2013-11-28T12:00:00Z,-17.625,178.625,0.0
2013-11-28T12:00:00Z,-17.675,178.375,NaN
2013-11-28T12:00:00Z,-17.675,178.425,NaN
2013-11-28T12:00:00Z,-17.675,178.475,NaN
2013-11-28T12:00:00Z,-17.675,178.525,NaN
2013-11-28T12:00:00Z,-17.675,178.575,0.0
2013-11-28T12:00:00Z,-17.675,178.625,0.0
2013-12-28T12:00:00Z,-17.325,178.375,0.0
2013-12-28T12:00:00Z,-17.325,178.425,0.0
2013-12-28T12:00:00Z,-17.325,178.475,0.0
2013-12-28T12:00:00Z,-17.325,178.525,0.0
2013-12-28T12:00:00Z,-17.325,178.575,0.0
2013-12-28T12:00:00Z,-17.325,178.625,0.0
2013-12-28T12:00:00Z,-17.375,178.375,0.0
2013-12-28T12:00:00Z,-17.375,178.425,0.0
2013-12-28T12:00:00Z,-17.375,178.475,0.0
2013-12-28T12:00:00Z,-17.375,178.525,0.0
2013-12-28T12:00:00Z,-17.375,178.575,0.0
2013-12-28T12:00:00Z,-17.375,178.625,0.0
2013-12-28T12:00:00Z,-17.425,178.375,0.0
2013-12-28T12:00:00Z,-17.425,178.425,0.0
2013-12-28T12:00:00Z,-17.425,178.475,0.0
2013-12-28T12:00:00Z,-17.425,178.525,0.0
2013-12-28T12:00:00Z,-17.425,178.575,0.0
2013-12-28T12:00:00Z,-17.425,178.625,0.0
2013-12-28T12:00:00Z,-17.475,178.375,0.0
2013-12-28T12:00:00Z,-17.475,178.425,0.0
2013-12-28T12:00:00Z,-17.475,178.475,0.0
2013-12-28T12:00:00Z,-17.475,178.525,0.0
2013-12-28T12:00:00Z,-17.475,178.575,0.0
2013-12-28T12:00:00Z,-17.475,178.625,0.0
2013-12-28T12:00:00Z,-17.525,178.375,0.0
2013-12-28T12:00:00Z,-17.525,178.425,0.0
2013-12-28T12:00:00Z,-17.525,178.475,0.0
2013-12-28T12:00:00Z,-17.525,178.525,0.0
2013-12-28T12:00:00Z,-17.525,178.575,0.0
2013-12-28T12:00:00Z,-17.525,178.625,0.0
2013-12-28T12:00:00Z,-17.575,178.375,0.0
2013-12-28T12:00:00Z,-17.575,178.425,0.0
2013-12-28T12:00:00Z,-17.575,178.475,0.0
2013-12-28T12:00:00Z,-17.575,178.525,0.0
2013-12-28T12:00:00Z,-17.575,178.575,0.0
2013-12-28T12:00:00Z,-17.575,178.625,0.0
2013-12-28T12:00:00Z,-17.625,178.375,NaN
2013-12-28T12:00:00Z,-17.625,178.425,NaN
2013-12-28T12:00:00Z,-17.625,178.475,NaN
2013-12-28T12:00:00Z,-17.625,178.525,0.0
2013-12-28T12:00:00Z,-17.625,178.575,0.0
2013-12-28T12:00:00Z,-17.625,178.625,0.0
2013-12-28T12:00:00Z,-17.675,178.375,NaN
2013-12-28T12:00:00Z,-17.675,178.425,NaN
2013-12-28T12:00:00Z,-17.675,178.475,NaN
2013-12-28T12:00:00Z,-17.675,178.525,NaN
2013-12-28T12:00:00Z,-17.675,178.575,0.0
2013-12-28T12:00:00Z,-17.675,178.625,0.0
2014-01-27T12:00:00Z,-17.325,178.375,1.85
2014-01-27T12:00:00Z,-17.325,178.425,1.83
2014-01-27T12:00:00Z,-17.325,178.475,1.81
2014-01-27T12:00:00Z,-17.325,178.525,1.8
2014-01-27T12:00:00Z,-17.325,178.575,1.79
2014-01-27T12:00:00Z,-17.325,178.625,1.79
2014-01-27T12:00:00Z,-17.375,178.375,1.81
2014-01-27T12:00:00Z,-17.375,178.425,1.6500000000000001
2014-01-27T12:00:00Z,-17.375,178.475,1.6400000000000001
2014-01-27T12:00:00Z,-17.375,178.525,1.6400000000000001
2014-01-27T12:00:00Z,-17.375,178.575,1.6400000000000001
2014-01-27T12:00:00Z,-17.375,178.625,1.79
2014-01-27T12:00:00Z,-17.425,178.375,1.78
2014-01-27T12:00:00Z,-17.425,178.425,1.6300000000000001
2014-01-27T12:00:00Z,-17.425,178.475,1.6300000000000001
2014-01-27T12:00:00Z,-17.425,178.525,1.62
2014-01-27T12:00:00Z,-17.425,178.575,1.6400000000000001
2014-01-27T12:00:00Z,-17.425,178.625,1.81
2014-01-27T12:00:00Z,-17.475,178.375,1.8
2014-01-27T12:00:00Z,-17.475,178.425,1.6600000000000001
2014-01-27T12:00:00Z,-17.475,178.475,1.6500000000000001
2014-01-27T12:00:00Z,-17.475,178.525,1.6500000000000001
2014-01-27T12:00:00Z,-17.475,178.575,1.67
2014-01-27T12:00:00Z,-17.475,178.625,1.82
2014-01-27T12:00:00Z,-17.525,178.375,1.84
2014-01-27T12:00:00Z,-17.525,178.425,1.83
2014-01-27T12:00:00Z,-17.525,178.475,1.68
2014-01-27T12:00:00Z,-17.525,178.525,1.69
2014-01-27T12:00:00Z,-17.525,178.575,1.7
2014-01-27T12:00:00Z,-17.525,178.625,1.86
2014-01-27T12:00:00Z,-17.575,178.375,1.87
2014-01-27T12:00:00Z,-17.575,178.425,1.86
2014-01-27T12:00:00Z,-17.575,178.475,1.72
2014-01-27T12:00:00Z,-17.575,178.525,1.73
2014-01-27T12:00:00Z,-17.575,178.575,1.8800000000000001
2014-01-27T12:00:00Z,-17.575,178.625,1.8900000000000001
2014-01-27T12:00:00Z,-17.625,178.375,NaN
2014-01-27T12:00:00Z,-17.625,178.425,NaN
2014-01-27T12:00:00Z,-17.625,178.475,NaN
2014-01-27T12:00:00Z,-17.625,178.525,1.92
2014-01-27T12:00:00Z,-17.625,178.575,1.93
2014-01-27T12:00:00Z,-17.625,178.625,1.92
2014-01-27T12:00:00Z,-17.675,178.375,NaN
2014-01-27T12:00:00Z,-17.675,178.425,NaN
2014-01-27T12:00:00Z,-17.675,178.475,NaN
2014-01-27T12:00:00Z,-17.675,178.525,NaN
2014-01-27T12:00:00Z,-17.675,178.575,1.96
2014-01-27T12:00:00Z,-17.675,178.625,1.96
2014-02-26T12:00:00Z,-17.325,178.375,4.2700000000000005
2014-02-26T12:00:00Z,-17.325,178.425,4.25
2014-02-26T12:00:00Z,-17.325,178.475,4.54
2014-02-26T12:00:00Z,-17.325,178.525,4.5600000000000005
2014-02-26T12:00:00Z,-17.325,178.575,4.59
2014-02-26T12:00:00Z,-17.325,178.625,4.6000000000000005
2014-02-26T12:00:00Z,-17.375,178.375,4.08
2014-02-26T12:00:00Z,-17.375,178.425,4.07
2014-02-26T12:00:00Z,-17.375,178.475,4.09
2014-02-26T12:00:00Z,-17.375,178.525,4.4
2014-02-26T12:00:00Z,-17.375,178.575,4.13
2014-02-26T12:00:00Z,-17.375,178.625,4.59
2014-02-26T12:00:00Z,-17.425,178.375,3.63
2014-02-26T12:00:00Z,-17.425,178.425,3.77
2014-02-26T12:00:00Z,-17.425,178.475,3.94
2014-02-26T12:00:00Z,-17.425,178.525,3.94
2014-02-26T12:00:00Z,-17.425,178.575,3.98
2014-02-26T12:00:00Z,-17.425,178.625,4.3100000000000005
2014-02-26T12:00:00Z,-17.475,178.375,3.7
2014-02-26T12:00:00Z,-17.475,178.425,3.5700000000000003
2014-02-26T12:00:00Z,-17.475,178.475,3.56
2014-02-26T12:00:00Z,-17.475,178.525,3.83
2014-02-26T12:00:00Z,-17.475,178.575,4.01
2014-02-26T12:00:00Z,-17.475,178.625,4.0200000000000005
2014-02-26T12:00:00Z,-17.525,178.375,3.79
2014-02-26T12:00:00Z,-17.525,178.425,3.79
2014-02-26T12:00:00Z,-17.525,178.475,3.63
2014-02-26T12:00:00Z,-17.525,178.525,3.93
2014-02-26T12:00:00Z,-17.525,178.575,3.91
2014-02-26T12:00:00Z,-17.525,178.625,4.0600000000000005
2014-02-26T12:00:00Z,-17.575,178.375,3.86
2014-02-26T12:00:00Z,-17.575,178.425,3.84
2014-02-26T12:00:00Z,-17.575,178.475,3.69
2014-02-26T12:00:00Z,-17.575,178.525,3.84
2014-02-26T12:00:00Z,-17.575,178.575,4.12
2014-02-26T12:00:00Z,-17.575,178.625,4.25
2014-02-26T12:00:00Z,-17.625,178.375,NaN
2014-02-26T12:00:00Z,-17.625,178.425,NaN
2014-02-26T12:00:00Z,-17.625,178.475,NaN
2014-02-26T12:00:00Z,-17.625,178.525,4.19
2014-02-26T12:00:00Z,-17.625,178.575,4.33
2014-02-26T12:00:00Z,-17.625,178.625,4.3100000000000005
2014-02-26T12:00:00Z,-17.675,178.375,NaN
2014-02-26T12:00:00Z,-17.675,178.425,NaN
2014-02-26T12:00:00Z,-17.675,178.475,NaN
2014-02-26T12:00:00Z,-17.675,178.525,NaN
2014-02-26T12:00:00Z,-17.675,178.575,4.53
2014-02-26T12:00:00Z,-17.675,178.625,4.65
2014-03-28T12:00:00Z,-17.325,178.375,5.78
2014-03-28T12:00:00Z,-17.325,178.425,5.76
2014-03-28T12:00:00Z,-17.325,178.475,6.05
2014-03-28T12:00:00Z,-17.325,178.525,6.07
2014-03-28T12:00:00Z,-17.325,178.575,6.12
2014-03-28T12:00:00Z,-17.325,178.625,6.15
2014-03-28T12:00:00Z,-17.375,178.375,5.58
2014-03-28T12:00:00Z,-17.375,178.425,5.5600000000000005
2014-03-28T12:00:00Z,-17.375,178.475,5.58
2014-03-28T12:00:00Z,-17.375,178.525,5.91
2014-03-28T12:00:00Z,-17.375,178.575,5.64
2014-03-28T12:00:00Z,-17.375,178.625,6.13
2014-03-28T12:00:00Z,-17.425,178.375,4.95
2014-03-28T12:00:00Z,-17.425,178.425,5.09
2014-03-28T12:00:00Z,-17.425,178.475,5.26
2014-03-28T12:00:00Z,-17.425,178.525,5.26
2014-03-28T12:00:00Z,-17.425,178.575,5.33
2014-03-28T12:00:00Z,-17.425,178.625,5.84
2014-03-28T12:00:00Z,-17.475,178.375,5.0
2014-03-28T12:00:00Z,-17.475,178.425,4.87
2014-03-28T12:00:00Z,-17.475,178.475,4.86
2014-03-28T12:00:00Z,-17.475,178.525,5.14
2014-03-28T12:00:00Z,-17.475,178.575,5.3500000000000005
2014-03-28T12:00:00Z,-17.475,178.625,5.38
2014-03-28T12:00:00Z,-17.525,178.375,5.07
2014-03-28T12:00:00Z,-17.525,178.425,5.0600000000000005
2014-03-28T12:00:00Z,-17.525,178.475,4.91
2014-03-28T12:00:00Z,-17.525,178.525,5.23
2014-03-28T12:00:00Z,-17.525,178.575,5.24
2014-03-28T12:00:00Z,-17.525,178.625,5.42
2014-03-28T12:00:00Z,-17.575,178.375,5.13
2014-03-28T12:00:00Z,-17.575,178.425,4.95
2014-03-28T12:00:00Z,-17.575,178.475,4.95
2014-03-28T12:00:00Z,-17.575,178.525,5.14
2014-03-28T12:00:00Z,-17.575,178.575,5.44
2014-03-28T12:00:00Z,-17.575,178.625,5.6000000000000005
2014-03-28T12:00:00Z,-17.625,178.375,NaN
2014-03-28T12:00:00Z,-17.625,178.425,NaN
2014-03-28T12:00:00Z,-17.625,178.475,NaN
2014-03-28T12:00:00Z,-17.625,178.525,5.47
2014-03-28T12:00:00Z,-17.625,178.575,5.63
2014-03-28T12:00:00Z,-17.625,178.625,5.65
2014-03-28T12:00:00Z,-17.675,178.375,NaN
2014-03-28T12:00:00Z,-17.675,178.425,NaN
2014-03-28T12:00:00Z,-17.675,178.475,NaN
2014-03-28T12:00:00Z,-17.675,178.525,NaN
2014-03-28T12:00:00Z,-17.675,178.575,5.83
2014-03-28T12:00:00Z,-17.675,178.625,5.99
2014-04-27T12:00:00Z,-17.325,178.375,3.77
2014-04-27T12:00:00Z,-17.325,178.425,3.77
2014-04-27T12:00:00Z,-17.325,178.475,4.08
2014-04-27T12:00:00Z,-17.325,178.525,4.12
2014-04-27T12:00:00Z,-17.325,178.575,4.17
2014-04-27T12:00:00Z,-17.325,178.625,4.2
2014-04-27T12:00:00Z,-17.375,178.375,3.6
2014-04-27T12:00:00Z,-17.375,178.425,3.75
2014-04-27T12:00:00Z,-17.375,178.475,3.7800000000000002
2014-04-27T12:00:00Z,-17.375,178.525,4.11
2014-04-27T12:00:00Z,-17.375,178.575,3.84
2014-04-27T12:00:00Z,-17.375,178.625,4.17
2014-04-27T12:00:00Z,-17.425,178.375,3.0100000000000002
2014-04-27T12:00:00Z,-17.425,178.425,3.31
2014-04-27T12:00:00Z,-17.425,178.475,3.47
2014-04-27T12:00:00Z,-17.425,178.525,3.48
2014-04-27T12:00:00Z,-17.425,178.575,3.5300000000000002
2014-04-27T12:00:00Z,-17.425,178.625,3.87
2014-04-27T12:00:00Z,-17.475,178.375,3.04
2014-04-27T12:00:00Z,-17.475,178.425,3.06
2014-04-27T12:00:00Z,-17.475,178.475,3.0500000000000003
2014-04-27T12:00:00Z,-17.475,178.525,3.34
2014-04-27T12:00:00Z,-17.475,178.575,3.52
2014-04-27T12:00:00Z,-17.475,178.625,3.4
2014-04-27T12:00:00Z,-17.525,178.375,3.0700000000000003
2014-04-27T12:00:00Z,-17.525,178.425,3.0700000000000003
2014-04-27T12:00:00Z,-17.525,178.475,3.0700000000000003
2014-04-27T12:00:00Z,-17.525,178.525,3.38
2014-04-27T12:00:00Z,-17.525,178.575,3.38
2014-04-27T12:00:00Z,-17.525,178.625,3.4
2014-04-27T12:00:00Z,-17.575,178.375,3.1
2014-04-27T12:00:00Z,-17.575,178.425,2.93
2014-04-27T12:00:00Z,-17.575,178.475,3.0700000000000003
2014-04-27T12:00:00Z,-17.575,178.525,3.24
2014-04-27T12:00:00Z,-17.575,178.575,3.39
2014-04-27T12:00:00Z,-17.575,178.625,3.5500000000000003
2014-04-27T12:00:00Z,-17.625,178.375,NaN
2014-04-27T12:00:00Z,-17.625,178.425,NaN
2014-04-27T12:00:00Z,-17.625,178.475,NaN
2014-04-27T12:00:00Z,-17.625,178.525,3.39
2014-04-27T12:00:00Z,-17.625,178.575,3.54
2014-04-27T12:00:00Z,-17.625,178.625,3.56
2014-04-27T12:00:00Z,-17.675,178.375,NaN
2014-04-27T12:00:00Z,-17.675,178.425,NaN
2014-04-27T12:00:00Z,-17.675,178.475,NaN
2014-04-27T12:00:00Z,-17.675,178.525,NaN
2014-04-27T12:00:00Z,-17.675,178.575,3.7
2014-04-27T12:00:00Z,-17.675,178.625,3.86
2014-05-27T12:00:00Z,-17.325,178.375,1.52
2014-05-27T12:00:00Z,-17.325,178.425,1.51
2014-05-27T12:00:00Z,-17.325,178.475,1.51
2014-05-27T12:00:00Z,-17.325,178.525,1.51
2014-05-27T12:00:00Z,-17.325,178.575,1.52
2014-05-27T12:00:00Z,-17.325,178.625,1.55
2014-05-27T12:00:00Z,-17.375,178.375,1.49
2014-05-27T12:00:00Z,-17.375,178.425,1.49
2014-05-27T12:00:00Z,-17.375,178.475,1.49
2014-05-27T12:00:00Z,-17.375,178.525,1.5
2014-05-27T12:00:00Z,-17.375,178.575,1.5
2014-05-27T12:00:00Z,-17.375,178.625,1.54
2014-05-27T12:00:00Z,-17.425,178.375,1.32
2014-05-27T12:00:00Z,-17.425,178.425,1.32
2014-05-27T12:00:00Z,-17.425,178.475,1.32
2014-05-27T12:00:00Z,-17.425,178.525,1.33
2014-05-27T12:00:00Z,-17.425,178.575,1.35
2014-05-27T12:00:00Z,-17.425,178.625,1.53
2014-05-27T12:00:00Z,-17.475,178.375,1.3
2014-05-27T12:00:00Z,-17.475,178.425,1.3
2014-05-27T12:00:00Z,-17.475,178.475,1.3
2014-05-27T12:00:00Z,-17.475,178.525,1.31
2014-05-27T12:00:00Z,-17.475,178.575,1.34
2014-05-27T12:00:00Z,-17.475,178.625,1.36
2014-05-27T12:00:00Z,-17.525,178.375,1.28
2014-05-27T12:00:00Z,-17.525,178.425,1.27
2014-05-27T12:00:00Z,-17.525,178.475,1.28
2014-05-27T12:00:00Z,-17.525,178.525,1.3
2014-05-27T12:00:00Z,-17.525,178.575,1.33
2014-05-27T12:00:00Z,-17.525,178.625,1.36
2014-05-27T12:00:00Z,-17.575,178.375,1.27
2014-05-27T12:00:00Z,-17.575,178.425,1.12
2014-05-27T12:00:00Z,-17.575,178.475,1.26
2014-05-27T12:00:00Z,-17.575,178.525,1.29
2014-05-27T12:00:00Z,-17.575,178.575,1.32
2014-05-27T12:00:00Z,-17.575,178.625,1.35
2014-05-27T12:00:00Z,-17.625,178.375,NaN
2014-05-27T12:00:00Z,-17.625,178.425,NaN
2014-05-27T12:00:00Z,-17.625,178.475,NaN
2014-05-27T12:00:00Z,-17.625,178.525,1.28
2014-05-27T12:00:00Z,-17.625,178.575,1.31
2014-05-27T12:00:00Z,-17.625,178.625,1.34
2014-05-27T12:00:00Z,-17.675,178.375,NaN
2014-05-27T12:00:00Z,-17.675,178.425,NaN
2014-05-27T12:00:00Z,-17.675,178.475,NaN
2014-05-27T12:00:00Z,-17.675,178.525,NaN
2014-05-27T12:00:00Z,-17.675,178.575,1.3
2014-05-27T12:00:00Z,-17.675,178.625,1.33
2014-06-26T12:00:00Z,-17.325,178.375,0.0
2014-06-26T12:00:00Z,-17.325,178.425,0.0
2014-06-26T12:00:00Z,-17.325,178.475,0.0
2014-06-26T12:00:00Z,-17.325,178.525,0.0
2014-06-26T12:00:00Z,-17.325,178.575,0.0
2014-06-26T12:00:00Z,-17.325,178.625,0.0
2014-06-26T12:00:00Z,-17.375,178.375,0.0
2014-06-26T12:00:00Z,-17.375,178.425,0.0
2014-06-26T12:00:00Z,-17.375,178.475,0.0
2014-06-26T12:00:00Z,-17.375,178.525,0.0
2014-06-26T12:00:00Z,-17.375,178.575,0.0
2014-06-26T12:00:00Z,-17.375,178.625,0.0
2014-06-26T12:00:00Z,-17.425,178.375,0.0
2014-06-26T12:00:00Z,-17.425,178.425,0.0
2014-06-26T12:00:00Z,-17.425,178.475,0.0
2014-06-26T12:00:00Z,-17.425,178.525,0.0
2014-06-26T12:00:00Z,-17.425,178.575,0.0
2014-06-26T12:00:00Z,-17.425,178.625,0.0
2014-06-26T12:00:00Z,-17.475,178.375,0.0
2014-06-26T12:00:00Z,-17.475,178.425,0.0
2014-06-26T12:00:00Z,-17.475,178.475,0.0
2014-06-26T12:00:00Z,-17.475,178.525,0.0
2014-06-26T12:00:00Z,-17.475,178.575,0.0
2014-06-26T12:00:00Z,-17.475,178.625,0.0
2014-06-26T12:00:00Z,-17.525,178.375,0.0
2014-06-26T12:00:00Z,-17.525,178.425,0.0
2014-06-26T12:00:00Z,-17.525,178.475,0.0
2014-06-26T12:00:00Z,-17.525,178.525,0.0
2014-06-26T12:00:00Z,-17.525,178.575,0.0
2014-06-26T12:00:00Z,-17.525,178.625,0.0
2014-06-26T12:00:00Z,-17.575,178.375,0.0
2014-06-26T12:00:00Z,-17.575,178.425,0.0
2014-06-26T12:00:00Z,-17.575,178.475,0.0
2014-06-26T12:00:00Z,-17.575,178.525,0.0
2014-06-26T12:00:00Z,-17.575,178.575,0.0
2014-06-26T12:00:00Z,-17.575,178.625,0.0
2014-06-26T12:00:00Z,-17.625,178.375,NaN
2014-06-26T12:00:00Z,-17.625,178.425,NaN
2014-06-26T12:00:00Z,-17.625,178.475,NaN
2014-06-26T12:00:00Z,-17.625,178.525,0.0
2014-06-26T12:00:00Z,-17.625,178.575,0.0
2014-06-26T12:00:00Z,-17.625,178.625,0.0
2014-06-26T12:00:00Z,-17.675,178.375,NaN
2014-06-26T12:00:00Z,-17.675,178.425,NaN
2014-06-26T12:00:00Z,-17.675,178.475,NaN
2014-06-26T12:00:00Z,-17.675,178.525,NaN
2014-06-26T12:00:00Z,-17.675,178.575,0.0
2014-06-26T12:00:00Z,-17.675,178.625,0.0
2014-07-26T12:00:00Z,-17.325,178.375,0.0
2014-07-26T12:00:00Z,-17.325,178.425,0.0
2014-07-26T12:00:00Z,-17.325,178.475,0.0
2014-07-26T12:00:00Z,-17.325,178.525,0.0
2014-07-26T12:00:00Z,-17.325,178.575,0.0
2014-07-26T12:00:00Z,-17.325,178.625,0.0
2014-07-26T12:00:00Z,-17.375,178.375,0.0
2014-07-26T12:00:00Z,-17.375,178.425,0.0
2014-07-26T12:00:00Z,-17.375,178.475,0.0
2014-07-26T12:00:00Z,-17.375,178.525,0.0
2014-07-26T12:00:00Z,-17.375,178.575,0.0
2014-07-26T12:00:00Z,-17.375,178.625,0.0
2014-07-26T12:00:00Z,-17.425,178.375,0.0
2014-07-26T12:00:00Z,-17.425,178.425,0.0
2014-07-26T12:00:00Z,-17.425,178.475,0.0
2014-07-26T12:00:00Z,-17.425,178.525,0.0
2014-07-26T12:00:00Z,-17.425,178.575,0.0
2014-07-26T12:00:00Z,-17.425,178.625,0.0
2014-07-26T12:00:00Z,-17.475,178.375,0.0
2014-07-26T12:00:00Z,-17.475,178.425,0.0
2014-07-26T12:00:00Z,-17.475,178.475,0.0
2014-07-26T12:00:00Z,-17.475,178.525,0.0
2014-07-26T12:00:00Z,-17.475,178.575,0.0
2014-07-26T12:00:00Z,-17.475,178.625,0.0
2014-07-26T12:00:00Z,-17.525,178.375,0.0
2014-07-26T12:00:00Z,-17.525,178.425,0.0
2014-07-26T12:00:00Z,-17.525,178.475,0.0
2014-07-26T12:00:00Z,-17.525,178.525,0.0
2014-07-26T12:00:00Z,-17.525,178.575,0.0
2014-07-26T12:00:00Z,-17.525,178.625,0.0
2014-07-26T12:00:00Z,-17.575,178.375,0.0
2014-07-26T12:00:00Z,-17.575,178.425,0.0
2014-07-26T12:00:00Z,-17.575,178.475,0.0
2014-07-26T12:00:00Z,-17.575,178.525,0.0
2014-07-26T12:00:00Z,-17.575,178.575,0.0
2014-07-26T12:00:00Z,-17.575,178.625,0.0
2014-07-26T12:00:00Z,-17.625,178.375,NaN
2014-07-26T12:00:00Z,-17.625,178.425,NaN
2014-07-26T12:00:00Z,-17.625,178.475,NaN
2014-07-26T12:00:00Z,-17.625,178.525,0.0
2014-07-26T12:00:00Z,-17.625,178.575,0.0
2014-07-26T12:00:00Z,-17.625,178.625,0.0
2014-07-26T12:00:00Z,-17.675,178.375,NaN
2014-07-26T12:00:00Z,-17.675,178.425,NaN
2014-07-26T12:00:00Z,-17.675,178.475,NaN
2014-07-26T12:00:00Z,-17.675,178.525,NaN
2014-07-26T12:00:00Z,-17.675,178.575,0.0
2014-07-26T12:00:00Z,-17.675,178.625,0.0
2014-08-25T12:00:00Z,-17.325,178.375,0.0
2014-08-25T12:00:00Z,-17.325,178.425,0.0
2014-08-25T12:00:00Z,-17.325,178.475,0.0
2014-08-25T12:00:00Z,-17.325,178.525,0.0
2014-08-25T12:00:00Z,-17.325,178.575,0.0
2014-08-25T12:00:00Z,-17.325,178.625,0.0
2014-08-25T12:00:00Z,-17.375,178.375,0.0
2014-08-25T12:00:00Z,-17.375,178.425,0.0
2014-08-25T12:00:00Z,-17.375,178.475,0.0
2014-08-25T12:00:00Z,-17.375,178.525,0.0
2014-08-25T12:00:00Z,-17.375,178.575,0.0
2014-08-25T12:00:00Z,-17.375,178.625,0.0
2014-08-25T12:00:00Z,-17.425,178.375,0.0
2014-08-25T12:00:00Z,-17.425,178.425,0.0
2014-08-25T12:00:00Z,-17.425,178.475,0.0
2014-08-25T12:00:00Z,-17.425,178.525,0.0
2014-08-25T12:00:00Z,-17.425,178.575,0.0
2014-08-25T12:00:00Z,-17.425,178.625,0.0
2014-08-25T12:00:00Z,-17.475,178.375,0.0
2014-08-25T12:00:00Z,-17.475,178.425,0.0
2014-08-25T12:00:00Z,-17.475,178.475,0.0
2014-08-25T12:00:00Z,-17.475,178.525,0.0
2014-08-25T12:00:00Z,-17.475,178.575,0.0
2014-08-25T12:00:00Z,-17.475,178.625,0.0
2014-08-25T12:00:00Z,-17.525,178.375,0.0
2014-08-25T12:00:00Z,-17.525,178.425,0.0
2014-08-25T12:00:00Z,-17.525,178.475,0.0
2014-08-25T12:00:00Z,-17.525,178.525,0.0
2014-08-25T12:00:00Z,-17.525,178.575,0.0
2014-08-25T12:00:00Z,-17.525,178.625,0.0
2014-08-25T12:00:00Z,-17.575,178.375,0.0
2014-08-25T12:00:00Z,-17.575,178.425,0.0
2014-08-25T12:00:00Z,-17.575,178.475,0.0
2014-08-25T12:00:00Z,-17.575,178.525,0.0
2014-08-25T12:00:00Z,-17.575,178.575,0.0
2014-08-25T12:00:00Z,-17.575,178.625,0.0
2014-08-25T12:00:00Z,-17.625,178.375,NaN
2014-08-25T12:00:00Z,-17.625,178.425,NaN
2014-08-25T12:00:00Z,-17.625,178.475,NaN
2014-08-25T12:00:00Z,-17.625,178.525,0.0
2014-08-25T12:00:00Z,-17.625,178.575,0.0
2014-08-25T12:00:00Z,-17.625,178.625,0.0
2014-08-25T12:00:00Z,-17.675,178.375,NaN
2014-08-25T12:00:00Z,-17.675,178.425,NaN
2014-08-25T12:00:00Z,-17.675,178.475,NaN
2014-08-25T12:00:00Z,-17.675,178.525,NaN
2014-08-25T12:00:00Z,-17.675,178.575,0.0
2014-08-25T12:00:00Z,-17.675,178.625,0.0
2014-09-24T12:00:00Z,-17.325,178.375,0.0
2014-09-24T12:00:00Z,-17.325,178.425,0.0
2014-09-24T12:00:00Z,-17.325,178.475,0.0
2014-09-24T12:00:00Z,-17.325,178.525,0.0
2014-09-24T12:00:00Z,-17.325,178.575,0.0
2014-09-24T12:00:00Z,-17.325,178.625,0.0
2014-09-24T12:00:00Z,-17.375,178.375,0.0
2014-09-24T12:00:00Z,-17.375,178.425,0.0
2014-09-24T12:00:00Z,-17.375,178.475,0.0
2014-09-24T12:00:00Z,-17.375,178.525,0.0
2014-09-24T12:00:00Z,-17.375,178.575,0.0
2014-09-24T12:00:00Z,-17.375,178.625,0.0
2014-09-24T12:00:00Z,-17.425,178.375,0.0
2014-09-24T12:00:00Z,-17.425,178.425,0.0
2014-09-24T12:00:00Z,-17.425,178.475,0.0
2014-09-24T12:00:00Z,-17.425,178.525,0.0
2014-09-24T12:00:00Z,-17.425,178.575,0.0
2014-09-24T12:00:00Z,-17.425,178.625,0.0
2014-09-24T12:00:00Z,-17.475,178.375,0.0
2014-09-24T12:00:00Z,-17.475,178.425,0.0
2014-09-24T12:00:00Z,-17.475,178.475,0.0
2014-09-24T12:00:00Z,-17.475,178.525,0.0
2014-09-24T12:00:00Z,-17.475,178.575,0.0
2014-09-24T12:00:00Z,-17.475,178.625,0.0
2014-09-24T12:00:00Z,-17.525,178.375,0.0
2014-09-24T12:00:00Z,-17.525,178.425,0.0
2014-09-24T12:00:00Z,-17.525,178.475,0.0
2014-09-24T12:00:00Z,-17.525,178.525,0.0
2014-09-24T12:00:00Z,-17.525,178.575,0.0
2014-09-24T12:00:00Z,-17.525,178.625,0.0
2014-09-24T12:00:00Z,-17.575,178.375,0.0
2014-09-24T12:00:00Z,-17.575,178.425,0.0
2014-09-24T12:00:00Z,-17.575,178.475,0.0
2014-09-24T12:00:00Z,-17.575,178.525,0.0
2014-09-24T12:00:00Z,-17.575,178.575,0.0
2014-09-24T12:00:00Z,-17.575,178.625,0.0
2014-09-24T12:00:00Z,-17.625,178.375,NaN
2014-09-24T12:00:00Z,-17.625,178.425,NaN
2014-09-24T12:00:00Z,-17.625,178.475,NaN
2014-09-24T12:00:00Z,-17.625,178.525,0.0
2014-09-24T12:00:00Z,-17.625,178.575,0.0
2014-09-24T12:00:00Z,-17.625,178.625,0.0
2014-09-24T12:00:00Z,-17.675,178.375,NaN
2014-09-24T12:00:00Z,-17.675,178.425,NaN
2014-09-24T12:00:00Z,-17.675,178.475,NaN
2014-09-24T12:00:00Z,-17.675,178.525,NaN
2014-09-24T12:00:00Z,-17.675,178.575,0.0
2014-09-24T12:00:00Z,-17.675,178.625,0.0
2014-10-24T12:00:00Z,-17.325,178.375,0.0
2014-10-24T12:00:00Z,-17.325,178.425,0.0
2014-10-24T12:00:00Z,-17.325,178.475,0.0
2014-10-24T12:00:00Z,-17.325,178.525,0.0
2014-10-24T12:00:00Z,-17.325,178.575,0.0
2014-10-24T12:00:00Z,-17.325,178.625,0.0
2014-10-24T12:00:00Z,-17.375,178.375,0.0
2014-10-24T12:00:00Z,-17.375,178.425,0.0
2014-10-24T12:00:00Z,-17.375,178.475,0.0
2014-10-24T12:00:00Z,-17.375,178.525,0.0
2014-10-24T12:00:00Z,-17.375,178.575,0.0
2014-10-24T12:00:00Z,-17.375,178.625,0.0
2014-10-24T12:00:00Z,-17.425,178.375,0.0
2014-10-24T12:00:00Z,-17.425,178.425,0.0
2014-10-24T12:00:00Z,-17.425,178.475,0.0
2014-10-24T12:00:00Z,-17.425,178.525,0.0
2014-10-24T12:00:00Z,-17.425,178.575,0.0
2014-10-24T12:00:00Z,-17.425,178.625,0.0
2014-10-24T12:00:00Z,-17.475,178.375,0.0
2014-10-24T12:00:00Z,-17.475,178.425,0.0
2014-10-24T12:00:00Z,-17.475,178.475,0.0
2014-10-24T12:00:00Z,-17.475,178.525,0.0
2014-10-24T12:00:00Z,-17.475,178.575,0.0
2014-10-24T12:00:00Z,-17.475,178.625,0.0
2014-10-24T12:00:00Z,-17.525,178.375,0.0
2014-10-24T12:00:00Z,-17.525,178.425,0.0
2014-10-24T12:00:00Z,-17.525,178.475,0.0
2014-10-24T12:00:00Z,-17.525,178.525,0.0
2014-10-24T12:00:00Z,-17.525,178.575,0.0
2014-10-24T12:00:00Z,-17.525,178.625,0.0
2014-10-24T12:00:00Z,-17.575,178.375,0.0
2014-10-24T12:00:00Z,-17.575,178.425,0.0
2014-10-24T12:00:00Z,-17.575,178.475,0.0
2014-10-24T12:00:00Z,-17.575,178.525,0.0
2014-10-24T12:00:00Z,-17.575,178.575,0.0
2014-10-24T12:00:00Z,-17.575,178.625,0.0
2014-10-24T12:00:00Z,-17.625,178.375,NaN
2014-10-24T12:00:00Z,-17.625,178.425,NaN
2014-10-24T12:00:00Z,-17.625,178.475,NaN
2014-10-24T12:00:00Z,-17.625,178.525,0.0
2014-10-24T12:00:00Z,-17.625,178.575,0.0
2014-10-24T12:00:00Z,-17.625,178.625,0.0
2014-10-24T12:00:00Z,-17.675,178.375,NaN
2014-10-24T12:00:00Z,-17.675,178.425,NaN
2014-10-24T12:00:00Z,-17.675,178.475,NaN
2014-10-24T12:00:00Z,-17.675,178.525,NaN
2014-10-24T12:00:00Z,-17.675,178.575,0.0
2014-10-24T12:00:00Z,-17.675,178.625,0.0
2014-11-23T12:00:00Z,-17.325,178.375,0.0
2014-11-23T12:00:00Z,-17.325,178.425,0.0
2014-11-23T12:00:00Z,-17.325,178.475,0.0
2014-11-23T12:00:00Z,-17.325,178.525,0.0
2014-11-23T12:00:00Z,-17.325,178.575,0.0
2014-11-23T12:00:00Z,-17.325,178.625,0.0
2014-11-23T12:00:00Z,-17.375,178.375,0.0
2014-11-23T12:00:00Z,-17.375,178.425,0.0
2014-11-23T12:00:00Z,-17.375,178.475,0.0
2014-11-23T12:00:00Z,-17.375,178.525,0.0
2014-11-23T12:00:00Z,-17.375,178.575,0.0
2014-11-23T12:00:00Z,-17.375,178.625,0.0
2014-11-23T12:00:00Z,-17.425,178.375,0.0
2014-11-23T12:00:00Z,-17.425,178.425,0.0
2014-11-23T12:00:00Z,-17.425,178.475,0.0
2014-11-23T12:00:00Z,-17.425,178.525,0.0
2014-11-23T12:00:00Z,-17.425,178.575,0.0
2014-11-23T12:00:00Z,-17.425,178.625,0.0
2014-11-23T12:00:00Z,-17.475,178.375,0.0
2014-11-23T12:00:00Z,-17.475,178.425,0.0
2014-11-23T12:00:00Z,-17.475,178.475,0.0
2014-11-23T12:00:00Z,-17.475,178.525,0.0
2014-11-23T12:00:00Z,-17.475,178.575,0.0
2014-11-23T12:00:00Z,-17.475,178.625,0.0
2014-11-23T12:00:00Z,-17.525,178.375,0.0
2014-11-23T12:00:00Z,-17.525,178.425,0.0
2014-11-23T12:00:00Z,-17.525,178.475,0.0
2014-11-23T12:00:00Z,-17.525,178.525,0.0
2014-11-23T12:00:00Z,-17.525,178.575,0.0
2014-11-23T12:00:00Z,-17.525,178.625,0.0
2014-11-23T12:00:00Z,-17.575,178.375,0.0
2014-11-23T12:00:00Z,-17.575,178.425,0.0
2014-11-23T12:00:00Z,-17.575,178.475,0.0
2014-11-23T12:00:00Z,-17.575,178.525,0.0
2014-11-23T12:00:00Z,-17.575,178.575,0.0
2014-11-23T12:00:00Z,-17.575,178.625,0.0
2014-11-23T12:00:00Z,-17.625,178.375,NaN
2014-11-23T12:00:00Z,-17.625,178.425,NaN
2014-11-23T12:00:00Z,-17.625,178.475,NaN
2014-11-23T12:00:00Z,-17.625,178.525,0.0
2014-11-23T12:00:00Z,-17.625,178.575,0.0
2014-11-23T12:00:00Z,-17.625,178.625,0.0
2014-11-23T12:00:00Z,-17.675,178.375,NaN
2014-11-23T12:00:00Z,-17.675,178.425,NaN
2014-11-23T12:00:00Z,-17.675,178.475,NaN
2014-11-23T12:00:00Z,-17.675,178.525,NaN
2014-11-23T12:00:00Z,-17.675,178.575,0.0
2014-11-23T12:00:00Z,-17.675,178.625,0.0
2014-12-23T12:00:00Z,-17.325,178.375,0.0
2014-12-23T12:00:00Z,-17.325,178.425,0.0
2014-12-23T12:00:00Z,-17.325,178.475,0.0
2014-12-23T12:00:00Z,-17.325,178.525,0.0
2014-12-23T12:00:00Z,-17.325,178.575,0.0
2014-12-23T12:00:00Z,-17.325,178.625,0.0
2014-12-23T12:00:00Z,-17.375,178.375,0.0
2014-12-23T12:00:00Z,-17.375,178.425,0.0
2014-12-23T12:00:00Z,-17.375,178.475,0.0
2014-12-23T12:00:00Z,-17.375,178.525,0.0
2014-12-23T12:00:00Z,-17.375,178.575,0.0
2014-12-23T12:00:00Z,-17.375,178.625,0.0
2014-12-23T12:00:00Z,-17.425,178.375,0.0
2014-12-23T12:00:00Z,-17.425,178.425,0.0
2014-12-23T12:00:00Z,-17.425,178.475,0.0
2014-12-23T12:00:00Z,-17.425,178.525,0.0
2014-12-23T12:00:00Z,-17.425,178.575,0.0
2014-12-23T12:00:00Z,-17.425,178.625,0.0
2014-12-23T12:00:00Z,-17.475,178.375,0.0
2014-12-23T12:00:00Z,-17.475,178.425,0.0
2014-12-23T12:00:00Z,-17.475,178.475,0.0
2014-12-23T12:00:00Z,-17.475,178.525,0.0
2014-12-23T12:00:00Z,-17.475,178.575,0.0
2014-12-23T12:00:00Z,-17.475,178.625,0.0
2014-12-23T12:00:00Z,-17.525,178.375,0.0
2014-12-23T12:00:00Z,-17.525,178.425,0.0
2014-12-23T12:00:00Z,-17.525,178.475,0.0
2014-12-23T12:00:00Z,-17.525,178.525,0.0
2014-12-23T12:00:00Z,-17.525,178.575,0.0
2014-12-23T12:00:00Z,-17.525,178.625,0.0
2014-12-23T12:00:00Z,-17.575,178.375,0.0
2014-12-23T12:00:00Z,-17.575,178.425,0.0
2014-12-23T12:00:00Z,-17.575,178.475,0.0
2014-12-23T12:00:00Z,-17.575,178.525,0.0
2014-12-23T12:00:00Z,-17.575,178.575,0.0
2014-12-23T12:00:00Z,-17.575,178.625,0.0
2014-12-23T12:00:00Z,-17.625,178.375,NaN
2014-12-23T12:00:00Z,-17.625,178.425,NaN
2014-12-23T12:00:00Z,-17.625,178.475,NaN
2014-12-23T12:00:00Z,-17.625,178.525,0.0
2014-12-23T12:00:00Z,-17.625,178.575,0.0
2014-12-23T12:00:00Z,-17.625,178.625,0.0
2014-12-23T12:00:00Z,-17.675,178.375,NaN
2014-12-23T12:00:00Z,-17.675,178.425,NaN
2014-12-23T12:00:00Z,-17.675,178.475,NaN
2014-12-23T12:00:00Z,-17.675,178.525,NaN
2014-12-23T12:00:00Z,-17.675,178.575,0.0
2014-12-23T12:00:00Z,-17.675,178.625,0.0
2015-01-22T12:00:00Z,-17.325,178.375,0.0
2015-01-22T12:00:00Z,-17.325,178.425,0.0
2015-01-22T12:00:00Z,-17.325,178.475,0.0
2015-01-22T12:00:00Z,-17.325,178.525,0.0
2015-01-22T12:00:00Z,-17.325,178.575,0.0
2015-01-22T12:00:00Z,-17.325,178.625,0.0
2015-01-22T12:00:00Z,-17.375,178.375,0.0
2015-01-22T12:00:00Z,-17.375,178.425,0.0
2015-01-22T12:00:00Z,-17.375,178.475,0.0
2015-01-22T12:00:00Z,-17.375,178.525,0.0
2015-01-22T12:00:00Z,-17.375,178.575,0.0
2015-01-22T12:00:00Z,-17.375,178.625,0.0
2015-01-22T12:00:00Z,-17.425,178.375,0.0
2015-01-22T12:00:00Z,-17.425,178.425,0.0
2015-01-22T12:00:00Z,-17.425,178.475,0.0
2015-01-22T12:00:00Z,-17.425,178.525,0.0
2015-01-22T12:00:00Z,-17.425,178.575,0.0
2015-01-22T12:00:00Z,-17.425,178.625,0.0
2015-01-22T12:00:00Z,-17.475,178.375,0.0
2015-01-22T12:00:00Z,-17.475,178.425,0.0
2015-01-22T12:00:00Z,-17.475,178.475,0.0
2015-01-22T12:00:00Z,-17.475,178.525,0.0
2015-01-22T12:00:00Z,-17.475,178.575,0.0
2015-01-22T12:00:00Z,-17.475,178.625,0.0
2015-01-22T12:00:00Z,-17.525,178.375,0.0
2015-01-22T12:00:00Z,-17.525,178.425,0.0
2015-01-22T12:00:00Z,-17.525,178.475,0.0
2015-01-22T12:00:00Z,-17.525,178.525,0.0
2015-01-22T12:00:00Z,-17.525,178.575,0.0
2015-01-22T12:00:00Z,-17.525,178.625,0.0
2015-01-22T12:00:00Z,-17.575,178.375,0.0
2015-01-22T12:00:00Z,-17.575,178.425,0.0
2015-01-22T12:00:00Z,-17.575,178.475,0.0
2015-01-22T12:00:00Z,-17.575,178.525,0.0
2015-01-22T12:00:00Z,-17.575,178.575,0.0
2015-01-22T12:00:00Z,-17.575,178.625,0.0
2015-01-22T12:00:00Z,-17.625,178.375,NaN
2015-01-22T12:00:00Z,-17.625,178.425,NaN
2015-01-22T12:00:00Z,-17.625,178.475,NaN
2015-01-22T12:00:00Z,-17.625,178.525,0.0
2015-01-22T12:00:00Z,-17.625,178.575,0.0
2015-01-22T12:00:00Z,-17.625,178.625,0.0
2015-01-22T12:00:00Z,-17.675,178.375,NaN
2015-01-22T12:00:00Z,-17.675,178.425,NaN
2015-01-22T12:00:00Z,-17.675,178.475,NaN
2015-01-22T12:00:00Z,-17.675,178.525,NaN
2015-01-22T12:00:00Z,-17.675,178.575,0.0
2015-01-22T12:00:00Z,-17.675,178.625,0.0
2015-02-21T12:00:00Z,-17.325,178.375,2.7
2015-02-21T12:00:00Z,-17.325,178.425,2.71
2015-02-21T12:00:00Z,-17.325,178.475,2.73
2015-02-21T12:00:00Z,-17.325,178.525,2.74
2015-02-21T12:00:00Z,-17.325,178.575,2.74
2015-02-21T12:00:00Z,-17.325,178.625,2.74
2015-02-21T12:00:00Z,-17.375,178.375,2.69
2015-02-21T12:00:00Z,-17.375,178.425,2.71
2015-02-21T12:00:00Z,-17.375,178.475,2.73
2015-02-21T12:00:00Z,-17.375,178.525,2.74
2015-02-21T12:00:00Z,-17.375,178.575,2.73
2015-02-21T12:00:00Z,-17.375,178.625,2.74
2015-02-21T12:00:00Z,-17.425,178.375,2.68
2015-02-21T12:00:00Z,-17.425,178.425,2.69
2015-02-21T12:00:00Z,-17.425,178.475,2.71
2015-02-21T12:00:00Z,-17.425,178.525,2.72
2015-02-21T12:00:00Z,-17.425,178.575,2.74
2015-02-21T12:00:00Z,-17.425,178.625,2.7600000000000002
2015-02-21T12:00:00Z,-17.475,178.375,2.7
2015-02-21T12:00:00Z,-17.475,178.425,2.72
2015-02-21T12:00:00Z,-17.475,178.475,2.73
2015-02-21T12:00:00Z,-17.475,178.525,2.74
2015-02-21T12:00:00Z,-17.475,178.575,2.7600000000000002
2015-02-21T12:00:00Z,-17.475,178.625,2.77
2015-02-21T12:00:00Z,-17.525,178.375,2.73
2015-02-21T12:00:00Z,-17.525,178.425,2.75
2015-02-21T12:00:00Z,-17.525,178.475,2.7600000000000002
2015-02-21T12:00:00Z,-17.525,178.525,2.79
2015-02-21T12:00:00Z,-17.525,178.575,2.8000000000000003
2015-02-21T12:00:00Z,-17.525,178.625,2.81
2015-02-21T12:00:00Z,-17.575,178.375,2.7600000000000002
2015-02-21T12:00:00Z,-17.575,178.425,2.77
2015-02-21T12:00:00Z,-17.575,178.475,2.79
2015-02-21T12:00:00Z,-17.575,178.525,2.82
2015-02-21T12:00:00Z,-17.575,178.575,2.83
2015-02-21T12:00:00Z,-17.575,178.625,2.84
2015-02-21T12:00:00Z,-17.625,178.375,NaN
2015-02-21T12:00:00Z,-17.625,178.425,NaN
2015-02-21T12:00:00Z,-17.625,178.475,NaN
2015-02-21T12:00:00Z,-17.625,178.525,2.86
2015-02-21T12:00:00Z,-17.625,178.575,2.87
2015-02-21T12:00:00Z,-17.625,178.625,2.86
2015-02-21T12:00:00Z,-17.675,178.375,NaN
2015-02-21T12:00:00Z,-17.675,178.425,NaN
2015-02-21T12:00:00Z,-17.675,178.475,NaN
2015-02-21T12:00:00Z,-17.675,178.525,NaN
2015-02-21T12:00:00Z,-17.675,178.575,2.88
2015-02-21T12:00:00Z,-17.675,178.625,2.87
2015-03-23T12:00:00Z,-17.325,178.375,4.9
2015-03-23T12:00:00Z,-17.325,178.425,4.89
2015-03-23T12:00:00Z,-17.325,178.475,4.87
2015-03-23T12:00:00Z,-17.325,178.525,4.84
2015-03-23T12:00:00Z,-17.325,178.575,4.82
2015-03-23T12:00:00Z,-17.325,178.625,4.8
2015-03-23T12:00:00Z,-17.375,178.375,4.84
2015-03-23T12:00:00Z,-17.375,178.425,4.84
2015-03-23T12:00:00Z,-17.375,178.475,4.8500000000000005
2015-03-23T12:00:00Z,-17.375,178.525,4.84
2015-03-23T12:00:00Z,-17.375,178.575,4.82
2015-03-23T12:00:00Z,-17.375,178.625,4.82
2015-03-23T12:00:00Z,-17.425,178.375,4.78
2015-03-23T12:00:00Z,-17.425,178.425,4.79
2015-03-23T12:00:00Z,-17.425,178.475,4.82
2015-03-23T12:00:00Z,-17.425,178.525,4.8
2015-03-23T12:00:00Z,-17.425,178.575,4.83
2015-03-23T12:00:00Z,-17.425,178.625,4.87
2015-03-23T12:00:00Z,-17.475,178.375,4.8
2015-03-23T12:00:00Z,-17.475,178.425,4.83
2015-03-23T12:00:00Z,-17.475,178.475,4.84
2015-03-23T12:00:00Z,-17.475,178.525,4.84
2015-03-23T12:00:00Z,-17.475,178.575,4.88
2015-03-23T12:00:00Z,-17.475,178.625,4.89
2015-03-23T12:00:00Z,-17.525,178.375,4.8500000000000005
2015-03-23T12:00:00Z,-17.525,178.425,4.87
2015-03-23T12:00:00Z,-17.525,178.475,4.89
2015-03-23T12:00:00Z,-17.525,178.525,4.93
2015-03-23T12:00:00Z,-17.525,178.575,4.95
2015-03-23T12:00:00Z,-17.525,178.625,4.97
2015-03-23T12:00:00Z,-17.575,178.375,4.9
2015-03-23T12:00:00Z,-17.575,178.425,4.91
2015-03-23T12:00:00Z,-17.575,178.475,4.95
2015-03-23T12:00:00Z,-17.575,178.525,5.0
2015-03-23T12:00:00Z,-17.575,178.575,5.0200000000000005
2015-03-23T12:00:00Z,-17.575,178.625,5.03
2015-03-23T12:00:00Z,-17.625,178.375,NaN
2015-03-23T12:00:00Z,-17.625,178.425,NaN
2015-03-23T12:00:00Z,-17.625,178.475,NaN
2015-03-23T12:00:00Z,-17.625,178.525,5.08
2015-03-23T12:00:00Z,-17.625,178.575,5.24
2015-03-23T12:00:00Z,-17.625,178.625,5.24
2015-03-23T12:00:00Z,-17.675,178.375,NaN
2015-03-23T12:00:00Z,-17.675,178.425,NaN
2015-03-23T12:00:00Z,-17.675,178.475,NaN
2015-03-23T12:00:00Z,-17.675,178.525,NaN
2015-03-23T12:00:00Z,-17.675,178.575,5.3
2015-03-23T12:00:00Z,-17.675,178.625,5.28
2015-04-22T12:00:00Z,-17.325,178.375,4.9
2015-04-22T12:00:00Z,-17.325,178.425,4.89
2015-04-22T12:00:00Z,-17.325,178.475,4.87
2015-04-22T12:00:00Z,-17.325,178.525,4.84
2015-04-22T12:00:00Z,-17.325,178.575,4.82
2015-04-22T12:00:00Z,-17.325,178.625,4.8
2015-04-22T12:00:00Z,-17.375,178.375,4.84
2015-04-22T12:00:00Z,-17.375,178.425,4.84
2015-04-22T12:00:00Z,-17.375,178.475,4.8500000000000005
2015-04-22T12:00:00Z,-17.375,178.525,4.84
2015-04-22T12:00:00Z,-17.375,178.575,4.82
2015-04-22T12:00:00Z,-17.375,178.625,4.82
2015-04-22T12:00:00Z,-17.425,178.375,4.78
2015-04-22T12:00:00Z,-17.425,178.425,4.79
2015-04-22T12:00:00Z,-17.425,178.475,4.82
2015-04-22T12:00:00Z,-17.425,178.525,4.8
2015-04-22T12:00:00Z,-17.425,178.575,4.83
2015-04-22T12:00:00Z,-17.425,178.625,4.87
2015-04-22T12:00:00Z,-17.475,178.375,4.8
2015-04-22T12:00:00Z,-17.475,178.425,4.83
2015-04-22T12:00:00Z,-17.475,178.475,4.84
2015-04-22T12:00:00Z,-17.475,178.525,4.84
2015-04-22T12:00:00Z,-17.475,178.575,4.88
2015-04-22T12:00:00Z,-17.475,178.625,4.89
2015-04-22T12:00:00Z,-17.525,178.375,4.8500000000000005
2015-04-22T12:00:00Z,-17.525,178.425,4.87
2015-04-22T12:00:00Z,-17.525,178.475,4.89
2015-04-22T12:00:00Z,-17.525,178.525,4.93
2015-04-22T12:00:00Z,-17.525,178.575,4.95
2015-04-22T12:00:00Z,-17.525,178.625,4.97
2015-04-22T12:00:00Z,-17.575,178.375,4.9
2015-04-22T12:00:00Z,-17.575,178.425,4.91
2015-04-22T12:00:00Z,-17.575,178.475,4.95
2015-04-22T12:00:00Z,-17.575,178.525,5.0
2015-04-22T12:00:00Z,-17.575,178.575,5.0200000000000005
2015-04-22T12:00:00Z,-17.575,178.625,5.03
2015-04-22T12:00:00Z,-17.625,178.375,NaN
2015-04-22T12:00:00Z,-17.625,178.425,NaN
2015-04-22T12:00:00Z,-17.625,178.475,NaN
2015-04-22T12:00:00Z,-17.625,178.525,5.08
2015-04-22T12:00:00Z,-17.625,178.575,5.24
2015-04-22T12:00:00Z,-17.625,178.625,5.24
2015-04-22T12:00:00Z,-17.675,178.375,NaN
2015-04-22T12:00:00Z,-17.675,178.425,NaN
2015-04-22T12:00:00Z,-17.675,178.475,NaN
2015-04-22T12:00:00Z,-17.675,178.525,NaN
2015-04-22T12:00:00Z,-17.675,178.575,5.3
2015-04-22T12:00:00Z,-17.675,178.625,5.28
2015-05-22T12:00:00Z,-17.325,178.375,2.2
2015-05-22T12:00:00Z,-17.325,178.425,2.18
2015-05-22T12:00:00Z,-17.325,178.475,2.14
2015-05-22T12:00:00Z,-17.325,178.525,2.11
2015-05-22T12:00:00Z,-17.325,178.575,2.08
2015-05-22T12:00:00Z,-17.325,178.625,2.06
2015-05-22T12:00:00Z,-17.375,178.375,2.15
2015-05-22T12:00:00Z,-17.375,178.425,2.13
2015-05-22T12:00:00Z,-17.375,178.475,2.12
2015-05-22T12:00:00Z,-17.375,178.525,2.11
2015-05-22T12:00:00Z,-17.375,178.575,2.08
2015-05-22T12:00:00Z,-17.375,178.625,2.08
2015-05-22T12:00:00Z,-17.425,178.375,2.1
2015-05-22T12:00:00Z,-17.425,178.425,2.1
2015-05-22T12:00:00Z,-17.425,178.475,2.1
2015-05-22T12:00:00Z,-17.425,178.525,2.08
2015-05-22T12:00:00Z,-17.425,178.575,2.09
2015-05-22T12:00:00Z,-17.425,178.625,2.11
2015-05-22T12:00:00Z,-17.475,178.375,2.1
2015-05-22T12:00:00Z,-17.475,178.425,2.11
2015-05-22T12:00:00Z,-17.475,178.475,2.11
2015-05-22T12:00:00Z,-17.475,178.525,2.1
2015-05-22T12:00:00Z,-17.475,178.575,2.12
2015-05-22T12:00:00Z,-17.475,178.625,2.12
2015-05-22T12:00:00Z,-17.525,178.375,2.12
2015-05-22T12:00:00Z,-17.525,178.425,2.12
2015-05-22T12:00:00Z,-17.525,178.475,2.13
2015-05-22T12:00:00Z,-17.525,178.525,2.14
2015-05-22T12:00:00Z,-17.525,178.575,2.15
2015-05-22T12:00:00Z,-17.525,178.625,2.16
2015-05-22T12:00:00Z,-17.575,178.375,2.14
2015-05-22T12:00:00Z,-17.575,178.425,2.14
2015-05-22T12:00:00Z,-17.575,178.475,2.16
2015-05-22T12:00:00Z,-17.575,178.525,2.18
2015-05-22T12:00:00Z,-17.575,178.575,2.19
2015-05-22T12:00:00Z,-17.575,178.625,2.2
2015-05-22T12:00:00Z,-17.625,178.375,NaN
2015-05-22T12:00:00Z,-17.625,178.425,NaN
2015-05-22T12:00:00Z,-17.625,178.475,NaN
2015-05-22T12:00:00Z,-17.625,178.525,2.22
2015-05-22T12:00:00Z,-17.625,178.575,2.37
2015-05-22T12:00:00Z,-17.625,178.625,2.38
2015-05-22T12:00:00Z,-17.675,178.375,NaN
2015-05-22T12:00:00Z,-17.675,178.425,NaN
2015-05-22T12:00:00Z,-17.675,178.475,NaN
2015-05-22T12:00:00Z,-17.675,178.525,NaN
2015-05-22T12:00:00Z,-17.675,178.575,2.41
2015-05-22T12:00:00Z,-17.675,178.625,2.41
2015-06-21T12:00:00Z,-17.325,178.375,0.0
2015-06-21T12:00:00Z,-17.325,178.425,0.0
2015-06-21T12:00:00Z,-17.325,178.475,0.0
2015-06-21T12:00:00Z,-17.325,178.525,0.0
2015-06-21T12:00:00Z,-17.325,178.575,0.0
2015-06-21T12:00:00Z,-17.325,178.625,0.0
2015-06-21T12:00:00Z,-17.375,178.375,0.0
2015-06-21T12:00:00Z,-17.375,178.425,0.0
2015-06-21T12:00:00Z,-17.375,178.475,0.0
2015-06-21T12:00:00Z,-17.375,178.525,0.0
2015-06-21T12:00:00Z,-17.375,178.575,0.0
2015-06-21T12:00:00Z,-17.375,178.625,0.0
2015-06-21T12:00:00Z,-17.425,178.375,0.0
2015-06-21T12:00:00Z,-17.425,178.425,0.0
2015-06-21T12:00:00Z,-17.425,178.475,0.0
2015-06-21T12:00:00Z,-17.425,178.525,0.0
2015-06-21T12:00:00Z,-17.425,178.575,0.0
2015-06-21T12:00:00Z,-17.425,178.625,0.0
2015-06-21T12:00:00Z,-17.475,178.375,0.0
2015-06-21T12:00:00Z,-17.475,178.425,0.0
2015-06-21T12:00:00Z,-17.475,178.475,0.0
2015-06-21T12:00:00Z,-17.475,178.525,0.0
2015-06-21T12:00:00Z,-17.475,178.575,0.0
2015-06-21T12:00:00Z,-17.475,178.625,0.0
2015-06-21T12:00:00Z,-17.525,178.375,0.0
2015-06-21T12:00:00Z,-17.525,178.425,0.0
2015-06-21T12:00:00Z,-17.525,178.475,0.0
2015-06-21T12:00:00Z,-17.525,178.525,0.0
2015-06-21T12:00:00Z,-17.525,178.575,0.0
2015-06-21T12:00:00Z,-17.525,178.625,0.0
2015-06-21T12:00:00Z,-17.575,178.375,0.0
2015-06-21T12:00:00Z,-17.575,178.425,0.0
2015-06-21T12:00:00Z,-17.575,178.475,0.0
2015-06-21T12:00:00Z,-17.575,178.525,0.0
2015-06-21T12:00:00Z,-17.575,178.575,0.0
2015-06-21T12:00:00Z,-17.575,178.625,0.0
2015-06-21T12:00:00Z,-17.625,178.375,NaN
2015-06-21T12:00:00Z,-17.625,178.425,NaN
2015-06-21T12:00:00Z,-17.625,178.475,NaN
2015-06-21T12:00:00Z,-17.625,178.525,0.0
2015-06-21T12:00:00Z,-17.625,178.575,0.0
2015-06-21T12:00:00Z,-17.625,178.625,0.0
2015-06-21T12:00:00Z,-17.675,178.375,NaN
2015-06-21T12:00:00Z,-17.675,178.425,NaN
2015-06-21T12:00:00Z,-17.675,178.475,NaN
2015-06-21T12:00:00Z,-17.675,178.525,NaN
2015-06-21T12:00:00Z,-17.675,178.575,0.0
2015-06-21T12:00:00Z,-17.675,178.625,0.0
2015-07-21T12:00:00Z,-17.325,178.375,0.0
2015-07-21T12:00:00Z,-17.325,178.425,0.0
2015-07-21T12:00:00Z,-17.325,178.475,0.0
2015-07-21T12:00:00Z,-17.325,178.525,0.0
2015-07-21T12:00:00Z,-17.325,178.575,0.0
2015-07-21T12:00:00Z,-17.325,178.625,0.0
2015-07-21T12:00:00Z,-17.375,178.375,0.0
2015-07-21T12:00:00Z,-17.375,178.425,0.0
2015-07-21T12:00:00Z,-17.375,178.475,0.0
2015-07-21T12:00:00Z,-17.375,178.525,0.0
2015-07-21T12:00:00Z,-17.375,178.575,0.0
2015-07-21T12:00:00Z,-17.375,178.625,0.0
2015-07-21T12:00:00Z,-17.425,178.375,0.0
2015-07-21T12:00:00Z,-17.425,178.425,0.0
2015-07-21T12:00:00Z,-17.425,178.475,0.0
2015-07-21T12:00:00Z,-17.425,178.525,0.0
2015-07-21T12:00:00Z,-17.425,178.575,0.0
2015-07-21T12:00:00Z,-17.425,178.625,0.0
2015-07-21T12:00:00Z,-17.475,178.375,0.0
2015-07-21T12:00:00Z,-17.475,178.425,0.0
2015-07-21T12:00:00Z,-17.475,178.475,0.0
2015-07-21T12:00:00Z,-17.475,178.525,0.0
2015-07-21T12:00:00Z,-17.475,178.575,0.0
2015-07-21T12:00:00Z,-17.475,178.625,0.0
2015-07-21T12:00:00Z,-17.525,178.375,0.0
2015-07-21T12:00:00Z,-17.525,178.425,0.0
2015-07-21T12:00:00Z,-17.525,178.475,0.0
2015-07-21T12:00:00Z,-17.525,178.525,0.0
2015-07-21T12:00:00Z,-17.525,178.575,0.0
2015-07-21T12:00:00Z,-17.525,178.625,0.0
2015-07-21T12:00:00Z,-17.575,178.375,0.0
2015-07-21T12:00:00Z,-17.575,178.425,0.0
2015-07-21T12:00:00Z,-17.575,178.475,0.0
2015-07-21T12:00:00Z,-17.575,178.525,0.0
2015-07-21T12:00:00Z,-17.575,178.575,0.0
2015-07-21T12:00:00Z,-17.575,178.625,0.0
2015-07-21T12:00:00Z,-17.625,178.375,NaN
2015-07-21T12:00:00Z,-17.625,178.425,NaN
2015-07-21T12:00:00Z,-17.625,178.475,NaN
2015-07-21T12:00:00Z,-17.625,178.525,0.0
2015-07-21T12:00:00Z,-17.625,178.575,0.0
2015-07-21T12:00:00Z,-17.625,178.625,0.0
2015-07-21T12:00:00Z,-17.675,178.375,NaN
2015-07-21T12:00:00Z,-17.675,178.425,NaN
2015-07-21T12:00:00Z,-17.675,178.475,NaN
2015-07-21T12:00:00Z,-17.675,178.525,NaN
2015-07-21T12:00:00Z,-17.675,178.575,0.0
2015-07-21T12:00:00Z,-17.675,178.625,0.0
2015-08-20T12:00:00Z,-17.325,178.375,0.0
2015-08-20T12:00:00Z,-17.325,178.425,0.0
2015-08-20T12:00:00Z,-17.325,178.475,0.0
2015-08-20T12:00:00Z,-17.325,178.525,0.0
2015-08-20T12:00:00Z,-17.325,178.575,0.0
2015-08-20T12:00:00Z,-17.325,178.625,0.0
2015-08-20T12:00:00Z,-17.375,178.375,0.0
2015-08-20T12:00:00Z,-17.375,178.425,0.0
2015-08-20T12:00:00Z,-17.375,178.475,0.0
2015-08-20T12:00:00Z,-17.375,178.525,0.0
2015-08-20T12:00:00Z,-17.375,178.575,0.0
2015-08-20T12:00:00Z,-17.375,178.625,0.0
2015-08-20T12:00:00Z,-17.425,178.375,0.0
2015-08-20T12:00:00Z,-17.425,178.425,0.0
2015-08-20T12:00:00Z,-17.425,178.475,0.0
2015-08-20T12:00:00Z,-17.425,178.525,0.0
2015-08-20T12:00:00Z,-17.425,178.575,0.0
2015-08-20T12:00:00Z,-17.425,178.625,0.0
2015-08-20T12:00:00Z,-17.475,178.375,0.0
2015-08-20T12:00:00Z,-17.475,178.425,0.0
2015-08-20T12:00:00Z,-17.475,178.475,0.0
2015-08-20T12:00:00Z,-17.475,178.525,0.0
2015-08-20T12:00:00Z,-17.475,178.575,0.0
2015-08-20T12:00:00Z,-17.475,178.625,0.0
2015-08-20T12:00:00Z,-17.525,178.375,0.0
2015-08-20T12:00:00Z,-17.525,178.425,0.0
2015-08-20T12:00:00Z,-17.525,178.475,0.0
2015-08-20T12:00:00Z,-17.525,178.525,0.0
2015-08-20T12:00:00Z,-17.525,178.575,0.0
2015-08-20T12:00:00Z,-17.525,178.625,0.0
2015-08-20T12:00:00Z,-17.575,178.375,0.0
2015-08-20T12:00:00Z,-17.575,178.425,0.0
2015-08-20T12:00:00Z,-17.575,178.475,0.0
2015-08-20T12:00:00Z,-17.575,178.525,0.0
2015-08-20T12:00:00Z,-17.575,178.575,0.0
2015-08-20T12:00:00Z,-17.575,178.625,0.0
2015-08-20T12:00:00Z,-17.625,178.375,NaN
2015-08-20T12:00:00Z,-17.625,178.425,NaN
2015-08-20T12:00:00Z,-17.625,178.475,NaN
2015-08-20T12:00:00Z,-17.625,178.525,0.0
2015-08-20T12:00:00Z,-17.625,178.575,0.0
2015-08-20T12:00:00Z,-17.625,178.625,0.0
2015-08-20T12:00:00Z,-17.675,178.375,NaN
2015-08-20T12:00:00Z,-17.675,178.425,NaN
2015-08-20T12:00:00Z,-17.675,178.475,NaN
2015-08-20T12:00:00Z,-17.675,178.525,NaN
2015-08-20T12:00:00Z,-17.675,178.575,0.0
2015-08-20T12:00:00Z,-17.675,178.625,0.0
2015-09-19T12:00:00Z,-17.325,178.375,0.0
2015-09-19T12:00:00Z,-17.325,178.425,0.0
2015-09-19T12:00:00Z,-17.325,178.475,0.0
2015-09-19T12:00:00Z,-17.325,178.525,0.0
2015-09-19T12:00:00Z,-17.325,178.575,0.0
2015-09-19T12:00:00Z,-17.325,178.625,0.0
2015-09-19T12:00:00Z,-17.375,178.375,0.0
2015-09-19T12:00:00Z,-17.375,178.425,0.0
2015-09-19T12:00:00Z,-17.375,178.475,0.0
2015-09-19T12:00:00Z,-17.375,178.525,0.0
2015-09-19T12:00:00Z,-17.375,178.575,0.0
2015-09-19T12:00:00Z,-17.375,178.625,0.0
2015-09-19T12:00:00Z,-17.425,178.375,0.0
2015-09-19T12:00:00Z,-17.425,178.425,0.0
2015-09-19T12:00:00Z,-17.425,178.475,0.0
2015-09-19T12:00:00Z,-17.425,178.525,0.0
2015-09-19T12:00:00Z,-17.425,178.575,0.0
2015-09-19T12:00:00Z,-17.425,178.625,0.0
2015-09-19T12:00:00Z,-17.475,178.375,0.0
2015-09-19T12:00:00Z,-17.475,178.425,0.0
2015-09-19T12:00:00Z,-17.475,178.475,0.0
2015-09-19T12:00:00Z,-17.475,178.525,0.0
2015-09-19T12:00:00Z,-17.475,178.575,0.0
2015-09-19T12:00:00Z,-17.475,178.625,0.0
2015-09-19T12:00:00Z,-17.525,178.375,0.0
2015-09-19T12:00:00Z,-17.525,178.425,0.0
2015-09-19T12:00:00Z,-17.525,178.475,0.0
2015-09-19T12:00:00Z,-17.525,178.525,0.0
2015-09-19T12:00:00Z,-17.525,178.575,0.0
2015-09-19T12:00:00Z,-17.525,178.625,0.0
2015-09-19T12:00:00Z,-17.575,178.375,0.0
2015-09-19T12:00:00Z,-17.575,178.425,0.0
2015-09-19T12:00:00Z,-17.575,178.475,0.0
2015-09-19T12:00:00Z,-17.575,178.525,0.0
2015-09-19T12:00:00Z,-17.575,178.575,0.0
2015-09-19T12:00:00Z,-17.575,178.625,0.0
2015-09-19T12:00:00Z,-17.625,178.375,NaN
2015-09-19T12:00:00Z,-17.625,178.425,NaN
2015-09-19T12:00:00Z,-17.625,178.475,NaN
2015-09-19T12:00:00Z,-17.625,178.525,0.0
2015-09-19T12:00:00Z,-17.625,178.575,0.0
2015-09-19T12:00:00Z,-17.625,178.625,0.0
2015-09-19T12:00:00Z,-17.675,178.375,NaN
2015-09-19T12:00:00Z,-17.675,178.425,NaN
2015-09-19T12:00:00Z,-17.675,178.475,NaN
2015-09-19T12:00:00Z,-17.675,178.525,NaN
2015-09-19T12:00:00Z,-17.675,178.575,0.0
2015-09-19T12:00:00Z,-17.675,178.625,0.0
2015-10-19T12:00:00Z,-17.325,178.375,0.0
2015-10-19T12:00:00Z,-17.325,178.425,0.0
2015-10-19T12:00:00Z,-17.325,178.475,0.0
2015-10-19T12:00:00Z,-17.325,178.525,0.0
2015-10-19T12:00:00Z,-17.325,178.575,0.0
2015-10-19T12:00:00Z,-17.325,178.625,0.0
2015-10-19T12:00:00Z,-17.375,178.375,0.0
2015-10-19T12:00:00Z,-17.375,178.425,0.0
2015-10-19T12:00:00Z,-17.375,178.475,0.0
2015-10-19T12:00:00Z,-17.375,178.525,0.0
2015-10-19T12:00:00Z,-17.375,178.575,0.0
2015-10-19T12:00:00Z,-17.375,178.625,0.0
2015-10-19T12:00:00Z,-17.425,178.375,0.0
2015-10-19T12:00:00Z,-17.425,178.425,0.0
2015-10-19T12:00:00Z,-17.425,178.475,0.0
2015-10-19T12:00:00Z,-17.425,178.525,0.0
2015-10-19T12:00:00Z,-17.425,178.575,0.0
2015-10-19T12:00:00Z,-17.425,178.625,0.0
2015-10-19T12:00:00Z,-17.475,178.375,0.0
2015-10-19T12:00:00Z,-17.475,178.425,0.0
2015-10-19T12:00:00Z,-17.475,178.475,0.0
2015-10-19T12:00:00Z,-17.475,178.525,0.0
2015-10-19T12:00:00Z,-17.475,178.575,0.0
2015-10-19T12:00:00Z,-17.475,178.625,0.0
2015-10-19T12:00:00Z,-17.525,178.375,0.0
2015-10-19T12:00:00Z,-17.525,178.425,0.0
2015-10-19T12:00:00Z,-17.525,178.475,0.0
2015-10-19T12:00:00Z,-17.525,178.525,0.0
2015-10-19T12:00:00Z,-17.525,178.575,0.0
2015-10-19T12:00:00Z,-17.525,178.625,0.0
2015-10-19T12:00:00Z,-17.575,178.375,0.0
2015-10-19T12:00:00Z,-17.575,178.425,0.0
2015-10-19T12:00:00Z,-17.575,178.475,0.0
2015-10-19T12:00:00Z,-17.575,178.525,0.0
2015-10-19T12:00:00Z,-17.575,178.575,0.0
2015-10-19T12:00:00Z,-17.575,178.625,0.0
2015-10-19T12:00:00Z,-17.625,178.375,NaN
2015-10-19T12:00:00Z,-17.625,178.425,NaN
2015-10-19T12:00:00Z,-17.625,178.475,NaN
2015-10-19T12:00:00Z,-17.625,178.525,0.0
2015-10-19T12:00:00Z,-17.625,178.575,0.0
2015-10-19T12:00:00Z,-17.625,178.625,0.0
2015-10-19T12:00:00Z,-17.675,178.375,NaN
2015-10-19T12:00:00Z,-17.675,178.425,NaN
2015-10-19T12:00:00Z,-17.675,178.475,NaN
2015-10-19T12:00:00Z,-17.675,178.525,NaN
2015-10-19T12:00:00Z,-17.675,178.575,0.0
2015-10-19T12:00:00Z,-17.675,178.625,0.0
2015-11-18T12:00:00Z,-17.325,178.375,0.0
2015-11-18T12:00:00Z,-17.325,178.425,0.0
2015-11-18T12:00:00Z,-17.325,178.475,0.0
2015-11-18T12:00:00Z,-17.325,178.525,0.0
2015-11-18T12:00:00Z,-17.325,178.575,0.0
2015-11-18T12:00:00Z,-17.325,178.625,0.0
2015-11-18T12:00:00Z,-17.375,178.375,0.0
2015-11-18T12:00:00Z,-17.375,178.425,0.0
2015-11-18T12:00:00Z,-17.375,178.475,0.0
2015-11-18T12:00:00Z,-17.375,178.525,0.0
2015-11-18T12:00:00Z,-17.375,178.575,0.0
2015-11-18T12:00:00Z,-17.375,178.625,0.0
2015-11-18T12:00:00Z,-17.425,178.375,0.0
2015-11-18T12:00:00Z,-17.425,178.425,0.0
2015-11-18T12:00:00Z,-17.425,178.475,0.0
2015-11-18T12:00:00Z,-17.425,178.525,0.0
2015-11-18T12:00:00Z,-17.425,178.575,0.0
2015-11-18T12:00:00Z,-17.425,178.625,0.0
2015-11-18T12:00:00Z,-17.475,178.375,0.0
2015-11-18T12:00:00Z,-17.475,178.425,0.0
2015-11-18T12:00:00Z,-17.475,178.475,0.0
2015-11-18T12:00:00Z,-17.475,178.525,0.0
2015-11-18T12:00:00Z,-17.475,178.575,0.0
2015-11-18T12:00:00Z,-17.475,178.625,0.0
2015-11-18T12:00:00Z,-17.525,178.375,0.0
2015-11-18T12:00:00Z,-17.525,178.425,0.0
2015-11-18T12:00:00Z,-17.525,178.475,0.0
2015-11-18T12:00:00Z,-17.525,178.525,0.0
2015-11-18T12:00:00Z,-17.525,178.575,0.0
2015-11-18T12:00:00Z,-17.525,178.625,0.0
2015-11-18T12:00:00Z,-17.575,178.375,0.0
2015-11-18T12:00:00Z,-17.575,178.425,0.0
2015-11-18T12:00:00Z,-17.575,178.475,0.0
2015-11-18T12:00:00Z,-17.575,178.525,0.0
2015-11-18T12:00:00Z,-17.575,178.575,0.0
2015-11-18T12:00:00Z,-17.575,178.625,0.0
2015-11-18T12:00:00Z,-17.625,178.375,NaN
2015-11-18T12:00:00Z,-17.625,178.425,NaN
2015-11-18T12:00:00Z,-17.625,178.475,NaN
2015-11-18T12:00:00Z,-17.625,178.525,0.0
2015-11-18T12:00:00Z,-17.625,178.575,0.0
2015-11-18T12:00:00Z,-17.625,178.625,0.0
2015-11-18T12:00:00Z,-17.675,178.375,NaN
2015-11-18T12:00:00Z,-17.675,178.425,NaN
2015-11-18T12:00:00Z,-17.675,178.475,NaN
2015-11-18T12:00:00Z,-17.675,178.525,NaN
2015-11-18T12:00:00Z,-17.675,178.575,0.0
2015-11-18T12:00:00Z,-17.675,178.625,0.0
2015-12-18T12:00:00Z,-17.325,178.375,0.0
2015-12-18T12:00:00Z,-17.325,178.425,0.0
2015-12-18T12:00:00Z,-17.325,178.475,0.0
2015-12-18T12:00:00Z,-17.325,178.525,0.0
2015-12-18T12:00:00Z,-17.325,178.575,0.0
2015-12-18T12:00:00Z,-17.325,178.625,0.0
2015-12-18T12:00:00Z,-17.375,178.375,0.0
2015-12-18T12:00:00Z,-17.375,178.425,0.0
2015-12-18T12:00:00Z,-17.375,178.475,0.0
2015-12-18T12:00:00Z,-17.375,178.525,0.0
2015-12-18T12:00:00Z,-17.375,178.575,0.0
2015-12-18T12:00:00Z,-17.375,178.625,0.0
2015-12-18T12:00:00Z,-17.425,178.375,0.0
2015-12-18T12:00:00Z,-17.425,178.425,0.0
2015-12-18T12:00:00Z,-17.425,178.475,0.0
2015-12-18T12:00:00Z,-17.425,178.525,0.0
2015-12-18T12:00:00Z,-17.425,178.575,0.0
2015-12-18T12:00:00Z,-17.425,178.625,0.0
2015-12-18T12:00:00Z,-17.475,178.375,0.0
2015-12-18T12:00:00Z,-17.475,178.425,0.0
2015-12-18T12:00:00Z,-17.475,178.475,0.0
2015-12-18T12:00:00Z,-17.475,178.525,0.0
2015-12-18T12:00:00Z,-17.475,178.575,0.0
2015-12-18T12:00:00Z,-17.475,178.625,0.0
2015-12-18T12:00:00Z,-17.525,178.375,0.0
2015-12-18T12:00:00Z,-17.525,178.425,0.0
2015-12-18T12:00:00Z,-17.525,178.475,0.0
2015-12-18T12:00:00Z,-17.525,178.525,0.0
2015-12-18T12:00:00Z,-17.525,178.575,0.0
2015-12-18T12:00:00Z,-17.525,178.625,0.0
2015-12-18T12:00:00Z,-17.575,178.375,0.0
2015-12-18T12:00:00Z,-17.575,178.425,0.0
2015-12-18T12:00:00Z,-17.575,178.475,0.0
2015-12-18T12:00:00Z,-17.575,178.525,0.0
2015-12-18T12:00:00Z,-17.575,178.575,0.0
2015-12-18T12:00:00Z,-17.575,178.625,0.0
2015-12-18T12:00:00Z,-17.625,178.375,NaN
2015-12-18T12:00:00Z,-17.625,178.425,NaN
2015-12-18T12:00:00Z,-17.625,178.475,NaN
2015-12-18T12:00:00Z,-17.625,178.525,0.0
2015-12-18T12:00:00Z,-17.625,178.575,0.0
2015-12-18T12:00:00Z,-17.625,178.625,0.0
2015-12-18T12:00:00Z,-17.675,178.375,NaN
2015-12-18T12:00:00Z,-17.675,178.425,NaN
2015-12-18T12:00:00Z,-17.675,178.475,NaN
2015-12-18T12:00:00Z,-17.675,178.525,NaN
2015-12-18T12:00:00Z,-17.675,178.575,0.0
2015-12-18T12:00:00Z,-17.675,178.625,0.0
2016-01-17T12:00:00Z,-17.325,178.375,0.0
2016-01-17T12:00:00Z,-17.325,178.425,0.0
2016-01-17T12:00:00Z,-17.325,178.475,0.0
2016-01-17T12:00:00Z,-17.325,178.525,0.0
2016-01-17T12:00:00Z,-17.325,178.575,0.0
2016-01-17T12:00:00Z,-17.325,178.625,0.0
2016-01-17T12:00:00Z,-17.375,178.375,0.0
2016-01-17T12:00:00Z,-17.375,178.425,0.0
2016-01-17T12:00:00Z,-17.375,178.475,0.0
2016-01-17T12:00:00Z,-17.375,178.525,0.0
2016-01-17T12:00:00Z,-17.375,178.575,0.0
2016-01-17T12:00:00Z,-17.375,178.625,0.0
2016-01-17T12:00:00Z,-17.425,178.375,0.0
2016-01-17T12:00:00Z,-17.425,178.425,0.0
2016-01-17T12:00:00Z,-17.425,178.475,0.0
2016-01-17T12:00:00Z,-17.425,178.525,0.0
2016-01-17T12:00:00Z,-17.425,178.575,0.0
2016-01-17T12:00:00Z,-17.425,178.625,0.0
2016-01-17T12:00:00Z,-17.475,178.375,0.0
2016-01-17T12:00:00Z,-17.475,178.425,0.0
2016-01-17T12:00:00Z,-17.475,178.475,0.0
2016-01-17T12:00:00Z,-17.475,178.525,0.0
2016-01-17T12:00:00Z,-17.475,178.575,0.0
2016-01-17T12:00:00Z,-17.475,178.625,0.0
2016-01-17T12:00:00Z,-17.525,178.375,0.0
2016-01-17T12:00:00Z,-17.525,178.425,0.0
2016-01-17T12:00:00Z,-17.525,178.475,0.0
2016-01-17T12:00:00Z,-17.525,178.525,0.0
2016-01-17T12:00:00Z,-17.525,178.575,0.0
2016-01-17T12:00:00Z,-17.525,178.625,0.0
2016-01-17T12:00:00Z,-17.575,178.375,0.0
2016-01-17T12:00:00Z,-17.575,178.425,0.0
2016-01-17T12:00:00Z,-17.575,178.475,0.0
2016-01-17T12:00:00Z,-17.575,178.525,0.0
2016-01-17T12:00:00Z,-17.575,178.575,0.0
2016-01-17T12:00:00Z,-17.575,178.625,0.0
2016-01-17T12:00:00Z,-17.625,178.375,NaN
2016-01-17T12:00:00Z,-17.625,178.425,NaN
2016-01-17T12:00:00Z,-17.625,178.475,NaN
2016-01-17T12:00:00Z,-17.625,178.525,0.0
2016-01-17T12:00:00Z,-17.625,178.575,0.0
2016-01-17T12:00:00Z,-17.625,178.625,0.0
2016-01-17T12:00:00Z,-17.675,178.375,NaN
2016-01-17T12:00:00Z,-17.675,178.425,NaN
2016-01-17T12:00:00Z,-17.675,178.475,NaN
2016-01-17T12:00:00Z,-17.675,178.525,NaN
2016-01-17T12:00:00Z,-17.675,178.575,0.0
2016-01-17T12:00:00Z,-17.675,178.625,0.0
2016-02-16T12:00:00Z,-17.325,178.375,4.73
2016-02-16T12:00:00Z,-17.325,178.425,4.49
2016-02-16T12:00:00Z,-17.325,178.475,4.39
2016-02-16T12:00:00Z,-17.325,178.525,4.44
2016-02-16T12:00:00Z,-17.325,178.575,4.38
2016-02-16T12:00:00Z,-17.325,178.625,4.3500000000000005
2016-02-16T12:00:00Z,-17.375,178.375,4.65
2016-02-16T12:00:00Z,-17.375,178.425,4.43
2016-02-16T12:00:00Z,-17.375,178.475,4.34
2016-02-16T12:00:00Z,-17.375,178.525,4.28
2016-02-16T12:00:00Z,-17.375,178.575,4.3500000000000005
2016-02-16T12:00:00Z,-17.375,178.625,4.3500000000000005
2016-02-16T12:00:00Z,-17.425,178.375,4.57
2016-02-16T12:00:00Z,-17.425,178.425,4.3500000000000005
2016-02-16T12:00:00Z,-17.425,178.475,4.29
2016-02-16T12:00:00Z,-17.425,178.525,4.22
2016-02-16T12:00:00Z,-17.425,178.575,4.22
2016-02-16T12:00:00Z,-17.425,178.625,4.39
2016-02-16T12:00:00Z,-17.475,178.375,4.4
2016-02-16T12:00:00Z,-17.475,178.425,4.3500000000000005
2016-02-16T12:00:00Z,-17.475,178.475,4.29
2016-02-16T12:00:00Z,-17.475,178.525,4.24
2016-02-16T12:00:00Z,-17.475,178.575,4.26
2016-02-16T12:00:00Z,-17.475,178.625,4.26
2016-02-16T12:00:00Z,-17.525,178.375,4.54
2016-02-16T12:00:00Z,-17.525,178.425,4.3500000000000005
2016-02-16T12:00:00Z,-17.525,178.475,4.3100000000000005
2016-02-16T12:00:00Z,-17.525,178.525,4.32
2016-02-16T12:00:00Z,-17.525,178.575,4.32
2016-02-16T12:00:00Z,-17.525,178.625,4.34
2016-02-16T12:00:00Z,-17.575,178.375,4.55
2016-02-16T12:00:00Z,-17.575,178.425,4.36
2016-02-16T12:00:00Z,-17.575,178.475,4.3500000000000005
2016-02-16T12:00:00Z,-17.575,178.525,4.39
2016-02-16T12:00:00Z,-17.575,178.575,4.4
2016-02-16T12:00:00Z,-17.575,178.625,4.41
2016-02-16T12:00:00Z,-17.625,178.375,NaN
2016-02-16T12:00:00Z,-17.625,178.425,NaN
2016-02-16T12:00:00Z,-17.625,178.475,NaN
2016-02-16T12:00:00Z,-17.625,178.525,4.46
2016-02-16T12:00:00Z,-17.625,178.575,4.49
2016-02-16T12:00:00Z,-17.625,178.625,4.3500000000000005
2016-02-16T12:00:00Z,-17.675,178.375,NaN
2016-02-16T12:00:00Z,-17.675,178.425,NaN
2016-02-16T12:00:00Z,-17.675,178.475,NaN
2016-02-16T12:00:00Z,-17.675,178.525,NaN
2016-02-16T12:00:00Z,-17.675,178.575,4.57
2016-02-16T12:00:00Z,-17.675,178.625,4.43
2016-03-17T12:00:00Z,-17.325,178.375,5.03
2016-03-17T12:00:00Z,-17.325,178.425,4.65
2016-03-17T12:00:00Z,-17.325,178.475,4.55
2016-03-17T12:00:00Z,-17.325,178.525,4.6000000000000005
2016-03-17T12:00:00Z,-17.325,178.575,4.54
2016-03-17T12:00:00Z,-17.325,178.625,4.5200000000000005
2016-03-17T12:00:00Z,-17.375,178.375,4.8100000000000005
2016-03-17T12:00:00Z,-17.375,178.425,4.59
2016-03-17T12:00:00Z,-17.375,178.475,4.5
2016-03-17T12:00:00Z,-17.375,178.525,4.44
2016-03-17T12:00:00Z,-17.375,178.575,4.51
2016-03-17T12:00:00Z,-17.375,178.625,4.5200000000000005
2016-03-17T12:00:00Z,-17.425,178.375,4.73
2016-03-17T12:00:00Z,-17.425,178.425,4.51
2016-03-17T12:00:00Z,-17.425,178.475,4.45
2016-03-17T12:00:00Z,-17.425,178.525,4.39
2016-03-17T12:00:00Z,-17.425,178.575,4.38
2016-03-17T12:00:00Z,-17.425,178.625,4.5600000000000005
2016-03-17T12:00:00Z,-17.475,178.375,4.5600000000000005
2016-03-17T12:00:00Z,-17.475,178.425,4.51
2016-03-17T12:00:00Z,-17.475,178.475,4.45
2016-03-17T12:00:00Z,-17.475,178.525,4.41
2016-03-17T12:00:00Z,-17.475,178.575,4.43
2016-03-17T12:00:00Z,-17.475,178.625,4.44
2016-03-17T12:00:00Z,-17.525,178.375,4.7
2016-03-17T12:00:00Z,-17.525,178.425,4.51
2016-03-17T12:00:00Z,-17.525,178.475,4.48
2016-03-17T12:00:00Z,-17.525,178.525,4.49
2016-03-17T12:00:00Z,-17.525,178.575,4.49
2016-03-17T12:00:00Z,-17.525,178.625,4.51
2016-03-17T12:00:00Z,-17.575,178.375,4.72
2016-03-17T12:00:00Z,-17.575,178.425,4.53
2016-03-17T12:00:00Z,-17.575,178.475,4.5200000000000005
2016-03-17T12:00:00Z,-17.575,178.525,4.5600000000000005
2016-03-17T12:00:00Z,-17.575,178.575,4.58
2016-03-17T12:00:00Z,-17.575,178.625,4.59
2016-03-17T12:00:00Z,-17.625,178.375,NaN
2016-03-17T12:00:00Z,-17.625,178.425,NaN
2016-03-17T12:00:00Z,-17.625,178.475,NaN
2016-03-17T12:00:00Z,-17.625,178.525,4.63
2016-03-17T12:00:00Z,-17.625,178.575,4.66
2016-03-17T12:00:00Z,-17.625,178.625,4.53
2016-03-17T12:00:00Z,-17.675,178.375,NaN
2016-03-17T12:00:00Z,-17.675,178.425,NaN
2016-03-17T12:00:00Z,-17.675,178.475,NaN
2016-03-17T12:00:00Z,-17.675,178.525,NaN
2016-03-17T12:00:00Z,-17.675,178.575,4.75
2016-03-17T12:00:00Z,-17.675,178.625,4.62
2016-04-16T12:00:00Z,-17.325,178.375,7.41
2016-04-16T12:00:00Z,-17.325,178.425,6.8500000000000005
2016-04-16T12:00:00Z,-17.325,178.475,6.72
2016-04-16T12:00:00Z,-17.325,178.525,6.61
2016-04-16T12:00:00Z,-17.325,178.575,6.390000000000001
2016-04-16T12:00:00Z,-17.325,178.625,6.5
2016-04-16T12:00:00Z,-17.375,178.375,7.140000000000001
2016-04-16T12:00:00Z,-17.375,178.425,6.6000000000000005
2016-04-16T12:00:00Z,-17.375,178.475,6.3500000000000005
2016-04-16T12:00:00Z,-17.375,178.525,6.2700000000000005
2016-04-16T12:00:00Z,-17.375,178.575,6.18
2016-04-16T12:00:00Z,-17.375,178.625,6.48
2016-04-16T12:00:00Z,-17.425,178.375,6.57
2016-04-16T12:00:00Z,-17.425,178.425,6.19
2016-04-16T12:00:00Z,-17.425,178.475,5.97
2016-04-16T12:00:00Z,-17.425,178.525,5.74
2016-04-16T12:00:00Z,-17.425,178.575,5.88
2016-04-16T12:00:00Z,-17.425,178.625,6.36
2016-04-16T12:00:00Z,-17.475,178.375,6.09
2016-04-16T12:00:00Z,-17.475,178.425,5.89
2016-04-16T12:00:00Z,-17.475,178.475,5.8
2016-04-16T12:00:00Z,-17.475,178.525,5.74
2016-04-16T12:00:00Z,-17.475,178.575,5.7700000000000005
2016-04-16T12:00:00Z,-17.475,178.625,6.07
2016-04-16T12:00:00Z,-17.525,178.375,6.07
2016-04-16T12:00:00Z,-17.525,178.425,5.86
2016-04-16T12:00:00Z,-17.525,178.475,5.8100000000000005
2016-04-16T12:00:00Z,-17.525,178.525,5.82
2016-04-16T12:00:00Z,-17.525,178.575,5.96
2016-04-16T12:00:00Z,-17.525,178.625,6.13
2016-04-16T12:00:00Z,-17.575,178.375,6.08
2016-04-16T12:00:00Z,-17.575,178.425,5.86
2016-04-16T12:00:00Z,-17.575,178.475,5.83
2016-04-16T12:00:00Z,-17.575,178.525,6.01
2016-04-16T12:00:00Z,-17.575,178.575,6.18
2016-04-16T12:00:00Z,-17.575,178.625,6.2
2016-04-16T12:00:00Z,-17.625,178.375,NaN
2016-04-16T12:00:00Z,-17.625,178.425,NaN
2016-04-16T12:00:00Z,-17.625,178.475,NaN
2016-04-16T12:00:00Z,-17.625,178.525,6.07
2016-04-16T12:00:00Z,-17.625,178.575,6.12
2016-04-16T12:00:00Z,-17.625,178.625,5.99
2016-04-16T12:00:00Z,-17.675,178.375,NaN
2016-04-16T12:00:00Z,-17.675,178.425,NaN
2016-04-16T12:00:00Z,-17.675,178.475,NaN
2016-04-16T12:00:00Z,-17.675,178.525,NaN
2016-04-16T12:00:00Z,-17.675,178.575,6.19
2016-04-16T12:00:00Z,-17.675,178.625,6.07
2016-05-16T12:00:00Z,-17.325,178.375,2.52
2016-05-16T12:00:00Z,-17.325,178.425,2.2
2016-05-16T12:00:00Z,-17.325,178.475,2.17
2016-05-16T12:00:00Z,-17.325,178.525,2.0
2016-05-16T12:00:00Z,-17.325,178.575,1.85
2016-05-16T12:00:00Z,-17.325,178.625,1.99
2016-05-16T12:00:00Z,-17.375,178.375,2.32
2016-05-16T12:00:00Z,-17.375,178.425,2.0100000000000002
2016-05-16T12:00:00Z,-17.375,178.475,1.85
2016-05-16T12:00:00Z,-17.375,178.525,1.83
2016-05-16T12:00:00Z,-17.375,178.575,1.67
2016-05-16T12:00:00Z,-17.375,178.625,1.96
2016-05-16T12:00:00Z,-17.425,178.375,1.85
2016-05-16T12:00:00Z,-17.425,178.425,1.68
2016-05-16T12:00:00Z,-17.425,178.475,1.52
2016-05-16T12:00:00Z,-17.425,178.525,1.36
2016-05-16T12:00:00Z,-17.425,178.575,1.5
2016-05-16T12:00:00Z,-17.425,178.625,1.8
2016-05-16T12:00:00Z,-17.475,178.375,1.53
2016-05-16T12:00:00Z,-17.475,178.425,1.3800000000000001
2016-05-16T12:00:00Z,-17.475,178.475,1.35
2016-05-16T12:00:00Z,-17.475,178.525,1.34
2016-05-16T12:00:00Z,-17.475,178.575,1.34
2016-05-16T12:00:00Z,-17.475,178.625,1.6300000000000001
2016-05-16T12:00:00Z,-17.525,178.375,1.37
2016-05-16T12:00:00Z,-17.525,178.425,1.35
2016-05-16T12:00:00Z,-17.525,178.475,1.33
2016-05-16T12:00:00Z,-17.525,178.525,1.33
2016-05-16T12:00:00Z,-17.525,178.575,1.47
2016-05-16T12:00:00Z,-17.525,178.625,1.62
2016-05-16T12:00:00Z,-17.575,178.375,1.36
2016-05-16T12:00:00Z,-17.575,178.425,1.33
2016-05-16T12:00:00Z,-17.575,178.475,1.31
2016-05-16T12:00:00Z,-17.575,178.525,1.45
2016-05-16T12:00:00Z,-17.575,178.575,1.6
2016-05-16T12:00:00Z,-17.575,178.625,1.61
2016-05-16T12:00:00Z,-17.625,178.375,NaN
2016-05-16T12:00:00Z,-17.625,178.425,NaN
2016-05-16T12:00:00Z,-17.625,178.475,NaN
2016-05-16T12:00:00Z,-17.625,178.525,1.44
2016-05-16T12:00:00Z,-17.625,178.575,1.45
2016-05-16T12:00:00Z,-17.625,178.625,1.46
2016-05-16T12:00:00Z,-17.675,178.375,NaN
2016-05-16T12:00:00Z,-17.675,178.425,NaN
2016-05-16T12:00:00Z,-17.675,178.475,NaN
2016-05-16T12:00:00Z,-17.675,178.525,NaN
2016-05-16T12:00:00Z,-17.675,178.575,1.44
2016-05-16T12:00:00Z,-17.675,178.625,1.45
2016-06-15T12:00:00Z,-17.325,178.375,1.62
2016-06-15T12:00:00Z,-17.325,178.425,1.45
2016-06-15T12:00:00Z,-17.325,178.475,1.43
2016-06-15T12:00:00Z,-17.325,178.525,1.41
2016-06-15T12:00:00Z,-17.325,178.575,1.25
2016-06-15T12:00:00Z,-17.325,178.625,1.24
2016-06-15T12:00:00Z,-17.375,178.375,1.58
2016-06-15T12:00:00Z,-17.375,178.425,1.42
2016-06-15T12:00:00Z,-17.375,178.475,1.26
2016-06-15T12:00:00Z,-17.375,178.525,1.24
2016-06-15T12:00:00Z,-17.375,178.575,1.22
2016-06-15T12:00:00Z,-17.375,178.625,1.22
2016-06-15T12:00:00Z,-17.425,178.375,1.26
2016-06-15T12:00:00Z,-17.425,178.425,1.24
2016-06-15T12:00:00Z,-17.425,178.475,1.08
2016-06-15T12:00:00Z,-17.425,178.525,1.06
2016-06-15T12:00:00Z,-17.425,178.575,1.06
2016-06-15T12:00:00Z,-17.425,178.625,1.06
2016-06-15T12:00:00Z,-17.475,178.375,1.1
2016-06-15T12:00:00Z,-17.475,178.425,1.08
2016-06-15T12:00:00Z,-17.475,178.475,1.06
2016-06-15T12:00:00Z,-17.475,178.525,1.04
2016-06-15T12:00:00Z,-17.475,178.575,1.04
2016-06-15T12:00:00Z,-17.475,178.625,1.04
2016-06-15T12:00:00Z,-17.525,178.375,1.08
2016-06-15T12:00:00Z,-17.525,178.425,1.06
2016-06-15T12:00:00Z,-17.525,178.475,1.04
2016-06-15T12:00:00Z,-17.525,178.525,1.03
2016-06-15T12:00:00Z,-17.525,178.575,1.02
2016-06-15T12:00:00Z,-17.525,178.625,1.02
2016-06-15T12:00:00Z,-17.575,178.375,1.07
2016-06-15T12:00:00Z,-17.575,178.425,1.04
2016-06-15T12:00:00Z,-17.575,178.475,1.02
2016-06-15T12:00:00Z,-17.575,178.525,1.01
2016-06-15T12:00:00Z,-17.575,178.575,1.0
2016-06-15T12:00:00Z,-17.575,178.625,1.0
2016-06-15T12:00:00Z,-17.625,178.375,NaN
2016-06-15T12:00:00Z,-17.625,178.425,NaN
2016-06-15T12:00:00Z,-17.625,178.475,NaN
2016-06-15T12:00:00Z,-17.625,178.525,0.85
2016-06-15T12:00:00Z,-17.625,178.575,0.84
2016-06-15T12:00:00Z,-17.625,178.625,0.84
2016-06-15T12:00:00Z,-17.675,178.375,NaN
2016-06-15T12:00:00Z,-17.675,178.425,NaN
2016-06-15T12:00:00Z,-17.675,178.475,NaN
2016-06-15T12:00:00Z,-17.675,178.525,NaN
2016-06-15T12:00:00Z,-17.675,178.575,0.8200000000000001
2016-06-15T12:00:00Z,-17.675,178.625,0.8200000000000001
2016-07-15T12:00:00Z,-17.325,178.375,0.0
2016-07-15T12:00:00Z,-17.325,178.425,0.0
2016-07-15T12:00:00Z,-17.325,178.475,0.0
2016-07-15T12:00:00Z,-17.325,178.525,0.0
2016-07-15T12:00:00Z,-17.325,178.575,0.0
2016-07-15T12:00:00Z,-17.325,178.625,0.0
2016-07-15T12:00:00Z,-17.375,178.375,0.0
2016-07-15T12:00:00Z,-17.375,178.425,0.0
2016-07-15T12:00:00Z,-17.375,178.475,0.0
2016-07-15T12:00:00Z,-17.375,178.525,0.0
2016-07-15T12:00:00Z,-17.375,178.575,0.0
2016-07-15T12:00:00Z,-17.375,178.625,0.0
2016-07-15T12:00:00Z,-17.425,178.375,0.0
2016-07-15T12:00:00Z,-17.425,178.425,0.0
2016-07-15T12:00:00Z,-17.425,178.475,0.0
2016-07-15T12:00:00Z,-17.425,178.525,0.0
2016-07-15T12:00:00Z,-17.425,178.575,0.0
2016-07-15T12:00:00Z,-17.425,178.625,0.0
2016-07-15T12:00:00Z,-17.475,178.375,0.0
2016-07-15T12:00:00Z,-17.475,178.425,0.0
2016-07-15T12:00:00Z,-17.475,178.475,0.0
2016-07-15T12:00:00Z,-17.475,178.525,0.0
2016-07-15T12:00:00Z,-17.475,178.575,0.0
2016-07-15T12:00:00Z,-17.475,178.625,0.0
2016-07-15T12:00:00Z,-17.525,178.375,0.0
2016-07-15T12:00:00Z,-17.525,178.425,0.0
2016-07-15T12:00:00Z,-17.525,178.475,0.0
2016-07-15T12:00:00Z,-17.525,178.525,0.0
2016-07-15T12:00:00Z,-17.525,178.575,0.0
2016-07-15T12:00:00Z,-17.525,178.625,0.0
2016-07-15T12:00:00Z,-17.575,178.375,0.0
2016-07-15T12:00:00Z,-17.575,178.425,0.0
2016-07-15T12:00:00Z,-17.575,178.475,0.0
2016-07-15T12:00:00Z,-17.575,178.525,0.0
2016-07-15T12:00:00Z,-17.575,178.575,0.0
2016-07-15T12:00:00Z,-17.575,178.625,0.0
2016-07-15T12:00:00Z,-17.625,178.375,NaN
2016-07-15T12:00:00Z,-17.625,178.425,NaN
2016-07-15T12:00:00Z,-17.625,178.475,NaN
2016-07-15T12:00:00Z,-17.625,178.525,0.0
2016-07-15T12:00:00Z,-17.625,178.575,0.0
2016-07-15T12:00:00Z,-17.625,178.625,0.0
2016-07-15T12:00:00Z,-17.675,178.375,NaN
2016-07-15T12:00:00Z,-17.675,178.425,NaN
2016-07-15T12:00:00Z,-17.675,178.475,NaN
2016-07-15T12:00:00Z,-17.675,178.525,NaN
2016-07-15T12:00:00Z,-17.675,178.575,0.0
2016-07-15T12:00:00Z,-17.675,178.625,0.0
2016-08-14T12:00:00Z,-17.325,178.375,0.0
2016-08-14T12:00:00Z,-17.325,178.425,0.0
2016-08-14T12:00:00Z,-17.325,178.475,0.0
2016-08-14T12:00:00Z,-17.325,178.525,0.0
2016-08-14T12:00:00Z,-17.325,178.575,0.0
2016-08-14T12:00:00Z,-17.325,178.625,0.0
2016-08-14T12:00:00Z,-17.375,178.375,0.0
2016-08-14T12:00:00Z,-17.375,178.425,0.0
2016-08-14T12:00:00Z,-17.375,178.475,0.0
2016-08-14T12:00:00Z,-17.375,178.525,0.0
2016-08-14T12:00:00Z,-17.375,178.575,0.0
2016-08-14T12:00:00Z,-17.375,178.625,0.0
2016-08-14T12:00:00Z,-17.425,178.375,0.0
2016-08-14T12:00:00Z,-17.425,178.425,0.0
2016-08-14T12:00:00Z,-17.425,178.475,0.0
2016-08-14T12:00:00Z,-17.425,178.525,0.0
2016-08-14T12:00:00Z,-17.425,178.575,0.0
2016-08-14T12:00:00Z,-17.425,178.625,0.0
2016-08-14T12:00:00Z,-17.475,178.375,0.0
2016-08-14T12:00:00Z,-17.475,178.425,0.0
2016-08-14T12:00:00Z,-17.475,178.475,0.0
2016-08-14T12:00:00Z,-17.475,178.525,0.0
2016-08-14T12:00:00Z,-17.475,178.575,0.0
2016-08-14T12:00:00Z,-17.475,178.625,0.0
2016-08-14T12:00:00Z,-17.525,178.375,0.0
2016-08-14T12:00:00Z,-17.525,178.425,0.0
2016-08-14T12:00:00Z,-17.525,178.475,0.0
2016-08-14T12:00:00Z,-17.525,178.525,0.0
2016-08-14T12:00:00Z,-17.525,178.575,0.0
2016-08-14T12:00:00Z,-17.525,178.625,0.0
2016-08-14T12:00:00Z,-17.575,178.375,0.0
2016-08-14T12:00:00Z,-17.575,178.425,0.0
2016-08-14T12:00:00Z,-17.575,178.475,0.0
2016-08-14T12:00:00Z,-17.575,178.525,0.0
2016-08-14T12:00:00Z,-17.575,178.575,0.0
2016-08-14T12:00:00Z,-17.575,178.625,0.0
2016-08-14T12:00:00Z,-17.625,178.375,NaN
2016-08-14T12:00:00Z,-17.625,178.425,NaN
2016-08-14T12:00:00Z,-17.625,178.475,NaN
2016-08-14T12:00:00Z,-17.625,178.525,0.0
2016-08-14T12:00:00Z,-17.625,178.575,0.0
2016-08-14T12:00:00Z,-17.625,178.625,0.0
2016-08-14T12:00:00Z,-17.675,178.375,NaN
2016-08-14T12:00:00Z,-17.675,178.425,NaN
2016-08-14T12:00:00Z,-17.675,178.475,NaN
2016-08-14T12:00:00Z,-17.675,178.525,NaN
2016-08-14T12:00:00Z,-17.675,178.575,0.0
2016-08-14T12:00:00Z,-17.675,178.625,0.0
2016-09-13T12:00:00Z,-17.325,178.375,0.0
2016-09-13T12:00:00Z,-17.325,178.425,0.0
2016-09-13T12:00:00Z,-17.325,178.475,0.0
2016-09-13T12:00:00Z,-17.325,178.525,0.0
2016-09-13T12:00:00Z,-17.325,178.575,0.0
2016-09-13T12:00:00Z,-17.325,178.625,0.0
2016-09-13T12:00:00Z,-17.375,178.375,0.0
2016-09-13T12:00:00Z,-17.375,178.425,0.0
2016-09-13T12:00:00Z,-17.375,178.475,0.0
2016-09-13T12:00:00Z,-17.375,178.525,0.0
2016-09-13T12:00:00Z,-17.375,178.575,0.0
2016-09-13T12:00:00Z,-17.375,178.625,0.0
2016-09-13T12:00:00Z,-17.425,178.375,0.0
2016-09-13T12:00:00Z,-17.425,178.425,0.0
2016-09-13T12:00:00Z,-17.425,178.475,0.0
2016-09-13T12:00:00Z,-17.425,178.525,0.0
2016-09-13T12:00:00Z,-17.425,178.575,0.0
2016-09-13T12:00:00Z,-17.425,178.625,0.0
2016-09-13T12:00:00Z,-17.475,178.375,0.0
2016-09-13T12:00:00Z,-17.475,178.425,0.0
2016-09-13T12:00:00Z,-17.475,178.475,0.0
2016-09-13T12:00:00Z,-17.475,178.525,0.0
2016-09-13T12:00:00Z,-17.475,178.575,0.0
2016-09-13T12:00:00Z,-17.475,178.625,0.0
2016-09-13T12:00:00Z,-17.525,178.375,0.0
2016-09-13T12:00:00Z,-17.525,178.425,0.0
2016-09-13T12:00:00Z,-17.525,178.475,0.0
2016-09-13T12:00:00Z,-17.525,178.525,0.0
2016-09-13T12:00:00Z,-17.525,178.575,0.0
2016-09-13T12:00:00Z,-17.525,178.625,0.0
2016-09-13T12:00:00Z,-17.575,178.375,0.0
2016-09-13T12:00:00Z,-17.575,178.425,0.0
2016-09-13T12:00:00Z,-17.575,178.475,0.0
2016-09-13T12:00:00Z,-17.575,178.525,0.0
2016-09-13T12:00:00Z,-17.575,178.575,0.0
2016-09-13T12:00:00Z,-17.575,178.625,0.0
2016-09-13T12:00:00Z,-17.625,178.375,NaN
2016-09-13T12:00:00Z,-17.625,178.425,NaN
2016-09-13T12:00:00Z,-17.625,178.475,NaN
2016-09-13T12:00:00Z,-17.625,178.525,0.0
2016-09-13T12:00:00Z,-17.625,178.575,0.0
2016-09-13T12:00:00Z,-17.625,178.625,0.0
2016-09-13T12:00:00Z,-17.675,178.375,NaN
2016-09-13T12:00:00Z,-17.675,178.425,NaN
2016-09-13T12:00:00Z,-17.675,178.475,NaN
2016-09-13T12:00:00Z,-17.675,178.525,NaN
2016-09-13T12:00:00Z,-17.675,178.575,0.0
2016-09-13T12:00:00Z,-17.675,178.625,0.0
2016-10-13T12:00:00Z,-17.325,178.375,0.0
2016-10-13T12:00:00Z,-17.325,178.425,0.0
2016-10-13T12:00:00Z,-17.325,178.475,0.0
2016-10-13T12:00:00Z,-17.325,178.525,0.0
2016-10-13T12:00:00Z,-17.325,178.575,0.0
2016-10-13T12:00:00Z,-17.325,178.625,0.0
2016-10-13T12:00:00Z,-17.375,178.375,0.0
2016-10-13T12:00:00Z,-17.375,178.425,0.0
2016-10-13T12:00:00Z,-17.375,178.475,0.0
2016-10-13T12:00:00Z,-17.375,178.525,0.0
2016-10-13T12:00:00Z,-17.375,178.575,0.0
2016-10-13T12:00:00Z,-17.375,178.625,0.0
2016-10-13T12:00:00Z,-17.425,178.375,0.0
2016-10-13T12:00:00Z,-17.425,178.425,0.0
2016-10-13T12:00:00Z,-17.425,178.475,0.0
2016-10-13T12:00:00Z,-17.425,178.525,0.0
2016-10-13T12:00:00Z,-17.425,178.575,0.0
2016-10-13T12:00:00Z,-17.425,178.625,0.0
2016-10-13T12:00:00Z,-17.475,178.375,0.0
2016-10-13T12:00:00Z,-17.475,178.425,0.0
2016-10-13T12:00:00Z,-17.475,178.475,0.0
2016-10-13T12:00:00Z,-17.475,178.525,0.0
2016-10-13T12:00:00Z,-17.475,178.575,0.0
2016-10-13T12:00:00Z,-17.475,178.625,0.0
2016-10-13T12:00:00Z,-17.525,178.375,0.0
2016-10-13T12:00:00Z,-17.525,178.425,0.0
2016-10-13T12:00:00Z,-17.525,178.475,0.0
2016-10-13T12:00:00Z,-17.525,178.525,0.0
2016-10-13T12:00:00Z,-17.525,178.575,0.0
2016-10-13T12:00:00Z,-17.525,178.625,0.0
2016-10-13T12:00:00Z,-17.575,178.375,0.0
2016-10-13T12:00:00Z,-17.575,178.425,0.0
2016-10-13T12:00:00Z,-17.575,178.475,0.0
2016-10-13T12:00:00Z,-17.575,178.525,0.0
2016-10-13T12:00:00Z,-17.575,178.575,0.0
2016-10-13T12:00:00Z,-17.575,178.625,0.0
2016-10-13T12:00:00Z,-17.625,178.375,NaN
2016-10-13T12:00:00Z,-17.625,178.425,NaN
2016-10-13T12:00:00Z,-17.625,178.475,NaN
2016-10-13T12:00:00Z,-17.625,178.525,0.0
2016-10-13T12:00:00Z,-17.625,178.575,0.0
2016-10-13T12:00:00Z,-17.625,178.625,0.0
2016-10-13T12:00:00Z,-17.675,178.375,NaN
2016-10-13T12:00:00Z,-17.675,178.425,NaN
2016-10-13T12:00:00Z,-17.675,178.475,NaN
2016-10-13T12:00:00Z,-17.675,178.525,NaN
2016-10-13T12:00:00Z,-17.675,178.575,0.0
2016-10-13T12:00:00Z,-17.675,178.625,0.0
2016-11-12T12:00:00Z,-17.325,178.375,0.0
2016-11-12T12:00:00Z,-17.325,178.425,0.0
2016-11-12T12:00:00Z,-17.325,178.475,0.0
2016-11-12T12:00:00Z,-17.325,178.525,0.0
2016-11-12T12:00:00Z,-17.325,178.575,0.0
2016-11-12T12:00:00Z,-17.325,178.625,0.0
2016-11-12T12:00:00Z,-17.375,178.375,0.0
2016-11-12T12:00:00Z,-17.375,178.425,0.0
2016-11-12T12:00:00Z,-17.375,178.475,0.0
2016-11-12T12:00:00Z,-17.375,178.525,0.0
2016-11-12T12:00:00Z,-17.375,178.575,0.0
2016-11-12T12:00:00Z,-17.375,178.625,0.0
2016-11-12T12:00:00Z,-17.425,178.375,0.0
2016-11-12T12:00:00Z,-17.425,178.425,0.0
2016-11-12T12:00:00Z,-17.425,178.475,0.0
2016-11-12T12:00:00Z,-17.425,178.525,0.0
2016-11-12T12:00:00Z,-17.425,178.575,0.0
2016-11-12T12:00:00Z,-17.425,178.625,0.0
2016-11-12T12:00:00Z,-17.475,178.375,0.0
2016-11-12T12:00:00Z,-17.475,178.425,0.0
2016-11-12T12:00:00Z,-17.475,178.475,0.0
2016-11-12T12:00:00Z,-17.475,178.525,0.0
2016-11-12T12:00:00Z,-17.475,178.575,0.0
2016-11-12T12:00:00Z,-17.475,178.625,0.0
2016-11-12T12:00:00Z,-17.525,178.375,0.0
2016-11-12T12:00:00Z,-17.525,178.425,0.0
2016-11-12T12:00:00Z,-17.525,178.475,0.0
2016-11-12T12:00:00Z,-17.525,178.525,0.0
2016-11-12T12:00:00Z,-17.525,178.575,0.0
2016-11-12T12:00:00Z,-17.525,178.625,0.0
2016-11-12T12:00:00Z,-17.575,178.375,0.0
2016-11-12T12:00:00Z,-17.575,178.425,0.0
2016-11-12T12:00:00Z,-17.575,178.475,0.0
2016-11-12T12:00:00Z,-17.575,178.525,0.0
2016-11-12T12:00:00Z,-17.575,178.575,0.0
2016-11-12T12:00:00Z,-17.575,178.625,0.0
2016-11-12T12:00:00Z,-17.625,178.375,NaN
2016-11-12T12:00:00Z,-17.625,178.425,NaN
2016-11-12T12:00:00Z,-17.625,178.475,NaN
2016-11-12T12:00:00Z,-17.625,178.525,0.0
2016-11-12T12:00:00Z,-17.625,178.575,0.0
2016-11-12T12:00:00Z,-17.625,178.625,0.0
2016-11-12T12:00:00Z,-17.675,178.375,NaN
2016-11-12T12:00:00Z,-17.675,178.425,NaN
2016-11-12T12:00:00Z,-17.675,178.475,NaN
2016-11-12T12:00:00Z,-17.675,178.525,NaN
2016-11-12T12:00:00Z,-17.675,178.575,0.0
2016-11-12T12:00:00Z,-17.675,178.625,0.0
2016-12-12T12:00:00Z,-17.325,178.375,0.0
2016-12-12T12:00:00Z,-17.325,178.425,0.0
2016-12-12T12:00:00Z,-17.325,178.475,0.0
2016-12-12T12:00:00Z,-17.325,178.525,0.0
2016-12-12T12:00:00Z,-17.325,178.575,0.0
2016-12-12T12:00:00Z,-17.325,178.625,0.0
2016-12-12T12:00:00Z,-17.375,178.375,0.0
2016-12-12T12:00:00Z,-17.375,178.425,0.0
2016-12-12T12:00:00Z,-17.375,178.475,0.0
2016-12-12T12:00:00Z,-17.375,178.525,0.0
2016-12-12T12:00:00Z,-17.375,178.575,0.0
2016-12-12T12:00:00Z,-17.375,178.625,0.0
2016-12-12T12:00:00Z,-17.425,178.375,0.0
2016-12-12T12:00:00Z,-17.425,178.425,0.0
2016-12-12T12:00:00Z,-17.425,178.475,0.0
2016-12-12T12:00:00Z,-17.425,178.525,0.0
2016-12-12T12:00:00Z,-17.425,178.575,0.0
2016-12-12T12:00:00Z,-17.425,178.625,0.0
2016-12-12T12:00:00Z,-17.475,178.375,0.0
2016-12-12T12:00:00Z,-17.475,178.425,0.0
2016-12-12T12:00:00Z,-17.475,178.475,0.0
2016-12-12T12:00:00Z,-17.475,178.525,0.0
2016-12-12T12:00:00Z,-17.475,178.575,0.0
2016-12-12T12:00:00Z,-17.475,178.625,0.0
2016-12-12T12:00:00Z,-17.525,178.375,0.0
2016-12-12T12:00:00Z,-17.525,178.425,0.0
2016-12-12T12:00:00Z,-17.525,178.475,0.0
2016-12-12T12:00:00Z,-17.525,178.525,0.0
2016-12-12T12:00:00Z,-17.525,178.575,0.0
2016-12-12T12:00:00Z,-17.525,178.625,0.0
2016-12-12T12:00:00Z,-17.575,178.375,0.0
2016-12-12T12:00:00Z,-17.575,178.425,0.0
2016-12-12T12:00:00Z,-17.575,178.475,0.0
2016-12-12T12:00:00Z,-17.575,178.525,0.0
2016-12-12T12:00:00Z,-17.575,178.575,0.0
2016-12-12T12:00:00Z,-17.575,178.625,0.0
2016-12-12T12:00:00Z,-17.625,178.375,NaN
2016-12-12T12:00:00Z,-17.625,178.425,NaN
2016-12-12T12:00:00Z,-17.625,178.475,NaN
2016-12-12T12:00:00Z,-17.625,178.525,0.0
2016-12-12T12:00:00Z,-17.625,178.575,0.0
2016-12-12T12:00:00Z,-17.625,178.625,0.0
2016-12-12T12:00:00Z,-17.675,178.375,NaN
2016-12-12T12:00:00Z,-17.675,178.425,NaN
2016-12-12T12:00:00Z,-17.675,178.475,NaN
2016-12-12T12:00:00Z,-17.675,178.525,NaN
2016-12-12T12:00:00Z,-17.675,178.575,0.0
2016-12-12T12:00:00Z,-17.675,178.625,0.0
2017-01-11T12:00:00Z,-17.325,178.375,0.0
2017-01-11T12:00:00Z,-17.325,178.425,0.0
2017-01-11T12:00:00Z,-17.325,178.475,0.0
2017-01-11T12:00:00Z,-17.325,178.525,0.0
2017-01-11T12:00:00Z,-17.325,178.575,0.0
2017-01-11T12:00:00Z,-17.325,178.625,0.0
2017-01-11T12:00:00Z,-17.375,178.375,0.0
2017-01-11T12:00:00Z,-17.375,178.425,0.0
2017-01-11T12:00:00Z,-17.375,178.475,0.0
2017-01-11T12:00:00Z,-17.375,178.525,0.0
2017-01-11T12:00:00Z,-17.375,178.575,0.0
2017-01-11T12:00:00Z,-17.375,178.625,0.0
2017-01-11T12:00:00Z,-17.425,178.375,0.0
2017-01-11T12:00:00Z,-17.425,178.425,0.0
2017-01-11T12:00:00Z,-17.425,178.475,0.0
2017-01-11T12:00:00Z,-17.425,178.525,0.0
2017-01-11T12:00:00Z,-17.425,178.575,0.0
2017-01-11T12:00:00Z,-17.425,178.625,0.0
2017-01-11T12:00:00Z,-17.475,178.375,0.0
2017-01-11T12:00:00Z,-17.475,178.425,0.0
2017-01-11T12:00:00Z,-17.475,178.475,0.0
2017-01-11T12:00:00Z,-17.475,178.525,0.0
2017-01-11T12:00:00Z,-17.475,178.575,0.0
2017-01-11T12:00:00Z,-17.475,178.625,0.0
2017-01-11T12:00:00Z,-17.525,178.375,0.0
2017-01-11T12:00:00Z,-17.525,178.425,0.0
2017-01-11T12:00:00Z,-17.525,178.475,0.0
2017-01-11T12:00:00Z,-17.525,178.525,0.0
2017-01-11T12:00:00Z,-17.525,178.575,0.0
2017-01-11T12:00:00Z,-17.525,178.625,0.0
2017-01-11T12:00:00Z,-17.575,178.375,0.0
2017-01-11T12:00:00Z,-17.575,178.425,0.0
2017-01-11T12:00:00Z,-17.575,178.475,0.0
2017-01-11T12:00:00Z,-17.575,178.525,0.0
2017-01-11T12:00:00Z,-17.575,178.575,0.0
2017-01-11T12:00:00Z,-17.575,178.625,0.0
2017-01-11T12:00:00Z,-17.625,178.375,NaN
2017-01-11T12:00:00Z,-17.625,178.425,NaN
2017-01-11T12:00:00Z,-17.625,178.475,NaN
2017-01-11T12:00:00Z,-17.625,178.525,0.0
2017-01-11T12:00:00Z,-17.625,178.575,0.0
2017-01-11T12:00:00Z,-17.625,178.625,0.0
2017-01-11T12:00:00Z,-17.675,178.375,NaN
2017-01-11T12:00:00Z,-17.675,178.425,NaN
2017-01-11T12:00:00Z,-17.675,178.475,NaN
2017-01-11T12:00:00Z,-17.675,178.525,NaN
2017-01-11T12:00:00Z,-17.675,178.575,0.0
2017-01-11T12:00:00Z,-17.675,178.625,0.0
2017-02-10T12:00:00Z,-17.325,178.375,0.61
2017-02-10T12:00:00Z,-17.325,178.425,0.45
2017-02-10T12:00:00Z,-17.325,178.475,0.3
2017-02-10T12:00:00Z,-17.325,178.525,0.3
2017-02-10T12:00:00Z,-17.325,178.575,0.3
2017-02-10T12:00:00Z,-17.325,178.625,0.29
2017-02-10T12:00:00Z,-17.375,178.375,0.44
2017-02-10T12:00:00Z,-17.375,178.425,0.43
2017-02-10T12:00:00Z,-17.375,178.475,0.15
2017-02-10T12:00:00Z,-17.375,178.525,0.29
2017-02-10T12:00:00Z,-17.375,178.575,0.15
2017-02-10T12:00:00Z,-17.375,178.625,0.14
2017-02-10T12:00:00Z,-17.425,178.375,0.14
2017-02-10T12:00:00Z,-17.425,178.425,0.0
2017-02-10T12:00:00Z,-17.425,178.475,0.0
2017-02-10T12:00:00Z,-17.425,178.525,0.0
2017-02-10T12:00:00Z,-17.425,178.575,0.0
2017-02-10T12:00:00Z,-17.425,178.625,0.0
2017-02-10T12:00:00Z,-17.475,178.375,0.0
2017-02-10T12:00:00Z,-17.475,178.425,0.0
2017-02-10T12:00:00Z,-17.475,178.475,0.0
2017-02-10T12:00:00Z,-17.475,178.525,0.0
2017-02-10T12:00:00Z,-17.475,178.575,0.0
2017-02-10T12:00:00Z,-17.475,178.625,0.0
2017-02-10T12:00:00Z,-17.525,178.375,0.0
2017-02-10T12:00:00Z,-17.525,178.425,0.0
2017-02-10T12:00:00Z,-17.525,178.475,0.0
2017-02-10T12:00:00Z,-17.525,178.525,0.0
2017-02-10T12:00:00Z,-17.525,178.575,0.0
2017-02-10T12:00:00Z,-17.525,178.625,0.0
2017-02-10T12:00:00Z,-17.575,178.375,0.0
2017-02-10T12:00:00Z,-17.575,178.425,0.0
2017-02-10T12:00:00Z,-17.575,178.475,0.0
2017-02-10T12:00:00Z,-17.575,178.525,0.0
2017-02-10T12:00:00Z,-17.575,178.575,0.0
2017-02-10T12:00:00Z,-17.575,178.625,0.14
2017-02-10T12:00:00Z,-17.625,178.375,NaN
2017-02-10T12:00:00Z,-17.625,178.425,NaN
2017-02-10T12:00:00Z,-17.625,178.475,NaN
2017-02-10T12:00:00Z,-17.625,178.525,0.0
2017-02-10T12:00:00Z,-17.625,178.575,0.14
2017-02-10T12:00:00Z,-17.625,178.625,0.29
2017-02-10T12:00:00Z,-17.675,178.375,NaN
2017-02-10T12:00:00Z,-17.675,178.425,NaN
2017-02-10T12:00:00Z,-17.675,178.475,NaN
2017-02-10T12:00:00Z,-17.675,178.525,NaN
2017-02-10T12:00:00Z,-17.675,178.575,0.14
2017-02-10T12:00:00Z,-17.675,178.625,0.29
2017-03-12T12:00:00Z,-17.325,178.375,0.61
2017-03-12T12:00:00Z,-17.325,178.425,0.45
2017-03-12T12:00:00Z,-17.325,178.475,0.3
2017-03-12T12:00:00Z,-17.325,178.525,0.3
2017-03-12T12:00:00Z,-17.325,178.575,0.3
2017-03-12T12:00:00Z,-17.325,178.625,0.29
2017-03-12T12:00:00Z,-17.375,178.375,0.44
2017-03-12T12:00:00Z,-17.375,178.425,0.43
2017-03-12T12:00:00Z,-17.375,178.475,0.15
2017-03-12T12:00:00Z,-17.375,178.525,0.29
2017-03-12T12:00:00Z,-17.375,178.575,0.15
2017-03-12T12:00:00Z,-17.375,178.625,0.14
2017-03-12T12:00:00Z,-17.425,178.375,0.14
2017-03-12T12:00:00Z,-17.425,178.425,0.0
2017-03-12T12:00:00Z,-17.425,178.475,0.0
2017-03-12T12:00:00Z,-17.425,178.525,0.0
2017-03-12T12:00:00Z,-17.425,178.575,0.0
2017-03-12T12:00:00Z,-17.425,178.625,0.0
2017-03-12T12:00:00Z,-17.475,178.375,0.0
2017-03-12T12:00:00Z,-17.475,178.425,0.0
2017-03-12T12:00:00Z,-17.475,178.475,0.0
2017-03-12T12:00:00Z,-17.475,178.525,0.0
2017-03-12T12:00:00Z,-17.475,178.575,0.0
2017-03-12T12:00:00Z,-17.475,178.625,0.0
2017-03-12T12:00:00Z,-17.525,178.375,0.0
2017-03-12T12:00:00Z,-17.525,178.425,0.0
2017-03-12T12:00:00Z,-17.525,178.475,0.0
2017-03-12T12:00:00Z,-17.525,178.525,0.0
2017-03-12T12:00:00Z,-17.525,178.575,0.0
2017-03-12T12:00:00Z,-17.525,178.625,0.0
2017-03-12T12:00:00Z,-17.575,178.375,0.0
2017-03-12T12:00:00Z,-17.575,178.425,0.0
2017-03-12T12:00:00Z,-17.575,178.475,0.0
2017-03-12T12:00:00Z,-17.575,178.525,0.0
2017-03-12T12:00:00Z,-17.575,178.575,0.0
2017-03-12T12:00:00Z,-17.575,178.625,0.14
2017-03-12T12:00:00Z,-17.625,178.375,NaN
2017-03-12T12:00:00Z,-17.625,178.425,NaN
2017-03-12T12:00:00Z,-17.625,178.475,NaN
2017-03-12T12:00:00Z,-17.625,178.525,0.0
2017-03-12T12:00:00Z,-17.625,178.575,0.14
2017-03-12T12:00:00Z,-17.625,178.625,0.29
2017-03-12T12:00:00Z,-17.675,178.375,NaN
2017-03-12T12:00:00Z,-17.675,178.425,NaN
2017-03-12T12:00:00Z,-17.675,178.475,NaN
2017-03-12T12:00:00Z,-17.675,178.525,NaN
2017-03-12T12:00:00Z,-17.675,178.575,0.14
2017-03-12T12:00:00Z,-17.675,178.625,0.29
2017-04-11T12:00:00Z,-17.325,178.375,0.3
2017-04-11T12:00:00Z,-17.325,178.425,0.15
2017-04-11T12:00:00Z,-17.325,178.475,0.15
2017-04-11T12:00:00Z,-17.325,178.525,0.15
2017-04-11T12:00:00Z,-17.325,178.575,0.15
2017-04-11T12:00:00Z,-17.325,178.625,0.14
2017-04-11T12:00:00Z,-17.375,178.375,0.29
2017-04-11T12:00:00Z,-17.375,178.425,0.29
2017-04-11T12:00:00Z,-17.375,178.475,0.0
2017-04-11T12:00:00Z,-17.375,178.525,0.14
2017-04-11T12:00:00Z,-17.375,178.575,0.0
2017-04-11T12:00:00Z,-17.375,178.625,0.0
2017-04-11T12:00:00Z,-17.425,178.375,0.14
2017-04-11T12:00:00Z,-17.425,178.425,0.0
2017-04-11T12:00:00Z,-17.425,178.475,0.0
2017-04-11T12:00:00Z,-17.425,178.525,0.0
2017-04-11T12:00:00Z,-17.425,178.575,0.0
2017-04-11T12:00:00Z,-17.425,178.625,0.0
2017-04-11T12:00:00Z,-17.475,178.375,0.0
2017-04-11T12:00:00Z,-17.475,178.425,0.0
2017-04-11T12:00:00Z,-17.475,178.475,0.0
2017-04-11T12:00:00Z,-17.475,178.525,0.0
2017-04-11T12:00:00Z,-17.475,178.575,0.0
2017-04-11T12:00:00Z,-17.475,178.625,0.0
2017-04-11T12:00:00Z,-17.525,178.375,0.0
2017-04-11T12:00:00Z,-17.525,178.425,0.0
2017-04-11T12:00:00Z,-17.525,178.475,0.0
2017-04-11T12:00:00Z,-17.525,178.525,0.0
2017-04-11T12:00:00Z,-17.525,178.575,0.0
2017-04-11T12:00:00Z,-17.525,178.625,0.0
2017-04-11T12:00:00Z,-17.575,178.375,0.0
2017-04-11T12:00:00Z,-17.575,178.425,0.0
2017-04-11T12:00:00Z,-17.575,178.475,0.0
2017-04-11T12:00:00Z,-17.575,178.525,0.0
2017-04-11T12:00:00Z,-17.575,178.575,0.0
2017-04-11T12:00:00Z,-17.575,178.625,0.14
2017-04-11T12:00:00Z,-17.625,178.375,NaN
2017-04-11T12:00:00Z,-17.625,178.425,NaN
2017-04-11T12:00:00Z,-17.625,178.475,NaN
2017-04-11T12:00:00Z,-17.625,178.525,0.0
2017-04-11T12:00:00Z,-17.625,178.575,0.14
2017-04-11T12:00:00Z,-17.625,178.625,0.29
2017-04-11T12:00:00Z,-17.675,178.375,NaN
2017-04-11T12:00:00Z,-17.675,178.425,NaN
2017-04-11T12:00:00Z,-17.675,178.475,NaN
2017-04-11T12:00:00Z,-17.675,178.525,NaN
2017-04-11T12:00:00Z,-17.675,178.575,0.14
2017-04-11T12:00:00Z,-17.675,178.625,0.29
2017-05-11T12:00:00Z,-17.325,178.375,0.0
2017-05-11T12:00:00Z,-17.325,178.425,0.0
2017-05-11T12:00:00Z,-17.325,178.475,0.0
2017-05-11T12:00:00Z,-17.325,178.525,0.0
2017-05-11T12:00:00Z,-17.325,178.575,0.0
2017-05-11T12:00:00Z,-17.325,178.625,0.0
2017-05-11T12:00:00Z,-17.375,178.375,0.0
2017-05-11T12:00:00Z,-17.375,178.425,0.0
2017-05-11T12:00:00Z,-17.375,178.475,0.0
2017-05-11T12:00:00Z,-17.375,178.525,0.0
2017-05-11T12:00:00Z,-17.375,178.575,0.0
2017-05-11T12:00:00Z,-17.375,178.625,0.0
2017-05-11T12:00:00Z,-17.425,178.375,0.0
2017-05-11T12:00:00Z,-17.425,178.425,0.0
2017-05-11T12:00:00Z,-17.425,178.475,0.0
2017-05-11T12:00:00Z,-17.425,178.525,0.0
2017-05-11T12:00:00Z,-17.425,178.575,0.0
2017-05-11T12:00:00Z,-17.425,178.625,0.0
2017-05-11T12:00:00Z,-17.475,178.375,0.0
2017-05-11T12:00:00Z,-17.475,178.425,0.0
2017-05-11T12:00:00Z,-17.475,178.475,0.0
2017-05-11T12:00:00Z,-17.475,178.525,0.0
2017-05-11T12:00:00Z,-17.475,178.575,0.0
2017-05-11T12:00:00Z,-17.475,178.625,0.0
2017-05-11T12:00:00Z,-17.525,178.375,0.0
2017-05-11T12:00:00Z,-17.525,178.425,0.0
2017-05-11T12:00:00Z,-17.525,178.475,0.0
2017-05-11T12:00:00Z,-17.525,178.525,0.0
2017-05-11T12:00:00Z,-17.525,178.575,0.0
2017-05-11T12:00:00Z,-17.525,178.625,0.0
2017-05-11T12:00:00Z,-17.575,178.375,0.0
2017-05-11T12:00:00Z,-17.575,178.425,0.0
2017-05-11T12:00:00Z,-17.575,178.475,0.0
2017-05-11T12:00:00Z,-17.575,178.525,0.0
2017-05-11T12:00:00Z,-17.575,178.575,0.0
2017-05-11T12:00:00Z,-17.575,178.625,0.0
2017-05-11T12:00:00Z,-17.625,178.375,NaN
2017-05-11T12:00:00Z,-17.625,178.425,NaN
2017-05-11T12:00:00Z,-17.625,178.475,NaN
2017-05-11T12:00:00Z,-17.625,178.525,0.0
2017-05-11T12:00:00Z,-17.625,178.575,0.0
2017-05-11T12:00:00Z,-17.625,178.625,0.0
2017-05-11T12:00:00Z,-17.675,178.375,NaN
2017-05-11T12:00:00Z,-17.675,178.425,NaN
2017-05-11T12:00:00Z,-17.675,178.475,NaN
2017-05-11T12:00:00Z,-17.675,178.525,NaN
2017-05-11T12:00:00Z,-17.675,178.575,0.0
2017-05-11T12:00:00Z,-17.675,178.625,0.0
2017-06-10T12:00:00Z,-17.325,178.375,0.0
2017-06-10T12:00:00Z,-17.325,178.425,0.0
2017-06-10T12:00:00Z,-17.325,178.475,0.0
2017-06-10T12:00:00Z,-17.325,178.525,0.0
2017-06-10T12:00:00Z,-17.325,178.575,0.0
2017-06-10T12:00:00Z,-17.325,178.625,0.0
2017-06-10T12:00:00Z,-17.375,178.375,0.0
2017-06-10T12:00:00Z,-17.375,178.425,0.0
2017-06-10T12:00:00Z,-17.375,178.475,0.0
2017-06-10T12:00:00Z,-17.375,178.525,0.0
2017-06-10T12:00:00Z,-17.375,178.575,0.0
2017-06-10T12:00:00Z,-17.375,178.625,0.0
2017-06-10T12:00:00Z,-17.425,178.375,0.0
2017-06-10T12:00:00Z,-17.425,178.425,0.0
2017-06-10T12:00:00Z,-17.425,178.475,0.0
2017-06-10T12:00:00Z,-17.425,178.525,0.0
2017-06-10T12:00:00Z,-17.425,178.575,0.0
2017-06-10T12:00:00Z,-17.425,178.625,0.0
2017-06-10T12:00:00Z,-17.475,178.375,0.0
2017-06-10T12:00:00Z,-17.475,178.425,0.0
2017-06-10T12:00:00Z,-17.475,178.475,0.0
2017-06-10T12:00:00Z,-17.475,178.525,0.0
2017-06-10T12:00:00Z,-17.475,178.575,0.0
2017-06-10T12:00:00Z,-17.475,178.625,0.0
2017-06-10T12:00:00Z,-17.525,178.375,0.0
2017-06-10T12:00:00Z,-17.525,178.425,0.0
2017-06-10T12:00:00Z,-17.525,178.475,0.0
2017-06-10T12:00:00Z,-17.525,178.525,0.0
2017-06-10T12:00:00Z,-17.525,178.575,0.0
2017-06-10T12:00:00Z,-17.525,178.625,0.0
2017-06-10T12:00:00Z,-17.575,178.375,0.0
2017-06-10T12:00:00Z,-17.575,178.425,0.0
2017-06-10T12:00:00Z,-17.575,178.475,0.0
2017-06-10T12:00:00Z,-17.575,178.525,0.0
2017-06-10T12:00:00Z,-17.575,178.575,0.0
2017-06-10T12:00:00Z,-17.575,178.625,0.0
2017-06-10T12:00:00Z,-17.625,178.375,NaN
2017-06-10T12:00:00Z,-17.625,178.425,NaN
2017-06-10T12:00:00Z,-17.625,178.475,NaN
2017-06-10T12:00:00Z,-17.625,178.525,0.0
2017-06-10T12:00:00Z,-17.625,178.575,0.0
2017-06-10T12:00:00Z,-17.625,178.625,0.0
2017-06-10T12:00:00Z,-17.675,178.375,NaN
2017-06-10T12:00:00Z,-17.675,178.425,NaN
2017-06-10T12:00:00Z,-17.675,178.475,NaN
2017-06-10T12:00:00Z,-17.675,178.525,NaN
2017-06-10T12:00:00Z,-17.675,178.575,0.0
2017-06-10T12:00:00Z,-17.675,178.625,0.0
2017-07-10T12:00:00Z,-17.325,178.375,0.0
2017-07-10T12:00:00Z,-17.325,178.425,0.0
2017-07-10T12:00:00Z,-17.325,178.475,0.0
2017-07-10T12:00:00Z,-17.325,178.525,0.0
2017-07-10T12:00:00Z,-17.325,178.575,0.0
2017-07-10T12:00:00Z,-17.325,178.625,0.0
2017-07-10T12:00:00Z,-17.375,178.375,0.0
2017-07-10T12:00:00Z,-17.375,178.425,0.0
2017-07-10T12:00:00Z,-17.375,178.475,0.0
2017-07-10T12:00:00Z,-17.375,178.525,0.0
2017-07-10T12:00:00Z,-17.375,178.575,0.0
2017-07-10T12:00:00Z,-17.375,178.625,0.0
2017-07-10T12:00:00Z,-17.425,178.375,0.0
2017-07-10T12:00:00Z,-17.425,178.425,0.0
2017-07-10T12:00:00Z,-17.425,178.475,0.0
2017-07-10T12:00:00Z,-17.425,178.525,0.0
2017-07-10T12:00:00Z,-17.425,178.575,0.0
2017-07-10T12:00:00Z,-17.425,178.625,0.0
2017-07-10T12:00:00Z,-17.475,178.375,0.0
2017-07-10T12:00:00Z,-17.475,178.425,0.0
2017-07-10T12:00:00Z,-17.475,178.475,0.0
2017-07-10T12:00:00Z,-17.475,178.525,0.0
2017-07-10T12:00:00Z,-17.475,178.575,0.0
2017-07-10T12:00:00Z,-17.475,178.625,0.0
2017-07-10T12:00:00Z,-17.525,178.375,0.0
2017-07-10T12:00:00Z,-17.525,178.425,0.0
2017-07-10T12:00:00Z,-17.525,178.475,0.0
2017-07-10T12:00:00Z,-17.525,178.525,0.0
2017-07-10T12:00:00Z,-17.525,178.575,0.0
2017-07-10T12:00:00Z,-17.525,178.625,0.0
2017-07-10T12:00:00Z,-17.575,178.375,0.0
2017-07-10T12:00:00Z,-17.575,178.425,0.0
2017-07-10T12:00:00Z,-17.575,178.475,0.0
2017-07-10T12:00:00Z,-17.575,178.525,0.0
2017-07-10T12:00:00Z,-17.575,178.575,0.0
2017-07-10T12:00:00Z,-17.575,178.625,0.0
2017-07-10T12:00:00Z,-17.625,178.375,NaN
2017-07-10T12:00:00Z,-17.625,178.425,NaN
2017-07-10T12:00:00Z,-17.625,178.475,NaN
2017-07-10T12:00:00Z,-17.625,178.525,0.0
2017-07-10T12:00:00Z,-17.625,178.575,0.0
2017-07-10T12:00:00Z,-17.625,178.625,0.0
2017-07-10T12:00:00Z,-17.675,178.375,NaN
2017-07-10T12:00:00Z,-17.675,178.425,NaN
2017-07-10T12:00:00Z,-17.675,178.475,NaN
2017-07-10T12:00:00Z,-17.675,178.525,NaN
2017-07-10T12:00:00Z,-17.675,178.575,0.0
2017-07-10T12:00:00Z,-17.675,178.625,0.0
2017-08-09T12:00:00Z,-17.325,178.375,0.0
2017-08-09T12:00:00Z,-17.325,178.425,0.0
2017-08-09T12:00:00Z,-17.325,178.475,0.0
2017-08-09T12:00:00Z,-17.325,178.525,0.0
2017-08-09T12:00:00Z,-17.325,178.575,0.0
2017-08-09T12:00:00Z,-17.325,178.625,0.0
2017-08-09T12:00:00Z,-17.375,178.375,0.0
2017-08-09T12:00:00Z,-17.375,178.425,0.0
2017-08-09T12:00:00Z,-17.375,178.475,0.0
2017-08-09T12:00:00Z,-17.375,178.525,0.0
2017-08-09T12:00:00Z,-17.375,178.575,0.0
2017-08-09T12:00:00Z,-17.375,178.625,0.0
2017-08-09T12:00:00Z,-17.425,178.375,0.0
2017-08-09T12:00:00Z,-17.425,178.425,0.0
2017-08-09T12:00:00Z,-17.425,178.475,0.0
2017-08-09T12:00:00Z,-17.425,178.525,0.0
2017-08-09T12:00:00Z,-17.425,178.575,0.0
2017-08-09T12:00:00Z,-17.425,178.625,0.0
2017-08-09T12:00:00Z,-17.475,178.375,0.0
2017-08-09T12:00:00Z,-17.475,178.425,0.0
2017-08-09T12:00:00Z,-17.475,178.475,0.0
2017-08-09T12:00:00Z,-17.475,178.525,0.0
2017-08-09T12:00:00Z,-17.475,178.575,0.0
2017-08-09T12:00:00Z,-17.475,178.625,0.0
2017-08-09T12:00:00Z,-17.525,178.375,0.0
2017-08-09T12:00:00Z,-17.525,178.425,0.0
2017-08-09T12:00:00Z,-17.525,178.475,0.0
2017-08-09T12:00:00Z,-17.525,178.525,0.0
2017-08-09T12:00:00Z,-17.525,178.575,0.0
2017-08-09T12:00:00Z,-17.525,178.625,0.0
2017-08-09T12:00:00Z,-17.575,178.375,0.0
2017-08-09T12:00:00Z,-17.575,178.425,0.0
2017-08-09T12:00:00Z,-17.575,178.475,0.0
2017-08-09T12:00:00Z,-17.575,178.525,0.0
2017-08-09T12:00:00Z,-17.575,178.575,0.0
2017-08-09T12:00:00Z,-17.575,178.625,0.0
2017-08-09T12:00:00Z,-17.625,178.375,NaN
2017-08-09T12:00:00Z,-17.625,178.425,NaN
2017-08-09T12:00:00Z,-17.625,178.475,NaN
2017-08-09T12:00:00Z,-17.625,178.525,0.0
2017-08-09T12:00:00Z,-17.625,178.575,0.0
2017-08-09T12:00:00Z,-17.625,178.625,0.0
2017-08-09T12:00:00Z,-17.675,178.375,NaN
2017-08-09T12:00:00Z,-17.675,178.425,NaN
2017-08-09T12:00:00Z,-17.675,178.475,NaN
2017-08-09T12:00:00Z,-17.675,178.525,NaN
2017-08-09T12:00:00Z,-17.675,178.575,0.0
2017-08-09T12:00:00Z,-17.675,178.625,0.0
2017-09-08T12:00:00Z,-17.325,178.375,0.0
2017-09-08T12:00:00Z,-17.325,178.425,0.0
2017-09-08T12:00:00Z,-17.325,178.475,0.0
2017-09-08T12:00:00Z,-17.325,178.525,0.0
2017-09-08T12:00:00Z,-17.325,178.575,0.0
2017-09-08T12:00:00Z,-17.325,178.625,0.0
2017-09-08T12:00:00Z,-17.375,178.375,0.0
2017-09-08T12:00:00Z,-17.375,178.425,0.0
2017-09-08T12:00:00Z,-17.375,178.475,0.0
2017-09-08T12:00:00Z,-17.375,178.525,0.0
2017-09-08T12:00:00Z,-17.375,178.575,0.0
2017-09-08T12:00:00Z,-17.375,178.625,0.0
2017-09-08T12:00:00Z,-17.425,178.375,0.0
2017-09-08T12:00:00Z,-17.425,178.425,0.0
2017-09-08T12:00:00Z,-17.425,178.475,0.0
2017-09-08T12:00:00Z,-17.425,178.525,0.0
2017-09-08T12:00:00Z,-17.425,178.575,0.0
2017-09-08T12:00:00Z,-17.425,178.625,0.0
2017-09-08T12:00:00Z,-17.475,178.375,0.0
2017-09-08T12:00:00Z,-17.475,178.425,0.0
2017-09-08T12:00:00Z,-17.475,178.475,0.0
2017-09-08T12:00:00Z,-17.475,178.525,0.0
2017-09-08T12:00:00Z,-17.475,178.575,0.0
2017-09-08T12:00:00Z,-17.475,178.625,0.0
2017-09-08T12:00:00Z,-17.525,178.375,0.0
2017-09-08T12:00:00Z,-17.525,178.425,0.0
2017-09-08T12:00:00Z,-17.525,178.475,0.0
2017-09-08T12:00:00Z,-17.525,178.525,0.0
2017-09-08T12:00:00Z,-17.525,178.575,0.0
2017-09-08T12:00:00Z,-17.525,178.625,0.0
2017-09-08T12:00:00Z,-17.575,178.375,0.0
2017-09-08T12:00:00Z,-17.575,178.425,0.0
2017-09-08T12:00:00Z,-17.575,178.475,0.0
2017-09-08T12:00:00Z,-17.575,178.525,0.0
2017-09-08T12:00:00Z,-17.575,178.575,0.0
2017-09-08T12:00:00Z,-17.575,178.625,0.0
2017-09-08T12:00:00Z,-17.625,178.375,NaN
2017-09-08T12:00:00Z,-17.625,178.425,NaN
2017-09-08T12:00:00Z,-17.625,178.475,NaN
2017-09-08T12:00:00Z,-17.625,178.525,0.0
2017-09-08T12:00:00Z,-17.625,178.575,0.0
2017-09-08T12:00:00Z,-17.625,178.625,0.0
2017-09-08T12:00:00Z,-17.675,178.375,NaN
2017-09-08T12:00:00Z,-17.675,178.425,NaN
2017-09-08T12:00:00Z,-17.675,178.475,NaN
2017-09-08T12:00:00Z,-17.675,178.525,NaN
2017-09-08T12:00:00Z,-17.675,178.575,0.0
2017-09-08T12:00:00Z,-17.675,178.625,0.0
2017-10-08T12:00:00Z,-17.325,178.375,0.0
2017-10-08T12:00:00Z,-17.325,178.425,0.0
2017-10-08T12:00:00Z,-17.325,178.475,0.0
2017-10-08T12:00:00Z,-17.325,178.525,0.0
2017-10-08T12:00:00Z,-17.325,178.575,0.0
2017-10-08T12:00:00Z,-17.325,178.625,0.0
2017-10-08T12:00:00Z,-17.375,178.375,0.0
2017-10-08T12:00:00Z,-17.375,178.425,0.0
2017-10-08T12:00:00Z,-17.375,178.475,0.0
2017-10-08T12:00:00Z,-17.375,178.525,0.0
2017-10-08T12:00:00Z,-17.375,178.575,0.0
2017-10-08T12:00:00Z,-17.375,178.625,0.0
2017-10-08T12:00:00Z,-17.425,178.375,0.0
2017-10-08T12:00:00Z,-17.425,178.425,0.0
2017-10-08T12:00:00Z,-17.425,178.475,0.0
2017-10-08T12:00:00Z,-17.425,178.525,0.0
2017-10-08T12:00:00Z,-17.425,178.575,0.0
2017-10-08T12:00:00Z,-17.425,178.625,0.0
2017-10-08T12:00:00Z,-17.475,178.375,0.0
2017-10-08T12:00:00Z,-17.475,178.425,0.0
2017-10-08T12:00:00Z,-17.475,178.475,0.0
2017-10-08T12:00:00Z,-17.475,178.525,0.0
2017-10-08T12:00:00Z,-17.475,178.575,0.0
2017-10-08T12:00:00Z,-17.475,178.625,0.0
2017-10-08T12:00:00Z,-17.525,178.375,0.0
2017-10-08T12:00:00Z,-17.525,178.425,0.0
2017-10-08T12:00:00Z,-17.525,178.475,0.0
2017-10-08T12:00:00Z,-17.525,178.525,0.0
2017-10-08T12:00:00Z,-17.525,178.575,0.0
2017-10-08T12:00:00Z,-17.525,178.625,0.0
2017-10-08T12:00:00Z,-17.575,178.375,0.0
2017-10-08T12:00:00Z,-17.575,178.425,0.0
2017-10-08T12:00:00Z,-17.575,178.475,0.0
2017-10-08T12:00:00Z,-17.575,178.525,0.0
2017-10-08T12:00:00Z,-17.575,178.575,0.0
2017-10-08T12:00:00Z,-17.575,178.625,0.0
2017-10-08T12:00:00Z,-17.625,178.375,NaN
2017-10-08T12:00:00Z,-17.625,178.425,NaN
2017-10-08T12:00:00Z,-17.625,178.475,NaN
2017-10-08T12:00:00Z,-17.625,178.525,0.0
2017-10-08T12:00:00Z,-17.625,178.575,0.0
2017-10-08T12:00:00Z,-17.625,178.625,0.0
2017-10-08T12:00:00Z,-17.675,178.375,NaN
2017-10-08T12:00:00Z,-17.675,178.425,NaN
2017-10-08T12:00:00Z,-17.675,178.475,NaN
2017-10-08T12:00:00Z,-17.675,178.525,NaN
2017-10-08T12:00:00Z,-17.675,178.575,0.0
2017-10-08T12:00:00Z,-17.675,178.625,0.0
2017-11-07T12:00:00Z,-17.325,178.375,0.0
2017-11-07T12:00:00Z,-17.325,178.425,0.0
2017-11-07T12:00:00Z,-17.325,178.475,0.0
2017-11-07T12:00:00Z,-17.325,178.525,0.0
2017-11-07T12:00:00Z,-17.325,178.575,0.0
2017-11-07T12:00:00Z,-17.325,178.625,0.0
2017-11-07T12:00:00Z,-17.375,178.375,0.0
2017-11-07T12:00:00Z,-17.375,178.425,0.0
2017-11-07T12:00:00Z,-17.375,178.475,0.0
2017-11-07T12:00:00Z,-17.375,178.525,0.0
2017-11-07T12:00:00Z,-17.375,178.575,0.0
2017-11-07T12:00:00Z,-17.375,178.625,0.0
2017-11-07T12:00:00Z,-17.425,178.375,0.0
2017-11-07T12:00:00Z,-17.425,178.425,0.0
2017-11-07T12:00:00Z,-17.425,178.475,0.0
2017-11-07T12:00:00Z,-17.425,178.525,0.0
2017-11-07T12:00:00Z,-17.425,178.575,0.0
2017-11-07T12:00:00Z,-17.425,178.625,0.0
2017-11-07T12:00:00Z,-17.475,178.375,0.0
2017-11-07T12:00:00Z,-17.475,178.425,0.0
2017-11-07T12:00:00Z,-17.475,178.475,0.0
2017-11-07T12:00:00Z,-17.475,178.525,0.0
2017-11-07T12:00:00Z,-17.475,178.575,0.0
2017-11-07T12:00:00Z,-17.475,178.625,0.0
2017-11-07T12:00:00Z,-17.525,178.375,0.0
2017-11-07T12:00:00Z,-17.525,178.425,0.0
2017-11-07T12:00:00Z,-17.525,178.475,0.0
2017-11-07T12:00:00Z,-17.525,178.525,0.0
2017-11-07T12:00:00Z,-17.525,178.575,0.0
2017-11-07T12:00:00Z,-17.525,178.625,0.0
2017-11-07T12:00:00Z,-17.575,178.375,0.0
2017-11-07T12:00:00Z,-17.575,178.425,0.0
2017-11-07T12:00:00Z,-17.575,178.475,0.0
2017-11-07T12:00:00Z,-17.575,178.525,0.0
2017-11-07T12:00:00Z,-17.575,178.575,0.0
2017-11-07T12:00:00Z,-17.575,178.625,0.0
2017-11-07T12:00:00Z,-17.625,178.375,NaN
2017-11-07T12:00:00Z,-17.625,178.425,NaN
2017-11-07T12:00:00Z,-17.625,178.475,NaN
2017-11-07T12:00:00Z,-17.625,178.525,0.0
2017-11-07T12:00:00Z,-17.625,178.575,0.0
2017-11-07T12:00:00Z,-17.625,178.625,0.0
2017-11-07T12:00:00Z,-17.675,178.375,NaN
2017-11-07T12:00:00Z,-17.675,178.425,NaN
2017-11-07T12:00:00Z,-17.675,178.475,NaN
2017-11-07T12:00:00Z,-17.675,178.525,NaN
2017-11-07T12:00:00Z,-17.675,178.575,0.0
2017-11-07T12:00:00Z,-17.675,178.625,0.0
2017-12-07T12:00:00Z,-17.325,178.375,0.0
2017-12-07T12:00:00Z,-17.325,178.425,0.0
2017-12-07T12:00:00Z,-17.325,178.475,0.0
2017-12-07T12:00:00Z,-17.325,178.525,0.0
2017-12-07T12:00:00Z,-17.325,178.575,0.0
2017-12-07T12:00:00Z,-17.325,178.625,0.0
2017-12-07T12:00:00Z,-17.375,178.375,0.0
2017-12-07T12:00:00Z,-17.375,178.425,0.0
2017-12-07T12:00:00Z,-17.375,178.475,0.0
2017-12-07T12:00:00Z,-17.375,178.525,0.0
2017-12-07T12:00:00Z,-17.375,178.575,0.0
2017-12-07T12:00:00Z,-17.375,178.625,0.0
2017-12-07T12:00:00Z,-17.425,178.375,0.0
2017-12-07T12:00:00Z,-17.425,178.425,0.0
2017-12-07T12:00:00Z,-17.425,178.475,0.0
2017-12-07T12:00:00Z,-17.425,178.525,0.0
2017-12-07T12:00:00Z,-17.425,178.575,0.0
2017-12-07T12:00:00Z,-17.425,178.625,0.0
2017-12-07T12:00:00Z,-17.475,178.375,0.0
2017-12-07T12:00:00Z,-17.475,178.425,0.0
2017-12-07T12:00:00Z,-17.475,178.475,0.0
2017-12-07T12:00:00Z,-17.475,178.525,0.0
2017-12-07T12:00:00Z,-17.475,178.575,0.0
2017-12-07T12:00:00Z,-17.475,178.625,0.0
2017-12-07T12:00:00Z,-17.525,178.375,0.0
2017-12-07T12:00:00Z,-17.525,178.425,0.0
2017-12-07T12:00:00Z,-17.525,178.475,0.0
2017-12-07T12:00:00Z,-17.525,178.525,0.0
2017-12-07T12:00:00Z,-17.525,178.575,0.0
2017-12-07T12:00:00Z,-17.525,178.625,0.0
2017-12-07T12:00:00Z,-17.575,178.375,0.0
2017-12-07T12:00:00Z,-17.575,178.425,0.0
2017-12-07T12:00:00Z,-17.575,178.475,0.0
2017-12-07T12:00:00Z,-17.575,178.525,0.0
2017-12-07T12:00:00Z,-17.575,178.575,0.0
2017-12-07T12:00:00Z,-17.575,178.625,0.0
2017-12-07T12:00:00Z,-17.625,178.375,NaN
2017-12-07T12:00:00Z,-17.625,178.425,NaN
2017-12-07T12:00:00Z,-17.625,178.475,NaN
2017-12-07T12:00:00Z,-17.625,178.525,0.0
2017-12-07T12:00:00Z,-17.625,178.575,0.0
2017-12-07T12:00:00Z,-17.625,178.625,0.0
2017-12-07T12:00:00Z,-17.675,178.375,NaN
2017-12-07T12:00:00Z,-17.675,178.425,NaN
2017-12-07T12:00:00Z,-17.675,178.475,NaN
2017-12-07T12:00:00Z,-17.675,178.525,NaN
2017-12-07T12:00:00Z,-17.675,178.575,0.0
2017-12-07T12:00:00Z,-17.675,178.625,0.0
2018-01-06T12:00:00Z,-17.325,178.375,0.0
2018-01-06T12:00:00Z,-17.325,178.425,0.0
2018-01-06T12:00:00Z,-17.325,178.475,0.0
2018-01-06T12:00:00Z,-17.325,178.525,0.0
2018-01-06T12:00:00Z,-17.325,178.575,0.0
2018-01-06T12:00:00Z,-17.325,178.625,0.0
2018-01-06T12:00:00Z,-17.375,178.375,0.0
2018-01-06T12:00:00Z,-17.375,178.425,0.0
2018-01-06T12:00:00Z,-17.375,178.475,0.0
2018-01-06T12:00:00Z,-17.375,178.525,0.0
2018-01-06T12:00:00Z,-17.375,178.575,0.0
2018-01-06T12:00:00Z,-17.375,178.625,0.0
2018-01-06T12:00:00Z,-17.425,178.375,0.0
2018-01-06T12:00:00Z,-17.425,178.425,0.0
2018-01-06T12:00:00Z,-17.425,178.475,0.0
2018-01-06T12:00:00Z,-17.425,178.525,0.0
2018-01-06T12:00:00Z,-17.425,178.575,0.0
2018-01-06T12:00:00Z,-17.425,178.625,0.0
2018-01-06T12:00:00Z,-17.475,178.375,0.0
2018-01-06T12:00:00Z,-17.475,178.425,0.0
2018-01-06T12:00:00Z,-17.475,178.475,0.0
2018-01-06T12:00:00Z,-17.475,178.525,0.0
2018-01-06T12:00:00Z,-17.475,178.575,0.0
2018-01-06T12:00:00Z,-17.475,178.625,0.0
2018-01-06T12:00:00Z,-17.525,178.375,0.0
2018-01-06T12:00:00Z,-17.525,178.425,0.0
2018-01-06T12:00:00Z,-17.525,178.475,0.0
2018-01-06T12:00:00Z,-17.525,178.525,0.0
2018-01-06T12:00:00Z,-17.525,178.575,0.0
2018-01-06T12:00:00Z,-17.525,178.625,0.0
2018-01-06T12:00:00Z,-17.575,178.375,0.0
2018-01-06T12:00:00Z,-17.575,178.425,0.0
2018-01-06T12:00:00Z,-17.575,178.475,0.0
2018-01-06T12:00:00Z,-17.575,178.525,0.0
2018-01-06T12:00:00Z,-17.575,178.575,0.0
2018-01-06T12:00:00Z,-17.575,178.625,0.0
2018-01-06T12:00:00Z,-17.625,178.375,NaN
2018-01-06T12:00:00Z,-17.625,178.425,NaN
2018-01-06T12:00:00Z,-17.625,178.475,NaN
2018-01-06T12:00:00Z,-17.625,178.525,0.0
2018-01-06T12:00:00Z,-17.625,178.575,0.0
2018-01-06T12:00:00Z,-17.625,178.625,0.0
2018-01-06T12:00:00Z,-17.675,178.375,NaN
2018-01-06T12:00:00Z,-17.675,178.425,NaN
2018-01-06T12:00:00Z,-17.675,178.475,NaN
2018-01-06T12:00:00Z,-17.675,178.525,NaN
2018-01-06T12:00:00Z,-17.675,178.575,0.0
2018-01-06T12:00:00Z,-17.675,178.625,0.0
2018-02-05T12:00:00Z,-17.325,178.375,0.0
2018-02-05T12:00:00Z,-17.325,178.425,0.0
2018-02-05T12:00:00Z,-17.325,178.475,0.0
2018-02-05T12:00:00Z,-17.325,178.525,0.0
2018-02-05T12:00:00Z,-17.325,178.575,0.14
2018-02-05T12:00:00Z,-17.325,178.625,0.15
2018-02-05T12:00:00Z,-17.375,178.375,0.0
2018-02-05T12:00:00Z,-17.375,178.425,0.0
2018-02-05T12:00:00Z,-17.375,178.475,0.0
2018-02-05T12:00:00Z,-17.375,178.525,0.0
2018-02-05T12:00:00Z,-17.375,178.575,0.14
2018-02-05T12:00:00Z,-17.375,178.625,0.15
2018-02-05T12:00:00Z,-17.425,178.375,0.0
2018-02-05T12:00:00Z,-17.425,178.425,0.0
2018-02-05T12:00:00Z,-17.425,178.475,0.0
2018-02-05T12:00:00Z,-17.425,178.525,0.0
2018-02-05T12:00:00Z,-17.425,178.575,0.14
2018-02-05T12:00:00Z,-17.425,178.625,0.15
2018-02-05T12:00:00Z,-17.475,178.375,0.0
2018-02-05T12:00:00Z,-17.475,178.425,0.0
2018-02-05T12:00:00Z,-17.475,178.475,0.0
2018-02-05T12:00:00Z,-17.475,178.525,0.0
2018-02-05T12:00:00Z,-17.475,178.575,0.15
2018-02-05T12:00:00Z,-17.475,178.625,0.15
2018-02-05T12:00:00Z,-17.525,178.375,0.0
2018-02-05T12:00:00Z,-17.525,178.425,0.0
2018-02-05T12:00:00Z,-17.525,178.475,0.0
2018-02-05T12:00:00Z,-17.525,178.525,0.15
2018-02-05T12:00:00Z,-17.525,178.575,0.15
2018-02-05T12:00:00Z,-17.525,178.625,0.15
2018-02-05T12:00:00Z,-17.575,178.375,0.0
2018-02-05T12:00:00Z,-17.575,178.425,0.14
2018-02-05T12:00:00Z,-17.575,178.475,0.14
2018-02-05T12:00:00Z,-17.575,178.525,0.15
2018-02-05T12:00:00Z,-17.575,178.575,0.15
2018-02-05T12:00:00Z,-17.575,178.625,0.16
2018-02-05T12:00:00Z,-17.625,178.375,NaN
2018-02-05T12:00:00Z,-17.625,178.425,NaN
2018-02-05T12:00:00Z,-17.625,178.475,NaN
2018-02-05T12:00:00Z,-17.625,178.525,0.15
2018-02-05T12:00:00Z,-17.625,178.575,0.16
2018-02-05T12:00:00Z,-17.625,178.625,0.16
2018-02-05T12:00:00Z,-17.675,178.375,NaN
2018-02-05T12:00:00Z,-17.675,178.425,NaN
2018-02-05T12:00:00Z,-17.675,178.475,NaN
2018-02-05T12:00:00Z,-17.675,178.525,NaN
2018-02-05T12:00:00Z,-17.675,178.575,0.16
2018-02-05T12:00:00Z,-17.675,178.625,0.16
2018-03-07T12:00:00Z,-17.325,178.375,0.0
2018-03-07T12:00:00Z,-17.325,178.425,0.0
2018-03-07T12:00:00Z,-17.325,178.475,0.0
2018-03-07T12:00:00Z,-17.325,178.525,0.0
2018-03-07T12:00:00Z,-17.325,178.575,0.14
2018-03-07T12:00:00Z,-17.325,178.625,0.15
2018-03-07T12:00:00Z,-17.375,178.375,0.0
2018-03-07T12:00:00Z,-17.375,178.425,0.0
2018-03-07T12:00:00Z,-17.375,178.475,0.0
2018-03-07T12:00:00Z,-17.375,178.525,0.0
2018-03-07T12:00:00Z,-17.375,178.575,0.14
2018-03-07T12:00:00Z,-17.375,178.625,0.15
2018-03-07T12:00:00Z,-17.425,178.375,0.0
2018-03-07T12:00:00Z,-17.425,178.425,0.0
2018-03-07T12:00:00Z,-17.425,178.475,0.0
2018-03-07T12:00:00Z,-17.425,178.525,0.0
2018-03-07T12:00:00Z,-17.425,178.575,0.14
2018-03-07T12:00:00Z,-17.425,178.625,0.15
2018-03-07T12:00:00Z,-17.475,178.375,0.14
2018-03-07T12:00:00Z,-17.475,178.425,0.0
2018-03-07T12:00:00Z,-17.475,178.475,0.0
2018-03-07T12:00:00Z,-17.475,178.525,0.0
2018-03-07T12:00:00Z,-17.475,178.575,0.15
2018-03-07T12:00:00Z,-17.475,178.625,0.15
2018-03-07T12:00:00Z,-17.525,178.375,0.15
2018-03-07T12:00:00Z,-17.525,178.425,0.15
2018-03-07T12:00:00Z,-17.525,178.475,0.14
2018-03-07T12:00:00Z,-17.525,178.525,0.15
2018-03-07T12:00:00Z,-17.525,178.575,0.15
2018-03-07T12:00:00Z,-17.525,178.625,0.3
2018-03-07T12:00:00Z,-17.575,178.375,0.16
2018-03-07T12:00:00Z,-17.575,178.425,0.29
2018-03-07T12:00:00Z,-17.575,178.475,0.29
2018-03-07T12:00:00Z,-17.575,178.525,0.29
2018-03-07T12:00:00Z,-17.575,178.575,0.44
2018-03-07T12:00:00Z,-17.575,178.625,0.31
2018-03-07T12:00:00Z,-17.625,178.375,NaN
2018-03-07T12:00:00Z,-17.625,178.425,NaN
2018-03-07T12:00:00Z,-17.625,178.475,NaN
2018-03-07T12:00:00Z,-17.625,178.525,0.45
2018-03-07T12:00:00Z,-17.625,178.575,0.46
2018-03-07T12:00:00Z,-17.625,178.625,0.46
2018-03-07T12:00:00Z,-17.675,178.375,NaN
2018-03-07T12:00:00Z,-17.675,178.425,NaN
2018-03-07T12:00:00Z,-17.675,178.475,NaN
2018-03-07T12:00:00Z,-17.675,178.525,NaN
2018-03-07T12:00:00Z,-17.675,178.575,0.47000000000000003
2018-03-07T12:00:00Z,-17.675,178.625,0.46
2018-04-06T12:00:00Z,-17.325,178.375,0.0
2018-04-06T12:00:00Z,-17.325,178.425,0.0
2018-04-06T12:00:00Z,-17.325,178.475,0.0
2018-04-06T12:00:00Z,-17.325,178.525,0.0
2018-04-06T12:00:00Z,-17.325,178.575,0.14
2018-04-06T12:00:00Z,-17.325,178.625,0.15
2018-04-06T12:00:00Z,-17.375,178.375,0.0
2018-04-06T12:00:00Z,-17.375,178.425,0.0
2018-04-06T12:00:00Z,-17.375,178.475,0.0
2018-04-06T12:00:00Z,-17.375,178.525,0.0
2018-04-06T12:00:00Z,-17.375,178.575,0.14
2018-04-06T12:00:00Z,-17.375,178.625,0.15
2018-04-06T12:00:00Z,-17.425,178.375,0.0
2018-04-06T12:00:00Z,-17.425,178.425,0.0
2018-04-06T12:00:00Z,-17.425,178.475,0.0
2018-04-06T12:00:00Z,-17.425,178.525,0.0
2018-04-06T12:00:00Z,-17.425,178.575,0.29
2018-04-06T12:00:00Z,-17.425,178.625,0.29
2018-04-06T12:00:00Z,-17.475,178.375,0.14
2018-04-06T12:00:00Z,-17.475,178.425,0.0
2018-04-06T12:00:00Z,-17.475,178.475,0.0
2018-04-06T12:00:00Z,-17.475,178.525,0.0
2018-04-06T12:00:00Z,-17.475,178.575,0.29
2018-04-06T12:00:00Z,-17.475,178.625,0.29
2018-04-06T12:00:00Z,-17.525,178.375,0.44
2018-04-06T12:00:00Z,-17.525,178.425,0.29
2018-04-06T12:00:00Z,-17.525,178.475,0.14
2018-04-06T12:00:00Z,-17.525,178.525,0.29
2018-04-06T12:00:00Z,-17.525,178.575,0.29
2018-04-06T12:00:00Z,-17.525,178.625,0.44
2018-04-06T12:00:00Z,-17.575,178.375,0.74
2018-04-06T12:00:00Z,-17.575,178.425,0.58
2018-04-06T12:00:00Z,-17.575,178.475,0.58
2018-04-06T12:00:00Z,-17.575,178.525,0.59
2018-04-06T12:00:00Z,-17.575,178.575,0.73
2018-04-06T12:00:00Z,-17.575,178.625,0.6
2018-04-06T12:00:00Z,-17.625,178.375,NaN
2018-04-06T12:00:00Z,-17.625,178.425,NaN
2018-04-06T12:00:00Z,-17.625,178.475,NaN
2018-04-06T12:00:00Z,-17.625,178.525,0.9
2018-04-06T12:00:00Z,-17.625,178.575,1.05
2018-04-06T12:00:00Z,-17.625,178.625,1.05
2018-04-06T12:00:00Z,-17.675,178.375,NaN
2018-04-06T12:00:00Z,-17.675,178.425,NaN
2018-04-06T12:00:00Z,-17.675,178.475,NaN
2018-04-06T12:00:00Z,-17.675,178.525,NaN
2018-04-06T12:00:00Z,-17.675,178.575,1.36
2018-04-06T12:00:00Z,-17.675,178.625,1.35
2018-05-06T12:00:00Z,-17.325,178.375,0.0
2018-05-06T12:00:00Z,-17.325,178.425,0.0
2018-05-06T12:00:00Z,-17.325,178.475,0.0
2018-05-06T12:00:00Z,-17.325,178.525,0.0
2018-05-06T12:00:00Z,-17.325,178.575,0.0
2018-05-06T12:00:00Z,-17.325,178.625,0.0
2018-05-06T12:00:00Z,-17.375,178.375,0.0
2018-05-06T12:00:00Z,-17.375,178.425,0.0
2018-05-06T12:00:00Z,-17.375,178.475,0.0
2018-05-06T12:00:00Z,-17.375,178.525,0.0
2018-05-06T12:00:00Z,-17.375,178.575,0.0
2018-05-06T12:00:00Z,-17.375,178.625,0.0
2018-05-06T12:00:00Z,-17.425,178.375,0.0
2018-05-06T12:00:00Z,-17.425,178.425,0.0
2018-05-06T12:00:00Z,-17.425,178.475,0.0
2018-05-06T12:00:00Z,-17.425,178.525,0.0
2018-05-06T12:00:00Z,-17.425,178.575,0.14
2018-05-06T12:00:00Z,-17.425,178.625,0.14
2018-05-06T12:00:00Z,-17.475,178.375,0.14
2018-05-06T12:00:00Z,-17.475,178.425,0.0
2018-05-06T12:00:00Z,-17.475,178.475,0.0
2018-05-06T12:00:00Z,-17.475,178.525,0.0
2018-05-06T12:00:00Z,-17.475,178.575,0.14
2018-05-06T12:00:00Z,-17.475,178.625,0.14
2018-05-06T12:00:00Z,-17.525,178.375,0.44
2018-05-06T12:00:00Z,-17.525,178.425,0.29
2018-05-06T12:00:00Z,-17.525,178.475,0.14
2018-05-06T12:00:00Z,-17.525,178.525,0.14
2018-05-06T12:00:00Z,-17.525,178.575,0.14
2018-05-06T12:00:00Z,-17.525,178.625,0.29
2018-05-06T12:00:00Z,-17.575,178.375,0.74
2018-05-06T12:00:00Z,-17.575,178.425,0.44
2018-05-06T12:00:00Z,-17.575,178.475,0.44
2018-05-06T12:00:00Z,-17.575,178.525,0.44
2018-05-06T12:00:00Z,-17.575,178.575,0.58
2018-05-06T12:00:00Z,-17.575,178.625,0.44
2018-05-06T12:00:00Z,-17.625,178.375,NaN
2018-05-06T12:00:00Z,-17.625,178.425,NaN
2018-05-06T12:00:00Z,-17.625,178.475,NaN
2018-05-06T12:00:00Z,-17.625,178.525,0.74
2018-05-06T12:00:00Z,-17.625,178.575,0.89
2018-05-06T12:00:00Z,-17.625,178.625,0.89
2018-05-06T12:00:00Z,-17.675,178.375,NaN
2018-05-06T12:00:00Z,-17.675,178.425,NaN
2018-05-06T12:00:00Z,-17.675,178.475,NaN
2018-05-06T12:00:00Z,-17.675,178.525,NaN
2018-05-06T12:00:00Z,-17.675,178.575,1.2
2018-05-06T12:00:00Z,-17.675,178.625,1.19
2018-06-05T12:00:00Z,-17.325,178.375,0.0
2018-06-05T12:00:00Z,-17.325,178.425,0.0
2018-06-05T12:00:00Z,-17.325,178.475,0.0
2018-06-05T12:00:00Z,-17.325,178.525,0.0
2018-06-05T12:00:00Z,-17.325,178.575,0.0
2018-06-05T12:00:00Z,-17.325,178.625,0.0
2018-06-05T12:00:00Z,-17.375,178.375,0.0
2018-06-05T12:00:00Z,-17.375,178.425,0.0
2018-06-05T12:00:00Z,-17.375,178.475,0.0
2018-06-05T12:00:00Z,-17.375,178.525,0.0
2018-06-05T12:00:00Z,-17.375,178.575,0.0
2018-06-05T12:00:00Z,-17.375,178.625,0.0
2018-06-05T12:00:00Z,-17.425,178.375,0.0
2018-06-05T12:00:00Z,-17.425,178.425,0.0
2018-06-05T12:00:00Z,-17.425,178.475,0.0
2018-06-05T12:00:00Z,-17.425,178.525,0.0
2018-06-05T12:00:00Z,-17.425,178.575,0.14
2018-06-05T12:00:00Z,-17.425,178.625,0.14
2018-06-05T12:00:00Z,-17.475,178.375,0.0
2018-06-05T12:00:00Z,-17.475,178.425,0.0
2018-06-05T12:00:00Z,-17.475,178.475,0.0
2018-06-05T12:00:00Z,-17.475,178.525,0.0
2018-06-05T12:00:00Z,-17.475,178.575,0.14
2018-06-05T12:00:00Z,-17.475,178.625,0.14
2018-06-05T12:00:00Z,-17.525,178.375,0.29
2018-06-05T12:00:00Z,-17.525,178.425,0.14
2018-06-05T12:00:00Z,-17.525,178.475,0.0
2018-06-05T12:00:00Z,-17.525,178.525,0.14
2018-06-05T12:00:00Z,-17.525,178.575,0.14
2018-06-05T12:00:00Z,-17.525,178.625,0.14
2018-06-05T12:00:00Z,-17.575,178.375,0.58
2018-06-05T12:00:00Z,-17.575,178.425,0.29
2018-06-05T12:00:00Z,-17.575,178.475,0.29
2018-06-05T12:00:00Z,-17.575,178.525,0.29
2018-06-05T12:00:00Z,-17.575,178.575,0.29
2018-06-05T12:00:00Z,-17.575,178.625,0.29
2018-06-05T12:00:00Z,-17.625,178.375,NaN
2018-06-05T12:00:00Z,-17.625,178.425,NaN
2018-06-05T12:00:00Z,-17.625,178.475,NaN
2018-06-05T12:00:00Z,-17.625,178.525,0.45
2018-06-05T12:00:00Z,-17.625,178.575,0.59
2018-06-05T12:00:00Z,-17.625,178.625,0.59
2018-06-05T12:00:00Z,-17.675,178.375,NaN
2018-06-05T12:00:00Z,-17.675,178.425,NaN
2018-06-05T12:00:00Z,-17.675,178.475,NaN
2018-06-05T12:00:00Z,-17.675,178.525,NaN
2018-06-05T12:00:00Z,-17.675,178.575,0.9
2018-06-05T12:00:00Z,-17.675,178.625,0.89
2018-07-05T12:00:00Z,-17.325,178.375,0.0
2018-07-05T12:00:00Z,-17.325,178.425,0.0
2018-07-05T12:00:00Z,-17.325,178.475,0.0
2018-07-05T12:00:00Z,-17.325,178.525,0.0
2018-07-05T12:00:00Z,-17.325,178.575,0.0
2018-07-05T12:00:00Z,-17.325,178.625,0.0
2018-07-05T12:00:00Z,-17.375,178.375,0.0
2018-07-05T12:00:00Z,-17.375,178.425,0.0
2018-07-05T12:00:00Z,-17.375,178.475,0.0
2018-07-05T12:00:00Z,-17.375,178.525,0.0
2018-07-05T12:00:00Z,-17.375,178.575,0.0
2018-07-05T12:00:00Z,-17.375,178.625,0.0
2018-07-05T12:00:00Z,-17.425,178.375,0.0
2018-07-05T12:00:00Z,-17.425,178.425,0.0
2018-07-05T12:00:00Z,-17.425,178.475,0.0
2018-07-05T12:00:00Z,-17.425,178.525,0.0
2018-07-05T12:00:00Z,-17.425,178.575,0.0
2018-07-05T12:00:00Z,-17.425,178.625,0.0
2018-07-05T12:00:00Z,-17.475,178.375,0.0
2018-07-05T12:00:00Z,-17.475,178.425,0.0
2018-07-05T12:00:00Z,-17.475,178.475,0.0
2018-07-05T12:00:00Z,-17.475,178.525,0.0
2018-07-05T12:00:00Z,-17.475,178.575,0.0
2018-07-05T12:00:00Z,-17.475,178.625,0.0
2018-07-05T12:00:00Z,-17.525,178.375,0.0
2018-07-05T12:00:00Z,-17.525,178.425,0.0
2018-07-05T12:00:00Z,-17.525,178.475,0.0
2018-07-05T12:00:00Z,-17.525,178.525,0.0
2018-07-05T12:00:00Z,-17.525,178.575,0.0
2018-07-05T12:00:00Z,-17.525,178.625,0.0
2018-07-05T12:00:00Z,-17.575,178.375,0.0
2018-07-05T12:00:00Z,-17.575,178.425,0.0
2018-07-05T12:00:00Z,-17.575,178.475,0.0
2018-07-05T12:00:00Z,-17.575,178.525,0.0
2018-07-05T12:00:00Z,-17.575,178.575,0.0
2018-07-05T12:00:00Z,-17.575,178.625,0.0
2018-07-05T12:00:00Z,-17.625,178.375,NaN
2018-07-05T12:00:00Z,-17.625,178.425,NaN
2018-07-05T12:00:00Z,-17.625,178.475,NaN
2018-07-05T12:00:00Z,-17.625,178.525,0.0
2018-07-05T12:00:00Z,-17.625,178.575,0.0
2018-07-05T12:00:00Z,-17.625,178.625,0.0
2018-07-05T12:00:00Z,-17.675,178.375,NaN
2018-07-05T12:00:00Z,-17.675,178.425,NaN
2018-07-05T12:00:00Z,-17.675,178.475,NaN
2018-07-05T12:00:00Z,-17.675,178.525,NaN
2018-07-05T12:00:00Z,-17.675,178.575,0.0
2018-07-05T12:00:00Z,-17.675,178.625,0.0
2018-08-04T12:00:00Z,-17.325,178.375,0.0
2018-08-04T12:00:00Z,-17.325,178.425,0.0
2018-08-04T12:00:00Z,-17.325,178.475,0.0
2018-08-04T12:00:00Z,-17.325,178.525,0.0
2018-08-04T12:00:00Z,-17.325,178.575,0.0
2018-08-04T12:00:00Z,-17.325,178.625,0.0
2018-08-04T12:00:00Z,-17.375,178.375,0.0
2018-08-04T12:00:00Z,-17.375,178.425,0.0
2018-08-04T12:00:00Z,-17.375,178.475,0.0
2018-08-04T12:00:00Z,-17.375,178.525,0.0
2018-08-04T12:00:00Z,-17.375,178.575,0.0
2018-08-04T12:00:00Z,-17.375,178.625,0.0
2018-08-04T12:00:00Z,-17.425,178.375,0.0
2018-08-04T12:00:00Z,-17.425,178.425,0.0
2018-08-04T12:00:00Z,-17.425,178.475,0.0
2018-08-04T12:00:00Z,-17.425,178.525,0.0
2018-08-04T12:00:00Z,-17.425,178.575,0.0
2018-08-04T12:00:00Z,-17.425,178.625,0.0
2018-08-04T12:00:00Z,-17.475,178.375,0.0
2018-08-04T12:00:00Z,-17.475,178.425,0.0
2018-08-04T12:00:00Z,-17.475,178.475,0.0
2018-08-04T12:00:00Z,-17.475,178.525,0.0
2018-08-04T12:00:00Z,-17.475,178.575,0.0
2018-08-04T12:00:00Z,-17.475,178.625,0.0
2018-08-04T12:00:00Z,-17.525,178.375,0.0
2018-08-04T12:00:00Z,-17.525,178.425,0.0
2018-08-04T12:00:00Z,-17.525,178.475,0.0
2018-08-04T12:00:00Z,-17.525,178.525,0.0
2018-08-04T12:00:00Z,-17.525,178.575,0.0
2018-08-04T12:00:00Z,-17.525,178.625,0.0
2018-08-04T12:00:00Z,-17.575,178.375,0.0
2018-08-04T12:00:00Z,-17.575,178.425,0.0
2018-08-04T12:00:00Z,-17.575,178.475,0.0
2018-08-04T12:00:00Z,-17.575,178.525,0.0
2018-08-04T12:00:00Z,-17.575,178.575,0.0
2018-08-04T12:00:00Z,-17.575,178.625,0.0
2018-08-04T12:00:00Z,-17.625,178.375,NaN
2018-08-04T12:00:00Z,-17.625,178.425,NaN
2018-08-04T12:00:00Z,-17.625,178.475,NaN
2018-08-04T12:00:00Z,-17.625,178.525,0.0
2018-08-04T12:00:00Z,-17.625,178.575,0.0
2018-08-04T12:00:00Z,-17.625,178.625,0.0
2018-08-04T12:00:00Z,-17.675,178.375,NaN
2018-08-04T12:00:00Z,-17.675,178.425,NaN
2018-08-04T12:00:00Z,-17.675,178.475,NaN
2018-08-04T12:00:00Z,-17.675,178.525,NaN
2018-08-04T12:00:00Z,-17.675,178.575,0.0
2018-08-04T12:00:00Z,-17.675,178.625,0.0
2018-09-03T12:00:00Z,-17.325,178.375,0.0
2018-09-03T12:00:00Z,-17.325,178.425,0.0
2018-09-03T12:00:00Z,-17.325,178.475,0.0
2018-09-03T12:00:00Z,-17.325,178.525,0.0
2018-09-03T12:00:00Z,-17.325,178.575,0.0
2018-09-03T12:00:00Z,-17.325,178.625,0.0
2018-09-03T12:00:00Z,-17.375,178.375,0.0
2018-09-03T12:00:00Z,-17.375,178.425,0.0
2018-09-03T12:00:00Z,-17.375,178.475,0.0
2018-09-03T12:00:00Z,-17.375,178.525,0.0
2018-09-03T12:00:00Z,-17.375,178.575,0.0
2018-09-03T12:00:00Z,-17.375,178.625,0.0
2018-09-03T12:00:00Z,-17.425,178.375,0.0
2018-09-03T12:00:00Z,-17.425,178.425,0.0
2018-09-03T12:00:00Z,-17.425,178.475,0.0
2018-09-03T12:00:00Z,-17.425,178.525,0.0
2018-09-03T12:00:00Z,-17.425,178.575,0.0
2018-09-03T12:00:00Z,-17.425,178.625,0.0
2018-09-03T12:00:00Z,-17.475,178.375,0.0
2018-09-03T12:00:00Z,-17.475,178.425,0.0
2018-09-03T12:00:00Z,-17.475,178.475,0.0
2018-09-03T12:00:00Z,-17.475,178.525,0.0
2018-09-03T12:00:00Z,-17.475,178.575,0.0
2018-09-03T12:00:00Z,-17.475,178.625,0.0
2018-09-03T12:00:00Z,-17.525,178.375,0.0
2018-09-03T12:00:00Z,-17.525,178.425,0.0
2018-09-03T12:00:00Z,-17.525,178.475,0.0
2018-09-03T12:00:00Z,-17.525,178.525,0.0
2018-09-03T12:00:00Z,-17.525,178.575,0.0
2018-09-03T12:00:00Z,-17.525,178.625,0.0
2018-09-03T12:00:00Z,-17.575,178.375,0.0
2018-09-03T12:00:00Z,-17.575,178.425,0.0
2018-09-03T12:00:00Z,-17.575,178.475,0.0
2018-09-03T12:00:00Z,-17.575,178.525,0.0
2018-09-03T12:00:00Z,-17.575,178.575,0.0
2018-09-03T12:00:00Z,-17.575,178.625,0.0
2018-09-03T12:00:00Z,-17.625,178.375,NaN
2018-09-03T12:00:00Z,-17.625,178.425,NaN
2018-09-03T12:00:00Z,-17.625,178.475,NaN
2018-09-03T12:00:00Z,-17.625,178.525,0.0
2018-09-03T12:00:00Z,-17.625,178.575,0.0
2018-09-03T12:00:00Z,-17.625,178.625,0.0
2018-09-03T12:00:00Z,-17.675,178.375,NaN
2018-09-03T12:00:00Z,-17.675,178.425,NaN
2018-09-03T12:00:00Z,-17.675,178.475,NaN
2018-09-03T12:00:00Z,-17.675,178.525,NaN
2018-09-03T12:00:00Z,-17.675,178.575,0.0
2018-09-03T12:00:00Z,-17.675,178.625,0.0
2018-10-03T12:00:00Z,-17.325,178.375,0.0
2018-10-03T12:00:00Z,-17.325,178.425,0.0
2018-10-03T12:00:00Z,-17.325,178.475,0.0
2018-10-03T12:00:00Z,-17.325,178.525,0.0
2018-10-03T12:00:00Z,-17.325,178.575,0.0
2018-10-03T12:00:00Z,-17.325,178.625,0.0
2018-10-03T12:00:00Z,-17.375,178.375,0.0
2018-10-03T12:00:00Z,-17.375,178.425,0.0
2018-10-03T12:00:00Z,-17.375,178.475,0.0
2018-10-03T12:00:00Z,-17.375,178.525,0.0
2018-10-03T12:00:00Z,-17.375,178.575,0.0
2018-10-03T12:00:00Z,-17.375,178.625,0.0
2018-10-03T12:00:00Z,-17.425,178.375,0.0
2018-10-03T12:00:00Z,-17.425,178.425,0.0
2018-10-03T12:00:00Z,-17.425,178.475,0.0
2018-10-03T12:00:00Z,-17.425,178.525,0.0
2018-10-03T12:00:00Z,-17.425,178.575,0.0
2018-10-03T12:00:00Z,-17.425,178.625,0.0
2018-10-03T12:00:00Z,-17.475,178.375,0.0
2018-10-03T12:00:00Z,-17.475,178.425,0.0
2018-10-03T12:00:00Z,-17.475,178.475,0.0
2018-10-03T12:00:00Z,-17.475,178.525,0.0
2018-10-03T12:00:00Z,-17.475,178.575,0.0
2018-10-03T12:00:00Z,-17.475,178.625,0.0
2018-10-03T12:00:00Z,-17.525,178.375,0.0
2018-10-03T12:00:00Z,-17.525,178.425,0.0
2018-10-03T12:00:00Z,-17.525,178.475,0.0
2018-10-03T12:00:00Z,-17.525,178.525,0.0
2018-10-03T12:00:00Z,-17.525,178.575,0.0
2018-10-03T12:00:00Z,-17.525,178.625,0.0
2018-10-03T12:00:00Z,-17.575,178.375,0.0
2018-10-03T12:00:00Z,-17.575,178.425,0.0
2018-10-03T12:00:00Z,-17.575,178.475,0.0
2018-10-03T12:00:00Z,-17.575,178.525,0.0
2018-10-03T12:00:00Z,-17.575,178.575,0.0
2018-10-03T12:00:00Z,-17.575,178.625,0.0
2018-10-03T12:00:00Z,-17.625,178.375,NaN
2018-10-03T12:00:00Z,-17.625,178.425,NaN
2018-10-03T12:00:00Z,-17.625,178.475,NaN
2018-10-03T12:00:00Z,-17.625,178.525,0.0
2018-10-03T12:00:00Z,-17.625,178.575,0.0
2018-10-03T12:00:00Z,-17.625,178.625,0.0
2018-10-03T12:00:00Z,-17.675,178.375,NaN
2018-10-03T12:00:00Z,-17.675,178.425,NaN
2018-10-03T12:00:00Z,-17.675,178.475,NaN
2018-10-03T12:00:00Z,-17.675,178.525,NaN
2018-10-03T12:00:00Z,-17.675,178.575,0.0
2018-10-03T12:00:00Z,-17.675,178.625,0.0
2018-11-02T12:00:00Z,-17.325,178.375,0.0
2018-11-02T12:00:00Z,-17.325,178.425,0.0
2018-11-02T12:00:00Z,-17.325,178.475,0.0
2018-11-02T12:00:00Z,-17.325,178.525,0.0
2018-11-02T12:00:00Z,-17.325,178.575,0.0
2018-11-02T12:00:00Z,-17.325,178.625,0.0
2018-11-02T12:00:00Z,-17.375,178.375,0.0
2018-11-02T12:00:00Z,-17.375,178.425,0.0
2018-11-02T12:00:00Z,-17.375,178.475,0.0
2018-11-02T12:00:00Z,-17.375,178.525,0.0
2018-11-02T12:00:00Z,-17.375,178.575,0.0
2018-11-02T12:00:00Z,-17.375,178.625,0.0
2018-11-02T12:00:00Z,-17.425,178.375,0.0
2018-11-02T12:00:00Z,-17.425,178.425,0.0
2018-11-02T12:00:00Z,-17.425,178.475,0.0
2018-11-02T12:00:00Z,-17.425,178.525,0.0
2018-11-02T12:00:00Z,-17.425,178.575,0.0
2018-11-02T12:00:00Z,-17.425,178.625,0.0
2018-11-02T12:00:00Z,-17.475,178.375,0.0
2018-11-02T12:00:00Z,-17.475,178.425,0.0
2018-11-02T12:00:00Z,-17.475,178.475,0.0
2018-11-02T12:00:00Z,-17.475,178.525,0.0
2018-11-02T12:00:00Z,-17.475,178.575,0.0
2018-11-02T12:00:00Z,-17.475,178.625,0.0
2018-11-02T12:00:00Z,-17.525,178.375,0.0
2018-11-02T12:00:00Z,-17.525,178.425,0.0
2018-11-02T12:00:00Z,-17.525,178.475,0.0
2018-11-02T12:00:00Z,-17.525,178.525,0.0
2018-11-02T12:00:00Z,-17.525,178.575,0.0
2018-11-02T12:00:00Z,-17.525,178.625,0.0
2018-11-02T12:00:00Z,-17.575,178.375,0.0
2018-11-02T12:00:00Z,-17.575,178.425,0.0
2018-11-02T12:00:00Z,-17.575,178.475,0.0
2018-11-02T12:00:00Z,-17.575,178.525,0.0
2018-11-02T12:00:00Z,-17.575,178.575,0.0
2018-11-02T12:00:00Z,-17.575,178.625,0.0
2018-11-02T12:00:00Z,-17.625,178.375,NaN
2018-11-02T12:00:00Z,-17.625,178.425,NaN
2018-11-02T12:00:00Z,-17.625,178.475,NaN
2018-11-02T12:00:00Z,-17.625,178.525,0.0
2018-11-02T12:00:00Z,-17.625,178.575,0.0
2018-11-02T12:00:00Z,-17.625,178.625,0.0
2018-11-02T12:00:00Z,-17.675,178.375,NaN
2018-11-02T12:00:00Z,-17.675,178.425,NaN
2018-11-02T12:00:00Z,-17.675,178.475,NaN
2018-11-02T12:00:00Z,-17.675,178.525,NaN
2018-11-02T12:00:00Z,-17.675,178.575,0.0
2018-11-02T12:00:00Z,-17.675,178.625,0.0
2018-12-02T12:00:00Z,-17.325,178.375,0.0
2018-12-02T12:00:00Z,-17.325,178.425,0.0
2018-12-02T12:00:00Z,-17.325,178.475,0.0
2018-12-02T12:00:00Z,-17.325,178.525,0.0
2018-12-02T12:00:00Z,-17.325,178.575,0.0
2018-12-02T12:00:00Z,-17.325,178.625,0.0
2018-12-02T12:00:00Z,-17.375,178.375,0.0
2018-12-02T12:00:00Z,-17.375,178.425,0.0
2018-12-02T12:00:00Z,-17.375,178.475,0.0
2018-12-02T12:00:00Z,-17.375,178.525,0.0
2018-12-02T12:00:00Z,-17.375,178.575,0.0
2018-12-02T12:00:00Z,-17.375,178.625,0.0
2018-12-02T12:00:00Z,-17.425,178.375,0.0
2018-12-02T12:00:00Z,-17.425,178.425,0.0
2018-12-02T12:00:00Z,-17.425,178.475,0.0
2018-12-02T12:00:00Z,-17.425,178.525,0.0
2018-12-02T12:00:00Z,-17.425,178.575,0.0
2018-12-02T12:00:00Z,-17.425,178.625,0.0
2018-12-02T12:00:00Z,-17.475,178.375,0.0
2018-12-02T12:00:00Z,-17.475,178.425,0.0
2018-12-02T12:00:00Z,-17.475,178.475,0.0
2018-12-02T12:00:00Z,-17.475,178.525,0.0
2018-12-02T12:00:00Z,-17.475,178.575,0.0
2018-12-02T12:00:00Z,-17.475,178.625,0.0
2018-12-02T12:00:00Z,-17.525,178.375,0.0
2018-12-02T12:00:00Z,-17.525,178.425,0.0
2018-12-02T12:00:00Z,-17.525,178.475,0.0
2018-12-02T12:00:00Z,-17.525,178.525,0.0
2018-12-02T12:00:00Z,-17.525,178.575,0.0
2018-12-02T12:00:00Z,-17.525,178.625,0.0
2018-12-02T12:00:00Z,-17.575,178.375,0.0
2018-12-02T12:00:00Z,-17.575,178.425,0.0
2018-12-02T12:00:00Z,-17.575,178.475,0.0
2018-12-02T12:00:00Z,-17.575,178.525,0.0
2018-12-02T12:00:00Z,-17.575,178.575,0.0
2018-12-02T12:00:00Z,-17.575,178.625,0.0
2018-12-02T12:00:00Z,-17.625,178.375,NaN
2018-12-02T12:00:00Z,-17.625,178.425,NaN
2018-12-02T12:00:00Z,-17.625,178.475,NaN
2018-12-02T12:00:00Z,-17.625,178.525,0.0
2018-12-02T12:00:00Z,-17.625,178.575,0.0
2018-12-02T12:00:00Z,-17.625,178.625,0.0
2018-12-02T12:00:00Z,-17.675,178.375,NaN
2018-12-02T12:00:00Z,-17.675,178.425,NaN
2018-12-02T12:00:00Z,-17.675,178.475,NaN
2018-12-02T12:00:00Z,-17.675,178.525,NaN
2018-12-02T12:00:00Z,-17.675,178.575,0.0
2018-12-02T12:00:00Z,-17.675,178.625,0.0
2019-01-01T12:00:00Z,-17.325,178.375,0.0
2019-01-01T12:00:00Z,-17.325,178.425,0.0
2019-01-01T12:00:00Z,-17.325,178.475,0.0
2019-01-01T12:00:00Z,-17.325,178.525,0.0
2019-01-01T12:00:00Z,-17.325,178.575,0.0
2019-01-01T12:00:00Z,-17.325,178.625,0.0
2019-01-01T12:00:00Z,-17.375,178.375,0.0
2019-01-01T12:00:00Z,-17.375,178.425,0.0
2019-01-01T12:00:00Z,-17.375,178.475,0.0
2019-01-01T12:00:00Z,-17.375,178.525,0.0
2019-01-01T12:00:00Z,-17.375,178.575,0.0
2019-01-01T12:00:00Z,-17.375,178.625,0.0
2019-01-01T12:00:00Z,-17.425,178.375,0.0
2019-01-01T12:00:00Z,-17.425,178.425,0.0
2019-01-01T12:00:00Z,-17.425,178.475,0.0
2019-01-01T12:00:00Z,-17.425,178.525,0.0
2019-01-01T12:00:00Z,-17.425,178.575,0.0
2019-01-01T12:00:00Z,-17.425,178.625,0.0
2019-01-01T12:00:00Z,-17.475,178.375,0.0
2019-01-01T12:00:00Z,-17.475,178.425,0.0
2019-01-01T12:00:00Z,-17.475,178.475,0.0
2019-01-01T12:00:00Z,-17.475,178.525,0.0
2019-01-01T12:00:00Z,-17.475,178.575,0.0
2019-01-01T12:00:00Z,-17.475,178.625,0.0
2019-01-01T12:00:00Z,-17.525,178.375,0.0
2019-01-01T12:00:00Z,-17.525,178.425,0.0
2019-01-01T12:00:00Z,-17.525,178.475,0.0
2019-01-01T12:00:00Z,-17.525,178.525,0.0
2019-01-01T12:00:00Z,-17.525,178.575,0.0
2019-01-01T12:00:00Z,-17.525,178.625,0.0
2019-01-01T12:00:00Z,-17.575,178.375,0.0
2019-01-01T12:00:00Z,-17.575,178.425,0.0
2019-01-01T12:00:00Z,-17.575,178.475,0.0
2019-01-01T12:00:00Z,-17.575,178.525,0.0
2019-01-01T12:00:00Z,-17.575,178.575,0.0
2019-01-01T12:00:00Z,-17.575,178.625,0.0
2019-01-01T12:00:00Z,-17.625,178.375,NaN
2019-01-01T12:00:00Z,-17.625,178.425,NaN
2019-01-01T12:00:00Z,-17.625,178.475,NaN
2019-01-01T12:00:00Z,-17.625,178.525,0.0
2019-01-01T12:00:00Z,-17.625,178.575,0.0
2019-01-01T12:00:00Z,-17.625,178.625,0.0
2019-01-01T12:00:00Z,-17.675,178.375,NaN
2019-01-01T12:00:00Z,-17.675,178.425,NaN
2019-01-01T12:00:00Z,-17.675,178.475,NaN
2019-01-01T12:00:00Z,-17.675,178.525,NaN
2019-01-01T12:00:00Z,-17.675,178.575,0.0
2019-01-01T12:00:00Z,-17.675,178.625,0.0
2019-01-31T12:00:00Z,-17.325,178.375,0.0
2019-01-31T12:00:00Z,-17.325,178.425,0.0
2019-01-31T12:00:00Z,-17.325,178.475,0.0
2019-01-31T12:00:00Z,-17.325,178.525,0.0
2019-01-31T12:00:00Z,-17.325,178.575,0.0
2019-01-31T12:00:00Z,-17.325,178.625,0.0
2019-01-31T12:00:00Z,-17.375,178.375,0.0
2019-01-31T12:00:00Z,-17.375,178.425,0.0
2019-01-31T12:00:00Z,-17.375,178.475,0.0
2019-01-31T12:00:00Z,-17.375,178.525,0.0
2019-01-31T12:00:00Z,-17.375,178.575,0.0
2019-01-31T12:00:00Z,-17.375,178.625,0.0
2019-01-31T12:00:00Z,-17.425,178.375,0.0
2019-01-31T12:00:00Z,-17.425,178.425,0.0
2019-01-31T12:00:00Z,-17.425,178.475,0.0
2019-01-31T12:00:00Z,-17.425,178.525,0.0
2019-01-31T12:00:00Z,-17.425,178.575,0.0
2019-01-31T12:00:00Z,-17.425,178.625,0.0
2019-01-31T12:00:00Z,-17.475,178.375,0.0
2019-01-31T12:00:00Z,-17.475,178.425,0.0
2019-01-31T12:00:00Z,-17.475,178.475,0.0
2019-01-31T12:00:00Z,-17.475,178.525,0.0
2019-01-31T12:00:00Z,-17.475,178.575,0.0
2019-01-31T12:00:00Z,-17.475,178.625,0.0
2019-01-31T12:00:00Z,-17.525,178.375,0.15
2019-01-31T12:00:00Z,-17.525,178.425,0.15
2019-01-31T12:00:00Z,-17.525,178.475,0.0
2019-01-31T12:00:00Z,-17.525,178.525,0.0
2019-01-31T12:00:00Z,-17.525,178.575,0.0
2019-01-31T12:00:00Z,-17.525,178.625,0.0
2019-01-31T12:00:00Z,-17.575,178.375,0.15
2019-01-31T12:00:00Z,-17.575,178.425,0.15
2019-01-31T12:00:00Z,-17.575,178.475,0.15
2019-01-31T12:00:00Z,-17.575,178.525,0.14
2019-01-31T12:00:00Z,-17.575,178.575,0.0
2019-01-31T12:00:00Z,-17.575,178.625,0.0
2019-01-31T12:00:00Z,-17.625,178.375,NaN
2019-01-31T12:00:00Z,-17.625,178.425,NaN
2019-01-31T12:00:00Z,-17.625,178.475,NaN
2019-01-31T12:00:00Z,-17.625,178.525,0.15
2019-01-31T12:00:00Z,-17.625,178.575,0.15
2019-01-31T12:00:00Z,-17.625,178.625,0.14
2019-01-31T12:00:00Z,-17.675,178.375,NaN
2019-01-31T12:00:00Z,-17.675,178.425,NaN
2019-01-31T12:00:00Z,-17.675,178.475,NaN
2019-01-31T12:00:00Z,-17.675,178.525,NaN
2019-01-31T12:00:00Z,-17.675,178.575,0.15
2019-01-31T12:00:00Z,-17.675,178.625,0.15
2019-03-02T12:00:00Z,-17.325,178.375,1.2
2019-03-02T12:00:00Z,-17.325,178.425,1.05
2019-03-02T12:00:00Z,-17.325,178.475,1.07
2019-03-02T12:00:00Z,-17.325,178.525,1.24
2019-03-02T12:00:00Z,-17.325,178.575,1.27
2019-03-02T12:00:00Z,-17.325,178.625,1.28
2019-03-02T12:00:00Z,-17.375,178.375,1.19
2019-03-02T12:00:00Z,-17.375,178.425,1.19
2019-03-02T12:00:00Z,-17.375,178.475,1.2
2019-03-02T12:00:00Z,-17.375,178.525,1.23
2019-03-02T12:00:00Z,-17.375,178.575,1.24
2019-03-02T12:00:00Z,-17.375,178.625,1.26
2019-03-02T12:00:00Z,-17.425,178.375,1.04
2019-03-02T12:00:00Z,-17.425,178.425,1.18
2019-03-02T12:00:00Z,-17.425,178.475,1.18
2019-03-02T12:00:00Z,-17.425,178.525,1.05
2019-03-02T12:00:00Z,-17.425,178.575,1.07
2019-03-02T12:00:00Z,-17.425,178.625,1.24
2019-03-02T12:00:00Z,-17.475,178.375,1.04
2019-03-02T12:00:00Z,-17.475,178.425,1.03
2019-03-02T12:00:00Z,-17.475,178.475,0.89
2019-03-02T12:00:00Z,-17.475,178.525,0.9
2019-03-02T12:00:00Z,-17.475,178.575,0.91
2019-03-02T12:00:00Z,-17.475,178.625,1.07
2019-03-02T12:00:00Z,-17.525,178.375,0.91
2019-03-02T12:00:00Z,-17.525,178.425,1.03
2019-03-02T12:00:00Z,-17.525,178.475,0.88
2019-03-02T12:00:00Z,-17.525,178.525,0.9
2019-03-02T12:00:00Z,-17.525,178.575,0.9
2019-03-02T12:00:00Z,-17.525,178.625,1.06
2019-03-02T12:00:00Z,-17.575,178.375,0.91
2019-03-02T12:00:00Z,-17.575,178.425,1.03
2019-03-02T12:00:00Z,-17.575,178.475,1.02
2019-03-02T12:00:00Z,-17.575,178.525,1.03
2019-03-02T12:00:00Z,-17.575,178.575,1.04
2019-03-02T12:00:00Z,-17.575,178.625,1.05
2019-03-02T12:00:00Z,-17.625,178.375,NaN
2019-03-02T12:00:00Z,-17.625,178.425,NaN
2019-03-02T12:00:00Z,-17.625,178.475,NaN
2019-03-02T12:00:00Z,-17.625,178.525,1.03
2019-03-02T12:00:00Z,-17.625,178.575,1.18
2019-03-02T12:00:00Z,-17.625,178.625,1.18
2019-03-02T12:00:00Z,-17.675,178.375,NaN
2019-03-02T12:00:00Z,-17.675,178.425,NaN
2019-03-02T12:00:00Z,-17.675,178.475,NaN
2019-03-02T12:00:00Z,-17.675,178.525,NaN
2019-03-02T12:00:00Z,-17.675,178.575,1.02
2019-03-02T12:00:00Z,-17.675,178.625,1.02
2019-04-01T12:00:00Z,-17.325,178.375,1.2
2019-04-01T12:00:00Z,-17.325,178.425,1.05
2019-04-01T12:00:00Z,-17.325,178.475,1.07
2019-04-01T12:00:00Z,-17.325,178.525,1.24
2019-04-01T12:00:00Z,-17.325,178.575,1.27
2019-04-01T12:00:00Z,-17.325,178.625,1.28
2019-04-01T12:00:00Z,-17.375,178.375,1.19
2019-04-01T12:00:00Z,-17.375,178.425,1.19
2019-04-01T12:00:00Z,-17.375,178.475,1.2
2019-04-01T12:00:00Z,-17.375,178.525,1.23
2019-04-01T12:00:00Z,-17.375,178.575,1.24
2019-04-01T12:00:00Z,-17.375,178.625,1.26
2019-04-01T12:00:00Z,-17.425,178.375,1.04
2019-04-01T12:00:00Z,-17.425,178.425,1.18
2019-04-01T12:00:00Z,-17.425,178.475,1.18
2019-04-01T12:00:00Z,-17.425,178.525,1.05
2019-04-01T12:00:00Z,-17.425,178.575,1.07
2019-04-01T12:00:00Z,-17.425,178.625,1.24
2019-04-01T12:00:00Z,-17.475,178.375,1.04
2019-04-01T12:00:00Z,-17.475,178.425,1.03
2019-04-01T12:00:00Z,-17.475,178.475,0.89
2019-04-01T12:00:00Z,-17.475,178.525,0.9
2019-04-01T12:00:00Z,-17.475,178.575,0.91
2019-04-01T12:00:00Z,-17.475,178.625,1.07
2019-04-01T12:00:00Z,-17.525,178.375,0.91
2019-04-01T12:00:00Z,-17.525,178.425,1.03
2019-04-01T12:00:00Z,-17.525,178.475,0.88
2019-04-01T12:00:00Z,-17.525,178.525,0.9
2019-04-01T12:00:00Z,-17.525,178.575,0.9
2019-04-01T12:00:00Z,-17.525,178.625,1.06
2019-04-01T12:00:00Z,-17.575,178.375,0.91
2019-04-01T12:00:00Z,-17.575,178.425,1.03
2019-04-01T12:00:00Z,-17.575,178.475,1.02
2019-04-01T12:00:00Z,-17.575,178.525,1.03
2019-04-01T12:00:00Z,-17.575,178.575,1.04
2019-04-01T12:00:00Z,-17.575,178.625,1.05
2019-04-01T12:00:00Z,-17.625,178.375,NaN
2019-04-01T12:00:00Z,-17.625,178.425,NaN
2019-04-01T12:00:00Z,-17.625,178.475,NaN
2019-04-01T12:00:00Z,-17.625,178.525,1.03
2019-04-01T12:00:00Z,-17.625,178.575,1.18
2019-04-01T12:00:00Z,-17.625,178.625,1.18
2019-04-01T12:00:00Z,-17.675,178.375,NaN
2019-04-01T12:00:00Z,-17.675,178.425,NaN
2019-04-01T12:00:00Z,-17.675,178.475,NaN
2019-04-01T12:00:00Z,-17.675,178.525,NaN
2019-04-01T12:00:00Z,-17.675,178.575,1.02
2019-04-01T12:00:00Z,-17.675,178.625,1.16
2019-05-01T12:00:00Z,-17.325,178.375,1.2
2019-05-01T12:00:00Z,-17.325,178.425,1.05
2019-05-01T12:00:00Z,-17.325,178.475,1.07
2019-05-01T12:00:00Z,-17.325,178.525,1.24
2019-05-01T12:00:00Z,-17.325,178.575,1.27
2019-05-01T12:00:00Z,-17.325,178.625,1.28
2019-05-01T12:00:00Z,-17.375,178.375,1.19
2019-05-01T12:00:00Z,-17.375,178.425,1.19
2019-05-01T12:00:00Z,-17.375,178.475,1.2
2019-05-01T12:00:00Z,-17.375,178.525,1.23
2019-05-01T12:00:00Z,-17.375,178.575,1.24
2019-05-01T12:00:00Z,-17.375,178.625,1.26
2019-05-01T12:00:00Z,-17.425,178.375,1.04
2019-05-01T12:00:00Z,-17.425,178.425,1.18
2019-05-01T12:00:00Z,-17.425,178.475,1.18
2019-05-01T12:00:00Z,-17.425,178.525,1.05
2019-05-01T12:00:00Z,-17.425,178.575,1.07
2019-05-01T12:00:00Z,-17.425,178.625,1.24
2019-05-01T12:00:00Z,-17.475,178.375,1.04
2019-05-01T12:00:00Z,-17.475,178.425,1.03
2019-05-01T12:00:00Z,-17.475,178.475,0.89
2019-05-01T12:00:00Z,-17.475,178.525,0.9
2019-05-01T12:00:00Z,-17.475,178.575,0.91
2019-05-01T12:00:00Z,-17.475,178.625,1.07
2019-05-01T12:00:00Z,-17.525,178.375,0.76
2019-05-01T12:00:00Z,-17.525,178.425,0.89
2019-05-01T12:00:00Z,-17.525,178.475,0.88
2019-05-01T12:00:00Z,-17.525,178.525,0.9
2019-05-01T12:00:00Z,-17.525,178.575,0.9
2019-05-01T12:00:00Z,-17.525,178.625,1.06
2019-05-01T12:00:00Z,-17.575,178.375,0.76
2019-05-01T12:00:00Z,-17.575,178.425,0.88
2019-05-01T12:00:00Z,-17.575,178.475,0.88
2019-05-01T12:00:00Z,-17.575,178.525,0.89
2019-05-01T12:00:00Z,-17.575,178.575,1.04
2019-05-01T12:00:00Z,-17.575,178.625,1.05
2019-05-01T12:00:00Z,-17.625,178.375,NaN
2019-05-01T12:00:00Z,-17.625,178.425,NaN
2019-05-01T12:00:00Z,-17.625,178.475,NaN
2019-05-01T12:00:00Z,-17.625,178.525,0.88
2019-05-01T12:00:00Z,-17.625,178.575,1.03
2019-05-01T12:00:00Z,-17.625,178.625,1.04
2019-05-01T12:00:00Z,-17.675,178.375,NaN
2019-05-01T12:00:00Z,-17.675,178.425,NaN
2019-05-01T12:00:00Z,-17.675,178.475,NaN
2019-05-01T12:00:00Z,-17.675,178.525,NaN
2019-05-01T12:00:00Z,-17.675,178.575,1.01
2019-05-01T12:00:00Z,-17.675,178.625,1.02
2019-05-31T12:00:00Z,-17.325,178.375,0.0
2019-05-31T12:00:00Z,-17.325,178.425,0.0
2019-05-31T12:00:00Z,-17.325,178.475,0.0
2019-05-31T12:00:00Z,-17.325,178.525,0.0
2019-05-31T12:00:00Z,-17.325,178.575,0.0
2019-05-31T12:00:00Z,-17.325,178.625,0.0
2019-05-31T12:00:00Z,-17.375,178.375,0.0
2019-05-31T12:00:00Z,-17.375,178.425,0.0
2019-05-31T12:00:00Z,-17.375,178.475,0.0
2019-05-31T12:00:00Z,-17.375,178.525,0.0
2019-05-31T12:00:00Z,-17.375,178.575,0.0
2019-05-31T12:00:00Z,-17.375,178.625,0.0
2019-05-31T12:00:00Z,-17.425,178.375,0.0
2019-05-31T12:00:00Z,-17.425,178.425,0.0
2019-05-31T12:00:00Z,-17.425,178.475,0.0
2019-05-31T12:00:00Z,-17.425,178.525,0.0
2019-05-31T12:00:00Z,-17.425,178.575,0.0
2019-05-31T12:00:00Z,-17.425,178.625,0.0
2019-05-31T12:00:00Z,-17.475,178.375,0.0
2019-05-31T12:00:00Z,-17.475,178.425,0.0
2019-05-31T12:00:00Z,-17.475,178.475,0.0
2019-05-31T12:00:00Z,-17.475,178.525,0.0
2019-05-31T12:00:00Z,-17.475,178.575,0.0
2019-05-31T12:00:00Z,-17.475,178.625,0.0
2019-05-31T12:00:00Z,-17.525,178.375,0.0
2019-05-31T12:00:00Z,-17.525,178.425,0.0
2019-05-31T12:00:00Z,-17.525,178.475,0.0
2019-05-31T12:00:00Z,-17.525,178.525,0.0
2019-05-31T12:00:00Z,-17.525,178.575,0.0
2019-05-31T12:00:00Z,-17.525,178.625,0.0
2019-05-31T12:00:00Z,-17.575,178.375,0.0
2019-05-31T12:00:00Z,-17.575,178.425,0.0
2019-05-31T12:00:00Z,-17.575,178.475,0.0
2019-05-31T12:00:00Z,-17.575,178.525,0.0
2019-05-31T12:00:00Z,-17.575,178.575,0.0
2019-05-31T12:00:00Z,-17.575,178.625,0.0
2019-05-31T12:00:00Z,-17.625,178.375,NaN
2019-05-31T12:00:00Z,-17.625,178.425,NaN
2019-05-31T12:00:00Z,-17.625,178.475,NaN
2019-05-31T12:00:00Z,-17.625,178.525,0.0
2019-05-31T12:00:00Z,-17.625,178.575,0.0
2019-05-31T12:00:00Z,-17.625,178.625,0.0
2019-05-31T12:00:00Z,-17.675,178.375,NaN
2019-05-31T12:00:00Z,-17.675,178.425,NaN
2019-05-31T12:00:00Z,-17.675,178.475,NaN
2019-05-31T12:00:00Z,-17.675,178.525,NaN
2019-05-31T12:00:00Z,-17.675,178.575,0.14
2019-05-31T12:00:00Z,-17.675,178.625,0.0
2019-06-30T12:00:00Z,-17.325,178.375,0.0
2019-06-30T12:00:00Z,-17.325,178.425,0.0
2019-06-30T12:00:00Z,-17.325,178.475,0.0
2019-06-30T12:00:00Z,-17.325,178.525,0.0
2019-06-30T12:00:00Z,-17.325,178.575,0.0
2019-06-30T12:00:00Z,-17.325,178.625,0.0
2019-06-30T12:00:00Z,-17.375,178.375,0.0
2019-06-30T12:00:00Z,-17.375,178.425,0.0
2019-06-30T12:00:00Z,-17.375,178.475,0.0
2019-06-30T12:00:00Z,-17.375,178.525,0.0
2019-06-30T12:00:00Z,-17.375,178.575,0.0
2019-06-30T12:00:00Z,-17.375,178.625,0.0
2019-06-30T12:00:00Z,-17.425,178.375,0.0
2019-06-30T12:00:00Z,-17.425,178.425,0.0
2019-06-30T12:00:00Z,-17.425,178.475,0.0
2019-06-30T12:00:00Z,-17.425,178.525,0.0
2019-06-30T12:00:00Z,-17.425,178.575,0.0
2019-06-30T12:00:00Z,-17.425,178.625,0.0
2019-06-30T12:00:00Z,-17.475,178.375,0.0
2019-06-30T12:00:00Z,-17.475,178.425,0.0
2019-06-30T12:00:00Z,-17.475,178.475,0.0
2019-06-30T12:00:00Z,-17.475,178.525,0.0
2019-06-30T12:00:00Z,-17.475,178.575,0.0
2019-06-30T12:00:00Z,-17.475,178.625,0.0
2019-06-30T12:00:00Z,-17.525,178.375,0.0
2019-06-30T12:00:00Z,-17.525,178.425,0.0
2019-06-30T12:00:00Z,-17.525,178.475,0.0
2019-06-30T12:00:00Z,-17.525,178.525,0.0
2019-06-30T12:00:00Z,-17.525,178.575,0.0
2019-06-30T12:00:00Z,-17.525,178.625,0.0
2019-06-30T12:00:00Z,-17.575,178.375,0.0
2019-06-30T12:00:00Z,-17.575,178.425,0.0
2019-06-30T12:00:00Z,-17.575,178.475,0.0
2019-06-30T12:00:00Z,-17.575,178.525,0.0
2019-06-30T12:00:00Z,-17.575,178.575,0.0
2019-06-30T12:00:00Z,-17.575,178.625,0.0
2019-06-30T12:00:00Z,-17.625,178.375,NaN
2019-06-30T12:00:00Z,-17.625,178.425,NaN
2019-06-30T12:00:00Z,-17.625,178.475,NaN
2019-06-30T12:00:00Z,-17.625,178.525,0.0
2019-06-30T12:00:00Z,-17.625,178.575,0.0
2019-06-30T12:00:00Z,-17.625,178.625,0.0
2019-06-30T12:00:00Z,-17.675,178.375,NaN
2019-06-30T12:00:00Z,-17.675,178.425,NaN
2019-06-30T12:00:00Z,-17.675,178.475,NaN
2019-06-30T12:00:00Z,-17.675,178.525,NaN
2019-06-30T12:00:00Z,-17.675,178.575,0.14
2019-06-30T12:00:00Z,-17.675,178.625,0.0
2019-07-30T12:00:00Z,-17.325,178.375,0.0
2019-07-30T12:00:00Z,-17.325,178.425,0.0
2019-07-30T12:00:00Z,-17.325,178.475,0.0
2019-07-30T12:00:00Z,-17.325,178.525,0.0
2019-07-30T12:00:00Z,-17.325,178.575,0.0
2019-07-30T12:00:00Z,-17.325,178.625,0.0
2019-07-30T12:00:00Z,-17.375,178.375,0.0
2019-07-30T12:00:00Z,-17.375,178.425,0.0
2019-07-30T12:00:00Z,-17.375,178.475,0.0
2019-07-30T12:00:00Z,-17.375,178.525,0.0
2019-07-30T12:00:00Z,-17.375,178.575,0.0
2019-07-30T12:00:00Z,-17.375,178.625,0.0
2019-07-30T12:00:00Z,-17.425,178.375,0.0
2019-07-30T12:00:00Z,-17.425,178.425,0.0
2019-07-30T12:00:00Z,-17.425,178.475,0.0
2019-07-30T12:00:00Z,-17.425,178.525,0.0
2019-07-30T12:00:00Z,-17.425,178.575,0.0
2019-07-30T12:00:00Z,-17.425,178.625,0.0
2019-07-30T12:00:00Z,-17.475,178.375,0.0
2019-07-30T12:00:00Z,-17.475,178.425,0.0
2019-07-30T12:00:00Z,-17.475,178.475,0.0
2019-07-30T12:00:00Z,-17.475,178.525,0.0
2019-07-30T12:00:00Z,-17.475,178.575,0.0
2019-07-30T12:00:00Z,-17.475,178.625,0.0
2019-07-30T12:00:00Z,-17.525,178.375,0.0
2019-07-30T12:00:00Z,-17.525,178.425,0.0
2019-07-30T12:00:00Z,-17.525,178.475,0.0
2019-07-30T12:00:00Z,-17.525,178.525,0.0
2019-07-30T12:00:00Z,-17.525,178.575,0.0
2019-07-30T12:00:00Z,-17.525,178.625,0.0
2019-07-30T12:00:00Z,-17.575,178.375,0.0
2019-07-30T12:00:00Z,-17.575,178.425,0.0
2019-07-30T12:00:00Z,-17.575,178.475,0.0
2019-07-30T12:00:00Z,-17.575,178.525,0.0
2019-07-30T12:00:00Z,-17.575,178.575,0.0
2019-07-30T12:00:00Z,-17.575,178.625,0.0
2019-07-30T12:00:00Z,-17.625,178.375,NaN
2019-07-30T12:00:00Z,-17.625,178.425,NaN
2019-07-30T12:00:00Z,-17.625,178.475,NaN
2019-07-30T12:00:00Z,-17.625,178.525,0.0
2019-07-30T12:00:00Z,-17.625,178.575,0.0
2019-07-30T12:00:00Z,-17.625,178.625,0.0
2019-07-30T12:00:00Z,-17.675,178.375,NaN
2019-07-30T12:00:00Z,-17.675,178.425,NaN
2019-07-30T12:00:00Z,-17.675,178.475,NaN
2019-07-30T12:00:00Z,-17.675,178.525,NaN
2019-07-30T12:00:00Z,-17.675,178.575,0.0
2019-07-30T12:00:00Z,-17.675,178.625,0.0
2019-08-29T12:00:00Z,-17.325,178.375,0.0
2019-08-29T12:00:00Z,-17.325,178.425,0.0
2019-08-29T12:00:00Z,-17.325,178.475,0.0
2019-08-29T12:00:00Z,-17.325,178.525,0.0
2019-08-29T12:00:00Z,-17.325,178.575,0.0
2019-08-29T12:00:00Z,-17.325,178.625,0.0
2019-08-29T12:00:00Z,-17.375,178.375,0.0
2019-08-29T12:00:00Z,-17.375,178.425,0.0
2019-08-29T12:00:00Z,-17.375,178.475,0.0
2019-08-29T12:00:00Z,-17.375,178.525,0.0
2019-08-29T12:00:00Z,-17.375,178.575,0.0
2019-08-29T12:00:00Z,-17.375,178.625,0.0
2019-08-29T12:00:00Z,-17.425,178.375,0.0
2019-08-29T12:00:00Z,-17.425,178.425,0.0
2019-08-29T12:00:00Z,-17.425,178.475,0.0
2019-08-29T12:00:00Z,-17.425,178.525,0.0
2019-08-29T12:00:00Z,-17.425,178.575,0.0
2019-08-29T12:00:00Z,-17.425,178.625,0.0
2019-08-29T12:00:00Z,-17.475,178.375,0.0
2019-08-29T12:00:00Z,-17.475,178.425,0.0
2019-08-29T12:00:00Z,-17.475,178.475,0.0
2019-08-29T12:00:00Z,-17.475,178.525,0.0
2019-08-29T12:00:00Z,-17.475,178.575,0.0
2019-08-29T12:00:00Z,-17.475,178.625,0.0
2019-08-29T12:00:00Z,-17.525,178.375,0.0
2019-08-29T12:00:00Z,-17.525,178.425,0.0
2019-08-29T12:00:00Z,-17.525,178.475,0.0
2019-08-29T12:00:00Z,-17.525,178.525,0.0
2019-08-29T12:00:00Z,-17.525,178.575,0.0
2019-08-29T12:00:00Z,-17.525,178.625,0.0
2019-08-29T12:00:00Z,-17.575,178.375,0.0
2019-08-29T12:00:00Z,-17.575,178.425,0.0
2019-08-29T12:00:00Z,-17.575,178.475,0.0
2019-08-29T12:00:00Z,-17.575,178.525,0.0
2019-08-29T12:00:00Z,-17.575,178.575,0.0
2019-08-29T12:00:00Z,-17.575,178.625,0.0
2019-08-29T12:00:00Z,-17.625,178.375,NaN
2019-08-29T12:00:00Z,-17.625,178.425,NaN
2019-08-29T12:00:00Z,-17.625,178.475,NaN
2019-08-29T12:00:00Z,-17.625,178.525,0.0
2019-08-29T12:00:00Z,-17.625,178.575,0.0
2019-08-29T12:00:00Z,-17.625,178.625,0.0
2019-08-29T12:00:00Z,-17.675,178.375,NaN
2019-08-29T12:00:00Z,-17.675,178.425,NaN
2019-08-29T12:00:00Z,-17.675,178.475,NaN
2019-08-29T12:00:00Z,-17.675,178.525,NaN
2019-08-29T12:00:00Z,-17.675,178.575,0.0
2019-08-29T12:00:00Z,-17.675,178.625,0.0
2019-09-28T12:00:00Z,-17.325,178.375,0.0
2019-09-28T12:00:00Z,-17.325,178.425,0.0
2019-09-28T12:00:00Z,-17.325,178.475,0.0
2019-09-28T12:00:00Z,-17.325,178.525,0.0
2019-09-28T12:00:00Z,-17.325,178.575,0.0
2019-09-28T12:00:00Z,-17.325,178.625,0.0
2019-09-28T12:00:00Z,-17.375,178.375,0.0
2019-09-28T12:00:00Z,-17.375,178.425,0.0
2019-09-28T12:00:00Z,-17.375,178.475,0.0
2019-09-28T12:00:00Z,-17.375,178.525,0.0
2019-09-28T12:00:00Z,-17.375,178.575,0.0
2019-09-28T12:00:00Z,-17.375,178.625,0.0
2019-09-28T12:00:00Z,-17.425,178.375,0.0
2019-09-28T12:00:00Z,-17.425,178.425,0.0
2019-09-28T12:00:00Z,-17.425,178.475,0.0
2019-09-28T12:00:00Z,-17.425,178.525,0.0
2019-09-28T12:00:00Z,-17.425,178.575,0.0
2019-09-28T12:00:00Z,-17.425,178.625,0.0
2019-09-28T12:00:00Z,-17.475,178.375,0.0
2019-09-28T12:00:00Z,-17.475,178.425,0.0
2019-09-28T12:00:00Z,-17.475,178.475,0.0
2019-09-28T12:00:00Z,-17.475,178.525,0.0
2019-09-28T12:00:00Z,-17.475,178.575,0.0
2019-09-28T12:00:00Z,-17.475,178.625,0.0
2019-09-28T12:00:00Z,-17.525,178.375,0.0
2019-09-28T12:00:00Z,-17.525,178.425,0.0
2019-09-28T12:00:00Z,-17.525,178.475,0.0
2019-09-28T12:00:00Z,-17.525,178.525,0.0
2019-09-28T12:00:00Z,-17.525,178.575,0.0
2019-09-28T12:00:00Z,-17.525,178.625,0.0
2019-09-28T12:00:00Z,-17.575,178.375,0.0
2019-09-28T12:00:00Z,-17.575,178.425,0.0
2019-09-28T12:00:00Z,-17.575,178.475,0.0
2019-09-28T12:00:00Z,-17.575,178.525,0.0
2019-09-28T12:00:00Z,-17.575,178.575,0.0
2019-09-28T12:00:00Z,-17.575,178.625,0.0
2019-09-28T12:00:00Z,-17.625,178.375,NaN
2019-09-28T12:00:00Z,-17.625,178.425,NaN
2019-09-28T12:00:00Z,-17.625,178.475,NaN
2019-09-28T12:00:00Z,-17.625,178.525,0.0
2019-09-28T12:00:00Z,-17.625,178.575,0.0
2019-09-28T12:00:00Z,-17.625,178.625,0.0
2019-09-28T12:00:00Z,-17.675,178.375,NaN
2019-09-28T12:00:00Z,-17.675,178.425,NaN
2019-09-28T12:00:00Z,-17.675,178.475,NaN
2019-09-28T12:00:00Z,-17.675,178.525,NaN
2019-09-28T12:00:00Z,-17.675,178.575,0.0
2019-09-28T12:00:00Z,-17.675,178.625,0.0
2019-10-28T12:00:00Z,-17.325,178.375,0.0
2019-10-28T12:00:00Z,-17.325,178.425,0.0
2019-10-28T12:00:00Z,-17.325,178.475,0.0
2019-10-28T12:00:00Z,-17.325,178.525,0.0
2019-10-28T12:00:00Z,-17.325,178.575,0.0
2019-10-28T12:00:00Z,-17.325,178.625,0.0
2019-10-28T12:00:00Z,-17.375,178.375,0.0
2019-10-28T12:00:00Z,-17.375,178.425,0.0
2019-10-28T12:00:00Z,-17.375,178.475,0.0
2019-10-28T12:00:00Z,-17.375,178.525,0.0
2019-10-28T12:00:00Z,-17.375,178.575,0.0
2019-10-28T12:00:00Z,-17.375,178.625,0.0
2019-10-28T12:00:00Z,-17.425,178.375,0.0
2019-10-28T12:00:00Z,-17.425,178.425,0.0
2019-10-28T12:00:00Z,-17.425,178.475,0.0
2019-10-28T12:00:00Z,-17.425,178.525,0.0
2019-10-28T12:00:00Z,-17.425,178.575,0.0
2019-10-28T12:00:00Z,-17.425,178.625,0.0
2019-10-28T12:00:00Z,-17.475,178.375,0.0
2019-10-28T12:00:00Z,-17.475,178.425,0.0
2019-10-28T12:00:00Z,-17.475,178.475,0.0
2019-10-28T12:00:00Z,-17.475,178.525,0.0
2019-10-28T12:00:00Z,-17.475,178.575,0.0
2019-10-28T12:00:00Z,-17.475,178.625,0.0
2019-10-28T12:00:00Z,-17.525,178.375,0.0
2019-10-28T12:00:00Z,-17.525,178.425,0.0
2019-10-28T12:00:00Z,-17.525,178.475,0.0
2019-10-28T12:00:00Z,-17.525,178.525,0.0
2019-10-28T12:00:00Z,-17.525,178.575,0.0
2019-10-28T12:00:00Z,-17.525,178.625,0.0
2019-10-28T12:00:00Z,-17.575,178.375,0.0
2019-10-28T12:00:00Z,-17.575,178.425,0.0
2019-10-28T12:00:00Z,-17.575,178.475,0.0
2019-10-28T12:00:00Z,-17.575,178.525,0.0
2019-10-28T12:00:00Z,-17.575,178.575,0.0
2019-10-28T12:00:00Z,-17.575,178.625,0.0
2019-10-28T12:00:00Z,-17.625,178.375,NaN
2019-10-28T12:00:00Z,-17.625,178.425,NaN
2019-10-28T12:00:00Z,-17.625,178.475,NaN
2019-10-28T12:00:00Z,-17.625,178.525,0.0
2019-10-28T12:00:00Z,-17.625,178.575,0.0
2019-10-28T12:00:00Z,-17.625,178.625,0.0
2019-10-28T12:00:00Z,-17.675,178.375,NaN
2019-10-28T12:00:00Z,-17.675,178.425,NaN
2019-10-28T12:00:00Z,-17.675,178.475,NaN
2019-10-28T12:00:00Z,-17.675,178.525,NaN
2019-10-28T12:00:00Z,-17.675,178.575,0.0
2019-10-28T12:00:00Z,-17.675,178.625,0.0
2019-11-27T12:00:00Z,-17.325,178.375,0.0
2019-11-27T12:00:00Z,-17.325,178.425,0.0
2019-11-27T12:00:00Z,-17.325,178.475,0.0
2019-11-27T12:00:00Z,-17.325,178.525,0.0
2019-11-27T12:00:00Z,-17.325,178.575,0.0
2019-11-27T12:00:00Z,-17.325,178.625,0.0
2019-11-27T12:00:00Z,-17.375,178.375,0.0
2019-11-27T12:00:00Z,-17.375,178.425,0.0
2019-11-27T12:00:00Z,-17.375,178.475,0.0
2019-11-27T12:00:00Z,-17.375,178.525,0.0
2019-11-27T12:00:00Z,-17.375,178.575,0.0
2019-11-27T12:00:00Z,-17.375,178.625,0.0
2019-11-27T12:00:00Z,-17.425,178.375,0.0
2019-11-27T12:00:00Z,-17.425,178.425,0.0
2019-11-27T12:00:00Z,-17.425,178.475,0.0
2019-11-27T12:00:00Z,-17.425,178.525,0.0
2019-11-27T12:00:00Z,-17.425,178.575,0.0
2019-11-27T12:00:00Z,-17.425,178.625,0.0
2019-11-27T12:00:00Z,-17.475,178.375,0.0
2019-11-27T12:00:00Z,-17.475,178.425,0.0
2019-11-27T12:00:00Z,-17.475,178.475,0.0
2019-11-27T12:00:00Z,-17.475,178.525,0.0
2019-11-27T12:00:00Z,-17.475,178.575,0.0
2019-11-27T12:00:00Z,-17.475,178.625,0.0
2019-11-27T12:00:00Z,-17.525,178.375,0.0
2019-11-27T12:00:00Z,-17.525,178.425,0.0
2019-11-27T12:00:00Z,-17.525,178.475,0.0
2019-11-27T12:00:00Z,-17.525,178.525,0.0
2019-11-27T12:00:00Z,-17.525,178.575,0.0
2019-11-27T12:00:00Z,-17.525,178.625,0.0
2019-11-27T12:00:00Z,-17.575,178.375,0.0
2019-11-27T12:00:00Z,-17.575,178.425,0.0
2019-11-27T12:00:00Z,-17.575,178.475,0.0
2019-11-27T12:00:00Z,-17.575,178.525,0.0
2019-11-27T12:00:00Z,-17.575,178.575,0.0
2019-11-27T12:00:00Z,-17.575,178.625,0.0
2019-11-27T12:00:00Z,-17.625,178.375,NaN
2019-11-27T12:00:00Z,-17.625,178.425,NaN
2019-11-27T12:00:00Z,-17.625,178.475,NaN
2019-11-27T12:00:00Z,-17.625,178.525,0.0
2019-11-27T12:00:00Z,-17.625,178.575,0.0
2019-11-27T12:00:00Z,-17.625,178.625,0.0
2019-11-27T12:00:00Z,-17.675,178.375,NaN
2019-11-27T12:00:00Z,-17.675,178.425,NaN
2019-11-27T12:00:00Z,-17.675,178.475,NaN
2019-11-27T12:00:00Z,-17.675,178.525,NaN
2019-11-27T12:00:00Z,-17.675,178.575,0.0
2019-11-27T12:00:00Z,-17.675,178.625,0.0
2019-12-27T12:00:00Z,-17.325,178.375,0.0
2019-12-27T12:00:00Z,-17.325,178.425,0.0
2019-12-27T12:00:00Z,-17.325,178.475,0.0
2019-12-27T12:00:00Z,-17.325,178.525,0.0
2019-12-27T12:00:00Z,-17.325,178.575,0.0
2019-12-27T12:00:00Z,-17.325,178.625,0.0
2019-12-27T12:00:00Z,-17.375,178.375,0.0
2019-12-27T12:00:00Z,-17.375,178.425,0.0
2019-12-27T12:00:00Z,-17.375,178.475,0.0
2019-12-27T12:00:00Z,-17.375,178.525,0.0
2019-12-27T12:00:00Z,-17.375,178.575,0.0
2019-12-27T12:00:00Z,-17.375,178.625,0.0
2019-12-27T12:00:00Z,-17.425,178.375,0.0
2019-12-27T12:00:00Z,-17.425,178.425,0.0
2019-12-27T12:00:00Z,-17.425,178.475,0.0
2019-12-27T12:00:00Z,-17.425,178.525,0.0
2019-12-27T12:00:00Z,-17.425,178.575,0.0
2019-12-27T12:00:00Z,-17.425,178.625,0.0
2019-12-27T12:00:00Z,-17.475,178.375,0.0
2019-12-27T12:00:00Z,-17.475,178.425,0.0
2019-12-27T12:00:00Z,-17.475,178.475,0.0
2019-12-27T12:00:00Z,-17.475,178.525,0.0
2019-12-27T12:00:00Z,-17.475,178.575,0.0
2019-12-27T12:00:00Z,-17.475,178.625,0.0
2019-12-27T12:00:00Z,-17.525,178.375,0.0
2019-12-27T12:00:00Z,-17.525,178.425,0.0
2019-12-27T12:00:00Z,-17.525,178.475,0.0
2019-12-27T12:00:00Z,-17.525,178.525,0.0
2019-12-27T12:00:00Z,-17.525,178.575,0.0
2019-12-27T12:00:00Z,-17.525,178.625,0.0
2019-12-27T12:00:00Z,-17.575,178.375,0.0
2019-12-27T12:00:00Z,-17.575,178.425,0.0
2019-12-27T12:00:00Z,-17.575,178.475,0.0
2019-12-27T12:00:00Z,-17.575,178.525,0.0
2019-12-27T12:00:00Z,-17.575,178.575,0.0
2019-12-27T12:00:00Z,-17.575,178.625,0.0
2019-12-27T12:00:00Z,-17.625,178.375,NaN
2019-12-27T12:00:00Z,-17.625,178.425,NaN
2019-12-27T12:00:00Z,-17.625,178.475,NaN
2019-12-27T12:00:00Z,-17.625,178.525,0.0
2019-12-27T12:00:00Z,-17.625,178.575,0.0
2019-12-27T12:00:00Z,-17.625,178.625,0.0
2019-12-27T12:00:00Z,-17.675,178.375,NaN
2019-12-27T12:00:00Z,-17.675,178.425,NaN
2019-12-27T12:00:00Z,-17.675,178.475,NaN
2019-12-27T12:00:00Z,-17.675,178.525,NaN
2019-12-27T12:00:00Z,-17.675,178.575,0.0
2019-12-27T12:00:00Z,-17.675,178.625,0.0
2020-01-26T12:00:00Z,-17.325,178.375,0.0
2020-01-26T12:00:00Z,-17.325,178.425,0.0
2020-01-26T12:00:00Z,-17.325,178.475,0.0
2020-01-26T12:00:00Z,-17.325,178.525,0.0
2020-01-26T12:00:00Z,-17.325,178.575,0.0
2020-01-26T12:00:00Z,-17.325,178.625,0.0
2020-01-26T12:00:00Z,-17.375,178.375,0.0
2020-01-26T12:00:00Z,-17.375,178.425,0.0
2020-01-26T12:00:00Z,-17.375,178.475,0.0
2020-01-26T12:00:00Z,-17.375,178.525,0.0
2020-01-26T12:00:00Z,-17.375,178.575,0.0
2020-01-26T12:00:00Z,-17.375,178.625,0.0
2020-01-26T12:00:00Z,-17.425,178.375,0.0
2020-01-26T12:00:00Z,-17.425,178.425,0.0
2020-01-26T12:00:00Z,-17.425,178.475,0.0
2020-01-26T12:00:00Z,-17.425,178.525,0.0
2020-01-26T12:00:00Z,-17.425,178.575,0.0
2020-01-26T12:00:00Z,-17.425,178.625,0.0
2020-01-26T12:00:00Z,-17.475,178.375,0.0
2020-01-26T12:00:00Z,-17.475,178.425,0.0
2020-01-26T12:00:00Z,-17.475,178.475,0.0
2020-01-26T12:00:00Z,-17.475,178.525,0.0
2020-01-26T12:00:00Z,-17.475,178.575,0.0
2020-01-26T12:00:00Z,-17.475,178.625,0.0
2020-01-26T12:00:00Z,-17.525,178.375,0.0
2020-01-26T12:00:00Z,-17.525,178.425,0.0
2020-01-26T12:00:00Z,-17.525,178.475,0.0
2020-01-26T12:00:00Z,-17.525,178.525,0.0
2020-01-26T12:00:00Z,-17.525,178.575,0.0
2020-01-26T12:00:00Z,-17.525,178.625,0.0
2020-01-26T12:00:00Z,-17.575,178.375,0.0
2020-01-26T12:00:00Z,-17.575,178.425,0.0
2020-01-26T12:00:00Z,-17.575,178.475,0.0
2020-01-26T12:00:00Z,-17.575,178.525,0.0
2020-01-26T12:00:00Z,-17.575,178.575,0.0
2020-01-26T12:00:00Z,-17.575,178.625,0.0
2020-01-26T12:00:00Z,-17.625,178.375,NaN
2020-01-26T12:00:00Z,-17.625,178.425,NaN
2020-01-26T12:00:00Z,-17.625,178.475,NaN
2020-01-26T12:00:00Z,-17.625,178.525,0.0
2020-01-26T12:00:00Z,-17.625,178.575,0.0
2020-01-26T12:00:00Z,-17.625,178.625,0.0
2020-01-26T12:00:00Z,-17.675,178.375,NaN
2020-01-26T12:00:00Z,-17.675,178.425,NaN
2020-01-26T12:00:00Z,-17.675,178.475,NaN
2020-01-26T12:00:00Z,-17.675,178.525,NaN
2020-01-26T12:00:00Z,-17.675,178.575,0.0
2020-01-26T12:00:00Z,-17.675,178.625,0.0
2020-02-25T12:00:00Z,-17.325,178.375,0.17
2020-02-25T12:00:00Z,-17.325,178.425,0.17
2020-02-25T12:00:00Z,-17.325,178.475,0.16
2020-02-25T12:00:00Z,-17.325,178.525,0.16
2020-02-25T12:00:00Z,-17.325,178.575,0.16
2020-02-25T12:00:00Z,-17.325,178.625,0.15
2020-02-25T12:00:00Z,-17.375,178.375,0.17
2020-02-25T12:00:00Z,-17.375,178.425,0.17
2020-02-25T12:00:00Z,-17.375,178.475,0.16
2020-02-25T12:00:00Z,-17.375,178.525,0.16
2020-02-25T12:00:00Z,-17.375,178.575,0.15
2020-02-25T12:00:00Z,-17.375,178.625,0.15
2020-02-25T12:00:00Z,-17.425,178.375,0.17
2020-02-25T12:00:00Z,-17.425,178.425,0.17
2020-02-25T12:00:00Z,-17.425,178.475,0.16
2020-02-25T12:00:00Z,-17.425,178.525,0.16
2020-02-25T12:00:00Z,-17.425,178.575,0.16
2020-02-25T12:00:00Z,-17.425,178.625,0.15
2020-02-25T12:00:00Z,-17.475,178.375,0.17
2020-02-25T12:00:00Z,-17.475,178.425,0.17
2020-02-25T12:00:00Z,-17.475,178.475,0.17
2020-02-25T12:00:00Z,-17.475,178.525,0.16
2020-02-25T12:00:00Z,-17.475,178.575,0.16
2020-02-25T12:00:00Z,-17.475,178.625,0.16
2020-02-25T12:00:00Z,-17.525,178.375,0.32
2020-02-25T12:00:00Z,-17.525,178.425,0.17
2020-02-25T12:00:00Z,-17.525,178.475,0.17
2020-02-25T12:00:00Z,-17.525,178.525,0.17
2020-02-25T12:00:00Z,-17.525,178.575,0.16
2020-02-25T12:00:00Z,-17.525,178.625,0.16
2020-02-25T12:00:00Z,-17.575,178.375,0.33
2020-02-25T12:00:00Z,-17.575,178.425,0.32
2020-02-25T12:00:00Z,-17.575,178.475,0.17
2020-02-25T12:00:00Z,-17.575,178.525,0.17
2020-02-25T12:00:00Z,-17.575,178.575,0.17
2020-02-25T12:00:00Z,-17.575,178.625,0.17
2020-02-25T12:00:00Z,-17.625,178.375,NaN
2020-02-25T12:00:00Z,-17.625,178.425,NaN
2020-02-25T12:00:00Z,-17.625,178.475,NaN
2020-02-25T12:00:00Z,-17.625,178.525,0.33
2020-02-25T12:00:00Z,-17.625,178.575,0.33
2020-02-25T12:00:00Z,-17.625,178.625,0.33
2020-02-25T12:00:00Z,-17.675,178.375,NaN
2020-02-25T12:00:00Z,-17.675,178.425,NaN
2020-02-25T12:00:00Z,-17.675,178.475,NaN
2020-02-25T12:00:00Z,-17.675,178.525,NaN
2020-02-25T12:00:00Z,-17.675,178.575,0.36
2020-02-25T12:00:00Z,-17.675,178.625,0.35000000000000003
2020-03-26T12:00:00Z,-17.325,178.375,0.47000000000000003
2020-03-26T12:00:00Z,-17.325,178.425,0.32
2020-03-26T12:00:00Z,-17.325,178.475,0.31
2020-03-26T12:00:00Z,-17.325,178.525,0.16
2020-03-26T12:00:00Z,-17.325,178.575,0.16
2020-03-26T12:00:00Z,-17.325,178.625,0.15
2020-03-26T12:00:00Z,-17.375,178.375,0.48
2020-03-26T12:00:00Z,-17.375,178.425,0.46
2020-03-26T12:00:00Z,-17.375,178.475,0.31
2020-03-26T12:00:00Z,-17.375,178.525,0.16
2020-03-26T12:00:00Z,-17.375,178.575,0.15
2020-03-26T12:00:00Z,-17.375,178.625,0.15
2020-03-26T12:00:00Z,-17.425,178.375,0.48
2020-03-26T12:00:00Z,-17.425,178.425,0.32
2020-03-26T12:00:00Z,-17.425,178.475,0.31
2020-03-26T12:00:00Z,-17.425,178.525,0.16
2020-03-26T12:00:00Z,-17.425,178.575,0.16
2020-03-26T12:00:00Z,-17.425,178.625,0.15
2020-03-26T12:00:00Z,-17.475,178.375,0.77
2020-03-26T12:00:00Z,-17.475,178.425,0.32
2020-03-26T12:00:00Z,-17.475,178.475,0.31
2020-03-26T12:00:00Z,-17.475,178.525,0.16
2020-03-26T12:00:00Z,-17.475,178.575,0.16
2020-03-26T12:00:00Z,-17.475,178.625,0.16
2020-03-26T12:00:00Z,-17.525,178.375,1.06
2020-03-26T12:00:00Z,-17.525,178.425,0.61
2020-03-26T12:00:00Z,-17.525,178.475,0.31
2020-03-26T12:00:00Z,-17.525,178.525,0.31
2020-03-26T12:00:00Z,-17.525,178.575,0.31
2020-03-26T12:00:00Z,-17.525,178.625,0.3
2020-03-26T12:00:00Z,-17.575,178.375,1.22
2020-03-26T12:00:00Z,-17.575,178.425,0.76
2020-03-26T12:00:00Z,-17.575,178.475,0.46
2020-03-26T12:00:00Z,-17.575,178.525,0.32
2020-03-26T12:00:00Z,-17.575,178.575,0.32
2020-03-26T12:00:00Z,-17.575,178.625,0.31
2020-03-26T12:00:00Z,-17.625,178.375,NaN
2020-03-26T12:00:00Z,-17.625,178.425,NaN
2020-03-26T12:00:00Z,-17.625,178.475,NaN
2020-03-26T12:00:00Z,-17.625,178.525,0.77
2020-03-26T12:00:00Z,-17.625,178.575,0.76
2020-03-26T12:00:00Z,-17.625,178.625,0.61
2020-03-26T12:00:00Z,-17.675,178.375,NaN
2020-03-26T12:00:00Z,-17.675,178.425,NaN
2020-03-26T12:00:00Z,-17.675,178.475,NaN
2020-03-26T12:00:00Z,-17.675,178.525,NaN
2020-03-26T12:00:00Z,-17.675,178.575,0.8
2020-03-26T12:00:00Z,-17.675,178.625,0.79
2020-04-25T12:00:00Z,-17.325,178.375,0.47000000000000003
2020-04-25T12:00:00Z,-17.325,178.425,0.32
2020-04-25T12:00:00Z,-17.325,178.475,0.31
2020-04-25T12:00:00Z,-17.325,178.525,0.16
2020-04-25T12:00:00Z,-17.325,178.575,0.16
2020-04-25T12:00:00Z,-17.325,178.625,0.15
2020-04-25T12:00:00Z,-17.375,178.375,0.48
2020-04-25T12:00:00Z,-17.375,178.425,0.46
2020-04-25T12:00:00Z,-17.375,178.475,0.31
2020-04-25T12:00:00Z,-17.375,178.525,0.16
2020-04-25T12:00:00Z,-17.375,178.575,0.15
2020-04-25T12:00:00Z,-17.375,178.625,0.15
2020-04-25T12:00:00Z,-17.425,178.375,0.48
2020-04-25T12:00:00Z,-17.425,178.425,0.32
2020-04-25T12:00:00Z,-17.425,178.475,0.31
2020-04-25T12:00:00Z,-17.425,178.525,0.16
2020-04-25T12:00:00Z,-17.425,178.575,0.16
2020-04-25T12:00:00Z,-17.425,178.625,0.15
2020-04-25T12:00:00Z,-17.475,178.375,0.77
2020-04-25T12:00:00Z,-17.475,178.425,0.32
2020-04-25T12:00:00Z,-17.475,178.475,0.31
2020-04-25T12:00:00Z,-17.475,178.525,0.16
2020-04-25T12:00:00Z,-17.475,178.575,0.16
2020-04-25T12:00:00Z,-17.475,178.625,0.16
2020-04-25T12:00:00Z,-17.525,178.375,1.06
2020-04-25T12:00:00Z,-17.525,178.425,0.61
2020-04-25T12:00:00Z,-17.525,178.475,0.31
2020-04-25T12:00:00Z,-17.525,178.525,0.31
2020-04-25T12:00:00Z,-17.525,178.575,0.31
2020-04-25T12:00:00Z,-17.525,178.625,0.3
2020-04-25T12:00:00Z,-17.575,178.375,1.22
2020-04-25T12:00:00Z,-17.575,178.425,0.76
2020-04-25T12:00:00Z,-17.575,178.475,0.46
2020-04-25T12:00:00Z,-17.575,178.525,0.32
2020-04-25T12:00:00Z,-17.575,178.575,0.32
2020-04-25T12:00:00Z,-17.575,178.625,0.31
2020-04-25T12:00:00Z,-17.625,178.375,NaN
2020-04-25T12:00:00Z,-17.625,178.425,NaN
2020-04-25T12:00:00Z,-17.625,178.475,NaN
2020-04-25T12:00:00Z,-17.625,178.525,0.77
2020-04-25T12:00:00Z,-17.625,178.575,0.76
2020-04-25T12:00:00Z,-17.625,178.625,0.61
2020-04-25T12:00:00Z,-17.675,178.375,NaN
2020-04-25T12:00:00Z,-17.675,178.425,NaN
2020-04-25T12:00:00Z,-17.675,178.475,NaN
2020-04-25T12:00:00Z,-17.675,178.525,NaN
2020-04-25T12:00:00Z,-17.675,178.575,0.8
2020-04-25T12:00:00Z,-17.675,178.625,0.79
2020-05-25T12:00:00Z,-17.325,178.375,0.0
2020-05-25T12:00:00Z,-17.325,178.425,0.0
2020-05-25T12:00:00Z,-17.325,178.475,0.0
2020-05-25T12:00:00Z,-17.325,178.525,0.0
2020-05-25T12:00:00Z,-17.325,178.575,0.0
2020-05-25T12:00:00Z,-17.325,178.625,0.0
2020-05-25T12:00:00Z,-17.375,178.375,0.0
2020-05-25T12:00:00Z,-17.375,178.425,0.0
2020-05-25T12:00:00Z,-17.375,178.475,0.0
2020-05-25T12:00:00Z,-17.375,178.525,0.0
2020-05-25T12:00:00Z,-17.375,178.575,0.0
2020-05-25T12:00:00Z,-17.375,178.625,0.0
2020-05-25T12:00:00Z,-17.425,178.375,0.0
2020-05-25T12:00:00Z,-17.425,178.425,0.0
2020-05-25T12:00:00Z,-17.425,178.475,0.0
2020-05-25T12:00:00Z,-17.425,178.525,0.0
2020-05-25T12:00:00Z,-17.425,178.575,0.0
2020-05-25T12:00:00Z,-17.425,178.625,0.0
2020-05-25T12:00:00Z,-17.475,178.375,0.29
2020-05-25T12:00:00Z,-17.475,178.425,0.0
2020-05-25T12:00:00Z,-17.475,178.475,0.0
2020-05-25T12:00:00Z,-17.475,178.525,0.0
2020-05-25T12:00:00Z,-17.475,178.575,0.0
2020-05-25T12:00:00Z,-17.475,178.625,0.0
2020-05-25T12:00:00Z,-17.525,178.375,0.43
2020-05-25T12:00:00Z,-17.525,178.425,0.14
2020-05-25T12:00:00Z,-17.525,178.475,0.0
2020-05-25T12:00:00Z,-17.525,178.525,0.0
2020-05-25T12:00:00Z,-17.525,178.575,0.0
2020-05-25T12:00:00Z,-17.525,178.625,0.0
2020-05-25T12:00:00Z,-17.575,178.375,0.44
2020-05-25T12:00:00Z,-17.575,178.425,0.15
2020-05-25T12:00:00Z,-17.575,178.475,0.14
2020-05-25T12:00:00Z,-17.575,178.525,0.0
2020-05-25T12:00:00Z,-17.575,178.575,0.0
2020-05-25T12:00:00Z,-17.575,178.625,0.0
2020-05-25T12:00:00Z,-17.625,178.375,NaN
2020-05-25T12:00:00Z,-17.625,178.425,NaN
2020-05-25T12:00:00Z,-17.625,178.475,NaN
2020-05-25T12:00:00Z,-17.625,178.525,0.14
2020-05-25T12:00:00Z,-17.625,178.575,0.14
2020-05-25T12:00:00Z,-17.625,178.625,0.0
2020-05-25T12:00:00Z,-17.675,178.375,NaN
2020-05-25T12:00:00Z,-17.675,178.425,NaN
2020-05-25T12:00:00Z,-17.675,178.475,NaN
2020-05-25T12:00:00Z,-17.675,178.525,NaN
2020-05-25T12:00:00Z,-17.675,178.575,0.15
2020-05-25T12:00:00Z,-17.675,178.625,0.14
2020-06-24T12:00:00Z,-17.325,178.375,0.0
2020-06-24T12:00:00Z,-17.325,178.425,0.0
2020-06-24T12:00:00Z,-17.325,178.475,0.0
2020-06-24T12:00:00Z,-17.325,178.525,0.0
2020-06-24T12:00:00Z,-17.325,178.575,0.0
2020-06-24T12:00:00Z,-17.325,178.625,0.0
2020-06-24T12:00:00Z,-17.375,178.375,0.0
2020-06-24T12:00:00Z,-17.375,178.425,0.0
2020-06-24T12:00:00Z,-17.375,178.475,0.0
2020-06-24T12:00:00Z,-17.375,178.525,0.0
2020-06-24T12:00:00Z,-17.375,178.575,0.0
2020-06-24T12:00:00Z,-17.375,178.625,0.0
2020-06-24T12:00:00Z,-17.425,178.375,0.0
2020-06-24T12:00:00Z,-17.425,178.425,0.0
2020-06-24T12:00:00Z,-17.425,178.475,0.0
2020-06-24T12:00:00Z,-17.425,178.525,0.0
2020-06-24T12:00:00Z,-17.425,178.575,0.0
2020-06-24T12:00:00Z,-17.425,178.625,0.0
2020-06-24T12:00:00Z,-17.475,178.375,0.0
2020-06-24T12:00:00Z,-17.475,178.425,0.0
2020-06-24T12:00:00Z,-17.475,178.475,0.0
2020-06-24T12:00:00Z,-17.475,178.525,0.0
2020-06-24T12:00:00Z,-17.475,178.575,0.0
2020-06-24T12:00:00Z,-17.475,178.625,0.0
2020-06-24T12:00:00Z,-17.525,178.375,0.0
2020-06-24T12:00:00Z,-17.525,178.425,0.0
2020-06-24T12:00:00Z,-17.525,178.475,0.0
2020-06-24T12:00:00Z,-17.525,178.525,0.0
2020-06-24T12:00:00Z,-17.525,178.575,0.0
2020-06-24T12:00:00Z,-17.525,178.625,0.0
2020-06-24T12:00:00Z,-17.575,178.375,0.0
2020-06-24T12:00:00Z,-17.575,178.425,0.0
2020-06-24T12:00:00Z,-17.575,178.475,0.0
2020-06-24T12:00:00Z,-17.575,178.525,0.0
2020-06-24T12:00:00Z,-17.575,178.575,0.0
2020-06-24T12:00:00Z,-17.575,178.625,0.0
2020-06-24T12:00:00Z,-17.625,178.375,NaN
2020-06-24T12:00:00Z,-17.625,178.425,NaN
2020-06-24T12:00:00Z,-17.625,178.475,NaN
2020-06-24T12:00:00Z,-17.625,178.525,0.0
2020-06-24T12:00:00Z,-17.625,178.575,0.0
2020-06-24T12:00:00Z,-17.625,178.625,0.0
2020-06-24T12:00:00Z,-17.675,178.375,NaN
2020-06-24T12:00:00Z,-17.675,178.425,NaN
2020-06-24T12:00:00Z,-17.675,178.475,NaN
2020-06-24T12:00:00Z,-17.675,178.525,NaN
2020-06-24T12:00:00Z,-17.675,178.575,0.0
2020-06-24T12:00:00Z,-17.675,178.625,0.0
2020-07-24T12:00:00Z,-17.325,178.375,0.0
2020-07-24T12:00:00Z,-17.325,178.425,0.0
2020-07-24T12:00:00Z,-17.325,178.475,0.0
2020-07-24T12:00:00Z,-17.325,178.525,0.0
2020-07-24T12:00:00Z,-17.325,178.575,0.0
2020-07-24T12:00:00Z,-17.325,178.625,0.0
2020-07-24T12:00:00Z,-17.375,178.375,0.0
2020-07-24T12:00:00Z,-17.375,178.425,0.0
2020-07-24T12:00:00Z,-17.375,178.475,0.0
2020-07-24T12:00:00Z,-17.375,178.525,0.0
2020-07-24T12:00:00Z,-17.375,178.575,0.0
2020-07-24T12:00:00Z,-17.375,178.625,0.0
2020-07-24T12:00:00Z,-17.425,178.375,0.0
2020-07-24T12:00:00Z,-17.425,178.425,0.0
2020-07-24T12:00:00Z,-17.425,178.475,0.0
2020-07-24T12:00:00Z,-17.425,178.525,0.0
2020-07-24T12:00:00Z,-17.425,178.575,0.0
2020-07-24T12:00:00Z,-17.425,178.625,0.0
2020-07-24T12:00:00Z,-17.475,178.375,0.0
2020-07-24T12:00:00Z,-17.475,178.425,0.0
2020-07-24T12:00:00Z,-17.475,178.475,0.0
2020-07-24T12:00:00Z,-17.475,178.525,0.0
2020-07-24T12:00:00Z,-17.475,178.575,0.0
2020-07-24T12:00:00Z,-17.475,178.625,0.0
2020-07-24T12:00:00Z,-17.525,178.375,0.0
2020-07-24T12:00:00Z,-17.525,178.425,0.0
2020-07-24T12:00:00Z,-17.525,178.475,0.0
2020-07-24T12:00:00Z,-17.525,178.525,0.0
2020-07-24T12:00:00Z,-17.525,178.575,0.0
2020-07-24T12:00:00Z,-17.525,178.625,0.0
2020-07-24T12:00:00Z,-17.575,178.375,0.0
2020-07-24T12:00:00Z,-17.575,178.425,0.0
2020-07-24T12:00:00Z,-17.575,178.475,0.0
2020-07-24T12:00:00Z,-17.575,178.525,0.0
2020-07-24T12:00:00Z,-17.575,178.575,0.0
2020-07-24T12:00:00Z,-17.575,178.625,0.0
2020-07-24T12:00:00Z,-17.625,178.375,NaN
2020-07-24T12:00:00Z,-17.625,178.425,NaN
2020-07-24T12:00:00Z,-17.625,178.475,NaN
2020-07-24T12:00:00Z,-17.625,178.525,0.0
2020-07-24T12:00:00Z,-17.625,178.575,0.0
2020-07-24T12:00:00Z,-17.625,178.625,0.0
2020-07-24T12:00:00Z,-17.675,178.375,NaN
2020-07-24T12:00:00Z,-17.675,178.425,NaN
2020-07-24T12:00:00Z,-17.675,178.475,NaN
2020-07-24T12:00:00Z,-17.675,178.525,NaN
2020-07-24T12:00:00Z,-17.675,178.575,0.0
2020-07-24T12:00:00Z,-17.675,178.625,0.0
2020-08-23T12:00:00Z,-17.325,178.375,0.0
2020-08-23T12:00:00Z,-17.325,178.425,0.0
2020-08-23T12:00:00Z,-17.325,178.475,0.0
2020-08-23T12:00:00Z,-17.325,178.525,0.0
2020-08-23T12:00:00Z,-17.325,178.575,0.0
2020-08-23T12:00:00Z,-17.325,178.625,0.0
2020-08-23T12:00:00Z,-17.375,178.375,0.0
2020-08-23T12:00:00Z,-17.375,178.425,0.0
2020-08-23T12:00:00Z,-17.375,178.475,0.0
2020-08-23T12:00:00Z,-17.375,178.525,0.0
2020-08-23T12:00:00Z,-17.375,178.575,0.0
2020-08-23T12:00:00Z,-17.375,178.625,0.0
2020-08-23T12:00:00Z,-17.425,178.375,0.0
2020-08-23T12:00:00Z,-17.425,178.425,0.0
2020-08-23T12:00:00Z,-17.425,178.475,0.0
2020-08-23T12:00:00Z,-17.425,178.525,0.0
2020-08-23T12:00:00Z,-17.425,178.575,0.0
2020-08-23T12:00:00Z,-17.425,178.625,0.0
2020-08-23T12:00:00Z,-17.475,178.375,0.0
2020-08-23T12:00:00Z,-17.475,178.425,0.0
2020-08-23T12:00:00Z,-17.475,178.475,0.0
2020-08-23T12:00:00Z,-17.475,178.525,0.0
2020-08-23T12:00:00Z,-17.475,178.575,0.0
2020-08-23T12:00:00Z,-17.475,178.625,0.0
2020-08-23T12:00:00Z,-17.525,178.375,0.0
2020-08-23T12:00:00Z,-17.525,178.425,0.0
2020-08-23T12:00:00Z,-17.525,178.475,0.0
2020-08-23T12:00:00Z,-17.525,178.525,0.0
2020-08-23T12:00:00Z,-17.525,178.575,0.0
2020-08-23T12:00:00Z,-17.525,178.625,0.0
2020-08-23T12:00:00Z,-17.575,178.375,0.0
2020-08-23T12:00:00Z,-17.575,178.425,0.0
2020-08-23T12:00:00Z,-17.575,178.475,0.0
2020-08-23T12:00:00Z,-17.575,178.525,0.0
2020-08-23T12:00:00Z,-17.575,178.575,0.0
2020-08-23T12:00:00Z,-17.575,178.625,0.0
2020-08-23T12:00:00Z,-17.625,178.375,NaN
2020-08-23T12:00:00Z,-17.625,178.425,NaN
2020-08-23T12:00:00Z,-17.625,178.475,NaN
2020-08-23T12:00:00Z,-17.625,178.525,0.0
2020-08-23T12:00:00Z,-17.625,178.575,0.0
2020-08-23T12:00:00Z,-17.625,178.625,0.0
2020-08-23T12:00:00Z,-17.675,178.375,NaN
2020-08-23T12:00:00Z,-17.675,178.425,NaN
2020-08-23T12:00:00Z,-17.675,178.475,NaN
2020-08-23T12:00:00Z,-17.675,178.525,NaN
2020-08-23T12:00:00Z,-17.675,178.575,0.0
2020-08-23T12:00:00Z,-17.675,178.625,0.0
2020-09-22T12:00:00Z,-17.325,178.375,0.0
2020-09-22T12:00:00Z,-17.325,178.425,0.0
2020-09-22T12:00:00Z,-17.325,178.475,0.0
2020-09-22T12:00:00Z,-17.325,178.525,0.0
2020-09-22T12:00:00Z,-17.325,178.575,0.0
2020-09-22T12:00:00Z,-17.325,178.625,0.0
2020-09-22T12:00:00Z,-17.375,178.375,0.0
2020-09-22T12:00:00Z,-17.375,178.425,0.0
2020-09-22T12:00:00Z,-17.375,178.475,0.0
2020-09-22T12:00:00Z,-17.375,178.525,0.0
2020-09-22T12:00:00Z,-17.375,178.575,0.0
2020-09-22T12:00:00Z,-17.375,178.625,0.0
2020-09-22T12:00:00Z,-17.425,178.375,0.0
2020-09-22T12:00:00Z,-17.425,178.425,0.0
2020-09-22T12:00:00Z,-17.425,178.475,0.0
2020-09-22T12:00:00Z,-17.425,178.525,0.0
2020-09-22T12:00:00Z,-17.425,178.575,0.0
2020-09-22T12:00:00Z,-17.425,178.625,0.0
2020-09-22T12:00:00Z,-17.475,178.375,0.0
2020-09-22T12:00:00Z,-17.475,178.425,0.0
2020-09-22T12:00:00Z,-17.475,178.475,0.0
2020-09-22T12:00:00Z,-17.475,178.525,0.0
2020-09-22T12:00:00Z,-17.475,178.575,0.0
2020-09-22T12:00:00Z,-17.475,178.625,0.0
2020-09-22T12:00:00Z,-17.525,178.375,0.0
2020-09-22T12:00:00Z,-17.525,178.425,0.0
2020-09-22T12:00:00Z,-17.525,178.475,0.0
2020-09-22T12:00:00Z,-17.525,178.525,0.0
2020-09-22T12:00:00Z,-17.525,178.575,0.0
2020-09-22T12:00:00Z,-17.525,178.625,0.0
2020-09-22T12:00:00Z,-17.575,178.375,0.0
2020-09-22T12:00:00Z,-17.575,178.425,0.0
2020-09-22T12:00:00Z,-17.575,178.475,0.0
2020-09-22T12:00:00Z,-17.575,178.525,0.0
2020-09-22T12:00:00Z,-17.575,178.575,0.0
2020-09-22T12:00:00Z,-17.575,178.625,0.0
2020-09-22T12:00:00Z,-17.625,178.375,NaN
2020-09-22T12:00:00Z,-17.625,178.425,NaN
2020-09-22T12:00:00Z,-17.625,178.475,NaN
2020-09-22T12:00:00Z,-17.625,178.525,0.0
2020-09-22T12:00:00Z,-17.625,178.575,0.0
2020-09-22T12:00:00Z,-17.625,178.625,0.0
2020-09-22T12:00:00Z,-17.675,178.375,NaN
2020-09-22T12:00:00Z,-17.675,178.425,NaN
2020-09-22T12:00:00Z,-17.675,178.475,NaN
2020-09-22T12:00:00Z,-17.675,178.525,NaN
2020-09-22T12:00:00Z,-17.675,178.575,0.0
2020-09-22T12:00:00Z,-17.675,178.625,0.0
2020-10-22T12:00:00Z,-17.325,178.375,0.0
2020-10-22T12:00:00Z,-17.325,178.425,0.0
2020-10-22T12:00:00Z,-17.325,178.475,0.0
2020-10-22T12:00:00Z,-17.325,178.525,0.0
2020-10-22T12:00:00Z,-17.325,178.575,0.0
2020-10-22T12:00:00Z,-17.325,178.625,0.0
2020-10-22T12:00:00Z,-17.375,178.375,0.0
2020-10-22T12:00:00Z,-17.375,178.425,0.0
2020-10-22T12:00:00Z,-17.375,178.475,0.0
2020-10-22T12:00:00Z,-17.375,178.525,0.0
2020-10-22T12:00:00Z,-17.375,178.575,0.0
2020-10-22T12:00:00Z,-17.375,178.625,0.0
2020-10-22T12:00:00Z,-17.425,178.375,0.0
2020-10-22T12:00:00Z,-17.425,178.425,0.0
2020-10-22T12:00:00Z,-17.425,178.475,0.0
2020-10-22T12:00:00Z,-17.425,178.525,0.0
2020-10-22T12:00:00Z,-17.425,178.575,0.0
2020-10-22T12:00:00Z,-17.425,178.625,0.0
2020-10-22T12:00:00Z,-17.475,178.375,0.0
2020-10-22T12:00:00Z,-17.475,178.425,0.0
2020-10-22T12:00:00Z,-17.475,178.475,0.0
2020-10-22T12:00:00Z,-17.475,178.525,0.0
2020-10-22T12:00:00Z,-17.475,178.575,0.0
2020-10-22T12:00:00Z,-17.475,178.625,0.0
2020-10-22T12:00:00Z,-17.525,178.375,0.0
2020-10-22T12:00:00Z,-17.525,178.425,0.0
2020-10-22T12:00:00Z,-17.525,178.475,0.0
2020-10-22T12:00:00Z,-17.525,178.525,0.0
2020-10-22T12:00:00Z,-17.525,178.575,0.0
2020-10-22T12:00:00Z,-17.525,178.625,0.0
2020-10-22T12:00:00Z,-17.575,178.375,0.0
2020-10-22T12:00:00Z,-17.575,178.425,0.0
2020-10-22T12:00:00Z,-17.575,178.475,0.0
2020-10-22T12:00:00Z,-17.575,178.525,0.0
2020-10-22T12:00:00Z,-17.575,178.575,0.0
2020-10-22T12:00:00Z,-17.575,178.625,0.0
2020-10-22T12:00:00Z,-17.625,178.375,NaN
2020-10-22T12:00:00Z,-17.625,178.425,NaN
2020-10-22T12:00:00Z,-17.625,178.475,NaN
2020-10-22T12:00:00Z,-17.625,178.525,0.0
2020-10-22T12:00:00Z,-17.625,178.575,0.0
2020-10-22T12:00:00Z,-17.625,178.625,0.0
2020-10-22T12:00:00Z,-17.675,178.375,NaN
2020-10-22T12:00:00Z,-17.675,178.425,NaN
2020-10-22T12:00:00Z,-17.675,178.475,NaN
2020-10-22T12:00:00Z,-17.675,178.525,NaN
2020-10-22T12:00:00Z,-17.675,178.575,0.0
2020-10-22T12:00:00Z,-17.675,178.625,0.0
2020-11-21T12:00:00Z,-17.325,178.375,0.0
2020-11-21T12:00:00Z,-17.325,178.425,0.0
2020-11-21T12:00:00Z,-17.325,178.475,0.0
2020-11-21T12:00:00Z,-17.325,178.525,0.0
2020-11-21T12:00:00Z,-17.325,178.575,0.0
2020-11-21T12:00:00Z,-17.325,178.625,0.0
2020-11-21T12:00:00Z,-17.375,178.375,0.0
2020-11-21T12:00:00Z,-17.375,178.425,0.0
2020-11-21T12:00:00Z,-17.375,178.475,0.0
2020-11-21T12:00:00Z,-17.375,178.525,0.0
2020-11-21T12:00:00Z,-17.375,178.575,0.0
2020-11-21T12:00:00Z,-17.375,178.625,0.0
2020-11-21T12:00:00Z,-17.425,178.375,0.0
2020-11-21T12:00:00Z,-17.425,178.425,0.0
2020-11-21T12:00:00Z,-17.425,178.475,0.0
2020-11-21T12:00:00Z,-17.425,178.525,0.0
2020-11-21T12:00:00Z,-17.425,178.575,0.0
2020-11-21T12:00:00Z,-17.425,178.625,0.0
2020-11-21T12:00:00Z,-17.475,178.375,0.0
2020-11-21T12:00:00Z,-17.475,178.425,0.0
2020-11-21T12:00:00Z,-17.475,178.475,0.0
2020-11-21T12:00:00Z,-17.475,178.525,0.0
2020-11-21T12:00:00Z,-17.475,178.575,0.0
2020-11-21T12:00:00Z,-17.475,178.625,0.0
2020-11-21T12:00:00Z,-17.525,178.375,0.0
2020-11-21T12:00:00Z,-17.525,178.425,0.0
2020-11-21T12:00:00Z,-17.525,178.475,0.0
2020-11-21T12:00:00Z,-17.525,178.525,0.0
2020-11-21T12:00:00Z,-17.525,178.575,0.0
2020-11-21T12:00:00Z,-17.525,178.625,0.0
2020-11-21T12:00:00Z,-17.575,178.375,0.0
2020-11-21T12:00:00Z,-17.575,178.425,0.0
2020-11-21T12:00:00Z,-17.575,178.475,0.0
2020-11-21T12:00:00Z,-17.575,178.525,0.0
2020-11-21T12:00:00Z,-17.575,178.575,0.0
2020-11-21T12:00:00Z,-17.575,178.625,0.0
2020-11-21T12:00:00Z,-17.625,178.375,NaN
2020-11-21T12:00:00Z,-17.625,178.425,NaN
2020-11-21T12:00:00Z,-17.625,178.475,NaN
2020-11-21T12:00:00Z,-17.625,178.525,0.0
2020-11-21T12:00:00Z,-17.625,178.575,0.0
2020-11-21T12:00:00Z,-17.625,178.625,0.0
2020-11-21T12:00:00Z,-17.675,178.375,NaN
2020-11-21T12:00:00Z,-17.675,178.425,NaN
2020-11-21T12:00:00Z,-17.675,178.475,NaN
2020-11-21T12:00:00Z,-17.675,178.525,NaN
2020-11-21T12:00:00Z,-17.675,178.575,0.0
2020-11-21T12:00:00Z,-17.675,178.625,0.0
2020-12-21T12:00:00Z,-17.325,178.375,0.0
2020-12-21T12:00:00Z,-17.325,178.425,0.0
2020-12-21T12:00:00Z,-17.325,178.475,0.0
2020-12-21T12:00:00Z,-17.325,178.525,0.0
2020-12-21T12:00:00Z,-17.325,178.575,0.0
2020-12-21T12:00:00Z,-17.325,178.625,0.0
2020-12-21T12:00:00Z,-17.375,178.375,0.0
2020-12-21T12:00:00Z,-17.375,178.425,0.0
2020-12-21T12:00:00Z,-17.375,178.475,0.0
2020-12-21T12:00:00Z,-17.375,178.525,0.0
2020-12-21T12:00:00Z,-17.375,178.575,0.0
2020-12-21T12:00:00Z,-17.375,178.625,0.0
2020-12-21T12:00:00Z,-17.425,178.375,0.0
2020-12-21T12:00:00Z,-17.425,178.425,0.0
2020-12-21T12:00:00Z,-17.425,178.475,0.0
2020-12-21T12:00:00Z,-17.425,178.525,0.0
2020-12-21T12:00:00Z,-17.425,178.575,0.0
2020-12-21T12:00:00Z,-17.425,178.625,0.0
2020-12-21T12:00:00Z,-17.475,178.375,0.0
2020-12-21T12:00:00Z,-17.475,178.425,0.0
2020-12-21T12:00:00Z,-17.475,178.475,0.0
2020-12-21T12:00:00Z,-17.475,178.525,0.0
2020-12-21T12:00:00Z,-17.475,178.575,0.0
2020-12-21T12:00:00Z,-17.475,178.625,0.0
2020-12-21T12:00:00Z,-17.525,178.375,0.0
2020-12-21T12:00:00Z,-17.525,178.425,0.0
2020-12-21T12:00:00Z,-17.525,178.475,0.0
2020-12-21T12:00:00Z,-17.525,178.525,0.0
2020-12-21T12:00:00Z,-17.525,178.575,0.0
2020-12-21T12:00:00Z,-17.525,178.625,0.0
2020-12-21T12:00:00Z,-17.575,178.375,0.0
2020-12-21T12:00:00Z,-17.575,178.425,0.0
2020-12-21T12:00:00Z,-17.575,178.475,0.0
2020-12-21T12:00:00Z,-17.575,178.525,0.0
2020-12-21T12:00:00Z,-17.575,178.575,0.0
2020-12-21T12:00:00Z,-17.575,178.625,0.0
2020-12-21T12:00:00Z,-17.625,178.375,NaN
2020-12-21T12:00:00Z,-17.625,178.425,NaN
2020-12-21T12:00:00Z,-17.625,178.475,NaN
2020-12-21T12:00:00Z,-17.625,178.525,0.0
2020-12-21T12:00:00Z,-17.625,178.575,0.0
2020-12-21T12:00:00Z,-17.625,178.625,0.0
2020-12-21T12:00:00Z,-17.675,178.375,NaN
2020-12-21T12:00:00Z,-17.675,178.425,NaN
2020-12-21T12:00:00Z,-17.675,178.475,NaN
2020-12-21T12:00:00Z,-17.675,178.525,NaN
2020-12-21T12:00:00Z,-17.675,178.575,0.0
2020-12-21T12:00:00Z,-17.675,178.625,0.0
