time,latitude,longitude,degree_heating_week
UTC,degrees_north,degrees_east,degree_Celsius_weeks
1996-01-01T12:00:00Z,10.625,72.425,0.0
1996-01-01T12:00:00Z,10.625,72.475,0.0
1996-01-01T12:00:00Z,10.625,72.525,0.0
1996-01-01T12:00:00Z,10.625,72.575,0.0
1996-01-01T12:00:00Z,10.625,72.625,0.0
1996-01-01T12:00:00Z,10.625,72.675,0.0
1996-01-01T12:00:00Z,10.625,72.725,0.0
1996-01-01T12:00:00Z,10.625,72.775,0.0
1996-01-01T12:00:00Z,10.575,72.425,0.0
1996-01-01T12:00:00Z,10.575,72.475,0.0
1996-01-01T12:00:00Z,10.575,72.525,0.0
1996-01-01T12:00:00Z,10.575,72.575,0.0
1996-01-01T12:00:00Z,10.575,72.625,0.0
1996-01-01T12:00:00Z,10.575,72.675,0.0
1996-01-01T12:00:00Z,10.575,72.725,0.0
1996-01-01T12:00:00Z,10.575,72.775,0.0
1996-01-01T12:00:00Z,10.525,72.425,0.0
1996-01-01T12:00:00Z,10.525,72.475,0.0
1996-01-01T12:00:00Z,10.525,72.525,0.0
1996-01-01T12:00:00Z,10.525,72.575,0.0
1996-01-01T12:00:00Z,10.525,72.625,0.0
1996-01-01T12:00:00Z,10.525,72.675,0.0
1996-01-01T12:00:00Z,10.525,72.725,0.0
1996-01-01T12:00:00Z,10.525,72.775,0.0
1996-01-01T12:00:00Z,10.475,72.425,0.0
1996-01-01T12:00:00Z,10.475,72.475,0.0
1996-01-01T12:00:00Z,10.475,72.525,0.0
1996-01-01T12:00:00Z,10.475,72.575,0.0
1996-01-01T12:00:00Z,10.475,72.625,0.0
1996-01-01T12:00:00Z,10.475,72.675,0.0
1996-01-01T12:00:00Z,10.475,72.725,0.0
1996-01-01T12:00:00Z,10.475,72.775,0.0
1996-01-01T12:00:00Z,10.425,72.425,0.0
1996-01-01T12:00:00Z,10.425,72.475,0.0
1996-01-01T12:00:00Z,10.425,72.525,0.0
1996-01-01T12:00:00Z,10.425,72.575,0.0
1996-01-01T12:00:00Z,10.425,72.625,0.0
1996-01-01T12:00:00Z,10.425,72.675,0.0
1996-01-01T12:00:00Z,10.425,72.725,0.0
1996-01-01T12:00:00Z,10.425,72.775,0.0
1996-01-01T12:00:00Z,10.375,72.425,0.0
1996-01-01T12:00:00Z,10.375,72.475,0.0
1996-01-01T12:00:00Z,10.375,72.525,0.0
1996-01-01T12:00:00Z,10.375,72.575,0.0
1996-01-01T12:00:00Z,10.375,72.625,0.0
1996-01-01T12:00:00Z,10.375,72.675,0.0
1996-01-01T12:00:00Z,10.375,72.725,0.0
1996-01-01T12:00:00Z,10.375,72.775,0.0
1996-01-31T12:00:00Z,10.625,72.425,0.0
1996-01-31T12:00:00Z,10.625,72.475,0.0
1996-01-31T12:00:00Z,10.625,72.525,0.0
1996-01-31T12:00:00Z,10.625,72.575,0.0
1996-01-31T12:00:00Z,10.625,72.625,0.0
1996-01-31T12:00:00Z,10.625,72.675,0.0
1996-01-31T12:00:00Z,10.625,72.725,0.0
1996-01-31T12:00:00Z,10.625,72.775,0.0
1996-01-31T12:00:00Z,10.575,72.425,0.0
1996-01-31T12:00:00Z,10.575,72.475,0.0
1996-01-31T12:00:00Z,10.575,72.525,0.0
1996-01-31T12:00:00Z,10.575,72.575,0.0
1996-01-31T12:00:00Z,10.575,72.625,0.0
1996-01-31T12:00:00Z,10.575,72.675,0.0
1996-01-31T12:00:00Z,10.575,72.725,0.0
1996-01-31T12:00:00Z,10.575,72.775,0.0
1996-01-31T12:00:00Z,10.525,72.425,0.0
1996-01-31T12:00:00Z,10.525,72.475,0.0
1996-01-31T12:00:00Z,10.525,72.525,0.0
1996-01-31T12:00:00Z,10.525,72.575,0.0
1996-01-31T12:00:00Z,10.525,72.625,0.0
1996-01-31T12:00:00Z,10.525,72.675,0.0
1996-01-31T12:00:00Z,10.525,72.725,0.0
1996-01-31T12:00:00Z,10.525,72.775,0.0
1996-01-31T12:00:00Z,10.475,72.425,0.0
1996-01-31T12:00:00Z,10.475,72.475,0.0
1996-01-31T12:00:00Z,10.475,72.525,0.0
1996-01-31T12:00:00Z,10.475,72.575,0.0
1996-01-31T12:00:00Z,10.475,72.625,0.0
1996-01-31T12:00:00Z,10.475,72.675,0.0
1996-01-31T12:00:00Z,10.475,72.725,0.0
1996-01-31T12:00:00Z,10.475,72.775,0.0
1996-01-31T12:00:00Z,10.425,72.425,0.0
1996-01-31T12:00:00Z,10.425,72.475,0.0
1996-01-31T12:00:00Z,10.425,72.525,0.0
1996-01-31T12:00:00Z,10.425,72.575,0.0
1996-01-31T12:00:00Z,10.425,72.625,0.0
1996-01-31T12:00:00Z,10.425,72.675,0.0
1996-01-31T12:00:00Z,10.425,72.725,0.0
1996-01-31T12:00:00Z,10.425,72.775,0.0
1996-01-31T12:00:00Z,10.375,72.425,0.0
1996-01-31T12:00:00Z,10.375,72.475,0.0
1996-01-31T12:00:00Z,10.375,72.525,0.0
1996-01-31T12:00:00Z,10.375,72.575,0.0
1996-01-31T12:00:00Z,10.375,72.625,0.0
1996-01-31T12:00:00Z,10.375,72.675,0.0
1996-01-31T12:00:00Z,10.375,72.725,0.0
1996-01-31T12:00:00Z,10.375,72.775,0.0
1996-03-01T12:00:00Z,10.625,72.425,0.0
1996-03-01T12:00:00Z,10.625,72.475,0.0
1996-03-01T12:00:00Z,10.625,72.525,0.0
1996-03-01T12:00:00Z,10.625,72.575,0.0
1996-03-01T12:00:00Z,10.625,72.625,0.0
1996-03-01T12:00:00Z,10.625,72.675,0.0
1996-03-01T12:00:00Z,10.625,72.725,0.0
1996-03-01T12:00:00Z,10.625,72.775,0.0
1996-03-01T12:00:00Z,10.575,72.425,0.0
1996-03-01T12:00:00Z,10.575,72.475,0.0
1996-03-01T12:00:00Z,10.575,72.525,0.0
1996-03-01T12:00:00Z,10.575,72.575,0.0
1996-03-01T12:00:00Z,10.575,72.625,0.0
1996-03-01T12:00:00Z,10.575,72.675,0.0
1996-03-01T12:00:00Z,10.575,72.725,0.0
1996-03-01T12:00:00Z,10.575,72.775,0.0
1996-03-01T12:00:00Z,10.525,72.425,0.0
1996-03-01T12:00:00Z,10.525,72.475,0.0
1996-03-01T12:00:00Z,10.525,72.525,0.0
1996-03-01T12:00:00Z,10.525,72.575,0.0
1996-03-01T12:00:00Z,10.525,72.625,0.0
1996-03-01T12:00:00Z,10.525,72.675,0.0
1996-03-01T12:00:00Z,10.525,72.725,0.0
1996-03-01T12:00:00Z,10.525,72.775,0.0
1996-03-01T12:00:00Z,10.475,72.425,0.0
1996-03-01T12:00:00Z,10.475,72.475,0.0
1996-03-01T12:00:00Z,10.475,72.525,0.0
1996-03-01T12:00:00Z,10.475,72.575,0.0
1996-03-01T12:00:00Z,10.475,72.625,0.0
1996-03-01T12:00:00Z,10.475,72.675,0.0
1996-03-01T12:00:00Z,10.475,72.725,0.0
1996-03-01T12:00:00Z,10.475,72.775,0.0
1996-03-01T12:00:00Z,10.425,72.425,0.0
1996-03-01T12:00:00Z,10.425,72.475,0.0
1996-03-01T12:00:00Z,10.425,72.525,0.0
1996-03-01T12:00:00Z,10.425,72.575,0.0
1996-03-01T12:00:00Z,10.425,72.625,0.0
1996-03-01T12:00:00Z,10.425,72.675,0.0
1996-03-01T12:00:00Z,10.425,72.725,0.0
1996-03-01T12:00:00Z,10.425,72.775,0.0
1996-03-01T12:00:00Z,10.375,72.425,0.0
1996-03-01T12:00:00Z,10.375,72.475,0.0
1996-03-01T12:00:00Z,10.375,72.525,0.0
1996-03-01T12:00:00Z,10.375,72.575,0.0
1996-03-01T12:00:00Z,10.375,72.625,0.0
1996-03-01T12:00:00Z,10.375,72.675,0.0
1996-03-01T12:00:00Z,10.375,72.725,0.0
1996-03-01T12:00:00Z,10.375,72.775,0.0
1996-03-31T12:00:00Z,10.625,72.425,0.0
1996-03-31T12:00:00Z,10.625,72.475,0.0
1996-03-31T12:00:00Z,10.625,72.525,0.0
1996-03-31T12:00:00Z,10.625,72.575,0.0
1996-03-31T12:00:00Z,10.625,72.625,0.0
1996-03-31T12:00:00Z,10.625,72.675,0.0
1996-03-31T12:00:00Z,10.625,72.725,0.0
1996-03-31T12:00:00Z,10.625,72.775,0.0
1996-03-31T12:00:00Z,10.575,72.425,0.0
1996-03-31T12:00:00Z,10.575,72.475,0.0
1996-03-31T12:00:00Z,10.575,72.525,0.0
1996-03-31T12:00:00Z,10.575,72.575,0.0
1996-03-31T12:00:00Z,10.575,72.625,0.0
1996-03-31T12:00:00Z,10.575,72.675,0.0
1996-03-31T12:00:00Z,10.575,72.725,0.0
1996-03-31T12:00:00Z,10.575,72.775,0.0
1996-03-31T12:00:00Z,10.525,72.425,0.0
1996-03-31T12:00:00Z,10.525,72.475,0.0
1996-03-31T12:00:00Z,10.525,72.525,0.0
1996-03-31T12:00:00Z,10.525,72.575,0.0
1996-03-31T12:00:00Z,10.525,72.625,0.0
1996-03-31T12:00:00Z,10.525,72.675,0.0
1996-03-31T12:00:00Z,10.525,72.725,0.0
1996-03-31T12:00:00Z,10.525,72.775,0.0
1996-03-31T12:00:00Z,10.475,72.425,0.0
1996-03-31T12:00:00Z,10.475,72.475,0.0
1996-03-31T12:00:00Z,10.475,72.525,0.0
1996-03-31T12:00:00Z,10.475,72.575,0.0
1996-03-31T12:00:00Z,10.475,72.625,0.0
1996-03-31T12:00:00Z,10.475,72.675,0.0
1996-03-31T12:00:00Z,10.475,72.725,0.0
1996-03-31T12:00:00Z,10.475,72.775,0.0
1996-03-31T12:00:00Z,10.425,72.425,0.0
1996-03-31T12:00:00Z,10.425,72.475,0.0
1996-03-31T12:00:00Z,10.425,72.525,0.0
1996-03-31T12:00:00Z,10.425,72.575,0.0
1996-03-31T12:00:00Z,10.425,72.625,0.0
1996-03-31T12:00:00Z,10.425,72.675,0.0
1996-03-31T12:00:00Z,10.425,72.725,0.0
1996-03-31T12:00:00Z,10.425,72.775,0.0
1996-03-31T12:00:00Z,10.375,72.425,0.0
1996-03-31T12:00:00Z,10.375,72.475,0.0
1996-03-31T12:00:00Z,10.375,72.525,0.0
1996-03-31T12:00:00Z,10.375,72.575,0.0
1996-03-31T12:00:00Z,10.375,72.625,0.0
1996-03-31T12:00:00Z,10.375,72.675,0.0
1996-03-31T12:00:00Z,10.375,72.725,0.0
1996-03-31T12:00:00Z,10.375,72.775,0.0
1996-04-30T12:00:00Z,10.625,72.425,0.0
1996-04-30T12:00:00Z,10.625,72.475,0.0
1996-04-30T12:00:00Z,10.625,72.525,0.0
1996-04-30T12:00:00Z,10.625,72.575,0.0
1996-04-30T12:00:00Z,10.625,72.625,0.0
1996-04-30T12:00:00Z,10.625,72.675,0.0
1996-04-30T12:00:00Z,10.625,72.725,0.0
1996-04-30T12:00:00Z,10.625,72.775,0.0
1996-04-30T12:00:00Z,10.575,72.425,0.0
1996-04-30T12:00:00Z,10.575,72.475,0.0
1996-04-30T12:00:00Z,10.575,72.525,0.0
1996-04-30T12:00:00Z,10.575,72.575,0.0
1996-04-30T12:00:00Z,10.575,72.625,0.0
1996-04-30T12:00:00Z,10.575,72.675,0.0
1996-04-30T12:00:00Z,10.575,72.725,0.0
1996-04-30T12:00:00Z,10.575,72.775,0.0
1996-04-30T12:00:00Z,10.525,72.425,0.0
1996-04-30T12:00:00Z,10.525,72.475,0.0
1996-04-30T12:00:00Z,10.525,72.525,0.0
1996-04-30T12:00:00Z,10.525,72.575,0.0
1996-04-30T12:00:00Z,10.525,72.625,0.0
1996-04-30T12:00:00Z,10.525,72.675,0.0
1996-04-30T12:00:00Z,10.525,72.725,0.0
1996-04-30T12:00:00Z,10.525,72.775,0.0
1996-04-30T12:00:00Z,10.475,72.425,0.0
1996-04-30T12:00:00Z,10.475,72.475,0.0
1996-04-30T12:00:00Z,10.475,72.525,0.0
1996-04-30T12:00:00Z,10.475,72.575,0.0
1996-04-30T12:00:00Z,10.475,72.625,0.0
1996-04-30T12:00:00Z,10.475,72.675,0.0
1996-04-30T12:00:00Z,10.475,72.725,0.0
1996-04-30T12:00:00Z,10.475,72.775,0.0
1996-04-30T12:00:00Z,10.425,72.425,0.0
1996-04-30T12:00:00Z,10.425,72.475,0.0
1996-04-30T12:00:00Z,10.425,72.525,0.0
1996-04-30T12:00:00Z,10.425,72.575,0.0
1996-04-30T12:00:00Z,10.425,72.625,0.0
1996-04-30T12:00:00Z,10.425,72.675,0.0
1996-04-30T12:00:00Z,10.425,72.725,0.0
1996-04-30T12:00:00Z,10.425,72.775,0.0
1996-04-30T12:00:00Z,10.375,72.425,0.0
1996-04-30T12:00:00Z,10.375,72.475,0.0
1996-04-30T12:00:00Z,10.375,72.525,0.0
1996-04-30T12:00:00Z,10.375,72.575,0.0
1996-04-30T12:00:00Z,10.375,72.625,0.0
1996-04-30T12:00:00Z,10.375,72.675,0.0
1996-04-30T12:00:00Z,10.375,72.725,0.0
1996-04-30T12:00:00Z,10.375,72.775,0.0
1996-05-30T12:00:00Z,10.625,72.425,0.0
1996-05-30T12:00:00Z,10.625,72.475,0.0
1996-05-30T12:00:00Z,10.625,72.525,0.0
1996-05-30T12:00:00Z,10.625,72.575,0.0
1996-05-30T12:00:00Z,10.625,72.625,0.0
1996-05-30T12:00:00Z,10.625,72.675,0.0
1996-05-30T12:00:00Z,10.625,72.725,0.0
1996-05-30T12:00:00Z,10.625,72.775,0.0
1996-05-30T12:00:00Z,10.575,72.425,0.0
1996-05-30T12:00:00Z,10.575,72.475,0.0
1996-05-30T12:00:00Z,10.575,72.525,0.0
1996-05-30T12:00:00Z,10.575,72.575,0.0
1996-05-30T12:00:00Z,10.575,72.625,0.0
1996-05-30T12:00:00Z,10.575,72.675,0.0
1996-05-30T12:00:00Z,10.575,72.725,0.0
1996-05-30T12:00:00Z,10.575,72.775,0.0
1996-05-30T12:00:00Z,10.525,72.425,0.0
1996-05-30T12:00:00Z,10.525,72.475,0.0
1996-05-30T12:00:00Z,10.525,72.525,0.0
1996-05-30T12:00:00Z,10.525,72.575,0.0
1996-05-30T12:00:00Z,10.525,72.625,0.0
1996-05-30T12:00:00Z,10.525,72.675,0.0
1996-05-30T12:00:00Z,10.525,72.725,0.0
1996-05-30T12:00:00Z,10.525,72.775,0.0
1996-05-30T12:00:00Z,10.475,72.425,0.0
1996-05-30T12:00:00Z,10.475,72.475,0.0
1996-05-30T12:00:00Z,10.475,72.525,0.0
1996-05-30T12:00:00Z,10.475,72.575,0.0
1996-05-30T12:00:00Z,10.475,72.625,0.0
1996-05-30T12:00:00Z,10.475,72.675,0.0
1996-05-30T12:00:00Z,10.475,72.725,0.0
1996-05-30T12:00:00Z,10.475,72.775,0.0
1996-05-30T12:00:00Z,10.425,72.425,0.0
1996-05-30T12:00:00Z,10.425,72.475,0.0
1996-05-30T12:00:00Z,10.425,72.525,0.0
1996-05-30T12:00:00Z,10.425,72.575,0.0
1996-05-30T12:00:00Z,10.425,72.625,0.0
1996-05-30T12:00:00Z,10.425,72.675,0.0
1996-05-30T12:00:00Z,10.425,72.725,0.0
1996-05-30T12:00:00Z,10.425,72.775,0.0
1996-05-30T12:00:00Z,10.375,72.425,0.0
1996-05-30T12:00:00Z,10.375,72.475,0.0
1996-05-30T12:00:00Z,10.375,72.525,0.0
1996-05-30T12:00:00Z,10.375,72.575,0.0
1996-05-30T12:00:00Z,10.375,72.625,0.0
1996-05-30T12:00:00Z,10.375,72.675,0.0
1996-05-30T12:00:00Z,10.375,72.725,0.0
1996-05-30T12:00:00Z,10.375,72.775,0.0
1996-06-29T12:00:00Z,10.625,72.425,0.0
1996-06-29T12:00:00Z,10.625,72.475,0.0
1996-06-29T12:00:00Z,10.625,72.525,0.0
1996-06-29T12:00:00Z,10.625,72.575,0.0
1996-06-29T12:00:00Z,10.625,72.625,0.0
1996-06-29T12:00:00Z,10.625,72.675,0.0
1996-06-29T12:00:00Z,10.625,72.725,0.0
1996-06-29T12:00:00Z,10.625,72.775,0.0
1996-06-29T12:00:00Z,10.575,72.425,0.0
1996-06-29T12:00:00Z,10.575,72.475,0.0
1996-06-29T12:00:00Z,10.575,72.525,0.0
1996-06-29T12:00:00Z,10.575,72.575,0.0
1996-06-29T12:00:00Z,10.575,72.625,0.0
1996-06-29T12:00:00Z,10.575,72.675,0.0
1996-06-29T12:00:00Z,10.575,72.725,0.0
1996-06-29T12:00:00Z,10.575,72.775,0.0
1996-06-29T12:00:00Z,10.525,72.425,0.0
1996-06-29T12:00:00Z,10.525,72.475,0.0
1996-06-29T12:00:00Z,10.525,72.525,0.0
1996-06-29T12:00:00Z,10.525,72.575,0.0
1996-06-29T12:00:00Z,10.525,72.625,0.0
1996-06-29T12:00:00Z,10.525,72.675,0.0
1996-06-29T12:00:00Z,10.525,72.725,0.0
1996-06-29T12:00:00Z,10.525,72.775,0.0
1996-06-29T12:00:00Z,10.475,72.425,0.0
1996-06-29T12:00:00Z,10.475,72.475,0.0
1996-06-29T12:00:00Z,10.475,72.525,0.0
1996-06-29T12:00:00Z,10.475,72.575,0.0
1996-06-29T12:00:00Z,10.475,72.625,0.0
1996-06-29T12:00:00Z,10.475,72.675,0.0
1996-06-29T12:00:00Z,10.475,72.725,0.0
1996-06-29T12:00:00Z,10.475,72.775,0.0
1996-06-29T12:00:00Z,10.425,72.425,0.0
1996-06-29T12:00:00Z,10.425,72.475,0.0
1996-06-29T12:00:00Z,10.425,72.525,0.0
1996-06-29T12:00:00Z,10.425,72.575,0.0
1996-06-29T12:00:00Z,10.425,72.625,0.0
1996-06-29T12:00:00Z,10.425,72.675,0.0
1996-06-29T12:00:00Z,10.425,72.725,0.0
1996-06-29T12:00:00Z,10.425,72.775,0.0
1996-06-29T12:00:00Z,10.375,72.425,0.0
1996-06-29T12:00:00Z,10.375,72.475,0.0
1996-06-29T12:00:00Z,10.375,72.525,0.0
1996-06-29T12:00:00Z,10.375,72.575,0.0
1996-06-29T12:00:00Z,10.375,72.625,0.0
1996-06-29T12:00:00Z,10.375,72.675,0.0
1996-06-29T12:00:00Z,10.375,72.725,0.0
1996-06-29T12:00:00Z,10.375,72.775,0.0
1996-07-29T12:00:00Z,10.625,72.425,0.0
1996-07-29T12:00:00Z,10.625,72.475,0.0
1996-07-29T12:00:00Z,10.625,72.525,0.0
1996-07-29T12:00:00Z,10.625,72.575,0.0
1996-07-29T12:00:00Z,10.625,72.625,0.0
1996-07-29T12:00:00Z,10.625,72.675,0.0
1996-07-29T12:00:00Z,10.625,72.725,0.0
1996-07-29T12:00:00Z,10.625,72.775,0.0
1996-07-29T12:00:00Z,10.575,72.425,0.0
1996-07-29T12:00:00Z,10.575,72.475,0.0
1996-07-29T12:00:00Z,10.575,72.525,0.0
1996-07-29T12:00:00Z,10.575,72.575,0.0
1996-07-29T12:00:00Z,10.575,72.625,0.0
1996-07-29T12:00:00Z,10.575,72.675,0.0
1996-07-29T12:00:00Z,10.575,72.725,0.0
1996-07-29T12:00:00Z,10.575,72.775,0.0
1996-07-29T12:00:00Z,10.525,72.425,0.0
1996-07-29T12:00:00Z,10.525,72.475,0.0
1996-07-29T12:00:00Z,10.525,72.525,0.0
1996-07-29T12:00:00Z,10.525,72.575,0.0
1996-07-29T12:00:00Z,10.525,72.625,0.0
1996-07-29T12:00:00Z,10.525,72.675,0.0
1996-07-29T12:00:00Z,10.525,72.725,0.0
1996-07-29T12:00:00Z,10.525,72.775,0.0
1996-07-29T12:00:00Z,10.475,72.425,0.0
1996-07-29T12:00:00Z,10.475,72.475,0.0
1996-07-29T12:00:00Z,10.475,72.525,0.0
1996-07-29T12:00:00Z,10.475,72.575,0.0
1996-07-29T12:00:00Z,10.475,72.625,0.0
1996-07-29T12:00:00Z,10.475,72.675,0.0
1996-07-29T12:00:00Z,10.475,72.725,0.0
1996-07-29T12:00:00Z,10.475,72.775,0.0
1996-07-29T12:00:00Z,10.425,72.425,0.0
1996-07-29T12:00:00Z,10.425,72.475,0.0
1996-07-29T12:00:00Z,10.425,72.525,0.0
1996-07-29T12:00:00Z,10.425,72.575,0.0
1996-07-29T12:00:00Z,10.425,72.625,0.0
1996-07-29T12:00:00Z,10.425,72.675,0.0
1996-07-29T12:00:00Z,10.425,72.725,0.0
1996-07-29T12:00:00Z,10.425,72.775,0.0
1996-07-29T12:00:00Z,10.375,72.425,0.0
1996-07-29T12:00:00Z,10.375,72.475,0.0
1996-07-29T12:00:00Z,10.375,72.525,0.0
1996-07-29T12:00:00Z,10.375,72.575,0.0
1996-07-29T12:00:00Z,10.375,72.625,0.0
1996-07-29T12:00:00Z,10.375,72.675,0.0
1996-07-29T12:00:00Z,10.375,72.725,0.0
1996-07-29T12:00:00Z,10.375,72.775,0.0
1996-08-28T12:00:00Z,10.625,72.425,0.0
1996-08-28T12:00:00Z,10.625,72.475,0.0
1996-08-28T12:00:00Z,10.625,72.525,0.0
1996-08-28T12:00:00Z,10.625,72.575,0.0
1996-08-28T12:00:00Z,10.625,72.625,0.0
1996-08-28T12:00:00Z,10.625,72.675,0.0
1996-08-28T12:00:00Z,10.625,72.725,0.0
1996-08-28T12:00:00Z,10.625,72.775,0.0
1996-08-28T12:00:00Z,10.575,72.425,0.0
1996-08-28T12:00:00Z,10.575,72.475,0.0
1996-08-28T12:00:00Z,10.575,72.525,0.0
1996-08-28T12:00:00Z,10.575,72.575,0.0
1996-08-28T12:00:00Z,10.575,72.625,0.0
1996-08-28T12:00:00Z,10.575,72.675,0.0
1996-08-28T12:00:00Z,10.575,72.725,0.0
1996-08-28T12:00:00Z,10.575,72.775,0.0
1996-08-28T12:00:00Z,10.525,72.425,0.0
1996-08-28T12:00:00Z,10.525,72.475,0.0
1996-08-28T12:00:00Z,10.525,72.525,0.0
1996-08-28T12:00:00Z,10.525,72.575,0.0
1996-08-28T12:00:00Z,10.525,72.625,0.0
1996-08-28T12:00:00Z,10.525,72.675,0.0
1996-08-28T12:00:00Z,10.525,72.725,0.0
1996-08-28T12:00:00Z,10.525,72.775,0.0
1996-08-28T12:00:00Z,10.475,72.425,0.0
1996-08-28T12:00:00Z,10.475,72.475,0.0
1996-08-28T12:00:00Z,10.475,72.525,0.0
1996-08-28T12:00:00Z,10.475,72.575,0.0
1996-08-28T12:00:00Z,10.475,72.625,0.0
1996-08-28T12:00:00Z,10.475,72.675,0.0
1996-08-28T12:00:00Z,10.475,72.725,0.0
1996-08-28T12:00:00Z,10.475,72.775,0.0
1996-08-28T12:00:00Z,10.425,72.425,0.0
1996-08-28T12:00:00Z,10.425,72.475,0.0
1996-08-28T12:00:00Z,10.425,72.525,0.0
1996-08-28T12:00:00Z,10.425,72.575,0.0
1996-08-28T12:00:00Z,10.425,72.625,0.0
1996-08-28T12:00:00Z,10.425,72.675,0.0
1996-08-28T12:00:00Z,10.425,72.725,0.0
1996-08-28T12:00:00Z,10.425,72.775,0.0
1996-08-28T12:00:00Z,10.375,72.425,0.0
1996-08-28T12:00:00Z,10.375,72.475,0.0
1996-08-28T12:00:00Z,10.375,72.525,0.0
1996-08-28T12:00:00Z,10.375,72.575,0.0
1996-08-28T12:00:00Z,10.375,72.625,0.0
1996-08-28T12:00:00Z,10.375,72.675,0.0
1996-08-28T12:00:00Z,10.375,72.725,0.0
1996-08-28T12:00:00Z,10.375,72.775,0.0
1996-09-27T12:00:00Z,10.625,72.425,0.0
1996-09-27T12:00:00Z,10.625,72.475,0.0
1996-09-27T12:00:00Z,10.625,72.525,0.0
1996-09-27T12:00:00Z,10.625,72.575,0.0
1996-09-27T12:00:00Z,10.625,72.625,0.0
1996-09-27T12:00:00Z,10.625,72.675,0.0
1996-09-27T12:00:00Z,10.625,72.725,0.0
1996-09-27T12:00:00Z,10.625,72.775,0.0
1996-09-27T12:00:00Z,10.575,72.425,0.0
1996-09-27T12:00:00Z,10.575,72.475,0.0
1996-09-27T12:00:00Z,10.575,72.525,0.0
1996-09-27T12:00:00Z,10.575,72.575,0.0
1996-09-27T12:00:00Z,10.575,72.625,0.0
1996-09-27T12:00:00Z,10.575,72.675,0.0
1996-09-27T12:00:00Z,10.575,72.725,0.0
1996-09-27T12:00:00Z,10.575,72.775,0.0
1996-09-27T12:00:00Z,10.525,72.425,0.0
1996-09-27T12:00:00Z,10.525,72.475,0.0
1996-09-27T12:00:00Z,10.525,72.525,0.0
1996-09-27T12:00:00Z,10.525,72.575,0.0
1996-09-27T12:00:00Z,10.525,72.625,0.0
1996-09-27T12:00:00Z,10.525,72.675,0.0
1996-09-27T12:00:00Z,10.525,72.725,0.0
1996-09-27T12:00:00Z,10.525,72.775,0.0
1996-09-27T12:00:00Z,10.475,72.425,0.0
1996-09-27T12:00:00Z,10.475,72.475,0.0
1996-09-27T12:00:00Z,10.475,72.525,0.0
1996-09-27T12:00:00Z,10.475,72.575,0.0
1996-09-27T12:00:00Z,10.475,72.625,0.0
1996-09-27T12:00:00Z,10.475,72.675,0.0
1996-09-27T12:00:00Z,10.475,72.725,0.0
1996-09-27T12:00:00Z,10.475,72.775,0.0
1996-09-27T12:00:00Z,10.425,72.425,0.0
1996-09-27T12:00:00Z,10.425,72.475,0.0
1996-09-27T12:00:00Z,10.425,72.525,0.0
1996-09-27T12:00:00Z,10.425,72.575,0.0
1996-09-27T12:00:00Z,10.425,72.625,0.0
1996-09-27T12:00:00Z,10.425,72.675,0.0
1996-09-27T12:00:00Z,10.425,72.725,0.0
1996-09-27T12:00:00Z,10.425,72.775,0.0
1996-09-27T12:00:00Z,10.375,72.425,0.0
1996-09-27T12:00:00Z,10.375,72.475,0.0
1996-09-27T12:00:00Z,10.375,72.525,0.0
1996-09-27T12:00:00Z,10.375,72.575,0.0
1996-09-27T12:00:00Z,10.375,72.625,0.0
1996-09-27T12:00:00Z,10.375,72.675,0.0
1996-09-27T12:00:00Z,10.375,72.725,0.0
1996-09-27T12:00:00Z,10.375,72.775,0.0
1996-10-27T12:00:00Z,10.625,72.425,0.0
1996-10-27T12:00:00Z,10.625,72.475,0.0
1996-10-27T12:00:00Z,10.625,72.525,0.0
1996-10-27T12:00:00Z,10.625,72.575,0.0
1996-10-27T12:00:00Z,10.625,72.625,0.0
1996-10-27T12:00:00Z,10.625,72.675,0.0
1996-10-27T12:00:00Z,10.625,72.725,0.0
1996-10-27T12:00:00Z,10.625,72.775,0.0
1996-10-27T12:00:00Z,10.575,72.425,0.0
1996-10-27T12:00:00Z,10.575,72.475,0.0
1996-10-27T12:00:00Z,10.575,72.525,0.0
1996-10-27T12:00:00Z,10.575,72.575,0.0
1996-10-27T12:00:00Z,10.575,72.625,0.0
1996-10-27T12:00:00Z,10.575,72.675,0.0
1996-10-27T12:00:00Z,10.575,72.725,0.0
1996-10-27T12:00:00Z,10.575,72.775,0.0
1996-10-27T12:00:00Z,10.525,72.425,0.0
1996-10-27T12:00:00Z,10.525,72.475,0.0
1996-10-27T12:00:00Z,10.525,72.525,0.0
1996-10-27T12:00:00Z,10.525,72.575,0.0
1996-10-27T12:00:00Z,10.525,72.625,0.0
1996-10-27T12:00:00Z,10.525,72.675,0.0
1996-10-27T12:00:00Z,10.525,72.725,0.0
1996-10-27T12:00:00Z,10.525,72.775,0.0
1996-10-27T12:00:00Z,10.475,72.425,0.0
1996-10-27T12:00:00Z,10.475,72.475,0.0
1996-10-27T12:00:00Z,10.475,72.525,0.0
1996-10-27T12:00:00Z,10.475,72.575,0.0
1996-10-27T12:00:00Z,10.475,72.625,0.0
1996-10-27T12:00:00Z,10.475,72.675,0.0
1996-10-27T12:00:00Z,10.475,72.725,0.0
1996-10-27T12:00:00Z,10.475,72.775,0.0
1996-10-27T12:00:00Z,10.425,72.425,0.0
1996-10-27T12:00:00Z,10.425,72.475,0.0
1996-10-27T12:00:00Z,10.425,72.525,0.0
1996-10-27T12:00:00Z,10.425,72.575,0.0
1996-10-27T12:00:00Z,10.425,72.625,0.0
1996-10-27T12:00:00Z,10.425,72.675,0.0
1996-10-27T12:00:00Z,10.425,72.725,0.0
1996-10-27T12:00:00Z,10.425,72.775,0.0
1996-10-27T12:00:00Z,10.375,72.425,0.0
1996-10-27T12:00:00Z,10.375,72.475,0.0
1996-10-27T12:00:00Z,10.375,72.525,0.0
1996-10-27T12:00:00Z,10.375,72.575,0.0
1996-10-27T12:00:00Z,10.375,72.625,0.0
1996-10-27T12:00:00Z,10.375,72.675,0.0
1996-10-27T12:00:00Z,10.375,72.725,0.0
1996-10-27T12:00:00Z,10.375,72.775,0.0
1996-11-26T12:00:00Z,10.625,72.425,0.0
1996-11-26T12:00:00Z,10.625,72.475,0.0
1996-11-26T12:00:00Z,10.625,72.525,0.0
1996-11-26T12:00:00Z,10.625,72.575,0.0
1996-11-26T12:00:00Z,10.625,72.625,0.0
1996-11-26T12:00:00Z,10.625,72.675,0.0
1996-11-26T12:00:00Z,10.625,72.725,0.0
1996-11-26T12:00:00Z,10.625,72.775,0.0
1996-11-26T12:00:00Z,10.575,72.425,0.0
1996-11-26T12:00:00Z,10.575,72.475,0.0
1996-11-26T12:00:00Z,10.575,72.525,0.0
1996-11-26T12:00:00Z,10.575,72.575,0.0
1996-11-26T12:00:00Z,10.575,72.625,0.0
1996-11-26T12:00:00Z,10.575,72.675,0.0
1996-11-26T12:00:00Z,10.575,72.725,0.0
1996-11-26T12:00:00Z,10.575,72.775,0.0
1996-11-26T12:00:00Z,10.525,72.425,0.0
1996-11-26T12:00:00Z,10.525,72.475,0.0
1996-11-26T12:00:00Z,10.525,72.525,0.0
1996-11-26T12:00:00Z,10.525,72.575,0.0
1996-11-26T12:00:00Z,10.525,72.625,0.0
1996-11-26T12:00:00Z,10.525,72.675,0.0
1996-11-26T12:00:00Z,10.525,72.725,0.0
1996-11-26T12:00:00Z,10.525,72.775,0.0
1996-11-26T12:00:00Z,10.475,72.425,0.0
1996-11-26T12:00:00Z,10.475,72.475,0.0
1996-11-26T12:00:00Z,10.475,72.525,0.0
1996-11-26T12:00:00Z,10.475,72.575,0.0
1996-11-26T12:00:00Z,10.475,72.625,0.0
1996-11-26T12:00:00Z,10.475,72.675,0.0
1996-11-26T12:00:00Z,10.475,72.725,0.0
1996-11-26T12:00:00Z,10.475,72.775,0.0
1996-11-26T12:00:00Z,10.425,72.425,0.0
1996-11-26T12:00:00Z,10.425,72.475,0.0
1996-11-26T12:00:00Z,10.425,72.525,0.0
1996-11-26T12:00:00Z,10.425,72.575,0.0
1996-11-26T12:00:00Z,10.425,72.625,0.0
1996-11-26T12:00:00Z,10.425,72.675,0.0
1996-11-26T12:00:00Z,10.425,72.725,0.0
1996-11-26T12:00:00Z,10.425,72.775,0.0
1996-11-26T12:00:00Z,10.375,72.425,0.0
1996-11-26T12:00:00Z,10.375,72.475,0.0
1996-11-26T12:00:00Z,10.375,72.525,0.0
1996-11-26T12:00:00Z,10.375,72.575,0.0
1996-11-26T12:00:00Z,10.375,72.625,0.0
1996-11-26T12:00:00Z,10.375,72.675,0.0
1996-11-26T12:00:00Z,10.375,72.725,0.0
1996-11-26T12:00:00Z,10.375,72.775,0.0
1996-12-26T12:00:00Z,10.625,72.425,0.0
1996-12-26T12:00:00Z,10.625,72.475,0.0
1996-12-26T12:00:00Z,10.625,72.525,0.0
1996-12-26T12:00:00Z,10.625,72.575,0.0
1996-12-26T12:00:00Z,10.625,72.625,0.0
1996-12-26T12:00:00Z,10.625,72.675,0.0
1996-12-26T12:00:00Z,10.625,72.725,0.0
1996-12-26T12:00:00Z,10.625,72.775,0.0
1996-12-26T12:00:00Z,10.575,72.425,0.0
1996-12-26T12:00:00Z,10.575,72.475,0.0
1996-12-26T12:00:00Z,10.575,72.525,0.0
1996-12-26T12:00:00Z,10.575,72.575,0.0
1996-12-26T12:00:00Z,10.575,72.625,0.0
1996-12-26T12:00:00Z,10.575,72.675,0.0
1996-12-26T12:00:00Z,10.575,72.725,0.0
1996-12-26T12:00:00Z,10.575,72.775,0.0
1996-12-26T12:00:00Z,10.525,72.425,0.0
1996-12-26T12:00:00Z,10.525,72.475,0.0
1996-12-26T12:00:00Z,10.525,72.525,0.0
1996-12-26T12:00:00Z,10.525,72.575,0.0
1996-12-26T12:00:00Z,10.525,72.625,0.0
1996-12-26T12:00:00Z,10.525,72.675,0.0
1996-12-26T12:00:00Z,10.525,72.725,0.0
1996-12-26T12:00:00Z,10.525,72.775,0.0
1996-12-26T12:00:00Z,10.475,72.425,0.0
1996-12-26T12:00:00Z,10.475,72.475,0.0
1996-12-26T12:00:00Z,10.475,72.525,0.0
1996-12-26T12:00:00Z,10.475,72.575,0.0
1996-12-26T12:00:00Z,10.475,72.625,0.0
1996-12-26T12:00:00Z,10.475,72.675,0.0
1996-12-26T12:00:00Z,10.475,72.725,0.0
1996-12-26T12:00:00Z,10.475,72.775,0.0
1996-12-26T12:00:00Z,10.425,72.425,0.0
1996-12-26T12:00:00Z,10.425,72.475,0.0
1996-12-26T12:00:00Z,10.425,72.525,0.0
1996-12-26T12:00:00Z,10.425,72.575,0.0
1996-12-26T12:00:00Z,10.425,72.625,0.0
1996-12-26T12:00:00Z,10.425,72.675,0.0
1996-12-26T12:00:00Z,10.425,72.725,0.0
1996-12-26T12:00:00Z,10.425,72.775,0.0
1996-12-26T12:00:00Z,10.375,72.425,0.0
1996-12-26T12:00:00Z,10.375,72.475,0.0
1996-12-26T12:00:00Z,10.375,72.525,0.0
1996-12-26T12:00:00Z,10.375,72.575,0.0
1996-12-26T12:00:00Z,10.375,72.625,0.0
1996-12-26T12:00:00Z,10.375,72.675,0.0
1996-12-26T12:00:00Z,10.375,72.725,0.0
1996-12-26T12:00:00Z,10.375,72.775,0.0
1997-01-25T12:00:00Z,10.625,72.425,0.0
1997-01-25T12:00:00Z,10.625,72.475,0.0
1997-01-25T12:00:00Z,10.625,72.525,0.0
1997-01-25T12:00:00Z,10.625,72.575,0.0
1997-01-25T12:00:00Z,10.625,72.625,0.0
1997-01-25T12:00:00Z,10.625,72.675,0.0
1997-01-25T12:00:00Z,10.625,72.725,0.0
1997-01-25T12:00:00Z,10.625,72.775,0.0
1997-01-25T12:00:00Z,10.575,72.425,0.0
1997-01-25T12:00:00Z,10.575,72.475,0.0
1997-01-25T12:00:00Z,10.575,72.525,0.0
1997-01-25T12:00:00Z,10.575,72.575,0.0
1997-01-25T12:00:00Z,10.575,72.625,0.0
1997-01-25T12:00:00Z,10.575,72.675,0.0
1997-01-25T12:00:00Z,10.575,72.725,0.0
1997-01-25T12:00:00Z,10.575,72.775,0.0
1997-01-25T12:00:00Z,10.525,72.425,0.0
1997-01-25T12:00:00Z,10.525,72.475,0.0
1997-01-25T12:00:00Z,10.525,72.525,0.0
1997-01-25T12:00:00Z,10.525,72.575,0.0
1997-01-25T12:00:00Z,10.525,72.625,0.0
1997-01-25T12:00:00Z,10.525,72.675,0.0
1997-01-25T12:00:00Z,10.525,72.725,0.0
1997-01-25T12:00:00Z,10.525,72.775,0.0
1997-01-25T12:00:00Z,10.475,72.425,0.0
1997-01-25T12:00:00Z,10.475,72.475,0.0
1997-01-25T12:00:00Z,10.475,72.525,0.0
1997-01-25T12:00:00Z,10.475,72.575,0.0
1997-01-25T12:00:00Z,10.475,72.625,0.0
1997-01-25T12:00:00Z,10.475,72.675,0.0
1997-01-25T12:00:00Z,10.475,72.725,0.0
1997-01-25T12:00:00Z,10.475,72.775,0.0
1997-01-25T12:00:00Z,10.425,72.425,0.0
1997-01-25T12:00:00Z,10.425,72.475,0.0
1997-01-25T12:00:00Z,10.425,72.525,0.0
1997-01-25T12:00:00Z,10.425,72.575,0.0
1997-01-25T12:00:00Z,10.425,72.625,0.0
1997-01-25T12:00:00Z,10.425,72.675,0.0
1997-01-25T12:00:00Z,10.425,72.725,0.0
1997-01-25T12:00:00Z,10.425,72.775,0.0
1997-01-25T12:00:00Z,10.375,72.425,0.0
1997-01-25T12:00:00Z,10.375,72.475,0.0
1997-01-25T12:00:00Z,10.375,72.525,0.0
1997-01-25T12:00:00Z,10.375,72.575,0.0
1997-01-25T12:00:00Z,10.375,72.625,0.0
1997-01-25T12:00:00Z,10.375,72.675,0.0
1997-01-25T12:00:00Z,10.375,72.725,0.0
1997-01-25T12:00:00Z,10.375,72.775,0.0
1997-02-24T12:00:00Z,10.625,72.425,0.0
1997-02-24T12:00:00Z,10.625,72.475,0.0
1997-02-24T12:00:00Z,10.625,72.525,0.0
1997-02-24T12:00:00Z,10.625,72.575,0.0
1997-02-24T12:00:00Z,10.625,72.625,0.0
1997-02-24T12:00:00Z,10.625,72.675,0.0
1997-02-24T12:00:00Z,10.625,72.725,0.0
1997-02-24T12:00:00Z,10.625,72.775,0.0
1997-02-24T12:00:00Z,10.575,72.425,0.0
1997-02-24T12:00:00Z,10.575,72.475,0.0
1997-02-24T12:00:00Z,10.575,72.525,0.0
1997-02-24T12:00:00Z,10.575,72.575,0.0
1997-02-24T12:00:00Z,10.575,72.625,0.0
1997-02-24T12:00:00Z,10.575,72.675,0.0
1997-02-24T12:00:00Z,10.575,72.725,0.0
1997-02-24T12:00:00Z,10.575,72.775,0.0
1997-02-24T12:00:00Z,10.525,72.425,0.0
1997-02-24T12:00:00Z,10.525,72.475,0.0
1997-02-24T12:00:00Z,10.525,72.525,0.0
1997-02-24T12:00:00Z,10.525,72.575,0.0
1997-02-24T12:00:00Z,10.525,72.625,0.0
1997-02-24T12:00:00Z,10.525,72.675,0.0
1997-02-24T12:00:00Z,10.525,72.725,0.0
1997-02-24T12:00:00Z,10.525,72.775,0.0
1997-02-24T12:00:00Z,10.475,72.425,0.0
1997-02-24T12:00:00Z,10.475,72.475,0.0
1997-02-24T12:00:00Z,10.475,72.525,0.0
1997-02-24T12:00:00Z,10.475,72.575,0.0
1997-02-24T12:00:00Z,10.475,72.625,0.0
1997-02-24T12:00:00Z,10.475,72.675,0.0
1997-02-24T12:00:00Z,10.475,72.725,0.0
1997-02-24T12:00:00Z,10.475,72.775,0.0
1997-02-24T12:00:00Z,10.425,72.425,0.0
1997-02-24T12:00:00Z,10.425,72.475,0.0
1997-02-24T12:00:00Z,10.425,72.525,0.0
1997-02-24T12:00:00Z,10.425,72.575,0.0
1997-02-24T12:00:00Z,10.425,72.625,0.0
1997-02-24T12:00:00Z,10.425,72.675,0.0
1997-02-24T12:00:00Z,10.425,72.725,0.0
1997-02-24T12:00:00Z,10.425,72.775,0.0
1997-02-24T12:00:00Z,10.375,72.425,0.0
1997-02-24T12:00:00Z,10.375,72.475,0.0
1997-02-24T12:00:00Z,10.375,72.525,0.0
1997-02-24T12:00:00Z,10.375,72.575,0.0
1997-02-24T12:00:00Z,10.375,72.625,0.0
1997-02-24T12:00:00Z,10.375,72.675,0.0
1997-02-24T12:00:00Z,10.375,72.725,0.0
1997-02-24T12:00:00Z,10.375,72.775,0.0
1997-03-26T12:00:00Z,10.625,72.425,0.0
1997-03-26T12:00:00Z,10.625,72.475,0.0
1997-03-26T12:00:00Z,10.625,72.525,0.0
1997-03-26T12:00:00Z,10.625,72.575,0.0
1997-03-26T12:00:00Z,10.625,72.625,0.0
1997-03-26T12:00:00Z,10.625,72.675,0.0
1997-03-26T12:00:00Z,10.625,72.725,0.0
1997-03-26T12:00:00Z,10.625,72.775,0.0
1997-03-26T12:00:00Z,10.575,72.425,0.0
1997-03-26T12:00:00Z,10.575,72.475,0.0
1997-03-26T12:00:00Z,10.575,72.525,0.0
1997-03-26T12:00:00Z,10.575,72.575,0.0
1997-03-26T12:00:00Z,10.575,72.625,0.0
1997-03-26T12:00:00Z,10.575,72.675,0.0
1997-03-26T12:00:00Z,10.575,72.725,0.0
1997-03-26T12:00:00Z,10.575,72.775,0.0
1997-03-26T12:00:00Z,10.525,72.425,0.0
1997-03-26T12:00:00Z,10.525,72.475,0.0
1997-03-26T12:00:00Z,10.525,72.525,0.0
1997-03-26T12:00:00Z,10.525,72.575,0.0
1997-03-26T12:00:00Z,10.525,72.625,0.0
1997-03-26T12:00:00Z,10.525,72.675,0.0
1997-03-26T12:00:00Z,10.525,72.725,0.0
1997-03-26T12:00:00Z,10.525,72.775,0.0
1997-03-26T12:00:00Z,10.475,72.425,0.0
1997-03-26T12:00:00Z,10.475,72.475,0.0
1997-03-26T12:00:00Z,10.475,72.525,0.0
1997-03-26T12:00:00Z,10.475,72.575,0.0
1997-03-26T12:00:00Z,10.475,72.625,0.0
1997-03-26T12:00:00Z,10.475,72.675,0.0
1997-03-26T12:00:00Z,10.475,72.725,0.0
1997-03-26T12:00:00Z,10.475,72.775,0.0
1997-03-26T12:00:00Z,10.425,72.425,0.0
1997-03-26T12:00:00Z,10.425,72.475,0.0
1997-03-26T12:00:00Z,10.425,72.525,0.0
1997-03-26T12:00:00Z,10.425,72.575,0.0
1997-03-26T12:00:00Z,10.425,72.625,0.0
1997-03-26T12:00:00Z,10.425,72.675,0.0
1997-03-26T12:00:00Z,10.425,72.725,0.0
1997-03-26T12:00:00Z,10.425,72.775,0.0
1997-03-26T12:00:00Z,10.375,72.425,0.0
1997-03-26T12:00:00Z,10.375,72.475,0.0
1997-03-26T12:00:00Z,10.375,72.525,0.0
1997-03-26T12:00:00Z,10.375,72.575,0.0
1997-03-26T12:00:00Z,10.375,72.625,0.0
1997-03-26T12:00:00Z,10.375,72.675,0.0
1997-03-26T12:00:00Z,10.375,72.725,0.0
1997-03-26T12:00:00Z,10.375,72.775,0.0
1997-04-25T12:00:00Z,10.625,72.425,0.0
1997-04-25T12:00:00Z,10.625,72.475,0.0
1997-04-25T12:00:00Z,10.625,72.525,0.0
1997-04-25T12:00:00Z,10.625,72.575,0.0
1997-04-25T12:00:00Z,10.625,72.625,0.0
1997-04-25T12:00:00Z,10.625,72.675,0.0
1997-04-25T12:00:00Z,10.625,72.725,0.0
1997-04-25T12:00:00Z,10.625,72.775,0.0
1997-04-25T12:00:00Z,10.575,72.425,0.0
1997-04-25T12:00:00Z,10.575,72.475,0.0
1997-04-25T12:00:00Z,10.575,72.525,0.0
1997-04-25T12:00:00Z,10.575,72.575,0.0
1997-04-25T12:00:00Z,10.575,72.625,0.0
1997-04-25T12:00:00Z,10.575,72.675,0.0
1997-04-25T12:00:00Z,10.575,72.725,0.0
1997-04-25T12:00:00Z,10.575,72.775,0.0
1997-04-25T12:00:00Z,10.525,72.425,0.0
1997-04-25T12:00:00Z,10.525,72.475,0.0
1997-04-25T12:00:00Z,10.525,72.525,0.0
1997-04-25T12:00:00Z,10.525,72.575,0.0
1997-04-25T12:00:00Z,10.525,72.625,0.0
1997-04-25T12:00:00Z,10.525,72.675,0.0
1997-04-25T12:00:00Z,10.525,72.725,0.0
1997-04-25T12:00:00Z,10.525,72.775,0.0
1997-04-25T12:00:00Z,10.475,72.425,0.0
1997-04-25T12:00:00Z,10.475,72.475,0.0
1997-04-25T12:00:00Z,10.475,72.525,0.0
1997-04-25T12:00:00Z,10.475,72.575,0.0
1997-04-25T12:00:00Z,10.475,72.625,0.0
1997-04-25T12:00:00Z,10.475,72.675,0.0
1997-04-25T12:00:00Z,10.475,72.725,0.0
1997-04-25T12:00:00Z,10.475,72.775,0.0
1997-04-25T12:00:00Z,10.425,72.425,0.0
1997-04-25T12:00:00Z,10.425,72.475,0.0
1997-04-25T12:00:00Z,10.425,72.525,0.0
1997-04-25T12:00:00Z,10.425,72.575,0.0
1997-04-25T12:00:00Z,10.425,72.625,0.0
1997-04-25T12:00:00Z,10.425,72.675,0.0
1997-04-25T12:00:00Z,10.425,72.725,0.0
1997-04-25T12:00:00Z,10.425,72.775,0.0
1997-04-25T12:00:00Z,10.375,72.425,0.0
1997-04-25T12:00:00Z,10.375,72.475,0.0
1997-04-25T12:00:00Z,10.375,72.525,0.0
1997-04-25T12:00:00Z,10.375,72.575,0.0
1997-04-25T12:00:00Z,10.375,72.625,0.0
1997-04-25T12:00:00Z,10.375,72.675,0.0
1997-04-25T12:00:00Z,10.375,72.725,0.0
1997-04-25T12:00:00Z,10.375,72.775,0.0
1997-05-25T12:00:00Z,10.625,72.425,0.0
1997-05-25T12:00:00Z,10.625,72.475,0.0
1997-05-25T12:00:00Z,10.625,72.525,0.0
1997-05-25T12:00:00Z,10.625,72.575,0.0
1997-05-25T12:00:00Z,10.625,72.625,0.0
1997-05-25T12:00:00Z,10.625,72.675,0.0
1997-05-25T12:00:00Z,10.625,72.725,0.0
1997-05-25T12:00:00Z,10.625,72.775,0.0
1997-05-25T12:00:00Z,10.575,72.425,0.0
1997-05-25T12:00:00Z,10.575,72.475,0.0
1997-05-25T12:00:00Z,10.575,72.525,0.0
1997-05-25T12:00:00Z,10.575,72.575,0.0
1997-05-25T12:00:00Z,10.575,72.625,0.0
1997-05-25T12:00:00Z,10.575,72.675,0.0
1997-05-25T12:00:00Z,10.575,72.725,0.0
1997-05-25T12:00:00Z,10.575,72.775,0.0
1997-05-25T12:00:00Z,10.525,72.425,0.0
1997-05-25T12:00:00Z,10.525,72.475,0.0
1997-05-25T12:00:00Z,10.525,72.525,0.0
1997-05-25T12:00:00Z,10.525,72.575,0.0
1997-05-25T12:00:00Z,10.525,72.625,0.0
1997-05-25T12:00:00Z,10.525,72.675,0.0
1997-05-25T12:00:00Z,10.525,72.725,0.0
1997-05-25T12:00:00Z,10.525,72.775,0.0
1997-05-25T12:00:00Z,10.475,72.425,0.0
1997-05-25T12:00:00Z,10.475,72.475,0.0
1997-05-25T12:00:00Z,10.475,72.525,0.0
1997-05-25T12:00:00Z,10.475,72.575,0.0
1997-05-25T12:00:00Z,10.475,72.625,0.0
1997-05-25T12:00:00Z,10.475,72.675,0.0
1997-05-25T12:00:00Z,10.475,72.725,0.0
1997-05-25T12:00:00Z,10.475,72.775,0.0
1997-05-25T12:00:00Z,10.425,72.425,0.0
1997-05-25T12:00:00Z,10.425,72.475,0.0
1997-05-25T12:00:00Z,10.425,72.525,0.0
1997-05-25T12:00:00Z,10.425,72.575,0.14
1997-05-25T12:00:00Z,10.425,72.625,0.14
1997-05-25T12:00:00Z,10.425,72.675,0.15
1997-05-25T12:00:00Z,10.425,72.725,0.15
1997-05-25T12:00:00Z,10.425,72.775,0.15
1997-05-25T12:00:00Z,10.375,72.425,0.14
1997-05-25T12:00:00Z,10.375,72.475,0.15
1997-05-25T12:00:00Z,10.375,72.525,0.15
1997-05-25T12:00:00Z,10.375,72.575,0.15
1997-05-25T12:00:00Z,10.375,72.625,0.15
1997-05-25T12:00:00Z,10.375,72.675,0.3
1997-05-25T12:00:00Z,10.375,72.725,0.3
1997-05-25T12:00:00Z,10.375,72.775,0.3
1997-06-24T12:00:00Z,10.625,72.425,0.0
1997-06-24T12:00:00Z,10.625,72.475,0.0
1997-06-24T12:00:00Z,10.625,72.525,0.0
1997-06-24T12:00:00Z,10.625,72.575,0.0
1997-06-24T12:00:00Z,10.625,72.625,0.0
1997-06-24T12:00:00Z,10.625,72.675,0.0
1997-06-24T12:00:00Z,10.625,72.725,0.0
1997-06-24T12:00:00Z,10.625,72.775,0.0
1997-06-24T12:00:00Z,10.575,72.425,0.0
1997-06-24T12:00:00Z,10.575,72.475,0.0
1997-06-24T12:00:00Z,10.575,72.525,0.0
1997-06-24T12:00:00Z,10.575,72.575,0.0
1997-06-24T12:00:00Z,10.575,72.625,0.0
1997-06-24T12:00:00Z,10.575,72.675,0.0
1997-06-24T12:00:00Z,10.575,72.725,0.0
1997-06-24T12:00:00Z,10.575,72.775,0.0
1997-06-24T12:00:00Z,10.525,72.425,0.0
1997-06-24T12:00:00Z,10.525,72.475,0.0
1997-06-24T12:00:00Z,10.525,72.525,0.0
1997-06-24T12:00:00Z,10.525,72.575,0.0
1997-06-24T12:00:00Z,10.525,72.625,0.0
1997-06-24T12:00:00Z,10.525,72.675,0.0
1997-06-24T12:00:00Z,10.525,72.725,0.0
1997-06-24T12:00:00Z,10.525,72.775,0.0
1997-06-24T12:00:00Z,10.475,72.425,0.0
1997-06-24T12:00:00Z,10.475,72.475,0.0
1997-06-24T12:00:00Z,10.475,72.525,0.0
1997-06-24T12:00:00Z,10.475,72.575,0.0
1997-06-24T12:00:00Z,10.475,72.625,0.0
1997-06-24T12:00:00Z,10.475,72.675,0.0
1997-06-24T12:00:00Z,10.475,72.725,0.0
1997-06-24T12:00:00Z,10.475,72.775,0.0
1997-06-24T12:00:00Z,10.425,72.425,0.0
1997-06-24T12:00:00Z,10.425,72.475,0.0
1997-06-24T12:00:00Z,10.425,72.525,0.0
1997-06-24T12:00:00Z,10.425,72.575,0.14
1997-06-24T12:00:00Z,10.425,72.625,0.14
1997-06-24T12:00:00Z,10.425,72.675,0.15
1997-06-24T12:00:00Z,10.425,72.725,0.15
1997-06-24T12:00:00Z,10.425,72.775,0.15
1997-06-24T12:00:00Z,10.375,72.425,0.14
1997-06-24T12:00:00Z,10.375,72.475,0.15
1997-06-24T12:00:00Z,10.375,72.525,0.15
1997-06-24T12:00:00Z,10.375,72.575,0.15
1997-06-24T12:00:00Z,10.375,72.625,0.15
1997-06-24T12:00:00Z,10.375,72.675,0.3
1997-06-24T12:00:00Z,10.375,72.725,0.3
1997-06-24T12:00:00Z,10.375,72.775,0.3
1997-07-24T12:00:00Z,10.625,72.425,0.0
1997-07-24T12:00:00Z,10.625,72.475,0.0
1997-07-24T12:00:00Z,10.625,72.525,0.0
1997-07-24T12:00:00Z,10.625,72.575,0.0
1997-07-24T12:00:00Z,10.625,72.625,0.0
1997-07-24T12:00:00Z,10.625,72.675,0.0
1997-07-24T12:00:00Z,10.625,72.725,0.0
1997-07-24T12:00:00Z,10.625,72.775,0.0
1997-07-24T12:00:00Z,10.575,72.425,0.0
1997-07-24T12:00:00Z,10.575,72.475,0.0
1997-07-24T12:00:00Z,10.575,72.525,0.0
1997-07-24T12:00:00Z,10.575,72.575,0.0
1997-07-24T12:00:00Z,10.575,72.625,0.0
1997-07-24T12:00:00Z,10.575,72.675,0.0
1997-07-24T12:00:00Z,10.575,72.725,0.0
1997-07-24T12:00:00Z,10.575,72.775,0.0
1997-07-24T12:00:00Z,10.525,72.425,0.0
1997-07-24T12:00:00Z,10.525,72.475,0.0
1997-07-24T12:00:00Z,10.525,72.525,0.0
1997-07-24T12:00:00Z,10.525,72.575,0.0
1997-07-24T12:00:00Z,10.525,72.625,0.0
1997-07-24T12:00:00Z,10.525,72.675,0.0
1997-07-24T12:00:00Z,10.525,72.725,0.0
1997-07-24T12:00:00Z,10.525,72.775,0.0
1997-07-24T12:00:00Z,10.475,72.425,0.0
1997-07-24T12:00:00Z,10.475,72.475,0.0
1997-07-24T12:00:00Z,10.475,72.525,0.0
1997-07-24T12:00:00Z,10.475,72.575,0.0
1997-07-24T12:00:00Z,10.475,72.625,0.0
1997-07-24T12:00:00Z,10.475,72.675,0.0
1997-07-24T12:00:00Z,10.475,72.725,0.0
1997-07-24T12:00:00Z,10.475,72.775,0.0
1997-07-24T12:00:00Z,10.425,72.425,0.0
1997-07-24T12:00:00Z,10.425,72.475,0.0
1997-07-24T12:00:00Z,10.425,72.525,0.0
1997-07-24T12:00:00Z,10.425,72.575,0.14
1997-07-24T12:00:00Z,10.425,72.625,0.14
1997-07-24T12:00:00Z,10.425,72.675,0.15
1997-07-24T12:00:00Z,10.425,72.725,0.15
1997-07-24T12:00:00Z,10.425,72.775,0.15
1997-07-24T12:00:00Z,10.375,72.425,0.14
1997-07-24T12:00:00Z,10.375,72.475,0.15
1997-07-24T12:00:00Z,10.375,72.525,0.15
1997-07-24T12:00:00Z,10.375,72.575,0.15
1997-07-24T12:00:00Z,10.375,72.625,0.15
1997-07-24T12:00:00Z,10.375,72.675,0.3
1997-07-24T12:00:00Z,10.375,72.725,0.3
1997-07-24T12:00:00Z,10.375,72.775,0.3
1997-08-23T12:00:00Z,10.625,72.425,0.0
1997-08-23T12:00:00Z,10.625,72.475,0.0
1997-08-23T12:00:00Z,10.625,72.525,0.0
1997-08-23T12:00:00Z,10.625,72.575,0.0
1997-08-23T12:00:00Z,10.625,72.625,0.0
1997-08-23T12:00:00Z,10.625,72.675,0.0
1997-08-23T12:00:00Z,10.625,72.725,0.0
1997-08-23T12:00:00Z,10.625,72.775,0.0
1997-08-23T12:00:00Z,10.575,72.425,0.0
1997-08-23T12:00:00Z,10.575,72.475,0.0
1997-08-23T12:00:00Z,10.575,72.525,0.0
1997-08-23T12:00:00Z,10.575,72.575,0.0
1997-08-23T12:00:00Z,10.575,72.625,0.0
1997-08-23T12:00:00Z,10.575,72.675,0.0
1997-08-23T12:00:00Z,10.575,72.725,0.0
1997-08-23T12:00:00Z,10.575,72.775,0.0
1997-08-23T12:00:00Z,10.525,72.425,0.0
1997-08-23T12:00:00Z,10.525,72.475,0.0
1997-08-23T12:00:00Z,10.525,72.525,0.0
1997-08-23T12:00:00Z,10.525,72.575,0.0
1997-08-23T12:00:00Z,10.525,72.625,0.0
1997-08-23T12:00:00Z,10.525,72.675,0.0
1997-08-23T12:00:00Z,10.525,72.725,0.0
1997-08-23T12:00:00Z,10.525,72.775,0.0
1997-08-23T12:00:00Z,10.475,72.425,0.0
1997-08-23T12:00:00Z,10.475,72.475,0.0
1997-08-23T12:00:00Z,10.475,72.525,0.0
1997-08-23T12:00:00Z,10.475,72.575,0.0
1997-08-23T12:00:00Z,10.475,72.625,0.0
1997-08-23T12:00:00Z,10.475,72.675,0.0
1997-08-23T12:00:00Z,10.475,72.725,0.0
1997-08-23T12:00:00Z,10.475,72.775,0.0
1997-08-23T12:00:00Z,10.425,72.425,0.0
1997-08-23T12:00:00Z,10.425,72.475,0.0
1997-08-23T12:00:00Z,10.425,72.525,0.0
1997-08-23T12:00:00Z,10.425,72.575,0.0
1997-08-23T12:00:00Z,10.425,72.625,0.0
1997-08-23T12:00:00Z,10.425,72.675,0.0
1997-08-23T12:00:00Z,10.425,72.725,0.0
1997-08-23T12:00:00Z,10.425,72.775,0.0
1997-08-23T12:00:00Z,10.375,72.425,0.0
1997-08-23T12:00:00Z,10.375,72.475,0.0
1997-08-23T12:00:00Z,10.375,72.525,0.0
1997-08-23T12:00:00Z,10.375,72.575,0.0
1997-08-23T12:00:00Z,10.375,72.625,0.0
1997-08-23T12:00:00Z,10.375,72.675,0.0
1997-08-23T12:00:00Z,10.375,72.725,0.0
1997-08-23T12:00:00Z,10.375,72.775,0.0
1997-09-22T12:00:00Z,10.625,72.425,0.0
1997-09-22T12:00:00Z,10.625,72.475,0.0
1997-09-22T12:00:00Z,10.625,72.525,0.0
1997-09-22T12:00:00Z,10.625,72.575,0.0
1997-09-22T12:00:00Z,10.625,72.625,0.0
1997-09-22T12:00:00Z,10.625,72.675,0.0
1997-09-22T12:00:00Z,10.625,72.725,0.0
1997-09-22T12:00:00Z,10.625,72.775,0.0
1997-09-22T12:00:00Z,10.575,72.425,0.0
1997-09-22T12:00:00Z,10.575,72.475,0.0
1997-09-22T12:00:00Z,10.575,72.525,0.0
1997-09-22T12:00:00Z,10.575,72.575,0.0
1997-09-22T12:00:00Z,10.575,72.625,0.0
1997-09-22T12:00:00Z,10.575,72.675,0.0
1997-09-22T12:00:00Z,10.575,72.725,0.0
1997-09-22T12:00:00Z,10.575,72.775,0.0
1997-09-22T12:00:00Z,10.525,72.425,0.0
1997-09-22T12:00:00Z,10.525,72.475,0.0
1997-09-22T12:00:00Z,10.525,72.525,0.0
1997-09-22T12:00:00Z,10.525,72.575,0.0
1997-09-22T12:00:00Z,10.525,72.625,0.0
1997-09-22T12:00:00Z,10.525,72.675,0.0
1997-09-22T12:00:00Z,10.525,72.725,0.0
1997-09-22T12:00:00Z,10.525,72.775,0.0
1997-09-22T12:00:00Z,10.475,72.425,0.0
1997-09-22T12:00:00Z,10.475,72.475,0.0
1997-09-22T12:00:00Z,10.475,72.525,0.0
1997-09-22T12:00:00Z,10.475,72.575,0.0
1997-09-22T12:00:00Z,10.475,72.625,0.0
1997-09-22T12:00:00Z,10.475,72.675,0.0
1997-09-22T12:00:00Z,10.475,72.725,0.0
1997-09-22T12:00:00Z,10.475,72.775,0.0
1997-09-22T12:00:00Z,10.425,72.425,0.0
1997-09-22T12:00:00Z,10.425,72.475,0.0
1997-09-22T12:00:00Z,10.425,72.525,0.0
1997-09-22T12:00:00Z,10.425,72.575,0.0
1997-09-22T12:00:00Z,10.425,72.625,0.0
1997-09-22T12:00:00Z,10.425,72.675,0.0
1997-09-22T12:00:00Z,10.425,72.725,0.0
1997-09-22T12:00:00Z,10.425,72.775,0.0
1997-09-22T12:00:00Z,10.375,72.425,0.0
1997-09-22T12:00:00Z,10.375,72.475,0.0
1997-09-22T12:00:00Z,10.375,72.525,0.0
1997-09-22T12:00:00Z,10.375,72.575,0.0
1997-09-22T12:00:00Z,10.375,72.625,0.0
1997-09-22T12:00:00Z,10.375,72.675,0.0
1997-09-22T12:00:00Z,10.375,72.725,0.0
1997-09-22T12:00:00Z,10.375,72.775,0.0
1997-10-22T12:00:00Z,10.625,72.425,0.0
1997-10-22T12:00:00Z,10.625,72.475,0.0
1997-10-22T12:00:00Z,10.625,72.525,0.0
1997-10-22T12:00:00Z,10.625,72.575,0.0
1997-10-22T12:00:00Z,10.625,72.625,0.0
1997-10-22T12:00:00Z,10.625,72.675,0.0
1997-10-22T12:00:00Z,10.625,72.725,0.0
1997-10-22T12:00:00Z,10.625,72.775,0.0
1997-10-22T12:00:00Z,10.575,72.425,0.0
1997-10-22T12:00:00Z,10.575,72.475,0.0
1997-10-22T12:00:00Z,10.575,72.525,0.0
1997-10-22T12:00:00Z,10.575,72.575,0.0
1997-10-22T12:00:00Z,10.575,72.625,0.0
1997-10-22T12:00:00Z,10.575,72.675,0.0
1997-10-22T12:00:00Z,10.575,72.725,0.0
1997-10-22T12:00:00Z,10.575,72.775,0.0
1997-10-22T12:00:00Z,10.525,72.425,0.0
1997-10-22T12:00:00Z,10.525,72.475,0.0
1997-10-22T12:00:00Z,10.525,72.525,0.0
1997-10-22T12:00:00Z,10.525,72.575,0.0
1997-10-22T12:00:00Z,10.525,72.625,0.0
1997-10-22T12:00:00Z,10.525,72.675,0.0
1997-10-22T12:00:00Z,10.525,72.725,0.0
1997-10-22T12:00:00Z,10.525,72.775,0.0
1997-10-22T12:00:00Z,10.475,72.425,0.0
1997-10-22T12:00:00Z,10.475,72.475,0.0
1997-10-22T12:00:00Z,10.475,72.525,0.0
1997-10-22T12:00:00Z,10.475,72.575,0.0
1997-10-22T12:00:00Z,10.475,72.625,0.0
1997-10-22T12:00:00Z,10.475,72.675,0.0
1997-10-22T12:00:00Z,10.475,72.725,0.0
1997-10-22T12:00:00Z,10.475,72.775,0.0
1997-10-22T12:00:00Z,10.425,72.425,0.0
1997-10-22T12:00:00Z,10.425,72.475,0.0
1997-10-22T12:00:00Z,10.425,72.525,0.0
1997-10-22T12:00:00Z,10.425,72.575,0.0
1997-10-22T12:00:00Z,10.425,72.625,0.0
1997-10-22T12:00:00Z,10.425,72.675,0.0
1997-10-22T12:00:00Z,10.425,72.725,0.0
1997-10-22T12:00:00Z,10.425,72.775,0.0
1997-10-22T12:00:00Z,10.375,72.425,0.0
1997-10-22T12:00:00Z,10.375,72.475,0.0
1997-10-22T12:00:00Z,10.375,72.525,0.0
1997-10-22T12:00:00Z,10.375,72.575,0.0
1997-10-22T12:00:00Z,10.375,72.625,0.0
1997-10-22T12:00:00Z,10.375,72.675,0.0
1997-10-22T12:00:00Z,10.375,72.725,0.0
1997-10-22T12:00:00Z,10.375,72.775,0.0
1997-11-21T12:00:00Z,10.625,72.425,0.0
1997-11-21T12:00:00Z,10.625,72.475,0.0
1997-11-21T12:00:00Z,10.625,72.525,0.0
1997-11-21T12:00:00Z,10.625,72.575,0.0
1997-11-21T12:00:00Z,10.625,72.625,0.0
1997-11-21T12:00:00Z,10.625,72.675,0.0
1997-11-21T12:00:00Z,10.625,72.725,0.0
1997-11-21T12:00:00Z,10.625,72.775,0.0
1997-11-21T12:00:00Z,10.575,72.425,0.0
1997-11-21T12:00:00Z,10.575,72.475,0.0
1997-11-21T12:00:00Z,10.575,72.525,0.0
1997-11-21T12:00:00Z,10.575,72.575,0.0
1997-11-21T12:00:00Z,10.575,72.625,0.0
1997-11-21T12:00:00Z,10.575,72.675,0.0
1997-11-21T12:00:00Z,10.575,72.725,0.0
1997-11-21T12:00:00Z,10.575,72.775,0.0
1997-11-21T12:00:00Z,10.525,72.425,0.0
1997-11-21T12:00:00Z,10.525,72.475,0.0
1997-11-21T12:00:00Z,10.525,72.525,0.0
1997-11-21T12:00:00Z,10.525,72.575,0.0
1997-11-21T12:00:00Z,10.525,72.625,0.0
1997-11-21T12:00:00Z,10.525,72.675,0.0
1997-11-21T12:00:00Z,10.525,72.725,0.0
1997-11-21T12:00:00Z,10.525,72.775,0.0
1997-11-21T12:00:00Z,10.475,72.425,0.0
1997-11-21T12:00:00Z,10.475,72.475,0.0
1997-11-21T12:00:00Z,10.475,72.525,0.0
1997-11-21T12:00:00Z,10.475,72.575,0.0
1997-11-21T12:00:00Z,10.475,72.625,0.0
1997-11-21T12:00:00Z,10.475,72.675,0.0
1997-11-21T12:00:00Z,10.475,72.725,0.0
1997-11-21T12:00:00Z,10.475,72.775,0.0
1997-11-21T12:00:00Z,10.425,72.425,0.0
1997-11-21T12:00:00Z,10.425,72.475,0.0
1997-11-21T12:00:00Z,10.425,72.525,0.0
1997-11-21T12:00:00Z,10.425,72.575,0.0
1997-11-21T12:00:00Z,10.425,72.625,0.0
1997-11-21T12:00:00Z,10.425,72.675,0.0
1997-11-21T12:00:00Z,10.425,72.725,0.0
1997-11-21T12:00:00Z,10.425,72.775,0.0
1997-11-21T12:00:00Z,10.375,72.425,0.0
1997-11-21T12:00:00Z,10.375,72.475,0.0
1997-11-21T12:00:00Z,10.375,72.525,0.0
1997-11-21T12:00:00Z,10.375,72.575,0.0
1997-11-21T12:00:00Z,10.375,72.625,0.0
1997-11-21T12:00:00Z,10.375,72.675,0.0
1997-11-21T12:00:00Z,10.375,72.725,0.0
1997-11-21T12:00:00Z,10.375,72.775,0.0
1997-12-21T12:00:00Z,10.625,72.425,0.0
1997-12-21T12:00:00Z,10.625,72.475,0.0
1997-12-21T12:00:00Z,10.625,72.525,0.0
1997-12-21T12:00:00Z,10.625,72.575,0.0
1997-12-21T12:00:00Z,10.625,72.625,0.0
1997-12-21T12:00:00Z,10.625,72.675,0.0
1997-12-21T12:00:00Z,10.625,72.725,0.0
1997-12-21T12:00:00Z,10.625,72.775,0.0
1997-12-21T12:00:00Z,10.575,72.425,0.0
1997-12-21T12:00:00Z,10.575,72.475,0.0
1997-12-21T12:00:00Z,10.575,72.525,0.0
1997-12-21T12:00:00Z,10.575,72.575,0.0
1997-12-21T12:00:00Z,10.575,72.625,0.0
1997-12-21T12:00:00Z,10.575,72.675,0.0
1997-12-21T12:00:00Z,10.575,72.725,0.0
1997-12-21T12:00:00Z,10.575,72.775,0.0
1997-12-21T12:00:00Z,10.525,72.425,0.0
1997-12-21T12:00:00Z,10.525,72.475,0.0
1997-12-21T12:00:00Z,10.525,72.525,0.0
1997-12-21T12:00:00Z,10.525,72.575,0.0
1997-12-21T12:00:00Z,10.525,72.625,0.0
1997-12-21T12:00:00Z,10.525,72.675,0.0
1997-12-21T12:00:00Z,10.525,72.725,0.0
1997-12-21T12:00:00Z,10.525,72.775,0.0
1997-12-21T12:00:00Z,10.475,72.425,0.0
1997-12-21T12:00:00Z,10.475,72.475,0.0
1997-12-21T12:00:00Z,10.475,72.525,0.0
1997-12-21T12:00:00Z,10.475,72.575,0.0
1997-12-21T12:00:00Z,10.475,72.625,0.0
1997-12-21T12:00:00Z,10.475,72.675,0.0
1997-12-21T12:00:00Z,10.475,72.725,0.0
1997-12-21T12:00:00Z,10.475,72.775,0.0
1997-12-21T12:00:00Z,10.425,72.425,0.0
1997-12-21T12:00:00Z,10.425,72.475,0.0
1997-12-21T12:00:00Z,10.425,72.525,0.0
1997-12-21T12:00:00Z,10.425,72.575,0.0
1997-12-21T12:00:00Z,10.425,72.625,0.0
1997-12-21T12:00:00Z,10.425,72.675,0.0
1997-12-21T12:00:00Z,10.425,72.725,0.0
1997-12-21T12:00:00Z,10.425,72.775,0.0
1997-12-21T12:00:00Z,10.375,72.425,0.0
1997-12-21T12:00:00Z,10.375,72.475,0.0
1997-12-21T12:00:00Z,10.375,72.525,0.0
1997-12-21T12:00:00Z,10.375,72.575,0.0
1997-12-21T12:00:00Z,10.375,72.625,0.0
1997-12-21T12:00:00Z,10.375,72.675,0.0
1997-12-21T12:00:00Z,10.375,72.725,0.0
1997-12-21T12:00:00Z,10.375,72.775,0.0
1998-01-20T12:00:00Z,10.625,72.425,0.0
1998-01-20T12:00:00Z,10.625,72.475,0.0
1998-01-20T12:00:00Z,10.625,72.525,0.0
1998-01-20T12:00:00Z,10.625,72.575,0.0
1998-01-20T12:00:00Z,10.625,72.625,0.0
1998-01-20T12:00:00Z,10.625,72.675,0.0
1998-01-20T12:00:00Z,10.625,72.725,0.0
1998-01-20T12:00:00Z,10.625,72.775,0.0
1998-01-20T12:00:00Z,10.575,72.425,0.0
1998-01-20T12:00:00Z,10.575,72.475,0.0
1998-01-20T12:00:00Z,10.575,72.525,0.0
1998-01-20T12:00:00Z,10.575,72.575,0.0
1998-01-20T12:00:00Z,10.575,72.625,0.0
1998-01-20T12:00:00Z,10.575,72.675,0.0
1998-01-20T12:00:00Z,10.575,72.725,0.0
1998-01-20T12:00:00Z,10.575,72.775,0.0
1998-01-20T12:00:00Z,10.525,72.425,0.0
1998-01-20T12:00:00Z,10.525,72.475,0.0
1998-01-20T12:00:00Z,10.525,72.525,0.0
1998-01-20T12:00:00Z,10.525,72.575,0.0
1998-01-20T12:00:00Z,10.525,72.625,0.0
1998-01-20T12:00:00Z,10.525,72.675,0.0
1998-01-20T12:00:00Z,10.525,72.725,0.0
1998-01-20T12:00:00Z,10.525,72.775,0.0
1998-01-20T12:00:00Z,10.475,72.425,0.0
1998-01-20T12:00:00Z,10.475,72.475,0.0
1998-01-20T12:00:00Z,10.475,72.525,0.0
1998-01-20T12:00:00Z,10.475,72.575,0.0
1998-01-20T12:00:00Z,10.475,72.625,0.0
1998-01-20T12:00:00Z,10.475,72.675,0.0
1998-01-20T12:00:00Z,10.475,72.725,0.0
1998-01-20T12:00:00Z,10.475,72.775,0.0
1998-01-20T12:00:00Z,10.425,72.425,0.0
1998-01-20T12:00:00Z,10.425,72.475,0.0
1998-01-20T12:00:00Z,10.425,72.525,0.0
1998-01-20T12:00:00Z,10.425,72.575,0.0
1998-01-20T12:00:00Z,10.425,72.625,0.0
1998-01-20T12:00:00Z,10.425,72.675,0.0
1998-01-20T12:00:00Z,10.425,72.725,0.0
1998-01-20T12:00:00Z,10.425,72.775,0.0
1998-01-20T12:00:00Z,10.375,72.425,0.0
1998-01-20T12:00:00Z,10.375,72.475,0.0
1998-01-20T12:00:00Z,10.375,72.525,0.0
1998-01-20T12:00:00Z,10.375,72.575,0.0
1998-01-20T12:00:00Z,10.375,72.625,0.0
1998-01-20T12:00:00Z,10.375,72.675,0.0
1998-01-20T12:00:00Z,10.375,72.725,0.0
1998-01-20T12:00:00Z,10.375,72.775,0.0
1998-02-19T12:00:00Z,10.625,72.425,0.0
1998-02-19T12:00:00Z,10.625,72.475,0.0
1998-02-19T12:00:00Z,10.625,72.525,0.0
1998-02-19T12:00:00Z,10.625,72.575,0.0
1998-02-19T12:00:00Z,10.625,72.625,0.0
1998-02-19T12:00:00Z,10.625,72.675,0.0
1998-02-19T12:00:00Z,10.625,72.725,0.0
1998-02-19T12:00:00Z,10.625,72.775,0.0
1998-02-19T12:00:00Z,10.575,72.425,0.0
1998-02-19T12:00:00Z,10.575,72.475,0.0
1998-02-19T12:00:00Z,10.575,72.525,0.0
1998-02-19T12:00:00Z,10.575,72.575,0.0
1998-02-19T12:00:00Z,10.575,72.625,0.0
1998-02-19T12:00:00Z,10.575,72.675,0.0
1998-02-19T12:00:00Z,10.575,72.725,0.0
1998-02-19T12:00:00Z,10.575,72.775,0.0
1998-02-19T12:00:00Z,10.525,72.425,0.0
1998-02-19T12:00:00Z,10.525,72.475,0.0
1998-02-19T12:00:00Z,10.525,72.525,0.0
1998-02-19T12:00:00Z,10.525,72.575,0.0
1998-02-19T12:00:00Z,10.525,72.625,0.0
1998-02-19T12:00:00Z,10.525,72.675,0.0
1998-02-19T12:00:00Z,10.525,72.725,0.0
1998-02-19T12:00:00Z,10.525,72.775,0.0
1998-02-19T12:00:00Z,10.475,72.425,0.0
1998-02-19T12:00:00Z,10.475,72.475,0.0
1998-02-19T12:00:00Z,10.475,72.525,0.0
1998-02-19T12:00:00Z,10.475,72.575,0.0
1998-02-19T12:00:00Z,10.475,72.625,0.0
1998-02-19T12:00:00Z,10.475,72.675,0.0
1998-02-19T12:00:00Z,10.475,72.725,0.0
1998-02-19T12:00:00Z,10.475,72.775,0.0
1998-02-19T12:00:00Z,10.425,72.425,0.0
1998-02-19T12:00:00Z,10.425,72.475,0.0
1998-02-19T12:00:00Z,10.425,72.525,0.0
1998-02-19T12:00:00Z,10.425,72.575,0.0
1998-02-19T12:00:00Z,10.425,72.625,0.0
1998-02-19T12:00:00Z,10.425,72.675,0.0
1998-02-19T12:00:00Z,10.425,72.725,0.0
1998-02-19T12:00:00Z,10.425,72.775,0.0
1998-02-19T12:00:00Z,10.375,72.425,0.0
1998-02-19T12:00:00Z,10.375,72.475,0.0
1998-02-19T12:00:00Z,10.375,72.525,0.0
1998-02-19T12:00:00Z,10.375,72.575,0.0
1998-02-19T12:00:00Z,10.375,72.625,0.0
1998-02-19T12:00:00Z,10.375,72.675,0.0
1998-02-19T12:00:00Z,10.375,72.725,0.0
1998-02-19T12:00:00Z,10.375,72.775,0.0
1998-03-21T12:00:00Z,10.625,72.425,0.0
1998-03-21T12:00:00Z,10.625,72.475,0.0
1998-03-21T12:00:00Z,10.625,72.525,0.0
1998-03-21T12:00:00Z,10.625,72.575,0.0
1998-03-21T12:00:00Z,10.625,72.625,0.0
1998-03-21T12:00:00Z,10.625,72.675,0.0
1998-03-21T12:00:00Z,10.625,72.725,0.0
1998-03-21T12:00:00Z,10.625,72.775,0.0
1998-03-21T12:00:00Z,10.575,72.425,0.0
1998-03-21T12:00:00Z,10.575,72.475,0.0
1998-03-21T12:00:00Z,10.575,72.525,0.0
1998-03-21T12:00:00Z,10.575,72.575,0.0
1998-03-21T12:00:00Z,10.575,72.625,0.0
1998-03-21T12:00:00Z,10.575,72.675,0.0
1998-03-21T12:00:00Z,10.575,72.725,0.0
1998-03-21T12:00:00Z,10.575,72.775,0.0
1998-03-21T12:00:00Z,10.525,72.425,0.0
1998-03-21T12:00:00Z,10.525,72.475,0.0
1998-03-21T12:00:00Z,10.525,72.525,0.0
1998-03-21T12:00:00Z,10.525,72.575,0.0
1998-03-21T12:00:00Z,10.525,72.625,0.0
1998-03-21T12:00:00Z,10.525,72.675,0.0
1998-03-21T12:00:00Z,10.525,72.725,0.0
1998-03-21T12:00:00Z,10.525,72.775,0.0
1998-03-21T12:00:00Z,10.475,72.425,0.0
1998-03-21T12:00:00Z,10.475,72.475,0.0
1998-03-21T12:00:00Z,10.475,72.525,0.0
1998-03-21T12:00:00Z,10.475,72.575,0.0
1998-03-21T12:00:00Z,10.475,72.625,0.0
1998-03-21T12:00:00Z,10.475,72.675,0.0
1998-03-21T12:00:00Z,10.475,72.725,0.0
1998-03-21T12:00:00Z,10.475,72.775,0.0
1998-03-21T12:00:00Z,10.425,72.425,0.0
1998-03-21T12:00:00Z,10.425,72.475,0.0
1998-03-21T12:00:00Z,10.425,72.525,0.0
1998-03-21T12:00:00Z,10.425,72.575,0.0
1998-03-21T12:00:00Z,10.425,72.625,0.0
1998-03-21T12:00:00Z,10.425,72.675,0.0
1998-03-21T12:00:00Z,10.425,72.725,0.0
1998-03-21T12:00:00Z,10.425,72.775,0.0
1998-03-21T12:00:00Z,10.375,72.425,0.0
1998-03-21T12:00:00Z,10.375,72.475,0.0
1998-03-21T12:00:00Z,10.375,72.525,0.0
1998-03-21T12:00:00Z,10.375,72.575,0.0
1998-03-21T12:00:00Z,10.375,72.625,0.0
1998-03-21T12:00:00Z,10.375,72.675,0.0
1998-03-21T12:00:00Z,10.375,72.725,0.0
1998-03-21T12:00:00Z,10.375,72.775,0.0
1998-04-20T12:00:00Z,10.625,72.425,0.0
1998-04-20T12:00:00Z,10.625,72.475,0.0
1998-04-20T12:00:00Z,10.625,72.525,0.0
1998-04-20T12:00:00Z,10.625,72.575,0.0
1998-04-20T12:00:00Z,10.625,72.625,0.0
1998-04-20T12:00:00Z,10.625,72.675,0.0
1998-04-20T12:00:00Z,10.625,72.725,0.0
1998-04-20T12:00:00Z,10.625,72.775,0.0
1998-04-20T12:00:00Z,10.575,72.425,0.0
1998-04-20T12:00:00Z,10.575,72.475,0.0
1998-04-20T12:00:00Z,10.575,72.525,0.0
1998-04-20T12:00:00Z,10.575,72.575,0.0
1998-04-20T12:00:00Z,10.575,72.625,0.0
1998-04-20T12:00:00Z,10.575,72.675,0.0
1998-04-20T12:00:00Z,10.575,72.725,0.0
1998-04-20T12:00:00Z,10.575,72.775,0.0
1998-04-20T12:00:00Z,10.525,72.425,0.29
1998-04-20T12:00:00Z,10.525,72.475,0.29
1998-04-20T12:00:00Z,10.525,72.525,0.29
1998-04-20T12:00:00Z,10.525,72.575,0.14
1998-04-20T12:00:00Z,10.525,72.625,0.0
1998-04-20T12:00:00Z,10.525,72.675,0.0
1998-04-20T12:00:00Z,10.525,72.725,0.0
1998-04-20T12:00:00Z,10.525,72.775,0.0
1998-04-20T12:00:00Z,10.475,72.425,0.3
1998-04-20T12:00:00Z,10.475,72.475,0.3
1998-04-20T12:00:00Z,10.475,72.525,0.3
1998-04-20T12:00:00Z,10.475,72.575,0.29
1998-04-20T12:00:00Z,10.475,72.625,0.29
1998-04-20T12:00:00Z,10.475,72.675,0.14
1998-04-20T12:00:00Z,10.475,72.725,0.0
1998-04-20T12:00:00Z,10.475,72.775,0.0
1998-04-20T12:00:00Z,10.425,72.425,0.31
1998-04-20T12:00:00Z,10.425,72.475,0.31
1998-04-20T12:00:00Z,10.425,72.525,0.3
1998-04-20T12:00:00Z,10.425,72.575,0.3
1998-04-20T12:00:00Z,10.425,72.625,0.3
1998-04-20T12:00:00Z,10.425,72.675,0.29
1998-04-20T12:00:00Z,10.425,72.725,0.29
1998-04-20T12:00:00Z,10.425,72.775,0.14
1998-04-20T12:00:00Z,10.375,72.425,0.47000000000000003
1998-04-20T12:00:00Z,10.375,72.475,0.46
1998-04-20T12:00:00Z,10.375,72.525,0.31
1998-04-20T12:00:00Z,10.375,72.575,0.3
1998-04-20T12:00:00Z,10.375,72.625,0.3
1998-04-20T12:00:00Z,10.375,72.675,0.29
1998-04-20T12:00:00Z,10.375,72.725,0.29
1998-04-20T12:00:00Z,10.375,72.775,0.0
1998-05-20T12:00:00Z,10.625,72.425,1.8900000000000001
1998-05-20T12:00:00Z,10.625,72.475,1.9000000000000001
1998-05-20T12:00:00Z,10.625,72.525,1.9000000000000001
1998-05-20T12:00:00Z,10.625,72.575,1.8900000000000001
1998-05-20T12:00:00Z,10.625,72.625,1.8900000000000001
1998-05-20T12:00:00Z,10.625,72.675,1.8800000000000001
1998-05-20T12:00:00Z,10.625,72.725,1.8800000000000001
1998-05-20T12:00:00Z,10.625,72.775,1.8800000000000001
1998-05-20T12:00:00Z,10.575,72.425,1.92
1998-05-20T12:00:00Z,10.575,72.475,1.93
1998-05-20T12:00:00Z,10.575,72.525,1.93
1998-05-20T12:00:00Z,10.575,72.575,1.9100000000000001
1998-05-20T12:00:00Z,10.575,72.625,1.9100000000000001
1998-05-20T12:00:00Z,10.575,72.675,1.9000000000000001
1998-05-20T12:00:00Z,10.575,72.725,1.9000000000000001
1998-05-20T12:00:00Z,10.575,72.775,2.05
1998-05-20T12:00:00Z,10.525,72.425,2.24
1998-05-20T12:00:00Z,10.525,72.475,2.24
1998-05-20T12:00:00Z,10.525,72.525,2.23
1998-05-20T12:00:00Z,10.525,72.575,2.08
1998-05-20T12:00:00Z,10.525,72.625,1.93
1998-05-20T12:00:00Z,10.525,72.675,1.92
1998-05-20T12:00:00Z,10.525,72.725,1.92
1998-05-20T12:00:00Z,10.525,72.775,2.07
1998-05-20T12:00:00Z,10.475,72.425,2.27
1998-05-20T12:00:00Z,10.475,72.475,2.42
1998-05-20T12:00:00Z,10.475,72.525,2.4
1998-05-20T12:00:00Z,10.475,72.575,2.39
1998-05-20T12:00:00Z,10.475,72.625,2.38
1998-05-20T12:00:00Z,10.475,72.675,2.22
1998-05-20T12:00:00Z,10.475,72.725,2.09
1998-05-20T12:00:00Z,10.475,72.775,2.08
1998-05-20T12:00:00Z,10.425,72.425,2.59
1998-05-20T12:00:00Z,10.425,72.475,2.45
1998-05-20T12:00:00Z,10.425,72.525,2.44
1998-05-20T12:00:00Z,10.425,72.575,2.41
1998-05-20T12:00:00Z,10.425,72.625,2.42
1998-05-20T12:00:00Z,10.425,72.675,2.41
1998-05-20T12:00:00Z,10.425,72.725,2.39
1998-05-20T12:00:00Z,10.425,72.775,2.4
1998-05-20T12:00:00Z,10.375,72.425,2.7600000000000002
1998-05-20T12:00:00Z,10.375,72.475,2.9
1998-05-20T12:00:00Z,10.375,72.525,2.6
1998-05-20T12:00:00Z,10.375,72.575,2.44
1998-05-20T12:00:00Z,10.375,72.625,2.57
1998-05-20T12:00:00Z,10.375,72.675,2.57
1998-05-20T12:00:00Z,10.375,72.725,2.5500000000000003
1998-05-20T12:00:00Z,10.375,72.775,2.2800000000000002
1998-06-19T12:00:00Z,10.625,72.425,3.39
1998-06-19T12:00:00Z,10.625,72.475,3.7
1998-06-19T12:00:00Z,10.625,72.525,3.7
1998-06-19T12:00:00Z,10.625,72.575,3.54
1998-06-19T12:00:00Z,10.625,72.625,3.4
1998-06-19T12:00:00Z,10.625,72.675,3.39
1998-06-19T12:00:00Z,10.625,72.725,3.37
1998-06-19T12:00:00Z,10.625,72.775,3.21
1998-06-19T12:00:00Z,10.575,72.425,3.54
1998-06-19T12:00:00Z,10.575,72.475,3.7
1998-06-19T12:00:00Z,10.575,72.525,3.41
1998-06-19T12:00:00Z,10.575,72.575,3.4
1998-06-19T12:00:00Z,10.575,72.625,3.39
1998-06-19T12:00:00Z,10.575,72.675,3.38
1998-06-19T12:00:00Z,10.575,72.725,3.22
1998-06-19T12:00:00Z,10.575,72.775,3.37
1998-06-19T12:00:00Z,10.525,72.425,3.5500000000000003
1998-06-19T12:00:00Z,10.525,72.475,3.7
1998-06-19T12:00:00Z,10.525,72.525,3.68
1998-06-19T12:00:00Z,10.525,72.575,3.5300000000000002
1998-06-19T12:00:00Z,10.525,72.625,3.38
1998-06-19T12:00:00Z,10.525,72.675,3.37
1998-06-19T12:00:00Z,10.525,72.725,3.21
1998-06-19T12:00:00Z,10.525,72.775,3.36
1998-06-19T12:00:00Z,10.475,72.425,3.42
1998-06-19T12:00:00Z,10.475,72.475,3.71
1998-06-19T12:00:00Z,10.475,72.525,3.83
1998-06-19T12:00:00Z,10.475,72.575,3.81
1998-06-19T12:00:00Z,10.475,72.625,3.65
1998-06-19T12:00:00Z,10.475,72.675,3.49
1998-06-19T12:00:00Z,10.475,72.725,3.36
1998-06-19T12:00:00Z,10.475,72.775,3.0500000000000003
1998-06-19T12:00:00Z,10.425,72.425,3.72
1998-06-19T12:00:00Z,10.425,72.475,3.71
1998-06-19T12:00:00Z,10.425,72.525,3.7
1998-06-19T12:00:00Z,10.425,72.575,3.52
1998-06-19T12:00:00Z,10.425,72.625,3.68
1998-06-19T12:00:00Z,10.425,72.675,3.38
1998-06-19T12:00:00Z,10.425,72.725,3.35
1998-06-19T12:00:00Z,10.425,72.775,3.36
1998-06-19T12:00:00Z,10.375,72.425,3.73
1998-06-19T12:00:00Z,10.375,72.475,3.87
1998-06-19T12:00:00Z,10.375,72.525,3.5500000000000003
1998-06-19T12:00:00Z,10.375,72.575,3.25
1998-06-19T12:00:00Z,10.375,72.625,3.37
1998-06-19T12:00:00Z,10.375,72.675,3.52
1998-06-19T12:00:00Z,10.375,72.725,3.5
1998-06-19T12:00:00Z,10.375,72.775,3.22
1998-07-19T12:00:00Z,10.625,72.425,3.39
1998-07-19T12:00:00Z,10.625,72.475,3.7
1998-07-19T12:00:00Z,10.625,72.525,3.7
1998-07-19T12:00:00Z,10.625,72.575,3.54
1998-07-19T12:00:00Z,10.625,72.625,3.4
1998-07-19T12:00:00Z,10.625,72.675,3.39
1998-07-19T12:00:00Z,10.625,72.725,3.37
1998-07-19T12:00:00Z,10.625,72.775,3.21
1998-07-19T12:00:00Z,10.575,72.425,3.54
1998-07-19T12:00:00Z,10.575,72.475,3.7
1998-07-19T12:00:00Z,10.575,72.525,3.41
1998-07-19T12:00:00Z,10.575,72.575,3.4
1998-07-19T12:00:00Z,10.575,72.625,3.39
1998-07-19T12:00:00Z,10.575,72.675,3.38
1998-07-19T12:00:00Z,10.575,72.725,3.22
1998-07-19T12:00:00Z,10.575,72.775,3.37
1998-07-19T12:00:00Z,10.525,72.425,3.2600000000000002
1998-07-19T12:00:00Z,10.525,72.475,3.41
1998-07-19T12:00:00Z,10.525,72.525,3.4
1998-07-19T12:00:00Z,10.525,72.575,3.39
1998-07-19T12:00:00Z,10.525,72.625,3.38
1998-07-19T12:00:00Z,10.525,72.675,3.37
1998-07-19T12:00:00Z,10.525,72.725,3.21
1998-07-19T12:00:00Z,10.525,72.775,3.36
1998-07-19T12:00:00Z,10.475,72.425,3.12
1998-07-19T12:00:00Z,10.475,72.475,3.41
1998-07-19T12:00:00Z,10.475,72.525,3.54
1998-07-19T12:00:00Z,10.475,72.575,3.52
1998-07-19T12:00:00Z,10.475,72.625,3.36
1998-07-19T12:00:00Z,10.475,72.675,3.35
1998-07-19T12:00:00Z,10.475,72.725,3.36
1998-07-19T12:00:00Z,10.475,72.775,3.0500000000000003
1998-07-19T12:00:00Z,10.425,72.425,3.41
1998-07-19T12:00:00Z,10.425,72.475,3.4
1998-07-19T12:00:00Z,10.425,72.525,3.39
1998-07-19T12:00:00Z,10.425,72.575,3.23
1998-07-19T12:00:00Z,10.425,72.625,3.38
1998-07-19T12:00:00Z,10.425,72.675,3.09
1998-07-19T12:00:00Z,10.425,72.725,3.0700000000000003
1998-07-19T12:00:00Z,10.425,72.775,3.22
1998-07-19T12:00:00Z,10.375,72.425,3.2600000000000002
1998-07-19T12:00:00Z,10.375,72.475,3.41
1998-07-19T12:00:00Z,10.375,72.525,3.24
1998-07-19T12:00:00Z,10.375,72.575,2.95
1998-07-19T12:00:00Z,10.375,72.625,3.0700000000000003
1998-07-19T12:00:00Z,10.375,72.675,3.22
1998-07-19T12:00:00Z,10.375,72.725,3.21
1998-07-19T12:00:00Z,10.375,72.775,3.22
1998-08-18T12:00:00Z,10.625,72.425,1.34
1998-08-18T12:00:00Z,10.625,72.475,1.34
1998-08-18T12:00:00Z,10.625,72.525,1.34
1998-08-18T12:00:00Z,10.625,72.575,1.19
1998-08-18T12:00:00Z,10.625,72.625,1.05
1998-08-18T12:00:00Z,10.625,72.675,1.04
1998-08-18T12:00:00Z,10.625,72.725,1.03
1998-08-18T12:00:00Z,10.625,72.775,1.01
1998-08-18T12:00:00Z,10.575,72.425,1.32
1998-08-18T12:00:00Z,10.575,72.475,1.32
1998-08-18T12:00:00Z,10.575,72.525,1.03
1998-08-18T12:00:00Z,10.575,72.575,1.02
1998-08-18T12:00:00Z,10.575,72.625,1.02
1998-08-18T12:00:00Z,10.575,72.675,1.01
1998-08-18T12:00:00Z,10.575,72.725,1.01
1998-08-18T12:00:00Z,10.575,72.775,1.0
1998-08-18T12:00:00Z,10.525,72.425,1.1500000000000001
1998-08-18T12:00:00Z,10.525,72.475,1.01
1998-08-18T12:00:00Z,10.525,72.525,1.0
1998-08-18T12:00:00Z,10.525,72.575,0.99
1998-08-18T12:00:00Z,10.525,72.625,0.99
1998-08-18T12:00:00Z,10.525,72.675,0.99
1998-08-18T12:00:00Z,10.525,72.725,0.98
1998-08-18T12:00:00Z,10.525,72.775,0.97
1998-08-18T12:00:00Z,10.475,72.425,0.99
1998-08-18T12:00:00Z,10.475,72.475,0.99
1998-08-18T12:00:00Z,10.475,72.525,0.98
1998-08-18T12:00:00Z,10.475,72.575,0.97
1998-08-18T12:00:00Z,10.475,72.625,0.96
1998-08-18T12:00:00Z,10.475,72.675,0.9500000000000001
1998-08-18T12:00:00Z,10.475,72.725,0.96
1998-08-18T12:00:00Z,10.475,72.775,0.66
1998-08-18T12:00:00Z,10.425,72.425,0.97
1998-08-18T12:00:00Z,10.425,72.475,0.96
1998-08-18T12:00:00Z,10.425,72.525,0.81
1998-08-18T12:00:00Z,10.425,72.575,0.8
1998-08-18T12:00:00Z,10.425,72.625,0.8
1998-08-18T12:00:00Z,10.425,72.675,0.66
1998-08-18T12:00:00Z,10.425,72.725,0.65
1998-08-18T12:00:00Z,10.425,72.775,0.65
1998-08-18T12:00:00Z,10.375,72.425,0.81
1998-08-18T12:00:00Z,10.375,72.475,0.81
1998-08-18T12:00:00Z,10.375,72.525,0.79
1998-08-18T12:00:00Z,10.375,72.575,0.65
1998-08-18T12:00:00Z,10.375,72.625,0.64
1998-08-18T12:00:00Z,10.375,72.675,0.64
1998-08-18T12:00:00Z,10.375,72.725,0.64
1998-08-18T12:00:00Z,10.375,72.775,0.64
1998-09-17T12:00:00Z,10.625,72.425,0.0
1998-09-17T12:00:00Z,10.625,72.475,0.0
1998-09-17T12:00:00Z,10.625,72.525,0.0
1998-09-17T12:00:00Z,10.625,72.575,0.0
1998-09-17T12:00:00Z,10.625,72.625,0.0
1998-09-17T12:00:00Z,10.625,72.675,0.0
1998-09-17T12:00:00Z,10.625,72.725,0.0
1998-09-17T12:00:00Z,10.625,72.775,0.0
1998-09-17T12:00:00Z,10.575,72.425,0.0
1998-09-17T12:00:00Z,10.575,72.475,0.0
1998-09-17T12:00:00Z,10.575,72.525,0.0
1998-09-17T12:00:00Z,10.575,72.575,0.0
1998-09-17T12:00:00Z,10.575,72.625,0.0
1998-09-17T12:00:00Z,10.575,72.675,0.0
1998-09-17T12:00:00Z,10.575,72.725,0.0
1998-09-17T12:00:00Z,10.575,72.775,0.0
1998-09-17T12:00:00Z,10.525,72.425,0.0
1998-09-17T12:00:00Z,10.525,72.475,0.0
1998-09-17T12:00:00Z,10.525,72.525,0.0
1998-09-17T12:00:00Z,10.525,72.575,0.0
1998-09-17T12:00:00Z,10.525,72.625,0.0
1998-09-17T12:00:00Z,10.525,72.675,0.0
1998-09-17T12:00:00Z,10.525,72.725,0.0
1998-09-17T12:00:00Z,10.525,72.775,0.0
1998-09-17T12:00:00Z,10.475,72.425,0.0
1998-09-17T12:00:00Z,10.475,72.475,0.0
1998-09-17T12:00:00Z,10.475,72.525,0.0
1998-09-17T12:00:00Z,10.475,72.575,0.0
1998-09-17T12:00:00Z,10.475,72.625,0.0
1998-09-17T12:00:00Z,10.475,72.675,0.0
1998-09-17T12:00:00Z,10.475,72.725,0.0
1998-09-17T12:00:00Z,10.475,72.775,0.0
1998-09-17T12:00:00Z,10.425,72.425,0.0
1998-09-17T12:00:00Z,10.425,72.475,0.0
1998-09-17T12:00:00Z,10.425,72.525,0.0
1998-09-17T12:00:00Z,10.425,72.575,0.0
1998-09-17T12:00:00Z,10.425,72.625,0.0
1998-09-17T12:00:00Z,10.425,72.675,0.0
1998-09-17T12:00:00Z,10.425,72.725,0.0
1998-09-17T12:00:00Z,10.425,72.775,0.0
1998-09-17T12:00:00Z,10.375,72.425,0.0
1998-09-17T12:00:00Z,10.375,72.475,0.0
1998-09-17T12:00:00Z,10.375,72.525,0.0
1998-09-17T12:00:00Z,10.375,72.575,0.0
1998-09-17T12:00:00Z,10.375,72.625,0.0
1998-09-17T12:00:00Z,10.375,72.675,0.0
1998-09-17T12:00:00Z,10.375,72.725,0.0
1998-09-17T12:00:00Z,10.375,72.775,0.0
1998-10-17T12:00:00Z,10.625,72.425,0.0
1998-10-17T12:00:00Z,10.625,72.475,0.0
1998-10-17T12:00:00Z,10.625,72.525,0.0
1998-10-17T12:00:00Z,10.625,72.575,0.0
1998-10-17T12:00:00Z,10.625,72.625,0.0
1998-10-17T12:00:00Z,10.625,72.675,0.0
1998-10-17T12:00:00Z,10.625,72.725,0.0
1998-10-17T12:00:00Z,10.625,72.775,0.0
1998-10-17T12:00:00Z,10.575,72.425,0.0
1998-10-17T12:00:00Z,10.575,72.475,0.0
1998-10-17T12:00:00Z,10.575,72.525,0.0
1998-10-17T12:00:00Z,10.575,72.575,0.0
1998-10-17T12:00:00Z,10.575,72.625,0.0
1998-10-17T12:00:00Z,10.575,72.675,0.0
1998-10-17T12:00:00Z,10.575,72.725,0.0
1998-10-17T12:00:00Z,10.575,72.775,0.0
1998-10-17T12:00:00Z,10.525,72.425,0.0
1998-10-17T12:00:00Z,10.525,72.475,0.0
1998-10-17T12:00:00Z,10.525,72.525,0.0
1998-10-17T12:00:00Z,10.525,72.575,0.0
1998-10-17T12:00:00Z,10.525,72.625,0.0
1998-10-17T12:00:00Z,10.525,72.675,0.0
1998-10-17T12:00:00Z,10.525,72.725,0.0
1998-10-17T12:00:00Z,10.525,72.775,0.0
1998-10-17T12:00:00Z,10.475,72.425,0.0
1998-10-17T12:00:00Z,10.475,72.475,0.0
1998-10-17T12:00:00Z,10.475,72.525,0.0
1998-10-17T12:00:00Z,10.475,72.575,0.0
1998-10-17T12:00:00Z,10.475,72.625,0.0
1998-10-17T12:00:00Z,10.475,72.675,0.0
1998-10-17T12:00:00Z,10.475,72.725,0.0
1998-10-17T12:00:00Z,10.475,72.775,0.0
1998-10-17T12:00:00Z,10.425,72.425,0.0
1998-10-17T12:00:00Z,10.425,72.475,0.0
1998-10-17T12:00:00Z,10.425,72.525,0.0
1998-10-17T12:00:00Z,10.425,72.575,0.0
1998-10-17T12:00:00Z,10.425,72.625,0.0
1998-10-17T12:00:00Z,10.425,72.675,0.0
1998-10-17T12:00:00Z,10.425,72.725,0.0
1998-10-17T12:00:00Z,10.425,72.775,0.0
1998-10-17T12:00:00Z,10.375,72.425,0.0
1998-10-17T12:00:00Z,10.375,72.475,0.0
1998-10-17T12:00:00Z,10.375,72.525,0.0
1998-10-17T12:00:00Z,10.375,72.575,0.0
1998-10-17T12:00:00Z,10.375,72.625,0.0
1998-10-17T12:00:00Z,10.375,72.675,0.0
1998-10-17T12:00:00Z,10.375,72.725,0.0
1998-10-17T12:00:00Z,10.375,72.775,0.0
1998-11-16T12:00:00Z,10.625,72.425,0.0
1998-11-16T12:00:00Z,10.625,72.475,0.0
1998-11-16T12:00:00Z,10.625,72.525,0.0
1998-11-16T12:00:00Z,10.625,72.575,0.0
1998-11-16T12:00:00Z,10.625,72.625,0.0
1998-11-16T12:00:00Z,10.625,72.675,0.0
1998-11-16T12:00:00Z,10.625,72.725,0.0
1998-11-16T12:00:00Z,10.625,72.775,0.0
1998-11-16T12:00:00Z,10.575,72.425,0.0
1998-11-16T12:00:00Z,10.575,72.475,0.0
1998-11-16T12:00:00Z,10.575,72.525,0.0
1998-11-16T12:00:00Z,10.575,72.575,0.0
1998-11-16T12:00:00Z,10.575,72.625,0.0
1998-11-16T12:00:00Z,10.575,72.675,0.0
1998-11-16T12:00:00Z,10.575,72.725,0.0
1998-11-16T12:00:00Z,10.575,72.775,0.0
1998-11-16T12:00:00Z,10.525,72.425,0.0
1998-11-16T12:00:00Z,10.525,72.475,0.0
1998-11-16T12:00:00Z,10.525,72.525,0.0
1998-11-16T12:00:00Z,10.525,72.575,0.0
1998-11-16T12:00:00Z,10.525,72.625,0.0
1998-11-16T12:00:00Z,10.525,72.675,0.0
1998-11-16T12:00:00Z,10.525,72.725,0.0
1998-11-16T12:00:00Z,10.525,72.775,0.0
1998-11-16T12:00:00Z,10.475,72.425,0.0
1998-11-16T12:00:00Z,10.475,72.475,0.0
1998-11-16T12:00:00Z,10.475,72.525,0.0
1998-11-16T12:00:00Z,10.475,72.575,0.0
1998-11-16T12:00:00Z,10.475,72.625,0.0
1998-11-16T12:00:00Z,10.475,72.675,0.0
1998-11-16T12:00:00Z,10.475,72.725,0.0
1998-11-16T12:00:00Z,10.475,72.775,0.0
1998-11-16T12:00:00Z,10.425,72.425,0.0
1998-11-16T12:00:00Z,10.425,72.475,0.0
1998-11-16T12:00:00Z,10.425,72.525,0.0
1998-11-16T12:00:00Z,10.425,72.575,0.0
1998-11-16T12:00:00Z,10.425,72.625,0.0
1998-11-16T12:00:00Z,10.425,72.675,0.0
1998-11-16T12:00:00Z,10.425,72.725,0.0
1998-11-16T12:00:00Z,10.425,72.775,0.0
1998-11-16T12:00:00Z,10.375,72.425,0.0
1998-11-16T12:00:00Z,10.375,72.475,0.0
1998-11-16T12:00:00Z,10.375,72.525,0.0
1998-11-16T12:00:00Z,10.375,72.575,0.0
1998-11-16T12:00:00Z,10.375,72.625,0.0
1998-11-16T12:00:00Z,10.375,72.675,0.0
1998-11-16T12:00:00Z,10.375,72.725,0.0
1998-11-16T12:00:00Z,10.375,72.775,0.0
1998-12-16T12:00:00Z,10.625,72.425,0.0
1998-12-16T12:00:00Z,10.625,72.475,0.0
1998-12-16T12:00:00Z,10.625,72.525,0.0
1998-12-16T12:00:00Z,10.625,72.575,0.0
1998-12-16T12:00:00Z,10.625,72.625,0.0
1998-12-16T12:00:00Z,10.625,72.675,0.0
1998-12-16T12:00:00Z,10.625,72.725,0.0
1998-12-16T12:00:00Z,10.625,72.775,0.0
1998-12-16T12:00:00Z,10.575,72.425,0.0
1998-12-16T12:00:00Z,10.575,72.475,0.0
1998-12-16T12:00:00Z,10.575,72.525,0.0
1998-12-16T12:00:00Z,10.575,72.575,0.0
1998-12-16T12:00:00Z,10.575,72.625,0.0
1998-12-16T12:00:00Z,10.575,72.675,0.0
1998-12-16T12:00:00Z,10.575,72.725,0.0
1998-12-16T12:00:00Z,10.575,72.775,0.0
1998-12-16T12:00:00Z,10.525,72.425,0.0
1998-12-16T12:00:00Z,10.525,72.475,0.0
1998-12-16T12:00:00Z,10.525,72.525,0.0
1998-12-16T12:00:00Z,10.525,72.575,0.0
1998-12-16T12:00:00Z,10.525,72.625,0.0
1998-12-16T12:00:00Z,10.525,72.675,0.0
1998-12-16T12:00:00Z,10.525,72.725,0.0
1998-12-16T12:00:00Z,10.525,72.775,0.0
1998-12-16T12:00:00Z,10.475,72.425,0.0
1998-12-16T12:00:00Z,10.475,72.475,0.0
1998-12-16T12:00:00Z,10.475,72.525,0.0
1998-12-16T12:00:00Z,10.475,72.575,0.0
1998-12-16T12:00:00Z,10.475,72.625,0.0
1998-12-16T12:00:00Z,10.475,72.675,0.0
1998-12-16T12:00:00Z,10.475,72.725,0.0
1998-12-16T12:00:00Z,10.475,72.775,0.0
1998-12-16T12:00:00Z,10.425,72.425,0.0
1998-12-16T12:00:00Z,10.425,72.475,0.0
1998-12-16T12:00:00Z,10.425,72.525,0.0
1998-12-16T12:00:00Z,10.425,72.575,0.0
1998-12-16T12:00:00Z,10.425,72.625,0.0
1998-12-16T12:00:00Z,10.425,72.675,0.0
1998-12-16T12:00:00Z,10.425,72.725,0.0
1998-12-16T12:00:00Z,10.425,72.775,0.0
1998-12-16T12:00:00Z,10.375,72.425,0.0
1998-12-16T12:00:00Z,10.375,72.475,0.0
1998-12-16T12:00:00Z,10.375,72.525,0.0
1998-12-16T12:00:00Z,10.375,72.575,0.0
1998-12-16T12:00:00Z,10.375,72.625,0.0
1998-12-16T12:00:00Z,10.375,72.675,0.0
1998-12-16T12:00:00Z,10.375,72.725,0.0
1998-12-16T12:00:00Z,10.375,72.775,0.0
1999-01-15T12:00:00Z,10.625,72.425,0.0
1999-01-15T12:00:00Z,10.625,72.475,0.0
1999-01-15T12:00:00Z,10.625,72.525,0.0
1999-01-15T12:00:00Z,10.625,72.575,0.0
1999-01-15T12:00:00Z,10.625,72.625,0.0
1999-01-15T12:00:00Z,10.625,72.675,0.0
1999-01-15T12:00:00Z,10.625,72.725,0.0
1999-01-15T12:00:00Z,10.625,72.775,0.0
1999-01-15T12:00:00Z,10.575,72.425,0.0
1999-01-15T12:00:00Z,10.575,72.475,0.0
1999-01-15T12:00:00Z,10.575,72.525,0.0
1999-01-15T12:00:00Z,10.575,72.575,0.0
1999-01-15T12:00:00Z,10.575,72.625,0.0
1999-01-15T12:00:00Z,10.575,72.675,0.0
1999-01-15T12:00:00Z,10.575,72.725,0.0
1999-01-15T12:00:00Z,10.575,72.775,0.0
1999-01-15T12:00:00Z,10.525,72.425,0.0
1999-01-15T12:00:00Z,10.525,72.475,0.0
1999-01-15T12:00:00Z,10.525,72.525,0.0
1999-01-15T12:00:00Z,10.525,72.575,0.0
1999-01-15T12:00:00Z,10.525,72.625,0.0
1999-01-15T12:00:00Z,10.525,72.675,0.0
1999-01-15T12:00:00Z,10.525,72.725,0.0
1999-01-15T12:00:00Z,10.525,72.775,0.0
1999-01-15T12:00:00Z,10.475,72.425,0.0
1999-01-15T12:00:00Z,10.475,72.475,0.0
1999-01-15T12:00:00Z,10.475,72.525,0.0
1999-01-15T12:00:00Z,10.475,72.575,0.0
1999-01-15T12:00:00Z,10.475,72.625,0.0
1999-01-15T12:00:00Z,10.475,72.675,0.0
1999-01-15T12:00:00Z,10.475,72.725,0.0
1999-01-15T12:00:00Z,10.475,72.775,0.0
1999-01-15T12:00:00Z,10.425,72.425,0.0
1999-01-15T12:00:00Z,10.425,72.475,0.0
1999-01-15T12:00:00Z,10.425,72.525,0.0
1999-01-15T12:00:00Z,10.425,72.575,0.0
1999-01-15T12:00:00Z,10.425,72.625,0.0
1999-01-15T12:00:00Z,10.425,72.675,0.0
1999-01-15T12:00:00Z,10.425,72.725,0.0
1999-01-15T12:00:00Z,10.425,72.775,0.0
1999-01-15T12:00:00Z,10.375,72.425,0.0
1999-01-15T12:00:00Z,10.375,72.475,0.0
1999-01-15T12:00:00Z,10.375,72.525,0.0
1999-01-15T12:00:00Z,10.375,72.575,0.0
1999-01-15T12:00:00Z,10.375,72.625,0.0
1999-01-15T12:00:00Z,10.375,72.675,0.0
1999-01-15T12:00:00Z,10.375,72.725,0.0
1999-01-15T12:00:00Z,10.375,72.775,0.0
1999-02-14T12:00:00Z,10.625,72.425,0.0
1999-02-14T12:00:00Z,10.625,72.475,0.0
1999-02-14T12:00:00Z,10.625,72.525,0.0
1999-02-14T12:00:00Z,10.625,72.575,0.0
1999-02-14T12:00:00Z,10.625,72.625,0.0
1999-02-14T12:00:00Z,10.625,72.675,0.0
1999-02-14T12:00:00Z,10.625,72.725,0.0
1999-02-14T12:00:00Z,10.625,72.775,0.0
1999-02-14T12:00:00Z,10.575,72.425,0.0
1999-02-14T12:00:00Z,10.575,72.475,0.0
1999-02-14T12:00:00Z,10.575,72.525,0.0
1999-02-14T12:00:00Z,10.575,72.575,0.0
1999-02-14T12:00:00Z,10.575,72.625,0.0
1999-02-14T12:00:00Z,10.575,72.675,0.0
1999-02-14T12:00:00Z,10.575,72.725,0.0
1999-02-14T12:00:00Z,10.575,72.775,0.0
1999-02-14T12:00:00Z,10.525,72.425,0.0
1999-02-14T12:00:00Z,10.525,72.475,0.0
1999-02-14T12:00:00Z,10.525,72.525,0.0
1999-02-14T12:00:00Z,10.525,72.575,0.0
1999-02-14T12:00:00Z,10.525,72.625,0.0
1999-02-14T12:00:00Z,10.525,72.675,0.0
1999-02-14T12:00:00Z,10.525,72.725,0.0
1999-02-14T12:00:00Z,10.525,72.775,0.0
1999-02-14T12:00:00Z,10.475,72.425,0.0
1999-02-14T12:00:00Z,10.475,72.475,0.0
1999-02-14T12:00:00Z,10.475,72.525,0.0
1999-02-14T12:00:00Z,10.475,72.575,0.0
1999-02-14T12:00:00Z,10.475,72.625,0.0
1999-02-14T12:00:00Z,10.475,72.675,0.0
1999-02-14T12:00:00Z,10.475,72.725,0.0
1999-02-14T12:00:00Z,10.475,72.775,0.0
1999-02-14T12:00:00Z,10.425,72.425,0.0
1999-02-14T12:00:00Z,10.425,72.475,0.0
1999-02-14T12:00:00Z,10.425,72.525,0.0
1999-02-14T12:00:00Z,10.425,72.575,0.0
1999-02-14T12:00:00Z,10.425,72.625,0.0
1999-02-14T12:00:00Z,10.425,72.675,0.0
1999-02-14T12:00:00Z,10.425,72.725,0.0
1999-02-14T12:00:00Z,10.425,72.775,0.0
1999-02-14T12:00:00Z,10.375,72.425,0.0
1999-02-14T12:00:00Z,10.375,72.475,0.0
1999-02-14T12:00:00Z,10.375,72.525,0.0
1999-02-14T12:00:00Z,10.375,72.575,0.0
1999-02-14T12:00:00Z,10.375,72.625,0.0
1999-02-14T12:00:00Z,10.375,72.675,0.0
1999-02-14T12:00:00Z,10.375,72.725,0.0
1999-02-14T12:00:00Z,10.375,72.775,0.0
1999-03-16T12:00:00Z,10.625,72.425,0.0
1999-03-16T12:00:00Z,10.625,72.475,0.0
1999-03-16T12:00:00Z,10.625,72.525,0.0
1999-03-16T12:00:00Z,10.625,72.575,0.0
1999-03-16T12:00:00Z,10.625,72.625,0.0
1999-03-16T12:00:00Z,10.625,72.675,0.0
1999-03-16T12:00:00Z,10.625,72.725,0.0
1999-03-16T12:00:00Z,10.625,72.775,0.0
1999-03-16T12:00:00Z,10.575,72.425,0.0
1999-03-16T12:00:00Z,10.575,72.475,0.0
1999-03-16T12:00:00Z,10.575,72.525,0.0
1999-03-16T12:00:00Z,10.575,72.575,0.0
1999-03-16T12:00:00Z,10.575,72.625,0.0
1999-03-16T12:00:00Z,10.575,72.675,0.0
1999-03-16T12:00:00Z,10.575,72.725,0.0
1999-03-16T12:00:00Z,10.575,72.775,0.0
1999-03-16T12:00:00Z,10.525,72.425,0.0
1999-03-16T12:00:00Z,10.525,72.475,0.0
1999-03-16T12:00:00Z,10.525,72.525,0.0
1999-03-16T12:00:00Z,10.525,72.575,0.0
1999-03-16T12:00:00Z,10.525,72.625,0.0
1999-03-16T12:00:00Z,10.525,72.675,0.0
1999-03-16T12:00:00Z,10.525,72.725,0.0
1999-03-16T12:00:00Z,10.525,72.775,0.0
1999-03-16T12:00:00Z,10.475,72.425,0.0
1999-03-16T12:00:00Z,10.475,72.475,0.0
1999-03-16T12:00:00Z,10.475,72.525,0.0
1999-03-16T12:00:00Z,10.475,72.575,0.0
1999-03-16T12:00:00Z,10.475,72.625,0.0
1999-03-16T12:00:00Z,10.475,72.675,0.0
1999-03-16T12:00:00Z,10.475,72.725,0.0
1999-03-16T12:00:00Z,10.475,72.775,0.0
1999-03-16T12:00:00Z,10.425,72.425,0.0
1999-03-16T12:00:00Z,10.425,72.475,0.0
1999-03-16T12:00:00Z,10.425,72.525,0.0
1999-03-16T12:00:00Z,10.425,72.575,0.0
1999-03-16T12:00:00Z,10.425,72.625,0.0
1999-03-16T12:00:00Z,10.425,72.675,0.0
1999-03-16T12:00:00Z,10.425,72.725,0.0
1999-03-16T12:00:00Z,10.425,72.775,0.0
1999-03-16T12:00:00Z,10.375,72.425,0.0
1999-03-16T12:00:00Z,10.375,72.475,0.0
1999-03-16T12:00:00Z,10.375,72.525,0.0
1999-03-16T12:00:00Z,10.375,72.575,0.0
1999-03-16T12:00:00Z,10.375,72.625,0.0
1999-03-16T12:00:00Z,10.375,72.675,0.0
1999-03-16T12:00:00Z,10.375,72.725,0.0
1999-03-16T12:00:00Z,10.375,72.775,0.0
1999-04-15T12:00:00Z,10.625,72.425,0.0
1999-04-15T12:00:00Z,10.625,72.475,0.0
1999-04-15T12:00:00Z,10.625,72.525,0.0
1999-04-15T12:00:00Z,10.625,72.575,0.0
1999-04-15T12:00:00Z,10.625,72.625,0.0
1999-04-15T12:00:00Z,10.625,72.675,0.0
1999-04-15T12:00:00Z,10.625,72.725,0.0
1999-04-15T12:00:00Z,10.625,72.775,0.0
1999-04-15T12:00:00Z,10.575,72.425,0.0
1999-04-15T12:00:00Z,10.575,72.475,0.0
1999-04-15T12:00:00Z,10.575,72.525,0.0
1999-04-15T12:00:00Z,10.575,72.575,0.0
1999-04-15T12:00:00Z,10.575,72.625,0.0
1999-04-15T12:00:00Z,10.575,72.675,0.0
1999-04-15T12:00:00Z,10.575,72.725,0.0
1999-04-15T12:00:00Z,10.575,72.775,0.0
1999-04-15T12:00:00Z,10.525,72.425,0.0
1999-04-15T12:00:00Z,10.525,72.475,0.0
1999-04-15T12:00:00Z,10.525,72.525,0.0
1999-04-15T12:00:00Z,10.525,72.575,0.0
1999-04-15T12:00:00Z,10.525,72.625,0.0
1999-04-15T12:00:00Z,10.525,72.675,0.0
1999-04-15T12:00:00Z,10.525,72.725,0.0
1999-04-15T12:00:00Z,10.525,72.775,0.0
1999-04-15T12:00:00Z,10.475,72.425,0.0
1999-04-15T12:00:00Z,10.475,72.475,0.0
1999-04-15T12:00:00Z,10.475,72.525,0.0
1999-04-15T12:00:00Z,10.475,72.575,0.0
1999-04-15T12:00:00Z,10.475,72.625,0.0
1999-04-15T12:00:00Z,10.475,72.675,0.0
1999-04-15T12:00:00Z,10.475,72.725,0.0
1999-04-15T12:00:00Z,10.475,72.775,0.0
1999-04-15T12:00:00Z,10.425,72.425,0.0
1999-04-15T12:00:00Z,10.425,72.475,0.0
1999-04-15T12:00:00Z,10.425,72.525,0.0
1999-04-15T12:00:00Z,10.425,72.575,0.0
1999-04-15T12:00:00Z,10.425,72.625,0.0
1999-04-15T12:00:00Z,10.425,72.675,0.0
1999-04-15T12:00:00Z,10.425,72.725,0.0
1999-04-15T12:00:00Z,10.425,72.775,0.0
1999-04-15T12:00:00Z,10.375,72.425,0.0
1999-04-15T12:00:00Z,10.375,72.475,0.0
1999-04-15T12:00:00Z,10.375,72.525,0.0
1999-04-15T12:00:00Z,10.375,72.575,0.0
1999-04-15T12:00:00Z,10.375,72.625,0.0
1999-04-15T12:00:00Z,10.375,72.675,0.0
1999-04-15T12:00:00Z,10.375,72.725,0.0
1999-04-15T12:00:00Z,10.375,72.775,0.0
1999-05-16T12:00:00Z,10.625,72.425,0.0
1999-05-16T12:00:00Z,10.625,72.475,0.0
1999-05-16T12:00:00Z,10.625,72.525,0.0
1999-05-16T12:00:00Z,10.625,72.575,0.0
1999-05-16T12:00:00Z,10.625,72.625,0.0
1999-05-16T12:00:00Z,10.625,72.675,0.0
1999-05-16T12:00:00Z,10.625,72.725,0.0
1999-05-16T12:00:00Z,10.625,72.775,0.0
1999-05-16T12:00:00Z,10.575,72.425,0.0
1999-05-16T12:00:00Z,10.575,72.475,0.0
1999-05-16T12:00:00Z,10.575,72.525,0.0
1999-05-16T12:00:00Z,10.575,72.575,0.0
1999-05-16T12:00:00Z,10.575,72.625,0.0
1999-05-16T12:00:00Z,10.575,72.675,0.0
1999-05-16T12:00:00Z,10.575,72.725,0.0
1999-05-16T12:00:00Z,10.575,72.775,0.0
1999-05-16T12:00:00Z,10.525,72.425,0.0
1999-05-16T12:00:00Z,10.525,72.475,0.0
1999-05-16T12:00:00Z,10.525,72.525,0.0
1999-05-16T12:00:00Z,10.525,72.575,0.0
1999-05-16T12:00:00Z,10.525,72.625,0.0
1999-05-16T12:00:00Z,10.525,72.675,0.0
1999-05-16T12:00:00Z,10.525,72.725,0.0
1999-05-16T12:00:00Z,10.525,72.775,0.0
1999-05-16T12:00:00Z,10.475,72.425,0.0
1999-05-16T12:00:00Z,10.475,72.475,0.0
1999-05-16T12:00:00Z,10.475,72.525,0.0
1999-05-16T12:00:00Z,10.475,72.575,0.0
1999-05-16T12:00:00Z,10.475,72.625,0.0
1999-05-16T12:00:00Z,10.475,72.675,0.0
1999-05-16T12:00:00Z,10.475,72.725,0.0
1999-05-16T12:00:00Z,10.475,72.775,0.0
1999-05-16T12:00:00Z,10.425,72.425,0.0
1999-05-16T12:00:00Z,10.425,72.475,0.0
1999-05-16T12:00:00Z,10.425,72.525,0.0
1999-05-16T12:00:00Z,10.425,72.575,0.0
1999-05-16T12:00:00Z,10.425,72.625,0.0
1999-05-16T12:00:00Z,10.425,72.675,0.0
1999-05-16T12:00:00Z,10.425,72.725,0.0
1999-05-16T12:00:00Z,10.425,72.775,0.0
1999-05-16T12:00:00Z,10.375,72.425,0.0
1999-05-16T12:00:00Z,10.375,72.475,0.0
1999-05-16T12:00:00Z,10.375,72.525,0.0
1999-05-16T12:00:00Z,10.375,72.575,0.0
1999-05-16T12:00:00Z,10.375,72.625,0.0
1999-05-16T12:00:00Z,10.375,72.675,0.0
1999-05-16T12:00:00Z,10.375,72.725,0.0
1999-05-16T12:00:00Z,10.375,72.775,0.0
1999-06-15T12:00:00Z,10.625,72.425,0.0
1999-06-15T12:00:00Z,10.625,72.475,0.0
1999-06-15T12:00:00Z,10.625,72.525,0.0
1999-06-15T12:00:00Z,10.625,72.575,0.0
1999-06-15T12:00:00Z,10.625,72.625,0.0
1999-06-15T12:00:00Z,10.625,72.675,0.0
1999-06-15T12:00:00Z,10.625,72.725,0.0
1999-06-15T12:00:00Z,10.625,72.775,0.0
1999-06-15T12:00:00Z,10.575,72.425,0.0
1999-06-15T12:00:00Z,10.575,72.475,0.0
1999-06-15T12:00:00Z,10.575,72.525,0.0
1999-06-15T12:00:00Z,10.575,72.575,0.0
1999-06-15T12:00:00Z,10.575,72.625,0.0
1999-06-15T12:00:00Z,10.575,72.675,0.0
1999-06-15T12:00:00Z,10.575,72.725,0.0
1999-06-15T12:00:00Z,10.575,72.775,0.0
1999-06-15T12:00:00Z,10.525,72.425,0.0
1999-06-15T12:00:00Z,10.525,72.475,0.0
1999-06-15T12:00:00Z,10.525,72.525,0.0
1999-06-15T12:00:00Z,10.525,72.575,0.0
1999-06-15T12:00:00Z,10.525,72.625,0.0
1999-06-15T12:00:00Z,10.525,72.675,0.0
1999-06-15T12:00:00Z,10.525,72.725,0.0
1999-06-15T12:00:00Z,10.525,72.775,0.0
1999-06-15T12:00:00Z,10.475,72.425,0.0
1999-06-15T12:00:00Z,10.475,72.475,0.0
1999-06-15T12:00:00Z,10.475,72.525,0.0
1999-06-15T12:00:00Z,10.475,72.575,0.0
1999-06-15T12:00:00Z,10.475,72.625,0.0
1999-06-15T12:00:00Z,10.475,72.675,0.0
1999-06-15T12:00:00Z,10.475,72.725,0.0
1999-06-15T12:00:00Z,10.475,72.775,0.0
1999-06-15T12:00:00Z,10.425,72.425,0.0
1999-06-15T12:00:00Z,10.425,72.475,0.0
1999-06-15T12:00:00Z,10.425,72.525,0.0
1999-06-15T12:00:00Z,10.425,72.575,0.0
1999-06-15T12:00:00Z,10.425,72.625,0.0
1999-06-15T12:00:00Z,10.425,72.675,0.0
1999-06-15T12:00:00Z,10.425,72.725,0.0
1999-06-15T12:00:00Z,10.425,72.775,0.0
1999-06-15T12:00:00Z,10.375,72.425,0.0
1999-06-15T12:00:00Z,10.375,72.475,0.0
1999-06-15T12:00:00Z,10.375,72.525,0.0
1999-06-15T12:00:00Z,10.375,72.575,0.0
1999-06-15T12:00:00Z,10.375,72.625,0.0
1999-06-15T12:00:00Z,10.375,72.675,0.0
1999-06-15T12:00:00Z,10.375,72.725,0.0
1999-06-15T12:00:00Z,10.375,72.775,0.0
1999-07-15T12:00:00Z,10.625,72.425,0.0
1999-07-15T12:00:00Z,10.625,72.475,0.0
1999-07-15T12:00:00Z,10.625,72.525,0.0
1999-07-15T12:00:00Z,10.625,72.575,0.0
1999-07-15T12:00:00Z,10.625,72.625,0.0
1999-07-15T12:00:00Z,10.625,72.675,0.0
1999-07-15T12:00:00Z,10.625,72.725,0.0
1999-07-15T12:00:00Z,10.625,72.775,0.0
1999-07-15T12:00:00Z,10.575,72.425,0.0
1999-07-15T12:00:00Z,10.575,72.475,0.0
1999-07-15T12:00:00Z,10.575,72.525,0.0
1999-07-15T12:00:00Z,10.575,72.575,0.0
1999-07-15T12:00:00Z,10.575,72.625,0.0
1999-07-15T12:00:00Z,10.575,72.675,0.0
1999-07-15T12:00:00Z,10.575,72.725,0.0
1999-07-15T12:00:00Z,10.575,72.775,0.0
1999-07-15T12:00:00Z,10.525,72.425,0.0
1999-07-15T12:00:00Z,10.525,72.475,0.0
1999-07-15T12:00:00Z,10.525,72.525,0.0
1999-07-15T12:00:00Z,10.525,72.575,0.0
1999-07-15T12:00:00Z,10.525,72.625,0.0
1999-07-15T12:00:00Z,10.525,72.675,0.0
1999-07-15T12:00:00Z,10.525,72.725,0.0
1999-07-15T12:00:00Z,10.525,72.775,0.0
1999-07-15T12:00:00Z,10.475,72.425,0.0
1999-07-15T12:00:00Z,10.475,72.475,0.0
1999-07-15T12:00:00Z,10.475,72.525,0.0
1999-07-15T12:00:00Z,10.475,72.575,0.0
1999-07-15T12:00:00Z,10.475,72.625,0.0
1999-07-15T12:00:00Z,10.475,72.675,0.0
1999-07-15T12:00:00Z,10.475,72.725,0.0
1999-07-15T12:00:00Z,10.475,72.775,0.0
1999-07-15T12:00:00Z,10.425,72.425,0.0
1999-07-15T12:00:00Z,10.425,72.475,0.0
1999-07-15T12:00:00Z,10.425,72.525,0.0
1999-07-15T12:00:00Z,10.425,72.575,0.0
1999-07-15T12:00:00Z,10.425,72.625,0.0
1999-07-15T12:00:00Z,10.425,72.675,0.0
1999-07-15T12:00:00Z,10.425,72.725,0.0
1999-07-15T12:00:00Z,10.425,72.775,0.0
1999-07-15T12:00:00Z,10.375,72.425,0.0
1999-07-15T12:00:00Z,10.375,72.475,0.0
1999-07-15T12:00:00Z,10.375,72.525,0.0
1999-07-15T12:00:00Z,10.375,72.575,0.0
1999-07-15T12:00:00Z,10.375,72.625,0.0
1999-07-15T12:00:00Z,10.375,72.675,0.0
1999-07-15T12:00:00Z,10.375,72.725,0.0
1999-07-15T12:00:00Z,10.375,72.775,0.0
1999-08-14T12:00:00Z,10.625,72.425,0.0
1999-08-14T12:00:00Z,10.625,72.475,0.0
1999-08-14T12:00:00Z,10.625,72.525,0.0
1999-08-14T12:00:00Z,10.625,72.575,0.0
1999-08-14T12:00:00Z,10.625,72.625,0.0
1999-08-14T12:00:00Z,10.625,72.675,0.0
1999-08-14T12:00:00Z,10.625,72.725,0.0
1999-08-14T12:00:00Z,10.625,72.775,0.0
1999-08-14T12:00:00Z,10.575,72.425,0.0
1999-08-14T12:00:00Z,10.575,72.475,0.0
1999-08-14T12:00:00Z,10.575,72.525,0.0
1999-08-14T12:00:00Z,10.575,72.575,0.0
1999-08-14T12:00:00Z,10.575,72.625,0.0
1999-08-14T12:00:00Z,10.575,72.675,0.0
1999-08-14T12:00:00Z,10.575,72.725,0.0
1999-08-14T12:00:00Z,10.575,72.775,0.0
1999-08-14T12:00:00Z,10.525,72.425,0.0
1999-08-14T12:00:00Z,10.525,72.475,0.0
1999-08-14T12:00:00Z,10.525,72.525,0.0
1999-08-14T12:00:00Z,10.525,72.575,0.0
1999-08-14T12:00:00Z,10.525,72.625,0.0
1999-08-14T12:00:00Z,10.525,72.675,0.0
1999-08-14T12:00:00Z,10.525,72.725,0.0
1999-08-14T12:00:00Z,10.525,72.775,0.0
1999-08-14T12:00:00Z,10.475,72.425,0.0
1999-08-14T12:00:00Z,10.475,72.475,0.0
1999-08-14T12:00:00Z,10.475,72.525,0.0
1999-08-14T12:00:00Z,10.475,72.575,0.0
1999-08-14T12:00:00Z,10.475,72.625,0.0
1999-08-14T12:00:00Z,10.475,72.675,0.0
1999-08-14T12:00:00Z,10.475,72.725,0.0
1999-08-14T12:00:00Z,10.475,72.775,0.0
1999-08-14T12:00:00Z,10.425,72.425,0.0
1999-08-14T12:00:00Z,10.425,72.475,0.0
1999-08-14T12:00:00Z,10.425,72.525,0.0
1999-08-14T12:00:00Z,10.425,72.575,0.0
1999-08-14T12:00:00Z,10.425,72.625,0.0
1999-08-14T12:00:00Z,10.425,72.675,0.0
1999-08-14T12:00:00Z,10.425,72.725,0.0
1999-08-14T12:00:00Z,10.425,72.775,0.0
1999-08-14T12:00:00Z,10.375,72.425,0.0
1999-08-14T12:00:00Z,10.375,72.475,0.0
1999-08-14T12:00:00Z,10.375,72.525,0.0
1999-08-14T12:00:00Z,10.375,72.575,0.0
1999-08-14T12:00:00Z,10.375,72.625,0.0
1999-08-14T12:00:00Z,10.375,72.675,0.0
1999-08-14T12:00:00Z,10.375,72.725,0.0
1999-08-14T12:00:00Z,10.375,72.775,0.0
1999-09-13T12:00:00Z,10.625,72.425,0.0
1999-09-13T12:00:00Z,10.625,72.475,0.0
1999-09-13T12:00:00Z,10.625,72.525,0.0
1999-09-13T12:00:00Z,10.625,72.575,0.0
1999-09-13T12:00:00Z,10.625,72.625,0.0
1999-09-13T12:00:00Z,10.625,72.675,0.0
1999-09-13T12:00:00Z,10.625,72.725,0.0
1999-09-13T12:00:00Z,10.625,72.775,0.0
1999-09-13T12:00:00Z,10.575,72.425,0.0
1999-09-13T12:00:00Z,10.575,72.475,0.0
1999-09-13T12:00:00Z,10.575,72.525,0.0
1999-09-13T12:00:00Z,10.575,72.575,0.0
1999-09-13T12:00:00Z,10.575,72.625,0.0
1999-09-13T12:00:00Z,10.575,72.675,0.0
1999-09-13T12:00:00Z,10.575,72.725,0.0
1999-09-13T12:00:00Z,10.575,72.775,0.0
1999-09-13T12:00:00Z,10.525,72.425,0.0
1999-09-13T12:00:00Z,10.525,72.475,0.0
1999-09-13T12:00:00Z,10.525,72.525,0.0
1999-09-13T12:00:00Z,10.525,72.575,0.0
1999-09-13T12:00:00Z,10.525,72.625,0.0
1999-09-13T12:00:00Z,10.525,72.675,0.0
1999-09-13T12:00:00Z,10.525,72.725,0.0
1999-09-13T12:00:00Z,10.525,72.775,0.0
1999-09-13T12:00:00Z,10.475,72.425,0.0
1999-09-13T12:00:00Z,10.475,72.475,0.0
1999-09-13T12:00:00Z,10.475,72.525,0.0
1999-09-13T12:00:00Z,10.475,72.575,0.0
1999-09-13T12:00:00Z,10.475,72.625,0.0
1999-09-13T12:00:00Z,10.475,72.675,0.0
1999-09-13T12:00:00Z,10.475,72.725,0.0
1999-09-13T12:00:00Z,10.475,72.775,0.0
1999-09-13T12:00:00Z,10.425,72.425,0.0
1999-09-13T12:00:00Z,10.425,72.475,0.0
1999-09-13T12:00:00Z,10.425,72.525,0.0
1999-09-13T12:00:00Z,10.425,72.575,0.0
1999-09-13T12:00:00Z,10.425,72.625,0.0
1999-09-13T12:00:00Z,10.425,72.675,0.0
1999-09-13T12:00:00Z,10.425,72.725,0.0
1999-09-13T12:00:00Z,10.425,72.775,0.0
1999-09-13T12:00:00Z,10.375,72.425,0.0
1999-09-13T12:00:00Z,10.375,72.475,0.0
1999-09-13T12:00:00Z,10.375,72.525,0.0
1999-09-13T12:00:00Z,10.375,72.575,0.0
1999-09-13T12:00:00Z,10.375,72.625,0.0
1999-09-13T12:00:00Z,10.375,72.675,0.0
1999-09-13T12:00:00Z,10.375,72.725,0.0
1999-09-13T12:00:00Z,10.375,72.775,0.0
1999-10-13T12:00:00Z,10.625,72.425,0.0
1999-10-13T12:00:00Z,10.625,72.475,0.0
1999-10-13T12:00:00Z,10.625,72.525,0.0
1999-10-13T12:00:00Z,10.625,72.575,0.0
1999-10-13T12:00:00Z,10.625,72.625,0.0
1999-10-13T12:00:00Z,10.625,72.675,0.0
1999-10-13T12:00:00Z,10.625,72.725,0.0
1999-10-13T12:00:00Z,10.625,72.775,0.0
1999-10-13T12:00:00Z,10.575,72.425,0.0
1999-10-13T12:00:00Z,10.575,72.475,0.0
1999-10-13T12:00:00Z,10.575,72.525,0.0
1999-10-13T12:00:00Z,10.575,72.575,0.0
1999-10-13T12:00:00Z,10.575,72.625,0.0
1999-10-13T12:00:00Z,10.575,72.675,0.0
1999-10-13T12:00:00Z,10.575,72.725,0.0
1999-10-13T12:00:00Z,10.575,72.775,0.0
1999-10-13T12:00:00Z,10.525,72.425,0.0
1999-10-13T12:00:00Z,10.525,72.475,0.0
1999-10-13T12:00:00Z,10.525,72.525,0.0
1999-10-13T12:00:00Z,10.525,72.575,0.0
1999-10-13T12:00:00Z,10.525,72.625,0.0
1999-10-13T12:00:00Z,10.525,72.675,0.0
1999-10-13T12:00:00Z,10.525,72.725,0.0
1999-10-13T12:00:00Z,10.525,72.775,0.0
1999-10-13T12:00:00Z,10.475,72.425,0.0
1999-10-13T12:00:00Z,10.475,72.475,0.0
1999-10-13T12:00:00Z,10.475,72.525,0.0
1999-10-13T12:00:00Z,10.475,72.575,0.0
1999-10-13T12:00:00Z,10.475,72.625,0.0
1999-10-13T12:00:00Z,10.475,72.675,0.0
1999-10-13T12:00:00Z,10.475,72.725,0.0
1999-10-13T12:00:00Z,10.475,72.775,0.0
1999-10-13T12:00:00Z,10.425,72.425,0.0
1999-10-13T12:00:00Z,10.425,72.475,0.0
1999-10-13T12:00:00Z,10.425,72.525,0.0
1999-10-13T12:00:00Z,10.425,72.575,0.0
1999-10-13T12:00:00Z,10.425,72.625,0.0
1999-10-13T12:00:00Z,10.425,72.675,0.0
1999-10-13T12:00:00Z,10.425,72.725,0.0
1999-10-13T12:00:00Z,10.425,72.775,0.0
1999-10-13T12:00:00Z,10.375,72.425,0.0
1999-10-13T12:00:00Z,10.375,72.475,0.0
1999-10-13T12:00:00Z,10.375,72.525,0.0
1999-10-13T12:00:00Z,10.375,72.575,0.0
1999-10-13T12:00:00Z,10.375,72.625,0.0
1999-10-13T12:00:00Z,10.375,72.675,0.0
1999-10-13T12:00:00Z,10.375,72.725,0.0
1999-10-13T12:00:00Z,10.375,72.775,0.0
1999-11-12T12:00:00Z,10.625,72.425,0.0
1999-11-12T12:00:00Z,10.625,72.475,0.0
1999-11-12T12:00:00Z,10.625,72.525,0.0
1999-11-12T12:00:00Z,10.625,72.575,0.0
1999-11-12T12:00:00Z,10.625,72.625,0.0
1999-11-12T12:00:00Z,10.625,72.675,0.0
1999-11-12T12:00:00Z,10.625,72.725,0.0
1999-11-12T12:00:00Z,10.625,72.775,0.0
1999-11-12T12:00:00Z,10.575,72.425,0.0
1999-11-12T12:00:00Z,10.575,72.475,0.0
1999-11-12T12:00:00Z,10.575,72.525,0.0
1999-11-12T12:00:00Z,10.575,72.575,0.0
1999-11-12T12:00:00Z,10.575,72.625,0.0
1999-11-12T12:00:00Z,10.575,72.675,0.0
1999-11-12T12:00:00Z,10.575,72.725,0.0
1999-11-12T12:00:00Z,10.575,72.775,0.0
1999-11-12T12:00:00Z,10.525,72.425,0.0
1999-11-12T12:00:00Z,10.525,72.475,0.0
1999-11-12T12:00:00Z,10.525,72.525,0.0
1999-11-12T12:00:00Z,10.525,72.575,0.0
1999-11-12T12:00:00Z,10.525,72.625,0.0
1999-11-12T12:00:00Z,10.525,72.675,0.0
1999-11-12T12:00:00Z,10.525,72.725,0.0
1999-11-12T12:00:00Z,10.525,72.775,0.0
1999-11-12T12:00:00Z,10.475,72.425,0.0
1999-11-12T12:00:00Z,10.475,72.475,0.0
1999-11-12T12:00:00Z,10.475,72.525,0.0
1999-11-12T12:00:00Z,10.475,72.575,0.0
1999-11-12T12:00:00Z,10.475,72.625,0.0
1999-11-12T12:00:00Z,10.475,72.675,0.0
1999-11-12T12:00:00Z,10.475,72.725,0.0
1999-11-12T12:00:00Z,10.475,72.775,0.0
1999-11-12T12:00:00Z,10.425,72.425,0.0
1999-11-12T12:00:00Z,10.425,72.475,0.0
1999-11-12T12:00:00Z,10.425,72.525,0.0
1999-11-12T12:00:00Z,10.425,72.575,0.0
1999-11-12T12:00:00Z,10.425,72.625,0.0
1999-11-12T12:00:00Z,10.425,72.675,0.0
1999-11-12T12:00:00Z,10.425,72.725,0.0
1999-11-12T12:00:00Z,10.425,72.775,0.0
1999-11-12T12:00:00Z,10.375,72.425,0.0
1999-11-12T12:00:00Z,10.375,72.475,0.0
1999-11-12T12:00:00Z,10.375,72.525,0.0
1999-11-12T12:00:00Z,10.375,72.575,0.0
1999-11-12T12:00:00Z,10.375,72.625,0.0
1999-11-12T12:00:00Z,10.375,72.675,0.0
1999-11-12T12:00:00Z,10.375,72.725,0.0
1999-11-12T12:00:00Z,10.375,72.775,0.0
1999-12-12T12:00:00Z,10.625,72.425,0.0
1999-12-12T12:00:00Z,10.625,72.475,0.0
1999-12-12T12:00:00Z,10.625,72.525,0.0
1999-12-12T12:00:00Z,10.625,72.575,0.0
1999-12-12T12:00:00Z,10.625,72.625,0.0
1999-12-12T12:00:00Z,10.625,72.675,0.0
1999-12-12T12:00:00Z,10.625,72.725,0.0
1999-12-12T12:00:00Z,10.625,72.775,0.0
1999-12-12T12:00:00Z,10.575,72.425,0.0
1999-12-12T12:00:00Z,10.575,72.475,0.0
1999-12-12T12:00:00Z,10.575,72.525,0.0
1999-12-12T12:00:00Z,10.575,72.575,0.0
1999-12-12T12:00:00Z,10.575,72.625,0.0
1999-12-12T12:00:00Z,10.575,72.675,0.0
1999-12-12T12:00:00Z,10.575,72.725,0.0
1999-12-12T12:00:00Z,10.575,72.775,0.0
1999-12-12T12:00:00Z,10.525,72.425,0.0
1999-12-12T12:00:00Z,10.525,72.475,0.0
1999-12-12T12:00:00Z,10.525,72.525,0.0
1999-12-12T12:00:00Z,10.525,72.575,0.0
1999-12-12T12:00:00Z,10.525,72.625,0.0
1999-12-12T12:00:00Z,10.525,72.675,0.0
1999-12-12T12:00:00Z,10.525,72.725,0.0
1999-12-12T12:00:00Z,10.525,72.775,0.0
1999-12-12T12:00:00Z,10.475,72.425,0.0
1999-12-12T12:00:00Z,10.475,72.475,0.0
1999-12-12T12:00:00Z,10.475,72.525,0.0
1999-12-12T12:00:00Z,10.475,72.575,0.0
1999-12-12T12:00:00Z,10.475,72.625,0.0
1999-12-12T12:00:00Z,10.475,72.675,0.0
1999-12-12T12:00:00Z,10.475,72.725,0.0
1999-12-12T12:00:00Z,10.475,72.775,0.0
1999-12-12T12:00:00Z,10.425,72.425,0.0
1999-12-12T12:00:00Z,10.425,72.475,0.0
1999-12-12T12:00:00Z,10.425,72.525,0.0
1999-12-12T12:00:00Z,10.425,72.575,0.0
1999-12-12T12:00:00Z,10.425,72.625,0.0
1999-12-12T12:00:00Z,10.425,72.675,0.0
1999-12-12T12:00:00Z,10.425,72.725,0.0
1999-12-12T12:00:00Z,10.425,72.775,0.0
1999-12-12T12:00:00Z,10.375,72.425,0.0
1999-12-12T12:00:00Z,10.375,72.475,0.0
1999-12-12T12:00:00Z,10.375,72.525,0.0
1999-12-12T12:00:00Z,10.375,72.575,0.0
1999-12-12T12:00:00Z,10.375,72.625,0.0
1999-12-12T12:00:00Z,10.375,72.675,0.0
1999-12-12T12:00:00Z,10.375,72.725,0.0
1999-12-12T12:00:00Z,10.375,72.775,0.0
2000-01-11T12:00:00Z,10.625,72.425,0.0
2000-01-11T12:00:00Z,10.625,72.475,0.0
2000-01-11T12:00:00Z,10.625,72.525,0.0
2000-01-11T12:00:00Z,10.625,72.575,0.0
2000-01-11T12:00:00Z,10.625,72.625,0.0
2000-01-11T12:00:00Z,10.625,72.675,0.0
2000-01-11T12:00:00Z,10.625,72.725,0.0
2000-01-11T12:00:00Z,10.625,72.775,0.0
2000-01-11T12:00:00Z,10.575,72.425,0.0
2000-01-11T12:00:00Z,10.575,72.475,0.0
2000-01-11T12:00:00Z,10.575,72.525,0.0
2000-01-11T12:00:00Z,10.575,72.575,0.0
2000-01-11T12:00:00Z,10.575,72.625,0.0
2000-01-11T12:00:00Z,10.575,72.675,0.0
2000-01-11T12:00:00Z,10.575,72.725,0.0
2000-01-11T12:00:00Z,10.575,72.775,0.0
2000-01-11T12:00:00Z,10.525,72.425,0.0
2000-01-11T12:00:00Z,10.525,72.475,0.0
2000-01-11T12:00:00Z,10.525,72.525,0.0
2000-01-11T12:00:00Z,10.525,72.575,0.0
2000-01-11T12:00:00Z,10.525,72.625,0.0
2000-01-11T12:00:00Z,10.525,72.675,0.0
2000-01-11T12:00:00Z,10.525,72.725,0.0
2000-01-11T12:00:00Z,10.525,72.775,0.0
2000-01-11T12:00:00Z,10.475,72.425,0.0
2000-01-11T12:00:00Z,10.475,72.475,0.0
2000-01-11T12:00:00Z,10.475,72.525,0.0
2000-01-11T12:00:00Z,10.475,72.575,0.0
2000-01-11T12:00:00Z,10.475,72.625,0.0
2000-01-11T12:00:00Z,10.475,72.675,0.0
2000-01-11T12:00:00Z,10.475,72.725,0.0
2000-01-11T12:00:00Z,10.475,72.775,0.0
2000-01-11T12:00:00Z,10.425,72.425,0.0
2000-01-11T12:00:00Z,10.425,72.475,0.0
2000-01-11T12:00:00Z,10.425,72.525,0.0
2000-01-11T12:00:00Z,10.425,72.575,0.0
2000-01-11T12:00:00Z,10.425,72.625,0.0
2000-01-11T12:00:00Z,10.425,72.675,0.0
2000-01-11T12:00:00Z,10.425,72.725,0.0
2000-01-11T12:00:00Z,10.425,72.775,0.0
2000-01-11T12:00:00Z,10.375,72.425,0.0
2000-01-11T12:00:00Z,10.375,72.475,0.0
2000-01-11T12:00:00Z,10.375,72.525,0.0
2000-01-11T12:00:00Z,10.375,72.575,0.0
2000-01-11T12:00:00Z,10.375,72.625,0.0
2000-01-11T12:00:00Z,10.375,72.675,0.0
2000-01-11T12:00:00Z,10.375,72.725,0.0
2000-01-11T12:00:00Z,10.375,72.775,0.0
2000-02-10T12:00:00Z,10.625,72.425,0.0
2000-02-10T12:00:00Z,10.625,72.475,0.0
2000-02-10T12:00:00Z,10.625,72.525,0.0
2000-02-10T12:00:00Z,10.625,72.575,0.0
2000-02-10T12:00:00Z,10.625,72.625,0.0
2000-02-10T12:00:00Z,10.625,72.675,0.0
2000-02-10T12:00:00Z,10.625,72.725,0.0
2000-02-10T12:00:00Z,10.625,72.775,0.0
2000-02-10T12:00:00Z,10.575,72.425,0.0
2000-02-10T12:00:00Z,10.575,72.475,0.0
2000-02-10T12:00:00Z,10.575,72.525,0.0
2000-02-10T12:00:00Z,10.575,72.575,0.0
2000-02-10T12:00:00Z,10.575,72.625,0.0
2000-02-10T12:00:00Z,10.575,72.675,0.0
2000-02-10T12:00:00Z,10.575,72.725,0.0
2000-02-10T12:00:00Z,10.575,72.775,0.0
2000-02-10T12:00:00Z,10.525,72.425,0.0
2000-02-10T12:00:00Z,10.525,72.475,0.0
2000-02-10T12:00:00Z,10.525,72.525,0.0
2000-02-10T12:00:00Z,10.525,72.575,0.0
2000-02-10T12:00:00Z,10.525,72.625,0.0
2000-02-10T12:00:00Z,10.525,72.675,0.0
2000-02-10T12:00:00Z,10.525,72.725,0.0
2000-02-10T12:00:00Z,10.525,72.775,0.0
2000-02-10T12:00:00Z,10.475,72.425,0.0
2000-02-10T12:00:00Z,10.475,72.475,0.0
2000-02-10T12:00:00Z,10.475,72.525,0.0
2000-02-10T12:00:00Z,10.475,72.575,0.0
2000-02-10T12:00:00Z,10.475,72.625,0.0
2000-02-10T12:00:00Z,10.475,72.675,0.0
2000-02-10T12:00:00Z,10.475,72.725,0.0
2000-02-10T12:00:00Z,10.475,72.775,0.0
2000-02-10T12:00:00Z,10.425,72.425,0.0
2000-02-10T12:00:00Z,10.425,72.475,0.0
2000-02-10T12:00:00Z,10.425,72.525,0.0
2000-02-10T12:00:00Z,10.425,72.575,0.0
2000-02-10T12:00:00Z,10.425,72.625,0.0
2000-02-10T12:00:00Z,10.425,72.675,0.0
2000-02-10T12:00:00Z,10.425,72.725,0.0
2000-02-10T12:00:00Z,10.425,72.775,0.0
2000-02-10T12:00:00Z,10.375,72.425,0.0
2000-02-10T12:00:00Z,10.375,72.475,0.0
2000-02-10T12:00:00Z,10.375,72.525,0.0
2000-02-10T12:00:00Z,10.375,72.575,0.0
2000-02-10T12:00:00Z,10.375,72.625,0.0
2000-02-10T12:00:00Z,10.375,72.675,0.0
2000-02-10T12:00:00Z,10.375,72.725,0.0
2000-02-10T12:00:00Z,10.375,72.775,0.0
2000-03-11T12:00:00Z,10.625,72.425,0.0
2000-03-11T12:00:00Z,10.625,72.475,0.0
2000-03-11T12:00:00Z,10.625,72.525,0.0
2000-03-11T12:00:00Z,10.625,72.575,0.0
2000-03-11T12:00:00Z,10.625,72.625,0.0
2000-03-11T12:00:00Z,10.625,72.675,0.0
2000-03-11T12:00:00Z,10.625,72.725,0.0
2000-03-11T12:00:00Z,10.625,72.775,0.0
2000-03-11T12:00:00Z,10.575,72.425,0.0
2000-03-11T12:00:00Z,10.575,72.475,0.0
2000-03-11T12:00:00Z,10.575,72.525,0.0
2000-03-11T12:00:00Z,10.575,72.575,0.0
2000-03-11T12:00:00Z,10.575,72.625,0.0
2000-03-11T12:00:00Z,10.575,72.675,0.0
2000-03-11T12:00:00Z,10.575,72.725,0.0
2000-03-11T12:00:00Z,10.575,72.775,0.0
2000-03-11T12:00:00Z,10.525,72.425,0.0
2000-03-11T12:00:00Z,10.525,72.475,0.0
2000-03-11T12:00:00Z,10.525,72.525,0.0
2000-03-11T12:00:00Z,10.525,72.575,0.0
2000-03-11T12:00:00Z,10.525,72.625,0.0
2000-03-11T12:00:00Z,10.525,72.675,0.0
2000-03-11T12:00:00Z,10.525,72.725,0.0
2000-03-11T12:00:00Z,10.525,72.775,0.0
2000-03-11T12:00:00Z,10.475,72.425,0.0
2000-03-11T12:00:00Z,10.475,72.475,0.0
2000-03-11T12:00:00Z,10.475,72.525,0.0
2000-03-11T12:00:00Z,10.475,72.575,0.0
2000-03-11T12:00:00Z,10.475,72.625,0.0
2000-03-11T12:00:00Z,10.475,72.675,0.0
2000-03-11T12:00:00Z,10.475,72.725,0.0
2000-03-11T12:00:00Z,10.475,72.775,0.0
2000-03-11T12:00:00Z,10.425,72.425,0.0
2000-03-11T12:00:00Z,10.425,72.475,0.0
2000-03-11T12:00:00Z,10.425,72.525,0.0
2000-03-11T12:00:00Z,10.425,72.575,0.0
2000-03-11T12:00:00Z,10.425,72.625,0.0
2000-03-11T12:00:00Z,10.425,72.675,0.0
2000-03-11T12:00:00Z,10.425,72.725,0.0
2000-03-11T12:00:00Z,10.425,72.775,0.0
2000-03-11T12:00:00Z,10.375,72.425,0.0
2000-03-11T12:00:00Z,10.375,72.475,0.0
2000-03-11T12:00:00Z,10.375,72.525,0.0
2000-03-11T12:00:00Z,10.375,72.575,0.0
2000-03-11T12:00:00Z,10.375,72.625,0.0
2000-03-11T12:00:00Z,10.375,72.675,0.0
2000-03-11T12:00:00Z,10.375,72.725,0.0
2000-03-11T12:00:00Z,10.375,72.775,0.0
2000-04-10T12:00:00Z,10.625,72.425,0.0
2000-04-10T12:00:00Z,10.625,72.475,0.0
2000-04-10T12:00:00Z,10.625,72.525,0.0
2000-04-10T12:00:00Z,10.625,72.575,0.0
2000-04-10T12:00:00Z,10.625,72.625,0.0
2000-04-10T12:00:00Z,10.625,72.675,0.0
2000-04-10T12:00:00Z,10.625,72.725,0.0
2000-04-10T12:00:00Z,10.625,72.775,0.0
2000-04-10T12:00:00Z,10.575,72.425,0.0
2000-04-10T12:00:00Z,10.575,72.475,0.0
2000-04-10T12:00:00Z,10.575,72.525,0.0
2000-04-10T12:00:00Z,10.575,72.575,0.0
2000-04-10T12:00:00Z,10.575,72.625,0.0
2000-04-10T12:00:00Z,10.575,72.675,0.0
2000-04-10T12:00:00Z,10.575,72.725,0.0
2000-04-10T12:00:00Z,10.575,72.775,0.0
2000-04-10T12:00:00Z,10.525,72.425,0.0
2000-04-10T12:00:00Z,10.525,72.475,0.0
2000-04-10T12:00:00Z,10.525,72.525,0.0
2000-04-10T12:00:00Z,10.525,72.575,0.0
2000-04-10T12:00:00Z,10.525,72.625,0.0
2000-04-10T12:00:00Z,10.525,72.675,0.0
2000-04-10T12:00:00Z,10.525,72.725,0.0
2000-04-10T12:00:00Z,10.525,72.775,0.0
2000-04-10T12:00:00Z,10.475,72.425,0.0
2000-04-10T12:00:00Z,10.475,72.475,0.0
2000-04-10T12:00:00Z,10.475,72.525,0.0
2000-04-10T12:00:00Z,10.475,72.575,0.0
2000-04-10T12:00:00Z,10.475,72.625,0.0
2000-04-10T12:00:00Z,10.475,72.675,0.0
2000-04-10T12:00:00Z,10.475,72.725,0.0
2000-04-10T12:00:00Z,10.475,72.775,0.0
2000-04-10T12:00:00Z,10.425,72.425,0.0
2000-04-10T12:00:00Z,10.425,72.475,0.0
2000-04-10T12:00:00Z,10.425,72.525,0.0
2000-04-10T12:00:00Z,10.425,72.575,0.0
2000-04-10T12:00:00Z,10.425,72.625,0.0
2000-04-10T12:00:00Z,10.425,72.675,0.0
2000-04-10T12:00:00Z,10.425,72.725,0.0
2000-04-10T12:00:00Z,10.425,72.775,0.0
2000-04-10T12:00:00Z,10.375,72.425,0.0
2000-04-10T12:00:00Z,10.375,72.475,0.0
2000-04-10T12:00:00Z,10.375,72.525,0.0
2000-04-10T12:00:00Z,10.375,72.575,0.0
2000-04-10T12:00:00Z,10.375,72.625,0.0
2000-04-10T12:00:00Z,10.375,72.675,0.0
2000-04-10T12:00:00Z,10.375,72.725,0.0
2000-04-10T12:00:00Z,10.375,72.775,0.0
2000-05-10T12:00:00Z,10.625,72.425,0.0
2000-05-10T12:00:00Z,10.625,72.475,0.0
2000-05-10T12:00:00Z,10.625,72.525,0.0
2000-05-10T12:00:00Z,10.625,72.575,0.0
2000-05-10T12:00:00Z,10.625,72.625,0.0
2000-05-10T12:00:00Z,10.625,72.675,0.0
2000-05-10T12:00:00Z,10.625,72.725,0.0
2000-05-10T12:00:00Z,10.625,72.775,0.0
2000-05-10T12:00:00Z,10.575,72.425,0.0
2000-05-10T12:00:00Z,10.575,72.475,0.0
2000-05-10T12:00:00Z,10.575,72.525,0.0
2000-05-10T12:00:00Z,10.575,72.575,0.0
2000-05-10T12:00:00Z,10.575,72.625,0.0
2000-05-10T12:00:00Z,10.575,72.675,0.0
2000-05-10T12:00:00Z,10.575,72.725,0.0
2000-05-10T12:00:00Z,10.575,72.775,0.0
2000-05-10T12:00:00Z,10.525,72.425,0.0
2000-05-10T12:00:00Z,10.525,72.475,0.0
2000-05-10T12:00:00Z,10.525,72.525,0.0
2000-05-10T12:00:00Z,10.525,72.575,0.0
2000-05-10T12:00:00Z,10.525,72.625,0.0
2000-05-10T12:00:00Z,10.525,72.675,0.0
2000-05-10T12:00:00Z,10.525,72.725,0.0
2000-05-10T12:00:00Z,10.525,72.775,0.0
2000-05-10T12:00:00Z,10.475,72.425,0.0
2000-05-10T12:00:00Z,10.475,72.475,0.0
2000-05-10T12:00:00Z,10.475,72.525,0.0
2000-05-10T12:00:00Z,10.475,72.575,0.0
2000-05-10T12:00:00Z,10.475,72.625,0.0
2000-05-10T12:00:00Z,10.475,72.675,0.0
2000-05-10T12:00:00Z,10.475,72.725,0.0
2000-05-10T12:00:00Z,10.475,72.775,0.0
2000-05-10T12:00:00Z,10.425,72.425,0.0
2000-05-10T12:00:00Z,10.425,72.475,0.0
2000-05-10T12:00:00Z,10.425,72.525,0.0
2000-05-10T12:00:00Z,10.425,72.575,0.0
2000-05-10T12:00:00Z,10.425,72.625,0.0
2000-05-10T12:00:00Z,10.425,72.675,0.0
2000-05-10T12:00:00Z,10.425,72.725,0.0
2000-05-10T12:00:00Z,10.425,72.775,0.0
2000-05-10T12:00:00Z,10.375,72.425,0.0
2000-05-10T12:00:00Z,10.375,72.475,0.0
2000-05-10T12:00:00Z,10.375,72.525,0.0
2000-05-10T12:00:00Z,10.375,72.575,0.0
2000-05-10T12:00:00Z,10.375,72.625,0.0
2000-05-10T12:00:00Z,10.375,72.675,0.0
2000-05-10T12:00:00Z,10.375,72.725,0.0
2000-05-10T12:00:00Z,10.375,72.775,0.0
2000-06-09T12:00:00Z,10.625,72.425,0.0
2000-06-09T12:00:00Z,10.625,72.475,0.0
2000-06-09T12:00:00Z,10.625,72.525,0.0
2000-06-09T12:00:00Z,10.625,72.575,0.0
2000-06-09T12:00:00Z,10.625,72.625,0.0
2000-06-09T12:00:00Z,10.625,72.675,0.0
2000-06-09T12:00:00Z,10.625,72.725,0.0
2000-06-09T12:00:00Z,10.625,72.775,0.0
2000-06-09T12:00:00Z,10.575,72.425,0.0
2000-06-09T12:00:00Z,10.575,72.475,0.0
2000-06-09T12:00:00Z,10.575,72.525,0.0
2000-06-09T12:00:00Z,10.575,72.575,0.0
2000-06-09T12:00:00Z,10.575,72.625,0.0
2000-06-09T12:00:00Z,10.575,72.675,0.0
2000-06-09T12:00:00Z,10.575,72.725,0.0
2000-06-09T12:00:00Z,10.575,72.775,0.0
2000-06-09T12:00:00Z,10.525,72.425,0.0
2000-06-09T12:00:00Z,10.525,72.475,0.0
2000-06-09T12:00:00Z,10.525,72.525,0.0
2000-06-09T12:00:00Z,10.525,72.575,0.0
2000-06-09T12:00:00Z,10.525,72.625,0.0
2000-06-09T12:00:00Z,10.525,72.675,0.0
2000-06-09T12:00:00Z,10.525,72.725,0.0
2000-06-09T12:00:00Z,10.525,72.775,0.0
2000-06-09T12:00:00Z,10.475,72.425,0.0
2000-06-09T12:00:00Z,10.475,72.475,0.0
2000-06-09T12:00:00Z,10.475,72.525,0.0
2000-06-09T12:00:00Z,10.475,72.575,0.0
2000-06-09T12:00:00Z,10.475,72.625,0.0
2000-06-09T12:00:00Z,10.475,72.675,0.0
2000-06-09T12:00:00Z,10.475,72.725,0.0
2000-06-09T12:00:00Z,10.475,72.775,0.0
2000-06-09T12:00:00Z,10.425,72.425,0.0
2000-06-09T12:00:00Z,10.425,72.475,0.0
2000-06-09T12:00:00Z,10.425,72.525,0.0
2000-06-09T12:00:00Z,10.425,72.575,0.0
2000-06-09T12:00:00Z,10.425,72.625,0.0
2000-06-09T12:00:00Z,10.425,72.675,0.0
2000-06-09T12:00:00Z,10.425,72.725,0.0
2000-06-09T12:00:00Z,10.425,72.775,0.0
2000-06-09T12:00:00Z,10.375,72.425,0.0
2000-06-09T12:00:00Z,10.375,72.475,0.0
2000-06-09T12:00:00Z,10.375,72.525,0.0
2000-06-09T12:00:00Z,10.375,72.575,0.0
2000-06-09T12:00:00Z,10.375,72.625,0.0
2000-06-09T12:00:00Z,10.375,72.675,0.0
2000-06-09T12:00:00Z,10.375,72.725,0.0
2000-06-09T12:00:00Z,10.375,72.775,0.0
2000-07-09T12:00:00Z,10.625,72.425,0.0
2000-07-09T12:00:00Z,10.625,72.475,0.0
2000-07-09T12:00:00Z,10.625,72.525,0.0
2000-07-09T12:00:00Z,10.625,72.575,0.0
2000-07-09T12:00:00Z,10.625,72.625,0.0
2000-07-09T12:00:00Z,10.625,72.675,0.0
2000-07-09T12:00:00Z,10.625,72.725,0.0
2000-07-09T12:00:00Z,10.625,72.775,0.0
2000-07-09T12:00:00Z,10.575,72.425,0.0
2000-07-09T12:00:00Z,10.575,72.475,0.0
2000-07-09T12:00:00Z,10.575,72.525,0.0
2000-07-09T12:00:00Z,10.575,72.575,0.0
2000-07-09T12:00:00Z,10.575,72.625,0.0
2000-07-09T12:00:00Z,10.575,72.675,0.0
2000-07-09T12:00:00Z,10.575,72.725,0.0
2000-07-09T12:00:00Z,10.575,72.775,0.0
2000-07-09T12:00:00Z,10.525,72.425,0.0
2000-07-09T12:00:00Z,10.525,72.475,0.0
2000-07-09T12:00:00Z,10.525,72.525,0.0
2000-07-09T12:00:00Z,10.525,72.575,0.0
2000-07-09T12:00:00Z,10.525,72.625,0.0
2000-07-09T12:00:00Z,10.525,72.675,0.0
2000-07-09T12:00:00Z,10.525,72.725,0.0
2000-07-09T12:00:00Z,10.525,72.775,0.0
2000-07-09T12:00:00Z,10.475,72.425,0.0
2000-07-09T12:00:00Z,10.475,72.475,0.0
2000-07-09T12:00:00Z,10.475,72.525,0.0
2000-07-09T12:00:00Z,10.475,72.575,0.0
2000-07-09T12:00:00Z,10.475,72.625,0.0
2000-07-09T12:00:00Z,10.475,72.675,0.0
2000-07-09T12:00:00Z,10.475,72.725,0.0
2000-07-09T12:00:00Z,10.475,72.775,0.0
2000-07-09T12:00:00Z,10.425,72.425,0.0
2000-07-09T12:00:00Z,10.425,72.475,0.0
2000-07-09T12:00:00Z,10.425,72.525,0.0
2000-07-09T12:00:00Z,10.425,72.575,0.0
2000-07-09T12:00:00Z,10.425,72.625,0.0
2000-07-09T12:00:00Z,10.425,72.675,0.0
2000-07-09T12:00:00Z,10.425,72.725,0.0
2000-07-09T12:00:00Z,10.425,72.775,0.0
2000-07-09T12:00:00Z,10.375,72.425,0.0
2000-07-09T12:00:00Z,10.375,72.475,0.0
2000-07-09T12:00:00Z,10.375,72.525,0.0
2000-07-09T12:00:00Z,10.375,72.575,0.0
2000-07-09T12:00:00Z,10.375,72.625,0.0
2000-07-09T12:00:00Z,10.375,72.675,0.0
2000-07-09T12:00:00Z,10.375,72.725,0.0
2000-07-09T12:00:00Z,10.375,72.775,0.0
2000-08-08T12:00:00Z,10.625,72.425,0.0
2000-08-08T12:00:00Z,10.625,72.475,0.0
2000-08-08T12:00:00Z,10.625,72.525,0.0
2000-08-08T12:00:00Z,10.625,72.575,0.0
2000-08-08T12:00:00Z,10.625,72.625,0.0
2000-08-08T12:00:00Z,10.625,72.675,0.0
2000-08-08T12:00:00Z,10.625,72.725,0.0
2000-08-08T12:00:00Z,10.625,72.775,0.0
2000-08-08T12:00:00Z,10.575,72.425,0.0
2000-08-08T12:00:00Z,10.575,72.475,0.0
2000-08-08T12:00:00Z,10.575,72.525,0.0
2000-08-08T12:00:00Z,10.575,72.575,0.0
2000-08-08T12:00:00Z,10.575,72.625,0.0
2000-08-08T12:00:00Z,10.575,72.675,0.0
2000-08-08T12:00:00Z,10.575,72.725,0.0
2000-08-08T12:00:00Z,10.575,72.775,0.0
2000-08-08T12:00:00Z,10.525,72.425,0.0
2000-08-08T12:00:00Z,10.525,72.475,0.0
2000-08-08T12:00:00Z,10.525,72.525,0.0
2000-08-08T12:00:00Z,10.525,72.575,0.0
2000-08-08T12:00:00Z,10.525,72.625,0.0
2000-08-08T12:00:00Z,10.525,72.675,0.0
2000-08-08T12:00:00Z,10.525,72.725,0.0
2000-08-08T12:00:00Z,10.525,72.775,0.0
2000-08-08T12:00:00Z,10.475,72.425,0.0
2000-08-08T12:00:00Z,10.475,72.475,0.0
2000-08-08T12:00:00Z,10.475,72.525,0.0
2000-08-08T12:00:00Z,10.475,72.575,0.0
2000-08-08T12:00:00Z,10.475,72.625,0.0
2000-08-08T12:00:00Z,10.475,72.675,0.0
2000-08-08T12:00:00Z,10.475,72.725,0.0
2000-08-08T12:00:00Z,10.475,72.775,0.0
2000-08-08T12:00:00Z,10.425,72.425,0.0
2000-08-08T12:00:00Z,10.425,72.475,0.0
2000-08-08T12:00:00Z,10.425,72.525,0.0
2000-08-08T12:00:00Z,10.425,72.575,0.0
2000-08-08T12:00:00Z,10.425,72.625,0.0
2000-08-08T12:00:00Z,10.425,72.675,0.0
2000-08-08T12:00:00Z,10.425,72.725,0.0
2000-08-08T12:00:00Z,10.425,72.775,0.0
2000-08-08T12:00:00Z,10.375,72.425,0.0
2000-08-08T12:00:00Z,10.375,72.475,0.0
2000-08-08T12:00:00Z,10.375,72.525,0.0
2000-08-08T12:00:00Z,10.375,72.575,0.0
2000-08-08T12:00:00Z,10.375,72.625,0.0
2000-08-08T12:00:00Z,10.375,72.675,0.0
2000-08-08T12:00:00Z,10.375,72.725,0.0
2000-08-08T12:00:00Z,10.375,72.775,0.0
2000-09-07T12:00:00Z,10.625,72.425,0.0
2000-09-07T12:00:00Z,10.625,72.475,0.0
2000-09-07T12:00:00Z,10.625,72.525,0.0
2000-09-07T12:00:00Z,10.625,72.575,0.0
2000-09-07T12:00:00Z,10.625,72.625,0.0
2000-09-07T12:00:00Z,10.625,72.675,0.0
2000-09-07T12:00:00Z,10.625,72.725,0.0
2000-09-07T12:00:00Z,10.625,72.775,0.0
2000-09-07T12:00:00Z,10.575,72.425,0.0
2000-09-07T12:00:00Z,10.575,72.475,0.0
2000-09-07T12:00:00Z,10.575,72.525,0.0
2000-09-07T12:00:00Z,10.575,72.575,0.0
2000-09-07T12:00:00Z,10.575,72.625,0.0
2000-09-07T12:00:00Z,10.575,72.675,0.0
2000-09-07T12:00:00Z,10.575,72.725,0.0
2000-09-07T12:00:00Z,10.575,72.775,0.0
2000-09-07T12:00:00Z,10.525,72.425,0.0
2000-09-07T12:00:00Z,10.525,72.475,0.0
2000-09-07T12:00:00Z,10.525,72.525,0.0
2000-09-07T12:00:00Z,10.525,72.575,0.0
2000-09-07T12:00:00Z,10.525,72.625,0.0
2000-09-07T12:00:00Z,10.525,72.675,0.0
2000-09-07T12:00:00Z,10.525,72.725,0.0
2000-09-07T12:00:00Z,10.525,72.775,0.0
2000-09-07T12:00:00Z,10.475,72.425,0.0
2000-09-07T12:00:00Z,10.475,72.475,0.0
2000-09-07T12:00:00Z,10.475,72.525,0.0
2000-09-07T12:00:00Z,10.475,72.575,0.0
2000-09-07T12:00:00Z,10.475,72.625,0.0
2000-09-07T12:00:00Z,10.475,72.675,0.0
2000-09-07T12:00:00Z,10.475,72.725,0.0
2000-09-07T12:00:00Z,10.475,72.775,0.0
2000-09-07T12:00:00Z,10.425,72.425,0.0
2000-09-07T12:00:00Z,10.425,72.475,0.0
2000-09-07T12:00:00Z,10.425,72.525,0.0
2000-09-07T12:00:00Z,10.425,72.575,0.0
2000-09-07T12:00:00Z,10.425,72.625,0.0
2000-09-07T12:00:00Z,10.425,72.675,0.0
2000-09-07T12:00:00Z,10.425,72.725,0.0
2000-09-07T12:00:00Z,10.425,72.775,0.0
2000-09-07T12:00:00Z,10.375,72.425,0.0
2000-09-07T12:00:00Z,10.375,72.475,0.0
2000-09-07T12:00:00Z,10.375,72.525,0.0
2000-09-07T12:00:00Z,10.375,72.575,0.0
2000-09-07T12:00:00Z,10.375,72.625,0.0
2000-09-07T12:00:00Z,10.375,72.675,0.0
2000-09-07T12:00:00Z,10.375,72.725,0.0
2000-09-07T12:00:00Z,10.375,72.775,0.0
2000-10-07T12:00:00Z,10.625,72.425,0.0
2000-10-07T12:00:00Z,10.625,72.475,0.0
2000-10-07T12:00:00Z,10.625,72.525,0.0
2000-10-07T12:00:00Z,10.625,72.575,0.0
2000-10-07T12:00:00Z,10.625,72.625,0.0
2000-10-07T12:00:00Z,10.625,72.675,0.0
2000-10-07T12:00:00Z,10.625,72.725,0.0
2000-10-07T12:00:00Z,10.625,72.775,0.0
2000-10-07T12:00:00Z,10.575,72.425,0.0
2000-10-07T12:00:00Z,10.575,72.475,0.0
2000-10-07T12:00:00Z,10.575,72.525,0.0
2000-10-07T12:00:00Z,10.575,72.575,0.0
2000-10-07T12:00:00Z,10.575,72.625,0.0
2000-10-07T12:00:00Z,10.575,72.675,0.0
2000-10-07T12:00:00Z,10.575,72.725,0.0
2000-10-07T12:00:00Z,10.575,72.775,0.0
2000-10-07T12:00:00Z,10.525,72.425,0.0
2000-10-07T12:00:00Z,10.525,72.475,0.0
2000-10-07T12:00:00Z,10.525,72.525,0.0
2000-10-07T12:00:00Z,10.525,72.575,0.0
2000-10-07T12:00:00Z,10.525,72.625,0.0
2000-10-07T12:00:00Z,10.525,72.675,0.0
2000-10-07T12:00:00Z,10.525,72.725,0.0
2000-10-07T12:00:00Z,10.525,72.775,0.0
2000-10-07T12:00:00Z,10.475,72.425,0.0
2000-10-07T12:00:00Z,10.475,72.475,0.0
2000-10-07T12:00:00Z,10.475,72.525,0.0
2000-10-07T12:00:00Z,10.475,72.575,0.0
2000-10-07T12:00:00Z,10.475,72.625,0.0
2000-10-07T12:00:00Z,10.475,72.675,0.0
2000-10-07T12:00:00Z,10.475,72.725,0.0
2000-10-07T12:00:00Z,10.475,72.775,0.0
2000-10-07T12:00:00Z,10.425,72.425,0.0
2000-10-07T12:00:00Z,10.425,72.475,0.0
2000-10-07T12:00:00Z,10.425,72.525,0.0
2000-10-07T12:00:00Z,10.425,72.575,0.0
2000-10-07T12:00:00Z,10.425,72.625,0.0
2000-10-07T12:00:00Z,10.425,72.675,0.0
2000-10-07T12:00:00Z,10.425,72.725,0.0
2000-10-07T12:00:00Z,10.425,72.775,0.0
2000-10-07T12:00:00Z,10.375,72.425,0.0
2000-10-07T12:00:00Z,10.375,72.475,0.0
2000-10-07T12:00:00Z,10.375,72.525,0.0
2000-10-07T12:00:00Z,10.375,72.575,0.0
2000-10-07T12:00:00Z,10.375,72.625,0.0
2000-10-07T12:00:00Z,10.375,72.675,0.0
2000-10-07T12:00:00Z,10.375,72.725,0.0
2000-10-07T12:00:00Z,10.375,72.775,0.0
2000-11-06T12:00:00Z,10.625,72.425,0.0
2000-11-06T12:00:00Z,10.625,72.475,0.0
2000-11-06T12:00:00Z,10.625,72.525,0.0
2000-11-06T12:00:00Z,10.625,72.575,0.0
2000-11-06T12:00:00Z,10.625,72.625,0.0
2000-11-06T12:00:00Z,10.625,72.675,0.0
2000-11-06T12:00:00Z,10.625,72.725,0.0
2000-11-06T12:00:00Z,10.625,72.775,0.0
2000-11-06T12:00:00Z,10.575,72.425,0.0
2000-11-06T12:00:00Z,10.575,72.475,0.0
2000-11-06T12:00:00Z,10.575,72.525,0.0
2000-11-06T12:00:00Z,10.575,72.575,0.0
2000-11-06T12:00:00Z,10.575,72.625,0.0
2000-11-06T12:00:00Z,10.575,72.675,0.0
2000-11-06T12:00:00Z,10.575,72.725,0.0
2000-11-06T12:00:00Z,10.575,72.775,0.0
2000-11-06T12:00:00Z,10.525,72.425,0.0
2000-11-06T12:00:00Z,10.525,72.475,0.0
2000-11-06T12:00:00Z,10.525,72.525,0.0
2000-11-06T12:00:00Z,10.525,72.575,0.0
2000-11-06T12:00:00Z,10.525,72.625,0.0
2000-11-06T12:00:00Z,10.525,72.675,0.0
2000-11-06T12:00:00Z,10.525,72.725,0.0
2000-11-06T12:00:00Z,10.525,72.775,0.0
2000-11-06T12:00:00Z,10.475,72.425,0.0
2000-11-06T12:00:00Z,10.475,72.475,0.0
2000-11-06T12:00:00Z,10.475,72.525,0.0
2000-11-06T12:00:00Z,10.475,72.575,0.0
2000-11-06T12:00:00Z,10.475,72.625,0.0
2000-11-06T12:00:00Z,10.475,72.675,0.0
2000-11-06T12:00:00Z,10.475,72.725,0.0
2000-11-06T12:00:00Z,10.475,72.775,0.0
2000-11-06T12:00:00Z,10.425,72.425,0.0
2000-11-06T12:00:00Z,10.425,72.475,0.0
2000-11-06T12:00:00Z,10.425,72.525,0.0
2000-11-06T12:00:00Z,10.425,72.575,0.0
2000-11-06T12:00:00Z,10.425,72.625,0.0
2000-11-06T12:00:00Z,10.425,72.675,0.0
2000-11-06T12:00:00Z,10.425,72.725,0.0
2000-11-06T12:00:00Z,10.425,72.775,0.0
2000-11-06T12:00:00Z,10.375,72.425,0.0
2000-11-06T12:00:00Z,10.375,72.475,0.0
2000-11-06T12:00:00Z,10.375,72.525,0.0
2000-11-06T12:00:00Z,10.375,72.575,0.0
2000-11-06T12:00:00Z,10.375,72.625,0.0
2000-11-06T12:00:00Z,10.375,72.675,0.0
2000-11-06T12:00:00Z,10.375,72.725,0.0
2000-11-06T12:00:00Z,10.375,72.775,0.0
2000-12-06T12:00:00Z,10.625,72.425,0.0
2000-12-06T12:00:00Z,10.625,72.475,0.0
2000-12-06T12:00:00Z,10.625,72.525,0.0
2000-12-06T12:00:00Z,10.625,72.575,0.0
2000-12-06T12:00:00Z,10.625,72.625,0.0
2000-12-06T12:00:00Z,10.625,72.675,0.0
2000-12-06T12:00:00Z,10.625,72.725,0.0
2000-12-06T12:00:00Z,10.625,72.775,0.0
2000-12-06T12:00:00Z,10.575,72.425,0.0
2000-12-06T12:00:00Z,10.575,72.475,0.0
2000-12-06T12:00:00Z,10.575,72.525,0.0
2000-12-06T12:00:00Z,10.575,72.575,0.0
2000-12-06T12:00:00Z,10.575,72.625,0.0
2000-12-06T12:00:00Z,10.575,72.675,0.0
2000-12-06T12:00:00Z,10.575,72.725,0.0
2000-12-06T12:00:00Z,10.575,72.775,0.0
2000-12-06T12:00:00Z,10.525,72.425,0.0
2000-12-06T12:00:00Z,10.525,72.475,0.0
2000-12-06T12:00:00Z,10.525,72.525,0.0
2000-12-06T12:00:00Z,10.525,72.575,0.0
2000-12-06T12:00:00Z,10.525,72.625,0.0
2000-12-06T12:00:00Z,10.525,72.675,0.0
2000-12-06T12:00:00Z,10.525,72.725,0.0
2000-12-06T12:00:00Z,10.525,72.775,0.0
2000-12-06T12:00:00Z,10.475,72.425,0.0
2000-12-06T12:00:00Z,10.475,72.475,0.0
2000-12-06T12:00:00Z,10.475,72.525,0.0
2000-12-06T12:00:00Z,10.475,72.575,0.0
2000-12-06T12:00:00Z,10.475,72.625,0.0
2000-12-06T12:00:00Z,10.475,72.675,0.0
2000-12-06T12:00:00Z,10.475,72.725,0.0
2000-12-06T12:00:00Z,10.475,72.775,0.0
2000-12-06T12:00:00Z,10.425,72.425,0.0
2000-12-06T12:00:00Z,10.425,72.475,0.0
2000-12-06T12:00:00Z,10.425,72.525,0.0
2000-12-06T12:00:00Z,10.425,72.575,0.0
2000-12-06T12:00:00Z,10.425,72.625,0.0
2000-12-06T12:00:00Z,10.425,72.675,0.0
2000-12-06T12:00:00Z,10.425,72.725,0.0
2000-12-06T12:00:00Z,10.425,72.775,0.0
2000-12-06T12:00:00Z,10.375,72.425,0.0
2000-12-06T12:00:00Z,10.375,72.475,0.0
2000-12-06T12:00:00Z,10.375,72.525,0.0
2000-12-06T12:00:00Z,10.375,72.575,0.0
2000-12-06T12:00:00Z,10.375,72.625,0.0
2000-12-06T12:00:00Z,10.375,72.675,0.0
2000-12-06T12:00:00Z,10.375,72.725,0.0
2000-12-06T12:00:00Z,10.375,72.775,0.0
2001-01-05T12:00:00Z,10.625,72.425,0.0
2001-01-05T12:00:00Z,10.625,72.475,0.0
2001-01-05T12:00:00Z,10.625,72.525,0.0
2001-01-05T12:00:00Z,10.625,72.575,0.0
2001-01-05T12:00:00Z,10.625,72.625,0.0
2001-01-05T12:00:00Z,10.625,72.675,0.0
2001-01-05T12:00:00Z,10.625,72.725,0.0
2001-01-05T12:00:00Z,10.625,72.775,0.0
2001-01-05T12:00:00Z,10.575,72.425,0.0
2001-01-05T12:00:00Z,10.575,72.475,0.0
2001-01-05T12:00:00Z,10.575,72.525,0.0
2001-01-05T12:00:00Z,10.575,72.575,0.0
2001-01-05T12:00:00Z,10.575,72.625,0.0
2001-01-05T12:00:00Z,10.575,72.675,0.0
2001-01-05T12:00:00Z,10.575,72.725,0.0
2001-01-05T12:00:00Z,10.575,72.775,0.0
2001-01-05T12:00:00Z,10.525,72.425,0.0
2001-01-05T12:00:00Z,10.525,72.475,0.0
2001-01-05T12:00:00Z,10.525,72.525,0.0
2001-01-05T12:00:00Z,10.525,72.575,0.0
2001-01-05T12:00:00Z,10.525,72.625,0.0
2001-01-05T12:00:00Z,10.525,72.675,0.0
2001-01-05T12:00:00Z,10.525,72.725,0.0
2001-01-05T12:00:00Z,10.525,72.775,0.0
2001-01-05T12:00:00Z,10.475,72.425,0.0
2001-01-05T12:00:00Z,10.475,72.475,0.0
2001-01-05T12:00:00Z,10.475,72.525,0.0
2001-01-05T12:00:00Z,10.475,72.575,0.0
2001-01-05T12:00:00Z,10.475,72.625,0.0
2001-01-05T12:00:00Z,10.475,72.675,0.0
2001-01-05T12:00:00Z,10.475,72.725,0.0
2001-01-05T12:00:00Z,10.475,72.775,0.0
2001-01-05T12:00:00Z,10.425,72.425,0.0
2001-01-05T12:00:00Z,10.425,72.475,0.0
2001-01-05T12:00:00Z,10.425,72.525,0.0
2001-01-05T12:00:00Z,10.425,72.575,0.0
2001-01-05T12:00:00Z,10.425,72.625,0.0
2001-01-05T12:00:00Z,10.425,72.675,0.0
2001-01-05T12:00:00Z,10.425,72.725,0.0
2001-01-05T12:00:00Z,10.425,72.775,0.0
2001-01-05T12:00:00Z,10.375,72.425,0.0
2001-01-05T12:00:00Z,10.375,72.475,0.0
2001-01-05T12:00:00Z,10.375,72.525,0.0
2001-01-05T12:00:00Z,10.375,72.575,0.0
2001-01-05T12:00:00Z,10.375,72.625,0.0
2001-01-05T12:00:00Z,10.375,72.675,0.0
2001-01-05T12:00:00Z,10.375,72.725,0.0
2001-01-05T12:00:00Z,10.375,72.775,0.0
2001-02-04T12:00:00Z,10.625,72.425,0.0
2001-02-04T12:00:00Z,10.625,72.475,0.0
2001-02-04T12:00:00Z,10.625,72.525,0.0
2001-02-04T12:00:00Z,10.625,72.575,0.0
2001-02-04T12:00:00Z,10.625,72.625,0.0
2001-02-04T12:00:00Z,10.625,72.675,0.0
2001-02-04T12:00:00Z,10.625,72.725,0.0
2001-02-04T12:00:00Z,10.625,72.775,0.0
2001-02-04T12:00:00Z,10.575,72.425,0.0
2001-02-04T12:00:00Z,10.575,72.475,0.0
2001-02-04T12:00:00Z,10.575,72.525,0.0
2001-02-04T12:00:00Z,10.575,72.575,0.0
2001-02-04T12:00:00Z,10.575,72.625,0.0
2001-02-04T12:00:00Z,10.575,72.675,0.0
2001-02-04T12:00:00Z,10.575,72.725,0.0
2001-02-04T12:00:00Z,10.575,72.775,0.0
2001-02-04T12:00:00Z,10.525,72.425,0.0
2001-02-04T12:00:00Z,10.525,72.475,0.0
2001-02-04T12:00:00Z,10.525,72.525,0.0
2001-02-04T12:00:00Z,10.525,72.575,0.0
2001-02-04T12:00:00Z,10.525,72.625,0.0
2001-02-04T12:00:00Z,10.525,72.675,0.0
2001-02-04T12:00:00Z,10.525,72.725,0.0
2001-02-04T12:00:00Z,10.525,72.775,0.0
2001-02-04T12:00:00Z,10.475,72.425,0.0
2001-02-04T12:00:00Z,10.475,72.475,0.0
2001-02-04T12:00:00Z,10.475,72.525,0.0
2001-02-04T12:00:00Z,10.475,72.575,0.0
2001-02-04T12:00:00Z,10.475,72.625,0.0
2001-02-04T12:00:00Z,10.475,72.675,0.0
2001-02-04T12:00:00Z,10.475,72.725,0.0
2001-02-04T12:00:00Z,10.475,72.775,0.0
2001-02-04T12:00:00Z,10.425,72.425,0.0
2001-02-04T12:00:00Z,10.425,72.475,0.0
2001-02-04T12:00:00Z,10.425,72.525,0.0
2001-02-04T12:00:00Z,10.425,72.575,0.0
2001-02-04T12:00:00Z,10.425,72.625,0.0
2001-02-04T12:00:00Z,10.425,72.675,0.0
2001-02-04T12:00:00Z,10.425,72.725,0.0
2001-02-04T12:00:00Z,10.425,72.775,0.0
2001-02-04T12:00:00Z,10.375,72.425,0.0
2001-02-04T12:00:00Z,10.375,72.475,0.0
2001-02-04T12:00:00Z,10.375,72.525,0.0
2001-02-04T12:00:00Z,10.375,72.575,0.0
2001-02-04T12:00:00Z,10.375,72.625,0.0
2001-02-04T12:00:00Z,10.375,72.675,0.0
2001-02-04T12:00:00Z,10.375,72.725,0.0
2001-02-04T12:00:00Z,10.375,72.775,0.0
2001-03-06T12:00:00Z,10.625,72.425,0.0
2001-03-06T12:00:00Z,10.625,72.475,0.0
2001-03-06T12:00:00Z,10.625,72.525,0.0
2001-03-06T12:00:00Z,10.625,72.575,0.0
2001-03-06T12:00:00Z,10.625,72.625,0.0
2001-03-06T12:00:00Z,10.625,72.675,0.0
2001-03-06T12:00:00Z,10.625,72.725,0.0
2001-03-06T12:00:00Z,10.625,72.775,0.0
2001-03-06T12:00:00Z,10.575,72.425,0.0
2001-03-06T12:00:00Z,10.575,72.475,0.0
2001-03-06T12:00:00Z,10.575,72.525,0.0
2001-03-06T12:00:00Z,10.575,72.575,0.0
2001-03-06T12:00:00Z,10.575,72.625,0.0
2001-03-06T12:00:00Z,10.575,72.675,0.0
2001-03-06T12:00:00Z,10.575,72.725,0.0
2001-03-06T12:00:00Z,10.575,72.775,0.0
2001-03-06T12:00:00Z,10.525,72.425,0.0
2001-03-06T12:00:00Z,10.525,72.475,0.0
2001-03-06T12:00:00Z,10.525,72.525,0.0
2001-03-06T12:00:00Z,10.525,72.575,0.0
2001-03-06T12:00:00Z,10.525,72.625,0.0
2001-03-06T12:00:00Z,10.525,72.675,0.0
2001-03-06T12:00:00Z,10.525,72.725,0.0
2001-03-06T12:00:00Z,10.525,72.775,0.0
2001-03-06T12:00:00Z,10.475,72.425,0.0
2001-03-06T12:00:00Z,10.475,72.475,0.0
2001-03-06T12:00:00Z,10.475,72.525,0.0
2001-03-06T12:00:00Z,10.475,72.575,0.0
2001-03-06T12:00:00Z,10.475,72.625,0.0
2001-03-06T12:00:00Z,10.475,72.675,0.0
2001-03-06T12:00:00Z,10.475,72.725,0.0
2001-03-06T12:00:00Z,10.475,72.775,0.0
2001-03-06T12:00:00Z,10.425,72.425,0.0
2001-03-06T12:00:00Z,10.425,72.475,0.0
2001-03-06T12:00:00Z,10.425,72.525,0.0
2001-03-06T12:00:00Z,10.425,72.575,0.0
2001-03-06T12:00:00Z,10.425,72.625,0.0
2001-03-06T12:00:00Z,10.425,72.675,0.0
2001-03-06T12:00:00Z,10.425,72.725,0.0
2001-03-06T12:00:00Z,10.425,72.775,0.0
2001-03-06T12:00:00Z,10.375,72.425,0.0
2001-03-06T12:00:00Z,10.375,72.475,0.0
2001-03-06T12:00:00Z,10.375,72.525,0.0
2001-03-06T12:00:00Z,10.375,72.575,0.0
2001-03-06T12:00:00Z,10.375,72.625,0.0
2001-03-06T12:00:00Z,10.375,72.675,0.0
2001-03-06T12:00:00Z,10.375,72.725,0.0
2001-03-06T12:00:00Z,10.375,72.775,0.0
2001-04-05T12:00:00Z,10.625,72.425,0.0
2001-04-05T12:00:00Z,10.625,72.475,0.0
2001-04-05T12:00:00Z,10.625,72.525,0.0
2001-04-05T12:00:00Z,10.625,72.575,0.0
2001-04-05T12:00:00Z,10.625,72.625,0.0
2001-04-05T12:00:00Z,10.625,72.675,0.0
2001-04-05T12:00:00Z,10.625,72.725,0.0
2001-04-05T12:00:00Z,10.625,72.775,0.0
2001-04-05T12:00:00Z,10.575,72.425,0.0
2001-04-05T12:00:00Z,10.575,72.475,0.0
2001-04-05T12:00:00Z,10.575,72.525,0.0
2001-04-05T12:00:00Z,10.575,72.575,0.0
2001-04-05T12:00:00Z,10.575,72.625,0.0
2001-04-05T12:00:00Z,10.575,72.675,0.0
2001-04-05T12:00:00Z,10.575,72.725,0.0
2001-04-05T12:00:00Z,10.575,72.775,0.0
2001-04-05T12:00:00Z,10.525,72.425,0.0
2001-04-05T12:00:00Z,10.525,72.475,0.0
2001-04-05T12:00:00Z,10.525,72.525,0.0
2001-04-05T12:00:00Z,10.525,72.575,0.0
2001-04-05T12:00:00Z,10.525,72.625,0.0
2001-04-05T12:00:00Z,10.525,72.675,0.0
2001-04-05T12:00:00Z,10.525,72.725,0.0
2001-04-05T12:00:00Z,10.525,72.775,0.0
2001-04-05T12:00:00Z,10.475,72.425,0.0
2001-04-05T12:00:00Z,10.475,72.475,0.0
2001-04-05T12:00:00Z,10.475,72.525,0.0
2001-04-05T12:00:00Z,10.475,72.575,0.0
2001-04-05T12:00:00Z,10.475,72.625,0.0
2001-04-05T12:00:00Z,10.475,72.675,0.0
2001-04-05T12:00:00Z,10.475,72.725,0.0
2001-04-05T12:00:00Z,10.475,72.775,0.0
2001-04-05T12:00:00Z,10.425,72.425,0.0
2001-04-05T12:00:00Z,10.425,72.475,0.0
2001-04-05T12:00:00Z,10.425,72.525,0.0
2001-04-05T12:00:00Z,10.425,72.575,0.0
2001-04-05T12:00:00Z,10.425,72.625,0.0
2001-04-05T12:00:00Z,10.425,72.675,0.0
2001-04-05T12:00:00Z,10.425,72.725,0.0
2001-04-05T12:00:00Z,10.425,72.775,0.0
2001-04-05T12:00:00Z,10.375,72.425,0.0
2001-04-05T12:00:00Z,10.375,72.475,0.0
2001-04-05T12:00:00Z,10.375,72.525,0.0
2001-04-05T12:00:00Z,10.375,72.575,0.0
2001-04-05T12:00:00Z,10.375,72.625,0.0
2001-04-05T12:00:00Z,10.375,72.675,0.0
2001-04-05T12:00:00Z,10.375,72.725,0.0
2001-04-05T12:00:00Z,10.375,72.775,0.0
2001-05-05T12:00:00Z,10.625,72.425,0.0
2001-05-05T12:00:00Z,10.625,72.475,0.0
2001-05-05T12:00:00Z,10.625,72.525,0.0
2001-05-05T12:00:00Z,10.625,72.575,0.0
2001-05-05T12:00:00Z,10.625,72.625,0.0
2001-05-05T12:00:00Z,10.625,72.675,0.0
2001-05-05T12:00:00Z,10.625,72.725,0.0
2001-05-05T12:00:00Z,10.625,72.775,0.0
2001-05-05T12:00:00Z,10.575,72.425,0.0
2001-05-05T12:00:00Z,10.575,72.475,0.0
2001-05-05T12:00:00Z,10.575,72.525,0.0
2001-05-05T12:00:00Z,10.575,72.575,0.0
2001-05-05T12:00:00Z,10.575,72.625,0.0
2001-05-05T12:00:00Z,10.575,72.675,0.0
2001-05-05T12:00:00Z,10.575,72.725,0.0
2001-05-05T12:00:00Z,10.575,72.775,0.0
2001-05-05T12:00:00Z,10.525,72.425,0.0
2001-05-05T12:00:00Z,10.525,72.475,0.0
2001-05-05T12:00:00Z,10.525,72.525,0.0
2001-05-05T12:00:00Z,10.525,72.575,0.0
2001-05-05T12:00:00Z,10.525,72.625,0.0
2001-05-05T12:00:00Z,10.525,72.675,0.0
2001-05-05T12:00:00Z,10.525,72.725,0.0
2001-05-05T12:00:00Z,10.525,72.775,0.0
2001-05-05T12:00:00Z,10.475,72.425,0.0
2001-05-05T12:00:00Z,10.475,72.475,0.0
2001-05-05T12:00:00Z,10.475,72.525,0.0
2001-05-05T12:00:00Z,10.475,72.575,0.0
2001-05-05T12:00:00Z,10.475,72.625,0.0
2001-05-05T12:00:00Z,10.475,72.675,0.0
2001-05-05T12:00:00Z,10.475,72.725,0.0
2001-05-05T12:00:00Z,10.475,72.775,0.0
2001-05-05T12:00:00Z,10.425,72.425,0.0
2001-05-05T12:00:00Z,10.425,72.475,0.0
2001-05-05T12:00:00Z,10.425,72.525,0.0
2001-05-05T12:00:00Z,10.425,72.575,0.0
2001-05-05T12:00:00Z,10.425,72.625,0.0
2001-05-05T12:00:00Z,10.425,72.675,0.0
2001-05-05T12:00:00Z,10.425,72.725,0.0
2001-05-05T12:00:00Z,10.425,72.775,0.0
2001-05-05T12:00:00Z,10.375,72.425,0.0
2001-05-05T12:00:00Z,10.375,72.475,0.0
2001-05-05T12:00:00Z,10.375,72.525,0.0
2001-05-05T12:00:00Z,10.375,72.575,0.0
2001-05-05T12:00:00Z,10.375,72.625,0.0
2001-05-05T12:00:00Z,10.375,72.675,0.0
2001-05-05T12:00:00Z,10.375,72.725,0.0
2001-05-05T12:00:00Z,10.375,72.775,0.0
2001-06-04T12:00:00Z,10.625,72.425,0.0
2001-06-04T12:00:00Z,10.625,72.475,0.0
2001-06-04T12:00:00Z,10.625,72.525,0.0
2001-06-04T12:00:00Z,10.625,72.575,0.0
2001-06-04T12:00:00Z,10.625,72.625,0.0
2001-06-04T12:00:00Z,10.625,72.675,0.0
2001-06-04T12:00:00Z,10.625,72.725,0.0
2001-06-04T12:00:00Z,10.625,72.775,0.0
2001-06-04T12:00:00Z,10.575,72.425,0.0
2001-06-04T12:00:00Z,10.575,72.475,0.0
2001-06-04T12:00:00Z,10.575,72.525,0.0
2001-06-04T12:00:00Z,10.575,72.575,0.0
2001-06-04T12:00:00Z,10.575,72.625,0.0
2001-06-04T12:00:00Z,10.575,72.675,0.0
2001-06-04T12:00:00Z,10.575,72.725,0.0
2001-06-04T12:00:00Z,10.575,72.775,0.0
2001-06-04T12:00:00Z,10.525,72.425,0.0
2001-06-04T12:00:00Z,10.525,72.475,0.0
2001-06-04T12:00:00Z,10.525,72.525,0.0
2001-06-04T12:00:00Z,10.525,72.575,0.0
2001-06-04T12:00:00Z,10.525,72.625,0.0
2001-06-04T12:00:00Z,10.525,72.675,0.0
2001-06-04T12:00:00Z,10.525,72.725,0.0
2001-06-04T12:00:00Z,10.525,72.775,0.0
2001-06-04T12:00:00Z,10.475,72.425,0.0
2001-06-04T12:00:00Z,10.475,72.475,0.0
2001-06-04T12:00:00Z,10.475,72.525,0.0
2001-06-04T12:00:00Z,10.475,72.575,0.0
2001-06-04T12:00:00Z,10.475,72.625,0.0
2001-06-04T12:00:00Z,10.475,72.675,0.0
2001-06-04T12:00:00Z,10.475,72.725,0.0
2001-06-04T12:00:00Z,10.475,72.775,0.0
2001-06-04T12:00:00Z,10.425,72.425,0.0
2001-06-04T12:00:00Z,10.425,72.475,0.0
2001-06-04T12:00:00Z,10.425,72.525,0.0
2001-06-04T12:00:00Z,10.425,72.575,0.0
2001-06-04T12:00:00Z,10.425,72.625,0.0
2001-06-04T12:00:00Z,10.425,72.675,0.0
2001-06-04T12:00:00Z,10.425,72.725,0.0
2001-06-04T12:00:00Z,10.425,72.775,0.0
2001-06-04T12:00:00Z,10.375,72.425,0.0
2001-06-04T12:00:00Z,10.375,72.475,0.0
2001-06-04T12:00:00Z,10.375,72.525,0.0
2001-06-04T12:00:00Z,10.375,72.575,0.0
2001-06-04T12:00:00Z,10.375,72.625,0.0
2001-06-04T12:00:00Z,10.375,72.675,0.0
2001-06-04T12:00:00Z,10.375,72.725,0.0
2001-06-04T12:00:00Z,10.375,72.775,0.0
2001-07-04T12:00:00Z,10.625,72.425,0.0
2001-07-04T12:00:00Z,10.625,72.475,0.0
2001-07-04T12:00:00Z,10.625,72.525,0.0
2001-07-04T12:00:00Z,10.625,72.575,0.0
2001-07-04T12:00:00Z,10.625,72.625,0.0
2001-07-04T12:00:00Z,10.625,72.675,0.0
2001-07-04T12:00:00Z,10.625,72.725,0.0
2001-07-04T12:00:00Z,10.625,72.775,0.0
2001-07-04T12:00:00Z,10.575,72.425,0.0
2001-07-04T12:00:00Z,10.575,72.475,0.0
2001-07-04T12:00:00Z,10.575,72.525,0.0
2001-07-04T12:00:00Z,10.575,72.575,0.0
2001-07-04T12:00:00Z,10.575,72.625,0.0
2001-07-04T12:00:00Z,10.575,72.675,0.0
2001-07-04T12:00:00Z,10.575,72.725,0.0
2001-07-04T12:00:00Z,10.575,72.775,0.0
2001-07-04T12:00:00Z,10.525,72.425,0.0
2001-07-04T12:00:00Z,10.525,72.475,0.0
2001-07-04T12:00:00Z,10.525,72.525,0.0
2001-07-04T12:00:00Z,10.525,72.575,0.0
2001-07-04T12:00:00Z,10.525,72.625,0.0
2001-07-04T12:00:00Z,10.525,72.675,0.0
2001-07-04T12:00:00Z,10.525,72.725,0.0
2001-07-04T12:00:00Z,10.525,72.775,0.0
2001-07-04T12:00:00Z,10.475,72.425,0.0
2001-07-04T12:00:00Z,10.475,72.475,0.0
2001-07-04T12:00:00Z,10.475,72.525,0.0
2001-07-04T12:00:00Z,10.475,72.575,0.0
2001-07-04T12:00:00Z,10.475,72.625,0.0
2001-07-04T12:00:00Z,10.475,72.675,0.0
2001-07-04T12:00:00Z,10.475,72.725,0.0
2001-07-04T12:00:00Z,10.475,72.775,0.0
2001-07-04T12:00:00Z,10.425,72.425,0.0
2001-07-04T12:00:00Z,10.425,72.475,0.0
2001-07-04T12:00:00Z,10.425,72.525,0.0
2001-07-04T12:00:00Z,10.425,72.575,0.0
2001-07-04T12:00:00Z,10.425,72.625,0.0
2001-07-04T12:00:00Z,10.425,72.675,0.0
2001-07-04T12:00:00Z,10.425,72.725,0.0
2001-07-04T12:00:00Z,10.425,72.775,0.0
2001-07-04T12:00:00Z,10.375,72.425,0.0
2001-07-04T12:00:00Z,10.375,72.475,0.0
2001-07-04T12:00:00Z,10.375,72.525,0.0
2001-07-04T12:00:00Z,10.375,72.575,0.0
2001-07-04T12:00:00Z,10.375,72.625,0.0
2001-07-04T12:00:00Z,10.375,72.675,0.0
2001-07-04T12:00:00Z,10.375,72.725,0.0
2001-07-04T12:00:00Z,10.375,72.775,0.0
2001-08-03T12:00:00Z,10.625,72.425,0.0
2001-08-03T12:00:00Z,10.625,72.475,0.0
2001-08-03T12:00:00Z,10.625,72.525,0.0
2001-08-03T12:00:00Z,10.625,72.575,0.0
2001-08-03T12:00:00Z,10.625,72.625,0.0
2001-08-03T12:00:00Z,10.625,72.675,0.0
2001-08-03T12:00:00Z,10.625,72.725,0.0
2001-08-03T12:00:00Z,10.625,72.775,0.0
2001-08-03T12:00:00Z,10.575,72.425,0.0
2001-08-03T12:00:00Z,10.575,72.475,0.0
2001-08-03T12:00:00Z,10.575,72.525,0.0
2001-08-03T12:00:00Z,10.575,72.575,0.0
2001-08-03T12:00:00Z,10.575,72.625,0.0
2001-08-03T12:00:00Z,10.575,72.675,0.0
2001-08-03T12:00:00Z,10.575,72.725,0.0
2001-08-03T12:00:00Z,10.575,72.775,0.0
2001-08-03T12:00:00Z,10.525,72.425,0.0
2001-08-03T12:00:00Z,10.525,72.475,0.0
2001-08-03T12:00:00Z,10.525,72.525,0.0
2001-08-03T12:00:00Z,10.525,72.575,0.0
2001-08-03T12:00:00Z,10.525,72.625,0.0
2001-08-03T12:00:00Z,10.525,72.675,0.0
2001-08-03T12:00:00Z,10.525,72.725,0.0
2001-08-03T12:00:00Z,10.525,72.775,0.0
2001-08-03T12:00:00Z,10.475,72.425,0.0
2001-08-03T12:00:00Z,10.475,72.475,0.0
2001-08-03T12:00:00Z,10.475,72.525,0.0
2001-08-03T12:00:00Z,10.475,72.575,0.0
2001-08-03T12:00:00Z,10.475,72.625,0.0
2001-08-03T12:00:00Z,10.475,72.675,0.0
2001-08-03T12:00:00Z,10.475,72.725,0.0
2001-08-03T12:00:00Z,10.475,72.775,0.0
2001-08-03T12:00:00Z,10.425,72.425,0.0
2001-08-03T12:00:00Z,10.425,72.475,0.0
2001-08-03T12:00:00Z,10.425,72.525,0.0
2001-08-03T12:00:00Z,10.425,72.575,0.0
2001-08-03T12:00:00Z,10.425,72.625,0.0
2001-08-03T12:00:00Z,10.425,72.675,0.0
2001-08-03T12:00:00Z,10.425,72.725,0.0
2001-08-03T12:00:00Z,10.425,72.775,0.0
2001-08-03T12:00:00Z,10.375,72.425,0.0
2001-08-03T12:00:00Z,10.375,72.475,0.0
2001-08-03T12:00:00Z,10.375,72.525,0.0
2001-08-03T12:00:00Z,10.375,72.575,0.0
2001-08-03T12:00:00Z,10.375,72.625,0.0
2001-08-03T12:00:00Z,10.375,72.675,0.0
2001-08-03T12:00:00Z,10.375,72.725,0.0
2001-08-03T12:00:00Z,10.375,72.775,0.0
2001-09-02T12:00:00Z,10.625,72.425,0.0
2001-09-02T12:00:00Z,10.625,72.475,0.0
2001-09-02T12:00:00Z,10.625,72.525,0.0
2001-09-02T12:00:00Z,10.625,72.575,0.0
2001-09-02T12:00:00Z,10.625,72.625,0.0
2001-09-02T12:00:00Z,10.625,72.675,0.0
2001-09-02T12:00:00Z,10.625,72.725,0.0
2001-09-02T12:00:00Z,10.625,72.775,0.0
2001-09-02T12:00:00Z,10.575,72.425,0.0
2001-09-02T12:00:00Z,10.575,72.475,0.0
2001-09-02T12:00:00Z,10.575,72.525,0.0
2001-09-02T12:00:00Z,10.575,72.575,0.0
2001-09-02T12:00:00Z,10.575,72.625,0.0
2001-09-02T12:00:00Z,10.575,72.675,0.0
2001-09-02T12:00:00Z,10.575,72.725,0.0
2001-09-02T12:00:00Z,10.575,72.775,0.0
2001-09-02T12:00:00Z,10.525,72.425,0.0
2001-09-02T12:00:00Z,10.525,72.475,0.0
2001-09-02T12:00:00Z,10.525,72.525,0.0
2001-09-02T12:00:00Z,10.525,72.575,0.0
2001-09-02T12:00:00Z,10.525,72.625,0.0
2001-09-02T12:00:00Z,10.525,72.675,0.0
2001-09-02T12:00:00Z,10.525,72.725,0.0
2001-09-02T12:00:00Z,10.525,72.775,0.0
2001-09-02T12:00:00Z,10.475,72.425,0.0
2001-09-02T12:00:00Z,10.475,72.475,0.0
2001-09-02T12:00:00Z,10.475,72.525,0.0
2001-09-02T12:00:00Z,10.475,72.575,0.0
2001-09-02T12:00:00Z,10.475,72.625,0.0
2001-09-02T12:00:00Z,10.475,72.675,0.0
2001-09-02T12:00:00Z,10.475,72.725,0.0
2001-09-02T12:00:00Z,10.475,72.775,0.0
2001-09-02T12:00:00Z,10.425,72.425,0.0
2001-09-02T12:00:00Z,10.425,72.475,0.0
2001-09-02T12:00:00Z,10.425,72.525,0.0
2001-09-02T12:00:00Z,10.425,72.575,0.0
2001-09-02T12:00:00Z,10.425,72.625,0.0
2001-09-02T12:00:00Z,10.425,72.675,0.0
2001-09-02T12:00:00Z,10.425,72.725,0.0
2001-09-02T12:00:00Z,10.425,72.775,0.0
2001-09-02T12:00:00Z,10.375,72.425,0.0
2001-09-02T12:00:00Z,10.375,72.475,0.0
2001-09-02T12:00:00Z,10.375,72.525,0.0
2001-09-02T12:00:00Z,10.375,72.575,0.0
2001-09-02T12:00:00Z,10.375,72.625,0.0
2001-09-02T12:00:00Z,10.375,72.675,0.0
2001-09-02T12:00:00Z,10.375,72.725,0.0
2001-09-02T12:00:00Z,10.375,72.775,0.0
2001-10-02T12:00:00Z,10.625,72.425,0.0
2001-10-02T12:00:00Z,10.625,72.475,0.0
2001-10-02T12:00:00Z,10.625,72.525,0.0
2001-10-02T12:00:00Z,10.625,72.575,0.0
2001-10-02T12:00:00Z,10.625,72.625,0.0
2001-10-02T12:00:00Z,10.625,72.675,0.0
2001-10-02T12:00:00Z,10.625,72.725,0.0
2001-10-02T12:00:00Z,10.625,72.775,0.0
2001-10-02T12:00:00Z,10.575,72.425,0.0
2001-10-02T12:00:00Z,10.575,72.475,0.0
2001-10-02T12:00:00Z,10.575,72.525,0.0
2001-10-02T12:00:00Z,10.575,72.575,0.0
2001-10-02T12:00:00Z,10.575,72.625,0.0
2001-10-02T12:00:00Z,10.575,72.675,0.0
2001-10-02T12:00:00Z,10.575,72.725,0.0
2001-10-02T12:00:00Z,10.575,72.775,0.0
2001-10-02T12:00:00Z,10.525,72.425,0.0
2001-10-02T12:00:00Z,10.525,72.475,0.0
2001-10-02T12:00:00Z,10.525,72.525,0.0
2001-10-02T12:00:00Z,10.525,72.575,0.0
2001-10-02T12:00:00Z,10.525,72.625,0.0
2001-10-02T12:00:00Z,10.525,72.675,0.0
2001-10-02T12:00:00Z,10.525,72.725,0.0
2001-10-02T12:00:00Z,10.525,72.775,0.0
2001-10-02T12:00:00Z,10.475,72.425,0.0
2001-10-02T12:00:00Z,10.475,72.475,0.0
2001-10-02T12:00:00Z,10.475,72.525,0.0
2001-10-02T12:00:00Z,10.475,72.575,0.0
2001-10-02T12:00:00Z,10.475,72.625,0.0
2001-10-02T12:00:00Z,10.475,72.675,0.0
2001-10-02T12:00:00Z,10.475,72.725,0.0
2001-10-02T12:00:00Z,10.475,72.775,0.0
2001-10-02T12:00:00Z,10.425,72.425,0.0
2001-10-02T12:00:00Z,10.425,72.475,0.0
2001-10-02T12:00:00Z,10.425,72.525,0.0
2001-10-02T12:00:00Z,10.425,72.575,0.0
2001-10-02T12:00:00Z,10.425,72.625,0.0
2001-10-02T12:00:00Z,10.425,72.675,0.0
2001-10-02T12:00:00Z,10.425,72.725,0.0
2001-10-02T12:00:00Z,10.425,72.775,0.0
2001-10-02T12:00:00Z,10.375,72.425,0.0
2001-10-02T12:00:00Z,10.375,72.475,0.0
2001-10-02T12:00:00Z,10.375,72.525,0.0
2001-10-02T12:00:00Z,10.375,72.575,0.0
2001-10-02T12:00:00Z,10.375,72.625,0.0
2001-10-02T12:00:00Z,10.375,72.675,0.0
2001-10-02T12:00:00Z,10.375,72.725,0.0
2001-10-02T12:00:00Z,10.375,72.775,0.0
2001-11-01T12:00:00Z,10.625,72.425,0.0
2001-11-01T12:00:00Z,10.625,72.475,0.0
2001-11-01T12:00:00Z,10.625,72.525,0.0
2001-11-01T12:00:00Z,10.625,72.575,0.0
2001-11-01T12:00:00Z,10.625,72.625,0.0
2001-11-01T12:00:00Z,10.625,72.675,0.0
2001-11-01T12:00:00Z,10.625,72.725,0.0
2001-11-01T12:00:00Z,10.625,72.775,0.0
2001-11-01T12:00:00Z,10.575,72.425,0.0
2001-11-01T12:00:00Z,10.575,72.475,0.0
2001-11-01T12:00:00Z,10.575,72.525,0.0
2001-11-01T12:00:00Z,10.575,72.575,0.0
2001-11-01T12:00:00Z,10.575,72.625,0.0
2001-11-01T12:00:00Z,10.575,72.675,0.0
2001-11-01T12:00:00Z,10.575,72.725,0.0
2001-11-01T12:00:00Z,10.575,72.775,0.0
2001-11-01T12:00:00Z,10.525,72.425,0.0
2001-11-01T12:00:00Z,10.525,72.475,0.0
2001-11-01T12:00:00Z,10.525,72.525,0.0
2001-11-01T12:00:00Z,10.525,72.575,0.0
2001-11-01T12:00:00Z,10.525,72.625,0.0
2001-11-01T12:00:00Z,10.525,72.675,0.0
2001-11-01T12:00:00Z,10.525,72.725,0.0
2001-11-01T12:00:00Z,10.525,72.775,0.0
2001-11-01T12:00:00Z,10.475,72.425,0.0
2001-11-01T12:00:00Z,10.475,72.475,0.0
2001-11-01T12:00:00Z,10.475,72.525,0.0
2001-11-01T12:00:00Z,10.475,72.575,0.0
2001-11-01T12:00:00Z,10.475,72.625,0.0
2001-11-01T12:00:00Z,10.475,72.675,0.0
2001-11-01T12:00:00Z,10.475,72.725,0.0
2001-11-01T12:00:00Z,10.475,72.775,0.0
2001-11-01T12:00:00Z,10.425,72.425,0.0
2001-11-01T12:00:00Z,10.425,72.475,0.0
2001-11-01T12:00:00Z,10.425,72.525,0.0
2001-11-01T12:00:00Z,10.425,72.575,0.0
2001-11-01T12:00:00Z,10.425,72.625,0.0
2001-11-01T12:00:00Z,10.425,72.675,0.0
2001-11-01T12:00:00Z,10.425,72.725,0.0
2001-11-01T12:00:00Z,10.425,72.775,0.0
2001-11-01T12:00:00Z,10.375,72.425,0.0
2001-11-01T12:00:00Z,10.375,72.475,0.0
2001-11-01T12:00:00Z,10.375,72.525,0.0
2001-11-01T12:00:00Z,10.375,72.575,0.0
2001-11-01T12:00:00Z,10.375,72.625,0.0
2001-11-01T12:00:00Z,10.375,72.675,0.0
2001-11-01T12:00:00Z,10.375,72.725,0.0
2001-11-01T12:00:00Z,10.375,72.775,0.0
2001-12-01T12:00:00Z,10.625,72.425,0.0
2001-12-01T12:00:00Z,10.625,72.475,0.0
2001-12-01T12:00:00Z,10.625,72.525,0.0
2001-12-01T12:00:00Z,10.625,72.575,0.0
2001-12-01T12:00:00Z,10.625,72.625,0.0
2001-12-01T12:00:00Z,10.625,72.675,0.0
2001-12-01T12:00:00Z,10.625,72.725,0.0
2001-12-01T12:00:00Z,10.625,72.775,0.0
2001-12-01T12:00:00Z,10.575,72.425,0.0
2001-12-01T12:00:00Z,10.575,72.475,0.0
2001-12-01T12:00:00Z,10.575,72.525,0.0
2001-12-01T12:00:00Z,10.575,72.575,0.0
2001-12-01T12:00:00Z,10.575,72.625,0.0
2001-12-01T12:00:00Z,10.575,72.675,0.0
2001-12-01T12:00:00Z,10.575,72.725,0.0
2001-12-01T12:00:00Z,10.575,72.775,0.0
2001-12-01T12:00:00Z,10.525,72.425,0.0
2001-12-01T12:00:00Z,10.525,72.475,0.0
2001-12-01T12:00:00Z,10.525,72.525,0.0
2001-12-01T12:00:00Z,10.525,72.575,0.0
2001-12-01T12:00:00Z,10.525,72.625,0.0
2001-12-01T12:00:00Z,10.525,72.675,0.0
2001-12-01T12:00:00Z,10.525,72.725,0.0
2001-12-01T12:00:00Z,10.525,72.775,0.0
2001-12-01T12:00:00Z,10.475,72.425,0.0
2001-12-01T12:00:00Z,10.475,72.475,0.0
2001-12-01T12:00:00Z,10.475,72.525,0.0
2001-12-01T12:00:00Z,10.475,72.575,0.0
2001-12-01T12:00:00Z,10.475,72.625,0.0
2001-12-01T12:00:00Z,10.475,72.675,0.0
2001-12-01T12:00:00Z,10.475,72.725,0.0
2001-12-01T12:00:00Z,10.475,72.775,0.0
2001-12-01T12:00:00Z,10.425,72.425,0.0
2001-12-01T12:00:00Z,10.425,72.475,0.0
2001-12-01T12:00:00Z,10.425,72.525,0.0
2001-12-01T12:00:00Z,10.425,72.575,0.0
2001-12-01T12:00:00Z,10.425,72.625,0.0
2001-12-01T12:00:00Z,10.425,72.675,0.0
2001-12-01T12:00:00Z,10.425,72.725,0.0
2001-12-01T12:00:00Z,10.425,72.775,0.0
2001-12-01T12:00:00Z,10.375,72.425,0.0
2001-12-01T12:00:00Z,10.375,72.475,0.0
2001-12-01T12:00:00Z,10.375,72.525,0.0
2001-12-01T12:00:00Z,10.375,72.575,0.0
2001-12-01T12:00:00Z,10.375,72.625,0.0
2001-12-01T12:00:00Z,10.375,72.675,0.0
2001-12-01T12:00:00Z,10.375,72.725,0.0
2001-12-01T12:00:00Z,10.375,72.775,0.0
2001-12-31T12:00:00Z,10.625,72.425,0.0
2001-12-31T12:00:00Z,10.625,72.475,0.0
2001-12-31T12:00:00Z,10.625,72.525,0.0
2001-12-31T12:00:00Z,10.625,72.575,0.0
2001-12-31T12:00:00Z,10.625,72.625,0.0
2001-12-31T12:00:00Z,10.625,72.675,0.0
2001-12-31T12:00:00Z,10.625,72.725,0.0
2001-12-31T12:00:00Z,10.625,72.775,0.0
2001-12-31T12:00:00Z,10.575,72.425,0.0
2001-12-31T12:00:00Z,10.575,72.475,0.0
2001-12-31T12:00:00Z,10.575,72.525,0.0
2001-12-31T12:00:00Z,10.575,72.575,0.0
2001-12-31T12:00:00Z,10.575,72.625,0.0
2001-12-31T12:00:00Z,10.575,72.675,0.0
2001-12-31T12:00:00Z,10.575,72.725,0.0
2001-12-31T12:00:00Z,10.575,72.775,0.0
2001-12-31T12:00:00Z,10.525,72.425,0.0
2001-12-31T12:00:00Z,10.525,72.475,0.0
2001-12-31T12:00:00Z,10.525,72.525,0.0
2001-12-31T12:00:00Z,10.525,72.575,0.0
2001-12-31T12:00:00Z,10.525,72.625,0.0
2001-12-31T12:00:00Z,10.525,72.675,0.0
2001-12-31T12:00:00Z,10.525,72.725,0.0
2001-12-31T12:00:00Z,10.525,72.775,0.0
2001-12-31T12:00:00Z,10.475,72.425,0.0
2001-12-31T12:00:00Z,10.475,72.475,0.0
2001-12-31T12:00:00Z,10.475,72.525,0.0
2001-12-31T12:00:00Z,10.475,72.575,0.0
2001-12-31T12:00:00Z,10.475,72.625,0.0
2001-12-31T12:00:00Z,10.475,72.675,0.0
2001-12-31T12:00:00Z,10.475,72.725,0.0
2001-12-31T12:00:00Z,10.475,72.775,0.0
2001-12-31T12:00:00Z,10.425,72.425,0.0
2001-12-31T12:00:00Z,10.425,72.475,0.0
2001-12-31T12:00:00Z,10.425,72.525,0.0
2001-12-31T12:00:00Z,10.425,72.575,0.0
2001-12-31T12:00:00Z,10.425,72.625,0.0
2001-12-31T12:00:00Z,10.425,72.675,0.0
2001-12-31T12:00:00Z,10.425,72.725,0.0
2001-12-31T12:00:00Z,10.425,72.775,0.0
2001-12-31T12:00:00Z,10.375,72.425,0.0
2001-12-31T12:00:00Z,10.375,72.475,0.0
2001-12-31T12:00:00Z,10.375,72.525,0.0
2001-12-31T12:00:00Z,10.375,72.575,0.0
2001-12-31T12:00:00Z,10.375,72.625,0.0
2001-12-31T12:00:00Z,10.375,72.675,0.0
2001-12-31T12:00:00Z,10.375,72.725,0.0
2001-12-31T12:00:00Z,10.375,72.775,0.0
2002-01-30T12:00:00Z,10.625,72.425,0.0
2002-01-30T12:00:00Z,10.625,72.475,0.0
2002-01-30T12:00:00Z,10.625,72.525,0.0
2002-01-30T12:00:00Z,10.625,72.575,0.0
2002-01-30T12:00:00Z,10.625,72.625,0.0
2002-01-30T12:00:00Z,10.625,72.675,0.0
2002-01-30T12:00:00Z,10.625,72.725,0.0
2002-01-30T12:00:00Z,10.625,72.775,0.0
2002-01-30T12:00:00Z,10.575,72.425,0.0
2002-01-30T12:00:00Z,10.575,72.475,0.0
2002-01-30T12:00:00Z,10.575,72.525,0.0
2002-01-30T12:00:00Z,10.575,72.575,0.0
2002-01-30T12:00:00Z,10.575,72.625,0.0
2002-01-30T12:00:00Z,10.575,72.675,0.0
2002-01-30T12:00:00Z,10.575,72.725,0.0
2002-01-30T12:00:00Z,10.575,72.775,0.0
2002-01-30T12:00:00Z,10.525,72.425,0.0
2002-01-30T12:00:00Z,10.525,72.475,0.0
2002-01-30T12:00:00Z,10.525,72.525,0.0
2002-01-30T12:00:00Z,10.525,72.575,0.0
2002-01-30T12:00:00Z,10.525,72.625,0.0
2002-01-30T12:00:00Z,10.525,72.675,0.0
2002-01-30T12:00:00Z,10.525,72.725,0.0
2002-01-30T12:00:00Z,10.525,72.775,0.0
2002-01-30T12:00:00Z,10.475,72.425,0.0
2002-01-30T12:00:00Z,10.475,72.475,0.0
2002-01-30T12:00:00Z,10.475,72.525,0.0
2002-01-30T12:00:00Z,10.475,72.575,0.0
2002-01-30T12:00:00Z,10.475,72.625,0.0
2002-01-30T12:00:00Z,10.475,72.675,0.0
2002-01-30T12:00:00Z,10.475,72.725,0.0
2002-01-30T12:00:00Z,10.475,72.775,0.0
2002-01-30T12:00:00Z,10.425,72.425,0.0
2002-01-30T12:00:00Z,10.425,72.475,0.0
2002-01-30T12:00:00Z,10.425,72.525,0.0
2002-01-30T12:00:00Z,10.425,72.575,0.0
2002-01-30T12:00:00Z,10.425,72.625,0.0
2002-01-30T12:00:00Z,10.425,72.675,0.0
2002-01-30T12:00:00Z,10.425,72.725,0.0
2002-01-30T12:00:00Z,10.425,72.775,0.0
2002-01-30T12:00:00Z,10.375,72.425,0.0
2002-01-30T12:00:00Z,10.375,72.475,0.0
2002-01-30T12:00:00Z,10.375,72.525,0.0
2002-01-30T12:00:00Z,10.375,72.575,0.0
2002-01-30T12:00:00Z,10.375,72.625,0.0
2002-01-30T12:00:00Z,10.375,72.675,0.0
2002-01-30T12:00:00Z,10.375,72.725,0.0
2002-01-30T12:00:00Z,10.375,72.775,0.0
2002-03-01T12:00:00Z,10.625,72.425,0.0
2002-03-01T12:00:00Z,10.625,72.475,0.0
2002-03-01T12:00:00Z,10.625,72.525,0.0
2002-03-01T12:00:00Z,10.625,72.575,0.0
2002-03-01T12:00:00Z,10.625,72.625,0.0
2002-03-01T12:00:00Z,10.625,72.675,0.0
2002-03-01T12:00:00Z,10.625,72.725,0.0
2002-03-01T12:00:00Z,10.625,72.775,0.0
2002-03-01T12:00:00Z,10.575,72.425,0.0
2002-03-01T12:00:00Z,10.575,72.475,0.0
2002-03-01T12:00:00Z,10.575,72.525,0.0
2002-03-01T12:00:00Z,10.575,72.575,0.0
2002-03-01T12:00:00Z,10.575,72.625,0.0
2002-03-01T12:00:00Z,10.575,72.675,0.0
2002-03-01T12:00:00Z,10.575,72.725,0.0
2002-03-01T12:00:00Z,10.575,72.775,0.0
2002-03-01T12:00:00Z,10.525,72.425,0.0
2002-03-01T12:00:00Z,10.525,72.475,0.0
2002-03-01T12:00:00Z,10.525,72.525,0.0
2002-03-01T12:00:00Z,10.525,72.575,0.0
2002-03-01T12:00:00Z,10.525,72.625,0.0
2002-03-01T12:00:00Z,10.525,72.675,0.0
2002-03-01T12:00:00Z,10.525,72.725,0.0
2002-03-01T12:00:00Z,10.525,72.775,0.0
2002-03-01T12:00:00Z,10.475,72.425,0.0
2002-03-01T12:00:00Z,10.475,72.475,0.0
2002-03-01T12:00:00Z,10.475,72.525,0.0
2002-03-01T12:00:00Z,10.475,72.575,0.0
2002-03-01T12:00:00Z,10.475,72.625,0.0
2002-03-01T12:00:00Z,10.475,72.675,0.0
2002-03-01T12:00:00Z,10.475,72.725,0.0
2002-03-01T12:00:00Z,10.475,72.775,0.0
2002-03-01T12:00:00Z,10.425,72.425,0.0
2002-03-01T12:00:00Z,10.425,72.475,0.0
2002-03-01T12:00:00Z,10.425,72.525,0.0
2002-03-01T12:00:00Z,10.425,72.575,0.0
2002-03-01T12:00:00Z,10.425,72.625,0.0
2002-03-01T12:00:00Z,10.425,72.675,0.0
2002-03-01T12:00:00Z,10.425,72.725,0.0
2002-03-01T12:00:00Z,10.425,72.775,0.0
2002-03-01T12:00:00Z,10.375,72.425,0.0
2002-03-01T12:00:00Z,10.375,72.475,0.0
2002-03-01T12:00:00Z,10.375,72.525,0.0
2002-03-01T12:00:00Z,10.375,72.575,0.0
2002-03-01T12:00:00Z,10.375,72.625,0.0
2002-03-01T12:00:00Z,10.375,72.675,0.0
2002-03-01T12:00:00Z,10.375,72.725,0.0
2002-03-01T12:00:00Z,10.375,72.775,0.0
2002-03-31T12:00:00Z,10.625,72.425,0.0
2002-03-31T12:00:00Z,10.625,72.475,0.0
2002-03-31T12:00:00Z,10.625,72.525,0.0
2002-03-31T12:00:00Z,10.625,72.575,0.0
2002-03-31T12:00:00Z,10.625,72.625,0.0
2002-03-31T12:00:00Z,10.625,72.675,0.0
2002-03-31T12:00:00Z,10.625,72.725,0.0
2002-03-31T12:00:00Z,10.625,72.775,0.0
2002-03-31T12:00:00Z,10.575,72.425,0.0
2002-03-31T12:00:00Z,10.575,72.475,0.0
2002-03-31T12:00:00Z,10.575,72.525,0.0
2002-03-31T12:00:00Z,10.575,72.575,0.0
2002-03-31T12:00:00Z,10.575,72.625,0.0
2002-03-31T12:00:00Z,10.575,72.675,0.0
2002-03-31T12:00:00Z,10.575,72.725,0.0
2002-03-31T12:00:00Z,10.575,72.775,0.0
2002-03-31T12:00:00Z,10.525,72.425,0.0
2002-03-31T12:00:00Z,10.525,72.475,0.0
2002-03-31T12:00:00Z,10.525,72.525,0.0
2002-03-31T12:00:00Z,10.525,72.575,0.0
2002-03-31T12:00:00Z,10.525,72.625,0.0
2002-03-31T12:00:00Z,10.525,72.675,0.0
2002-03-31T12:00:00Z,10.525,72.725,0.0
2002-03-31T12:00:00Z,10.525,72.775,0.0
2002-03-31T12:00:00Z,10.475,72.425,0.0
2002-03-31T12:00:00Z,10.475,72.475,0.0
2002-03-31T12:00:00Z,10.475,72.525,0.0
2002-03-31T12:00:00Z,10.475,72.575,0.0
2002-03-31T12:00:00Z,10.475,72.625,0.0
2002-03-31T12:00:00Z,10.475,72.675,0.0
2002-03-31T12:00:00Z,10.475,72.725,0.0
2002-03-31T12:00:00Z,10.475,72.775,0.0
2002-03-31T12:00:00Z,10.425,72.425,0.0
2002-03-31T12:00:00Z,10.425,72.475,0.0
2002-03-31T12:00:00Z,10.425,72.525,0.0
2002-03-31T12:00:00Z,10.425,72.575,0.0
2002-03-31T12:00:00Z,10.425,72.625,0.0
2002-03-31T12:00:00Z,10.425,72.675,0.0
2002-03-31T12:00:00Z,10.425,72.725,0.0
2002-03-31T12:00:00Z,10.425,72.775,0.0
2002-03-31T12:00:00Z,10.375,72.425,0.0
2002-03-31T12:00:00Z,10.375,72.475,0.0
2002-03-31T12:00:00Z,10.375,72.525,0.0
2002-03-31T12:00:00Z,10.375,72.575,0.0
2002-03-31T12:00:00Z,10.375,72.625,0.0
2002-03-31T12:00:00Z,10.375,72.675,0.0
2002-03-31T12:00:00Z,10.375,72.725,0.0
2002-03-31T12:00:00Z,10.375,72.775,0.0
2002-04-30T12:00:00Z,10.625,72.425,0.0
2002-04-30T12:00:00Z,10.625,72.475,0.0
2002-04-30T12:00:00Z,10.625,72.525,0.0
2002-04-30T12:00:00Z,10.625,72.575,0.0
2002-04-30T12:00:00Z,10.625,72.625,0.0
2002-04-30T12:00:00Z,10.625,72.675,0.0
2002-04-30T12:00:00Z,10.625,72.725,0.0
2002-04-30T12:00:00Z,10.625,72.775,0.0
2002-04-30T12:00:00Z,10.575,72.425,0.0
2002-04-30T12:00:00Z,10.575,72.475,0.0
2002-04-30T12:00:00Z,10.575,72.525,0.0
2002-04-30T12:00:00Z,10.575,72.575,0.0
2002-04-30T12:00:00Z,10.575,72.625,0.0
2002-04-30T12:00:00Z,10.575,72.675,0.0
2002-04-30T12:00:00Z,10.575,72.725,0.0
2002-04-30T12:00:00Z,10.575,72.775,0.0
2002-04-30T12:00:00Z,10.525,72.425,0.0
2002-04-30T12:00:00Z,10.525,72.475,0.0
2002-04-30T12:00:00Z,10.525,72.525,0.0
2002-04-30T12:00:00Z,10.525,72.575,0.0
2002-04-30T12:00:00Z,10.525,72.625,0.0
2002-04-30T12:00:00Z,10.525,72.675,0.0
2002-04-30T12:00:00Z,10.525,72.725,0.0
2002-04-30T12:00:00Z,10.525,72.775,0.0
2002-04-30T12:00:00Z,10.475,72.425,0.0
2002-04-30T12:00:00Z,10.475,72.475,0.0
2002-04-30T12:00:00Z,10.475,72.525,0.0
2002-04-30T12:00:00Z,10.475,72.575,0.0
2002-04-30T12:00:00Z,10.475,72.625,0.0
2002-04-30T12:00:00Z,10.475,72.675,0.0
2002-04-30T12:00:00Z,10.475,72.725,0.0
2002-04-30T12:00:00Z,10.475,72.775,0.0
2002-04-30T12:00:00Z,10.425,72.425,0.0
2002-04-30T12:00:00Z,10.425,72.475,0.0
2002-04-30T12:00:00Z,10.425,72.525,0.0
2002-04-30T12:00:00Z,10.425,72.575,0.0
2002-04-30T12:00:00Z,10.425,72.625,0.0
2002-04-30T12:00:00Z,10.425,72.675,0.0
2002-04-30T12:00:00Z,10.425,72.725,0.0
2002-04-30T12:00:00Z,10.425,72.775,0.0
2002-04-30T12:00:00Z,10.375,72.425,0.0
2002-04-30T12:00:00Z,10.375,72.475,0.0
2002-04-30T12:00:00Z,10.375,72.525,0.0
2002-04-30T12:00:00Z,10.375,72.575,0.0
2002-04-30T12:00:00Z,10.375,72.625,0.0
2002-04-30T12:00:00Z,10.375,72.675,0.0
2002-04-30T12:00:00Z,10.375,72.725,0.0
2002-04-30T12:00:00Z,10.375,72.775,0.0
2002-05-30T12:00:00Z,10.625,72.425,0.0
2002-05-30T12:00:00Z,10.625,72.475,0.0
2002-05-30T12:00:00Z,10.625,72.525,0.0
2002-05-30T12:00:00Z,10.625,72.575,0.0
2002-05-30T12:00:00Z,10.625,72.625,0.0
2002-05-30T12:00:00Z,10.625,72.675,0.0
2002-05-30T12:00:00Z,10.625,72.725,0.0
2002-05-30T12:00:00Z,10.625,72.775,0.0
2002-05-30T12:00:00Z,10.575,72.425,0.0
2002-05-30T12:00:00Z,10.575,72.475,0.0
2002-05-30T12:00:00Z,10.575,72.525,0.0
2002-05-30T12:00:00Z,10.575,72.575,0.0
2002-05-30T12:00:00Z,10.575,72.625,0.0
2002-05-30T12:00:00Z,10.575,72.675,0.0
2002-05-30T12:00:00Z,10.575,72.725,0.0
2002-05-30T12:00:00Z,10.575,72.775,0.0
2002-05-30T12:00:00Z,10.525,72.425,0.0
2002-05-30T12:00:00Z,10.525,72.475,0.0
2002-05-30T12:00:00Z,10.525,72.525,0.0
2002-05-30T12:00:00Z,10.525,72.575,0.0
2002-05-30T12:00:00Z,10.525,72.625,0.0
2002-05-30T12:00:00Z,10.525,72.675,0.0
2002-05-30T12:00:00Z,10.525,72.725,0.0
2002-05-30T12:00:00Z,10.525,72.775,0.0
2002-05-30T12:00:00Z,10.475,72.425,0.0
2002-05-30T12:00:00Z,10.475,72.475,0.0
2002-05-30T12:00:00Z,10.475,72.525,0.0
2002-05-30T12:00:00Z,10.475,72.575,0.0
2002-05-30T12:00:00Z,10.475,72.625,0.0
2002-05-30T12:00:00Z,10.475,72.675,0.0
2002-05-30T12:00:00Z,10.475,72.725,0.0
2002-05-30T12:00:00Z,10.475,72.775,0.0
2002-05-30T12:00:00Z,10.425,72.425,0.0
2002-05-30T12:00:00Z,10.425,72.475,0.0
2002-05-30T12:00:00Z,10.425,72.525,0.0
2002-05-30T12:00:00Z,10.425,72.575,0.0
2002-05-30T12:00:00Z,10.425,72.625,0.0
2002-05-30T12:00:00Z,10.425,72.675,0.0
2002-05-30T12:00:00Z,10.425,72.725,0.0
2002-05-30T12:00:00Z,10.425,72.775,0.0
2002-05-30T12:00:00Z,10.375,72.425,0.0
2002-05-30T12:00:00Z,10.375,72.475,0.0
2002-05-30T12:00:00Z,10.375,72.525,0.0
2002-05-30T12:00:00Z,10.375,72.575,0.0
2002-05-30T12:00:00Z,10.375,72.625,0.0
2002-05-30T12:00:00Z,10.375,72.675,0.0
2002-05-30T12:00:00Z,10.375,72.725,0.0
2002-05-30T12:00:00Z,10.375,72.775,0.0
2002-06-29T12:00:00Z,10.625,72.425,0.0
2002-06-29T12:00:00Z,10.625,72.475,0.0
2002-06-29T12:00:00Z,10.625,72.525,0.0
2002-06-29T12:00:00Z,10.625,72.575,0.0
2002-06-29T12:00:00Z,10.625,72.625,0.0
2002-06-29T12:00:00Z,10.625,72.675,0.0
2002-06-29T12:00:00Z,10.625,72.725,0.0
2002-06-29T12:00:00Z,10.625,72.775,0.0
2002-06-29T12:00:00Z,10.575,72.425,0.0
2002-06-29T12:00:00Z,10.575,72.475,0.0
2002-06-29T12:00:00Z,10.575,72.525,0.0
2002-06-29T12:00:00Z,10.575,72.575,0.0
2002-06-29T12:00:00Z,10.575,72.625,0.0
2002-06-29T12:00:00Z,10.575,72.675,0.0
2002-06-29T12:00:00Z,10.575,72.725,0.0
2002-06-29T12:00:00Z,10.575,72.775,0.0
2002-06-29T12:00:00Z,10.525,72.425,0.0
2002-06-29T12:00:00Z,10.525,72.475,0.0
2002-06-29T12:00:00Z,10.525,72.525,0.0
2002-06-29T12:00:00Z,10.525,72.575,0.0
2002-06-29T12:00:00Z,10.525,72.625,0.0
2002-06-29T12:00:00Z,10.525,72.675,0.0
2002-06-29T12:00:00Z,10.525,72.725,0.0
2002-06-29T12:00:00Z,10.525,72.775,0.0
2002-06-29T12:00:00Z,10.475,72.425,0.0
2002-06-29T12:00:00Z,10.475,72.475,0.0
2002-06-29T12:00:00Z,10.475,72.525,0.0
2002-06-29T12:00:00Z,10.475,72.575,0.0
2002-06-29T12:00:00Z,10.475,72.625,0.0
2002-06-29T12:00:00Z,10.475,72.675,0.0
2002-06-29T12:00:00Z,10.475,72.725,0.0
2002-06-29T12:00:00Z,10.475,72.775,0.0
2002-06-29T12:00:00Z,10.425,72.425,0.0
2002-06-29T12:00:00Z,10.425,72.475,0.0
2002-06-29T12:00:00Z,10.425,72.525,0.0
2002-06-29T12:00:00Z,10.425,72.575,0.0
2002-06-29T12:00:00Z,10.425,72.625,0.0
2002-06-29T12:00:00Z,10.425,72.675,0.0
2002-06-29T12:00:00Z,10.425,72.725,0.0
2002-06-29T12:00:00Z,10.425,72.775,0.0
2002-06-29T12:00:00Z,10.375,72.425,0.0
2002-06-29T12:00:00Z,10.375,72.475,0.0
2002-06-29T12:00:00Z,10.375,72.525,0.0
2002-06-29T12:00:00Z,10.375,72.575,0.0
2002-06-29T12:00:00Z,10.375,72.625,0.0
2002-06-29T12:00:00Z,10.375,72.675,0.0
2002-06-29T12:00:00Z,10.375,72.725,0.0
2002-06-29T12:00:00Z,10.375,72.775,0.0
2002-07-29T12:00:00Z,10.625,72.425,0.0
2002-07-29T12:00:00Z,10.625,72.475,0.0
2002-07-29T12:00:00Z,10.625,72.525,0.0
2002-07-29T12:00:00Z,10.625,72.575,0.0
2002-07-29T12:00:00Z,10.625,72.625,0.0
2002-07-29T12:00:00Z,10.625,72.675,0.0
2002-07-29T12:00:00Z,10.625,72.725,0.0
2002-07-29T12:00:00Z,10.625,72.775,0.0
2002-07-29T12:00:00Z,10.575,72.425,0.0
2002-07-29T12:00:00Z,10.575,72.475,0.0
2002-07-29T12:00:00Z,10.575,72.525,0.0
2002-07-29T12:00:00Z,10.575,72.575,0.0
2002-07-29T12:00:00Z,10.575,72.625,0.0
2002-07-29T12:00:00Z,10.575,72.675,0.0
2002-07-29T12:00:00Z,10.575,72.725,0.0
2002-07-29T12:00:00Z,10.575,72.775,0.0
2002-07-29T12:00:00Z,10.525,72.425,0.0
2002-07-29T12:00:00Z,10.525,72.475,0.0
2002-07-29T12:00:00Z,10.525,72.525,0.0
2002-07-29T12:00:00Z,10.525,72.575,0.0
2002-07-29T12:00:00Z,10.525,72.625,0.0
2002-07-29T12:00:00Z,10.525,72.675,0.0
2002-07-29T12:00:00Z,10.525,72.725,0.0
2002-07-29T12:00:00Z,10.525,72.775,0.0
2002-07-29T12:00:00Z,10.475,72.425,0.0
2002-07-29T12:00:00Z,10.475,72.475,0.0
2002-07-29T12:00:00Z,10.475,72.525,0.0
2002-07-29T12:00:00Z,10.475,72.575,0.0
2002-07-29T12:00:00Z,10.475,72.625,0.0
2002-07-29T12:00:00Z,10.475,72.675,0.0
2002-07-29T12:00:00Z,10.475,72.725,0.0
2002-07-29T12:00:00Z,10.475,72.775,0.0
2002-07-29T12:00:00Z,10.425,72.425,0.0
2002-07-29T12:00:00Z,10.425,72.475,0.0
2002-07-29T12:00:00Z,10.425,72.525,0.0
2002-07-29T12:00:00Z,10.425,72.575,0.0
2002-07-29T12:00:00Z,10.425,72.625,0.0
2002-07-29T12:00:00Z,10.425,72.675,0.0
2002-07-29T12:00:00Z,10.425,72.725,0.0
2002-07-29T12:00:00Z,10.425,72.775,0.0
2002-07-29T12:00:00Z,10.375,72.425,0.0
2002-07-29T12:00:00Z,10.375,72.475,0.0
2002-07-29T12:00:00Z,10.375,72.525,0.0
2002-07-29T12:00:00Z,10.375,72.575,0.0
2002-07-29T12:00:00Z,10.375,72.625,0.0
2002-07-29T12:00:00Z,10.375,72.675,0.0
2002-07-29T12:00:00Z,10.375,72.725,0.0
2002-07-29T12:00:00Z,10.375,72.775,0.0
2002-08-28T12:00:00Z,10.625,72.425,0.0
2002-08-28T12:00:00Z,10.625,72.475,0.0
2002-08-28T12:00:00Z,10.625,72.525,0.0
2002-08-28T12:00:00Z,10.625,72.575,0.0
2002-08-28T12:00:00Z,10.625,72.625,0.0
2002-08-28T12:00:00Z,10.625,72.675,0.0
2002-08-28T12:00:00Z,10.625,72.725,0.0
2002-08-28T12:00:00Z,10.625,72.775,0.0
2002-08-28T12:00:00Z,10.575,72.425,0.0
2002-08-28T12:00:00Z,10.575,72.475,0.0
2002-08-28T12:00:00Z,10.575,72.525,0.0
2002-08-28T12:00:00Z,10.575,72.575,0.0
2002-08-28T12:00:00Z,10.575,72.625,0.0
2002-08-28T12:00:00Z,10.575,72.675,0.0
2002-08-28T12:00:00Z,10.575,72.725,0.0
2002-08-28T12:00:00Z,10.575,72.775,0.0
2002-08-28T12:00:00Z,10.525,72.425,0.0
2002-08-28T12:00:00Z,10.525,72.475,0.0
2002-08-28T12:00:00Z,10.525,72.525,0.0
2002-08-28T12:00:00Z,10.525,72.575,0.0
2002-08-28T12:00:00Z,10.525,72.625,0.0
2002-08-28T12:00:00Z,10.525,72.675,0.0
2002-08-28T12:00:00Z,10.525,72.725,0.0
2002-08-28T12:00:00Z,10.525,72.775,0.0
2002-08-28T12:00:00Z,10.475,72.425,0.0
2002-08-28T12:00:00Z,10.475,72.475,0.0
2002-08-28T12:00:00Z,10.475,72.525,0.0
2002-08-28T12:00:00Z,10.475,72.575,0.0
2002-08-28T12:00:00Z,10.475,72.625,0.0
2002-08-28T12:00:00Z,10.475,72.675,0.0
2002-08-28T12:00:00Z,10.475,72.725,0.0
2002-08-28T12:00:00Z,10.475,72.775,0.0
2002-08-28T12:00:00Z,10.425,72.425,0.0
2002-08-28T12:00:00Z,10.425,72.475,0.0
2002-08-28T12:00:00Z,10.425,72.525,0.0
2002-08-28T12:00:00Z,10.425,72.575,0.0
2002-08-28T12:00:00Z,10.425,72.625,0.0
2002-08-28T12:00:00Z,10.425,72.675,0.0
2002-08-28T12:00:00Z,10.425,72.725,0.0
2002-08-28T12:00:00Z,10.425,72.775,0.0
2002-08-28T12:00:00Z,10.375,72.425,0.0
2002-08-28T12:00:00Z,10.375,72.475,0.0
2002-08-28T12:00:00Z,10.375,72.525,0.0
2002-08-28T12:00:00Z,10.375,72.575,0.0
2002-08-28T12:00:00Z,10.375,72.625,0.0
2002-08-28T12:00:00Z,10.375,72.675,0.0
2002-08-28T12:00:00Z,10.375,72.725,0.0
2002-08-28T12:00:00Z,10.375,72.775,0.0
2002-09-27T12:00:00Z,10.625,72.425,0.0
2002-09-27T12:00:00Z,10.625,72.475,0.0
2002-09-27T12:00:00Z,10.625,72.525,0.0
2002-09-27T12:00:00Z,10.625,72.575,0.0
2002-09-27T12:00:00Z,10.625,72.625,0.0
2002-09-27T12:00:00Z,10.625,72.675,0.0
2002-09-27T12:00:00Z,10.625,72.725,0.0
2002-09-27T12:00:00Z,10.625,72.775,0.0
2002-09-27T12:00:00Z,10.575,72.425,0.0
2002-09-27T12:00:00Z,10.575,72.475,0.0
2002-09-27T12:00:00Z,10.575,72.525,0.0
2002-09-27T12:00:00Z,10.575,72.575,0.0
2002-09-27T12:00:00Z,10.575,72.625,0.0
2002-09-27T12:00:00Z,10.575,72.675,0.0
2002-09-27T12:00:00Z,10.575,72.725,0.0
2002-09-27T12:00:00Z,10.575,72.775,0.0
2002-09-27T12:00:00Z,10.525,72.425,0.0
2002-09-27T12:00:00Z,10.525,72.475,0.0
2002-09-27T12:00:00Z,10.525,72.525,0.0
2002-09-27T12:00:00Z,10.525,72.575,0.0
2002-09-27T12:00:00Z,10.525,72.625,0.0
2002-09-27T12:00:00Z,10.525,72.675,0.0
2002-09-27T12:00:00Z,10.525,72.725,0.0
2002-09-27T12:00:00Z,10.525,72.775,0.0
2002-09-27T12:00:00Z,10.475,72.425,0.0
2002-09-27T12:00:00Z,10.475,72.475,0.0
2002-09-27T12:00:00Z,10.475,72.525,0.0
2002-09-27T12:00:00Z,10.475,72.575,0.0
2002-09-27T12:00:00Z,10.475,72.625,0.0
2002-09-27T12:00:00Z,10.475,72.675,0.0
2002-09-27T12:00:00Z,10.475,72.725,0.0
2002-09-27T12:00:00Z,10.475,72.775,0.0
2002-09-27T12:00:00Z,10.425,72.425,0.0
2002-09-27T12:00:00Z,10.425,72.475,0.0
2002-09-27T12:00:00Z,10.425,72.525,0.0
2002-09-27T12:00:00Z,10.425,72.575,0.0
2002-09-27T12:00:00Z,10.425,72.625,0.0
2002-09-27T12:00:00Z,10.425,72.675,0.0
2002-09-27T12:00:00Z,10.425,72.725,0.0
2002-09-27T12:00:00Z,10.425,72.775,0.0
2002-09-27T12:00:00Z,10.375,72.425,0.0
2002-09-27T12:00:00Z,10.375,72.475,0.0
2002-09-27T12:00:00Z,10.375,72.525,0.0
2002-09-27T12:00:00Z,10.375,72.575,0.0
2002-09-27T12:00:00Z,10.375,72.625,0.0
2002-09-27T12:00:00Z,10.375,72.675,0.0
2002-09-27T12:00:00Z,10.375,72.725,0.0
2002-09-27T12:00:00Z,10.375,72.775,0.0
2002-10-27T12:00:00Z,10.625,72.425,0.0
2002-10-27T12:00:00Z,10.625,72.475,0.0
2002-10-27T12:00:00Z,10.625,72.525,0.0
2002-10-27T12:00:00Z,10.625,72.575,0.0
2002-10-27T12:00:00Z,10.625,72.625,0.0
2002-10-27T12:00:00Z,10.625,72.675,0.0
2002-10-27T12:00:00Z,10.625,72.725,0.0
2002-10-27T12:00:00Z,10.625,72.775,0.0
2002-10-27T12:00:00Z,10.575,72.425,0.0
2002-10-27T12:00:00Z,10.575,72.475,0.0
2002-10-27T12:00:00Z,10.575,72.525,0.0
2002-10-27T12:00:00Z,10.575,72.575,0.0
2002-10-27T12:00:00Z,10.575,72.625,0.0
2002-10-27T12:00:00Z,10.575,72.675,0.0
2002-10-27T12:00:00Z,10.575,72.725,0.0
2002-10-27T12:00:00Z,10.575,72.775,0.0
2002-10-27T12:00:00Z,10.525,72.425,0.0
2002-10-27T12:00:00Z,10.525,72.475,0.0
2002-10-27T12:00:00Z,10.525,72.525,0.0
2002-10-27T12:00:00Z,10.525,72.575,0.0
2002-10-27T12:00:00Z,10.525,72.625,0.0
2002-10-27T12:00:00Z,10.525,72.675,0.0
2002-10-27T12:00:00Z,10.525,72.725,0.0
2002-10-27T12:00:00Z,10.525,72.775,0.0
2002-10-27T12:00:00Z,10.475,72.425,0.0
2002-10-27T12:00:00Z,10.475,72.475,0.0
2002-10-27T12:00:00Z,10.475,72.525,0.0
2002-10-27T12:00:00Z,10.475,72.575,0.0
2002-10-27T12:00:00Z,10.475,72.625,0.0
2002-10-27T12:00:00Z,10.475,72.675,0.0
2002-10-27T12:00:00Z,10.475,72.725,0.0
2002-10-27T12:00:00Z,10.475,72.775,0.0
2002-10-27T12:00:00Z,10.425,72.425,0.0
2002-10-27T12:00:00Z,10.425,72.475,0.0
2002-10-27T12:00:00Z,10.425,72.525,0.0
2002-10-27T12:00:00Z,10.425,72.575,0.0
2002-10-27T12:00:00Z,10.425,72.625,0.0
2002-10-27T12:00:00Z,10.425,72.675,0.0
2002-10-27T12:00:00Z,10.425,72.725,0.0
2002-10-27T12:00:00Z,10.425,72.775,0.0
2002-10-27T12:00:00Z,10.375,72.425,0.0
2002-10-27T12:00:00Z,10.375,72.475,0.0
2002-10-27T12:00:00Z,10.375,72.525,0.0
2002-10-27T12:00:00Z,10.375,72.575,0.0
2002-10-27T12:00:00Z,10.375,72.625,0.0
2002-10-27T12:00:00Z,10.375,72.675,0.0
2002-10-27T12:00:00Z,10.375,72.725,0.0
2002-10-27T12:00:00Z,10.375,72.775,0.0
2002-11-26T12:00:00Z,10.625,72.425,0.0
2002-11-26T12:00:00Z,10.625,72.475,0.0
2002-11-26T12:00:00Z,10.625,72.525,0.0
2002-11-26T12:00:00Z,10.625,72.575,0.0
2002-11-26T12:00:00Z,10.625,72.625,0.0
2002-11-26T12:00:00Z,10.625,72.675,0.0
2002-11-26T12:00:00Z,10.625,72.725,0.0
2002-11-26T12:00:00Z,10.625,72.775,0.0
2002-11-26T12:00:00Z,10.575,72.425,0.0
2002-11-26T12:00:00Z,10.575,72.475,0.0
2002-11-26T12:00:00Z,10.575,72.525,0.0
2002-11-26T12:00:00Z,10.575,72.575,0.0
2002-11-26T12:00:00Z,10.575,72.625,0.0
2002-11-26T12:00:00Z,10.575,72.675,0.0
2002-11-26T12:00:00Z,10.575,72.725,0.0
2002-11-26T12:00:00Z,10.575,72.775,0.0
2002-11-26T12:00:00Z,10.525,72.425,0.0
2002-11-26T12:00:00Z,10.525,72.475,0.0
2002-11-26T12:00:00Z,10.525,72.525,0.0
2002-11-26T12:00:00Z,10.525,72.575,0.0
2002-11-26T12:00:00Z,10.525,72.625,0.0
2002-11-26T12:00:00Z,10.525,72.675,0.0
2002-11-26T12:00:00Z,10.525,72.725,0.0
2002-11-26T12:00:00Z,10.525,72.775,0.0
2002-11-26T12:00:00Z,10.475,72.425,0.0
2002-11-26T12:00:00Z,10.475,72.475,0.0
2002-11-26T12:00:00Z,10.475,72.525,0.0
2002-11-26T12:00:00Z,10.475,72.575,0.0
2002-11-26T12:00:00Z,10.475,72.625,0.0
2002-11-26T12:00:00Z,10.475,72.675,0.0
2002-11-26T12:00:00Z,10.475,72.725,0.0
2002-11-26T12:00:00Z,10.475,72.775,0.0
2002-11-26T12:00:00Z,10.425,72.425,0.0
2002-11-26T12:00:00Z,10.425,72.475,0.0
2002-11-26T12:00:00Z,10.425,72.525,0.0
2002-11-26T12:00:00Z,10.425,72.575,0.0
2002-11-26T12:00:00Z,10.425,72.625,0.0
2002-11-26T12:00:00Z,10.425,72.675,0.0
2002-11-26T12:00:00Z,10.425,72.725,0.0
2002-11-26T12:00:00Z,10.425,72.775,0.0
2002-11-26T12:00:00Z,10.375,72.425,0.0
2002-11-26T12:00:00Z,10.375,72.475,0.0
2002-11-26T12:00:00Z,10.375,72.525,0.0
2002-11-26T12:00:00Z,10.375,72.575,0.0
2002-11-26T12:00:00Z,10.375,72.625,0.0
2002-11-26T12:00:00Z,10.375,72.675,0.0
2002-11-26T12:00:00Z,10.375,72.725,0.0
2002-11-26T12:00:00Z,10.375,72.775,0.0
2002-12-26T12:00:00Z,10.625,72.425,0.0
2002-12-26T12:00:00Z,10.625,72.475,0.0
2002-12-26T12:00:00Z,10.625,72.525,0.0
2002-12-26T12:00:00Z,10.625,72.575,0.0
2002-12-26T12:00:00Z,10.625,72.625,0.0
2002-12-26T12:00:00Z,10.625,72.675,0.0
2002-12-26T12:00:00Z,10.625,72.725,0.0
2002-12-26T12:00:00Z,10.625,72.775,0.0
2002-12-26T12:00:00Z,10.575,72.425,0.0
2002-12-26T12:00:00Z,10.575,72.475,0.0
2002-12-26T12:00:00Z,10.575,72.525,0.0
2002-12-26T12:00:00Z,10.575,72.575,0.0
2002-12-26T12:00:00Z,10.575,72.625,0.0
2002-12-26T12:00:00Z,10.575,72.675,0.0
2002-12-26T12:00:00Z,10.575,72.725,0.0
2002-12-26T12:00:00Z,10.575,72.775,0.0
2002-12-26T12:00:00Z,10.525,72.425,0.0
2002-12-26T12:00:00Z,10.525,72.475,0.0
2002-12-26T12:00:00Z,10.525,72.525,0.0
2002-12-26T12:00:00Z,10.525,72.575,0.0
2002-12-26T12:00:00Z,10.525,72.625,0.0
2002-12-26T12:00:00Z,10.525,72.675,0.0
2002-12-26T12:00:00Z,10.525,72.725,0.0
2002-12-26T12:00:00Z,10.525,72.775,0.0
2002-12-26T12:00:00Z,10.475,72.425,0.0
2002-12-26T12:00:00Z,10.475,72.475,0.0
2002-12-26T12:00:00Z,10.475,72.525,0.0
2002-12-26T12:00:00Z,10.475,72.575,0.0
2002-12-26T12:00:00Z,10.475,72.625,0.0
2002-12-26T12:00:00Z,10.475,72.675,0.0
2002-12-26T12:00:00Z,10.475,72.725,0.0
2002-12-26T12:00:00Z,10.475,72.775,0.0
2002-12-26T12:00:00Z,10.425,72.425,0.0
2002-12-26T12:00:00Z,10.425,72.475,0.0
2002-12-26T12:00:00Z,10.425,72.525,0.0
2002-12-26T12:00:00Z,10.425,72.575,0.0
2002-12-26T12:00:00Z,10.425,72.625,0.0
2002-12-26T12:00:00Z,10.425,72.675,0.0
2002-12-26T12:00:00Z,10.425,72.725,0.0
2002-12-26T12:00:00Z,10.425,72.775,0.0
2002-12-26T12:00:00Z,10.375,72.425,0.0
2002-12-26T12:00:00Z,10.375,72.475,0.0
2002-12-26T12:00:00Z,10.375,72.525,0.0
2002-12-26T12:00:00Z,10.375,72.575,0.0
2002-12-26T12:00:00Z,10.375,72.625,0.0
2002-12-26T12:00:00Z,10.375,72.675,0.0
2002-12-26T12:00:00Z,10.375,72.725,0.0
2002-12-26T12:00:00Z,10.375,72.775,0.0
2003-01-25T12:00:00Z,10.625,72.425,0.0
2003-01-25T12:00:00Z,10.625,72.475,0.0
2003-01-25T12:00:00Z,10.625,72.525,0.0
2003-01-25T12:00:00Z,10.625,72.575,0.0
2003-01-25T12:00:00Z,10.625,72.625,0.0
2003-01-25T12:00:00Z,10.625,72.675,0.0
2003-01-25T12:00:00Z,10.625,72.725,0.0
2003-01-25T12:00:00Z,10.625,72.775,0.0
2003-01-25T12:00:00Z,10.575,72.425,0.0
2003-01-25T12:00:00Z,10.575,72.475,0.0
2003-01-25T12:00:00Z,10.575,72.525,0.0
2003-01-25T12:00:00Z,10.575,72.575,0.0
2003-01-25T12:00:00Z,10.575,72.625,0.0
2003-01-25T12:00:00Z,10.575,72.675,0.0
2003-01-25T12:00:00Z,10.575,72.725,0.0
2003-01-25T12:00:00Z,10.575,72.775,0.0
2003-01-25T12:00:00Z,10.525,72.425,0.0
2003-01-25T12:00:00Z,10.525,72.475,0.0
2003-01-25T12:00:00Z,10.525,72.525,0.0
2003-01-25T12:00:00Z,10.525,72.575,0.0
2003-01-25T12:00:00Z,10.525,72.625,0.0
2003-01-25T12:00:00Z,10.525,72.675,0.0
2003-01-25T12:00:00Z,10.525,72.725,0.0
2003-01-25T12:00:00Z,10.525,72.775,0.0
2003-01-25T12:00:00Z,10.475,72.425,0.0
2003-01-25T12:00:00Z,10.475,72.475,0.0
2003-01-25T12:00:00Z,10.475,72.525,0.0
2003-01-25T12:00:00Z,10.475,72.575,0.0
2003-01-25T12:00:00Z,10.475,72.625,0.0
2003-01-25T12:00:00Z,10.475,72.675,0.0
2003-01-25T12:00:00Z,10.475,72.725,0.0
2003-01-25T12:00:00Z,10.475,72.775,0.0
2003-01-25T12:00:00Z,10.425,72.425,0.0
2003-01-25T12:00:00Z,10.425,72.475,0.0
2003-01-25T12:00:00Z,10.425,72.525,0.0
2003-01-25T12:00:00Z,10.425,72.575,0.0
2003-01-25T12:00:00Z,10.425,72.625,0.0
2003-01-25T12:00:00Z,10.425,72.675,0.0
2003-01-25T12:00:00Z,10.425,72.725,0.0
2003-01-25T12:00:00Z,10.425,72.775,0.0
2003-01-25T12:00:00Z,10.375,72.425,0.0
2003-01-25T12:00:00Z,10.375,72.475,0.0
2003-01-25T12:00:00Z,10.375,72.525,0.0
2003-01-25T12:00:00Z,10.375,72.575,0.0
2003-01-25T12:00:00Z,10.375,72.625,0.0
2003-01-25T12:00:00Z,10.375,72.675,0.0
2003-01-25T12:00:00Z,10.375,72.725,0.0
2003-01-25T12:00:00Z,10.375,72.775,0.0
2003-02-24T12:00:00Z,10.625,72.425,0.0
2003-02-24T12:00:00Z,10.625,72.475,0.0
2003-02-24T12:00:00Z,10.625,72.525,0.0
2003-02-24T12:00:00Z,10.625,72.575,0.0
2003-02-24T12:00:00Z,10.625,72.625,0.0
2003-02-24T12:00:00Z,10.625,72.675,0.0
2003-02-24T12:00:00Z,10.625,72.725,0.0
2003-02-24T12:00:00Z,10.625,72.775,0.0
2003-02-24T12:00:00Z,10.575,72.425,0.0
2003-02-24T12:00:00Z,10.575,72.475,0.0
2003-02-24T12:00:00Z,10.575,72.525,0.0
2003-02-24T12:00:00Z,10.575,72.575,0.0
2003-02-24T12:00:00Z,10.575,72.625,0.0
2003-02-24T12:00:00Z,10.575,72.675,0.0
2003-02-24T12:00:00Z,10.575,72.725,0.0
2003-02-24T12:00:00Z,10.575,72.775,0.0
2003-02-24T12:00:00Z,10.525,72.425,0.0
2003-02-24T12:00:00Z,10.525,72.475,0.0
2003-02-24T12:00:00Z,10.525,72.525,0.0
2003-02-24T12:00:00Z,10.525,72.575,0.0
2003-02-24T12:00:00Z,10.525,72.625,0.0
2003-02-24T12:00:00Z,10.525,72.675,0.0
2003-02-24T12:00:00Z,10.525,72.725,0.0
2003-02-24T12:00:00Z,10.525,72.775,0.0
2003-02-24T12:00:00Z,10.475,72.425,0.0
2003-02-24T12:00:00Z,10.475,72.475,0.0
2003-02-24T12:00:00Z,10.475,72.525,0.0
2003-02-24T12:00:00Z,10.475,72.575,0.0
2003-02-24T12:00:00Z,10.475,72.625,0.0
2003-02-24T12:00:00Z,10.475,72.675,0.0
2003-02-24T12:00:00Z,10.475,72.725,0.0
2003-02-24T12:00:00Z,10.475,72.775,0.0
2003-02-24T12:00:00Z,10.425,72.425,0.0
2003-02-24T12:00:00Z,10.425,72.475,0.0
2003-02-24T12:00:00Z,10.425,72.525,0.0
2003-02-24T12:00:00Z,10.425,72.575,0.0
2003-02-24T12:00:00Z,10.425,72.625,0.0
2003-02-24T12:00:00Z,10.425,72.675,0.0
2003-02-24T12:00:00Z,10.425,72.725,0.0
2003-02-24T12:00:00Z,10.425,72.775,0.0
2003-02-24T12:00:00Z,10.375,72.425,0.0
2003-02-24T12:00:00Z,10.375,72.475,0.0
2003-02-24T12:00:00Z,10.375,72.525,0.0
2003-02-24T12:00:00Z,10.375,72.575,0.0
2003-02-24T12:00:00Z,10.375,72.625,0.0
2003-02-24T12:00:00Z,10.375,72.675,0.0
2003-02-24T12:00:00Z,10.375,72.725,0.0
2003-02-24T12:00:00Z,10.375,72.775,0.0
2003-03-26T12:00:00Z,10.625,72.425,0.0
2003-03-26T12:00:00Z,10.625,72.475,0.0
2003-03-26T12:00:00Z,10.625,72.525,0.0
2003-03-26T12:00:00Z,10.625,72.575,0.0
2003-03-26T12:00:00Z,10.625,72.625,0.0
2003-03-26T12:00:00Z,10.625,72.675,0.0
2003-03-26T12:00:00Z,10.625,72.725,0.0
2003-03-26T12:00:00Z,10.625,72.775,0.0
2003-03-26T12:00:00Z,10.575,72.425,0.0
2003-03-26T12:00:00Z,10.575,72.475,0.0
2003-03-26T12:00:00Z,10.575,72.525,0.0
2003-03-26T12:00:00Z,10.575,72.575,0.0
2003-03-26T12:00:00Z,10.575,72.625,0.0
2003-03-26T12:00:00Z,10.575,72.675,0.0
2003-03-26T12:00:00Z,10.575,72.725,0.0
2003-03-26T12:00:00Z,10.575,72.775,0.0
2003-03-26T12:00:00Z,10.525,72.425,0.0
2003-03-26T12:00:00Z,10.525,72.475,0.0
2003-03-26T12:00:00Z,10.525,72.525,0.0
2003-03-26T12:00:00Z,10.525,72.575,0.0
2003-03-26T12:00:00Z,10.525,72.625,0.0
2003-03-26T12:00:00Z,10.525,72.675,0.0
2003-03-26T12:00:00Z,10.525,72.725,0.0
2003-03-26T12:00:00Z,10.525,72.775,0.0
2003-03-26T12:00:00Z,10.475,72.425,0.0
2003-03-26T12:00:00Z,10.475,72.475,0.0
2003-03-26T12:00:00Z,10.475,72.525,0.0
2003-03-26T12:00:00Z,10.475,72.575,0.0
2003-03-26T12:00:00Z,10.475,72.625,0.0
2003-03-26T12:00:00Z,10.475,72.675,0.0
2003-03-26T12:00:00Z,10.475,72.725,0.0
2003-03-26T12:00:00Z,10.475,72.775,0.0
2003-03-26T12:00:00Z,10.425,72.425,0.0
2003-03-26T12:00:00Z,10.425,72.475,0.0
2003-03-26T12:00:00Z,10.425,72.525,0.0
2003-03-26T12:00:00Z,10.425,72.575,0.0
2003-03-26T12:00:00Z,10.425,72.625,0.0
2003-03-26T12:00:00Z,10.425,72.675,0.0
2003-03-26T12:00:00Z,10.425,72.725,0.0
2003-03-26T12:00:00Z,10.425,72.775,0.0
2003-03-26T12:00:00Z,10.375,72.425,0.0
2003-03-26T12:00:00Z,10.375,72.475,0.0
2003-03-26T12:00:00Z,10.375,72.525,0.0
2003-03-26T12:00:00Z,10.375,72.575,0.0
2003-03-26T12:00:00Z,10.375,72.625,0.0
2003-03-26T12:00:00Z,10.375,72.675,0.0
2003-03-26T12:00:00Z,10.375,72.725,0.0
2003-03-26T12:00:00Z,10.375,72.775,0.0
2003-04-25T12:00:00Z,10.625,72.425,0.0
2003-04-25T12:00:00Z,10.625,72.475,0.0
2003-04-25T12:00:00Z,10.625,72.525,0.0
2003-04-25T12:00:00Z,10.625,72.575,0.0
2003-04-25T12:00:00Z,10.625,72.625,0.0
2003-04-25T12:00:00Z,10.625,72.675,0.0
2003-04-25T12:00:00Z,10.625,72.725,0.0
2003-04-25T12:00:00Z,10.625,72.775,0.0
2003-04-25T12:00:00Z,10.575,72.425,0.0
2003-04-25T12:00:00Z,10.575,72.475,0.0
2003-04-25T12:00:00Z,10.575,72.525,0.0
2003-04-25T12:00:00Z,10.575,72.575,0.0
2003-04-25T12:00:00Z,10.575,72.625,0.0
2003-04-25T12:00:00Z,10.575,72.675,0.0
2003-04-25T12:00:00Z,10.575,72.725,0.0
2003-04-25T12:00:00Z,10.575,72.775,0.0
2003-04-25T12:00:00Z,10.525,72.425,0.0
2003-04-25T12:00:00Z,10.525,72.475,0.0
2003-04-25T12:00:00Z,10.525,72.525,0.0
2003-04-25T12:00:00Z,10.525,72.575,0.0
2003-04-25T12:00:00Z,10.525,72.625,0.0
2003-04-25T12:00:00Z,10.525,72.675,0.0
2003-04-25T12:00:00Z,10.525,72.725,0.0
2003-04-25T12:00:00Z,10.525,72.775,0.0
2003-04-25T12:00:00Z,10.475,72.425,0.0
2003-04-25T12:00:00Z,10.475,72.475,0.0
2003-04-25T12:00:00Z,10.475,72.525,0.0
2003-04-25T12:00:00Z,10.475,72.575,0.0
2003-04-25T12:00:00Z,10.475,72.625,0.0
2003-04-25T12:00:00Z,10.475,72.675,0.0
2003-04-25T12:00:00Z,10.475,72.725,0.0
2003-04-25T12:00:00Z,10.475,72.775,0.0
2003-04-25T12:00:00Z,10.425,72.425,0.0
2003-04-25T12:00:00Z,10.425,72.475,0.0
2003-04-25T12:00:00Z,10.425,72.525,0.0
2003-04-25T12:00:00Z,10.425,72.575,0.0
2003-04-25T12:00:00Z,10.425,72.625,0.0
2003-04-25T12:00:00Z,10.425,72.675,0.0
2003-04-25T12:00:00Z,10.425,72.725,0.0
2003-04-25T12:00:00Z,10.425,72.775,0.0
2003-04-25T12:00:00Z,10.375,72.425,0.0
2003-04-25T12:00:00Z,10.375,72.475,0.0
2003-04-25T12:00:00Z,10.375,72.525,0.0
2003-04-25T12:00:00Z,10.375,72.575,0.0
2003-04-25T12:00:00Z,10.375,72.625,0.0
2003-04-25T12:00:00Z,10.375,72.675,0.0
2003-04-25T12:00:00Z,10.375,72.725,0.0
2003-04-25T12:00:00Z,10.375,72.775,0.0
2003-05-25T12:00:00Z,10.625,72.425,0.34
2003-05-25T12:00:00Z,10.625,72.475,0.34
2003-05-25T12:00:00Z,10.625,72.525,0.34
2003-05-25T12:00:00Z,10.625,72.575,0.34
2003-05-25T12:00:00Z,10.625,72.625,0.35000000000000003
2003-05-25T12:00:00Z,10.625,72.675,0.36
2003-05-25T12:00:00Z,10.625,72.725,0.38
2003-05-25T12:00:00Z,10.625,72.775,0.39
2003-05-25T12:00:00Z,10.575,72.425,0.36
2003-05-25T12:00:00Z,10.575,72.475,0.36
2003-05-25T12:00:00Z,10.575,72.525,0.35000000000000003
2003-05-25T12:00:00Z,10.575,72.575,0.35000000000000003
2003-05-25T12:00:00Z,10.575,72.625,0.35000000000000003
2003-05-25T12:00:00Z,10.575,72.675,0.36
2003-05-25T12:00:00Z,10.575,72.725,0.37
2003-05-25T12:00:00Z,10.575,72.775,0.39
2003-05-25T12:00:00Z,10.525,72.425,0.37
2003-05-25T12:00:00Z,10.525,72.475,0.37
2003-05-25T12:00:00Z,10.525,72.525,0.37
2003-05-25T12:00:00Z,10.525,72.575,0.36
2003-05-25T12:00:00Z,10.525,72.625,0.36
2003-05-25T12:00:00Z,10.525,72.675,0.37
2003-05-25T12:00:00Z,10.525,72.725,0.37
2003-05-25T12:00:00Z,10.525,72.775,0.39
2003-05-25T12:00:00Z,10.475,72.425,0.39
2003-05-25T12:00:00Z,10.475,72.475,0.38
2003-05-25T12:00:00Z,10.475,72.525,0.37
2003-05-25T12:00:00Z,10.475,72.575,0.37
2003-05-25T12:00:00Z,10.475,72.625,0.37
2003-05-25T12:00:00Z,10.475,72.675,0.37
2003-05-25T12:00:00Z,10.475,72.725,0.38
2003-05-25T12:00:00Z,10.475,72.775,0.38
2003-05-25T12:00:00Z,10.425,72.425,0.4
2003-05-25T12:00:00Z,10.425,72.475,0.39
2003-05-25T12:00:00Z,10.425,72.525,0.38
2003-05-25T12:00:00Z,10.425,72.575,0.37
2003-05-25T12:00:00Z,10.425,72.625,0.37
2003-05-25T12:00:00Z,10.425,72.675,0.37
2003-05-25T12:00:00Z,10.425,72.725,0.38
2003-05-25T12:00:00Z,10.425,72.775,0.38
2003-05-25T12:00:00Z,10.375,72.425,0.54
2003-05-25T12:00:00Z,10.375,72.475,0.53
2003-05-25T12:00:00Z,10.375,72.525,0.38
2003-05-25T12:00:00Z,10.375,72.575,0.37
2003-05-25T12:00:00Z,10.375,72.625,0.37
2003-05-25T12:00:00Z,10.375,72.675,0.37
2003-05-25T12:00:00Z,10.375,72.725,0.37
2003-05-25T12:00:00Z,10.375,72.775,0.37
2003-06-24T12:00:00Z,10.625,72.425,1.1
2003-06-24T12:00:00Z,10.625,72.475,1.1
2003-06-24T12:00:00Z,10.625,72.525,1.07
2003-06-24T12:00:00Z,10.625,72.575,1.04
2003-06-24T12:00:00Z,10.625,72.625,1.03
2003-06-24T12:00:00Z,10.625,72.675,0.89
2003-06-24T12:00:00Z,10.625,72.725,0.88
2003-06-24T12:00:00Z,10.625,72.775,0.88
2003-06-24T12:00:00Z,10.575,72.425,1.12
2003-06-24T12:00:00Z,10.575,72.475,1.12
2003-06-24T12:00:00Z,10.575,72.525,1.09
2003-06-24T12:00:00Z,10.575,72.575,1.06
2003-06-24T12:00:00Z,10.575,72.625,1.04
2003-06-24T12:00:00Z,10.575,72.675,0.9
2003-06-24T12:00:00Z,10.575,72.725,0.9
2003-06-24T12:00:00Z,10.575,72.775,0.9
2003-06-24T12:00:00Z,10.525,72.425,1.29
2003-06-24T12:00:00Z,10.525,72.475,1.1400000000000001
2003-06-24T12:00:00Z,10.525,72.525,1.11
2003-06-24T12:00:00Z,10.525,72.575,0.93
2003-06-24T12:00:00Z,10.525,72.625,1.05
2003-06-24T12:00:00Z,10.525,72.675,0.91
2003-06-24T12:00:00Z,10.525,72.725,0.9
2003-06-24T12:00:00Z,10.525,72.775,0.76
2003-06-24T12:00:00Z,10.475,72.425,1.31
2003-06-24T12:00:00Z,10.475,72.475,1.1500000000000001
2003-06-24T12:00:00Z,10.475,72.525,0.98
2003-06-24T12:00:00Z,10.475,72.575,0.9500000000000001
2003-06-24T12:00:00Z,10.475,72.625,0.92
2003-06-24T12:00:00Z,10.475,72.675,0.91
2003-06-24T12:00:00Z,10.475,72.725,0.77
2003-06-24T12:00:00Z,10.475,72.775,0.77
2003-06-24T12:00:00Z,10.425,72.425,1.32
2003-06-24T12:00:00Z,10.425,72.475,1.1500000000000001
2003-06-24T12:00:00Z,10.425,72.525,0.98
2003-06-24T12:00:00Z,10.425,72.575,0.96
2003-06-24T12:00:00Z,10.425,72.625,0.9400000000000001
2003-06-24T12:00:00Z,10.425,72.675,0.92
2003-06-24T12:00:00Z,10.425,72.725,0.77
2003-06-24T12:00:00Z,10.425,72.775,0.77
2003-06-24T12:00:00Z,10.375,72.425,1.46
2003-06-24T12:00:00Z,10.375,72.475,1.43
2003-06-24T12:00:00Z,10.375,72.525,0.98
2003-06-24T12:00:00Z,10.375,72.575,0.9500000000000001
2003-06-24T12:00:00Z,10.375,72.625,0.9400000000000001
2003-06-24T12:00:00Z,10.375,72.675,0.93
2003-06-24T12:00:00Z,10.375,72.725,0.92
2003-06-24T12:00:00Z,10.375,72.775,0.91
2003-07-24T12:00:00Z,10.625,72.425,1.1
2003-07-24T12:00:00Z,10.625,72.475,1.1
2003-07-24T12:00:00Z,10.625,72.525,1.07
2003-07-24T12:00:00Z,10.625,72.575,1.04
2003-07-24T12:00:00Z,10.625,72.625,1.03
2003-07-24T12:00:00Z,10.625,72.675,0.89
2003-07-24T12:00:00Z,10.625,72.725,0.88
2003-07-24T12:00:00Z,10.625,72.775,0.88
2003-07-24T12:00:00Z,10.575,72.425,1.12
2003-07-24T12:00:00Z,10.575,72.475,1.12
2003-07-24T12:00:00Z,10.575,72.525,1.09
2003-07-24T12:00:00Z,10.575,72.575,1.06
2003-07-24T12:00:00Z,10.575,72.625,1.04
2003-07-24T12:00:00Z,10.575,72.675,0.9
2003-07-24T12:00:00Z,10.575,72.725,0.9
2003-07-24T12:00:00Z,10.575,72.775,0.9
2003-07-24T12:00:00Z,10.525,72.425,1.29
2003-07-24T12:00:00Z,10.525,72.475,1.1400000000000001
2003-07-24T12:00:00Z,10.525,72.525,1.11
2003-07-24T12:00:00Z,10.525,72.575,0.93
2003-07-24T12:00:00Z,10.525,72.625,1.05
2003-07-24T12:00:00Z,10.525,72.675,0.91
2003-07-24T12:00:00Z,10.525,72.725,0.9
2003-07-24T12:00:00Z,10.525,72.775,0.76
2003-07-24T12:00:00Z,10.475,72.425,1.31
2003-07-24T12:00:00Z,10.475,72.475,1.1500000000000001
2003-07-24T12:00:00Z,10.475,72.525,0.98
2003-07-24T12:00:00Z,10.475,72.575,0.9500000000000001
2003-07-24T12:00:00Z,10.475,72.625,0.92
2003-07-24T12:00:00Z,10.475,72.675,0.91
2003-07-24T12:00:00Z,10.475,72.725,0.77
2003-07-24T12:00:00Z,10.475,72.775,0.77
2003-07-24T12:00:00Z,10.425,72.425,1.32
2003-07-24T12:00:00Z,10.425,72.475,1.1500000000000001
2003-07-24T12:00:00Z,10.425,72.525,0.98
2003-07-24T12:00:00Z,10.425,72.575,0.96
2003-07-24T12:00:00Z,10.425,72.625,0.9400000000000001
2003-07-24T12:00:00Z,10.425,72.675,0.92
2003-07-24T12:00:00Z,10.425,72.725,0.77
2003-07-24T12:00:00Z,10.425,72.775,0.77
2003-07-24T12:00:00Z,10.375,72.425,1.31
2003-07-24T12:00:00Z,10.375,72.475,1.29
2003-07-24T12:00:00Z,10.375,72.525,0.98
2003-07-24T12:00:00Z,10.375,72.575,0.9500000000000001
2003-07-24T12:00:00Z,10.375,72.625,0.9400000000000001
2003-07-24T12:00:00Z,10.375,72.675,0.93
2003-07-24T12:00:00Z,10.375,72.725,0.92
2003-07-24T12:00:00Z,10.375,72.775,0.91
2003-08-23T12:00:00Z,10.625,72.425,0.76
2003-08-23T12:00:00Z,10.625,72.475,0.75
2003-08-23T12:00:00Z,10.625,72.525,0.73
2003-08-23T12:00:00Z,10.625,72.575,0.7000000000000001
2003-08-23T12:00:00Z,10.625,72.625,0.53
2003-08-23T12:00:00Z,10.625,72.675,0.37
2003-08-23T12:00:00Z,10.625,72.725,0.36
2003-08-23T12:00:00Z,10.625,72.775,0.35000000000000003
2003-08-23T12:00:00Z,10.575,72.425,0.76
2003-08-23T12:00:00Z,10.575,72.475,0.76
2003-08-23T12:00:00Z,10.575,72.525,0.74
2003-08-23T12:00:00Z,10.575,72.575,0.71
2003-08-23T12:00:00Z,10.575,72.625,0.54
2003-08-23T12:00:00Z,10.575,72.675,0.38
2003-08-23T12:00:00Z,10.575,72.725,0.37
2003-08-23T12:00:00Z,10.575,72.775,0.36
2003-08-23T12:00:00Z,10.525,72.425,0.91
2003-08-23T12:00:00Z,10.525,72.475,0.76
2003-08-23T12:00:00Z,10.525,72.525,0.74
2003-08-23T12:00:00Z,10.525,72.575,0.58
2003-08-23T12:00:00Z,10.525,72.625,0.55
2003-08-23T12:00:00Z,10.525,72.675,0.39
2003-08-23T12:00:00Z,10.525,72.725,0.38
2003-08-23T12:00:00Z,10.525,72.775,0.37
2003-08-23T12:00:00Z,10.475,72.425,0.92
2003-08-23T12:00:00Z,10.475,72.475,0.77
2003-08-23T12:00:00Z,10.475,72.525,0.61
2003-08-23T12:00:00Z,10.475,72.575,0.58
2003-08-23T12:00:00Z,10.475,72.625,0.56
2003-08-23T12:00:00Z,10.475,72.675,0.4
2003-08-23T12:00:00Z,10.475,72.725,0.39
2003-08-23T12:00:00Z,10.475,72.775,0.38
2003-08-23T12:00:00Z,10.425,72.425,0.92
2003-08-23T12:00:00Z,10.425,72.475,0.76
2003-08-23T12:00:00Z,10.425,72.525,0.6
2003-08-23T12:00:00Z,10.425,72.575,0.58
2003-08-23T12:00:00Z,10.425,72.625,0.5700000000000001
2003-08-23T12:00:00Z,10.425,72.675,0.55
2003-08-23T12:00:00Z,10.425,72.725,0.4
2003-08-23T12:00:00Z,10.425,72.775,0.39
2003-08-23T12:00:00Z,10.375,72.425,0.91
2003-08-23T12:00:00Z,10.375,72.475,0.9
2003-08-23T12:00:00Z,10.375,72.525,0.6
2003-08-23T12:00:00Z,10.375,72.575,0.58
2003-08-23T12:00:00Z,10.375,72.625,0.5700000000000001
2003-08-23T12:00:00Z,10.375,72.675,0.56
2003-08-23T12:00:00Z,10.375,72.725,0.55
2003-08-23T12:00:00Z,10.375,72.775,0.54
2003-09-22T12:00:00Z,10.625,72.425,0.0
2003-09-22T12:00:00Z,10.625,72.475,0.0
2003-09-22T12:00:00Z,10.625,72.525,0.0
2003-09-22T12:00:00Z,10.625,72.575,0.0
2003-09-22T12:00:00Z,10.625,72.625,0.0
2003-09-22T12:00:00Z,10.625,72.675,0.0
2003-09-22T12:00:00Z,10.625,72.725,0.0
2003-09-22T12:00:00Z,10.625,72.775,0.0
2003-09-22T12:00:00Z,10.575,72.425,0.0
2003-09-22T12:00:00Z,10.575,72.475,0.0
2003-09-22T12:00:00Z,10.575,72.525,0.0
2003-09-22T12:00:00Z,10.575,72.575,0.0
2003-09-22T12:00:00Z,10.575,72.625,0.0
2003-09-22T12:00:00Z,10.575,72.675,0.0
2003-09-22T12:00:00Z,10.575,72.725,0.0
2003-09-22T12:00:00Z,10.575,72.775,0.0
2003-09-22T12:00:00Z,10.525,72.425,0.0
2003-09-22T12:00:00Z,10.525,72.475,0.0
2003-09-22T12:00:00Z,10.525,72.525,0.0
2003-09-22T12:00:00Z,10.525,72.575,0.0
2003-09-22T12:00:00Z,10.525,72.625,0.0
2003-09-22T12:00:00Z,10.525,72.675,0.0
2003-09-22T12:00:00Z,10.525,72.725,0.0
2003-09-22T12:00:00Z,10.525,72.775,0.0
2003-09-22T12:00:00Z,10.475,72.425,0.0
2003-09-22T12:00:00Z,10.475,72.475,0.0
2003-09-22T12:00:00Z,10.475,72.525,0.0
2003-09-22T12:00:00Z,10.475,72.575,0.0
2003-09-22T12:00:00Z,10.475,72.625,0.0
2003-09-22T12:00:00Z,10.475,72.675,0.0
2003-09-22T12:00:00Z,10.475,72.725,0.0
2003-09-22T12:00:00Z,10.475,72.775,0.0
2003-09-22T12:00:00Z,10.425,72.425,0.0
2003-09-22T12:00:00Z,10.425,72.475,0.0
2003-09-22T12:00:00Z,10.425,72.525,0.0
2003-09-22T12:00:00Z,10.425,72.575,0.0
2003-09-22T12:00:00Z,10.425,72.625,0.0
2003-09-22T12:00:00Z,10.425,72.675,0.0
2003-09-22T12:00:00Z,10.425,72.725,0.0
2003-09-22T12:00:00Z,10.425,72.775,0.0
2003-09-22T12:00:00Z,10.375,72.425,0.0
2003-09-22T12:00:00Z,10.375,72.475,0.0
2003-09-22T12:00:00Z,10.375,72.525,0.0
2003-09-22T12:00:00Z,10.375,72.575,0.0
2003-09-22T12:00:00Z,10.375,72.625,0.0
2003-09-22T12:00:00Z,10.375,72.675,0.0
2003-09-22T12:00:00Z,10.375,72.725,0.0
2003-09-22T12:00:00Z,10.375,72.775,0.0
2003-10-22T12:00:00Z,10.625,72.425,0.0
2003-10-22T12:00:00Z,10.625,72.475,0.0
2003-10-22T12:00:00Z,10.625,72.525,0.0
2003-10-22T12:00:00Z,10.625,72.575,0.0
2003-10-22T12:00:00Z,10.625,72.625,0.0
2003-10-22T12:00:00Z,10.625,72.675,0.0
2003-10-22T12:00:00Z,10.625,72.725,0.0
2003-10-22T12:00:00Z,10.625,72.775,0.0
2003-10-22T12:00:00Z,10.575,72.425,0.0
2003-10-22T12:00:00Z,10.575,72.475,0.0
2003-10-22T12:00:00Z,10.575,72.525,0.0
2003-10-22T12:00:00Z,10.575,72.575,0.0
2003-10-22T12:00:00Z,10.575,72.625,0.0
2003-10-22T12:00:00Z,10.575,72.675,0.0
2003-10-22T12:00:00Z,10.575,72.725,0.0
2003-10-22T12:00:00Z,10.575,72.775,0.0
2003-10-22T12:00:00Z,10.525,72.425,0.0
2003-10-22T12:00:00Z,10.525,72.475,0.0
2003-10-22T12:00:00Z,10.525,72.525,0.0
2003-10-22T12:00:00Z,10.525,72.575,0.0
2003-10-22T12:00:00Z,10.525,72.625,0.0
2003-10-22T12:00:00Z,10.525,72.675,0.0
2003-10-22T12:00:00Z,10.525,72.725,0.0
2003-10-22T12:00:00Z,10.525,72.775,0.0
2003-10-22T12:00:00Z,10.475,72.425,0.0
2003-10-22T12:00:00Z,10.475,72.475,0.0
2003-10-22T12:00:00Z,10.475,72.525,0.0
2003-10-22T12:00:00Z,10.475,72.575,0.0
2003-10-22T12:00:00Z,10.475,72.625,0.0
2003-10-22T12:00:00Z,10.475,72.675,0.0
2003-10-22T12:00:00Z,10.475,72.725,0.0
2003-10-22T12:00:00Z,10.475,72.775,0.0
2003-10-22T12:00:00Z,10.425,72.425,0.0
2003-10-22T12:00:00Z,10.425,72.475,0.0
2003-10-22T12:00:00Z,10.425,72.525,0.0
2003-10-22T12:00:00Z,10.425,72.575,0.0
2003-10-22T12:00:00Z,10.425,72.625,0.0
2003-10-22T12:00:00Z,10.425,72.675,0.0
2003-10-22T12:00:00Z,10.425,72.725,0.0
2003-10-22T12:00:00Z,10.425,72.775,0.0
2003-10-22T12:00:00Z,10.375,72.425,0.0
2003-10-22T12:00:00Z,10.375,72.475,0.0
2003-10-22T12:00:00Z,10.375,72.525,0.0
2003-10-22T12:00:00Z,10.375,72.575,0.0
2003-10-22T12:00:00Z,10.375,72.625,0.0
2003-10-22T12:00:00Z,10.375,72.675,0.0
2003-10-22T12:00:00Z,10.375,72.725,0.0
2003-10-22T12:00:00Z,10.375,72.775,0.0
2003-11-21T12:00:00Z,10.625,72.425,0.0
2003-11-21T12:00:00Z,10.625,72.475,0.0
2003-11-21T12:00:00Z,10.625,72.525,0.0
2003-11-21T12:00:00Z,10.625,72.575,0.0
2003-11-21T12:00:00Z,10.625,72.625,0.0
2003-11-21T12:00:00Z,10.625,72.675,0.0
2003-11-21T12:00:00Z,10.625,72.725,0.0
2003-11-21T12:00:00Z,10.625,72.775,0.0
2003-11-21T12:00:00Z,10.575,72.425,0.0
2003-11-21T12:00:00Z,10.575,72.475,0.0
2003-11-21T12:00:00Z,10.575,72.525,0.0
2003-11-21T12:00:00Z,10.575,72.575,0.0
2003-11-21T12:00:00Z,10.575,72.625,0.0
2003-11-21T12:00:00Z,10.575,72.675,0.0
2003-11-21T12:00:00Z,10.575,72.725,0.0
2003-11-21T12:00:00Z,10.575,72.775,0.0
2003-11-21T12:00:00Z,10.525,72.425,0.0
2003-11-21T12:00:00Z,10.525,72.475,0.0
2003-11-21T12:00:00Z,10.525,72.525,0.0
2003-11-21T12:00:00Z,10.525,72.575,0.0
2003-11-21T12:00:00Z,10.525,72.625,0.0
2003-11-21T12:00:00Z,10.525,72.675,0.0
2003-11-21T12:00:00Z,10.525,72.725,0.0
2003-11-21T12:00:00Z,10.525,72.775,0.0
2003-11-21T12:00:00Z,10.475,72.425,0.0
2003-11-21T12:00:00Z,10.475,72.475,0.0
2003-11-21T12:00:00Z,10.475,72.525,0.0
2003-11-21T12:00:00Z,10.475,72.575,0.0
2003-11-21T12:00:00Z,10.475,72.625,0.0
2003-11-21T12:00:00Z,10.475,72.675,0.0
2003-11-21T12:00:00Z,10.475,72.725,0.0
2003-11-21T12:00:00Z,10.475,72.775,0.0
2003-11-21T12:00:00Z,10.425,72.425,0.0
2003-11-21T12:00:00Z,10.425,72.475,0.0
2003-11-21T12:00:00Z,10.425,72.525,0.0
2003-11-21T12:00:00Z,10.425,72.575,0.0
2003-11-21T12:00:00Z,10.425,72.625,0.0
2003-11-21T12:00:00Z,10.425,72.675,0.0
2003-11-21T12:00:00Z,10.425,72.725,0.0
2003-11-21T12:00:00Z,10.425,72.775,0.0
2003-11-21T12:00:00Z,10.375,72.425,0.0
2003-11-21T12:00:00Z,10.375,72.475,0.0
2003-11-21T12:00:00Z,10.375,72.525,0.0
2003-11-21T12:00:00Z,10.375,72.575,0.0
2003-11-21T12:00:00Z,10.375,72.625,0.0
2003-11-21T12:00:00Z,10.375,72.675,0.0
2003-11-21T12:00:00Z,10.375,72.725,0.0
2003-11-21T12:00:00Z,10.375,72.775,0.0
2003-12-21T12:00:00Z,10.625,72.425,0.0
2003-12-21T12:00:00Z,10.625,72.475,0.0
2003-12-21T12:00:00Z,10.625,72.525,0.0
2003-12-21T12:00:00Z,10.625,72.575,0.0
2003-12-21T12:00:00Z,10.625,72.625,0.0
2003-12-21T12:00:00Z,10.625,72.675,0.0
2003-12-21T12:00:00Z,10.625,72.725,0.0
2003-12-21T12:00:00Z,10.625,72.775,0.0
2003-12-21T12:00:00Z,10.575,72.425,0.0
2003-12-21T12:00:00Z,10.575,72.475,0.0
2003-12-21T12:00:00Z,10.575,72.525,0.0
2003-12-21T12:00:00Z,10.575,72.575,0.0
2003-12-21T12:00:00Z,10.575,72.625,0.0
2003-12-21T12:00:00Z,10.575,72.675,0.0
2003-12-21T12:00:00Z,10.575,72.725,0.0
2003-12-21T12:00:00Z,10.575,72.775,0.0
2003-12-21T12:00:00Z,10.525,72.425,0.0
2003-12-21T12:00:00Z,10.525,72.475,0.0
2003-12-21T12:00:00Z,10.525,72.525,0.0
2003-12-21T12:00:00Z,10.525,72.575,0.0
2003-12-21T12:00:00Z,10.525,72.625,0.0
2003-12-21T12:00:00Z,10.525,72.675,0.0
2003-12-21T12:00:00Z,10.525,72.725,0.0
2003-12-21T12:00:00Z,10.525,72.775,0.0
2003-12-21T12:00:00Z,10.475,72.425,0.0
2003-12-21T12:00:00Z,10.475,72.475,0.0
2003-12-21T12:00:00Z,10.475,72.525,0.0
2003-12-21T12:00:00Z,10.475,72.575,0.0
2003-12-21T12:00:00Z,10.475,72.625,0.0
2003-12-21T12:00:00Z,10.475,72.675,0.0
2003-12-21T12:00:00Z,10.475,72.725,0.0
2003-12-21T12:00:00Z,10.475,72.775,0.0
2003-12-21T12:00:00Z,10.425,72.425,0.0
2003-12-21T12:00:00Z,10.425,72.475,0.0
2003-12-21T12:00:00Z,10.425,72.525,0.0
2003-12-21T12:00:00Z,10.425,72.575,0.0
2003-12-21T12:00:00Z,10.425,72.625,0.0
2003-12-21T12:00:00Z,10.425,72.675,0.0
2003-12-21T12:00:00Z,10.425,72.725,0.0
2003-12-21T12:00:00Z,10.425,72.775,0.0
2003-12-21T12:00:00Z,10.375,72.425,0.0
2003-12-21T12:00:00Z,10.375,72.475,0.0
2003-12-21T12:00:00Z,10.375,72.525,0.0
2003-12-21T12:00:00Z,10.375,72.575,0.0
2003-12-21T12:00:00Z,10.375,72.625,0.0
2003-12-21T12:00:00Z,10.375,72.675,0.0
2003-12-21T12:00:00Z,10.375,72.725,0.0
2003-12-21T12:00:00Z,10.375,72.775,0.0
2004-01-20T12:00:00Z,10.625,72.425,0.0
2004-01-20T12:00:00Z,10.625,72.475,0.0
2004-01-20T12:00:00Z,10.625,72.525,0.0
2004-01-20T12:00:00Z,10.625,72.575,0.0
2004-01-20T12:00:00Z,10.625,72.625,0.0
2004-01-20T12:00:00Z,10.625,72.675,0.0
2004-01-20T12:00:00Z,10.625,72.725,0.0
2004-01-20T12:00:00Z,10.625,72.775,0.0
2004-01-20T12:00:00Z,10.575,72.425,0.0
2004-01-20T12:00:00Z,10.575,72.475,0.0
2004-01-20T12:00:00Z,10.575,72.525,0.0
2004-01-20T12:00:00Z,10.575,72.575,0.0
2004-01-20T12:00:00Z,10.575,72.625,0.0
2004-01-20T12:00:00Z,10.575,72.675,0.0
2004-01-20T12:00:00Z,10.575,72.725,0.0
2004-01-20T12:00:00Z,10.575,72.775,0.0
2004-01-20T12:00:00Z,10.525,72.425,0.0
2004-01-20T12:00:00Z,10.525,72.475,0.0
2004-01-20T12:00:00Z,10.525,72.525,0.0
2004-01-20T12:00:00Z,10.525,72.575,0.0
2004-01-20T12:00:00Z,10.525,72.625,0.0
2004-01-20T12:00:00Z,10.525,72.675,0.0
2004-01-20T12:00:00Z,10.525,72.725,0.0
2004-01-20T12:00:00Z,10.525,72.775,0.0
2004-01-20T12:00:00Z,10.475,72.425,0.0
2004-01-20T12:00:00Z,10.475,72.475,0.0
2004-01-20T12:00:00Z,10.475,72.525,0.0
2004-01-20T12:00:00Z,10.475,72.575,0.0
2004-01-20T12:00:00Z,10.475,72.625,0.0
2004-01-20T12:00:00Z,10.475,72.675,0.0
2004-01-20T12:00:00Z,10.475,72.725,0.0
2004-01-20T12:00:00Z,10.475,72.775,0.0
2004-01-20T12:00:00Z,10.425,72.425,0.0
2004-01-20T12:00:00Z,10.425,72.475,0.0
2004-01-20T12:00:00Z,10.425,72.525,0.0
2004-01-20T12:00:00Z,10.425,72.575,0.0
2004-01-20T12:00:00Z,10.425,72.625,0.0
2004-01-20T12:00:00Z,10.425,72.675,0.0
2004-01-20T12:00:00Z,10.425,72.725,0.0
2004-01-20T12:00:00Z,10.425,72.775,0.0
2004-01-20T12:00:00Z,10.375,72.425,0.0
2004-01-20T12:00:00Z,10.375,72.475,0.0
2004-01-20T12:00:00Z,10.375,72.525,0.0
2004-01-20T12:00:00Z,10.375,72.575,0.0
2004-01-20T12:00:00Z,10.375,72.625,0.0
2004-01-20T12:00:00Z,10.375,72.675,0.0
2004-01-20T12:00:00Z,10.375,72.725,0.0
2004-01-20T12:00:00Z,10.375,72.775,0.0
2004-02-19T12:00:00Z,10.625,72.425,0.0
2004-02-19T12:00:00Z,10.625,72.475,0.0
2004-02-19T12:00:00Z,10.625,72.525,0.0
2004-02-19T12:00:00Z,10.625,72.575,0.0
2004-02-19T12:00:00Z,10.625,72.625,0.0
2004-02-19T12:00:00Z,10.625,72.675,0.0
2004-02-19T12:00:00Z,10.625,72.725,0.0
2004-02-19T12:00:00Z,10.625,72.775,0.0
2004-02-19T12:00:00Z,10.575,72.425,0.0
2004-02-19T12:00:00Z,10.575,72.475,0.0
2004-02-19T12:00:00Z,10.575,72.525,0.0
2004-02-19T12:00:00Z,10.575,72.575,0.0
2004-02-19T12:00:00Z,10.575,72.625,0.0
2004-02-19T12:00:00Z,10.575,72.675,0.0
2004-02-19T12:00:00Z,10.575,72.725,0.0
2004-02-19T12:00:00Z,10.575,72.775,0.0
2004-02-19T12:00:00Z,10.525,72.425,0.0
2004-02-19T12:00:00Z,10.525,72.475,0.0
2004-02-19T12:00:00Z,10.525,72.525,0.0
2004-02-19T12:00:00Z,10.525,72.575,0.0
2004-02-19T12:00:00Z,10.525,72.625,0.0
2004-02-19T12:00:00Z,10.525,72.675,0.0
2004-02-19T12:00:00Z,10.525,72.725,0.0
2004-02-19T12:00:00Z,10.525,72.775,0.0
2004-02-19T12:00:00Z,10.475,72.425,0.0
2004-02-19T12:00:00Z,10.475,72.475,0.0
2004-02-19T12:00:00Z,10.475,72.525,0.0
2004-02-19T12:00:00Z,10.475,72.575,0.0
2004-02-19T12:00:00Z,10.475,72.625,0.0
2004-02-19T12:00:00Z,10.475,72.675,0.0
2004-02-19T12:00:00Z,10.475,72.725,0.0
2004-02-19T12:00:00Z,10.475,72.775,0.0
2004-02-19T12:00:00Z,10.425,72.425,0.0
2004-02-19T12:00:00Z,10.425,72.475,0.0
2004-02-19T12:00:00Z,10.425,72.525,0.0
2004-02-19T12:00:00Z,10.425,72.575,0.0
2004-02-19T12:00:00Z,10.425,72.625,0.0
2004-02-19T12:00:00Z,10.425,72.675,0.0
2004-02-19T12:00:00Z,10.425,72.725,0.0
2004-02-19T12:00:00Z,10.425,72.775,0.0
2004-02-19T12:00:00Z,10.375,72.425,0.0
2004-02-19T12:00:00Z,10.375,72.475,0.0
2004-02-19T12:00:00Z,10.375,72.525,0.0
2004-02-19T12:00:00Z,10.375,72.575,0.0
2004-02-19T12:00:00Z,10.375,72.625,0.0
2004-02-19T12:00:00Z,10.375,72.675,0.0
2004-02-19T12:00:00Z,10.375,72.725,0.0
2004-02-19T12:00:00Z,10.375,72.775,0.0
2004-03-20T12:00:00Z,10.625,72.425,0.0
2004-03-20T12:00:00Z,10.625,72.475,0.0
2004-03-20T12:00:00Z,10.625,72.525,0.0
2004-03-20T12:00:00Z,10.625,72.575,0.0
2004-03-20T12:00:00Z,10.625,72.625,0.0
2004-03-20T12:00:00Z,10.625,72.675,0.0
2004-03-20T12:00:00Z,10.625,72.725,0.0
2004-03-20T12:00:00Z,10.625,72.775,0.0
2004-03-20T12:00:00Z,10.575,72.425,0.0
2004-03-20T12:00:00Z,10.575,72.475,0.0
2004-03-20T12:00:00Z,10.575,72.525,0.0
2004-03-20T12:00:00Z,10.575,72.575,0.0
2004-03-20T12:00:00Z,10.575,72.625,0.0
2004-03-20T12:00:00Z,10.575,72.675,0.0
2004-03-20T12:00:00Z,10.575,72.725,0.0
2004-03-20T12:00:00Z,10.575,72.775,0.0
2004-03-20T12:00:00Z,10.525,72.425,0.0
2004-03-20T12:00:00Z,10.525,72.475,0.0
2004-03-20T12:00:00Z,10.525,72.525,0.0
2004-03-20T12:00:00Z,10.525,72.575,0.0
2004-03-20T12:00:00Z,10.525,72.625,0.0
2004-03-20T12:00:00Z,10.525,72.675,0.0
2004-03-20T12:00:00Z,10.525,72.725,0.0
2004-03-20T12:00:00Z,10.525,72.775,0.0
2004-03-20T12:00:00Z,10.475,72.425,0.0
2004-03-20T12:00:00Z,10.475,72.475,0.0
2004-03-20T12:00:00Z,10.475,72.525,0.0
2004-03-20T12:00:00Z,10.475,72.575,0.0
2004-03-20T12:00:00Z,10.475,72.625,0.0
2004-03-20T12:00:00Z,10.475,72.675,0.0
2004-03-20T12:00:00Z,10.475,72.725,0.0
2004-03-20T12:00:00Z,10.475,72.775,0.0
2004-03-20T12:00:00Z,10.425,72.425,0.0
2004-03-20T12:00:00Z,10.425,72.475,0.0
2004-03-20T12:00:00Z,10.425,72.525,0.0
2004-03-20T12:00:00Z,10.425,72.575,0.0
2004-03-20T12:00:00Z,10.425,72.625,0.0
2004-03-20T12:00:00Z,10.425,72.675,0.0
2004-03-20T12:00:00Z,10.425,72.725,0.0
2004-03-20T12:00:00Z,10.425,72.775,0.0
2004-03-20T12:00:00Z,10.375,72.425,0.0
2004-03-20T12:00:00Z,10.375,72.475,0.0
2004-03-20T12:00:00Z,10.375,72.525,0.0
2004-03-20T12:00:00Z,10.375,72.575,0.0
2004-03-20T12:00:00Z,10.375,72.625,0.0
2004-03-20T12:00:00Z,10.375,72.675,0.0
2004-03-20T12:00:00Z,10.375,72.725,0.0
2004-03-20T12:00:00Z,10.375,72.775,0.0
2004-04-19T12:00:00Z,10.625,72.425,0.0
2004-04-19T12:00:00Z,10.625,72.475,0.0
2004-04-19T12:00:00Z,10.625,72.525,0.0
2004-04-19T12:00:00Z,10.625,72.575,0.0
2004-04-19T12:00:00Z,10.625,72.625,0.0
2004-04-19T12:00:00Z,10.625,72.675,0.0
2004-04-19T12:00:00Z,10.625,72.725,0.0
2004-04-19T12:00:00Z,10.625,72.775,0.0
2004-04-19T12:00:00Z,10.575,72.425,0.0
2004-04-19T12:00:00Z,10.575,72.475,0.0
2004-04-19T12:00:00Z,10.575,72.525,0.0
2004-04-19T12:00:00Z,10.575,72.575,0.0
2004-04-19T12:00:00Z,10.575,72.625,0.0
2004-04-19T12:00:00Z,10.575,72.675,0.0
2004-04-19T12:00:00Z,10.575,72.725,0.0
2004-04-19T12:00:00Z,10.575,72.775,0.0
2004-04-19T12:00:00Z,10.525,72.425,0.0
2004-04-19T12:00:00Z,10.525,72.475,0.0
2004-04-19T12:00:00Z,10.525,72.525,0.0
2004-04-19T12:00:00Z,10.525,72.575,0.0
2004-04-19T12:00:00Z,10.525,72.625,0.0
2004-04-19T12:00:00Z,10.525,72.675,0.0
2004-04-19T12:00:00Z,10.525,72.725,0.0
2004-04-19T12:00:00Z,10.525,72.775,0.0
2004-04-19T12:00:00Z,10.475,72.425,0.0
2004-04-19T12:00:00Z,10.475,72.475,0.0
2004-04-19T12:00:00Z,10.475,72.525,0.0
2004-04-19T12:00:00Z,10.475,72.575,0.0
2004-04-19T12:00:00Z,10.475,72.625,0.0
2004-04-19T12:00:00Z,10.475,72.675,0.0
2004-04-19T12:00:00Z,10.475,72.725,0.0
2004-04-19T12:00:00Z,10.475,72.775,0.0
2004-04-19T12:00:00Z,10.425,72.425,0.0
2004-04-19T12:00:00Z,10.425,72.475,0.0
2004-04-19T12:00:00Z,10.425,72.525,0.0
2004-04-19T12:00:00Z,10.425,72.575,0.0
2004-04-19T12:00:00Z,10.425,72.625,0.0
2004-04-19T12:00:00Z,10.425,72.675,0.0
2004-04-19T12:00:00Z,10.425,72.725,0.0
2004-04-19T12:00:00Z,10.425,72.775,0.0
2004-04-19T12:00:00Z,10.375,72.425,0.0
2004-04-19T12:00:00Z,10.375,72.475,0.0
2004-04-19T12:00:00Z,10.375,72.525,0.0
2004-04-19T12:00:00Z,10.375,72.575,0.0
2004-04-19T12:00:00Z,10.375,72.625,0.0
2004-04-19T12:00:00Z,10.375,72.675,0.0
2004-04-19T12:00:00Z,10.375,72.725,0.0
2004-04-19T12:00:00Z,10.375,72.775,0.0
2004-05-19T12:00:00Z,10.625,72.425,0.0
2004-05-19T12:00:00Z,10.625,72.475,0.0
2004-05-19T12:00:00Z,10.625,72.525,0.0
2004-05-19T12:00:00Z,10.625,72.575,0.0
2004-05-19T12:00:00Z,10.625,72.625,0.0
2004-05-19T12:00:00Z,10.625,72.675,0.0
2004-05-19T12:00:00Z,10.625,72.725,0.0
2004-05-19T12:00:00Z,10.625,72.775,0.0
2004-05-19T12:00:00Z,10.575,72.425,0.0
2004-05-19T12:00:00Z,10.575,72.475,0.0
2004-05-19T12:00:00Z,10.575,72.525,0.0
2004-05-19T12:00:00Z,10.575,72.575,0.0
2004-05-19T12:00:00Z,10.575,72.625,0.0
2004-05-19T12:00:00Z,10.575,72.675,0.0
2004-05-19T12:00:00Z,10.575,72.725,0.0
2004-05-19T12:00:00Z,10.575,72.775,0.0
2004-05-19T12:00:00Z,10.525,72.425,0.0
2004-05-19T12:00:00Z,10.525,72.475,0.0
2004-05-19T12:00:00Z,10.525,72.525,0.0
2004-05-19T12:00:00Z,10.525,72.575,0.0
2004-05-19T12:00:00Z,10.525,72.625,0.0
2004-05-19T12:00:00Z,10.525,72.675,0.0
2004-05-19T12:00:00Z,10.525,72.725,0.0
2004-05-19T12:00:00Z,10.525,72.775,0.0
2004-05-19T12:00:00Z,10.475,72.425,0.0
2004-05-19T12:00:00Z,10.475,72.475,0.0
2004-05-19T12:00:00Z,10.475,72.525,0.0
2004-05-19T12:00:00Z,10.475,72.575,0.0
2004-05-19T12:00:00Z,10.475,72.625,0.0
2004-05-19T12:00:00Z,10.475,72.675,0.0
2004-05-19T12:00:00Z,10.475,72.725,0.0
2004-05-19T12:00:00Z,10.475,72.775,0.0
2004-05-19T12:00:00Z,10.425,72.425,0.0
2004-05-19T12:00:00Z,10.425,72.475,0.0
2004-05-19T12:00:00Z,10.425,72.525,0.0
2004-05-19T12:00:00Z,10.425,72.575,0.0
2004-05-19T12:00:00Z,10.425,72.625,0.0
2004-05-19T12:00:00Z,10.425,72.675,0.0
2004-05-19T12:00:00Z,10.425,72.725,0.0
2004-05-19T12:00:00Z,10.425,72.775,0.0
2004-05-19T12:00:00Z,10.375,72.425,0.0
2004-05-19T12:00:00Z,10.375,72.475,0.0
2004-05-19T12:00:00Z,10.375,72.525,0.0
2004-05-19T12:00:00Z,10.375,72.575,0.0
2004-05-19T12:00:00Z,10.375,72.625,0.0
2004-05-19T12:00:00Z,10.375,72.675,0.0
2004-05-19T12:00:00Z,10.375,72.725,0.0
2004-05-19T12:00:00Z,10.375,72.775,0.0
2004-06-18T12:00:00Z,10.625,72.425,0.0
2004-06-18T12:00:00Z,10.625,72.475,0.0
2004-06-18T12:00:00Z,10.625,72.525,0.0
2004-06-18T12:00:00Z,10.625,72.575,0.0
2004-06-18T12:00:00Z,10.625,72.625,0.0
2004-06-18T12:00:00Z,10.625,72.675,0.0
2004-06-18T12:00:00Z,10.625,72.725,0.0
2004-06-18T12:00:00Z,10.625,72.775,0.0
2004-06-18T12:00:00Z,10.575,72.425,0.0
2004-06-18T12:00:00Z,10.575,72.475,0.0
2004-06-18T12:00:00Z,10.575,72.525,0.0
2004-06-18T12:00:00Z,10.575,72.575,0.0
2004-06-18T12:00:00Z,10.575,72.625,0.0
2004-06-18T12:00:00Z,10.575,72.675,0.0
2004-06-18T12:00:00Z,10.575,72.725,0.0
2004-06-18T12:00:00Z,10.575,72.775,0.0
2004-06-18T12:00:00Z,10.525,72.425,0.0
2004-06-18T12:00:00Z,10.525,72.475,0.0
2004-06-18T12:00:00Z,10.525,72.525,0.0
2004-06-18T12:00:00Z,10.525,72.575,0.0
2004-06-18T12:00:00Z,10.525,72.625,0.0
2004-06-18T12:00:00Z,10.525,72.675,0.0
2004-06-18T12:00:00Z,10.525,72.725,0.0
2004-06-18T12:00:00Z,10.525,72.775,0.0
2004-06-18T12:00:00Z,10.475,72.425,0.0
2004-06-18T12:00:00Z,10.475,72.475,0.0
2004-06-18T12:00:00Z,10.475,72.525,0.0
2004-06-18T12:00:00Z,10.475,72.575,0.0
2004-06-18T12:00:00Z,10.475,72.625,0.0
2004-06-18T12:00:00Z,10.475,72.675,0.0
2004-06-18T12:00:00Z,10.475,72.725,0.0
2004-06-18T12:00:00Z,10.475,72.775,0.0
2004-06-18T12:00:00Z,10.425,72.425,0.0
2004-06-18T12:00:00Z,10.425,72.475,0.0
2004-06-18T12:00:00Z,10.425,72.525,0.0
2004-06-18T12:00:00Z,10.425,72.575,0.0
2004-06-18T12:00:00Z,10.425,72.625,0.0
2004-06-18T12:00:00Z,10.425,72.675,0.0
2004-06-18T12:00:00Z,10.425,72.725,0.0
2004-06-18T12:00:00Z,10.425,72.775,0.0
2004-06-18T12:00:00Z,10.375,72.425,0.0
2004-06-18T12:00:00Z,10.375,72.475,0.0
2004-06-18T12:00:00Z,10.375,72.525,0.0
2004-06-18T12:00:00Z,10.375,72.575,0.0
2004-06-18T12:00:00Z,10.375,72.625,0.0
2004-06-18T12:00:00Z,10.375,72.675,0.0
2004-06-18T12:00:00Z,10.375,72.725,0.0
2004-06-18T12:00:00Z,10.375,72.775,0.0
2004-07-18T12:00:00Z,10.625,72.425,0.0
2004-07-18T12:00:00Z,10.625,72.475,0.0
2004-07-18T12:00:00Z,10.625,72.525,0.0
2004-07-18T12:00:00Z,10.625,72.575,0.0
2004-07-18T12:00:00Z,10.625,72.625,0.0
2004-07-18T12:00:00Z,10.625,72.675,0.0
2004-07-18T12:00:00Z,10.625,72.725,0.0
2004-07-18T12:00:00Z,10.625,72.775,0.0
2004-07-18T12:00:00Z,10.575,72.425,0.0
2004-07-18T12:00:00Z,10.575,72.475,0.0
2004-07-18T12:00:00Z,10.575,72.525,0.0
2004-07-18T12:00:00Z,10.575,72.575,0.0
2004-07-18T12:00:00Z,10.575,72.625,0.0
2004-07-18T12:00:00Z,10.575,72.675,0.0
2004-07-18T12:00:00Z,10.575,72.725,0.0
2004-07-18T12:00:00Z,10.575,72.775,0.0
2004-07-18T12:00:00Z,10.525,72.425,0.0
2004-07-18T12:00:00Z,10.525,72.475,0.0
2004-07-18T12:00:00Z,10.525,72.525,0.0
2004-07-18T12:00:00Z,10.525,72.575,0.0
2004-07-18T12:00:00Z,10.525,72.625,0.0
2004-07-18T12:00:00Z,10.525,72.675,0.0
2004-07-18T12:00:00Z,10.525,72.725,0.0
2004-07-18T12:00:00Z,10.525,72.775,0.0
2004-07-18T12:00:00Z,10.475,72.425,0.0
2004-07-18T12:00:00Z,10.475,72.475,0.0
2004-07-18T12:00:00Z,10.475,72.525,0.0
2004-07-18T12:00:00Z,10.475,72.575,0.0
2004-07-18T12:00:00Z,10.475,72.625,0.0
2004-07-18T12:00:00Z,10.475,72.675,0.0
2004-07-18T12:00:00Z,10.475,72.725,0.0
2004-07-18T12:00:00Z,10.475,72.775,0.0
2004-07-18T12:00:00Z,10.425,72.425,0.0
2004-07-18T12:00:00Z,10.425,72.475,0.0
2004-07-18T12:00:00Z,10.425,72.525,0.0
2004-07-18T12:00:00Z,10.425,72.575,0.0
2004-07-18T12:00:00Z,10.425,72.625,0.0
2004-07-18T12:00:00Z,10.425,72.675,0.0
2004-07-18T12:00:00Z,10.425,72.725,0.0
2004-07-18T12:00:00Z,10.425,72.775,0.0
2004-07-18T12:00:00Z,10.375,72.425,0.0
2004-07-18T12:00:00Z,10.375,72.475,0.0
2004-07-18T12:00:00Z,10.375,72.525,0.0
2004-07-18T12:00:00Z,10.375,72.575,0.0
2004-07-18T12:00:00Z,10.375,72.625,0.0
2004-07-18T12:00:00Z,10.375,72.675,0.0
2004-07-18T12:00:00Z,10.375,72.725,0.0
2004-07-18T12:00:00Z,10.375,72.775,0.0
2004-08-17T12:00:00Z,10.625,72.425,0.0
2004-08-17T12:00:00Z,10.625,72.475,0.0
2004-08-17T12:00:00Z,10.625,72.525,0.0
2004-08-17T12:00:00Z,10.625,72.575,0.0
2004-08-17T12:00:00Z,10.625,72.625,0.0
2004-08-17T12:00:00Z,10.625,72.675,0.0
2004-08-17T12:00:00Z,10.625,72.725,0.0
2004-08-17T12:00:00Z,10.625,72.775,0.0
2004-08-17T12:00:00Z,10.575,72.425,0.0
2004-08-17T12:00:00Z,10.575,72.475,0.0
2004-08-17T12:00:00Z,10.575,72.525,0.0
2004-08-17T12:00:00Z,10.575,72.575,0.0
2004-08-17T12:00:00Z,10.575,72.625,0.0
2004-08-17T12:00:00Z,10.575,72.675,0.0
2004-08-17T12:00:00Z,10.575,72.725,0.0
2004-08-17T12:00:00Z,10.575,72.775,0.0
2004-08-17T12:00:00Z,10.525,72.425,0.0
2004-08-17T12:00:00Z,10.525,72.475,0.0
2004-08-17T12:00:00Z,10.525,72.525,0.0
2004-08-17T12:00:00Z,10.525,72.575,0.0
2004-08-17T12:00:00Z,10.525,72.625,0.0
2004-08-17T12:00:00Z,10.525,72.675,0.0
2004-08-17T12:00:00Z,10.525,72.725,0.0
2004-08-17T12:00:00Z,10.525,72.775,0.0
2004-08-17T12:00:00Z,10.475,72.425,0.0
2004-08-17T12:00:00Z,10.475,72.475,0.0
2004-08-17T12:00:00Z,10.475,72.525,0.0
2004-08-17T12:00:00Z,10.475,72.575,0.0
2004-08-17T12:00:00Z,10.475,72.625,0.0
2004-08-17T12:00:00Z,10.475,72.675,0.0
2004-08-17T12:00:00Z,10.475,72.725,0.0
2004-08-17T12:00:00Z,10.475,72.775,0.0
2004-08-17T12:00:00Z,10.425,72.425,0.0
2004-08-17T12:00:00Z,10.425,72.475,0.0
2004-08-17T12:00:00Z,10.425,72.525,0.0
2004-08-17T12:00:00Z,10.425,72.575,0.0
2004-08-17T12:00:00Z,10.425,72.625,0.0
2004-08-17T12:00:00Z,10.425,72.675,0.0
2004-08-17T12:00:00Z,10.425,72.725,0.0
2004-08-17T12:00:00Z,10.425,72.775,0.0
2004-08-17T12:00:00Z,10.375,72.425,0.0
2004-08-17T12:00:00Z,10.375,72.475,0.0
2004-08-17T12:00:00Z,10.375,72.525,0.0
2004-08-17T12:00:00Z,10.375,72.575,0.0
2004-08-17T12:00:00Z,10.375,72.625,0.0
2004-08-17T12:00:00Z,10.375,72.675,0.0
2004-08-17T12:00:00Z,10.375,72.725,0.0
2004-08-17T12:00:00Z,10.375,72.775,0.0
2004-09-16T12:00:00Z,10.625,72.425,0.0
2004-09-16T12:00:00Z,10.625,72.475,0.0
2004-09-16T12:00:00Z,10.625,72.525,0.0
2004-09-16T12:00:00Z,10.625,72.575,0.0
2004-09-16T12:00:00Z,10.625,72.625,0.0
2004-09-16T12:00:00Z,10.625,72.675,0.0
2004-09-16T12:00:00Z,10.625,72.725,0.0
2004-09-16T12:00:00Z,10.625,72.775,0.0
2004-09-16T12:00:00Z,10.575,72.425,0.0
2004-09-16T12:00:00Z,10.575,72.475,0.0
2004-09-16T12:00:00Z,10.575,72.525,0.0
2004-09-16T12:00:00Z,10.575,72.575,0.0
2004-09-16T12:00:00Z,10.575,72.625,0.0
2004-09-16T12:00:00Z,10.575,72.675,0.0
2004-09-16T12:00:00Z,10.575,72.725,0.0
2004-09-16T12:00:00Z,10.575,72.775,0.0
2004-09-16T12:00:00Z,10.525,72.425,0.0
2004-09-16T12:00:00Z,10.525,72.475,0.0
2004-09-16T12:00:00Z,10.525,72.525,0.0
2004-09-16T12:00:00Z,10.525,72.575,0.0
2004-09-16T12:00:00Z,10.525,72.625,0.0
2004-09-16T12:00:00Z,10.525,72.675,0.0
2004-09-16T12:00:00Z,10.525,72.725,0.0
2004-09-16T12:00:00Z,10.525,72.775,0.0
2004-09-16T12:00:00Z,10.475,72.425,0.0
2004-09-16T12:00:00Z,10.475,72.475,0.0
2004-09-16T12:00:00Z,10.475,72.525,0.0
2004-09-16T12:00:00Z,10.475,72.575,0.0
2004-09-16T12:00:00Z,10.475,72.625,0.0
2004-09-16T12:00:00Z,10.475,72.675,0.0
2004-09-16T12:00:00Z,10.475,72.725,0.0
2004-09-16T12:00:00Z,10.475,72.775,0.0
2004-09-16T12:00:00Z,10.425,72.425,0.0
2004-09-16T12:00:00Z,10.425,72.475,0.0
2004-09-16T12:00:00Z,10.425,72.525,0.0
2004-09-16T12:00:00Z,10.425,72.575,0.0
2004-09-16T12:00:00Z,10.425,72.625,0.0
2004-09-16T12:00:00Z,10.425,72.675,0.0
2004-09-16T12:00:00Z,10.425,72.725,0.0
2004-09-16T12:00:00Z,10.425,72.775,0.0
2004-09-16T12:00:00Z,10.375,72.425,0.0
2004-09-16T12:00:00Z,10.375,72.475,0.0
2004-09-16T12:00:00Z,10.375,72.525,0.0
2004-09-16T12:00:00Z,10.375,72.575,0.0
2004-09-16T12:00:00Z,10.375,72.625,0.0
2004-09-16T12:00:00Z,10.375,72.675,0.0
2004-09-16T12:00:00Z,10.375,72.725,0.0
2004-09-16T12:00:00Z,10.375,72.775,0.0
2004-10-16T12:00:00Z,10.625,72.425,0.0
2004-10-16T12:00:00Z,10.625,72.475,0.0
2004-10-16T12:00:00Z,10.625,72.525,0.0
2004-10-16T12:00:00Z,10.625,72.575,0.0
2004-10-16T12:00:00Z,10.625,72.625,0.0
2004-10-16T12:00:00Z,10.625,72.675,0.0
2004-10-16T12:00:00Z,10.625,72.725,0.0
2004-10-16T12:00:00Z,10.625,72.775,0.0
2004-10-16T12:00:00Z,10.575,72.425,0.0
2004-10-16T12:00:00Z,10.575,72.475,0.0
2004-10-16T12:00:00Z,10.575,72.525,0.0
2004-10-16T12:00:00Z,10.575,72.575,0.0
2004-10-16T12:00:00Z,10.575,72.625,0.0
2004-10-16T12:00:00Z,10.575,72.675,0.0
2004-10-16T12:00:00Z,10.575,72.725,0.0
2004-10-16T12:00:00Z,10.575,72.775,0.0
2004-10-16T12:00:00Z,10.525,72.425,0.0
2004-10-16T12:00:00Z,10.525,72.475,0.0
2004-10-16T12:00:00Z,10.525,72.525,0.0
2004-10-16T12:00:00Z,10.525,72.575,0.0
2004-10-16T12:00:00Z,10.525,72.625,0.0
2004-10-16T12:00:00Z,10.525,72.675,0.0
2004-10-16T12:00:00Z,10.525,72.725,0.0
2004-10-16T12:00:00Z,10.525,72.775,0.0
2004-10-16T12:00:00Z,10.475,72.425,0.0
2004-10-16T12:00:00Z,10.475,72.475,0.0
2004-10-16T12:00:00Z,10.475,72.525,0.0
2004-10-16T12:00:00Z,10.475,72.575,0.0
2004-10-16T12:00:00Z,10.475,72.625,0.0
2004-10-16T12:00:00Z,10.475,72.675,0.0
2004-10-16T12:00:00Z,10.475,72.725,0.0
2004-10-16T12:00:00Z,10.475,72.775,0.0
2004-10-16T12:00:00Z,10.425,72.425,0.0
2004-10-16T12:00:00Z,10.425,72.475,0.0
2004-10-16T12:00:00Z,10.425,72.525,0.0
2004-10-16T12:00:00Z,10.425,72.575,0.0
2004-10-16T12:00:00Z,10.425,72.625,0.0
2004-10-16T12:00:00Z,10.425,72.675,0.0
2004-10-16T12:00:00Z,10.425,72.725,0.0
2004-10-16T12:00:00Z,10.425,72.775,0.0
2004-10-16T12:00:00Z,10.375,72.425,0.0
2004-10-16T12:00:00Z,10.375,72.475,0.0
2004-10-16T12:00:00Z,10.375,72.525,0.0
2004-10-16T12:00:00Z,10.375,72.575,0.0
2004-10-16T12:00:00Z,10.375,72.625,0.0
2004-10-16T12:00:00Z,10.375,72.675,0.0
2004-10-16T12:00:00Z,10.375,72.725,0.0
2004-10-16T12:00:00Z,10.375,72.775,0.0
2004-11-15T12:00:00Z,10.625,72.425,0.0
2004-11-15T12:00:00Z,10.625,72.475,0.0
2004-11-15T12:00:00Z,10.625,72.525,0.0
2004-11-15T12:00:00Z,10.625,72.575,0.0
2004-11-15T12:00:00Z,10.625,72.625,0.0
2004-11-15T12:00:00Z,10.625,72.675,0.0
2004-11-15T12:00:00Z,10.625,72.725,0.0
2004-11-15T12:00:00Z,10.625,72.775,0.0
2004-11-15T12:00:00Z,10.575,72.425,0.0
2004-11-15T12:00:00Z,10.575,72.475,0.0
2004-11-15T12:00:00Z,10.575,72.525,0.0
2004-11-15T12:00:00Z,10.575,72.575,0.0
2004-11-15T12:00:00Z,10.575,72.625,0.0
2004-11-15T12:00:00Z,10.575,72.675,0.0
2004-11-15T12:00:00Z,10.575,72.725,0.0
2004-11-15T12:00:00Z,10.575,72.775,0.0
2004-11-15T12:00:00Z,10.525,72.425,0.0
2004-11-15T12:00:00Z,10.525,72.475,0.0
2004-11-15T12:00:00Z,10.525,72.525,0.0
2004-11-15T12:00:00Z,10.525,72.575,0.0
2004-11-15T12:00:00Z,10.525,72.625,0.0
2004-11-15T12:00:00Z,10.525,72.675,0.0
2004-11-15T12:00:00Z,10.525,72.725,0.0
2004-11-15T12:00:00Z,10.525,72.775,0.0
2004-11-15T12:00:00Z,10.475,72.425,0.0
2004-11-15T12:00:00Z,10.475,72.475,0.0
2004-11-15T12:00:00Z,10.475,72.525,0.0
2004-11-15T12:00:00Z,10.475,72.575,0.0
2004-11-15T12:00:00Z,10.475,72.625,0.0
2004-11-15T12:00:00Z,10.475,72.675,0.0
2004-11-15T12:00:00Z,10.475,72.725,0.0
2004-11-15T12:00:00Z,10.475,72.775,0.0
2004-11-15T12:00:00Z,10.425,72.425,0.0
2004-11-15T12:00:00Z,10.425,72.475,0.0
2004-11-15T12:00:00Z,10.425,72.525,0.0
2004-11-15T12:00:00Z,10.425,72.575,0.0
2004-11-15T12:00:00Z,10.425,72.625,0.0
2004-11-15T12:00:00Z,10.425,72.675,0.0
2004-11-15T12:00:00Z,10.425,72.725,0.0
2004-11-15T12:00:00Z,10.425,72.775,0.0
2004-11-15T12:00:00Z,10.375,72.425,0.0
2004-11-15T12:00:00Z,10.375,72.475,0.0
2004-11-15T12:00:00Z,10.375,72.525,0.0
2004-11-15T12:00:00Z,10.375,72.575,0.0
2004-11-15T12:00:00Z,10.375,72.625,0.0
2004-11-15T12:00:00Z,10.375,72.675,0.0
2004-11-15T12:00:00Z,10.375,72.725,0.0
2004-11-15T12:00:00Z,10.375,72.775,0.0
2004-12-15T12:00:00Z,10.625,72.425,0.0
2004-12-15T12:00:00Z,10.625,72.475,0.0
2004-12-15T12:00:00Z,10.625,72.525,0.0
2004-12-15T12:00:00Z,10.625,72.575,0.0
2004-12-15T12:00:00Z,10.625,72.625,0.0
2004-12-15T12:00:00Z,10.625,72.675,0.0
2004-12-15T12:00:00Z,10.625,72.725,0.0
2004-12-15T12:00:00Z,10.625,72.775,0.0
2004-12-15T12:00:00Z,10.575,72.425,0.0
2004-12-15T12:00:00Z,10.575,72.475,0.0
2004-12-15T12:00:00Z,10.575,72.525,0.0
2004-12-15T12:00:00Z,10.575,72.575,0.0
2004-12-15T12:00:00Z,10.575,72.625,0.0
2004-12-15T12:00:00Z,10.575,72.675,0.0
2004-12-15T12:00:00Z,10.575,72.725,0.0
2004-12-15T12:00:00Z,10.575,72.775,0.0
2004-12-15T12:00:00Z,10.525,72.425,0.0
2004-12-15T12:00:00Z,10.525,72.475,0.0
2004-12-15T12:00:00Z,10.525,72.525,0.0
2004-12-15T12:00:00Z,10.525,72.575,0.0
2004-12-15T12:00:00Z,10.525,72.625,0.0
2004-12-15T12:00:00Z,10.525,72.675,0.0
2004-12-15T12:00:00Z,10.525,72.725,0.0
2004-12-15T12:00:00Z,10.525,72.775,0.0
2004-12-15T12:00:00Z,10.475,72.425,0.0
2004-12-15T12:00:00Z,10.475,72.475,0.0
2004-12-15T12:00:00Z,10.475,72.525,0.0
2004-12-15T12:00:00Z,10.475,72.575,0.0
2004-12-15T12:00:00Z,10.475,72.625,0.0
2004-12-15T12:00:00Z,10.475,72.675,0.0
2004-12-15T12:00:00Z,10.475,72.725,0.0
2004-12-15T12:00:00Z,10.475,72.775,0.0
2004-12-15T12:00:00Z,10.425,72.425,0.0
2004-12-15T12:00:00Z,10.425,72.475,0.0
2004-12-15T12:00:00Z,10.425,72.525,0.0
2004-12-15T12:00:00Z,10.425,72.575,0.0
2004-12-15T12:00:00Z,10.425,72.625,0.0
2004-12-15T12:00:00Z,10.425,72.675,0.0
2004-12-15T12:00:00Z,10.425,72.725,0.0
2004-12-15T12:00:00Z,10.425,72.775,0.0
2004-12-15T12:00:00Z,10.375,72.425,0.0
2004-12-15T12:00:00Z,10.375,72.475,0.0
2004-12-15T12:00:00Z,10.375,72.525,0.0
2004-12-15T12:00:00Z,10.375,72.575,0.0
2004-12-15T12:00:00Z,10.375,72.625,0.0
2004-12-15T12:00:00Z,10.375,72.675,0.0
2004-12-15T12:00:00Z,10.375,72.725,0.0
2004-12-15T12:00:00Z,10.375,72.775,0.0
2005-01-14T12:00:00Z,10.625,72.425,0.0
2005-01-14T12:00:00Z,10.625,72.475,0.0
2005-01-14T12:00:00Z,10.625,72.525,0.0
2005-01-14T12:00:00Z,10.625,72.575,0.0
2005-01-14T12:00:00Z,10.625,72.625,0.0
2005-01-14T12:00:00Z,10.625,72.675,0.0
2005-01-14T12:00:00Z,10.625,72.725,0.0
2005-01-14T12:00:00Z,10.625,72.775,0.0
2005-01-14T12:00:00Z,10.575,72.425,0.0
2005-01-14T12:00:00Z,10.575,72.475,0.0
2005-01-14T12:00:00Z,10.575,72.525,0.0
2005-01-14T12:00:00Z,10.575,72.575,0.0
2005-01-14T12:00:00Z,10.575,72.625,0.0
2005-01-14T12:00:00Z,10.575,72.675,0.0
2005-01-14T12:00:00Z,10.575,72.725,0.0
2005-01-14T12:00:00Z,10.575,72.775,0.0
2005-01-14T12:00:00Z,10.525,72.425,0.0
2005-01-14T12:00:00Z,10.525,72.475,0.0
2005-01-14T12:00:00Z,10.525,72.525,0.0
2005-01-14T12:00:00Z,10.525,72.575,0.0
2005-01-14T12:00:00Z,10.525,72.625,0.0
2005-01-14T12:00:00Z,10.525,72.675,0.0
2005-01-14T12:00:00Z,10.525,72.725,0.0
2005-01-14T12:00:00Z,10.525,72.775,0.0
2005-01-14T12:00:00Z,10.475,72.425,0.0
2005-01-14T12:00:00Z,10.475,72.475,0.0
2005-01-14T12:00:00Z,10.475,72.525,0.0
2005-01-14T12:00:00Z,10.475,72.575,0.0
2005-01-14T12:00:00Z,10.475,72.625,0.0
2005-01-14T12:00:00Z,10.475,72.675,0.0
2005-01-14T12:00:00Z,10.475,72.725,0.0
2005-01-14T12:00:00Z,10.475,72.775,0.0
2005-01-14T12:00:00Z,10.425,72.425,0.0
2005-01-14T12:00:00Z,10.425,72.475,0.0
2005-01-14T12:00:00Z,10.425,72.525,0.0
2005-01-14T12:00:00Z,10.425,72.575,0.0
2005-01-14T12:00:00Z,10.425,72.625,0.0
2005-01-14T12:00:00Z,10.425,72.675,0.0
2005-01-14T12:00:00Z,10.425,72.725,0.0
2005-01-14T12:00:00Z,10.425,72.775,0.0
2005-01-14T12:00:00Z,10.375,72.425,0.0
2005-01-14T12:00:00Z,10.375,72.475,0.0
2005-01-14T12:00:00Z,10.375,72.525,0.0
2005-01-14T12:00:00Z,10.375,72.575,0.0
2005-01-14T12:00:00Z,10.375,72.625,0.0
2005-01-14T12:00:00Z,10.375,72.675,0.0
2005-01-14T12:00:00Z,10.375,72.725,0.0
2005-01-14T12:00:00Z,10.375,72.775,0.0
2005-02-13T12:00:00Z,10.625,72.425,0.0
2005-02-13T12:00:00Z,10.625,72.475,0.0
2005-02-13T12:00:00Z,10.625,72.525,0.0
2005-02-13T12:00:00Z,10.625,72.575,0.0
2005-02-13T12:00:00Z,10.625,72.625,0.0
2005-02-13T12:00:00Z,10.625,72.675,0.0
2005-02-13T12:00:00Z,10.625,72.725,0.0
2005-02-13T12:00:00Z,10.625,72.775,0.0
2005-02-13T12:00:00Z,10.575,72.425,0.0
2005-02-13T12:00:00Z,10.575,72.475,0.0
2005-02-13T12:00:00Z,10.575,72.525,0.0
2005-02-13T12:00:00Z,10.575,72.575,0.0
2005-02-13T12:00:00Z,10.575,72.625,0.0
2005-02-13T12:00:00Z,10.575,72.675,0.0
2005-02-13T12:00:00Z,10.575,72.725,0.0
2005-02-13T12:00:00Z,10.575,72.775,0.0
2005-02-13T12:00:00Z,10.525,72.425,0.0
2005-02-13T12:00:00Z,10.525,72.475,0.0
2005-02-13T12:00:00Z,10.525,72.525,0.0
2005-02-13T12:00:00Z,10.525,72.575,0.0
2005-02-13T12:00:00Z,10.525,72.625,0.0
2005-02-13T12:00:00Z,10.525,72.675,0.0
2005-02-13T12:00:00Z,10.525,72.725,0.0
2005-02-13T12:00:00Z,10.525,72.775,0.0
2005-02-13T12:00:00Z,10.475,72.425,0.0
2005-02-13T12:00:00Z,10.475,72.475,0.0
2005-02-13T12:00:00Z,10.475,72.525,0.0
2005-02-13T12:00:00Z,10.475,72.575,0.0
2005-02-13T12:00:00Z,10.475,72.625,0.0
2005-02-13T12:00:00Z,10.475,72.675,0.0
2005-02-13T12:00:00Z,10.475,72.725,0.0
2005-02-13T12:00:00Z,10.475,72.775,0.0
2005-02-13T12:00:00Z,10.425,72.425,0.0
2005-02-13T12:00:00Z,10.425,72.475,0.0
2005-02-13T12:00:00Z,10.425,72.525,0.0
2005-02-13T12:00:00Z,10.425,72.575,0.0
2005-02-13T12:00:00Z,10.425,72.625,0.0
2005-02-13T12:00:00Z,10.425,72.675,0.0
2005-02-13T12:00:00Z,10.425,72.725,0.0
2005-02-13T12:00:00Z,10.425,72.775,0.0
2005-02-13T12:00:00Z,10.375,72.425,0.0
2005-02-13T12:00:00Z,10.375,72.475,0.0
2005-02-13T12:00:00Z,10.375,72.525,0.0
2005-02-13T12:00:00Z,10.375,72.575,0.0
2005-02-13T12:00:00Z,10.375,72.625,0.0
2005-02-13T12:00:00Z,10.375,72.675,0.0
2005-02-13T12:00:00Z,10.375,72.725,0.0
2005-02-13T12:00:00Z,10.375,72.775,0.0
2005-03-15T12:00:00Z,10.625,72.425,0.0
2005-03-15T12:00:00Z,10.625,72.475,0.0
2005-03-15T12:00:00Z,10.625,72.525,0.0
2005-03-15T12:00:00Z,10.625,72.575,0.0
2005-03-15T12:00:00Z,10.625,72.625,0.0
2005-03-15T12:00:00Z,10.625,72.675,0.0
2005-03-15T12:00:00Z,10.625,72.725,0.0
2005-03-15T12:00:00Z,10.625,72.775,0.0
2005-03-15T12:00:00Z,10.575,72.425,0.0
2005-03-15T12:00:00Z,10.575,72.475,0.0
2005-03-15T12:00:00Z,10.575,72.525,0.0
2005-03-15T12:00:00Z,10.575,72.575,0.0
2005-03-15T12:00:00Z,10.575,72.625,0.0
2005-03-15T12:00:00Z,10.575,72.675,0.0
2005-03-15T12:00:00Z,10.575,72.725,0.0
2005-03-15T12:00:00Z,10.575,72.775,0.0
2005-03-15T12:00:00Z,10.525,72.425,0.0
2005-03-15T12:00:00Z,10.525,72.475,0.0
2005-03-15T12:00:00Z,10.525,72.525,0.0
2005-03-15T12:00:00Z,10.525,72.575,0.0
2005-03-15T12:00:00Z,10.525,72.625,0.0
2005-03-15T12:00:00Z,10.525,72.675,0.0
2005-03-15T12:00:00Z,10.525,72.725,0.0
2005-03-15T12:00:00Z,10.525,72.775,0.0
2005-03-15T12:00:00Z,10.475,72.425,0.0
2005-03-15T12:00:00Z,10.475,72.475,0.0
2005-03-15T12:00:00Z,10.475,72.525,0.0
2005-03-15T12:00:00Z,10.475,72.575,0.0
2005-03-15T12:00:00Z,10.475,72.625,0.0
2005-03-15T12:00:00Z,10.475,72.675,0.0
2005-03-15T12:00:00Z,10.475,72.725,0.0
2005-03-15T12:00:00Z,10.475,72.775,0.0
2005-03-15T12:00:00Z,10.425,72.425,0.0
2005-03-15T12:00:00Z,10.425,72.475,0.0
2005-03-15T12:00:00Z,10.425,72.525,0.0
2005-03-15T12:00:00Z,10.425,72.575,0.0
2005-03-15T12:00:00Z,10.425,72.625,0.0
2005-03-15T12:00:00Z,10.425,72.675,0.0
2005-03-15T12:00:00Z,10.425,72.725,0.0
2005-03-15T12:00:00Z,10.425,72.775,0.0
2005-03-15T12:00:00Z,10.375,72.425,0.0
2005-03-15T12:00:00Z,10.375,72.475,0.0
2005-03-15T12:00:00Z,10.375,72.525,0.0
2005-03-15T12:00:00Z,10.375,72.575,0.0
2005-03-15T12:00:00Z,10.375,72.625,0.0
2005-03-15T12:00:00Z,10.375,72.675,0.0
2005-03-15T12:00:00Z,10.375,72.725,0.0
2005-03-15T12:00:00Z,10.375,72.775,0.0
2005-04-14T12:00:00Z,10.625,72.425,0.0
2005-04-14T12:00:00Z,10.625,72.475,0.0
2005-04-14T12:00:00Z,10.625,72.525,0.0
2005-04-14T12:00:00Z,10.625,72.575,0.0
2005-04-14T12:00:00Z,10.625,72.625,0.0
2005-04-14T12:00:00Z,10.625,72.675,0.0
2005-04-14T12:00:00Z,10.625,72.725,0.0
2005-04-14T12:00:00Z,10.625,72.775,0.0
2005-04-14T12:00:00Z,10.575,72.425,0.0
2005-04-14T12:00:00Z,10.575,72.475,0.0
2005-04-14T12:00:00Z,10.575,72.525,0.0
2005-04-14T12:00:00Z,10.575,72.575,0.0
2005-04-14T12:00:00Z,10.575,72.625,0.0
2005-04-14T12:00:00Z,10.575,72.675,0.0
2005-04-14T12:00:00Z,10.575,72.725,0.0
2005-04-14T12:00:00Z,10.575,72.775,0.0
2005-04-14T12:00:00Z,10.525,72.425,0.0
2005-04-14T12:00:00Z,10.525,72.475,0.0
2005-04-14T12:00:00Z,10.525,72.525,0.0
2005-04-14T12:00:00Z,10.525,72.575,0.0
2005-04-14T12:00:00Z,10.525,72.625,0.0
2005-04-14T12:00:00Z,10.525,72.675,0.0
2005-04-14T12:00:00Z,10.525,72.725,0.0
2005-04-14T12:00:00Z,10.525,72.775,0.0
2005-04-14T12:00:00Z,10.475,72.425,0.0
2005-04-14T12:00:00Z,10.475,72.475,0.0
2005-04-14T12:00:00Z,10.475,72.525,0.0
2005-04-14T12:00:00Z,10.475,72.575,0.0
2005-04-14T12:00:00Z,10.475,72.625,0.0
2005-04-14T12:00:00Z,10.475,72.675,0.0
2005-04-14T12:00:00Z,10.475,72.725,0.0
2005-04-14T12:00:00Z,10.475,72.775,0.0
2005-04-14T12:00:00Z,10.425,72.425,0.0
2005-04-14T12:00:00Z,10.425,72.475,0.0
2005-04-14T12:00:00Z,10.425,72.525,0.0
2005-04-14T12:00:00Z,10.425,72.575,0.0
2005-04-14T12:00:00Z,10.425,72.625,0.0
2005-04-14T12:00:00Z,10.425,72.675,0.0
2005-04-14T12:00:00Z,10.425,72.725,0.0
2005-04-14T12:00:00Z,10.425,72.775,0.0
2005-04-14T12:00:00Z,10.375,72.425,0.0
2005-04-14T12:00:00Z,10.375,72.475,0.0
2005-04-14T12:00:00Z,10.375,72.525,0.0
2005-04-14T12:00:00Z,10.375,72.575,0.0
2005-04-14T12:00:00Z,10.375,72.625,0.0
2005-04-14T12:00:00Z,10.375,72.675,0.0
2005-04-14T12:00:00Z,10.375,72.725,0.0
2005-04-14T12:00:00Z,10.375,72.775,0.0
2005-05-14T12:00:00Z,10.625,72.425,0.51
2005-05-14T12:00:00Z,10.625,72.475,0.53
2005-05-14T12:00:00Z,10.625,72.525,0.53
2005-05-14T12:00:00Z,10.625,72.575,0.53
2005-05-14T12:00:00Z,10.625,72.625,0.67
2005-05-14T12:00:00Z,10.625,72.675,0.68
2005-05-14T12:00:00Z,10.625,72.725,0.84
2005-05-14T12:00:00Z,10.625,72.775,0.86
2005-05-14T12:00:00Z,10.575,72.425,0.8200000000000001
2005-05-14T12:00:00Z,10.575,72.475,0.6900000000000001
2005-05-14T12:00:00Z,10.575,72.525,0.6900000000000001
2005-05-14T12:00:00Z,10.575,72.575,0.6900000000000001
2005-05-14T12:00:00Z,10.575,72.625,0.6900000000000001
2005-05-14T12:00:00Z,10.575,72.675,0.84
2005-05-14T12:00:00Z,10.575,72.725,0.85
2005-05-14T12:00:00Z,10.575,72.775,0.87
2005-05-14T12:00:00Z,10.525,72.425,0.67
2005-05-14T12:00:00Z,10.525,72.475,0.68
2005-05-14T12:00:00Z,10.525,72.525,0.68
2005-05-14T12:00:00Z,10.525,72.575,0.68
2005-05-14T12:00:00Z,10.525,72.625,0.68
2005-05-14T12:00:00Z,10.525,72.675,0.8300000000000001
2005-05-14T12:00:00Z,10.525,72.725,0.84
2005-05-14T12:00:00Z,10.525,72.775,0.99
2005-05-14T12:00:00Z,10.475,72.425,0.5
2005-05-14T12:00:00Z,10.475,72.475,0.65
2005-05-14T12:00:00Z,10.475,72.525,0.65
2005-05-14T12:00:00Z,10.475,72.575,0.65
2005-05-14T12:00:00Z,10.475,72.625,0.65
2005-05-14T12:00:00Z,10.475,72.675,0.8
2005-05-14T12:00:00Z,10.475,72.725,0.8200000000000001
2005-05-14T12:00:00Z,10.475,72.775,0.8200000000000001
2005-05-14T12:00:00Z,10.425,72.425,0.48
2005-05-14T12:00:00Z,10.425,72.475,0.62
2005-05-14T12:00:00Z,10.425,72.525,0.47000000000000003
2005-05-14T12:00:00Z,10.425,72.575,0.47000000000000003
2005-05-14T12:00:00Z,10.425,72.625,0.62
2005-05-14T12:00:00Z,10.425,72.675,0.49
2005-05-14T12:00:00Z,10.425,72.725,0.49
2005-05-14T12:00:00Z,10.425,72.775,0.79
2005-05-14T12:00:00Z,10.375,72.425,0.47000000000000003
2005-05-14T12:00:00Z,10.375,72.475,0.47000000000000003
2005-05-14T12:00:00Z,10.375,72.525,0.47000000000000003
2005-05-14T12:00:00Z,10.375,72.575,0.46
2005-05-14T12:00:00Z,10.375,72.625,0.46
2005-05-14T12:00:00Z,10.375,72.675,0.32
2005-05-14T12:00:00Z,10.375,72.725,0.33
2005-05-14T12:00:00Z,10.375,72.775,0.48
2005-06-13T12:00:00Z,10.625,72.425,0.51
2005-06-13T12:00:00Z,10.625,72.475,0.53
2005-06-13T12:00:00Z,10.625,72.525,0.53
2005-06-13T12:00:00Z,10.625,72.575,0.53
2005-06-13T12:00:00Z,10.625,72.625,0.67
2005-06-13T12:00:00Z,10.625,72.675,0.68
2005-06-13T12:00:00Z,10.625,72.725,0.84
2005-06-13T12:00:00Z,10.625,72.775,0.86
2005-06-13T12:00:00Z,10.575,72.425,0.8200000000000001
2005-06-13T12:00:00Z,10.575,72.475,0.6900000000000001
2005-06-13T12:00:00Z,10.575,72.525,0.6900000000000001
2005-06-13T12:00:00Z,10.575,72.575,0.6900000000000001
2005-06-13T12:00:00Z,10.575,72.625,0.6900000000000001
2005-06-13T12:00:00Z,10.575,72.675,0.84
2005-06-13T12:00:00Z,10.575,72.725,0.85
2005-06-13T12:00:00Z,10.575,72.775,0.87
2005-06-13T12:00:00Z,10.525,72.425,0.67
2005-06-13T12:00:00Z,10.525,72.475,0.68
2005-06-13T12:00:00Z,10.525,72.525,0.68
2005-06-13T12:00:00Z,10.525,72.575,0.68
2005-06-13T12:00:00Z,10.525,72.625,0.68
2005-06-13T12:00:00Z,10.525,72.675,0.8300000000000001
2005-06-13T12:00:00Z,10.525,72.725,0.84
2005-06-13T12:00:00Z,10.525,72.775,0.99
2005-06-13T12:00:00Z,10.475,72.425,0.5
2005-06-13T12:00:00Z,10.475,72.475,0.65
2005-06-13T12:00:00Z,10.475,72.525,0.65
2005-06-13T12:00:00Z,10.475,72.575,0.65
2005-06-13T12:00:00Z,10.475,72.625,0.65
2005-06-13T12:00:00Z,10.475,72.675,0.8
2005-06-13T12:00:00Z,10.475,72.725,0.8200000000000001
2005-06-13T12:00:00Z,10.475,72.775,0.8200000000000001
2005-06-13T12:00:00Z,10.425,72.425,0.48
2005-06-13T12:00:00Z,10.425,72.475,0.62
2005-06-13T12:00:00Z,10.425,72.525,0.47000000000000003
2005-06-13T12:00:00Z,10.425,72.575,0.47000000000000003
2005-06-13T12:00:00Z,10.425,72.625,0.62
2005-06-13T12:00:00Z,10.425,72.675,0.49
2005-06-13T12:00:00Z,10.425,72.725,0.49
2005-06-13T12:00:00Z,10.425,72.775,0.79
2005-06-13T12:00:00Z,10.375,72.425,0.47000000000000003
2005-06-13T12:00:00Z,10.375,72.475,0.47000000000000003
2005-06-13T12:00:00Z,10.375,72.525,0.47000000000000003
2005-06-13T12:00:00Z,10.375,72.575,0.46
2005-06-13T12:00:00Z,10.375,72.625,0.46
2005-06-13T12:00:00Z,10.375,72.675,0.32
2005-06-13T12:00:00Z,10.375,72.725,0.33
2005-06-13T12:00:00Z,10.375,72.775,0.48
2005-07-13T12:00:00Z,10.625,72.425,0.51
2005-07-13T12:00:00Z,10.625,72.475,0.53
2005-07-13T12:00:00Z,10.625,72.525,0.53
2005-07-13T12:00:00Z,10.625,72.575,0.53
2005-07-13T12:00:00Z,10.625,72.625,0.67
2005-07-13T12:00:00Z,10.625,72.675,0.68
2005-07-13T12:00:00Z,10.625,72.725,0.84
2005-07-13T12:00:00Z,10.625,72.775,0.86
2005-07-13T12:00:00Z,10.575,72.425,0.8200000000000001
2005-07-13T12:00:00Z,10.575,72.475,0.6900000000000001
2005-07-13T12:00:00Z,10.575,72.525,0.6900000000000001
2005-07-13T12:00:00Z,10.575,72.575,0.6900000000000001
2005-07-13T12:00:00Z,10.575,72.625,0.6900000000000001
2005-07-13T12:00:00Z,10.575,72.675,0.84
2005-07-13T12:00:00Z,10.575,72.725,0.85
2005-07-13T12:00:00Z,10.575,72.775,0.87
2005-07-13T12:00:00Z,10.525,72.425,0.67
2005-07-13T12:00:00Z,10.525,72.475,0.68
2005-07-13T12:00:00Z,10.525,72.525,0.68
2005-07-13T12:00:00Z,10.525,72.575,0.68
2005-07-13T12:00:00Z,10.525,72.625,0.68
2005-07-13T12:00:00Z,10.525,72.675,0.8300000000000001
2005-07-13T12:00:00Z,10.525,72.725,0.84
2005-07-13T12:00:00Z,10.525,72.775,0.99
2005-07-13T12:00:00Z,10.475,72.425,0.5
2005-07-13T12:00:00Z,10.475,72.475,0.65
2005-07-13T12:00:00Z,10.475,72.525,0.65
2005-07-13T12:00:00Z,10.475,72.575,0.65
2005-07-13T12:00:00Z,10.475,72.625,0.65
2005-07-13T12:00:00Z,10.475,72.675,0.8
2005-07-13T12:00:00Z,10.475,72.725,0.8200000000000001
2005-07-13T12:00:00Z,10.475,72.775,0.8200000000000001
2005-07-13T12:00:00Z,10.425,72.425,0.48
2005-07-13T12:00:00Z,10.425,72.475,0.62
2005-07-13T12:00:00Z,10.425,72.525,0.47000000000000003
2005-07-13T12:00:00Z,10.425,72.575,0.47000000000000003
2005-07-13T12:00:00Z,10.425,72.625,0.62
2005-07-13T12:00:00Z,10.425,72.675,0.49
2005-07-13T12:00:00Z,10.425,72.725,0.49
2005-07-13T12:00:00Z,10.425,72.775,0.79
2005-07-13T12:00:00Z,10.375,72.425,0.47000000000000003
2005-07-13T12:00:00Z,10.375,72.475,0.47000000000000003
2005-07-13T12:00:00Z,10.375,72.525,0.47000000000000003
2005-07-13T12:00:00Z,10.375,72.575,0.46
2005-07-13T12:00:00Z,10.375,72.625,0.46
2005-07-13T12:00:00Z,10.375,72.675,0.32
2005-07-13T12:00:00Z,10.375,72.725,0.33
2005-07-13T12:00:00Z,10.375,72.775,0.48
2005-08-12T12:00:00Z,10.625,72.425,0.0
2005-08-12T12:00:00Z,10.625,72.475,0.0
2005-08-12T12:00:00Z,10.625,72.525,0.0
2005-08-12T12:00:00Z,10.625,72.575,0.0
2005-08-12T12:00:00Z,10.625,72.625,0.0
2005-08-12T12:00:00Z,10.625,72.675,0.0
2005-08-12T12:00:00Z,10.625,72.725,0.0
2005-08-12T12:00:00Z,10.625,72.775,0.0
2005-08-12T12:00:00Z,10.575,72.425,0.0
2005-08-12T12:00:00Z,10.575,72.475,0.0
2005-08-12T12:00:00Z,10.575,72.525,0.0
2005-08-12T12:00:00Z,10.575,72.575,0.0
2005-08-12T12:00:00Z,10.575,72.625,0.0
2005-08-12T12:00:00Z,10.575,72.675,0.0
2005-08-12T12:00:00Z,10.575,72.725,0.0
2005-08-12T12:00:00Z,10.575,72.775,0.0
2005-08-12T12:00:00Z,10.525,72.425,0.0
2005-08-12T12:00:00Z,10.525,72.475,0.0
2005-08-12T12:00:00Z,10.525,72.525,0.0
2005-08-12T12:00:00Z,10.525,72.575,0.0
2005-08-12T12:00:00Z,10.525,72.625,0.0
2005-08-12T12:00:00Z,10.525,72.675,0.0
2005-08-12T12:00:00Z,10.525,72.725,0.0
2005-08-12T12:00:00Z,10.525,72.775,0.0
2005-08-12T12:00:00Z,10.475,72.425,0.0
2005-08-12T12:00:00Z,10.475,72.475,0.0
2005-08-12T12:00:00Z,10.475,72.525,0.0
2005-08-12T12:00:00Z,10.475,72.575,0.0
2005-08-12T12:00:00Z,10.475,72.625,0.0
2005-08-12T12:00:00Z,10.475,72.675,0.0
2005-08-12T12:00:00Z,10.475,72.725,0.0
2005-08-12T12:00:00Z,10.475,72.775,0.0
2005-08-12T12:00:00Z,10.425,72.425,0.0
2005-08-12T12:00:00Z,10.425,72.475,0.0
2005-08-12T12:00:00Z,10.425,72.525,0.0
2005-08-12T12:00:00Z,10.425,72.575,0.0
2005-08-12T12:00:00Z,10.425,72.625,0.0
2005-08-12T12:00:00Z,10.425,72.675,0.0
2005-08-12T12:00:00Z,10.425,72.725,0.0
2005-08-12T12:00:00Z,10.425,72.775,0.0
2005-08-12T12:00:00Z,10.375,72.425,0.0
2005-08-12T12:00:00Z,10.375,72.475,0.0
2005-08-12T12:00:00Z,10.375,72.525,0.0
2005-08-12T12:00:00Z,10.375,72.575,0.0
2005-08-12T12:00:00Z,10.375,72.625,0.0
2005-08-12T12:00:00Z,10.375,72.675,0.0
2005-08-12T12:00:00Z,10.375,72.725,0.0
2005-08-12T12:00:00Z,10.375,72.775,0.0
2005-09-11T12:00:00Z,10.625,72.425,0.0
2005-09-11T12:00:00Z,10.625,72.475,0.0
2005-09-11T12:00:00Z,10.625,72.525,0.0
2005-09-11T12:00:00Z,10.625,72.575,0.0
2005-09-11T12:00:00Z,10.625,72.625,0.0
2005-09-11T12:00:00Z,10.625,72.675,0.0
2005-09-11T12:00:00Z,10.625,72.725,0.0
2005-09-11T12:00:00Z,10.625,72.775,0.0
2005-09-11T12:00:00Z,10.575,72.425,0.0
2005-09-11T12:00:00Z,10.575,72.475,0.0
2005-09-11T12:00:00Z,10.575,72.525,0.0
2005-09-11T12:00:00Z,10.575,72.575,0.0
2005-09-11T12:00:00Z,10.575,72.625,0.0
2005-09-11T12:00:00Z,10.575,72.675,0.0
2005-09-11T12:00:00Z,10.575,72.725,0.0
2005-09-11T12:00:00Z,10.575,72.775,0.0
2005-09-11T12:00:00Z,10.525,72.425,0.0
2005-09-11T12:00:00Z,10.525,72.475,0.0
2005-09-11T12:00:00Z,10.525,72.525,0.0
2005-09-11T12:00:00Z,10.525,72.575,0.0
2005-09-11T12:00:00Z,10.525,72.625,0.0
2005-09-11T12:00:00Z,10.525,72.675,0.0
2005-09-11T12:00:00Z,10.525,72.725,0.0
2005-09-11T12:00:00Z,10.525,72.775,0.0
2005-09-11T12:00:00Z,10.475,72.425,0.0
2005-09-11T12:00:00Z,10.475,72.475,0.0
2005-09-11T12:00:00Z,10.475,72.525,0.0
2005-09-11T12:00:00Z,10.475,72.575,0.0
2005-09-11T12:00:00Z,10.475,72.625,0.0
2005-09-11T12:00:00Z,10.475,72.675,0.0
2005-09-11T12:00:00Z,10.475,72.725,0.0
2005-09-11T12:00:00Z,10.475,72.775,0.0
2005-09-11T12:00:00Z,10.425,72.425,0.0
2005-09-11T12:00:00Z,10.425,72.475,0.0
2005-09-11T12:00:00Z,10.425,72.525,0.0
2005-09-11T12:00:00Z,10.425,72.575,0.0
2005-09-11T12:00:00Z,10.425,72.625,0.0
2005-09-11T12:00:00Z,10.425,72.675,0.0
2005-09-11T12:00:00Z,10.425,72.725,0.0
2005-09-11T12:00:00Z,10.425,72.775,0.0
2005-09-11T12:00:00Z,10.375,72.425,0.0
2005-09-11T12:00:00Z,10.375,72.475,0.0
2005-09-11T12:00:00Z,10.375,72.525,0.0
2005-09-11T12:00:00Z,10.375,72.575,0.0
2005-09-11T12:00:00Z,10.375,72.625,0.0
2005-09-11T12:00:00Z,10.375,72.675,0.0
2005-09-11T12:00:00Z,10.375,72.725,0.0
2005-09-11T12:00:00Z,10.375,72.775,0.0
2005-10-11T12:00:00Z,10.625,72.425,0.0
2005-10-11T12:00:00Z,10.625,72.475,0.0
2005-10-11T12:00:00Z,10.625,72.525,0.0
2005-10-11T12:00:00Z,10.625,72.575,0.0
2005-10-11T12:00:00Z,10.625,72.625,0.0
2005-10-11T12:00:00Z,10.625,72.675,0.0
2005-10-11T12:00:00Z,10.625,72.725,0.0
2005-10-11T12:00:00Z,10.625,72.775,0.0
2005-10-11T12:00:00Z,10.575,72.425,0.0
2005-10-11T12:00:00Z,10.575,72.475,0.0
2005-10-11T12:00:00Z,10.575,72.525,0.0
2005-10-11T12:00:00Z,10.575,72.575,0.0
2005-10-11T12:00:00Z,10.575,72.625,0.0
2005-10-11T12:00:00Z,10.575,72.675,0.0
2005-10-11T12:00:00Z,10.575,72.725,0.0
2005-10-11T12:00:00Z,10.575,72.775,0.0
2005-10-11T12:00:00Z,10.525,72.425,0.0
2005-10-11T12:00:00Z,10.525,72.475,0.0
2005-10-11T12:00:00Z,10.525,72.525,0.0
2005-10-11T12:00:00Z,10.525,72.575,0.0
2005-10-11T12:00:00Z,10.525,72.625,0.0
2005-10-11T12:00:00Z,10.525,72.675,0.0
2005-10-11T12:00:00Z,10.525,72.725,0.0
2005-10-11T12:00:00Z,10.525,72.775,0.0
2005-10-11T12:00:00Z,10.475,72.425,0.0
2005-10-11T12:00:00Z,10.475,72.475,0.0
2005-10-11T12:00:00Z,10.475,72.525,0.0
2005-10-11T12:00:00Z,10.475,72.575,0.0
2005-10-11T12:00:00Z,10.475,72.625,0.0
2005-10-11T12:00:00Z,10.475,72.675,0.0
2005-10-11T12:00:00Z,10.475,72.725,0.0
2005-10-11T12:00:00Z,10.475,72.775,0.0
2005-10-11T12:00:00Z,10.425,72.425,0.0
2005-10-11T12:00:00Z,10.425,72.475,0.0
2005-10-11T12:00:00Z,10.425,72.525,0.0
2005-10-11T12:00:00Z,10.425,72.575,0.0
2005-10-11T12:00:00Z,10.425,72.625,0.0
2005-10-11T12:00:00Z,10.425,72.675,0.0
2005-10-11T12:00:00Z,10.425,72.725,0.0
2005-10-11T12:00:00Z,10.425,72.775,0.0
2005-10-11T12:00:00Z,10.375,72.425,0.0
2005-10-11T12:00:00Z,10.375,72.475,0.0
2005-10-11T12:00:00Z,10.375,72.525,0.0
2005-10-11T12:00:00Z,10.375,72.575,0.0
2005-10-11T12:00:00Z,10.375,72.625,0.0
2005-10-11T12:00:00Z,10.375,72.675,0.0
2005-10-11T12:00:00Z,10.375,72.725,0.0
2005-10-11T12:00:00Z,10.375,72.775,0.0
2005-11-10T12:00:00Z,10.625,72.425,0.0
2005-11-10T12:00:00Z,10.625,72.475,0.0
2005-11-10T12:00:00Z,10.625,72.525,0.0
2005-11-10T12:00:00Z,10.625,72.575,0.0
2005-11-10T12:00:00Z,10.625,72.625,0.0
2005-11-10T12:00:00Z,10.625,72.675,0.0
2005-11-10T12:00:00Z,10.625,72.725,0.0
2005-11-10T12:00:00Z,10.625,72.775,0.0
2005-11-10T12:00:00Z,10.575,72.425,0.0
2005-11-10T12:00:00Z,10.575,72.475,0.0
2005-11-10T12:00:00Z,10.575,72.525,0.0
2005-11-10T12:00:00Z,10.575,72.575,0.0
2005-11-10T12:00:00Z,10.575,72.625,0.0
2005-11-10T12:00:00Z,10.575,72.675,0.0
2005-11-10T12:00:00Z,10.575,72.725,0.0
2005-11-10T12:00:00Z,10.575,72.775,0.0
2005-11-10T12:00:00Z,10.525,72.425,0.0
2005-11-10T12:00:00Z,10.525,72.475,0.0
2005-11-10T12:00:00Z,10.525,72.525,0.0
2005-11-10T12:00:00Z,10.525,72.575,0.0
2005-11-10T12:00:00Z,10.525,72.625,0.0
2005-11-10T12:00:00Z,10.525,72.675,0.0
2005-11-10T12:00:00Z,10.525,72.725,0.0
2005-11-10T12:00:00Z,10.525,72.775,0.0
2005-11-10T12:00:00Z,10.475,72.425,0.0
2005-11-10T12:00:00Z,10.475,72.475,0.0
2005-11-10T12:00:00Z,10.475,72.525,0.0
2005-11-10T12:00:00Z,10.475,72.575,0.0
2005-11-10T12:00:00Z,10.475,72.625,0.0
2005-11-10T12:00:00Z,10.475,72.675,0.0
2005-11-10T12:00:00Z,10.475,72.725,0.0
2005-11-10T12:00:00Z,10.475,72.775,0.0
2005-11-10T12:00:00Z,10.425,72.425,0.0
2005-11-10T12:00:00Z,10.425,72.475,0.0
2005-11-10T12:00:00Z,10.425,72.525,0.0
2005-11-10T12:00:00Z,10.425,72.575,0.0
2005-11-10T12:00:00Z,10.425,72.625,0.0
2005-11-10T12:00:00Z,10.425,72.675,0.0
2005-11-10T12:00:00Z,10.425,72.725,0.0
2005-11-10T12:00:00Z,10.425,72.775,0.0
2005-11-10T12:00:00Z,10.375,72.425,0.0
2005-11-10T12:00:00Z,10.375,72.475,0.0
2005-11-10T12:00:00Z,10.375,72.525,0.0
2005-11-10T12:00:00Z,10.375,72.575,0.0
2005-11-10T12:00:00Z,10.375,72.625,0.0
2005-11-10T12:00:00Z,10.375,72.675,0.0
2005-11-10T12:00:00Z,10.375,72.725,0.0
2005-11-10T12:00:00Z,10.375,72.775,0.0
2005-12-10T12:00:00Z,10.625,72.425,0.0
2005-12-10T12:00:00Z,10.625,72.475,0.0
2005-12-10T12:00:00Z,10.625,72.525,0.0
2005-12-10T12:00:00Z,10.625,72.575,0.0
2005-12-10T12:00:00Z,10.625,72.625,0.0
2005-12-10T12:00:00Z,10.625,72.675,0.0
2005-12-10T12:00:00Z,10.625,72.725,0.0
2005-12-10T12:00:00Z,10.625,72.775,0.0
2005-12-10T12:00:00Z,10.575,72.425,0.0
2005-12-10T12:00:00Z,10.575,72.475,0.0
2005-12-10T12:00:00Z,10.575,72.525,0.0
2005-12-10T12:00:00Z,10.575,72.575,0.0
2005-12-10T12:00:00Z,10.575,72.625,0.0
2005-12-10T12:00:00Z,10.575,72.675,0.0
2005-12-10T12:00:00Z,10.575,72.725,0.0
2005-12-10T12:00:00Z,10.575,72.775,0.0
2005-12-10T12:00:00Z,10.525,72.425,0.0
2005-12-10T12:00:00Z,10.525,72.475,0.0
2005-12-10T12:00:00Z,10.525,72.525,0.0
2005-12-10T12:00:00Z,10.525,72.575,0.0
2005-12-10T12:00:00Z,10.525,72.625,0.0
2005-12-10T12:00:00Z,10.525,72.675,0.0
2005-12-10T12:00:00Z,10.525,72.725,0.0
2005-12-10T12:00:00Z,10.525,72.775,0.0
2005-12-10T12:00:00Z,10.475,72.425,0.0
2005-12-10T12:00:00Z,10.475,72.475,0.0
2005-12-10T12:00:00Z,10.475,72.525,0.0
2005-12-10T12:00:00Z,10.475,72.575,0.0
2005-12-10T12:00:00Z,10.475,72.625,0.0
2005-12-10T12:00:00Z,10.475,72.675,0.0
2005-12-10T12:00:00Z,10.475,72.725,0.0
2005-12-10T12:00:00Z,10.475,72.775,0.0
2005-12-10T12:00:00Z,10.425,72.425,0.0
2005-12-10T12:00:00Z,10.425,72.475,0.0
2005-12-10T12:00:00Z,10.425,72.525,0.0
2005-12-10T12:00:00Z,10.425,72.575,0.0
2005-12-10T12:00:00Z,10.425,72.625,0.0
2005-12-10T12:00:00Z,10.425,72.675,0.0
2005-12-10T12:00:00Z,10.425,72.725,0.0
2005-12-10T12:00:00Z,10.425,72.775,0.0
2005-12-10T12:00:00Z,10.375,72.425,0.0
2005-12-10T12:00:00Z,10.375,72.475,0.0
2005-12-10T12:00:00Z,10.375,72.525,0.0
2005-12-10T12:00:00Z,10.375,72.575,0.0
2005-12-10T12:00:00Z,10.375,72.625,0.0
2005-12-10T12:00:00Z,10.375,72.675,0.0
2005-12-10T12:00:00Z,10.375,72.725,0.0
2005-12-10T12:00:00Z,10.375,72.775,0.0
2006-01-09T12:00:00Z,10.625,72.425,0.0
2006-01-09T12:00:00Z,10.625,72.475,0.0
2006-01-09T12:00:00Z,10.625,72.525,0.0
2006-01-09T12:00:00Z,10.625,72.575,0.0
2006-01-09T12:00:00Z,10.625,72.625,0.0
2006-01-09T12:00:00Z,10.625,72.675,0.0
2006-01-09T12:00:00Z,10.625,72.725,0.0
2006-01-09T12:00:00Z,10.625,72.775,0.0
2006-01-09T12:00:00Z,10.575,72.425,0.0
2006-01-09T12:00:00Z,10.575,72.475,0.0
2006-01-09T12:00:00Z,10.575,72.525,0.0
2006-01-09T12:00:00Z,10.575,72.575,0.0
2006-01-09T12:00:00Z,10.575,72.625,0.0
2006-01-09T12:00:00Z,10.575,72.675,0.0
2006-01-09T12:00:00Z,10.575,72.725,0.0
2006-01-09T12:00:00Z,10.575,72.775,0.0
2006-01-09T12:00:00Z,10.525,72.425,0.0
2006-01-09T12:00:00Z,10.525,72.475,0.0
2006-01-09T12:00:00Z,10.525,72.525,0.0
2006-01-09T12:00:00Z,10.525,72.575,0.0
2006-01-09T12:00:00Z,10.525,72.625,0.0
2006-01-09T12:00:00Z,10.525,72.675,0.0
2006-01-09T12:00:00Z,10.525,72.725,0.0
2006-01-09T12:00:00Z,10.525,72.775,0.0
2006-01-09T12:00:00Z,10.475,72.425,0.0
2006-01-09T12:00:00Z,10.475,72.475,0.0
2006-01-09T12:00:00Z,10.475,72.525,0.0
2006-01-09T12:00:00Z,10.475,72.575,0.0
2006-01-09T12:00:00Z,10.475,72.625,0.0
2006-01-09T12:00:00Z,10.475,72.675,0.0
2006-01-09T12:00:00Z,10.475,72.725,0.0
2006-01-09T12:00:00Z,10.475,72.775,0.0
2006-01-09T12:00:00Z,10.425,72.425,0.0
2006-01-09T12:00:00Z,10.425,72.475,0.0
2006-01-09T12:00:00Z,10.425,72.525,0.0
2006-01-09T12:00:00Z,10.425,72.575,0.0
2006-01-09T12:00:00Z,10.425,72.625,0.0
2006-01-09T12:00:00Z,10.425,72.675,0.0
2006-01-09T12:00:00Z,10.425,72.725,0.0
2006-01-09T12:00:00Z,10.425,72.775,0.0
2006-01-09T12:00:00Z,10.375,72.425,0.0
2006-01-09T12:00:00Z,10.375,72.475,0.0
2006-01-09T12:00:00Z,10.375,72.525,0.0
2006-01-09T12:00:00Z,10.375,72.575,0.0
2006-01-09T12:00:00Z,10.375,72.625,0.0
2006-01-09T12:00:00Z,10.375,72.675,0.0
2006-01-09T12:00:00Z,10.375,72.725,0.0
2006-01-09T12:00:00Z,10.375,72.775,0.0
2006-02-08T12:00:00Z,10.625,72.425,0.0
2006-02-08T12:00:00Z,10.625,72.475,0.0
2006-02-08T12:00:00Z,10.625,72.525,0.0
2006-02-08T12:00:00Z,10.625,72.575,0.0
2006-02-08T12:00:00Z,10.625,72.625,0.0
2006-02-08T12:00:00Z,10.625,72.675,0.0
2006-02-08T12:00:00Z,10.625,72.725,0.0
2006-02-08T12:00:00Z,10.625,72.775,0.0
2006-02-08T12:00:00Z,10.575,72.425,0.0
2006-02-08T12:00:00Z,10.575,72.475,0.0
2006-02-08T12:00:00Z,10.575,72.525,0.0
2006-02-08T12:00:00Z,10.575,72.575,0.0
2006-02-08T12:00:00Z,10.575,72.625,0.0
2006-02-08T12:00:00Z,10.575,72.675,0.0
2006-02-08T12:00:00Z,10.575,72.725,0.0
2006-02-08T12:00:00Z,10.575,72.775,0.0
2006-02-08T12:00:00Z,10.525,72.425,0.0
2006-02-08T12:00:00Z,10.525,72.475,0.0
2006-02-08T12:00:00Z,10.525,72.525,0.0
2006-02-08T12:00:00Z,10.525,72.575,0.0
2006-02-08T12:00:00Z,10.525,72.625,0.0
2006-02-08T12:00:00Z,10.525,72.675,0.0
2006-02-08T12:00:00Z,10.525,72.725,0.0
2006-02-08T12:00:00Z,10.525,72.775,0.0
2006-02-08T12:00:00Z,10.475,72.425,0.0
2006-02-08T12:00:00Z,10.475,72.475,0.0
2006-02-08T12:00:00Z,10.475,72.525,0.0
2006-02-08T12:00:00Z,10.475,72.575,0.0
2006-02-08T12:00:00Z,10.475,72.625,0.0
2006-02-08T12:00:00Z,10.475,72.675,0.0
2006-02-08T12:00:00Z,10.475,72.725,0.0
2006-02-08T12:00:00Z,10.475,72.775,0.0
2006-02-08T12:00:00Z,10.425,72.425,0.0
2006-02-08T12:00:00Z,10.425,72.475,0.0
2006-02-08T12:00:00Z,10.425,72.525,0.0
2006-02-08T12:00:00Z,10.425,72.575,0.0
2006-02-08T12:00:00Z,10.425,72.625,0.0
2006-02-08T12:00:00Z,10.425,72.675,0.0
2006-02-08T12:00:00Z,10.425,72.725,0.0
2006-02-08T12:00:00Z,10.425,72.775,0.0
2006-02-08T12:00:00Z,10.375,72.425,0.0
2006-02-08T12:00:00Z,10.375,72.475,0.0
2006-02-08T12:00:00Z,10.375,72.525,0.0
2006-02-08T12:00:00Z,10.375,72.575,0.0
2006-02-08T12:00:00Z,10.375,72.625,0.0
2006-02-08T12:00:00Z,10.375,72.675,0.0
2006-02-08T12:00:00Z,10.375,72.725,0.0
2006-02-08T12:00:00Z,10.375,72.775,0.0
2006-03-10T12:00:00Z,10.625,72.425,0.0
2006-03-10T12:00:00Z,10.625,72.475,0.0
2006-03-10T12:00:00Z,10.625,72.525,0.0
2006-03-10T12:00:00Z,10.625,72.575,0.0
2006-03-10T12:00:00Z,10.625,72.625,0.0
2006-03-10T12:00:00Z,10.625,72.675,0.0
2006-03-10T12:00:00Z,10.625,72.725,0.0
2006-03-10T12:00:00Z,10.625,72.775,0.0
2006-03-10T12:00:00Z,10.575,72.425,0.0
2006-03-10T12:00:00Z,10.575,72.475,0.0
2006-03-10T12:00:00Z,10.575,72.525,0.0
2006-03-10T12:00:00Z,10.575,72.575,0.0
2006-03-10T12:00:00Z,10.575,72.625,0.0
2006-03-10T12:00:00Z,10.575,72.675,0.0
2006-03-10T12:00:00Z,10.575,72.725,0.0
2006-03-10T12:00:00Z,10.575,72.775,0.0
2006-03-10T12:00:00Z,10.525,72.425,0.0
2006-03-10T12:00:00Z,10.525,72.475,0.0
2006-03-10T12:00:00Z,10.525,72.525,0.0
2006-03-10T12:00:00Z,10.525,72.575,0.0
2006-03-10T12:00:00Z,10.525,72.625,0.0
2006-03-10T12:00:00Z,10.525,72.675,0.0
2006-03-10T12:00:00Z,10.525,72.725,0.0
2006-03-10T12:00:00Z,10.525,72.775,0.0
2006-03-10T12:00:00Z,10.475,72.425,0.0
2006-03-10T12:00:00Z,10.475,72.475,0.0
2006-03-10T12:00:00Z,10.475,72.525,0.0
2006-03-10T12:00:00Z,10.475,72.575,0.0
2006-03-10T12:00:00Z,10.475,72.625,0.0
2006-03-10T12:00:00Z,10.475,72.675,0.0
2006-03-10T12:00:00Z,10.475,72.725,0.0
2006-03-10T12:00:00Z,10.475,72.775,0.0
2006-03-10T12:00:00Z,10.425,72.425,0.0
2006-03-10T12:00:00Z,10.425,72.475,0.0
2006-03-10T12:00:00Z,10.425,72.525,0.0
2006-03-10T12:00:00Z,10.425,72.575,0.0
2006-03-10T12:00:00Z,10.425,72.625,0.0
2006-03-10T12:00:00Z,10.425,72.675,0.0
2006-03-10T12:00:00Z,10.425,72.725,0.0
2006-03-10T12:00:00Z,10.425,72.775,0.0
2006-03-10T12:00:00Z,10.375,72.425,0.0
2006-03-10T12:00:00Z,10.375,72.475,0.0
2006-03-10T12:00:00Z,10.375,72.525,0.0
2006-03-10T12:00:00Z,10.375,72.575,0.0
2006-03-10T12:00:00Z,10.375,72.625,0.0
2006-03-10T12:00:00Z,10.375,72.675,0.0
2006-03-10T12:00:00Z,10.375,72.725,0.0
2006-03-10T12:00:00Z,10.375,72.775,0.0
2006-04-09T12:00:00Z,10.625,72.425,0.0
2006-04-09T12:00:00Z,10.625,72.475,0.0
2006-04-09T12:00:00Z,10.625,72.525,0.0
2006-04-09T12:00:00Z,10.625,72.575,0.0
2006-04-09T12:00:00Z,10.625,72.625,0.0
2006-04-09T12:00:00Z,10.625,72.675,0.0
2006-04-09T12:00:00Z,10.625,72.725,0.0
2006-04-09T12:00:00Z,10.625,72.775,0.0
2006-04-09T12:00:00Z,10.575,72.425,0.0
2006-04-09T12:00:00Z,10.575,72.475,0.0
2006-04-09T12:00:00Z,10.575,72.525,0.0
2006-04-09T12:00:00Z,10.575,72.575,0.0
2006-04-09T12:00:00Z,10.575,72.625,0.0
2006-04-09T12:00:00Z,10.575,72.675,0.0
2006-04-09T12:00:00Z,10.575,72.725,0.0
2006-04-09T12:00:00Z,10.575,72.775,0.0
2006-04-09T12:00:00Z,10.525,72.425,0.0
2006-04-09T12:00:00Z,10.525,72.475,0.0
2006-04-09T12:00:00Z,10.525,72.525,0.0
2006-04-09T12:00:00Z,10.525,72.575,0.0
2006-04-09T12:00:00Z,10.525,72.625,0.0
2006-04-09T12:00:00Z,10.525,72.675,0.0
2006-04-09T12:00:00Z,10.525,72.725,0.0
2006-04-09T12:00:00Z,10.525,72.775,0.0
2006-04-09T12:00:00Z,10.475,72.425,0.0
2006-04-09T12:00:00Z,10.475,72.475,0.0
2006-04-09T12:00:00Z,10.475,72.525,0.0
2006-04-09T12:00:00Z,10.475,72.575,0.0
2006-04-09T12:00:00Z,10.475,72.625,0.0
2006-04-09T12:00:00Z,10.475,72.675,0.0
2006-04-09T12:00:00Z,10.475,72.725,0.0
2006-04-09T12:00:00Z,10.475,72.775,0.0
2006-04-09T12:00:00Z,10.425,72.425,0.0
2006-04-09T12:00:00Z,10.425,72.475,0.0
2006-04-09T12:00:00Z,10.425,72.525,0.0
2006-04-09T12:00:00Z,10.425,72.575,0.0
2006-04-09T12:00:00Z,10.425,72.625,0.0
2006-04-09T12:00:00Z,10.425,72.675,0.0
2006-04-09T12:00:00Z,10.425,72.725,0.0
2006-04-09T12:00:00Z,10.425,72.775,0.0
2006-04-09T12:00:00Z,10.375,72.425,0.0
2006-04-09T12:00:00Z,10.375,72.475,0.0
2006-04-09T12:00:00Z,10.375,72.525,0.0
2006-04-09T12:00:00Z,10.375,72.575,0.0
2006-04-09T12:00:00Z,10.375,72.625,0.0
2006-04-09T12:00:00Z,10.375,72.675,0.0
2006-04-09T12:00:00Z,10.375,72.725,0.0
2006-04-09T12:00:00Z,10.375,72.775,0.0
2006-05-09T12:00:00Z,10.625,72.425,0.0
2006-05-09T12:00:00Z,10.625,72.475,0.0
2006-05-09T12:00:00Z,10.625,72.525,0.0
2006-05-09T12:00:00Z,10.625,72.575,0.0
2006-05-09T12:00:00Z,10.625,72.625,0.0
2006-05-09T12:00:00Z,10.625,72.675,0.0
2006-05-09T12:00:00Z,10.625,72.725,0.0
2006-05-09T12:00:00Z,10.625,72.775,0.0
2006-05-09T12:00:00Z,10.575,72.425,0.0
2006-05-09T12:00:00Z,10.575,72.475,0.0
2006-05-09T12:00:00Z,10.575,72.525,0.0
2006-05-09T12:00:00Z,10.575,72.575,0.0
2006-05-09T12:00:00Z,10.575,72.625,0.0
2006-05-09T12:00:00Z,10.575,72.675,0.0
2006-05-09T12:00:00Z,10.575,72.725,0.0
2006-05-09T12:00:00Z,10.575,72.775,0.0
2006-05-09T12:00:00Z,10.525,72.425,0.0
2006-05-09T12:00:00Z,10.525,72.475,0.0
2006-05-09T12:00:00Z,10.525,72.525,0.0
2006-05-09T12:00:00Z,10.525,72.575,0.0
2006-05-09T12:00:00Z,10.525,72.625,0.0
2006-05-09T12:00:00Z,10.525,72.675,0.0
2006-05-09T12:00:00Z,10.525,72.725,0.0
2006-05-09T12:00:00Z,10.525,72.775,0.0
2006-05-09T12:00:00Z,10.475,72.425,0.0
2006-05-09T12:00:00Z,10.475,72.475,0.0
2006-05-09T12:00:00Z,10.475,72.525,0.0
2006-05-09T12:00:00Z,10.475,72.575,0.0
2006-05-09T12:00:00Z,10.475,72.625,0.0
2006-05-09T12:00:00Z,10.475,72.675,0.0
2006-05-09T12:00:00Z,10.475,72.725,0.0
2006-05-09T12:00:00Z,10.475,72.775,0.0
2006-05-09T12:00:00Z,10.425,72.425,0.0
2006-05-09T12:00:00Z,10.425,72.475,0.0
2006-05-09T12:00:00Z,10.425,72.525,0.0
2006-05-09T12:00:00Z,10.425,72.575,0.0
2006-05-09T12:00:00Z,10.425,72.625,0.0
2006-05-09T12:00:00Z,10.425,72.675,0.0
2006-05-09T12:00:00Z,10.425,72.725,0.0
2006-05-09T12:00:00Z,10.425,72.775,0.0
2006-05-09T12:00:00Z,10.375,72.425,0.0
2006-05-09T12:00:00Z,10.375,72.475,0.0
2006-05-09T12:00:00Z,10.375,72.525,0.0
2006-05-09T12:00:00Z,10.375,72.575,0.0
2006-05-09T12:00:00Z,10.375,72.625,0.0
2006-05-09T12:00:00Z,10.375,72.675,0.0
2006-05-09T12:00:00Z,10.375,72.725,0.0
2006-05-09T12:00:00Z,10.375,72.775,0.0
2006-06-08T12:00:00Z,10.625,72.425,0.0
2006-06-08T12:00:00Z,10.625,72.475,0.0
2006-06-08T12:00:00Z,10.625,72.525,0.0
2006-06-08T12:00:00Z,10.625,72.575,0.0
2006-06-08T12:00:00Z,10.625,72.625,0.0
2006-06-08T12:00:00Z,10.625,72.675,0.0
2006-06-08T12:00:00Z,10.625,72.725,0.0
2006-06-08T12:00:00Z,10.625,72.775,0.0
2006-06-08T12:00:00Z,10.575,72.425,0.0
2006-06-08T12:00:00Z,10.575,72.475,0.0
2006-06-08T12:00:00Z,10.575,72.525,0.0
2006-06-08T12:00:00Z,10.575,72.575,0.0
2006-06-08T12:00:00Z,10.575,72.625,0.0
2006-06-08T12:00:00Z,10.575,72.675,0.0
2006-06-08T12:00:00Z,10.575,72.725,0.0
2006-06-08T12:00:00Z,10.575,72.775,0.0
2006-06-08T12:00:00Z,10.525,72.425,0.0
2006-06-08T12:00:00Z,10.525,72.475,0.0
2006-06-08T12:00:00Z,10.525,72.525,0.0
2006-06-08T12:00:00Z,10.525,72.575,0.0
2006-06-08T12:00:00Z,10.525,72.625,0.0
2006-06-08T12:00:00Z,10.525,72.675,0.0
2006-06-08T12:00:00Z,10.525,72.725,0.0
2006-06-08T12:00:00Z,10.525,72.775,0.0
2006-06-08T12:00:00Z,10.475,72.425,0.0
2006-06-08T12:00:00Z,10.475,72.475,0.0
2006-06-08T12:00:00Z,10.475,72.525,0.0
2006-06-08T12:00:00Z,10.475,72.575,0.0
2006-06-08T12:00:00Z,10.475,72.625,0.0
2006-06-08T12:00:00Z,10.475,72.675,0.0
2006-06-08T12:00:00Z,10.475,72.725,0.0
2006-06-08T12:00:00Z,10.475,72.775,0.0
2006-06-08T12:00:00Z,10.425,72.425,0.0
2006-06-08T12:00:00Z,10.425,72.475,0.0
2006-06-08T12:00:00Z,10.425,72.525,0.0
2006-06-08T12:00:00Z,10.425,72.575,0.0
2006-06-08T12:00:00Z,10.425,72.625,0.0
2006-06-08T12:00:00Z,10.425,72.675,0.0
2006-06-08T12:00:00Z,10.425,72.725,0.0
2006-06-08T12:00:00Z,10.425,72.775,0.0
2006-06-08T12:00:00Z,10.375,72.425,0.0
2006-06-08T12:00:00Z,10.375,72.475,0.0
2006-06-08T12:00:00Z,10.375,72.525,0.0
2006-06-08T12:00:00Z,10.375,72.575,0.0
2006-06-08T12:00:00Z,10.375,72.625,0.0
2006-06-08T12:00:00Z,10.375,72.675,0.0
2006-06-08T12:00:00Z,10.375,72.725,0.0
2006-06-08T12:00:00Z,10.375,72.775,0.0
2006-07-08T12:00:00Z,10.625,72.425,0.0
2006-07-08T12:00:00Z,10.625,72.475,0.0
2006-07-08T12:00:00Z,10.625,72.525,0.0
2006-07-08T12:00:00Z,10.625,72.575,0.0
2006-07-08T12:00:00Z,10.625,72.625,0.0
2006-07-08T12:00:00Z,10.625,72.675,0.0
2006-07-08T12:00:00Z,10.625,72.725,0.0
2006-07-08T12:00:00Z,10.625,72.775,0.0
2006-07-08T12:00:00Z,10.575,72.425,0.0
2006-07-08T12:00:00Z,10.575,72.475,0.0
2006-07-08T12:00:00Z,10.575,72.525,0.0
2006-07-08T12:00:00Z,10.575,72.575,0.0
2006-07-08T12:00:00Z,10.575,72.625,0.0
2006-07-08T12:00:00Z,10.575,72.675,0.0
2006-07-08T12:00:00Z,10.575,72.725,0.0
2006-07-08T12:00:00Z,10.575,72.775,0.0
2006-07-08T12:00:00Z,10.525,72.425,0.0
2006-07-08T12:00:00Z,10.525,72.475,0.0
2006-07-08T12:00:00Z,10.525,72.525,0.0
2006-07-08T12:00:00Z,10.525,72.575,0.0
2006-07-08T12:00:00Z,10.525,72.625,0.0
2006-07-08T12:00:00Z,10.525,72.675,0.0
2006-07-08T12:00:00Z,10.525,72.725,0.0
2006-07-08T12:00:00Z,10.525,72.775,0.0
2006-07-08T12:00:00Z,10.475,72.425,0.0
2006-07-08T12:00:00Z,10.475,72.475,0.0
2006-07-08T12:00:00Z,10.475,72.525,0.0
2006-07-08T12:00:00Z,10.475,72.575,0.0
2006-07-08T12:00:00Z,10.475,72.625,0.0
2006-07-08T12:00:00Z,10.475,72.675,0.0
2006-07-08T12:00:00Z,10.475,72.725,0.0
2006-07-08T12:00:00Z,10.475,72.775,0.0
2006-07-08T12:00:00Z,10.425,72.425,0.0
2006-07-08T12:00:00Z,10.425,72.475,0.0
2006-07-08T12:00:00Z,10.425,72.525,0.0
2006-07-08T12:00:00Z,10.425,72.575,0.0
2006-07-08T12:00:00Z,10.425,72.625,0.0
2006-07-08T12:00:00Z,10.425,72.675,0.0
2006-07-08T12:00:00Z,10.425,72.725,0.0
2006-07-08T12:00:00Z,10.425,72.775,0.0
2006-07-08T12:00:00Z,10.375,72.425,0.0
2006-07-08T12:00:00Z,10.375,72.475,0.0
2006-07-08T12:00:00Z,10.375,72.525,0.0
2006-07-08T12:00:00Z,10.375,72.575,0.0
2006-07-08T12:00:00Z,10.375,72.625,0.0
2006-07-08T12:00:00Z,10.375,72.675,0.0
2006-07-08T12:00:00Z,10.375,72.725,0.0
2006-07-08T12:00:00Z,10.375,72.775,0.0
2006-08-07T12:00:00Z,10.625,72.425,0.0
2006-08-07T12:00:00Z,10.625,72.475,0.0
2006-08-07T12:00:00Z,10.625,72.525,0.0
2006-08-07T12:00:00Z,10.625,72.575,0.0
2006-08-07T12:00:00Z,10.625,72.625,0.0
2006-08-07T12:00:00Z,10.625,72.675,0.0
2006-08-07T12:00:00Z,10.625,72.725,0.0
2006-08-07T12:00:00Z,10.625,72.775,0.0
2006-08-07T12:00:00Z,10.575,72.425,0.0
2006-08-07T12:00:00Z,10.575,72.475,0.0
2006-08-07T12:00:00Z,10.575,72.525,0.0
2006-08-07T12:00:00Z,10.575,72.575,0.0
2006-08-07T12:00:00Z,10.575,72.625,0.0
2006-08-07T12:00:00Z,10.575,72.675,0.0
2006-08-07T12:00:00Z,10.575,72.725,0.0
2006-08-07T12:00:00Z,10.575,72.775,0.0
2006-08-07T12:00:00Z,10.525,72.425,0.0
2006-08-07T12:00:00Z,10.525,72.475,0.0
2006-08-07T12:00:00Z,10.525,72.525,0.0
2006-08-07T12:00:00Z,10.525,72.575,0.0
2006-08-07T12:00:00Z,10.525,72.625,0.0
2006-08-07T12:00:00Z,10.525,72.675,0.0
2006-08-07T12:00:00Z,10.525,72.725,0.0
2006-08-07T12:00:00Z,10.525,72.775,0.0
2006-08-07T12:00:00Z,10.475,72.425,0.0
2006-08-07T12:00:00Z,10.475,72.475,0.0
2006-08-07T12:00:00Z,10.475,72.525,0.0
2006-08-07T12:00:00Z,10.475,72.575,0.0
2006-08-07T12:00:00Z,10.475,72.625,0.0
2006-08-07T12:00:00Z,10.475,72.675,0.0
2006-08-07T12:00:00Z,10.475,72.725,0.0
2006-08-07T12:00:00Z,10.475,72.775,0.0
2006-08-07T12:00:00Z,10.425,72.425,0.0
2006-08-07T12:00:00Z,10.425,72.475,0.0
2006-08-07T12:00:00Z,10.425,72.525,0.0
2006-08-07T12:00:00Z,10.425,72.575,0.0
2006-08-07T12:00:00Z,10.425,72.625,0.0
2006-08-07T12:00:00Z,10.425,72.675,0.0
2006-08-07T12:00:00Z,10.425,72.725,0.0
2006-08-07T12:00:00Z,10.425,72.775,0.0
2006-08-07T12:00:00Z,10.375,72.425,0.0
2006-08-07T12:00:00Z,10.375,72.475,0.0
2006-08-07T12:00:00Z,10.375,72.525,0.0
2006-08-07T12:00:00Z,10.375,72.575,0.0
2006-08-07T12:00:00Z,10.375,72.625,0.0
2006-08-07T12:00:00Z,10.375,72.675,0.0
2006-08-07T12:00:00Z,10.375,72.725,0.0
2006-08-07T12:00:00Z,10.375,72.775,0.0
2006-09-06T12:00:00Z,10.625,72.425,0.0
2006-09-06T12:00:00Z,10.625,72.475,0.0
2006-09-06T12:00:00Z,10.625,72.525,0.0
2006-09-06T12:00:00Z,10.625,72.575,0.0
2006-09-06T12:00:00Z,10.625,72.625,0.0
2006-09-06T12:00:00Z,10.625,72.675,0.0
2006-09-06T12:00:00Z,10.625,72.725,0.0
2006-09-06T12:00:00Z,10.625,72.775,0.0
2006-09-06T12:00:00Z,10.575,72.425,0.0
2006-09-06T12:00:00Z,10.575,72.475,0.0
2006-09-06T12:00:00Z,10.575,72.525,0.0
2006-09-06T12:00:00Z,10.575,72.575,0.0
2006-09-06T12:00:00Z,10.575,72.625,0.0
2006-09-06T12:00:00Z,10.575,72.675,0.0
2006-09-06T12:00:00Z,10.575,72.725,0.0
2006-09-06T12:00:00Z,10.575,72.775,0.0
2006-09-06T12:00:00Z,10.525,72.425,0.0
2006-09-06T12:00:00Z,10.525,72.475,0.0
2006-09-06T12:00:00Z,10.525,72.525,0.0
2006-09-06T12:00:00Z,10.525,72.575,0.0
2006-09-06T12:00:00Z,10.525,72.625,0.0
2006-09-06T12:00:00Z,10.525,72.675,0.0
2006-09-06T12:00:00Z,10.525,72.725,0.0
2006-09-06T12:00:00Z,10.525,72.775,0.0
2006-09-06T12:00:00Z,10.475,72.425,0.0
2006-09-06T12:00:00Z,10.475,72.475,0.0
2006-09-06T12:00:00Z,10.475,72.525,0.0
2006-09-06T12:00:00Z,10.475,72.575,0.0
2006-09-06T12:00:00Z,10.475,72.625,0.0
2006-09-06T12:00:00Z,10.475,72.675,0.0
2006-09-06T12:00:00Z,10.475,72.725,0.0
2006-09-06T12:00:00Z,10.475,72.775,0.0
2006-09-06T12:00:00Z,10.425,72.425,0.0
2006-09-06T12:00:00Z,10.425,72.475,0.0
2006-09-06T12:00:00Z,10.425,72.525,0.0
2006-09-06T12:00:00Z,10.425,72.575,0.0
2006-09-06T12:00:00Z,10.425,72.625,0.0
2006-09-06T12:00:00Z,10.425,72.675,0.0
2006-09-06T12:00:00Z,10.425,72.725,0.0
2006-09-06T12:00:00Z,10.425,72.775,0.0
2006-09-06T12:00:00Z,10.375,72.425,0.0
2006-09-06T12:00:00Z,10.375,72.475,0.0
2006-09-06T12:00:00Z,10.375,72.525,0.0
2006-09-06T12:00:00Z,10.375,72.575,0.0
2006-09-06T12:00:00Z,10.375,72.625,0.0
2006-09-06T12:00:00Z,10.375,72.675,0.0
2006-09-06T12:00:00Z,10.375,72.725,0.0
2006-09-06T12:00:00Z,10.375,72.775,0.0
2006-10-06T12:00:00Z,10.625,72.425,0.0
2006-10-06T12:00:00Z,10.625,72.475,0.0
2006-10-06T12:00:00Z,10.625,72.525,0.0
2006-10-06T12:00:00Z,10.625,72.575,0.0
2006-10-06T12:00:00Z,10.625,72.625,0.0
2006-10-06T12:00:00Z,10.625,72.675,0.0
2006-10-06T12:00:00Z,10.625,72.725,0.0
2006-10-06T12:00:00Z,10.625,72.775,0.0
2006-10-06T12:00:00Z,10.575,72.425,0.0
2006-10-06T12:00:00Z,10.575,72.475,0.0
2006-10-06T12:00:00Z,10.575,72.525,0.0
2006-10-06T12:00:00Z,10.575,72.575,0.0
2006-10-06T12:00:00Z,10.575,72.625,0.0
2006-10-06T12:00:00Z,10.575,72.675,0.0
2006-10-06T12:00:00Z,10.575,72.725,0.0
2006-10-06T12:00:00Z,10.575,72.775,0.0
2006-10-06T12:00:00Z,10.525,72.425,0.0
2006-10-06T12:00:00Z,10.525,72.475,0.0
2006-10-06T12:00:00Z,10.525,72.525,0.0
2006-10-06T12:00:00Z,10.525,72.575,0.0
2006-10-06T12:00:00Z,10.525,72.625,0.0
2006-10-06T12:00:00Z,10.525,72.675,0.0
2006-10-06T12:00:00Z,10.525,72.725,0.0
2006-10-06T12:00:00Z,10.525,72.775,0.0
2006-10-06T12:00:00Z,10.475,72.425,0.0
2006-10-06T12:00:00Z,10.475,72.475,0.0
2006-10-06T12:00:00Z,10.475,72.525,0.0
2006-10-06T12:00:00Z,10.475,72.575,0.0
2006-10-06T12:00:00Z,10.475,72.625,0.0
2006-10-06T12:00:00Z,10.475,72.675,0.0
2006-10-06T12:00:00Z,10.475,72.725,0.0
2006-10-06T12:00:00Z,10.475,72.775,0.0
2006-10-06T12:00:00Z,10.425,72.425,0.0
2006-10-06T12:00:00Z,10.425,72.475,0.0
2006-10-06T12:00:00Z,10.425,72.525,0.0
2006-10-06T12:00:00Z,10.425,72.575,0.0
2006-10-06T12:00:00Z,10.425,72.625,0.0
2006-10-06T12:00:00Z,10.425,72.675,0.0
2006-10-06T12:00:00Z,10.425,72.725,0.0
2006-10-06T12:00:00Z,10.425,72.775,0.0
2006-10-06T12:00:00Z,10.375,72.425,0.0
2006-10-06T12:00:00Z,10.375,72.475,0.0
2006-10-06T12:00:00Z,10.375,72.525,0.0
2006-10-06T12:00:00Z,10.375,72.575,0.0
2006-10-06T12:00:00Z,10.375,72.625,0.0
2006-10-06T12:00:00Z,10.375,72.675,0.0
2006-10-06T12:00:00Z,10.375,72.725,0.0
2006-10-06T12:00:00Z,10.375,72.775,0.0
2006-11-05T12:00:00Z,10.625,72.425,0.0
2006-11-05T12:00:00Z,10.625,72.475,0.0
2006-11-05T12:00:00Z,10.625,72.525,0.0
2006-11-05T12:00:00Z,10.625,72.575,0.0
2006-11-05T12:00:00Z,10.625,72.625,0.0
2006-11-05T12:00:00Z,10.625,72.675,0.0
2006-11-05T12:00:00Z,10.625,72.725,0.0
2006-11-05T12:00:00Z,10.625,72.775,0.0
2006-11-05T12:00:00Z,10.575,72.425,0.0
2006-11-05T12:00:00Z,10.575,72.475,0.0
2006-11-05T12:00:00Z,10.575,72.525,0.0
2006-11-05T12:00:00Z,10.575,72.575,0.0
2006-11-05T12:00:00Z,10.575,72.625,0.0
2006-11-05T12:00:00Z,10.575,72.675,0.0
2006-11-05T12:00:00Z,10.575,72.725,0.0
2006-11-05T12:00:00Z,10.575,72.775,0.0
2006-11-05T12:00:00Z,10.525,72.425,0.0
2006-11-05T12:00:00Z,10.525,72.475,0.0
2006-11-05T12:00:00Z,10.525,72.525,0.0
2006-11-05T12:00:00Z,10.525,72.575,0.0
2006-11-05T12:00:00Z,10.525,72.625,0.0
2006-11-05T12:00:00Z,10.525,72.675,0.0
2006-11-05T12:00:00Z,10.525,72.725,0.0
2006-11-05T12:00:00Z,10.525,72.775,0.0
2006-11-05T12:00:00Z,10.475,72.425,0.0
2006-11-05T12:00:00Z,10.475,72.475,0.0
2006-11-05T12:00:00Z,10.475,72.525,0.0
2006-11-05T12:00:00Z,10.475,72.575,0.0
2006-11-05T12:00:00Z,10.475,72.625,0.0
2006-11-05T12:00:00Z,10.475,72.675,0.0
2006-11-05T12:00:00Z,10.475,72.725,0.0
2006-11-05T12:00:00Z,10.475,72.775,0.0
2006-11-05T12:00:00Z,10.425,72.425,0.0
2006-11-05T12:00:00Z,10.425,72.475,0.0
2006-11-05T12:00:00Z,10.425,72.525,0.0
2006-11-05T12:00:00Z,10.425,72.575,0.0
2006-11-05T12:00:00Z,10.425,72.625,0.0
2006-11-05T12:00:00Z,10.425,72.675,0.0
2006-11-05T12:00:00Z,10.425,72.725,0.0
2006-11-05T12:00:00Z,10.425,72.775,0.0
2006-11-05T12:00:00Z,10.375,72.425,0.0
2006-11-05T12:00:00Z,10.375,72.475,0.0
2006-11-05T12:00:00Z,10.375,72.525,0.0
2006-11-05T12:00:00Z,10.375,72.575,0.0
2006-11-05T12:00:00Z,10.375,72.625,0.0
2006-11-05T12:00:00Z,10.375,72.675,0.0
2006-11-05T12:00:00Z,10.375,72.725,0.0
2006-11-05T12:00:00Z,10.375,72.775,0.0
2006-12-05T12:00:00Z,10.625,72.425,0.0
2006-12-05T12:00:00Z,10.625,72.475,0.0
2006-12-05T12:00:00Z,10.625,72.525,0.0
2006-12-05T12:00:00Z,10.625,72.575,0.0
2006-12-05T12:00:00Z,10.625,72.625,0.0
2006-12-05T12:00:00Z,10.625,72.675,0.0
2006-12-05T12:00:00Z,10.625,72.725,0.0
2006-12-05T12:00:00Z,10.625,72.775,0.0
2006-12-05T12:00:00Z,10.575,72.425,0.0
2006-12-05T12:00:00Z,10.575,72.475,0.0
2006-12-05T12:00:00Z,10.575,72.525,0.0
2006-12-05T12:00:00Z,10.575,72.575,0.0
2006-12-05T12:00:00Z,10.575,72.625,0.0
2006-12-05T12:00:00Z,10.575,72.675,0.0
2006-12-05T12:00:00Z,10.575,72.725,0.0
2006-12-05T12:00:00Z,10.575,72.775,0.0
2006-12-05T12:00:00Z,10.525,72.425,0.0
2006-12-05T12:00:00Z,10.525,72.475,0.0
2006-12-05T12:00:00Z,10.525,72.525,0.0
2006-12-05T12:00:00Z,10.525,72.575,0.0
2006-12-05T12:00:00Z,10.525,72.625,0.0
2006-12-05T12:00:00Z,10.525,72.675,0.0
2006-12-05T12:00:00Z,10.525,72.725,0.0
2006-12-05T12:00:00Z,10.525,72.775,0.0
2006-12-05T12:00:00Z,10.475,72.425,0.0
2006-12-05T12:00:00Z,10.475,72.475,0.0
2006-12-05T12:00:00Z,10.475,72.525,0.0
2006-12-05T12:00:00Z,10.475,72.575,0.0
2006-12-05T12:00:00Z,10.475,72.625,0.0
2006-12-05T12:00:00Z,10.475,72.675,0.0
2006-12-05T12:00:00Z,10.475,72.725,0.0
2006-12-05T12:00:00Z,10.475,72.775,0.0
2006-12-05T12:00:00Z,10.425,72.425,0.0
2006-12-05T12:00:00Z,10.425,72.475,0.0
2006-12-05T12:00:00Z,10.425,72.525,0.0
2006-12-05T12:00:00Z,10.425,72.575,0.0
2006-12-05T12:00:00Z,10.425,72.625,0.0
2006-12-05T12:00:00Z,10.425,72.675,0.0
2006-12-05T12:00:00Z,10.425,72.725,0.0
2006-12-05T12:00:00Z,10.425,72.775,0.0
2006-12-05T12:00:00Z,10.375,72.425,0.0
2006-12-05T12:00:00Z,10.375,72.475,0.0
2006-12-05T12:00:00Z,10.375,72.525,0.0
2006-12-05T12:00:00Z,10.375,72.575,0.0
2006-12-05T12:00:00Z,10.375,72.625,0.0
2006-12-05T12:00:00Z,10.375,72.675,0.0
2006-12-05T12:00:00Z,10.375,72.725,0.0
2006-12-05T12:00:00Z,10.375,72.775,0.0
2007-01-04T12:00:00Z,10.625,72.425,0.0
2007-01-04T12:00:00Z,10.625,72.475,0.0
2007-01-04T12:00:00Z,10.625,72.525,0.0
2007-01-04T12:00:00Z,10.625,72.575,0.0
2007-01-04T12:00:00Z,10.625,72.625,0.0
2007-01-04T12:00:00Z,10.625,72.675,0.0
2007-01-04T12:00:00Z,10.625,72.725,0.0
2007-01-04T12:00:00Z,10.625,72.775,0.0
2007-01-04T12:00:00Z,10.575,72.425,0.0
2007-01-04T12:00:00Z,10.575,72.475,0.0
2007-01-04T12:00:00Z,10.575,72.525,0.0
2007-01-04T12:00:00Z,10.575,72.575,0.0
2007-01-04T12:00:00Z,10.575,72.625,0.0
2007-01-04T12:00:00Z,10.575,72.675,0.0
2007-01-04T12:00:00Z,10.575,72.725,0.0
2007-01-04T12:00:00Z,10.575,72.775,0.0
2007-01-04T12:00:00Z,10.525,72.425,0.0
2007-01-04T12:00:00Z,10.525,72.475,0.0
2007-01-04T12:00:00Z,10.525,72.525,0.0
2007-01-04T12:00:00Z,10.525,72.575,0.0
2007-01-04T12:00:00Z,10.525,72.625,0.0
2007-01-04T12:00:00Z,10.525,72.675,0.0
2007-01-04T12:00:00Z,10.525,72.725,0.0
2007-01-04T12:00:00Z,10.525,72.775,0.0
2007-01-04T12:00:00Z,10.475,72.425,0.0
2007-01-04T12:00:00Z,10.475,72.475,0.0
2007-01-04T12:00:00Z,10.475,72.525,0.0
2007-01-04T12:00:00Z,10.475,72.575,0.0
2007-01-04T12:00:00Z,10.475,72.625,0.0
2007-01-04T12:00:00Z,10.475,72.675,0.0
2007-01-04T12:00:00Z,10.475,72.725,0.0
2007-01-04T12:00:00Z,10.475,72.775,0.0
2007-01-04T12:00:00Z,10.425,72.425,0.0
2007-01-04T12:00:00Z,10.425,72.475,0.0
2007-01-04T12:00:00Z,10.425,72.525,0.0
2007-01-04T12:00:00Z,10.425,72.575,0.0
2007-01-04T12:00:00Z,10.425,72.625,0.0
2007-01-04T12:00:00Z,10.425,72.675,0.0
2007-01-04T12:00:00Z,10.425,72.725,0.0
2007-01-04T12:00:00Z,10.425,72.775,0.0
2007-01-04T12:00:00Z,10.375,72.425,0.0
2007-01-04T12:00:00Z,10.375,72.475,0.0
2007-01-04T12:00:00Z,10.375,72.525,0.0
2007-01-04T12:00:00Z,10.375,72.575,0.0
2007-01-04T12:00:00Z,10.375,72.625,0.0
2007-01-04T12:00:00Z,10.375,72.675,0.0
2007-01-04T12:00:00Z,10.375,72.725,0.0
2007-01-04T12:00:00Z,10.375,72.775,0.0
2007-02-03T12:00:00Z,10.625,72.425,0.0
2007-02-03T12:00:00Z,10.625,72.475,0.0
2007-02-03T12:00:00Z,10.625,72.525,0.0
2007-02-03T12:00:00Z,10.625,72.575,0.0
2007-02-03T12:00:00Z,10.625,72.625,0.0
2007-02-03T12:00:00Z,10.625,72.675,0.0
2007-02-03T12:00:00Z,10.625,72.725,0.0
2007-02-03T12:00:00Z,10.625,72.775,0.0
2007-02-03T12:00:00Z,10.575,72.425,0.0
2007-02-03T12:00:00Z,10.575,72.475,0.0
2007-02-03T12:00:00Z,10.575,72.525,0.0
2007-02-03T12:00:00Z,10.575,72.575,0.0
2007-02-03T12:00:00Z,10.575,72.625,0.0
2007-02-03T12:00:00Z,10.575,72.675,0.0
2007-02-03T12:00:00Z,10.575,72.725,0.0
2007-02-03T12:00:00Z,10.575,72.775,0.0
2007-02-03T12:00:00Z,10.525,72.425,0.0
2007-02-03T12:00:00Z,10.525,72.475,0.0
2007-02-03T12:00:00Z,10.525,72.525,0.0
2007-02-03T12:00:00Z,10.525,72.575,0.0
2007-02-03T12:00:00Z,10.525,72.625,0.0
2007-02-03T12:00:00Z,10.525,72.675,0.0
2007-02-03T12:00:00Z,10.525,72.725,0.0
2007-02-03T12:00:00Z,10.525,72.775,0.0
2007-02-03T12:00:00Z,10.475,72.425,0.0
2007-02-03T12:00:00Z,10.475,72.475,0.0
2007-02-03T12:00:00Z,10.475,72.525,0.0
2007-02-03T12:00:00Z,10.475,72.575,0.0
2007-02-03T12:00:00Z,10.475,72.625,0.0
2007-02-03T12:00:00Z,10.475,72.675,0.0
2007-02-03T12:00:00Z,10.475,72.725,0.0
2007-02-03T12:00:00Z,10.475,72.775,0.0
2007-02-03T12:00:00Z,10.425,72.425,0.0
2007-02-03T12:00:00Z,10.425,72.475,0.0
2007-02-03T12:00:00Z,10.425,72.525,0.0
2007-02-03T12:00:00Z,10.425,72.575,0.0
2007-02-03T12:00:00Z,10.425,72.625,0.0
2007-02-03T12:00:00Z,10.425,72.675,0.0
2007-02-03T12:00:00Z,10.425,72.725,0.0
2007-02-03T12:00:00Z,10.425,72.775,0.0
2007-02-03T12:00:00Z,10.375,72.425,0.0
2007-02-03T12:00:00Z,10.375,72.475,0.0
2007-02-03T12:00:00Z,10.375,72.525,0.0
2007-02-03T12:00:00Z,10.375,72.575,0.0
2007-02-03T12:00:00Z,10.375,72.625,0.0
2007-02-03T12:00:00Z,10.375,72.675,0.0
2007-02-03T12:00:00Z,10.375,72.725,0.0
2007-02-03T12:00:00Z,10.375,72.775,0.0
2007-03-05T12:00:00Z,10.625,72.425,0.0
2007-03-05T12:00:00Z,10.625,72.475,0.0
2007-03-05T12:00:00Z,10.625,72.525,0.0
2007-03-05T12:00:00Z,10.625,72.575,0.0
2007-03-05T12:00:00Z,10.625,72.625,0.0
2007-03-05T12:00:00Z,10.625,72.675,0.0
2007-03-05T12:00:00Z,10.625,72.725,0.0
2007-03-05T12:00:00Z,10.625,72.775,0.0
2007-03-05T12:00:00Z,10.575,72.425,0.0
2007-03-05T12:00:00Z,10.575,72.475,0.0
2007-03-05T12:00:00Z,10.575,72.525,0.0
2007-03-05T12:00:00Z,10.575,72.575,0.0
2007-03-05T12:00:00Z,10.575,72.625,0.0
2007-03-05T12:00:00Z,10.575,72.675,0.0
2007-03-05T12:00:00Z,10.575,72.725,0.0
2007-03-05T12:00:00Z,10.575,72.775,0.0
2007-03-05T12:00:00Z,10.525,72.425,0.0
2007-03-05T12:00:00Z,10.525,72.475,0.0
2007-03-05T12:00:00Z,10.525,72.525,0.0
2007-03-05T12:00:00Z,10.525,72.575,0.0
2007-03-05T12:00:00Z,10.525,72.625,0.0
2007-03-05T12:00:00Z,10.525,72.675,0.0
2007-03-05T12:00:00Z,10.525,72.725,0.0
2007-03-05T12:00:00Z,10.525,72.775,0.0
2007-03-05T12:00:00Z,10.475,72.425,0.0
2007-03-05T12:00:00Z,10.475,72.475,0.0
2007-03-05T12:00:00Z,10.475,72.525,0.0
2007-03-05T12:00:00Z,10.475,72.575,0.0
2007-03-05T12:00:00Z,10.475,72.625,0.0
2007-03-05T12:00:00Z,10.475,72.675,0.0
2007-03-05T12:00:00Z,10.475,72.725,0.0
2007-03-05T12:00:00Z,10.475,72.775,0.0
2007-03-05T12:00:00Z,10.425,72.425,0.0
2007-03-05T12:00:00Z,10.425,72.475,0.0
2007-03-05T12:00:00Z,10.425,72.525,0.0
2007-03-05T12:00:00Z,10.425,72.575,0.0
2007-03-05T12:00:00Z,10.425,72.625,0.0
2007-03-05T12:00:00Z,10.425,72.675,0.0
2007-03-05T12:00:00Z,10.425,72.725,0.0
2007-03-05T12:00:00Z,10.425,72.775,0.0
2007-03-05T12:00:00Z,10.375,72.425,0.0
2007-03-05T12:00:00Z,10.375,72.475,0.0
2007-03-05T12:00:00Z,10.375,72.525,0.0
2007-03-05T12:00:00Z,10.375,72.575,0.0
2007-03-05T12:00:00Z,10.375,72.625,0.0
2007-03-05T12:00:00Z,10.375,72.675,0.0
2007-03-05T12:00:00Z,10.375,72.725,0.0
2007-03-05T12:00:00Z,10.375,72.775,0.0
2007-04-04T12:00:00Z,10.625,72.425,0.0
2007-04-04T12:00:00Z,10.625,72.475,0.0
2007-04-04T12:00:00Z,10.625,72.525,0.0
2007-04-04T12:00:00Z,10.625,72.575,0.0
2007-04-04T12:00:00Z,10.625,72.625,0.0
2007-04-04T12:00:00Z,10.625,72.675,0.0
2007-04-04T12:00:00Z,10.625,72.725,0.0
2007-04-04T12:00:00Z,10.625,72.775,0.0
2007-04-04T12:00:00Z,10.575,72.425,0.0
2007-04-04T12:00:00Z,10.575,72.475,0.0
2007-04-04T12:00:00Z,10.575,72.525,0.0
2007-04-04T12:00:00Z,10.575,72.575,0.0
2007-04-04T12:00:00Z,10.575,72.625,0.0
2007-04-04T12:00:00Z,10.575,72.675,0.0
2007-04-04T12:00:00Z,10.575,72.725,0.0
2007-04-04T12:00:00Z,10.575,72.775,0.0
2007-04-04T12:00:00Z,10.525,72.425,0.0
2007-04-04T12:00:00Z,10.525,72.475,0.0
2007-04-04T12:00:00Z,10.525,72.525,0.0
2007-04-04T12:00:00Z,10.525,72.575,0.0
2007-04-04T12:00:00Z,10.525,72.625,0.0
2007-04-04T12:00:00Z,10.525,72.675,0.0
2007-04-04T12:00:00Z,10.525,72.725,0.0
2007-04-04T12:00:00Z,10.525,72.775,0.0
2007-04-04T12:00:00Z,10.475,72.425,0.0
2007-04-04T12:00:00Z,10.475,72.475,0.0
2007-04-04T12:00:00Z,10.475,72.525,0.0
2007-04-04T12:00:00Z,10.475,72.575,0.0
2007-04-04T12:00:00Z,10.475,72.625,0.0
2007-04-04T12:00:00Z,10.475,72.675,0.0
2007-04-04T12:00:00Z,10.475,72.725,0.0
2007-04-04T12:00:00Z,10.475,72.775,0.0
2007-04-04T12:00:00Z,10.425,72.425,0.0
2007-04-04T12:00:00Z,10.425,72.475,0.0
2007-04-04T12:00:00Z,10.425,72.525,0.0
2007-04-04T12:00:00Z,10.425,72.575,0.0
2007-04-04T12:00:00Z,10.425,72.625,0.0
2007-04-04T12:00:00Z,10.425,72.675,0.0
2007-04-04T12:00:00Z,10.425,72.725,0.0
2007-04-04T12:00:00Z,10.425,72.775,0.0
2007-04-04T12:00:00Z,10.375,72.425,0.0
2007-04-04T12:00:00Z,10.375,72.475,0.0
2007-04-04T12:00:00Z,10.375,72.525,0.0
2007-04-04T12:00:00Z,10.375,72.575,0.0
2007-04-04T12:00:00Z,10.375,72.625,0.0
2007-04-04T12:00:00Z,10.375,72.675,0.0
2007-04-04T12:00:00Z,10.375,72.725,0.0
2007-04-04T12:00:00Z,10.375,72.775,0.0
2007-05-04T12:00:00Z,10.625,72.425,0.0
2007-05-04T12:00:00Z,10.625,72.475,0.0
2007-05-04T12:00:00Z,10.625,72.525,0.0
2007-05-04T12:00:00Z,10.625,72.575,0.0
2007-05-04T12:00:00Z,10.625,72.625,0.0
2007-05-04T12:00:00Z,10.625,72.675,0.0
2007-05-04T12:00:00Z,10.625,72.725,0.0
2007-05-04T12:00:00Z,10.625,72.775,0.0
2007-05-04T12:00:00Z,10.575,72.425,0.0
2007-05-04T12:00:00Z,10.575,72.475,0.0
2007-05-04T12:00:00Z,10.575,72.525,0.0
2007-05-04T12:00:00Z,10.575,72.575,0.0
2007-05-04T12:00:00Z,10.575,72.625,0.0
2007-05-04T12:00:00Z,10.575,72.675,0.0
2007-05-04T12:00:00Z,10.575,72.725,0.0
2007-05-04T12:00:00Z,10.575,72.775,0.0
2007-05-04T12:00:00Z,10.525,72.425,0.0
2007-05-04T12:00:00Z,10.525,72.475,0.0
2007-05-04T12:00:00Z,10.525,72.525,0.0
2007-05-04T12:00:00Z,10.525,72.575,0.0
2007-05-04T12:00:00Z,10.525,72.625,0.0
2007-05-04T12:00:00Z,10.525,72.675,0.0
2007-05-04T12:00:00Z,10.525,72.725,0.0
2007-05-04T12:00:00Z,10.525,72.775,0.0
2007-05-04T12:00:00Z,10.475,72.425,0.0
2007-05-04T12:00:00Z,10.475,72.475,0.0
2007-05-04T12:00:00Z,10.475,72.525,0.0
2007-05-04T12:00:00Z,10.475,72.575,0.0
2007-05-04T12:00:00Z,10.475,72.625,0.0
2007-05-04T12:00:00Z,10.475,72.675,0.0
2007-05-04T12:00:00Z,10.475,72.725,0.0
2007-05-04T12:00:00Z,10.475,72.775,0.0
2007-05-04T12:00:00Z,10.425,72.425,0.0
2007-05-04T12:00:00Z,10.425,72.475,0.0
2007-05-04T12:00:00Z,10.425,72.525,0.0
2007-05-04T12:00:00Z,10.425,72.575,0.0
2007-05-04T12:00:00Z,10.425,72.625,0.0
2007-05-04T12:00:00Z,10.425,72.675,0.0
2007-05-04T12:00:00Z,10.425,72.725,0.0
2007-05-04T12:00:00Z,10.425,72.775,0.0
2007-05-04T12:00:00Z,10.375,72.425,0.0
2007-05-04T12:00:00Z,10.375,72.475,0.0
2007-05-04T12:00:00Z,10.375,72.525,0.0
2007-05-04T12:00:00Z,10.375,72.575,0.0
2007-05-04T12:00:00Z,10.375,72.625,0.0
2007-05-04T12:00:00Z,10.375,72.675,0.0
2007-05-04T12:00:00Z,10.375,72.725,0.0
2007-05-04T12:00:00Z,10.375,72.775,0.0
2007-06-03T12:00:00Z,10.625,72.425,0.15
2007-06-03T12:00:00Z,10.625,72.475,0.14
2007-06-03T12:00:00Z,10.625,72.525,0.0
2007-06-03T12:00:00Z,10.625,72.575,0.0
2007-06-03T12:00:00Z,10.625,72.625,0.0
2007-06-03T12:00:00Z,10.625,72.675,0.0
2007-06-03T12:00:00Z,10.625,72.725,0.0
2007-06-03T12:00:00Z,10.625,72.775,0.0
2007-06-03T12:00:00Z,10.575,72.425,0.14
2007-06-03T12:00:00Z,10.575,72.475,0.0
2007-06-03T12:00:00Z,10.575,72.525,0.0
2007-06-03T12:00:00Z,10.575,72.575,0.0
2007-06-03T12:00:00Z,10.575,72.625,0.0
2007-06-03T12:00:00Z,10.575,72.675,0.0
2007-06-03T12:00:00Z,10.575,72.725,0.0
2007-06-03T12:00:00Z,10.575,72.775,0.0
2007-06-03T12:00:00Z,10.525,72.425,0.0
2007-06-03T12:00:00Z,10.525,72.475,0.0
2007-06-03T12:00:00Z,10.525,72.525,0.0
2007-06-03T12:00:00Z,10.525,72.575,0.0
2007-06-03T12:00:00Z,10.525,72.625,0.0
2007-06-03T12:00:00Z,10.525,72.675,0.0
2007-06-03T12:00:00Z,10.525,72.725,0.0
2007-06-03T12:00:00Z,10.525,72.775,0.0
2007-06-03T12:00:00Z,10.475,72.425,0.0
2007-06-03T12:00:00Z,10.475,72.475,0.0
2007-06-03T12:00:00Z,10.475,72.525,0.0
2007-06-03T12:00:00Z,10.475,72.575,0.0
2007-06-03T12:00:00Z,10.475,72.625,0.0
2007-06-03T12:00:00Z,10.475,72.675,0.0
2007-06-03T12:00:00Z,10.475,72.725,0.0
2007-06-03T12:00:00Z,10.475,72.775,0.0
2007-06-03T12:00:00Z,10.425,72.425,0.0
2007-06-03T12:00:00Z,10.425,72.475,0.0
2007-06-03T12:00:00Z,10.425,72.525,0.0
2007-06-03T12:00:00Z,10.425,72.575,0.0
2007-06-03T12:00:00Z,10.425,72.625,0.0
2007-06-03T12:00:00Z,10.425,72.675,0.0
2007-06-03T12:00:00Z,10.425,72.725,0.0
2007-06-03T12:00:00Z,10.425,72.775,0.0
2007-06-03T12:00:00Z,10.375,72.425,0.0
2007-06-03T12:00:00Z,10.375,72.475,0.0
2007-06-03T12:00:00Z,10.375,72.525,0.0
2007-06-03T12:00:00Z,10.375,72.575,0.0
2007-06-03T12:00:00Z,10.375,72.625,0.0
2007-06-03T12:00:00Z,10.375,72.675,0.0
2007-06-03T12:00:00Z,10.375,72.725,0.0
2007-06-03T12:00:00Z,10.375,72.775,0.0
2007-07-03T12:00:00Z,10.625,72.425,0.15
2007-07-03T12:00:00Z,10.625,72.475,0.14
2007-07-03T12:00:00Z,10.625,72.525,0.0
2007-07-03T12:00:00Z,10.625,72.575,0.0
2007-07-03T12:00:00Z,10.625,72.625,0.0
2007-07-03T12:00:00Z,10.625,72.675,0.0
2007-07-03T12:00:00Z,10.625,72.725,0.0
2007-07-03T12:00:00Z,10.625,72.775,0.0
2007-07-03T12:00:00Z,10.575,72.425,0.14
2007-07-03T12:00:00Z,10.575,72.475,0.0
2007-07-03T12:00:00Z,10.575,72.525,0.0
2007-07-03T12:00:00Z,10.575,72.575,0.0
2007-07-03T12:00:00Z,10.575,72.625,0.0
2007-07-03T12:00:00Z,10.575,72.675,0.0
2007-07-03T12:00:00Z,10.575,72.725,0.0
2007-07-03T12:00:00Z,10.575,72.775,0.0
2007-07-03T12:00:00Z,10.525,72.425,0.0
2007-07-03T12:00:00Z,10.525,72.475,0.0
2007-07-03T12:00:00Z,10.525,72.525,0.0
2007-07-03T12:00:00Z,10.525,72.575,0.0
2007-07-03T12:00:00Z,10.525,72.625,0.0
2007-07-03T12:00:00Z,10.525,72.675,0.0
2007-07-03T12:00:00Z,10.525,72.725,0.0
2007-07-03T12:00:00Z,10.525,72.775,0.0
2007-07-03T12:00:00Z,10.475,72.425,0.0
2007-07-03T12:00:00Z,10.475,72.475,0.0
2007-07-03T12:00:00Z,10.475,72.525,0.0
2007-07-03T12:00:00Z,10.475,72.575,0.0
2007-07-03T12:00:00Z,10.475,72.625,0.0
2007-07-03T12:00:00Z,10.475,72.675,0.0
2007-07-03T12:00:00Z,10.475,72.725,0.0
2007-07-03T12:00:00Z,10.475,72.775,0.0
2007-07-03T12:00:00Z,10.425,72.425,0.0
2007-07-03T12:00:00Z,10.425,72.475,0.0
2007-07-03T12:00:00Z,10.425,72.525,0.0
2007-07-03T12:00:00Z,10.425,72.575,0.0
2007-07-03T12:00:00Z,10.425,72.625,0.0
2007-07-03T12:00:00Z,10.425,72.675,0.0
2007-07-03T12:00:00Z,10.425,72.725,0.0
2007-07-03T12:00:00Z,10.425,72.775,0.0
2007-07-03T12:00:00Z,10.375,72.425,0.0
2007-07-03T12:00:00Z,10.375,72.475,0.0
2007-07-03T12:00:00Z,10.375,72.525,0.0
2007-07-03T12:00:00Z,10.375,72.575,0.0
2007-07-03T12:00:00Z,10.375,72.625,0.0
2007-07-03T12:00:00Z,10.375,72.675,0.0
2007-07-03T12:00:00Z,10.375,72.725,0.0
2007-07-03T12:00:00Z,10.375,72.775,0.0
2007-08-02T12:00:00Z,10.625,72.425,0.15
2007-08-02T12:00:00Z,10.625,72.475,0.14
2007-08-02T12:00:00Z,10.625,72.525,0.0
2007-08-02T12:00:00Z,10.625,72.575,0.0
2007-08-02T12:00:00Z,10.625,72.625,0.0
2007-08-02T12:00:00Z,10.625,72.675,0.0
2007-08-02T12:00:00Z,10.625,72.725,0.0
2007-08-02T12:00:00Z,10.625,72.775,0.0
2007-08-02T12:00:00Z,10.575,72.425,0.14
2007-08-02T12:00:00Z,10.575,72.475,0.0
2007-08-02T12:00:00Z,10.575,72.525,0.0
2007-08-02T12:00:00Z,10.575,72.575,0.0
2007-08-02T12:00:00Z,10.575,72.625,0.0
2007-08-02T12:00:00Z,10.575,72.675,0.0
2007-08-02T12:00:00Z,10.575,72.725,0.0
2007-08-02T12:00:00Z,10.575,72.775,0.0
2007-08-02T12:00:00Z,10.525,72.425,0.0
2007-08-02T12:00:00Z,10.525,72.475,0.0
2007-08-02T12:00:00Z,10.525,72.525,0.0
2007-08-02T12:00:00Z,10.525,72.575,0.0
2007-08-02T12:00:00Z,10.525,72.625,0.0
2007-08-02T12:00:00Z,10.525,72.675,0.0
2007-08-02T12:00:00Z,10.525,72.725,0.0
2007-08-02T12:00:00Z,10.525,72.775,0.0
2007-08-02T12:00:00Z,10.475,72.425,0.0
2007-08-02T12:00:00Z,10.475,72.475,0.0
2007-08-02T12:00:00Z,10.475,72.525,0.0
2007-08-02T12:00:00Z,10.475,72.575,0.0
2007-08-02T12:00:00Z,10.475,72.625,0.0
2007-08-02T12:00:00Z,10.475,72.675,0.0
2007-08-02T12:00:00Z,10.475,72.725,0.0
2007-08-02T12:00:00Z,10.475,72.775,0.0
2007-08-02T12:00:00Z,10.425,72.425,0.0
2007-08-02T12:00:00Z,10.425,72.475,0.0
2007-08-02T12:00:00Z,10.425,72.525,0.0
2007-08-02T12:00:00Z,10.425,72.575,0.0
2007-08-02T12:00:00Z,10.425,72.625,0.0
2007-08-02T12:00:00Z,10.425,72.675,0.0
2007-08-02T12:00:00Z,10.425,72.725,0.0
2007-08-02T12:00:00Z,10.425,72.775,0.0
2007-08-02T12:00:00Z,10.375,72.425,0.0
2007-08-02T12:00:00Z,10.375,72.475,0.0
2007-08-02T12:00:00Z,10.375,72.525,0.0
2007-08-02T12:00:00Z,10.375,72.575,0.0
2007-08-02T12:00:00Z,10.375,72.625,0.0
2007-08-02T12:00:00Z,10.375,72.675,0.0
2007-08-02T12:00:00Z,10.375,72.725,0.0
2007-08-02T12:00:00Z,10.375,72.775,0.0
2007-09-01T12:00:00Z,10.625,72.425,0.0
2007-09-01T12:00:00Z,10.625,72.475,0.0
2007-09-01T12:00:00Z,10.625,72.525,0.0
2007-09-01T12:00:00Z,10.625,72.575,0.0
2007-09-01T12:00:00Z,10.625,72.625,0.0
2007-09-01T12:00:00Z,10.625,72.675,0.0
2007-09-01T12:00:00Z,10.625,72.725,0.0
2007-09-01T12:00:00Z,10.625,72.775,0.0
2007-09-01T12:00:00Z,10.575,72.425,0.0
2007-09-01T12:00:00Z,10.575,72.475,0.0
2007-09-01T12:00:00Z,10.575,72.525,0.0
2007-09-01T12:00:00Z,10.575,72.575,0.0
2007-09-01T12:00:00Z,10.575,72.625,0.0
2007-09-01T12:00:00Z,10.575,72.675,0.0
2007-09-01T12:00:00Z,10.575,72.725,0.0
2007-09-01T12:00:00Z,10.575,72.775,0.0
2007-09-01T12:00:00Z,10.525,72.425,0.0
2007-09-01T12:00:00Z,10.525,72.475,0.0
2007-09-01T12:00:00Z,10.525,72.525,0.0
2007-09-01T12:00:00Z,10.525,72.575,0.0
2007-09-01T12:00:00Z,10.525,72.625,0.0
2007-09-01T12:00:00Z,10.525,72.675,0.0
2007-09-01T12:00:00Z,10.525,72.725,0.0
2007-09-01T12:00:00Z,10.525,72.775,0.0
2007-09-01T12:00:00Z,10.475,72.425,0.0
2007-09-01T12:00:00Z,10.475,72.475,0.0
2007-09-01T12:00:00Z,10.475,72.525,0.0
2007-09-01T12:00:00Z,10.475,72.575,0.0
2007-09-01T12:00:00Z,10.475,72.625,0.0
2007-09-01T12:00:00Z,10.475,72.675,0.0
2007-09-01T12:00:00Z,10.475,72.725,0.0
2007-09-01T12:00:00Z,10.475,72.775,0.0
2007-09-01T12:00:00Z,10.425,72.425,0.0
2007-09-01T12:00:00Z,10.425,72.475,0.0
2007-09-01T12:00:00Z,10.425,72.525,0.0
2007-09-01T12:00:00Z,10.425,72.575,0.0
2007-09-01T12:00:00Z,10.425,72.625,0.0
2007-09-01T12:00:00Z,10.425,72.675,0.0
2007-09-01T12:00:00Z,10.425,72.725,0.0
2007-09-01T12:00:00Z,10.425,72.775,0.0
2007-09-01T12:00:00Z,10.375,72.425,0.0
2007-09-01T12:00:00Z,10.375,72.475,0.0
2007-09-01T12:00:00Z,10.375,72.525,0.0
2007-09-01T12:00:00Z,10.375,72.575,0.0
2007-09-01T12:00:00Z,10.375,72.625,0.0
2007-09-01T12:00:00Z,10.375,72.675,0.0
2007-09-01T12:00:00Z,10.375,72.725,0.0
2007-09-01T12:00:00Z,10.375,72.775,0.0
2007-10-01T12:00:00Z,10.625,72.425,0.0
2007-10-01T12:00:00Z,10.625,72.475,0.0
2007-10-01T12:00:00Z,10.625,72.525,0.0
2007-10-01T12:00:00Z,10.625,72.575,0.0
2007-10-01T12:00:00Z,10.625,72.625,0.0
2007-10-01T12:00:00Z,10.625,72.675,0.0
2007-10-01T12:00:00Z,10.625,72.725,0.0
2007-10-01T12:00:00Z,10.625,72.775,0.0
2007-10-01T12:00:00Z,10.575,72.425,0.0
2007-10-01T12:00:00Z,10.575,72.475,0.0
2007-10-01T12:00:00Z,10.575,72.525,0.0
2007-10-01T12:00:00Z,10.575,72.575,0.0
2007-10-01T12:00:00Z,10.575,72.625,0.0
2007-10-01T12:00:00Z,10.575,72.675,0.0
2007-10-01T12:00:00Z,10.575,72.725,0.0
2007-10-01T12:00:00Z,10.575,72.775,0.0
2007-10-01T12:00:00Z,10.525,72.425,0.0
2007-10-01T12:00:00Z,10.525,72.475,0.0
2007-10-01T12:00:00Z,10.525,72.525,0.0
2007-10-01T12:00:00Z,10.525,72.575,0.0
2007-10-01T12:00:00Z,10.525,72.625,0.0
2007-10-01T12:00:00Z,10.525,72.675,0.0
2007-10-01T12:00:00Z,10.525,72.725,0.0
2007-10-01T12:00:00Z,10.525,72.775,0.0
2007-10-01T12:00:00Z,10.475,72.425,0.0
2007-10-01T12:00:00Z,10.475,72.475,0.0
2007-10-01T12:00:00Z,10.475,72.525,0.0
2007-10-01T12:00:00Z,10.475,72.575,0.0
2007-10-01T12:00:00Z,10.475,72.625,0.0
2007-10-01T12:00:00Z,10.475,72.675,0.0
2007-10-01T12:00:00Z,10.475,72.725,0.0
2007-10-01T12:00:00Z,10.475,72.775,0.0
2007-10-01T12:00:00Z,10.425,72.425,0.0
2007-10-01T12:00:00Z,10.425,72.475,0.0
2007-10-01T12:00:00Z,10.425,72.525,0.0
2007-10-01T12:00:00Z,10.425,72.575,0.0
2007-10-01T12:00:00Z,10.425,72.625,0.0
2007-10-01T12:00:00Z,10.425,72.675,0.0
2007-10-01T12:00:00Z,10.425,72.725,0.0
2007-10-01T12:00:00Z,10.425,72.775,0.0
2007-10-01T12:00:00Z,10.375,72.425,0.0
2007-10-01T12:00:00Z,10.375,72.475,0.0
2007-10-01T12:00:00Z,10.375,72.525,0.0
2007-10-01T12:00:00Z,10.375,72.575,0.0
2007-10-01T12:00:00Z,10.375,72.625,0.0
2007-10-01T12:00:00Z,10.375,72.675,0.0
2007-10-01T12:00:00Z,10.375,72.725,0.0
2007-10-01T12:00:00Z,10.375,72.775,0.0
2007-10-31T12:00:00Z,10.625,72.425,0.0
2007-10-31T12:00:00Z,10.625,72.475,0.0
2007-10-31T12:00:00Z,10.625,72.525,0.0
2007-10-31T12:00:00Z,10.625,72.575,0.0
2007-10-31T12:00:00Z,10.625,72.625,0.0
2007-10-31T12:00:00Z,10.625,72.675,0.0
2007-10-31T12:00:00Z,10.625,72.725,0.0
2007-10-31T12:00:00Z,10.625,72.775,0.0
2007-10-31T12:00:00Z,10.575,72.425,0.0
2007-10-31T12:00:00Z,10.575,72.475,0.0
2007-10-31T12:00:00Z,10.575,72.525,0.0
2007-10-31T12:00:00Z,10.575,72.575,0.0
2007-10-31T12:00:00Z,10.575,72.625,0.0
2007-10-31T12:00:00Z,10.575,72.675,0.0
2007-10-31T12:00:00Z,10.575,72.725,0.0
2007-10-31T12:00:00Z,10.575,72.775,0.0
2007-10-31T12:00:00Z,10.525,72.425,0.0
2007-10-31T12:00:00Z,10.525,72.475,0.0
2007-10-31T12:00:00Z,10.525,72.525,0.0
2007-10-31T12:00:00Z,10.525,72.575,0.0
2007-10-31T12:00:00Z,10.525,72.625,0.0
2007-10-31T12:00:00Z,10.525,72.675,0.0
2007-10-31T12:00:00Z,10.525,72.725,0.0
2007-10-31T12:00:00Z,10.525,72.775,0.0
2007-10-31T12:00:00Z,10.475,72.425,0.0
2007-10-31T12:00:00Z,10.475,72.475,0.0
2007-10-31T12:00:00Z,10.475,72.525,0.0
2007-10-31T12:00:00Z,10.475,72.575,0.0
2007-10-31T12:00:00Z,10.475,72.625,0.0
2007-10-31T12:00:00Z,10.475,72.675,0.0
2007-10-31T12:00:00Z,10.475,72.725,0.0
2007-10-31T12:00:00Z,10.475,72.775,0.0
2007-10-31T12:00:00Z,10.425,72.425,0.0
2007-10-31T12:00:00Z,10.425,72.475,0.0
2007-10-31T12:00:00Z,10.425,72.525,0.0
2007-10-31T12:00:00Z,10.425,72.575,0.0
2007-10-31T12:00:00Z,10.425,72.625,0.0
2007-10-31T12:00:00Z,10.425,72.675,0.0
2007-10-31T12:00:00Z,10.425,72.725,0.0
2007-10-31T12:00:00Z,10.425,72.775,0.0
2007-10-31T12:00:00Z,10.375,72.425,0.0
2007-10-31T12:00:00Z,10.375,72.475,0.0
2007-10-31T12:00:00Z,10.375,72.525,0.0
2007-10-31T12:00:00Z,10.375,72.575,0.0
2007-10-31T12:00:00Z,10.375,72.625,0.0
2007-10-31T12:00:00Z,10.375,72.675,0.0
2007-10-31T12:00:00Z,10.375,72.725,0.0
2007-10-31T12:00:00Z,10.375,72.775,0.0
2007-11-30T12:00:00Z,10.625,72.425,0.0
2007-11-30T12:00:00Z,10.625,72.475,0.0
2007-11-30T12:00:00Z,10.625,72.525,0.0
2007-11-30T12:00:00Z,10.625,72.575,0.0
2007-11-30T12:00:00Z,10.625,72.625,0.0
2007-11-30T12:00:00Z,10.625,72.675,0.0
2007-11-30T12:00:00Z,10.625,72.725,0.0
2007-11-30T12:00:00Z,10.625,72.775,0.0
2007-11-30T12:00:00Z,10.575,72.425,0.0
2007-11-30T12:00:00Z,10.575,72.475,0.0
2007-11-30T12:00:00Z,10.575,72.525,0.0
2007-11-30T12:00:00Z,10.575,72.575,0.0
2007-11-30T12:00:00Z,10.575,72.625,0.0
2007-11-30T12:00:00Z,10.575,72.675,0.0
2007-11-30T12:00:00Z,10.575,72.725,0.0
2007-11-30T12:00:00Z,10.575,72.775,0.0
2007-11-30T12:00:00Z,10.525,72.425,0.0
2007-11-30T12:00:00Z,10.525,72.475,0.0
2007-11-30T12:00:00Z,10.525,72.525,0.0
2007-11-30T12:00:00Z,10.525,72.575,0.0
2007-11-30T12:00:00Z,10.525,72.625,0.0
2007-11-30T12:00:00Z,10.525,72.675,0.0
2007-11-30T12:00:00Z,10.525,72.725,0.0
2007-11-30T12:00:00Z,10.525,72.775,0.0
2007-11-30T12:00:00Z,10.475,72.425,0.0
2007-11-30T12:00:00Z,10.475,72.475,0.0
2007-11-30T12:00:00Z,10.475,72.525,0.0
2007-11-30T12:00:00Z,10.475,72.575,0.0
2007-11-30T12:00:00Z,10.475,72.625,0.0
2007-11-30T12:00:00Z,10.475,72.675,0.0
2007-11-30T12:00:00Z,10.475,72.725,0.0
2007-11-30T12:00:00Z,10.475,72.775,0.0
2007-11-30T12:00:00Z,10.425,72.425,0.0
2007-11-30T12:00:00Z,10.425,72.475,0.0
2007-11-30T12:00:00Z,10.425,72.525,0.0
2007-11-30T12:00:00Z,10.425,72.575,0.0
2007-11-30T12:00:00Z,10.425,72.625,0.0
2007-11-30T12:00:00Z,10.425,72.675,0.0
2007-11-30T12:00:00Z,10.425,72.725,0.0
2007-11-30T12:00:00Z,10.425,72.775,0.0
2007-11-30T12:00:00Z,10.375,72.425,0.0
2007-11-30T12:00:00Z,10.375,72.475,0.0
2007-11-30T12:00:00Z,10.375,72.525,0.0
2007-11-30T12:00:00Z,10.375,72.575,0.0
2007-11-30T12:00:00Z,10.375,72.625,0.0
2007-11-30T12:00:00Z,10.375,72.675,0.0
2007-11-30T12:00:00Z,10.375,72.725,0.0
2007-11-30T12:00:00Z,10.375,72.775,0.0
2007-12-30T12:00:00Z,10.625,72.425,0.0
2007-12-30T12:00:00Z,10.625,72.475,0.0
2007-12-30T12:00:00Z,10.625,72.525,0.0
2007-12-30T12:00:00Z,10.625,72.575,0.0
2007-12-30T12:00:00Z,10.625,72.625,0.0
2007-12-30T12:00:00Z,10.625,72.675,0.0
2007-12-30T12:00:00Z,10.625,72.725,0.0
2007-12-30T12:00:00Z,10.625,72.775,0.0
2007-12-30T12:00:00Z,10.575,72.425,0.0
2007-12-30T12:00:00Z,10.575,72.475,0.0
2007-12-30T12:00:00Z,10.575,72.525,0.0
2007-12-30T12:00:00Z,10.575,72.575,0.0
2007-12-30T12:00:00Z,10.575,72.625,0.0
2007-12-30T12:00:00Z,10.575,72.675,0.0
2007-12-30T12:00:00Z,10.575,72.725,0.0
2007-12-30T12:00:00Z,10.575,72.775,0.0
2007-12-30T12:00:00Z,10.525,72.425,0.0
2007-12-30T12:00:00Z,10.525,72.475,0.0
2007-12-30T12:00:00Z,10.525,72.525,0.0
2007-12-30T12:00:00Z,10.525,72.575,0.0
2007-12-30T12:00:00Z,10.525,72.625,0.0
2007-12-30T12:00:00Z,10.525,72.675,0.0
2007-12-30T12:00:00Z,10.525,72.725,0.0
2007-12-30T12:00:00Z,10.525,72.775,0.0
2007-12-30T12:00:00Z,10.475,72.425,0.0
2007-12-30T12:00:00Z,10.475,72.475,0.0
2007-12-30T12:00:00Z,10.475,72.525,0.0
2007-12-30T12:00:00Z,10.475,72.575,0.0
2007-12-30T12:00:00Z,10.475,72.625,0.0
2007-12-30T12:00:00Z,10.475,72.675,0.0
2007-12-30T12:00:00Z,10.475,72.725,0.0
2007-12-30T12:00:00Z,10.475,72.775,0.0
2007-12-30T12:00:00Z,10.425,72.425,0.0
2007-12-30T12:00:00Z,10.425,72.475,0.0
2007-12-30T12:00:00Z,10.425,72.525,0.0
2007-12-30T12:00:00Z,10.425,72.575,0.0
2007-12-30T12:00:00Z,10.425,72.625,0.0
2007-12-30T12:00:00Z,10.425,72.675,0.0
2007-12-30T12:00:00Z,10.425,72.725,0.0
2007-12-30T12:00:00Z,10.425,72.775,0.0
2007-12-30T12:00:00Z,10.375,72.425,0.0
2007-12-30T12:00:00Z,10.375,72.475,0.0
2007-12-30T12:00:00Z,10.375,72.525,0.0
2007-12-30T12:00:00Z,10.375,72.575,0.0
2007-12-30T12:00:00Z,10.375,72.625,0.0
2007-12-30T12:00:00Z,10.375,72.675,0.0
2007-12-30T12:00:00Z,10.375,72.725,0.0
2007-12-30T12:00:00Z,10.375,72.775,0.0
2008-01-29T12:00:00Z,10.625,72.425,0.0
2008-01-29T12:00:00Z,10.625,72.475,0.0
2008-01-29T12:00:00Z,10.625,72.525,0.0
2008-01-29T12:00:00Z,10.625,72.575,0.0
2008-01-29T12:00:00Z,10.625,72.625,0.0
2008-01-29T12:00:00Z,10.625,72.675,0.0
2008-01-29T12:00:00Z,10.625,72.725,0.0
2008-01-29T12:00:00Z,10.625,72.775,0.0
2008-01-29T12:00:00Z,10.575,72.425,0.0
2008-01-29T12:00:00Z,10.575,72.475,0.0
2008-01-29T12:00:00Z,10.575,72.525,0.0
2008-01-29T12:00:00Z,10.575,72.575,0.0
2008-01-29T12:00:00Z,10.575,72.625,0.0
2008-01-29T12:00:00Z,10.575,72.675,0.0
2008-01-29T12:00:00Z,10.575,72.725,0.0
2008-01-29T12:00:00Z,10.575,72.775,0.0
2008-01-29T12:00:00Z,10.525,72.425,0.0
2008-01-29T12:00:00Z,10.525,72.475,0.0
2008-01-29T12:00:00Z,10.525,72.525,0.0
2008-01-29T12:00:00Z,10.525,72.575,0.0
2008-01-29T12:00:00Z,10.525,72.625,0.0
2008-01-29T12:00:00Z,10.525,72.675,0.0
2008-01-29T12:00:00Z,10.525,72.725,0.0
2008-01-29T12:00:00Z,10.525,72.775,0.0
2008-01-29T12:00:00Z,10.475,72.425,0.0
2008-01-29T12:00:00Z,10.475,72.475,0.0
2008-01-29T12:00:00Z,10.475,72.525,0.0
2008-01-29T12:00:00Z,10.475,72.575,0.0
2008-01-29T12:00:00Z,10.475,72.625,0.0
2008-01-29T12:00:00Z,10.475,72.675,0.0
2008-01-29T12:00:00Z,10.475,72.725,0.0
2008-01-29T12:00:00Z,10.475,72.775,0.0
2008-01-29T12:00:00Z,10.425,72.425,0.0
2008-01-29T12:00:00Z,10.425,72.475,0.0
2008-01-29T12:00:00Z,10.425,72.525,0.0
2008-01-29T12:00:00Z,10.425,72.575,0.0
2008-01-29T12:00:00Z,10.425,72.625,0.0
2008-01-29T12:00:00Z,10.425,72.675,0.0
2008-01-29T12:00:00Z,10.425,72.725,0.0
2008-01-29T12:00:00Z,10.425,72.775,0.0
2008-01-29T12:00:00Z,10.375,72.425,0.0
2008-01-29T12:00:00Z,10.375,72.475,0.0
2008-01-29T12:00:00Z,10.375,72.525,0.0
2008-01-29T12:00:00Z,10.375,72.575,0.0
2008-01-29T12:00:00Z,10.375,72.625,0.0
2008-01-29T12:00:00Z,10.375,72.675,0.0
2008-01-29T12:00:00Z,10.375,72.725,0.0
2008-01-29T12:00:00Z,10.375,72.775,0.0
2008-02-28T12:00:00Z,10.625,72.425,0.0
2008-02-28T12:00:00Z,10.625,72.475,0.0
2008-02-28T12:00:00Z,10.625,72.525,0.0
2008-02-28T12:00:00Z,10.625,72.575,0.0
2008-02-28T12:00:00Z,10.625,72.625,0.0
2008-02-28T12:00:00Z,10.625,72.675,0.0
2008-02-28T12:00:00Z,10.625,72.725,0.0
2008-02-28T12:00:00Z,10.625,72.775,0.0
2008-02-28T12:00:00Z,10.575,72.425,0.0
2008-02-28T12:00:00Z,10.575,72.475,0.0
2008-02-28T12:00:00Z,10.575,72.525,0.0
2008-02-28T12:00:00Z,10.575,72.575,0.0
2008-02-28T12:00:00Z,10.575,72.625,0.0
2008-02-28T12:00:00Z,10.575,72.675,0.0
2008-02-28T12:00:00Z,10.575,72.725,0.0
2008-02-28T12:00:00Z,10.575,72.775,0.0
2008-02-28T12:00:00Z,10.525,72.425,0.0
2008-02-28T12:00:00Z,10.525,72.475,0.0
2008-02-28T12:00:00Z,10.525,72.525,0.0
2008-02-28T12:00:00Z,10.525,72.575,0.0
2008-02-28T12:00:00Z,10.525,72.625,0.0
2008-02-28T12:00:00Z,10.525,72.675,0.0
2008-02-28T12:00:00Z,10.525,72.725,0.0
2008-02-28T12:00:00Z,10.525,72.775,0.0
2008-02-28T12:00:00Z,10.475,72.425,0.0
2008-02-28T12:00:00Z,10.475,72.475,0.0
2008-02-28T12:00:00Z,10.475,72.525,0.0
2008-02-28T12:00:00Z,10.475,72.575,0.0
2008-02-28T12:00:00Z,10.475,72.625,0.0
2008-02-28T12:00:00Z,10.475,72.675,0.0
2008-02-28T12:00:00Z,10.475,72.725,0.0
2008-02-28T12:00:00Z,10.475,72.775,0.0
2008-02-28T12:00:00Z,10.425,72.425,0.0
2008-02-28T12:00:00Z,10.425,72.475,0.0
2008-02-28T12:00:00Z,10.425,72.525,0.0
2008-02-28T12:00:00Z,10.425,72.575,0.0
2008-02-28T12:00:00Z,10.425,72.625,0.0
2008-02-28T12:00:00Z,10.425,72.675,0.0
2008-02-28T12:00:00Z,10.425,72.725,0.0
2008-02-28T12:00:00Z,10.425,72.775,0.0
2008-02-28T12:00:00Z,10.375,72.425,0.0
2008-02-28T12:00:00Z,10.375,72.475,0.0
2008-02-28T12:00:00Z,10.375,72.525,0.0
2008-02-28T12:00:00Z,10.375,72.575,0.0
2008-02-28T12:00:00Z,10.375,72.625,0.0
2008-02-28T12:00:00Z,10.375,72.675,0.0
2008-02-28T12:00:00Z,10.375,72.725,0.0
2008-02-28T12:00:00Z,10.375,72.775,0.0
2008-03-29T12:00:00Z,10.625,72.425,0.0
2008-03-29T12:00:00Z,10.625,72.475,0.0
2008-03-29T12:00:00Z,10.625,72.525,0.0
2008-03-29T12:00:00Z,10.625,72.575,0.0
2008-03-29T12:00:00Z,10.625,72.625,0.0
2008-03-29T12:00:00Z,10.625,72.675,0.0
2008-03-29T12:00:00Z,10.625,72.725,0.0
2008-03-29T12:00:00Z,10.625,72.775,0.0
2008-03-29T12:00:00Z,10.575,72.425,0.0
2008-03-29T12:00:00Z,10.575,72.475,0.0
2008-03-29T12:00:00Z,10.575,72.525,0.0
2008-03-29T12:00:00Z,10.575,72.575,0.0
2008-03-29T12:00:00Z,10.575,72.625,0.0
2008-03-29T12:00:00Z,10.575,72.675,0.0
2008-03-29T12:00:00Z,10.575,72.725,0.0
2008-03-29T12:00:00Z,10.575,72.775,0.0
2008-03-29T12:00:00Z,10.525,72.425,0.0
2008-03-29T12:00:00Z,10.525,72.475,0.0
2008-03-29T12:00:00Z,10.525,72.525,0.0
2008-03-29T12:00:00Z,10.525,72.575,0.0
2008-03-29T12:00:00Z,10.525,72.625,0.0
2008-03-29T12:00:00Z,10.525,72.675,0.0
2008-03-29T12:00:00Z,10.525,72.725,0.0
2008-03-29T12:00:00Z,10.525,72.775,0.0
2008-03-29T12:00:00Z,10.475,72.425,0.0
2008-03-29T12:00:00Z,10.475,72.475,0.0
2008-03-29T12:00:00Z,10.475,72.525,0.0
2008-03-29T12:00:00Z,10.475,72.575,0.0
2008-03-29T12:00:00Z,10.475,72.625,0.0
2008-03-29T12:00:00Z,10.475,72.675,0.0
2008-03-29T12:00:00Z,10.475,72.725,0.0
2008-03-29T12:00:00Z,10.475,72.775,0.0
2008-03-29T12:00:00Z,10.425,72.425,0.0
2008-03-29T12:00:00Z,10.425,72.475,0.0
2008-03-29T12:00:00Z,10.425,72.525,0.0
2008-03-29T12:00:00Z,10.425,72.575,0.0
2008-03-29T12:00:00Z,10.425,72.625,0.0
2008-03-29T12:00:00Z,10.425,72.675,0.0
2008-03-29T12:00:00Z,10.425,72.725,0.0
2008-03-29T12:00:00Z,10.425,72.775,0.0
2008-03-29T12:00:00Z,10.375,72.425,0.0
2008-03-29T12:00:00Z,10.375,72.475,0.0
2008-03-29T12:00:00Z,10.375,72.525,0.0
2008-03-29T12:00:00Z,10.375,72.575,0.0
2008-03-29T12:00:00Z,10.375,72.625,0.0
2008-03-29T12:00:00Z,10.375,72.675,0.0
2008-03-29T12:00:00Z,10.375,72.725,0.0
2008-03-29T12:00:00Z,10.375,72.775,0.0
2008-04-28T12:00:00Z,10.625,72.425,0.0
2008-04-28T12:00:00Z,10.625,72.475,0.0
2008-04-28T12:00:00Z,10.625,72.525,0.0
2008-04-28T12:00:00Z,10.625,72.575,0.0
2008-04-28T12:00:00Z,10.625,72.625,0.0
2008-04-28T12:00:00Z,10.625,72.675,0.0
2008-04-28T12:00:00Z,10.625,72.725,0.0
2008-04-28T12:00:00Z,10.625,72.775,0.0
2008-04-28T12:00:00Z,10.575,72.425,0.0
2008-04-28T12:00:00Z,10.575,72.475,0.0
2008-04-28T12:00:00Z,10.575,72.525,0.0
2008-04-28T12:00:00Z,10.575,72.575,0.0
2008-04-28T12:00:00Z,10.575,72.625,0.0
2008-04-28T12:00:00Z,10.575,72.675,0.0
2008-04-28T12:00:00Z,10.575,72.725,0.0
2008-04-28T12:00:00Z,10.575,72.775,0.0
2008-04-28T12:00:00Z,10.525,72.425,0.0
2008-04-28T12:00:00Z,10.525,72.475,0.0
2008-04-28T12:00:00Z,10.525,72.525,0.0
2008-04-28T12:00:00Z,10.525,72.575,0.0
2008-04-28T12:00:00Z,10.525,72.625,0.0
2008-04-28T12:00:00Z,10.525,72.675,0.0
2008-04-28T12:00:00Z,10.525,72.725,0.0
2008-04-28T12:00:00Z,10.525,72.775,0.0
2008-04-28T12:00:00Z,10.475,72.425,0.0
2008-04-28T12:00:00Z,10.475,72.475,0.0
2008-04-28T12:00:00Z,10.475,72.525,0.0
2008-04-28T12:00:00Z,10.475,72.575,0.0
2008-04-28T12:00:00Z,10.475,72.625,0.0
2008-04-28T12:00:00Z,10.475,72.675,0.0
2008-04-28T12:00:00Z,10.475,72.725,0.0
2008-04-28T12:00:00Z,10.475,72.775,0.0
2008-04-28T12:00:00Z,10.425,72.425,0.0
2008-04-28T12:00:00Z,10.425,72.475,0.0
2008-04-28T12:00:00Z,10.425,72.525,0.0
2008-04-28T12:00:00Z,10.425,72.575,0.0
2008-04-28T12:00:00Z,10.425,72.625,0.0
2008-04-28T12:00:00Z,10.425,72.675,0.0
2008-04-28T12:00:00Z,10.425,72.725,0.0
2008-04-28T12:00:00Z,10.425,72.775,0.0
2008-04-28T12:00:00Z,10.375,72.425,0.0
2008-04-28T12:00:00Z,10.375,72.475,0.0
2008-04-28T12:00:00Z,10.375,72.525,0.0
2008-04-28T12:00:00Z,10.375,72.575,0.0
2008-04-28T12:00:00Z,10.375,72.625,0.0
2008-04-28T12:00:00Z,10.375,72.675,0.0
2008-04-28T12:00:00Z,10.375,72.725,0.0
2008-04-28T12:00:00Z,10.375,72.775,0.0
2008-05-28T12:00:00Z,10.625,72.425,0.0
2008-05-28T12:00:00Z,10.625,72.475,0.0
2008-05-28T12:00:00Z,10.625,72.525,0.0
2008-05-28T12:00:00Z,10.625,72.575,0.0
2008-05-28T12:00:00Z,10.625,72.625,0.0
2008-05-28T12:00:00Z,10.625,72.675,0.0
2008-05-28T12:00:00Z,10.625,72.725,0.0
2008-05-28T12:00:00Z,10.625,72.775,0.0
2008-05-28T12:00:00Z,10.575,72.425,0.0
2008-05-28T12:00:00Z,10.575,72.475,0.0
2008-05-28T12:00:00Z,10.575,72.525,0.0
2008-05-28T12:00:00Z,10.575,72.575,0.0
2008-05-28T12:00:00Z,10.575,72.625,0.0
2008-05-28T12:00:00Z,10.575,72.675,0.0
2008-05-28T12:00:00Z,10.575,72.725,0.0
2008-05-28T12:00:00Z,10.575,72.775,0.0
2008-05-28T12:00:00Z,10.525,72.425,0.0
2008-05-28T12:00:00Z,10.525,72.475,0.0
2008-05-28T12:00:00Z,10.525,72.525,0.0
2008-05-28T12:00:00Z,10.525,72.575,0.0
2008-05-28T12:00:00Z,10.525,72.625,0.0
2008-05-28T12:00:00Z,10.525,72.675,0.0
2008-05-28T12:00:00Z,10.525,72.725,0.0
2008-05-28T12:00:00Z,10.525,72.775,0.0
2008-05-28T12:00:00Z,10.475,72.425,0.0
2008-05-28T12:00:00Z,10.475,72.475,0.0
2008-05-28T12:00:00Z,10.475,72.525,0.0
2008-05-28T12:00:00Z,10.475,72.575,0.0
2008-05-28T12:00:00Z,10.475,72.625,0.0
2008-05-28T12:00:00Z,10.475,72.675,0.0
2008-05-28T12:00:00Z,10.475,72.725,0.0
2008-05-28T12:00:00Z,10.475,72.775,0.0
2008-05-28T12:00:00Z,10.425,72.425,0.0
2008-05-28T12:00:00Z,10.425,72.475,0.0
2008-05-28T12:00:00Z,10.425,72.525,0.0
2008-05-28T12:00:00Z,10.425,72.575,0.0
2008-05-28T12:00:00Z,10.425,72.625,0.0
2008-05-28T12:00:00Z,10.425,72.675,0.0
2008-05-28T12:00:00Z,10.425,72.725,0.0
2008-05-28T12:00:00Z,10.425,72.775,0.0
2008-05-28T12:00:00Z,10.375,72.425,0.0
2008-05-28T12:00:00Z,10.375,72.475,0.0
2008-05-28T12:00:00Z,10.375,72.525,0.0
2008-05-28T12:00:00Z,10.375,72.575,0.0
2008-05-28T12:00:00Z,10.375,72.625,0.0
2008-05-28T12:00:00Z,10.375,72.675,0.0
2008-05-28T12:00:00Z,10.375,72.725,0.0
2008-05-28T12:00:00Z,10.375,72.775,0.0
2008-06-27T12:00:00Z,10.625,72.425,0.0
2008-06-27T12:00:00Z,10.625,72.475,0.0
2008-06-27T12:00:00Z,10.625,72.525,0.0
2008-06-27T12:00:00Z,10.625,72.575,0.0
2008-06-27T12:00:00Z,10.625,72.625,0.0
2008-06-27T12:00:00Z,10.625,72.675,0.0
2008-06-27T12:00:00Z,10.625,72.725,0.0
2008-06-27T12:00:00Z,10.625,72.775,0.0
2008-06-27T12:00:00Z,10.575,72.425,0.0
2008-06-27T12:00:00Z,10.575,72.475,0.0
2008-06-27T12:00:00Z,10.575,72.525,0.0
2008-06-27T12:00:00Z,10.575,72.575,0.0
2008-06-27T12:00:00Z,10.575,72.625,0.0
2008-06-27T12:00:00Z,10.575,72.675,0.0
2008-06-27T12:00:00Z,10.575,72.725,0.0
2008-06-27T12:00:00Z,10.575,72.775,0.0
2008-06-27T12:00:00Z,10.525,72.425,0.0
2008-06-27T12:00:00Z,10.525,72.475,0.0
2008-06-27T12:00:00Z,10.525,72.525,0.0
2008-06-27T12:00:00Z,10.525,72.575,0.0
2008-06-27T12:00:00Z,10.525,72.625,0.0
2008-06-27T12:00:00Z,10.525,72.675,0.0
2008-06-27T12:00:00Z,10.525,72.725,0.0
2008-06-27T12:00:00Z,10.525,72.775,0.0
2008-06-27T12:00:00Z,10.475,72.425,0.0
2008-06-27T12:00:00Z,10.475,72.475,0.0
2008-06-27T12:00:00Z,10.475,72.525,0.0
2008-06-27T12:00:00Z,10.475,72.575,0.0
2008-06-27T12:00:00Z,10.475,72.625,0.0
2008-06-27T12:00:00Z,10.475,72.675,0.0
2008-06-27T12:00:00Z,10.475,72.725,0.0
2008-06-27T12:00:00Z,10.475,72.775,0.0
2008-06-27T12:00:00Z,10.425,72.425,0.0
2008-06-27T12:00:00Z,10.425,72.475,0.0
2008-06-27T12:00:00Z,10.425,72.525,0.0
2008-06-27T12:00:00Z,10.425,72.575,0.0
2008-06-27T12:00:00Z,10.425,72.625,0.0
2008-06-27T12:00:00Z,10.425,72.675,0.0
2008-06-27T12:00:00Z,10.425,72.725,0.0
2008-06-27T12:00:00Z,10.425,72.775,0.0
2008-06-27T12:00:00Z,10.375,72.425,0.0
2008-06-27T12:00:00Z,10.375,72.475,0.0
2008-06-27T12:00:00Z,10.375,72.525,0.0
2008-06-27T12:00:00Z,10.375,72.575,0.0
2008-06-27T12:00:00Z,10.375,72.625,0.0
2008-06-27T12:00:00Z,10.375,72.675,0.0
2008-06-27T12:00:00Z,10.375,72.725,0.0
2008-06-27T12:00:00Z,10.375,72.775,0.0
2008-07-27T12:00:00Z,10.625,72.425,0.0
2008-07-27T12:00:00Z,10.625,72.475,0.0
2008-07-27T12:00:00Z,10.625,72.525,0.0
2008-07-27T12:00:00Z,10.625,72.575,0.0
2008-07-27T12:00:00Z,10.625,72.625,0.0
2008-07-27T12:00:00Z,10.625,72.675,0.0
2008-07-27T12:00:00Z,10.625,72.725,0.0
2008-07-27T12:00:00Z,10.625,72.775,0.0
2008-07-27T12:00:00Z,10.575,72.425,0.0
2008-07-27T12:00:00Z,10.575,72.475,0.0
2008-07-27T12:00:00Z,10.575,72.525,0.0
2008-07-27T12:00:00Z,10.575,72.575,0.0
2008-07-27T12:00:00Z,10.575,72.625,0.0
2008-07-27T12:00:00Z,10.575,72.675,0.0
2008-07-27T12:00:00Z,10.575,72.725,0.0
2008-07-27T12:00:00Z,10.575,72.775,0.0
2008-07-27T12:00:00Z,10.525,72.425,0.0
2008-07-27T12:00:00Z,10.525,72.475,0.0
2008-07-27T12:00:00Z,10.525,72.525,0.0
2008-07-27T12:00:00Z,10.525,72.575,0.0
2008-07-27T12:00:00Z,10.525,72.625,0.0
2008-07-27T12:00:00Z,10.525,72.675,0.0
2008-07-27T12:00:00Z,10.525,72.725,0.0
2008-07-27T12:00:00Z,10.525,72.775,0.0
2008-07-27T12:00:00Z,10.475,72.425,0.0
2008-07-27T12:00:00Z,10.475,72.475,0.0
2008-07-27T12:00:00Z,10.475,72.525,0.0
2008-07-27T12:00:00Z,10.475,72.575,0.0
2008-07-27T12:00:00Z,10.475,72.625,0.0
2008-07-27T12:00:00Z,10.475,72.675,0.0
2008-07-27T12:00:00Z,10.475,72.725,0.0
2008-07-27T12:00:00Z,10.475,72.775,0.0
2008-07-27T12:00:00Z,10.425,72.425,0.0
2008-07-27T12:00:00Z,10.425,72.475,0.0
2008-07-27T12:00:00Z,10.425,72.525,0.0
2008-07-27T12:00:00Z,10.425,72.575,0.0
2008-07-27T12:00:00Z,10.425,72.625,0.0
2008-07-27T12:00:00Z,10.425,72.675,0.0
2008-07-27T12:00:00Z,10.425,72.725,0.0
2008-07-27T12:00:00Z,10.425,72.775,0.0
2008-07-27T12:00:00Z,10.375,72.425,0.0
2008-07-27T12:00:00Z,10.375,72.475,0.0
2008-07-27T12:00:00Z,10.375,72.525,0.0
2008-07-27T12:00:00Z,10.375,72.575,0.0
2008-07-27T12:00:00Z,10.375,72.625,0.0
2008-07-27T12:00:00Z,10.375,72.675,0.0
2008-07-27T12:00:00Z,10.375,72.725,0.0
2008-07-27T12:00:00Z,10.375,72.775,0.0
2008-08-26T12:00:00Z,10.625,72.425,0.0
2008-08-26T12:00:00Z,10.625,72.475,0.0
2008-08-26T12:00:00Z,10.625,72.525,0.0
2008-08-26T12:00:00Z,10.625,72.575,0.0
2008-08-26T12:00:00Z,10.625,72.625,0.0
2008-08-26T12:00:00Z,10.625,72.675,0.0
2008-08-26T12:00:00Z,10.625,72.725,0.0
2008-08-26T12:00:00Z,10.625,72.775,0.0
2008-08-26T12:00:00Z,10.575,72.425,0.0
2008-08-26T12:00:00Z,10.575,72.475,0.0
2008-08-26T12:00:00Z,10.575,72.525,0.0
2008-08-26T12:00:00Z,10.575,72.575,0.0
2008-08-26T12:00:00Z,10.575,72.625,0.0
2008-08-26T12:00:00Z,10.575,72.675,0.0
2008-08-26T12:00:00Z,10.575,72.725,0.0
2008-08-26T12:00:00Z,10.575,72.775,0.0
2008-08-26T12:00:00Z,10.525,72.425,0.0
2008-08-26T12:00:00Z,10.525,72.475,0.0
2008-08-26T12:00:00Z,10.525,72.525,0.0
2008-08-26T12:00:00Z,10.525,72.575,0.0
2008-08-26T12:00:00Z,10.525,72.625,0.0
2008-08-26T12:00:00Z,10.525,72.675,0.0
2008-08-26T12:00:00Z,10.525,72.725,0.0
2008-08-26T12:00:00Z,10.525,72.775,0.0
2008-08-26T12:00:00Z,10.475,72.425,0.0
2008-08-26T12:00:00Z,10.475,72.475,0.0
2008-08-26T12:00:00Z,10.475,72.525,0.0
2008-08-26T12:00:00Z,10.475,72.575,0.0
2008-08-26T12:00:00Z,10.475,72.625,0.0
2008-08-26T12:00:00Z,10.475,72.675,0.0
2008-08-26T12:00:00Z,10.475,72.725,0.0
2008-08-26T12:00:00Z,10.475,72.775,0.0
2008-08-26T12:00:00Z,10.425,72.425,0.0
2008-08-26T12:00:00Z,10.425,72.475,0.0
2008-08-26T12:00:00Z,10.425,72.525,0.0
2008-08-26T12:00:00Z,10.425,72.575,0.0
2008-08-26T12:00:00Z,10.425,72.625,0.0
2008-08-26T12:00:00Z,10.425,72.675,0.0
2008-08-26T12:00:00Z,10.425,72.725,0.0
2008-08-26T12:00:00Z,10.425,72.775,0.0
2008-08-26T12:00:00Z,10.375,72.425,0.0
2008-08-26T12:00:00Z,10.375,72.475,0.0
2008-08-26T12:00:00Z,10.375,72.525,0.0
2008-08-26T12:00:00Z,10.375,72.575,0.0
2008-08-26T12:00:00Z,10.375,72.625,0.0
2008-08-26T12:00:00Z,10.375,72.675,0.0
2008-08-26T12:00:00Z,10.375,72.725,0.0
2008-08-26T12:00:00Z,10.375,72.775,0.0
2008-09-25T12:00:00Z,10.625,72.425,0.0
2008-09-25T12:00:00Z,10.625,72.475,0.0
2008-09-25T12:00:00Z,10.625,72.525,0.0
2008-09-25T12:00:00Z,10.625,72.575,0.0
2008-09-25T12:00:00Z,10.625,72.625,0.0
2008-09-25T12:00:00Z,10.625,72.675,0.0
2008-09-25T12:00:00Z,10.625,72.725,0.0
2008-09-25T12:00:00Z,10.625,72.775,0.0
2008-09-25T12:00:00Z,10.575,72.425,0.0
2008-09-25T12:00:00Z,10.575,72.475,0.0
2008-09-25T12:00:00Z,10.575,72.525,0.0
2008-09-25T12:00:00Z,10.575,72.575,0.0
2008-09-25T12:00:00Z,10.575,72.625,0.0
2008-09-25T12:00:00Z,10.575,72.675,0.0
2008-09-25T12:00:00Z,10.575,72.725,0.0
2008-09-25T12:00:00Z,10.575,72.775,0.0
2008-09-25T12:00:00Z,10.525,72.425,0.0
2008-09-25T12:00:00Z,10.525,72.475,0.0
2008-09-25T12:00:00Z,10.525,72.525,0.0
2008-09-25T12:00:00Z,10.525,72.575,0.0
2008-09-25T12:00:00Z,10.525,72.625,0.0
2008-09-25T12:00:00Z,10.525,72.675,0.0
2008-09-25T12:00:00Z,10.525,72.725,0.0
2008-09-25T12:00:00Z,10.525,72.775,0.0
2008-09-25T12:00:00Z,10.475,72.425,0.0
2008-09-25T12:00:00Z,10.475,72.475,0.0
2008-09-25T12:00:00Z,10.475,72.525,0.0
2008-09-25T12:00:00Z,10.475,72.575,0.0
2008-09-25T12:00:00Z,10.475,72.625,0.0
2008-09-25T12:00:00Z,10.475,72.675,0.0
2008-09-25T12:00:00Z,10.475,72.725,0.0
2008-09-25T12:00:00Z,10.475,72.775,0.0
2008-09-25T12:00:00Z,10.425,72.425,0.0
2008-09-25T12:00:00Z,10.425,72.475,0.0
2008-09-25T12:00:00Z,10.425,72.525,0.0
2008-09-25T12:00:00Z,10.425,72.575,0.0
2008-09-25T12:00:00Z,10.425,72.625,0.0
2008-09-25T12:00:00Z,10.425,72.675,0.0
2008-09-25T12:00:00Z,10.425,72.725,0.0
2008-09-25T12:00:00Z,10.425,72.775,0.0
2008-09-25T12:00:00Z,10.375,72.425,0.0
2008-09-25T12:00:00Z,10.375,72.475,0.0
2008-09-25T12:00:00Z,10.375,72.525,0.0
2008-09-25T12:00:00Z,10.375,72.575,0.0
2008-09-25T12:00:00Z,10.375,72.625,0.0
2008-09-25T12:00:00Z,10.375,72.675,0.0
2008-09-25T12:00:00Z,10.375,72.725,0.0
2008-09-25T12:00:00Z,10.375,72.775,0.0
2008-10-25T12:00:00Z,10.625,72.425,0.0
2008-10-25T12:00:00Z,10.625,72.475,0.0
2008-10-25T12:00:00Z,10.625,72.525,0.0
2008-10-25T12:00:00Z,10.625,72.575,0.0
2008-10-25T12:00:00Z,10.625,72.625,0.0
2008-10-25T12:00:00Z,10.625,72.675,0.0
2008-10-25T12:00:00Z,10.625,72.725,0.0
2008-10-25T12:00:00Z,10.625,72.775,0.0
2008-10-25T12:00:00Z,10.575,72.425,0.0
2008-10-25T12:00:00Z,10.575,72.475,0.0
2008-10-25T12:00:00Z,10.575,72.525,0.0
2008-10-25T12:00:00Z,10.575,72.575,0.0
2008-10-25T12:00:00Z,10.575,72.625,0.0
2008-10-25T12:00:00Z,10.575,72.675,0.0
2008-10-25T12:00:00Z,10.575,72.725,0.0
2008-10-25T12:00:00Z,10.575,72.775,0.0
2008-10-25T12:00:00Z,10.525,72.425,0.0
2008-10-25T12:00:00Z,10.525,72.475,0.0
2008-10-25T12:00:00Z,10.525,72.525,0.0
2008-10-25T12:00:00Z,10.525,72.575,0.0
2008-10-25T12:00:00Z,10.525,72.625,0.0
2008-10-25T12:00:00Z,10.525,72.675,0.0
2008-10-25T12:00:00Z,10.525,72.725,0.0
2008-10-25T12:00:00Z,10.525,72.775,0.0
2008-10-25T12:00:00Z,10.475,72.425,0.0
2008-10-25T12:00:00Z,10.475,72.475,0.0
2008-10-25T12:00:00Z,10.475,72.525,0.0
2008-10-25T12:00:00Z,10.475,72.575,0.0
2008-10-25T12:00:00Z,10.475,72.625,0.0
2008-10-25T12:00:00Z,10.475,72.675,0.0
2008-10-25T12:00:00Z,10.475,72.725,0.0
2008-10-25T12:00:00Z,10.475,72.775,0.0
2008-10-25T12:00:00Z,10.425,72.425,0.0
2008-10-25T12:00:00Z,10.425,72.475,0.0
2008-10-25T12:00:00Z,10.425,72.525,0.0
2008-10-25T12:00:00Z,10.425,72.575,0.0
2008-10-25T12:00:00Z,10.425,72.625,0.0
2008-10-25T12:00:00Z,10.425,72.675,0.0
2008-10-25T12:00:00Z,10.425,72.725,0.0
2008-10-25T12:00:00Z,10.425,72.775,0.0
2008-10-25T12:00:00Z,10.375,72.425,0.0
2008-10-25T12:00:00Z,10.375,72.475,0.0
2008-10-25T12:00:00Z,10.375,72.525,0.0
2008-10-25T12:00:00Z,10.375,72.575,0.0
2008-10-25T12:00:00Z,10.375,72.625,0.0
2008-10-25T12:00:00Z,10.375,72.675,0.0
2008-10-25T12:00:00Z,10.375,72.725,0.0
2008-10-25T12:00:00Z,10.375,72.775,0.0
2008-11-24T12:00:00Z,10.625,72.425,0.0
2008-11-24T12:00:00Z,10.625,72.475,0.0
2008-11-24T12:00:00Z,10.625,72.525,0.0
2008-11-24T12:00:00Z,10.625,72.575,0.0
2008-11-24T12:00:00Z,10.625,72.625,0.0
2008-11-24T12:00:00Z,10.625,72.675,0.0
2008-11-24T12:00:00Z,10.625,72.725,0.0
2008-11-24T12:00:00Z,10.625,72.775,0.0
2008-11-24T12:00:00Z,10.575,72.425,0.0
2008-11-24T12:00:00Z,10.575,72.475,0.0
2008-11-24T12:00:00Z,10.575,72.525,0.0
2008-11-24T12:00:00Z,10.575,72.575,0.0
2008-11-24T12:00:00Z,10.575,72.625,0.0
2008-11-24T12:00:00Z,10.575,72.675,0.0
2008-11-24T12:00:00Z,10.575,72.725,0.0
2008-11-24T12:00:00Z,10.575,72.775,0.0
2008-11-24T12:00:00Z,10.525,72.425,0.0
2008-11-24T12:00:00Z,10.525,72.475,0.0
2008-11-24T12:00:00Z,10.525,72.525,0.0
2008-11-24T12:00:00Z,10.525,72.575,0.0
2008-11-24T12:00:00Z,10.525,72.625,0.0
2008-11-24T12:00:00Z,10.525,72.675,0.0
2008-11-24T12:00:00Z,10.525,72.725,0.0
2008-11-24T12:00:00Z,10.525,72.775,0.0
2008-11-24T12:00:00Z,10.475,72.425,0.0
2008-11-24T12:00:00Z,10.475,72.475,0.0
2008-11-24T12:00:00Z,10.475,72.525,0.0
2008-11-24T12:00:00Z,10.475,72.575,0.0
2008-11-24T12:00:00Z,10.475,72.625,0.0
2008-11-24T12:00:00Z,10.475,72.675,0.0
2008-11-24T12:00:00Z,10.475,72.725,0.0
2008-11-24T12:00:00Z,10.475,72.775,0.0
2008-11-24T12:00:00Z,10.425,72.425,0.0
2008-11-24T12:00:00Z,10.425,72.475,0.0
2008-11-24T12:00:00Z,10.425,72.525,0.0
2008-11-24T12:00:00Z,10.425,72.575,0.0
2008-11-24T12:00:00Z,10.425,72.625,0.0
2008-11-24T12:00:00Z,10.425,72.675,0.0
2008-11-24T12:00:00Z,10.425,72.725,0.0
2008-11-24T12:00:00Z,10.425,72.775,0.0
2008-11-24T12:00:00Z,10.375,72.425,0.0
2008-11-24T12:00:00Z,10.375,72.475,0.0
2008-11-24T12:00:00Z,10.375,72.525,0.0
2008-11-24T12:00:00Z,10.375,72.575,0.0
2008-11-24T12:00:00Z,10.375,72.625,0.0
2008-11-24T12:00:00Z,10.375,72.675,0.0
2008-11-24T12:00:00Z,10.375,72.725,0.0
2008-11-24T12:00:00Z,10.375,72.775,0.0
2008-12-24T12:00:00Z,10.625,72.425,0.0
2008-12-24T12:00:00Z,10.625,72.475,0.0
2008-12-24T12:00:00Z,10.625,72.525,0.0
2008-12-24T12:00:00Z,10.625,72.575,0.0
2008-12-24T12:00:00Z,10.625,72.625,0.0
2008-12-24T12:00:00Z,10.625,72.675,0.0
2008-12-24T12:00:00Z,10.625,72.725,0.0
2008-12-24T12:00:00Z,10.625,72.775,0.0
2008-12-24T12:00:00Z,10.575,72.425,0.0
2008-12-24T12:00:00Z,10.575,72.475,0.0
2008-12-24T12:00:00Z,10.575,72.525,0.0
2008-12-24T12:00:00Z,10.575,72.575,0.0
2008-12-24T12:00:00Z,10.575,72.625,0.0
2008-12-24T12:00:00Z,10.575,72.675,0.0
2008-12-24T12:00:00Z,10.575,72.725,0.0
2008-12-24T12:00:00Z,10.575,72.775,0.0
2008-12-24T12:00:00Z,10.525,72.425,0.0
2008-12-24T12:00:00Z,10.525,72.475,0.0
2008-12-24T12:00:00Z,10.525,72.525,0.0
2008-12-24T12:00:00Z,10.525,72.575,0.0
2008-12-24T12:00:00Z,10.525,72.625,0.0
2008-12-24T12:00:00Z,10.525,72.675,0.0
2008-12-24T12:00:00Z,10.525,72.725,0.0
2008-12-24T12:00:00Z,10.525,72.775,0.0
2008-12-24T12:00:00Z,10.475,72.425,0.0
2008-12-24T12:00:00Z,10.475,72.475,0.0
2008-12-24T12:00:00Z,10.475,72.525,0.0
2008-12-24T12:00:00Z,10.475,72.575,0.0
2008-12-24T12:00:00Z,10.475,72.625,0.0
2008-12-24T12:00:00Z,10.475,72.675,0.0
2008-12-24T12:00:00Z,10.475,72.725,0.0
2008-12-24T12:00:00Z,10.475,72.775,0.0
2008-12-24T12:00:00Z,10.425,72.425,0.0
2008-12-24T12:00:00Z,10.425,72.475,0.0
2008-12-24T12:00:00Z,10.425,72.525,0.0
2008-12-24T12:00:00Z,10.425,72.575,0.0
2008-12-24T12:00:00Z,10.425,72.625,0.0
2008-12-24T12:00:00Z,10.425,72.675,0.0
2008-12-24T12:00:00Z,10.425,72.725,0.0
2008-12-24T12:00:00Z,10.425,72.775,0.0
2008-12-24T12:00:00Z,10.375,72.425,0.0
2008-12-24T12:00:00Z,10.375,72.475,0.0
2008-12-24T12:00:00Z,10.375,72.525,0.0
2008-12-24T12:00:00Z,10.375,72.575,0.0
2008-12-24T12:00:00Z,10.375,72.625,0.0
2008-12-24T12:00:00Z,10.375,72.675,0.0
2008-12-24T12:00:00Z,10.375,72.725,0.0
2008-12-24T12:00:00Z,10.375,72.775,0.0
2009-01-23T12:00:00Z,10.625,72.425,0.0
2009-01-23T12:00:00Z,10.625,72.475,0.0
2009-01-23T12:00:00Z,10.625,72.525,0.0
2009-01-23T12:00:00Z,10.625,72.575,0.0
2009-01-23T12:00:00Z,10.625,72.625,0.0
2009-01-23T12:00:00Z,10.625,72.675,0.0
2009-01-23T12:00:00Z,10.625,72.725,0.0
2009-01-23T12:00:00Z,10.625,72.775,0.0
2009-01-23T12:00:00Z,10.575,72.425,0.0
2009-01-23T12:00:00Z,10.575,72.475,0.0
2009-01-23T12:00:00Z,10.575,72.525,0.0
2009-01-23T12:00:00Z,10.575,72.575,0.0
2009-01-23T12:00:00Z,10.575,72.625,0.0
2009-01-23T12:00:00Z,10.575,72.675,0.0
2009-01-23T12:00:00Z,10.575,72.725,0.0
2009-01-23T12:00:00Z,10.575,72.775,0.0
2009-01-23T12:00:00Z,10.525,72.425,0.0
2009-01-23T12:00:00Z,10.525,72.475,0.0
2009-01-23T12:00:00Z,10.525,72.525,0.0
2009-01-23T12:00:00Z,10.525,72.575,0.0
2009-01-23T12:00:00Z,10.525,72.625,0.0
2009-01-23T12:00:00Z,10.525,72.675,0.0
2009-01-23T12:00:00Z,10.525,72.725,0.0
2009-01-23T12:00:00Z,10.525,72.775,0.0
2009-01-23T12:00:00Z,10.475,72.425,0.0
2009-01-23T12:00:00Z,10.475,72.475,0.0
2009-01-23T12:00:00Z,10.475,72.525,0.0
2009-01-23T12:00:00Z,10.475,72.575,0.0
2009-01-23T12:00:00Z,10.475,72.625,0.0
2009-01-23T12:00:00Z,10.475,72.675,0.0
2009-01-23T12:00:00Z,10.475,72.725,0.0
2009-01-23T12:00:00Z,10.475,72.775,0.0
2009-01-23T12:00:00Z,10.425,72.425,0.0
2009-01-23T12:00:00Z,10.425,72.475,0.0
2009-01-23T12:00:00Z,10.425,72.525,0.0
2009-01-23T12:00:00Z,10.425,72.575,0.0
2009-01-23T12:00:00Z,10.425,72.625,0.0
2009-01-23T12:00:00Z,10.425,72.675,0.0
2009-01-23T12:00:00Z,10.425,72.725,0.0
2009-01-23T12:00:00Z,10.425,72.775,0.0
2009-01-23T12:00:00Z,10.375,72.425,0.0
2009-01-23T12:00:00Z,10.375,72.475,0.0
2009-01-23T12:00:00Z,10.375,72.525,0.0
2009-01-23T12:00:00Z,10.375,72.575,0.0
2009-01-23T12:00:00Z,10.375,72.625,0.0
2009-01-23T12:00:00Z,10.375,72.675,0.0
2009-01-23T12:00:00Z,10.375,72.725,0.0
2009-01-23T12:00:00Z,10.375,72.775,0.0
2009-02-22T12:00:00Z,10.625,72.425,0.0
2009-02-22T12:00:00Z,10.625,72.475,0.0
2009-02-22T12:00:00Z,10.625,72.525,0.0
2009-02-22T12:00:00Z,10.625,72.575,0.0
2009-02-22T12:00:00Z,10.625,72.625,0.0
2009-02-22T12:00:00Z,10.625,72.675,0.0
2009-02-22T12:00:00Z,10.625,72.725,0.0
2009-02-22T12:00:00Z,10.625,72.775,0.0
2009-02-22T12:00:00Z,10.575,72.425,0.0
2009-02-22T12:00:00Z,10.575,72.475,0.0
2009-02-22T12:00:00Z,10.575,72.525,0.0
2009-02-22T12:00:00Z,10.575,72.575,0.0
2009-02-22T12:00:00Z,10.575,72.625,0.0
2009-02-22T12:00:00Z,10.575,72.675,0.0
2009-02-22T12:00:00Z,10.575,72.725,0.0
2009-02-22T12:00:00Z,10.575,72.775,0.0
2009-02-22T12:00:00Z,10.525,72.425,0.0
2009-02-22T12:00:00Z,10.525,72.475,0.0
2009-02-22T12:00:00Z,10.525,72.525,0.0
2009-02-22T12:00:00Z,10.525,72.575,0.0
2009-02-22T12:00:00Z,10.525,72.625,0.0
2009-02-22T12:00:00Z,10.525,72.675,0.0
2009-02-22T12:00:00Z,10.525,72.725,0.0
2009-02-22T12:00:00Z,10.525,72.775,0.0
2009-02-22T12:00:00Z,10.475,72.425,0.0
2009-02-22T12:00:00Z,10.475,72.475,0.0
2009-02-22T12:00:00Z,10.475,72.525,0.0
2009-02-22T12:00:00Z,10.475,72.575,0.0
2009-02-22T12:00:00Z,10.475,72.625,0.0
2009-02-22T12:00:00Z,10.475,72.675,0.0
2009-02-22T12:00:00Z,10.475,72.725,0.0
2009-02-22T12:00:00Z,10.475,72.775,0.0
2009-02-22T12:00:00Z,10.425,72.425,0.0
2009-02-22T12:00:00Z,10.425,72.475,0.0
2009-02-22T12:00:00Z,10.425,72.525,0.0
2009-02-22T12:00:00Z,10.425,72.575,0.0
2009-02-22T12:00:00Z,10.425,72.625,0.0
2009-02-22T12:00:00Z,10.425,72.675,0.0
2009-02-22T12:00:00Z,10.425,72.725,0.0
2009-02-22T12:00:00Z,10.425,72.775,0.0
2009-02-22T12:00:00Z,10.375,72.425,0.0
2009-02-22T12:00:00Z,10.375,72.475,0.0
2009-02-22T12:00:00Z,10.375,72.525,0.0
2009-02-22T12:00:00Z,10.375,72.575,0.0
2009-02-22T12:00:00Z,10.375,72.625,0.0
2009-02-22T12:00:00Z,10.375,72.675,0.0
2009-02-22T12:00:00Z,10.375,72.725,0.0
2009-02-22T12:00:00Z,10.375,72.775,0.0
2009-03-24T12:00:00Z,10.625,72.425,0.0
2009-03-24T12:00:00Z,10.625,72.475,0.0
2009-03-24T12:00:00Z,10.625,72.525,0.0
2009-03-24T12:00:00Z,10.625,72.575,0.0
2009-03-24T12:00:00Z,10.625,72.625,0.0
2009-03-24T12:00:00Z,10.625,72.675,0.0
2009-03-24T12:00:00Z,10.625,72.725,0.0
2009-03-24T12:00:00Z,10.625,72.775,0.0
2009-03-24T12:00:00Z,10.575,72.425,0.0
2009-03-24T12:00:00Z,10.575,72.475,0.0
2009-03-24T12:00:00Z,10.575,72.525,0.0
2009-03-24T12:00:00Z,10.575,72.575,0.0
2009-03-24T12:00:00Z,10.575,72.625,0.0
2009-03-24T12:00:00Z,10.575,72.675,0.0
2009-03-24T12:00:00Z,10.575,72.725,0.0
2009-03-24T12:00:00Z,10.575,72.775,0.0
2009-03-24T12:00:00Z,10.525,72.425,0.0
2009-03-24T12:00:00Z,10.525,72.475,0.0
2009-03-24T12:00:00Z,10.525,72.525,0.0
2009-03-24T12:00:00Z,10.525,72.575,0.0
2009-03-24T12:00:00Z,10.525,72.625,0.0
2009-03-24T12:00:00Z,10.525,72.675,0.0
2009-03-24T12:00:00Z,10.525,72.725,0.0
2009-03-24T12:00:00Z,10.525,72.775,0.0
2009-03-24T12:00:00Z,10.475,72.425,0.0
2009-03-24T12:00:00Z,10.475,72.475,0.0
2009-03-24T12:00:00Z,10.475,72.525,0.0
2009-03-24T12:00:00Z,10.475,72.575,0.0
2009-03-24T12:00:00Z,10.475,72.625,0.0
2009-03-24T12:00:00Z,10.475,72.675,0.0
2009-03-24T12:00:00Z,10.475,72.725,0.0
2009-03-24T12:00:00Z,10.475,72.775,0.0
2009-03-24T12:00:00Z,10.425,72.425,0.0
2009-03-24T12:00:00Z,10.425,72.475,0.0
2009-03-24T12:00:00Z,10.425,72.525,0.0
2009-03-24T12:00:00Z,10.425,72.575,0.0
2009-03-24T12:00:00Z,10.425,72.625,0.0
2009-03-24T12:00:00Z,10.425,72.675,0.0
2009-03-24T12:00:00Z,10.425,72.725,0.0
2009-03-24T12:00:00Z,10.425,72.775,0.0
2009-03-24T12:00:00Z,10.375,72.425,0.0
2009-03-24T12:00:00Z,10.375,72.475,0.0
2009-03-24T12:00:00Z,10.375,72.525,0.0
2009-03-24T12:00:00Z,10.375,72.575,0.0
2009-03-24T12:00:00Z,10.375,72.625,0.0
2009-03-24T12:00:00Z,10.375,72.675,0.0
2009-03-24T12:00:00Z,10.375,72.725,0.0
2009-03-24T12:00:00Z,10.375,72.775,0.0
2009-04-23T12:00:00Z,10.625,72.425,0.0
2009-04-23T12:00:00Z,10.625,72.475,0.0
2009-04-23T12:00:00Z,10.625,72.525,0.0
2009-04-23T12:00:00Z,10.625,72.575,0.0
2009-04-23T12:00:00Z,10.625,72.625,0.0
2009-04-23T12:00:00Z,10.625,72.675,0.0
2009-04-23T12:00:00Z,10.625,72.725,0.0
2009-04-23T12:00:00Z,10.625,72.775,0.0
2009-04-23T12:00:00Z,10.575,72.425,0.0
2009-04-23T12:00:00Z,10.575,72.475,0.0
2009-04-23T12:00:00Z,10.575,72.525,0.0
2009-04-23T12:00:00Z,10.575,72.575,0.0
2009-04-23T12:00:00Z,10.575,72.625,0.0
2009-04-23T12:00:00Z,10.575,72.675,0.0
2009-04-23T12:00:00Z,10.575,72.725,0.0
2009-04-23T12:00:00Z,10.575,72.775,0.0
2009-04-23T12:00:00Z,10.525,72.425,0.0
2009-04-23T12:00:00Z,10.525,72.475,0.0
2009-04-23T12:00:00Z,10.525,72.525,0.0
2009-04-23T12:00:00Z,10.525,72.575,0.0
2009-04-23T12:00:00Z,10.525,72.625,0.0
2009-04-23T12:00:00Z,10.525,72.675,0.0
2009-04-23T12:00:00Z,10.525,72.725,0.0
2009-04-23T12:00:00Z,10.525,72.775,0.0
2009-04-23T12:00:00Z,10.475,72.425,0.0
2009-04-23T12:00:00Z,10.475,72.475,0.0
2009-04-23T12:00:00Z,10.475,72.525,0.0
2009-04-23T12:00:00Z,10.475,72.575,0.0
2009-04-23T12:00:00Z,10.475,72.625,0.0
2009-04-23T12:00:00Z,10.475,72.675,0.0
2009-04-23T12:00:00Z,10.475,72.725,0.0
2009-04-23T12:00:00Z,10.475,72.775,0.0
2009-04-23T12:00:00Z,10.425,72.425,0.0
2009-04-23T12:00:00Z,10.425,72.475,0.0
2009-04-23T12:00:00Z,10.425,72.525,0.0
2009-04-23T12:00:00Z,10.425,72.575,0.0
2009-04-23T12:00:00Z,10.425,72.625,0.0
2009-04-23T12:00:00Z,10.425,72.675,0.0
2009-04-23T12:00:00Z,10.425,72.725,0.0
2009-04-23T12:00:00Z,10.425,72.775,0.0
2009-04-23T12:00:00Z,10.375,72.425,0.0
2009-04-23T12:00:00Z,10.375,72.475,0.0
2009-04-23T12:00:00Z,10.375,72.525,0.0
2009-04-23T12:00:00Z,10.375,72.575,0.0
2009-04-23T12:00:00Z,10.375,72.625,0.0
2009-04-23T12:00:00Z,10.375,72.675,0.0
2009-04-23T12:00:00Z,10.375,72.725,0.0
2009-04-23T12:00:00Z,10.375,72.775,0.0
2009-05-23T12:00:00Z,10.625,72.425,0.0
2009-05-23T12:00:00Z,10.625,72.475,0.0
2009-05-23T12:00:00Z,10.625,72.525,0.0
2009-05-23T12:00:00Z,10.625,72.575,0.0
2009-05-23T12:00:00Z,10.625,72.625,0.0
2009-05-23T12:00:00Z,10.625,72.675,0.0
2009-05-23T12:00:00Z,10.625,72.725,0.0
2009-05-23T12:00:00Z,10.625,72.775,0.0
2009-05-23T12:00:00Z,10.575,72.425,0.0
2009-05-23T12:00:00Z,10.575,72.475,0.0
2009-05-23T12:00:00Z,10.575,72.525,0.0
2009-05-23T12:00:00Z,10.575,72.575,0.0
2009-05-23T12:00:00Z,10.575,72.625,0.0
2009-05-23T12:00:00Z,10.575,72.675,0.0
2009-05-23T12:00:00Z,10.575,72.725,0.0
2009-05-23T12:00:00Z,10.575,72.775,0.0
2009-05-23T12:00:00Z,10.525,72.425,0.0
2009-05-23T12:00:00Z,10.525,72.475,0.0
2009-05-23T12:00:00Z,10.525,72.525,0.0
2009-05-23T12:00:00Z,10.525,72.575,0.0
2009-05-23T12:00:00Z,10.525,72.625,0.0
2009-05-23T12:00:00Z,10.525,72.675,0.0
2009-05-23T12:00:00Z,10.525,72.725,0.0
2009-05-23T12:00:00Z,10.525,72.775,0.0
2009-05-23T12:00:00Z,10.475,72.425,0.0
2009-05-23T12:00:00Z,10.475,72.475,0.0
2009-05-23T12:00:00Z,10.475,72.525,0.0
2009-05-23T12:00:00Z,10.475,72.575,0.0
2009-05-23T12:00:00Z,10.475,72.625,0.0
2009-05-23T12:00:00Z,10.475,72.675,0.0
2009-05-23T12:00:00Z,10.475,72.725,0.0
2009-05-23T12:00:00Z,10.475,72.775,0.0
2009-05-23T12:00:00Z,10.425,72.425,0.0
2009-05-23T12:00:00Z,10.425,72.475,0.0
2009-05-23T12:00:00Z,10.425,72.525,0.0
2009-05-23T12:00:00Z,10.425,72.575,0.0
2009-05-23T12:00:00Z,10.425,72.625,0.0
2009-05-23T12:00:00Z,10.425,72.675,0.0
2009-05-23T12:00:00Z,10.425,72.725,0.0
2009-05-23T12:00:00Z,10.425,72.775,0.0
2009-05-23T12:00:00Z,10.375,72.425,0.0
2009-05-23T12:00:00Z,10.375,72.475,0.0
2009-05-23T12:00:00Z,10.375,72.525,0.0
2009-05-23T12:00:00Z,10.375,72.575,0.0
2009-05-23T12:00:00Z,10.375,72.625,0.0
2009-05-23T12:00:00Z,10.375,72.675,0.0
2009-05-23T12:00:00Z,10.375,72.725,0.0
2009-05-23T12:00:00Z,10.375,72.775,0.0
2009-06-22T12:00:00Z,10.625,72.425,0.0
2009-06-22T12:00:00Z,10.625,72.475,0.0
2009-06-22T12:00:00Z,10.625,72.525,0.0
2009-06-22T12:00:00Z,10.625,72.575,0.0
2009-06-22T12:00:00Z,10.625,72.625,0.0
2009-06-22T12:00:00Z,10.625,72.675,0.0
2009-06-22T12:00:00Z,10.625,72.725,0.0
2009-06-22T12:00:00Z,10.625,72.775,0.0
2009-06-22T12:00:00Z,10.575,72.425,0.0
2009-06-22T12:00:00Z,10.575,72.475,0.0
2009-06-22T12:00:00Z,10.575,72.525,0.0
2009-06-22T12:00:00Z,10.575,72.575,0.0
2009-06-22T12:00:00Z,10.575,72.625,0.0
2009-06-22T12:00:00Z,10.575,72.675,0.0
2009-06-22T12:00:00Z,10.575,72.725,0.0
2009-06-22T12:00:00Z,10.575,72.775,0.0
2009-06-22T12:00:00Z,10.525,72.425,0.0
2009-06-22T12:00:00Z,10.525,72.475,0.0
2009-06-22T12:00:00Z,10.525,72.525,0.0
2009-06-22T12:00:00Z,10.525,72.575,0.0
2009-06-22T12:00:00Z,10.525,72.625,0.0
2009-06-22T12:00:00Z,10.525,72.675,0.0
2009-06-22T12:00:00Z,10.525,72.725,0.0
2009-06-22T12:00:00Z,10.525,72.775,0.0
2009-06-22T12:00:00Z,10.475,72.425,0.0
2009-06-22T12:00:00Z,10.475,72.475,0.0
2009-06-22T12:00:00Z,10.475,72.525,0.0
2009-06-22T12:00:00Z,10.475,72.575,0.0
2009-06-22T12:00:00Z,10.475,72.625,0.0
2009-06-22T12:00:00Z,10.475,72.675,0.0
2009-06-22T12:00:00Z,10.475,72.725,0.0
2009-06-22T12:00:00Z,10.475,72.775,0.0
2009-06-22T12:00:00Z,10.425,72.425,0.0
2009-06-22T12:00:00Z,10.425,72.475,0.0
2009-06-22T12:00:00Z,10.425,72.525,0.0
2009-06-22T12:00:00Z,10.425,72.575,0.0
2009-06-22T12:00:00Z,10.425,72.625,0.0
2009-06-22T12:00:00Z,10.425,72.675,0.0
2009-06-22T12:00:00Z,10.425,72.725,0.0
2009-06-22T12:00:00Z,10.425,72.775,0.0
2009-06-22T12:00:00Z,10.375,72.425,0.0
2009-06-22T12:00:00Z,10.375,72.475,0.0
2009-06-22T12:00:00Z,10.375,72.525,0.0
2009-06-22T12:00:00Z,10.375,72.575,0.0
2009-06-22T12:00:00Z,10.375,72.625,0.0
2009-06-22T12:00:00Z,10.375,72.675,0.0
2009-06-22T12:00:00Z,10.375,72.725,0.0
2009-06-22T12:00:00Z,10.375,72.775,0.0
2009-07-22T12:00:00Z,10.625,72.425,0.0
2009-07-22T12:00:00Z,10.625,72.475,0.0
2009-07-22T12:00:00Z,10.625,72.525,0.0
2009-07-22T12:00:00Z,10.625,72.575,0.0
2009-07-22T12:00:00Z,10.625,72.625,0.0
2009-07-22T12:00:00Z,10.625,72.675,0.0
2009-07-22T12:00:00Z,10.625,72.725,0.0
2009-07-22T12:00:00Z,10.625,72.775,0.0
2009-07-22T12:00:00Z,10.575,72.425,0.0
2009-07-22T12:00:00Z,10.575,72.475,0.0
2009-07-22T12:00:00Z,10.575,72.525,0.0
2009-07-22T12:00:00Z,10.575,72.575,0.0
2009-07-22T12:00:00Z,10.575,72.625,0.0
2009-07-22T12:00:00Z,10.575,72.675,0.0
2009-07-22T12:00:00Z,10.575,72.725,0.0
2009-07-22T12:00:00Z,10.575,72.775,0.0
2009-07-22T12:00:00Z,10.525,72.425,0.0
2009-07-22T12:00:00Z,10.525,72.475,0.0
2009-07-22T12:00:00Z,10.525,72.525,0.0
2009-07-22T12:00:00Z,10.525,72.575,0.0
2009-07-22T12:00:00Z,10.525,72.625,0.0
2009-07-22T12:00:00Z,10.525,72.675,0.0
2009-07-22T12:00:00Z,10.525,72.725,0.0
2009-07-22T12:00:00Z,10.525,72.775,0.0
2009-07-22T12:00:00Z,10.475,72.425,0.0
2009-07-22T12:00:00Z,10.475,72.475,0.0
2009-07-22T12:00:00Z,10.475,72.525,0.0
2009-07-22T12:00:00Z,10.475,72.575,0.0
2009-07-22T12:00:00Z,10.475,72.625,0.0
2009-07-22T12:00:00Z,10.475,72.675,0.0
2009-07-22T12:00:00Z,10.475,72.725,0.0
2009-07-22T12:00:00Z,10.475,72.775,0.0
2009-07-22T12:00:00Z,10.425,72.425,0.0
2009-07-22T12:00:00Z,10.425,72.475,0.0
2009-07-22T12:00:00Z,10.425,72.525,0.0
2009-07-22T12:00:00Z,10.425,72.575,0.0
2009-07-22T12:00:00Z,10.425,72.625,0.0
2009-07-22T12:00:00Z,10.425,72.675,0.0
2009-07-22T12:00:00Z,10.425,72.725,0.0
2009-07-22T12:00:00Z,10.425,72.775,0.0
2009-07-22T12:00:00Z,10.375,72.425,0.0
2009-07-22T12:00:00Z,10.375,72.475,0.0
2009-07-22T12:00:00Z,10.375,72.525,0.0
2009-07-22T12:00:00Z,10.375,72.575,0.0
2009-07-22T12:00:00Z,10.375,72.625,0.0
2009-07-22T12:00:00Z,10.375,72.675,0.0
2009-07-22T12:00:00Z,10.375,72.725,0.0
2009-07-22T12:00:00Z,10.375,72.775,0.0
2009-08-21T12:00:00Z,10.625,72.425,0.0
2009-08-21T12:00:00Z,10.625,72.475,0.0
2009-08-21T12:00:00Z,10.625,72.525,0.0
2009-08-21T12:00:00Z,10.625,72.575,0.0
2009-08-21T12:00:00Z,10.625,72.625,0.0
2009-08-21T12:00:00Z,10.625,72.675,0.0
2009-08-21T12:00:00Z,10.625,72.725,0.0
2009-08-21T12:00:00Z,10.625,72.775,0.0
2009-08-21T12:00:00Z,10.575,72.425,0.0
2009-08-21T12:00:00Z,10.575,72.475,0.0
2009-08-21T12:00:00Z,10.575,72.525,0.0
2009-08-21T12:00:00Z,10.575,72.575,0.0
2009-08-21T12:00:00Z,10.575,72.625,0.0
2009-08-21T12:00:00Z,10.575,72.675,0.0
2009-08-21T12:00:00Z,10.575,72.725,0.0
2009-08-21T12:00:00Z,10.575,72.775,0.0
2009-08-21T12:00:00Z,10.525,72.425,0.0
2009-08-21T12:00:00Z,10.525,72.475,0.0
2009-08-21T12:00:00Z,10.525,72.525,0.0
2009-08-21T12:00:00Z,10.525,72.575,0.0
2009-08-21T12:00:00Z,10.525,72.625,0.0
2009-08-21T12:00:00Z,10.525,72.675,0.0
2009-08-21T12:00:00Z,10.525,72.725,0.0
2009-08-21T12:00:00Z,10.525,72.775,0.0
2009-08-21T12:00:00Z,10.475,72.425,0.0
2009-08-21T12:00:00Z,10.475,72.475,0.0
2009-08-21T12:00:00Z,10.475,72.525,0.0
2009-08-21T12:00:00Z,10.475,72.575,0.0
2009-08-21T12:00:00Z,10.475,72.625,0.0
2009-08-21T12:00:00Z,10.475,72.675,0.0
2009-08-21T12:00:00Z,10.475,72.725,0.0
2009-08-21T12:00:00Z,10.475,72.775,0.0
2009-08-21T12:00:00Z,10.425,72.425,0.0
2009-08-21T12:00:00Z,10.425,72.475,0.0
2009-08-21T12:00:00Z,10.425,72.525,0.0
2009-08-21T12:00:00Z,10.425,72.575,0.0
2009-08-21T12:00:00Z,10.425,72.625,0.0
2009-08-21T12:00:00Z,10.425,72.675,0.0
2009-08-21T12:00:00Z,10.425,72.725,0.0
2009-08-21T12:00:00Z,10.425,72.775,0.0
2009-08-21T12:00:00Z,10.375,72.425,0.0
2009-08-21T12:00:00Z,10.375,72.475,0.0
2009-08-21T12:00:00Z,10.375,72.525,0.0
2009-08-21T12:00:00Z,10.375,72.575,0.0
2009-08-21T12:00:00Z,10.375,72.625,0.0
2009-08-21T12:00:00Z,10.375,72.675,0.0
2009-08-21T12:00:00Z,10.375,72.725,0.0
2009-08-21T12:00:00Z,10.375,72.775,0.0
2009-09-20T12:00:00Z,10.625,72.425,0.0
2009-09-20T12:00:00Z,10.625,72.475,0.0
2009-09-20T12:00:00Z,10.625,72.525,0.0
2009-09-20T12:00:00Z,10.625,72.575,0.0
2009-09-20T12:00:00Z,10.625,72.625,0.0
2009-09-20T12:00:00Z,10.625,72.675,0.0
2009-09-20T12:00:00Z,10.625,72.725,0.0
2009-09-20T12:00:00Z,10.625,72.775,0.0
2009-09-20T12:00:00Z,10.575,72.425,0.0
2009-09-20T12:00:00Z,10.575,72.475,0.0
2009-09-20T12:00:00Z,10.575,72.525,0.0
2009-09-20T12:00:00Z,10.575,72.575,0.0
2009-09-20T12:00:00Z,10.575,72.625,0.0
2009-09-20T12:00:00Z,10.575,72.675,0.0
2009-09-20T12:00:00Z,10.575,72.725,0.0
2009-09-20T12:00:00Z,10.575,72.775,0.0
2009-09-20T12:00:00Z,10.525,72.425,0.0
2009-09-20T12:00:00Z,10.525,72.475,0.0
2009-09-20T12:00:00Z,10.525,72.525,0.0
2009-09-20T12:00:00Z,10.525,72.575,0.0
2009-09-20T12:00:00Z,10.525,72.625,0.0
2009-09-20T12:00:00Z,10.525,72.675,0.0
2009-09-20T12:00:00Z,10.525,72.725,0.0
2009-09-20T12:00:00Z,10.525,72.775,0.0
2009-09-20T12:00:00Z,10.475,72.425,0.0
2009-09-20T12:00:00Z,10.475,72.475,0.0
2009-09-20T12:00:00Z,10.475,72.525,0.0
2009-09-20T12:00:00Z,10.475,72.575,0.0
2009-09-20T12:00:00Z,10.475,72.625,0.0
2009-09-20T12:00:00Z,10.475,72.675,0.0
2009-09-20T12:00:00Z,10.475,72.725,0.0
2009-09-20T12:00:00Z,10.475,72.775,0.0
2009-09-20T12:00:00Z,10.425,72.425,0.0
2009-09-20T12:00:00Z,10.425,72.475,0.0
2009-09-20T12:00:00Z,10.425,72.525,0.0
2009-09-20T12:00:00Z,10.425,72.575,0.0
2009-09-20T12:00:00Z,10.425,72.625,0.0
2009-09-20T12:00:00Z,10.425,72.675,0.0
2009-09-20T12:00:00Z,10.425,72.725,0.0
2009-09-20T12:00:00Z,10.425,72.775,0.0
2009-09-20T12:00:00Z,10.375,72.425,0.0
2009-09-20T12:00:00Z,10.375,72.475,0.0
2009-09-20T12:00:00Z,10.375,72.525,0.0
2009-09-20T12:00:00Z,10.375,72.575,0.0
2009-09-20T12:00:00Z,10.375,72.625,0.0
2009-09-20T12:00:00Z,10.375,72.675,0.0
2009-09-20T12:00:00Z,10.375,72.725,0.0
2009-09-20T12:00:00Z,10.375,72.775,0.0
2009-10-20T12:00:00Z,10.625,72.425,0.0
2009-10-20T12:00:00Z,10.625,72.475,0.0
2009-10-20T12:00:00Z,10.625,72.525,0.0
2009-10-20T12:00:00Z,10.625,72.575,0.0
2009-10-20T12:00:00Z,10.625,72.625,0.0
2009-10-20T12:00:00Z,10.625,72.675,0.0
2009-10-20T12:00:00Z,10.625,72.725,0.0
2009-10-20T12:00:00Z,10.625,72.775,0.0
2009-10-20T12:00:00Z,10.575,72.425,0.0
2009-10-20T12:00:00Z,10.575,72.475,0.0
2009-10-20T12:00:00Z,10.575,72.525,0.0
2009-10-20T12:00:00Z,10.575,72.575,0.0
2009-10-20T12:00:00Z,10.575,72.625,0.0
2009-10-20T12:00:00Z,10.575,72.675,0.0
2009-10-20T12:00:00Z,10.575,72.725,0.0
2009-10-20T12:00:00Z,10.575,72.775,0.0
2009-10-20T12:00:00Z,10.525,72.425,0.0
2009-10-20T12:00:00Z,10.525,72.475,0.0
2009-10-20T12:00:00Z,10.525,72.525,0.0
2009-10-20T12:00:00Z,10.525,72.575,0.0
2009-10-20T12:00:00Z,10.525,72.625,0.0
2009-10-20T12:00:00Z,10.525,72.675,0.0
2009-10-20T12:00:00Z,10.525,72.725,0.0
2009-10-20T12:00:00Z,10.525,72.775,0.0
2009-10-20T12:00:00Z,10.475,72.425,0.0
2009-10-20T12:00:00Z,10.475,72.475,0.0
2009-10-20T12:00:00Z,10.475,72.525,0.0
2009-10-20T12:00:00Z,10.475,72.575,0.0
2009-10-20T12:00:00Z,10.475,72.625,0.0
2009-10-20T12:00:00Z,10.475,72.675,0.0
2009-10-20T12:00:00Z,10.475,72.725,0.0
2009-10-20T12:00:00Z,10.475,72.775,0.0
2009-10-20T12:00:00Z,10.425,72.425,0.0
2009-10-20T12:00:00Z,10.425,72.475,0.0
2009-10-20T12:00:00Z,10.425,72.525,0.0
2009-10-20T12:00:00Z,10.425,72.575,0.0
2009-10-20T12:00:00Z,10.425,72.625,0.0
2009-10-20T12:00:00Z,10.425,72.675,0.0
2009-10-20T12:00:00Z,10.425,72.725,0.0
2009-10-20T12:00:00Z,10.425,72.775,0.0
2009-10-20T12:00:00Z,10.375,72.425,0.0
2009-10-20T12:00:00Z,10.375,72.475,0.0
2009-10-20T12:00:00Z,10.375,72.525,0.0
2009-10-20T12:00:00Z,10.375,72.575,0.0
2009-10-20T12:00:00Z,10.375,72.625,0.0
2009-10-20T12:00:00Z,10.375,72.675,0.0
2009-10-20T12:00:00Z,10.375,72.725,0.0
2009-10-20T12:00:00Z,10.375,72.775,0.0
2009-11-19T12:00:00Z,10.625,72.425,0.0
2009-11-19T12:00:00Z,10.625,72.475,0.0
2009-11-19T12:00:00Z,10.625,72.525,0.0
2009-11-19T12:00:00Z,10.625,72.575,0.0
2009-11-19T12:00:00Z,10.625,72.625,0.0
2009-11-19T12:00:00Z,10.625,72.675,0.0
2009-11-19T12:00:00Z,10.625,72.725,0.0
2009-11-19T12:00:00Z,10.625,72.775,0.0
2009-11-19T12:00:00Z,10.575,72.425,0.0
2009-11-19T12:00:00Z,10.575,72.475,0.0
2009-11-19T12:00:00Z,10.575,72.525,0.0
2009-11-19T12:00:00Z,10.575,72.575,0.0
2009-11-19T12:00:00Z,10.575,72.625,0.0
2009-11-19T12:00:00Z,10.575,72.675,0.0
2009-11-19T12:00:00Z,10.575,72.725,0.0
2009-11-19T12:00:00Z,10.575,72.775,0.0
2009-11-19T12:00:00Z,10.525,72.425,0.0
2009-11-19T12:00:00Z,10.525,72.475,0.0
2009-11-19T12:00:00Z,10.525,72.525,0.0
2009-11-19T12:00:00Z,10.525,72.575,0.0
2009-11-19T12:00:00Z,10.525,72.625,0.0
2009-11-19T12:00:00Z,10.525,72.675,0.0
2009-11-19T12:00:00Z,10.525,72.725,0.0
2009-11-19T12:00:00Z,10.525,72.775,0.0
2009-11-19T12:00:00Z,10.475,72.425,0.0
2009-11-19T12:00:00Z,10.475,72.475,0.0
2009-11-19T12:00:00Z,10.475,72.525,0.0
2009-11-19T12:00:00Z,10.475,72.575,0.0
2009-11-19T12:00:00Z,10.475,72.625,0.0
2009-11-19T12:00:00Z,10.475,72.675,0.0
2009-11-19T12:00:00Z,10.475,72.725,0.0
2009-11-19T12:00:00Z,10.475,72.775,0.0
2009-11-19T12:00:00Z,10.425,72.425,0.0
2009-11-19T12:00:00Z,10.425,72.475,0.0
2009-11-19T12:00:00Z,10.425,72.525,0.0
2009-11-19T12:00:00Z,10.425,72.575,0.0
2009-11-19T12:00:00Z,10.425,72.625,0.0
2009-11-19T12:00:00Z,10.425,72.675,0.0
2009-11-19T12:00:00Z,10.425,72.725,0.0
2009-11-19T12:00:00Z,10.425,72.775,0.0
2009-11-19T12:00:00Z,10.375,72.425,0.0
2009-11-19T12:00:00Z,10.375,72.475,0.0
2009-11-19T12:00:00Z,10.375,72.525,0.0
2009-11-19T12:00:00Z,10.375,72.575,0.0
2009-11-19T12:00:00Z,10.375,72.625,0.0
2009-11-19T12:00:00Z,10.375,72.675,0.0
2009-11-19T12:00:00Z,10.375,72.725,0.0
2009-11-19T12:00:00Z,10.375,72.775,0.0
2009-12-19T12:00:00Z,10.625,72.425,0.0
2009-12-19T12:00:00Z,10.625,72.475,0.0
2009-12-19T12:00:00Z,10.625,72.525,0.0
2009-12-19T12:00:00Z,10.625,72.575,0.0
2009-12-19T12:00:00Z,10.625,72.625,0.0
2009-12-19T12:00:00Z,10.625,72.675,0.0
2009-12-19T12:00:00Z,10.625,72.725,0.0
2009-12-19T12:00:00Z,10.625,72.775,0.0
2009-12-19T12:00:00Z,10.575,72.425,0.0
2009-12-19T12:00:00Z,10.575,72.475,0.0
2009-12-19T12:00:00Z,10.575,72.525,0.0
2009-12-19T12:00:00Z,10.575,72.575,0.0
2009-12-19T12:00:00Z,10.575,72.625,0.0
2009-12-19T12:00:00Z,10.575,72.675,0.0
2009-12-19T12:00:00Z,10.575,72.725,0.0
2009-12-19T12:00:00Z,10.575,72.775,0.0
2009-12-19T12:00:00Z,10.525,72.425,0.0
2009-12-19T12:00:00Z,10.525,72.475,0.0
2009-12-19T12:00:00Z,10.525,72.525,0.0
2009-12-19T12:00:00Z,10.525,72.575,0.0
2009-12-19T12:00:00Z,10.525,72.625,0.0
2009-12-19T12:00:00Z,10.525,72.675,0.0
2009-12-19T12:00:00Z,10.525,72.725,0.0
2009-12-19T12:00:00Z,10.525,72.775,0.0
2009-12-19T12:00:00Z,10.475,72.425,0.0
2009-12-19T12:00:00Z,10.475,72.475,0.0
2009-12-19T12:00:00Z,10.475,72.525,0.0
2009-12-19T12:00:00Z,10.475,72.575,0.0
2009-12-19T12:00:00Z,10.475,72.625,0.0
2009-12-19T12:00:00Z,10.475,72.675,0.0
2009-12-19T12:00:00Z,10.475,72.725,0.0
2009-12-19T12:00:00Z,10.475,72.775,0.0
2009-12-19T12:00:00Z,10.425,72.425,0.0
2009-12-19T12:00:00Z,10.425,72.475,0.0
2009-12-19T12:00:00Z,10.425,72.525,0.0
2009-12-19T12:00:00Z,10.425,72.575,0.0
2009-12-19T12:00:00Z,10.425,72.625,0.0
2009-12-19T12:00:00Z,10.425,72.675,0.0
2009-12-19T12:00:00Z,10.425,72.725,0.0
2009-12-19T12:00:00Z,10.425,72.775,0.0
2009-12-19T12:00:00Z,10.375,72.425,0.0
2009-12-19T12:00:00Z,10.375,72.475,0.0
2009-12-19T12:00:00Z,10.375,72.525,0.0
2009-12-19T12:00:00Z,10.375,72.575,0.0
2009-12-19T12:00:00Z,10.375,72.625,0.0
2009-12-19T12:00:00Z,10.375,72.675,0.0
2009-12-19T12:00:00Z,10.375,72.725,0.0
2009-12-19T12:00:00Z,10.375,72.775,0.0
2010-01-18T12:00:00Z,10.625,72.425,0.0
2010-01-18T12:00:00Z,10.625,72.475,0.0
2010-01-18T12:00:00Z,10.625,72.525,0.0
2010-01-18T12:00:00Z,10.625,72.575,0.0
2010-01-18T12:00:00Z,10.625,72.625,0.0
2010-01-18T12:00:00Z,10.625,72.675,0.0
2010-01-18T12:00:00Z,10.625,72.725,0.0
2010-01-18T12:00:00Z,10.625,72.775,0.0
2010-01-18T12:00:00Z,10.575,72.425,0.0
2010-01-18T12:00:00Z,10.575,72.475,0.0
2010-01-18T12:00:00Z,10.575,72.525,0.0
2010-01-18T12:00:00Z,10.575,72.575,0.0
2010-01-18T12:00:00Z,10.575,72.625,0.0
2010-01-18T12:00:00Z,10.575,72.675,0.0
2010-01-18T12:00:00Z,10.575,72.725,0.0
2010-01-18T12:00:00Z,10.575,72.775,0.0
2010-01-18T12:00:00Z,10.525,72.425,0.0
2010-01-18T12:00:00Z,10.525,72.475,0.0
2010-01-18T12:00:00Z,10.525,72.525,0.0
2010-01-18T12:00:00Z,10.525,72.575,0.0
2010-01-18T12:00:00Z,10.525,72.625,0.0
2010-01-18T12:00:00Z,10.525,72.675,0.0
2010-01-18T12:00:00Z,10.525,72.725,0.0
2010-01-18T12:00:00Z,10.525,72.775,0.0
2010-01-18T12:00:00Z,10.475,72.425,0.0
2010-01-18T12:00:00Z,10.475,72.475,0.0
2010-01-18T12:00:00Z,10.475,72.525,0.0
2010-01-18T12:00:00Z,10.475,72.575,0.0
2010-01-18T12:00:00Z,10.475,72.625,0.0
2010-01-18T12:00:00Z,10.475,72.675,0.0
2010-01-18T12:00:00Z,10.475,72.725,0.0
2010-01-18T12:00:00Z,10.475,72.775,0.0
2010-01-18T12:00:00Z,10.425,72.425,0.0
2010-01-18T12:00:00Z,10.425,72.475,0.0
2010-01-18T12:00:00Z,10.425,72.525,0.0
2010-01-18T12:00:00Z,10.425,72.575,0.0
2010-01-18T12:00:00Z,10.425,72.625,0.0
2010-01-18T12:00:00Z,10.425,72.675,0.0
2010-01-18T12:00:00Z,10.425,72.725,0.0
2010-01-18T12:00:00Z,10.425,72.775,0.0
2010-01-18T12:00:00Z,10.375,72.425,0.0
2010-01-18T12:00:00Z,10.375,72.475,0.0
2010-01-18T12:00:00Z,10.375,72.525,0.0
2010-01-18T12:00:00Z,10.375,72.575,0.0
2010-01-18T12:00:00Z,10.375,72.625,0.0
2010-01-18T12:00:00Z,10.375,72.675,0.0
2010-01-18T12:00:00Z,10.375,72.725,0.0
2010-01-18T12:00:00Z,10.375,72.775,0.0
2010-02-17T12:00:00Z,10.625,72.425,0.0
2010-02-17T12:00:00Z,10.625,72.475,0.0
2010-02-17T12:00:00Z,10.625,72.525,0.0
2010-02-17T12:00:00Z,10.625,72.575,0.0
2010-02-17T12:00:00Z,10.625,72.625,0.0
2010-02-17T12:00:00Z,10.625,72.675,0.0
2010-02-17T12:00:00Z,10.625,72.725,0.0
2010-02-17T12:00:00Z,10.625,72.775,0.0
2010-02-17T12:00:00Z,10.575,72.425,0.0
2010-02-17T12:00:00Z,10.575,72.475,0.0
2010-02-17T12:00:00Z,10.575,72.525,0.0
2010-02-17T12:00:00Z,10.575,72.575,0.0
2010-02-17T12:00:00Z,10.575,72.625,0.0
2010-02-17T12:00:00Z,10.575,72.675,0.0
2010-02-17T12:00:00Z,10.575,72.725,0.0
2010-02-17T12:00:00Z,10.575,72.775,0.0
2010-02-17T12:00:00Z,10.525,72.425,0.0
2010-02-17T12:00:00Z,10.525,72.475,0.0
2010-02-17T12:00:00Z,10.525,72.525,0.0
2010-02-17T12:00:00Z,10.525,72.575,0.0
2010-02-17T12:00:00Z,10.525,72.625,0.0
2010-02-17T12:00:00Z,10.525,72.675,0.0
2010-02-17T12:00:00Z,10.525,72.725,0.0
2010-02-17T12:00:00Z,10.525,72.775,0.0
2010-02-17T12:00:00Z,10.475,72.425,0.0
2010-02-17T12:00:00Z,10.475,72.475,0.0
2010-02-17T12:00:00Z,10.475,72.525,0.0
2010-02-17T12:00:00Z,10.475,72.575,0.0
2010-02-17T12:00:00Z,10.475,72.625,0.0
2010-02-17T12:00:00Z,10.475,72.675,0.0
2010-02-17T12:00:00Z,10.475,72.725,0.0
2010-02-17T12:00:00Z,10.475,72.775,0.0
2010-02-17T12:00:00Z,10.425,72.425,0.0
2010-02-17T12:00:00Z,10.425,72.475,0.0
2010-02-17T12:00:00Z,10.425,72.525,0.0
2010-02-17T12:00:00Z,10.425,72.575,0.0
2010-02-17T12:00:00Z,10.425,72.625,0.0
2010-02-17T12:00:00Z,10.425,72.675,0.0
2010-02-17T12:00:00Z,10.425,72.725,0.0
2010-02-17T12:00:00Z,10.425,72.775,0.0
2010-02-17T12:00:00Z,10.375,72.425,0.0
2010-02-17T12:00:00Z,10.375,72.475,0.0
2010-02-17T12:00:00Z,10.375,72.525,0.0
2010-02-17T12:00:00Z,10.375,72.575,0.0
2010-02-17T12:00:00Z,10.375,72.625,0.0
2010-02-17T12:00:00Z,10.375,72.675,0.0
2010-02-17T12:00:00Z,10.375,72.725,0.0
2010-02-17T12:00:00Z,10.375,72.775,0.0
2010-03-19T12:00:00Z,10.625,72.425,0.0
2010-03-19T12:00:00Z,10.625,72.475,0.0
2010-03-19T12:00:00Z,10.625,72.525,0.0
2010-03-19T12:00:00Z,10.625,72.575,0.0
2010-03-19T12:00:00Z,10.625,72.625,0.0
2010-03-19T12:00:00Z,10.625,72.675,0.0
2010-03-19T12:00:00Z,10.625,72.725,0.0
2010-03-19T12:00:00Z,10.625,72.775,0.0
2010-03-19T12:00:00Z,10.575,72.425,0.0
2010-03-19T12:00:00Z,10.575,72.475,0.0
2010-03-19T12:00:00Z,10.575,72.525,0.0
2010-03-19T12:00:00Z,10.575,72.575,0.0
2010-03-19T12:00:00Z,10.575,72.625,0.0
2010-03-19T12:00:00Z,10.575,72.675,0.0
2010-03-19T12:00:00Z,10.575,72.725,0.0
2010-03-19T12:00:00Z,10.575,72.775,0.0
2010-03-19T12:00:00Z,10.525,72.425,0.0
2010-03-19T12:00:00Z,10.525,72.475,0.0
2010-03-19T12:00:00Z,10.525,72.525,0.0
2010-03-19T12:00:00Z,10.525,72.575,0.0
2010-03-19T12:00:00Z,10.525,72.625,0.0
2010-03-19T12:00:00Z,10.525,72.675,0.0
2010-03-19T12:00:00Z,10.525,72.725,0.0
2010-03-19T12:00:00Z,10.525,72.775,0.0
2010-03-19T12:00:00Z,10.475,72.425,0.0
2010-03-19T12:00:00Z,10.475,72.475,0.0
2010-03-19T12:00:00Z,10.475,72.525,0.0
2010-03-19T12:00:00Z,10.475,72.575,0.0
2010-03-19T12:00:00Z,10.475,72.625,0.0
2010-03-19T12:00:00Z,10.475,72.675,0.0
2010-03-19T12:00:00Z,10.475,72.725,0.0
2010-03-19T12:00:00Z,10.475,72.775,0.0
2010-03-19T12:00:00Z,10.425,72.425,0.0
2010-03-19T12:00:00Z,10.425,72.475,0.0
2010-03-19T12:00:00Z,10.425,72.525,0.0
2010-03-19T12:00:00Z,10.425,72.575,0.0
2010-03-19T12:00:00Z,10.425,72.625,0.0
2010-03-19T12:00:00Z,10.425,72.675,0.0
2010-03-19T12:00:00Z,10.425,72.725,0.0
2010-03-19T12:00:00Z,10.425,72.775,0.0
2010-03-19T12:00:00Z,10.375,72.425,0.0
2010-03-19T12:00:00Z,10.375,72.475,0.0
2010-03-19T12:00:00Z,10.375,72.525,0.0
2010-03-19T12:00:00Z,10.375,72.575,0.0
2010-03-19T12:00:00Z,10.375,72.625,0.0
2010-03-19T12:00:00Z,10.375,72.675,0.0
2010-03-19T12:00:00Z,10.375,72.725,0.0
2010-03-19T12:00:00Z,10.375,72.775,0.0
2010-04-18T12:00:00Z,10.625,72.425,0.17
2010-04-18T12:00:00Z,10.625,72.475,0.17
2010-04-18T12:00:00Z,10.625,72.525,0.17
2010-04-18T12:00:00Z,10.625,72.575,0.18
2010-04-18T12:00:00Z,10.625,72.625,0.18
2010-04-18T12:00:00Z,10.625,72.675,0.32
2010-04-18T12:00:00Z,10.625,72.725,0.32
2010-04-18T12:00:00Z,10.625,72.775,0.17
2010-04-18T12:00:00Z,10.575,72.425,0.17
2010-04-18T12:00:00Z,10.575,72.475,0.17
2010-04-18T12:00:00Z,10.575,72.525,0.32
2010-04-18T12:00:00Z,10.575,72.575,0.32
2010-04-18T12:00:00Z,10.575,72.625,0.32
2010-04-18T12:00:00Z,10.575,72.675,0.32
2010-04-18T12:00:00Z,10.575,72.725,0.32
2010-04-18T12:00:00Z,10.575,72.775,0.32
2010-04-18T12:00:00Z,10.525,72.425,0.17
2010-04-18T12:00:00Z,10.525,72.475,0.32
2010-04-18T12:00:00Z,10.525,72.525,0.32
2010-04-18T12:00:00Z,10.525,72.575,0.32
2010-04-18T12:00:00Z,10.525,72.625,0.33
2010-04-18T12:00:00Z,10.525,72.675,0.33
2010-04-18T12:00:00Z,10.525,72.725,0.32
2010-04-18T12:00:00Z,10.525,72.775,0.32
2010-04-18T12:00:00Z,10.475,72.425,0.32
2010-04-18T12:00:00Z,10.475,72.475,0.33
2010-04-18T12:00:00Z,10.475,72.525,0.33
2010-04-18T12:00:00Z,10.475,72.575,0.33
2010-04-18T12:00:00Z,10.475,72.625,0.33
2010-04-18T12:00:00Z,10.475,72.675,0.33
2010-04-18T12:00:00Z,10.475,72.725,0.33
2010-04-18T12:00:00Z,10.475,72.775,0.33
2010-04-18T12:00:00Z,10.425,72.425,0.33
2010-04-18T12:00:00Z,10.425,72.475,0.33
2010-04-18T12:00:00Z,10.425,72.525,0.33
2010-04-18T12:00:00Z,10.425,72.575,0.33
2010-04-18T12:00:00Z,10.425,72.625,0.48
2010-04-18T12:00:00Z,10.425,72.675,0.48
2010-04-18T12:00:00Z,10.425,72.725,0.48
2010-04-18T12:00:00Z,10.425,72.775,0.48
2010-04-18T12:00:00Z,10.375,72.425,0.33
2010-04-18T12:00:00Z,10.375,72.475,0.33
2010-04-18T12:00:00Z,10.375,72.525,0.48
2010-04-18T12:00:00Z,10.375,72.575,0.48
2010-04-18T12:00:00Z,10.375,72.625,0.48
2010-04-18T12:00:00Z,10.375,72.675,0.49
2010-04-18T12:00:00Z,10.375,72.725,0.49
2010-04-18T12:00:00Z,10.375,72.775,0.49
2010-05-18T12:00:00Z,10.625,72.425,3.93
2010-05-18T12:00:00Z,10.625,72.475,4.09
2010-05-18T12:00:00Z,10.625,72.525,3.95
2010-05-18T12:00:00Z,10.625,72.575,3.81
2010-05-18T12:00:00Z,10.625,72.625,3.67
2010-05-18T12:00:00Z,10.625,72.675,3.8200000000000003
2010-05-18T12:00:00Z,10.625,72.725,3.79
2010-05-18T12:00:00Z,10.625,72.775,3.3200000000000003
2010-05-18T12:00:00Z,10.575,72.425,3.96
2010-05-18T12:00:00Z,10.575,72.475,3.98
2010-05-18T12:00:00Z,10.575,72.525,4.12
2010-05-18T12:00:00Z,10.575,72.575,3.98
2010-05-18T12:00:00Z,10.575,72.625,3.84
2010-05-18T12:00:00Z,10.575,72.675,3.83
2010-05-18T12:00:00Z,10.575,72.725,3.8000000000000003
2010-05-18T12:00:00Z,10.575,72.775,3.63
2010-05-18T12:00:00Z,10.525,72.425,3.99
2010-05-18T12:00:00Z,10.525,72.475,4.15
2010-05-18T12:00:00Z,10.525,72.525,4.15
2010-05-18T12:00:00Z,10.525,72.575,4.15
2010-05-18T12:00:00Z,10.525,72.625,3.85
2010-05-18T12:00:00Z,10.525,72.675,3.83
2010-05-18T12:00:00Z,10.525,72.725,3.79
2010-05-18T12:00:00Z,10.525,72.775,3.61
2010-05-18T12:00:00Z,10.475,72.425,4.16
2010-05-18T12:00:00Z,10.475,72.475,4.18
2010-05-18T12:00:00Z,10.475,72.525,4.17
2010-05-18T12:00:00Z,10.475,72.575,4.16
2010-05-18T12:00:00Z,10.475,72.625,4.13
2010-05-18T12:00:00Z,10.475,72.675,3.8200000000000003
2010-05-18T12:00:00Z,10.475,72.725,3.8000000000000003
2010-05-18T12:00:00Z,10.475,72.775,3.74
2010-05-18T12:00:00Z,10.425,72.425,4.17
2010-05-18T12:00:00Z,10.425,72.475,4.05
2010-05-18T12:00:00Z,10.425,72.525,4.04
2010-05-18T12:00:00Z,10.425,72.575,4.17
2010-05-18T12:00:00Z,10.425,72.625,4.32
2010-05-18T12:00:00Z,10.425,72.675,4.29
2010-05-18T12:00:00Z,10.425,72.725,4.09
2010-05-18T12:00:00Z,10.425,72.775,3.91
2010-05-18T12:00:00Z,10.375,72.425,4.04
2010-05-18T12:00:00Z,10.375,72.475,4.05
2010-05-18T12:00:00Z,10.375,72.525,4.19
2010-05-18T12:00:00Z,10.375,72.575,4.32
2010-05-18T12:00:00Z,10.375,72.625,4.3
2010-05-18T12:00:00Z,10.375,72.675,4.3
2010-05-18T12:00:00Z,10.375,72.725,4.1
2010-05-18T12:00:00Z,10.375,72.775,4.0600000000000005
2010-06-17T12:00:00Z,10.625,72.425,4.51
2010-06-17T12:00:00Z,10.625,72.475,4.67
2010-06-17T12:00:00Z,10.625,72.525,4.53
2010-06-17T12:00:00Z,10.625,72.575,4.39
2010-06-17T12:00:00Z,10.625,72.625,4.25
2010-06-17T12:00:00Z,10.625,72.675,4.38
2010-06-17T12:00:00Z,10.625,72.725,4.3500000000000005
2010-06-17T12:00:00Z,10.625,72.775,3.87
2010-06-17T12:00:00Z,10.575,72.425,4.53
2010-06-17T12:00:00Z,10.575,72.475,4.55
2010-06-17T12:00:00Z,10.575,72.525,4.69
2010-06-17T12:00:00Z,10.575,72.575,4.54
2010-06-17T12:00:00Z,10.575,72.625,4.4
2010-06-17T12:00:00Z,10.575,72.675,4.39
2010-06-17T12:00:00Z,10.575,72.725,4.34
2010-06-17T12:00:00Z,10.575,72.775,4.17
2010-06-17T12:00:00Z,10.525,72.425,4.55
2010-06-17T12:00:00Z,10.525,72.475,4.71
2010-06-17T12:00:00Z,10.525,72.525,4.7
2010-06-17T12:00:00Z,10.525,72.575,4.7
2010-06-17T12:00:00Z,10.525,72.625,4.39
2010-06-17T12:00:00Z,10.525,72.675,4.37
2010-06-17T12:00:00Z,10.525,72.725,4.32
2010-06-17T12:00:00Z,10.525,72.775,4.14
2010-06-17T12:00:00Z,10.475,72.425,4.71
2010-06-17T12:00:00Z,10.475,72.475,4.73
2010-06-17T12:00:00Z,10.475,72.525,4.71
2010-06-17T12:00:00Z,10.475,72.575,4.69
2010-06-17T12:00:00Z,10.475,72.625,4.66
2010-06-17T12:00:00Z,10.475,72.675,4.34
2010-06-17T12:00:00Z,10.475,72.725,4.32
2010-06-17T12:00:00Z,10.475,72.775,4.25
2010-06-17T12:00:00Z,10.425,72.425,4.71
2010-06-17T12:00:00Z,10.425,72.475,4.58
2010-06-17T12:00:00Z,10.425,72.525,4.57
2010-06-17T12:00:00Z,10.425,72.575,4.69
2010-06-17T12:00:00Z,10.425,72.625,4.84
2010-06-17T12:00:00Z,10.425,72.675,4.79
2010-06-17T12:00:00Z,10.425,72.725,4.58
2010-06-17T12:00:00Z,10.425,72.775,4.4
2010-06-17T12:00:00Z,10.375,72.425,4.5600000000000005
2010-06-17T12:00:00Z,10.375,72.475,4.57
2010-06-17T12:00:00Z,10.375,72.525,4.7
2010-06-17T12:00:00Z,10.375,72.575,4.83
2010-06-17T12:00:00Z,10.375,72.625,4.79
2010-06-17T12:00:00Z,10.375,72.675,4.79
2010-06-17T12:00:00Z,10.375,72.725,4.57
2010-06-17T12:00:00Z,10.375,72.775,4.53
2010-07-17T12:00:00Z,10.625,72.425,3.88
2010-07-17T12:00:00Z,10.625,72.475,3.9
2010-07-17T12:00:00Z,10.625,72.525,3.91
2010-07-17T12:00:00Z,10.625,72.575,3.92
2010-07-17T12:00:00Z,10.625,72.625,3.92
2010-07-17T12:00:00Z,10.625,72.675,3.92
2010-07-17T12:00:00Z,10.625,72.725,3.89
2010-07-17T12:00:00Z,10.625,72.775,3.7
2010-07-17T12:00:00Z,10.575,72.425,3.89
2010-07-17T12:00:00Z,10.575,72.475,3.92
2010-07-17T12:00:00Z,10.575,72.525,3.92
2010-07-17T12:00:00Z,10.575,72.575,3.92
2010-07-17T12:00:00Z,10.575,72.625,3.92
2010-07-17T12:00:00Z,10.575,72.675,3.92
2010-07-17T12:00:00Z,10.575,72.725,3.88
2010-07-17T12:00:00Z,10.575,72.775,3.85
2010-07-17T12:00:00Z,10.525,72.425,3.89
2010-07-17T12:00:00Z,10.525,72.475,3.92
2010-07-17T12:00:00Z,10.525,72.525,3.92
2010-07-17T12:00:00Z,10.525,72.575,3.92
2010-07-17T12:00:00Z,10.525,72.625,3.91
2010-07-17T12:00:00Z,10.525,72.675,3.89
2010-07-17T12:00:00Z,10.525,72.725,3.85
2010-07-17T12:00:00Z,10.525,72.775,3.8200000000000003
2010-07-17T12:00:00Z,10.475,72.425,3.9
2010-07-17T12:00:00Z,10.475,72.475,3.92
2010-07-17T12:00:00Z,10.475,72.525,3.91
2010-07-17T12:00:00Z,10.475,72.575,3.91
2010-07-17T12:00:00Z,10.475,72.625,3.89
2010-07-17T12:00:00Z,10.475,72.675,3.86
2010-07-17T12:00:00Z,10.475,72.725,3.84
2010-07-17T12:00:00Z,10.475,72.775,3.7800000000000002
2010-07-17T12:00:00Z,10.425,72.425,3.89
2010-07-17T12:00:00Z,10.425,72.475,3.91
2010-07-17T12:00:00Z,10.425,72.525,3.9
2010-07-17T12:00:00Z,10.425,72.575,3.89
2010-07-17T12:00:00Z,10.425,72.625,3.9
2010-07-17T12:00:00Z,10.425,72.675,3.87
2010-07-17T12:00:00Z,10.425,72.725,3.81
2010-07-17T12:00:00Z,10.425,72.775,3.7800000000000002
2010-07-17T12:00:00Z,10.375,72.425,3.88
2010-07-17T12:00:00Z,10.375,72.475,3.9
2010-07-17T12:00:00Z,10.375,72.525,3.89
2010-07-17T12:00:00Z,10.375,72.575,3.87
2010-07-17T12:00:00Z,10.375,72.625,3.85
2010-07-17T12:00:00Z,10.375,72.675,3.84
2010-07-17T12:00:00Z,10.375,72.725,3.79
2010-07-17T12:00:00Z,10.375,72.775,3.75
2010-08-16T12:00:00Z,10.625,72.425,0.58
2010-08-16T12:00:00Z,10.625,72.475,0.58
2010-08-16T12:00:00Z,10.625,72.525,0.58
2010-08-16T12:00:00Z,10.625,72.575,0.58
2010-08-16T12:00:00Z,10.625,72.625,0.5700000000000001
2010-08-16T12:00:00Z,10.625,72.675,0.5700000000000001
2010-08-16T12:00:00Z,10.625,72.725,0.56
2010-08-16T12:00:00Z,10.625,72.775,0.55
2010-08-16T12:00:00Z,10.575,72.425,0.5700000000000001
2010-08-16T12:00:00Z,10.575,72.475,0.5700000000000001
2010-08-16T12:00:00Z,10.575,72.525,0.5700000000000001
2010-08-16T12:00:00Z,10.575,72.575,0.56
2010-08-16T12:00:00Z,10.575,72.625,0.56
2010-08-16T12:00:00Z,10.575,72.675,0.55
2010-08-16T12:00:00Z,10.575,72.725,0.55
2010-08-16T12:00:00Z,10.575,72.775,0.54
2010-08-16T12:00:00Z,10.525,72.425,0.56
2010-08-16T12:00:00Z,10.525,72.475,0.56
2010-08-16T12:00:00Z,10.525,72.525,0.56
2010-08-16T12:00:00Z,10.525,72.575,0.55
2010-08-16T12:00:00Z,10.525,72.625,0.55
2010-08-16T12:00:00Z,10.525,72.675,0.54
2010-08-16T12:00:00Z,10.525,72.725,0.53
2010-08-16T12:00:00Z,10.525,72.775,0.53
2010-08-16T12:00:00Z,10.475,72.425,0.55
2010-08-16T12:00:00Z,10.475,72.475,0.55
2010-08-16T12:00:00Z,10.475,72.525,0.54
2010-08-16T12:00:00Z,10.475,72.575,0.54
2010-08-16T12:00:00Z,10.475,72.625,0.53
2010-08-16T12:00:00Z,10.475,72.675,0.52
2010-08-16T12:00:00Z,10.475,72.725,0.51
2010-08-16T12:00:00Z,10.475,72.775,0.51
2010-08-16T12:00:00Z,10.425,72.425,0.54
2010-08-16T12:00:00Z,10.425,72.475,0.53
2010-08-16T12:00:00Z,10.425,72.525,0.53
2010-08-16T12:00:00Z,10.425,72.575,0.52
2010-08-16T12:00:00Z,10.425,72.625,0.52
2010-08-16T12:00:00Z,10.425,72.675,0.51
2010-08-16T12:00:00Z,10.425,72.725,0.5
2010-08-16T12:00:00Z,10.425,72.775,0.49
2010-08-16T12:00:00Z,10.375,72.425,0.53
2010-08-16T12:00:00Z,10.375,72.475,0.52
2010-08-16T12:00:00Z,10.375,72.525,0.51
2010-08-16T12:00:00Z,10.375,72.575,0.5
2010-08-16T12:00:00Z,10.375,72.625,0.49
2010-08-16T12:00:00Z,10.375,72.675,0.49
2010-08-16T12:00:00Z,10.375,72.725,0.48
2010-08-16T12:00:00Z,10.375,72.775,0.47000000000000003
2010-09-15T12:00:00Z,10.625,72.425,0.0
2010-09-15T12:00:00Z,10.625,72.475,0.0
2010-09-15T12:00:00Z,10.625,72.525,0.0
2010-09-15T12:00:00Z,10.625,72.575,0.0
2010-09-15T12:00:00Z,10.625,72.625,0.0
2010-09-15T12:00:00Z,10.625,72.675,0.0
2010-09-15T12:00:00Z,10.625,72.725,0.0
2010-09-15T12:00:00Z,10.625,72.775,0.0
2010-09-15T12:00:00Z,10.575,72.425,0.0
2010-09-15T12:00:00Z,10.575,72.475,0.0
2010-09-15T12:00:00Z,10.575,72.525,0.0
2010-09-15T12:00:00Z,10.575,72.575,0.0
2010-09-15T12:00:00Z,10.575,72.625,0.0
2010-09-15T12:00:00Z,10.575,72.675,0.0
2010-09-15T12:00:00Z,10.575,72.725,0.0
2010-09-15T12:00:00Z,10.575,72.775,0.0
2010-09-15T12:00:00Z,10.525,72.425,0.0
2010-09-15T12:00:00Z,10.525,72.475,0.0
2010-09-15T12:00:00Z,10.525,72.525,0.0
2010-09-15T12:00:00Z,10.525,72.575,0.0
2010-09-15T12:00:00Z,10.525,72.625,0.0
2010-09-15T12:00:00Z,10.525,72.675,0.0
2010-09-15T12:00:00Z,10.525,72.725,0.0
2010-09-15T12:00:00Z,10.525,72.775,0.0
2010-09-15T12:00:00Z,10.475,72.425,0.0
2010-09-15T12:00:00Z,10.475,72.475,0.0
2010-09-15T12:00:00Z,10.475,72.525,0.0
2010-09-15T12:00:00Z,10.475,72.575,0.0
2010-09-15T12:00:00Z,10.475,72.625,0.0
2010-09-15T12:00:00Z,10.475,72.675,0.0
2010-09-15T12:00:00Z,10.475,72.725,0.0
2010-09-15T12:00:00Z,10.475,72.775,0.0
2010-09-15T12:00:00Z,10.425,72.425,0.0
2010-09-15T12:00:00Z,10.425,72.475,0.0
2010-09-15T12:00:00Z,10.425,72.525,0.0
2010-09-15T12:00:00Z,10.425,72.575,0.0
2010-09-15T12:00:00Z,10.425,72.625,0.0
2010-09-15T12:00:00Z,10.425,72.675,0.0
2010-09-15T12:00:00Z,10.425,72.725,0.0
2010-09-15T12:00:00Z,10.425,72.775,0.0
2010-09-15T12:00:00Z,10.375,72.425,0.0
2010-09-15T12:00:00Z,10.375,72.475,0.0
2010-09-15T12:00:00Z,10.375,72.525,0.0
2010-09-15T12:00:00Z,10.375,72.575,0.0
2010-09-15T12:00:00Z,10.375,72.625,0.0
2010-09-15T12:00:00Z,10.375,72.675,0.0
2010-09-15T12:00:00Z,10.375,72.725,0.0
2010-09-15T12:00:00Z,10.375,72.775,0.0
2010-10-15T12:00:00Z,10.625,72.425,0.0
2010-10-15T12:00:00Z,10.625,72.475,0.0
2010-10-15T12:00:00Z,10.625,72.525,0.0
2010-10-15T12:00:00Z,10.625,72.575,0.0
2010-10-15T12:00:00Z,10.625,72.625,0.0
2010-10-15T12:00:00Z,10.625,72.675,0.0
2010-10-15T12:00:00Z,10.625,72.725,0.0
2010-10-15T12:00:00Z,10.625,72.775,0.0
2010-10-15T12:00:00Z,10.575,72.425,0.0
2010-10-15T12:00:00Z,10.575,72.475,0.0
2010-10-15T12:00:00Z,10.575,72.525,0.0
2010-10-15T12:00:00Z,10.575,72.575,0.0
2010-10-15T12:00:00Z,10.575,72.625,0.0
2010-10-15T12:00:00Z,10.575,72.675,0.0
2010-10-15T12:00:00Z,10.575,72.725,0.0
2010-10-15T12:00:00Z,10.575,72.775,0.0
2010-10-15T12:00:00Z,10.525,72.425,0.0
2010-10-15T12:00:00Z,10.525,72.475,0.0
2010-10-15T12:00:00Z,10.525,72.525,0.0
2010-10-15T12:00:00Z,10.525,72.575,0.0
2010-10-15T12:00:00Z,10.525,72.625,0.0
2010-10-15T12:00:00Z,10.525,72.675,0.0
2010-10-15T12:00:00Z,10.525,72.725,0.0
2010-10-15T12:00:00Z,10.525,72.775,0.0
2010-10-15T12:00:00Z,10.475,72.425,0.0
2010-10-15T12:00:00Z,10.475,72.475,0.0
2010-10-15T12:00:00Z,10.475,72.525,0.0
2010-10-15T12:00:00Z,10.475,72.575,0.0
2010-10-15T12:00:00Z,10.475,72.625,0.0
2010-10-15T12:00:00Z,10.475,72.675,0.0
2010-10-15T12:00:00Z,10.475,72.725,0.0
2010-10-15T12:00:00Z,10.475,72.775,0.0
2010-10-15T12:00:00Z,10.425,72.425,0.0
2010-10-15T12:00:00Z,10.425,72.475,0.0
2010-10-15T12:00:00Z,10.425,72.525,0.0
2010-10-15T12:00:00Z,10.425,72.575,0.0
2010-10-15T12:00:00Z,10.425,72.625,0.0
2010-10-15T12:00:00Z,10.425,72.675,0.0
2010-10-15T12:00:00Z,10.425,72.725,0.0
2010-10-15T12:00:00Z,10.425,72.775,0.0
2010-10-15T12:00:00Z,10.375,72.425,0.0
2010-10-15T12:00:00Z,10.375,72.475,0.0
2010-10-15T12:00:00Z,10.375,72.525,0.0
2010-10-15T12:00:00Z,10.375,72.575,0.0
2010-10-15T12:00:00Z,10.375,72.625,0.0
2010-10-15T12:00:00Z,10.375,72.675,0.0
2010-10-15T12:00:00Z,10.375,72.725,0.0
2010-10-15T12:00:00Z,10.375,72.775,0.0
2010-11-14T12:00:00Z,10.625,72.425,0.0
2010-11-14T12:00:00Z,10.625,72.475,0.0
2010-11-14T12:00:00Z,10.625,72.525,0.0
2010-11-14T12:00:00Z,10.625,72.575,0.0
2010-11-14T12:00:00Z,10.625,72.625,0.0
2010-11-14T12:00:00Z,10.625,72.675,0.0
2010-11-14T12:00:00Z,10.625,72.725,0.0
2010-11-14T12:00:00Z,10.625,72.775,0.0
2010-11-14T12:00:00Z,10.575,72.425,0.0
2010-11-14T12:00:00Z,10.575,72.475,0.0
2010-11-14T12:00:00Z,10.575,72.525,0.0
2010-11-14T12:00:00Z,10.575,72.575,0.0
2010-11-14T12:00:00Z,10.575,72.625,0.0
2010-11-14T12:00:00Z,10.575,72.675,0.0
2010-11-14T12:00:00Z,10.575,72.725,0.0
2010-11-14T12:00:00Z,10.575,72.775,0.0
2010-11-14T12:00:00Z,10.525,72.425,0.0
2010-11-14T12:00:00Z,10.525,72.475,0.0
2010-11-14T12:00:00Z,10.525,72.525,0.0
2010-11-14T12:00:00Z,10.525,72.575,0.0
2010-11-14T12:00:00Z,10.525,72.625,0.0
2010-11-14T12:00:00Z,10.525,72.675,0.0
2010-11-14T12:00:00Z,10.525,72.725,0.0
2010-11-14T12:00:00Z,10.525,72.775,0.0
2010-11-14T12:00:00Z,10.475,72.425,0.0
2010-11-14T12:00:00Z,10.475,72.475,0.0
2010-11-14T12:00:00Z,10.475,72.525,0.0
2010-11-14T12:00:00Z,10.475,72.575,0.0
2010-11-14T12:00:00Z,10.475,72.625,0.0
2010-11-14T12:00:00Z,10.475,72.675,0.0
2010-11-14T12:00:00Z,10.475,72.725,0.0
2010-11-14T12:00:00Z,10.475,72.775,0.0
2010-11-14T12:00:00Z,10.425,72.425,0.0
2010-11-14T12:00:00Z,10.425,72.475,0.0
2010-11-14T12:00:00Z,10.425,72.525,0.0
2010-11-14T12:00:00Z,10.425,72.575,0.0
2010-11-14T12:00:00Z,10.425,72.625,0.0
2010-11-14T12:00:00Z,10.425,72.675,0.0
2010-11-14T12:00:00Z,10.425,72.725,0.0
2010-11-14T12:00:00Z,10.425,72.775,0.0
2010-11-14T12:00:00Z,10.375,72.425,0.0
2010-11-14T12:00:00Z,10.375,72.475,0.0
2010-11-14T12:00:00Z,10.375,72.525,0.0
2010-11-14T12:00:00Z,10.375,72.575,0.0
2010-11-14T12:00:00Z,10.375,72.625,0.0
2010-11-14T12:00:00Z,10.375,72.675,0.0
2010-11-14T12:00:00Z,10.375,72.725,0.0
2010-11-14T12:00:00Z,10.375,72.775,0.0
2010-12-14T12:00:00Z,10.625,72.425,0.0
2010-12-14T12:00:00Z,10.625,72.475,0.0
2010-12-14T12:00:00Z,10.625,72.525,0.0
2010-12-14T12:00:00Z,10.625,72.575,0.0
2010-12-14T12:00:00Z,10.625,72.625,0.0
2010-12-14T12:00:00Z,10.625,72.675,0.0
2010-12-14T12:00:00Z,10.625,72.725,0.0
2010-12-14T12:00:00Z,10.625,72.775,0.0
2010-12-14T12:00:00Z,10.575,72.425,0.0
2010-12-14T12:00:00Z,10.575,72.475,0.0
2010-12-14T12:00:00Z,10.575,72.525,0.0
2010-12-14T12:00:00Z,10.575,72.575,0.0
2010-12-14T12:00:00Z,10.575,72.625,0.0
2010-12-14T12:00:00Z,10.575,72.675,0.0
2010-12-14T12:00:00Z,10.575,72.725,0.0
2010-12-14T12:00:00Z,10.575,72.775,0.0
2010-12-14T12:00:00Z,10.525,72.425,0.0
2010-12-14T12:00:00Z,10.525,72.475,0.0
2010-12-14T12:00:00Z,10.525,72.525,0.0
2010-12-14T12:00:00Z,10.525,72.575,0.0
2010-12-14T12:00:00Z,10.525,72.625,0.0
2010-12-14T12:00:00Z,10.525,72.675,0.0
2010-12-14T12:00:00Z,10.525,72.725,0.0
2010-12-14T12:00:00Z,10.525,72.775,0.0
2010-12-14T12:00:00Z,10.475,72.425,0.0
2010-12-14T12:00:00Z,10.475,72.475,0.0
2010-12-14T12:00:00Z,10.475,72.525,0.0
2010-12-14T12:00:00Z,10.475,72.575,0.0
2010-12-14T12:00:00Z,10.475,72.625,0.0
2010-12-14T12:00:00Z,10.475,72.675,0.0
2010-12-14T12:00:00Z,10.475,72.725,0.0
2010-12-14T12:00:00Z,10.475,72.775,0.0
2010-12-14T12:00:00Z,10.425,72.425,0.0
2010-12-14T12:00:00Z,10.425,72.475,0.0
2010-12-14T12:00:00Z,10.425,72.525,0.0
2010-12-14T12:00:00Z,10.425,72.575,0.0
2010-12-14T12:00:00Z,10.425,72.625,0.0
2010-12-14T12:00:00Z,10.425,72.675,0.0
2010-12-14T12:00:00Z,10.425,72.725,0.0
2010-12-14T12:00:00Z,10.425,72.775,0.0
2010-12-14T12:00:00Z,10.375,72.425,0.0
2010-12-14T12:00:00Z,10.375,72.475,0.0
2010-12-14T12:00:00Z,10.375,72.525,0.0
2010-12-14T12:00:00Z,10.375,72.575,0.0
2010-12-14T12:00:00Z,10.375,72.625,0.0
2010-12-14T12:00:00Z,10.375,72.675,0.0
2010-12-14T12:00:00Z,10.375,72.725,0.0
2010-12-14T12:00:00Z,10.375,72.775,0.0
2011-01-13T12:00:00Z,10.625,72.425,0.0
2011-01-13T12:00:00Z,10.625,72.475,0.0
2011-01-13T12:00:00Z,10.625,72.525,0.0
2011-01-13T12:00:00Z,10.625,72.575,0.0
2011-01-13T12:00:00Z,10.625,72.625,0.0
2011-01-13T12:00:00Z,10.625,72.675,0.0
2011-01-13T12:00:00Z,10.625,72.725,0.0
2011-01-13T12:00:00Z,10.625,72.775,0.0
2011-01-13T12:00:00Z,10.575,72.425,0.0
2011-01-13T12:00:00Z,10.575,72.475,0.0
2011-01-13T12:00:00Z,10.575,72.525,0.0
2011-01-13T12:00:00Z,10.575,72.575,0.0
2011-01-13T12:00:00Z,10.575,72.625,0.0
2011-01-13T12:00:00Z,10.575,72.675,0.0
2011-01-13T12:00:00Z,10.575,72.725,0.0
2011-01-13T12:00:00Z,10.575,72.775,0.0
2011-01-13T12:00:00Z,10.525,72.425,0.0
2011-01-13T12:00:00Z,10.525,72.475,0.0
2011-01-13T12:00:00Z,10.525,72.525,0.0
2011-01-13T12:00:00Z,10.525,72.575,0.0
2011-01-13T12:00:00Z,10.525,72.625,0.0
2011-01-13T12:00:00Z,10.525,72.675,0.0
2011-01-13T12:00:00Z,10.525,72.725,0.0
2011-01-13T12:00:00Z,10.525,72.775,0.0
2011-01-13T12:00:00Z,10.475,72.425,0.0
2011-01-13T12:00:00Z,10.475,72.475,0.0
2011-01-13T12:00:00Z,10.475,72.525,0.0
2011-01-13T12:00:00Z,10.475,72.575,0.0
2011-01-13T12:00:00Z,10.475,72.625,0.0
2011-01-13T12:00:00Z,10.475,72.675,0.0
2011-01-13T12:00:00Z,10.475,72.725,0.0
2011-01-13T12:00:00Z,10.475,72.775,0.0
2011-01-13T12:00:00Z,10.425,72.425,0.0
2011-01-13T12:00:00Z,10.425,72.475,0.0
2011-01-13T12:00:00Z,10.425,72.525,0.0
2011-01-13T12:00:00Z,10.425,72.575,0.0
2011-01-13T12:00:00Z,10.425,72.625,0.0
2011-01-13T12:00:00Z,10.425,72.675,0.0
2011-01-13T12:00:00Z,10.425,72.725,0.0
2011-01-13T12:00:00Z,10.425,72.775,0.0
2011-01-13T12:00:00Z,10.375,72.425,0.0
2011-01-13T12:00:00Z,10.375,72.475,0.0
2011-01-13T12:00:00Z,10.375,72.525,0.0
2011-01-13T12:00:00Z,10.375,72.575,0.0
2011-01-13T12:00:00Z,10.375,72.625,0.0
2011-01-13T12:00:00Z,10.375,72.675,0.0
2011-01-13T12:00:00Z,10.375,72.725,0.0
2011-01-13T12:00:00Z,10.375,72.775,0.0
2011-02-12T12:00:00Z,10.625,72.425,0.0
2011-02-12T12:00:00Z,10.625,72.475,0.0
2011-02-12T12:00:00Z,10.625,72.525,0.0
2011-02-12T12:00:00Z,10.625,72.575,0.0
2011-02-12T12:00:00Z,10.625,72.625,0.0
2011-02-12T12:00:00Z,10.625,72.675,0.0
2011-02-12T12:00:00Z,10.625,72.725,0.0
2011-02-12T12:00:00Z,10.625,72.775,0.0
2011-02-12T12:00:00Z,10.575,72.425,0.0
2011-02-12T12:00:00Z,10.575,72.475,0.0
2011-02-12T12:00:00Z,10.575,72.525,0.0
2011-02-12T12:00:00Z,10.575,72.575,0.0
2011-02-12T12:00:00Z,10.575,72.625,0.0
2011-02-12T12:00:00Z,10.575,72.675,0.0
2011-02-12T12:00:00Z,10.575,72.725,0.0
2011-02-12T12:00:00Z,10.575,72.775,0.0
2011-02-12T12:00:00Z,10.525,72.425,0.0
2011-02-12T12:00:00Z,10.525,72.475,0.0
2011-02-12T12:00:00Z,10.525,72.525,0.0
2011-02-12T12:00:00Z,10.525,72.575,0.0
2011-02-12T12:00:00Z,10.525,72.625,0.0
2011-02-12T12:00:00Z,10.525,72.675,0.0
2011-02-12T12:00:00Z,10.525,72.725,0.0
2011-02-12T12:00:00Z,10.525,72.775,0.0
2011-02-12T12:00:00Z,10.475,72.425,0.0
2011-02-12T12:00:00Z,10.475,72.475,0.0
2011-02-12T12:00:00Z,10.475,72.525,0.0
2011-02-12T12:00:00Z,10.475,72.575,0.0
2011-02-12T12:00:00Z,10.475,72.625,0.0
2011-02-12T12:00:00Z,10.475,72.675,0.0
2011-02-12T12:00:00Z,10.475,72.725,0.0
2011-02-12T12:00:00Z,10.475,72.775,0.0
2011-02-12T12:00:00Z,10.425,72.425,0.0
2011-02-12T12:00:00Z,10.425,72.475,0.0
2011-02-12T12:00:00Z,10.425,72.525,0.0
2011-02-12T12:00:00Z,10.425,72.575,0.0
2011-02-12T12:00:00Z,10.425,72.625,0.0
2011-02-12T12:00:00Z,10.425,72.675,0.0
2011-02-12T12:00:00Z,10.425,72.725,0.0
2011-02-12T12:00:00Z,10.425,72.775,0.0
2011-02-12T12:00:00Z,10.375,72.425,0.0
2011-02-12T12:00:00Z,10.375,72.475,0.0
2011-02-12T12:00:00Z,10.375,72.525,0.0
2011-02-12T12:00:00Z,10.375,72.575,0.0
2011-02-12T12:00:00Z,10.375,72.625,0.0
2011-02-12T12:00:00Z,10.375,72.675,0.0
2011-02-12T12:00:00Z,10.375,72.725,0.0
2011-02-12T12:00:00Z,10.375,72.775,0.0
2011-03-14T12:00:00Z,10.625,72.425,0.0
2011-03-14T12:00:00Z,10.625,72.475,0.0
2011-03-14T12:00:00Z,10.625,72.525,0.0
2011-03-14T12:00:00Z,10.625,72.575,0.0
2011-03-14T12:00:00Z,10.625,72.625,0.0
2011-03-14T12:00:00Z,10.625,72.675,0.0
2011-03-14T12:00:00Z,10.625,72.725,0.0
2011-03-14T12:00:00Z,10.625,72.775,0.0
2011-03-14T12:00:00Z,10.575,72.425,0.0
2011-03-14T12:00:00Z,10.575,72.475,0.0
2011-03-14T12:00:00Z,10.575,72.525,0.0
2011-03-14T12:00:00Z,10.575,72.575,0.0
2011-03-14T12:00:00Z,10.575,72.625,0.0
2011-03-14T12:00:00Z,10.575,72.675,0.0
2011-03-14T12:00:00Z,10.575,72.725,0.0
2011-03-14T12:00:00Z,10.575,72.775,0.0
2011-03-14T12:00:00Z,10.525,72.425,0.0
2011-03-14T12:00:00Z,10.525,72.475,0.0
2011-03-14T12:00:00Z,10.525,72.525,0.0
2011-03-14T12:00:00Z,10.525,72.575,0.0
2011-03-14T12:00:00Z,10.525,72.625,0.0
2011-03-14T12:00:00Z,10.525,72.675,0.0
2011-03-14T12:00:00Z,10.525,72.725,0.0
2011-03-14T12:00:00Z,10.525,72.775,0.0
2011-03-14T12:00:00Z,10.475,72.425,0.0
2011-03-14T12:00:00Z,10.475,72.475,0.0
2011-03-14T12:00:00Z,10.475,72.525,0.0
2011-03-14T12:00:00Z,10.475,72.575,0.0
2011-03-14T12:00:00Z,10.475,72.625,0.0
2011-03-14T12:00:00Z,10.475,72.675,0.0
2011-03-14T12:00:00Z,10.475,72.725,0.0
2011-03-14T12:00:00Z,10.475,72.775,0.0
2011-03-14T12:00:00Z,10.425,72.425,0.0
2011-03-14T12:00:00Z,10.425,72.475,0.0
2011-03-14T12:00:00Z,10.425,72.525,0.0
2011-03-14T12:00:00Z,10.425,72.575,0.0
2011-03-14T12:00:00Z,10.425,72.625,0.0
2011-03-14T12:00:00Z,10.425,72.675,0.0
2011-03-14T12:00:00Z,10.425,72.725,0.0
2011-03-14T12:00:00Z,10.425,72.775,0.0
2011-03-14T12:00:00Z,10.375,72.425,0.0
2011-03-14T12:00:00Z,10.375,72.475,0.0
2011-03-14T12:00:00Z,10.375,72.525,0.0
2011-03-14T12:00:00Z,10.375,72.575,0.0
2011-03-14T12:00:00Z,10.375,72.625,0.0
2011-03-14T12:00:00Z,10.375,72.675,0.0
2011-03-14T12:00:00Z,10.375,72.725,0.0
2011-03-14T12:00:00Z,10.375,72.775,0.0
2011-04-13T12:00:00Z,10.625,72.425,0.0
2011-04-13T12:00:00Z,10.625,72.475,0.0
2011-04-13T12:00:00Z,10.625,72.525,0.0
2011-04-13T12:00:00Z,10.625,72.575,0.0
2011-04-13T12:00:00Z,10.625,72.625,0.0
2011-04-13T12:00:00Z,10.625,72.675,0.0
2011-04-13T12:00:00Z,10.625,72.725,0.0
2011-04-13T12:00:00Z,10.625,72.775,0.0
2011-04-13T12:00:00Z,10.575,72.425,0.0
2011-04-13T12:00:00Z,10.575,72.475,0.0
2011-04-13T12:00:00Z,10.575,72.525,0.0
2011-04-13T12:00:00Z,10.575,72.575,0.0
2011-04-13T12:00:00Z,10.575,72.625,0.0
2011-04-13T12:00:00Z,10.575,72.675,0.0
2011-04-13T12:00:00Z,10.575,72.725,0.0
2011-04-13T12:00:00Z,10.575,72.775,0.0
2011-04-13T12:00:00Z,10.525,72.425,0.0
2011-04-13T12:00:00Z,10.525,72.475,0.0
2011-04-13T12:00:00Z,10.525,72.525,0.0
2011-04-13T12:00:00Z,10.525,72.575,0.0
2011-04-13T12:00:00Z,10.525,72.625,0.0
2011-04-13T12:00:00Z,10.525,72.675,0.0
2011-04-13T12:00:00Z,10.525,72.725,0.0
2011-04-13T12:00:00Z,10.525,72.775,0.0
2011-04-13T12:00:00Z,10.475,72.425,0.0
2011-04-13T12:00:00Z,10.475,72.475,0.0
2011-04-13T12:00:00Z,10.475,72.525,0.0
2011-04-13T12:00:00Z,10.475,72.575,0.0
2011-04-13T12:00:00Z,10.475,72.625,0.0
2011-04-13T12:00:00Z,10.475,72.675,0.0
2011-04-13T12:00:00Z,10.475,72.725,0.0
2011-04-13T12:00:00Z,10.475,72.775,0.0
2011-04-13T12:00:00Z,10.425,72.425,0.0
2011-04-13T12:00:00Z,10.425,72.475,0.0
2011-04-13T12:00:00Z,10.425,72.525,0.0
2011-04-13T12:00:00Z,10.425,72.575,0.0
2011-04-13T12:00:00Z,10.425,72.625,0.0
2011-04-13T12:00:00Z,10.425,72.675,0.0
2011-04-13T12:00:00Z,10.425,72.725,0.0
2011-04-13T12:00:00Z,10.425,72.775,0.0
2011-04-13T12:00:00Z,10.375,72.425,0.0
2011-04-13T12:00:00Z,10.375,72.475,0.0
2011-04-13T12:00:00Z,10.375,72.525,0.0
2011-04-13T12:00:00Z,10.375,72.575,0.0
2011-04-13T12:00:00Z,10.375,72.625,0.0
2011-04-13T12:00:00Z,10.375,72.675,0.0
2011-04-13T12:00:00Z,10.375,72.725,0.0
2011-04-13T12:00:00Z,10.375,72.775,0.0
2011-05-13T12:00:00Z,10.625,72.425,0.0
2011-05-13T12:00:00Z,10.625,72.475,0.0
2011-05-13T12:00:00Z,10.625,72.525,0.0
2011-05-13T12:00:00Z,10.625,72.575,0.0
2011-05-13T12:00:00Z,10.625,72.625,0.0
2011-05-13T12:00:00Z,10.625,72.675,0.0
2011-05-13T12:00:00Z,10.625,72.725,0.0
2011-05-13T12:00:00Z,10.625,72.775,0.0
2011-05-13T12:00:00Z,10.575,72.425,0.0
2011-05-13T12:00:00Z,10.575,72.475,0.0
2011-05-13T12:00:00Z,10.575,72.525,0.0
2011-05-13T12:00:00Z,10.575,72.575,0.0
2011-05-13T12:00:00Z,10.575,72.625,0.0
2011-05-13T12:00:00Z,10.575,72.675,0.0
2011-05-13T12:00:00Z,10.575,72.725,0.0
2011-05-13T12:00:00Z,10.575,72.775,0.0
2011-05-13T12:00:00Z,10.525,72.425,0.0
2011-05-13T12:00:00Z,10.525,72.475,0.0
2011-05-13T12:00:00Z,10.525,72.525,0.0
2011-05-13T12:00:00Z,10.525,72.575,0.0
2011-05-13T12:00:00Z,10.525,72.625,0.0
2011-05-13T12:00:00Z,10.525,72.675,0.0
2011-05-13T12:00:00Z,10.525,72.725,0.0
2011-05-13T12:00:00Z,10.525,72.775,0.0
2011-05-13T12:00:00Z,10.475,72.425,0.0
2011-05-13T12:00:00Z,10.475,72.475,0.0
2011-05-13T12:00:00Z,10.475,72.525,0.0
2011-05-13T12:00:00Z,10.475,72.575,0.0
2011-05-13T12:00:00Z,10.475,72.625,0.0
2011-05-13T12:00:00Z,10.475,72.675,0.0
2011-05-13T12:00:00Z,10.475,72.725,0.0
2011-05-13T12:00:00Z,10.475,72.775,0.0
2011-05-13T12:00:00Z,10.425,72.425,0.0
2011-05-13T12:00:00Z,10.425,72.475,0.0
2011-05-13T12:00:00Z,10.425,72.525,0.0
2011-05-13T12:00:00Z,10.425,72.575,0.0
2011-05-13T12:00:00Z,10.425,72.625,0.0
2011-05-13T12:00:00Z,10.425,72.675,0.0
2011-05-13T12:00:00Z,10.425,72.725,0.0
2011-05-13T12:00:00Z,10.425,72.775,0.0
2011-05-13T12:00:00Z,10.375,72.425,0.0
2011-05-13T12:00:00Z,10.375,72.475,0.0
2011-05-13T12:00:00Z,10.375,72.525,0.0
2011-05-13T12:00:00Z,10.375,72.575,0.0
2011-05-13T12:00:00Z,10.375,72.625,0.0
2011-05-13T12:00:00Z,10.375,72.675,0.0
2011-05-13T12:00:00Z,10.375,72.725,0.0
2011-05-13T12:00:00Z,10.375,72.775,0.0
2011-06-12T12:00:00Z,10.625,72.425,0.0
2011-06-12T12:00:00Z,10.625,72.475,0.0
2011-06-12T12:00:00Z,10.625,72.525,0.0
2011-06-12T12:00:00Z,10.625,72.575,0.0
2011-06-12T12:00:00Z,10.625,72.625,0.0
2011-06-12T12:00:00Z,10.625,72.675,0.0
2011-06-12T12:00:00Z,10.625,72.725,0.0
2011-06-12T12:00:00Z,10.625,72.775,0.0
2011-06-12T12:00:00Z,10.575,72.425,0.0
2011-06-12T12:00:00Z,10.575,72.475,0.0
2011-06-12T12:00:00Z,10.575,72.525,0.0
2011-06-12T12:00:00Z,10.575,72.575,0.0
2011-06-12T12:00:00Z,10.575,72.625,0.0
2011-06-12T12:00:00Z,10.575,72.675,0.0
2011-06-12T12:00:00Z,10.575,72.725,0.0
2011-06-12T12:00:00Z,10.575,72.775,0.0
2011-06-12T12:00:00Z,10.525,72.425,0.0
2011-06-12T12:00:00Z,10.525,72.475,0.0
2011-06-12T12:00:00Z,10.525,72.525,0.0
2011-06-12T12:00:00Z,10.525,72.575,0.0
2011-06-12T12:00:00Z,10.525,72.625,0.0
2011-06-12T12:00:00Z,10.525,72.675,0.0
2011-06-12T12:00:00Z,10.525,72.725,0.0
2011-06-12T12:00:00Z,10.525,72.775,0.0
2011-06-12T12:00:00Z,10.475,72.425,0.0
2011-06-12T12:00:00Z,10.475,72.475,0.0
2011-06-12T12:00:00Z,10.475,72.525,0.0
2011-06-12T12:00:00Z,10.475,72.575,0.0
2011-06-12T12:00:00Z,10.475,72.625,0.0
2011-06-12T12:00:00Z,10.475,72.675,0.0
2011-06-12T12:00:00Z,10.475,72.725,0.0
2011-06-12T12:00:00Z,10.475,72.775,0.0
2011-06-12T12:00:00Z,10.425,72.425,0.0
2011-06-12T12:00:00Z,10.425,72.475,0.0
2011-06-12T12:00:00Z,10.425,72.525,0.0
2011-06-12T12:00:00Z,10.425,72.575,0.0
2011-06-12T12:00:00Z,10.425,72.625,0.0
2011-06-12T12:00:00Z,10.425,72.675,0.0
2011-06-12T12:00:00Z,10.425,72.725,0.0
2011-06-12T12:00:00Z,10.425,72.775,0.0
2011-06-12T12:00:00Z,10.375,72.425,0.0
2011-06-12T12:00:00Z,10.375,72.475,0.0
2011-06-12T12:00:00Z,10.375,72.525,0.0
2011-06-12T12:00:00Z,10.375,72.575,0.0
2011-06-12T12:00:00Z,10.375,72.625,0.0
2011-06-12T12:00:00Z,10.375,72.675,0.0
2011-06-12T12:00:00Z,10.375,72.725,0.0
2011-06-12T12:00:00Z,10.375,72.775,0.0
2011-07-12T12:00:00Z,10.625,72.425,0.0
2011-07-12T12:00:00Z,10.625,72.475,0.0
2011-07-12T12:00:00Z,10.625,72.525,0.0
2011-07-12T12:00:00Z,10.625,72.575,0.0
2011-07-12T12:00:00Z,10.625,72.625,0.0
2011-07-12T12:00:00Z,10.625,72.675,0.0
2011-07-12T12:00:00Z,10.625,72.725,0.0
2011-07-12T12:00:00Z,10.625,72.775,0.0
2011-07-12T12:00:00Z,10.575,72.425,0.0
2011-07-12T12:00:00Z,10.575,72.475,0.0
2011-07-12T12:00:00Z,10.575,72.525,0.0
2011-07-12T12:00:00Z,10.575,72.575,0.0
2011-07-12T12:00:00Z,10.575,72.625,0.0
2011-07-12T12:00:00Z,10.575,72.675,0.0
2011-07-12T12:00:00Z,10.575,72.725,0.0
2011-07-12T12:00:00Z,10.575,72.775,0.0
2011-07-12T12:00:00Z,10.525,72.425,0.0
2011-07-12T12:00:00Z,10.525,72.475,0.0
2011-07-12T12:00:00Z,10.525,72.525,0.0
2011-07-12T12:00:00Z,10.525,72.575,0.0
2011-07-12T12:00:00Z,10.525,72.625,0.0
2011-07-12T12:00:00Z,10.525,72.675,0.0
2011-07-12T12:00:00Z,10.525,72.725,0.0
2011-07-12T12:00:00Z,10.525,72.775,0.0
2011-07-12T12:00:00Z,10.475,72.425,0.0
2011-07-12T12:00:00Z,10.475,72.475,0.0
2011-07-12T12:00:00Z,10.475,72.525,0.0
2011-07-12T12:00:00Z,10.475,72.575,0.0
2011-07-12T12:00:00Z,10.475,72.625,0.0
2011-07-12T12:00:00Z,10.475,72.675,0.0
2011-07-12T12:00:00Z,10.475,72.725,0.0
2011-07-12T12:00:00Z,10.475,72.775,0.0
2011-07-12T12:00:00Z,10.425,72.425,0.0
2011-07-12T12:00:00Z,10.425,72.475,0.0
2011-07-12T12:00:00Z,10.425,72.525,0.0
2011-07-12T12:00:00Z,10.425,72.575,0.0
2011-07-12T12:00:00Z,10.425,72.625,0.0
2011-07-12T12:00:00Z,10.425,72.675,0.0
2011-07-12T12:00:00Z,10.425,72.725,0.0
2011-07-12T12:00:00Z,10.425,72.775,0.0
2011-07-12T12:00:00Z,10.375,72.425,0.0
2011-07-12T12:00:00Z,10.375,72.475,0.0
2011-07-12T12:00:00Z,10.375,72.525,0.0
2011-07-12T12:00:00Z,10.375,72.575,0.0
2011-07-12T12:00:00Z,10.375,72.625,0.0
2011-07-12T12:00:00Z,10.375,72.675,0.0
2011-07-12T12:00:00Z,10.375,72.725,0.0
2011-07-12T12:00:00Z,10.375,72.775,0.0
2011-08-11T12:00:00Z,10.625,72.425,0.0
2011-08-11T12:00:00Z,10.625,72.475,0.0
2011-08-11T12:00:00Z,10.625,72.525,0.0
2011-08-11T12:00:00Z,10.625,72.575,0.0
2011-08-11T12:00:00Z,10.625,72.625,0.0
2011-08-11T12:00:00Z,10.625,72.675,0.0
2011-08-11T12:00:00Z,10.625,72.725,0.0
2011-08-11T12:00:00Z,10.625,72.775,0.0
2011-08-11T12:00:00Z,10.575,72.425,0.0
2011-08-11T12:00:00Z,10.575,72.475,0.0
2011-08-11T12:00:00Z,10.575,72.525,0.0
2011-08-11T12:00:00Z,10.575,72.575,0.0
2011-08-11T12:00:00Z,10.575,72.625,0.0
2011-08-11T12:00:00Z,10.575,72.675,0.0
2011-08-11T12:00:00Z,10.575,72.725,0.0
2011-08-11T12:00:00Z,10.575,72.775,0.0
2011-08-11T12:00:00Z,10.525,72.425,0.0
2011-08-11T12:00:00Z,10.525,72.475,0.0
2011-08-11T12:00:00Z,10.525,72.525,0.0
2011-08-11T12:00:00Z,10.525,72.575,0.0
2011-08-11T12:00:00Z,10.525,72.625,0.0
2011-08-11T12:00:00Z,10.525,72.675,0.0
2011-08-11T12:00:00Z,10.525,72.725,0.0
2011-08-11T12:00:00Z,10.525,72.775,0.0
2011-08-11T12:00:00Z,10.475,72.425,0.0
2011-08-11T12:00:00Z,10.475,72.475,0.0
2011-08-11T12:00:00Z,10.475,72.525,0.0
2011-08-11T12:00:00Z,10.475,72.575,0.0
2011-08-11T12:00:00Z,10.475,72.625,0.0
2011-08-11T12:00:00Z,10.475,72.675,0.0
2011-08-11T12:00:00Z,10.475,72.725,0.0
2011-08-11T12:00:00Z,10.475,72.775,0.0
2011-08-11T12:00:00Z,10.425,72.425,0.0
2011-08-11T12:00:00Z,10.425,72.475,0.0
2011-08-11T12:00:00Z,10.425,72.525,0.0
2011-08-11T12:00:00Z,10.425,72.575,0.0
2011-08-11T12:00:00Z,10.425,72.625,0.0
2011-08-11T12:00:00Z,10.425,72.675,0.0
2011-08-11T12:00:00Z,10.425,72.725,0.0
2011-08-11T12:00:00Z,10.425,72.775,0.0
2011-08-11T12:00:00Z,10.375,72.425,0.0
2011-08-11T12:00:00Z,10.375,72.475,0.0
2011-08-11T12:00:00Z,10.375,72.525,0.0
2011-08-11T12:00:00Z,10.375,72.575,0.0
2011-08-11T12:00:00Z,10.375,72.625,0.0
2011-08-11T12:00:00Z,10.375,72.675,0.0
2011-08-11T12:00:00Z,10.375,72.725,0.0
2011-08-11T12:00:00Z,10.375,72.775,0.0
2011-09-10T12:00:00Z,10.625,72.425,0.0
2011-09-10T12:00:00Z,10.625,72.475,0.0
2011-09-10T12:00:00Z,10.625,72.525,0.0
2011-09-10T12:00:00Z,10.625,72.575,0.0
2011-09-10T12:00:00Z,10.625,72.625,0.0
2011-09-10T12:00:00Z,10.625,72.675,0.0
2011-09-10T12:00:00Z,10.625,72.725,0.0
2011-09-10T12:00:00Z,10.625,72.775,0.0
2011-09-10T12:00:00Z,10.575,72.425,0.0
2011-09-10T12:00:00Z,10.575,72.475,0.0
2011-09-10T12:00:00Z,10.575,72.525,0.0
2011-09-10T12:00:00Z,10.575,72.575,0.0
2011-09-10T12:00:00Z,10.575,72.625,0.0
2011-09-10T12:00:00Z,10.575,72.675,0.0
2011-09-10T12:00:00Z,10.575,72.725,0.0
2011-09-10T12:00:00Z,10.575,72.775,0.0
2011-09-10T12:00:00Z,10.525,72.425,0.0
2011-09-10T12:00:00Z,10.525,72.475,0.0
2011-09-10T12:00:00Z,10.525,72.525,0.0
2011-09-10T12:00:00Z,10.525,72.575,0.0
2011-09-10T12:00:00Z,10.525,72.625,0.0
2011-09-10T12:00:00Z,10.525,72.675,0.0
2011-09-10T12:00:00Z,10.525,72.725,0.0
2011-09-10T12:00:00Z,10.525,72.775,0.0
2011-09-10T12:00:00Z,10.475,72.425,0.0
2011-09-10T12:00:00Z,10.475,72.475,0.0
2011-09-10T12:00:00Z,10.475,72.525,0.0
2011-09-10T12:00:00Z,10.475,72.575,0.0
2011-09-10T12:00:00Z,10.475,72.625,0.0
2011-09-10T12:00:00Z,10.475,72.675,0.0
2011-09-10T12:00:00Z,10.475,72.725,0.0
2011-09-10T12:00:00Z,10.475,72.775,0.0
2011-09-10T12:00:00Z,10.425,72.425,0.0
2011-09-10T12:00:00Z,10.425,72.475,0.0
2011-09-10T12:00:00Z,10.425,72.525,0.0
2011-09-10T12:00:00Z,10.425,72.575,0.0
2011-09-10T12:00:00Z,10.425,72.625,0.0
2011-09-10T12:00:00Z,10.425,72.675,0.0
2011-09-10T12:00:00Z,10.425,72.725,0.0
2011-09-10T12:00:00Z,10.425,72.775,0.0
2011-09-10T12:00:00Z,10.375,72.425,0.0
2011-09-10T12:00:00Z,10.375,72.475,0.0
2011-09-10T12:00:00Z,10.375,72.525,0.0
2011-09-10T12:00:00Z,10.375,72.575,0.0
2011-09-10T12:00:00Z,10.375,72.625,0.0
2011-09-10T12:00:00Z,10.375,72.675,0.0
2011-09-10T12:00:00Z,10.375,72.725,0.0
2011-09-10T12:00:00Z,10.375,72.775,0.0
2011-10-10T12:00:00Z,10.625,72.425,0.0
2011-10-10T12:00:00Z,10.625,72.475,0.0
2011-10-10T12:00:00Z,10.625,72.525,0.0
2011-10-10T12:00:00Z,10.625,72.575,0.0
2011-10-10T12:00:00Z,10.625,72.625,0.0
2011-10-10T12:00:00Z,10.625,72.675,0.0
2011-10-10T12:00:00Z,10.625,72.725,0.0
2011-10-10T12:00:00Z,10.625,72.775,0.0
2011-10-10T12:00:00Z,10.575,72.425,0.0
2011-10-10T12:00:00Z,10.575,72.475,0.0
2011-10-10T12:00:00Z,10.575,72.525,0.0
2011-10-10T12:00:00Z,10.575,72.575,0.0
2011-10-10T12:00:00Z,10.575,72.625,0.0
2011-10-10T12:00:00Z,10.575,72.675,0.0
2011-10-10T12:00:00Z,10.575,72.725,0.0
2011-10-10T12:00:00Z,10.575,72.775,0.0
2011-10-10T12:00:00Z,10.525,72.425,0.0
2011-10-10T12:00:00Z,10.525,72.475,0.0
2011-10-10T12:00:00Z,10.525,72.525,0.0
2011-10-10T12:00:00Z,10.525,72.575,0.0
2011-10-10T12:00:00Z,10.525,72.625,0.0
2011-10-10T12:00:00Z,10.525,72.675,0.0
2011-10-10T12:00:00Z,10.525,72.725,0.0
2011-10-10T12:00:00Z,10.525,72.775,0.0
2011-10-10T12:00:00Z,10.475,72.425,0.0
2011-10-10T12:00:00Z,10.475,72.475,0.0
2011-10-10T12:00:00Z,10.475,72.525,0.0
2011-10-10T12:00:00Z,10.475,72.575,0.0
2011-10-10T12:00:00Z,10.475,72.625,0.0
2011-10-10T12:00:00Z,10.475,72.675,0.0
2011-10-10T12:00:00Z,10.475,72.725,0.0
2011-10-10T12:00:00Z,10.475,72.775,0.0
2011-10-10T12:00:00Z,10.425,72.425,0.0
2011-10-10T12:00:00Z,10.425,72.475,0.0
2011-10-10T12:00:00Z,10.425,72.525,0.0
2011-10-10T12:00:00Z,10.425,72.575,0.0
2011-10-10T12:00:00Z,10.425,72.625,0.0
2011-10-10T12:00:00Z,10.425,72.675,0.0
2011-10-10T12:00:00Z,10.425,72.725,0.0
2011-10-10T12:00:00Z,10.425,72.775,0.0
2011-10-10T12:00:00Z,10.375,72.425,0.0
2011-10-10T12:00:00Z,10.375,72.475,0.0
2011-10-10T12:00:00Z,10.375,72.525,0.0
2011-10-10T12:00:00Z,10.375,72.575,0.0
2011-10-10T12:00:00Z,10.375,72.625,0.0
2011-10-10T12:00:00Z,10.375,72.675,0.0
2011-10-10T12:00:00Z,10.375,72.725,0.0
2011-10-10T12:00:00Z,10.375,72.775,0.0
2011-11-09T12:00:00Z,10.625,72.425,0.0
2011-11-09T12:00:00Z,10.625,72.475,0.0
2011-11-09T12:00:00Z,10.625,72.525,0.0
2011-11-09T12:00:00Z,10.625,72.575,0.0
2011-11-09T12:00:00Z,10.625,72.625,0.0
2011-11-09T12:00:00Z,10.625,72.675,0.0
2011-11-09T12:00:00Z,10.625,72.725,0.0
2011-11-09T12:00:00Z,10.625,72.775,0.0
2011-11-09T12:00:00Z,10.575,72.425,0.0
2011-11-09T12:00:00Z,10.575,72.475,0.0
2011-11-09T12:00:00Z,10.575,72.525,0.0
2011-11-09T12:00:00Z,10.575,72.575,0.0
2011-11-09T12:00:00Z,10.575,72.625,0.0
2011-11-09T12:00:00Z,10.575,72.675,0.0
2011-11-09T12:00:00Z,10.575,72.725,0.0
2011-11-09T12:00:00Z,10.575,72.775,0.0
2011-11-09T12:00:00Z,10.525,72.425,0.0
2011-11-09T12:00:00Z,10.525,72.475,0.0
2011-11-09T12:00:00Z,10.525,72.525,0.0
2011-11-09T12:00:00Z,10.525,72.575,0.0
2011-11-09T12:00:00Z,10.525,72.625,0.0
2011-11-09T12:00:00Z,10.525,72.675,0.0
2011-11-09T12:00:00Z,10.525,72.725,0.0
2011-11-09T12:00:00Z,10.525,72.775,0.0
2011-11-09T12:00:00Z,10.475,72.425,0.0
2011-11-09T12:00:00Z,10.475,72.475,0.0
2011-11-09T12:00:00Z,10.475,72.525,0.0
2011-11-09T12:00:00Z,10.475,72.575,0.0
2011-11-09T12:00:00Z,10.475,72.625,0.0
2011-11-09T12:00:00Z,10.475,72.675,0.0
2011-11-09T12:00:00Z,10.475,72.725,0.0
2011-11-09T12:00:00Z,10.475,72.775,0.0
2011-11-09T12:00:00Z,10.425,72.425,0.0
2011-11-09T12:00:00Z,10.425,72.475,0.0
2011-11-09T12:00:00Z,10.425,72.525,0.0
2011-11-09T12:00:00Z,10.425,72.575,0.0
2011-11-09T12:00:00Z,10.425,72.625,0.0
2011-11-09T12:00:00Z,10.425,72.675,0.0
2011-11-09T12:00:00Z,10.425,72.725,0.0
2011-11-09T12:00:00Z,10.425,72.775,0.0
2011-11-09T12:00:00Z,10.375,72.425,0.0
2011-11-09T12:00:00Z,10.375,72.475,0.0
2011-11-09T12:00:00Z,10.375,72.525,0.0
2011-11-09T12:00:00Z,10.375,72.575,0.0
2011-11-09T12:00:00Z,10.375,72.625,0.0
2011-11-09T12:00:00Z,10.375,72.675,0.0
2011-11-09T12:00:00Z,10.375,72.725,0.0
2011-11-09T12:00:00Z,10.375,72.775,0.0
2011-12-09T12:00:00Z,10.625,72.425,0.0
2011-12-09T12:00:00Z,10.625,72.475,0.0
2011-12-09T12:00:00Z,10.625,72.525,0.0
2011-12-09T12:00:00Z,10.625,72.575,0.0
2011-12-09T12:00:00Z,10.625,72.625,0.0
2011-12-09T12:00:00Z,10.625,72.675,0.0
2011-12-09T12:00:00Z,10.625,72.725,0.0
2011-12-09T12:00:00Z,10.625,72.775,0.0
2011-12-09T12:00:00Z,10.575,72.425,0.0
2011-12-09T12:00:00Z,10.575,72.475,0.0
2011-12-09T12:00:00Z,10.575,72.525,0.0
2011-12-09T12:00:00Z,10.575,72.575,0.0
2011-12-09T12:00:00Z,10.575,72.625,0.0
2011-12-09T12:00:00Z,10.575,72.675,0.0
2011-12-09T12:00:00Z,10.575,72.725,0.0
2011-12-09T12:00:00Z,10.575,72.775,0.0
2011-12-09T12:00:00Z,10.525,72.425,0.0
2011-12-09T12:00:00Z,10.525,72.475,0.0
2011-12-09T12:00:00Z,10.525,72.525,0.0
2011-12-09T12:00:00Z,10.525,72.575,0.0
2011-12-09T12:00:00Z,10.525,72.625,0.0
2011-12-09T12:00:00Z,10.525,72.675,0.0
2011-12-09T12:00:00Z,10.525,72.725,0.0
2011-12-09T12:00:00Z,10.525,72.775,0.0
2011-12-09T12:00:00Z,10.475,72.425,0.0
2011-12-09T12:00:00Z,10.475,72.475,0.0
2011-12-09T12:00:00Z,10.475,72.525,0.0
2011-12-09T12:00:00Z,10.475,72.575,0.0
2011-12-09T12:00:00Z,10.475,72.625,0.0
2011-12-09T12:00:00Z,10.475,72.675,0.0
2011-12-09T12:00:00Z,10.475,72.725,0.0
2011-12-09T12:00:00Z,10.475,72.775,0.0
2011-12-09T12:00:00Z,10.425,72.425,0.0
2011-12-09T12:00:00Z,10.425,72.475,0.0
2011-12-09T12:00:00Z,10.425,72.525,0.0
2011-12-09T12:00:00Z,10.425,72.575,0.0
2011-12-09T12:00:00Z,10.425,72.625,0.0
2011-12-09T12:00:00Z,10.425,72.675,0.0
2011-12-09T12:00:00Z,10.425,72.725,0.0
2011-12-09T12:00:00Z,10.425,72.775,0.0
2011-12-09T12:00:00Z,10.375,72.425,0.0
2011-12-09T12:00:00Z,10.375,72.475,0.0
2011-12-09T12:00:00Z,10.375,72.525,0.0
2011-12-09T12:00:00Z,10.375,72.575,0.0
2011-12-09T12:00:00Z,10.375,72.625,0.0
2011-12-09T12:00:00Z,10.375,72.675,0.0
2011-12-09T12:00:00Z,10.375,72.725,0.0
2011-12-09T12:00:00Z,10.375,72.775,0.0
2012-01-08T12:00:00Z,10.625,72.425,0.0
2012-01-08T12:00:00Z,10.625,72.475,0.0
2012-01-08T12:00:00Z,10.625,72.525,0.0
2012-01-08T12:00:00Z,10.625,72.575,0.0
2012-01-08T12:00:00Z,10.625,72.625,0.0
2012-01-08T12:00:00Z,10.625,72.675,0.0
2012-01-08T12:00:00Z,10.625,72.725,0.0
2012-01-08T12:00:00Z,10.625,72.775,0.0
2012-01-08T12:00:00Z,10.575,72.425,0.0
2012-01-08T12:00:00Z,10.575,72.475,0.0
2012-01-08T12:00:00Z,10.575,72.525,0.0
2012-01-08T12:00:00Z,10.575,72.575,0.0
2012-01-08T12:00:00Z,10.575,72.625,0.0
2012-01-08T12:00:00Z,10.575,72.675,0.0
2012-01-08T12:00:00Z,10.575,72.725,0.0
2012-01-08T12:00:00Z,10.575,72.775,0.0
2012-01-08T12:00:00Z,10.525,72.425,0.0
2012-01-08T12:00:00Z,10.525,72.475,0.0
2012-01-08T12:00:00Z,10.525,72.525,0.0
2012-01-08T12:00:00Z,10.525,72.575,0.0
2012-01-08T12:00:00Z,10.525,72.625,0.0
2012-01-08T12:00:00Z,10.525,72.675,0.0
2012-01-08T12:00:00Z,10.525,72.725,0.0
2012-01-08T12:00:00Z,10.525,72.775,0.0
2012-01-08T12:00:00Z,10.475,72.425,0.0
2012-01-08T12:00:00Z,10.475,72.475,0.0
2012-01-08T12:00:00Z,10.475,72.525,0.0
2012-01-08T12:00:00Z,10.475,72.575,0.0
2012-01-08T12:00:00Z,10.475,72.625,0.0
2012-01-08T12:00:00Z,10.475,72.675,0.0
2012-01-08T12:00:00Z,10.475,72.725,0.0
2012-01-08T12:00:00Z,10.475,72.775,0.0
2012-01-08T12:00:00Z,10.425,72.425,0.0
2012-01-08T12:00:00Z,10.425,72.475,0.0
2012-01-08T12:00:00Z,10.425,72.525,0.0
2012-01-08T12:00:00Z,10.425,72.575,0.0
2012-01-08T12:00:00Z,10.425,72.625,0.0
2012-01-08T12:00:00Z,10.425,72.675,0.0
2012-01-08T12:00:00Z,10.425,72.725,0.0
2012-01-08T12:00:00Z,10.425,72.775,0.0
2012-01-08T12:00:00Z,10.375,72.425,0.0
2012-01-08T12:00:00Z,10.375,72.475,0.0
2012-01-08T12:00:00Z,10.375,72.525,0.0
2012-01-08T12:00:00Z,10.375,72.575,0.0
2012-01-08T12:00:00Z,10.375,72.625,0.0
2012-01-08T12:00:00Z,10.375,72.675,0.0
2012-01-08T12:00:00Z,10.375,72.725,0.0
2012-01-08T12:00:00Z,10.375,72.775,0.0
2012-02-07T12:00:00Z,10.625,72.425,0.0
2012-02-07T12:00:00Z,10.625,72.475,0.0
2012-02-07T12:00:00Z,10.625,72.525,0.0
2012-02-07T12:00:00Z,10.625,72.575,0.0
2012-02-07T12:00:00Z,10.625,72.625,0.0
2012-02-07T12:00:00Z,10.625,72.675,0.0
2012-02-07T12:00:00Z,10.625,72.725,0.0
2012-02-07T12:00:00Z,10.625,72.775,0.0
2012-02-07T12:00:00Z,10.575,72.425,0.0
2012-02-07T12:00:00Z,10.575,72.475,0.0
2012-02-07T12:00:00Z,10.575,72.525,0.0
2012-02-07T12:00:00Z,10.575,72.575,0.0
2012-02-07T12:00:00Z,10.575,72.625,0.0
2012-02-07T12:00:00Z,10.575,72.675,0.0
2012-02-07T12:00:00Z,10.575,72.725,0.0
2012-02-07T12:00:00Z,10.575,72.775,0.0
2012-02-07T12:00:00Z,10.525,72.425,0.0
2012-02-07T12:00:00Z,10.525,72.475,0.0
2012-02-07T12:00:00Z,10.525,72.525,0.0
2012-02-07T12:00:00Z,10.525,72.575,0.0
2012-02-07T12:00:00Z,10.525,72.625,0.0
2012-02-07T12:00:00Z,10.525,72.675,0.0
2012-02-07T12:00:00Z,10.525,72.725,0.0
2012-02-07T12:00:00Z,10.525,72.775,0.0
2012-02-07T12:00:00Z,10.475,72.425,0.0
2012-02-07T12:00:00Z,10.475,72.475,0.0
2012-02-07T12:00:00Z,10.475,72.525,0.0
2012-02-07T12:00:00Z,10.475,72.575,0.0
2012-02-07T12:00:00Z,10.475,72.625,0.0
2012-02-07T12:00:00Z,10.475,72.675,0.0
2012-02-07T12:00:00Z,10.475,72.725,0.0
2012-02-07T12:00:00Z,10.475,72.775,0.0
2012-02-07T12:00:00Z,10.425,72.425,0.0
2012-02-07T12:00:00Z,10.425,72.475,0.0
2012-02-07T12:00:00Z,10.425,72.525,0.0
2012-02-07T12:00:00Z,10.425,72.575,0.0
2012-02-07T12:00:00Z,10.425,72.625,0.0
2012-02-07T12:00:00Z,10.425,72.675,0.0
2012-02-07T12:00:00Z,10.425,72.725,0.0
2012-02-07T12:00:00Z,10.425,72.775,0.0
2012-02-07T12:00:00Z,10.375,72.425,0.0
2012-02-07T12:00:00Z,10.375,72.475,0.0
2012-02-07T12:00:00Z,10.375,72.525,0.0
2012-02-07T12:00:00Z,10.375,72.575,0.0
2012-02-07T12:00:00Z,10.375,72.625,0.0
2012-02-07T12:00:00Z,10.375,72.675,0.0
2012-02-07T12:00:00Z,10.375,72.725,0.0
2012-02-07T12:00:00Z,10.375,72.775,0.0
2012-03-08T12:00:00Z,10.625,72.425,0.0
2012-03-08T12:00:00Z,10.625,72.475,0.0
2012-03-08T12:00:00Z,10.625,72.525,0.0
2012-03-08T12:00:00Z,10.625,72.575,0.0
2012-03-08T12:00:00Z,10.625,72.625,0.0
2012-03-08T12:00:00Z,10.625,72.675,0.0
2012-03-08T12:00:00Z,10.625,72.725,0.0
2012-03-08T12:00:00Z,10.625,72.775,0.0
2012-03-08T12:00:00Z,10.575,72.425,0.0
2012-03-08T12:00:00Z,10.575,72.475,0.0
2012-03-08T12:00:00Z,10.575,72.525,0.0
2012-03-08T12:00:00Z,10.575,72.575,0.0
2012-03-08T12:00:00Z,10.575,72.625,0.0
2012-03-08T12:00:00Z,10.575,72.675,0.0
2012-03-08T12:00:00Z,10.575,72.725,0.0
2012-03-08T12:00:00Z,10.575,72.775,0.0
2012-03-08T12:00:00Z,10.525,72.425,0.0
2012-03-08T12:00:00Z,10.525,72.475,0.0
2012-03-08T12:00:00Z,10.525,72.525,0.0
2012-03-08T12:00:00Z,10.525,72.575,0.0
2012-03-08T12:00:00Z,10.525,72.625,0.0
2012-03-08T12:00:00Z,10.525,72.675,0.0
2012-03-08T12:00:00Z,10.525,72.725,0.0
2012-03-08T12:00:00Z,10.525,72.775,0.0
2012-03-08T12:00:00Z,10.475,72.425,0.0
2012-03-08T12:00:00Z,10.475,72.475,0.0
2012-03-08T12:00:00Z,10.475,72.525,0.0
2012-03-08T12:00:00Z,10.475,72.575,0.0
2012-03-08T12:00:00Z,10.475,72.625,0.0
2012-03-08T12:00:00Z,10.475,72.675,0.0
2012-03-08T12:00:00Z,10.475,72.725,0.0
2012-03-08T12:00:00Z,10.475,72.775,0.0
2012-03-08T12:00:00Z,10.425,72.425,0.0
2012-03-08T12:00:00Z,10.425,72.475,0.0
2012-03-08T12:00:00Z,10.425,72.525,0.0
2012-03-08T12:00:00Z,10.425,72.575,0.0
2012-03-08T12:00:00Z,10.425,72.625,0.0
2012-03-08T12:00:00Z,10.425,72.675,0.0
2012-03-08T12:00:00Z,10.425,72.725,0.0
2012-03-08T12:00:00Z,10.425,72.775,0.0
2012-03-08T12:00:00Z,10.375,72.425,0.0
2012-03-08T12:00:00Z,10.375,72.475,0.0
2012-03-08T12:00:00Z,10.375,72.525,0.0
2012-03-08T12:00:00Z,10.375,72.575,0.0
2012-03-08T12:00:00Z,10.375,72.625,0.0
2012-03-08T12:00:00Z,10.375,72.675,0.0
2012-03-08T12:00:00Z,10.375,72.725,0.0
2012-03-08T12:00:00Z,10.375,72.775,0.0
2012-04-07T12:00:00Z,10.625,72.425,0.0
2012-04-07T12:00:00Z,10.625,72.475,0.0
2012-04-07T12:00:00Z,10.625,72.525,0.0
2012-04-07T12:00:00Z,10.625,72.575,0.0
2012-04-07T12:00:00Z,10.625,72.625,0.0
2012-04-07T12:00:00Z,10.625,72.675,0.0
2012-04-07T12:00:00Z,10.625,72.725,0.0
2012-04-07T12:00:00Z,10.625,72.775,0.0
2012-04-07T12:00:00Z,10.575,72.425,0.0
2012-04-07T12:00:00Z,10.575,72.475,0.0
2012-04-07T12:00:00Z,10.575,72.525,0.0
2012-04-07T12:00:00Z,10.575,72.575,0.0
2012-04-07T12:00:00Z,10.575,72.625,0.0
2012-04-07T12:00:00Z,10.575,72.675,0.0
2012-04-07T12:00:00Z,10.575,72.725,0.0
2012-04-07T12:00:00Z,10.575,72.775,0.0
2012-04-07T12:00:00Z,10.525,72.425,0.0
2012-04-07T12:00:00Z,10.525,72.475,0.0
2012-04-07T12:00:00Z,10.525,72.525,0.0
2012-04-07T12:00:00Z,10.525,72.575,0.0
2012-04-07T12:00:00Z,10.525,72.625,0.0
2012-04-07T12:00:00Z,10.525,72.675,0.0
2012-04-07T12:00:00Z,10.525,72.725,0.0
2012-04-07T12:00:00Z,10.525,72.775,0.0
2012-04-07T12:00:00Z,10.475,72.425,0.0
2012-04-07T12:00:00Z,10.475,72.475,0.0
2012-04-07T12:00:00Z,10.475,72.525,0.0
2012-04-07T12:00:00Z,10.475,72.575,0.0
2012-04-07T12:00:00Z,10.475,72.625,0.0
2012-04-07T12:00:00Z,10.475,72.675,0.0
2012-04-07T12:00:00Z,10.475,72.725,0.0
2012-04-07T12:00:00Z,10.475,72.775,0.0
2012-04-07T12:00:00Z,10.425,72.425,0.0
2012-04-07T12:00:00Z,10.425,72.475,0.0
2012-04-07T12:00:00Z,10.425,72.525,0.0
2012-04-07T12:00:00Z,10.425,72.575,0.0
2012-04-07T12:00:00Z,10.425,72.625,0.0
2012-04-07T12:00:00Z,10.425,72.675,0.0
2012-04-07T12:00:00Z,10.425,72.725,0.0
2012-04-07T12:00:00Z,10.425,72.775,0.0
2012-04-07T12:00:00Z,10.375,72.425,0.0
2012-04-07T12:00:00Z,10.375,72.475,0.0
2012-04-07T12:00:00Z,10.375,72.525,0.0
2012-04-07T12:00:00Z,10.375,72.575,0.0
2012-04-07T12:00:00Z,10.375,72.625,0.0
2012-04-07T12:00:00Z,10.375,72.675,0.0
2012-04-07T12:00:00Z,10.375,72.725,0.0
2012-04-07T12:00:00Z,10.375,72.775,0.0
2012-05-07T12:00:00Z,10.625,72.425,0.0
2012-05-07T12:00:00Z,10.625,72.475,0.0
2012-05-07T12:00:00Z,10.625,72.525,0.0
2012-05-07T12:00:00Z,10.625,72.575,0.0
2012-05-07T12:00:00Z,10.625,72.625,0.0
2012-05-07T12:00:00Z,10.625,72.675,0.0
2012-05-07T12:00:00Z,10.625,72.725,0.0
2012-05-07T12:00:00Z,10.625,72.775,0.0
2012-05-07T12:00:00Z,10.575,72.425,0.0
2012-05-07T12:00:00Z,10.575,72.475,0.0
2012-05-07T12:00:00Z,10.575,72.525,0.0
2012-05-07T12:00:00Z,10.575,72.575,0.0
2012-05-07T12:00:00Z,10.575,72.625,0.0
2012-05-07T12:00:00Z,10.575,72.675,0.0
2012-05-07T12:00:00Z,10.575,72.725,0.0
2012-05-07T12:00:00Z,10.575,72.775,0.0
2012-05-07T12:00:00Z,10.525,72.425,0.0
2012-05-07T12:00:00Z,10.525,72.475,0.0
2012-05-07T12:00:00Z,10.525,72.525,0.0
2012-05-07T12:00:00Z,10.525,72.575,0.0
2012-05-07T12:00:00Z,10.525,72.625,0.0
2012-05-07T12:00:00Z,10.525,72.675,0.0
2012-05-07T12:00:00Z,10.525,72.725,0.0
2012-05-07T12:00:00Z,10.525,72.775,0.0
2012-05-07T12:00:00Z,10.475,72.425,0.0
2012-05-07T12:00:00Z,10.475,72.475,0.0
2012-05-07T12:00:00Z,10.475,72.525,0.0
2012-05-07T12:00:00Z,10.475,72.575,0.0
2012-05-07T12:00:00Z,10.475,72.625,0.0
2012-05-07T12:00:00Z,10.475,72.675,0.0
2012-05-07T12:00:00Z,10.475,72.725,0.0
2012-05-07T12:00:00Z,10.475,72.775,0.0
2012-05-07T12:00:00Z,10.425,72.425,0.0
2012-05-07T12:00:00Z,10.425,72.475,0.0
2012-05-07T12:00:00Z,10.425,72.525,0.0
2012-05-07T12:00:00Z,10.425,72.575,0.0
2012-05-07T12:00:00Z,10.425,72.625,0.0
2012-05-07T12:00:00Z,10.425,72.675,0.0
2012-05-07T12:00:00Z,10.425,72.725,0.0
2012-05-07T12:00:00Z,10.425,72.775,0.0
2012-05-07T12:00:00Z,10.375,72.425,0.0
2012-05-07T12:00:00Z,10.375,72.475,0.0
2012-05-07T12:00:00Z,10.375,72.525,0.0
2012-05-07T12:00:00Z,10.375,72.575,0.0
2012-05-07T12:00:00Z,10.375,72.625,0.0
2012-05-07T12:00:00Z,10.375,72.675,0.0
2012-05-07T12:00:00Z,10.375,72.725,0.0
2012-05-07T12:00:00Z,10.375,72.775,0.0
2012-06-06T12:00:00Z,10.625,72.425,0.0
2012-06-06T12:00:00Z,10.625,72.475,0.0
2012-06-06T12:00:00Z,10.625,72.525,0.0
2012-06-06T12:00:00Z,10.625,72.575,0.0
2012-06-06T12:00:00Z,10.625,72.625,0.0
2012-06-06T12:00:00Z,10.625,72.675,0.0
2012-06-06T12:00:00Z,10.625,72.725,0.0
2012-06-06T12:00:00Z,10.625,72.775,0.0
2012-06-06T12:00:00Z,10.575,72.425,0.0
2012-06-06T12:00:00Z,10.575,72.475,0.0
2012-06-06T12:00:00Z,10.575,72.525,0.0
2012-06-06T12:00:00Z,10.575,72.575,0.0
2012-06-06T12:00:00Z,10.575,72.625,0.0
2012-06-06T12:00:00Z,10.575,72.675,0.0
2012-06-06T12:00:00Z,10.575,72.725,0.0
2012-06-06T12:00:00Z,10.575,72.775,0.0
2012-06-06T12:00:00Z,10.525,72.425,0.0
2012-06-06T12:00:00Z,10.525,72.475,0.0
2012-06-06T12:00:00Z,10.525,72.525,0.0
2012-06-06T12:00:00Z,10.525,72.575,0.0
2012-06-06T12:00:00Z,10.525,72.625,0.0
2012-06-06T12:00:00Z,10.525,72.675,0.0
2012-06-06T12:00:00Z,10.525,72.725,0.0
2012-06-06T12:00:00Z,10.525,72.775,0.0
2012-06-06T12:00:00Z,10.475,72.425,0.0
2012-06-06T12:00:00Z,10.475,72.475,0.0
2012-06-06T12:00:00Z,10.475,72.525,0.0
2012-06-06T12:00:00Z,10.475,72.575,0.0
2012-06-06T12:00:00Z,10.475,72.625,0.0
2012-06-06T12:00:00Z,10.475,72.675,0.0
2012-06-06T12:00:00Z,10.475,72.725,0.0
2012-06-06T12:00:00Z,10.475,72.775,0.0
2012-06-06T12:00:00Z,10.425,72.425,0.0
2012-06-06T12:00:00Z,10.425,72.475,0.0
2012-06-06T12:00:00Z,10.425,72.525,0.0
2012-06-06T12:00:00Z,10.425,72.575,0.0
2012-06-06T12:00:00Z,10.425,72.625,0.0
2012-06-06T12:00:00Z,10.425,72.675,0.0
2012-06-06T12:00:00Z,10.425,72.725,0.0
2012-06-06T12:00:00Z,10.425,72.775,0.0
2012-06-06T12:00:00Z,10.375,72.425,0.0
2012-06-06T12:00:00Z,10.375,72.475,0.0
2012-06-06T12:00:00Z,10.375,72.525,0.0
2012-06-06T12:00:00Z,10.375,72.575,0.0
2012-06-06T12:00:00Z,10.375,72.625,0.0
2012-06-06T12:00:00Z,10.375,72.675,0.0
2012-06-06T12:00:00Z,10.375,72.725,0.0
2012-06-06T12:00:00Z,10.375,72.775,0.0
2012-07-06T12:00:00Z,10.625,72.425,0.0
2012-07-06T12:00:00Z,10.625,72.475,0.0
2012-07-06T12:00:00Z,10.625,72.525,0.0
2012-07-06T12:00:00Z,10.625,72.575,0.0
2012-07-06T12:00:00Z,10.625,72.625,0.0
2012-07-06T12:00:00Z,10.625,72.675,0.0
2012-07-06T12:00:00Z,10.625,72.725,0.0
2012-07-06T12:00:00Z,10.625,72.775,0.0
2012-07-06T12:00:00Z,10.575,72.425,0.0
2012-07-06T12:00:00Z,10.575,72.475,0.0
2012-07-06T12:00:00Z,10.575,72.525,0.0
2012-07-06T12:00:00Z,10.575,72.575,0.0
2012-07-06T12:00:00Z,10.575,72.625,0.0
2012-07-06T12:00:00Z,10.575,72.675,0.0
2012-07-06T12:00:00Z,10.575,72.725,0.0
2012-07-06T12:00:00Z,10.575,72.775,0.0
2012-07-06T12:00:00Z,10.525,72.425,0.0
2012-07-06T12:00:00Z,10.525,72.475,0.0
2012-07-06T12:00:00Z,10.525,72.525,0.0
2012-07-06T12:00:00Z,10.525,72.575,0.0
2012-07-06T12:00:00Z,10.525,72.625,0.0
2012-07-06T12:00:00Z,10.525,72.675,0.0
2012-07-06T12:00:00Z,10.525,72.725,0.0
2012-07-06T12:00:00Z,10.525,72.775,0.0
2012-07-06T12:00:00Z,10.475,72.425,0.0
2012-07-06T12:00:00Z,10.475,72.475,0.0
2012-07-06T12:00:00Z,10.475,72.525,0.0
2012-07-06T12:00:00Z,10.475,72.575,0.0
2012-07-06T12:00:00Z,10.475,72.625,0.0
2012-07-06T12:00:00Z,10.475,72.675,0.0
2012-07-06T12:00:00Z,10.475,72.725,0.0
2012-07-06T12:00:00Z,10.475,72.775,0.0
2012-07-06T12:00:00Z,10.425,72.425,0.0
2012-07-06T12:00:00Z,10.425,72.475,0.0
2012-07-06T12:00:00Z,10.425,72.525,0.0
2012-07-06T12:00:00Z,10.425,72.575,0.0
2012-07-06T12:00:00Z,10.425,72.625,0.0
2012-07-06T12:00:00Z,10.425,72.675,0.0
2012-07-06T12:00:00Z,10.425,72.725,0.0
2012-07-06T12:00:00Z,10.425,72.775,0.0
2012-07-06T12:00:00Z,10.375,72.425,0.0
2012-07-06T12:00:00Z,10.375,72.475,0.0
2012-07-06T12:00:00Z,10.375,72.525,0.0
2012-07-06T12:00:00Z,10.375,72.575,0.0
2012-07-06T12:00:00Z,10.375,72.625,0.0
2012-07-06T12:00:00Z,10.375,72.675,0.0
2012-07-06T12:00:00Z,10.375,72.725,0.0
2012-07-06T12:00:00Z,10.375,72.775,0.0
2012-08-05T12:00:00Z,10.625,72.425,0.0
2012-08-05T12:00:00Z,10.625,72.475,0.0
2012-08-05T12:00:00Z,10.625,72.525,0.0
2012-08-05T12:00:00Z,10.625,72.575,0.0
2012-08-05T12:00:00Z,10.625,72.625,0.0
2012-08-05T12:00:00Z,10.625,72.675,0.0
2012-08-05T12:00:00Z,10.625,72.725,0.0
2012-08-05T12:00:00Z,10.625,72.775,0.0
2012-08-05T12:00:00Z,10.575,72.425,0.0
2012-08-05T12:00:00Z,10.575,72.475,0.0
2012-08-05T12:00:00Z,10.575,72.525,0.0
2012-08-05T12:00:00Z,10.575,72.575,0.0
2012-08-05T12:00:00Z,10.575,72.625,0.0
2012-08-05T12:00:00Z,10.575,72.675,0.0
2012-08-05T12:00:00Z,10.575,72.725,0.0
2012-08-05T12:00:00Z,10.575,72.775,0.0
2012-08-05T12:00:00Z,10.525,72.425,0.0
2012-08-05T12:00:00Z,10.525,72.475,0.0
2012-08-05T12:00:00Z,10.525,72.525,0.0
2012-08-05T12:00:00Z,10.525,72.575,0.0
2012-08-05T12:00:00Z,10.525,72.625,0.0
2012-08-05T12:00:00Z,10.525,72.675,0.0
2012-08-05T12:00:00Z,10.525,72.725,0.0
2012-08-05T12:00:00Z,10.525,72.775,0.0
2012-08-05T12:00:00Z,10.475,72.425,0.0
2012-08-05T12:00:00Z,10.475,72.475,0.0
2012-08-05T12:00:00Z,10.475,72.525,0.0
2012-08-05T12:00:00Z,10.475,72.575,0.0
2012-08-05T12:00:00Z,10.475,72.625,0.0
2012-08-05T12:00:00Z,10.475,72.675,0.0
2012-08-05T12:00:00Z,10.475,72.725,0.0
2012-08-05T12:00:00Z,10.475,72.775,0.0
2012-08-05T12:00:00Z,10.425,72.425,0.0
2012-08-05T12:00:00Z,10.425,72.475,0.0
2012-08-05T12:00:00Z,10.425,72.525,0.0
2012-08-05T12:00:00Z,10.425,72.575,0.0
2012-08-05T12:00:00Z,10.425,72.625,0.0
2012-08-05T12:00:00Z,10.425,72.675,0.0
2012-08-05T12:00:00Z,10.425,72.725,0.0
2012-08-05T12:00:00Z,10.425,72.775,0.0
2012-08-05T12:00:00Z,10.375,72.425,0.0
2012-08-05T12:00:00Z,10.375,72.475,0.0
2012-08-05T12:00:00Z,10.375,72.525,0.0
2012-08-05T12:00:00Z,10.375,72.575,0.0
2012-08-05T12:00:00Z,10.375,72.625,0.0
2012-08-05T12:00:00Z,10.375,72.675,0.0
2012-08-05T12:00:00Z,10.375,72.725,0.0
2012-08-05T12:00:00Z,10.375,72.775,0.0
2012-09-04T12:00:00Z,10.625,72.425,0.0
2012-09-04T12:00:00Z,10.625,72.475,0.0
2012-09-04T12:00:00Z,10.625,72.525,0.0
2012-09-04T12:00:00Z,10.625,72.575,0.0
2012-09-04T12:00:00Z,10.625,72.625,0.0
2012-09-04T12:00:00Z,10.625,72.675,0.0
2012-09-04T12:00:00Z,10.625,72.725,0.0
2012-09-04T12:00:00Z,10.625,72.775,0.0
2012-09-04T12:00:00Z,10.575,72.425,0.0
2012-09-04T12:00:00Z,10.575,72.475,0.0
2012-09-04T12:00:00Z,10.575,72.525,0.0
2012-09-04T12:00:00Z,10.575,72.575,0.0
2012-09-04T12:00:00Z,10.575,72.625,0.0
2012-09-04T12:00:00Z,10.575,72.675,0.0
2012-09-04T12:00:00Z,10.575,72.725,0.0
2012-09-04T12:00:00Z,10.575,72.775,0.0
2012-09-04T12:00:00Z,10.525,72.425,0.0
2012-09-04T12:00:00Z,10.525,72.475,0.0
2012-09-04T12:00:00Z,10.525,72.525,0.0
2012-09-04T12:00:00Z,10.525,72.575,0.0
2012-09-04T12:00:00Z,10.525,72.625,0.0
2012-09-04T12:00:00Z,10.525,72.675,0.0
2012-09-04T12:00:00Z,10.525,72.725,0.0
2012-09-04T12:00:00Z,10.525,72.775,0.0
2012-09-04T12:00:00Z,10.475,72.425,0.0
2012-09-04T12:00:00Z,10.475,72.475,0.0
2012-09-04T12:00:00Z,10.475,72.525,0.0
2012-09-04T12:00:00Z,10.475,72.575,0.0
2012-09-04T12:00:00Z,10.475,72.625,0.0
2012-09-04T12:00:00Z,10.475,72.675,0.0
2012-09-04T12:00:00Z,10.475,72.725,0.0
2012-09-04T12:00:00Z,10.475,72.775,0.0
2012-09-04T12:00:00Z,10.425,72.425,0.0
2012-09-04T12:00:00Z,10.425,72.475,0.0
2012-09-04T12:00:00Z,10.425,72.525,0.0
2012-09-04T12:00:00Z,10.425,72.575,0.0
2012-09-04T12:00:00Z,10.425,72.625,0.0
2012-09-04T12:00:00Z,10.425,72.675,0.0
2012-09-04T12:00:00Z,10.425,72.725,0.0
2012-09-04T12:00:00Z,10.425,72.775,0.0
2012-09-04T12:00:00Z,10.375,72.425,0.0
2012-09-04T12:00:00Z,10.375,72.475,0.0
2012-09-04T12:00:00Z,10.375,72.525,0.0
2012-09-04T12:00:00Z,10.375,72.575,0.0
2012-09-04T12:00:00Z,10.375,72.625,0.0
2012-09-04T12:00:00Z,10.375,72.675,0.0
2012-09-04T12:00:00Z,10.375,72.725,0.0
2012-09-04T12:00:00Z,10.375,72.775,0.0
2012-10-04T12:00:00Z,10.625,72.425,0.0
2012-10-04T12:00:00Z,10.625,72.475,0.0
2012-10-04T12:00:00Z,10.625,72.525,0.0
2012-10-04T12:00:00Z,10.625,72.575,0.0
2012-10-04T12:00:00Z,10.625,72.625,0.0
2012-10-04T12:00:00Z,10.625,72.675,0.0
2012-10-04T12:00:00Z,10.625,72.725,0.0
2012-10-04T12:00:00Z,10.625,72.775,0.0
2012-10-04T12:00:00Z,10.575,72.425,0.0
2012-10-04T12:00:00Z,10.575,72.475,0.0
2012-10-04T12:00:00Z,10.575,72.525,0.0
2012-10-04T12:00:00Z,10.575,72.575,0.0
2012-10-04T12:00:00Z,10.575,72.625,0.0
2012-10-04T12:00:00Z,10.575,72.675,0.0
2012-10-04T12:00:00Z,10.575,72.725,0.0
2012-10-04T12:00:00Z,10.575,72.775,0.0
2012-10-04T12:00:00Z,10.525,72.425,0.0
2012-10-04T12:00:00Z,10.525,72.475,0.0
2012-10-04T12:00:00Z,10.525,72.525,0.0
2012-10-04T12:00:00Z,10.525,72.575,0.0
2012-10-04T12:00:00Z,10.525,72.625,0.0
2012-10-04T12:00:00Z,10.525,72.675,0.0
2012-10-04T12:00:00Z,10.525,72.725,0.0
2012-10-04T12:00:00Z,10.525,72.775,0.0
2012-10-04T12:00:00Z,10.475,72.425,0.0
2012-10-04T12:00:00Z,10.475,72.475,0.0
2012-10-04T12:00:00Z,10.475,72.525,0.0
2012-10-04T12:00:00Z,10.475,72.575,0.0
2012-10-04T12:00:00Z,10.475,72.625,0.0
2012-10-04T12:00:00Z,10.475,72.675,0.0
2012-10-04T12:00:00Z,10.475,72.725,0.0
2012-10-04T12:00:00Z,10.475,72.775,0.0
2012-10-04T12:00:00Z,10.425,72.425,0.0
2012-10-04T12:00:00Z,10.425,72.475,0.0
2012-10-04T12:00:00Z,10.425,72.525,0.0
2012-10-04T12:00:00Z,10.425,72.575,0.0
2012-10-04T12:00:00Z,10.425,72.625,0.0
2012-10-04T12:00:00Z,10.425,72.675,0.0
2012-10-04T12:00:00Z,10.425,72.725,0.0
2012-10-04T12:00:00Z,10.425,72.775,0.0
2012-10-04T12:00:00Z,10.375,72.425,0.0
2012-10-04T12:00:00Z,10.375,72.475,0.0
2012-10-04T12:00:00Z,10.375,72.525,0.0
2012-10-04T12:00:00Z,10.375,72.575,0.0
2012-10-04T12:00:00Z,10.375,72.625,0.0
2012-10-04T12:00:00Z,10.375,72.675,0.0
2012-10-04T12:00:00Z,10.375,72.725,0.0
2012-10-04T12:00:00Z,10.375,72.775,0.0
2012-11-03T12:00:00Z,10.625,72.425,0.0
2012-11-03T12:00:00Z,10.625,72.475,0.0
2012-11-03T12:00:00Z,10.625,72.525,0.0
2012-11-03T12:00:00Z,10.625,72.575,0.0
2012-11-03T12:00:00Z,10.625,72.625,0.0
2012-11-03T12:00:00Z,10.625,72.675,0.0
2012-11-03T12:00:00Z,10.625,72.725,0.0
2012-11-03T12:00:00Z,10.625,72.775,0.0
2012-11-03T12:00:00Z,10.575,72.425,0.0
2012-11-03T12:00:00Z,10.575,72.475,0.0
2012-11-03T12:00:00Z,10.575,72.525,0.0
2012-11-03T12:00:00Z,10.575,72.575,0.0
2012-11-03T12:00:00Z,10.575,72.625,0.0
2012-11-03T12:00:00Z,10.575,72.675,0.0
2012-11-03T12:00:00Z,10.575,72.725,0.0
2012-11-03T12:00:00Z,10.575,72.775,0.0
2012-11-03T12:00:00Z,10.525,72.425,0.0
2012-11-03T12:00:00Z,10.525,72.475,0.0
2012-11-03T12:00:00Z,10.525,72.525,0.0
2012-11-03T12:00:00Z,10.525,72.575,0.0
2012-11-03T12:00:00Z,10.525,72.625,0.0
2012-11-03T12:00:00Z,10.525,72.675,0.0
2012-11-03T12:00:00Z,10.525,72.725,0.0
2012-11-03T12:00:00Z,10.525,72.775,0.0
2012-11-03T12:00:00Z,10.475,72.425,0.0
2012-11-03T12:00:00Z,10.475,72.475,0.0
2012-11-03T12:00:00Z,10.475,72.525,0.0
2012-11-03T12:00:00Z,10.475,72.575,0.0
2012-11-03T12:00:00Z,10.475,72.625,0.0
2012-11-03T12:00:00Z,10.475,72.675,0.0
2012-11-03T12:00:00Z,10.475,72.725,0.0
2012-11-03T12:00:00Z,10.475,72.775,0.0
2012-11-03T12:00:00Z,10.425,72.425,0.0
2012-11-03T12:00:00Z,10.425,72.475,0.0
2012-11-03T12:00:00Z,10.425,72.525,0.0
2012-11-03T12:00:00Z,10.425,72.575,0.0
2012-11-03T12:00:00Z,10.425,72.625,0.0
2012-11-03T12:00:00Z,10.425,72.675,0.0
2012-11-03T12:00:00Z,10.425,72.725,0.0
2012-11-03T12:00:00Z,10.425,72.775,0.0
2012-11-03T12:00:00Z,10.375,72.425,0.0
2012-11-03T12:00:00Z,10.375,72.475,0.0
2012-11-03T12:00:00Z,10.375,72.525,0.0
2012-11-03T12:00:00Z,10.375,72.575,0.0
2012-11-03T12:00:00Z,10.375,72.625,0.0
2012-11-03T12:00:00Z,10.375,72.675,0.0
2012-11-03T12:00:00Z,10.375,72.725,0.0
2012-11-03T12:00:00Z,10.375,72.775,0.0
2012-12-03T12:00:00Z,10.625,72.425,0.0
2012-12-03T12:00:00Z,10.625,72.475,0.0
2012-12-03T12:00:00Z,10.625,72.525,0.0
2012-12-03T12:00:00Z,10.625,72.575,0.0
2012-12-03T12:00:00Z,10.625,72.625,0.0
2012-12-03T12:00:00Z,10.625,72.675,0.0
2012-12-03T12:00:00Z,10.625,72.725,0.0
2012-12-03T12:00:00Z,10.625,72.775,0.0
2012-12-03T12:00:00Z,10.575,72.425,0.0
2012-12-03T12:00:00Z,10.575,72.475,0.0
2012-12-03T12:00:00Z,10.575,72.525,0.0
2012-12-03T12:00:00Z,10.575,72.575,0.0
2012-12-03T12:00:00Z,10.575,72.625,0.0
2012-12-03T12:00:00Z,10.575,72.675,0.0
2012-12-03T12:00:00Z,10.575,72.725,0.0
2012-12-03T12:00:00Z,10.575,72.775,0.0
2012-12-03T12:00:00Z,10.525,72.425,0.0
2012-12-03T12:00:00Z,10.525,72.475,0.0
2012-12-03T12:00:00Z,10.525,72.525,0.0
2012-12-03T12:00:00Z,10.525,72.575,0.0
2012-12-03T12:00:00Z,10.525,72.625,0.0
2012-12-03T12:00:00Z,10.525,72.675,0.0
2012-12-03T12:00:00Z,10.525,72.725,0.0
2012-12-03T12:00:00Z,10.525,72.775,0.0
2012-12-03T12:00:00Z,10.475,72.425,0.0
2012-12-03T12:00:00Z,10.475,72.475,0.0
2012-12-03T12:00:00Z,10.475,72.525,0.0
2012-12-03T12:00:00Z,10.475,72.575,0.0
2012-12-03T12:00:00Z,10.475,72.625,0.0
2012-12-03T12:00:00Z,10.475,72.675,0.0
2012-12-03T12:00:00Z,10.475,72.725,0.0
2012-12-03T12:00:00Z,10.475,72.775,0.0
2012-12-03T12:00:00Z,10.425,72.425,0.0
2012-12-03T12:00:00Z,10.425,72.475,0.0
2012-12-03T12:00:00Z,10.425,72.525,0.0
2012-12-03T12:00:00Z,10.425,72.575,0.0
2012-12-03T12:00:00Z,10.425,72.625,0.0
2012-12-03T12:00:00Z,10.425,72.675,0.0
2012-12-03T12:00:00Z,10.425,72.725,0.0
2012-12-03T12:00:00Z,10.425,72.775,0.0
2012-12-03T12:00:00Z,10.375,72.425,0.0
2012-12-03T12:00:00Z,10.375,72.475,0.0
2012-12-03T12:00:00Z,10.375,72.525,0.0
2012-12-03T12:00:00Z,10.375,72.575,0.0
2012-12-03T12:00:00Z,10.375,72.625,0.0
2012-12-03T12:00:00Z,10.375,72.675,0.0
2012-12-03T12:00:00Z,10.375,72.725,0.0
2012-12-03T12:00:00Z,10.375,72.775,0.0
2013-01-02T12:00:00Z,10.625,72.425,0.0
2013-01-02T12:00:00Z,10.625,72.475,0.0
2013-01-02T12:00:00Z,10.625,72.525,0.0
2013-01-02T12:00:00Z,10.625,72.575,0.0
2013-01-02T12:00:00Z,10.625,72.625,0.0
2013-01-02T12:00:00Z,10.625,72.675,0.0
2013-01-02T12:00:00Z,10.625,72.725,0.0
2013-01-02T12:00:00Z,10.625,72.775,0.0
2013-01-02T12:00:00Z,10.575,72.425,0.0
2013-01-02T12:00:00Z,10.575,72.475,0.0
2013-01-02T12:00:00Z,10.575,72.525,0.0
2013-01-02T12:00:00Z,10.575,72.575,0.0
2013-01-02T12:00:00Z,10.575,72.625,0.0
2013-01-02T12:00:00Z,10.575,72.675,0.0
2013-01-02T12:00:00Z,10.575,72.725,0.0
2013-01-02T12:00:00Z,10.575,72.775,0.0
2013-01-02T12:00:00Z,10.525,72.425,0.0
2013-01-02T12:00:00Z,10.525,72.475,0.0
2013-01-02T12:00:00Z,10.525,72.525,0.0
2013-01-02T12:00:00Z,10.525,72.575,0.0
2013-01-02T12:00:00Z,10.525,72.625,0.0
2013-01-02T12:00:00Z,10.525,72.675,0.0
2013-01-02T12:00:00Z,10.525,72.725,0.0
2013-01-02T12:00:00Z,10.525,72.775,0.0
2013-01-02T12:00:00Z,10.475,72.425,0.0
2013-01-02T12:00:00Z,10.475,72.475,0.0
2013-01-02T12:00:00Z,10.475,72.525,0.0
2013-01-02T12:00:00Z,10.475,72.575,0.0
2013-01-02T12:00:00Z,10.475,72.625,0.0
2013-01-02T12:00:00Z,10.475,72.675,0.0
2013-01-02T12:00:00Z,10.475,72.725,0.0
2013-01-02T12:00:00Z,10.475,72.775,0.0
2013-01-02T12:00:00Z,10.425,72.425,0.0
2013-01-02T12:00:00Z,10.425,72.475,0.0
2013-01-02T12:00:00Z,10.425,72.525,0.0
2013-01-02T12:00:00Z,10.425,72.575,0.0
2013-01-02T12:00:00Z,10.425,72.625,0.0
2013-01-02T12:00:00Z,10.425,72.675,0.0
2013-01-02T12:00:00Z,10.425,72.725,0.0
2013-01-02T12:00:00Z,10.425,72.775,0.0
2013-01-02T12:00:00Z,10.375,72.425,0.0
2013-01-02T12:00:00Z,10.375,72.475,0.0
2013-01-02T12:00:00Z,10.375,72.525,0.0
2013-01-02T12:00:00Z,10.375,72.575,0.0
2013-01-02T12:00:00Z,10.375,72.625,0.0
2013-01-02T12:00:00Z,10.375,72.675,0.0
2013-01-02T12:00:00Z,10.375,72.725,0.0
2013-01-02T12:00:00Z,10.375,72.775,0.0
2013-02-01T12:00:00Z,10.625,72.425,0.0
2013-02-01T12:00:00Z,10.625,72.475,0.0
2013-02-01T12:00:00Z,10.625,72.525,0.0
2013-02-01T12:00:00Z,10.625,72.575,0.0
2013-02-01T12:00:00Z,10.625,72.625,0.0
2013-02-01T12:00:00Z,10.625,72.675,0.0
2013-02-01T12:00:00Z,10.625,72.725,0.0
2013-02-01T12:00:00Z,10.625,72.775,0.0
2013-02-01T12:00:00Z,10.575,72.425,0.0
2013-02-01T12:00:00Z,10.575,72.475,0.0
2013-02-01T12:00:00Z,10.575,72.525,0.0
2013-02-01T12:00:00Z,10.575,72.575,0.0
2013-02-01T12:00:00Z,10.575,72.625,0.0
2013-02-01T12:00:00Z,10.575,72.675,0.0
2013-02-01T12:00:00Z,10.575,72.725,0.0
2013-02-01T12:00:00Z,10.575,72.775,0.0
2013-02-01T12:00:00Z,10.525,72.425,0.0
2013-02-01T12:00:00Z,10.525,72.475,0.0
2013-02-01T12:00:00Z,10.525,72.525,0.0
2013-02-01T12:00:00Z,10.525,72.575,0.0
2013-02-01T12:00:00Z,10.525,72.625,0.0
2013-02-01T12:00:00Z,10.525,72.675,0.0
2013-02-01T12:00:00Z,10.525,72.725,0.0
2013-02-01T12:00:00Z,10.525,72.775,0.0
2013-02-01T12:00:00Z,10.475,72.425,0.0
2013-02-01T12:00:00Z,10.475,72.475,0.0
2013-02-01T12:00:00Z,10.475,72.525,0.0
2013-02-01T12:00:00Z,10.475,72.575,0.0
2013-02-01T12:00:00Z,10.475,72.625,0.0
2013-02-01T12:00:00Z,10.475,72.675,0.0
2013-02-01T12:00:00Z,10.475,72.725,0.0
2013-02-01T12:00:00Z,10.475,72.775,0.0
2013-02-01T12:00:00Z,10.425,72.425,0.0
2013-02-01T12:00:00Z,10.425,72.475,0.0
2013-02-01T12:00:00Z,10.425,72.525,0.0
2013-02-01T12:00:00Z,10.425,72.575,0.0
2013-02-01T12:00:00Z,10.425,72.625,0.0
2013-02-01T12:00:00Z,10.425,72.675,0.0
2013-02-01T12:00:00Z,10.425,72.725,0.0
2013-02-01T12:00:00Z,10.425,72.775,0.0
2013-02-01T12:00:00Z,10.375,72.425,0.0
2013-02-01T12:00:00Z,10.375,72.475,0.0
2013-02-01T12:00:00Z,10.375,72.525,0.0
2013-02-01T12:00:00Z,10.375,72.575,0.0
2013-02-01T12:00:00Z,10.375,72.625,0.0
2013-02-01T12:00:00Z,10.375,72.675,0.0
2013-02-01T12:00:00Z,10.375,72.725,0.0
2013-02-01T12:00:00Z,10.375,72.775,0.0
2013-03-03T12:00:00Z,10.625,72.425,0.0
2013-03-03T12:00:00Z,10.625,72.475,0.0
2013-03-03T12:00:00Z,10.625,72.525,0.0
2013-03-03T12:00:00Z,10.625,72.575,0.0
2013-03-03T12:00:00Z,10.625,72.625,0.0
2013-03-03T12:00:00Z,10.625,72.675,0.0
2013-03-03T12:00:00Z,10.625,72.725,0.0
2013-03-03T12:00:00Z,10.625,72.775,0.0
2013-03-03T12:00:00Z,10.575,72.425,0.0
2013-03-03T12:00:00Z,10.575,72.475,0.0
2013-03-03T12:00:00Z,10.575,72.525,0.0
2013-03-03T12:00:00Z,10.575,72.575,0.0
2013-03-03T12:00:00Z,10.575,72.625,0.0
2013-03-03T12:00:00Z,10.575,72.675,0.0
2013-03-03T12:00:00Z,10.575,72.725,0.0
2013-03-03T12:00:00Z,10.575,72.775,0.0
2013-03-03T12:00:00Z,10.525,72.425,0.0
2013-03-03T12:00:00Z,10.525,72.475,0.0
2013-03-03T12:00:00Z,10.525,72.525,0.0
2013-03-03T12:00:00Z,10.525,72.575,0.0
2013-03-03T12:00:00Z,10.525,72.625,0.0
2013-03-03T12:00:00Z,10.525,72.675,0.0
2013-03-03T12:00:00Z,10.525,72.725,0.0
2013-03-03T12:00:00Z,10.525,72.775,0.0
2013-03-03T12:00:00Z,10.475,72.425,0.0
2013-03-03T12:00:00Z,10.475,72.475,0.0
2013-03-03T12:00:00Z,10.475,72.525,0.0
2013-03-03T12:00:00Z,10.475,72.575,0.0
2013-03-03T12:00:00Z,10.475,72.625,0.0
2013-03-03T12:00:00Z,10.475,72.675,0.0
2013-03-03T12:00:00Z,10.475,72.725,0.0
2013-03-03T12:00:00Z,10.475,72.775,0.0
2013-03-03T12:00:00Z,10.425,72.425,0.0
2013-03-03T12:00:00Z,10.425,72.475,0.0
2013-03-03T12:00:00Z,10.425,72.525,0.0
2013-03-03T12:00:00Z,10.425,72.575,0.0
2013-03-03T12:00:00Z,10.425,72.625,0.0
2013-03-03T12:00:00Z,10.425,72.675,0.0
2013-03-03T12:00:00Z,10.425,72.725,0.0
2013-03-03T12:00:00Z,10.425,72.775,0.0
2013-03-03T12:00:00Z,10.375,72.425,0.0
2013-03-03T12:00:00Z,10.375,72.475,0.0
2013-03-03T12:00:00Z,10.375,72.525,0.0
2013-03-03T12:00:00Z,10.375,72.575,0.0
2013-03-03T12:00:00Z,10.375,72.625,0.0
2013-03-03T12:00:00Z,10.375,72.675,0.0
2013-03-03T12:00:00Z,10.375,72.725,0.0
2013-03-03T12:00:00Z,10.375,72.775,0.0
2013-04-02T12:00:00Z,10.625,72.425,0.0
2013-04-02T12:00:00Z,10.625,72.475,0.0
2013-04-02T12:00:00Z,10.625,72.525,0.0
2013-04-02T12:00:00Z,10.625,72.575,0.0
2013-04-02T12:00:00Z,10.625,72.625,0.0
2013-04-02T12:00:00Z,10.625,72.675,0.0
2013-04-02T12:00:00Z,10.625,72.725,0.0
2013-04-02T12:00:00Z,10.625,72.775,0.0
2013-04-02T12:00:00Z,10.575,72.425,0.0
2013-04-02T12:00:00Z,10.575,72.475,0.0
2013-04-02T12:00:00Z,10.575,72.525,0.0
2013-04-02T12:00:00Z,10.575,72.575,0.0
2013-04-02T12:00:00Z,10.575,72.625,0.0
2013-04-02T12:00:00Z,10.575,72.675,0.0
2013-04-02T12:00:00Z,10.575,72.725,0.0
2013-04-02T12:00:00Z,10.575,72.775,0.0
2013-04-02T12:00:00Z,10.525,72.425,0.0
2013-04-02T12:00:00Z,10.525,72.475,0.0
2013-04-02T12:00:00Z,10.525,72.525,0.0
2013-04-02T12:00:00Z,10.525,72.575,0.0
2013-04-02T12:00:00Z,10.525,72.625,0.0
2013-04-02T12:00:00Z,10.525,72.675,0.0
2013-04-02T12:00:00Z,10.525,72.725,0.0
2013-04-02T12:00:00Z,10.525,72.775,0.0
2013-04-02T12:00:00Z,10.475,72.425,0.0
2013-04-02T12:00:00Z,10.475,72.475,0.0
2013-04-02T12:00:00Z,10.475,72.525,0.0
2013-04-02T12:00:00Z,10.475,72.575,0.0
2013-04-02T12:00:00Z,10.475,72.625,0.0
2013-04-02T12:00:00Z,10.475,72.675,0.0
2013-04-02T12:00:00Z,10.475,72.725,0.0
2013-04-02T12:00:00Z,10.475,72.775,0.0
2013-04-02T12:00:00Z,10.425,72.425,0.0
2013-04-02T12:00:00Z,10.425,72.475,0.0
2013-04-02T12:00:00Z,10.425,72.525,0.0
2013-04-02T12:00:00Z,10.425,72.575,0.0
2013-04-02T12:00:00Z,10.425,72.625,0.0
2013-04-02T12:00:00Z,10.425,72.675,0.0
2013-04-02T12:00:00Z,10.425,72.725,0.0
2013-04-02T12:00:00Z,10.425,72.775,0.0
2013-04-02T12:00:00Z,10.375,72.425,0.0
2013-04-02T12:00:00Z,10.375,72.475,0.0
2013-04-02T12:00:00Z,10.375,72.525,0.0
2013-04-02T12:00:00Z,10.375,72.575,0.0
2013-04-02T12:00:00Z,10.375,72.625,0.0
2013-04-02T12:00:00Z,10.375,72.675,0.0
2013-04-02T12:00:00Z,10.375,72.725,0.0
2013-04-02T12:00:00Z,10.375,72.775,0.0
2013-05-02T12:00:00Z,10.625,72.425,0.0
2013-05-02T12:00:00Z,10.625,72.475,0.0
2013-05-02T12:00:00Z,10.625,72.525,0.0
2013-05-02T12:00:00Z,10.625,72.575,0.0
2013-05-02T12:00:00Z,10.625,72.625,0.0
2013-05-02T12:00:00Z,10.625,72.675,0.0
2013-05-02T12:00:00Z,10.625,72.725,0.0
2013-05-02T12:00:00Z,10.625,72.775,0.0
2013-05-02T12:00:00Z,10.575,72.425,0.0
2013-05-02T12:00:00Z,10.575,72.475,0.0
2013-05-02T12:00:00Z,10.575,72.525,0.0
2013-05-02T12:00:00Z,10.575,72.575,0.0
2013-05-02T12:00:00Z,10.575,72.625,0.0
2013-05-02T12:00:00Z,10.575,72.675,0.0
2013-05-02T12:00:00Z,10.575,72.725,0.0
2013-05-02T12:00:00Z,10.575,72.775,0.0
2013-05-02T12:00:00Z,10.525,72.425,0.0
2013-05-02T12:00:00Z,10.525,72.475,0.0
2013-05-02T12:00:00Z,10.525,72.525,0.0
2013-05-02T12:00:00Z,10.525,72.575,0.0
2013-05-02T12:00:00Z,10.525,72.625,0.0
2013-05-02T12:00:00Z,10.525,72.675,0.0
2013-05-02T12:00:00Z,10.525,72.725,0.0
2013-05-02T12:00:00Z,10.525,72.775,0.0
2013-05-02T12:00:00Z,10.475,72.425,0.0
2013-05-02T12:00:00Z,10.475,72.475,0.0
2013-05-02T12:00:00Z,10.475,72.525,0.0
2013-05-02T12:00:00Z,10.475,72.575,0.0
2013-05-02T12:00:00Z,10.475,72.625,0.0
2013-05-02T12:00:00Z,10.475,72.675,0.0
2013-05-02T12:00:00Z,10.475,72.725,0.0
2013-05-02T12:00:00Z,10.475,72.775,0.0
2013-05-02T12:00:00Z,10.425,72.425,0.0
2013-05-02T12:00:00Z,10.425,72.475,0.0
2013-05-02T12:00:00Z,10.425,72.525,0.0
2013-05-02T12:00:00Z,10.425,72.575,0.0
2013-05-02T12:00:00Z,10.425,72.625,0.0
2013-05-02T12:00:00Z,10.425,72.675,0.0
2013-05-02T12:00:00Z,10.425,72.725,0.0
2013-05-02T12:00:00Z,10.425,72.775,0.0
2013-05-02T12:00:00Z,10.375,72.425,0.0
2013-05-02T12:00:00Z,10.375,72.475,0.0
2013-05-02T12:00:00Z,10.375,72.525,0.0
2013-05-02T12:00:00Z,10.375,72.575,0.0
2013-05-02T12:00:00Z,10.375,72.625,0.0
2013-05-02T12:00:00Z,10.375,72.675,0.0
2013-05-02T12:00:00Z,10.375,72.725,0.0
2013-05-02T12:00:00Z,10.375,72.775,0.0
2013-06-01T12:00:00Z,10.625,72.425,0.0
2013-06-01T12:00:00Z,10.625,72.475,0.0
2013-06-01T12:00:00Z,10.625,72.525,0.0
2013-06-01T12:00:00Z,10.625,72.575,0.0
2013-06-01T12:00:00Z,10.625,72.625,0.0
2013-06-01T12:00:00Z,10.625,72.675,0.0
2013-06-01T12:00:00Z,10.625,72.725,0.0
2013-06-01T12:00:00Z,10.625,72.775,0.0
2013-06-01T12:00:00Z,10.575,72.425,0.0
2013-06-01T12:00:00Z,10.575,72.475,0.0
2013-06-01T12:00:00Z,10.575,72.525,0.0
2013-06-01T12:00:00Z,10.575,72.575,0.0
2013-06-01T12:00:00Z,10.575,72.625,0.0
2013-06-01T12:00:00Z,10.575,72.675,0.0
2013-06-01T12:00:00Z,10.575,72.725,0.0
2013-06-01T12:00:00Z,10.575,72.775,0.0
2013-06-01T12:00:00Z,10.525,72.425,0.0
2013-06-01T12:00:00Z,10.525,72.475,0.0
2013-06-01T12:00:00Z,10.525,72.525,0.0
2013-06-01T12:00:00Z,10.525,72.575,0.0
2013-06-01T12:00:00Z,10.525,72.625,0.0
2013-06-01T12:00:00Z,10.525,72.675,0.0
2013-06-01T12:00:00Z,10.525,72.725,0.0
2013-06-01T12:00:00Z,10.525,72.775,0.0
2013-06-01T12:00:00Z,10.475,72.425,0.0
2013-06-01T12:00:00Z,10.475,72.475,0.0
2013-06-01T12:00:00Z,10.475,72.525,0.0
2013-06-01T12:00:00Z,10.475,72.575,0.0
2013-06-01T12:00:00Z,10.475,72.625,0.0
2013-06-01T12:00:00Z,10.475,72.675,0.0
2013-06-01T12:00:00Z,10.475,72.725,0.0
2013-06-01T12:00:00Z,10.475,72.775,0.0
2013-06-01T12:00:00Z,10.425,72.425,0.0
2013-06-01T12:00:00Z,10.425,72.475,0.0
2013-06-01T12:00:00Z,10.425,72.525,0.0
2013-06-01T12:00:00Z,10.425,72.575,0.0
2013-06-01T12:00:00Z,10.425,72.625,0.0
2013-06-01T12:00:00Z,10.425,72.675,0.0
2013-06-01T12:00:00Z,10.425,72.725,0.0
2013-06-01T12:00:00Z,10.425,72.775,0.0
2013-06-01T12:00:00Z,10.375,72.425,0.0
2013-06-01T12:00:00Z,10.375,72.475,0.0
2013-06-01T12:00:00Z,10.375,72.525,0.0
2013-06-01T12:00:00Z,10.375,72.575,0.0
2013-06-01T12:00:00Z,10.375,72.625,0.0
2013-06-01T12:00:00Z,10.375,72.675,0.0
2013-06-01T12:00:00Z,10.375,72.725,0.0
2013-06-01T12:00:00Z,10.375,72.775,0.0
2013-07-01T12:00:00Z,10.625,72.425,0.0
2013-07-01T12:00:00Z,10.625,72.475,0.0
2013-07-01T12:00:00Z,10.625,72.525,0.0
2013-07-01T12:00:00Z,10.625,72.575,0.0
2013-07-01T12:00:00Z,10.625,72.625,0.0
2013-07-01T12:00:00Z,10.625,72.675,0.0
2013-07-01T12:00:00Z,10.625,72.725,0.0
2013-07-01T12:00:00Z,10.625,72.775,0.0
2013-07-01T12:00:00Z,10.575,72.425,0.0
2013-07-01T12:00:00Z,10.575,72.475,0.0
2013-07-01T12:00:00Z,10.575,72.525,0.0
2013-07-01T12:00:00Z,10.575,72.575,0.0
2013-07-01T12:00:00Z,10.575,72.625,0.0
2013-07-01T12:00:00Z,10.575,72.675,0.0
2013-07-01T12:00:00Z,10.575,72.725,0.0
2013-07-01T12:00:00Z,10.575,72.775,0.0
2013-07-01T12:00:00Z,10.525,72.425,0.0
2013-07-01T12:00:00Z,10.525,72.475,0.0
2013-07-01T12:00:00Z,10.525,72.525,0.0
2013-07-01T12:00:00Z,10.525,72.575,0.0
2013-07-01T12:00:00Z,10.525,72.625,0.0
2013-07-01T12:00:00Z,10.525,72.675,0.0
2013-07-01T12:00:00Z,10.525,72.725,0.0
2013-07-01T12:00:00Z,10.525,72.775,0.0
2013-07-01T12:00:00Z,10.475,72.425,0.0
2013-07-01T12:00:00Z,10.475,72.475,0.0
2013-07-01T12:00:00Z,10.475,72.525,0.0
2013-07-01T12:00:00Z,10.475,72.575,0.0
2013-07-01T12:00:00Z,10.475,72.625,0.0
2013-07-01T12:00:00Z,10.475,72.675,0.0
2013-07-01T12:00:00Z,10.475,72.725,0.0
2013-07-01T12:00:00Z,10.475,72.775,0.0
2013-07-01T12:00:00Z,10.425,72.425,0.0
2013-07-01T12:00:00Z,10.425,72.475,0.0
2013-07-01T12:00:00Z,10.425,72.525,0.0
2013-07-01T12:00:00Z,10.425,72.575,0.0
2013-07-01T12:00:00Z,10.425,72.625,0.0
2013-07-01T12:00:00Z,10.425,72.675,0.0
2013-07-01T12:00:00Z,10.425,72.725,0.0
2013-07-01T12:00:00Z,10.425,72.775,0.0
2013-07-01T12:00:00Z,10.375,72.425,0.0
2013-07-01T12:00:00Z,10.375,72.475,0.0
2013-07-01T12:00:00Z,10.375,72.525,0.0
2013-07-01T12:00:00Z,10.375,72.575,0.0
2013-07-01T12:00:00Z,10.375,72.625,0.0
2013-07-01T12:00:00Z,10.375,72.675,0.0
2013-07-01T12:00:00Z,10.375,72.725,0.0
2013-07-01T12:00:00Z,10.375,72.775,0.0
2013-07-31T12:00:00Z,10.625,72.425,0.0
2013-07-31T12:00:00Z,10.625,72.475,0.0
2013-07-31T12:00:00Z,10.625,72.525,0.0
2013-07-31T12:00:00Z,10.625,72.575,0.0
2013-07-31T12:00:00Z,10.625,72.625,0.0
2013-07-31T12:00:00Z,10.625,72.675,0.0
2013-07-31T12:00:00Z,10.625,72.725,0.0
2013-07-31T12:00:00Z,10.625,72.775,0.0
2013-07-31T12:00:00Z,10.575,72.425,0.0
2013-07-31T12:00:00Z,10.575,72.475,0.0
2013-07-31T12:00:00Z,10.575,72.525,0.0
2013-07-31T12:00:00Z,10.575,72.575,0.0
2013-07-31T12:00:00Z,10.575,72.625,0.0
2013-07-31T12:00:00Z,10.575,72.675,0.0
2013-07-31T12:00:00Z,10.575,72.725,0.0
2013-07-31T12:00:00Z,10.575,72.775,0.0
2013-07-31T12:00:00Z,10.525,72.425,0.0
2013-07-31T12:00:00Z,10.525,72.475,0.0
2013-07-31T12:00:00Z,10.525,72.525,0.0
2013-07-31T12:00:00Z,10.525,72.575,0.0
2013-07-31T12:00:00Z,10.525,72.625,0.0
2013-07-31T12:00:00Z,10.525,72.675,0.0
2013-07-31T12:00:00Z,10.525,72.725,0.0
2013-07-31T12:00:00Z,10.525,72.775,0.0
2013-07-31T12:00:00Z,10.475,72.425,0.0
2013-07-31T12:00:00Z,10.475,72.475,0.0
2013-07-31T12:00:00Z,10.475,72.525,0.0
2013-07-31T12:00:00Z,10.475,72.575,0.0
2013-07-31T12:00:00Z,10.475,72.625,0.0
2013-07-31T12:00:00Z,10.475,72.675,0.0
2013-07-31T12:00:00Z,10.475,72.725,0.0
2013-07-31T12:00:00Z,10.475,72.775,0.0
2013-07-31T12:00:00Z,10.425,72.425,0.0
2013-07-31T12:00:00Z,10.425,72.475,0.0
2013-07-31T12:00:00Z,10.425,72.525,0.0
2013-07-31T12:00:00Z,10.425,72.575,0.0
2013-07-31T12:00:00Z,10.425,72.625,0.0
2013-07-31T12:00:00Z,10.425,72.675,0.0
2013-07-31T12:00:00Z,10.425,72.725,0.0
2013-07-31T12:00:00Z,10.425,72.775,0.0
2013-07-31T12:00:00Z,10.375,72.425,0.0
2013-07-31T12:00:00Z,10.375,72.475,0.0
2013-07-31T12:00:00Z,10.375,72.525,0.0
2013-07-31T12:00:00Z,10.375,72.575,0.0
2013-07-31T12:00:00Z,10.375,72.625,0.0
2013-07-31T12:00:00Z,10.375,72.675,0.0
2013-07-31T12:00:00Z,10.375,72.725,0.0
2013-07-31T12:00:00Z,10.375,72.775,0.0
2013-08-30T12:00:00Z,10.625,72.425,0.0
2013-08-30T12:00:00Z,10.625,72.475,0.0
2013-08-30T12:00:00Z,10.625,72.525,0.0
2013-08-30T12:00:00Z,10.625,72.575,0.0
2013-08-30T12:00:00Z,10.625,72.625,0.0
2013-08-30T12:00:00Z,10.625,72.675,0.0
2013-08-30T12:00:00Z,10.625,72.725,0.0
2013-08-30T12:00:00Z,10.625,72.775,0.0
2013-08-30T12:00:00Z,10.575,72.425,0.0
2013-08-30T12:00:00Z,10.575,72.475,0.0
2013-08-30T12:00:00Z,10.575,72.525,0.0
2013-08-30T12:00:00Z,10.575,72.575,0.0
2013-08-30T12:00:00Z,10.575,72.625,0.0
2013-08-30T12:00:00Z,10.575,72.675,0.0
2013-08-30T12:00:00Z,10.575,72.725,0.0
2013-08-30T12:00:00Z,10.575,72.775,0.0
2013-08-30T12:00:00Z,10.525,72.425,0.0
2013-08-30T12:00:00Z,10.525,72.475,0.0
2013-08-30T12:00:00Z,10.525,72.525,0.0
2013-08-30T12:00:00Z,10.525,72.575,0.0
2013-08-30T12:00:00Z,10.525,72.625,0.0
2013-08-30T12:00:00Z,10.525,72.675,0.0
2013-08-30T12:00:00Z,10.525,72.725,0.0
2013-08-30T12:00:00Z,10.525,72.775,0.0
2013-08-30T12:00:00Z,10.475,72.425,0.0
2013-08-30T12:00:00Z,10.475,72.475,0.0
2013-08-30T12:00:00Z,10.475,72.525,0.0
2013-08-30T12:00:00Z,10.475,72.575,0.0
2013-08-30T12:00:00Z,10.475,72.625,0.0
2013-08-30T12:00:00Z,10.475,72.675,0.0
2013-08-30T12:00:00Z,10.475,72.725,0.0
2013-08-30T12:00:00Z,10.475,72.775,0.0
2013-08-30T12:00:00Z,10.425,72.425,0.0
2013-08-30T12:00:00Z,10.425,72.475,0.0
2013-08-30T12:00:00Z,10.425,72.525,0.0
2013-08-30T12:00:00Z,10.425,72.575,0.0
2013-08-30T12:00:00Z,10.425,72.625,0.0
2013-08-30T12:00:00Z,10.425,72.675,0.0
2013-08-30T12:00:00Z,10.425,72.725,0.0
2013-08-30T12:00:00Z,10.425,72.775,0.0
2013-08-30T12:00:00Z,10.375,72.425,0.0
2013-08-30T12:00:00Z,10.375,72.475,0.0
2013-08-30T12:00:00Z,10.375,72.525,0.0
2013-08-30T12:00:00Z,10.375,72.575,0.0
2013-08-30T12:00:00Z,10.375,72.625,0.0
2013-08-30T12:00:00Z,10.375,72.675,0.0
2013-08-30T12:00:00Z,10.375,72.725,0.0
2013-08-30T12:00:00Z,10.375,72.775,0.0
2013-09-29T12:00:00Z,10.625,72.425,0.0
2013-09-29T12:00:00Z,10.625,72.475,0.0
2013-09-29T12:00:00Z,10.625,72.525,0.0
2013-09-29T12:00:00Z,10.625,72.575,0.0
2013-09-29T12:00:00Z,10.625,72.625,0.0
2013-09-29T12:00:00Z,10.625,72.675,0.0
2013-09-29T12:00:00Z,10.625,72.725,0.0
2013-09-29T12:00:00Z,10.625,72.775,0.0
2013-09-29T12:00:00Z,10.575,72.425,0.0
2013-09-29T12:00:00Z,10.575,72.475,0.0
2013-09-29T12:00:00Z,10.575,72.525,0.0
2013-09-29T12:00:00Z,10.575,72.575,0.0
2013-09-29T12:00:00Z,10.575,72.625,0.0
2013-09-29T12:00:00Z,10.575,72.675,0.0
2013-09-29T12:00:00Z,10.575,72.725,0.0
2013-09-29T12:00:00Z,10.575,72.775,0.0
2013-09-29T12:00:00Z,10.525,72.425,0.0
2013-09-29T12:00:00Z,10.525,72.475,0.0
2013-09-29T12:00:00Z,10.525,72.525,0.0
2013-09-29T12:00:00Z,10.525,72.575,0.0
2013-09-29T12:00:00Z,10.525,72.625,0.0
2013-09-29T12:00:00Z,10.525,72.675,0.0
2013-09-29T12:00:00Z,10.525,72.725,0.0
2013-09-29T12:00:00Z,10.525,72.775,0.0
2013-09-29T12:00:00Z,10.475,72.425,0.0
2013-09-29T12:00:00Z,10.475,72.475,0.0
2013-09-29T12:00:00Z,10.475,72.525,0.0
2013-09-29T12:00:00Z,10.475,72.575,0.0
2013-09-29T12:00:00Z,10.475,72.625,0.0
2013-09-29T12:00:00Z,10.475,72.675,0.0
2013-09-29T12:00:00Z,10.475,72.725,0.0
2013-09-29T12:00:00Z,10.475,72.775,0.0
2013-09-29T12:00:00Z,10.425,72.425,0.0
2013-09-29T12:00:00Z,10.425,72.475,0.0
2013-09-29T12:00:00Z,10.425,72.525,0.0
2013-09-29T12:00:00Z,10.425,72.575,0.0
2013-09-29T12:00:00Z,10.425,72.625,0.0
2013-09-29T12:00:00Z,10.425,72.675,0.0
2013-09-29T12:00:00Z,10.425,72.725,0.0
2013-09-29T12:00:00Z,10.425,72.775,0.0
2013-09-29T12:00:00Z,10.375,72.425,0.0
2013-09-29T12:00:00Z,10.375,72.475,0.0
2013-09-29T12:00:00Z,10.375,72.525,0.0
2013-09-29T12:00:00Z,10.375,72.575,0.0
2013-09-29T12:00:00Z,10.375,72.625,0.0
2013-09-29T12:00:00Z,10.375,72.675,0.0
2013-09-29T12:00:00Z,10.375,72.725,0.0
2013-09-29T12:00:00Z,10.375,72.775,0.0
2013-10-29T12:00:00Z,10.625,72.425,0.0
2013-10-29T12:00:00Z,10.625,72.475,0.0
2013-10-29T12:00:00Z,10.625,72.525,0.0
2013-10-29T12:00:00Z,10.625,72.575,0.0
2013-10-29T12:00:00Z,10.625,72.625,0.0
2013-10-29T12:00:00Z,10.625,72.675,0.0
2013-10-29T12:00:00Z,10.625,72.725,0.0
2013-10-29T12:00:00Z,10.625,72.775,0.0
2013-10-29T12:00:00Z,10.575,72.425,0.0
2013-10-29T12:00:00Z,10.575,72.475,0.0
2013-10-29T12:00:00Z,10.575,72.525,0.0
2013-10-29T12:00:00Z,10.575,72.575,0.0
2013-10-29T12:00:00Z,10.575,72.625,0.0
2013-10-29T12:00:00Z,10.575,72.675,0.0
2013-10-29T12:00:00Z,10.575,72.725,0.0
2013-10-29T12:00:00Z,10.575,72.775,0.0
2013-10-29T12:00:00Z,10.525,72.425,0.0
2013-10-29T12:00:00Z,10.525,72.475,0.0
2013-10-29T12:00:00Z,10.525,72.525,0.0
2013-10-29T12:00:00Z,10.525,72.575,0.0
2013-10-29T12:00:00Z,10.525,72.625,0.0
2013-10-29T12:00:00Z,10.525,72.675,0.0
2013-10-29T12:00:00Z,10.525,72.725,0.0
2013-10-29T12:00:00Z,10.525,72.775,0.0
2013-10-29T12:00:00Z,10.475,72.425,0.0
2013-10-29T12:00:00Z,10.475,72.475,0.0
2013-10-29T12:00:00Z,10.475,72.525,0.0
2013-10-29T12:00:00Z,10.475,72.575,0.0
2013-10-29T12:00:00Z,10.475,72.625,0.0
2013-10-29T12:00:00Z,10.475,72.675,0.0
2013-10-29T12:00:00Z,10.475,72.725,0.0
2013-10-29T12:00:00Z,10.475,72.775,0.0
2013-10-29T12:00:00Z,10.425,72.425,0.0
2013-10-29T12:00:00Z,10.425,72.475,0.0
2013-10-29T12:00:00Z,10.425,72.525,0.0
2013-10-29T12:00:00Z,10.425,72.575,0.0
2013-10-29T12:00:00Z,10.425,72.625,0.0
2013-10-29T12:00:00Z,10.425,72.675,0.0
2013-10-29T12:00:00Z,10.425,72.725,0.0
2013-10-29T12:00:00Z,10.425,72.775,0.0
2013-10-29T12:00:00Z,10.375,72.425,0.0
2013-10-29T12:00:00Z,10.375,72.475,0.0
2013-10-29T12:00:00Z,10.375,72.525,0.0
2013-10-29T12:00:00Z,10.375,72.575,0.0
2013-10-29T12:00:00Z,10.375,72.625,0.0
2013-10-29T12:00:00Z,10.375,72.675,0.0
2013-10-29T12:00:00Z,10.375,72.725,0.0
2013-10-29T12:00:00Z,10.375,72.775,0.0
2013-11-28T12:00:00Z,10.625,72.425,0.0
2013-11-28T12:00:00Z,10.625,72.475,0.0
2013-11-28T12:00:00Z,10.625,72.525,0.0
2013-11-28T12:00:00Z,10.625,72.575,0.0
2013-11-28T12:00:00Z,10.625,72.625,0.0
2013-11-28T12:00:00Z,10.625,72.675,0.0
2013-11-28T12:00:00Z,10.625,72.725,0.0
2013-11-28T12:00:00Z,10.625,72.775,0.0
2013-11-28T12:00:00Z,10.575,72.425,0.0
2013-11-28T12:00:00Z,10.575,72.475,0.0
2013-11-28T12:00:00Z,10.575,72.525,0.0
2013-11-28T12:00:00Z,10.575,72.575,0.0
2013-11-28T12:00:00Z,10.575,72.625,0.0
2013-11-28T12:00:00Z,10.575,72.675,0.0
2013-11-28T12:00:00Z,10.575,72.725,0.0
2013-11-28T12:00:00Z,10.575,72.775,0.0
2013-11-28T12:00:00Z,10.525,72.425,0.0
2013-11-28T12:00:00Z,10.525,72.475,0.0
2013-11-28T12:00:00Z,10.525,72.525,0.0
2013-11-28T12:00:00Z,10.525,72.575,0.0
2013-11-28T12:00:00Z,10.525,72.625,0.0
2013-11-28T12:00:00Z,10.525,72.675,0.0
2013-11-28T12:00:00Z,10.525,72.725,0.0
2013-11-28T12:00:00Z,10.525,72.775,0.0
2013-11-28T12:00:00Z,10.475,72.425,0.0
2013-11-28T12:00:00Z,10.475,72.475,0.0
2013-11-28T12:00:00Z,10.475,72.525,0.0
2013-11-28T12:00:00Z,10.475,72.575,0.0
2013-11-28T12:00:00Z,10.475,72.625,0.0
2013-11-28T12:00:00Z,10.475,72.675,0.0
2013-11-28T12:00:00Z,10.475,72.725,0.0
2013-11-28T12:00:00Z,10.475,72.775,0.0
2013-11-28T12:00:00Z,10.425,72.425,0.0
2013-11-28T12:00:00Z,10.425,72.475,0.0
2013-11-28T12:00:00Z,10.425,72.525,0.0
2013-11-28T12:00:00Z,10.425,72.575,0.0
2013-11-28T12:00:00Z,10.425,72.625,0.0
2013-11-28T12:00:00Z,10.425,72.675,0.0
2013-11-28T12:00:00Z,10.425,72.725,0.0
2013-11-28T12:00:00Z,10.425,72.775,0.0
2013-11-28T12:00:00Z,10.375,72.425,0.0
2013-11-28T12:00:00Z,10.375,72.475,0.0
2013-11-28T12:00:00Z,10.375,72.525,0.0
2013-11-28T12:00:00Z,10.375,72.575,0.0
2013-11-28T12:00:00Z,10.375,72.625,0.0
2013-11-28T12:00:00Z,10.375,72.675,0.0
2013-11-28T12:00:00Z,10.375,72.725,0.0
2013-11-28T12:00:00Z,10.375,72.775,0.0
2013-12-28T12:00:00Z,10.625,72.425,0.0
2013-12-28T12:00:00Z,10.625,72.475,0.0
2013-12-28T12:00:00Z,10.625,72.525,0.0
2013-12-28T12:00:00Z,10.625,72.575,0.0
2013-12-28T12:00:00Z,10.625,72.625,0.0
2013-12-28T12:00:00Z,10.625,72.675,0.0
2013-12-28T12:00:00Z,10.625,72.725,0.0
2013-12-28T12:00:00Z,10.625,72.775,0.0
2013-12-28T12:00:00Z,10.575,72.425,0.0
2013-12-28T12:00:00Z,10.575,72.475,0.0
2013-12-28T12:00:00Z,10.575,72.525,0.0
2013-12-28T12:00:00Z,10.575,72.575,0.0
2013-12-28T12:00:00Z,10.575,72.625,0.0
2013-12-28T12:00:00Z,10.575,72.675,0.0
2013-12-28T12:00:00Z,10.575,72.725,0.0
2013-12-28T12:00:00Z,10.575,72.775,0.0
2013-12-28T12:00:00Z,10.525,72.425,0.0
2013-12-28T12:00:00Z,10.525,72.475,0.0
2013-12-28T12:00:00Z,10.525,72.525,0.0
2013-12-28T12:00:00Z,10.525,72.575,0.0
2013-12-28T12:00:00Z,10.525,72.625,0.0
2013-12-28T12:00:00Z,10.525,72.675,0.0
2013-12-28T12:00:00Z,10.525,72.725,0.0
2013-12-28T12:00:00Z,10.525,72.775,0.0
2013-12-28T12:00:00Z,10.475,72.425,0.0
2013-12-28T12:00:00Z,10.475,72.475,0.0
2013-12-28T12:00:00Z,10.475,72.525,0.0
2013-12-28T12:00:00Z,10.475,72.575,0.0
2013-12-28T12:00:00Z,10.475,72.625,0.0
2013-12-28T12:00:00Z,10.475,72.675,0.0
2013-12-28T12:00:00Z,10.475,72.725,0.0
2013-12-28T12:00:00Z,10.475,72.775,0.0
2013-12-28T12:00:00Z,10.425,72.425,0.0
2013-12-28T12:00:00Z,10.425,72.475,0.0
2013-12-28T12:00:00Z,10.425,72.525,0.0
2013-12-28T12:00:00Z,10.425,72.575,0.0
2013-12-28T12:00:00Z,10.425,72.625,0.0
2013-12-28T12:00:00Z,10.425,72.675,0.0
2013-12-28T12:00:00Z,10.425,72.725,0.0
2013-12-28T12:00:00Z,10.425,72.775,0.0
2013-12-28T12:00:00Z,10.375,72.425,0.0
2013-12-28T12:00:00Z,10.375,72.475,0.0
2013-12-28T12:00:00Z,10.375,72.525,0.0
2013-12-28T12:00:00Z,10.375,72.575,0.0
2013-12-28T12:00:00Z,10.375,72.625,0.0
2013-12-28T12:00:00Z,10.375,72.675,0.0
2013-12-28T12:00:00Z,10.375,72.725,0.0
2013-12-28T12:00:00Z,10.375,72.775,0.0
2014-01-27T12:00:00Z,10.625,72.425,0.0
2014-01-27T12:00:00Z,10.625,72.475,0.0
2014-01-27T12:00:00Z,10.625,72.525,0.0
2014-01-27T12:00:00Z,10.625,72.575,0.0
2014-01-27T12:00:00Z,10.625,72.625,0.0
2014-01-27T12:00:00Z,10.625,72.675,0.0
2014-01-27T12:00:00Z,10.625,72.725,0.0
2014-01-27T12:00:00Z,10.625,72.775,0.0
2014-01-27T12:00:00Z,10.575,72.425,0.0
2014-01-27T12:00:00Z,10.575,72.475,0.0
2014-01-27T12:00:00Z,10.575,72.525,0.0
2014-01-27T12:00:00Z,10.575,72.575,0.0
2014-01-27T12:00:00Z,10.575,72.625,0.0
2014-01-27T12:00:00Z,10.575,72.675,0.0
2014-01-27T12:00:00Z,10.575,72.725,0.0
2014-01-27T12:00:00Z,10.575,72.775,0.0
2014-01-27T12:00:00Z,10.525,72.425,0.0
2014-01-27T12:00:00Z,10.525,72.475,0.0
2014-01-27T12:00:00Z,10.525,72.525,0.0
2014-01-27T12:00:00Z,10.525,72.575,0.0
2014-01-27T12:00:00Z,10.525,72.625,0.0
2014-01-27T12:00:00Z,10.525,72.675,0.0
2014-01-27T12:00:00Z,10.525,72.725,0.0
2014-01-27T12:00:00Z,10.525,72.775,0.0
2014-01-27T12:00:00Z,10.475,72.425,0.0
2014-01-27T12:00:00Z,10.475,72.475,0.0
2014-01-27T12:00:00Z,10.475,72.525,0.0
2014-01-27T12:00:00Z,10.475,72.575,0.0
2014-01-27T12:00:00Z,10.475,72.625,0.0
2014-01-27T12:00:00Z,10.475,72.675,0.0
2014-01-27T12:00:00Z,10.475,72.725,0.0
2014-01-27T12:00:00Z,10.475,72.775,0.0
2014-01-27T12:00:00Z,10.425,72.425,0.0
2014-01-27T12:00:00Z,10.425,72.475,0.0
2014-01-27T12:00:00Z,10.425,72.525,0.0
2014-01-27T12:00:00Z,10.425,72.575,0.0
2014-01-27T12:00:00Z,10.425,72.625,0.0
2014-01-27T12:00:00Z,10.425,72.675,0.0
2014-01-27T12:00:00Z,10.425,72.725,0.0
2014-01-27T12:00:00Z,10.425,72.775,0.0
2014-01-27T12:00:00Z,10.375,72.425,0.0
2014-01-27T12:00:00Z,10.375,72.475,0.0
2014-01-27T12:00:00Z,10.375,72.525,0.0
2014-01-27T12:00:00Z,10.375,72.575,0.0
2014-01-27T12:00:00Z,10.375,72.625,0.0
2014-01-27T12:00:00Z,10.375,72.675,0.0
2014-01-27T12:00:00Z,10.375,72.725,0.0
2014-01-27T12:00:00Z,10.375,72.775,0.0
2014-02-26T12:00:00Z,10.625,72.425,0.0
2014-02-26T12:00:00Z,10.625,72.475,0.0
2014-02-26T12:00:00Z,10.625,72.525,0.0
2014-02-26T12:00:00Z,10.625,72.575,0.0
2014-02-26T12:00:00Z,10.625,72.625,0.0
2014-02-26T12:00:00Z,10.625,72.675,0.0
2014-02-26T12:00:00Z,10.625,72.725,0.0
2014-02-26T12:00:00Z,10.625,72.775,0.0
2014-02-26T12:00:00Z,10.575,72.425,0.0
2014-02-26T12:00:00Z,10.575,72.475,0.0
2014-02-26T12:00:00Z,10.575,72.525,0.0
2014-02-26T12:00:00Z,10.575,72.575,0.0
2014-02-26T12:00:00Z,10.575,72.625,0.0
2014-02-26T12:00:00Z,10.575,72.675,0.0
2014-02-26T12:00:00Z,10.575,72.725,0.0
2014-02-26T12:00:00Z,10.575,72.775,0.0
2014-02-26T12:00:00Z,10.525,72.425,0.0
2014-02-26T12:00:00Z,10.525,72.475,0.0
2014-02-26T12:00:00Z,10.525,72.525,0.0
2014-02-26T12:00:00Z,10.525,72.575,0.0
2014-02-26T12:00:00Z,10.525,72.625,0.0
2014-02-26T12:00:00Z,10.525,72.675,0.0
2014-02-26T12:00:00Z,10.525,72.725,0.0
2014-02-26T12:00:00Z,10.525,72.775,0.0
2014-02-26T12:00:00Z,10.475,72.425,0.0
2014-02-26T12:00:00Z,10.475,72.475,0.0
2014-02-26T12:00:00Z,10.475,72.525,0.0
2014-02-26T12:00:00Z,10.475,72.575,0.0
2014-02-26T12:00:00Z,10.475,72.625,0.0
2014-02-26T12:00:00Z,10.475,72.675,0.0
2014-02-26T12:00:00Z,10.475,72.725,0.0
2014-02-26T12:00:00Z,10.475,72.775,0.0
2014-02-26T12:00:00Z,10.425,72.425,0.0
2014-02-26T12:00:00Z,10.425,72.475,0.0
2014-02-26T12:00:00Z,10.425,72.525,0.0
2014-02-26T12:00:00Z,10.425,72.575,0.0
2014-02-26T12:00:00Z,10.425,72.625,0.0
2014-02-26T12:00:00Z,10.425,72.675,0.0
2014-02-26T12:00:00Z,10.425,72.725,0.0
2014-02-26T12:00:00Z,10.425,72.775,0.0
2014-02-26T12:00:00Z,10.375,72.425,0.0
2014-02-26T12:00:00Z,10.375,72.475,0.0
2014-02-26T12:00:00Z,10.375,72.525,0.0
2014-02-26T12:00:00Z,10.375,72.575,0.0
2014-02-26T12:00:00Z,10.375,72.625,0.0
2014-02-26T12:00:00Z,10.375,72.675,0.0
2014-02-26T12:00:00Z,10.375,72.725,0.0
2014-02-26T12:00:00Z,10.375,72.775,0.0
2014-03-28T12:00:00Z,10.625,72.425,0.0
2014-03-28T12:00:00Z,10.625,72.475,0.0
2014-03-28T12:00:00Z,10.625,72.525,0.0
2014-03-28T12:00:00Z,10.625,72.575,0.0
2014-03-28T12:00:00Z,10.625,72.625,0.0
2014-03-28T12:00:00Z,10.625,72.675,0.0
2014-03-28T12:00:00Z,10.625,72.725,0.0
2014-03-28T12:00:00Z,10.625,72.775,0.0
2014-03-28T12:00:00Z,10.575,72.425,0.0
2014-03-28T12:00:00Z,10.575,72.475,0.0
2014-03-28T12:00:00Z,10.575,72.525,0.0
2014-03-28T12:00:00Z,10.575,72.575,0.0
2014-03-28T12:00:00Z,10.575,72.625,0.0
2014-03-28T12:00:00Z,10.575,72.675,0.0
2014-03-28T12:00:00Z,10.575,72.725,0.0
2014-03-28T12:00:00Z,10.575,72.775,0.0
2014-03-28T12:00:00Z,10.525,72.425,0.0
2014-03-28T12:00:00Z,10.525,72.475,0.0
2014-03-28T12:00:00Z,10.525,72.525,0.0
2014-03-28T12:00:00Z,10.525,72.575,0.0
2014-03-28T12:00:00Z,10.525,72.625,0.0
2014-03-28T12:00:00Z,10.525,72.675,0.0
2014-03-28T12:00:00Z,10.525,72.725,0.0
2014-03-28T12:00:00Z,10.525,72.775,0.0
2014-03-28T12:00:00Z,10.475,72.425,0.0
2014-03-28T12:00:00Z,10.475,72.475,0.0
2014-03-28T12:00:00Z,10.475,72.525,0.0
2014-03-28T12:00:00Z,10.475,72.575,0.0
2014-03-28T12:00:00Z,10.475,72.625,0.0
2014-03-28T12:00:00Z,10.475,72.675,0.0
2014-03-28T12:00:00Z,10.475,72.725,0.0
2014-03-28T12:00:00Z,10.475,72.775,0.0
2014-03-28T12:00:00Z,10.425,72.425,0.0
2014-03-28T12:00:00Z,10.425,72.475,0.0
2014-03-28T12:00:00Z,10.425,72.525,0.0
2014-03-28T12:00:00Z,10.425,72.575,0.0
2014-03-28T12:00:00Z,10.425,72.625,0.0
2014-03-28T12:00:00Z,10.425,72.675,0.0
2014-03-28T12:00:00Z,10.425,72.725,0.0
2014-03-28T12:00:00Z,10.425,72.775,0.0
2014-03-28T12:00:00Z,10.375,72.425,0.0
2014-03-28T12:00:00Z,10.375,72.475,0.0
2014-03-28T12:00:00Z,10.375,72.525,0.0
2014-03-28T12:00:00Z,10.375,72.575,0.0
2014-03-28T12:00:00Z,10.375,72.625,0.0
2014-03-28T12:00:00Z,10.375,72.675,0.0
2014-03-28T12:00:00Z,10.375,72.725,0.0
2014-03-28T12:00:00Z,10.375,72.775,0.0
2014-04-27T12:00:00Z,10.625,72.425,0.0
2014-04-27T12:00:00Z,10.625,72.475,0.0
2014-04-27T12:00:00Z,10.625,72.525,0.0
2014-04-27T12:00:00Z,10.625,72.575,0.0
2014-04-27T12:00:00Z,10.625,72.625,0.0
2014-04-27T12:00:00Z,10.625,72.675,0.0
2014-04-27T12:00:00Z,10.625,72.725,0.0
2014-04-27T12:00:00Z,10.625,72.775,0.0
2014-04-27T12:00:00Z,10.575,72.425,0.0
2014-04-27T12:00:00Z,10.575,72.475,0.0
2014-04-27T12:00:00Z,10.575,72.525,0.0
2014-04-27T12:00:00Z,10.575,72.575,0.0
2014-04-27T12:00:00Z,10.575,72.625,0.0
2014-04-27T12:00:00Z,10.575,72.675,0.0
2014-04-27T12:00:00Z,10.575,72.725,0.0
2014-04-27T12:00:00Z,10.575,72.775,0.0
2014-04-27T12:00:00Z,10.525,72.425,0.0
2014-04-27T12:00:00Z,10.525,72.475,0.0
2014-04-27T12:00:00Z,10.525,72.525,0.0
2014-04-27T12:00:00Z,10.525,72.575,0.0
2014-04-27T12:00:00Z,10.525,72.625,0.0
2014-04-27T12:00:00Z,10.525,72.675,0.0
2014-04-27T12:00:00Z,10.525,72.725,0.0
2014-04-27T12:00:00Z,10.525,72.775,0.0
2014-04-27T12:00:00Z,10.475,72.425,0.0
2014-04-27T12:00:00Z,10.475,72.475,0.0
2014-04-27T12:00:00Z,10.475,72.525,0.0
2014-04-27T12:00:00Z,10.475,72.575,0.0
2014-04-27T12:00:00Z,10.475,72.625,0.0
2014-04-27T12:00:00Z,10.475,72.675,0.0
2014-04-27T12:00:00Z,10.475,72.725,0.0
2014-04-27T12:00:00Z,10.475,72.775,0.0
2014-04-27T12:00:00Z,10.425,72.425,0.0
2014-04-27T12:00:00Z,10.425,72.475,0.0
2014-04-27T12:00:00Z,10.425,72.525,0.0
2014-04-27T12:00:00Z,10.425,72.575,0.0
2014-04-27T12:00:00Z,10.425,72.625,0.0
2014-04-27T12:00:00Z,10.425,72.675,0.0
2014-04-27T12:00:00Z,10.425,72.725,0.0
2014-04-27T12:00:00Z,10.425,72.775,0.0
2014-04-27T12:00:00Z,10.375,72.425,0.0
2014-04-27T12:00:00Z,10.375,72.475,0.0
2014-04-27T12:00:00Z,10.375,72.525,0.0
2014-04-27T12:00:00Z,10.375,72.575,0.0
2014-04-27T12:00:00Z,10.375,72.625,0.0
2014-04-27T12:00:00Z,10.375,72.675,0.0
2014-04-27T12:00:00Z,10.375,72.725,0.0
2014-04-27T12:00:00Z,10.375,72.775,0.0
2014-05-27T12:00:00Z,10.625,72.425,0.0
2014-05-27T12:00:00Z,10.625,72.475,0.0
2014-05-27T12:00:00Z,10.625,72.525,0.0
2014-05-27T12:00:00Z,10.625,72.575,0.0
2014-05-27T12:00:00Z,10.625,72.625,0.0
2014-05-27T12:00:00Z,10.625,72.675,0.0
2014-05-27T12:00:00Z,10.625,72.725,0.0
2014-05-27T12:00:00Z,10.625,72.775,0.0
2014-05-27T12:00:00Z,10.575,72.425,0.0
2014-05-27T12:00:00Z,10.575,72.475,0.0
2014-05-27T12:00:00Z,10.575,72.525,0.0
2014-05-27T12:00:00Z,10.575,72.575,0.0
2014-05-27T12:00:00Z,10.575,72.625,0.0
2014-05-27T12:00:00Z,10.575,72.675,0.0
2014-05-27T12:00:00Z,10.575,72.725,0.0
2014-05-27T12:00:00Z,10.575,72.775,0.0
2014-05-27T12:00:00Z,10.525,72.425,0.0
2014-05-27T12:00:00Z,10.525,72.475,0.0
2014-05-27T12:00:00Z,10.525,72.525,0.0
2014-05-27T12:00:00Z,10.525,72.575,0.0
2014-05-27T12:00:00Z,10.525,72.625,0.0
2014-05-27T12:00:00Z,10.525,72.675,0.0
2014-05-27T12:00:00Z,10.525,72.725,0.0
2014-05-27T12:00:00Z,10.525,72.775,0.0
2014-05-27T12:00:00Z,10.475,72.425,0.0
2014-05-27T12:00:00Z,10.475,72.475,0.0
2014-05-27T12:00:00Z,10.475,72.525,0.0
2014-05-27T12:00:00Z,10.475,72.575,0.0
2014-05-27T12:00:00Z,10.475,72.625,0.0
2014-05-27T12:00:00Z,10.475,72.675,0.0
2014-05-27T12:00:00Z,10.475,72.725,0.0
2014-05-27T12:00:00Z,10.475,72.775,0.0
2014-05-27T12:00:00Z,10.425,72.425,0.0
2014-05-27T12:00:00Z,10.425,72.475,0.0
2014-05-27T12:00:00Z,10.425,72.525,0.0
2014-05-27T12:00:00Z,10.425,72.575,0.0
2014-05-27T12:00:00Z,10.425,72.625,0.0
2014-05-27T12:00:00Z,10.425,72.675,0.0
2014-05-27T12:00:00Z,10.425,72.725,0.0
2014-05-27T12:00:00Z,10.425,72.775,0.0
2014-05-27T12:00:00Z,10.375,72.425,0.0
2014-05-27T12:00:00Z,10.375,72.475,0.0
2014-05-27T12:00:00Z,10.375,72.525,0.0
2014-05-27T12:00:00Z,10.375,72.575,0.0
2014-05-27T12:00:00Z,10.375,72.625,0.0
2014-05-27T12:00:00Z,10.375,72.675,0.0
2014-05-27T12:00:00Z,10.375,72.725,0.0
2014-05-27T12:00:00Z,10.375,72.775,0.0
2014-06-26T12:00:00Z,10.625,72.425,0.0
2014-06-26T12:00:00Z,10.625,72.475,0.0
2014-06-26T12:00:00Z,10.625,72.525,0.0
2014-06-26T12:00:00Z,10.625,72.575,0.0
2014-06-26T12:00:00Z,10.625,72.625,0.0
2014-06-26T12:00:00Z,10.625,72.675,0.0
2014-06-26T12:00:00Z,10.625,72.725,0.0
2014-06-26T12:00:00Z,10.625,72.775,0.0
2014-06-26T12:00:00Z,10.575,72.425,0.0
2014-06-26T12:00:00Z,10.575,72.475,0.0
2014-06-26T12:00:00Z,10.575,72.525,0.0
2014-06-26T12:00:00Z,10.575,72.575,0.0
2014-06-26T12:00:00Z,10.575,72.625,0.0
2014-06-26T12:00:00Z,10.575,72.675,0.0
2014-06-26T12:00:00Z,10.575,72.725,0.0
2014-06-26T12:00:00Z,10.575,72.775,0.0
2014-06-26T12:00:00Z,10.525,72.425,0.0
2014-06-26T12:00:00Z,10.525,72.475,0.0
2014-06-26T12:00:00Z,10.525,72.525,0.0
2014-06-26T12:00:00Z,10.525,72.575,0.0
2014-06-26T12:00:00Z,10.525,72.625,0.0
2014-06-26T12:00:00Z,10.525,72.675,0.0
2014-06-26T12:00:00Z,10.525,72.725,0.0
2014-06-26T12:00:00Z,10.525,72.775,0.0
2014-06-26T12:00:00Z,10.475,72.425,0.0
2014-06-26T12:00:00Z,10.475,72.475,0.0
2014-06-26T12:00:00Z,10.475,72.525,0.0
2014-06-26T12:00:00Z,10.475,72.575,0.0
2014-06-26T12:00:00Z,10.475,72.625,0.0
2014-06-26T12:00:00Z,10.475,72.675,0.0
2014-06-26T12:00:00Z,10.475,72.725,0.0
2014-06-26T12:00:00Z,10.475,72.775,0.0
2014-06-26T12:00:00Z,10.425,72.425,0.0
2014-06-26T12:00:00Z,10.425,72.475,0.0
2014-06-26T12:00:00Z,10.425,72.525,0.0
2014-06-26T12:00:00Z,10.425,72.575,0.0
2014-06-26T12:00:00Z,10.425,72.625,0.0
2014-06-26T12:00:00Z,10.425,72.675,0.0
2014-06-26T12:00:00Z,10.425,72.725,0.0
2014-06-26T12:00:00Z,10.425,72.775,0.0
2014-06-26T12:00:00Z,10.375,72.425,0.0
2014-06-26T12:00:00Z,10.375,72.475,0.0
2014-06-26T12:00:00Z,10.375,72.525,0.0
2014-06-26T12:00:00Z,10.375,72.575,0.0
2014-06-26T12:00:00Z,10.375,72.625,0.0
2014-06-26T12:00:00Z,10.375,72.675,0.0
2014-06-26T12:00:00Z,10.375,72.725,0.0
2014-06-26T12:00:00Z,10.375,72.775,0.0
2014-07-26T12:00:00Z,10.625,72.425,0.0
2014-07-26T12:00:00Z,10.625,72.475,0.0
2014-07-26T12:00:00Z,10.625,72.525,0.0
2014-07-26T12:00:00Z,10.625,72.575,0.0
2014-07-26T12:00:00Z,10.625,72.625,0.0
2014-07-26T12:00:00Z,10.625,72.675,0.0
2014-07-26T12:00:00Z,10.625,72.725,0.0
2014-07-26T12:00:00Z,10.625,72.775,0.0
2014-07-26T12:00:00Z,10.575,72.425,0.0
2014-07-26T12:00:00Z,10.575,72.475,0.0
2014-07-26T12:00:00Z,10.575,72.525,0.0
2014-07-26T12:00:00Z,10.575,72.575,0.0
2014-07-26T12:00:00Z,10.575,72.625,0.0
2014-07-26T12:00:00Z,10.575,72.675,0.0
2014-07-26T12:00:00Z,10.575,72.725,0.0
2014-07-26T12:00:00Z,10.575,72.775,0.0
2014-07-26T12:00:00Z,10.525,72.425,0.0
2014-07-26T12:00:00Z,10.525,72.475,0.0
2014-07-26T12:00:00Z,10.525,72.525,0.0
2014-07-26T12:00:00Z,10.525,72.575,0.0
2014-07-26T12:00:00Z,10.525,72.625,0.0
2014-07-26T12:00:00Z,10.525,72.675,0.0
2014-07-26T12:00:00Z,10.525,72.725,0.0
2014-07-26T12:00:00Z,10.525,72.775,0.0
2014-07-26T12:00:00Z,10.475,72.425,0.0
2014-07-26T12:00:00Z,10.475,72.475,0.0
2014-07-26T12:00:00Z,10.475,72.525,0.0
2014-07-26T12:00:00Z,10.475,72.575,0.0
2014-07-26T12:00:00Z,10.475,72.625,0.0
2014-07-26T12:00:00Z,10.475,72.675,0.0
2014-07-26T12:00:00Z,10.475,72.725,0.0
2014-07-26T12:00:00Z,10.475,72.775,0.0
2014-07-26T12:00:00Z,10.425,72.425,0.0
2014-07-26T12:00:00Z,10.425,72.475,0.0
2014-07-26T12:00:00Z,10.425,72.525,0.0
2014-07-26T12:00:00Z,10.425,72.575,0.0
2014-07-26T12:00:00Z,10.425,72.625,0.0
2014-07-26T12:00:00Z,10.425,72.675,0.0
2014-07-26T12:00:00Z,10.425,72.725,0.0
2014-07-26T12:00:00Z,10.425,72.775,0.0
2014-07-26T12:00:00Z,10.375,72.425,0.0
2014-07-26T12:00:00Z,10.375,72.475,0.0
2014-07-26T12:00:00Z,10.375,72.525,0.0
2014-07-26T12:00:00Z,10.375,72.575,0.0
2014-07-26T12:00:00Z,10.375,72.625,0.0
2014-07-26T12:00:00Z,10.375,72.675,0.0
2014-07-26T12:00:00Z,10.375,72.725,0.0
2014-07-26T12:00:00Z,10.375,72.775,0.0
2014-08-25T12:00:00Z,10.625,72.425,0.0
2014-08-25T12:00:00Z,10.625,72.475,0.0
2014-08-25T12:00:00Z,10.625,72.525,0.0
2014-08-25T12:00:00Z,10.625,72.575,0.0
2014-08-25T12:00:00Z,10.625,72.625,0.0
2014-08-25T12:00:00Z,10.625,72.675,0.0
2014-08-25T12:00:00Z,10.625,72.725,0.0
2014-08-25T12:00:00Z,10.625,72.775,0.0
2014-08-25T12:00:00Z,10.575,72.425,0.0
2014-08-25T12:00:00Z,10.575,72.475,0.0
2014-08-25T12:00:00Z,10.575,72.525,0.0
2014-08-25T12:00:00Z,10.575,72.575,0.0
2014-08-25T12:00:00Z,10.575,72.625,0.0
2014-08-25T12:00:00Z,10.575,72.675,0.0
2014-08-25T12:00:00Z,10.575,72.725,0.0
2014-08-25T12:00:00Z,10.575,72.775,0.0
2014-08-25T12:00:00Z,10.525,72.425,0.0
2014-08-25T12:00:00Z,10.525,72.475,0.0
2014-08-25T12:00:00Z,10.525,72.525,0.0
2014-08-25T12:00:00Z,10.525,72.575,0.0
2014-08-25T12:00:00Z,10.525,72.625,0.0
2014-08-25T12:00:00Z,10.525,72.675,0.0
2014-08-25T12:00:00Z,10.525,72.725,0.0
2014-08-25T12:00:00Z,10.525,72.775,0.0
2014-08-25T12:00:00Z,10.475,72.425,0.0
2014-08-25T12:00:00Z,10.475,72.475,0.0
2014-08-25T12:00:00Z,10.475,72.525,0.0
2014-08-25T12:00:00Z,10.475,72.575,0.0
2014-08-25T12:00:00Z,10.475,72.625,0.0
2014-08-25T12:00:00Z,10.475,72.675,0.0
2014-08-25T12:00:00Z,10.475,72.725,0.0
2014-08-25T12:00:00Z,10.475,72.775,0.0
2014-08-25T12:00:00Z,10.425,72.425,0.0
2014-08-25T12:00:00Z,10.425,72.475,0.0
2014-08-25T12:00:00Z,10.425,72.525,0.0
2014-08-25T12:00:00Z,10.425,72.575,0.0
2014-08-25T12:00:00Z,10.425,72.625,0.0
2014-08-25T12:00:00Z,10.425,72.675,0.0
2014-08-25T12:00:00Z,10.425,72.725,0.0
2014-08-25T12:00:00Z,10.425,72.775,0.0
2014-08-25T12:00:00Z,10.375,72.425,0.0
2014-08-25T12:00:00Z,10.375,72.475,0.0
2014-08-25T12:00:00Z,10.375,72.525,0.0
2014-08-25T12:00:00Z,10.375,72.575,0.0
2014-08-25T12:00:00Z,10.375,72.625,0.0
2014-08-25T12:00:00Z,10.375,72.675,0.0
2014-08-25T12:00:00Z,10.375,72.725,0.0
2014-08-25T12:00:00Z,10.375,72.775,0.0
2014-09-24T12:00:00Z,10.625,72.425,0.0
2014-09-24T12:00:00Z,10.625,72.475,0.0
2014-09-24T12:00:00Z,10.625,72.525,0.0
2014-09-24T12:00:00Z,10.625,72.575,0.0
2014-09-24T12:00:00Z,10.625,72.625,0.0
2014-09-24T12:00:00Z,10.625,72.675,0.0
2014-09-24T12:00:00Z,10.625,72.725,0.0
2014-09-24T12:00:00Z,10.625,72.775,0.0
2014-09-24T12:00:00Z,10.575,72.425,0.0
2014-09-24T12:00:00Z,10.575,72.475,0.0
2014-09-24T12:00:00Z,10.575,72.525,0.0
2014-09-24T12:00:00Z,10.575,72.575,0.0
2014-09-24T12:00:00Z,10.575,72.625,0.0
2014-09-24T12:00:00Z,10.575,72.675,0.0
2014-09-24T12:00:00Z,10.575,72.725,0.0
2014-09-24T12:00:00Z,10.575,72.775,0.0
2014-09-24T12:00:00Z,10.525,72.425,0.0
2014-09-24T12:00:00Z,10.525,72.475,0.0
2014-09-24T12:00:00Z,10.525,72.525,0.0
2014-09-24T12:00:00Z,10.525,72.575,0.0
2014-09-24T12:00:00Z,10.525,72.625,0.0
2014-09-24T12:00:00Z,10.525,72.675,0.0
2014-09-24T12:00:00Z,10.525,72.725,0.0
2014-09-24T12:00:00Z,10.525,72.775,0.0
2014-09-24T12:00:00Z,10.475,72.425,0.0
2014-09-24T12:00:00Z,10.475,72.475,0.0
2014-09-24T12:00:00Z,10.475,72.525,0.0
2014-09-24T12:00:00Z,10.475,72.575,0.0
2014-09-24T12:00:00Z,10.475,72.625,0.0
2014-09-24T12:00:00Z,10.475,72.675,0.0
2014-09-24T12:00:00Z,10.475,72.725,0.0
2014-09-24T12:00:00Z,10.475,72.775,0.0
2014-09-24T12:00:00Z,10.425,72.425,0.0
2014-09-24T12:00:00Z,10.425,72.475,0.0
2014-09-24T12:00:00Z,10.425,72.525,0.0
2014-09-24T12:00:00Z,10.425,72.575,0.0
2014-09-24T12:00:00Z,10.425,72.625,0.0
2014-09-24T12:00:00Z,10.425,72.675,0.0
2014-09-24T12:00:00Z,10.425,72.725,0.0
2014-09-24T12:00:00Z,10.425,72.775,0.0
2014-09-24T12:00:00Z,10.375,72.425,0.0
2014-09-24T12:00:00Z,10.375,72.475,0.0
2014-09-24T12:00:00Z,10.375,72.525,0.0
2014-09-24T12:00:00Z,10.375,72.575,0.0
2014-09-24T12:00:00Z,10.375,72.625,0.0
2014-09-24T12:00:00Z,10.375,72.675,0.0
2014-09-24T12:00:00Z,10.375,72.725,0.0
2014-09-24T12:00:00Z,10.375,72.775,0.0
2014-10-24T12:00:00Z,10.625,72.425,0.0
2014-10-24T12:00:00Z,10.625,72.475,0.0
2014-10-24T12:00:00Z,10.625,72.525,0.0
2014-10-24T12:00:00Z,10.625,72.575,0.0
2014-10-24T12:00:00Z,10.625,72.625,0.0
2014-10-24T12:00:00Z,10.625,72.675,0.0
2014-10-24T12:00:00Z,10.625,72.725,0.0
2014-10-24T12:00:00Z,10.625,72.775,0.0
2014-10-24T12:00:00Z,10.575,72.425,0.0
2014-10-24T12:00:00Z,10.575,72.475,0.0
2014-10-24T12:00:00Z,10.575,72.525,0.0
2014-10-24T12:00:00Z,10.575,72.575,0.0
2014-10-24T12:00:00Z,10.575,72.625,0.0
2014-10-24T12:00:00Z,10.575,72.675,0.0
2014-10-24T12:00:00Z,10.575,72.725,0.0
2014-10-24T12:00:00Z,10.575,72.775,0.0
2014-10-24T12:00:00Z,10.525,72.425,0.0
2014-10-24T12:00:00Z,10.525,72.475,0.0
2014-10-24T12:00:00Z,10.525,72.525,0.0
2014-10-24T12:00:00Z,10.525,72.575,0.0
2014-10-24T12:00:00Z,10.525,72.625,0.0
2014-10-24T12:00:00Z,10.525,72.675,0.0
2014-10-24T12:00:00Z,10.525,72.725,0.0
2014-10-24T12:00:00Z,10.525,72.775,0.0
2014-10-24T12:00:00Z,10.475,72.425,0.0
2014-10-24T12:00:00Z,10.475,72.475,0.0
2014-10-24T12:00:00Z,10.475,72.525,0.0
2014-10-24T12:00:00Z,10.475,72.575,0.0
2014-10-24T12:00:00Z,10.475,72.625,0.0
2014-10-24T12:00:00Z,10.475,72.675,0.0
2014-10-24T12:00:00Z,10.475,72.725,0.0
2014-10-24T12:00:00Z,10.475,72.775,0.0
2014-10-24T12:00:00Z,10.425,72.425,0.0
2014-10-24T12:00:00Z,10.425,72.475,0.0
2014-10-24T12:00:00Z,10.425,72.525,0.0
2014-10-24T12:00:00Z,10.425,72.575,0.0
2014-10-24T12:00:00Z,10.425,72.625,0.0
2014-10-24T12:00:00Z,10.425,72.675,0.0
2014-10-24T12:00:00Z,10.425,72.725,0.0
2014-10-24T12:00:00Z,10.425,72.775,0.0
2014-10-24T12:00:00Z,10.375,72.425,0.0
2014-10-24T12:00:00Z,10.375,72.475,0.0
2014-10-24T12:00:00Z,10.375,72.525,0.0
2014-10-24T12:00:00Z,10.375,72.575,0.0
2014-10-24T12:00:00Z,10.375,72.625,0.0
2014-10-24T12:00:00Z,10.375,72.675,0.0
2014-10-24T12:00:00Z,10.375,72.725,0.0
2014-10-24T12:00:00Z,10.375,72.775,0.0
2014-11-23T12:00:00Z,10.625,72.425,0.0
2014-11-23T12:00:00Z,10.625,72.475,0.0
2014-11-23T12:00:00Z,10.625,72.525,0.0
2014-11-23T12:00:00Z,10.625,72.575,0.0
2014-11-23T12:00:00Z,10.625,72.625,0.0
2014-11-23T12:00:00Z,10.625,72.675,0.0
2014-11-23T12:00:00Z,10.625,72.725,0.0
2014-11-23T12:00:00Z,10.625,72.775,0.0
2014-11-23T12:00:00Z,10.575,72.425,0.0
2014-11-23T12:00:00Z,10.575,72.475,0.0
2014-11-23T12:00:00Z,10.575,72.525,0.0
2014-11-23T12:00:00Z,10.575,72.575,0.0
2014-11-23T12:00:00Z,10.575,72.625,0.0
2014-11-23T12:00:00Z,10.575,72.675,0.0
2014-11-23T12:00:00Z,10.575,72.725,0.0
2014-11-23T12:00:00Z,10.575,72.775,0.0
2014-11-23T12:00:00Z,10.525,72.425,0.0
2014-11-23T12:00:00Z,10.525,72.475,0.0
2014-11-23T12:00:00Z,10.525,72.525,0.0
2014-11-23T12:00:00Z,10.525,72.575,0.0
2014-11-23T12:00:00Z,10.525,72.625,0.0
2014-11-23T12:00:00Z,10.525,72.675,0.0
2014-11-23T12:00:00Z,10.525,72.725,0.0
2014-11-23T12:00:00Z,10.525,72.775,0.0
2014-11-23T12:00:00Z,10.475,72.425,0.0
2014-11-23T12:00:00Z,10.475,72.475,0.0
2014-11-23T12:00:00Z,10.475,72.525,0.0
2014-11-23T12:00:00Z,10.475,72.575,0.0
2014-11-23T12:00:00Z,10.475,72.625,0.0
2014-11-23T12:00:00Z,10.475,72.675,0.0
2014-11-23T12:00:00Z,10.475,72.725,0.0
2014-11-23T12:00:00Z,10.475,72.775,0.0
2014-11-23T12:00:00Z,10.425,72.425,0.0
2014-11-23T12:00:00Z,10.425,72.475,0.0
2014-11-23T12:00:00Z,10.425,72.525,0.0
2014-11-23T12:00:00Z,10.425,72.575,0.0
2014-11-23T12:00:00Z,10.425,72.625,0.0
2014-11-23T12:00:00Z,10.425,72.675,0.0
2014-11-23T12:00:00Z,10.425,72.725,0.0
2014-11-23T12:00:00Z,10.425,72.775,0.0
2014-11-23T12:00:00Z,10.375,72.425,0.0
2014-11-23T12:00:00Z,10.375,72.475,0.0
2014-11-23T12:00:00Z,10.375,72.525,0.0
2014-11-23T12:00:00Z,10.375,72.575,0.0
2014-11-23T12:00:00Z,10.375,72.625,0.0
2014-11-23T12:00:00Z,10.375,72.675,0.0
2014-11-23T12:00:00Z,10.375,72.725,0.0
2014-11-23T12:00:00Z,10.375,72.775,0.0
2014-12-23T12:00:00Z,10.625,72.425,0.0
2014-12-23T12:00:00Z,10.625,72.475,0.0
2014-12-23T12:00:00Z,10.625,72.525,0.0
2014-12-23T12:00:00Z,10.625,72.575,0.0
2014-12-23T12:00:00Z,10.625,72.625,0.0
2014-12-23T12:00:00Z,10.625,72.675,0.0
2014-12-23T12:00:00Z,10.625,72.725,0.0
2014-12-23T12:00:00Z,10.625,72.775,0.0
2014-12-23T12:00:00Z,10.575,72.425,0.0
2014-12-23T12:00:00Z,10.575,72.475,0.0
2014-12-23T12:00:00Z,10.575,72.525,0.0
2014-12-23T12:00:00Z,10.575,72.575,0.0
2014-12-23T12:00:00Z,10.575,72.625,0.0
2014-12-23T12:00:00Z,10.575,72.675,0.0
2014-12-23T12:00:00Z,10.575,72.725,0.0
2014-12-23T12:00:00Z,10.575,72.775,0.0
2014-12-23T12:00:00Z,10.525,72.425,0.0
2014-12-23T12:00:00Z,10.525,72.475,0.0
2014-12-23T12:00:00Z,10.525,72.525,0.0
2014-12-23T12:00:00Z,10.525,72.575,0.0
2014-12-23T12:00:00Z,10.525,72.625,0.0
2014-12-23T12:00:00Z,10.525,72.675,0.0
2014-12-23T12:00:00Z,10.525,72.725,0.0
2014-12-23T12:00:00Z,10.525,72.775,0.0
2014-12-23T12:00:00Z,10.475,72.425,0.0
2014-12-23T12:00:00Z,10.475,72.475,0.0
2014-12-23T12:00:00Z,10.475,72.525,0.0
2014-12-23T12:00:00Z,10.475,72.575,0.0
2014-12-23T12:00:00Z,10.475,72.625,0.0
2014-12-23T12:00:00Z,10.475,72.675,0.0
2014-12-23T12:00:00Z,10.475,72.725,0.0
2014-12-23T12:00:00Z,10.475,72.775,0.0
2014-12-23T12:00:00Z,10.425,72.425,0.0
2014-12-23T12:00:00Z,10.425,72.475,0.0
2014-12-23T12:00:00Z,10.425,72.525,0.0
2014-12-23T12:00:00Z,10.425,72.575,0.0
2014-12-23T12:00:00Z,10.425,72.625,0.0
2014-12-23T12:00:00Z,10.425,72.675,0.0
2014-12-23T12:00:00Z,10.425,72.725,0.0
2014-12-23T12:00:00Z,10.425,72.775,0.0
2014-12-23T12:00:00Z,10.375,72.425,0.0
2014-12-23T12:00:00Z,10.375,72.475,0.0
2014-12-23T12:00:00Z,10.375,72.525,0.0
2014-12-23T12:00:00Z,10.375,72.575,0.0
2014-12-23T12:00:00Z,10.375,72.625,0.0
2014-12-23T12:00:00Z,10.375,72.675,0.0
2014-12-23T12:00:00Z,10.375,72.725,0.0
2014-12-23T12:00:00Z,10.375,72.775,0.0
2015-01-22T12:00:00Z,10.625,72.425,0.0
2015-01-22T12:00:00Z,10.625,72.475,0.0
2015-01-22T12:00:00Z,10.625,72.525,0.0
2015-01-22T12:00:00Z,10.625,72.575,0.0
2015-01-22T12:00:00Z,10.625,72.625,0.0
2015-01-22T12:00:00Z,10.625,72.675,0.0
2015-01-22T12:00:00Z,10.625,72.725,0.0
2015-01-22T12:00:00Z,10.625,72.775,0.0
2015-01-22T12:00:00Z,10.575,72.425,0.0
2015-01-22T12:00:00Z,10.575,72.475,0.0
2015-01-22T12:00:00Z,10.575,72.525,0.0
2015-01-22T12:00:00Z,10.575,72.575,0.0
2015-01-22T12:00:00Z,10.575,72.625,0.0
2015-01-22T12:00:00Z,10.575,72.675,0.0
2015-01-22T12:00:00Z,10.575,72.725,0.0
2015-01-22T12:00:00Z,10.575,72.775,0.0
2015-01-22T12:00:00Z,10.525,72.425,0.0
2015-01-22T12:00:00Z,10.525,72.475,0.0
2015-01-22T12:00:00Z,10.525,72.525,0.0
2015-01-22T12:00:00Z,10.525,72.575,0.0
2015-01-22T12:00:00Z,10.525,72.625,0.0
2015-01-22T12:00:00Z,10.525,72.675,0.0
2015-01-22T12:00:00Z,10.525,72.725,0.0
2015-01-22T12:00:00Z,10.525,72.775,0.0
2015-01-22T12:00:00Z,10.475,72.425,0.0
2015-01-22T12:00:00Z,10.475,72.475,0.0
2015-01-22T12:00:00Z,10.475,72.525,0.0
2015-01-22T12:00:00Z,10.475,72.575,0.0
2015-01-22T12:00:00Z,10.475,72.625,0.0
2015-01-22T12:00:00Z,10.475,72.675,0.0
2015-01-22T12:00:00Z,10.475,72.725,0.0
2015-01-22T12:00:00Z,10.475,72.775,0.0
2015-01-22T12:00:00Z,10.425,72.425,0.0
2015-01-22T12:00:00Z,10.425,72.475,0.0
2015-01-22T12:00:00Z,10.425,72.525,0.0
2015-01-22T12:00:00Z,10.425,72.575,0.0
2015-01-22T12:00:00Z,10.425,72.625,0.0
2015-01-22T12:00:00Z,10.425,72.675,0.0
2015-01-22T12:00:00Z,10.425,72.725,0.0
2015-01-22T12:00:00Z,10.425,72.775,0.0
2015-01-22T12:00:00Z,10.375,72.425,0.0
2015-01-22T12:00:00Z,10.375,72.475,0.0
2015-01-22T12:00:00Z,10.375,72.525,0.0
2015-01-22T12:00:00Z,10.375,72.575,0.0
2015-01-22T12:00:00Z,10.375,72.625,0.0
2015-01-22T12:00:00Z,10.375,72.675,0.0
2015-01-22T12:00:00Z,10.375,72.725,0.0
2015-01-22T12:00:00Z,10.375,72.775,0.0
2015-02-21T12:00:00Z,10.625,72.425,0.0
2015-02-21T12:00:00Z,10.625,72.475,0.0
2015-02-21T12:00:00Z,10.625,72.525,0.0
2015-02-21T12:00:00Z,10.625,72.575,0.0
2015-02-21T12:00:00Z,10.625,72.625,0.0
2015-02-21T12:00:00Z,10.625,72.675,0.0
2015-02-21T12:00:00Z,10.625,72.725,0.0
2015-02-21T12:00:00Z,10.625,72.775,0.0
2015-02-21T12:00:00Z,10.575,72.425,0.0
2015-02-21T12:00:00Z,10.575,72.475,0.0
2015-02-21T12:00:00Z,10.575,72.525,0.0
2015-02-21T12:00:00Z,10.575,72.575,0.0
2015-02-21T12:00:00Z,10.575,72.625,0.0
2015-02-21T12:00:00Z,10.575,72.675,0.0
2015-02-21T12:00:00Z,10.575,72.725,0.0
2015-02-21T12:00:00Z,10.575,72.775,0.0
2015-02-21T12:00:00Z,10.525,72.425,0.0
2015-02-21T12:00:00Z,10.525,72.475,0.0
2015-02-21T12:00:00Z,10.525,72.525,0.0
2015-02-21T12:00:00Z,10.525,72.575,0.0
2015-02-21T12:00:00Z,10.525,72.625,0.0
2015-02-21T12:00:00Z,10.525,72.675,0.0
2015-02-21T12:00:00Z,10.525,72.725,0.0
2015-02-21T12:00:00Z,10.525,72.775,0.0
2015-02-21T12:00:00Z,10.475,72.425,0.0
2015-02-21T12:00:00Z,10.475,72.475,0.0
2015-02-21T12:00:00Z,10.475,72.525,0.0
2015-02-21T12:00:00Z,10.475,72.575,0.0
2015-02-21T12:00:00Z,10.475,72.625,0.0
2015-02-21T12:00:00Z,10.475,72.675,0.0
2015-02-21T12:00:00Z,10.475,72.725,0.0
2015-02-21T12:00:00Z,10.475,72.775,0.0
2015-02-21T12:00:00Z,10.425,72.425,0.0
2015-02-21T12:00:00Z,10.425,72.475,0.0
2015-02-21T12:00:00Z,10.425,72.525,0.0
2015-02-21T12:00:00Z,10.425,72.575,0.0
2015-02-21T12:00:00Z,10.425,72.625,0.0
2015-02-21T12:00:00Z,10.425,72.675,0.0
2015-02-21T12:00:00Z,10.425,72.725,0.0
2015-02-21T12:00:00Z,10.425,72.775,0.0
2015-02-21T12:00:00Z,10.375,72.425,0.0
2015-02-21T12:00:00Z,10.375,72.475,0.0
2015-02-21T12:00:00Z,10.375,72.525,0.0
2015-02-21T12:00:00Z,10.375,72.575,0.0
2015-02-21T12:00:00Z,10.375,72.625,0.0
2015-02-21T12:00:00Z,10.375,72.675,0.0
2015-02-21T12:00:00Z,10.375,72.725,0.0
2015-02-21T12:00:00Z,10.375,72.775,0.0
2015-03-23T12:00:00Z,10.625,72.425,0.0
2015-03-23T12:00:00Z,10.625,72.475,0.0
2015-03-23T12:00:00Z,10.625,72.525,0.0
2015-03-23T12:00:00Z,10.625,72.575,0.0
2015-03-23T12:00:00Z,10.625,72.625,0.0
2015-03-23T12:00:00Z,10.625,72.675,0.0
2015-03-23T12:00:00Z,10.625,72.725,0.0
2015-03-23T12:00:00Z,10.625,72.775,0.0
2015-03-23T12:00:00Z,10.575,72.425,0.0
2015-03-23T12:00:00Z,10.575,72.475,0.0
2015-03-23T12:00:00Z,10.575,72.525,0.0
2015-03-23T12:00:00Z,10.575,72.575,0.0
2015-03-23T12:00:00Z,10.575,72.625,0.0
2015-03-23T12:00:00Z,10.575,72.675,0.0
2015-03-23T12:00:00Z,10.575,72.725,0.0
2015-03-23T12:00:00Z,10.575,72.775,0.0
2015-03-23T12:00:00Z,10.525,72.425,0.0
2015-03-23T12:00:00Z,10.525,72.475,0.0
2015-03-23T12:00:00Z,10.525,72.525,0.0
2015-03-23T12:00:00Z,10.525,72.575,0.0
2015-03-23T12:00:00Z,10.525,72.625,0.0
2015-03-23T12:00:00Z,10.525,72.675,0.0
2015-03-23T12:00:00Z,10.525,72.725,0.0
2015-03-23T12:00:00Z,10.525,72.775,0.0
2015-03-23T12:00:00Z,10.475,72.425,0.0
2015-03-23T12:00:00Z,10.475,72.475,0.0
2015-03-23T12:00:00Z,10.475,72.525,0.0
2015-03-23T12:00:00Z,10.475,72.575,0.0
2015-03-23T12:00:00Z,10.475,72.625,0.0
2015-03-23T12:00:00Z,10.475,72.675,0.0
2015-03-23T12:00:00Z,10.475,72.725,0.0
2015-03-23T12:00:00Z,10.475,72.775,0.0
2015-03-23T12:00:00Z,10.425,72.425,0.0
2015-03-23T12:00:00Z,10.425,72.475,0.0
2015-03-23T12:00:00Z,10.425,72.525,0.0
2015-03-23T12:00:00Z,10.425,72.575,0.0
2015-03-23T12:00:00Z,10.425,72.625,0.0
2015-03-23T12:00:00Z,10.425,72.675,0.0
2015-03-23T12:00:00Z,10.425,72.725,0.0
2015-03-23T12:00:00Z,10.425,72.775,0.0
2015-03-23T12:00:00Z,10.375,72.425,0.0
2015-03-23T12:00:00Z,10.375,72.475,0.0
2015-03-23T12:00:00Z,10.375,72.525,0.0
2015-03-23T12:00:00Z,10.375,72.575,0.0
2015-03-23T12:00:00Z,10.375,72.625,0.0
2015-03-23T12:00:00Z,10.375,72.675,0.0
2015-03-23T12:00:00Z,10.375,72.725,0.0
2015-03-23T12:00:00Z,10.375,72.775,0.0
2015-04-22T12:00:00Z,10.625,72.425,0.0
2015-04-22T12:00:00Z,10.625,72.475,0.0
2015-04-22T12:00:00Z,10.625,72.525,0.0
2015-04-22T12:00:00Z,10.625,72.575,0.0
2015-04-22T12:00:00Z,10.625,72.625,0.0
2015-04-22T12:00:00Z,10.625,72.675,0.0
2015-04-22T12:00:00Z,10.625,72.725,0.0
2015-04-22T12:00:00Z,10.625,72.775,0.0
2015-04-22T12:00:00Z,10.575,72.425,0.0
2015-04-22T12:00:00Z,10.575,72.475,0.0
2015-04-22T12:00:00Z,10.575,72.525,0.0
2015-04-22T12:00:00Z,10.575,72.575,0.0
2015-04-22T12:00:00Z,10.575,72.625,0.0
2015-04-22T12:00:00Z,10.575,72.675,0.0
2015-04-22T12:00:00Z,10.575,72.725,0.0
2015-04-22T12:00:00Z,10.575,72.775,0.0
2015-04-22T12:00:00Z,10.525,72.425,0.0
2015-04-22T12:00:00Z,10.525,72.475,0.0
2015-04-22T12:00:00Z,10.525,72.525,0.0
2015-04-22T12:00:00Z,10.525,72.575,0.0
2015-04-22T12:00:00Z,10.525,72.625,0.0
2015-04-22T12:00:00Z,10.525,72.675,0.0
2015-04-22T12:00:00Z,10.525,72.725,0.0
2015-04-22T12:00:00Z,10.525,72.775,0.0
2015-04-22T12:00:00Z,10.475,72.425,0.0
2015-04-22T12:00:00Z,10.475,72.475,0.0
2015-04-22T12:00:00Z,10.475,72.525,0.0
2015-04-22T12:00:00Z,10.475,72.575,0.0
2015-04-22T12:00:00Z,10.475,72.625,0.0
2015-04-22T12:00:00Z,10.475,72.675,0.0
2015-04-22T12:00:00Z,10.475,72.725,0.0
2015-04-22T12:00:00Z,10.475,72.775,0.0
2015-04-22T12:00:00Z,10.425,72.425,0.0
2015-04-22T12:00:00Z,10.425,72.475,0.0
2015-04-22T12:00:00Z,10.425,72.525,0.0
2015-04-22T12:00:00Z,10.425,72.575,0.0
2015-04-22T12:00:00Z,10.425,72.625,0.0
2015-04-22T12:00:00Z,10.425,72.675,0.0
2015-04-22T12:00:00Z,10.425,72.725,0.0
2015-04-22T12:00:00Z,10.425,72.775,0.0
2015-04-22T12:00:00Z,10.375,72.425,0.0
2015-04-22T12:00:00Z,10.375,72.475,0.0
2015-04-22T12:00:00Z,10.375,72.525,0.0
2015-04-22T12:00:00Z,10.375,72.575,0.0
2015-04-22T12:00:00Z,10.375,72.625,0.0
2015-04-22T12:00:00Z,10.375,72.675,0.0
2015-04-22T12:00:00Z,10.375,72.725,0.0
2015-04-22T12:00:00Z,10.375,72.775,0.0
2015-05-22T12:00:00Z,10.625,72.425,0.0
2015-05-22T12:00:00Z,10.625,72.475,0.0
2015-05-22T12:00:00Z,10.625,72.525,0.0
2015-05-22T12:00:00Z,10.625,72.575,0.0
2015-05-22T12:00:00Z,10.625,72.625,0.0
2015-05-22T12:00:00Z,10.625,72.675,0.0
2015-05-22T12:00:00Z,10.625,72.725,0.0
2015-05-22T12:00:00Z,10.625,72.775,0.0
2015-05-22T12:00:00Z,10.575,72.425,0.0
2015-05-22T12:00:00Z,10.575,72.475,0.0
2015-05-22T12:00:00Z,10.575,72.525,0.0
2015-05-22T12:00:00Z,10.575,72.575,0.0
2015-05-22T12:00:00Z,10.575,72.625,0.0
2015-05-22T12:00:00Z,10.575,72.675,0.0
2015-05-22T12:00:00Z,10.575,72.725,0.0
2015-05-22T12:00:00Z,10.575,72.775,0.0
2015-05-22T12:00:00Z,10.525,72.425,0.0
2015-05-22T12:00:00Z,10.525,72.475,0.0
2015-05-22T12:00:00Z,10.525,72.525,0.0
2015-05-22T12:00:00Z,10.525,72.575,0.0
2015-05-22T12:00:00Z,10.525,72.625,0.0
2015-05-22T12:00:00Z,10.525,72.675,0.0
2015-05-22T12:00:00Z,10.525,72.725,0.0
2015-05-22T12:00:00Z,10.525,72.775,0.0
2015-05-22T12:00:00Z,10.475,72.425,0.0
2015-05-22T12:00:00Z,10.475,72.475,0.0
2015-05-22T12:00:00Z,10.475,72.525,0.0
2015-05-22T12:00:00Z,10.475,72.575,0.0
2015-05-22T12:00:00Z,10.475,72.625,0.0
2015-05-22T12:00:00Z,10.475,72.675,0.0
2015-05-22T12:00:00Z,10.475,72.725,0.0
2015-05-22T12:00:00Z,10.475,72.775,0.0
2015-05-22T12:00:00Z,10.425,72.425,0.0
2015-05-22T12:00:00Z,10.425,72.475,0.0
2015-05-22T12:00:00Z,10.425,72.525,0.0
2015-05-22T12:00:00Z,10.425,72.575,0.0
2015-05-22T12:00:00Z,10.425,72.625,0.0
2015-05-22T12:00:00Z,10.425,72.675,0.0
2015-05-22T12:00:00Z,10.425,72.725,0.0
2015-05-22T12:00:00Z,10.425,72.775,0.0
2015-05-22T12:00:00Z,10.375,72.425,0.0
2015-05-22T12:00:00Z,10.375,72.475,0.0
2015-05-22T12:00:00Z,10.375,72.525,0.0
2015-05-22T12:00:00Z,10.375,72.575,0.0
2015-05-22T12:00:00Z,10.375,72.625,0.0
2015-05-22T12:00:00Z,10.375,72.675,0.0
2015-05-22T12:00:00Z,10.375,72.725,0.0
2015-05-22T12:00:00Z,10.375,72.775,0.0
2015-06-21T12:00:00Z,10.625,72.425,0.0
2015-06-21T12:00:00Z,10.625,72.475,0.0
2015-06-21T12:00:00Z,10.625,72.525,0.0
2015-06-21T12:00:00Z,10.625,72.575,0.0
2015-06-21T12:00:00Z,10.625,72.625,0.0
2015-06-21T12:00:00Z,10.625,72.675,0.0
2015-06-21T12:00:00Z,10.625,72.725,0.0
2015-06-21T12:00:00Z,10.625,72.775,0.0
2015-06-21T12:00:00Z,10.575,72.425,0.0
2015-06-21T12:00:00Z,10.575,72.475,0.0
2015-06-21T12:00:00Z,10.575,72.525,0.0
2015-06-21T12:00:00Z,10.575,72.575,0.0
2015-06-21T12:00:00Z,10.575,72.625,0.0
2015-06-21T12:00:00Z,10.575,72.675,0.0
2015-06-21T12:00:00Z,10.575,72.725,0.0
2015-06-21T12:00:00Z,10.575,72.775,0.0
2015-06-21T12:00:00Z,10.525,72.425,0.0
2015-06-21T12:00:00Z,10.525,72.475,0.0
2015-06-21T12:00:00Z,10.525,72.525,0.0
2015-06-21T12:00:00Z,10.525,72.575,0.0
2015-06-21T12:00:00Z,10.525,72.625,0.0
2015-06-21T12:00:00Z,10.525,72.675,0.0
2015-06-21T12:00:00Z,10.525,72.725,0.0
2015-06-21T12:00:00Z,10.525,72.775,0.0
2015-06-21T12:00:00Z,10.475,72.425,0.0
2015-06-21T12:00:00Z,10.475,72.475,0.0
2015-06-21T12:00:00Z,10.475,72.525,0.0
2015-06-21T12:00:00Z,10.475,72.575,0.0
2015-06-21T12:00:00Z,10.475,72.625,0.0
2015-06-21T12:00:00Z,10.475,72.675,0.0
2015-06-21T12:00:00Z,10.475,72.725,0.0
2015-06-21T12:00:00Z,10.475,72.775,0.0
2015-06-21T12:00:00Z,10.425,72.425,0.0
2015-06-21T12:00:00Z,10.425,72.475,0.0
2015-06-21T12:00:00Z,10.425,72.525,0.0
2015-06-21T12:00:00Z,10.425,72.575,0.0
2015-06-21T12:00:00Z,10.425,72.625,0.0
2015-06-21T12:00:00Z,10.425,72.675,0.0
2015-06-21T12:00:00Z,10.425,72.725,0.0
2015-06-21T12:00:00Z,10.425,72.775,0.0
2015-06-21T12:00:00Z,10.375,72.425,0.0
2015-06-21T12:00:00Z,10.375,72.475,0.0
2015-06-21T12:00:00Z,10.375,72.525,0.0
2015-06-21T12:00:00Z,10.375,72.575,0.0
2015-06-21T12:00:00Z,10.375,72.625,0.0
2015-06-21T12:00:00Z,10.375,72.675,0.0
2015-06-21T12:00:00Z,10.375,72.725,0.0
2015-06-21T12:00:00Z,10.375,72.775,0.0
2015-07-21T12:00:00Z,10.625,72.425,0.0
2015-07-21T12:00:00Z,10.625,72.475,0.0
2015-07-21T12:00:00Z,10.625,72.525,0.0
2015-07-21T12:00:00Z,10.625,72.575,0.0
2015-07-21T12:00:00Z,10.625,72.625,0.0
2015-07-21T12:00:00Z,10.625,72.675,0.0
2015-07-21T12:00:00Z,10.625,72.725,0.0
2015-07-21T12:00:00Z,10.625,72.775,0.0
2015-07-21T12:00:00Z,10.575,72.425,0.0
2015-07-21T12:00:00Z,10.575,72.475,0.0
2015-07-21T12:00:00Z,10.575,72.525,0.0
2015-07-21T12:00:00Z,10.575,72.575,0.0
2015-07-21T12:00:00Z,10.575,72.625,0.0
2015-07-21T12:00:00Z,10.575,72.675,0.0
2015-07-21T12:00:00Z,10.575,72.725,0.0
2015-07-21T12:00:00Z,10.575,72.775,0.0
2015-07-21T12:00:00Z,10.525,72.425,0.0
2015-07-21T12:00:00Z,10.525,72.475,0.0
2015-07-21T12:00:00Z,10.525,72.525,0.0
2015-07-21T12:00:00Z,10.525,72.575,0.0
2015-07-21T12:00:00Z,10.525,72.625,0.0
2015-07-21T12:00:00Z,10.525,72.675,0.0
2015-07-21T12:00:00Z,10.525,72.725,0.0
2015-07-21T12:00:00Z,10.525,72.775,0.0
2015-07-21T12:00:00Z,10.475,72.425,0.0
2015-07-21T12:00:00Z,10.475,72.475,0.0
2015-07-21T12:00:00Z,10.475,72.525,0.0
2015-07-21T12:00:00Z,10.475,72.575,0.0
2015-07-21T12:00:00Z,10.475,72.625,0.0
2015-07-21T12:00:00Z,10.475,72.675,0.0
2015-07-21T12:00:00Z,10.475,72.725,0.0
2015-07-21T12:00:00Z,10.475,72.775,0.0
2015-07-21T12:00:00Z,10.425,72.425,0.0
2015-07-21T12:00:00Z,10.425,72.475,0.0
2015-07-21T12:00:00Z,10.425,72.525,0.0
2015-07-21T12:00:00Z,10.425,72.575,0.0
2015-07-21T12:00:00Z,10.425,72.625,0.0
2015-07-21T12:00:00Z,10.425,72.675,0.0
2015-07-21T12:00:00Z,10.425,72.725,0.0
2015-07-21T12:00:00Z,10.425,72.775,0.0
2015-07-21T12:00:00Z,10.375,72.425,0.0
2015-07-21T12:00:00Z,10.375,72.475,0.0
2015-07-21T12:00:00Z,10.375,72.525,0.0
2015-07-21T12:00:00Z,10.375,72.575,0.0
2015-07-21T12:00:00Z,10.375,72.625,0.0
2015-07-21T12:00:00Z,10.375,72.675,0.0
2015-07-21T12:00:00Z,10.375,72.725,0.0
2015-07-21T12:00:00Z,10.375,72.775,0.0
2015-08-20T12:00:00Z,10.625,72.425,0.0
2015-08-20T12:00:00Z,10.625,72.475,0.0
2015-08-20T12:00:00Z,10.625,72.525,0.0
2015-08-20T12:00:00Z,10.625,72.575,0.0
2015-08-20T12:00:00Z,10.625,72.625,0.0
2015-08-20T12:00:00Z,10.625,72.675,0.0
2015-08-20T12:00:00Z,10.625,72.725,0.0
2015-08-20T12:00:00Z,10.625,72.775,0.0
2015-08-20T12:00:00Z,10.575,72.425,0.0
2015-08-20T12:00:00Z,10.575,72.475,0.0
2015-08-20T12:00:00Z,10.575,72.525,0.0
2015-08-20T12:00:00Z,10.575,72.575,0.0
2015-08-20T12:00:00Z,10.575,72.625,0.0
2015-08-20T12:00:00Z,10.575,72.675,0.0
2015-08-20T12:00:00Z,10.575,72.725,0.0
2015-08-20T12:00:00Z,10.575,72.775,0.0
2015-08-20T12:00:00Z,10.525,72.425,0.0
2015-08-20T12:00:00Z,10.525,72.475,0.0
2015-08-20T12:00:00Z,10.525,72.525,0.0
2015-08-20T12:00:00Z,10.525,72.575,0.0
2015-08-20T12:00:00Z,10.525,72.625,0.0
2015-08-20T12:00:00Z,10.525,72.675,0.0
2015-08-20T12:00:00Z,10.525,72.725,0.0
2015-08-20T12:00:00Z,10.525,72.775,0.0
2015-08-20T12:00:00Z,10.475,72.425,0.0
2015-08-20T12:00:00Z,10.475,72.475,0.0
2015-08-20T12:00:00Z,10.475,72.525,0.0
2015-08-20T12:00:00Z,10.475,72.575,0.0
2015-08-20T12:00:00Z,10.475,72.625,0.0
2015-08-20T12:00:00Z,10.475,72.675,0.0
2015-08-20T12:00:00Z,10.475,72.725,0.0
2015-08-20T12:00:00Z,10.475,72.775,0.0
2015-08-20T12:00:00Z,10.425,72.425,0.0
2015-08-20T12:00:00Z,10.425,72.475,0.0
2015-08-20T12:00:00Z,10.425,72.525,0.0
2015-08-20T12:00:00Z,10.425,72.575,0.0
2015-08-20T12:00:00Z,10.425,72.625,0.0
2015-08-20T12:00:00Z,10.425,72.675,0.0
2015-08-20T12:00:00Z,10.425,72.725,0.0
2015-08-20T12:00:00Z,10.425,72.775,0.0
2015-08-20T12:00:00Z,10.375,72.425,0.0
2015-08-20T12:00:00Z,10.375,72.475,0.0
2015-08-20T12:00:00Z,10.375,72.525,0.0
2015-08-20T12:00:00Z,10.375,72.575,0.0
2015-08-20T12:00:00Z,10.375,72.625,0.0
2015-08-20T12:00:00Z,10.375,72.675,0.0
2015-08-20T12:00:00Z,10.375,72.725,0.0
2015-08-20T12:00:00Z,10.375,72.775,0.0
2015-09-19T12:00:00Z,10.625,72.425,0.0
2015-09-19T12:00:00Z,10.625,72.475,0.0
2015-09-19T12:00:00Z,10.625,72.525,0.0
2015-09-19T12:00:00Z,10.625,72.575,0.0
2015-09-19T12:00:00Z,10.625,72.625,0.0
2015-09-19T12:00:00Z,10.625,72.675,0.0
2015-09-19T12:00:00Z,10.625,72.725,0.0
2015-09-19T12:00:00Z,10.625,72.775,0.0
2015-09-19T12:00:00Z,10.575,72.425,0.0
2015-09-19T12:00:00Z,10.575,72.475,0.0
2015-09-19T12:00:00Z,10.575,72.525,0.0
2015-09-19T12:00:00Z,10.575,72.575,0.0
2015-09-19T12:00:00Z,10.575,72.625,0.0
2015-09-19T12:00:00Z,10.575,72.675,0.0
2015-09-19T12:00:00Z,10.575,72.725,0.0
2015-09-19T12:00:00Z,10.575,72.775,0.0
2015-09-19T12:00:00Z,10.525,72.425,0.0
2015-09-19T12:00:00Z,10.525,72.475,0.0
2015-09-19T12:00:00Z,10.525,72.525,0.0
2015-09-19T12:00:00Z,10.525,72.575,0.0
2015-09-19T12:00:00Z,10.525,72.625,0.0
2015-09-19T12:00:00Z,10.525,72.675,0.0
2015-09-19T12:00:00Z,10.525,72.725,0.0
2015-09-19T12:00:00Z,10.525,72.775,0.0
2015-09-19T12:00:00Z,10.475,72.425,0.0
2015-09-19T12:00:00Z,10.475,72.475,0.0
2015-09-19T12:00:00Z,10.475,72.525,0.0
2015-09-19T12:00:00Z,10.475,72.575,0.0
2015-09-19T12:00:00Z,10.475,72.625,0.0
2015-09-19T12:00:00Z,10.475,72.675,0.0
2015-09-19T12:00:00Z,10.475,72.725,0.0
2015-09-19T12:00:00Z,10.475,72.775,0.0
2015-09-19T12:00:00Z,10.425,72.425,0.0
2015-09-19T12:00:00Z,10.425,72.475,0.0
2015-09-19T12:00:00Z,10.425,72.525,0.0
2015-09-19T12:00:00Z,10.425,72.575,0.0
2015-09-19T12:00:00Z,10.425,72.625,0.0
2015-09-19T12:00:00Z,10.425,72.675,0.0
2015-09-19T12:00:00Z,10.425,72.725,0.0
2015-09-19T12:00:00Z,10.425,72.775,0.0
2015-09-19T12:00:00Z,10.375,72.425,0.0
2015-09-19T12:00:00Z,10.375,72.475,0.0
2015-09-19T12:00:00Z,10.375,72.525,0.0
2015-09-19T12:00:00Z,10.375,72.575,0.0
2015-09-19T12:00:00Z,10.375,72.625,0.0
2015-09-19T12:00:00Z,10.375,72.675,0.0
2015-09-19T12:00:00Z,10.375,72.725,0.0
2015-09-19T12:00:00Z,10.375,72.775,0.0
2015-10-19T12:00:00Z,10.625,72.425,0.0
2015-10-19T12:00:00Z,10.625,72.475,0.0
2015-10-19T12:00:00Z,10.625,72.525,0.0
2015-10-19T12:00:00Z,10.625,72.575,0.0
2015-10-19T12:00:00Z,10.625,72.625,0.0
2015-10-19T12:00:00Z,10.625,72.675,0.0
2015-10-19T12:00:00Z,10.625,72.725,0.0
2015-10-19T12:00:00Z,10.625,72.775,0.0
2015-10-19T12:00:00Z,10.575,72.425,0.0
2015-10-19T12:00:00Z,10.575,72.475,0.0
2015-10-19T12:00:00Z,10.575,72.525,0.0
2015-10-19T12:00:00Z,10.575,72.575,0.0
2015-10-19T12:00:00Z,10.575,72.625,0.0
2015-10-19T12:00:00Z,10.575,72.675,0.0
2015-10-19T12:00:00Z,10.575,72.725,0.0
2015-10-19T12:00:00Z,10.575,72.775,0.0
2015-10-19T12:00:00Z,10.525,72.425,0.0
2015-10-19T12:00:00Z,10.525,72.475,0.0
2015-10-19T12:00:00Z,10.525,72.525,0.0
2015-10-19T12:00:00Z,10.525,72.575,0.0
2015-10-19T12:00:00Z,10.525,72.625,0.0
2015-10-19T12:00:00Z,10.525,72.675,0.0
2015-10-19T12:00:00Z,10.525,72.725,0.0
2015-10-19T12:00:00Z,10.525,72.775,0.0
2015-10-19T12:00:00Z,10.475,72.425,0.0
2015-10-19T12:00:00Z,10.475,72.475,0.0
2015-10-19T12:00:00Z,10.475,72.525,0.0
2015-10-19T12:00:00Z,10.475,72.575,0.0
2015-10-19T12:00:00Z,10.475,72.625,0.0
2015-10-19T12:00:00Z,10.475,72.675,0.0
2015-10-19T12:00:00Z,10.475,72.725,0.0
2015-10-19T12:00:00Z,10.475,72.775,0.0
2015-10-19T12:00:00Z,10.425,72.425,0.0
2015-10-19T12:00:00Z,10.425,72.475,0.0
2015-10-19T12:00:00Z,10.425,72.525,0.0
2015-10-19T12:00:00Z,10.425,72.575,0.0
2015-10-19T12:00:00Z,10.425,72.625,0.0
2015-10-19T12:00:00Z,10.425,72.675,0.0
2015-10-19T12:00:00Z,10.425,72.725,0.0
2015-10-19T12:00:00Z,10.425,72.775,0.0
2015-10-19T12:00:00Z,10.375,72.425,0.0
2015-10-19T12:00:00Z,10.375,72.475,0.0
2015-10-19T12:00:00Z,10.375,72.525,0.0
2015-10-19T12:00:00Z,10.375,72.575,0.0
2015-10-19T12:00:00Z,10.375,72.625,0.0
2015-10-19T12:00:00Z,10.375,72.675,0.0
2015-10-19T12:00:00Z,10.375,72.725,0.0
2015-10-19T12:00:00Z,10.375,72.775,0.0
2015-11-18T12:00:00Z,10.625,72.425,0.0
2015-11-18T12:00:00Z,10.625,72.475,0.0
2015-11-18T12:00:00Z,10.625,72.525,0.0
2015-11-18T12:00:00Z,10.625,72.575,0.0
2015-11-18T12:00:00Z,10.625,72.625,0.0
2015-11-18T12:00:00Z,10.625,72.675,0.0
2015-11-18T12:00:00Z,10.625,72.725,0.0
2015-11-18T12:00:00Z,10.625,72.775,0.0
2015-11-18T12:00:00Z,10.575,72.425,0.0
2015-11-18T12:00:00Z,10.575,72.475,0.0
2015-11-18T12:00:00Z,10.575,72.525,0.0
2015-11-18T12:00:00Z,10.575,72.575,0.0
2015-11-18T12:00:00Z,10.575,72.625,0.0
2015-11-18T12:00:00Z,10.575,72.675,0.0
2015-11-18T12:00:00Z,10.575,72.725,0.0
2015-11-18T12:00:00Z,10.575,72.775,0.0
2015-11-18T12:00:00Z,10.525,72.425,0.0
2015-11-18T12:00:00Z,10.525,72.475,0.0
2015-11-18T12:00:00Z,10.525,72.525,0.0
2015-11-18T12:00:00Z,10.525,72.575,0.0
2015-11-18T12:00:00Z,10.525,72.625,0.0
2015-11-18T12:00:00Z,10.525,72.675,0.0
2015-11-18T12:00:00Z,10.525,72.725,0.0
2015-11-18T12:00:00Z,10.525,72.775,0.0
2015-11-18T12:00:00Z,10.475,72.425,0.0
2015-11-18T12:00:00Z,10.475,72.475,0.0
2015-11-18T12:00:00Z,10.475,72.525,0.0
2015-11-18T12:00:00Z,10.475,72.575,0.0
2015-11-18T12:00:00Z,10.475,72.625,0.0
2015-11-18T12:00:00Z,10.475,72.675,0.0
2015-11-18T12:00:00Z,10.475,72.725,0.0
2015-11-18T12:00:00Z,10.475,72.775,0.0
2015-11-18T12:00:00Z,10.425,72.425,0.0
2015-11-18T12:00:00Z,10.425,72.475,0.0
2015-11-18T12:00:00Z,10.425,72.525,0.0
2015-11-18T12:00:00Z,10.425,72.575,0.0
2015-11-18T12:00:00Z,10.425,72.625,0.0
2015-11-18T12:00:00Z,10.425,72.675,0.0
2015-11-18T12:00:00Z,10.425,72.725,0.0
2015-11-18T12:00:00Z,10.425,72.775,0.0
2015-11-18T12:00:00Z,10.375,72.425,0.0
2015-11-18T12:00:00Z,10.375,72.475,0.0
2015-11-18T12:00:00Z,10.375,72.525,0.0
2015-11-18T12:00:00Z,10.375,72.575,0.0
2015-11-18T12:00:00Z,10.375,72.625,0.0
2015-11-18T12:00:00Z,10.375,72.675,0.0
2015-11-18T12:00:00Z,10.375,72.725,0.0
2015-11-18T12:00:00Z,10.375,72.775,0.0
2015-12-18T12:00:00Z,10.625,72.425,0.0
2015-12-18T12:00:00Z,10.625,72.475,0.0
2015-12-18T12:00:00Z,10.625,72.525,0.0
2015-12-18T12:00:00Z,10.625,72.575,0.0
2015-12-18T12:00:00Z,10.625,72.625,0.0
2015-12-18T12:00:00Z,10.625,72.675,0.0
2015-12-18T12:00:00Z,10.625,72.725,0.0
2015-12-18T12:00:00Z,10.625,72.775,0.0
2015-12-18T12:00:00Z,10.575,72.425,0.0
2015-12-18T12:00:00Z,10.575,72.475,0.0
2015-12-18T12:00:00Z,10.575,72.525,0.0
2015-12-18T12:00:00Z,10.575,72.575,0.0
2015-12-18T12:00:00Z,10.575,72.625,0.0
2015-12-18T12:00:00Z,10.575,72.675,0.0
2015-12-18T12:00:00Z,10.575,72.725,0.0
2015-12-18T12:00:00Z,10.575,72.775,0.0
2015-12-18T12:00:00Z,10.525,72.425,0.0
2015-12-18T12:00:00Z,10.525,72.475,0.0
2015-12-18T12:00:00Z,10.525,72.525,0.0
2015-12-18T12:00:00Z,10.525,72.575,0.0
2015-12-18T12:00:00Z,10.525,72.625,0.0
2015-12-18T12:00:00Z,10.525,72.675,0.0
2015-12-18T12:00:00Z,10.525,72.725,0.0
2015-12-18T12:00:00Z,10.525,72.775,0.0
2015-12-18T12:00:00Z,10.475,72.425,0.0
2015-12-18T12:00:00Z,10.475,72.475,0.0
2015-12-18T12:00:00Z,10.475,72.525,0.0
2015-12-18T12:00:00Z,10.475,72.575,0.0
2015-12-18T12:00:00Z,10.475,72.625,0.0
2015-12-18T12:00:00Z,10.475,72.675,0.0
2015-12-18T12:00:00Z,10.475,72.725,0.0
2015-12-18T12:00:00Z,10.475,72.775,0.0
2015-12-18T12:00:00Z,10.425,72.425,0.0
2015-12-18T12:00:00Z,10.425,72.475,0.0
2015-12-18T12:00:00Z,10.425,72.525,0.0
2015-12-18T12:00:00Z,10.425,72.575,0.0
2015-12-18T12:00:00Z,10.425,72.625,0.0
2015-12-18T12:00:00Z,10.425,72.675,0.0
2015-12-18T12:00:00Z,10.425,72.725,0.0
2015-12-18T12:00:00Z,10.425,72.775,0.0
2015-12-18T12:00:00Z,10.375,72.425,0.0
2015-12-18T12:00:00Z,10.375,72.475,0.0
2015-12-18T12:00:00Z,10.375,72.525,0.0
2015-12-18T12:00:00Z,10.375,72.575,0.0
2015-12-18T12:00:00Z,10.375,72.625,0.0
2015-12-18T12:00:00Z,10.375,72.675,0.0
2015-12-18T12:00:00Z,10.375,72.725,0.0
2015-12-18T12:00:00Z,10.375,72.775,0.0
2016-01-17T12:00:00Z,10.625,72.425,0.0
2016-01-17T12:00:00Z,10.625,72.475,0.0
2016-01-17T12:00:00Z,10.625,72.525,0.0
2016-01-17T12:00:00Z,10.625,72.575,0.0
2016-01-17T12:00:00Z,10.625,72.625,0.0
2016-01-17T12:00:00Z,10.625,72.675,0.0
2016-01-17T12:00:00Z,10.625,72.725,0.0
2016-01-17T12:00:00Z,10.625,72.775,0.0
2016-01-17T12:00:00Z,10.575,72.425,0.0
2016-01-17T12:00:00Z,10.575,72.475,0.0
2016-01-17T12:00:00Z,10.575,72.525,0.0
2016-01-17T12:00:00Z,10.575,72.575,0.0
2016-01-17T12:00:00Z,10.575,72.625,0.0
2016-01-17T12:00:00Z,10.575,72.675,0.0
2016-01-17T12:00:00Z,10.575,72.725,0.0
2016-01-17T12:00:00Z,10.575,72.775,0.0
2016-01-17T12:00:00Z,10.525,72.425,0.0
2016-01-17T12:00:00Z,10.525,72.475,0.0
2016-01-17T12:00:00Z,10.525,72.525,0.0
2016-01-17T12:00:00Z,10.525,72.575,0.0
2016-01-17T12:00:00Z,10.525,72.625,0.0
2016-01-17T12:00:00Z,10.525,72.675,0.0
2016-01-17T12:00:00Z,10.525,72.725,0.0
2016-01-17T12:00:00Z,10.525,72.775,0.0
2016-01-17T12:00:00Z,10.475,72.425,0.0
2016-01-17T12:00:00Z,10.475,72.475,0.0
2016-01-17T12:00:00Z,10.475,72.525,0.0
2016-01-17T12:00:00Z,10.475,72.575,0.0
2016-01-17T12:00:00Z,10.475,72.625,0.0
2016-01-17T12:00:00Z,10.475,72.675,0.0
2016-01-17T12:00:00Z,10.475,72.725,0.0
2016-01-17T12:00:00Z,10.475,72.775,0.0
2016-01-17T12:00:00Z,10.425,72.425,0.0
2016-01-17T12:00:00Z,10.425,72.475,0.0
2016-01-17T12:00:00Z,10.425,72.525,0.0
2016-01-17T12:00:00Z,10.425,72.575,0.0
2016-01-17T12:00:00Z,10.425,72.625,0.0
2016-01-17T12:00:00Z,10.425,72.675,0.0
2016-01-17T12:00:00Z,10.425,72.725,0.0
2016-01-17T12:00:00Z,10.425,72.775,0.0
2016-01-17T12:00:00Z,10.375,72.425,0.0
2016-01-17T12:00:00Z,10.375,72.475,0.0
2016-01-17T12:00:00Z,10.375,72.525,0.0
2016-01-17T12:00:00Z,10.375,72.575,0.0
2016-01-17T12:00:00Z,10.375,72.625,0.0
2016-01-17T12:00:00Z,10.375,72.675,0.0
2016-01-17T12:00:00Z,10.375,72.725,0.0
2016-01-17T12:00:00Z,10.375,72.775,0.0
2016-02-16T12:00:00Z,10.625,72.425,0.0
2016-02-16T12:00:00Z,10.625,72.475,0.0
2016-02-16T12:00:00Z,10.625,72.525,0.0
2016-02-16T12:00:00Z,10.625,72.575,0.0
2016-02-16T12:00:00Z,10.625,72.625,0.0
2016-02-16T12:00:00Z,10.625,72.675,0.0
2016-02-16T12:00:00Z,10.625,72.725,0.0
2016-02-16T12:00:00Z,10.625,72.775,0.0
2016-02-16T12:00:00Z,10.575,72.425,0.0
2016-02-16T12:00:00Z,10.575,72.475,0.0
2016-02-16T12:00:00Z,10.575,72.525,0.0
2016-02-16T12:00:00Z,10.575,72.575,0.0
2016-02-16T12:00:00Z,10.575,72.625,0.0
2016-02-16T12:00:00Z,10.575,72.675,0.0
2016-02-16T12:00:00Z,10.575,72.725,0.0
2016-02-16T12:00:00Z,10.575,72.775,0.0
2016-02-16T12:00:00Z,10.525,72.425,0.0
2016-02-16T12:00:00Z,10.525,72.475,0.0
2016-02-16T12:00:00Z,10.525,72.525,0.0
2016-02-16T12:00:00Z,10.525,72.575,0.0
2016-02-16T12:00:00Z,10.525,72.625,0.0
2016-02-16T12:00:00Z,10.525,72.675,0.0
2016-02-16T12:00:00Z,10.525,72.725,0.0
2016-02-16T12:00:00Z,10.525,72.775,0.0
2016-02-16T12:00:00Z,10.475,72.425,0.0
2016-02-16T12:00:00Z,10.475,72.475,0.0
2016-02-16T12:00:00Z,10.475,72.525,0.0
2016-02-16T12:00:00Z,10.475,72.575,0.0
2016-02-16T12:00:00Z,10.475,72.625,0.0
2016-02-16T12:00:00Z,10.475,72.675,0.0
2016-02-16T12:00:00Z,10.475,72.725,0.0
2016-02-16T12:00:00Z,10.475,72.775,0.0
2016-02-16T12:00:00Z,10.425,72.425,0.0
2016-02-16T12:00:00Z,10.425,72.475,0.0
2016-02-16T12:00:00Z,10.425,72.525,0.0
2016-02-16T12:00:00Z,10.425,72.575,0.0
2016-02-16T12:00:00Z,10.425,72.625,0.0
2016-02-16T12:00:00Z,10.425,72.675,0.0
2016-02-16T12:00:00Z,10.425,72.725,0.0
2016-02-16T12:00:00Z,10.425,72.775,0.0
2016-02-16T12:00:00Z,10.375,72.425,0.0
2016-02-16T12:00:00Z,10.375,72.475,0.0
2016-02-16T12:00:00Z,10.375,72.525,0.0
2016-02-16T12:00:00Z,10.375,72.575,0.0
2016-02-16T12:00:00Z,10.375,72.625,0.0
2016-02-16T12:00:00Z,10.375,72.675,0.0
2016-02-16T12:00:00Z,10.375,72.725,0.0
2016-02-16T12:00:00Z,10.375,72.775,0.0
2016-03-17T12:00:00Z,10.625,72.425,0.0
2016-03-17T12:00:00Z,10.625,72.475,0.0
2016-03-17T12:00:00Z,10.625,72.525,0.0
2016-03-17T12:00:00Z,10.625,72.575,0.0
2016-03-17T12:00:00Z,10.625,72.625,0.0
2016-03-17T12:00:00Z,10.625,72.675,0.0
2016-03-17T12:00:00Z,10.625,72.725,0.0
2016-03-17T12:00:00Z,10.625,72.775,0.0
2016-03-17T12:00:00Z,10.575,72.425,0.0
2016-03-17T12:00:00Z,10.575,72.475,0.0
2016-03-17T12:00:00Z,10.575,72.525,0.0
2016-03-17T12:00:00Z,10.575,72.575,0.0
2016-03-17T12:00:00Z,10.575,72.625,0.0
2016-03-17T12:00:00Z,10.575,72.675,0.0
2016-03-17T12:00:00Z,10.575,72.725,0.0
2016-03-17T12:00:00Z,10.575,72.775,0.0
2016-03-17T12:00:00Z,10.525,72.425,0.0
2016-03-17T12:00:00Z,10.525,72.475,0.0
2016-03-17T12:00:00Z,10.525,72.525,0.0
2016-03-17T12:00:00Z,10.525,72.575,0.0
2016-03-17T12:00:00Z,10.525,72.625,0.0
2016-03-17T12:00:00Z,10.525,72.675,0.0
2016-03-17T12:00:00Z,10.525,72.725,0.0
2016-03-17T12:00:00Z,10.525,72.775,0.0
2016-03-17T12:00:00Z,10.475,72.425,0.0
2016-03-17T12:00:00Z,10.475,72.475,0.0
2016-03-17T12:00:00Z,10.475,72.525,0.0
2016-03-17T12:00:00Z,10.475,72.575,0.0
2016-03-17T12:00:00Z,10.475,72.625,0.0
2016-03-17T12:00:00Z,10.475,72.675,0.0
2016-03-17T12:00:00Z,10.475,72.725,0.0
2016-03-17T12:00:00Z,10.475,72.775,0.0
2016-03-17T12:00:00Z,10.425,72.425,0.0
2016-03-17T12:00:00Z,10.425,72.475,0.0
2016-03-17T12:00:00Z,10.425,72.525,0.0
2016-03-17T12:00:00Z,10.425,72.575,0.0
2016-03-17T12:00:00Z,10.425,72.625,0.0
2016-03-17T12:00:00Z,10.425,72.675,0.0
2016-03-17T12:00:00Z,10.425,72.725,0.0
2016-03-17T12:00:00Z,10.425,72.775,0.0
2016-03-17T12:00:00Z,10.375,72.425,0.0
2016-03-17T12:00:00Z,10.375,72.475,0.0
2016-03-17T12:00:00Z,10.375,72.525,0.0
2016-03-17T12:00:00Z,10.375,72.575,0.0
2016-03-17T12:00:00Z,10.375,72.625,0.0
2016-03-17T12:00:00Z,10.375,72.675,0.0
2016-03-17T12:00:00Z,10.375,72.725,0.0
2016-03-17T12:00:00Z,10.375,72.775,0.0
2016-04-16T12:00:00Z,10.625,72.425,0.0
2016-04-16T12:00:00Z,10.625,72.475,0.0
2016-04-16T12:00:00Z,10.625,72.525,0.0
2016-04-16T12:00:00Z,10.625,72.575,0.0
2016-04-16T12:00:00Z,10.625,72.625,0.0
2016-04-16T12:00:00Z,10.625,72.675,0.0
2016-04-16T12:00:00Z,10.625,72.725,0.0
2016-04-16T12:00:00Z,10.625,72.775,0.0
2016-04-16T12:00:00Z,10.575,72.425,0.0
2016-04-16T12:00:00Z,10.575,72.475,0.0
2016-04-16T12:00:00Z,10.575,72.525,0.0
2016-04-16T12:00:00Z,10.575,72.575,0.0
2016-04-16T12:00:00Z,10.575,72.625,0.0
2016-04-16T12:00:00Z,10.575,72.675,0.0
2016-04-16T12:00:00Z,10.575,72.725,0.0
2016-04-16T12:00:00Z,10.575,72.775,0.0
2016-04-16T12:00:00Z,10.525,72.425,0.0
2016-04-16T12:00:00Z,10.525,72.475,0.0
2016-04-16T12:00:00Z,10.525,72.525,0.0
2016-04-16T12:00:00Z,10.525,72.575,0.0
2016-04-16T12:00:00Z,10.525,72.625,0.0
2016-04-16T12:00:00Z,10.525,72.675,0.0
2016-04-16T12:00:00Z,10.525,72.725,0.0
2016-04-16T12:00:00Z,10.525,72.775,0.0
2016-04-16T12:00:00Z,10.475,72.425,0.0
2016-04-16T12:00:00Z,10.475,72.475,0.0
2016-04-16T12:00:00Z,10.475,72.525,0.0
2016-04-16T12:00:00Z,10.475,72.575,0.0
2016-04-16T12:00:00Z,10.475,72.625,0.0
2016-04-16T12:00:00Z,10.475,72.675,0.0
2016-04-16T12:00:00Z,10.475,72.725,0.0
2016-04-16T12:00:00Z,10.475,72.775,0.0
2016-04-16T12:00:00Z,10.425,72.425,0.0
2016-04-16T12:00:00Z,10.425,72.475,0.0
2016-04-16T12:00:00Z,10.425,72.525,0.0
2016-04-16T12:00:00Z,10.425,72.575,0.0
2016-04-16T12:00:00Z,10.425,72.625,0.0
2016-04-16T12:00:00Z,10.425,72.675,0.0
2016-04-16T12:00:00Z,10.425,72.725,0.0
2016-04-16T12:00:00Z,10.425,72.775,0.0
2016-04-16T12:00:00Z,10.375,72.425,0.0
2016-04-16T12:00:00Z,10.375,72.475,0.0
2016-04-16T12:00:00Z,10.375,72.525,0.0
2016-04-16T12:00:00Z,10.375,72.575,0.0
2016-04-16T12:00:00Z,10.375,72.625,0.0
2016-04-16T12:00:00Z,10.375,72.675,0.0
2016-04-16T12:00:00Z,10.375,72.725,0.0
2016-04-16T12:00:00Z,10.375,72.775,0.0
2016-05-16T12:00:00Z,10.625,72.425,2.69
2016-05-16T12:00:00Z,10.625,72.475,2.88
2016-05-16T12:00:00Z,10.625,72.525,3.06
2016-05-16T12:00:00Z,10.625,72.575,3.1
2016-05-16T12:00:00Z,10.625,72.625,3.2800000000000002
2016-05-16T12:00:00Z,10.625,72.675,3.31
2016-05-16T12:00:00Z,10.625,72.725,3.35
2016-05-16T12:00:00Z,10.625,72.775,3.36
2016-05-16T12:00:00Z,10.575,72.425,2.69
2016-05-16T12:00:00Z,10.575,72.475,3.0300000000000002
2016-05-16T12:00:00Z,10.575,72.525,3.06
2016-05-16T12:00:00Z,10.575,72.575,3.1
2016-05-16T12:00:00Z,10.575,72.625,3.14
2016-05-16T12:00:00Z,10.575,72.675,3.3200000000000003
2016-05-16T12:00:00Z,10.575,72.725,3.36
2016-05-16T12:00:00Z,10.575,72.775,3.4
2016-05-16T12:00:00Z,10.525,72.425,2.83
2016-05-16T12:00:00Z,10.525,72.475,2.88
2016-05-16T12:00:00Z,10.525,72.525,3.0500000000000003
2016-05-16T12:00:00Z,10.525,72.575,3.08
2016-05-16T12:00:00Z,10.525,72.625,3.13
2016-05-16T12:00:00Z,10.525,72.675,3.31
2016-05-16T12:00:00Z,10.525,72.725,3.35
2016-05-16T12:00:00Z,10.525,72.775,3.5500000000000003
2016-05-16T12:00:00Z,10.475,72.425,2.83
2016-05-16T12:00:00Z,10.475,72.475,2.88
2016-05-16T12:00:00Z,10.475,72.525,2.9
2016-05-16T12:00:00Z,10.475,72.575,2.93
2016-05-16T12:00:00Z,10.475,72.625,3.4
2016-05-16T12:00:00Z,10.475,72.675,3.44
2016-05-16T12:00:00Z,10.475,72.725,3.5100000000000002
2016-05-16T12:00:00Z,10.475,72.775,3.54
2016-05-16T12:00:00Z,10.425,72.425,2.98
2016-05-16T12:00:00Z,10.425,72.475,2.88
2016-05-16T12:00:00Z,10.425,72.525,3.0500000000000003
2016-05-16T12:00:00Z,10.425,72.575,2.94
2016-05-16T12:00:00Z,10.425,72.625,3.29
2016-05-16T12:00:00Z,10.425,72.675,3.33
2016-05-16T12:00:00Z,10.425,72.725,3.5
2016-05-16T12:00:00Z,10.425,72.775,3.5500000000000003
2016-05-16T12:00:00Z,10.375,72.425,2.86
2016-05-16T12:00:00Z,10.375,72.475,2.9
2016-05-16T12:00:00Z,10.375,72.525,2.93
2016-05-16T12:00:00Z,10.375,72.575,2.96
2016-05-16T12:00:00Z,10.375,72.625,3.13
2016-05-16T12:00:00Z,10.375,72.675,3.33
2016-05-16T12:00:00Z,10.375,72.725,3.35
2016-05-16T12:00:00Z,10.375,72.775,3.5300000000000002
2016-06-15T12:00:00Z,10.625,72.425,2.69
2016-06-15T12:00:00Z,10.625,72.475,2.88
2016-06-15T12:00:00Z,10.625,72.525,3.06
2016-06-15T12:00:00Z,10.625,72.575,3.1
2016-06-15T12:00:00Z,10.625,72.625,3.2800000000000002
2016-06-15T12:00:00Z,10.625,72.675,3.46
2016-06-15T12:00:00Z,10.625,72.725,3.5
2016-06-15T12:00:00Z,10.625,72.775,3.66
2016-06-15T12:00:00Z,10.575,72.425,2.69
2016-06-15T12:00:00Z,10.575,72.475,3.0300000000000002
2016-06-15T12:00:00Z,10.575,72.525,3.06
2016-06-15T12:00:00Z,10.575,72.575,3.1
2016-06-15T12:00:00Z,10.575,72.625,3.14
2016-06-15T12:00:00Z,10.575,72.675,3.46
2016-06-15T12:00:00Z,10.575,72.725,3.5
2016-06-15T12:00:00Z,10.575,72.775,3.7
2016-06-15T12:00:00Z,10.525,72.425,2.83
2016-06-15T12:00:00Z,10.525,72.475,2.88
2016-06-15T12:00:00Z,10.525,72.525,3.0500000000000003
2016-06-15T12:00:00Z,10.525,72.575,3.08
2016-06-15T12:00:00Z,10.525,72.625,3.27
2016-06-15T12:00:00Z,10.525,72.675,3.6
2016-06-15T12:00:00Z,10.525,72.725,3.5
2016-06-15T12:00:00Z,10.525,72.775,3.84
2016-06-15T12:00:00Z,10.475,72.425,2.83
2016-06-15T12:00:00Z,10.475,72.475,2.88
2016-06-15T12:00:00Z,10.475,72.525,2.9
2016-06-15T12:00:00Z,10.475,72.575,3.08
2016-06-15T12:00:00Z,10.475,72.625,3.54
2016-06-15T12:00:00Z,10.475,72.675,3.74
2016-06-15T12:00:00Z,10.475,72.725,3.95
2016-06-15T12:00:00Z,10.475,72.775,3.98
2016-06-15T12:00:00Z,10.425,72.425,2.98
2016-06-15T12:00:00Z,10.425,72.475,2.88
2016-06-15T12:00:00Z,10.425,72.525,3.0500000000000003
2016-06-15T12:00:00Z,10.425,72.575,2.94
2016-06-15T12:00:00Z,10.425,72.625,3.58
2016-06-15T12:00:00Z,10.425,72.675,3.62
2016-06-15T12:00:00Z,10.425,72.725,3.94
2016-06-15T12:00:00Z,10.425,72.775,4.0
2016-06-15T12:00:00Z,10.375,72.425,2.86
2016-06-15T12:00:00Z,10.375,72.475,2.9
2016-06-15T12:00:00Z,10.375,72.525,2.93
2016-06-15T12:00:00Z,10.375,72.575,2.96
2016-06-15T12:00:00Z,10.375,72.625,3.13
2016-06-15T12:00:00Z,10.375,72.675,3.62
2016-06-15T12:00:00Z,10.375,72.725,3.79
2016-06-15T12:00:00Z,10.375,72.775,3.98
2016-07-15T12:00:00Z,10.625,72.425,2.69
2016-07-15T12:00:00Z,10.625,72.475,2.88
2016-07-15T12:00:00Z,10.625,72.525,3.06
2016-07-15T12:00:00Z,10.625,72.575,3.1
2016-07-15T12:00:00Z,10.625,72.625,3.2800000000000002
2016-07-15T12:00:00Z,10.625,72.675,3.46
2016-07-15T12:00:00Z,10.625,72.725,3.5
2016-07-15T12:00:00Z,10.625,72.775,3.66
2016-07-15T12:00:00Z,10.575,72.425,2.69
2016-07-15T12:00:00Z,10.575,72.475,3.0300000000000002
2016-07-15T12:00:00Z,10.575,72.525,3.06
2016-07-15T12:00:00Z,10.575,72.575,3.1
2016-07-15T12:00:00Z,10.575,72.625,3.14
2016-07-15T12:00:00Z,10.575,72.675,3.46
2016-07-15T12:00:00Z,10.575,72.725,3.5
2016-07-15T12:00:00Z,10.575,72.775,3.7
2016-07-15T12:00:00Z,10.525,72.425,2.83
2016-07-15T12:00:00Z,10.525,72.475,2.88
2016-07-15T12:00:00Z,10.525,72.525,3.0500000000000003
2016-07-15T12:00:00Z,10.525,72.575,3.08
2016-07-15T12:00:00Z,10.525,72.625,3.27
2016-07-15T12:00:00Z,10.525,72.675,3.6
2016-07-15T12:00:00Z,10.525,72.725,3.5
2016-07-15T12:00:00Z,10.525,72.775,3.84
2016-07-15T12:00:00Z,10.475,72.425,2.83
2016-07-15T12:00:00Z,10.475,72.475,2.88
2016-07-15T12:00:00Z,10.475,72.525,2.9
2016-07-15T12:00:00Z,10.475,72.575,3.08
2016-07-15T12:00:00Z,10.475,72.625,3.54
2016-07-15T12:00:00Z,10.475,72.675,3.74
2016-07-15T12:00:00Z,10.475,72.725,3.95
2016-07-15T12:00:00Z,10.475,72.775,3.98
2016-07-15T12:00:00Z,10.425,72.425,2.98
2016-07-15T12:00:00Z,10.425,72.475,2.88
2016-07-15T12:00:00Z,10.425,72.525,3.0500000000000003
2016-07-15T12:00:00Z,10.425,72.575,2.94
2016-07-15T12:00:00Z,10.425,72.625,3.58
2016-07-15T12:00:00Z,10.425,72.675,3.62
2016-07-15T12:00:00Z,10.425,72.725,3.94
2016-07-15T12:00:00Z,10.425,72.775,4.0
2016-07-15T12:00:00Z,10.375,72.425,2.86
2016-07-15T12:00:00Z,10.375,72.475,2.9
2016-07-15T12:00:00Z,10.375,72.525,2.93
2016-07-15T12:00:00Z,10.375,72.575,2.96
2016-07-15T12:00:00Z,10.375,72.625,3.13
2016-07-15T12:00:00Z,10.375,72.675,3.62
2016-07-15T12:00:00Z,10.375,72.725,3.79
2016-07-15T12:00:00Z,10.375,72.775,3.98
2016-08-14T12:00:00Z,10.625,72.425,0.0
2016-08-14T12:00:00Z,10.625,72.475,0.0
2016-08-14T12:00:00Z,10.625,72.525,0.0
2016-08-14T12:00:00Z,10.625,72.575,0.0
2016-08-14T12:00:00Z,10.625,72.625,0.0
2016-08-14T12:00:00Z,10.625,72.675,0.0
2016-08-14T12:00:00Z,10.625,72.725,0.0
2016-08-14T12:00:00Z,10.625,72.775,0.0
2016-08-14T12:00:00Z,10.575,72.425,0.0
2016-08-14T12:00:00Z,10.575,72.475,0.0
2016-08-14T12:00:00Z,10.575,72.525,0.0
2016-08-14T12:00:00Z,10.575,72.575,0.0
2016-08-14T12:00:00Z,10.575,72.625,0.0
2016-08-14T12:00:00Z,10.575,72.675,0.0
2016-08-14T12:00:00Z,10.575,72.725,0.0
2016-08-14T12:00:00Z,10.575,72.775,0.0
2016-08-14T12:00:00Z,10.525,72.425,0.0
2016-08-14T12:00:00Z,10.525,72.475,0.0
2016-08-14T12:00:00Z,10.525,72.525,0.0
2016-08-14T12:00:00Z,10.525,72.575,0.0
2016-08-14T12:00:00Z,10.525,72.625,0.0
2016-08-14T12:00:00Z,10.525,72.675,0.0
2016-08-14T12:00:00Z,10.525,72.725,0.0
2016-08-14T12:00:00Z,10.525,72.775,0.0
2016-08-14T12:00:00Z,10.475,72.425,0.0
2016-08-14T12:00:00Z,10.475,72.475,0.0
2016-08-14T12:00:00Z,10.475,72.525,0.0
2016-08-14T12:00:00Z,10.475,72.575,0.0
2016-08-14T12:00:00Z,10.475,72.625,0.0
2016-08-14T12:00:00Z,10.475,72.675,0.0
2016-08-14T12:00:00Z,10.475,72.725,0.0
2016-08-14T12:00:00Z,10.475,72.775,0.0
2016-08-14T12:00:00Z,10.425,72.425,0.0
2016-08-14T12:00:00Z,10.425,72.475,0.0
2016-08-14T12:00:00Z,10.425,72.525,0.0
2016-08-14T12:00:00Z,10.425,72.575,0.0
2016-08-14T12:00:00Z,10.425,72.625,0.0
2016-08-14T12:00:00Z,10.425,72.675,0.0
2016-08-14T12:00:00Z,10.425,72.725,0.0
2016-08-14T12:00:00Z,10.425,72.775,0.0
2016-08-14T12:00:00Z,10.375,72.425,0.0
2016-08-14T12:00:00Z,10.375,72.475,0.0
2016-08-14T12:00:00Z,10.375,72.525,0.0
2016-08-14T12:00:00Z,10.375,72.575,0.0
2016-08-14T12:00:00Z,10.375,72.625,0.0
2016-08-14T12:00:00Z,10.375,72.675,0.0
2016-08-14T12:00:00Z,10.375,72.725,0.0
2016-08-14T12:00:00Z,10.375,72.775,0.0
2016-09-13T12:00:00Z,10.625,72.425,0.0
2016-09-13T12:00:00Z,10.625,72.475,0.0
2016-09-13T12:00:00Z,10.625,72.525,0.0
2016-09-13T12:00:00Z,10.625,72.575,0.0
2016-09-13T12:00:00Z,10.625,72.625,0.0
2016-09-13T12:00:00Z,10.625,72.675,0.0
2016-09-13T12:00:00Z,10.625,72.725,0.0
2016-09-13T12:00:00Z,10.625,72.775,0.0
2016-09-13T12:00:00Z,10.575,72.425,0.0
2016-09-13T12:00:00Z,10.575,72.475,0.0
2016-09-13T12:00:00Z,10.575,72.525,0.0
2016-09-13T12:00:00Z,10.575,72.575,0.0
2016-09-13T12:00:00Z,10.575,72.625,0.0
2016-09-13T12:00:00Z,10.575,72.675,0.0
2016-09-13T12:00:00Z,10.575,72.725,0.0
2016-09-13T12:00:00Z,10.575,72.775,0.0
2016-09-13T12:00:00Z,10.525,72.425,0.0
2016-09-13T12:00:00Z,10.525,72.475,0.0
2016-09-13T12:00:00Z,10.525,72.525,0.0
2016-09-13T12:00:00Z,10.525,72.575,0.0
2016-09-13T12:00:00Z,10.525,72.625,0.0
2016-09-13T12:00:00Z,10.525,72.675,0.0
2016-09-13T12:00:00Z,10.525,72.725,0.0
2016-09-13T12:00:00Z,10.525,72.775,0.0
2016-09-13T12:00:00Z,10.475,72.425,0.0
2016-09-13T12:00:00Z,10.475,72.475,0.0
2016-09-13T12:00:00Z,10.475,72.525,0.0
2016-09-13T12:00:00Z,10.475,72.575,0.0
2016-09-13T12:00:00Z,10.475,72.625,0.0
2016-09-13T12:00:00Z,10.475,72.675,0.0
2016-09-13T12:00:00Z,10.475,72.725,0.0
2016-09-13T12:00:00Z,10.475,72.775,0.0
2016-09-13T12:00:00Z,10.425,72.425,0.0
2016-09-13T12:00:00Z,10.425,72.475,0.0
2016-09-13T12:00:00Z,10.425,72.525,0.0
2016-09-13T12:00:00Z,10.425,72.575,0.0
2016-09-13T12:00:00Z,10.425,72.625,0.0
2016-09-13T12:00:00Z,10.425,72.675,0.0
2016-09-13T12:00:00Z,10.425,72.725,0.0
2016-09-13T12:00:00Z,10.425,72.775,0.0
2016-09-13T12:00:00Z,10.375,72.425,0.0
2016-09-13T12:00:00Z,10.375,72.475,0.0
2016-09-13T12:00:00Z,10.375,72.525,0.0
2016-09-13T12:00:00Z,10.375,72.575,0.0
2016-09-13T12:00:00Z,10.375,72.625,0.0
2016-09-13T12:00:00Z,10.375,72.675,0.0
2016-09-13T12:00:00Z,10.375,72.725,0.0
2016-09-13T12:00:00Z,10.375,72.775,0.0
2016-10-13T12:00:00Z,10.625,72.425,0.0
2016-10-13T12:00:00Z,10.625,72.475,0.0
2016-10-13T12:00:00Z,10.625,72.525,0.0
2016-10-13T12:00:00Z,10.625,72.575,0.0
2016-10-13T12:00:00Z,10.625,72.625,0.0
2016-10-13T12:00:00Z,10.625,72.675,0.0
2016-10-13T12:00:00Z,10.625,72.725,0.0
2016-10-13T12:00:00Z,10.625,72.775,0.0
2016-10-13T12:00:00Z,10.575,72.425,0.0
2016-10-13T12:00:00Z,10.575,72.475,0.0
2016-10-13T12:00:00Z,10.575,72.525,0.0
2016-10-13T12:00:00Z,10.575,72.575,0.0
2016-10-13T12:00:00Z,10.575,72.625,0.0
2016-10-13T12:00:00Z,10.575,72.675,0.0
2016-10-13T12:00:00Z,10.575,72.725,0.0
2016-10-13T12:00:00Z,10.575,72.775,0.0
2016-10-13T12:00:00Z,10.525,72.425,0.0
2016-10-13T12:00:00Z,10.525,72.475,0.0
2016-10-13T12:00:00Z,10.525,72.525,0.0
2016-10-13T12:00:00Z,10.525,72.575,0.0
2016-10-13T12:00:00Z,10.525,72.625,0.0
2016-10-13T12:00:00Z,10.525,72.675,0.0
2016-10-13T12:00:00Z,10.525,72.725,0.0
2016-10-13T12:00:00Z,10.525,72.775,0.0
2016-10-13T12:00:00Z,10.475,72.425,0.0
2016-10-13T12:00:00Z,10.475,72.475,0.0
2016-10-13T12:00:00Z,10.475,72.525,0.0
2016-10-13T12:00:00Z,10.475,72.575,0.0
2016-10-13T12:00:00Z,10.475,72.625,0.0
2016-10-13T12:00:00Z,10.475,72.675,0.0
2016-10-13T12:00:00Z,10.475,72.725,0.0
2016-10-13T12:00:00Z,10.475,72.775,0.0
2016-10-13T12:00:00Z,10.425,72.425,0.0
2016-10-13T12:00:00Z,10.425,72.475,0.0
2016-10-13T12:00:00Z,10.425,72.525,0.0
2016-10-13T12:00:00Z,10.425,72.575,0.0
2016-10-13T12:00:00Z,10.425,72.625,0.0
2016-10-13T12:00:00Z,10.425,72.675,0.0
2016-10-13T12:00:00Z,10.425,72.725,0.0
2016-10-13T12:00:00Z,10.425,72.775,0.0
2016-10-13T12:00:00Z,10.375,72.425,0.0
2016-10-13T12:00:00Z,10.375,72.475,0.0
2016-10-13T12:00:00Z,10.375,72.525,0.0
2016-10-13T12:00:00Z,10.375,72.575,0.0
2016-10-13T12:00:00Z,10.375,72.625,0.0
2016-10-13T12:00:00Z,10.375,72.675,0.0
2016-10-13T12:00:00Z,10.375,72.725,0.0
2016-10-13T12:00:00Z,10.375,72.775,0.0
2016-11-12T12:00:00Z,10.625,72.425,0.0
2016-11-12T12:00:00Z,10.625,72.475,0.0
2016-11-12T12:00:00Z,10.625,72.525,0.0
2016-11-12T12:00:00Z,10.625,72.575,0.0
2016-11-12T12:00:00Z,10.625,72.625,0.0
2016-11-12T12:00:00Z,10.625,72.675,0.0
2016-11-12T12:00:00Z,10.625,72.725,0.0
2016-11-12T12:00:00Z,10.625,72.775,0.0
2016-11-12T12:00:00Z,10.575,72.425,0.0
2016-11-12T12:00:00Z,10.575,72.475,0.0
2016-11-12T12:00:00Z,10.575,72.525,0.0
2016-11-12T12:00:00Z,10.575,72.575,0.0
2016-11-12T12:00:00Z,10.575,72.625,0.0
2016-11-12T12:00:00Z,10.575,72.675,0.0
2016-11-12T12:00:00Z,10.575,72.725,0.0
2016-11-12T12:00:00Z,10.575,72.775,0.0
2016-11-12T12:00:00Z,10.525,72.425,0.0
2016-11-12T12:00:00Z,10.525,72.475,0.0
2016-11-12T12:00:00Z,10.525,72.525,0.0
2016-11-12T12:00:00Z,10.525,72.575,0.0
2016-11-12T12:00:00Z,10.525,72.625,0.0
2016-11-12T12:00:00Z,10.525,72.675,0.0
2016-11-12T12:00:00Z,10.525,72.725,0.0
2016-11-12T12:00:00Z,10.525,72.775,0.0
2016-11-12T12:00:00Z,10.475,72.425,0.0
2016-11-12T12:00:00Z,10.475,72.475,0.0
2016-11-12T12:00:00Z,10.475,72.525,0.0
2016-11-12T12:00:00Z,10.475,72.575,0.0
2016-11-12T12:00:00Z,10.475,72.625,0.0
2016-11-12T12:00:00Z,10.475,72.675,0.0
2016-11-12T12:00:00Z,10.475,72.725,0.0
2016-11-12T12:00:00Z,10.475,72.775,0.0
2016-11-12T12:00:00Z,10.425,72.425,0.0
2016-11-12T12:00:00Z,10.425,72.475,0.0
2016-11-12T12:00:00Z,10.425,72.525,0.0
2016-11-12T12:00:00Z,10.425,72.575,0.0
2016-11-12T12:00:00Z,10.425,72.625,0.0
2016-11-12T12:00:00Z,10.425,72.675,0.0
2016-11-12T12:00:00Z,10.425,72.725,0.0
2016-11-12T12:00:00Z,10.425,72.775,0.0
2016-11-12T12:00:00Z,10.375,72.425,0.0
2016-11-12T12:00:00Z,10.375,72.475,0.0
2016-11-12T12:00:00Z,10.375,72.525,0.0
2016-11-12T12:00:00Z,10.375,72.575,0.0
2016-11-12T12:00:00Z,10.375,72.625,0.0
2016-11-12T12:00:00Z,10.375,72.675,0.0
2016-11-12T12:00:00Z,10.375,72.725,0.0
2016-11-12T12:00:00Z,10.375,72.775,0.0
2016-12-12T12:00:00Z,10.625,72.425,0.0
2016-12-12T12:00:00Z,10.625,72.475,0.0
2016-12-12T12:00:00Z,10.625,72.525,0.0
2016-12-12T12:00:00Z,10.625,72.575,0.0
2016-12-12T12:00:00Z,10.625,72.625,0.0
2016-12-12T12:00:00Z,10.625,72.675,0.0
2016-12-12T12:00:00Z,10.625,72.725,0.0
2016-12-12T12:00:00Z,10.625,72.775,0.0
2016-12-12T12:00:00Z,10.575,72.425,0.0
2016-12-12T12:00:00Z,10.575,72.475,0.0
2016-12-12T12:00:00Z,10.575,72.525,0.0
2016-12-12T12:00:00Z,10.575,72.575,0.0
2016-12-12T12:00:00Z,10.575,72.625,0.0
2016-12-12T12:00:00Z,10.575,72.675,0.0
2016-12-12T12:00:00Z,10.575,72.725,0.0
2016-12-12T12:00:00Z,10.575,72.775,0.0
2016-12-12T12:00:00Z,10.525,72.425,0.0
2016-12-12T12:00:00Z,10.525,72.475,0.0
2016-12-12T12:00:00Z,10.525,72.525,0.0
2016-12-12T12:00:00Z,10.525,72.575,0.0
2016-12-12T12:00:00Z,10.525,72.625,0.0
2016-12-12T12:00:00Z,10.525,72.675,0.0
2016-12-12T12:00:00Z,10.525,72.725,0.0
2016-12-12T12:00:00Z,10.525,72.775,0.0
2016-12-12T12:00:00Z,10.475,72.425,0.0
2016-12-12T12:00:00Z,10.475,72.475,0.0
2016-12-12T12:00:00Z,10.475,72.525,0.0
2016-12-12T12:00:00Z,10.475,72.575,0.0
2016-12-12T12:00:00Z,10.475,72.625,0.0
2016-12-12T12:00:00Z,10.475,72.675,0.0
2016-12-12T12:00:00Z,10.475,72.725,0.0
2016-12-12T12:00:00Z,10.475,72.775,0.0
2016-12-12T12:00:00Z,10.425,72.425,0.0
2016-12-12T12:00:00Z,10.425,72.475,0.0
2016-12-12T12:00:00Z,10.425,72.525,0.0
2016-12-12T12:00:00Z,10.425,72.575,0.0
2016-12-12T12:00:00Z,10.425,72.625,0.0
2016-12-12T12:00:00Z,10.425,72.675,0.0
2016-12-12T12:00:00Z,10.425,72.725,0.0
2016-12-12T12:00:00Z,10.425,72.775,0.0
2016-12-12T12:00:00Z,10.375,72.425,0.0
2016-12-12T12:00:00Z,10.375,72.475,0.0
2016-12-12T12:00:00Z,10.375,72.525,0.0
2016-12-12T12:00:00Z,10.375,72.575,0.0
2016-12-12T12:00:00Z,10.375,72.625,0.0
2016-12-12T12:00:00Z,10.375,72.675,0.0
2016-12-12T12:00:00Z,10.375,72.725,0.0
2016-12-12T12:00:00Z,10.375,72.775,0.0
2017-01-11T12:00:00Z,10.625,72.425,0.0
2017-01-11T12:00:00Z,10.625,72.475,0.0
2017-01-11T12:00:00Z,10.625,72.525,0.0
2017-01-11T12:00:00Z,10.625,72.575,0.0
2017-01-11T12:00:00Z,10.625,72.625,0.0
2017-01-11T12:00:00Z,10.625,72.675,0.0
2017-01-11T12:00:00Z,10.625,72.725,0.0
2017-01-11T12:00:00Z,10.625,72.775,0.0
2017-01-11T12:00:00Z,10.575,72.425,0.0
2017-01-11T12:00:00Z,10.575,72.475,0.0
2017-01-11T12:00:00Z,10.575,72.525,0.0
2017-01-11T12:00:00Z,10.575,72.575,0.0
2017-01-11T12:00:00Z,10.575,72.625,0.0
2017-01-11T12:00:00Z,10.575,72.675,0.0
2017-01-11T12:00:00Z,10.575,72.725,0.0
2017-01-11T12:00:00Z,10.575,72.775,0.0
2017-01-11T12:00:00Z,10.525,72.425,0.0
2017-01-11T12:00:00Z,10.525,72.475,0.0
2017-01-11T12:00:00Z,10.525,72.525,0.0
2017-01-11T12:00:00Z,10.525,72.575,0.0
2017-01-11T12:00:00Z,10.525,72.625,0.0
2017-01-11T12:00:00Z,10.525,72.675,0.0
2017-01-11T12:00:00Z,10.525,72.725,0.0
2017-01-11T12:00:00Z,10.525,72.775,0.0
2017-01-11T12:00:00Z,10.475,72.425,0.0
2017-01-11T12:00:00Z,10.475,72.475,0.0
2017-01-11T12:00:00Z,10.475,72.525,0.0
2017-01-11T12:00:00Z,10.475,72.575,0.0
2017-01-11T12:00:00Z,10.475,72.625,0.0
2017-01-11T12:00:00Z,10.475,72.675,0.0
2017-01-11T12:00:00Z,10.475,72.725,0.0
2017-01-11T12:00:00Z,10.475,72.775,0.0
2017-01-11T12:00:00Z,10.425,72.425,0.0
2017-01-11T12:00:00Z,10.425,72.475,0.0
2017-01-11T12:00:00Z,10.425,72.525,0.0
2017-01-11T12:00:00Z,10.425,72.575,0.0
2017-01-11T12:00:00Z,10.425,72.625,0.0
2017-01-11T12:00:00Z,10.425,72.675,0.0
2017-01-11T12:00:00Z,10.425,72.725,0.0
2017-01-11T12:00:00Z,10.425,72.775,0.0
2017-01-11T12:00:00Z,10.375,72.425,0.0
2017-01-11T12:00:00Z,10.375,72.475,0.0
2017-01-11T12:00:00Z,10.375,72.525,0.0
2017-01-11T12:00:00Z,10.375,72.575,0.0
2017-01-11T12:00:00Z,10.375,72.625,0.0
2017-01-11T12:00:00Z,10.375,72.675,0.0
2017-01-11T12:00:00Z,10.375,72.725,0.0
2017-01-11T12:00:00Z,10.375,72.775,0.0
2017-02-10T12:00:00Z,10.625,72.425,0.0
2017-02-10T12:00:00Z,10.625,72.475,0.0
2017-02-10T12:00:00Z,10.625,72.525,0.0
2017-02-10T12:00:00Z,10.625,72.575,0.0
2017-02-10T12:00:00Z,10.625,72.625,0.0
2017-02-10T12:00:00Z,10.625,72.675,0.0
2017-02-10T12:00:00Z,10.625,72.725,0.0
2017-02-10T12:00:00Z,10.625,72.775,0.0
2017-02-10T12:00:00Z,10.575,72.425,0.0
2017-02-10T12:00:00Z,10.575,72.475,0.0
2017-02-10T12:00:00Z,10.575,72.525,0.0
2017-02-10T12:00:00Z,10.575,72.575,0.0
2017-02-10T12:00:00Z,10.575,72.625,0.0
2017-02-10T12:00:00Z,10.575,72.675,0.0
2017-02-10T12:00:00Z,10.575,72.725,0.0
2017-02-10T12:00:00Z,10.575,72.775,0.0
2017-02-10T12:00:00Z,10.525,72.425,0.0
2017-02-10T12:00:00Z,10.525,72.475,0.0
2017-02-10T12:00:00Z,10.525,72.525,0.0
2017-02-10T12:00:00Z,10.525,72.575,0.0
2017-02-10T12:00:00Z,10.525,72.625,0.0
2017-02-10T12:00:00Z,10.525,72.675,0.0
2017-02-10T12:00:00Z,10.525,72.725,0.0
2017-02-10T12:00:00Z,10.525,72.775,0.0
2017-02-10T12:00:00Z,10.475,72.425,0.0
2017-02-10T12:00:00Z,10.475,72.475,0.0
2017-02-10T12:00:00Z,10.475,72.525,0.0
2017-02-10T12:00:00Z,10.475,72.575,0.0
2017-02-10T12:00:00Z,10.475,72.625,0.0
2017-02-10T12:00:00Z,10.475,72.675,0.0
2017-02-10T12:00:00Z,10.475,72.725,0.0
2017-02-10T12:00:00Z,10.475,72.775,0.0
2017-02-10T12:00:00Z,10.425,72.425,0.0
2017-02-10T12:00:00Z,10.425,72.475,0.0
2017-02-10T12:00:00Z,10.425,72.525,0.0
2017-02-10T12:00:00Z,10.425,72.575,0.0
2017-02-10T12:00:00Z,10.425,72.625,0.0
2017-02-10T12:00:00Z,10.425,72.675,0.0
2017-02-10T12:00:00Z,10.425,72.725,0.0
2017-02-10T12:00:00Z,10.425,72.775,0.0
2017-02-10T12:00:00Z,10.375,72.425,0.0
2017-02-10T12:00:00Z,10.375,72.475,0.0
2017-02-10T12:00:00Z,10.375,72.525,0.0
2017-02-10T12:00:00Z,10.375,72.575,0.0
2017-02-10T12:00:00Z,10.375,72.625,0.0
2017-02-10T12:00:00Z,10.375,72.675,0.0
2017-02-10T12:00:00Z,10.375,72.725,0.0
2017-02-10T12:00:00Z,10.375,72.775,0.0
2017-03-12T12:00:00Z,10.625,72.425,0.0
2017-03-12T12:00:00Z,10.625,72.475,0.0
2017-03-12T12:00:00Z,10.625,72.525,0.0
2017-03-12T12:00:00Z,10.625,72.575,0.0
2017-03-12T12:00:00Z,10.625,72.625,0.0
2017-03-12T12:00:00Z,10.625,72.675,0.0
2017-03-12T12:00:00Z,10.625,72.725,0.0
2017-03-12T12:00:00Z,10.625,72.775,0.0
2017-03-12T12:00:00Z,10.575,72.425,0.0
2017-03-12T12:00:00Z,10.575,72.475,0.0
2017-03-12T12:00:00Z,10.575,72.525,0.0
2017-03-12T12:00:00Z,10.575,72.575,0.0
2017-03-12T12:00:00Z,10.575,72.625,0.0
2017-03-12T12:00:00Z,10.575,72.675,0.0
2017-03-12T12:00:00Z,10.575,72.725,0.0
2017-03-12T12:00:00Z,10.575,72.775,0.0
2017-03-12T12:00:00Z,10.525,72.425,0.0
2017-03-12T12:00:00Z,10.525,72.475,0.0
2017-03-12T12:00:00Z,10.525,72.525,0.0
2017-03-12T12:00:00Z,10.525,72.575,0.0
2017-03-12T12:00:00Z,10.525,72.625,0.0
2017-03-12T12:00:00Z,10.525,72.675,0.0
2017-03-12T12:00:00Z,10.525,72.725,0.0
2017-03-12T12:00:00Z,10.525,72.775,0.0
2017-03-12T12:00:00Z,10.475,72.425,0.0
2017-03-12T12:00:00Z,10.475,72.475,0.0
2017-03-12T12:00:00Z,10.475,72.525,0.0
2017-03-12T12:00:00Z,10.475,72.575,0.0
2017-03-12T12:00:00Z,10.475,72.625,0.0
2017-03-12T12:00:00Z,10.475,72.675,0.0
2017-03-12T12:00:00Z,10.475,72.725,0.0
2017-03-12T12:00:00Z,10.475,72.775,0.0
2017-03-12T12:00:00Z,10.425,72.425,0.0
2017-03-12T12:00:00Z,10.425,72.475,0.0
2017-03-12T12:00:00Z,10.425,72.525,0.0
2017-03-12T12:00:00Z,10.425,72.575,0.0
2017-03-12T12:00:00Z,10.425,72.625,0.0
2017-03-12T12:00:00Z,10.425,72.675,0.0
2017-03-12T12:00:00Z,10.425,72.725,0.0
2017-03-12T12:00:00Z,10.425,72.775,0.0
2017-03-12T12:00:00Z,10.375,72.425,0.0
2017-03-12T12:00:00Z,10.375,72.475,0.0
2017-03-12T12:00:00Z,10.375,72.525,0.0
2017-03-12T12:00:00Z,10.375,72.575,0.0
2017-03-12T12:00:00Z,10.375,72.625,0.0
2017-03-12T12:00:00Z,10.375,72.675,0.0
2017-03-12T12:00:00Z,10.375,72.725,0.0
2017-03-12T12:00:00Z,10.375,72.775,0.0
2017-04-11T12:00:00Z,10.625,72.425,0.0
2017-04-11T12:00:00Z,10.625,72.475,0.0
2017-04-11T12:00:00Z,10.625,72.525,0.0
2017-04-11T12:00:00Z,10.625,72.575,0.0
2017-04-11T12:00:00Z,10.625,72.625,0.0
2017-04-11T12:00:00Z,10.625,72.675,0.0
2017-04-11T12:00:00Z,10.625,72.725,0.0
2017-04-11T12:00:00Z,10.625,72.775,0.0
2017-04-11T12:00:00Z,10.575,72.425,0.0
2017-04-11T12:00:00Z,10.575,72.475,0.0
2017-04-11T12:00:00Z,10.575,72.525,0.0
2017-04-11T12:00:00Z,10.575,72.575,0.0
2017-04-11T12:00:00Z,10.575,72.625,0.0
2017-04-11T12:00:00Z,10.575,72.675,0.0
2017-04-11T12:00:00Z,10.575,72.725,0.0
2017-04-11T12:00:00Z,10.575,72.775,0.0
2017-04-11T12:00:00Z,10.525,72.425,0.0
2017-04-11T12:00:00Z,10.525,72.475,0.0
2017-04-11T12:00:00Z,10.525,72.525,0.0
2017-04-11T12:00:00Z,10.525,72.575,0.0
2017-04-11T12:00:00Z,10.525,72.625,0.0
2017-04-11T12:00:00Z,10.525,72.675,0.0
2017-04-11T12:00:00Z,10.525,72.725,0.0
2017-04-11T12:00:00Z,10.525,72.775,0.0
2017-04-11T12:00:00Z,10.475,72.425,0.0
2017-04-11T12:00:00Z,10.475,72.475,0.0
2017-04-11T12:00:00Z,10.475,72.525,0.0
2017-04-11T12:00:00Z,10.475,72.575,0.0
2017-04-11T12:00:00Z,10.475,72.625,0.0
2017-04-11T12:00:00Z,10.475,72.675,0.0
2017-04-11T12:00:00Z,10.475,72.725,0.0
2017-04-11T12:00:00Z,10.475,72.775,0.0
2017-04-11T12:00:00Z,10.425,72.425,0.0
2017-04-11T12:00:00Z,10.425,72.475,0.0
2017-04-11T12:00:00Z,10.425,72.525,0.0
2017-04-11T12:00:00Z,10.425,72.575,0.0
2017-04-11T12:00:00Z,10.425,72.625,0.0
2017-04-11T12:00:00Z,10.425,72.675,0.0
2017-04-11T12:00:00Z,10.425,72.725,0.0
2017-04-11T12:00:00Z,10.425,72.775,0.0
2017-04-11T12:00:00Z,10.375,72.425,0.0
2017-04-11T12:00:00Z,10.375,72.475,0.0
2017-04-11T12:00:00Z,10.375,72.525,0.0
2017-04-11T12:00:00Z,10.375,72.575,0.0
2017-04-11T12:00:00Z,10.375,72.625,0.0
2017-04-11T12:00:00Z,10.375,72.675,0.0
2017-04-11T12:00:00Z,10.375,72.725,0.0
2017-04-11T12:00:00Z,10.375,72.775,0.0
2017-05-11T12:00:00Z,10.625,72.425,0.0
2017-05-11T12:00:00Z,10.625,72.475,0.0
2017-05-11T12:00:00Z,10.625,72.525,0.0
2017-05-11T12:00:00Z,10.625,72.575,0.0
2017-05-11T12:00:00Z,10.625,72.625,0.0
2017-05-11T12:00:00Z,10.625,72.675,0.0
2017-05-11T12:00:00Z,10.625,72.725,0.0
2017-05-11T12:00:00Z,10.625,72.775,0.0
2017-05-11T12:00:00Z,10.575,72.425,0.0
2017-05-11T12:00:00Z,10.575,72.475,0.0
2017-05-11T12:00:00Z,10.575,72.525,0.0
2017-05-11T12:00:00Z,10.575,72.575,0.0
2017-05-11T12:00:00Z,10.575,72.625,0.0
2017-05-11T12:00:00Z,10.575,72.675,0.0
2017-05-11T12:00:00Z,10.575,72.725,0.0
2017-05-11T12:00:00Z,10.575,72.775,0.0
2017-05-11T12:00:00Z,10.525,72.425,0.0
2017-05-11T12:00:00Z,10.525,72.475,0.0
2017-05-11T12:00:00Z,10.525,72.525,0.0
2017-05-11T12:00:00Z,10.525,72.575,0.0
2017-05-11T12:00:00Z,10.525,72.625,0.0
2017-05-11T12:00:00Z,10.525,72.675,0.0
2017-05-11T12:00:00Z,10.525,72.725,0.0
2017-05-11T12:00:00Z,10.525,72.775,0.0
2017-05-11T12:00:00Z,10.475,72.425,0.0
2017-05-11T12:00:00Z,10.475,72.475,0.0
2017-05-11T12:00:00Z,10.475,72.525,0.0
2017-05-11T12:00:00Z,10.475,72.575,0.0
2017-05-11T12:00:00Z,10.475,72.625,0.0
2017-05-11T12:00:00Z,10.475,72.675,0.0
2017-05-11T12:00:00Z,10.475,72.725,0.0
2017-05-11T12:00:00Z,10.475,72.775,0.0
2017-05-11T12:00:00Z,10.425,72.425,0.0
2017-05-11T12:00:00Z,10.425,72.475,0.0
2017-05-11T12:00:00Z,10.425,72.525,0.0
2017-05-11T12:00:00Z,10.425,72.575,0.0
2017-05-11T12:00:00Z,10.425,72.625,0.0
2017-05-11T12:00:00Z,10.425,72.675,0.0
2017-05-11T12:00:00Z,10.425,72.725,0.0
2017-05-11T12:00:00Z,10.425,72.775,0.0
2017-05-11T12:00:00Z,10.375,72.425,0.0
2017-05-11T12:00:00Z,10.375,72.475,0.0
2017-05-11T12:00:00Z,10.375,72.525,0.0
2017-05-11T12:00:00Z,10.375,72.575,0.0
2017-05-11T12:00:00Z,10.375,72.625,0.0
2017-05-11T12:00:00Z,10.375,72.675,0.0
2017-05-11T12:00:00Z,10.375,72.725,0.0
2017-05-11T12:00:00Z,10.375,72.775,0.0
2017-06-10T12:00:00Z,10.625,72.425,0.0
2017-06-10T12:00:00Z,10.625,72.475,0.0
2017-06-10T12:00:00Z,10.625,72.525,0.0
2017-06-10T12:00:00Z,10.625,72.575,0.0
2017-06-10T12:00:00Z,10.625,72.625,0.0
2017-06-10T12:00:00Z,10.625,72.675,0.0
2017-06-10T12:00:00Z,10.625,72.725,0.0
2017-06-10T12:00:00Z,10.625,72.775,0.0
2017-06-10T12:00:00Z,10.575,72.425,0.0
2017-06-10T12:00:00Z,10.575,72.475,0.0
2017-06-10T12:00:00Z,10.575,72.525,0.0
2017-06-10T12:00:00Z,10.575,72.575,0.0
2017-06-10T12:00:00Z,10.575,72.625,0.0
2017-06-10T12:00:00Z,10.575,72.675,0.0
2017-06-10T12:00:00Z,10.575,72.725,0.0
2017-06-10T12:00:00Z,10.575,72.775,0.0
2017-06-10T12:00:00Z,10.525,72.425,0.0
2017-06-10T12:00:00Z,10.525,72.475,0.0
2017-06-10T12:00:00Z,10.525,72.525,0.0
2017-06-10T12:00:00Z,10.525,72.575,0.0
2017-06-10T12:00:00Z,10.525,72.625,0.0
2017-06-10T12:00:00Z,10.525,72.675,0.0
2017-06-10T12:00:00Z,10.525,72.725,0.0
2017-06-10T12:00:00Z,10.525,72.775,0.0
2017-06-10T12:00:00Z,10.475,72.425,0.0
2017-06-10T12:00:00Z,10.475,72.475,0.0
2017-06-10T12:00:00Z,10.475,72.525,0.0
2017-06-10T12:00:00Z,10.475,72.575,0.0
2017-06-10T12:00:00Z,10.475,72.625,0.0
2017-06-10T12:00:00Z,10.475,72.675,0.0
2017-06-10T12:00:00Z,10.475,72.725,0.0
2017-06-10T12:00:00Z,10.475,72.775,0.0
2017-06-10T12:00:00Z,10.425,72.425,0.0
2017-06-10T12:00:00Z,10.425,72.475,0.0
2017-06-10T12:00:00Z,10.425,72.525,0.0
2017-06-10T12:00:00Z,10.425,72.575,0.0
2017-06-10T12:00:00Z,10.425,72.625,0.0
2017-06-10T12:00:00Z,10.425,72.675,0.0
2017-06-10T12:00:00Z,10.425,72.725,0.0
2017-06-10T12:00:00Z,10.425,72.775,0.0
2017-06-10T12:00:00Z,10.375,72.425,0.0
2017-06-10T12:00:00Z,10.375,72.475,0.0
2017-06-10T12:00:00Z,10.375,72.525,0.0
2017-06-10T12:00:00Z,10.375,72.575,0.0
2017-06-10T12:00:00Z,10.375,72.625,0.0
2017-06-10T12:00:00Z,10.375,72.675,0.0
2017-06-10T12:00:00Z,10.375,72.725,0.0
2017-06-10T12:00:00Z,10.375,72.775,0.0
2017-07-10T12:00:00Z,10.625,72.425,0.0
2017-07-10T12:00:00Z,10.625,72.475,0.0
2017-07-10T12:00:00Z,10.625,72.525,0.0
2017-07-10T12:00:00Z,10.625,72.575,0.0
2017-07-10T12:00:00Z,10.625,72.625,0.0
2017-07-10T12:00:00Z,10.625,72.675,0.0
2017-07-10T12:00:00Z,10.625,72.725,0.0
2017-07-10T12:00:00Z,10.625,72.775,0.0
2017-07-10T12:00:00Z,10.575,72.425,0.0
2017-07-10T12:00:00Z,10.575,72.475,0.0
2017-07-10T12:00:00Z,10.575,72.525,0.0
2017-07-10T12:00:00Z,10.575,72.575,0.0
2017-07-10T12:00:00Z,10.575,72.625,0.0
2017-07-10T12:00:00Z,10.575,72.675,0.0
2017-07-10T12:00:00Z,10.575,72.725,0.0
2017-07-10T12:00:00Z,10.575,72.775,0.0
2017-07-10T12:00:00Z,10.525,72.425,0.0
2017-07-10T12:00:00Z,10.525,72.475,0.0
2017-07-10T12:00:00Z,10.525,72.525,0.0
2017-07-10T12:00:00Z,10.525,72.575,0.0
2017-07-10T12:00:00Z,10.525,72.625,0.0
2017-07-10T12:00:00Z,10.525,72.675,0.0
2017-07-10T12:00:00Z,10.525,72.725,0.0
2017-07-10T12:00:00Z,10.525,72.775,0.0
2017-07-10T12:00:00Z,10.475,72.425,0.0
2017-07-10T12:00:00Z,10.475,72.475,0.0
2017-07-10T12:00:00Z,10.475,72.525,0.0
2017-07-10T12:00:00Z,10.475,72.575,0.0
2017-07-10T12:00:00Z,10.475,72.625,0.0
2017-07-10T12:00:00Z,10.475,72.675,0.0
2017-07-10T12:00:00Z,10.475,72.725,0.0
2017-07-10T12:00:00Z,10.475,72.775,0.0
2017-07-10T12:00:00Z,10.425,72.425,0.0
2017-07-10T12:00:00Z,10.425,72.475,0.0
2017-07-10T12:00:00Z,10.425,72.525,0.0
2017-07-10T12:00:00Z,10.425,72.575,0.0
2017-07-10T12:00:00Z,10.425,72.625,0.0
2017-07-10T12:00:00Z,10.425,72.675,0.0
2017-07-10T12:00:00Z,10.425,72.725,0.0
2017-07-10T12:00:00Z,10.425,72.775,0.0
2017-07-10T12:00:00Z,10.375,72.425,0.0
2017-07-10T12:00:00Z,10.375,72.475,0.0
2017-07-10T12:00:00Z,10.375,72.525,0.0
2017-07-10T12:00:00Z,10.375,72.575,0.0
2017-07-10T12:00:00Z,10.375,72.625,0.0
2017-07-10T12:00:00Z,10.375,72.675,0.0
2017-07-10T12:00:00Z,10.375,72.725,0.0
2017-07-10T12:00:00Z,10.375,72.775,0.0
2017-08-09T12:00:00Z,10.625,72.425,0.0
2017-08-09T12:00:00Z,10.625,72.475,0.0
2017-08-09T12:00:00Z,10.625,72.525,0.0
2017-08-09T12:00:00Z,10.625,72.575,0.0
2017-08-09T12:00:00Z,10.625,72.625,0.0
2017-08-09T12:00:00Z,10.625,72.675,0.0
2017-08-09T12:00:00Z,10.625,72.725,0.0
2017-08-09T12:00:00Z,10.625,72.775,0.0
2017-08-09T12:00:00Z,10.575,72.425,0.0
2017-08-09T12:00:00Z,10.575,72.475,0.0
2017-08-09T12:00:00Z,10.575,72.525,0.0
2017-08-09T12:00:00Z,10.575,72.575,0.0
2017-08-09T12:00:00Z,10.575,72.625,0.0
2017-08-09T12:00:00Z,10.575,72.675,0.0
2017-08-09T12:00:00Z,10.575,72.725,0.0
2017-08-09T12:00:00Z,10.575,72.775,0.0
2017-08-09T12:00:00Z,10.525,72.425,0.0
2017-08-09T12:00:00Z,10.525,72.475,0.0
2017-08-09T12:00:00Z,10.525,72.525,0.0
2017-08-09T12:00:00Z,10.525,72.575,0.0
2017-08-09T12:00:00Z,10.525,72.625,0.0
2017-08-09T12:00:00Z,10.525,72.675,0.0
2017-08-09T12:00:00Z,10.525,72.725,0.0
2017-08-09T12:00:00Z,10.525,72.775,0.0
2017-08-09T12:00:00Z,10.475,72.425,0.0
2017-08-09T12:00:00Z,10.475,72.475,0.0
2017-08-09T12:00:00Z,10.475,72.525,0.0
2017-08-09T12:00:00Z,10.475,72.575,0.0
2017-08-09T12:00:00Z,10.475,72.625,0.0
2017-08-09T12:00:00Z,10.475,72.675,0.0
2017-08-09T12:00:00Z,10.475,72.725,0.0
2017-08-09T12:00:00Z,10.475,72.775,0.0
2017-08-09T12:00:00Z,10.425,72.425,0.0
2017-08-09T12:00:00Z,10.425,72.475,0.0
2017-08-09T12:00:00Z,10.425,72.525,0.0
2017-08-09T12:00:00Z,10.425,72.575,0.0
2017-08-09T12:00:00Z,10.425,72.625,0.0
2017-08-09T12:00:00Z,10.425,72.675,0.0
2017-08-09T12:00:00Z,10.425,72.725,0.0
2017-08-09T12:00:00Z,10.425,72.775,0.0
2017-08-09T12:00:00Z,10.375,72.425,0.0
2017-08-09T12:00:00Z,10.375,72.475,0.0
2017-08-09T12:00:00Z,10.375,72.525,0.0
2017-08-09T12:00:00Z,10.375,72.575,0.0
2017-08-09T12:00:00Z,10.375,72.625,0.0
2017-08-09T12:00:00Z,10.375,72.675,0.0
2017-08-09T12:00:00Z,10.375,72.725,0.0
2017-08-09T12:00:00Z,10.375,72.775,0.0
2017-09-08T12:00:00Z,10.625,72.425,0.0
2017-09-08T12:00:00Z,10.625,72.475,0.0
2017-09-08T12:00:00Z,10.625,72.525,0.0
2017-09-08T12:00:00Z,10.625,72.575,0.0
2017-09-08T12:00:00Z,10.625,72.625,0.0
2017-09-08T12:00:00Z,10.625,72.675,0.0
2017-09-08T12:00:00Z,10.625,72.725,0.0
2017-09-08T12:00:00Z,10.625,72.775,0.0
2017-09-08T12:00:00Z,10.575,72.425,0.0
2017-09-08T12:00:00Z,10.575,72.475,0.0
2017-09-08T12:00:00Z,10.575,72.525,0.0
2017-09-08T12:00:00Z,10.575,72.575,0.0
2017-09-08T12:00:00Z,10.575,72.625,0.0
2017-09-08T12:00:00Z,10.575,72.675,0.0
2017-09-08T12:00:00Z,10.575,72.725,0.0
2017-09-08T12:00:00Z,10.575,72.775,0.0
2017-09-08T12:00:00Z,10.525,72.425,0.0
2017-09-08T12:00:00Z,10.525,72.475,0.0
2017-09-08T12:00:00Z,10.525,72.525,0.0
2017-09-08T12:00:00Z,10.525,72.575,0.0
2017-09-08T12:00:00Z,10.525,72.625,0.0
2017-09-08T12:00:00Z,10.525,72.675,0.0
2017-09-08T12:00:00Z,10.525,72.725,0.0
2017-09-08T12:00:00Z,10.525,72.775,0.0
2017-09-08T12:00:00Z,10.475,72.425,0.0
2017-09-08T12:00:00Z,10.475,72.475,0.0
2017-09-08T12:00:00Z,10.475,72.525,0.0
2017-09-08T12:00:00Z,10.475,72.575,0.0
2017-09-08T12:00:00Z,10.475,72.625,0.0
2017-09-08T12:00:00Z,10.475,72.675,0.0
2017-09-08T12:00:00Z,10.475,72.725,0.0
2017-09-08T12:00:00Z,10.475,72.775,0.0
2017-09-08T12:00:00Z,10.425,72.425,0.0
2017-09-08T12:00:00Z,10.425,72.475,0.0
2017-09-08T12:00:00Z,10.425,72.525,0.0
2017-09-08T12:00:00Z,10.425,72.575,0.0
2017-09-08T12:00:00Z,10.425,72.625,0.0
2017-09-08T12:00:00Z,10.425,72.675,0.0
2017-09-08T12:00:00Z,10.425,72.725,0.0
2017-09-08T12:00:00Z,10.425,72.775,0.0
2017-09-08T12:00:00Z,10.375,72.425,0.0
2017-09-08T12:00:00Z,10.375,72.475,0.0
2017-09-08T12:00:00Z,10.375,72.525,0.0
2017-09-08T12:00:00Z,10.375,72.575,0.0
2017-09-08T12:00:00Z,10.375,72.625,0.0
2017-09-08T12:00:00Z,10.375,72.675,0.0
2017-09-08T12:00:00Z,10.375,72.725,0.0
2017-09-08T12:00:00Z,10.375,72.775,0.0
2017-10-08T12:00:00Z,10.625,72.425,0.0
2017-10-08T12:00:00Z,10.625,72.475,0.0
2017-10-08T12:00:00Z,10.625,72.525,0.0
2017-10-08T12:00:00Z,10.625,72.575,0.0
2017-10-08T12:00:00Z,10.625,72.625,0.0
2017-10-08T12:00:00Z,10.625,72.675,0.0
2017-10-08T12:00:00Z,10.625,72.725,0.0
2017-10-08T12:00:00Z,10.625,72.775,0.0
2017-10-08T12:00:00Z,10.575,72.425,0.0
2017-10-08T12:00:00Z,10.575,72.475,0.0
2017-10-08T12:00:00Z,10.575,72.525,0.0
2017-10-08T12:00:00Z,10.575,72.575,0.0
2017-10-08T12:00:00Z,10.575,72.625,0.0
2017-10-08T12:00:00Z,10.575,72.675,0.0
2017-10-08T12:00:00Z,10.575,72.725,0.0
2017-10-08T12:00:00Z,10.575,72.775,0.0
2017-10-08T12:00:00Z,10.525,72.425,0.0
2017-10-08T12:00:00Z,10.525,72.475,0.0
2017-10-08T12:00:00Z,10.525,72.525,0.0
2017-10-08T12:00:00Z,10.525,72.575,0.0
2017-10-08T12:00:00Z,10.525,72.625,0.0
2017-10-08T12:00:00Z,10.525,72.675,0.0
2017-10-08T12:00:00Z,10.525,72.725,0.0
2017-10-08T12:00:00Z,10.525,72.775,0.0
2017-10-08T12:00:00Z,10.475,72.425,0.0
2017-10-08T12:00:00Z,10.475,72.475,0.0
2017-10-08T12:00:00Z,10.475,72.525,0.0
2017-10-08T12:00:00Z,10.475,72.575,0.0
2017-10-08T12:00:00Z,10.475,72.625,0.0
2017-10-08T12:00:00Z,10.475,72.675,0.0
2017-10-08T12:00:00Z,10.475,72.725,0.0
2017-10-08T12:00:00Z,10.475,72.775,0.0
2017-10-08T12:00:00Z,10.425,72.425,0.0
2017-10-08T12:00:00Z,10.425,72.475,0.0
2017-10-08T12:00:00Z,10.425,72.525,0.0
2017-10-08T12:00:00Z,10.425,72.575,0.0
2017-10-08T12:00:00Z,10.425,72.625,0.0
2017-10-08T12:00:00Z,10.425,72.675,0.0
2017-10-08T12:00:00Z,10.425,72.725,0.0
2017-10-08T12:00:00Z,10.425,72.775,0.0
2017-10-08T12:00:00Z,10.375,72.425,0.0
2017-10-08T12:00:00Z,10.375,72.475,0.0
2017-10-08T12:00:00Z,10.375,72.525,0.0
2017-10-08T12:00:00Z,10.375,72.575,0.0
2017-10-08T12:00:00Z,10.375,72.625,0.0
2017-10-08T12:00:00Z,10.375,72.675,0.0
2017-10-08T12:00:00Z,10.375,72.725,0.0
2017-10-08T12:00:00Z,10.375,72.775,0.0
2017-11-07T12:00:00Z,10.625,72.425,0.0
2017-11-07T12:00:00Z,10.625,72.475,0.0
2017-11-07T12:00:00Z,10.625,72.525,0.0
2017-11-07T12:00:00Z,10.625,72.575,0.0
2017-11-07T12:00:00Z,10.625,72.625,0.0
2017-11-07T12:00:00Z,10.625,72.675,0.0
2017-11-07T12:00:00Z,10.625,72.725,0.0
2017-11-07T12:00:00Z,10.625,72.775,0.0
2017-11-07T12:00:00Z,10.575,72.425,0.0
2017-11-07T12:00:00Z,10.575,72.475,0.0
2017-11-07T12:00:00Z,10.575,72.525,0.0
2017-11-07T12:00:00Z,10.575,72.575,0.0
2017-11-07T12:00:00Z,10.575,72.625,0.0
2017-11-07T12:00:00Z,10.575,72.675,0.0
2017-11-07T12:00:00Z,10.575,72.725,0.0
2017-11-07T12:00:00Z,10.575,72.775,0.0
2017-11-07T12:00:00Z,10.525,72.425,0.0
2017-11-07T12:00:00Z,10.525,72.475,0.0
2017-11-07T12:00:00Z,10.525,72.525,0.0
2017-11-07T12:00:00Z,10.525,72.575,0.0
2017-11-07T12:00:00Z,10.525,72.625,0.0
2017-11-07T12:00:00Z,10.525,72.675,0.0
2017-11-07T12:00:00Z,10.525,72.725,0.0
2017-11-07T12:00:00Z,10.525,72.775,0.0
2017-11-07T12:00:00Z,10.475,72.425,0.0
2017-11-07T12:00:00Z,10.475,72.475,0.0
2017-11-07T12:00:00Z,10.475,72.525,0.0
2017-11-07T12:00:00Z,10.475,72.575,0.0
2017-11-07T12:00:00Z,10.475,72.625,0.0
2017-11-07T12:00:00Z,10.475,72.675,0.0
2017-11-07T12:00:00Z,10.475,72.725,0.0
2017-11-07T12:00:00Z,10.475,72.775,0.0
2017-11-07T12:00:00Z,10.425,72.425,0.0
2017-11-07T12:00:00Z,10.425,72.475,0.0
2017-11-07T12:00:00Z,10.425,72.525,0.0
2017-11-07T12:00:00Z,10.425,72.575,0.0
2017-11-07T12:00:00Z,10.425,72.625,0.0
2017-11-07T12:00:00Z,10.425,72.675,0.0
2017-11-07T12:00:00Z,10.425,72.725,0.0
2017-11-07T12:00:00Z,10.425,72.775,0.0
2017-11-07T12:00:00Z,10.375,72.425,0.0
2017-11-07T12:00:00Z,10.375,72.475,0.0
2017-11-07T12:00:00Z,10.375,72.525,0.0
2017-11-07T12:00:00Z,10.375,72.575,0.0
2017-11-07T12:00:00Z,10.375,72.625,0.0
2017-11-07T12:00:00Z,10.375,72.675,0.0
2017-11-07T12:00:00Z,10.375,72.725,0.0
2017-11-07T12:00:00Z,10.375,72.775,0.0
2017-12-07T12:00:00Z,10.625,72.425,0.0
2017-12-07T12:00:00Z,10.625,72.475,0.0
2017-12-07T12:00:00Z,10.625,72.525,0.0
2017-12-07T12:00:00Z,10.625,72.575,0.0
2017-12-07T12:00:00Z,10.625,72.625,0.0
2017-12-07T12:00:00Z,10.625,72.675,0.0
2017-12-07T12:00:00Z,10.625,72.725,0.0
2017-12-07T12:00:00Z,10.625,72.775,0.0
2017-12-07T12:00:00Z,10.575,72.425,0.0
2017-12-07T12:00:00Z,10.575,72.475,0.0
2017-12-07T12:00:00Z,10.575,72.525,0.0
2017-12-07T12:00:00Z,10.575,72.575,0.0
2017-12-07T12:00:00Z,10.575,72.625,0.0
2017-12-07T12:00:00Z,10.575,72.675,0.0
2017-12-07T12:00:00Z,10.575,72.725,0.0
2017-12-07T12:00:00Z,10.575,72.775,0.0
2017-12-07T12:00:00Z,10.525,72.425,0.0
2017-12-07T12:00:00Z,10.525,72.475,0.0
2017-12-07T12:00:00Z,10.525,72.525,0.0
2017-12-07T12:00:00Z,10.525,72.575,0.0
2017-12-07T12:00:00Z,10.525,72.625,0.0
2017-12-07T12:00:00Z,10.525,72.675,0.0
2017-12-07T12:00:00Z,10.525,72.725,0.0
2017-12-07T12:00:00Z,10.525,72.775,0.0
2017-12-07T12:00:00Z,10.475,72.425,0.0
2017-12-07T12:00:00Z,10.475,72.475,0.0
2017-12-07T12:00:00Z,10.475,72.525,0.0
2017-12-07T12:00:00Z,10.475,72.575,0.0
2017-12-07T12:00:00Z,10.475,72.625,0.0
2017-12-07T12:00:00Z,10.475,72.675,0.0
2017-12-07T12:00:00Z,10.475,72.725,0.0
2017-12-07T12:00:00Z,10.475,72.775,0.0
2017-12-07T12:00:00Z,10.425,72.425,0.0
2017-12-07T12:00:00Z,10.425,72.475,0.0
2017-12-07T12:00:00Z,10.425,72.525,0.0
2017-12-07T12:00:00Z,10.425,72.575,0.0
2017-12-07T12:00:00Z,10.425,72.625,0.0
2017-12-07T12:00:00Z,10.425,72.675,0.0
2017-12-07T12:00:00Z,10.425,72.725,0.0
2017-12-07T12:00:00Z,10.425,72.775,0.0
2017-12-07T12:00:00Z,10.375,72.425,0.0
2017-12-07T12:00:00Z,10.375,72.475,0.0
2017-12-07T12:00:00Z,10.375,72.525,0.0
2017-12-07T12:00:00Z,10.375,72.575,0.0
2017-12-07T12:00:00Z,10.375,72.625,0.0
2017-12-07T12:00:00Z,10.375,72.675,0.0
2017-12-07T12:00:00Z,10.375,72.725,0.0
2017-12-07T12:00:00Z,10.375,72.775,0.0
2018-01-06T12:00:00Z,10.625,72.425,0.0
2018-01-06T12:00:00Z,10.625,72.475,0.0
2018-01-06T12:00:00Z,10.625,72.525,0.0
2018-01-06T12:00:00Z,10.625,72.575,0.0
2018-01-06T12:00:00Z,10.625,72.625,0.0
2018-01-06T12:00:00Z,10.625,72.675,0.0
2018-01-06T12:00:00Z,10.625,72.725,0.0
2018-01-06T12:00:00Z,10.625,72.775,0.0
2018-01-06T12:00:00Z,10.575,72.425,0.0
2018-01-06T12:00:00Z,10.575,72.475,0.0
2018-01-06T12:00:00Z,10.575,72.525,0.0
2018-01-06T12:00:00Z,10.575,72.575,0.0
2018-01-06T12:00:00Z,10.575,72.625,0.0
2018-01-06T12:00:00Z,10.575,72.675,0.0
2018-01-06T12:00:00Z,10.575,72.725,0.0
2018-01-06T12:00:00Z,10.575,72.775,0.0
2018-01-06T12:00:00Z,10.525,72.425,0.0
2018-01-06T12:00:00Z,10.525,72.475,0.0
2018-01-06T12:00:00Z,10.525,72.525,0.0
2018-01-06T12:00:00Z,10.525,72.575,0.0
2018-01-06T12:00:00Z,10.525,72.625,0.0
2018-01-06T12:00:00Z,10.525,72.675,0.0
2018-01-06T12:00:00Z,10.525,72.725,0.0
2018-01-06T12:00:00Z,10.525,72.775,0.0
2018-01-06T12:00:00Z,10.475,72.425,0.0
2018-01-06T12:00:00Z,10.475,72.475,0.0
2018-01-06T12:00:00Z,10.475,72.525,0.0
2018-01-06T12:00:00Z,10.475,72.575,0.0
2018-01-06T12:00:00Z,10.475,72.625,0.0
2018-01-06T12:00:00Z,10.475,72.675,0.0
2018-01-06T12:00:00Z,10.475,72.725,0.0
2018-01-06T12:00:00Z,10.475,72.775,0.0
2018-01-06T12:00:00Z,10.425,72.425,0.0
2018-01-06T12:00:00Z,10.425,72.475,0.0
2018-01-06T12:00:00Z,10.425,72.525,0.0
2018-01-06T12:00:00Z,10.425,72.575,0.0
2018-01-06T12:00:00Z,10.425,72.625,0.0
2018-01-06T12:00:00Z,10.425,72.675,0.0
2018-01-06T12:00:00Z,10.425,72.725,0.0
2018-01-06T12:00:00Z,10.425,72.775,0.0
2018-01-06T12:00:00Z,10.375,72.425,0.0
2018-01-06T12:00:00Z,10.375,72.475,0.0
2018-01-06T12:00:00Z,10.375,72.525,0.0
2018-01-06T12:00:00Z,10.375,72.575,0.0
2018-01-06T12:00:00Z,10.375,72.625,0.0
2018-01-06T12:00:00Z,10.375,72.675,0.0
2018-01-06T12:00:00Z,10.375,72.725,0.0
2018-01-06T12:00:00Z,10.375,72.775,0.0
2018-02-05T12:00:00Z,10.625,72.425,0.0
2018-02-05T12:00:00Z,10.625,72.475,0.0
2018-02-05T12:00:00Z,10.625,72.525,0.0
2018-02-05T12:00:00Z,10.625,72.575,0.0
2018-02-05T12:00:00Z,10.625,72.625,0.0
2018-02-05T12:00:00Z,10.625,72.675,0.0
2018-02-05T12:00:00Z,10.625,72.725,0.0
2018-02-05T12:00:00Z,10.625,72.775,0.0
2018-02-05T12:00:00Z,10.575,72.425,0.0
2018-02-05T12:00:00Z,10.575,72.475,0.0
2018-02-05T12:00:00Z,10.575,72.525,0.0
2018-02-05T12:00:00Z,10.575,72.575,0.0
2018-02-05T12:00:00Z,10.575,72.625,0.0
2018-02-05T12:00:00Z,10.575,72.675,0.0
2018-02-05T12:00:00Z,10.575,72.725,0.0
2018-02-05T12:00:00Z,10.575,72.775,0.0
2018-02-05T12:00:00Z,10.525,72.425,0.0
2018-02-05T12:00:00Z,10.525,72.475,0.0
2018-02-05T12:00:00Z,10.525,72.525,0.0
2018-02-05T12:00:00Z,10.525,72.575,0.0
2018-02-05T12:00:00Z,10.525,72.625,0.0
2018-02-05T12:00:00Z,10.525,72.675,0.0
2018-02-05T12:00:00Z,10.525,72.725,0.0
2018-02-05T12:00:00Z,10.525,72.775,0.0
2018-02-05T12:00:00Z,10.475,72.425,0.0
2018-02-05T12:00:00Z,10.475,72.475,0.0
2018-02-05T12:00:00Z,10.475,72.525,0.0
2018-02-05T12:00:00Z,10.475,72.575,0.0
2018-02-05T12:00:00Z,10.475,72.625,0.0
2018-02-05T12:00:00Z,10.475,72.675,0.0
2018-02-05T12:00:00Z,10.475,72.725,0.0
2018-02-05T12:00:00Z,10.475,72.775,0.0
2018-02-05T12:00:00Z,10.425,72.425,0.0
2018-02-05T12:00:00Z,10.425,72.475,0.0
2018-02-05T12:00:00Z,10.425,72.525,0.0
2018-02-05T12:00:00Z,10.425,72.575,0.0
2018-02-05T12:00:00Z,10.425,72.625,0.0
2018-02-05T12:00:00Z,10.425,72.675,0.0
2018-02-05T12:00:00Z,10.425,72.725,0.0
2018-02-05T12:00:00Z,10.425,72.775,0.0
2018-02-05T12:00:00Z,10.375,72.425,0.0
2018-02-05T12:00:00Z,10.375,72.475,0.0
2018-02-05T12:00:00Z,10.375,72.525,0.0
2018-02-05T12:00:00Z,10.375,72.575,0.0
2018-02-05T12:00:00Z,10.375,72.625,0.0
2018-02-05T12:00:00Z,10.375,72.675,0.0
2018-02-05T12:00:00Z,10.375,72.725,0.0
2018-02-05T12:00:00Z,10.375,72.775,0.0
2018-03-07T12:00:00Z,10.625,72.425,0.0
2018-03-07T12:00:00Z,10.625,72.475,0.0
2018-03-07T12:00:00Z,10.625,72.525,0.0
2018-03-07T12:00:00Z,10.625,72.575,0.0
2018-03-07T12:00:00Z,10.625,72.625,0.0
2018-03-07T12:00:00Z,10.625,72.675,0.0
2018-03-07T12:00:00Z,10.625,72.725,0.0
2018-03-07T12:00:00Z,10.625,72.775,0.0
2018-03-07T12:00:00Z,10.575,72.425,0.0
2018-03-07T12:00:00Z,10.575,72.475,0.0
2018-03-07T12:00:00Z,10.575,72.525,0.0
2018-03-07T12:00:00Z,10.575,72.575,0.0
2018-03-07T12:00:00Z,10.575,72.625,0.0
2018-03-07T12:00:00Z,10.575,72.675,0.0
2018-03-07T12:00:00Z,10.575,72.725,0.0
2018-03-07T12:00:00Z,10.575,72.775,0.0
2018-03-07T12:00:00Z,10.525,72.425,0.0
2018-03-07T12:00:00Z,10.525,72.475,0.0
2018-03-07T12:00:00Z,10.525,72.525,0.0
2018-03-07T12:00:00Z,10.525,72.575,0.0
2018-03-07T12:00:00Z,10.525,72.625,0.0
2018-03-07T12:00:00Z,10.525,72.675,0.0
2018-03-07T12:00:00Z,10.525,72.725,0.0
2018-03-07T12:00:00Z,10.525,72.775,0.0
2018-03-07T12:00:00Z,10.475,72.425,0.0
2018-03-07T12:00:00Z,10.475,72.475,0.0
2018-03-07T12:00:00Z,10.475,72.525,0.0
2018-03-07T12:00:00Z,10.475,72.575,0.0
2018-03-07T12:00:00Z,10.475,72.625,0.0
2018-03-07T12:00:00Z,10.475,72.675,0.0
2018-03-07T12:00:00Z,10.475,72.725,0.0
2018-03-07T12:00:00Z,10.475,72.775,0.0
2018-03-07T12:00:00Z,10.425,72.425,0.0
2018-03-07T12:00:00Z,10.425,72.475,0.0
2018-03-07T12:00:00Z,10.425,72.525,0.0
2018-03-07T12:00:00Z,10.425,72.575,0.0
2018-03-07T12:00:00Z,10.425,72.625,0.0
2018-03-07T12:00:00Z,10.425,72.675,0.0
2018-03-07T12:00:00Z,10.425,72.725,0.0
2018-03-07T12:00:00Z,10.425,72.775,0.0
2018-03-07T12:00:00Z,10.375,72.425,0.0
2018-03-07T12:00:00Z,10.375,72.475,0.0
2018-03-07T12:00:00Z,10.375,72.525,0.0
2018-03-07T12:00:00Z,10.375,72.575,0.0
2018-03-07T12:00:00Z,10.375,72.625,0.0
2018-03-07T12:00:00Z,10.375,72.675,0.0
2018-03-07T12:00:00Z,10.375,72.725,0.0
2018-03-07T12:00:00Z,10.375,72.775,0.0
2018-04-06T12:00:00Z,10.625,72.425,0.0
2018-04-06T12:00:00Z,10.625,72.475,0.0
2018-04-06T12:00:00Z,10.625,72.525,0.0
2018-04-06T12:00:00Z,10.625,72.575,0.0
2018-04-06T12:00:00Z,10.625,72.625,0.0
2018-04-06T12:00:00Z,10.625,72.675,0.0
2018-04-06T12:00:00Z,10.625,72.725,0.0
2018-04-06T12:00:00Z,10.625,72.775,0.0
2018-04-06T12:00:00Z,10.575,72.425,0.0
2018-04-06T12:00:00Z,10.575,72.475,0.0
2018-04-06T12:00:00Z,10.575,72.525,0.0
2018-04-06T12:00:00Z,10.575,72.575,0.0
2018-04-06T12:00:00Z,10.575,72.625,0.0
2018-04-06T12:00:00Z,10.575,72.675,0.0
2018-04-06T12:00:00Z,10.575,72.725,0.0
2018-04-06T12:00:00Z,10.575,72.775,0.0
2018-04-06T12:00:00Z,10.525,72.425,0.0
2018-04-06T12:00:00Z,10.525,72.475,0.0
2018-04-06T12:00:00Z,10.525,72.525,0.0
2018-04-06T12:00:00Z,10.525,72.575,0.0
2018-04-06T12:00:00Z,10.525,72.625,0.0
2018-04-06T12:00:00Z,10.525,72.675,0.0
2018-04-06T12:00:00Z,10.525,72.725,0.0
2018-04-06T12:00:00Z,10.525,72.775,0.0
2018-04-06T12:00:00Z,10.475,72.425,0.0
2018-04-06T12:00:00Z,10.475,72.475,0.0
2018-04-06T12:00:00Z,10.475,72.525,0.0
2018-04-06T12:00:00Z,10.475,72.575,0.0
2018-04-06T12:00:00Z,10.475,72.625,0.0
2018-04-06T12:00:00Z,10.475,72.675,0.0
2018-04-06T12:00:00Z,10.475,72.725,0.0
2018-04-06T12:00:00Z,10.475,72.775,0.0
2018-04-06T12:00:00Z,10.425,72.425,0.0
2018-04-06T12:00:00Z,10.425,72.475,0.0
2018-04-06T12:00:00Z,10.425,72.525,0.0
2018-04-06T12:00:00Z,10.425,72.575,0.0
2018-04-06T12:00:00Z,10.425,72.625,0.0
2018-04-06T12:00:00Z,10.425,72.675,0.0
2018-04-06T12:00:00Z,10.425,72.725,0.0
2018-04-06T12:00:00Z,10.425,72.775,0.0
2018-04-06T12:00:00Z,10.375,72.425,0.0
2018-04-06T12:00:00Z,10.375,72.475,0.0
2018-04-06T12:00:00Z,10.375,72.525,0.0
2018-04-06T12:00:00Z,10.375,72.575,0.0
2018-04-06T12:00:00Z,10.375,72.625,0.0
2018-04-06T12:00:00Z,10.375,72.675,0.0
2018-04-06T12:00:00Z,10.375,72.725,0.0
2018-04-06T12:00:00Z,10.375,72.775,0.0
2018-05-06T12:00:00Z,10.625,72.425,0.0
2018-05-06T12:00:00Z,10.625,72.475,0.0
2018-05-06T12:00:00Z,10.625,72.525,0.0
2018-05-06T12:00:00Z,10.625,72.575,0.0
2018-05-06T12:00:00Z,10.625,72.625,0.0
2018-05-06T12:00:00Z,10.625,72.675,0.0
2018-05-06T12:00:00Z,10.625,72.725,0.0
2018-05-06T12:00:00Z,10.625,72.775,0.0
2018-05-06T12:00:00Z,10.575,72.425,0.0
2018-05-06T12:00:00Z,10.575,72.475,0.0
2018-05-06T12:00:00Z,10.575,72.525,0.0
2018-05-06T12:00:00Z,10.575,72.575,0.0
2018-05-06T12:00:00Z,10.575,72.625,0.0
2018-05-06T12:00:00Z,10.575,72.675,0.0
2018-05-06T12:00:00Z,10.575,72.725,0.0
2018-05-06T12:00:00Z,10.575,72.775,0.0
2018-05-06T12:00:00Z,10.525,72.425,0.0
2018-05-06T12:00:00Z,10.525,72.475,0.0
2018-05-06T12:00:00Z,10.525,72.525,0.0
2018-05-06T12:00:00Z,10.525,72.575,0.0
2018-05-06T12:00:00Z,10.525,72.625,0.0
2018-05-06T12:00:00Z,10.525,72.675,0.0
2018-05-06T12:00:00Z,10.525,72.725,0.0
2018-05-06T12:00:00Z,10.525,72.775,0.0
2018-05-06T12:00:00Z,10.475,72.425,0.0
2018-05-06T12:00:00Z,10.475,72.475,0.0
2018-05-06T12:00:00Z,10.475,72.525,0.0
2018-05-06T12:00:00Z,10.475,72.575,0.0
2018-05-06T12:00:00Z,10.475,72.625,0.0
2018-05-06T12:00:00Z,10.475,72.675,0.0
2018-05-06T12:00:00Z,10.475,72.725,0.0
2018-05-06T12:00:00Z,10.475,72.775,0.0
2018-05-06T12:00:00Z,10.425,72.425,0.0
2018-05-06T12:00:00Z,10.425,72.475,0.0
2018-05-06T12:00:00Z,10.425,72.525,0.0
2018-05-06T12:00:00Z,10.425,72.575,0.0
2018-05-06T12:00:00Z,10.425,72.625,0.0
2018-05-06T12:00:00Z,10.425,72.675,0.0
2018-05-06T12:00:00Z,10.425,72.725,0.0
2018-05-06T12:00:00Z,10.425,72.775,0.0
2018-05-06T12:00:00Z,10.375,72.425,0.0
2018-05-06T12:00:00Z,10.375,72.475,0.0
2018-05-06T12:00:00Z,10.375,72.525,0.0
2018-05-06T12:00:00Z,10.375,72.575,0.0
2018-05-06T12:00:00Z,10.375,72.625,0.0
2018-05-06T12:00:00Z,10.375,72.675,0.0
2018-05-06T12:00:00Z,10.375,72.725,0.0
2018-05-06T12:00:00Z,10.375,72.775,0.0
2018-06-05T12:00:00Z,10.625,72.425,0.77
2018-06-05T12:00:00Z,10.625,72.475,0.78
2018-06-05T12:00:00Z,10.625,72.525,0.79
2018-06-05T12:00:00Z,10.625,72.575,0.9500000000000001
2018-06-05T12:00:00Z,10.625,72.625,0.9400000000000001
2018-06-05T12:00:00Z,10.625,72.675,0.8
2018-06-05T12:00:00Z,10.625,72.725,0.77
2018-06-05T12:00:00Z,10.625,72.775,0.61
2018-06-05T12:00:00Z,10.575,72.425,0.6
2018-06-05T12:00:00Z,10.575,72.475,0.62
2018-06-05T12:00:00Z,10.575,72.525,0.63
2018-06-05T12:00:00Z,10.575,72.575,1.07
2018-06-05T12:00:00Z,10.575,72.625,0.93
2018-06-05T12:00:00Z,10.575,72.675,0.92
2018-06-05T12:00:00Z,10.575,72.725,0.61
2018-06-05T12:00:00Z,10.575,72.775,0.46
2018-06-05T12:00:00Z,10.525,72.425,0.6
2018-06-05T12:00:00Z,10.525,72.475,0.61
2018-06-05T12:00:00Z,10.525,72.525,0.75
2018-06-05T12:00:00Z,10.525,72.575,0.76
2018-06-05T12:00:00Z,10.525,72.625,0.76
2018-06-05T12:00:00Z,10.525,72.675,0.75
2018-06-05T12:00:00Z,10.525,72.725,0.6
2018-06-05T12:00:00Z,10.525,72.775,0.45
2018-06-05T12:00:00Z,10.475,72.425,0.59
2018-06-05T12:00:00Z,10.475,72.475,0.6
2018-06-05T12:00:00Z,10.475,72.525,0.6
2018-06-05T12:00:00Z,10.475,72.575,0.6
2018-06-05T12:00:00Z,10.475,72.625,0.6
2018-06-05T12:00:00Z,10.475,72.675,0.6
2018-06-05T12:00:00Z,10.475,72.725,0.59
2018-06-05T12:00:00Z,10.475,72.775,0.44
2018-06-05T12:00:00Z,10.425,72.425,0.45
2018-06-05T12:00:00Z,10.425,72.475,0.45
2018-06-05T12:00:00Z,10.425,72.525,0.59
2018-06-05T12:00:00Z,10.425,72.575,0.59
2018-06-05T12:00:00Z,10.425,72.625,0.6
2018-06-05T12:00:00Z,10.425,72.675,0.59
2018-06-05T12:00:00Z,10.425,72.725,0.44
2018-06-05T12:00:00Z,10.425,72.775,0.44
2018-06-05T12:00:00Z,10.375,72.425,0.46
2018-06-05T12:00:00Z,10.375,72.475,0.45
2018-06-05T12:00:00Z,10.375,72.525,0.45
2018-06-05T12:00:00Z,10.375,72.575,0.44
2018-06-05T12:00:00Z,10.375,72.625,0.44
2018-06-05T12:00:00Z,10.375,72.675,0.44
2018-06-05T12:00:00Z,10.375,72.725,0.3
2018-06-05T12:00:00Z,10.375,72.775,0.29
2018-07-05T12:00:00Z,10.625,72.425,0.77
2018-07-05T12:00:00Z,10.625,72.475,0.78
2018-07-05T12:00:00Z,10.625,72.525,0.79
2018-07-05T12:00:00Z,10.625,72.575,0.9500000000000001
2018-07-05T12:00:00Z,10.625,72.625,0.9400000000000001
2018-07-05T12:00:00Z,10.625,72.675,0.8
2018-07-05T12:00:00Z,10.625,72.725,0.77
2018-07-05T12:00:00Z,10.625,72.775,0.61
2018-07-05T12:00:00Z,10.575,72.425,0.6
2018-07-05T12:00:00Z,10.575,72.475,0.62
2018-07-05T12:00:00Z,10.575,72.525,0.63
2018-07-05T12:00:00Z,10.575,72.575,1.07
2018-07-05T12:00:00Z,10.575,72.625,0.93
2018-07-05T12:00:00Z,10.575,72.675,0.92
2018-07-05T12:00:00Z,10.575,72.725,0.61
2018-07-05T12:00:00Z,10.575,72.775,0.46
2018-07-05T12:00:00Z,10.525,72.425,0.6
2018-07-05T12:00:00Z,10.525,72.475,0.61
2018-07-05T12:00:00Z,10.525,72.525,0.75
2018-07-05T12:00:00Z,10.525,72.575,0.76
2018-07-05T12:00:00Z,10.525,72.625,0.76
2018-07-05T12:00:00Z,10.525,72.675,0.75
2018-07-05T12:00:00Z,10.525,72.725,0.6
2018-07-05T12:00:00Z,10.525,72.775,0.45
2018-07-05T12:00:00Z,10.475,72.425,0.59
2018-07-05T12:00:00Z,10.475,72.475,0.6
2018-07-05T12:00:00Z,10.475,72.525,0.6
2018-07-05T12:00:00Z,10.475,72.575,0.6
2018-07-05T12:00:00Z,10.475,72.625,0.6
2018-07-05T12:00:00Z,10.475,72.675,0.6
2018-07-05T12:00:00Z,10.475,72.725,0.59
2018-07-05T12:00:00Z,10.475,72.775,0.44
2018-07-05T12:00:00Z,10.425,72.425,0.45
2018-07-05T12:00:00Z,10.425,72.475,0.45
2018-07-05T12:00:00Z,10.425,72.525,0.59
2018-07-05T12:00:00Z,10.425,72.575,0.59
2018-07-05T12:00:00Z,10.425,72.625,0.6
2018-07-05T12:00:00Z,10.425,72.675,0.59
2018-07-05T12:00:00Z,10.425,72.725,0.44
2018-07-05T12:00:00Z,10.425,72.775,0.44
2018-07-05T12:00:00Z,10.375,72.425,0.46
2018-07-05T12:00:00Z,10.375,72.475,0.45
2018-07-05T12:00:00Z,10.375,72.525,0.45
2018-07-05T12:00:00Z,10.375,72.575,0.44
2018-07-05T12:00:00Z,10.375,72.625,0.44
2018-07-05T12:00:00Z,10.375,72.675,0.44
2018-07-05T12:00:00Z,10.375,72.725,0.3
2018-07-05T12:00:00Z,10.375,72.775,0.29
2018-08-04T12:00:00Z,10.625,72.425,0.16
2018-08-04T12:00:00Z,10.625,72.475,0.16
2018-08-04T12:00:00Z,10.625,72.525,0.16
2018-08-04T12:00:00Z,10.625,72.575,0.16
2018-08-04T12:00:00Z,10.625,72.625,0.16
2018-08-04T12:00:00Z,10.625,72.675,0.16
2018-08-04T12:00:00Z,10.625,72.725,0.14
2018-08-04T12:00:00Z,10.625,72.775,0.0
2018-08-04T12:00:00Z,10.575,72.425,0.0
2018-08-04T12:00:00Z,10.575,72.475,0.0
2018-08-04T12:00:00Z,10.575,72.525,0.0
2018-08-04T12:00:00Z,10.575,72.575,0.29
2018-08-04T12:00:00Z,10.575,72.625,0.3
2018-08-04T12:00:00Z,10.575,72.675,0.29
2018-08-04T12:00:00Z,10.575,72.725,0.0
2018-08-04T12:00:00Z,10.575,72.775,0.0
2018-08-04T12:00:00Z,10.525,72.425,0.0
2018-08-04T12:00:00Z,10.525,72.475,0.0
2018-08-04T12:00:00Z,10.525,72.525,0.14
2018-08-04T12:00:00Z,10.525,72.575,0.15
2018-08-04T12:00:00Z,10.525,72.625,0.15
2018-08-04T12:00:00Z,10.525,72.675,0.15
2018-08-04T12:00:00Z,10.525,72.725,0.14
2018-08-04T12:00:00Z,10.525,72.775,0.0
2018-08-04T12:00:00Z,10.475,72.425,0.14
2018-08-04T12:00:00Z,10.475,72.475,0.14
2018-08-04T12:00:00Z,10.475,72.525,0.15
2018-08-04T12:00:00Z,10.475,72.575,0.15
2018-08-04T12:00:00Z,10.475,72.625,0.15
2018-08-04T12:00:00Z,10.475,72.675,0.15
2018-08-04T12:00:00Z,10.475,72.725,0.15
2018-08-04T12:00:00Z,10.475,72.775,0.14
2018-08-04T12:00:00Z,10.425,72.425,0.15
2018-08-04T12:00:00Z,10.425,72.475,0.15
2018-08-04T12:00:00Z,10.425,72.525,0.15
2018-08-04T12:00:00Z,10.425,72.575,0.15
2018-08-04T12:00:00Z,10.425,72.625,0.15
2018-08-04T12:00:00Z,10.425,72.675,0.15
2018-08-04T12:00:00Z,10.425,72.725,0.15
2018-08-04T12:00:00Z,10.425,72.775,0.14
2018-08-04T12:00:00Z,10.375,72.425,0.15
2018-08-04T12:00:00Z,10.375,72.475,0.15
2018-08-04T12:00:00Z,10.375,72.525,0.15
2018-08-04T12:00:00Z,10.375,72.575,0.14
2018-08-04T12:00:00Z,10.375,72.625,0.14
2018-08-04T12:00:00Z,10.375,72.675,0.15
2018-08-04T12:00:00Z,10.375,72.725,0.15
2018-08-04T12:00:00Z,10.375,72.775,0.15
2018-09-03T12:00:00Z,10.625,72.425,0.0
2018-09-03T12:00:00Z,10.625,72.475,0.0
2018-09-03T12:00:00Z,10.625,72.525,0.0
2018-09-03T12:00:00Z,10.625,72.575,0.0
2018-09-03T12:00:00Z,10.625,72.625,0.0
2018-09-03T12:00:00Z,10.625,72.675,0.0
2018-09-03T12:00:00Z,10.625,72.725,0.0
2018-09-03T12:00:00Z,10.625,72.775,0.0
2018-09-03T12:00:00Z,10.575,72.425,0.0
2018-09-03T12:00:00Z,10.575,72.475,0.0
2018-09-03T12:00:00Z,10.575,72.525,0.0
2018-09-03T12:00:00Z,10.575,72.575,0.0
2018-09-03T12:00:00Z,10.575,72.625,0.0
2018-09-03T12:00:00Z,10.575,72.675,0.0
2018-09-03T12:00:00Z,10.575,72.725,0.0
2018-09-03T12:00:00Z,10.575,72.775,0.0
2018-09-03T12:00:00Z,10.525,72.425,0.0
2018-09-03T12:00:00Z,10.525,72.475,0.0
2018-09-03T12:00:00Z,10.525,72.525,0.0
2018-09-03T12:00:00Z,10.525,72.575,0.0
2018-09-03T12:00:00Z,10.525,72.625,0.0
2018-09-03T12:00:00Z,10.525,72.675,0.0
2018-09-03T12:00:00Z,10.525,72.725,0.0
2018-09-03T12:00:00Z,10.525,72.775,0.0
2018-09-03T12:00:00Z,10.475,72.425,0.0
2018-09-03T12:00:00Z,10.475,72.475,0.0
2018-09-03T12:00:00Z,10.475,72.525,0.0
2018-09-03T12:00:00Z,10.475,72.575,0.0
2018-09-03T12:00:00Z,10.475,72.625,0.0
2018-09-03T12:00:00Z,10.475,72.675,0.0
2018-09-03T12:00:00Z,10.475,72.725,0.0
2018-09-03T12:00:00Z,10.475,72.775,0.0
2018-09-03T12:00:00Z,10.425,72.425,0.0
2018-09-03T12:00:00Z,10.425,72.475,0.0
2018-09-03T12:00:00Z,10.425,72.525,0.0
2018-09-03T12:00:00Z,10.425,72.575,0.0
2018-09-03T12:00:00Z,10.425,72.625,0.0
2018-09-03T12:00:00Z,10.425,72.675,0.0
2018-09-03T12:00:00Z,10.425,72.725,0.0
2018-09-03T12:00:00Z,10.425,72.775,0.0
2018-09-03T12:00:00Z,10.375,72.425,0.0
2018-09-03T12:00:00Z,10.375,72.475,0.0
2018-09-03T12:00:00Z,10.375,72.525,0.0
2018-09-03T12:00:00Z,10.375,72.575,0.0
2018-09-03T12:00:00Z,10.375,72.625,0.0
2018-09-03T12:00:00Z,10.375,72.675,0.0
2018-09-03T12:00:00Z,10.375,72.725,0.0
2018-09-03T12:00:00Z,10.375,72.775,0.0
2018-10-03T12:00:00Z,10.625,72.425,0.0
2018-10-03T12:00:00Z,10.625,72.475,0.0
2018-10-03T12:00:00Z,10.625,72.525,0.0
2018-10-03T12:00:00Z,10.625,72.575,0.0
2018-10-03T12:00:00Z,10.625,72.625,0.0
2018-10-03T12:00:00Z,10.625,72.675,0.0
2018-10-03T12:00:00Z,10.625,72.725,0.0
2018-10-03T12:00:00Z,10.625,72.775,0.0
2018-10-03T12:00:00Z,10.575,72.425,0.0
2018-10-03T12:00:00Z,10.575,72.475,0.0
2018-10-03T12:00:00Z,10.575,72.525,0.0
2018-10-03T12:00:00Z,10.575,72.575,0.0
2018-10-03T12:00:00Z,10.575,72.625,0.0
2018-10-03T12:00:00Z,10.575,72.675,0.0
2018-10-03T12:00:00Z,10.575,72.725,0.0
2018-10-03T12:00:00Z,10.575,72.775,0.0
2018-10-03T12:00:00Z,10.525,72.425,0.0
2018-10-03T12:00:00Z,10.525,72.475,0.0
2018-10-03T12:00:00Z,10.525,72.525,0.0
2018-10-03T12:00:00Z,10.525,72.575,0.0
2018-10-03T12:00:00Z,10.525,72.625,0.0
2018-10-03T12:00:00Z,10.525,72.675,0.0
2018-10-03T12:00:00Z,10.525,72.725,0.0
2018-10-03T12:00:00Z,10.525,72.775,0.0
2018-10-03T12:00:00Z,10.475,72.425,0.0
2018-10-03T12:00:00Z,10.475,72.475,0.0
2018-10-03T12:00:00Z,10.475,72.525,0.0
2018-10-03T12:00:00Z,10.475,72.575,0.0
2018-10-03T12:00:00Z,10.475,72.625,0.0
2018-10-03T12:00:00Z,10.475,72.675,0.0
2018-10-03T12:00:00Z,10.475,72.725,0.0
2018-10-03T12:00:00Z,10.475,72.775,0.0
2018-10-03T12:00:00Z,10.425,72.425,0.0
2018-10-03T12:00:00Z,10.425,72.475,0.0
2018-10-03T12:00:00Z,10.425,72.525,0.0
2018-10-03T12:00:00Z,10.425,72.575,0.0
2018-10-03T12:00:00Z,10.425,72.625,0.0
2018-10-03T12:00:00Z,10.425,72.675,0.0
2018-10-03T12:00:00Z,10.425,72.725,0.0
2018-10-03T12:00:00Z,10.425,72.775,0.0
2018-10-03T12:00:00Z,10.375,72.425,0.0
2018-10-03T12:00:00Z,10.375,72.475,0.0
2018-10-03T12:00:00Z,10.375,72.525,0.0
2018-10-03T12:00:00Z,10.375,72.575,0.0
2018-10-03T12:00:00Z,10.375,72.625,0.0
2018-10-03T12:00:00Z,10.375,72.675,0.0
2018-10-03T12:00:00Z,10.375,72.725,0.0
2018-10-03T12:00:00Z,10.375,72.775,0.0
2018-11-02T12:00:00Z,10.625,72.425,0.0
2018-11-02T12:00:00Z,10.625,72.475,0.0
2018-11-02T12:00:00Z,10.625,72.525,0.0
2018-11-02T12:00:00Z,10.625,72.575,0.0
2018-11-02T12:00:00Z,10.625,72.625,0.0
2018-11-02T12:00:00Z,10.625,72.675,0.0
2018-11-02T12:00:00Z,10.625,72.725,0.0
2018-11-02T12:00:00Z,10.625,72.775,0.0
2018-11-02T12:00:00Z,10.575,72.425,0.0
2018-11-02T12:00:00Z,10.575,72.475,0.0
2018-11-02T12:00:00Z,10.575,72.525,0.0
2018-11-02T12:00:00Z,10.575,72.575,0.0
2018-11-02T12:00:00Z,10.575,72.625,0.0
2018-11-02T12:00:00Z,10.575,72.675,0.0
2018-11-02T12:00:00Z,10.575,72.725,0.0
2018-11-02T12:00:00Z,10.575,72.775,0.0
2018-11-02T12:00:00Z,10.525,72.425,0.0
2018-11-02T12:00:00Z,10.525,72.475,0.0
2018-11-02T12:00:00Z,10.525,72.525,0.0
2018-11-02T12:00:00Z,10.525,72.575,0.0
2018-11-02T12:00:00Z,10.525,72.625,0.0
2018-11-02T12:00:00Z,10.525,72.675,0.0
2018-11-02T12:00:00Z,10.525,72.725,0.0
2018-11-02T12:00:00Z,10.525,72.775,0.0
2018-11-02T12:00:00Z,10.475,72.425,0.0
2018-11-02T12:00:00Z,10.475,72.475,0.0
2018-11-02T12:00:00Z,10.475,72.525,0.0
2018-11-02T12:00:00Z,10.475,72.575,0.0
2018-11-02T12:00:00Z,10.475,72.625,0.0
2018-11-02T12:00:00Z,10.475,72.675,0.0
2018-11-02T12:00:00Z,10.475,72.725,0.0
2018-11-02T12:00:00Z,10.475,72.775,0.0
2018-11-02T12:00:00Z,10.425,72.425,0.0
2018-11-02T12:00:00Z,10.425,72.475,0.0
2018-11-02T12:00:00Z,10.425,72.525,0.0
2018-11-02T12:00:00Z,10.425,72.575,0.0
2018-11-02T12:00:00Z,10.425,72.625,0.0
2018-11-02T12:00:00Z,10.425,72.675,0.0
2018-11-02T12:00:00Z,10.425,72.725,0.0
2018-11-02T12:00:00Z,10.425,72.775,0.0
2018-11-02T12:00:00Z,10.375,72.425,0.0
2018-11-02T12:00:00Z,10.375,72.475,0.0
2018-11-02T12:00:00Z,10.375,72.525,0.0
2018-11-02T12:00:00Z,10.375,72.575,0.0
2018-11-02T12:00:00Z,10.375,72.625,0.0
2018-11-02T12:00:00Z,10.375,72.675,0.0
2018-11-02T12:00:00Z,10.375,72.725,0.0
2018-11-02T12:00:00Z,10.375,72.775,0.0
2018-12-02T12:00:00Z,10.625,72.425,0.0
2018-12-02T12:00:00Z,10.625,72.475,0.0
2018-12-02T12:00:00Z,10.625,72.525,0.0
2018-12-02T12:00:00Z,10.625,72.575,0.0
2018-12-02T12:00:00Z,10.625,72.625,0.0
2018-12-02T12:00:00Z,10.625,72.675,0.0
2018-12-02T12:00:00Z,10.625,72.725,0.0
2018-12-02T12:00:00Z,10.625,72.775,0.0
2018-12-02T12:00:00Z,10.575,72.425,0.0
2018-12-02T12:00:00Z,10.575,72.475,0.0
2018-12-02T12:00:00Z,10.575,72.525,0.0
2018-12-02T12:00:00Z,10.575,72.575,0.0
2018-12-02T12:00:00Z,10.575,72.625,0.0
2018-12-02T12:00:00Z,10.575,72.675,0.0
2018-12-02T12:00:00Z,10.575,72.725,0.0
2018-12-02T12:00:00Z,10.575,72.775,0.0
2018-12-02T12:00:00Z,10.525,72.425,0.0
2018-12-02T12:00:00Z,10.525,72.475,0.0
2018-12-02T12:00:00Z,10.525,72.525,0.0
2018-12-02T12:00:00Z,10.525,72.575,0.0
2018-12-02T12:00:00Z,10.525,72.625,0.0
2018-12-02T12:00:00Z,10.525,72.675,0.0
2018-12-02T12:00:00Z,10.525,72.725,0.0
2018-12-02T12:00:00Z,10.525,72.775,0.0
2018-12-02T12:00:00Z,10.475,72.425,0.0
2018-12-02T12:00:00Z,10.475,72.475,0.0
2018-12-02T12:00:00Z,10.475,72.525,0.0
2018-12-02T12:00:00Z,10.475,72.575,0.0
2018-12-02T12:00:00Z,10.475,72.625,0.0
2018-12-02T12:00:00Z,10.475,72.675,0.0
2018-12-02T12:00:00Z,10.475,72.725,0.0
2018-12-02T12:00:00Z,10.475,72.775,0.0
2018-12-02T12:00:00Z,10.425,72.425,0.0
2018-12-02T12:00:00Z,10.425,72.475,0.0
2018-12-02T12:00:00Z,10.425,72.525,0.0
2018-12-02T12:00:00Z,10.425,72.575,0.0
2018-12-02T12:00:00Z,10.425,72.625,0.0
2018-12-02T12:00:00Z,10.425,72.675,0.0
2018-12-02T12:00:00Z,10.425,72.725,0.0
2018-12-02T12:00:00Z,10.425,72.775,0.0
2018-12-02T12:00:00Z,10.375,72.425,0.0
2018-12-02T12:00:00Z,10.375,72.475,0.0
2018-12-02T12:00:00Z,10.375,72.525,0.0
2018-12-02T12:00:00Z,10.375,72.575,0.0
2018-12-02T12:00:00Z,10.375,72.625,0.0
2018-12-02T12:00:00Z,10.375,72.675,0.0
2018-12-02T12:00:00Z,10.375,72.725,0.0
2018-12-02T12:00:00Z,10.375,72.775,0.0
2019-01-01T12:00:00Z,10.625,72.425,0.0
2019-01-01T12:00:00Z,10.625,72.475,0.0
2019-01-01T12:00:00Z,10.625,72.525,0.0
2019-01-01T12:00:00Z,10.625,72.575,0.0
2019-01-01T12:00:00Z,10.625,72.625,0.0
2019-01-01T12:00:00Z,10.625,72.675,0.0
2019-01-01T12:00:00Z,10.625,72.725,0.0
2019-01-01T12:00:00Z,10.625,72.775,0.0
2019-01-01T12:00:00Z,10.575,72.425,0.0
2019-01-01T12:00:00Z,10.575,72.475,0.0
2019-01-01T12:00:00Z,10.575,72.525,0.0
2019-01-01T12:00:00Z,10.575,72.575,0.0
2019-01-01T12:00:00Z,10.575,72.625,0.0
2019-01-01T12:00:00Z,10.575,72.675,0.0
2019-01-01T12:00:00Z,10.575,72.725,0.0
2019-01-01T12:00:00Z,10.575,72.775,0.0
2019-01-01T12:00:00Z,10.525,72.425,0.0
2019-01-01T12:00:00Z,10.525,72.475,0.0
2019-01-01T12:00:00Z,10.525,72.525,0.0
2019-01-01T12:00:00Z,10.525,72.575,0.0
2019-01-01T12:00:00Z,10.525,72.625,0.0
2019-01-01T12:00:00Z,10.525,72.675,0.0
2019-01-01T12:00:00Z,10.525,72.725,0.0
2019-01-01T12:00:00Z,10.525,72.775,0.0
2019-01-01T12:00:00Z,10.475,72.425,0.0
2019-01-01T12:00:00Z,10.475,72.475,0.0
2019-01-01T12:00:00Z,10.475,72.525,0.0
2019-01-01T12:00:00Z,10.475,72.575,0.0
2019-01-01T12:00:00Z,10.475,72.625,0.0
2019-01-01T12:00:00Z,10.475,72.675,0.0
2019-01-01T12:00:00Z,10.475,72.725,0.0
2019-01-01T12:00:00Z,10.475,72.775,0.0
2019-01-01T12:00:00Z,10.425,72.425,0.0
2019-01-01T12:00:00Z,10.425,72.475,0.0
2019-01-01T12:00:00Z,10.425,72.525,0.0
2019-01-01T12:00:00Z,10.425,72.575,0.0
2019-01-01T12:00:00Z,10.425,72.625,0.0
2019-01-01T12:00:00Z,10.425,72.675,0.0
2019-01-01T12:00:00Z,10.425,72.725,0.0
2019-01-01T12:00:00Z,10.425,72.775,0.0
2019-01-01T12:00:00Z,10.375,72.425,0.0
2019-01-01T12:00:00Z,10.375,72.475,0.0
2019-01-01T12:00:00Z,10.375,72.525,0.0
2019-01-01T12:00:00Z,10.375,72.575,0.0
2019-01-01T12:00:00Z,10.375,72.625,0.0
2019-01-01T12:00:00Z,10.375,72.675,0.0
2019-01-01T12:00:00Z,10.375,72.725,0.0
2019-01-01T12:00:00Z,10.375,72.775,0.0
2019-01-31T12:00:00Z,10.625,72.425,0.0
2019-01-31T12:00:00Z,10.625,72.475,0.0
2019-01-31T12:00:00Z,10.625,72.525,0.0
2019-01-31T12:00:00Z,10.625,72.575,0.0
2019-01-31T12:00:00Z,10.625,72.625,0.0
2019-01-31T12:00:00Z,10.625,72.675,0.0
2019-01-31T12:00:00Z,10.625,72.725,0.0
2019-01-31T12:00:00Z,10.625,72.775,0.0
2019-01-31T12:00:00Z,10.575,72.425,0.0
2019-01-31T12:00:00Z,10.575,72.475,0.0
2019-01-31T12:00:00Z,10.575,72.525,0.0
2019-01-31T12:00:00Z,10.575,72.575,0.0
2019-01-31T12:00:00Z,10.575,72.625,0.0
2019-01-31T12:00:00Z,10.575,72.675,0.0
2019-01-31T12:00:00Z,10.575,72.725,0.0
2019-01-31T12:00:00Z,10.575,72.775,0.0
2019-01-31T12:00:00Z,10.525,72.425,0.0
2019-01-31T12:00:00Z,10.525,72.475,0.0
2019-01-31T12:00:00Z,10.525,72.525,0.0
2019-01-31T12:00:00Z,10.525,72.575,0.0
2019-01-31T12:00:00Z,10.525,72.625,0.0
2019-01-31T12:00:00Z,10.525,72.675,0.0
2019-01-31T12:00:00Z,10.525,72.725,0.0
2019-01-31T12:00:00Z,10.525,72.775,0.0
2019-01-31T12:00:00Z,10.475,72.425,0.0
2019-01-31T12:00:00Z,10.475,72.475,0.0
2019-01-31T12:00:00Z,10.475,72.525,0.0
2019-01-31T12:00:00Z,10.475,72.575,0.0
2019-01-31T12:00:00Z,10.475,72.625,0.0
2019-01-31T12:00:00Z,10.475,72.675,0.0
2019-01-31T12:00:00Z,10.475,72.725,0.0
2019-01-31T12:00:00Z,10.475,72.775,0.0
2019-01-31T12:00:00Z,10.425,72.425,0.0
2019-01-31T12:00:00Z,10.425,72.475,0.0
2019-01-31T12:00:00Z,10.425,72.525,0.0
2019-01-31T12:00:00Z,10.425,72.575,0.0
2019-01-31T12:00:00Z,10.425,72.625,0.0
2019-01-31T12:00:00Z,10.425,72.675,0.0
2019-01-31T12:00:00Z,10.425,72.725,0.0
2019-01-31T12:00:00Z,10.425,72.775,0.0
2019-01-31T12:00:00Z,10.375,72.425,0.0
2019-01-31T12:00:00Z,10.375,72.475,0.0
2019-01-31T12:00:00Z,10.375,72.525,0.0
2019-01-31T12:00:00Z,10.375,72.575,0.0
2019-01-31T12:00:00Z,10.375,72.625,0.0
2019-01-31T12:00:00Z,10.375,72.675,0.0
2019-01-31T12:00:00Z,10.375,72.725,0.0
2019-01-31T12:00:00Z,10.375,72.775,0.0
2019-03-02T12:00:00Z,10.625,72.425,0.0
2019-03-02T12:00:00Z,10.625,72.475,0.0
2019-03-02T12:00:00Z,10.625,72.525,0.0
2019-03-02T12:00:00Z,10.625,72.575,0.0
2019-03-02T12:00:00Z,10.625,72.625,0.0
2019-03-02T12:00:00Z,10.625,72.675,0.0
2019-03-02T12:00:00Z,10.625,72.725,0.0
2019-03-02T12:00:00Z,10.625,72.775,0.0
2019-03-02T12:00:00Z,10.575,72.425,0.0
2019-03-02T12:00:00Z,10.575,72.475,0.0
2019-03-02T12:00:00Z,10.575,72.525,0.0
2019-03-02T12:00:00Z,10.575,72.575,0.0
2019-03-02T12:00:00Z,10.575,72.625,0.0
2019-03-02T12:00:00Z,10.575,72.675,0.0
2019-03-02T12:00:00Z,10.575,72.725,0.0
2019-03-02T12:00:00Z,10.575,72.775,0.0
2019-03-02T12:00:00Z,10.525,72.425,0.0
2019-03-02T12:00:00Z,10.525,72.475,0.0
2019-03-02T12:00:00Z,10.525,72.525,0.0
2019-03-02T12:00:00Z,10.525,72.575,0.0
2019-03-02T12:00:00Z,10.525,72.625,0.0
2019-03-02T12:00:00Z,10.525,72.675,0.0
2019-03-02T12:00:00Z,10.525,72.725,0.0
2019-03-02T12:00:00Z,10.525,72.775,0.0
2019-03-02T12:00:00Z,10.475,72.425,0.0
2019-03-02T12:00:00Z,10.475,72.475,0.0
2019-03-02T12:00:00Z,10.475,72.525,0.0
2019-03-02T12:00:00Z,10.475,72.575,0.0
2019-03-02T12:00:00Z,10.475,72.625,0.0
2019-03-02T12:00:00Z,10.475,72.675,0.0
2019-03-02T12:00:00Z,10.475,72.725,0.0
2019-03-02T12:00:00Z,10.475,72.775,0.0
2019-03-02T12:00:00Z,10.425,72.425,0.0
2019-03-02T12:00:00Z,10.425,72.475,0.0
2019-03-02T12:00:00Z,10.425,72.525,0.0
2019-03-02T12:00:00Z,10.425,72.575,0.0
2019-03-02T12:00:00Z,10.425,72.625,0.0
2019-03-02T12:00:00Z,10.425,72.675,0.0
2019-03-02T12:00:00Z,10.425,72.725,0.0
2019-03-02T12:00:00Z,10.425,72.775,0.0
2019-03-02T12:00:00Z,10.375,72.425,0.0
2019-03-02T12:00:00Z,10.375,72.475,0.0
2019-03-02T12:00:00Z,10.375,72.525,0.0
2019-03-02T12:00:00Z,10.375,72.575,0.0
2019-03-02T12:00:00Z,10.375,72.625,0.0
2019-03-02T12:00:00Z,10.375,72.675,0.0
2019-03-02T12:00:00Z,10.375,72.725,0.0
2019-03-02T12:00:00Z,10.375,72.775,0.0
2019-04-01T12:00:00Z,10.625,72.425,0.0
2019-04-01T12:00:00Z,10.625,72.475,0.0
2019-04-01T12:00:00Z,10.625,72.525,0.0
2019-04-01T12:00:00Z,10.625,72.575,0.0
2019-04-01T12:00:00Z,10.625,72.625,0.0
2019-04-01T12:00:00Z,10.625,72.675,0.0
2019-04-01T12:00:00Z,10.625,72.725,0.0
2019-04-01T12:00:00Z,10.625,72.775,0.0
2019-04-01T12:00:00Z,10.575,72.425,0.0
2019-04-01T12:00:00Z,10.575,72.475,0.0
2019-04-01T12:00:00Z,10.575,72.525,0.0
2019-04-01T12:00:00Z,10.575,72.575,0.0
2019-04-01T12:00:00Z,10.575,72.625,0.0
2019-04-01T12:00:00Z,10.575,72.675,0.0
2019-04-01T12:00:00Z,10.575,72.725,0.0
2019-04-01T12:00:00Z,10.575,72.775,0.0
2019-04-01T12:00:00Z,10.525,72.425,0.0
2019-04-01T12:00:00Z,10.525,72.475,0.0
2019-04-01T12:00:00Z,10.525,72.525,0.0
2019-04-01T12:00:00Z,10.525,72.575,0.0
2019-04-01T12:00:00Z,10.525,72.625,0.0
2019-04-01T12:00:00Z,10.525,72.675,0.0
2019-04-01T12:00:00Z,10.525,72.725,0.0
2019-04-01T12:00:00Z,10.525,72.775,0.0
2019-04-01T12:00:00Z,10.475,72.425,0.0
2019-04-01T12:00:00Z,10.475,72.475,0.0
2019-04-01T12:00:00Z,10.475,72.525,0.0
2019-04-01T12:00:00Z,10.475,72.575,0.0
2019-04-01T12:00:00Z,10.475,72.625,0.0
2019-04-01T12:00:00Z,10.475,72.675,0.0
2019-04-01T12:00:00Z,10.475,72.725,0.0
2019-04-01T12:00:00Z,10.475,72.775,0.0
2019-04-01T12:00:00Z,10.425,72.425,0.0
2019-04-01T12:00:00Z,10.425,72.475,0.0
2019-04-01T12:00:00Z,10.425,72.525,0.0
2019-04-01T12:00:00Z,10.425,72.575,0.0
2019-04-01T12:00:00Z,10.425,72.625,0.0
2019-04-01T12:00:00Z,10.425,72.675,0.0
2019-04-01T12:00:00Z,10.425,72.725,0.0
2019-04-01T12:00:00Z,10.425,72.775,0.0
2019-04-01T12:00:00Z,10.375,72.425,0.0
2019-04-01T12:00:00Z,10.375,72.475,0.0
2019-04-01T12:00:00Z,10.375,72.525,0.0
2019-04-01T12:00:00Z,10.375,72.575,0.0
2019-04-01T12:00:00Z,10.375,72.625,0.0
2019-04-01T12:00:00Z,10.375,72.675,0.0
2019-04-01T12:00:00Z,10.375,72.725,0.0
2019-04-01T12:00:00Z,10.375,72.775,0.0
2019-05-01T12:00:00Z,10.625,72.425,0.0
2019-05-01T12:00:00Z,10.625,72.475,0.0
2019-05-01T12:00:00Z,10.625,72.525,0.0
2019-05-01T12:00:00Z,10.625,72.575,0.0
2019-05-01T12:00:00Z,10.625,72.625,0.0
2019-05-01T12:00:00Z,10.625,72.675,0.0
2019-05-01T12:00:00Z,10.625,72.725,0.0
2019-05-01T12:00:00Z,10.625,72.775,0.0
2019-05-01T12:00:00Z,10.575,72.425,0.0
2019-05-01T12:00:00Z,10.575,72.475,0.0
2019-05-01T12:00:00Z,10.575,72.525,0.0
2019-05-01T12:00:00Z,10.575,72.575,0.0
2019-05-01T12:00:00Z,10.575,72.625,0.0
2019-05-01T12:00:00Z,10.575,72.675,0.0
2019-05-01T12:00:00Z,10.575,72.725,0.0
2019-05-01T12:00:00Z,10.575,72.775,0.0
2019-05-01T12:00:00Z,10.525,72.425,0.0
2019-05-01T12:00:00Z,10.525,72.475,0.0
2019-05-01T12:00:00Z,10.525,72.525,0.0
2019-05-01T12:00:00Z,10.525,72.575,0.0
2019-05-01T12:00:00Z,10.525,72.625,0.0
2019-05-01T12:00:00Z,10.525,72.675,0.0
2019-05-01T12:00:00Z,10.525,72.725,0.0
2019-05-01T12:00:00Z,10.525,72.775,0.0
2019-05-01T12:00:00Z,10.475,72.425,0.0
2019-05-01T12:00:00Z,10.475,72.475,0.0
2019-05-01T12:00:00Z,10.475,72.525,0.0
2019-05-01T12:00:00Z,10.475,72.575,0.0
2019-05-01T12:00:00Z,10.475,72.625,0.0
2019-05-01T12:00:00Z,10.475,72.675,0.0
2019-05-01T12:00:00Z,10.475,72.725,0.0
2019-05-01T12:00:00Z,10.475,72.775,0.0
2019-05-01T12:00:00Z,10.425,72.425,0.0
2019-05-01T12:00:00Z,10.425,72.475,0.0
2019-05-01T12:00:00Z,10.425,72.525,0.0
2019-05-01T12:00:00Z,10.425,72.575,0.0
2019-05-01T12:00:00Z,10.425,72.625,0.0
2019-05-01T12:00:00Z,10.425,72.675,0.0
2019-05-01T12:00:00Z,10.425,72.725,0.0
2019-05-01T12:00:00Z,10.425,72.775,0.0
2019-05-01T12:00:00Z,10.375,72.425,0.0
2019-05-01T12:00:00Z,10.375,72.475,0.0
2019-05-01T12:00:00Z,10.375,72.525,0.0
2019-05-01T12:00:00Z,10.375,72.575,0.0
2019-05-01T12:00:00Z,10.375,72.625,0.0
2019-05-01T12:00:00Z,10.375,72.675,0.0
2019-05-01T12:00:00Z,10.375,72.725,0.0
2019-05-01T12:00:00Z,10.375,72.775,0.0
2019-05-31T12:00:00Z,10.625,72.425,0.0
2019-05-31T12:00:00Z,10.625,72.475,0.0
2019-05-31T12:00:00Z,10.625,72.525,0.0
2019-05-31T12:00:00Z,10.625,72.575,0.0
2019-05-31T12:00:00Z,10.625,72.625,0.0
2019-05-31T12:00:00Z,10.625,72.675,0.0
2019-05-31T12:00:00Z,10.625,72.725,0.0
2019-05-31T12:00:00Z,10.625,72.775,0.0
2019-05-31T12:00:00Z,10.575,72.425,0.0
2019-05-31T12:00:00Z,10.575,72.475,0.0
2019-05-31T12:00:00Z,10.575,72.525,0.0
2019-05-31T12:00:00Z,10.575,72.575,0.0
2019-05-31T12:00:00Z,10.575,72.625,0.0
2019-05-31T12:00:00Z,10.575,72.675,0.0
2019-05-31T12:00:00Z,10.575,72.725,0.0
2019-05-31T12:00:00Z,10.575,72.775,0.0
2019-05-31T12:00:00Z,10.525,72.425,0.0
2019-05-31T12:00:00Z,10.525,72.475,0.0
2019-05-31T12:00:00Z,10.525,72.525,0.0
2019-05-31T12:00:00Z,10.525,72.575,0.0
2019-05-31T12:00:00Z,10.525,72.625,0.0
2019-05-31T12:00:00Z,10.525,72.675,0.0
2019-05-31T12:00:00Z,10.525,72.725,0.0
2019-05-31T12:00:00Z,10.525,72.775,0.0
2019-05-31T12:00:00Z,10.475,72.425,0.0
2019-05-31T12:00:00Z,10.475,72.475,0.0
2019-05-31T12:00:00Z,10.475,72.525,0.0
2019-05-31T12:00:00Z,10.475,72.575,0.0
2019-05-31T12:00:00Z,10.475,72.625,0.0
2019-05-31T12:00:00Z,10.475,72.675,0.0
2019-05-31T12:00:00Z,10.475,72.725,0.0
2019-05-31T12:00:00Z,10.475,72.775,0.0
2019-05-31T12:00:00Z,10.425,72.425,0.0
2019-05-31T12:00:00Z,10.425,72.475,0.0
2019-05-31T12:00:00Z,10.425,72.525,0.0
2019-05-31T12:00:00Z,10.425,72.575,0.0
2019-05-31T12:00:00Z,10.425,72.625,0.0
2019-05-31T12:00:00Z,10.425,72.675,0.0
2019-05-31T12:00:00Z,10.425,72.725,0.0
2019-05-31T12:00:00Z,10.425,72.775,0.0
2019-05-31T12:00:00Z,10.375,72.425,0.0
2019-05-31T12:00:00Z,10.375,72.475,0.0
2019-05-31T12:00:00Z,10.375,72.525,0.0
2019-05-31T12:00:00Z,10.375,72.575,0.0
2019-05-31T12:00:00Z,10.375,72.625,0.0
2019-05-31T12:00:00Z,10.375,72.675,0.0
2019-05-31T12:00:00Z,10.375,72.725,0.0
2019-05-31T12:00:00Z,10.375,72.775,0.0
2019-06-30T12:00:00Z,10.625,72.425,0.0
2019-06-30T12:00:00Z,10.625,72.475,0.0
2019-06-30T12:00:00Z,10.625,72.525,0.0
2019-06-30T12:00:00Z,10.625,72.575,0.0
2019-06-30T12:00:00Z,10.625,72.625,0.0
2019-06-30T12:00:00Z,10.625,72.675,0.0
2019-06-30T12:00:00Z,10.625,72.725,0.0
2019-06-30T12:00:00Z,10.625,72.775,0.0
2019-06-30T12:00:00Z,10.575,72.425,0.0
2019-06-30T12:00:00Z,10.575,72.475,0.0
2019-06-30T12:00:00Z,10.575,72.525,0.0
2019-06-30T12:00:00Z,10.575,72.575,0.0
2019-06-30T12:00:00Z,10.575,72.625,0.0
2019-06-30T12:00:00Z,10.575,72.675,0.0
2019-06-30T12:00:00Z,10.575,72.725,0.0
2019-06-30T12:00:00Z,10.575,72.775,0.0
2019-06-30T12:00:00Z,10.525,72.425,0.0
2019-06-30T12:00:00Z,10.525,72.475,0.0
2019-06-30T12:00:00Z,10.525,72.525,0.0
2019-06-30T12:00:00Z,10.525,72.575,0.0
2019-06-30T12:00:00Z,10.525,72.625,0.0
2019-06-30T12:00:00Z,10.525,72.675,0.0
2019-06-30T12:00:00Z,10.525,72.725,0.0
2019-06-30T12:00:00Z,10.525,72.775,0.0
2019-06-30T12:00:00Z,10.475,72.425,0.0
2019-06-30T12:00:00Z,10.475,72.475,0.0
2019-06-30T12:00:00Z,10.475,72.525,0.0
2019-06-30T12:00:00Z,10.475,72.575,0.0
2019-06-30T12:00:00Z,10.475,72.625,0.0
2019-06-30T12:00:00Z,10.475,72.675,0.0
2019-06-30T12:00:00Z,10.475,72.725,0.0
2019-06-30T12:00:00Z,10.475,72.775,0.0
2019-06-30T12:00:00Z,10.425,72.425,0.0
2019-06-30T12:00:00Z,10.425,72.475,0.0
2019-06-30T12:00:00Z,10.425,72.525,0.0
2019-06-30T12:00:00Z,10.425,72.575,0.0
2019-06-30T12:00:00Z,10.425,72.625,0.0
2019-06-30T12:00:00Z,10.425,72.675,0.0
2019-06-30T12:00:00Z,10.425,72.725,0.0
2019-06-30T12:00:00Z,10.425,72.775,0.0
2019-06-30T12:00:00Z,10.375,72.425,0.0
2019-06-30T12:00:00Z,10.375,72.475,0.0
2019-06-30T12:00:00Z,10.375,72.525,0.0
2019-06-30T12:00:00Z,10.375,72.575,0.0
2019-06-30T12:00:00Z,10.375,72.625,0.0
2019-06-30T12:00:00Z,10.375,72.675,0.0
2019-06-30T12:00:00Z,10.375,72.725,0.0
2019-06-30T12:00:00Z,10.375,72.775,0.0
2019-07-30T12:00:00Z,10.625,72.425,0.0
2019-07-30T12:00:00Z,10.625,72.475,0.0
2019-07-30T12:00:00Z,10.625,72.525,0.0
2019-07-30T12:00:00Z,10.625,72.575,0.0
2019-07-30T12:00:00Z,10.625,72.625,0.0
2019-07-30T12:00:00Z,10.625,72.675,0.0
2019-07-30T12:00:00Z,10.625,72.725,0.0
2019-07-30T12:00:00Z,10.625,72.775,0.0
2019-07-30T12:00:00Z,10.575,72.425,0.0
2019-07-30T12:00:00Z,10.575,72.475,0.0
2019-07-30T12:00:00Z,10.575,72.525,0.0
2019-07-30T12:00:00Z,10.575,72.575,0.0
2019-07-30T12:00:00Z,10.575,72.625,0.0
2019-07-30T12:00:00Z,10.575,72.675,0.0
2019-07-30T12:00:00Z,10.575,72.725,0.0
2019-07-30T12:00:00Z,10.575,72.775,0.0
2019-07-30T12:00:00Z,10.525,72.425,0.0
2019-07-30T12:00:00Z,10.525,72.475,0.0
2019-07-30T12:00:00Z,10.525,72.525,0.0
2019-07-30T12:00:00Z,10.525,72.575,0.0
2019-07-30T12:00:00Z,10.525,72.625,0.0
2019-07-30T12:00:00Z,10.525,72.675,0.0
2019-07-30T12:00:00Z,10.525,72.725,0.0
2019-07-30T12:00:00Z,10.525,72.775,0.0
2019-07-30T12:00:00Z,10.475,72.425,0.0
2019-07-30T12:00:00Z,10.475,72.475,0.0
2019-07-30T12:00:00Z,10.475,72.525,0.0
2019-07-30T12:00:00Z,10.475,72.575,0.0
2019-07-30T12:00:00Z,10.475,72.625,0.0
2019-07-30T12:00:00Z,10.475,72.675,0.0
2019-07-30T12:00:00Z,10.475,72.725,0.0
2019-07-30T12:00:00Z,10.475,72.775,0.0
2019-07-30T12:00:00Z,10.425,72.425,0.0
2019-07-30T12:00:00Z,10.425,72.475,0.0
2019-07-30T12:00:00Z,10.425,72.525,0.0
2019-07-30T12:00:00Z,10.425,72.575,0.0
2019-07-30T12:00:00Z,10.425,72.625,0.0
2019-07-30T12:00:00Z,10.425,72.675,0.0
2019-07-30T12:00:00Z,10.425,72.725,0.0
2019-07-30T12:00:00Z,10.425,72.775,0.0
2019-07-30T12:00:00Z,10.375,72.425,0.0
2019-07-30T12:00:00Z,10.375,72.475,0.0
2019-07-30T12:00:00Z,10.375,72.525,0.0
2019-07-30T12:00:00Z,10.375,72.575,0.0
2019-07-30T12:00:00Z,10.375,72.625,0.0
2019-07-30T12:00:00Z,10.375,72.675,0.0
2019-07-30T12:00:00Z,10.375,72.725,0.0
2019-07-30T12:00:00Z,10.375,72.775,0.0
2019-08-29T12:00:00Z,10.625,72.425,0.0
2019-08-29T12:00:00Z,10.625,72.475,0.0
2019-08-29T12:00:00Z,10.625,72.525,0.0
2019-08-29T12:00:00Z,10.625,72.575,0.0
2019-08-29T12:00:00Z,10.625,72.625,0.0
2019-08-29T12:00:00Z,10.625,72.675,0.0
2019-08-29T12:00:00Z,10.625,72.725,0.0
2019-08-29T12:00:00Z,10.625,72.775,0.0
2019-08-29T12:00:00Z,10.575,72.425,0.0
2019-08-29T12:00:00Z,10.575,72.475,0.0
2019-08-29T12:00:00Z,10.575,72.525,0.0
2019-08-29T12:00:00Z,10.575,72.575,0.0
2019-08-29T12:00:00Z,10.575,72.625,0.0
2019-08-29T12:00:00Z,10.575,72.675,0.0
2019-08-29T12:00:00Z,10.575,72.725,0.0
2019-08-29T12:00:00Z,10.575,72.775,0.0
2019-08-29T12:00:00Z,10.525,72.425,0.0
2019-08-29T12:00:00Z,10.525,72.475,0.0
2019-08-29T12:00:00Z,10.525,72.525,0.0
2019-08-29T12:00:00Z,10.525,72.575,0.0
2019-08-29T12:00:00Z,10.525,72.625,0.0
2019-08-29T12:00:00Z,10.525,72.675,0.0
2019-08-29T12:00:00Z,10.525,72.725,0.0
2019-08-29T12:00:00Z,10.525,72.775,0.0
2019-08-29T12:00:00Z,10.475,72.425,0.0
2019-08-29T12:00:00Z,10.475,72.475,0.0
2019-08-29T12:00:00Z,10.475,72.525,0.0
2019-08-29T12:00:00Z,10.475,72.575,0.0
2019-08-29T12:00:00Z,10.475,72.625,0.0
2019-08-29T12:00:00Z,10.475,72.675,0.0
2019-08-29T12:00:00Z,10.475,72.725,0.0
2019-08-29T12:00:00Z,10.475,72.775,0.0
2019-08-29T12:00:00Z,10.425,72.425,0.0
2019-08-29T12:00:00Z,10.425,72.475,0.0
2019-08-29T12:00:00Z,10.425,72.525,0.0
2019-08-29T12:00:00Z,10.425,72.575,0.0
2019-08-29T12:00:00Z,10.425,72.625,0.0
2019-08-29T12:00:00Z,10.425,72.675,0.0
2019-08-29T12:00:00Z,10.425,72.725,0.0
2019-08-29T12:00:00Z,10.425,72.775,0.0
2019-08-29T12:00:00Z,10.375,72.425,0.0
2019-08-29T12:00:00Z,10.375,72.475,0.0
2019-08-29T12:00:00Z,10.375,72.525,0.0
2019-08-29T12:00:00Z,10.375,72.575,0.0
2019-08-29T12:00:00Z,10.375,72.625,0.0
2019-08-29T12:00:00Z,10.375,72.675,0.0
2019-08-29T12:00:00Z,10.375,72.725,0.0
2019-08-29T12:00:00Z,10.375,72.775,0.0
2019-09-28T12:00:00Z,10.625,72.425,0.0
2019-09-28T12:00:00Z,10.625,72.475,0.0
2019-09-28T12:00:00Z,10.625,72.525,0.0
2019-09-28T12:00:00Z,10.625,72.575,0.0
2019-09-28T12:00:00Z,10.625,72.625,0.0
2019-09-28T12:00:00Z,10.625,72.675,0.0
2019-09-28T12:00:00Z,10.625,72.725,0.0
2019-09-28T12:00:00Z,10.625,72.775,0.0
2019-09-28T12:00:00Z,10.575,72.425,0.0
2019-09-28T12:00:00Z,10.575,72.475,0.0
2019-09-28T12:00:00Z,10.575,72.525,0.0
2019-09-28T12:00:00Z,10.575,72.575,0.0
2019-09-28T12:00:00Z,10.575,72.625,0.0
2019-09-28T12:00:00Z,10.575,72.675,0.0
2019-09-28T12:00:00Z,10.575,72.725,0.0
2019-09-28T12:00:00Z,10.575,72.775,0.0
2019-09-28T12:00:00Z,10.525,72.425,0.0
2019-09-28T12:00:00Z,10.525,72.475,0.0
2019-09-28T12:00:00Z,10.525,72.525,0.0
2019-09-28T12:00:00Z,10.525,72.575,0.0
2019-09-28T12:00:00Z,10.525,72.625,0.0
2019-09-28T12:00:00Z,10.525,72.675,0.0
2019-09-28T12:00:00Z,10.525,72.725,0.0
2019-09-28T12:00:00Z,10.525,72.775,0.0
2019-09-28T12:00:00Z,10.475,72.425,0.0
2019-09-28T12:00:00Z,10.475,72.475,0.0
2019-09-28T12:00:00Z,10.475,72.525,0.0
2019-09-28T12:00:00Z,10.475,72.575,0.0
2019-09-28T12:00:00Z,10.475,72.625,0.0
2019-09-28T12:00:00Z,10.475,72.675,0.0
2019-09-28T12:00:00Z,10.475,72.725,0.0
2019-09-28T12:00:00Z,10.475,72.775,0.0
2019-09-28T12:00:00Z,10.425,72.425,0.0
2019-09-28T12:00:00Z,10.425,72.475,0.0
2019-09-28T12:00:00Z,10.425,72.525,0.0
2019-09-28T12:00:00Z,10.425,72.575,0.0
2019-09-28T12:00:00Z,10.425,72.625,0.0
2019-09-28T12:00:00Z,10.425,72.675,0.0
2019-09-28T12:00:00Z,10.425,72.725,0.0
2019-09-28T12:00:00Z,10.425,72.775,0.0
2019-09-28T12:00:00Z,10.375,72.425,0.0
2019-09-28T12:00:00Z,10.375,72.475,0.0
2019-09-28T12:00:00Z,10.375,72.525,0.0
2019-09-28T12:00:00Z,10.375,72.575,0.0
2019-09-28T12:00:00Z,10.375,72.625,0.0
2019-09-28T12:00:00Z,10.375,72.675,0.0
2019-09-28T12:00:00Z,10.375,72.725,0.0
2019-09-28T12:00:00Z,10.375,72.775,0.0
2019-10-28T12:00:00Z,10.625,72.425,0.0
2019-10-28T12:00:00Z,10.625,72.475,0.0
2019-10-28T12:00:00Z,10.625,72.525,0.0
2019-10-28T12:00:00Z,10.625,72.575,0.0
2019-10-28T12:00:00Z,10.625,72.625,0.0
2019-10-28T12:00:00Z,10.625,72.675,0.0
2019-10-28T12:00:00Z,10.625,72.725,0.0
2019-10-28T12:00:00Z,10.625,72.775,0.0
2019-10-28T12:00:00Z,10.575,72.425,0.0
2019-10-28T12:00:00Z,10.575,72.475,0.0
2019-10-28T12:00:00Z,10.575,72.525,0.0
2019-10-28T12:00:00Z,10.575,72.575,0.0
2019-10-28T12:00:00Z,10.575,72.625,0.0
2019-10-28T12:00:00Z,10.575,72.675,0.0
2019-10-28T12:00:00Z,10.575,72.725,0.0
2019-10-28T12:00:00Z,10.575,72.775,0.0
2019-10-28T12:00:00Z,10.525,72.425,0.0
2019-10-28T12:00:00Z,10.525,72.475,0.0
2019-10-28T12:00:00Z,10.525,72.525,0.0
2019-10-28T12:00:00Z,10.525,72.575,0.0
2019-10-28T12:00:00Z,10.525,72.625,0.0
2019-10-28T12:00:00Z,10.525,72.675,0.0
2019-10-28T12:00:00Z,10.525,72.725,0.0
2019-10-28T12:00:00Z,10.525,72.775,0.0
2019-10-28T12:00:00Z,10.475,72.425,0.0
2019-10-28T12:00:00Z,10.475,72.475,0.0
2019-10-28T12:00:00Z,10.475,72.525,0.0
2019-10-28T12:00:00Z,10.475,72.575,0.0
2019-10-28T12:00:00Z,10.475,72.625,0.0
2019-10-28T12:00:00Z,10.475,72.675,0.0
2019-10-28T12:00:00Z,10.475,72.725,0.0
2019-10-28T12:00:00Z,10.475,72.775,0.0
2019-10-28T12:00:00Z,10.425,72.425,0.0
2019-10-28T12:00:00Z,10.425,72.475,0.0
2019-10-28T12:00:00Z,10.425,72.525,0.0
2019-10-28T12:00:00Z,10.425,72.575,0.0
2019-10-28T12:00:00Z,10.425,72.625,0.0
2019-10-28T12:00:00Z,10.425,72.675,0.0
2019-10-28T12:00:00Z,10.425,72.725,0.0
2019-10-28T12:00:00Z,10.425,72.775,0.0
2019-10-28T12:00:00Z,10.375,72.425,0.0
2019-10-28T12:00:00Z,10.375,72.475,0.0
2019-10-28T12:00:00Z,10.375,72.525,0.0
2019-10-28T12:00:00Z,10.375,72.575,0.0
2019-10-28T12:00:00Z,10.375,72.625,0.0
2019-10-28T12:00:00Z,10.375,72.675,0.0
2019-10-28T12:00:00Z,10.375,72.725,0.0
2019-10-28T12:00:00Z,10.375,72.775,0.0
2019-11-27T12:00:00Z,10.625,72.425,0.0
2019-11-27T12:00:00Z,10.625,72.475,0.0
2019-11-27T12:00:00Z,10.625,72.525,0.0
2019-11-27T12:00:00Z,10.625,72.575,0.0
2019-11-27T12:00:00Z,10.625,72.625,0.0
2019-11-27T12:00:00Z,10.625,72.675,0.0
2019-11-27T12:00:00Z,10.625,72.725,0.0
2019-11-27T12:00:00Z,10.625,72.775,0.0
2019-11-27T12:00:00Z,10.575,72.425,0.0
2019-11-27T12:00:00Z,10.575,72.475,0.0
2019-11-27T12:00:00Z,10.575,72.525,0.0
2019-11-27T12:00:00Z,10.575,72.575,0.0
2019-11-27T12:00:00Z,10.575,72.625,0.0
2019-11-27T12:00:00Z,10.575,72.675,0.0
2019-11-27T12:00:00Z,10.575,72.725,0.0
2019-11-27T12:00:00Z,10.575,72.775,0.0
2019-11-27T12:00:00Z,10.525,72.425,0.0
2019-11-27T12:00:00Z,10.525,72.475,0.0
2019-11-27T12:00:00Z,10.525,72.525,0.0
2019-11-27T12:00:00Z,10.525,72.575,0.0
2019-11-27T12:00:00Z,10.525,72.625,0.0
2019-11-27T12:00:00Z,10.525,72.675,0.0
2019-11-27T12:00:00Z,10.525,72.725,0.0
2019-11-27T12:00:00Z,10.525,72.775,0.0
2019-11-27T12:00:00Z,10.475,72.425,0.0
2019-11-27T12:00:00Z,10.475,72.475,0.0
2019-11-27T12:00:00Z,10.475,72.525,0.0
2019-11-27T12:00:00Z,10.475,72.575,0.0
2019-11-27T12:00:00Z,10.475,72.625,0.0
2019-11-27T12:00:00Z,10.475,72.675,0.0
2019-11-27T12:00:00Z,10.475,72.725,0.0
2019-11-27T12:00:00Z,10.475,72.775,0.0
2019-11-27T12:00:00Z,10.425,72.425,0.0
2019-11-27T12:00:00Z,10.425,72.475,0.0
2019-11-27T12:00:00Z,10.425,72.525,0.0
2019-11-27T12:00:00Z,10.425,72.575,0.0
2019-11-27T12:00:00Z,10.425,72.625,0.0
2019-11-27T12:00:00Z,10.425,72.675,0.0
2019-11-27T12:00:00Z,10.425,72.725,0.0
2019-11-27T12:00:00Z,10.425,72.775,0.0
2019-11-27T12:00:00Z,10.375,72.425,0.0
2019-11-27T12:00:00Z,10.375,72.475,0.0
2019-11-27T12:00:00Z,10.375,72.525,0.0
2019-11-27T12:00:00Z,10.375,72.575,0.0
2019-11-27T12:00:00Z,10.375,72.625,0.0
2019-11-27T12:00:00Z,10.375,72.675,0.0
2019-11-27T12:00:00Z,10.375,72.725,0.0
2019-11-27T12:00:00Z,10.375,72.775,0.0
2019-12-27T12:00:00Z,10.625,72.425,0.0
2019-12-27T12:00:00Z,10.625,72.475,0.0
2019-12-27T12:00:00Z,10.625,72.525,0.0
2019-12-27T12:00:00Z,10.625,72.575,0.0
2019-12-27T12:00:00Z,10.625,72.625,0.0
2019-12-27T12:00:00Z,10.625,72.675,0.0
2019-12-27T12:00:00Z,10.625,72.725,0.0
2019-12-27T12:00:00Z,10.625,72.775,0.0
2019-12-27T12:00:00Z,10.575,72.425,0.0
2019-12-27T12:00:00Z,10.575,72.475,0.0
2019-12-27T12:00:00Z,10.575,72.525,0.0
2019-12-27T12:00:00Z,10.575,72.575,0.0
2019-12-27T12:00:00Z,10.575,72.625,0.0
2019-12-27T12:00:00Z,10.575,72.675,0.0
2019-12-27T12:00:00Z,10.575,72.725,0.0
2019-12-27T12:00:00Z,10.575,72.775,0.0
2019-12-27T12:00:00Z,10.525,72.425,0.0
2019-12-27T12:00:00Z,10.525,72.475,0.0
2019-12-27T12:00:00Z,10.525,72.525,0.0
2019-12-27T12:00:00Z,10.525,72.575,0.0
2019-12-27T12:00:00Z,10.525,72.625,0.0
2019-12-27T12:00:00Z,10.525,72.675,0.0
2019-12-27T12:00:00Z,10.525,72.725,0.0
2019-12-27T12:00:00Z,10.525,72.775,0.0
2019-12-27T12:00:00Z,10.475,72.425,0.0
2019-12-27T12:00:00Z,10.475,72.475,0.0
2019-12-27T12:00:00Z,10.475,72.525,0.0
2019-12-27T12:00:00Z,10.475,72.575,0.0
2019-12-27T12:00:00Z,10.475,72.625,0.0
2019-12-27T12:00:00Z,10.475,72.675,0.0
2019-12-27T12:00:00Z,10.475,72.725,0.0
2019-12-27T12:00:00Z,10.475,72.775,0.0
2019-12-27T12:00:00Z,10.425,72.425,0.0
2019-12-27T12:00:00Z,10.425,72.475,0.0
2019-12-27T12:00:00Z,10.425,72.525,0.0
2019-12-27T12:00:00Z,10.425,72.575,0.0
2019-12-27T12:00:00Z,10.425,72.625,0.0
2019-12-27T12:00:00Z,10.425,72.675,0.0
2019-12-27T12:00:00Z,10.425,72.725,0.0
2019-12-27T12:00:00Z,10.425,72.775,0.0
2019-12-27T12:00:00Z,10.375,72.425,0.0
2019-12-27T12:00:00Z,10.375,72.475,0.0
2019-12-27T12:00:00Z,10.375,72.525,0.0
2019-12-27T12:00:00Z,10.375,72.575,0.0
2019-12-27T12:00:00Z,10.375,72.625,0.0
2019-12-27T12:00:00Z,10.375,72.675,0.0
2019-12-27T12:00:00Z,10.375,72.725,0.0
2019-12-27T12:00:00Z,10.375,72.775,0.0
2020-01-26T12:00:00Z,10.625,72.425,0.0
2020-01-26T12:00:00Z,10.625,72.475,0.0
2020-01-26T12:00:00Z,10.625,72.525,0.0
2020-01-26T12:00:00Z,10.625,72.575,0.0
2020-01-26T12:00:00Z,10.625,72.625,0.0
2020-01-26T12:00:00Z,10.625,72.675,0.0
2020-01-26T12:00:00Z,10.625,72.725,0.0
2020-01-26T12:00:00Z,10.625,72.775,0.0
2020-01-26T12:00:00Z,10.575,72.425,0.0
2020-01-26T12:00:00Z,10.575,72.475,0.0
2020-01-26T12:00:00Z,10.575,72.525,0.0
2020-01-26T12:00:00Z,10.575,72.575,0.0
2020-01-26T12:00:00Z,10.575,72.625,0.0
2020-01-26T12:00:00Z,10.575,72.675,0.0
2020-01-26T12:00:00Z,10.575,72.725,0.0
2020-01-26T12:00:00Z,10.575,72.775,0.0
2020-01-26T12:00:00Z,10.525,72.425,0.0
2020-01-26T12:00:00Z,10.525,72.475,0.0
2020-01-26T12:00:00Z,10.525,72.525,0.0
2020-01-26T12:00:00Z,10.525,72.575,0.0
2020-01-26T12:00:00Z,10.525,72.625,0.0
2020-01-26T12:00:00Z,10.525,72.675,0.0
2020-01-26T12:00:00Z,10.525,72.725,0.0
2020-01-26T12:00:00Z,10.525,72.775,0.0
2020-01-26T12:00:00Z,10.475,72.425,0.0
2020-01-26T12:00:00Z,10.475,72.475,0.0
2020-01-26T12:00:00Z,10.475,72.525,0.0
2020-01-26T12:00:00Z,10.475,72.575,0.0
2020-01-26T12:00:00Z,10.475,72.625,0.0
2020-01-26T12:00:00Z,10.475,72.675,0.0
2020-01-26T12:00:00Z,10.475,72.725,0.0
2020-01-26T12:00:00Z,10.475,72.775,0.0
2020-01-26T12:00:00Z,10.425,72.425,0.0
2020-01-26T12:00:00Z,10.425,72.475,0.0
2020-01-26T12:00:00Z,10.425,72.525,0.0
2020-01-26T12:00:00Z,10.425,72.575,0.0
2020-01-26T12:00:00Z,10.425,72.625,0.0
2020-01-26T12:00:00Z,10.425,72.675,0.0
2020-01-26T12:00:00Z,10.425,72.725,0.0
2020-01-26T12:00:00Z,10.425,72.775,0.0
2020-01-26T12:00:00Z,10.375,72.425,0.0
2020-01-26T12:00:00Z,10.375,72.475,0.0
2020-01-26T12:00:00Z,10.375,72.525,0.0
2020-01-26T12:00:00Z,10.375,72.575,0.0
2020-01-26T12:00:00Z,10.375,72.625,0.0
2020-01-26T12:00:00Z,10.375,72.675,0.0
2020-01-26T12:00:00Z,10.375,72.725,0.0
2020-01-26T12:00:00Z,10.375,72.775,0.0
2020-02-25T12:00:00Z,10.625,72.425,0.0
2020-02-25T12:00:00Z,10.625,72.475,0.0
2020-02-25T12:00:00Z,10.625,72.525,0.0
2020-02-25T12:00:00Z,10.625,72.575,0.0
2020-02-25T12:00:00Z,10.625,72.625,0.0
2020-02-25T12:00:00Z,10.625,72.675,0.0
2020-02-25T12:00:00Z,10.625,72.725,0.0
2020-02-25T12:00:00Z,10.625,72.775,0.0
2020-02-25T12:00:00Z,10.575,72.425,0.0
2020-02-25T12:00:00Z,10.575,72.475,0.0
2020-02-25T12:00:00Z,10.575,72.525,0.0
2020-02-25T12:00:00Z,10.575,72.575,0.0
2020-02-25T12:00:00Z,10.575,72.625,0.0
2020-02-25T12:00:00Z,10.575,72.675,0.0
2020-02-25T12:00:00Z,10.575,72.725,0.0
2020-02-25T12:00:00Z,10.575,72.775,0.0
2020-02-25T12:00:00Z,10.525,72.425,0.0
2020-02-25T12:00:00Z,10.525,72.475,0.0
2020-02-25T12:00:00Z,10.525,72.525,0.0
2020-02-25T12:00:00Z,10.525,72.575,0.0
2020-02-25T12:00:00Z,10.525,72.625,0.0
2020-02-25T12:00:00Z,10.525,72.675,0.0
2020-02-25T12:00:00Z,10.525,72.725,0.0
2020-02-25T12:00:00Z,10.525,72.775,0.0
2020-02-25T12:00:00Z,10.475,72.425,0.0
2020-02-25T12:00:00Z,10.475,72.475,0.0
2020-02-25T12:00:00Z,10.475,72.525,0.0
2020-02-25T12:00:00Z,10.475,72.575,0.0
2020-02-25T12:00:00Z,10.475,72.625,0.0
2020-02-25T12:00:00Z,10.475,72.675,0.0
2020-02-25T12:00:00Z,10.475,72.725,0.0
2020-02-25T12:00:00Z,10.475,72.775,0.0
2020-02-25T12:00:00Z,10.425,72.425,0.0
2020-02-25T12:00:00Z,10.425,72.475,0.0
2020-02-25T12:00:00Z,10.425,72.525,0.0
2020-02-25T12:00:00Z,10.425,72.575,0.0
2020-02-25T12:00:00Z,10.425,72.625,0.0
2020-02-25T12:00:00Z,10.425,72.675,0.0
2020-02-25T12:00:00Z,10.425,72.725,0.0
2020-02-25T12:00:00Z,10.425,72.775,0.0
2020-02-25T12:00:00Z,10.375,72.425,0.0
2020-02-25T12:00:00Z,10.375,72.475,0.0
2020-02-25T12:00:00Z,10.375,72.525,0.0
2020-02-25T12:00:00Z,10.375,72.575,0.0
2020-02-25T12:00:00Z,10.375,72.625,0.0
2020-02-25T12:00:00Z,10.375,72.675,0.0
2020-02-25T12:00:00Z,10.375,72.725,0.0
2020-02-25T12:00:00Z,10.375,72.775,0.0
2020-03-26T12:00:00Z,10.625,72.425,0.0
2020-03-26T12:00:00Z,10.625,72.475,0.0
2020-03-26T12:00:00Z,10.625,72.525,0.0
2020-03-26T12:00:00Z,10.625,72.575,0.0
2020-03-26T12:00:00Z,10.625,72.625,0.0
2020-03-26T12:00:00Z,10.625,72.675,0.0
2020-03-26T12:00:00Z,10.625,72.725,0.0
2020-03-26T12:00:00Z,10.625,72.775,0.0
2020-03-26T12:00:00Z,10.575,72.425,0.0
2020-03-26T12:00:00Z,10.575,72.475,0.0
2020-03-26T12:00:00Z,10.575,72.525,0.0
2020-03-26T12:00:00Z,10.575,72.575,0.0
2020-03-26T12:00:00Z,10.575,72.625,0.0
2020-03-26T12:00:00Z,10.575,72.675,0.0
2020-03-26T12:00:00Z,10.575,72.725,0.0
2020-03-26T12:00:00Z,10.575,72.775,0.0
2020-03-26T12:00:00Z,10.525,72.425,0.0
2020-03-26T12:00:00Z,10.525,72.475,0.0
2020-03-26T12:00:00Z,10.525,72.525,0.0
2020-03-26T12:00:00Z,10.525,72.575,0.0
2020-03-26T12:00:00Z,10.525,72.625,0.0
2020-03-26T12:00:00Z,10.525,72.675,0.0
2020-03-26T12:00:00Z,10.525,72.725,0.0
2020-03-26T12:00:00Z,10.525,72.775,0.0
2020-03-26T12:00:00Z,10.475,72.425,0.0
2020-03-26T12:00:00Z,10.475,72.475,0.0
2020-03-26T12:00:00Z,10.475,72.525,0.0
2020-03-26T12:00:00Z,10.475,72.575,0.0
2020-03-26T12:00:00Z,10.475,72.625,0.0
2020-03-26T12:00:00Z,10.475,72.675,0.0
2020-03-26T12:00:00Z,10.475,72.725,0.0
2020-03-26T12:00:00Z,10.475,72.775,0.0
2020-03-26T12:00:00Z,10.425,72.425,0.0
2020-03-26T12:00:00Z,10.425,72.475,0.0
2020-03-26T12:00:00Z,10.425,72.525,0.0
2020-03-26T12:00:00Z,10.425,72.575,0.0
2020-03-26T12:00:00Z,10.425,72.625,0.0
2020-03-26T12:00:00Z,10.425,72.675,0.0
2020-03-26T12:00:00Z,10.425,72.725,0.0
2020-03-26T12:00:00Z,10.425,72.775,0.0
2020-03-26T12:00:00Z,10.375,72.425,0.0
2020-03-26T12:00:00Z,10.375,72.475,0.0
2020-03-26T12:00:00Z,10.375,72.525,0.0
2020-03-26T12:00:00Z,10.375,72.575,0.0
2020-03-26T12:00:00Z,10.375,72.625,0.0
2020-03-26T12:00:00Z,10.375,72.675,0.0
2020-03-26T12:00:00Z,10.375,72.725,0.0
2020-03-26T12:00:00Z,10.375,72.775,0.0
2020-04-25T12:00:00Z,10.625,72.425,0.96
2020-04-25T12:00:00Z,10.625,72.475,0.9500000000000001
2020-04-25T12:00:00Z,10.625,72.525,0.9400000000000001
2020-04-25T12:00:00Z,10.625,72.575,0.93
2020-04-25T12:00:00Z,10.625,72.625,0.91
2020-04-25T12:00:00Z,10.625,72.675,0.89
2020-04-25T12:00:00Z,10.625,72.725,0.73
2020-04-25T12:00:00Z,10.625,72.775,0.72
2020-04-25T12:00:00Z,10.575,72.425,1.28
2020-04-25T12:00:00Z,10.575,72.475,1.1400000000000001
2020-04-25T12:00:00Z,10.575,72.525,0.98
2020-04-25T12:00:00Z,10.575,72.575,0.96
2020-04-25T12:00:00Z,10.575,72.625,0.9400000000000001
2020-04-25T12:00:00Z,10.575,72.675,0.92
2020-04-25T12:00:00Z,10.575,72.725,0.9
2020-04-25T12:00:00Z,10.575,72.775,1.04
2020-04-25T12:00:00Z,10.525,72.425,1.6
2020-04-25T12:00:00Z,10.525,72.475,1.45
2020-04-25T12:00:00Z,10.525,72.525,1.1500000000000001
2020-04-25T12:00:00Z,10.525,72.575,1.1400000000000001
2020-04-25T12:00:00Z,10.525,72.625,0.98
2020-04-25T12:00:00Z,10.525,72.675,0.96
2020-04-25T12:00:00Z,10.525,72.725,1.08
2020-04-25T12:00:00Z,10.525,72.775,1.08
2020-04-25T12:00:00Z,10.475,72.425,1.77
2020-04-25T12:00:00Z,10.475,72.475,1.49
2020-04-25T12:00:00Z,10.475,72.525,1.47
2020-04-25T12:00:00Z,10.475,72.575,1.17
2020-04-25T12:00:00Z,10.475,72.625,1.16
2020-04-25T12:00:00Z,10.475,72.675,1.0
2020-04-25T12:00:00Z,10.475,72.725,1.1300000000000001
2020-04-25T12:00:00Z,10.475,72.775,1.26
2020-04-25T12:00:00Z,10.425,72.425,1.79
2020-04-25T12:00:00Z,10.425,72.475,1.8
2020-04-25T12:00:00Z,10.425,72.525,1.5
2020-04-25T12:00:00Z,10.425,72.575,1.49
2020-04-25T12:00:00Z,10.425,72.625,1.48
2020-04-25T12:00:00Z,10.425,72.675,1.46
2020-04-25T12:00:00Z,10.425,72.725,1.31
2020-04-25T12:00:00Z,10.425,72.775,1.3
2020-04-25T12:00:00Z,10.375,72.425,1.81
2020-04-25T12:00:00Z,10.375,72.475,1.81
2020-04-25T12:00:00Z,10.375,72.525,1.6600000000000001
2020-04-25T12:00:00Z,10.375,72.575,1.51
2020-04-25T12:00:00Z,10.375,72.625,1.35
2020-04-25T12:00:00Z,10.375,72.675,1.49
2020-04-25T12:00:00Z,10.375,72.725,1.48
2020-04-25T12:00:00Z,10.375,72.775,1.47
2020-05-25T12:00:00Z,10.625,72.425,0.96
2020-05-25T12:00:00Z,10.625,72.475,1.1
2020-05-25T12:00:00Z,10.625,72.525,1.08
2020-05-25T12:00:00Z,10.625,72.575,1.07
2020-05-25T12:00:00Z,10.625,72.625,1.06
2020-05-25T12:00:00Z,10.625,72.675,1.04
2020-05-25T12:00:00Z,10.625,72.725,0.89
2020-05-25T12:00:00Z,10.625,72.775,0.88
2020-05-25T12:00:00Z,10.575,72.425,1.43
2020-05-25T12:00:00Z,10.575,72.475,1.29
2020-05-25T12:00:00Z,10.575,72.525,1.1300000000000001
2020-05-25T12:00:00Z,10.575,72.575,1.12
2020-05-25T12:00:00Z,10.575,72.625,1.1
2020-05-25T12:00:00Z,10.575,72.675,1.08
2020-05-25T12:00:00Z,10.575,72.725,1.06
2020-05-25T12:00:00Z,10.575,72.775,1.35
2020-05-25T12:00:00Z,10.525,72.425,1.9000000000000001
2020-05-25T12:00:00Z,10.525,72.475,1.61
2020-05-25T12:00:00Z,10.525,72.525,1.31
2020-05-25T12:00:00Z,10.525,72.575,1.3
2020-05-25T12:00:00Z,10.525,72.625,1.1400000000000001
2020-05-25T12:00:00Z,10.525,72.675,1.12
2020-05-25T12:00:00Z,10.525,72.725,1.25
2020-05-25T12:00:00Z,10.525,72.775,1.3900000000000001
2020-05-25T12:00:00Z,10.475,72.425,2.08
2020-05-25T12:00:00Z,10.475,72.475,1.8
2020-05-25T12:00:00Z,10.475,72.525,1.6300000000000001
2020-05-25T12:00:00Z,10.475,72.575,1.34
2020-05-25T12:00:00Z,10.475,72.625,1.32
2020-05-25T12:00:00Z,10.475,72.675,1.16
2020-05-25T12:00:00Z,10.475,72.725,1.44
2020-05-25T12:00:00Z,10.475,72.775,1.57
2020-05-25T12:00:00Z,10.425,72.425,2.12
2020-05-25T12:00:00Z,10.425,72.475,2.12
2020-05-25T12:00:00Z,10.425,72.525,1.81
2020-05-25T12:00:00Z,10.425,72.575,1.6600000000000001
2020-05-25T12:00:00Z,10.425,72.625,1.6500000000000001
2020-05-25T12:00:00Z,10.425,72.675,1.6300000000000001
2020-05-25T12:00:00Z,10.425,72.725,1.62
2020-05-25T12:00:00Z,10.425,72.775,1.62
2020-05-25T12:00:00Z,10.375,72.425,2.14
2020-05-25T12:00:00Z,10.375,72.475,2.14
2020-05-25T12:00:00Z,10.375,72.525,1.99
2020-05-25T12:00:00Z,10.375,72.575,1.83
2020-05-25T12:00:00Z,10.375,72.625,1.67
2020-05-25T12:00:00Z,10.375,72.675,1.81
2020-05-25T12:00:00Z,10.375,72.725,1.94
2020-05-25T12:00:00Z,10.375,72.775,1.94
2020-06-24T12:00:00Z,10.625,72.425,0.96
2020-06-24T12:00:00Z,10.625,72.475,1.1
2020-06-24T12:00:00Z,10.625,72.525,1.08
2020-06-24T12:00:00Z,10.625,72.575,1.07
2020-06-24T12:00:00Z,10.625,72.625,1.06
2020-06-24T12:00:00Z,10.625,72.675,1.04
2020-06-24T12:00:00Z,10.625,72.725,0.89
2020-06-24T12:00:00Z,10.625,72.775,0.88
2020-06-24T12:00:00Z,10.575,72.425,1.43
2020-06-24T12:00:00Z,10.575,72.475,1.29
2020-06-24T12:00:00Z,10.575,72.525,1.1300000000000001
2020-06-24T12:00:00Z,10.575,72.575,1.12
2020-06-24T12:00:00Z,10.575,72.625,1.1
2020-06-24T12:00:00Z,10.575,72.675,1.08
2020-06-24T12:00:00Z,10.575,72.725,1.06
2020-06-24T12:00:00Z,10.575,72.775,1.35
2020-06-24T12:00:00Z,10.525,72.425,1.9000000000000001
2020-06-24T12:00:00Z,10.525,72.475,1.61
2020-06-24T12:00:00Z,10.525,72.525,1.31
2020-06-24T12:00:00Z,10.525,72.575,1.3
2020-06-24T12:00:00Z,10.525,72.625,1.1400000000000001
2020-06-24T12:00:00Z,10.525,72.675,1.12
2020-06-24T12:00:00Z,10.525,72.725,1.25
2020-06-24T12:00:00Z,10.525,72.775,1.3900000000000001
2020-06-24T12:00:00Z,10.475,72.425,2.08
2020-06-24T12:00:00Z,10.475,72.475,1.8
2020-06-24T12:00:00Z,10.475,72.525,1.6300000000000001
2020-06-24T12:00:00Z,10.475,72.575,1.34
2020-06-24T12:00:00Z,10.475,72.625,1.32
2020-06-24T12:00:00Z,10.475,72.675,1.16
2020-06-24T12:00:00Z,10.475,72.725,1.44
2020-06-24T12:00:00Z,10.475,72.775,1.57
2020-06-24T12:00:00Z,10.425,72.425,2.12
2020-06-24T12:00:00Z,10.425,72.475,2.12
2020-06-24T12:00:00Z,10.425,72.525,1.81
2020-06-24T12:00:00Z,10.425,72.575,1.6600000000000001
2020-06-24T12:00:00Z,10.425,72.625,1.6500000000000001
2020-06-24T12:00:00Z,10.425,72.675,1.6300000000000001
2020-06-24T12:00:00Z,10.425,72.725,1.62
2020-06-24T12:00:00Z,10.425,72.775,1.62
2020-06-24T12:00:00Z,10.375,72.425,2.14
2020-06-24T12:00:00Z,10.375,72.475,2.14
2020-06-24T12:00:00Z,10.375,72.525,1.99
2020-06-24T12:00:00Z,10.375,72.575,1.83
2020-06-24T12:00:00Z,10.375,72.625,1.67
2020-06-24T12:00:00Z,10.375,72.675,1.81
2020-06-24T12:00:00Z,10.375,72.725,1.94
2020-06-24T12:00:00Z,10.375,72.775,1.94
2020-07-24T12:00:00Z,10.625,72.425,0.0
2020-07-24T12:00:00Z,10.625,72.475,0.0
2020-07-24T12:00:00Z,10.625,72.525,0.0
2020-07-24T12:00:00Z,10.625,72.575,0.0
2020-07-24T12:00:00Z,10.625,72.625,0.0
2020-07-24T12:00:00Z,10.625,72.675,0.0
2020-07-24T12:00:00Z,10.625,72.725,0.0
2020-07-24T12:00:00Z,10.625,72.775,0.0
2020-07-24T12:00:00Z,10.575,72.425,0.0
2020-07-24T12:00:00Z,10.575,72.475,0.0
2020-07-24T12:00:00Z,10.575,72.525,0.0
2020-07-24T12:00:00Z,10.575,72.575,0.0
2020-07-24T12:00:00Z,10.575,72.625,0.0
2020-07-24T12:00:00Z,10.575,72.675,0.0
2020-07-24T12:00:00Z,10.575,72.725,0.0
2020-07-24T12:00:00Z,10.575,72.775,0.0
2020-07-24T12:00:00Z,10.525,72.425,0.0
2020-07-24T12:00:00Z,10.525,72.475,0.0
2020-07-24T12:00:00Z,10.525,72.525,0.0
2020-07-24T12:00:00Z,10.525,72.575,0.0
2020-07-24T12:00:00Z,10.525,72.625,0.0
2020-07-24T12:00:00Z,10.525,72.675,0.0
2020-07-24T12:00:00Z,10.525,72.725,0.0
2020-07-24T12:00:00Z,10.525,72.775,0.0
2020-07-24T12:00:00Z,10.475,72.425,0.0
2020-07-24T12:00:00Z,10.475,72.475,0.0
2020-07-24T12:00:00Z,10.475,72.525,0.0
2020-07-24T12:00:00Z,10.475,72.575,0.0
2020-07-24T12:00:00Z,10.475,72.625,0.0
2020-07-24T12:00:00Z,10.475,72.675,0.0
2020-07-24T12:00:00Z,10.475,72.725,0.0
2020-07-24T12:00:00Z,10.475,72.775,0.0
2020-07-24T12:00:00Z,10.425,72.425,0.0
2020-07-24T12:00:00Z,10.425,72.475,0.0
2020-07-24T12:00:00Z,10.425,72.525,0.0
2020-07-24T12:00:00Z,10.425,72.575,0.0
2020-07-24T12:00:00Z,10.425,72.625,0.0
2020-07-24T12:00:00Z,10.425,72.675,0.0
2020-07-24T12:00:00Z,10.425,72.725,0.0
2020-07-24T12:00:00Z,10.425,72.775,0.0
2020-07-24T12:00:00Z,10.375,72.425,0.0
2020-07-24T12:00:00Z,10.375,72.475,0.0
2020-07-24T12:00:00Z,10.375,72.525,0.0
2020-07-24T12:00:00Z,10.375,72.575,0.0
2020-07-24T12:00:00Z,10.375,72.625,0.0
2020-07-24T12:00:00Z,10.375,72.675,0.0
2020-07-24T12:00:00Z,10.375,72.725,0.0
2020-07-24T12:00:00Z,10.375,72.775,0.0
2020-08-23T12:00:00Z,10.625,72.425,0.0
2020-08-23T12:00:00Z,10.625,72.475,0.0
2020-08-23T12:00:00Z,10.625,72.525,0.0
2020-08-23T12:00:00Z,10.625,72.575,0.0
2020-08-23T12:00:00Z,10.625,72.625,0.0
2020-08-23T12:00:00Z,10.625,72.675,0.0
2020-08-23T12:00:00Z,10.625,72.725,0.0
2020-08-23T12:00:00Z,10.625,72.775,0.0
2020-08-23T12:00:00Z,10.575,72.425,0.0
2020-08-23T12:00:00Z,10.575,72.475,0.0
2020-08-23T12:00:00Z,10.575,72.525,0.0
2020-08-23T12:00:00Z,10.575,72.575,0.0
2020-08-23T12:00:00Z,10.575,72.625,0.0
2020-08-23T12:00:00Z,10.575,72.675,0.0
2020-08-23T12:00:00Z,10.575,72.725,0.0
2020-08-23T12:00:00Z,10.575,72.775,0.0
2020-08-23T12:00:00Z,10.525,72.425,0.0
2020-08-23T12:00:00Z,10.525,72.475,0.0
2020-08-23T12:00:00Z,10.525,72.525,0.0
2020-08-23T12:00:00Z,10.525,72.575,0.0
2020-08-23T12:00:00Z,10.525,72.625,0.0
2020-08-23T12:00:00Z,10.525,72.675,0.0
2020-08-23T12:00:00Z,10.525,72.725,0.0
2020-08-23T12:00:00Z,10.525,72.775,0.0
2020-08-23T12:00:00Z,10.475,72.425,0.0
2020-08-23T12:00:00Z,10.475,72.475,0.0
2020-08-23T12:00:00Z,10.475,72.525,0.0
2020-08-23T12:00:00Z,10.475,72.575,0.0
2020-08-23T12:00:00Z,10.475,72.625,0.0
2020-08-23T12:00:00Z,10.475,72.675,0.0
2020-08-23T12:00:00Z,10.475,72.725,0.0
2020-08-23T12:00:00Z,10.475,72.775,0.0
2020-08-23T12:00:00Z,10.425,72.425,0.0
2020-08-23T12:00:00Z,10.425,72.475,0.0
2020-08-23T12:00:00Z,10.425,72.525,0.0
2020-08-23T12:00:00Z,10.425,72.575,0.0
2020-08-23T12:00:00Z,10.425,72.625,0.0
2020-08-23T12:00:00Z,10.425,72.675,0.0
2020-08-23T12:00:00Z,10.425,72.725,0.0
2020-08-23T12:00:00Z,10.425,72.775,0.0
2020-08-23T12:00:00Z,10.375,72.425,0.0
2020-08-23T12:00:00Z,10.375,72.475,0.0
2020-08-23T12:00:00Z,10.375,72.525,0.0
2020-08-23T12:00:00Z,10.375,72.575,0.0
2020-08-23T12:00:00Z,10.375,72.625,0.0
2020-08-23T12:00:00Z,10.375,72.675,0.0
2020-08-23T12:00:00Z,10.375,72.725,0.0
2020-08-23T12:00:00Z,10.375,72.775,0.0
2020-09-22T12:00:00Z,10.625,72.425,0.0
2020-09-22T12:00:00Z,10.625,72.475,0.0
2020-09-22T12:00:00Z,10.625,72.525,0.0
2020-09-22T12:00:00Z,10.625,72.575,0.0
2020-09-22T12:00:00Z,10.625,72.625,0.0
2020-09-22T12:00:00Z,10.625,72.675,0.0
2020-09-22T12:00:00Z,10.625,72.725,0.0
2020-09-22T12:00:00Z,10.625,72.775,0.0
2020-09-22T12:00:00Z,10.575,72.425,0.0
2020-09-22T12:00:00Z,10.575,72.475,0.0
2020-09-22T12:00:00Z,10.575,72.525,0.0
2020-09-22T12:00:00Z,10.575,72.575,0.0
2020-09-22T12:00:00Z,10.575,72.625,0.0
2020-09-22T12:00:00Z,10.575,72.675,0.0
2020-09-22T12:00:00Z,10.575,72.725,0.0
2020-09-22T12:00:00Z,10.575,72.775,0.0
2020-09-22T12:00:00Z,10.525,72.425,0.0
2020-09-22T12:00:00Z,10.525,72.475,0.0
2020-09-22T12:00:00Z,10.525,72.525,0.0
2020-09-22T12:00:00Z,10.525,72.575,0.0
2020-09-22T12:00:00Z,10.525,72.625,0.0
2020-09-22T12:00:00Z,10.525,72.675,0.0
2020-09-22T12:00:00Z,10.525,72.725,0.0
2020-09-22T12:00:00Z,10.525,72.775,0.0
2020-09-22T12:00:00Z,10.475,72.425,0.0
2020-09-22T12:00:00Z,10.475,72.475,0.0
2020-09-22T12:00:00Z,10.475,72.525,0.0
2020-09-22T12:00:00Z,10.475,72.575,0.0
2020-09-22T12:00:00Z,10.475,72.625,0.0
2020-09-22T12:00:00Z,10.475,72.675,0.0
2020-09-22T12:00:00Z,10.475,72.725,0.0
2020-09-22T12:00:00Z,10.475,72.775,0.0
2020-09-22T12:00:00Z,10.425,72.425,0.0
2020-09-22T12:00:00Z,10.425,72.475,0.0
2020-09-22T12:00:00Z,10.425,72.525,0.0
2020-09-22T12:00:00Z,10.425,72.575,0.0
2020-09-22T12:00:00Z,10.425,72.625,0.0
2020-09-22T12:00:00Z,10.425,72.675,0.0
2020-09-22T12:00:00Z,10.425,72.725,0.0
2020-09-22T12:00:00Z,10.425,72.775,0.0
2020-09-22T12:00:00Z,10.375,72.425,0.0
2020-09-22T12:00:00Z,10.375,72.475,0.0
2020-09-22T12:00:00Z,10.375,72.525,0.0
2020-09-22T12:00:00Z,10.375,72.575,0.0
2020-09-22T12:00:00Z,10.375,72.625,0.0
2020-09-22T12:00:00Z,10.375,72.675,0.0
2020-09-22T12:00:00Z,10.375,72.725,0.0
2020-09-22T12:00:00Z,10.375,72.775,0.0
2020-10-22T12:00:00Z,10.625,72.425,0.0
2020-10-22T12:00:00Z,10.625,72.475,0.0
2020-10-22T12:00:00Z,10.625,72.525,0.0
2020-10-22T12:00:00Z,10.625,72.575,0.0
2020-10-22T12:00:00Z,10.625,72.625,0.0
2020-10-22T12:00:00Z,10.625,72.675,0.0
2020-10-22T12:00:00Z,10.625,72.725,0.0
2020-10-22T12:00:00Z,10.625,72.775,0.0
2020-10-22T12:00:00Z,10.575,72.425,0.0
2020-10-22T12:00:00Z,10.575,72.475,0.0
2020-10-22T12:00:00Z,10.575,72.525,0.0
2020-10-22T12:00:00Z,10.575,72.575,0.0
2020-10-22T12:00:00Z,10.575,72.625,0.0
2020-10-22T12:00:00Z,10.575,72.675,0.0
2020-10-22T12:00:00Z,10.575,72.725,0.0
2020-10-22T12:00:00Z,10.575,72.775,0.0
2020-10-22T12:00:00Z,10.525,72.425,0.0
2020-10-22T12:00:00Z,10.525,72.475,0.0
2020-10-22T12:00:00Z,10.525,72.525,0.0
2020-10-22T12:00:00Z,10.525,72.575,0.0
2020-10-22T12:00:00Z,10.525,72.625,0.0
2020-10-22T12:00:00Z,10.525,72.675,0.0
2020-10-22T12:00:00Z,10.525,72.725,0.0
2020-10-22T12:00:00Z,10.525,72.775,0.0
2020-10-22T12:00:00Z,10.475,72.425,0.0
2020-10-22T12:00:00Z,10.475,72.475,0.0
2020-10-22T12:00:00Z,10.475,72.525,0.0
2020-10-22T12:00:00Z,10.475,72.575,0.0
2020-10-22T12:00:00Z,10.475,72.625,0.0
2020-10-22T12:00:00Z,10.475,72.675,0.0
2020-10-22T12:00:00Z,10.475,72.725,0.0
2020-10-22T12:00:00Z,10.475,72.775,0.0
2020-10-22T12:00:00Z,10.425,72.425,0.0
2020-10-22T12:00:00Z,10.425,72.475,0.0
2020-10-22T12:00:00Z,10.425,72.525,0.0
2020-10-22T12:00:00Z,10.425,72.575,0.0
2020-10-22T12:00:00Z,10.425,72.625,0.0
2020-10-22T12:00:00Z,10.425,72.675,0.0
2020-10-22T12:00:00Z,10.425,72.725,0.0
2020-10-22T12:00:00Z,10.425,72.775,0.0
2020-10-22T12:00:00Z,10.375,72.425,0.0
2020-10-22T12:00:00Z,10.375,72.475,0.0
2020-10-22T12:00:00Z,10.375,72.525,0.0
2020-10-22T12:00:00Z,10.375,72.575,0.0
2020-10-22T12:00:00Z,10.375,72.625,0.0
2020-10-22T12:00:00Z,10.375,72.675,0.0
2020-10-22T12:00:00Z,10.375,72.725,0.0
2020-10-22T12:00:00Z,10.375,72.775,0.0
2020-11-21T12:00:00Z,10.625,72.425,0.0
2020-11-21T12:00:00Z,10.625,72.475,0.0
2020-11-21T12:00:00Z,10.625,72.525,0.0
2020-11-21T12:00:00Z,10.625,72.575,0.0
2020-11-21T12:00:00Z,10.625,72.625,0.0
2020-11-21T12:00:00Z,10.625,72.675,0.0
2020-11-21T12:00:00Z,10.625,72.725,0.0
2020-11-21T12:00:00Z,10.625,72.775,0.0
2020-11-21T12:00:00Z,10.575,72.425,0.0
2020-11-21T12:00:00Z,10.575,72.475,0.0
2020-11-21T12:00:00Z,10.575,72.525,0.0
2020-11-21T12:00:00Z,10.575,72.575,0.0
2020-11-21T12:00:00Z,10.575,72.625,0.0
2020-11-21T12:00:00Z,10.575,72.675,0.0
2020-11-21T12:00:00Z,10.575,72.725,0.0
2020-11-21T12:00:00Z,10.575,72.775,0.0
2020-11-21T12:00:00Z,10.525,72.425,0.0
2020-11-21T12:00:00Z,10.525,72.475,0.0
2020-11-21T12:00:00Z,10.525,72.525,0.0
2020-11-21T12:00:00Z,10.525,72.575,0.0
2020-11-21T12:00:00Z,10.525,72.625,0.0
2020-11-21T12:00:00Z,10.525,72.675,0.0
2020-11-21T12:00:00Z,10.525,72.725,0.0
2020-11-21T12:00:00Z,10.525,72.775,0.0
2020-11-21T12:00:00Z,10.475,72.425,0.0
2020-11-21T12:00:00Z,10.475,72.475,0.0
2020-11-21T12:00:00Z,10.475,72.525,0.0
2020-11-21T12:00:00Z,10.475,72.575,0.0
2020-11-21T12:00:00Z,10.475,72.625,0.0
2020-11-21T12:00:00Z,10.475,72.675,0.0
2020-11-21T12:00:00Z,10.475,72.725,0.0
2020-11-21T12:00:00Z,10.475,72.775,0.0
2020-11-21T12:00:00Z,10.425,72.425,0.0
2020-11-21T12:00:00Z,10.425,72.475,0.0
2020-11-21T12:00:00Z,10.425,72.525,0.0
2020-11-21T12:00:00Z,10.425,72.575,0.0
2020-11-21T12:00:00Z,10.425,72.625,0.0
2020-11-21T12:00:00Z,10.425,72.675,0.0
2020-11-21T12:00:00Z,10.425,72.725,0.0
2020-11-21T12:00:00Z,10.425,72.775,0.0
2020-11-21T12:00:00Z,10.375,72.425,0.0
2020-11-21T12:00:00Z,10.375,72.475,0.0
2020-11-21T12:00:00Z,10.375,72.525,0.0
2020-11-21T12:00:00Z,10.375,72.575,0.0
2020-11-21T12:00:00Z,10.375,72.625,0.0
2020-11-21T12:00:00Z,10.375,72.675,0.0
2020-11-21T12:00:00Z,10.375,72.725,0.0
2020-11-21T12:00:00Z,10.375,72.775,0.0
2020-12-21T12:00:00Z,10.625,72.425,0.0
2020-12-21T12:00:00Z,10.625,72.475,0.0
2020-12-21T12:00:00Z,10.625,72.525,0.0
2020-12-21T12:00:00Z,10.625,72.575,0.0
2020-12-21T12:00:00Z,10.625,72.625,0.0
2020-12-21T12:00:00Z,10.625,72.675,0.0
2020-12-21T12:00:00Z,10.625,72.725,0.0
2020-12-21T12:00:00Z,10.625,72.775,0.0
2020-12-21T12:00:00Z,10.575,72.425,0.0
2020-12-21T12:00:00Z,10.575,72.475,0.0
2020-12-21T12:00:00Z,10.575,72.525,0.0
2020-12-21T12:00:00Z,10.575,72.575,0.0
2020-12-21T12:00:00Z,10.575,72.625,0.0
2020-12-21T12:00:00Z,10.575,72.675,0.0
2020-12-21T12:00:00Z,10.575,72.725,0.0
2020-12-21T12:00:00Z,10.575,72.775,0.0
2020-12-21T12:00:00Z,10.525,72.425,0.0
2020-12-21T12:00:00Z,10.525,72.475,0.0
2020-12-21T12:00:00Z,10.525,72.525,0.0
2020-12-21T12:00:00Z,10.525,72.575,0.0
2020-12-21T12:00:00Z,10.525,72.625,0.0
2020-12-21T12:00:00Z,10.525,72.675,0.0
2020-12-21T12:00:00Z,10.525,72.725,0.0
2020-12-21T12:00:00Z,10.525,72.775,0.0
2020-12-21T12:00:00Z,10.475,72.425,0.0
2020-12-21T12:00:00Z,10.475,72.475,0.0
2020-12-21T12:00:00Z,10.475,72.525,0.0
2020-12-21T12:00:00Z,10.475,72.575,0.0
2020-12-21T12:00:00Z,10.475,72.625,0.0
2020-12-21T12:00:00Z,10.475,72.675,0.0
2020-12-21T12:00:00Z,10.475,72.725,0.0
2020-12-21T12:00:00Z,10.475,72.775,0.0
2020-12-21T12:00:00Z,10.425,72.425,0.0
2020-12-21T12:00:00Z,10.425,72.475,0.0
2020-12-21T12:00:00Z,10.425,72.525,0.0
2020-12-21T12:00:00Z,10.425,72.575,0.0
2020-12-21T12:00:00Z,10.425,72.625,0.0
2020-12-21T12:00:00Z,10.425,72.675,0.0
2020-12-21T12:00:00Z,10.425,72.725,0.0
2020-12-21T12:00:00Z,10.425,72.775,0.0
2020-12-21T12:00:00Z,10.375,72.425,0.0
2020-12-21T12:00:00Z,10.375,72.475,0.0
2020-12-21T12:00:00Z,10.375,72.525,0.0
2020-12-21T12:00:00Z,10.375,72.575,0.0
2020-12-21T12:00:00Z,10.375,72.625,0.0
2020-12-21T12:00:00Z,10.375,72.675,0.0
2020-12-21T12:00:00Z,10.375,72.725,0.0
2020-12-21T12:00:00Z,10.375,72.775,0.0
