time,latitude,longitude,degree_heating_week
UTC,degrees_north,degrees_east,degree_Celsius_weeks
1996-01-01T12:00:00Z,3.675,73.375,0.0
1996-01-01T12:00:00Z,3.675,73.425,0.0
1996-01-01T12:00:00Z,3.675,73.475,0.0
1996-01-01T12:00:00Z,3.675,73.525,0.0
1996-01-01T12:00:00Z,3.675,73.575,0.0
1996-01-01T12:00:00Z,3.675,73.625,0.0
1996-01-01T12:00:00Z,3.625,73.375,0.0
1996-01-01T12:00:00Z,3.625,73.425,0.0
1996-01-01T12:00:00Z,3.625,73.475,0.0
1996-01-01T12:00:00Z,3.625,73.525,0.0
1996-01-01T12:00:00Z,3.625,73.575,0.0
1996-01-01T12:00:00Z,3.625,73.625,0.0
1996-01-01T12:00:00Z,3.575,73.375,0.0
1996-01-01T12:00:00Z,3.575,73.425,0.0
1996-01-01T12:00:00Z,3.575,73.475,0.0
1996-01-01T12:00:00Z,3.575,73.525,0.0
1996-01-01T12:00:00Z,3.575,73.575,0.0
1996-01-01T12:00:00Z,3.575,73.625,0.0
1996-01-01T12:00:00Z,3.525,73.375,0.0
1996-01-01T12:00:00Z,3.525,73.425,0.0
1996-01-01T12:00:00Z,3.525,73.475,0.0
1996-01-01T12:00:00Z,3.525,73.525,0.0
1996-01-01T12:00:00Z,3.525,73.575,0.0
1996-01-01T12:00:00Z,3.525,73.625,0.0
1996-01-01T12:00:00Z,3.475,73.375,0.0
1996-01-01T12:00:00Z,3.475,73.425,0.0
1996-01-01T12:00:00Z,3.475,73.475,0.0
1996-01-01T12:00:00Z,3.475,73.525,0.0
1996-01-01T12:00:00Z,3.475,73.575,0.0
1996-01-01T12:00:00Z,3.475,73.625,0.0
1996-01-01T12:00:00Z,3.425,73.375,0.0
1996-01-01T12:00:00Z,3.425,73.425,0.0
1996-01-01T12:00:00Z,3.425,73.475,0.0
1996-01-01T12:00:00Z,3.425,73.525,0.0
1996-01-01T12:00:00Z,3.425,73.575,0.0
1996-01-01T12:00:00Z,3.425,73.625,0.0
1996-01-01T12:00:00Z,3.375,73.375,0.0
1996-01-01T12:00:00Z,3.375,73.425,0.0
1996-01-01T12:00:00Z,3.375,73.475,0.0
1996-01-01T12:00:00Z,3.375,73.525,0.0
1996-01-01T12:00:00Z,3.375,73.575,0.0
1996-01-01T12:00:00Z,3.375,73.625,0.0
1996-01-01T12:00:00Z,3.325,73.375,0.0
1996-01-01T12:00:00Z,3.325,73.425,0.0
1996-01-01T12:00:00Z,3.325,73.475,0.0
1996-01-01T12:00:00Z,3.325,73.525,0.0
1996-01-01T12:00:00Z,3.325,73.575,0.0
1996-01-01T12:00:00Z,3.325,73.625,0.0
1996-01-31T12:00:00Z,3.675,73.375,0.0
1996-01-31T12:00:00Z,3.675,73.425,0.0
1996-01-31T12:00:00Z,3.675,73.475,0.0
1996-01-31T12:00:00Z,3.675,73.525,0.0
1996-01-31T12:00:00Z,3.675,73.575,0.0
1996-01-31T12:00:00Z,3.675,73.625,0.0
1996-01-31T12:00:00Z,3.625,73.375,0.0
1996-01-31T12:00:00Z,3.625,73.425,0.0
1996-01-31T12:00:00Z,3.625,73.475,0.0
1996-01-31T12:00:00Z,3.625,73.525,0.0
1996-01-31T12:00:00Z,3.625,73.575,0.0
1996-01-31T12:00:00Z,3.625,73.625,0.0
1996-01-31T12:00:00Z,3.575,73.375,0.0
1996-01-31T12:00:00Z,3.575,73.425,0.0
1996-01-31T12:00:00Z,3.575,73.475,0.0
1996-01-31T12:00:00Z,3.575,73.525,0.0
1996-01-31T12:00:00Z,3.575,73.575,0.0
1996-01-31T12:00:00Z,3.575,73.625,0.0
1996-01-31T12:00:00Z,3.525,73.375,0.0
1996-01-31T12:00:00Z,3.525,73.425,0.0
1996-01-31T12:00:00Z,3.525,73.475,0.0
1996-01-31T12:00:00Z,3.525,73.525,0.0
1996-01-31T12:00:00Z,3.525,73.575,0.0
1996-01-31T12:00:00Z,3.525,73.625,0.0
1996-01-31T12:00:00Z,3.475,73.375,0.0
1996-01-31T12:00:00Z,3.475,73.425,0.0
1996-01-31T12:00:00Z,3.475,73.475,0.0
1996-01-31T12:00:00Z,3.475,73.525,0.0
1996-01-31T12:00:00Z,3.475,73.575,0.0
1996-01-31T12:00:00Z,3.475,73.625,0.0
1996-01-31T12:00:00Z,3.425,73.375,0.0
1996-01-31T12:00:00Z,3.425,73.425,0.0
1996-01-31T12:00:00Z,3.425,73.475,0.0
1996-01-31T12:00:00Z,3.425,73.525,0.0
1996-01-31T12:00:00Z,3.425,73.575,0.0
1996-01-31T12:00:00Z,3.425,73.625,0.0
1996-01-31T12:00:00Z,3.375,73.375,0.0
1996-01-31T12:00:00Z,3.375,73.425,0.0
1996-01-31T12:00:00Z,3.375,73.475,0.0
1996-01-31T12:00:00Z,3.375,73.525,0.0
1996-01-31T12:00:00Z,3.375,73.575,0.0
1996-01-31T12:00:00Z,3.375,73.625,0.0
1996-01-31T12:00:00Z,3.325,73.375,0.0
1996-01-31T12:00:00Z,3.325,73.425,0.0
1996-01-31T12:00:00Z,3.325,73.475,0.0
1996-01-31T12:00:00Z,3.325,73.525,0.0
1996-01-31T12:00:00Z,3.325,73.575,0.0
1996-01-31T12:00:00Z,3.325,73.625,0.0
1996-03-01T12:00:00Z,3.675,73.375,0.0
1996-03-01T12:00:00Z,3.675,73.425,0.0
1996-03-01T12:00:00Z,3.675,73.475,0.0
1996-03-01T12:00:00Z,3.675,73.525,0.0
1996-03-01T12:00:00Z,3.675,73.575,0.0
1996-03-01T12:00:00Z,3.675,73.625,0.0
1996-03-01T12:00:00Z,3.625,73.375,0.0
1996-03-01T12:00:00Z,3.625,73.425,0.0
1996-03-01T12:00:00Z,3.625,73.475,0.0
1996-03-01T12:00:00Z,3.625,73.525,0.0
1996-03-01T12:00:00Z,3.625,73.575,0.0
1996-03-01T12:00:00Z,3.625,73.625,0.0
1996-03-01T12:00:00Z,3.575,73.375,0.0
1996-03-01T12:00:00Z,3.575,73.425,0.0
1996-03-01T12:00:00Z,3.575,73.475,0.0
1996-03-01T12:00:00Z,3.575,73.525,0.0
1996-03-01T12:00:00Z,3.575,73.575,0.0
1996-03-01T12:00:00Z,3.575,73.625,0.0
1996-03-01T12:00:00Z,3.525,73.375,0.0
1996-03-01T12:00:00Z,3.525,73.425,0.0
1996-03-01T12:00:00Z,3.525,73.475,0.0
1996-03-01T12:00:00Z,3.525,73.525,0.0
1996-03-01T12:00:00Z,3.525,73.575,0.0
1996-03-01T12:00:00Z,3.525,73.625,0.0
1996-03-01T12:00:00Z,3.475,73.375,0.0
1996-03-01T12:00:00Z,3.475,73.425,0.0
1996-03-01T12:00:00Z,3.475,73.475,0.0
1996-03-01T12:00:00Z,3.475,73.525,0.0
1996-03-01T12:00:00Z,3.475,73.575,0.0
1996-03-01T12:00:00Z,3.475,73.625,0.0
1996-03-01T12:00:00Z,3.425,73.375,0.0
1996-03-01T12:00:00Z,3.425,73.425,0.0
1996-03-01T12:00:00Z,3.425,73.475,0.0
1996-03-01T12:00:00Z,3.425,73.525,0.0
1996-03-01T12:00:00Z,3.425,73.575,0.0
1996-03-01T12:00:00Z,3.425,73.625,0.0
1996-03-01T12:00:00Z,3.375,73.375,0.0
1996-03-01T12:00:00Z,3.375,73.425,0.0
1996-03-01T12:00:00Z,3.375,73.475,0.0
1996-03-01T12:00:00Z,3.375,73.525,0.0
1996-03-01T12:00:00Z,3.375,73.575,0.0
1996-03-01T12:00:00Z,3.375,73.625,0.0
1996-03-01T12:00:00Z,3.325,73.375,0.0
1996-03-01T12:00:00Z,3.325,73.425,0.0
1996-03-01T12:00:00Z,3.325,73.475,0.0
1996-03-01T12:00:00Z,3.325,73.525,0.0
1996-03-01T12:00:00Z,3.325,73.575,0.0
1996-03-01T12:00:00Z,3.325,73.625,0.0
1996-03-31T12:00:00Z,3.675,73.375,0.0
1996-03-31T12:00:00Z,3.675,73.425,0.0
1996-03-31T12:00:00Z,3.675,73.475,0.0
1996-03-31T12:00:00Z,3.675,73.525,0.0
1996-03-31T12:00:00Z,3.675,73.575,0.0
1996-03-31T12:00:00Z,3.675,73.625,0.0
1996-03-31T12:00:00Z,3.625,73.375,0.0
1996-03-31T12:00:00Z,3.625,73.425,0.0
1996-03-31T12:00:00Z,3.625,73.475,0.0
1996-03-31T12:00:00Z,3.625,73.525,0.0
1996-03-31T12:00:00Z,3.625,73.575,0.0
1996-03-31T12:00:00Z,3.625,73.625,0.0
1996-03-31T12:00:00Z,3.575,73.375,0.0
1996-03-31T12:00:00Z,3.575,73.425,0.0
1996-03-31T12:00:00Z,3.575,73.475,0.0
1996-03-31T12:00:00Z,3.575,73.525,0.0
1996-03-31T12:00:00Z,3.575,73.575,0.0
1996-03-31T12:00:00Z,3.575,73.625,0.0
1996-03-31T12:00:00Z,3.525,73.375,0.0
1996-03-31T12:00:00Z,3.525,73.425,0.0
1996-03-31T12:00:00Z,3.525,73.475,0.0
1996-03-31T12:00:00Z,3.525,73.525,0.0
1996-03-31T12:00:00Z,3.525,73.575,0.0
1996-03-31T12:00:00Z,3.525,73.625,0.0
1996-03-31T12:00:00Z,3.475,73.375,0.0
1996-03-31T12:00:00Z,3.475,73.425,0.0
1996-03-31T12:00:00Z,3.475,73.475,0.0
1996-03-31T12:00:00Z,3.475,73.525,0.0
1996-03-31T12:00:00Z,3.475,73.575,0.0
1996-03-31T12:00:00Z,3.475,73.625,0.0
1996-03-31T12:00:00Z,3.425,73.375,0.0
1996-03-31T12:00:00Z,3.425,73.425,0.0
1996-03-31T12:00:00Z,3.425,73.475,0.0
1996-03-31T12:00:00Z,3.425,73.525,0.0
1996-03-31T12:00:00Z,3.425,73.575,0.0
1996-03-31T12:00:00Z,3.425,73.625,0.0
1996-03-31T12:00:00Z,3.375,73.375,0.0
1996-03-31T12:00:00Z,3.375,73.425,0.0
1996-03-31T12:00:00Z,3.375,73.475,0.0
1996-03-31T12:00:00Z,3.375,73.525,0.0
1996-03-31T12:00:00Z,3.375,73.575,0.0
1996-03-31T12:00:00Z,3.375,73.625,0.0
1996-03-31T12:00:00Z,3.325,73.375,0.0
1996-03-31T12:00:00Z,3.325,73.425,0.0
1996-03-31T12:00:00Z,3.325,73.475,0.0
1996-03-31T12:00:00Z,3.325,73.525,0.0
1996-03-31T12:00:00Z,3.325,73.575,0.0
1996-03-31T12:00:00Z,3.325,73.625,0.0
1996-04-30T12:00:00Z,3.675,73.375,0.0
1996-04-30T12:00:00Z,3.675,73.425,0.0
1996-04-30T12:00:00Z,3.675,73.475,0.0
1996-04-30T12:00:00Z,3.675,73.525,0.0
1996-04-30T12:00:00Z,3.675,73.575,0.0
1996-04-30T12:00:00Z,3.675,73.625,0.0
1996-04-30T12:00:00Z,3.625,73.375,0.0
1996-04-30T12:00:00Z,3.625,73.425,0.0
1996-04-30T12:00:00Z,3.625,73.475,0.0
1996-04-30T12:00:00Z,3.625,73.525,0.0
1996-04-30T12:00:00Z,3.625,73.575,0.0
1996-04-30T12:00:00Z,3.625,73.625,0.0
1996-04-30T12:00:00Z,3.575,73.375,0.0
1996-04-30T12:00:00Z,3.575,73.425,0.0
1996-04-30T12:00:00Z,3.575,73.475,0.0
1996-04-30T12:00:00Z,3.575,73.525,0.0
1996-04-30T12:00:00Z,3.575,73.575,0.0
1996-04-30T12:00:00Z,3.575,73.625,0.0
1996-04-30T12:00:00Z,3.525,73.375,0.0
1996-04-30T12:00:00Z,3.525,73.425,0.0
1996-04-30T12:00:00Z,3.525,73.475,0.0
1996-04-30T12:00:00Z,3.525,73.525,0.0
1996-04-30T12:00:00Z,3.525,73.575,0.0
1996-04-30T12:00:00Z,3.525,73.625,0.0
1996-04-30T12:00:00Z,3.475,73.375,0.0
1996-04-30T12:00:00Z,3.475,73.425,0.0
1996-04-30T12:00:00Z,3.475,73.475,0.0
1996-04-30T12:00:00Z,3.475,73.525,0.0
1996-04-30T12:00:00Z,3.475,73.575,0.0
1996-04-30T12:00:00Z,3.475,73.625,0.0
1996-04-30T12:00:00Z,3.425,73.375,0.0
1996-04-30T12:00:00Z,3.425,73.425,0.0
1996-04-30T12:00:00Z,3.425,73.475,0.0
1996-04-30T12:00:00Z,3.425,73.525,0.0
1996-04-30T12:00:00Z,3.425,73.575,0.0
1996-04-30T12:00:00Z,3.425,73.625,0.0
1996-04-30T12:00:00Z,3.375,73.375,0.0
1996-04-30T12:00:00Z,3.375,73.425,0.0
1996-04-30T12:00:00Z,3.375,73.475,0.0
1996-04-30T12:00:00Z,3.375,73.525,0.0
1996-04-30T12:00:00Z,3.375,73.575,0.0
1996-04-30T12:00:00Z,3.375,73.625,0.0
1996-04-30T12:00:00Z,3.325,73.375,0.0
1996-04-30T12:00:00Z,3.325,73.425,0.0
1996-04-30T12:00:00Z,3.325,73.475,0.0
1996-04-30T12:00:00Z,3.325,73.525,0.0
1996-04-30T12:00:00Z,3.325,73.575,0.0
1996-04-30T12:00:00Z,3.325,73.625,0.0
1996-05-30T12:00:00Z,3.675,73.375,0.0
1996-05-30T12:00:00Z,3.675,73.425,0.0
1996-05-30T12:00:00Z,3.675,73.475,0.0
1996-05-30T12:00:00Z,3.675,73.525,0.0
1996-05-30T12:00:00Z,3.675,73.575,0.0
1996-05-30T12:00:00Z,3.675,73.625,0.0
1996-05-30T12:00:00Z,3.625,73.375,0.0
1996-05-30T12:00:00Z,3.625,73.425,0.0
1996-05-30T12:00:00Z,3.625,73.475,0.0
1996-05-30T12:00:00Z,3.625,73.525,0.0
1996-05-30T12:00:00Z,3.625,73.575,0.0
1996-05-30T12:00:00Z,3.625,73.625,0.0
1996-05-30T12:00:00Z,3.575,73.375,0.0
1996-05-30T12:00:00Z,3.575,73.425,0.0
1996-05-30T12:00:00Z,3.575,73.475,0.0
1996-05-30T12:00:00Z,3.575,73.525,0.0
1996-05-30T12:00:00Z,3.575,73.575,0.0
1996-05-30T12:00:00Z,3.575,73.625,0.0
1996-05-30T12:00:00Z,3.525,73.375,0.0
1996-05-30T12:00:00Z,3.525,73.425,0.0
1996-05-30T12:00:00Z,3.525,73.475,0.0
1996-05-30T12:00:00Z,3.525,73.525,0.0
1996-05-30T12:00:00Z,3.525,73.575,0.0
1996-05-30T12:00:00Z,3.525,73.625,0.0
1996-05-30T12:00:00Z,3.475,73.375,0.0
1996-05-30T12:00:00Z,3.475,73.425,0.0
1996-05-30T12:00:00Z,3.475,73.475,0.0
1996-05-30T12:00:00Z,3.475,73.525,0.0
1996-05-30T12:00:00Z,3.475,73.575,0.0
1996-05-30T12:00:00Z,3.475,73.625,0.0
1996-05-30T12:00:00Z,3.425,73.375,0.0
1996-05-30T12:00:00Z,3.425,73.425,0.0
1996-05-30T12:00:00Z,3.425,73.475,0.0
1996-05-30T12:00:00Z,3.425,73.525,0.0
1996-05-30T12:00:00Z,3.425,73.575,0.0
1996-05-30T12:00:00Z,3.425,73.625,0.0
1996-05-30T12:00:00Z,3.375,73.375,0.0
1996-05-30T12:00:00Z,3.375,73.425,0.0
1996-05-30T12:00:00Z,3.375,73.475,0.0
1996-05-30T12:00:00Z,3.375,73.525,0.0
1996-05-30T12:00:00Z,3.375,73.575,0.0
1996-05-30T12:00:00Z,3.375,73.625,0.0
1996-05-30T12:00:00Z,3.325,73.375,0.0
1996-05-30T12:00:00Z,3.325,73.425,0.0
1996-05-30T12:00:00Z,3.325,73.475,0.0
1996-05-30T12:00:00Z,3.325,73.525,0.0
1996-05-30T12:00:00Z,3.325,73.575,0.0
1996-05-30T12:00:00Z,3.325,73.625,0.0
1996-06-29T12:00:00Z,3.675,73.375,0.0
1996-06-29T12:00:00Z,3.675,73.425,0.0
1996-06-29T12:00:00Z,3.675,73.475,0.0
1996-06-29T12:00:00Z,3.675,73.525,0.0
1996-06-29T12:00:00Z,3.675,73.575,0.0
1996-06-29T12:00:00Z,3.675,73.625,0.0
1996-06-29T12:00:00Z,3.625,73.375,0.0
1996-06-29T12:00:00Z,3.625,73.425,0.0
1996-06-29T12:00:00Z,3.625,73.475,0.0
1996-06-29T12:00:00Z,3.625,73.525,0.0
1996-06-29T12:00:00Z,3.625,73.575,0.0
1996-06-29T12:00:00Z,3.625,73.625,0.0
1996-06-29T12:00:00Z,3.575,73.375,0.0
1996-06-29T12:00:00Z,3.575,73.425,0.0
1996-06-29T12:00:00Z,3.575,73.475,0.0
1996-06-29T12:00:00Z,3.575,73.525,0.0
1996-06-29T12:00:00Z,3.575,73.575,0.0
1996-06-29T12:00:00Z,3.575,73.625,0.0
1996-06-29T12:00:00Z,3.525,73.375,0.0
1996-06-29T12:00:00Z,3.525,73.425,0.0
1996-06-29T12:00:00Z,3.525,73.475,0.0
1996-06-29T12:00:00Z,3.525,73.525,0.0
1996-06-29T12:00:00Z,3.525,73.575,0.0
1996-06-29T12:00:00Z,3.525,73.625,0.0
1996-06-29T12:00:00Z,3.475,73.375,0.0
1996-06-29T12:00:00Z,3.475,73.425,0.0
1996-06-29T12:00:00Z,3.475,73.475,0.0
1996-06-29T12:00:00Z,3.475,73.525,0.0
1996-06-29T12:00:00Z,3.475,73.575,0.0
1996-06-29T12:00:00Z,3.475,73.625,0.0
1996-06-29T12:00:00Z,3.425,73.375,0.0
1996-06-29T12:00:00Z,3.425,73.425,0.0
1996-06-29T12:00:00Z,3.425,73.475,0.0
1996-06-29T12:00:00Z,3.425,73.525,0.0
1996-06-29T12:00:00Z,3.425,73.575,0.0
1996-06-29T12:00:00Z,3.425,73.625,0.0
1996-06-29T12:00:00Z,3.375,73.375,0.0
1996-06-29T12:00:00Z,3.375,73.425,0.0
1996-06-29T12:00:00Z,3.375,73.475,0.0
1996-06-29T12:00:00Z,3.375,73.525,0.0
1996-06-29T12:00:00Z,3.375,73.575,0.0
1996-06-29T12:00:00Z,3.375,73.625,0.0
1996-06-29T12:00:00Z,3.325,73.375,0.0
1996-06-29T12:00:00Z,3.325,73.425,0.0
1996-06-29T12:00:00Z,3.325,73.475,0.0
1996-06-29T12:00:00Z,3.325,73.525,0.0
1996-06-29T12:00:00Z,3.325,73.575,0.0
1996-06-29T12:00:00Z,3.325,73.625,0.0
1996-07-29T12:00:00Z,3.675,73.375,0.0
1996-07-29T12:00:00Z,3.675,73.425,0.0
1996-07-29T12:00:00Z,3.675,73.475,0.0
1996-07-29T12:00:00Z,3.675,73.525,0.0
1996-07-29T12:00:00Z,3.675,73.575,0.0
1996-07-29T12:00:00Z,3.675,73.625,0.0
1996-07-29T12:00:00Z,3.625,73.375,0.0
1996-07-29T12:00:00Z,3.625,73.425,0.0
1996-07-29T12:00:00Z,3.625,73.475,0.0
1996-07-29T12:00:00Z,3.625,73.525,0.0
1996-07-29T12:00:00Z,3.625,73.575,0.0
1996-07-29T12:00:00Z,3.625,73.625,0.0
1996-07-29T12:00:00Z,3.575,73.375,0.0
1996-07-29T12:00:00Z,3.575,73.425,0.0
1996-07-29T12:00:00Z,3.575,73.475,0.0
1996-07-29T12:00:00Z,3.575,73.525,0.0
1996-07-29T12:00:00Z,3.575,73.575,0.0
1996-07-29T12:00:00Z,3.575,73.625,0.0
1996-07-29T12:00:00Z,3.525,73.375,0.0
1996-07-29T12:00:00Z,3.525,73.425,0.0
1996-07-29T12:00:00Z,3.525,73.475,0.0
1996-07-29T12:00:00Z,3.525,73.525,0.0
1996-07-29T12:00:00Z,3.525,73.575,0.0
1996-07-29T12:00:00Z,3.525,73.625,0.0
1996-07-29T12:00:00Z,3.475,73.375,0.0
1996-07-29T12:00:00Z,3.475,73.425,0.0
1996-07-29T12:00:00Z,3.475,73.475,0.0
1996-07-29T12:00:00Z,3.475,73.525,0.0
1996-07-29T12:00:00Z,3.475,73.575,0.0
1996-07-29T12:00:00Z,3.475,73.625,0.0
1996-07-29T12:00:00Z,3.425,73.375,0.0
1996-07-29T12:00:00Z,3.425,73.425,0.0
1996-07-29T12:00:00Z,3.425,73.475,0.0
1996-07-29T12:00:00Z,3.425,73.525,0.0
1996-07-29T12:00:00Z,3.425,73.575,0.0
1996-07-29T12:00:00Z,3.425,73.625,0.0
1996-07-29T12:00:00Z,3.375,73.375,0.0
1996-07-29T12:00:00Z,3.375,73.425,0.0
1996-07-29T12:00:00Z,3.375,73.475,0.0
1996-07-29T12:00:00Z,3.375,73.525,0.0
1996-07-29T12:00:00Z,3.375,73.575,0.0
1996-07-29T12:00:00Z,3.375,73.625,0.0
1996-07-29T12:00:00Z,3.325,73.375,0.0
1996-07-29T12:00:00Z,3.325,73.425,0.0
1996-07-29T12:00:00Z,3.325,73.475,0.0
1996-07-29T12:00:00Z,3.325,73.525,0.0
1996-07-29T12:00:00Z,3.325,73.575,0.0
1996-07-29T12:00:00Z,3.325,73.625,0.0
1996-08-28T12:00:00Z,3.675,73.375,0.0
1996-08-28T12:00:00Z,3.675,73.425,0.0
1996-08-28T12:00:00Z,3.675,73.475,0.0
1996-08-28T12:00:00Z,3.675,73.525,0.0
1996-08-28T12:00:00Z,3.675,73.575,0.0
1996-08-28T12:00:00Z,3.675,73.625,0.0
1996-08-28T12:00:00Z,3.625,73.375,0.0
1996-08-28T12:00:00Z,3.625,73.425,0.0
1996-08-28T12:00:00Z,3.625,73.475,0.0
1996-08-28T12:00:00Z,3.625,73.525,0.0
1996-08-28T12:00:00Z,3.625,73.575,0.0
1996-08-28T12:00:00Z,3.625,73.625,0.0
1996-08-28T12:00:00Z,3.575,73.375,0.0
1996-08-28T12:00:00Z,3.575,73.425,0.0
1996-08-28T12:00:00Z,3.575,73.475,0.0
1996-08-28T12:00:00Z,3.575,73.525,0.0
1996-08-28T12:00:00Z,3.575,73.575,0.0
1996-08-28T12:00:00Z,3.575,73.625,0.0
1996-08-28T12:00:00Z,3.525,73.375,0.0
1996-08-28T12:00:00Z,3.525,73.425,0.0
1996-08-28T12:00:00Z,3.525,73.475,0.0
1996-08-28T12:00:00Z,3.525,73.525,0.0
1996-08-28T12:00:00Z,3.525,73.575,0.0
1996-08-28T12:00:00Z,3.525,73.625,0.0
1996-08-28T12:00:00Z,3.475,73.375,0.0
1996-08-28T12:00:00Z,3.475,73.425,0.0
1996-08-28T12:00:00Z,3.475,73.475,0.0
1996-08-28T12:00:00Z,3.475,73.525,0.0
1996-08-28T12:00:00Z,3.475,73.575,0.0
1996-08-28T12:00:00Z,3.475,73.625,0.0
1996-08-28T12:00:00Z,3.425,73.375,0.0
1996-08-28T12:00:00Z,3.425,73.425,0.0
1996-08-28T12:00:00Z,3.425,73.475,0.0
1996-08-28T12:00:00Z,3.425,73.525,0.0
1996-08-28T12:00:00Z,3.425,73.575,0.0
1996-08-28T12:00:00Z,3.425,73.625,0.0
1996-08-28T12:00:00Z,3.375,73.375,0.0
1996-08-28T12:00:00Z,3.375,73.425,0.0
1996-08-28T12:00:00Z,3.375,73.475,0.0
1996-08-28T12:00:00Z,3.375,73.525,0.0
1996-08-28T12:00:00Z,3.375,73.575,0.0
1996-08-28T12:00:00Z,3.375,73.625,0.0
1996-08-28T12:00:00Z,3.325,73.375,0.0
1996-08-28T12:00:00Z,3.325,73.425,0.0
1996-08-28T12:00:00Z,3.325,73.475,0.0
1996-08-28T12:00:00Z,3.325,73.525,0.0
1996-08-28T12:00:00Z,3.325,73.575,0.0
1996-08-28T12:00:00Z,3.325,73.625,0.0
1996-09-27T12:00:00Z,3.675,73.375,0.0
1996-09-27T12:00:00Z,3.675,73.425,0.0
1996-09-27T12:00:00Z,3.675,73.475,0.0
1996-09-27T12:00:00Z,3.675,73.525,0.0
1996-09-27T12:00:00Z,3.675,73.575,0.0
1996-09-27T12:00:00Z,3.675,73.625,0.0
1996-09-27T12:00:00Z,3.625,73.375,0.0
1996-09-27T12:00:00Z,3.625,73.425,0.0
1996-09-27T12:00:00Z,3.625,73.475,0.0
1996-09-27T12:00:00Z,3.625,73.525,0.0
1996-09-27T12:00:00Z,3.625,73.575,0.0
1996-09-27T12:00:00Z,3.625,73.625,0.0
1996-09-27T12:00:00Z,3.575,73.375,0.0
1996-09-27T12:00:00Z,3.575,73.425,0.0
1996-09-27T12:00:00Z,3.575,73.475,0.0
1996-09-27T12:00:00Z,3.575,73.525,0.0
1996-09-27T12:00:00Z,3.575,73.575,0.0
1996-09-27T12:00:00Z,3.575,73.625,0.0
1996-09-27T12:00:00Z,3.525,73.375,0.0
1996-09-27T12:00:00Z,3.525,73.425,0.0
1996-09-27T12:00:00Z,3.525,73.475,0.0
1996-09-27T12:00:00Z,3.525,73.525,0.0
1996-09-27T12:00:00Z,3.525,73.575,0.0
1996-09-27T12:00:00Z,3.525,73.625,0.0
1996-09-27T12:00:00Z,3.475,73.375,0.0
1996-09-27T12:00:00Z,3.475,73.425,0.0
1996-09-27T12:00:00Z,3.475,73.475,0.0
1996-09-27T12:00:00Z,3.475,73.525,0.0
1996-09-27T12:00:00Z,3.475,73.575,0.0
1996-09-27T12:00:00Z,3.475,73.625,0.0
1996-09-27T12:00:00Z,3.425,73.375,0.0
1996-09-27T12:00:00Z,3.425,73.425,0.0
1996-09-27T12:00:00Z,3.425,73.475,0.0
1996-09-27T12:00:00Z,3.425,73.525,0.0
1996-09-27T12:00:00Z,3.425,73.575,0.0
1996-09-27T12:00:00Z,3.425,73.625,0.0
1996-09-27T12:00:00Z,3.375,73.375,0.0
1996-09-27T12:00:00Z,3.375,73.425,0.0
1996-09-27T12:00:00Z,3.375,73.475,0.0
1996-09-27T12:00:00Z,3.375,73.525,0.0
1996-09-27T12:00:00Z,3.375,73.575,0.0
1996-09-27T12:00:00Z,3.375,73.625,0.0
1996-09-27T12:00:00Z,3.325,73.375,0.0
1996-09-27T12:00:00Z,3.325,73.425,0.0
1996-09-27T12:00:00Z,3.325,73.475,0.0
1996-09-27T12:00:00Z,3.325,73.525,0.0
1996-09-27T12:00:00Z,3.325,73.575,0.0
1996-09-27T12:00:00Z,3.325,73.625,0.0
1996-10-27T12:00:00Z,3.675,73.375,0.0
1996-10-27T12:00:00Z,3.675,73.425,0.0
1996-10-27T12:00:00Z,3.675,73.475,0.0
1996-10-27T12:00:00Z,3.675,73.525,0.0
1996-10-27T12:00:00Z,3.675,73.575,0.0
1996-10-27T12:00:00Z,3.675,73.625,0.0
1996-10-27T12:00:00Z,3.625,73.375,0.0
1996-10-27T12:00:00Z,3.625,73.425,0.0
1996-10-27T12:00:00Z,3.625,73.475,0.0
1996-10-27T12:00:00Z,3.625,73.525,0.0
1996-10-27T12:00:00Z,3.625,73.575,0.0
1996-10-27T12:00:00Z,3.625,73.625,0.0
1996-10-27T12:00:00Z,3.575,73.375,0.0
1996-10-27T12:00:00Z,3.575,73.425,0.0
1996-10-27T12:00:00Z,3.575,73.475,0.0
1996-10-27T12:00:00Z,3.575,73.525,0.0
1996-10-27T12:00:00Z,3.575,73.575,0.0
1996-10-27T12:00:00Z,3.575,73.625,0.0
1996-10-27T12:00:00Z,3.525,73.375,0.0
1996-10-27T12:00:00Z,3.525,73.425,0.0
1996-10-27T12:00:00Z,3.525,73.475,0.0
1996-10-27T12:00:00Z,3.525,73.525,0.0
1996-10-27T12:00:00Z,3.525,73.575,0.0
1996-10-27T12:00:00Z,3.525,73.625,0.0
1996-10-27T12:00:00Z,3.475,73.375,0.0
1996-10-27T12:00:00Z,3.475,73.425,0.0
1996-10-27T12:00:00Z,3.475,73.475,0.0
1996-10-27T12:00:00Z,3.475,73.525,0.0
1996-10-27T12:00:00Z,3.475,73.575,0.0
1996-10-27T12:00:00Z,3.475,73.625,0.0
1996-10-27T12:00:00Z,3.425,73.375,0.0
1996-10-27T12:00:00Z,3.425,73.425,0.0
1996-10-27T12:00:00Z,3.425,73.475,0.0
1996-10-27T12:00:00Z,3.425,73.525,0.0
1996-10-27T12:00:00Z,3.425,73.575,0.0
1996-10-27T12:00:00Z,3.425,73.625,0.0
1996-10-27T12:00:00Z,3.375,73.375,0.0
1996-10-27T12:00:00Z,3.375,73.425,0.0
1996-10-27T12:00:00Z,3.375,73.475,0.0
1996-10-27T12:00:00Z,3.375,73.525,0.0
1996-10-27T12:00:00Z,3.375,73.575,0.0
1996-10-27T12:00:00Z,3.375,73.625,0.0
1996-10-27T12:00:00Z,3.325,73.375,0.0
1996-10-27T12:00:00Z,3.325,73.425,0.0
1996-10-27T12:00:00Z,3.325,73.475,0.0
1996-10-27T12:00:00Z,3.325,73.525,0.0
1996-10-27T12:00:00Z,3.325,73.575,0.0
1996-10-27T12:00:00Z,3.325,73.625,0.0
1996-11-26T12:00:00Z,3.675,73.375,0.0
1996-11-26T12:00:00Z,3.675,73.425,0.0
1996-11-26T12:00:00Z,3.675,73.475,0.0
1996-11-26T12:00:00Z,3.675,73.525,0.0
1996-11-26T12:00:00Z,3.675,73.575,0.0
1996-11-26T12:00:00Z,3.675,73.625,0.0
1996-11-26T12:00:00Z,3.625,73.375,0.0
1996-11-26T12:00:00Z,3.625,73.425,0.0
1996-11-26T12:00:00Z,3.625,73.475,0.0
1996-11-26T12:00:00Z,3.625,73.525,0.0
1996-11-26T12:00:00Z,3.625,73.575,0.0
1996-11-26T12:00:00Z,3.625,73.625,0.0
1996-11-26T12:00:00Z,3.575,73.375,0.0
1996-11-26T12:00:00Z,3.575,73.425,0.0
1996-11-26T12:00:00Z,3.575,73.475,0.0
1996-11-26T12:00:00Z,3.575,73.525,0.0
1996-11-26T12:00:00Z,3.575,73.575,0.0
1996-11-26T12:00:00Z,3.575,73.625,0.0
1996-11-26T12:00:00Z,3.525,73.375,0.0
1996-11-26T12:00:00Z,3.525,73.425,0.0
1996-11-26T12:00:00Z,3.525,73.475,0.0
1996-11-26T12:00:00Z,3.525,73.525,0.0
1996-11-26T12:00:00Z,3.525,73.575,0.0
1996-11-26T12:00:00Z,3.525,73.625,0.0
1996-11-26T12:00:00Z,3.475,73.375,0.0
1996-11-26T12:00:00Z,3.475,73.425,0.0
1996-11-26T12:00:00Z,3.475,73.475,0.0
1996-11-26T12:00:00Z,3.475,73.525,0.0
1996-11-26T12:00:00Z,3.475,73.575,0.0
1996-11-26T12:00:00Z,3.475,73.625,0.0
1996-11-26T12:00:00Z,3.425,73.375,0.0
1996-11-26T12:00:00Z,3.425,73.425,0.0
1996-11-26T12:00:00Z,3.425,73.475,0.0
1996-11-26T12:00:00Z,3.425,73.525,0.0
1996-11-26T12:00:00Z,3.425,73.575,0.0
1996-11-26T12:00:00Z,3.425,73.625,0.0
1996-11-26T12:00:00Z,3.375,73.375,0.0
1996-11-26T12:00:00Z,3.375,73.425,0.0
1996-11-26T12:00:00Z,3.375,73.475,0.0
1996-11-26T12:00:00Z,3.375,73.525,0.0
1996-11-26T12:00:00Z,3.375,73.575,0.0
1996-11-26T12:00:00Z,3.375,73.625,0.0
1996-11-26T12:00:00Z,3.325,73.375,0.0
1996-11-26T12:00:00Z,3.325,73.425,0.0
1996-11-26T12:00:00Z,3.325,73.475,0.0
1996-11-26T12:00:00Z,3.325,73.525,0.0
1996-11-26T12:00:00Z,3.325,73.575,0.0
1996-11-26T12:00:00Z,3.325,73.625,0.0
1996-12-26T12:00:00Z,3.675,73.375,0.0
1996-12-26T12:00:00Z,3.675,73.425,0.0
1996-12-26T12:00:00Z,3.675,73.475,0.0
1996-12-26T12:00:00Z,3.675,73.525,0.0
1996-12-26T12:00:00Z,3.675,73.575,0.0
1996-12-26T12:00:00Z,3.675,73.625,0.0
1996-12-26T12:00:00Z,3.625,73.375,0.0
1996-12-26T12:00:00Z,3.625,73.425,0.0
1996-12-26T12:00:00Z,3.625,73.475,0.0
1996-12-26T12:00:00Z,3.625,73.525,0.0
1996-12-26T12:00:00Z,3.625,73.575,0.0
1996-12-26T12:00:00Z,3.625,73.625,0.0
1996-12-26T12:00:00Z,3.575,73.375,0.0
1996-12-26T12:00:00Z,3.575,73.425,0.0
1996-12-26T12:00:00Z,3.575,73.475,0.0
1996-12-26T12:00:00Z,3.575,73.525,0.0
1996-12-26T12:00:00Z,3.575,73.575,0.0
1996-12-26T12:00:00Z,3.575,73.625,0.0
1996-12-26T12:00:00Z,3.525,73.375,0.0
1996-12-26T12:00:00Z,3.525,73.425,0.0
1996-12-26T12:00:00Z,3.525,73.475,0.0
1996-12-26T12:00:00Z,3.525,73.525,0.0
1996-12-26T12:00:00Z,3.525,73.575,0.0
1996-12-26T12:00:00Z,3.525,73.625,0.0
1996-12-26T12:00:00Z,3.475,73.375,0.0
1996-12-26T12:00:00Z,3.475,73.425,0.0
1996-12-26T12:00:00Z,3.475,73.475,0.0
1996-12-26T12:00:00Z,3.475,73.525,0.0
1996-12-26T12:00:00Z,3.475,73.575,0.0
1996-12-26T12:00:00Z,3.475,73.625,0.0
1996-12-26T12:00:00Z,3.425,73.375,0.0
1996-12-26T12:00:00Z,3.425,73.425,0.0
1996-12-26T12:00:00Z,3.425,73.475,0.0
1996-12-26T12:00:00Z,3.425,73.525,0.0
1996-12-26T12:00:00Z,3.425,73.575,0.0
1996-12-26T12:00:00Z,3.425,73.625,0.0
1996-12-26T12:00:00Z,3.375,73.375,0.0
1996-12-26T12:00:00Z,3.375,73.425,0.0
1996-12-26T12:00:00Z,3.375,73.475,0.0
1996-12-26T12:00:00Z,3.375,73.525,0.0
1996-12-26T12:00:00Z,3.375,73.575,0.0
1996-12-26T12:00:00Z,3.375,73.625,0.0
1996-12-26T12:00:00Z,3.325,73.375,0.0
1996-12-26T12:00:00Z,3.325,73.425,0.0
1996-12-26T12:00:00Z,3.325,73.475,0.0
1996-12-26T12:00:00Z,3.325,73.525,0.0
1996-12-26T12:00:00Z,3.325,73.575,0.0
1996-12-26T12:00:00Z,3.325,73.625,0.0
1997-01-25T12:00:00Z,3.675,73.375,0.0
1997-01-25T12:00:00Z,3.675,73.425,0.0
1997-01-25T12:00:00Z,3.675,73.475,0.0
1997-01-25T12:00:00Z,3.675,73.525,0.0
1997-01-25T12:00:00Z,3.675,73.575,0.0
1997-01-25T12:00:00Z,3.675,73.625,0.0
1997-01-25T12:00:00Z,3.625,73.375,0.0
1997-01-25T12:00:00Z,3.625,73.425,0.0
1997-01-25T12:00:00Z,3.625,73.475,0.0
1997-01-25T12:00:00Z,3.625,73.525,0.0
1997-01-25T12:00:00Z,3.625,73.575,0.0
1997-01-25T12:00:00Z,3.625,73.625,0.0
1997-01-25T12:00:00Z,3.575,73.375,0.0
1997-01-25T12:00:00Z,3.575,73.425,0.0
1997-01-25T12:00:00Z,3.575,73.475,0.0
1997-01-25T12:00:00Z,3.575,73.525,0.0
1997-01-25T12:00:00Z,3.575,73.575,0.0
1997-01-25T12:00:00Z,3.575,73.625,0.0
1997-01-25T12:00:00Z,3.525,73.375,0.0
1997-01-25T12:00:00Z,3.525,73.425,0.0
1997-01-25T12:00:00Z,3.525,73.475,0.0
1997-01-25T12:00:00Z,3.525,73.525,0.0
1997-01-25T12:00:00Z,3.525,73.575,0.0
1997-01-25T12:00:00Z,3.525,73.625,0.0
1997-01-25T12:00:00Z,3.475,73.375,0.0
1997-01-25T12:00:00Z,3.475,73.425,0.0
1997-01-25T12:00:00Z,3.475,73.475,0.0
1997-01-25T12:00:00Z,3.475,73.525,0.0
1997-01-25T12:00:00Z,3.475,73.575,0.0
1997-01-25T12:00:00Z,3.475,73.625,0.0
1997-01-25T12:00:00Z,3.425,73.375,0.0
1997-01-25T12:00:00Z,3.425,73.425,0.0
1997-01-25T12:00:00Z,3.425,73.475,0.0
1997-01-25T12:00:00Z,3.425,73.525,0.0
1997-01-25T12:00:00Z,3.425,73.575,0.0
1997-01-25T12:00:00Z,3.425,73.625,0.0
1997-01-25T12:00:00Z,3.375,73.375,0.0
1997-01-25T12:00:00Z,3.375,73.425,0.0
1997-01-25T12:00:00Z,3.375,73.475,0.0
1997-01-25T12:00:00Z,3.375,73.525,0.0
1997-01-25T12:00:00Z,3.375,73.575,0.0
1997-01-25T12:00:00Z,3.375,73.625,0.0
1997-01-25T12:00:00Z,3.325,73.375,0.0
1997-01-25T12:00:00Z,3.325,73.425,0.0
1997-01-25T12:00:00Z,3.325,73.475,0.0
1997-01-25T12:00:00Z,3.325,73.525,0.0
1997-01-25T12:00:00Z,3.325,73.575,0.0
1997-01-25T12:00:00Z,3.325,73.625,0.0
1997-02-24T12:00:00Z,3.675,73.375,0.0
1997-02-24T12:00:00Z,3.675,73.425,0.0
1997-02-24T12:00:00Z,3.675,73.475,0.0
1997-02-24T12:00:00Z,3.675,73.525,0.0
1997-02-24T12:00:00Z,3.675,73.575,0.0
1997-02-24T12:00:00Z,3.675,73.625,0.0
1997-02-24T12:00:00Z,3.625,73.375,0.0
1997-02-24T12:00:00Z,3.625,73.425,0.0
1997-02-24T12:00:00Z,3.625,73.475,0.0
1997-02-24T12:00:00Z,3.625,73.525,0.0
1997-02-24T12:00:00Z,3.625,73.575,0.0
1997-02-24T12:00:00Z,3.625,73.625,0.0
1997-02-24T12:00:00Z,3.575,73.375,0.0
1997-02-24T12:00:00Z,3.575,73.425,0.0
1997-02-24T12:00:00Z,3.575,73.475,0.0
1997-02-24T12:00:00Z,3.575,73.525,0.0
1997-02-24T12:00:00Z,3.575,73.575,0.0
1997-02-24T12:00:00Z,3.575,73.625,0.0
1997-02-24T12:00:00Z,3.525,73.375,0.0
1997-02-24T12:00:00Z,3.525,73.425,0.0
1997-02-24T12:00:00Z,3.525,73.475,0.0
1997-02-24T12:00:00Z,3.525,73.525,0.0
1997-02-24T12:00:00Z,3.525,73.575,0.0
1997-02-24T12:00:00Z,3.525,73.625,0.0
1997-02-24T12:00:00Z,3.475,73.375,0.0
1997-02-24T12:00:00Z,3.475,73.425,0.0
1997-02-24T12:00:00Z,3.475,73.475,0.0
1997-02-24T12:00:00Z,3.475,73.525,0.0
1997-02-24T12:00:00Z,3.475,73.575,0.0
1997-02-24T12:00:00Z,3.475,73.625,0.0
1997-02-24T12:00:00Z,3.425,73.375,0.0
1997-02-24T12:00:00Z,3.425,73.425,0.0
1997-02-24T12:00:00Z,3.425,73.475,0.0
1997-02-24T12:00:00Z,3.425,73.525,0.0
1997-02-24T12:00:00Z,3.425,73.575,0.0
1997-02-24T12:00:00Z,3.425,73.625,0.0
1997-02-24T12:00:00Z,3.375,73.375,0.0
1997-02-24T12:00:00Z,3.375,73.425,0.0
1997-02-24T12:00:00Z,3.375,73.475,0.0
1997-02-24T12:00:00Z,3.375,73.525,0.0
1997-02-24T12:00:00Z,3.375,73.575,0.0
1997-02-24T12:00:00Z,3.375,73.625,0.0
1997-02-24T12:00:00Z,3.325,73.375,0.0
1997-02-24T12:00:00Z,3.325,73.425,0.0
1997-02-24T12:00:00Z,3.325,73.475,0.0
1997-02-24T12:00:00Z,3.325,73.525,0.0
1997-02-24T12:00:00Z,3.325,73.575,0.0
1997-02-24T12:00:00Z,3.325,73.625,0.0
1997-03-26T12:00:00Z,3.675,73.375,0.0
1997-03-26T12:00:00Z,3.675,73.425,0.0
1997-03-26T12:00:00Z,3.675,73.475,0.0
1997-03-26T12:00:00Z,3.675,73.525,0.0
1997-03-26T12:00:00Z,3.675,73.575,0.0
1997-03-26T12:00:00Z,3.675,73.625,0.0
1997-03-26T12:00:00Z,3.625,73.375,0.0
1997-03-26T12:00:00Z,3.625,73.425,0.0
1997-03-26T12:00:00Z,3.625,73.475,0.0
1997-03-26T12:00:00Z,3.625,73.525,0.0
1997-03-26T12:00:00Z,3.625,73.575,0.0
1997-03-26T12:00:00Z,3.625,73.625,0.0
1997-03-26T12:00:00Z,3.575,73.375,0.0
1997-03-26T12:00:00Z,3.575,73.425,0.0
1997-03-26T12:00:00Z,3.575,73.475,0.0
1997-03-26T12:00:00Z,3.575,73.525,0.0
1997-03-26T12:00:00Z,3.575,73.575,0.0
1997-03-26T12:00:00Z,3.575,73.625,0.0
1997-03-26T12:00:00Z,3.525,73.375,0.0
1997-03-26T12:00:00Z,3.525,73.425,0.0
1997-03-26T12:00:00Z,3.525,73.475,0.0
1997-03-26T12:00:00Z,3.525,73.525,0.0
1997-03-26T12:00:00Z,3.525,73.575,0.0
1997-03-26T12:00:00Z,3.525,73.625,0.0
1997-03-26T12:00:00Z,3.475,73.375,0.0
1997-03-26T12:00:00Z,3.475,73.425,0.0
1997-03-26T12:00:00Z,3.475,73.475,0.0
1997-03-26T12:00:00Z,3.475,73.525,0.0
1997-03-26T12:00:00Z,3.475,73.575,0.0
1997-03-26T12:00:00Z,3.475,73.625,0.0
1997-03-26T12:00:00Z,3.425,73.375,0.0
1997-03-26T12:00:00Z,3.425,73.425,0.0
1997-03-26T12:00:00Z,3.425,73.475,0.0
1997-03-26T12:00:00Z,3.425,73.525,0.0
1997-03-26T12:00:00Z,3.425,73.575,0.0
1997-03-26T12:00:00Z,3.425,73.625,0.0
1997-03-26T12:00:00Z,3.375,73.375,0.0
1997-03-26T12:00:00Z,3.375,73.425,0.0
1997-03-26T12:00:00Z,3.375,73.475,0.0
1997-03-26T12:00:00Z,3.375,73.525,0.0
1997-03-26T12:00:00Z,3.375,73.575,0.0
1997-03-26T12:00:00Z,3.375,73.625,0.0
1997-03-26T12:00:00Z,3.325,73.375,0.0
1997-03-26T12:00:00Z,3.325,73.425,0.0
1997-03-26T12:00:00Z,3.325,73.475,0.0
1997-03-26T12:00:00Z,3.325,73.525,0.0
1997-03-26T12:00:00Z,3.325,73.575,0.0
1997-03-26T12:00:00Z,3.325,73.625,0.0
1997-04-25T12:00:00Z,3.675,73.375,0.0
1997-04-25T12:00:00Z,3.675,73.425,0.0
1997-04-25T12:00:00Z,3.675,73.475,0.0
1997-04-25T12:00:00Z,3.675,73.525,0.0
1997-04-25T12:00:00Z,3.675,73.575,0.0
1997-04-25T12:00:00Z,3.675,73.625,0.0
1997-04-25T12:00:00Z,3.625,73.375,0.0
1997-04-25T12:00:00Z,3.625,73.425,0.0
1997-04-25T12:00:00Z,3.625,73.475,0.0
1997-04-25T12:00:00Z,3.625,73.525,0.0
1997-04-25T12:00:00Z,3.625,73.575,0.0
1997-04-25T12:00:00Z,3.625,73.625,0.0
1997-04-25T12:00:00Z,3.575,73.375,0.0
1997-04-25T12:00:00Z,3.575,73.425,0.0
1997-04-25T12:00:00Z,3.575,73.475,0.0
1997-04-25T12:00:00Z,3.575,73.525,0.0
1997-04-25T12:00:00Z,3.575,73.575,0.0
1997-04-25T12:00:00Z,3.575,73.625,0.0
1997-04-25T12:00:00Z,3.525,73.375,0.0
1997-04-25T12:00:00Z,3.525,73.425,0.0
1997-04-25T12:00:00Z,3.525,73.475,0.0
1997-04-25T12:00:00Z,3.525,73.525,0.0
1997-04-25T12:00:00Z,3.525,73.575,0.0
1997-04-25T12:00:00Z,3.525,73.625,0.0
1997-04-25T12:00:00Z,3.475,73.375,0.0
1997-04-25T12:00:00Z,3.475,73.425,0.0
1997-04-25T12:00:00Z,3.475,73.475,0.0
1997-04-25T12:00:00Z,3.475,73.525,0.0
1997-04-25T12:00:00Z,3.475,73.575,0.0
1997-04-25T12:00:00Z,3.475,73.625,0.0
1997-04-25T12:00:00Z,3.425,73.375,0.0
1997-04-25T12:00:00Z,3.425,73.425,0.0
1997-04-25T12:00:00Z,3.425,73.475,0.0
1997-04-25T12:00:00Z,3.425,73.525,0.0
1997-04-25T12:00:00Z,3.425,73.575,0.0
1997-04-25T12:00:00Z,3.425,73.625,0.0
1997-04-25T12:00:00Z,3.375,73.375,0.0
1997-04-25T12:00:00Z,3.375,73.425,0.0
1997-04-25T12:00:00Z,3.375,73.475,0.0
1997-04-25T12:00:00Z,3.375,73.525,0.0
1997-04-25T12:00:00Z,3.375,73.575,0.0
1997-04-25T12:00:00Z,3.375,73.625,0.0
1997-04-25T12:00:00Z,3.325,73.375,0.0
1997-04-25T12:00:00Z,3.325,73.425,0.0
1997-04-25T12:00:00Z,3.325,73.475,0.0
1997-04-25T12:00:00Z,3.325,73.525,0.0
1997-04-25T12:00:00Z,3.325,73.575,0.0
1997-04-25T12:00:00Z,3.325,73.625,0.0
1997-05-25T12:00:00Z,3.675,73.375,0.0
1997-05-25T12:00:00Z,3.675,73.425,0.0
1997-05-25T12:00:00Z,3.675,73.475,0.0
1997-05-25T12:00:00Z,3.675,73.525,0.0
1997-05-25T12:00:00Z,3.675,73.575,0.0
1997-05-25T12:00:00Z,3.675,73.625,0.0
1997-05-25T12:00:00Z,3.625,73.375,0.0
1997-05-25T12:00:00Z,3.625,73.425,0.0
1997-05-25T12:00:00Z,3.625,73.475,0.0
1997-05-25T12:00:00Z,3.625,73.525,0.0
1997-05-25T12:00:00Z,3.625,73.575,0.0
1997-05-25T12:00:00Z,3.625,73.625,0.0
1997-05-25T12:00:00Z,3.575,73.375,0.0
1997-05-25T12:00:00Z,3.575,73.425,0.0
1997-05-25T12:00:00Z,3.575,73.475,0.0
1997-05-25T12:00:00Z,3.575,73.525,0.0
1997-05-25T12:00:00Z,3.575,73.575,0.0
1997-05-25T12:00:00Z,3.575,73.625,0.0
1997-05-25T12:00:00Z,3.525,73.375,0.0
1997-05-25T12:00:00Z,3.525,73.425,0.0
1997-05-25T12:00:00Z,3.525,73.475,0.0
1997-05-25T12:00:00Z,3.525,73.525,0.0
1997-05-25T12:00:00Z,3.525,73.575,0.0
1997-05-25T12:00:00Z,3.525,73.625,0.0
1997-05-25T12:00:00Z,3.475,73.375,0.0
1997-05-25T12:00:00Z,3.475,73.425,0.0
1997-05-25T12:00:00Z,3.475,73.475,0.0
1997-05-25T12:00:00Z,3.475,73.525,0.0
1997-05-25T12:00:00Z,3.475,73.575,0.0
1997-05-25T12:00:00Z,3.475,73.625,0.0
1997-05-25T12:00:00Z,3.425,73.375,0.0
1997-05-25T12:00:00Z,3.425,73.425,0.0
1997-05-25T12:00:00Z,3.425,73.475,0.0
1997-05-25T12:00:00Z,3.425,73.525,0.0
1997-05-25T12:00:00Z,3.425,73.575,0.0
1997-05-25T12:00:00Z,3.425,73.625,0.0
1997-05-25T12:00:00Z,3.375,73.375,0.0
1997-05-25T12:00:00Z,3.375,73.425,0.0
1997-05-25T12:00:00Z,3.375,73.475,0.0
1997-05-25T12:00:00Z,3.375,73.525,0.0
1997-05-25T12:00:00Z,3.375,73.575,0.0
1997-05-25T12:00:00Z,3.375,73.625,0.0
1997-05-25T12:00:00Z,3.325,73.375,0.0
1997-05-25T12:00:00Z,3.325,73.425,0.0
1997-05-25T12:00:00Z,3.325,73.475,0.0
1997-05-25T12:00:00Z,3.325,73.525,0.0
1997-05-25T12:00:00Z,3.325,73.575,0.0
1997-05-25T12:00:00Z,3.325,73.625,0.0
1997-06-24T12:00:00Z,3.675,73.375,0.0
1997-06-24T12:00:00Z,3.675,73.425,0.0
1997-06-24T12:00:00Z,3.675,73.475,0.0
1997-06-24T12:00:00Z,3.675,73.525,0.0
1997-06-24T12:00:00Z,3.675,73.575,0.0
1997-06-24T12:00:00Z,3.675,73.625,0.0
1997-06-24T12:00:00Z,3.625,73.375,0.0
1997-06-24T12:00:00Z,3.625,73.425,0.0
1997-06-24T12:00:00Z,3.625,73.475,0.0
1997-06-24T12:00:00Z,3.625,73.525,0.0
1997-06-24T12:00:00Z,3.625,73.575,0.0
1997-06-24T12:00:00Z,3.625,73.625,0.0
1997-06-24T12:00:00Z,3.575,73.375,0.0
1997-06-24T12:00:00Z,3.575,73.425,0.0
1997-06-24T12:00:00Z,3.575,73.475,0.0
1997-06-24T12:00:00Z,3.575,73.525,0.0
1997-06-24T12:00:00Z,3.575,73.575,0.0
1997-06-24T12:00:00Z,3.575,73.625,0.0
1997-06-24T12:00:00Z,3.525,73.375,0.0
1997-06-24T12:00:00Z,3.525,73.425,0.0
1997-06-24T12:00:00Z,3.525,73.475,0.0
1997-06-24T12:00:00Z,3.525,73.525,0.0
1997-06-24T12:00:00Z,3.525,73.575,0.0
1997-06-24T12:00:00Z,3.525,73.625,0.0
1997-06-24T12:00:00Z,3.475,73.375,0.0
1997-06-24T12:00:00Z,3.475,73.425,0.0
1997-06-24T12:00:00Z,3.475,73.475,0.0
1997-06-24T12:00:00Z,3.475,73.525,0.0
1997-06-24T12:00:00Z,3.475,73.575,0.0
1997-06-24T12:00:00Z,3.475,73.625,0.0
1997-06-24T12:00:00Z,3.425,73.375,0.0
1997-06-24T12:00:00Z,3.425,73.425,0.0
1997-06-24T12:00:00Z,3.425,73.475,0.0
1997-06-24T12:00:00Z,3.425,73.525,0.0
1997-06-24T12:00:00Z,3.425,73.575,0.0
1997-06-24T12:00:00Z,3.425,73.625,0.0
1997-06-24T12:00:00Z,3.375,73.375,0.0
1997-06-24T12:00:00Z,3.375,73.425,0.0
1997-06-24T12:00:00Z,3.375,73.475,0.0
1997-06-24T12:00:00Z,3.375,73.525,0.0
1997-06-24T12:00:00Z,3.375,73.575,0.0
1997-06-24T12:00:00Z,3.375,73.625,0.0
1997-06-24T12:00:00Z,3.325,73.375,0.0
1997-06-24T12:00:00Z,3.325,73.425,0.0
1997-06-24T12:00:00Z,3.325,73.475,0.0
1997-06-24T12:00:00Z,3.325,73.525,0.0
1997-06-24T12:00:00Z,3.325,73.575,0.0
1997-06-24T12:00:00Z,3.325,73.625,0.0
1997-07-24T12:00:00Z,3.675,73.375,0.0
1997-07-24T12:00:00Z,3.675,73.425,0.0
1997-07-24T12:00:00Z,3.675,73.475,0.0
1997-07-24T12:00:00Z,3.675,73.525,0.0
1997-07-24T12:00:00Z,3.675,73.575,0.0
1997-07-24T12:00:00Z,3.675,73.625,0.0
1997-07-24T12:00:00Z,3.625,73.375,0.0
1997-07-24T12:00:00Z,3.625,73.425,0.0
1997-07-24T12:00:00Z,3.625,73.475,0.0
1997-07-24T12:00:00Z,3.625,73.525,0.0
1997-07-24T12:00:00Z,3.625,73.575,0.0
1997-07-24T12:00:00Z,3.625,73.625,0.0
1997-07-24T12:00:00Z,3.575,73.375,0.0
1997-07-24T12:00:00Z,3.575,73.425,0.0
1997-07-24T12:00:00Z,3.575,73.475,0.0
1997-07-24T12:00:00Z,3.575,73.525,0.0
1997-07-24T12:00:00Z,3.575,73.575,0.0
1997-07-24T12:00:00Z,3.575,73.625,0.0
1997-07-24T12:00:00Z,3.525,73.375,0.0
1997-07-24T12:00:00Z,3.525,73.425,0.0
1997-07-24T12:00:00Z,3.525,73.475,0.0
1997-07-24T12:00:00Z,3.525,73.525,0.0
1997-07-24T12:00:00Z,3.525,73.575,0.0
1997-07-24T12:00:00Z,3.525,73.625,0.0
1997-07-24T12:00:00Z,3.475,73.375,0.0
1997-07-24T12:00:00Z,3.475,73.425,0.0
1997-07-24T12:00:00Z,3.475,73.475,0.0
1997-07-24T12:00:00Z,3.475,73.525,0.0
1997-07-24T12:00:00Z,3.475,73.575,0.0
1997-07-24T12:00:00Z,3.475,73.625,0.0
1997-07-24T12:00:00Z,3.425,73.375,0.0
1997-07-24T12:00:00Z,3.425,73.425,0.0
1997-07-24T12:00:00Z,3.425,73.475,0.0
1997-07-24T12:00:00Z,3.425,73.525,0.0
1997-07-24T12:00:00Z,3.425,73.575,0.0
1997-07-24T12:00:00Z,3.425,73.625,0.0
1997-07-24T12:00:00Z,3.375,73.375,0.0
1997-07-24T12:00:00Z,3.375,73.425,0.0
1997-07-24T12:00:00Z,3.375,73.475,0.0
1997-07-24T12:00:00Z,3.375,73.525,0.0
1997-07-24T12:00:00Z,3.375,73.575,0.0
1997-07-24T12:00:00Z,3.375,73.625,0.0
1997-07-24T12:00:00Z,3.325,73.375,0.0
1997-07-24T12:00:00Z,3.325,73.425,0.0
1997-07-24T12:00:00Z,3.325,73.475,0.0
1997-07-24T12:00:00Z,3.325,73.525,0.0
1997-07-24T12:00:00Z,3.325,73.575,0.0
1997-07-24T12:00:00Z,3.325,73.625,0.0
1997-08-23T12:00:00Z,3.675,73.375,0.0
1997-08-23T12:00:00Z,3.675,73.425,0.0
1997-08-23T12:00:00Z,3.675,73.475,0.0
1997-08-23T12:00:00Z,3.675,73.525,0.0
1997-08-23T12:00:00Z,3.675,73.575,0.0
1997-08-23T12:00:00Z,3.675,73.625,0.0
1997-08-23T12:00:00Z,3.625,73.375,0.0
1997-08-23T12:00:00Z,3.625,73.425,0.0
1997-08-23T12:00:00Z,3.625,73.475,0.0
1997-08-23T12:00:00Z,3.625,73.525,0.0
1997-08-23T12:00:00Z,3.625,73.575,0.0
1997-08-23T12:00:00Z,3.625,73.625,0.0
1997-08-23T12:00:00Z,3.575,73.375,0.0
1997-08-23T12:00:00Z,3.575,73.425,0.0
1997-08-23T12:00:00Z,3.575,73.475,0.0
1997-08-23T12:00:00Z,3.575,73.525,0.0
1997-08-23T12:00:00Z,3.575,73.575,0.0
1997-08-23T12:00:00Z,3.575,73.625,0.0
1997-08-23T12:00:00Z,3.525,73.375,0.0
1997-08-23T12:00:00Z,3.525,73.425,0.0
1997-08-23T12:00:00Z,3.525,73.475,0.0
1997-08-23T12:00:00Z,3.525,73.525,0.0
1997-08-23T12:00:00Z,3.525,73.575,0.0
1997-08-23T12:00:00Z,3.525,73.625,0.0
1997-08-23T12:00:00Z,3.475,73.375,0.0
1997-08-23T12:00:00Z,3.475,73.425,0.0
1997-08-23T12:00:00Z,3.475,73.475,0.0
1997-08-23T12:00:00Z,3.475,73.525,0.0
1997-08-23T12:00:00Z,3.475,73.575,0.0
1997-08-23T12:00:00Z,3.475,73.625,0.0
1997-08-23T12:00:00Z,3.425,73.375,0.0
1997-08-23T12:00:00Z,3.425,73.425,0.0
1997-08-23T12:00:00Z,3.425,73.475,0.0
1997-08-23T12:00:00Z,3.425,73.525,0.0
1997-08-23T12:00:00Z,3.425,73.575,0.0
1997-08-23T12:00:00Z,3.425,73.625,0.0
1997-08-23T12:00:00Z,3.375,73.375,0.0
1997-08-23T12:00:00Z,3.375,73.425,0.0
1997-08-23T12:00:00Z,3.375,73.475,0.0
1997-08-23T12:00:00Z,3.375,73.525,0.0
1997-08-23T12:00:00Z,3.375,73.575,0.0
1997-08-23T12:00:00Z,3.375,73.625,0.0
1997-08-23T12:00:00Z,3.325,73.375,0.0
1997-08-23T12:00:00Z,3.325,73.425,0.0
1997-08-23T12:00:00Z,3.325,73.475,0.0
1997-08-23T12:00:00Z,3.325,73.525,0.0
1997-08-23T12:00:00Z,3.325,73.575,0.0
1997-08-23T12:00:00Z,3.325,73.625,0.0
1997-09-22T12:00:00Z,3.675,73.375,0.0
1997-09-22T12:00:00Z,3.675,73.425,0.0
1997-09-22T12:00:00Z,3.675,73.475,0.0
1997-09-22T12:00:00Z,3.675,73.525,0.0
1997-09-22T12:00:00Z,3.675,73.575,0.0
1997-09-22T12:00:00Z,3.675,73.625,0.0
1997-09-22T12:00:00Z,3.625,73.375,0.0
1997-09-22T12:00:00Z,3.625,73.425,0.0
1997-09-22T12:00:00Z,3.625,73.475,0.0
1997-09-22T12:00:00Z,3.625,73.525,0.0
1997-09-22T12:00:00Z,3.625,73.575,0.0
1997-09-22T12:00:00Z,3.625,73.625,0.0
1997-09-22T12:00:00Z,3.575,73.375,0.0
1997-09-22T12:00:00Z,3.575,73.425,0.0
1997-09-22T12:00:00Z,3.575,73.475,0.0
1997-09-22T12:00:00Z,3.575,73.525,0.0
1997-09-22T12:00:00Z,3.575,73.575,0.0
1997-09-22T12:00:00Z,3.575,73.625,0.0
1997-09-22T12:00:00Z,3.525,73.375,0.0
1997-09-22T12:00:00Z,3.525,73.425,0.0
1997-09-22T12:00:00Z,3.525,73.475,0.0
1997-09-22T12:00:00Z,3.525,73.525,0.0
1997-09-22T12:00:00Z,3.525,73.575,0.0
1997-09-22T12:00:00Z,3.525,73.625,0.0
1997-09-22T12:00:00Z,3.475,73.375,0.0
1997-09-22T12:00:00Z,3.475,73.425,0.0
1997-09-22T12:00:00Z,3.475,73.475,0.0
1997-09-22T12:00:00Z,3.475,73.525,0.0
1997-09-22T12:00:00Z,3.475,73.575,0.0
1997-09-22T12:00:00Z,3.475,73.625,0.0
1997-09-22T12:00:00Z,3.425,73.375,0.0
1997-09-22T12:00:00Z,3.425,73.425,0.0
1997-09-22T12:00:00Z,3.425,73.475,0.0
1997-09-22T12:00:00Z,3.425,73.525,0.0
1997-09-22T12:00:00Z,3.425,73.575,0.0
1997-09-22T12:00:00Z,3.425,73.625,0.0
1997-09-22T12:00:00Z,3.375,73.375,0.0
1997-09-22T12:00:00Z,3.375,73.425,0.0
1997-09-22T12:00:00Z,3.375,73.475,0.0
1997-09-22T12:00:00Z,3.375,73.525,0.0
1997-09-22T12:00:00Z,3.375,73.575,0.0
1997-09-22T12:00:00Z,3.375,73.625,0.0
1997-09-22T12:00:00Z,3.325,73.375,0.0
1997-09-22T12:00:00Z,3.325,73.425,0.0
1997-09-22T12:00:00Z,3.325,73.475,0.0
1997-09-22T12:00:00Z,3.325,73.525,0.0
1997-09-22T12:00:00Z,3.325,73.575,0.0
1997-09-22T12:00:00Z,3.325,73.625,0.0
1997-10-22T12:00:00Z,3.675,73.375,0.0
1997-10-22T12:00:00Z,3.675,73.425,0.0
1997-10-22T12:00:00Z,3.675,73.475,0.0
1997-10-22T12:00:00Z,3.675,73.525,0.0
1997-10-22T12:00:00Z,3.675,73.575,0.0
1997-10-22T12:00:00Z,3.675,73.625,0.0
1997-10-22T12:00:00Z,3.625,73.375,0.0
1997-10-22T12:00:00Z,3.625,73.425,0.0
1997-10-22T12:00:00Z,3.625,73.475,0.0
1997-10-22T12:00:00Z,3.625,73.525,0.0
1997-10-22T12:00:00Z,3.625,73.575,0.0
1997-10-22T12:00:00Z,3.625,73.625,0.0
1997-10-22T12:00:00Z,3.575,73.375,0.0
1997-10-22T12:00:00Z,3.575,73.425,0.0
1997-10-22T12:00:00Z,3.575,73.475,0.0
1997-10-22T12:00:00Z,3.575,73.525,0.0
1997-10-22T12:00:00Z,3.575,73.575,0.0
1997-10-22T12:00:00Z,3.575,73.625,0.0
1997-10-22T12:00:00Z,3.525,73.375,0.0
1997-10-22T12:00:00Z,3.525,73.425,0.0
1997-10-22T12:00:00Z,3.525,73.475,0.0
1997-10-22T12:00:00Z,3.525,73.525,0.0
1997-10-22T12:00:00Z,3.525,73.575,0.0
1997-10-22T12:00:00Z,3.525,73.625,0.0
1997-10-22T12:00:00Z,3.475,73.375,0.0
1997-10-22T12:00:00Z,3.475,73.425,0.0
1997-10-22T12:00:00Z,3.475,73.475,0.0
1997-10-22T12:00:00Z,3.475,73.525,0.0
1997-10-22T12:00:00Z,3.475,73.575,0.0
1997-10-22T12:00:00Z,3.475,73.625,0.0
1997-10-22T12:00:00Z,3.425,73.375,0.0
1997-10-22T12:00:00Z,3.425,73.425,0.0
1997-10-22T12:00:00Z,3.425,73.475,0.0
1997-10-22T12:00:00Z,3.425,73.525,0.0
1997-10-22T12:00:00Z,3.425,73.575,0.0
1997-10-22T12:00:00Z,3.425,73.625,0.0
1997-10-22T12:00:00Z,3.375,73.375,0.0
1997-10-22T12:00:00Z,3.375,73.425,0.0
1997-10-22T12:00:00Z,3.375,73.475,0.0
1997-10-22T12:00:00Z,3.375,73.525,0.0
1997-10-22T12:00:00Z,3.375,73.575,0.0
1997-10-22T12:00:00Z,3.375,73.625,0.0
1997-10-22T12:00:00Z,3.325,73.375,0.0
1997-10-22T12:00:00Z,3.325,73.425,0.0
1997-10-22T12:00:00Z,3.325,73.475,0.0
1997-10-22T12:00:00Z,3.325,73.525,0.0
1997-10-22T12:00:00Z,3.325,73.575,0.0
1997-10-22T12:00:00Z,3.325,73.625,0.0
1997-11-21T12:00:00Z,3.675,73.375,0.0
1997-11-21T12:00:00Z,3.675,73.425,0.0
1997-11-21T12:00:00Z,3.675,73.475,0.0
1997-11-21T12:00:00Z,3.675,73.525,0.0
1997-11-21T12:00:00Z,3.675,73.575,0.0
1997-11-21T12:00:00Z,3.675,73.625,0.0
1997-11-21T12:00:00Z,3.625,73.375,0.0
1997-11-21T12:00:00Z,3.625,73.425,0.0
1997-11-21T12:00:00Z,3.625,73.475,0.0
1997-11-21T12:00:00Z,3.625,73.525,0.0
1997-11-21T12:00:00Z,3.625,73.575,0.0
1997-11-21T12:00:00Z,3.625,73.625,0.0
1997-11-21T12:00:00Z,3.575,73.375,0.0
1997-11-21T12:00:00Z,3.575,73.425,0.0
1997-11-21T12:00:00Z,3.575,73.475,0.0
1997-11-21T12:00:00Z,3.575,73.525,0.0
1997-11-21T12:00:00Z,3.575,73.575,0.0
1997-11-21T12:00:00Z,3.575,73.625,0.0
1997-11-21T12:00:00Z,3.525,73.375,0.0
1997-11-21T12:00:00Z,3.525,73.425,0.0
1997-11-21T12:00:00Z,3.525,73.475,0.0
1997-11-21T12:00:00Z,3.525,73.525,0.0
1997-11-21T12:00:00Z,3.525,73.575,0.0
1997-11-21T12:00:00Z,3.525,73.625,0.0
1997-11-21T12:00:00Z,3.475,73.375,0.0
1997-11-21T12:00:00Z,3.475,73.425,0.0
1997-11-21T12:00:00Z,3.475,73.475,0.0
1997-11-21T12:00:00Z,3.475,73.525,0.0
1997-11-21T12:00:00Z,3.475,73.575,0.0
1997-11-21T12:00:00Z,3.475,73.625,0.0
1997-11-21T12:00:00Z,3.425,73.375,0.0
1997-11-21T12:00:00Z,3.425,73.425,0.0
1997-11-21T12:00:00Z,3.425,73.475,0.0
1997-11-21T12:00:00Z,3.425,73.525,0.0
1997-11-21T12:00:00Z,3.425,73.575,0.0
1997-11-21T12:00:00Z,3.425,73.625,0.0
1997-11-21T12:00:00Z,3.375,73.375,0.0
1997-11-21T12:00:00Z,3.375,73.425,0.0
1997-11-21T12:00:00Z,3.375,73.475,0.0
1997-11-21T12:00:00Z,3.375,73.525,0.0
1997-11-21T12:00:00Z,3.375,73.575,0.0
1997-11-21T12:00:00Z,3.375,73.625,0.0
1997-11-21T12:00:00Z,3.325,73.375,0.0
1997-11-21T12:00:00Z,3.325,73.425,0.0
1997-11-21T12:00:00Z,3.325,73.475,0.0
1997-11-21T12:00:00Z,3.325,73.525,0.0
1997-11-21T12:00:00Z,3.325,73.575,0.0
1997-11-21T12:00:00Z,3.325,73.625,0.0
1997-12-21T12:00:00Z,3.675,73.375,0.0
1997-12-21T12:00:00Z,3.675,73.425,0.0
1997-12-21T12:00:00Z,3.675,73.475,0.0
1997-12-21T12:00:00Z,3.675,73.525,0.0
1997-12-21T12:00:00Z,3.675,73.575,0.0
1997-12-21T12:00:00Z,3.675,73.625,0.0
1997-12-21T12:00:00Z,3.625,73.375,0.0
1997-12-21T12:00:00Z,3.625,73.425,0.0
1997-12-21T12:00:00Z,3.625,73.475,0.0
1997-12-21T12:00:00Z,3.625,73.525,0.0
1997-12-21T12:00:00Z,3.625,73.575,0.0
1997-12-21T12:00:00Z,3.625,73.625,0.0
1997-12-21T12:00:00Z,3.575,73.375,0.0
1997-12-21T12:00:00Z,3.575,73.425,0.0
1997-12-21T12:00:00Z,3.575,73.475,0.0
1997-12-21T12:00:00Z,3.575,73.525,0.0
1997-12-21T12:00:00Z,3.575,73.575,0.0
1997-12-21T12:00:00Z,3.575,73.625,0.0
1997-12-21T12:00:00Z,3.525,73.375,0.0
1997-12-21T12:00:00Z,3.525,73.425,0.0
1997-12-21T12:00:00Z,3.525,73.475,0.0
1997-12-21T12:00:00Z,3.525,73.525,0.0
1997-12-21T12:00:00Z,3.525,73.575,0.0
1997-12-21T12:00:00Z,3.525,73.625,0.0
1997-12-21T12:00:00Z,3.475,73.375,0.0
1997-12-21T12:00:00Z,3.475,73.425,0.0
1997-12-21T12:00:00Z,3.475,73.475,0.0
1997-12-21T12:00:00Z,3.475,73.525,0.0
1997-12-21T12:00:00Z,3.475,73.575,0.0
1997-12-21T12:00:00Z,3.475,73.625,0.0
1997-12-21T12:00:00Z,3.425,73.375,0.0
1997-12-21T12:00:00Z,3.425,73.425,0.0
1997-12-21T12:00:00Z,3.425,73.475,0.0
1997-12-21T12:00:00Z,3.425,73.525,0.0
1997-12-21T12:00:00Z,3.425,73.575,0.0
1997-12-21T12:00:00Z,3.425,73.625,0.0
1997-12-21T12:00:00Z,3.375,73.375,0.0
1997-12-21T12:00:00Z,3.375,73.425,0.0
1997-12-21T12:00:00Z,3.375,73.475,0.0
1997-12-21T12:00:00Z,3.375,73.525,0.0
1997-12-21T12:00:00Z,3.375,73.575,0.0
1997-12-21T12:00:00Z,3.375,73.625,0.0
1997-12-21T12:00:00Z,3.325,73.375,0.0
1997-12-21T12:00:00Z,3.325,73.425,0.0
1997-12-21T12:00:00Z,3.325,73.475,0.0
1997-12-21T12:00:00Z,3.325,73.525,0.0
1997-12-21T12:00:00Z,3.325,73.575,0.0
1997-12-21T12:00:00Z,3.325,73.625,0.0
1998-01-20T12:00:00Z,3.675,73.375,0.0
1998-01-20T12:00:00Z,3.675,73.425,0.0
1998-01-20T12:00:00Z,3.675,73.475,0.0
1998-01-20T12:00:00Z,3.675,73.525,0.0
1998-01-20T12:00:00Z,3.675,73.575,0.0
1998-01-20T12:00:00Z,3.675,73.625,0.0
1998-01-20T12:00:00Z,3.625,73.375,0.0
1998-01-20T12:00:00Z,3.625,73.425,0.0
1998-01-20T12:00:00Z,3.625,73.475,0.0
1998-01-20T12:00:00Z,3.625,73.525,0.0
1998-01-20T12:00:00Z,3.625,73.575,0.0
1998-01-20T12:00:00Z,3.625,73.625,0.0
1998-01-20T12:00:00Z,3.575,73.375,0.0
1998-01-20T12:00:00Z,3.575,73.425,0.0
1998-01-20T12:00:00Z,3.575,73.475,0.0
1998-01-20T12:00:00Z,3.575,73.525,0.0
1998-01-20T12:00:00Z,3.575,73.575,0.0
1998-01-20T12:00:00Z,3.575,73.625,0.0
1998-01-20T12:00:00Z,3.525,73.375,0.0
1998-01-20T12:00:00Z,3.525,73.425,0.0
1998-01-20T12:00:00Z,3.525,73.475,0.0
1998-01-20T12:00:00Z,3.525,73.525,0.0
1998-01-20T12:00:00Z,3.525,73.575,0.0
1998-01-20T12:00:00Z,3.525,73.625,0.0
1998-01-20T12:00:00Z,3.475,73.375,0.0
1998-01-20T12:00:00Z,3.475,73.425,0.0
1998-01-20T12:00:00Z,3.475,73.475,0.0
1998-01-20T12:00:00Z,3.475,73.525,0.0
1998-01-20T12:00:00Z,3.475,73.575,0.0
1998-01-20T12:00:00Z,3.475,73.625,0.0
1998-01-20T12:00:00Z,3.425,73.375,0.0
1998-01-20T12:00:00Z,3.425,73.425,0.0
1998-01-20T12:00:00Z,3.425,73.475,0.0
1998-01-20T12:00:00Z,3.425,73.525,0.0
1998-01-20T12:00:00Z,3.425,73.575,0.0
1998-01-20T12:00:00Z,3.425,73.625,0.0
1998-01-20T12:00:00Z,3.375,73.375,0.0
1998-01-20T12:00:00Z,3.375,73.425,0.0
1998-01-20T12:00:00Z,3.375,73.475,0.0
1998-01-20T12:00:00Z,3.375,73.525,0.0
1998-01-20T12:00:00Z,3.375,73.575,0.0
1998-01-20T12:00:00Z,3.375,73.625,0.0
1998-01-20T12:00:00Z,3.325,73.375,0.0
1998-01-20T12:00:00Z,3.325,73.425,0.0
1998-01-20T12:00:00Z,3.325,73.475,0.0
1998-01-20T12:00:00Z,3.325,73.525,0.0
1998-01-20T12:00:00Z,3.325,73.575,0.0
1998-01-20T12:00:00Z,3.325,73.625,0.0
1998-02-19T12:00:00Z,3.675,73.375,0.0
1998-02-19T12:00:00Z,3.675,73.425,0.0
1998-02-19T12:00:00Z,3.675,73.475,0.0
1998-02-19T12:00:00Z,3.675,73.525,0.0
1998-02-19T12:00:00Z,3.675,73.575,0.0
1998-02-19T12:00:00Z,3.675,73.625,0.0
1998-02-19T12:00:00Z,3.625,73.375,0.0
1998-02-19T12:00:00Z,3.625,73.425,0.0
1998-02-19T12:00:00Z,3.625,73.475,0.0
1998-02-19T12:00:00Z,3.625,73.525,0.0
1998-02-19T12:00:00Z,3.625,73.575,0.0
1998-02-19T12:00:00Z,3.625,73.625,0.0
1998-02-19T12:00:00Z,3.575,73.375,0.0
1998-02-19T12:00:00Z,3.575,73.425,0.0
1998-02-19T12:00:00Z,3.575,73.475,0.0
1998-02-19T12:00:00Z,3.575,73.525,0.0
1998-02-19T12:00:00Z,3.575,73.575,0.0
1998-02-19T12:00:00Z,3.575,73.625,0.0
1998-02-19T12:00:00Z,3.525,73.375,0.0
1998-02-19T12:00:00Z,3.525,73.425,0.0
1998-02-19T12:00:00Z,3.525,73.475,0.0
1998-02-19T12:00:00Z,3.525,73.525,0.0
1998-02-19T12:00:00Z,3.525,73.575,0.0
1998-02-19T12:00:00Z,3.525,73.625,0.0
1998-02-19T12:00:00Z,3.475,73.375,0.0
1998-02-19T12:00:00Z,3.475,73.425,0.0
1998-02-19T12:00:00Z,3.475,73.475,0.0
1998-02-19T12:00:00Z,3.475,73.525,0.0
1998-02-19T12:00:00Z,3.475,73.575,0.0
1998-02-19T12:00:00Z,3.475,73.625,0.0
1998-02-19T12:00:00Z,3.425,73.375,0.0
1998-02-19T12:00:00Z,3.425,73.425,0.0
1998-02-19T12:00:00Z,3.425,73.475,0.0
1998-02-19T12:00:00Z,3.425,73.525,0.0
1998-02-19T12:00:00Z,3.425,73.575,0.0
1998-02-19T12:00:00Z,3.425,73.625,0.0
1998-02-19T12:00:00Z,3.375,73.375,0.0
1998-02-19T12:00:00Z,3.375,73.425,0.0
1998-02-19T12:00:00Z,3.375,73.475,0.0
1998-02-19T12:00:00Z,3.375,73.525,0.0
1998-02-19T12:00:00Z,3.375,73.575,0.0
1998-02-19T12:00:00Z,3.375,73.625,0.0
1998-02-19T12:00:00Z,3.325,73.375,0.0
1998-02-19T12:00:00Z,3.325,73.425,0.0
1998-02-19T12:00:00Z,3.325,73.475,0.0
1998-02-19T12:00:00Z,3.325,73.525,0.0
1998-02-19T12:00:00Z,3.325,73.575,0.0
1998-02-19T12:00:00Z,3.325,73.625,0.0
1998-03-21T12:00:00Z,3.675,73.375,0.0
1998-03-21T12:00:00Z,3.675,73.425,0.0
1998-03-21T12:00:00Z,3.675,73.475,0.0
1998-03-21T12:00:00Z,3.675,73.525,0.0
1998-03-21T12:00:00Z,3.675,73.575,0.0
1998-03-21T12:00:00Z,3.675,73.625,0.0
1998-03-21T12:00:00Z,3.625,73.375,0.0
1998-03-21T12:00:00Z,3.625,73.425,0.0
1998-03-21T12:00:00Z,3.625,73.475,0.0
1998-03-21T12:00:00Z,3.625,73.525,0.0
1998-03-21T12:00:00Z,3.625,73.575,0.0
1998-03-21T12:00:00Z,3.625,73.625,0.0
1998-03-21T12:00:00Z,3.575,73.375,0.0
1998-03-21T12:00:00Z,3.575,73.425,0.0
1998-03-21T12:00:00Z,3.575,73.475,0.0
1998-03-21T12:00:00Z,3.575,73.525,0.0
1998-03-21T12:00:00Z,3.575,73.575,0.0
1998-03-21T12:00:00Z,3.575,73.625,0.0
1998-03-21T12:00:00Z,3.525,73.375,0.0
1998-03-21T12:00:00Z,3.525,73.425,0.0
1998-03-21T12:00:00Z,3.525,73.475,0.0
1998-03-21T12:00:00Z,3.525,73.525,0.0
1998-03-21T12:00:00Z,3.525,73.575,0.0
1998-03-21T12:00:00Z,3.525,73.625,0.0
1998-03-21T12:00:00Z,3.475,73.375,0.0
1998-03-21T12:00:00Z,3.475,73.425,0.0
1998-03-21T12:00:00Z,3.475,73.475,0.0
1998-03-21T12:00:00Z,3.475,73.525,0.0
1998-03-21T12:00:00Z,3.475,73.575,0.0
1998-03-21T12:00:00Z,3.475,73.625,0.0
1998-03-21T12:00:00Z,3.425,73.375,0.0
1998-03-21T12:00:00Z,3.425,73.425,0.0
1998-03-21T12:00:00Z,3.425,73.475,0.0
1998-03-21T12:00:00Z,3.425,73.525,0.0
1998-03-21T12:00:00Z,3.425,73.575,0.0
1998-03-21T12:00:00Z,3.425,73.625,0.0
1998-03-21T12:00:00Z,3.375,73.375,0.0
1998-03-21T12:00:00Z,3.375,73.425,0.0
1998-03-21T12:00:00Z,3.375,73.475,0.0
1998-03-21T12:00:00Z,3.375,73.525,0.0
1998-03-21T12:00:00Z,3.375,73.575,0.0
1998-03-21T12:00:00Z,3.375,73.625,0.0
1998-03-21T12:00:00Z,3.325,73.375,0.0
1998-03-21T12:00:00Z,3.325,73.425,0.0
1998-03-21T12:00:00Z,3.325,73.475,0.0
1998-03-21T12:00:00Z,3.325,73.525,0.0
1998-03-21T12:00:00Z,3.325,73.575,0.0
1998-03-21T12:00:00Z,3.325,73.625,0.0
1998-04-20T12:00:00Z,3.675,73.375,0.29
1998-04-20T12:00:00Z,3.675,73.425,0.29
1998-04-20T12:00:00Z,3.675,73.475,0.15
1998-04-20T12:00:00Z,3.675,73.525,0.15
1998-04-20T12:00:00Z,3.675,73.575,0.15
1998-04-20T12:00:00Z,3.675,73.625,0.16
1998-04-20T12:00:00Z,3.625,73.375,0.15
1998-04-20T12:00:00Z,3.625,73.425,0.15
1998-04-20T12:00:00Z,3.625,73.475,0.15
1998-04-20T12:00:00Z,3.625,73.525,0.15
1998-04-20T12:00:00Z,3.625,73.575,0.15
1998-04-20T12:00:00Z,3.625,73.625,0.16
1998-04-20T12:00:00Z,3.575,73.375,0.15
1998-04-20T12:00:00Z,3.575,73.425,0.15
1998-04-20T12:00:00Z,3.575,73.475,0.15
1998-04-20T12:00:00Z,3.575,73.525,0.16
1998-04-20T12:00:00Z,3.575,73.575,0.16
1998-04-20T12:00:00Z,3.575,73.625,0.16
1998-04-20T12:00:00Z,3.525,73.375,0.15
1998-04-20T12:00:00Z,3.525,73.425,0.15
1998-04-20T12:00:00Z,3.525,73.475,0.16
1998-04-20T12:00:00Z,3.525,73.525,0.16
1998-04-20T12:00:00Z,3.525,73.575,0.16
1998-04-20T12:00:00Z,3.525,73.625,0.16
1998-04-20T12:00:00Z,3.475,73.375,0.15
1998-04-20T12:00:00Z,3.475,73.425,0.16
1998-04-20T12:00:00Z,3.475,73.475,0.16
1998-04-20T12:00:00Z,3.475,73.525,0.16
1998-04-20T12:00:00Z,3.475,73.575,0.16
1998-04-20T12:00:00Z,3.475,73.625,0.16
1998-04-20T12:00:00Z,3.425,73.375,0.15
1998-04-20T12:00:00Z,3.425,73.425,0.16
1998-04-20T12:00:00Z,3.425,73.475,0.16
1998-04-20T12:00:00Z,3.425,73.525,0.16
1998-04-20T12:00:00Z,3.425,73.575,0.16
1998-04-20T12:00:00Z,3.425,73.625,0.16
1998-04-20T12:00:00Z,3.375,73.375,0.16
1998-04-20T12:00:00Z,3.375,73.425,0.16
1998-04-20T12:00:00Z,3.375,73.475,0.16
1998-04-20T12:00:00Z,3.375,73.525,0.16
1998-04-20T12:00:00Z,3.375,73.575,0.16
1998-04-20T12:00:00Z,3.375,73.625,0.16
1998-04-20T12:00:00Z,3.325,73.375,0.16
1998-04-20T12:00:00Z,3.325,73.425,0.16
1998-04-20T12:00:00Z,3.325,73.475,0.16
1998-04-20T12:00:00Z,3.325,73.525,0.16
1998-04-20T12:00:00Z,3.325,73.575,0.16
1998-04-20T12:00:00Z,3.325,73.625,0.16
1998-05-20T12:00:00Z,3.675,73.375,5.59
1998-05-20T12:00:00Z,3.675,73.425,5.5200000000000005
1998-05-20T12:00:00Z,3.675,73.475,5.34
1998-05-20T12:00:00Z,3.675,73.525,5.36
1998-05-20T12:00:00Z,3.675,73.575,5.34
1998-05-20T12:00:00Z,3.675,73.625,5.34
1998-05-20T12:00:00Z,3.625,73.375,5.3500000000000005
1998-05-20T12:00:00Z,3.625,73.425,5.3
1998-05-20T12:00:00Z,3.625,73.475,5.29
1998-05-20T12:00:00Z,3.625,73.525,5.28
1998-05-20T12:00:00Z,3.625,73.575,5.13
1998-05-20T12:00:00Z,3.625,73.625,5.17
1998-05-20T12:00:00Z,3.575,73.375,5.28
1998-05-20T12:00:00Z,3.575,73.425,5.22
1998-05-20T12:00:00Z,3.575,73.475,4.91
1998-05-20T12:00:00Z,3.575,73.525,5.07
1998-05-20T12:00:00Z,3.575,73.575,4.94
1998-05-20T12:00:00Z,3.575,73.625,4.95
1998-05-20T12:00:00Z,3.525,73.375,5.0200000000000005
1998-05-20T12:00:00Z,3.525,73.425,4.83
1998-05-20T12:00:00Z,3.525,73.475,4.8500000000000005
1998-05-20T12:00:00Z,3.525,73.525,4.84
1998-05-20T12:00:00Z,3.525,73.575,4.9
1998-05-20T12:00:00Z,3.525,73.625,4.92
1998-05-20T12:00:00Z,3.475,73.375,4.8100000000000005
1998-05-20T12:00:00Z,3.475,73.425,4.66
1998-05-20T12:00:00Z,3.475,73.475,4.64
1998-05-20T12:00:00Z,3.475,73.525,4.79
1998-05-20T12:00:00Z,3.475,73.575,4.66
1998-05-20T12:00:00Z,3.475,73.625,4.55
1998-05-20T12:00:00Z,3.425,73.375,4.74
1998-05-20T12:00:00Z,3.425,73.425,4.57
1998-05-20T12:00:00Z,3.425,73.475,4.58
1998-05-20T12:00:00Z,3.425,73.525,4.46
1998-05-20T12:00:00Z,3.425,73.575,4.48
1998-05-20T12:00:00Z,3.425,73.625,4.5200000000000005
1998-05-20T12:00:00Z,3.375,73.375,4.54
1998-05-20T12:00:00Z,3.375,73.425,4.5600000000000005
1998-05-20T12:00:00Z,3.375,73.475,4.41
1998-05-20T12:00:00Z,3.375,73.525,4.2700000000000005
1998-05-20T12:00:00Z,3.375,73.575,4.44
1998-05-20T12:00:00Z,3.375,73.625,4.47
1998-05-20T12:00:00Z,3.325,73.375,4.51
1998-05-20T12:00:00Z,3.325,73.425,4.3500000000000005
1998-05-20T12:00:00Z,3.325,73.475,4.23
1998-05-20T12:00:00Z,3.325,73.525,4.21
1998-05-20T12:00:00Z,3.325,73.575,4.28
1998-05-20T12:00:00Z,3.325,73.625,4.45
1998-06-19T12:00:00Z,3.675,73.375,5.59
1998-06-19T12:00:00Z,3.675,73.425,5.5200000000000005
1998-06-19T12:00:00Z,3.675,73.475,5.34
1998-06-19T12:00:00Z,3.675,73.525,5.36
1998-06-19T12:00:00Z,3.675,73.575,5.34
1998-06-19T12:00:00Z,3.675,73.625,5.34
1998-06-19T12:00:00Z,3.625,73.375,5.3500000000000005
1998-06-19T12:00:00Z,3.625,73.425,5.3
1998-06-19T12:00:00Z,3.625,73.475,5.29
1998-06-19T12:00:00Z,3.625,73.525,5.28
1998-06-19T12:00:00Z,3.625,73.575,5.13
1998-06-19T12:00:00Z,3.625,73.625,5.17
1998-06-19T12:00:00Z,3.575,73.375,5.28
1998-06-19T12:00:00Z,3.575,73.425,5.22
1998-06-19T12:00:00Z,3.575,73.475,4.91
1998-06-19T12:00:00Z,3.575,73.525,5.07
1998-06-19T12:00:00Z,3.575,73.575,4.94
1998-06-19T12:00:00Z,3.575,73.625,4.95
1998-06-19T12:00:00Z,3.525,73.375,5.0200000000000005
1998-06-19T12:00:00Z,3.525,73.425,4.83
1998-06-19T12:00:00Z,3.525,73.475,4.8500000000000005
1998-06-19T12:00:00Z,3.525,73.525,4.84
1998-06-19T12:00:00Z,3.525,73.575,4.9
1998-06-19T12:00:00Z,3.525,73.625,4.92
1998-06-19T12:00:00Z,3.475,73.375,4.8100000000000005
1998-06-19T12:00:00Z,3.475,73.425,4.66
1998-06-19T12:00:00Z,3.475,73.475,4.64
1998-06-19T12:00:00Z,3.475,73.525,4.79
1998-06-19T12:00:00Z,3.475,73.575,4.66
1998-06-19T12:00:00Z,3.475,73.625,4.55
1998-06-19T12:00:00Z,3.425,73.375,4.74
1998-06-19T12:00:00Z,3.425,73.425,4.57
1998-06-19T12:00:00Z,3.425,73.475,4.58
1998-06-19T12:00:00Z,3.425,73.525,4.46
1998-06-19T12:00:00Z,3.425,73.575,4.48
1998-06-19T12:00:00Z,3.425,73.625,4.5200000000000005
1998-06-19T12:00:00Z,3.375,73.375,4.54
1998-06-19T12:00:00Z,3.375,73.425,4.5600000000000005
1998-06-19T12:00:00Z,3.375,73.475,4.41
1998-06-19T12:00:00Z,3.375,73.525,4.2700000000000005
1998-06-19T12:00:00Z,3.375,73.575,4.44
1998-06-19T12:00:00Z,3.375,73.625,4.47
1998-06-19T12:00:00Z,3.325,73.375,4.51
1998-06-19T12:00:00Z,3.325,73.425,4.3500000000000005
1998-06-19T12:00:00Z,3.325,73.475,4.23
1998-06-19T12:00:00Z,3.325,73.525,4.21
1998-06-19T12:00:00Z,3.325,73.575,4.28
1998-06-19T12:00:00Z,3.325,73.625,4.45
1998-07-19T12:00:00Z,3.675,73.375,4.2
1998-07-19T12:00:00Z,3.675,73.425,4.14
1998-07-19T12:00:00Z,3.675,73.475,4.09
1998-07-19T12:00:00Z,3.675,73.525,4.09
1998-07-19T12:00:00Z,3.675,73.575,4.05
1998-07-19T12:00:00Z,3.675,73.625,4.04
1998-07-19T12:00:00Z,3.625,73.375,4.11
1998-07-19T12:00:00Z,3.625,73.425,4.05
1998-07-19T12:00:00Z,3.625,73.475,4.03
1998-07-19T12:00:00Z,3.625,73.525,4.0
1998-07-19T12:00:00Z,3.625,73.575,3.84
1998-07-19T12:00:00Z,3.625,73.625,3.85
1998-07-19T12:00:00Z,3.575,73.375,4.03
1998-07-19T12:00:00Z,3.575,73.425,3.96
1998-07-19T12:00:00Z,3.575,73.475,3.63
1998-07-19T12:00:00Z,3.575,73.525,3.7800000000000002
1998-07-19T12:00:00Z,3.575,73.575,3.63
1998-07-19T12:00:00Z,3.575,73.625,3.63
1998-07-19T12:00:00Z,3.525,73.375,3.77
1998-07-19T12:00:00Z,3.525,73.425,3.5700000000000003
1998-07-19T12:00:00Z,3.525,73.475,3.56
1998-07-19T12:00:00Z,3.525,73.525,3.54
1998-07-19T12:00:00Z,3.525,73.575,3.5700000000000003
1998-07-19T12:00:00Z,3.525,73.625,3.58
1998-07-19T12:00:00Z,3.475,73.375,3.54
1998-07-19T12:00:00Z,3.475,73.425,3.37
1998-07-19T12:00:00Z,3.475,73.475,3.35
1998-07-19T12:00:00Z,3.475,73.525,3.48
1998-07-19T12:00:00Z,3.475,73.575,3.35
1998-07-19T12:00:00Z,3.475,73.625,3.22
1998-07-19T12:00:00Z,3.425,73.375,3.47
1998-07-19T12:00:00Z,3.425,73.425,3.2800000000000002
1998-07-19T12:00:00Z,3.425,73.475,3.2800000000000002
1998-07-19T12:00:00Z,3.425,73.525,3.15
1998-07-19T12:00:00Z,3.425,73.575,3.16
1998-07-19T12:00:00Z,3.425,73.625,3.19
1998-07-19T12:00:00Z,3.375,73.375,3.2600000000000002
1998-07-19T12:00:00Z,3.375,73.425,3.27
1998-07-19T12:00:00Z,3.375,73.475,3.11
1998-07-19T12:00:00Z,3.375,73.525,2.97
1998-07-19T12:00:00Z,3.375,73.575,3.12
1998-07-19T12:00:00Z,3.375,73.625,3.15
1998-07-19T12:00:00Z,3.325,73.375,3.23
1998-07-19T12:00:00Z,3.325,73.425,3.06
1998-07-19T12:00:00Z,3.325,73.475,2.93
1998-07-19T12:00:00Z,3.325,73.525,2.92
1998-07-19T12:00:00Z,3.325,73.575,2.96
1998-07-19T12:00:00Z,3.325,73.625,3.13
1998-08-18T12:00:00Z,3.675,73.375,0.0
1998-08-18T12:00:00Z,3.675,73.425,0.0
1998-08-18T12:00:00Z,3.675,73.475,0.0
1998-08-18T12:00:00Z,3.675,73.525,0.0
1998-08-18T12:00:00Z,3.675,73.575,0.0
1998-08-18T12:00:00Z,3.675,73.625,0.0
1998-08-18T12:00:00Z,3.625,73.375,0.0
1998-08-18T12:00:00Z,3.625,73.425,0.0
1998-08-18T12:00:00Z,3.625,73.475,0.0
1998-08-18T12:00:00Z,3.625,73.525,0.0
1998-08-18T12:00:00Z,3.625,73.575,0.0
1998-08-18T12:00:00Z,3.625,73.625,0.0
1998-08-18T12:00:00Z,3.575,73.375,0.0
1998-08-18T12:00:00Z,3.575,73.425,0.0
1998-08-18T12:00:00Z,3.575,73.475,0.0
1998-08-18T12:00:00Z,3.575,73.525,0.0
1998-08-18T12:00:00Z,3.575,73.575,0.0
1998-08-18T12:00:00Z,3.575,73.625,0.0
1998-08-18T12:00:00Z,3.525,73.375,0.0
1998-08-18T12:00:00Z,3.525,73.425,0.0
1998-08-18T12:00:00Z,3.525,73.475,0.0
1998-08-18T12:00:00Z,3.525,73.525,0.0
1998-08-18T12:00:00Z,3.525,73.575,0.0
1998-08-18T12:00:00Z,3.525,73.625,0.0
1998-08-18T12:00:00Z,3.475,73.375,0.0
1998-08-18T12:00:00Z,3.475,73.425,0.0
1998-08-18T12:00:00Z,3.475,73.475,0.0
1998-08-18T12:00:00Z,3.475,73.525,0.0
1998-08-18T12:00:00Z,3.475,73.575,0.0
1998-08-18T12:00:00Z,3.475,73.625,0.0
1998-08-18T12:00:00Z,3.425,73.375,0.0
1998-08-18T12:00:00Z,3.425,73.425,0.0
1998-08-18T12:00:00Z,3.425,73.475,0.0
1998-08-18T12:00:00Z,3.425,73.525,0.0
1998-08-18T12:00:00Z,3.425,73.575,0.0
1998-08-18T12:00:00Z,3.425,73.625,0.0
1998-08-18T12:00:00Z,3.375,73.375,0.0
1998-08-18T12:00:00Z,3.375,73.425,0.0
1998-08-18T12:00:00Z,3.375,73.475,0.0
1998-08-18T12:00:00Z,3.375,73.525,0.0
1998-08-18T12:00:00Z,3.375,73.575,0.0
1998-08-18T12:00:00Z,3.375,73.625,0.0
1998-08-18T12:00:00Z,3.325,73.375,0.0
1998-08-18T12:00:00Z,3.325,73.425,0.0
1998-08-18T12:00:00Z,3.325,73.475,0.0
1998-08-18T12:00:00Z,3.325,73.525,0.0
1998-08-18T12:00:00Z,3.325,73.575,0.0
1998-08-18T12:00:00Z,3.325,73.625,0.0
1998-09-17T12:00:00Z,3.675,73.375,0.0
1998-09-17T12:00:00Z,3.675,73.425,0.0
1998-09-17T12:00:00Z,3.675,73.475,0.0
1998-09-17T12:00:00Z,3.675,73.525,0.0
1998-09-17T12:00:00Z,3.675,73.575,0.0
1998-09-17T12:00:00Z,3.675,73.625,0.0
1998-09-17T12:00:00Z,3.625,73.375,0.0
1998-09-17T12:00:00Z,3.625,73.425,0.0
1998-09-17T12:00:00Z,3.625,73.475,0.0
1998-09-17T12:00:00Z,3.625,73.525,0.0
1998-09-17T12:00:00Z,3.625,73.575,0.0
1998-09-17T12:00:00Z,3.625,73.625,0.0
1998-09-17T12:00:00Z,3.575,73.375,0.0
1998-09-17T12:00:00Z,3.575,73.425,0.0
1998-09-17T12:00:00Z,3.575,73.475,0.0
1998-09-17T12:00:00Z,3.575,73.525,0.0
1998-09-17T12:00:00Z,3.575,73.575,0.0
1998-09-17T12:00:00Z,3.575,73.625,0.0
1998-09-17T12:00:00Z,3.525,73.375,0.0
1998-09-17T12:00:00Z,3.525,73.425,0.0
1998-09-17T12:00:00Z,3.525,73.475,0.0
1998-09-17T12:00:00Z,3.525,73.525,0.0
1998-09-17T12:00:00Z,3.525,73.575,0.0
1998-09-17T12:00:00Z,3.525,73.625,0.0
1998-09-17T12:00:00Z,3.475,73.375,0.0
1998-09-17T12:00:00Z,3.475,73.425,0.0
1998-09-17T12:00:00Z,3.475,73.475,0.0
1998-09-17T12:00:00Z,3.475,73.525,0.0
1998-09-17T12:00:00Z,3.475,73.575,0.0
1998-09-17T12:00:00Z,3.475,73.625,0.0
1998-09-17T12:00:00Z,3.425,73.375,0.0
1998-09-17T12:00:00Z,3.425,73.425,0.0
1998-09-17T12:00:00Z,3.425,73.475,0.0
1998-09-17T12:00:00Z,3.425,73.525,0.0
1998-09-17T12:00:00Z,3.425,73.575,0.0
1998-09-17T12:00:00Z,3.425,73.625,0.0
1998-09-17T12:00:00Z,3.375,73.375,0.0
1998-09-17T12:00:00Z,3.375,73.425,0.0
1998-09-17T12:00:00Z,3.375,73.475,0.0
1998-09-17T12:00:00Z,3.375,73.525,0.0
1998-09-17T12:00:00Z,3.375,73.575,0.0
1998-09-17T12:00:00Z,3.375,73.625,0.0
1998-09-17T12:00:00Z,3.325,73.375,0.0
1998-09-17T12:00:00Z,3.325,73.425,0.0
1998-09-17T12:00:00Z,3.325,73.475,0.0
1998-09-17T12:00:00Z,3.325,73.525,0.0
1998-09-17T12:00:00Z,3.325,73.575,0.0
1998-09-17T12:00:00Z,3.325,73.625,0.0
1998-10-17T12:00:00Z,3.675,73.375,0.0
1998-10-17T12:00:00Z,3.675,73.425,0.0
1998-10-17T12:00:00Z,3.675,73.475,0.0
1998-10-17T12:00:00Z,3.675,73.525,0.0
1998-10-17T12:00:00Z,3.675,73.575,0.0
1998-10-17T12:00:00Z,3.675,73.625,0.0
1998-10-17T12:00:00Z,3.625,73.375,0.0
1998-10-17T12:00:00Z,3.625,73.425,0.0
1998-10-17T12:00:00Z,3.625,73.475,0.0
1998-10-17T12:00:00Z,3.625,73.525,0.0
1998-10-17T12:00:00Z,3.625,73.575,0.0
1998-10-17T12:00:00Z,3.625,73.625,0.0
1998-10-17T12:00:00Z,3.575,73.375,0.0
1998-10-17T12:00:00Z,3.575,73.425,0.0
1998-10-17T12:00:00Z,3.575,73.475,0.0
1998-10-17T12:00:00Z,3.575,73.525,0.0
1998-10-17T12:00:00Z,3.575,73.575,0.0
1998-10-17T12:00:00Z,3.575,73.625,0.0
1998-10-17T12:00:00Z,3.525,73.375,0.0
1998-10-17T12:00:00Z,3.525,73.425,0.0
1998-10-17T12:00:00Z,3.525,73.475,0.0
1998-10-17T12:00:00Z,3.525,73.525,0.0
1998-10-17T12:00:00Z,3.525,73.575,0.0
1998-10-17T12:00:00Z,3.525,73.625,0.0
1998-10-17T12:00:00Z,3.475,73.375,0.0
1998-10-17T12:00:00Z,3.475,73.425,0.0
1998-10-17T12:00:00Z,3.475,73.475,0.0
1998-10-17T12:00:00Z,3.475,73.525,0.0
1998-10-17T12:00:00Z,3.475,73.575,0.0
1998-10-17T12:00:00Z,3.475,73.625,0.0
1998-10-17T12:00:00Z,3.425,73.375,0.0
1998-10-17T12:00:00Z,3.425,73.425,0.0
1998-10-17T12:00:00Z,3.425,73.475,0.0
1998-10-17T12:00:00Z,3.425,73.525,0.0
1998-10-17T12:00:00Z,3.425,73.575,0.0
1998-10-17T12:00:00Z,3.425,73.625,0.0
1998-10-17T12:00:00Z,3.375,73.375,0.0
1998-10-17T12:00:00Z,3.375,73.425,0.0
1998-10-17T12:00:00Z,3.375,73.475,0.0
1998-10-17T12:00:00Z,3.375,73.525,0.0
1998-10-17T12:00:00Z,3.375,73.575,0.0
1998-10-17T12:00:00Z,3.375,73.625,0.0
1998-10-17T12:00:00Z,3.325,73.375,0.0
1998-10-17T12:00:00Z,3.325,73.425,0.0
1998-10-17T12:00:00Z,3.325,73.475,0.0
1998-10-17T12:00:00Z,3.325,73.525,0.0
1998-10-17T12:00:00Z,3.325,73.575,0.0
1998-10-17T12:00:00Z,3.325,73.625,0.0
1998-11-16T12:00:00Z,3.675,73.375,0.0
1998-11-16T12:00:00Z,3.675,73.425,0.0
1998-11-16T12:00:00Z,3.675,73.475,0.0
1998-11-16T12:00:00Z,3.675,73.525,0.0
1998-11-16T12:00:00Z,3.675,73.575,0.0
1998-11-16T12:00:00Z,3.675,73.625,0.0
1998-11-16T12:00:00Z,3.625,73.375,0.0
1998-11-16T12:00:00Z,3.625,73.425,0.0
1998-11-16T12:00:00Z,3.625,73.475,0.0
1998-11-16T12:00:00Z,3.625,73.525,0.0
1998-11-16T12:00:00Z,3.625,73.575,0.0
1998-11-16T12:00:00Z,3.625,73.625,0.0
1998-11-16T12:00:00Z,3.575,73.375,0.0
1998-11-16T12:00:00Z,3.575,73.425,0.0
1998-11-16T12:00:00Z,3.575,73.475,0.0
1998-11-16T12:00:00Z,3.575,73.525,0.0
1998-11-16T12:00:00Z,3.575,73.575,0.0
1998-11-16T12:00:00Z,3.575,73.625,0.0
1998-11-16T12:00:00Z,3.525,73.375,0.0
1998-11-16T12:00:00Z,3.525,73.425,0.0
1998-11-16T12:00:00Z,3.525,73.475,0.0
1998-11-16T12:00:00Z,3.525,73.525,0.0
1998-11-16T12:00:00Z,3.525,73.575,0.0
1998-11-16T12:00:00Z,3.525,73.625,0.0
1998-11-16T12:00:00Z,3.475,73.375,0.0
1998-11-16T12:00:00Z,3.475,73.425,0.0
1998-11-16T12:00:00Z,3.475,73.475,0.0
1998-11-16T12:00:00Z,3.475,73.525,0.0
1998-11-16T12:00:00Z,3.475,73.575,0.0
1998-11-16T12:00:00Z,3.475,73.625,0.0
1998-11-16T12:00:00Z,3.425,73.375,0.0
1998-11-16T12:00:00Z,3.425,73.425,0.0
1998-11-16T12:00:00Z,3.425,73.475,0.0
1998-11-16T12:00:00Z,3.425,73.525,0.0
1998-11-16T12:00:00Z,3.425,73.575,0.0
1998-11-16T12:00:00Z,3.425,73.625,0.0
1998-11-16T12:00:00Z,3.375,73.375,0.0
1998-11-16T12:00:00Z,3.375,73.425,0.0
1998-11-16T12:00:00Z,3.375,73.475,0.0
1998-11-16T12:00:00Z,3.375,73.525,0.0
1998-11-16T12:00:00Z,3.375,73.575,0.0
1998-11-16T12:00:00Z,3.375,73.625,0.0
1998-11-16T12:00:00Z,3.325,73.375,0.0
1998-11-16T12:00:00Z,3.325,73.425,0.0
1998-11-16T12:00:00Z,3.325,73.475,0.0
1998-11-16T12:00:00Z,3.325,73.525,0.0
1998-11-16T12:00:00Z,3.325,73.575,0.0
1998-11-16T12:00:00Z,3.325,73.625,0.0
1998-12-16T12:00:00Z,3.675,73.375,0.0
1998-12-16T12:00:00Z,3.675,73.425,0.0
1998-12-16T12:00:00Z,3.675,73.475,0.0
1998-12-16T12:00:00Z,3.675,73.525,0.0
1998-12-16T12:00:00Z,3.675,73.575,0.0
1998-12-16T12:00:00Z,3.675,73.625,0.0
1998-12-16T12:00:00Z,3.625,73.375,0.0
1998-12-16T12:00:00Z,3.625,73.425,0.0
1998-12-16T12:00:00Z,3.625,73.475,0.0
1998-12-16T12:00:00Z,3.625,73.525,0.0
1998-12-16T12:00:00Z,3.625,73.575,0.0
1998-12-16T12:00:00Z,3.625,73.625,0.0
1998-12-16T12:00:00Z,3.575,73.375,0.0
1998-12-16T12:00:00Z,3.575,73.425,0.0
1998-12-16T12:00:00Z,3.575,73.475,0.0
1998-12-16T12:00:00Z,3.575,73.525,0.0
1998-12-16T12:00:00Z,3.575,73.575,0.0
1998-12-16T12:00:00Z,3.575,73.625,0.0
1998-12-16T12:00:00Z,3.525,73.375,0.0
1998-12-16T12:00:00Z,3.525,73.425,0.0
1998-12-16T12:00:00Z,3.525,73.475,0.0
1998-12-16T12:00:00Z,3.525,73.525,0.0
1998-12-16T12:00:00Z,3.525,73.575,0.0
1998-12-16T12:00:00Z,3.525,73.625,0.0
1998-12-16T12:00:00Z,3.475,73.375,0.0
1998-12-16T12:00:00Z,3.475,73.425,0.0
1998-12-16T12:00:00Z,3.475,73.475,0.0
1998-12-16T12:00:00Z,3.475,73.525,0.0
1998-12-16T12:00:00Z,3.475,73.575,0.0
1998-12-16T12:00:00Z,3.475,73.625,0.0
1998-12-16T12:00:00Z,3.425,73.375,0.0
1998-12-16T12:00:00Z,3.425,73.425,0.0
1998-12-16T12:00:00Z,3.425,73.475,0.0
1998-12-16T12:00:00Z,3.425,73.525,0.0
1998-12-16T12:00:00Z,3.425,73.575,0.0
1998-12-16T12:00:00Z,3.425,73.625,0.0
1998-12-16T12:00:00Z,3.375,73.375,0.0
1998-12-16T12:00:00Z,3.375,73.425,0.0
1998-12-16T12:00:00Z,3.375,73.475,0.0
1998-12-16T12:00:00Z,3.375,73.525,0.0
1998-12-16T12:00:00Z,3.375,73.575,0.0
1998-12-16T12:00:00Z,3.375,73.625,0.0
1998-12-16T12:00:00Z,3.325,73.375,0.0
1998-12-16T12:00:00Z,3.325,73.425,0.0
1998-12-16T12:00:00Z,3.325,73.475,0.0
1998-12-16T12:00:00Z,3.325,73.525,0.0
1998-12-16T12:00:00Z,3.325,73.575,0.0
1998-12-16T12:00:00Z,3.325,73.625,0.0
1999-01-15T12:00:00Z,3.675,73.375,0.0
1999-01-15T12:00:00Z,3.675,73.425,0.0
1999-01-15T12:00:00Z,3.675,73.475,0.0
1999-01-15T12:00:00Z,3.675,73.525,0.0
1999-01-15T12:00:00Z,3.675,73.575,0.0
1999-01-15T12:00:00Z,3.675,73.625,0.0
1999-01-15T12:00:00Z,3.625,73.375,0.0
1999-01-15T12:00:00Z,3.625,73.425,0.0
1999-01-15T12:00:00Z,3.625,73.475,0.0
1999-01-15T12:00:00Z,3.625,73.525,0.0
1999-01-15T12:00:00Z,3.625,73.575,0.0
1999-01-15T12:00:00Z,3.625,73.625,0.0
1999-01-15T12:00:00Z,3.575,73.375,0.0
1999-01-15T12:00:00Z,3.575,73.425,0.0
1999-01-15T12:00:00Z,3.575,73.475,0.0
1999-01-15T12:00:00Z,3.575,73.525,0.0
1999-01-15T12:00:00Z,3.575,73.575,0.0
1999-01-15T12:00:00Z,3.575,73.625,0.0
1999-01-15T12:00:00Z,3.525,73.375,0.0
1999-01-15T12:00:00Z,3.525,73.425,0.0
1999-01-15T12:00:00Z,3.525,73.475,0.0
1999-01-15T12:00:00Z,3.525,73.525,0.0
1999-01-15T12:00:00Z,3.525,73.575,0.0
1999-01-15T12:00:00Z,3.525,73.625,0.0
1999-01-15T12:00:00Z,3.475,73.375,0.0
1999-01-15T12:00:00Z,3.475,73.425,0.0
1999-01-15T12:00:00Z,3.475,73.475,0.0
1999-01-15T12:00:00Z,3.475,73.525,0.0
1999-01-15T12:00:00Z,3.475,73.575,0.0
1999-01-15T12:00:00Z,3.475,73.625,0.0
1999-01-15T12:00:00Z,3.425,73.375,0.0
1999-01-15T12:00:00Z,3.425,73.425,0.0
1999-01-15T12:00:00Z,3.425,73.475,0.0
1999-01-15T12:00:00Z,3.425,73.525,0.0
1999-01-15T12:00:00Z,3.425,73.575,0.0
1999-01-15T12:00:00Z,3.425,73.625,0.0
1999-01-15T12:00:00Z,3.375,73.375,0.0
1999-01-15T12:00:00Z,3.375,73.425,0.0
1999-01-15T12:00:00Z,3.375,73.475,0.0
1999-01-15T12:00:00Z,3.375,73.525,0.0
1999-01-15T12:00:00Z,3.375,73.575,0.0
1999-01-15T12:00:00Z,3.375,73.625,0.0
1999-01-15T12:00:00Z,3.325,73.375,0.0
1999-01-15T12:00:00Z,3.325,73.425,0.0
1999-01-15T12:00:00Z,3.325,73.475,0.0
1999-01-15T12:00:00Z,3.325,73.525,0.0
1999-01-15T12:00:00Z,3.325,73.575,0.0
1999-01-15T12:00:00Z,3.325,73.625,0.0
1999-02-14T12:00:00Z,3.675,73.375,0.0
1999-02-14T12:00:00Z,3.675,73.425,0.0
1999-02-14T12:00:00Z,3.675,73.475,0.0
1999-02-14T12:00:00Z,3.675,73.525,0.0
1999-02-14T12:00:00Z,3.675,73.575,0.0
1999-02-14T12:00:00Z,3.675,73.625,0.0
1999-02-14T12:00:00Z,3.625,73.375,0.0
1999-02-14T12:00:00Z,3.625,73.425,0.0
1999-02-14T12:00:00Z,3.625,73.475,0.0
1999-02-14T12:00:00Z,3.625,73.525,0.0
1999-02-14T12:00:00Z,3.625,73.575,0.0
1999-02-14T12:00:00Z,3.625,73.625,0.0
1999-02-14T12:00:00Z,3.575,73.375,0.0
1999-02-14T12:00:00Z,3.575,73.425,0.0
1999-02-14T12:00:00Z,3.575,73.475,0.0
1999-02-14T12:00:00Z,3.575,73.525,0.0
1999-02-14T12:00:00Z,3.575,73.575,0.0
1999-02-14T12:00:00Z,3.575,73.625,0.0
1999-02-14T12:00:00Z,3.525,73.375,0.0
1999-02-14T12:00:00Z,3.525,73.425,0.0
1999-02-14T12:00:00Z,3.525,73.475,0.0
1999-02-14T12:00:00Z,3.525,73.525,0.0
1999-02-14T12:00:00Z,3.525,73.575,0.0
1999-02-14T12:00:00Z,3.525,73.625,0.0
1999-02-14T12:00:00Z,3.475,73.375,0.0
1999-02-14T12:00:00Z,3.475,73.425,0.0
1999-02-14T12:00:00Z,3.475,73.475,0.0
1999-02-14T12:00:00Z,3.475,73.525,0.0
1999-02-14T12:00:00Z,3.475,73.575,0.0
1999-02-14T12:00:00Z,3.475,73.625,0.0
1999-02-14T12:00:00Z,3.425,73.375,0.0
1999-02-14T12:00:00Z,3.425,73.425,0.0
1999-02-14T12:00:00Z,3.425,73.475,0.0
1999-02-14T12:00:00Z,3.425,73.525,0.0
1999-02-14T12:00:00Z,3.425,73.575,0.0
1999-02-14T12:00:00Z,3.425,73.625,0.0
1999-02-14T12:00:00Z,3.375,73.375,0.0
1999-02-14T12:00:00Z,3.375,73.425,0.0
1999-02-14T12:00:00Z,3.375,73.475,0.0
1999-02-14T12:00:00Z,3.375,73.525,0.0
1999-02-14T12:00:00Z,3.375,73.575,0.0
1999-02-14T12:00:00Z,3.375,73.625,0.0
1999-02-14T12:00:00Z,3.325,73.375,0.0
1999-02-14T12:00:00Z,3.325,73.425,0.0
1999-02-14T12:00:00Z,3.325,73.475,0.0
1999-02-14T12:00:00Z,3.325,73.525,0.0
1999-02-14T12:00:00Z,3.325,73.575,0.0
1999-02-14T12:00:00Z,3.325,73.625,0.0
1999-03-16T12:00:00Z,3.675,73.375,0.0
1999-03-16T12:00:00Z,3.675,73.425,0.0
1999-03-16T12:00:00Z,3.675,73.475,0.0
1999-03-16T12:00:00Z,3.675,73.525,0.0
1999-03-16T12:00:00Z,3.675,73.575,0.0
1999-03-16T12:00:00Z,3.675,73.625,0.0
1999-03-16T12:00:00Z,3.625,73.375,0.0
1999-03-16T12:00:00Z,3.625,73.425,0.0
1999-03-16T12:00:00Z,3.625,73.475,0.0
1999-03-16T12:00:00Z,3.625,73.525,0.0
1999-03-16T12:00:00Z,3.625,73.575,0.0
1999-03-16T12:00:00Z,3.625,73.625,0.0
1999-03-16T12:00:00Z,3.575,73.375,0.0
1999-03-16T12:00:00Z,3.575,73.425,0.0
1999-03-16T12:00:00Z,3.575,73.475,0.0
1999-03-16T12:00:00Z,3.575,73.525,0.0
1999-03-16T12:00:00Z,3.575,73.575,0.0
1999-03-16T12:00:00Z,3.575,73.625,0.0
1999-03-16T12:00:00Z,3.525,73.375,0.0
1999-03-16T12:00:00Z,3.525,73.425,0.0
1999-03-16T12:00:00Z,3.525,73.475,0.0
1999-03-16T12:00:00Z,3.525,73.525,0.0
1999-03-16T12:00:00Z,3.525,73.575,0.0
1999-03-16T12:00:00Z,3.525,73.625,0.0
1999-03-16T12:00:00Z,3.475,73.375,0.0
1999-03-16T12:00:00Z,3.475,73.425,0.0
1999-03-16T12:00:00Z,3.475,73.475,0.0
1999-03-16T12:00:00Z,3.475,73.525,0.0
1999-03-16T12:00:00Z,3.475,73.575,0.0
1999-03-16T12:00:00Z,3.475,73.625,0.0
1999-03-16T12:00:00Z,3.425,73.375,0.0
1999-03-16T12:00:00Z,3.425,73.425,0.0
1999-03-16T12:00:00Z,3.425,73.475,0.0
1999-03-16T12:00:00Z,3.425,73.525,0.0
1999-03-16T12:00:00Z,3.425,73.575,0.0
1999-03-16T12:00:00Z,3.425,73.625,0.0
1999-03-16T12:00:00Z,3.375,73.375,0.0
1999-03-16T12:00:00Z,3.375,73.425,0.0
1999-03-16T12:00:00Z,3.375,73.475,0.0
1999-03-16T12:00:00Z,3.375,73.525,0.0
1999-03-16T12:00:00Z,3.375,73.575,0.0
1999-03-16T12:00:00Z,3.375,73.625,0.0
1999-03-16T12:00:00Z,3.325,73.375,0.0
1999-03-16T12:00:00Z,3.325,73.425,0.0
1999-03-16T12:00:00Z,3.325,73.475,0.0
1999-03-16T12:00:00Z,3.325,73.525,0.0
1999-03-16T12:00:00Z,3.325,73.575,0.0
1999-03-16T12:00:00Z,3.325,73.625,0.0
1999-04-15T12:00:00Z,3.675,73.375,0.0
1999-04-15T12:00:00Z,3.675,73.425,0.0
1999-04-15T12:00:00Z,3.675,73.475,0.0
1999-04-15T12:00:00Z,3.675,73.525,0.0
1999-04-15T12:00:00Z,3.675,73.575,0.0
1999-04-15T12:00:00Z,3.675,73.625,0.0
1999-04-15T12:00:00Z,3.625,73.375,0.0
1999-04-15T12:00:00Z,3.625,73.425,0.0
1999-04-15T12:00:00Z,3.625,73.475,0.0
1999-04-15T12:00:00Z,3.625,73.525,0.0
1999-04-15T12:00:00Z,3.625,73.575,0.0
1999-04-15T12:00:00Z,3.625,73.625,0.0
1999-04-15T12:00:00Z,3.575,73.375,0.0
1999-04-15T12:00:00Z,3.575,73.425,0.0
1999-04-15T12:00:00Z,3.575,73.475,0.0
1999-04-15T12:00:00Z,3.575,73.525,0.0
1999-04-15T12:00:00Z,3.575,73.575,0.0
1999-04-15T12:00:00Z,3.575,73.625,0.0
1999-04-15T12:00:00Z,3.525,73.375,0.0
1999-04-15T12:00:00Z,3.525,73.425,0.0
1999-04-15T12:00:00Z,3.525,73.475,0.0
1999-04-15T12:00:00Z,3.525,73.525,0.0
1999-04-15T12:00:00Z,3.525,73.575,0.0
1999-04-15T12:00:00Z,3.525,73.625,0.0
1999-04-15T12:00:00Z,3.475,73.375,0.0
1999-04-15T12:00:00Z,3.475,73.425,0.0
1999-04-15T12:00:00Z,3.475,73.475,0.0
1999-04-15T12:00:00Z,3.475,73.525,0.0
1999-04-15T12:00:00Z,3.475,73.575,0.0
1999-04-15T12:00:00Z,3.475,73.625,0.0
1999-04-15T12:00:00Z,3.425,73.375,0.0
1999-04-15T12:00:00Z,3.425,73.425,0.0
1999-04-15T12:00:00Z,3.425,73.475,0.0
1999-04-15T12:00:00Z,3.425,73.525,0.0
1999-04-15T12:00:00Z,3.425,73.575,0.0
1999-04-15T12:00:00Z,3.425,73.625,0.0
1999-04-15T12:00:00Z,3.375,73.375,0.0
1999-04-15T12:00:00Z,3.375,73.425,0.0
1999-04-15T12:00:00Z,3.375,73.475,0.0
1999-04-15T12:00:00Z,3.375,73.525,0.0
1999-04-15T12:00:00Z,3.375,73.575,0.0
1999-04-15T12:00:00Z,3.375,73.625,0.0
1999-04-15T12:00:00Z,3.325,73.375,0.0
1999-04-15T12:00:00Z,3.325,73.425,0.0
1999-04-15T12:00:00Z,3.325,73.475,0.0
1999-04-15T12:00:00Z,3.325,73.525,0.0
1999-04-15T12:00:00Z,3.325,73.575,0.0
1999-04-15T12:00:00Z,3.325,73.625,0.0
1999-05-16T12:00:00Z,3.675,73.375,0.0
1999-05-16T12:00:00Z,3.675,73.425,0.0
1999-05-16T12:00:00Z,3.675,73.475,0.0
1999-05-16T12:00:00Z,3.675,73.525,0.0
1999-05-16T12:00:00Z,3.675,73.575,0.0
1999-05-16T12:00:00Z,3.675,73.625,0.0
1999-05-16T12:00:00Z,3.625,73.375,0.0
1999-05-16T12:00:00Z,3.625,73.425,0.0
1999-05-16T12:00:00Z,3.625,73.475,0.0
1999-05-16T12:00:00Z,3.625,73.525,0.0
1999-05-16T12:00:00Z,3.625,73.575,0.0
1999-05-16T12:00:00Z,3.625,73.625,0.0
1999-05-16T12:00:00Z,3.575,73.375,0.0
1999-05-16T12:00:00Z,3.575,73.425,0.0
1999-05-16T12:00:00Z,3.575,73.475,0.0
1999-05-16T12:00:00Z,3.575,73.525,0.0
1999-05-16T12:00:00Z,3.575,73.575,0.0
1999-05-16T12:00:00Z,3.575,73.625,0.0
1999-05-16T12:00:00Z,3.525,73.375,0.0
1999-05-16T12:00:00Z,3.525,73.425,0.0
1999-05-16T12:00:00Z,3.525,73.475,0.0
1999-05-16T12:00:00Z,3.525,73.525,0.0
1999-05-16T12:00:00Z,3.525,73.575,0.0
1999-05-16T12:00:00Z,3.525,73.625,0.0
1999-05-16T12:00:00Z,3.475,73.375,0.0
1999-05-16T12:00:00Z,3.475,73.425,0.0
1999-05-16T12:00:00Z,3.475,73.475,0.0
1999-05-16T12:00:00Z,3.475,73.525,0.0
1999-05-16T12:00:00Z,3.475,73.575,0.0
1999-05-16T12:00:00Z,3.475,73.625,0.0
1999-05-16T12:00:00Z,3.425,73.375,0.0
1999-05-16T12:00:00Z,3.425,73.425,0.0
1999-05-16T12:00:00Z,3.425,73.475,0.0
1999-05-16T12:00:00Z,3.425,73.525,0.0
1999-05-16T12:00:00Z,3.425,73.575,0.0
1999-05-16T12:00:00Z,3.425,73.625,0.0
1999-05-16T12:00:00Z,3.375,73.375,0.0
1999-05-16T12:00:00Z,3.375,73.425,0.0
1999-05-16T12:00:00Z,3.375,73.475,0.0
1999-05-16T12:00:00Z,3.375,73.525,0.0
1999-05-16T12:00:00Z,3.375,73.575,0.0
1999-05-16T12:00:00Z,3.375,73.625,0.0
1999-05-16T12:00:00Z,3.325,73.375,0.0
1999-05-16T12:00:00Z,3.325,73.425,0.0
1999-05-16T12:00:00Z,3.325,73.475,0.0
1999-05-16T12:00:00Z,3.325,73.525,0.0
1999-05-16T12:00:00Z,3.325,73.575,0.0
1999-05-16T12:00:00Z,3.325,73.625,0.0
1999-06-15T12:00:00Z,3.675,73.375,0.0
1999-06-15T12:00:00Z,3.675,73.425,0.0
1999-06-15T12:00:00Z,3.675,73.475,0.0
1999-06-15T12:00:00Z,3.675,73.525,0.0
1999-06-15T12:00:00Z,3.675,73.575,0.0
1999-06-15T12:00:00Z,3.675,73.625,0.0
1999-06-15T12:00:00Z,3.625,73.375,0.0
1999-06-15T12:00:00Z,3.625,73.425,0.0
1999-06-15T12:00:00Z,3.625,73.475,0.0
1999-06-15T12:00:00Z,3.625,73.525,0.0
1999-06-15T12:00:00Z,3.625,73.575,0.0
1999-06-15T12:00:00Z,3.625,73.625,0.0
1999-06-15T12:00:00Z,3.575,73.375,0.0
1999-06-15T12:00:00Z,3.575,73.425,0.0
1999-06-15T12:00:00Z,3.575,73.475,0.0
1999-06-15T12:00:00Z,3.575,73.525,0.0
1999-06-15T12:00:00Z,3.575,73.575,0.0
1999-06-15T12:00:00Z,3.575,73.625,0.0
1999-06-15T12:00:00Z,3.525,73.375,0.0
1999-06-15T12:00:00Z,3.525,73.425,0.0
1999-06-15T12:00:00Z,3.525,73.475,0.0
1999-06-15T12:00:00Z,3.525,73.525,0.0
1999-06-15T12:00:00Z,3.525,73.575,0.0
1999-06-15T12:00:00Z,3.525,73.625,0.0
1999-06-15T12:00:00Z,3.475,73.375,0.0
1999-06-15T12:00:00Z,3.475,73.425,0.0
1999-06-15T12:00:00Z,3.475,73.475,0.0
1999-06-15T12:00:00Z,3.475,73.525,0.0
1999-06-15T12:00:00Z,3.475,73.575,0.0
1999-06-15T12:00:00Z,3.475,73.625,0.0
1999-06-15T12:00:00Z,3.425,73.375,0.0
1999-06-15T12:00:00Z,3.425,73.425,0.0
1999-06-15T12:00:00Z,3.425,73.475,0.0
1999-06-15T12:00:00Z,3.425,73.525,0.0
1999-06-15T12:00:00Z,3.425,73.575,0.0
1999-06-15T12:00:00Z,3.425,73.625,0.0
1999-06-15T12:00:00Z,3.375,73.375,0.0
1999-06-15T12:00:00Z,3.375,73.425,0.0
1999-06-15T12:00:00Z,3.375,73.475,0.0
1999-06-15T12:00:00Z,3.375,73.525,0.0
1999-06-15T12:00:00Z,3.375,73.575,0.0
1999-06-15T12:00:00Z,3.375,73.625,0.0
1999-06-15T12:00:00Z,3.325,73.375,0.0
1999-06-15T12:00:00Z,3.325,73.425,0.0
1999-06-15T12:00:00Z,3.325,73.475,0.0
1999-06-15T12:00:00Z,3.325,73.525,0.0
1999-06-15T12:00:00Z,3.325,73.575,0.0
1999-06-15T12:00:00Z,3.325,73.625,0.0
1999-07-15T12:00:00Z,3.675,73.375,0.0
1999-07-15T12:00:00Z,3.675,73.425,0.0
1999-07-15T12:00:00Z,3.675,73.475,0.0
1999-07-15T12:00:00Z,3.675,73.525,0.0
1999-07-15T12:00:00Z,3.675,73.575,0.0
1999-07-15T12:00:00Z,3.675,73.625,0.0
1999-07-15T12:00:00Z,3.625,73.375,0.0
1999-07-15T12:00:00Z,3.625,73.425,0.0
1999-07-15T12:00:00Z,3.625,73.475,0.0
1999-07-15T12:00:00Z,3.625,73.525,0.0
1999-07-15T12:00:00Z,3.625,73.575,0.0
1999-07-15T12:00:00Z,3.625,73.625,0.0
1999-07-15T12:00:00Z,3.575,73.375,0.0
1999-07-15T12:00:00Z,3.575,73.425,0.0
1999-07-15T12:00:00Z,3.575,73.475,0.0
1999-07-15T12:00:00Z,3.575,73.525,0.0
1999-07-15T12:00:00Z,3.575,73.575,0.0
1999-07-15T12:00:00Z,3.575,73.625,0.0
1999-07-15T12:00:00Z,3.525,73.375,0.0
1999-07-15T12:00:00Z,3.525,73.425,0.0
1999-07-15T12:00:00Z,3.525,73.475,0.0
1999-07-15T12:00:00Z,3.525,73.525,0.0
1999-07-15T12:00:00Z,3.525,73.575,0.0
1999-07-15T12:00:00Z,3.525,73.625,0.0
1999-07-15T12:00:00Z,3.475,73.375,0.0
1999-07-15T12:00:00Z,3.475,73.425,0.0
1999-07-15T12:00:00Z,3.475,73.475,0.0
1999-07-15T12:00:00Z,3.475,73.525,0.0
1999-07-15T12:00:00Z,3.475,73.575,0.0
1999-07-15T12:00:00Z,3.475,73.625,0.0
1999-07-15T12:00:00Z,3.425,73.375,0.0
1999-07-15T12:00:00Z,3.425,73.425,0.0
1999-07-15T12:00:00Z,3.425,73.475,0.0
1999-07-15T12:00:00Z,3.425,73.525,0.0
1999-07-15T12:00:00Z,3.425,73.575,0.0
1999-07-15T12:00:00Z,3.425,73.625,0.0
1999-07-15T12:00:00Z,3.375,73.375,0.0
1999-07-15T12:00:00Z,3.375,73.425,0.0
1999-07-15T12:00:00Z,3.375,73.475,0.0
1999-07-15T12:00:00Z,3.375,73.525,0.0
1999-07-15T12:00:00Z,3.375,73.575,0.0
1999-07-15T12:00:00Z,3.375,73.625,0.0
1999-07-15T12:00:00Z,3.325,73.375,0.0
1999-07-15T12:00:00Z,3.325,73.425,0.0
1999-07-15T12:00:00Z,3.325,73.475,0.0
1999-07-15T12:00:00Z,3.325,73.525,0.0
1999-07-15T12:00:00Z,3.325,73.575,0.0
1999-07-15T12:00:00Z,3.325,73.625,0.0
1999-08-14T12:00:00Z,3.675,73.375,0.0
1999-08-14T12:00:00Z,3.675,73.425,0.0
1999-08-14T12:00:00Z,3.675,73.475,0.0
1999-08-14T12:00:00Z,3.675,73.525,0.0
1999-08-14T12:00:00Z,3.675,73.575,0.0
1999-08-14T12:00:00Z,3.675,73.625,0.0
1999-08-14T12:00:00Z,3.625,73.375,0.0
1999-08-14T12:00:00Z,3.625,73.425,0.0
1999-08-14T12:00:00Z,3.625,73.475,0.0
1999-08-14T12:00:00Z,3.625,73.525,0.0
1999-08-14T12:00:00Z,3.625,73.575,0.0
1999-08-14T12:00:00Z,3.625,73.625,0.0
1999-08-14T12:00:00Z,3.575,73.375,0.0
1999-08-14T12:00:00Z,3.575,73.425,0.0
1999-08-14T12:00:00Z,3.575,73.475,0.0
1999-08-14T12:00:00Z,3.575,73.525,0.0
1999-08-14T12:00:00Z,3.575,73.575,0.0
1999-08-14T12:00:00Z,3.575,73.625,0.0
1999-08-14T12:00:00Z,3.525,73.375,0.0
1999-08-14T12:00:00Z,3.525,73.425,0.0
1999-08-14T12:00:00Z,3.525,73.475,0.0
1999-08-14T12:00:00Z,3.525,73.525,0.0
1999-08-14T12:00:00Z,3.525,73.575,0.0
1999-08-14T12:00:00Z,3.525,73.625,0.0
1999-08-14T12:00:00Z,3.475,73.375,0.0
1999-08-14T12:00:00Z,3.475,73.425,0.0
1999-08-14T12:00:00Z,3.475,73.475,0.0
1999-08-14T12:00:00Z,3.475,73.525,0.0
1999-08-14T12:00:00Z,3.475,73.575,0.0
1999-08-14T12:00:00Z,3.475,73.625,0.0
1999-08-14T12:00:00Z,3.425,73.375,0.0
1999-08-14T12:00:00Z,3.425,73.425,0.0
1999-08-14T12:00:00Z,3.425,73.475,0.0
1999-08-14T12:00:00Z,3.425,73.525,0.0
1999-08-14T12:00:00Z,3.425,73.575,0.0
1999-08-14T12:00:00Z,3.425,73.625,0.0
1999-08-14T12:00:00Z,3.375,73.375,0.0
1999-08-14T12:00:00Z,3.375,73.425,0.0
1999-08-14T12:00:00Z,3.375,73.475,0.0
1999-08-14T12:00:00Z,3.375,73.525,0.0
1999-08-14T12:00:00Z,3.375,73.575,0.0
1999-08-14T12:00:00Z,3.375,73.625,0.0
1999-08-14T12:00:00Z,3.325,73.375,0.0
1999-08-14T12:00:00Z,3.325,73.425,0.0
1999-08-14T12:00:00Z,3.325,73.475,0.0
1999-08-14T12:00:00Z,3.325,73.525,0.0
1999-08-14T12:00:00Z,3.325,73.575,0.0
1999-08-14T12:00:00Z,3.325,73.625,0.0
1999-09-13T12:00:00Z,3.675,73.375,0.0
1999-09-13T12:00:00Z,3.675,73.425,0.0
1999-09-13T12:00:00Z,3.675,73.475,0.0
1999-09-13T12:00:00Z,3.675,73.525,0.0
1999-09-13T12:00:00Z,3.675,73.575,0.0
1999-09-13T12:00:00Z,3.675,73.625,0.0
1999-09-13T12:00:00Z,3.625,73.375,0.0
1999-09-13T12:00:00Z,3.625,73.425,0.0
1999-09-13T12:00:00Z,3.625,73.475,0.0
1999-09-13T12:00:00Z,3.625,73.525,0.0
1999-09-13T12:00:00Z,3.625,73.575,0.0
1999-09-13T12:00:00Z,3.625,73.625,0.0
1999-09-13T12:00:00Z,3.575,73.375,0.0
1999-09-13T12:00:00Z,3.575,73.425,0.0
1999-09-13T12:00:00Z,3.575,73.475,0.0
1999-09-13T12:00:00Z,3.575,73.525,0.0
1999-09-13T12:00:00Z,3.575,73.575,0.0
1999-09-13T12:00:00Z,3.575,73.625,0.0
1999-09-13T12:00:00Z,3.525,73.375,0.0
1999-09-13T12:00:00Z,3.525,73.425,0.0
1999-09-13T12:00:00Z,3.525,73.475,0.0
1999-09-13T12:00:00Z,3.525,73.525,0.0
1999-09-13T12:00:00Z,3.525,73.575,0.0
1999-09-13T12:00:00Z,3.525,73.625,0.0
1999-09-13T12:00:00Z,3.475,73.375,0.0
1999-09-13T12:00:00Z,3.475,73.425,0.0
1999-09-13T12:00:00Z,3.475,73.475,0.0
1999-09-13T12:00:00Z,3.475,73.525,0.0
1999-09-13T12:00:00Z,3.475,73.575,0.0
1999-09-13T12:00:00Z,3.475,73.625,0.0
1999-09-13T12:00:00Z,3.425,73.375,0.0
1999-09-13T12:00:00Z,3.425,73.425,0.0
1999-09-13T12:00:00Z,3.425,73.475,0.0
1999-09-13T12:00:00Z,3.425,73.525,0.0
1999-09-13T12:00:00Z,3.425,73.575,0.0
1999-09-13T12:00:00Z,3.425,73.625,0.0
1999-09-13T12:00:00Z,3.375,73.375,0.0
1999-09-13T12:00:00Z,3.375,73.425,0.0
1999-09-13T12:00:00Z,3.375,73.475,0.0
1999-09-13T12:00:00Z,3.375,73.525,0.0
1999-09-13T12:00:00Z,3.375,73.575,0.0
1999-09-13T12:00:00Z,3.375,73.625,0.0
1999-09-13T12:00:00Z,3.325,73.375,0.0
1999-09-13T12:00:00Z,3.325,73.425,0.0
1999-09-13T12:00:00Z,3.325,73.475,0.0
1999-09-13T12:00:00Z,3.325,73.525,0.0
1999-09-13T12:00:00Z,3.325,73.575,0.0
1999-09-13T12:00:00Z,3.325,73.625,0.0
1999-10-13T12:00:00Z,3.675,73.375,0.0
1999-10-13T12:00:00Z,3.675,73.425,0.0
1999-10-13T12:00:00Z,3.675,73.475,0.0
1999-10-13T12:00:00Z,3.675,73.525,0.0
1999-10-13T12:00:00Z,3.675,73.575,0.0
1999-10-13T12:00:00Z,3.675,73.625,0.0
1999-10-13T12:00:00Z,3.625,73.375,0.0
1999-10-13T12:00:00Z,3.625,73.425,0.0
1999-10-13T12:00:00Z,3.625,73.475,0.0
1999-10-13T12:00:00Z,3.625,73.525,0.0
1999-10-13T12:00:00Z,3.625,73.575,0.0
1999-10-13T12:00:00Z,3.625,73.625,0.0
1999-10-13T12:00:00Z,3.575,73.375,0.0
1999-10-13T12:00:00Z,3.575,73.425,0.0
1999-10-13T12:00:00Z,3.575,73.475,0.0
1999-10-13T12:00:00Z,3.575,73.525,0.0
1999-10-13T12:00:00Z,3.575,73.575,0.0
1999-10-13T12:00:00Z,3.575,73.625,0.0
1999-10-13T12:00:00Z,3.525,73.375,0.0
1999-10-13T12:00:00Z,3.525,73.425,0.0
1999-10-13T12:00:00Z,3.525,73.475,0.0
1999-10-13T12:00:00Z,3.525,73.525,0.0
1999-10-13T12:00:00Z,3.525,73.575,0.0
1999-10-13T12:00:00Z,3.525,73.625,0.0
1999-10-13T12:00:00Z,3.475,73.375,0.0
1999-10-13T12:00:00Z,3.475,73.425,0.0
1999-10-13T12:00:00Z,3.475,73.475,0.0
1999-10-13T12:00:00Z,3.475,73.525,0.0
1999-10-13T12:00:00Z,3.475,73.575,0.0
1999-10-13T12:00:00Z,3.475,73.625,0.0
1999-10-13T12:00:00Z,3.425,73.375,0.0
1999-10-13T12:00:00Z,3.425,73.425,0.0
1999-10-13T12:00:00Z,3.425,73.475,0.0
1999-10-13T12:00:00Z,3.425,73.525,0.0
1999-10-13T12:00:00Z,3.425,73.575,0.0
1999-10-13T12:00:00Z,3.425,73.625,0.0
1999-10-13T12:00:00Z,3.375,73.375,0.0
1999-10-13T12:00:00Z,3.375,73.425,0.0
1999-10-13T12:00:00Z,3.375,73.475,0.0
1999-10-13T12:00:00Z,3.375,73.525,0.0
1999-10-13T12:00:00Z,3.375,73.575,0.0
1999-10-13T12:00:00Z,3.375,73.625,0.0
1999-10-13T12:00:00Z,3.325,73.375,0.0
1999-10-13T12:00:00Z,3.325,73.425,0.0
1999-10-13T12:00:00Z,3.325,73.475,0.0
1999-10-13T12:00:00Z,3.325,73.525,0.0
1999-10-13T12:00:00Z,3.325,73.575,0.0
1999-10-13T12:00:00Z,3.325,73.625,0.0
1999-11-12T12:00:00Z,3.675,73.375,0.0
1999-11-12T12:00:00Z,3.675,73.425,0.0
1999-11-12T12:00:00Z,3.675,73.475,0.0
1999-11-12T12:00:00Z,3.675,73.525,0.0
1999-11-12T12:00:00Z,3.675,73.575,0.0
1999-11-12T12:00:00Z,3.675,73.625,0.0
1999-11-12T12:00:00Z,3.625,73.375,0.0
1999-11-12T12:00:00Z,3.625,73.425,0.0
1999-11-12T12:00:00Z,3.625,73.475,0.0
1999-11-12T12:00:00Z,3.625,73.525,0.0
1999-11-12T12:00:00Z,3.625,73.575,0.0
1999-11-12T12:00:00Z,3.625,73.625,0.0
1999-11-12T12:00:00Z,3.575,73.375,0.0
1999-11-12T12:00:00Z,3.575,73.425,0.0
1999-11-12T12:00:00Z,3.575,73.475,0.0
1999-11-12T12:00:00Z,3.575,73.525,0.0
1999-11-12T12:00:00Z,3.575,73.575,0.0
1999-11-12T12:00:00Z,3.575,73.625,0.0
1999-11-12T12:00:00Z,3.525,73.375,0.0
1999-11-12T12:00:00Z,3.525,73.425,0.0
1999-11-12T12:00:00Z,3.525,73.475,0.0
1999-11-12T12:00:00Z,3.525,73.525,0.0
1999-11-12T12:00:00Z,3.525,73.575,0.0
1999-11-12T12:00:00Z,3.525,73.625,0.0
1999-11-12T12:00:00Z,3.475,73.375,0.0
1999-11-12T12:00:00Z,3.475,73.425,0.0
1999-11-12T12:00:00Z,3.475,73.475,0.0
1999-11-12T12:00:00Z,3.475,73.525,0.0
1999-11-12T12:00:00Z,3.475,73.575,0.0
1999-11-12T12:00:00Z,3.475,73.625,0.0
1999-11-12T12:00:00Z,3.425,73.375,0.0
1999-11-12T12:00:00Z,3.425,73.425,0.0
1999-11-12T12:00:00Z,3.425,73.475,0.0
1999-11-12T12:00:00Z,3.425,73.525,0.0
1999-11-12T12:00:00Z,3.425,73.575,0.0
1999-11-12T12:00:00Z,3.425,73.625,0.0
1999-11-12T12:00:00Z,3.375,73.375,0.0
1999-11-12T12:00:00Z,3.375,73.425,0.0
1999-11-12T12:00:00Z,3.375,73.475,0.0
1999-11-12T12:00:00Z,3.375,73.525,0.0
1999-11-12T12:00:00Z,3.375,73.575,0.0
1999-11-12T12:00:00Z,3.375,73.625,0.0
1999-11-12T12:00:00Z,3.325,73.375,0.0
1999-11-12T12:00:00Z,3.325,73.425,0.0
1999-11-12T12:00:00Z,3.325,73.475,0.0
1999-11-12T12:00:00Z,3.325,73.525,0.0
1999-11-12T12:00:00Z,3.325,73.575,0.0
1999-11-12T12:00:00Z,3.325,73.625,0.0
1999-12-12T12:00:00Z,3.675,73.375,0.0
1999-12-12T12:00:00Z,3.675,73.425,0.0
1999-12-12T12:00:00Z,3.675,73.475,0.0
1999-12-12T12:00:00Z,3.675,73.525,0.0
1999-12-12T12:00:00Z,3.675,73.575,0.0
1999-12-12T12:00:00Z,3.675,73.625,0.0
1999-12-12T12:00:00Z,3.625,73.375,0.0
1999-12-12T12:00:00Z,3.625,73.425,0.0
1999-12-12T12:00:00Z,3.625,73.475,0.0
1999-12-12T12:00:00Z,3.625,73.525,0.0
1999-12-12T12:00:00Z,3.625,73.575,0.0
1999-12-12T12:00:00Z,3.625,73.625,0.0
1999-12-12T12:00:00Z,3.575,73.375,0.0
1999-12-12T12:00:00Z,3.575,73.425,0.0
1999-12-12T12:00:00Z,3.575,73.475,0.0
1999-12-12T12:00:00Z,3.575,73.525,0.0
1999-12-12T12:00:00Z,3.575,73.575,0.0
1999-12-12T12:00:00Z,3.575,73.625,0.0
1999-12-12T12:00:00Z,3.525,73.375,0.0
1999-12-12T12:00:00Z,3.525,73.425,0.0
1999-12-12T12:00:00Z,3.525,73.475,0.0
1999-12-12T12:00:00Z,3.525,73.525,0.0
1999-12-12T12:00:00Z,3.525,73.575,0.0
1999-12-12T12:00:00Z,3.525,73.625,0.0
1999-12-12T12:00:00Z,3.475,73.375,0.0
1999-12-12T12:00:00Z,3.475,73.425,0.0
1999-12-12T12:00:00Z,3.475,73.475,0.0
1999-12-12T12:00:00Z,3.475,73.525,0.0
1999-12-12T12:00:00Z,3.475,73.575,0.0
1999-12-12T12:00:00Z,3.475,73.625,0.0
1999-12-12T12:00:00Z,3.425,73.375,0.0
1999-12-12T12:00:00Z,3.425,73.425,0.0
1999-12-12T12:00:00Z,3.425,73.475,0.0
1999-12-12T12:00:00Z,3.425,73.525,0.0
1999-12-12T12:00:00Z,3.425,73.575,0.0
1999-12-12T12:00:00Z,3.425,73.625,0.0
1999-12-12T12:00:00Z,3.375,73.375,0.0
1999-12-12T12:00:00Z,3.375,73.425,0.0
1999-12-12T12:00:00Z,3.375,73.475,0.0
1999-12-12T12:00:00Z,3.375,73.525,0.0
1999-12-12T12:00:00Z,3.375,73.575,0.0
1999-12-12T12:00:00Z,3.375,73.625,0.0
1999-12-12T12:00:00Z,3.325,73.375,0.0
1999-12-12T12:00:00Z,3.325,73.425,0.0
1999-12-12T12:00:00Z,3.325,73.475,0.0
1999-12-12T12:00:00Z,3.325,73.525,0.0
1999-12-12T12:00:00Z,3.325,73.575,0.0
1999-12-12T12:00:00Z,3.325,73.625,0.0
2000-01-11T12:00:00Z,3.675,73.375,0.0
2000-01-11T12:00:00Z,3.675,73.425,0.0
2000-01-11T12:00:00Z,3.675,73.475,0.0
2000-01-11T12:00:00Z,3.675,73.525,0.0
2000-01-11T12:00:00Z,3.675,73.575,0.0
2000-01-11T12:00:00Z,3.675,73.625,0.0
2000-01-11T12:00:00Z,3.625,73.375,0.0
2000-01-11T12:00:00Z,3.625,73.425,0.0
2000-01-11T12:00:00Z,3.625,73.475,0.0
2000-01-11T12:00:00Z,3.625,73.525,0.0
2000-01-11T12:00:00Z,3.625,73.575,0.0
2000-01-11T12:00:00Z,3.625,73.625,0.0
2000-01-11T12:00:00Z,3.575,73.375,0.0
2000-01-11T12:00:00Z,3.575,73.425,0.0
2000-01-11T12:00:00Z,3.575,73.475,0.0
2000-01-11T12:00:00Z,3.575,73.525,0.0
2000-01-11T12:00:00Z,3.575,73.575,0.0
2000-01-11T12:00:00Z,3.575,73.625,0.0
2000-01-11T12:00:00Z,3.525,73.375,0.0
2000-01-11T12:00:00Z,3.525,73.425,0.0
2000-01-11T12:00:00Z,3.525,73.475,0.0
2000-01-11T12:00:00Z,3.525,73.525,0.0
2000-01-11T12:00:00Z,3.525,73.575,0.0
2000-01-11T12:00:00Z,3.525,73.625,0.0
2000-01-11T12:00:00Z,3.475,73.375,0.0
2000-01-11T12:00:00Z,3.475,73.425,0.0
2000-01-11T12:00:00Z,3.475,73.475,0.0
2000-01-11T12:00:00Z,3.475,73.525,0.0
2000-01-11T12:00:00Z,3.475,73.575,0.0
2000-01-11T12:00:00Z,3.475,73.625,0.0
2000-01-11T12:00:00Z,3.425,73.375,0.0
2000-01-11T12:00:00Z,3.425,73.425,0.0
2000-01-11T12:00:00Z,3.425,73.475,0.0
2000-01-11T12:00:00Z,3.425,73.525,0.0
2000-01-11T12:00:00Z,3.425,73.575,0.0
2000-01-11T12:00:00Z,3.425,73.625,0.0
2000-01-11T12:00:00Z,3.375,73.375,0.0
2000-01-11T12:00:00Z,3.375,73.425,0.0
2000-01-11T12:00:00Z,3.375,73.475,0.0
2000-01-11T12:00:00Z,3.375,73.525,0.0
2000-01-11T12:00:00Z,3.375,73.575,0.0
2000-01-11T12:00:00Z,3.375,73.625,0.0
2000-01-11T12:00:00Z,3.325,73.375,0.0
2000-01-11T12:00:00Z,3.325,73.425,0.0
2000-01-11T12:00:00Z,3.325,73.475,0.0
2000-01-11T12:00:00Z,3.325,73.525,0.0
2000-01-11T12:00:00Z,3.325,73.575,0.0
2000-01-11T12:00:00Z,3.325,73.625,0.0
2000-02-10T12:00:00Z,3.675,73.375,0.0
2000-02-10T12:00:00Z,3.675,73.425,0.0
2000-02-10T12:00:00Z,3.675,73.475,0.0
2000-02-10T12:00:00Z,3.675,73.525,0.0
2000-02-10T12:00:00Z,3.675,73.575,0.0
2000-02-10T12:00:00Z,3.675,73.625,0.0
2000-02-10T12:00:00Z,3.625,73.375,0.0
2000-02-10T12:00:00Z,3.625,73.425,0.0
2000-02-10T12:00:00Z,3.625,73.475,0.0
2000-02-10T12:00:00Z,3.625,73.525,0.0
2000-02-10T12:00:00Z,3.625,73.575,0.0
2000-02-10T12:00:00Z,3.625,73.625,0.0
2000-02-10T12:00:00Z,3.575,73.375,0.0
2000-02-10T12:00:00Z,3.575,73.425,0.0
2000-02-10T12:00:00Z,3.575,73.475,0.0
2000-02-10T12:00:00Z,3.575,73.525,0.0
2000-02-10T12:00:00Z,3.575,73.575,0.0
2000-02-10T12:00:00Z,3.575,73.625,0.0
2000-02-10T12:00:00Z,3.525,73.375,0.0
2000-02-10T12:00:00Z,3.525,73.425,0.0
2000-02-10T12:00:00Z,3.525,73.475,0.0
2000-02-10T12:00:00Z,3.525,73.525,0.0
2000-02-10T12:00:00Z,3.525,73.575,0.0
2000-02-10T12:00:00Z,3.525,73.625,0.0
2000-02-10T12:00:00Z,3.475,73.375,0.0
2000-02-10T12:00:00Z,3.475,73.425,0.0
2000-02-10T12:00:00Z,3.475,73.475,0.0
2000-02-10T12:00:00Z,3.475,73.525,0.0
2000-02-10T12:00:00Z,3.475,73.575,0.0
2000-02-10T12:00:00Z,3.475,73.625,0.0
2000-02-10T12:00:00Z,3.425,73.375,0.0
2000-02-10T12:00:00Z,3.425,73.425,0.0
2000-02-10T12:00:00Z,3.425,73.475,0.0
2000-02-10T12:00:00Z,3.425,73.525,0.0
2000-02-10T12:00:00Z,3.425,73.575,0.0
2000-02-10T12:00:00Z,3.425,73.625,0.0
2000-02-10T12:00:00Z,3.375,73.375,0.0
2000-02-10T12:00:00Z,3.375,73.425,0.0
2000-02-10T12:00:00Z,3.375,73.475,0.0
2000-02-10T12:00:00Z,3.375,73.525,0.0
2000-02-10T12:00:00Z,3.375,73.575,0.0
2000-02-10T12:00:00Z,3.375,73.625,0.0
2000-02-10T12:00:00Z,3.325,73.375,0.0
2000-02-10T12:00:00Z,3.325,73.425,0.0
2000-02-10T12:00:00Z,3.325,73.475,0.0
2000-02-10T12:00:00Z,3.325,73.525,0.0
2000-02-10T12:00:00Z,3.325,73.575,0.0
2000-02-10T12:00:00Z,3.325,73.625,0.0
2000-03-11T12:00:00Z,3.675,73.375,0.0
2000-03-11T12:00:00Z,3.675,73.425,0.0
2000-03-11T12:00:00Z,3.675,73.475,0.0
2000-03-11T12:00:00Z,3.675,73.525,0.0
2000-03-11T12:00:00Z,3.675,73.575,0.0
2000-03-11T12:00:00Z,3.675,73.625,0.0
2000-03-11T12:00:00Z,3.625,73.375,0.0
2000-03-11T12:00:00Z,3.625,73.425,0.0
2000-03-11T12:00:00Z,3.625,73.475,0.0
2000-03-11T12:00:00Z,3.625,73.525,0.0
2000-03-11T12:00:00Z,3.625,73.575,0.0
2000-03-11T12:00:00Z,3.625,73.625,0.0
2000-03-11T12:00:00Z,3.575,73.375,0.0
2000-03-11T12:00:00Z,3.575,73.425,0.0
2000-03-11T12:00:00Z,3.575,73.475,0.0
2000-03-11T12:00:00Z,3.575,73.525,0.0
2000-03-11T12:00:00Z,3.575,73.575,0.0
2000-03-11T12:00:00Z,3.575,73.625,0.0
2000-03-11T12:00:00Z,3.525,73.375,0.0
2000-03-11T12:00:00Z,3.525,73.425,0.0
2000-03-11T12:00:00Z,3.525,73.475,0.0
2000-03-11T12:00:00Z,3.525,73.525,0.0
2000-03-11T12:00:00Z,3.525,73.575,0.0
2000-03-11T12:00:00Z,3.525,73.625,0.0
2000-03-11T12:00:00Z,3.475,73.375,0.0
2000-03-11T12:00:00Z,3.475,73.425,0.0
2000-03-11T12:00:00Z,3.475,73.475,0.0
2000-03-11T12:00:00Z,3.475,73.525,0.0
2000-03-11T12:00:00Z,3.475,73.575,0.0
2000-03-11T12:00:00Z,3.475,73.625,0.0
2000-03-11T12:00:00Z,3.425,73.375,0.0
2000-03-11T12:00:00Z,3.425,73.425,0.0
2000-03-11T12:00:00Z,3.425,73.475,0.0
2000-03-11T12:00:00Z,3.425,73.525,0.0
2000-03-11T12:00:00Z,3.425,73.575,0.0
2000-03-11T12:00:00Z,3.425,73.625,0.0
2000-03-11T12:00:00Z,3.375,73.375,0.0
2000-03-11T12:00:00Z,3.375,73.425,0.0
2000-03-11T12:00:00Z,3.375,73.475,0.0
2000-03-11T12:00:00Z,3.375,73.525,0.0
2000-03-11T12:00:00Z,3.375,73.575,0.0
2000-03-11T12:00:00Z,3.375,73.625,0.0
2000-03-11T12:00:00Z,3.325,73.375,0.0
2000-03-11T12:00:00Z,3.325,73.425,0.0
2000-03-11T12:00:00Z,3.325,73.475,0.0
2000-03-11T12:00:00Z,3.325,73.525,0.0
2000-03-11T12:00:00Z,3.325,73.575,0.0
2000-03-11T12:00:00Z,3.325,73.625,0.0
2000-04-10T12:00:00Z,3.675,73.375,0.0
2000-04-10T12:00:00Z,3.675,73.425,0.0
2000-04-10T12:00:00Z,3.675,73.475,0.0
2000-04-10T12:00:00Z,3.675,73.525,0.0
2000-04-10T12:00:00Z,3.675,73.575,0.0
2000-04-10T12:00:00Z,3.675,73.625,0.0
2000-04-10T12:00:00Z,3.625,73.375,0.0
2000-04-10T12:00:00Z,3.625,73.425,0.0
2000-04-10T12:00:00Z,3.625,73.475,0.0
2000-04-10T12:00:00Z,3.625,73.525,0.0
2000-04-10T12:00:00Z,3.625,73.575,0.0
2000-04-10T12:00:00Z,3.625,73.625,0.0
2000-04-10T12:00:00Z,3.575,73.375,0.0
2000-04-10T12:00:00Z,3.575,73.425,0.0
2000-04-10T12:00:00Z,3.575,73.475,0.0
2000-04-10T12:00:00Z,3.575,73.525,0.0
2000-04-10T12:00:00Z,3.575,73.575,0.0
2000-04-10T12:00:00Z,3.575,73.625,0.0
2000-04-10T12:00:00Z,3.525,73.375,0.0
2000-04-10T12:00:00Z,3.525,73.425,0.0
2000-04-10T12:00:00Z,3.525,73.475,0.0
2000-04-10T12:00:00Z,3.525,73.525,0.0
2000-04-10T12:00:00Z,3.525,73.575,0.0
2000-04-10T12:00:00Z,3.525,73.625,0.0
2000-04-10T12:00:00Z,3.475,73.375,0.0
2000-04-10T12:00:00Z,3.475,73.425,0.0
2000-04-10T12:00:00Z,3.475,73.475,0.0
2000-04-10T12:00:00Z,3.475,73.525,0.0
2000-04-10T12:00:00Z,3.475,73.575,0.0
2000-04-10T12:00:00Z,3.475,73.625,0.0
2000-04-10T12:00:00Z,3.425,73.375,0.0
2000-04-10T12:00:00Z,3.425,73.425,0.0
2000-04-10T12:00:00Z,3.425,73.475,0.0
2000-04-10T12:00:00Z,3.425,73.525,0.0
2000-04-10T12:00:00Z,3.425,73.575,0.0
2000-04-10T12:00:00Z,3.425,73.625,0.0
2000-04-10T12:00:00Z,3.375,73.375,0.0
2000-04-10T12:00:00Z,3.375,73.425,0.0
2000-04-10T12:00:00Z,3.375,73.475,0.0
2000-04-10T12:00:00Z,3.375,73.525,0.0
2000-04-10T12:00:00Z,3.375,73.575,0.0
2000-04-10T12:00:00Z,3.375,73.625,0.0
2000-04-10T12:00:00Z,3.325,73.375,0.0
2000-04-10T12:00:00Z,3.325,73.425,0.0
2000-04-10T12:00:00Z,3.325,73.475,0.0
2000-04-10T12:00:00Z,3.325,73.525,0.0
2000-04-10T12:00:00Z,3.325,73.575,0.0
2000-04-10T12:00:00Z,3.325,73.625,0.0
2000-05-10T12:00:00Z,3.675,73.375,0.0
2000-05-10T12:00:00Z,3.675,73.425,0.0
2000-05-10T12:00:00Z,3.675,73.475,0.0
2000-05-10T12:00:00Z,3.675,73.525,0.0
2000-05-10T12:00:00Z,3.675,73.575,0.0
2000-05-10T12:00:00Z,3.675,73.625,0.0
2000-05-10T12:00:00Z,3.625,73.375,0.0
2000-05-10T12:00:00Z,3.625,73.425,0.0
2000-05-10T12:00:00Z,3.625,73.475,0.0
2000-05-10T12:00:00Z,3.625,73.525,0.0
2000-05-10T12:00:00Z,3.625,73.575,0.0
2000-05-10T12:00:00Z,3.625,73.625,0.0
2000-05-10T12:00:00Z,3.575,73.375,0.0
2000-05-10T12:00:00Z,3.575,73.425,0.0
2000-05-10T12:00:00Z,3.575,73.475,0.0
2000-05-10T12:00:00Z,3.575,73.525,0.0
2000-05-10T12:00:00Z,3.575,73.575,0.0
2000-05-10T12:00:00Z,3.575,73.625,0.0
2000-05-10T12:00:00Z,3.525,73.375,0.0
2000-05-10T12:00:00Z,3.525,73.425,0.0
2000-05-10T12:00:00Z,3.525,73.475,0.0
2000-05-10T12:00:00Z,3.525,73.525,0.0
2000-05-10T12:00:00Z,3.525,73.575,0.0
2000-05-10T12:00:00Z,3.525,73.625,0.0
2000-05-10T12:00:00Z,3.475,73.375,0.0
2000-05-10T12:00:00Z,3.475,73.425,0.0
2000-05-10T12:00:00Z,3.475,73.475,0.0
2000-05-10T12:00:00Z,3.475,73.525,0.0
2000-05-10T12:00:00Z,3.475,73.575,0.0
2000-05-10T12:00:00Z,3.475,73.625,0.0
2000-05-10T12:00:00Z,3.425,73.375,0.0
2000-05-10T12:00:00Z,3.425,73.425,0.0
2000-05-10T12:00:00Z,3.425,73.475,0.0
2000-05-10T12:00:00Z,3.425,73.525,0.0
2000-05-10T12:00:00Z,3.425,73.575,0.0
2000-05-10T12:00:00Z,3.425,73.625,0.0
2000-05-10T12:00:00Z,3.375,73.375,0.0
2000-05-10T12:00:00Z,3.375,73.425,0.0
2000-05-10T12:00:00Z,3.375,73.475,0.0
2000-05-10T12:00:00Z,3.375,73.525,0.0
2000-05-10T12:00:00Z,3.375,73.575,0.0
2000-05-10T12:00:00Z,3.375,73.625,0.0
2000-05-10T12:00:00Z,3.325,73.375,0.0
2000-05-10T12:00:00Z,3.325,73.425,0.0
2000-05-10T12:00:00Z,3.325,73.475,0.0
2000-05-10T12:00:00Z,3.325,73.525,0.0
2000-05-10T12:00:00Z,3.325,73.575,0.0
2000-05-10T12:00:00Z,3.325,73.625,0.0
2000-06-09T12:00:00Z,3.675,73.375,0.0
2000-06-09T12:00:00Z,3.675,73.425,0.0
2000-06-09T12:00:00Z,3.675,73.475,0.0
2000-06-09T12:00:00Z,3.675,73.525,0.0
2000-06-09T12:00:00Z,3.675,73.575,0.0
2000-06-09T12:00:00Z,3.675,73.625,0.0
2000-06-09T12:00:00Z,3.625,73.375,0.0
2000-06-09T12:00:00Z,3.625,73.425,0.0
2000-06-09T12:00:00Z,3.625,73.475,0.0
2000-06-09T12:00:00Z,3.625,73.525,0.0
2000-06-09T12:00:00Z,3.625,73.575,0.0
2000-06-09T12:00:00Z,3.625,73.625,0.0
2000-06-09T12:00:00Z,3.575,73.375,0.0
2000-06-09T12:00:00Z,3.575,73.425,0.0
2000-06-09T12:00:00Z,3.575,73.475,0.0
2000-06-09T12:00:00Z,3.575,73.525,0.0
2000-06-09T12:00:00Z,3.575,73.575,0.0
2000-06-09T12:00:00Z,3.575,73.625,0.0
2000-06-09T12:00:00Z,3.525,73.375,0.0
2000-06-09T12:00:00Z,3.525,73.425,0.0
2000-06-09T12:00:00Z,3.525,73.475,0.0
2000-06-09T12:00:00Z,3.525,73.525,0.0
2000-06-09T12:00:00Z,3.525,73.575,0.0
2000-06-09T12:00:00Z,3.525,73.625,0.0
2000-06-09T12:00:00Z,3.475,73.375,0.0
2000-06-09T12:00:00Z,3.475,73.425,0.0
2000-06-09T12:00:00Z,3.475,73.475,0.0
2000-06-09T12:00:00Z,3.475,73.525,0.0
2000-06-09T12:00:00Z,3.475,73.575,0.0
2000-06-09T12:00:00Z,3.475,73.625,0.0
2000-06-09T12:00:00Z,3.425,73.375,0.0
2000-06-09T12:00:00Z,3.425,73.425,0.0
2000-06-09T12:00:00Z,3.425,73.475,0.0
2000-06-09T12:00:00Z,3.425,73.525,0.0
2000-06-09T12:00:00Z,3.425,73.575,0.0
2000-06-09T12:00:00Z,3.425,73.625,0.0
2000-06-09T12:00:00Z,3.375,73.375,0.0
2000-06-09T12:00:00Z,3.375,73.425,0.0
2000-06-09T12:00:00Z,3.375,73.475,0.0
2000-06-09T12:00:00Z,3.375,73.525,0.0
2000-06-09T12:00:00Z,3.375,73.575,0.0
2000-06-09T12:00:00Z,3.375,73.625,0.0
2000-06-09T12:00:00Z,3.325,73.375,0.0
2000-06-09T12:00:00Z,3.325,73.425,0.0
2000-06-09T12:00:00Z,3.325,73.475,0.0
2000-06-09T12:00:00Z,3.325,73.525,0.0
2000-06-09T12:00:00Z,3.325,73.575,0.0
2000-06-09T12:00:00Z,3.325,73.625,0.0
2000-07-09T12:00:00Z,3.675,73.375,0.0
2000-07-09T12:00:00Z,3.675,73.425,0.0
2000-07-09T12:00:00Z,3.675,73.475,0.0
2000-07-09T12:00:00Z,3.675,73.525,0.0
2000-07-09T12:00:00Z,3.675,73.575,0.0
2000-07-09T12:00:00Z,3.675,73.625,0.0
2000-07-09T12:00:00Z,3.625,73.375,0.0
2000-07-09T12:00:00Z,3.625,73.425,0.0
2000-07-09T12:00:00Z,3.625,73.475,0.0
2000-07-09T12:00:00Z,3.625,73.525,0.0
2000-07-09T12:00:00Z,3.625,73.575,0.0
2000-07-09T12:00:00Z,3.625,73.625,0.0
2000-07-09T12:00:00Z,3.575,73.375,0.0
2000-07-09T12:00:00Z,3.575,73.425,0.0
2000-07-09T12:00:00Z,3.575,73.475,0.0
2000-07-09T12:00:00Z,3.575,73.525,0.0
2000-07-09T12:00:00Z,3.575,73.575,0.0
2000-07-09T12:00:00Z,3.575,73.625,0.0
2000-07-09T12:00:00Z,3.525,73.375,0.0
2000-07-09T12:00:00Z,3.525,73.425,0.0
2000-07-09T12:00:00Z,3.525,73.475,0.0
2000-07-09T12:00:00Z,3.525,73.525,0.0
2000-07-09T12:00:00Z,3.525,73.575,0.0
2000-07-09T12:00:00Z,3.525,73.625,0.0
2000-07-09T12:00:00Z,3.475,73.375,0.0
2000-07-09T12:00:00Z,3.475,73.425,0.0
2000-07-09T12:00:00Z,3.475,73.475,0.0
2000-07-09T12:00:00Z,3.475,73.525,0.0
2000-07-09T12:00:00Z,3.475,73.575,0.0
2000-07-09T12:00:00Z,3.475,73.625,0.0
2000-07-09T12:00:00Z,3.425,73.375,0.0
2000-07-09T12:00:00Z,3.425,73.425,0.0
2000-07-09T12:00:00Z,3.425,73.475,0.0
2000-07-09T12:00:00Z,3.425,73.525,0.0
2000-07-09T12:00:00Z,3.425,73.575,0.0
2000-07-09T12:00:00Z,3.425,73.625,0.0
2000-07-09T12:00:00Z,3.375,73.375,0.0
2000-07-09T12:00:00Z,3.375,73.425,0.0
2000-07-09T12:00:00Z,3.375,73.475,0.0
2000-07-09T12:00:00Z,3.375,73.525,0.0
2000-07-09T12:00:00Z,3.375,73.575,0.0
2000-07-09T12:00:00Z,3.375,73.625,0.0
2000-07-09T12:00:00Z,3.325,73.375,0.0
2000-07-09T12:00:00Z,3.325,73.425,0.0
2000-07-09T12:00:00Z,3.325,73.475,0.0
2000-07-09T12:00:00Z,3.325,73.525,0.0
2000-07-09T12:00:00Z,3.325,73.575,0.0
2000-07-09T12:00:00Z,3.325,73.625,0.0
2000-08-08T12:00:00Z,3.675,73.375,0.0
2000-08-08T12:00:00Z,3.675,73.425,0.0
2000-08-08T12:00:00Z,3.675,73.475,0.0
2000-08-08T12:00:00Z,3.675,73.525,0.0
2000-08-08T12:00:00Z,3.675,73.575,0.0
2000-08-08T12:00:00Z,3.675,73.625,0.0
2000-08-08T12:00:00Z,3.625,73.375,0.0
2000-08-08T12:00:00Z,3.625,73.425,0.0
2000-08-08T12:00:00Z,3.625,73.475,0.0
2000-08-08T12:00:00Z,3.625,73.525,0.0
2000-08-08T12:00:00Z,3.625,73.575,0.0
2000-08-08T12:00:00Z,3.625,73.625,0.0
2000-08-08T12:00:00Z,3.575,73.375,0.0
2000-08-08T12:00:00Z,3.575,73.425,0.0
2000-08-08T12:00:00Z,3.575,73.475,0.0
2000-08-08T12:00:00Z,3.575,73.525,0.0
2000-08-08T12:00:00Z,3.575,73.575,0.0
2000-08-08T12:00:00Z,3.575,73.625,0.0
2000-08-08T12:00:00Z,3.525,73.375,0.0
2000-08-08T12:00:00Z,3.525,73.425,0.0
2000-08-08T12:00:00Z,3.525,73.475,0.0
2000-08-08T12:00:00Z,3.525,73.525,0.0
2000-08-08T12:00:00Z,3.525,73.575,0.0
2000-08-08T12:00:00Z,3.525,73.625,0.0
2000-08-08T12:00:00Z,3.475,73.375,0.0
2000-08-08T12:00:00Z,3.475,73.425,0.0
2000-08-08T12:00:00Z,3.475,73.475,0.0
2000-08-08T12:00:00Z,3.475,73.525,0.0
2000-08-08T12:00:00Z,3.475,73.575,0.0
2000-08-08T12:00:00Z,3.475,73.625,0.0
2000-08-08T12:00:00Z,3.425,73.375,0.0
2000-08-08T12:00:00Z,3.425,73.425,0.0
2000-08-08T12:00:00Z,3.425,73.475,0.0
2000-08-08T12:00:00Z,3.425,73.525,0.0
2000-08-08T12:00:00Z,3.425,73.575,0.0
2000-08-08T12:00:00Z,3.425,73.625,0.0
2000-08-08T12:00:00Z,3.375,73.375,0.0
2000-08-08T12:00:00Z,3.375,73.425,0.0
2000-08-08T12:00:00Z,3.375,73.475,0.0
2000-08-08T12:00:00Z,3.375,73.525,0.0
2000-08-08T12:00:00Z,3.375,73.575,0.0
2000-08-08T12:00:00Z,3.375,73.625,0.0
2000-08-08T12:00:00Z,3.325,73.375,0.0
2000-08-08T12:00:00Z,3.325,73.425,0.0
2000-08-08T12:00:00Z,3.325,73.475,0.0
2000-08-08T12:00:00Z,3.325,73.525,0.0
2000-08-08T12:00:00Z,3.325,73.575,0.0
2000-08-08T12:00:00Z,3.325,73.625,0.0
2000-09-07T12:00:00Z,3.675,73.375,0.0
2000-09-07T12:00:00Z,3.675,73.425,0.0
2000-09-07T12:00:00Z,3.675,73.475,0.0
2000-09-07T12:00:00Z,3.675,73.525,0.0
2000-09-07T12:00:00Z,3.675,73.575,0.0
2000-09-07T12:00:00Z,3.675,73.625,0.0
2000-09-07T12:00:00Z,3.625,73.375,0.0
2000-09-07T12:00:00Z,3.625,73.425,0.0
2000-09-07T12:00:00Z,3.625,73.475,0.0
2000-09-07T12:00:00Z,3.625,73.525,0.0
2000-09-07T12:00:00Z,3.625,73.575,0.0
2000-09-07T12:00:00Z,3.625,73.625,0.0
2000-09-07T12:00:00Z,3.575,73.375,0.0
2000-09-07T12:00:00Z,3.575,73.425,0.0
2000-09-07T12:00:00Z,3.575,73.475,0.0
2000-09-07T12:00:00Z,3.575,73.525,0.0
2000-09-07T12:00:00Z,3.575,73.575,0.0
2000-09-07T12:00:00Z,3.575,73.625,0.0
2000-09-07T12:00:00Z,3.525,73.375,0.0
2000-09-07T12:00:00Z,3.525,73.425,0.0
2000-09-07T12:00:00Z,3.525,73.475,0.0
2000-09-07T12:00:00Z,3.525,73.525,0.0
2000-09-07T12:00:00Z,3.525,73.575,0.0
2000-09-07T12:00:00Z,3.525,73.625,0.0
2000-09-07T12:00:00Z,3.475,73.375,0.0
2000-09-07T12:00:00Z,3.475,73.425,0.0
2000-09-07T12:00:00Z,3.475,73.475,0.0
2000-09-07T12:00:00Z,3.475,73.525,0.0
2000-09-07T12:00:00Z,3.475,73.575,0.0
2000-09-07T12:00:00Z,3.475,73.625,0.0
2000-09-07T12:00:00Z,3.425,73.375,0.0
2000-09-07T12:00:00Z,3.425,73.425,0.0
2000-09-07T12:00:00Z,3.425,73.475,0.0
2000-09-07T12:00:00Z,3.425,73.525,0.0
2000-09-07T12:00:00Z,3.425,73.575,0.0
2000-09-07T12:00:00Z,3.425,73.625,0.0
2000-09-07T12:00:00Z,3.375,73.375,0.0
2000-09-07T12:00:00Z,3.375,73.425,0.0
2000-09-07T12:00:00Z,3.375,73.475,0.0
2000-09-07T12:00:00Z,3.375,73.525,0.0
2000-09-07T12:00:00Z,3.375,73.575,0.0
2000-09-07T12:00:00Z,3.375,73.625,0.0
2000-09-07T12:00:00Z,3.325,73.375,0.0
2000-09-07T12:00:00Z,3.325,73.425,0.0
2000-09-07T12:00:00Z,3.325,73.475,0.0
2000-09-07T12:00:00Z,3.325,73.525,0.0
2000-09-07T12:00:00Z,3.325,73.575,0.0
2000-09-07T12:00:00Z,3.325,73.625,0.0
2000-10-07T12:00:00Z,3.675,73.375,0.0
2000-10-07T12:00:00Z,3.675,73.425,0.0
2000-10-07T12:00:00Z,3.675,73.475,0.0
2000-10-07T12:00:00Z,3.675,73.525,0.0
2000-10-07T12:00:00Z,3.675,73.575,0.0
2000-10-07T12:00:00Z,3.675,73.625,0.0
2000-10-07T12:00:00Z,3.625,73.375,0.0
2000-10-07T12:00:00Z,3.625,73.425,0.0
2000-10-07T12:00:00Z,3.625,73.475,0.0
2000-10-07T12:00:00Z,3.625,73.525,0.0
2000-10-07T12:00:00Z,3.625,73.575,0.0
2000-10-07T12:00:00Z,3.625,73.625,0.0
2000-10-07T12:00:00Z,3.575,73.375,0.0
2000-10-07T12:00:00Z,3.575,73.425,0.0
2000-10-07T12:00:00Z,3.575,73.475,0.0
2000-10-07T12:00:00Z,3.575,73.525,0.0
2000-10-07T12:00:00Z,3.575,73.575,0.0
2000-10-07T12:00:00Z,3.575,73.625,0.0
2000-10-07T12:00:00Z,3.525,73.375,0.0
2000-10-07T12:00:00Z,3.525,73.425,0.0
2000-10-07T12:00:00Z,3.525,73.475,0.0
2000-10-07T12:00:00Z,3.525,73.525,0.0
2000-10-07T12:00:00Z,3.525,73.575,0.0
2000-10-07T12:00:00Z,3.525,73.625,0.0
2000-10-07T12:00:00Z,3.475,73.375,0.0
2000-10-07T12:00:00Z,3.475,73.425,0.0
2000-10-07T12:00:00Z,3.475,73.475,0.0
2000-10-07T12:00:00Z,3.475,73.525,0.0
2000-10-07T12:00:00Z,3.475,73.575,0.0
2000-10-07T12:00:00Z,3.475,73.625,0.0
2000-10-07T12:00:00Z,3.425,73.375,0.0
2000-10-07T12:00:00Z,3.425,73.425,0.0
2000-10-07T12:00:00Z,3.425,73.475,0.0
2000-10-07T12:00:00Z,3.425,73.525,0.0
2000-10-07T12:00:00Z,3.425,73.575,0.0
2000-10-07T12:00:00Z,3.425,73.625,0.0
2000-10-07T12:00:00Z,3.375,73.375,0.0
2000-10-07T12:00:00Z,3.375,73.425,0.0
2000-10-07T12:00:00Z,3.375,73.475,0.0
2000-10-07T12:00:00Z,3.375,73.525,0.0
2000-10-07T12:00:00Z,3.375,73.575,0.0
2000-10-07T12:00:00Z,3.375,73.625,0.0
2000-10-07T12:00:00Z,3.325,73.375,0.0
2000-10-07T12:00:00Z,3.325,73.425,0.0
2000-10-07T12:00:00Z,3.325,73.475,0.0
2000-10-07T12:00:00Z,3.325,73.525,0.0
2000-10-07T12:00:00Z,3.325,73.575,0.0
2000-10-07T12:00:00Z,3.325,73.625,0.0
2000-11-06T12:00:00Z,3.675,73.375,0.0
2000-11-06T12:00:00Z,3.675,73.425,0.0
2000-11-06T12:00:00Z,3.675,73.475,0.0
2000-11-06T12:00:00Z,3.675,73.525,0.0
2000-11-06T12:00:00Z,3.675,73.575,0.0
2000-11-06T12:00:00Z,3.675,73.625,0.0
2000-11-06T12:00:00Z,3.625,73.375,0.0
2000-11-06T12:00:00Z,3.625,73.425,0.0
2000-11-06T12:00:00Z,3.625,73.475,0.0
2000-11-06T12:00:00Z,3.625,73.525,0.0
2000-11-06T12:00:00Z,3.625,73.575,0.0
2000-11-06T12:00:00Z,3.625,73.625,0.0
2000-11-06T12:00:00Z,3.575,73.375,0.0
2000-11-06T12:00:00Z,3.575,73.425,0.0
2000-11-06T12:00:00Z,3.575,73.475,0.0
2000-11-06T12:00:00Z,3.575,73.525,0.0
2000-11-06T12:00:00Z,3.575,73.575,0.0
2000-11-06T12:00:00Z,3.575,73.625,0.0
2000-11-06T12:00:00Z,3.525,73.375,0.0
2000-11-06T12:00:00Z,3.525,73.425,0.0
2000-11-06T12:00:00Z,3.525,73.475,0.0
2000-11-06T12:00:00Z,3.525,73.525,0.0
2000-11-06T12:00:00Z,3.525,73.575,0.0
2000-11-06T12:00:00Z,3.525,73.625,0.0
2000-11-06T12:00:00Z,3.475,73.375,0.0
2000-11-06T12:00:00Z,3.475,73.425,0.0
2000-11-06T12:00:00Z,3.475,73.475,0.0
2000-11-06T12:00:00Z,3.475,73.525,0.0
2000-11-06T12:00:00Z,3.475,73.575,0.0
2000-11-06T12:00:00Z,3.475,73.625,0.0
2000-11-06T12:00:00Z,3.425,73.375,0.0
2000-11-06T12:00:00Z,3.425,73.425,0.0
2000-11-06T12:00:00Z,3.425,73.475,0.0
2000-11-06T12:00:00Z,3.425,73.525,0.0
2000-11-06T12:00:00Z,3.425,73.575,0.0
2000-11-06T12:00:00Z,3.425,73.625,0.0
2000-11-06T12:00:00Z,3.375,73.375,0.0
2000-11-06T12:00:00Z,3.375,73.425,0.0
2000-11-06T12:00:00Z,3.375,73.475,0.0
2000-11-06T12:00:00Z,3.375,73.525,0.0
2000-11-06T12:00:00Z,3.375,73.575,0.0
2000-11-06T12:00:00Z,3.375,73.625,0.0
2000-11-06T12:00:00Z,3.325,73.375,0.0
2000-11-06T12:00:00Z,3.325,73.425,0.0
2000-11-06T12:00:00Z,3.325,73.475,0.0
2000-11-06T12:00:00Z,3.325,73.525,0.0
2000-11-06T12:00:00Z,3.325,73.575,0.0
2000-11-06T12:00:00Z,3.325,73.625,0.0
2000-12-06T12:00:00Z,3.675,73.375,0.0
2000-12-06T12:00:00Z,3.675,73.425,0.0
2000-12-06T12:00:00Z,3.675,73.475,0.0
2000-12-06T12:00:00Z,3.675,73.525,0.0
2000-12-06T12:00:00Z,3.675,73.575,0.0
2000-12-06T12:00:00Z,3.675,73.625,0.0
2000-12-06T12:00:00Z,3.625,73.375,0.0
2000-12-06T12:00:00Z,3.625,73.425,0.0
2000-12-06T12:00:00Z,3.625,73.475,0.0
2000-12-06T12:00:00Z,3.625,73.525,0.0
2000-12-06T12:00:00Z,3.625,73.575,0.0
2000-12-06T12:00:00Z,3.625,73.625,0.0
2000-12-06T12:00:00Z,3.575,73.375,0.0
2000-12-06T12:00:00Z,3.575,73.425,0.0
2000-12-06T12:00:00Z,3.575,73.475,0.0
2000-12-06T12:00:00Z,3.575,73.525,0.0
2000-12-06T12:00:00Z,3.575,73.575,0.0
2000-12-06T12:00:00Z,3.575,73.625,0.0
2000-12-06T12:00:00Z,3.525,73.375,0.0
2000-12-06T12:00:00Z,3.525,73.425,0.0
2000-12-06T12:00:00Z,3.525,73.475,0.0
2000-12-06T12:00:00Z,3.525,73.525,0.0
2000-12-06T12:00:00Z,3.525,73.575,0.0
2000-12-06T12:00:00Z,3.525,73.625,0.0
2000-12-06T12:00:00Z,3.475,73.375,0.0
2000-12-06T12:00:00Z,3.475,73.425,0.0
2000-12-06T12:00:00Z,3.475,73.475,0.0
2000-12-06T12:00:00Z,3.475,73.525,0.0
2000-12-06T12:00:00Z,3.475,73.575,0.0
2000-12-06T12:00:00Z,3.475,73.625,0.0
2000-12-06T12:00:00Z,3.425,73.375,0.0
2000-12-06T12:00:00Z,3.425,73.425,0.0
2000-12-06T12:00:00Z,3.425,73.475,0.0
2000-12-06T12:00:00Z,3.425,73.525,0.0
2000-12-06T12:00:00Z,3.425,73.575,0.0
2000-12-06T12:00:00Z,3.425,73.625,0.0
2000-12-06T12:00:00Z,3.375,73.375,0.0
2000-12-06T12:00:00Z,3.375,73.425,0.0
2000-12-06T12:00:00Z,3.375,73.475,0.0
2000-12-06T12:00:00Z,3.375,73.525,0.0
2000-12-06T12:00:00Z,3.375,73.575,0.0
2000-12-06T12:00:00Z,3.375,73.625,0.0
2000-12-06T12:00:00Z,3.325,73.375,0.0
2000-12-06T12:00:00Z,3.325,73.425,0.0
2000-12-06T12:00:00Z,3.325,73.475,0.0
2000-12-06T12:00:00Z,3.325,73.525,0.0
2000-12-06T12:00:00Z,3.325,73.575,0.0
2000-12-06T12:00:00Z,3.325,73.625,0.0
2001-01-05T12:00:00Z,3.675,73.375,0.0
2001-01-05T12:00:00Z,3.675,73.425,0.0
2001-01-05T12:00:00Z,3.675,73.475,0.0
2001-01-05T12:00:00Z,3.675,73.525,0.0
2001-01-05T12:00:00Z,3.675,73.575,0.0
2001-01-05T12:00:00Z,3.675,73.625,0.0
2001-01-05T12:00:00Z,3.625,73.375,0.0
2001-01-05T12:00:00Z,3.625,73.425,0.0
2001-01-05T12:00:00Z,3.625,73.475,0.0
2001-01-05T12:00:00Z,3.625,73.525,0.0
2001-01-05T12:00:00Z,3.625,73.575,0.0
2001-01-05T12:00:00Z,3.625,73.625,0.0
2001-01-05T12:00:00Z,3.575,73.375,0.0
2001-01-05T12:00:00Z,3.575,73.425,0.0
2001-01-05T12:00:00Z,3.575,73.475,0.0
2001-01-05T12:00:00Z,3.575,73.525,0.0
2001-01-05T12:00:00Z,3.575,73.575,0.0
2001-01-05T12:00:00Z,3.575,73.625,0.0
2001-01-05T12:00:00Z,3.525,73.375,0.0
2001-01-05T12:00:00Z,3.525,73.425,0.0
2001-01-05T12:00:00Z,3.525,73.475,0.0
2001-01-05T12:00:00Z,3.525,73.525,0.0
2001-01-05T12:00:00Z,3.525,73.575,0.0
2001-01-05T12:00:00Z,3.525,73.625,0.0
2001-01-05T12:00:00Z,3.475,73.375,0.0
2001-01-05T12:00:00Z,3.475,73.425,0.0
2001-01-05T12:00:00Z,3.475,73.475,0.0
2001-01-05T12:00:00Z,3.475,73.525,0.0
2001-01-05T12:00:00Z,3.475,73.575,0.0
2001-01-05T12:00:00Z,3.475,73.625,0.0
2001-01-05T12:00:00Z,3.425,73.375,0.0
2001-01-05T12:00:00Z,3.425,73.425,0.0
2001-01-05T12:00:00Z,3.425,73.475,0.0
2001-01-05T12:00:00Z,3.425,73.525,0.0
2001-01-05T12:00:00Z,3.425,73.575,0.0
2001-01-05T12:00:00Z,3.425,73.625,0.0
2001-01-05T12:00:00Z,3.375,73.375,0.0
2001-01-05T12:00:00Z,3.375,73.425,0.0
2001-01-05T12:00:00Z,3.375,73.475,0.0
2001-01-05T12:00:00Z,3.375,73.525,0.0
2001-01-05T12:00:00Z,3.375,73.575,0.0
2001-01-05T12:00:00Z,3.375,73.625,0.0
2001-01-05T12:00:00Z,3.325,73.375,0.0
2001-01-05T12:00:00Z,3.325,73.425,0.0
2001-01-05T12:00:00Z,3.325,73.475,0.0
2001-01-05T12:00:00Z,3.325,73.525,0.0
2001-01-05T12:00:00Z,3.325,73.575,0.0
2001-01-05T12:00:00Z,3.325,73.625,0.0
2001-02-04T12:00:00Z,3.675,73.375,0.0
2001-02-04T12:00:00Z,3.675,73.425,0.0
2001-02-04T12:00:00Z,3.675,73.475,0.0
2001-02-04T12:00:00Z,3.675,73.525,0.0
2001-02-04T12:00:00Z,3.675,73.575,0.0
2001-02-04T12:00:00Z,3.675,73.625,0.0
2001-02-04T12:00:00Z,3.625,73.375,0.0
2001-02-04T12:00:00Z,3.625,73.425,0.0
2001-02-04T12:00:00Z,3.625,73.475,0.0
2001-02-04T12:00:00Z,3.625,73.525,0.0
2001-02-04T12:00:00Z,3.625,73.575,0.0
2001-02-04T12:00:00Z,3.625,73.625,0.0
2001-02-04T12:00:00Z,3.575,73.375,0.0
2001-02-04T12:00:00Z,3.575,73.425,0.0
2001-02-04T12:00:00Z,3.575,73.475,0.0
2001-02-04T12:00:00Z,3.575,73.525,0.0
2001-02-04T12:00:00Z,3.575,73.575,0.0
2001-02-04T12:00:00Z,3.575,73.625,0.0
2001-02-04T12:00:00Z,3.525,73.375,0.0
2001-02-04T12:00:00Z,3.525,73.425,0.0
2001-02-04T12:00:00Z,3.525,73.475,0.0
2001-02-04T12:00:00Z,3.525,73.525,0.0
2001-02-04T12:00:00Z,3.525,73.575,0.0
2001-02-04T12:00:00Z,3.525,73.625,0.0
2001-02-04T12:00:00Z,3.475,73.375,0.0
2001-02-04T12:00:00Z,3.475,73.425,0.0
2001-02-04T12:00:00Z,3.475,73.475,0.0
2001-02-04T12:00:00Z,3.475,73.525,0.0
2001-02-04T12:00:00Z,3.475,73.575,0.0
2001-02-04T12:00:00Z,3.475,73.625,0.0
2001-02-04T12:00:00Z,3.425,73.375,0.0
2001-02-04T12:00:00Z,3.425,73.425,0.0
2001-02-04T12:00:00Z,3.425,73.475,0.0
2001-02-04T12:00:00Z,3.425,73.525,0.0
2001-02-04T12:00:00Z,3.425,73.575,0.0
2001-02-04T12:00:00Z,3.425,73.625,0.0
2001-02-04T12:00:00Z,3.375,73.375,0.0
2001-02-04T12:00:00Z,3.375,73.425,0.0
2001-02-04T12:00:00Z,3.375,73.475,0.0
2001-02-04T12:00:00Z,3.375,73.525,0.0
2001-02-04T12:00:00Z,3.375,73.575,0.0
2001-02-04T12:00:00Z,3.375,73.625,0.0
2001-02-04T12:00:00Z,3.325,73.375,0.0
2001-02-04T12:00:00Z,3.325,73.425,0.0
2001-02-04T12:00:00Z,3.325,73.475,0.0
2001-02-04T12:00:00Z,3.325,73.525,0.0
2001-02-04T12:00:00Z,3.325,73.575,0.0
2001-02-04T12:00:00Z,3.325,73.625,0.0
2001-03-06T12:00:00Z,3.675,73.375,0.0
2001-03-06T12:00:00Z,3.675,73.425,0.0
2001-03-06T12:00:00Z,3.675,73.475,0.0
2001-03-06T12:00:00Z,3.675,73.525,0.0
2001-03-06T12:00:00Z,3.675,73.575,0.0
2001-03-06T12:00:00Z,3.675,73.625,0.0
2001-03-06T12:00:00Z,3.625,73.375,0.0
2001-03-06T12:00:00Z,3.625,73.425,0.0
2001-03-06T12:00:00Z,3.625,73.475,0.0
2001-03-06T12:00:00Z,3.625,73.525,0.0
2001-03-06T12:00:00Z,3.625,73.575,0.0
2001-03-06T12:00:00Z,3.625,73.625,0.0
2001-03-06T12:00:00Z,3.575,73.375,0.0
2001-03-06T12:00:00Z,3.575,73.425,0.0
2001-03-06T12:00:00Z,3.575,73.475,0.0
2001-03-06T12:00:00Z,3.575,73.525,0.0
2001-03-06T12:00:00Z,3.575,73.575,0.0
2001-03-06T12:00:00Z,3.575,73.625,0.0
2001-03-06T12:00:00Z,3.525,73.375,0.0
2001-03-06T12:00:00Z,3.525,73.425,0.0
2001-03-06T12:00:00Z,3.525,73.475,0.0
2001-03-06T12:00:00Z,3.525,73.525,0.0
2001-03-06T12:00:00Z,3.525,73.575,0.0
2001-03-06T12:00:00Z,3.525,73.625,0.0
2001-03-06T12:00:00Z,3.475,73.375,0.0
2001-03-06T12:00:00Z,3.475,73.425,0.0
2001-03-06T12:00:00Z,3.475,73.475,0.0
2001-03-06T12:00:00Z,3.475,73.525,0.0
2001-03-06T12:00:00Z,3.475,73.575,0.0
2001-03-06T12:00:00Z,3.475,73.625,0.0
2001-03-06T12:00:00Z,3.425,73.375,0.0
2001-03-06T12:00:00Z,3.425,73.425,0.0
2001-03-06T12:00:00Z,3.425,73.475,0.0
2001-03-06T12:00:00Z,3.425,73.525,0.0
2001-03-06T12:00:00Z,3.425,73.575,0.0
2001-03-06T12:00:00Z,3.425,73.625,0.0
2001-03-06T12:00:00Z,3.375,73.375,0.0
2001-03-06T12:00:00Z,3.375,73.425,0.0
2001-03-06T12:00:00Z,3.375,73.475,0.0
2001-03-06T12:00:00Z,3.375,73.525,0.0
2001-03-06T12:00:00Z,3.375,73.575,0.0
2001-03-06T12:00:00Z,3.375,73.625,0.0
2001-03-06T12:00:00Z,3.325,73.375,0.0
2001-03-06T12:00:00Z,3.325,73.425,0.0
2001-03-06T12:00:00Z,3.325,73.475,0.0
2001-03-06T12:00:00Z,3.325,73.525,0.0
2001-03-06T12:00:00Z,3.325,73.575,0.0
2001-03-06T12:00:00Z,3.325,73.625,0.0
2001-04-05T12:00:00Z,3.675,73.375,0.0
2001-04-05T12:00:00Z,3.675,73.425,0.0
2001-04-05T12:00:00Z,3.675,73.475,0.0
2001-04-05T12:00:00Z,3.675,73.525,0.0
2001-04-05T12:00:00Z,3.675,73.575,0.0
2001-04-05T12:00:00Z,3.675,73.625,0.0
2001-04-05T12:00:00Z,3.625,73.375,0.0
2001-04-05T12:00:00Z,3.625,73.425,0.0
2001-04-05T12:00:00Z,3.625,73.475,0.0
2001-04-05T12:00:00Z,3.625,73.525,0.0
2001-04-05T12:00:00Z,3.625,73.575,0.0
2001-04-05T12:00:00Z,3.625,73.625,0.0
2001-04-05T12:00:00Z,3.575,73.375,0.0
2001-04-05T12:00:00Z,3.575,73.425,0.0
2001-04-05T12:00:00Z,3.575,73.475,0.0
2001-04-05T12:00:00Z,3.575,73.525,0.0
2001-04-05T12:00:00Z,3.575,73.575,0.0
2001-04-05T12:00:00Z,3.575,73.625,0.0
2001-04-05T12:00:00Z,3.525,73.375,0.0
2001-04-05T12:00:00Z,3.525,73.425,0.0
2001-04-05T12:00:00Z,3.525,73.475,0.0
2001-04-05T12:00:00Z,3.525,73.525,0.0
2001-04-05T12:00:00Z,3.525,73.575,0.0
2001-04-05T12:00:00Z,3.525,73.625,0.0
2001-04-05T12:00:00Z,3.475,73.375,0.0
2001-04-05T12:00:00Z,3.475,73.425,0.0
2001-04-05T12:00:00Z,3.475,73.475,0.0
2001-04-05T12:00:00Z,3.475,73.525,0.0
2001-04-05T12:00:00Z,3.475,73.575,0.0
2001-04-05T12:00:00Z,3.475,73.625,0.0
2001-04-05T12:00:00Z,3.425,73.375,0.0
2001-04-05T12:00:00Z,3.425,73.425,0.0
2001-04-05T12:00:00Z,3.425,73.475,0.0
2001-04-05T12:00:00Z,3.425,73.525,0.0
2001-04-05T12:00:00Z,3.425,73.575,0.0
2001-04-05T12:00:00Z,3.425,73.625,0.0
2001-04-05T12:00:00Z,3.375,73.375,0.0
2001-04-05T12:00:00Z,3.375,73.425,0.0
2001-04-05T12:00:00Z,3.375,73.475,0.0
2001-04-05T12:00:00Z,3.375,73.525,0.0
2001-04-05T12:00:00Z,3.375,73.575,0.0
2001-04-05T12:00:00Z,3.375,73.625,0.0
2001-04-05T12:00:00Z,3.325,73.375,0.0
2001-04-05T12:00:00Z,3.325,73.425,0.0
2001-04-05T12:00:00Z,3.325,73.475,0.0
2001-04-05T12:00:00Z,3.325,73.525,0.0
2001-04-05T12:00:00Z,3.325,73.575,0.0
2001-04-05T12:00:00Z,3.325,73.625,0.0
2001-05-05T12:00:00Z,3.675,73.375,0.0
2001-05-05T12:00:00Z,3.675,73.425,0.0
2001-05-05T12:00:00Z,3.675,73.475,0.0
2001-05-05T12:00:00Z,3.675,73.525,0.0
2001-05-05T12:00:00Z,3.675,73.575,0.0
2001-05-05T12:00:00Z,3.675,73.625,0.0
2001-05-05T12:00:00Z,3.625,73.375,0.0
2001-05-05T12:00:00Z,3.625,73.425,0.0
2001-05-05T12:00:00Z,3.625,73.475,0.0
2001-05-05T12:00:00Z,3.625,73.525,0.0
2001-05-05T12:00:00Z,3.625,73.575,0.0
2001-05-05T12:00:00Z,3.625,73.625,0.0
2001-05-05T12:00:00Z,3.575,73.375,0.0
2001-05-05T12:00:00Z,3.575,73.425,0.0
2001-05-05T12:00:00Z,3.575,73.475,0.0
2001-05-05T12:00:00Z,3.575,73.525,0.0
2001-05-05T12:00:00Z,3.575,73.575,0.0
2001-05-05T12:00:00Z,3.575,73.625,0.0
2001-05-05T12:00:00Z,3.525,73.375,0.0
2001-05-05T12:00:00Z,3.525,73.425,0.0
2001-05-05T12:00:00Z,3.525,73.475,0.0
2001-05-05T12:00:00Z,3.525,73.525,0.0
2001-05-05T12:00:00Z,3.525,73.575,0.0
2001-05-05T12:00:00Z,3.525,73.625,0.0
2001-05-05T12:00:00Z,3.475,73.375,0.0
2001-05-05T12:00:00Z,3.475,73.425,0.0
2001-05-05T12:00:00Z,3.475,73.475,0.0
2001-05-05T12:00:00Z,3.475,73.525,0.0
2001-05-05T12:00:00Z,3.475,73.575,0.0
2001-05-05T12:00:00Z,3.475,73.625,0.0
2001-05-05T12:00:00Z,3.425,73.375,0.0
2001-05-05T12:00:00Z,3.425,73.425,0.0
2001-05-05T12:00:00Z,3.425,73.475,0.0
2001-05-05T12:00:00Z,3.425,73.525,0.0
2001-05-05T12:00:00Z,3.425,73.575,0.0
2001-05-05T12:00:00Z,3.425,73.625,0.0
2001-05-05T12:00:00Z,3.375,73.375,0.0
2001-05-05T12:00:00Z,3.375,73.425,0.0
2001-05-05T12:00:00Z,3.375,73.475,0.0
2001-05-05T12:00:00Z,3.375,73.525,0.0
2001-05-05T12:00:00Z,3.375,73.575,0.0
2001-05-05T12:00:00Z,3.375,73.625,0.0
2001-05-05T12:00:00Z,3.325,73.375,0.0
2001-05-05T12:00:00Z,3.325,73.425,0.0
2001-05-05T12:00:00Z,3.325,73.475,0.0
2001-05-05T12:00:00Z,3.325,73.525,0.0
2001-05-05T12:00:00Z,3.325,73.575,0.0
2001-05-05T12:00:00Z,3.325,73.625,0.0
2001-06-04T12:00:00Z,3.675,73.375,0.0
2001-06-04T12:00:00Z,3.675,73.425,0.0
2001-06-04T12:00:00Z,3.675,73.475,0.0
2001-06-04T12:00:00Z,3.675,73.525,0.0
2001-06-04T12:00:00Z,3.675,73.575,0.0
2001-06-04T12:00:00Z,3.675,73.625,0.0
2001-06-04T12:00:00Z,3.625,73.375,0.0
2001-06-04T12:00:00Z,3.625,73.425,0.0
2001-06-04T12:00:00Z,3.625,73.475,0.0
2001-06-04T12:00:00Z,3.625,73.525,0.0
2001-06-04T12:00:00Z,3.625,73.575,0.0
2001-06-04T12:00:00Z,3.625,73.625,0.0
2001-06-04T12:00:00Z,3.575,73.375,0.0
2001-06-04T12:00:00Z,3.575,73.425,0.0
2001-06-04T12:00:00Z,3.575,73.475,0.0
2001-06-04T12:00:00Z,3.575,73.525,0.0
2001-06-04T12:00:00Z,3.575,73.575,0.0
2001-06-04T12:00:00Z,3.575,73.625,0.0
2001-06-04T12:00:00Z,3.525,73.375,0.0
2001-06-04T12:00:00Z,3.525,73.425,0.0
2001-06-04T12:00:00Z,3.525,73.475,0.0
2001-06-04T12:00:00Z,3.525,73.525,0.0
2001-06-04T12:00:00Z,3.525,73.575,0.0
2001-06-04T12:00:00Z,3.525,73.625,0.0
2001-06-04T12:00:00Z,3.475,73.375,0.0
2001-06-04T12:00:00Z,3.475,73.425,0.0
2001-06-04T12:00:00Z,3.475,73.475,0.0
2001-06-04T12:00:00Z,3.475,73.525,0.0
2001-06-04T12:00:00Z,3.475,73.575,0.0
2001-06-04T12:00:00Z,3.475,73.625,0.0
2001-06-04T12:00:00Z,3.425,73.375,0.0
2001-06-04T12:00:00Z,3.425,73.425,0.0
2001-06-04T12:00:00Z,3.425,73.475,0.0
2001-06-04T12:00:00Z,3.425,73.525,0.0
2001-06-04T12:00:00Z,3.425,73.575,0.0
2001-06-04T12:00:00Z,3.425,73.625,0.0
2001-06-04T12:00:00Z,3.375,73.375,0.0
2001-06-04T12:00:00Z,3.375,73.425,0.0
2001-06-04T12:00:00Z,3.375,73.475,0.0
2001-06-04T12:00:00Z,3.375,73.525,0.0
2001-06-04T12:00:00Z,3.375,73.575,0.0
2001-06-04T12:00:00Z,3.375,73.625,0.0
2001-06-04T12:00:00Z,3.325,73.375,0.0
2001-06-04T12:00:00Z,3.325,73.425,0.0
2001-06-04T12:00:00Z,3.325,73.475,0.0
2001-06-04T12:00:00Z,3.325,73.525,0.0
2001-06-04T12:00:00Z,3.325,73.575,0.0
2001-06-04T12:00:00Z,3.325,73.625,0.0
2001-07-04T12:00:00Z,3.675,73.375,0.0
2001-07-04T12:00:00Z,3.675,73.425,0.0
2001-07-04T12:00:00Z,3.675,73.475,0.0
2001-07-04T12:00:00Z,3.675,73.525,0.0
2001-07-04T12:00:00Z,3.675,73.575,0.0
2001-07-04T12:00:00Z,3.675,73.625,0.0
2001-07-04T12:00:00Z,3.625,73.375,0.0
2001-07-04T12:00:00Z,3.625,73.425,0.0
2001-07-04T12:00:00Z,3.625,73.475,0.0
2001-07-04T12:00:00Z,3.625,73.525,0.0
2001-07-04T12:00:00Z,3.625,73.575,0.0
2001-07-04T12:00:00Z,3.625,73.625,0.0
2001-07-04T12:00:00Z,3.575,73.375,0.0
2001-07-04T12:00:00Z,3.575,73.425,0.0
2001-07-04T12:00:00Z,3.575,73.475,0.0
2001-07-04T12:00:00Z,3.575,73.525,0.0
2001-07-04T12:00:00Z,3.575,73.575,0.0
2001-07-04T12:00:00Z,3.575,73.625,0.0
2001-07-04T12:00:00Z,3.525,73.375,0.0
2001-07-04T12:00:00Z,3.525,73.425,0.0
2001-07-04T12:00:00Z,3.525,73.475,0.0
2001-07-04T12:00:00Z,3.525,73.525,0.0
2001-07-04T12:00:00Z,3.525,73.575,0.0
2001-07-04T12:00:00Z,3.525,73.625,0.0
2001-07-04T12:00:00Z,3.475,73.375,0.0
2001-07-04T12:00:00Z,3.475,73.425,0.0
2001-07-04T12:00:00Z,3.475,73.475,0.0
2001-07-04T12:00:00Z,3.475,73.525,0.0
2001-07-04T12:00:00Z,3.475,73.575,0.0
2001-07-04T12:00:00Z,3.475,73.625,0.0
2001-07-04T12:00:00Z,3.425,73.375,0.0
2001-07-04T12:00:00Z,3.425,73.425,0.0
2001-07-04T12:00:00Z,3.425,73.475,0.0
2001-07-04T12:00:00Z,3.425,73.525,0.0
2001-07-04T12:00:00Z,3.425,73.575,0.0
2001-07-04T12:00:00Z,3.425,73.625,0.0
2001-07-04T12:00:00Z,3.375,73.375,0.0
2001-07-04T12:00:00Z,3.375,73.425,0.0
2001-07-04T12:00:00Z,3.375,73.475,0.0
2001-07-04T12:00:00Z,3.375,73.525,0.0
2001-07-04T12:00:00Z,3.375,73.575,0.0
2001-07-04T12:00:00Z,3.375,73.625,0.0
2001-07-04T12:00:00Z,3.325,73.375,0.0
2001-07-04T12:00:00Z,3.325,73.425,0.0
2001-07-04T12:00:00Z,3.325,73.475,0.0
2001-07-04T12:00:00Z,3.325,73.525,0.0
2001-07-04T12:00:00Z,3.325,73.575,0.0
2001-07-04T12:00:00Z,3.325,73.625,0.0
2001-08-03T12:00:00Z,3.675,73.375,0.0
2001-08-03T12:00:00Z,3.675,73.425,0.0
2001-08-03T12:00:00Z,3.675,73.475,0.0
2001-08-03T12:00:00Z,3.675,73.525,0.0
2001-08-03T12:00:00Z,3.675,73.575,0.0
2001-08-03T12:00:00Z,3.675,73.625,0.0
2001-08-03T12:00:00Z,3.625,73.375,0.0
2001-08-03T12:00:00Z,3.625,73.425,0.0
2001-08-03T12:00:00Z,3.625,73.475,0.0
2001-08-03T12:00:00Z,3.625,73.525,0.0
2001-08-03T12:00:00Z,3.625,73.575,0.0
2001-08-03T12:00:00Z,3.625,73.625,0.0
2001-08-03T12:00:00Z,3.575,73.375,0.0
2001-08-03T12:00:00Z,3.575,73.425,0.0
2001-08-03T12:00:00Z,3.575,73.475,0.0
2001-08-03T12:00:00Z,3.575,73.525,0.0
2001-08-03T12:00:00Z,3.575,73.575,0.0
2001-08-03T12:00:00Z,3.575,73.625,0.0
2001-08-03T12:00:00Z,3.525,73.375,0.0
2001-08-03T12:00:00Z,3.525,73.425,0.0
2001-08-03T12:00:00Z,3.525,73.475,0.0
2001-08-03T12:00:00Z,3.525,73.525,0.0
2001-08-03T12:00:00Z,3.525,73.575,0.0
2001-08-03T12:00:00Z,3.525,73.625,0.0
2001-08-03T12:00:00Z,3.475,73.375,0.0
2001-08-03T12:00:00Z,3.475,73.425,0.0
2001-08-03T12:00:00Z,3.475,73.475,0.0
2001-08-03T12:00:00Z,3.475,73.525,0.0
2001-08-03T12:00:00Z,3.475,73.575,0.0
2001-08-03T12:00:00Z,3.475,73.625,0.0
2001-08-03T12:00:00Z,3.425,73.375,0.0
2001-08-03T12:00:00Z,3.425,73.425,0.0
2001-08-03T12:00:00Z,3.425,73.475,0.0
2001-08-03T12:00:00Z,3.425,73.525,0.0
2001-08-03T12:00:00Z,3.425,73.575,0.0
2001-08-03T12:00:00Z,3.425,73.625,0.0
2001-08-03T12:00:00Z,3.375,73.375,0.0
2001-08-03T12:00:00Z,3.375,73.425,0.0
2001-08-03T12:00:00Z,3.375,73.475,0.0
2001-08-03T12:00:00Z,3.375,73.525,0.0
2001-08-03T12:00:00Z,3.375,73.575,0.0
2001-08-03T12:00:00Z,3.375,73.625,0.0
2001-08-03T12:00:00Z,3.325,73.375,0.0
2001-08-03T12:00:00Z,3.325,73.425,0.0
2001-08-03T12:00:00Z,3.325,73.475,0.0
2001-08-03T12:00:00Z,3.325,73.525,0.0
2001-08-03T12:00:00Z,3.325,73.575,0.0
2001-08-03T12:00:00Z,3.325,73.625,0.0
2001-09-02T12:00:00Z,3.675,73.375,0.0
2001-09-02T12:00:00Z,3.675,73.425,0.0
2001-09-02T12:00:00Z,3.675,73.475,0.0
2001-09-02T12:00:00Z,3.675,73.525,0.0
2001-09-02T12:00:00Z,3.675,73.575,0.0
2001-09-02T12:00:00Z,3.675,73.625,0.0
2001-09-02T12:00:00Z,3.625,73.375,0.0
2001-09-02T12:00:00Z,3.625,73.425,0.0
2001-09-02T12:00:00Z,3.625,73.475,0.0
2001-09-02T12:00:00Z,3.625,73.525,0.0
2001-09-02T12:00:00Z,3.625,73.575,0.0
2001-09-02T12:00:00Z,3.625,73.625,0.0
2001-09-02T12:00:00Z,3.575,73.375,0.0
2001-09-02T12:00:00Z,3.575,73.425,0.0
2001-09-02T12:00:00Z,3.575,73.475,0.0
2001-09-02T12:00:00Z,3.575,73.525,0.0
2001-09-02T12:00:00Z,3.575,73.575,0.0
2001-09-02T12:00:00Z,3.575,73.625,0.0
2001-09-02T12:00:00Z,3.525,73.375,0.0
2001-09-02T12:00:00Z,3.525,73.425,0.0
2001-09-02T12:00:00Z,3.525,73.475,0.0
2001-09-02T12:00:00Z,3.525,73.525,0.0
2001-09-02T12:00:00Z,3.525,73.575,0.0
2001-09-02T12:00:00Z,3.525,73.625,0.0
2001-09-02T12:00:00Z,3.475,73.375,0.0
2001-09-02T12:00:00Z,3.475,73.425,0.0
2001-09-02T12:00:00Z,3.475,73.475,0.0
2001-09-02T12:00:00Z,3.475,73.525,0.0
2001-09-02T12:00:00Z,3.475,73.575,0.0
2001-09-02T12:00:00Z,3.475,73.625,0.0
2001-09-02T12:00:00Z,3.425,73.375,0.0
2001-09-02T12:00:00Z,3.425,73.425,0.0
2001-09-02T12:00:00Z,3.425,73.475,0.0
2001-09-02T12:00:00Z,3.425,73.525,0.0
2001-09-02T12:00:00Z,3.425,73.575,0.0
2001-09-02T12:00:00Z,3.425,73.625,0.0
2001-09-02T12:00:00Z,3.375,73.375,0.0
2001-09-02T12:00:00Z,3.375,73.425,0.0
2001-09-02T12:00:00Z,3.375,73.475,0.0
2001-09-02T12:00:00Z,3.375,73.525,0.0
2001-09-02T12:00:00Z,3.375,73.575,0.0
2001-09-02T12:00:00Z,3.375,73.625,0.0
2001-09-02T12:00:00Z,3.325,73.375,0.0
2001-09-02T12:00:00Z,3.325,73.425,0.0
2001-09-02T12:00:00Z,3.325,73.475,0.0
2001-09-02T12:00:00Z,3.325,73.525,0.0
2001-09-02T12:00:00Z,3.325,73.575,0.0
2001-09-02T12:00:00Z,3.325,73.625,0.0
2001-10-02T12:00:00Z,3.675,73.375,0.0
2001-10-02T12:00:00Z,3.675,73.425,0.0
2001-10-02T12:00:00Z,3.675,73.475,0.0
2001-10-02T12:00:00Z,3.675,73.525,0.0
2001-10-02T12:00:00Z,3.675,73.575,0.0
2001-10-02T12:00:00Z,3.675,73.625,0.0
2001-10-02T12:00:00Z,3.625,73.375,0.0
2001-10-02T12:00:00Z,3.625,73.425,0.0
2001-10-02T12:00:00Z,3.625,73.475,0.0
2001-10-02T12:00:00Z,3.625,73.525,0.0
2001-10-02T12:00:00Z,3.625,73.575,0.0
2001-10-02T12:00:00Z,3.625,73.625,0.0
2001-10-02T12:00:00Z,3.575,73.375,0.0
2001-10-02T12:00:00Z,3.575,73.425,0.0
2001-10-02T12:00:00Z,3.575,73.475,0.0
2001-10-02T12:00:00Z,3.575,73.525,0.0
2001-10-02T12:00:00Z,3.575,73.575,0.0
2001-10-02T12:00:00Z,3.575,73.625,0.0
2001-10-02T12:00:00Z,3.525,73.375,0.0
2001-10-02T12:00:00Z,3.525,73.425,0.0
2001-10-02T12:00:00Z,3.525,73.475,0.0
2001-10-02T12:00:00Z,3.525,73.525,0.0
2001-10-02T12:00:00Z,3.525,73.575,0.0
2001-10-02T12:00:00Z,3.525,73.625,0.0
2001-10-02T12:00:00Z,3.475,73.375,0.0
2001-10-02T12:00:00Z,3.475,73.425,0.0
2001-10-02T12:00:00Z,3.475,73.475,0.0
2001-10-02T12:00:00Z,3.475,73.525,0.0
2001-10-02T12:00:00Z,3.475,73.575,0.0
2001-10-02T12:00:00Z,3.475,73.625,0.0
2001-10-02T12:00:00Z,3.425,73.375,0.0
2001-10-02T12:00:00Z,3.425,73.425,0.0
2001-10-02T12:00:00Z,3.425,73.475,0.0
2001-10-02T12:00:00Z,3.425,73.525,0.0
2001-10-02T12:00:00Z,3.425,73.575,0.0
2001-10-02T12:00:00Z,3.425,73.625,0.0
2001-10-02T12:00:00Z,3.375,73.375,0.0
2001-10-02T12:00:00Z,3.375,73.425,0.0
2001-10-02T12:00:00Z,3.375,73.475,0.0
2001-10-02T12:00:00Z,3.375,73.525,0.0
2001-10-02T12:00:00Z,3.375,73.575,0.0
2001-10-02T12:00:00Z,3.375,73.625,0.0
2001-10-02T12:00:00Z,3.325,73.375,0.0
2001-10-02T12:00:00Z,3.325,73.425,0.0
2001-10-02T12:00:00Z,3.325,73.475,0.0
2001-10-02T12:00:00Z,3.325,73.525,0.0
2001-10-02T12:00:00Z,3.325,73.575,0.0
2001-10-02T12:00:00Z,3.325,73.625,0.0
2001-11-01T12:00:00Z,3.675,73.375,0.0
2001-11-01T12:00:00Z,3.675,73.425,0.0
2001-11-01T12:00:00Z,3.675,73.475,0.0
2001-11-01T12:00:00Z,3.675,73.525,0.0
2001-11-01T12:00:00Z,3.675,73.575,0.0
2001-11-01T12:00:00Z,3.675,73.625,0.0
2001-11-01T12:00:00Z,3.625,73.375,0.0
2001-11-01T12:00:00Z,3.625,73.425,0.0
2001-11-01T12:00:00Z,3.625,73.475,0.0
2001-11-01T12:00:00Z,3.625,73.525,0.0
2001-11-01T12:00:00Z,3.625,73.575,0.0
2001-11-01T12:00:00Z,3.625,73.625,0.0
2001-11-01T12:00:00Z,3.575,73.375,0.0
2001-11-01T12:00:00Z,3.575,73.425,0.0
2001-11-01T12:00:00Z,3.575,73.475,0.0
2001-11-01T12:00:00Z,3.575,73.525,0.0
2001-11-01T12:00:00Z,3.575,73.575,0.0
2001-11-01T12:00:00Z,3.575,73.625,0.0
2001-11-01T12:00:00Z,3.525,73.375,0.0
2001-11-01T12:00:00Z,3.525,73.425,0.0
2001-11-01T12:00:00Z,3.525,73.475,0.0
2001-11-01T12:00:00Z,3.525,73.525,0.0
2001-11-01T12:00:00Z,3.525,73.575,0.0
2001-11-01T12:00:00Z,3.525,73.625,0.0
2001-11-01T12:00:00Z,3.475,73.375,0.0
2001-11-01T12:00:00Z,3.475,73.425,0.0
2001-11-01T12:00:00Z,3.475,73.475,0.0
2001-11-01T12:00:00Z,3.475,73.525,0.0
2001-11-01T12:00:00Z,3.475,73.575,0.0
2001-11-01T12:00:00Z,3.475,73.625,0.0
2001-11-01T12:00:00Z,3.425,73.375,0.0
2001-11-01T12:00:00Z,3.425,73.425,0.0
2001-11-01T12:00:00Z,3.425,73.475,0.0
2001-11-01T12:00:00Z,3.425,73.525,0.0
2001-11-01T12:00:00Z,3.425,73.575,0.0
2001-11-01T12:00:00Z,3.425,73.625,0.0
2001-11-01T12:00:00Z,3.375,73.375,0.0
2001-11-01T12:00:00Z,3.375,73.425,0.0
2001-11-01T12:00:00Z,3.375,73.475,0.0
2001-11-01T12:00:00Z,3.375,73.525,0.0
2001-11-01T12:00:00Z,3.375,73.575,0.0
2001-11-01T12:00:00Z,3.375,73.625,0.0
2001-11-01T12:00:00Z,3.325,73.375,0.0
2001-11-01T12:00:00Z,3.325,73.425,0.0
2001-11-01T12:00:00Z,3.325,73.475,0.0
2001-11-01T12:00:00Z,3.325,73.525,0.0
2001-11-01T12:00:00Z,3.325,73.575,0.0
2001-11-01T12:00:00Z,3.325,73.625,0.0
2001-12-01T12:00:00Z,3.675,73.375,0.0
2001-12-01T12:00:00Z,3.675,73.425,0.0
2001-12-01T12:00:00Z,3.675,73.475,0.0
2001-12-01T12:00:00Z,3.675,73.525,0.0
2001-12-01T12:00:00Z,3.675,73.575,0.0
2001-12-01T12:00:00Z,3.675,73.625,0.0
2001-12-01T12:00:00Z,3.625,73.375,0.0
2001-12-01T12:00:00Z,3.625,73.425,0.0
2001-12-01T12:00:00Z,3.625,73.475,0.0
2001-12-01T12:00:00Z,3.625,73.525,0.0
2001-12-01T12:00:00Z,3.625,73.575,0.0
2001-12-01T12:00:00Z,3.625,73.625,0.0
2001-12-01T12:00:00Z,3.575,73.375,0.0
2001-12-01T12:00:00Z,3.575,73.425,0.0
2001-12-01T12:00:00Z,3.575,73.475,0.0
2001-12-01T12:00:00Z,3.575,73.525,0.0
2001-12-01T12:00:00Z,3.575,73.575,0.0
2001-12-01T12:00:00Z,3.575,73.625,0.0
2001-12-01T12:00:00Z,3.525,73.375,0.0
2001-12-01T12:00:00Z,3.525,73.425,0.0
2001-12-01T12:00:00Z,3.525,73.475,0.0
2001-12-01T12:00:00Z,3.525,73.525,0.0
2001-12-01T12:00:00Z,3.525,73.575,0.0
2001-12-01T12:00:00Z,3.525,73.625,0.0
2001-12-01T12:00:00Z,3.475,73.375,0.0
2001-12-01T12:00:00Z,3.475,73.425,0.0
2001-12-01T12:00:00Z,3.475,73.475,0.0
2001-12-01T12:00:00Z,3.475,73.525,0.0
2001-12-01T12:00:00Z,3.475,73.575,0.0
2001-12-01T12:00:00Z,3.475,73.625,0.0
2001-12-01T12:00:00Z,3.425,73.375,0.0
2001-12-01T12:00:00Z,3.425,73.425,0.0
2001-12-01T12:00:00Z,3.425,73.475,0.0
2001-12-01T12:00:00Z,3.425,73.525,0.0
2001-12-01T12:00:00Z,3.425,73.575,0.0
2001-12-01T12:00:00Z,3.425,73.625,0.0
2001-12-01T12:00:00Z,3.375,73.375,0.0
2001-12-01T12:00:00Z,3.375,73.425,0.0
2001-12-01T12:00:00Z,3.375,73.475,0.0
2001-12-01T12:00:00Z,3.375,73.525,0.0
2001-12-01T12:00:00Z,3.375,73.575,0.0
2001-12-01T12:00:00Z,3.375,73.625,0.0
2001-12-01T12:00:00Z,3.325,73.375,0.0
2001-12-01T12:00:00Z,3.325,73.425,0.0
2001-12-01T12:00:00Z,3.325,73.475,0.0
2001-12-01T12:00:00Z,3.325,73.525,0.0
2001-12-01T12:00:00Z,3.325,73.575,0.0
2001-12-01T12:00:00Z,3.325,73.625,0.0
2001-12-31T12:00:00Z,3.675,73.375,0.0
2001-12-31T12:00:00Z,3.675,73.425,0.0
2001-12-31T12:00:00Z,3.675,73.475,0.0
2001-12-31T12:00:00Z,3.675,73.525,0.0
2001-12-31T12:00:00Z,3.675,73.575,0.0
2001-12-31T12:00:00Z,3.675,73.625,0.0
2001-12-31T12:00:00Z,3.625,73.375,0.0
2001-12-31T12:00:00Z,3.625,73.425,0.0
2001-12-31T12:00:00Z,3.625,73.475,0.0
2001-12-31T12:00:00Z,3.625,73.525,0.0
2001-12-31T12:00:00Z,3.625,73.575,0.0
2001-12-31T12:00:00Z,3.625,73.625,0.0
2001-12-31T12:00:00Z,3.575,73.375,0.0
2001-12-31T12:00:00Z,3.575,73.425,0.0
2001-12-31T12:00:00Z,3.575,73.475,0.0
2001-12-31T12:00:00Z,3.575,73.525,0.0
2001-12-31T12:00:00Z,3.575,73.575,0.0
2001-12-31T12:00:00Z,3.575,73.625,0.0
2001-12-31T12:00:00Z,3.525,73.375,0.0
2001-12-31T12:00:00Z,3.525,73.425,0.0
2001-12-31T12:00:00Z,3.525,73.475,0.0
2001-12-31T12:00:00Z,3.525,73.525,0.0
2001-12-31T12:00:00Z,3.525,73.575,0.0
2001-12-31T12:00:00Z,3.525,73.625,0.0
2001-12-31T12:00:00Z,3.475,73.375,0.0
2001-12-31T12:00:00Z,3.475,73.425,0.0
2001-12-31T12:00:00Z,3.475,73.475,0.0
2001-12-31T12:00:00Z,3.475,73.525,0.0
2001-12-31T12:00:00Z,3.475,73.575,0.0
2001-12-31T12:00:00Z,3.475,73.625,0.0
2001-12-31T12:00:00Z,3.425,73.375,0.0
2001-12-31T12:00:00Z,3.425,73.425,0.0
2001-12-31T12:00:00Z,3.425,73.475,0.0
2001-12-31T12:00:00Z,3.425,73.525,0.0
2001-12-31T12:00:00Z,3.425,73.575,0.0
2001-12-31T12:00:00Z,3.425,73.625,0.0
2001-12-31T12:00:00Z,3.375,73.375,0.0
2001-12-31T12:00:00Z,3.375,73.425,0.0
2001-12-31T12:00:00Z,3.375,73.475,0.0
2001-12-31T12:00:00Z,3.375,73.525,0.0
2001-12-31T12:00:00Z,3.375,73.575,0.0
2001-12-31T12:00:00Z,3.375,73.625,0.0
2001-12-31T12:00:00Z,3.325,73.375,0.0
2001-12-31T12:00:00Z,3.325,73.425,0.0
2001-12-31T12:00:00Z,3.325,73.475,0.0
2001-12-31T12:00:00Z,3.325,73.525,0.0
2001-12-31T12:00:00Z,3.325,73.575,0.0
2001-12-31T12:00:00Z,3.325,73.625,0.0
2002-01-30T12:00:00Z,3.675,73.375,0.0
2002-01-30T12:00:00Z,3.675,73.425,0.0
2002-01-30T12:00:00Z,3.675,73.475,0.0
2002-01-30T12:00:00Z,3.675,73.525,0.0
2002-01-30T12:00:00Z,3.675,73.575,0.0
2002-01-30T12:00:00Z,3.675,73.625,0.0
2002-01-30T12:00:00Z,3.625,73.375,0.0
2002-01-30T12:00:00Z,3.625,73.425,0.0
2002-01-30T12:00:00Z,3.625,73.475,0.0
2002-01-30T12:00:00Z,3.625,73.525,0.0
2002-01-30T12:00:00Z,3.625,73.575,0.0
2002-01-30T12:00:00Z,3.625,73.625,0.0
2002-01-30T12:00:00Z,3.575,73.375,0.0
2002-01-30T12:00:00Z,3.575,73.425,0.0
2002-01-30T12:00:00Z,3.575,73.475,0.0
2002-01-30T12:00:00Z,3.575,73.525,0.0
2002-01-30T12:00:00Z,3.575,73.575,0.0
2002-01-30T12:00:00Z,3.575,73.625,0.0
2002-01-30T12:00:00Z,3.525,73.375,0.0
2002-01-30T12:00:00Z,3.525,73.425,0.0
2002-01-30T12:00:00Z,3.525,73.475,0.0
2002-01-30T12:00:00Z,3.525,73.525,0.0
2002-01-30T12:00:00Z,3.525,73.575,0.0
2002-01-30T12:00:00Z,3.525,73.625,0.0
2002-01-30T12:00:00Z,3.475,73.375,0.0
2002-01-30T12:00:00Z,3.475,73.425,0.0
2002-01-30T12:00:00Z,3.475,73.475,0.0
2002-01-30T12:00:00Z,3.475,73.525,0.0
2002-01-30T12:00:00Z,3.475,73.575,0.0
2002-01-30T12:00:00Z,3.475,73.625,0.0
2002-01-30T12:00:00Z,3.425,73.375,0.0
2002-01-30T12:00:00Z,3.425,73.425,0.0
2002-01-30T12:00:00Z,3.425,73.475,0.0
2002-01-30T12:00:00Z,3.425,73.525,0.0
2002-01-30T12:00:00Z,3.425,73.575,0.0
2002-01-30T12:00:00Z,3.425,73.625,0.0
2002-01-30T12:00:00Z,3.375,73.375,0.0
2002-01-30T12:00:00Z,3.375,73.425,0.0
2002-01-30T12:00:00Z,3.375,73.475,0.0
2002-01-30T12:00:00Z,3.375,73.525,0.0
2002-01-30T12:00:00Z,3.375,73.575,0.0
2002-01-30T12:00:00Z,3.375,73.625,0.0
2002-01-30T12:00:00Z,3.325,73.375,0.0
2002-01-30T12:00:00Z,3.325,73.425,0.0
2002-01-30T12:00:00Z,3.325,73.475,0.0
2002-01-30T12:00:00Z,3.325,73.525,0.0
2002-01-30T12:00:00Z,3.325,73.575,0.0
2002-01-30T12:00:00Z,3.325,73.625,0.0
2002-03-01T12:00:00Z,3.675,73.375,0.0
2002-03-01T12:00:00Z,3.675,73.425,0.0
2002-03-01T12:00:00Z,3.675,73.475,0.0
2002-03-01T12:00:00Z,3.675,73.525,0.0
2002-03-01T12:00:00Z,3.675,73.575,0.0
2002-03-01T12:00:00Z,3.675,73.625,0.0
2002-03-01T12:00:00Z,3.625,73.375,0.0
2002-03-01T12:00:00Z,3.625,73.425,0.0
2002-03-01T12:00:00Z,3.625,73.475,0.0
2002-03-01T12:00:00Z,3.625,73.525,0.0
2002-03-01T12:00:00Z,3.625,73.575,0.0
2002-03-01T12:00:00Z,3.625,73.625,0.0
2002-03-01T12:00:00Z,3.575,73.375,0.0
2002-03-01T12:00:00Z,3.575,73.425,0.0
2002-03-01T12:00:00Z,3.575,73.475,0.0
2002-03-01T12:00:00Z,3.575,73.525,0.0
2002-03-01T12:00:00Z,3.575,73.575,0.0
2002-03-01T12:00:00Z,3.575,73.625,0.0
2002-03-01T12:00:00Z,3.525,73.375,0.0
2002-03-01T12:00:00Z,3.525,73.425,0.0
2002-03-01T12:00:00Z,3.525,73.475,0.0
2002-03-01T12:00:00Z,3.525,73.525,0.0
2002-03-01T12:00:00Z,3.525,73.575,0.0
2002-03-01T12:00:00Z,3.525,73.625,0.0
2002-03-01T12:00:00Z,3.475,73.375,0.0
2002-03-01T12:00:00Z,3.475,73.425,0.0
2002-03-01T12:00:00Z,3.475,73.475,0.0
2002-03-01T12:00:00Z,3.475,73.525,0.0
2002-03-01T12:00:00Z,3.475,73.575,0.0
2002-03-01T12:00:00Z,3.475,73.625,0.0
2002-03-01T12:00:00Z,3.425,73.375,0.0
2002-03-01T12:00:00Z,3.425,73.425,0.0
2002-03-01T12:00:00Z,3.425,73.475,0.0
2002-03-01T12:00:00Z,3.425,73.525,0.0
2002-03-01T12:00:00Z,3.425,73.575,0.0
2002-03-01T12:00:00Z,3.425,73.625,0.0
2002-03-01T12:00:00Z,3.375,73.375,0.0
2002-03-01T12:00:00Z,3.375,73.425,0.0
2002-03-01T12:00:00Z,3.375,73.475,0.0
2002-03-01T12:00:00Z,3.375,73.525,0.0
2002-03-01T12:00:00Z,3.375,73.575,0.0
2002-03-01T12:00:00Z,3.375,73.625,0.0
2002-03-01T12:00:00Z,3.325,73.375,0.0
2002-03-01T12:00:00Z,3.325,73.425,0.0
2002-03-01T12:00:00Z,3.325,73.475,0.0
2002-03-01T12:00:00Z,3.325,73.525,0.0
2002-03-01T12:00:00Z,3.325,73.575,0.0
2002-03-01T12:00:00Z,3.325,73.625,0.0
2002-03-31T12:00:00Z,3.675,73.375,0.0
2002-03-31T12:00:00Z,3.675,73.425,0.0
2002-03-31T12:00:00Z,3.675,73.475,0.0
2002-03-31T12:00:00Z,3.675,73.525,0.0
2002-03-31T12:00:00Z,3.675,73.575,0.0
2002-03-31T12:00:00Z,3.675,73.625,0.0
2002-03-31T12:00:00Z,3.625,73.375,0.0
2002-03-31T12:00:00Z,3.625,73.425,0.0
2002-03-31T12:00:00Z,3.625,73.475,0.0
2002-03-31T12:00:00Z,3.625,73.525,0.0
2002-03-31T12:00:00Z,3.625,73.575,0.0
2002-03-31T12:00:00Z,3.625,73.625,0.0
2002-03-31T12:00:00Z,3.575,73.375,0.0
2002-03-31T12:00:00Z,3.575,73.425,0.0
2002-03-31T12:00:00Z,3.575,73.475,0.0
2002-03-31T12:00:00Z,3.575,73.525,0.0
2002-03-31T12:00:00Z,3.575,73.575,0.0
2002-03-31T12:00:00Z,3.575,73.625,0.0
2002-03-31T12:00:00Z,3.525,73.375,0.0
2002-03-31T12:00:00Z,3.525,73.425,0.0
2002-03-31T12:00:00Z,3.525,73.475,0.0
2002-03-31T12:00:00Z,3.525,73.525,0.0
2002-03-31T12:00:00Z,3.525,73.575,0.0
2002-03-31T12:00:00Z,3.525,73.625,0.0
2002-03-31T12:00:00Z,3.475,73.375,0.0
2002-03-31T12:00:00Z,3.475,73.425,0.0
2002-03-31T12:00:00Z,3.475,73.475,0.0
2002-03-31T12:00:00Z,3.475,73.525,0.0
2002-03-31T12:00:00Z,3.475,73.575,0.0
2002-03-31T12:00:00Z,3.475,73.625,0.0
2002-03-31T12:00:00Z,3.425,73.375,0.0
2002-03-31T12:00:00Z,3.425,73.425,0.0
2002-03-31T12:00:00Z,3.425,73.475,0.0
2002-03-31T12:00:00Z,3.425,73.525,0.0
2002-03-31T12:00:00Z,3.425,73.575,0.0
2002-03-31T12:00:00Z,3.425,73.625,0.0
2002-03-31T12:00:00Z,3.375,73.375,0.0
2002-03-31T12:00:00Z,3.375,73.425,0.0
2002-03-31T12:00:00Z,3.375,73.475,0.0
2002-03-31T12:00:00Z,3.375,73.525,0.0
2002-03-31T12:00:00Z,3.375,73.575,0.0
2002-03-31T12:00:00Z,3.375,73.625,0.0
2002-03-31T12:00:00Z,3.325,73.375,0.0
2002-03-31T12:00:00Z,3.325,73.425,0.0
2002-03-31T12:00:00Z,3.325,73.475,0.0
2002-03-31T12:00:00Z,3.325,73.525,0.0
2002-03-31T12:00:00Z,3.325,73.575,0.0
2002-03-31T12:00:00Z,3.325,73.625,0.0
2002-04-30T12:00:00Z,3.675,73.375,0.0
2002-04-30T12:00:00Z,3.675,73.425,0.0
2002-04-30T12:00:00Z,3.675,73.475,0.0
2002-04-30T12:00:00Z,3.675,73.525,0.0
2002-04-30T12:00:00Z,3.675,73.575,0.0
2002-04-30T12:00:00Z,3.675,73.625,0.0
2002-04-30T12:00:00Z,3.625,73.375,0.0
2002-04-30T12:00:00Z,3.625,73.425,0.0
2002-04-30T12:00:00Z,3.625,73.475,0.0
2002-04-30T12:00:00Z,3.625,73.525,0.0
2002-04-30T12:00:00Z,3.625,73.575,0.0
2002-04-30T12:00:00Z,3.625,73.625,0.0
2002-04-30T12:00:00Z,3.575,73.375,0.0
2002-04-30T12:00:00Z,3.575,73.425,0.0
2002-04-30T12:00:00Z,3.575,73.475,0.0
2002-04-30T12:00:00Z,3.575,73.525,0.0
2002-04-30T12:00:00Z,3.575,73.575,0.0
2002-04-30T12:00:00Z,3.575,73.625,0.0
2002-04-30T12:00:00Z,3.525,73.375,0.0
2002-04-30T12:00:00Z,3.525,73.425,0.0
2002-04-30T12:00:00Z,3.525,73.475,0.0
2002-04-30T12:00:00Z,3.525,73.525,0.0
2002-04-30T12:00:00Z,3.525,73.575,0.0
2002-04-30T12:00:00Z,3.525,73.625,0.0
2002-04-30T12:00:00Z,3.475,73.375,0.0
2002-04-30T12:00:00Z,3.475,73.425,0.0
2002-04-30T12:00:00Z,3.475,73.475,0.0
2002-04-30T12:00:00Z,3.475,73.525,0.0
2002-04-30T12:00:00Z,3.475,73.575,0.0
2002-04-30T12:00:00Z,3.475,73.625,0.0
2002-04-30T12:00:00Z,3.425,73.375,0.0
2002-04-30T12:00:00Z,3.425,73.425,0.0
2002-04-30T12:00:00Z,3.425,73.475,0.0
2002-04-30T12:00:00Z,3.425,73.525,0.0
2002-04-30T12:00:00Z,3.425,73.575,0.0
2002-04-30T12:00:00Z,3.425,73.625,0.0
2002-04-30T12:00:00Z,3.375,73.375,0.0
2002-04-30T12:00:00Z,3.375,73.425,0.0
2002-04-30T12:00:00Z,3.375,73.475,0.0
2002-04-30T12:00:00Z,3.375,73.525,0.0
2002-04-30T12:00:00Z,3.375,73.575,0.0
2002-04-30T12:00:00Z,3.375,73.625,0.0
2002-04-30T12:00:00Z,3.325,73.375,0.0
2002-04-30T12:00:00Z,3.325,73.425,0.0
2002-04-30T12:00:00Z,3.325,73.475,0.0
2002-04-30T12:00:00Z,3.325,73.525,0.0
2002-04-30T12:00:00Z,3.325,73.575,0.0
2002-04-30T12:00:00Z,3.325,73.625,0.0
2002-05-30T12:00:00Z,3.675,73.375,0.0
2002-05-30T12:00:00Z,3.675,73.425,0.0
2002-05-30T12:00:00Z,3.675,73.475,0.0
2002-05-30T12:00:00Z,3.675,73.525,0.0
2002-05-30T12:00:00Z,3.675,73.575,0.0
2002-05-30T12:00:00Z,3.675,73.625,0.0
2002-05-30T12:00:00Z,3.625,73.375,0.0
2002-05-30T12:00:00Z,3.625,73.425,0.0
2002-05-30T12:00:00Z,3.625,73.475,0.0
2002-05-30T12:00:00Z,3.625,73.525,0.0
2002-05-30T12:00:00Z,3.625,73.575,0.0
2002-05-30T12:00:00Z,3.625,73.625,0.0
2002-05-30T12:00:00Z,3.575,73.375,0.0
2002-05-30T12:00:00Z,3.575,73.425,0.0
2002-05-30T12:00:00Z,3.575,73.475,0.0
2002-05-30T12:00:00Z,3.575,73.525,0.0
2002-05-30T12:00:00Z,3.575,73.575,0.0
2002-05-30T12:00:00Z,3.575,73.625,0.0
2002-05-30T12:00:00Z,3.525,73.375,0.0
2002-05-30T12:00:00Z,3.525,73.425,0.0
2002-05-30T12:00:00Z,3.525,73.475,0.0
2002-05-30T12:00:00Z,3.525,73.525,0.0
2002-05-30T12:00:00Z,3.525,73.575,0.0
2002-05-30T12:00:00Z,3.525,73.625,0.0
2002-05-30T12:00:00Z,3.475,73.375,0.0
2002-05-30T12:00:00Z,3.475,73.425,0.0
2002-05-30T12:00:00Z,3.475,73.475,0.0
2002-05-30T12:00:00Z,3.475,73.525,0.0
2002-05-30T12:00:00Z,3.475,73.575,0.0
2002-05-30T12:00:00Z,3.475,73.625,0.0
2002-05-30T12:00:00Z,3.425,73.375,0.0
2002-05-30T12:00:00Z,3.425,73.425,0.0
2002-05-30T12:00:00Z,3.425,73.475,0.0
2002-05-30T12:00:00Z,3.425,73.525,0.0
2002-05-30T12:00:00Z,3.425,73.575,0.0
2002-05-30T12:00:00Z,3.425,73.625,0.0
2002-05-30T12:00:00Z,3.375,73.375,0.0
2002-05-30T12:00:00Z,3.375,73.425,0.0
2002-05-30T12:00:00Z,3.375,73.475,0.0
2002-05-30T12:00:00Z,3.375,73.525,0.0
2002-05-30T12:00:00Z,3.375,73.575,0.0
2002-05-30T12:00:00Z,3.375,73.625,0.0
2002-05-30T12:00:00Z,3.325,73.375,0.0
2002-05-30T12:00:00Z,3.325,73.425,0.0
2002-05-30T12:00:00Z,3.325,73.475,0.0
2002-05-30T12:00:00Z,3.325,73.525,0.0
2002-05-30T12:00:00Z,3.325,73.575,0.0
2002-05-30T12:00:00Z,3.325,73.625,0.0
2002-06-29T12:00:00Z,3.675,73.375,0.0
2002-06-29T12:00:00Z,3.675,73.425,0.0
2002-06-29T12:00:00Z,3.675,73.475,0.0
2002-06-29T12:00:00Z,3.675,73.525,0.0
2002-06-29T12:00:00Z,3.675,73.575,0.0
2002-06-29T12:00:00Z,3.675,73.625,0.0
2002-06-29T12:00:00Z,3.625,73.375,0.0
2002-06-29T12:00:00Z,3.625,73.425,0.0
2002-06-29T12:00:00Z,3.625,73.475,0.0
2002-06-29T12:00:00Z,3.625,73.525,0.0
2002-06-29T12:00:00Z,3.625,73.575,0.0
2002-06-29T12:00:00Z,3.625,73.625,0.0
2002-06-29T12:00:00Z,3.575,73.375,0.0
2002-06-29T12:00:00Z,3.575,73.425,0.0
2002-06-29T12:00:00Z,3.575,73.475,0.0
2002-06-29T12:00:00Z,3.575,73.525,0.0
2002-06-29T12:00:00Z,3.575,73.575,0.0
2002-06-29T12:00:00Z,3.575,73.625,0.0
2002-06-29T12:00:00Z,3.525,73.375,0.0
2002-06-29T12:00:00Z,3.525,73.425,0.0
2002-06-29T12:00:00Z,3.525,73.475,0.0
2002-06-29T12:00:00Z,3.525,73.525,0.0
2002-06-29T12:00:00Z,3.525,73.575,0.0
2002-06-29T12:00:00Z,3.525,73.625,0.0
2002-06-29T12:00:00Z,3.475,73.375,0.0
2002-06-29T12:00:00Z,3.475,73.425,0.0
2002-06-29T12:00:00Z,3.475,73.475,0.0
2002-06-29T12:00:00Z,3.475,73.525,0.0
2002-06-29T12:00:00Z,3.475,73.575,0.0
2002-06-29T12:00:00Z,3.475,73.625,0.0
2002-06-29T12:00:00Z,3.425,73.375,0.0
2002-06-29T12:00:00Z,3.425,73.425,0.0
2002-06-29T12:00:00Z,3.425,73.475,0.0
2002-06-29T12:00:00Z,3.425,73.525,0.0
2002-06-29T12:00:00Z,3.425,73.575,0.0
2002-06-29T12:00:00Z,3.425,73.625,0.0
2002-06-29T12:00:00Z,3.375,73.375,0.0
2002-06-29T12:00:00Z,3.375,73.425,0.0
2002-06-29T12:00:00Z,3.375,73.475,0.0
2002-06-29T12:00:00Z,3.375,73.525,0.0
2002-06-29T12:00:00Z,3.375,73.575,0.0
2002-06-29T12:00:00Z,3.375,73.625,0.0
2002-06-29T12:00:00Z,3.325,73.375,0.0
2002-06-29T12:00:00Z,3.325,73.425,0.0
2002-06-29T12:00:00Z,3.325,73.475,0.0
2002-06-29T12:00:00Z,3.325,73.525,0.0
2002-06-29T12:00:00Z,3.325,73.575,0.0
2002-06-29T12:00:00Z,3.325,73.625,0.0
2002-07-29T12:00:00Z,3.675,73.375,0.0
2002-07-29T12:00:00Z,3.675,73.425,0.0
2002-07-29T12:00:00Z,3.675,73.475,0.0
2002-07-29T12:00:00Z,3.675,73.525,0.0
2002-07-29T12:00:00Z,3.675,73.575,0.0
2002-07-29T12:00:00Z,3.675,73.625,0.0
2002-07-29T12:00:00Z,3.625,73.375,0.0
2002-07-29T12:00:00Z,3.625,73.425,0.0
2002-07-29T12:00:00Z,3.625,73.475,0.0
2002-07-29T12:00:00Z,3.625,73.525,0.0
2002-07-29T12:00:00Z,3.625,73.575,0.0
2002-07-29T12:00:00Z,3.625,73.625,0.0
2002-07-29T12:00:00Z,3.575,73.375,0.0
2002-07-29T12:00:00Z,3.575,73.425,0.0
2002-07-29T12:00:00Z,3.575,73.475,0.0
2002-07-29T12:00:00Z,3.575,73.525,0.0
2002-07-29T12:00:00Z,3.575,73.575,0.0
2002-07-29T12:00:00Z,3.575,73.625,0.0
2002-07-29T12:00:00Z,3.525,73.375,0.0
2002-07-29T12:00:00Z,3.525,73.425,0.0
2002-07-29T12:00:00Z,3.525,73.475,0.0
2002-07-29T12:00:00Z,3.525,73.525,0.0
2002-07-29T12:00:00Z,3.525,73.575,0.0
2002-07-29T12:00:00Z,3.525,73.625,0.0
2002-07-29T12:00:00Z,3.475,73.375,0.0
2002-07-29T12:00:00Z,3.475,73.425,0.0
2002-07-29T12:00:00Z,3.475,73.475,0.0
2002-07-29T12:00:00Z,3.475,73.525,0.0
2002-07-29T12:00:00Z,3.475,73.575,0.0
2002-07-29T12:00:00Z,3.475,73.625,0.0
2002-07-29T12:00:00Z,3.425,73.375,0.0
2002-07-29T12:00:00Z,3.425,73.425,0.0
2002-07-29T12:00:00Z,3.425,73.475,0.0
2002-07-29T12:00:00Z,3.425,73.525,0.0
2002-07-29T12:00:00Z,3.425,73.575,0.0
2002-07-29T12:00:00Z,3.425,73.625,0.0
2002-07-29T12:00:00Z,3.375,73.375,0.0
2002-07-29T12:00:00Z,3.375,73.425,0.0
2002-07-29T12:00:00Z,3.375,73.475,0.0
2002-07-29T12:00:00Z,3.375,73.525,0.0
2002-07-29T12:00:00Z,3.375,73.575,0.0
2002-07-29T12:00:00Z,3.375,73.625,0.0
2002-07-29T12:00:00Z,3.325,73.375,0.0
2002-07-29T12:00:00Z,3.325,73.425,0.0
2002-07-29T12:00:00Z,3.325,73.475,0.0
2002-07-29T12:00:00Z,3.325,73.525,0.0
2002-07-29T12:00:00Z,3.325,73.575,0.0
2002-07-29T12:00:00Z,3.325,73.625,0.0
2002-08-28T12:00:00Z,3.675,73.375,0.0
2002-08-28T12:00:00Z,3.675,73.425,0.0
2002-08-28T12:00:00Z,3.675,73.475,0.0
2002-08-28T12:00:00Z,3.675,73.525,0.0
2002-08-28T12:00:00Z,3.675,73.575,0.0
2002-08-28T12:00:00Z,3.675,73.625,0.0
2002-08-28T12:00:00Z,3.625,73.375,0.0
2002-08-28T12:00:00Z,3.625,73.425,0.0
2002-08-28T12:00:00Z,3.625,73.475,0.0
2002-08-28T12:00:00Z,3.625,73.525,0.0
2002-08-28T12:00:00Z,3.625,73.575,0.0
2002-08-28T12:00:00Z,3.625,73.625,0.0
2002-08-28T12:00:00Z,3.575,73.375,0.0
2002-08-28T12:00:00Z,3.575,73.425,0.0
2002-08-28T12:00:00Z,3.575,73.475,0.0
2002-08-28T12:00:00Z,3.575,73.525,0.0
2002-08-28T12:00:00Z,3.575,73.575,0.0
2002-08-28T12:00:00Z,3.575,73.625,0.0
2002-08-28T12:00:00Z,3.525,73.375,0.0
2002-08-28T12:00:00Z,3.525,73.425,0.0
2002-08-28T12:00:00Z,3.525,73.475,0.0
2002-08-28T12:00:00Z,3.525,73.525,0.0
2002-08-28T12:00:00Z,3.525,73.575,0.0
2002-08-28T12:00:00Z,3.525,73.625,0.0
2002-08-28T12:00:00Z,3.475,73.375,0.0
2002-08-28T12:00:00Z,3.475,73.425,0.0
2002-08-28T12:00:00Z,3.475,73.475,0.0
2002-08-28T12:00:00Z,3.475,73.525,0.0
2002-08-28T12:00:00Z,3.475,73.575,0.0
2002-08-28T12:00:00Z,3.475,73.625,0.0
2002-08-28T12:00:00Z,3.425,73.375,0.0
2002-08-28T12:00:00Z,3.425,73.425,0.0
2002-08-28T12:00:00Z,3.425,73.475,0.0
2002-08-28T12:00:00Z,3.425,73.525,0.0
2002-08-28T12:00:00Z,3.425,73.575,0.0
2002-08-28T12:00:00Z,3.425,73.625,0.0
2002-08-28T12:00:00Z,3.375,73.375,0.0
2002-08-28T12:00:00Z,3.375,73.425,0.0
2002-08-28T12:00:00Z,3.375,73.475,0.0
2002-08-28T12:00:00Z,3.375,73.525,0.0
2002-08-28T12:00:00Z,3.375,73.575,0.0
2002-08-28T12:00:00Z,3.375,73.625,0.0
2002-08-28T12:00:00Z,3.325,73.375,0.0
2002-08-28T12:00:00Z,3.325,73.425,0.0
2002-08-28T12:00:00Z,3.325,73.475,0.0
2002-08-28T12:00:00Z,3.325,73.525,0.0
2002-08-28T12:00:00Z,3.325,73.575,0.0
2002-08-28T12:00:00Z,3.325,73.625,0.0
2002-09-27T12:00:00Z,3.675,73.375,0.0
2002-09-27T12:00:00Z,3.675,73.425,0.0
2002-09-27T12:00:00Z,3.675,73.475,0.0
2002-09-27T12:00:00Z,3.675,73.525,0.0
2002-09-27T12:00:00Z,3.675,73.575,0.0
2002-09-27T12:00:00Z,3.675,73.625,0.0
2002-09-27T12:00:00Z,3.625,73.375,0.0
2002-09-27T12:00:00Z,3.625,73.425,0.0
2002-09-27T12:00:00Z,3.625,73.475,0.0
2002-09-27T12:00:00Z,3.625,73.525,0.0
2002-09-27T12:00:00Z,3.625,73.575,0.0
2002-09-27T12:00:00Z,3.625,73.625,0.0
2002-09-27T12:00:00Z,3.575,73.375,0.0
2002-09-27T12:00:00Z,3.575,73.425,0.0
2002-09-27T12:00:00Z,3.575,73.475,0.0
2002-09-27T12:00:00Z,3.575,73.525,0.0
2002-09-27T12:00:00Z,3.575,73.575,0.0
2002-09-27T12:00:00Z,3.575,73.625,0.0
2002-09-27T12:00:00Z,3.525,73.375,0.0
2002-09-27T12:00:00Z,3.525,73.425,0.0
2002-09-27T12:00:00Z,3.525,73.475,0.0
2002-09-27T12:00:00Z,3.525,73.525,0.0
2002-09-27T12:00:00Z,3.525,73.575,0.0
2002-09-27T12:00:00Z,3.525,73.625,0.0
2002-09-27T12:00:00Z,3.475,73.375,0.0
2002-09-27T12:00:00Z,3.475,73.425,0.0
2002-09-27T12:00:00Z,3.475,73.475,0.0
2002-09-27T12:00:00Z,3.475,73.525,0.0
2002-09-27T12:00:00Z,3.475,73.575,0.0
2002-09-27T12:00:00Z,3.475,73.625,0.0
2002-09-27T12:00:00Z,3.425,73.375,0.0
2002-09-27T12:00:00Z,3.425,73.425,0.0
2002-09-27T12:00:00Z,3.425,73.475,0.0
2002-09-27T12:00:00Z,3.425,73.525,0.0
2002-09-27T12:00:00Z,3.425,73.575,0.0
2002-09-27T12:00:00Z,3.425,73.625,0.0
2002-09-27T12:00:00Z,3.375,73.375,0.0
2002-09-27T12:00:00Z,3.375,73.425,0.0
2002-09-27T12:00:00Z,3.375,73.475,0.0
2002-09-27T12:00:00Z,3.375,73.525,0.0
2002-09-27T12:00:00Z,3.375,73.575,0.0
2002-09-27T12:00:00Z,3.375,73.625,0.0
2002-09-27T12:00:00Z,3.325,73.375,0.0
2002-09-27T12:00:00Z,3.325,73.425,0.0
2002-09-27T12:00:00Z,3.325,73.475,0.0
2002-09-27T12:00:00Z,3.325,73.525,0.0
2002-09-27T12:00:00Z,3.325,73.575,0.0
2002-09-27T12:00:00Z,3.325,73.625,0.0
2002-10-27T12:00:00Z,3.675,73.375,0.0
2002-10-27T12:00:00Z,3.675,73.425,0.0
2002-10-27T12:00:00Z,3.675,73.475,0.0
2002-10-27T12:00:00Z,3.675,73.525,0.0
2002-10-27T12:00:00Z,3.675,73.575,0.0
2002-10-27T12:00:00Z,3.675,73.625,0.0
2002-10-27T12:00:00Z,3.625,73.375,0.0
2002-10-27T12:00:00Z,3.625,73.425,0.0
2002-10-27T12:00:00Z,3.625,73.475,0.0
2002-10-27T12:00:00Z,3.625,73.525,0.0
2002-10-27T12:00:00Z,3.625,73.575,0.0
2002-10-27T12:00:00Z,3.625,73.625,0.0
2002-10-27T12:00:00Z,3.575,73.375,0.0
2002-10-27T12:00:00Z,3.575,73.425,0.0
2002-10-27T12:00:00Z,3.575,73.475,0.0
2002-10-27T12:00:00Z,3.575,73.525,0.0
2002-10-27T12:00:00Z,3.575,73.575,0.0
2002-10-27T12:00:00Z,3.575,73.625,0.0
2002-10-27T12:00:00Z,3.525,73.375,0.0
2002-10-27T12:00:00Z,3.525,73.425,0.0
2002-10-27T12:00:00Z,3.525,73.475,0.0
2002-10-27T12:00:00Z,3.525,73.525,0.0
2002-10-27T12:00:00Z,3.525,73.575,0.0
2002-10-27T12:00:00Z,3.525,73.625,0.0
2002-10-27T12:00:00Z,3.475,73.375,0.0
2002-10-27T12:00:00Z,3.475,73.425,0.0
2002-10-27T12:00:00Z,3.475,73.475,0.0
2002-10-27T12:00:00Z,3.475,73.525,0.0
2002-10-27T12:00:00Z,3.475,73.575,0.0
2002-10-27T12:00:00Z,3.475,73.625,0.0
2002-10-27T12:00:00Z,3.425,73.375,0.0
2002-10-27T12:00:00Z,3.425,73.425,0.0
2002-10-27T12:00:00Z,3.425,73.475,0.0
2002-10-27T12:00:00Z,3.425,73.525,0.0
2002-10-27T12:00:00Z,3.425,73.575,0.0
2002-10-27T12:00:00Z,3.425,73.625,0.0
2002-10-27T12:00:00Z,3.375,73.375,0.0
2002-10-27T12:00:00Z,3.375,73.425,0.0
2002-10-27T12:00:00Z,3.375,73.475,0.0
2002-10-27T12:00:00Z,3.375,73.525,0.0
2002-10-27T12:00:00Z,3.375,73.575,0.0
2002-10-27T12:00:00Z,3.375,73.625,0.0
2002-10-27T12:00:00Z,3.325,73.375,0.0
2002-10-27T12:00:00Z,3.325,73.425,0.0
2002-10-27T12:00:00Z,3.325,73.475,0.0
2002-10-27T12:00:00Z,3.325,73.525,0.0
2002-10-27T12:00:00Z,3.325,73.575,0.0
2002-10-27T12:00:00Z,3.325,73.625,0.0
2002-11-26T12:00:00Z,3.675,73.375,0.0
2002-11-26T12:00:00Z,3.675,73.425,0.0
2002-11-26T12:00:00Z,3.675,73.475,0.0
2002-11-26T12:00:00Z,3.675,73.525,0.0
2002-11-26T12:00:00Z,3.675,73.575,0.0
2002-11-26T12:00:00Z,3.675,73.625,0.0
2002-11-26T12:00:00Z,3.625,73.375,0.0
2002-11-26T12:00:00Z,3.625,73.425,0.0
2002-11-26T12:00:00Z,3.625,73.475,0.0
2002-11-26T12:00:00Z,3.625,73.525,0.0
2002-11-26T12:00:00Z,3.625,73.575,0.0
2002-11-26T12:00:00Z,3.625,73.625,0.0
2002-11-26T12:00:00Z,3.575,73.375,0.0
2002-11-26T12:00:00Z,3.575,73.425,0.0
2002-11-26T12:00:00Z,3.575,73.475,0.0
2002-11-26T12:00:00Z,3.575,73.525,0.0
2002-11-26T12:00:00Z,3.575,73.575,0.0
2002-11-26T12:00:00Z,3.575,73.625,0.0
2002-11-26T12:00:00Z,3.525,73.375,0.0
2002-11-26T12:00:00Z,3.525,73.425,0.0
2002-11-26T12:00:00Z,3.525,73.475,0.0
2002-11-26T12:00:00Z,3.525,73.525,0.0
2002-11-26T12:00:00Z,3.525,73.575,0.0
2002-11-26T12:00:00Z,3.525,73.625,0.0
2002-11-26T12:00:00Z,3.475,73.375,0.0
2002-11-26T12:00:00Z,3.475,73.425,0.0
2002-11-26T12:00:00Z,3.475,73.475,0.0
2002-11-26T12:00:00Z,3.475,73.525,0.0
2002-11-26T12:00:00Z,3.475,73.575,0.0
2002-11-26T12:00:00Z,3.475,73.625,0.0
2002-11-26T12:00:00Z,3.425,73.375,0.0
2002-11-26T12:00:00Z,3.425,73.425,0.0
2002-11-26T12:00:00Z,3.425,73.475,0.0
2002-11-26T12:00:00Z,3.425,73.525,0.0
2002-11-26T12:00:00Z,3.425,73.575,0.0
2002-11-26T12:00:00Z,3.425,73.625,0.0
2002-11-26T12:00:00Z,3.375,73.375,0.0
2002-11-26T12:00:00Z,3.375,73.425,0.0
2002-11-26T12:00:00Z,3.375,73.475,0.0
2002-11-26T12:00:00Z,3.375,73.525,0.0
2002-11-26T12:00:00Z,3.375,73.575,0.0
2002-11-26T12:00:00Z,3.375,73.625,0.0
2002-11-26T12:00:00Z,3.325,73.375,0.0
2002-11-26T12:00:00Z,3.325,73.425,0.0
2002-11-26T12:00:00Z,3.325,73.475,0.0
2002-11-26T12:00:00Z,3.325,73.525,0.0
2002-11-26T12:00:00Z,3.325,73.575,0.0
2002-11-26T12:00:00Z,3.325,73.625,0.0
2002-12-26T12:00:00Z,3.675,73.375,0.0
2002-12-26T12:00:00Z,3.675,73.425,0.0
2002-12-26T12:00:00Z,3.675,73.475,0.0
2002-12-26T12:00:00Z,3.675,73.525,0.0
2002-12-26T12:00:00Z,3.675,73.575,0.0
2002-12-26T12:00:00Z,3.675,73.625,0.0
2002-12-26T12:00:00Z,3.625,73.375,0.0
2002-12-26T12:00:00Z,3.625,73.425,0.0
2002-12-26T12:00:00Z,3.625,73.475,0.0
2002-12-26T12:00:00Z,3.625,73.525,0.0
2002-12-26T12:00:00Z,3.625,73.575,0.0
2002-12-26T12:00:00Z,3.625,73.625,0.0
2002-12-26T12:00:00Z,3.575,73.375,0.0
2002-12-26T12:00:00Z,3.575,73.425,0.0
2002-12-26T12:00:00Z,3.575,73.475,0.0
2002-12-26T12:00:00Z,3.575,73.525,0.0
2002-12-26T12:00:00Z,3.575,73.575,0.0
2002-12-26T12:00:00Z,3.575,73.625,0.0
2002-12-26T12:00:00Z,3.525,73.375,0.0
2002-12-26T12:00:00Z,3.525,73.425,0.0
2002-12-26T12:00:00Z,3.525,73.475,0.0
2002-12-26T12:00:00Z,3.525,73.525,0.0
2002-12-26T12:00:00Z,3.525,73.575,0.0
2002-12-26T12:00:00Z,3.525,73.625,0.0
2002-12-26T12:00:00Z,3.475,73.375,0.0
2002-12-26T12:00:00Z,3.475,73.425,0.0
2002-12-26T12:00:00Z,3.475,73.475,0.0
2002-12-26T12:00:00Z,3.475,73.525,0.0
2002-12-26T12:00:00Z,3.475,73.575,0.0
2002-12-26T12:00:00Z,3.475,73.625,0.0
2002-12-26T12:00:00Z,3.425,73.375,0.0
2002-12-26T12:00:00Z,3.425,73.425,0.0
2002-12-26T12:00:00Z,3.425,73.475,0.0
2002-12-26T12:00:00Z,3.425,73.525,0.0
2002-12-26T12:00:00Z,3.425,73.575,0.0
2002-12-26T12:00:00Z,3.425,73.625,0.0
2002-12-26T12:00:00Z,3.375,73.375,0.0
2002-12-26T12:00:00Z,3.375,73.425,0.0
2002-12-26T12:00:00Z,3.375,73.475,0.0
2002-12-26T12:00:00Z,3.375,73.525,0.0
2002-12-26T12:00:00Z,3.375,73.575,0.0
2002-12-26T12:00:00Z,3.375,73.625,0.0
2002-12-26T12:00:00Z,3.325,73.375,0.0
2002-12-26T12:00:00Z,3.325,73.425,0.0
2002-12-26T12:00:00Z,3.325,73.475,0.0
2002-12-26T12:00:00Z,3.325,73.525,0.0
2002-12-26T12:00:00Z,3.325,73.575,0.0
2002-12-26T12:00:00Z,3.325,73.625,0.0
2003-01-25T12:00:00Z,3.675,73.375,0.0
2003-01-25T12:00:00Z,3.675,73.425,0.0
2003-01-25T12:00:00Z,3.675,73.475,0.0
2003-01-25T12:00:00Z,3.675,73.525,0.0
2003-01-25T12:00:00Z,3.675,73.575,0.0
2003-01-25T12:00:00Z,3.675,73.625,0.0
2003-01-25T12:00:00Z,3.625,73.375,0.0
2003-01-25T12:00:00Z,3.625,73.425,0.0
2003-01-25T12:00:00Z,3.625,73.475,0.0
2003-01-25T12:00:00Z,3.625,73.525,0.0
2003-01-25T12:00:00Z,3.625,73.575,0.0
2003-01-25T12:00:00Z,3.625,73.625,0.0
2003-01-25T12:00:00Z,3.575,73.375,0.0
2003-01-25T12:00:00Z,3.575,73.425,0.0
2003-01-25T12:00:00Z,3.575,73.475,0.0
2003-01-25T12:00:00Z,3.575,73.525,0.0
2003-01-25T12:00:00Z,3.575,73.575,0.0
2003-01-25T12:00:00Z,3.575,73.625,0.0
2003-01-25T12:00:00Z,3.525,73.375,0.0
2003-01-25T12:00:00Z,3.525,73.425,0.0
2003-01-25T12:00:00Z,3.525,73.475,0.0
2003-01-25T12:00:00Z,3.525,73.525,0.0
2003-01-25T12:00:00Z,3.525,73.575,0.0
2003-01-25T12:00:00Z,3.525,73.625,0.0
2003-01-25T12:00:00Z,3.475,73.375,0.0
2003-01-25T12:00:00Z,3.475,73.425,0.0
2003-01-25T12:00:00Z,3.475,73.475,0.0
2003-01-25T12:00:00Z,3.475,73.525,0.0
2003-01-25T12:00:00Z,3.475,73.575,0.0
2003-01-25T12:00:00Z,3.475,73.625,0.0
2003-01-25T12:00:00Z,3.425,73.375,0.0
2003-01-25T12:00:00Z,3.425,73.425,0.0
2003-01-25T12:00:00Z,3.425,73.475,0.0
2003-01-25T12:00:00Z,3.425,73.525,0.0
2003-01-25T12:00:00Z,3.425,73.575,0.0
2003-01-25T12:00:00Z,3.425,73.625,0.0
2003-01-25T12:00:00Z,3.375,73.375,0.0
2003-01-25T12:00:00Z,3.375,73.425,0.0
2003-01-25T12:00:00Z,3.375,73.475,0.0
2003-01-25T12:00:00Z,3.375,73.525,0.0
2003-01-25T12:00:00Z,3.375,73.575,0.0
2003-01-25T12:00:00Z,3.375,73.625,0.0
2003-01-25T12:00:00Z,3.325,73.375,0.0
2003-01-25T12:00:00Z,3.325,73.425,0.0
2003-01-25T12:00:00Z,3.325,73.475,0.0
2003-01-25T12:00:00Z,3.325,73.525,0.0
2003-01-25T12:00:00Z,3.325,73.575,0.0
2003-01-25T12:00:00Z,3.325,73.625,0.0
2003-02-24T12:00:00Z,3.675,73.375,0.0
2003-02-24T12:00:00Z,3.675,73.425,0.0
2003-02-24T12:00:00Z,3.675,73.475,0.0
2003-02-24T12:00:00Z,3.675,73.525,0.0
2003-02-24T12:00:00Z,3.675,73.575,0.0
2003-02-24T12:00:00Z,3.675,73.625,0.0
2003-02-24T12:00:00Z,3.625,73.375,0.0
2003-02-24T12:00:00Z,3.625,73.425,0.0
2003-02-24T12:00:00Z,3.625,73.475,0.0
2003-02-24T12:00:00Z,3.625,73.525,0.0
2003-02-24T12:00:00Z,3.625,73.575,0.0
2003-02-24T12:00:00Z,3.625,73.625,0.0
2003-02-24T12:00:00Z,3.575,73.375,0.0
2003-02-24T12:00:00Z,3.575,73.425,0.0
2003-02-24T12:00:00Z,3.575,73.475,0.0
2003-02-24T12:00:00Z,3.575,73.525,0.0
2003-02-24T12:00:00Z,3.575,73.575,0.0
2003-02-24T12:00:00Z,3.575,73.625,0.0
2003-02-24T12:00:00Z,3.525,73.375,0.0
2003-02-24T12:00:00Z,3.525,73.425,0.0
2003-02-24T12:00:00Z,3.525,73.475,0.0
2003-02-24T12:00:00Z,3.525,73.525,0.0
2003-02-24T12:00:00Z,3.525,73.575,0.0
2003-02-24T12:00:00Z,3.525,73.625,0.0
2003-02-24T12:00:00Z,3.475,73.375,0.0
2003-02-24T12:00:00Z,3.475,73.425,0.0
2003-02-24T12:00:00Z,3.475,73.475,0.0
2003-02-24T12:00:00Z,3.475,73.525,0.0
2003-02-24T12:00:00Z,3.475,73.575,0.0
2003-02-24T12:00:00Z,3.475,73.625,0.0
2003-02-24T12:00:00Z,3.425,73.375,0.0
2003-02-24T12:00:00Z,3.425,73.425,0.0
2003-02-24T12:00:00Z,3.425,73.475,0.0
2003-02-24T12:00:00Z,3.425,73.525,0.0
2003-02-24T12:00:00Z,3.425,73.575,0.0
2003-02-24T12:00:00Z,3.425,73.625,0.0
2003-02-24T12:00:00Z,3.375,73.375,0.0
2003-02-24T12:00:00Z,3.375,73.425,0.0
2003-02-24T12:00:00Z,3.375,73.475,0.0
2003-02-24T12:00:00Z,3.375,73.525,0.0
2003-02-24T12:00:00Z,3.375,73.575,0.0
2003-02-24T12:00:00Z,3.375,73.625,0.0
2003-02-24T12:00:00Z,3.325,73.375,0.0
2003-02-24T12:00:00Z,3.325,73.425,0.0
2003-02-24T12:00:00Z,3.325,73.475,0.0
2003-02-24T12:00:00Z,3.325,73.525,0.0
2003-02-24T12:00:00Z,3.325,73.575,0.0
2003-02-24T12:00:00Z,3.325,73.625,0.0
2003-03-26T12:00:00Z,3.675,73.375,0.0
2003-03-26T12:00:00Z,3.675,73.425,0.0
2003-03-26T12:00:00Z,3.675,73.475,0.0
2003-03-26T12:00:00Z,3.675,73.525,0.0
2003-03-26T12:00:00Z,3.675,73.575,0.0
2003-03-26T12:00:00Z,3.675,73.625,0.0
2003-03-26T12:00:00Z,3.625,73.375,0.0
2003-03-26T12:00:00Z,3.625,73.425,0.0
2003-03-26T12:00:00Z,3.625,73.475,0.0
2003-03-26T12:00:00Z,3.625,73.525,0.0
2003-03-26T12:00:00Z,3.625,73.575,0.0
2003-03-26T12:00:00Z,3.625,73.625,0.0
2003-03-26T12:00:00Z,3.575,73.375,0.0
2003-03-26T12:00:00Z,3.575,73.425,0.0
2003-03-26T12:00:00Z,3.575,73.475,0.0
2003-03-26T12:00:00Z,3.575,73.525,0.0
2003-03-26T12:00:00Z,3.575,73.575,0.0
2003-03-26T12:00:00Z,3.575,73.625,0.0
2003-03-26T12:00:00Z,3.525,73.375,0.0
2003-03-26T12:00:00Z,3.525,73.425,0.0
2003-03-26T12:00:00Z,3.525,73.475,0.0
2003-03-26T12:00:00Z,3.525,73.525,0.0
2003-03-26T12:00:00Z,3.525,73.575,0.0
2003-03-26T12:00:00Z,3.525,73.625,0.0
2003-03-26T12:00:00Z,3.475,73.375,0.0
2003-03-26T12:00:00Z,3.475,73.425,0.0
2003-03-26T12:00:00Z,3.475,73.475,0.0
2003-03-26T12:00:00Z,3.475,73.525,0.0
2003-03-26T12:00:00Z,3.475,73.575,0.0
2003-03-26T12:00:00Z,3.475,73.625,0.0
2003-03-26T12:00:00Z,3.425,73.375,0.0
2003-03-26T12:00:00Z,3.425,73.425,0.0
2003-03-26T12:00:00Z,3.425,73.475,0.0
2003-03-26T12:00:00Z,3.425,73.525,0.0
2003-03-26T12:00:00Z,3.425,73.575,0.0
2003-03-26T12:00:00Z,3.425,73.625,0.0
2003-03-26T12:00:00Z,3.375,73.375,0.0
2003-03-26T12:00:00Z,3.375,73.425,0.0
2003-03-26T12:00:00Z,3.375,73.475,0.0
2003-03-26T12:00:00Z,3.375,73.525,0.0
2003-03-26T12:00:00Z,3.375,73.575,0.0
2003-03-26T12:00:00Z,3.375,73.625,0.0
2003-03-26T12:00:00Z,3.325,73.375,0.0
2003-03-26T12:00:00Z,3.325,73.425,0.0
2003-03-26T12:00:00Z,3.325,73.475,0.0
2003-03-26T12:00:00Z,3.325,73.525,0.0
2003-03-26T12:00:00Z,3.325,73.575,0.0
2003-03-26T12:00:00Z,3.325,73.625,0.0
2003-04-25T12:00:00Z,3.675,73.375,1.1500000000000001
2003-04-25T12:00:00Z,3.675,73.425,1.31
2003-04-25T12:00:00Z,3.675,73.475,1.34
2003-04-25T12:00:00Z,3.675,73.525,1.37
2003-04-25T12:00:00Z,3.675,73.575,1.3900000000000001
2003-04-25T12:00:00Z,3.675,73.625,1.55
2003-04-25T12:00:00Z,3.625,73.375,1.1400000000000001
2003-04-25T12:00:00Z,3.625,73.425,1.1500000000000001
2003-04-25T12:00:00Z,3.625,73.475,1.31
2003-04-25T12:00:00Z,3.625,73.525,1.19
2003-04-25T12:00:00Z,3.625,73.575,1.2
2003-04-25T12:00:00Z,3.625,73.625,1.23
2003-04-25T12:00:00Z,3.575,73.375,1.31
2003-04-25T12:00:00Z,3.575,73.425,1.17
2003-04-25T12:00:00Z,3.575,73.475,1.17
2003-04-25T12:00:00Z,3.575,73.525,1.32
2003-04-25T12:00:00Z,3.575,73.575,1.18
2003-04-25T12:00:00Z,3.575,73.625,1.2
2003-04-25T12:00:00Z,3.525,73.375,1.19
2003-04-25T12:00:00Z,3.525,73.425,1.19
2003-04-25T12:00:00Z,3.525,73.475,1.2
2003-04-25T12:00:00Z,3.525,73.525,1.19
2003-04-25T12:00:00Z,3.525,73.575,1.2
2003-04-25T12:00:00Z,3.525,73.625,1.22
2003-04-25T12:00:00Z,3.475,73.375,1.3800000000000001
2003-04-25T12:00:00Z,3.475,73.425,1.25
2003-04-25T12:00:00Z,3.475,73.475,1.25
2003-04-25T12:00:00Z,3.475,73.525,1.3800000000000001
2003-04-25T12:00:00Z,3.475,73.575,1.37
2003-04-25T12:00:00Z,3.475,73.625,1.24
2003-04-25T12:00:00Z,3.425,73.375,1.43
2003-04-25T12:00:00Z,3.425,73.425,1.29
2003-04-25T12:00:00Z,3.425,73.475,1.3
2003-04-25T12:00:00Z,3.425,73.525,1.29
2003-04-25T12:00:00Z,3.425,73.575,1.42
2003-04-25T12:00:00Z,3.425,73.625,1.42
2003-04-25T12:00:00Z,3.375,73.375,1.48
2003-04-25T12:00:00Z,3.375,73.425,1.35
2003-04-25T12:00:00Z,3.375,73.475,1.5
2003-04-25T12:00:00Z,3.375,73.525,1.34
2003-04-25T12:00:00Z,3.375,73.575,1.32
2003-04-25T12:00:00Z,3.375,73.625,1.46
2003-04-25T12:00:00Z,3.325,73.375,1.6600000000000001
2003-04-25T12:00:00Z,3.325,73.425,1.53
2003-04-25T12:00:00Z,3.325,73.475,1.55
2003-04-25T12:00:00Z,3.325,73.525,1.51
2003-04-25T12:00:00Z,3.325,73.575,1.51
2003-04-25T12:00:00Z,3.325,73.625,1.51
2003-05-25T12:00:00Z,3.675,73.375,1.1500000000000001
2003-05-25T12:00:00Z,3.675,73.425,1.31
2003-05-25T12:00:00Z,3.675,73.475,1.34
2003-05-25T12:00:00Z,3.675,73.525,1.37
2003-05-25T12:00:00Z,3.675,73.575,1.3900000000000001
2003-05-25T12:00:00Z,3.675,73.625,1.55
2003-05-25T12:00:00Z,3.625,73.375,1.1400000000000001
2003-05-25T12:00:00Z,3.625,73.425,1.1500000000000001
2003-05-25T12:00:00Z,3.625,73.475,1.31
2003-05-25T12:00:00Z,3.625,73.525,1.19
2003-05-25T12:00:00Z,3.625,73.575,1.2
2003-05-25T12:00:00Z,3.625,73.625,1.23
2003-05-25T12:00:00Z,3.575,73.375,1.31
2003-05-25T12:00:00Z,3.575,73.425,1.17
2003-05-25T12:00:00Z,3.575,73.475,1.17
2003-05-25T12:00:00Z,3.575,73.525,1.32
2003-05-25T12:00:00Z,3.575,73.575,1.18
2003-05-25T12:00:00Z,3.575,73.625,1.2
2003-05-25T12:00:00Z,3.525,73.375,1.19
2003-05-25T12:00:00Z,3.525,73.425,1.19
2003-05-25T12:00:00Z,3.525,73.475,1.2
2003-05-25T12:00:00Z,3.525,73.525,1.19
2003-05-25T12:00:00Z,3.525,73.575,1.2
2003-05-25T12:00:00Z,3.525,73.625,1.22
2003-05-25T12:00:00Z,3.475,73.375,1.3800000000000001
2003-05-25T12:00:00Z,3.475,73.425,1.25
2003-05-25T12:00:00Z,3.475,73.475,1.25
2003-05-25T12:00:00Z,3.475,73.525,1.3800000000000001
2003-05-25T12:00:00Z,3.475,73.575,1.37
2003-05-25T12:00:00Z,3.475,73.625,1.24
2003-05-25T12:00:00Z,3.425,73.375,1.57
2003-05-25T12:00:00Z,3.425,73.425,1.44
2003-05-25T12:00:00Z,3.425,73.475,1.44
2003-05-25T12:00:00Z,3.425,73.525,1.29
2003-05-25T12:00:00Z,3.425,73.575,1.42
2003-05-25T12:00:00Z,3.425,73.625,1.42
2003-05-25T12:00:00Z,3.375,73.375,1.6300000000000001
2003-05-25T12:00:00Z,3.375,73.425,1.5
2003-05-25T12:00:00Z,3.375,73.475,1.6400000000000001
2003-05-25T12:00:00Z,3.375,73.525,1.48
2003-05-25T12:00:00Z,3.375,73.575,1.32
2003-05-25T12:00:00Z,3.375,73.625,1.46
2003-05-25T12:00:00Z,3.325,73.375,1.81
2003-05-25T12:00:00Z,3.325,73.425,1.67
2003-05-25T12:00:00Z,3.325,73.475,1.7
2003-05-25T12:00:00Z,3.325,73.525,1.6600000000000001
2003-05-25T12:00:00Z,3.325,73.575,1.6600000000000001
2003-05-25T12:00:00Z,3.325,73.625,1.6600000000000001
2003-06-24T12:00:00Z,3.675,73.375,1.1500000000000001
2003-06-24T12:00:00Z,3.675,73.425,1.31
2003-06-24T12:00:00Z,3.675,73.475,1.34
2003-06-24T12:00:00Z,3.675,73.525,1.37
2003-06-24T12:00:00Z,3.675,73.575,1.3900000000000001
2003-06-24T12:00:00Z,3.675,73.625,1.55
2003-06-24T12:00:00Z,3.625,73.375,1.1400000000000001
2003-06-24T12:00:00Z,3.625,73.425,1.1500000000000001
2003-06-24T12:00:00Z,3.625,73.475,1.31
2003-06-24T12:00:00Z,3.625,73.525,1.19
2003-06-24T12:00:00Z,3.625,73.575,1.2
2003-06-24T12:00:00Z,3.625,73.625,1.23
2003-06-24T12:00:00Z,3.575,73.375,1.31
2003-06-24T12:00:00Z,3.575,73.425,1.17
2003-06-24T12:00:00Z,3.575,73.475,1.17
2003-06-24T12:00:00Z,3.575,73.525,1.32
2003-06-24T12:00:00Z,3.575,73.575,1.18
2003-06-24T12:00:00Z,3.575,73.625,1.2
2003-06-24T12:00:00Z,3.525,73.375,1.19
2003-06-24T12:00:00Z,3.525,73.425,1.19
2003-06-24T12:00:00Z,3.525,73.475,1.2
2003-06-24T12:00:00Z,3.525,73.525,1.19
2003-06-24T12:00:00Z,3.525,73.575,1.2
2003-06-24T12:00:00Z,3.525,73.625,1.22
2003-06-24T12:00:00Z,3.475,73.375,1.3800000000000001
2003-06-24T12:00:00Z,3.475,73.425,1.25
2003-06-24T12:00:00Z,3.475,73.475,1.25
2003-06-24T12:00:00Z,3.475,73.525,1.3800000000000001
2003-06-24T12:00:00Z,3.475,73.575,1.37
2003-06-24T12:00:00Z,3.475,73.625,1.24
2003-06-24T12:00:00Z,3.425,73.375,1.57
2003-06-24T12:00:00Z,3.425,73.425,1.44
2003-06-24T12:00:00Z,3.425,73.475,1.44
2003-06-24T12:00:00Z,3.425,73.525,1.29
2003-06-24T12:00:00Z,3.425,73.575,1.42
2003-06-24T12:00:00Z,3.425,73.625,1.42
2003-06-24T12:00:00Z,3.375,73.375,1.6300000000000001
2003-06-24T12:00:00Z,3.375,73.425,1.5
2003-06-24T12:00:00Z,3.375,73.475,1.6400000000000001
2003-06-24T12:00:00Z,3.375,73.525,1.48
2003-06-24T12:00:00Z,3.375,73.575,1.32
2003-06-24T12:00:00Z,3.375,73.625,1.46
2003-06-24T12:00:00Z,3.325,73.375,1.81
2003-06-24T12:00:00Z,3.325,73.425,1.67
2003-06-24T12:00:00Z,3.325,73.475,1.7
2003-06-24T12:00:00Z,3.325,73.525,1.6600000000000001
2003-06-24T12:00:00Z,3.325,73.575,1.6600000000000001
2003-06-24T12:00:00Z,3.325,73.625,1.6600000000000001
2003-07-24T12:00:00Z,3.675,73.375,0.0
2003-07-24T12:00:00Z,3.675,73.425,0.0
2003-07-24T12:00:00Z,3.675,73.475,0.0
2003-07-24T12:00:00Z,3.675,73.525,0.0
2003-07-24T12:00:00Z,3.675,73.575,0.0
2003-07-24T12:00:00Z,3.675,73.625,0.0
2003-07-24T12:00:00Z,3.625,73.375,0.0
2003-07-24T12:00:00Z,3.625,73.425,0.0
2003-07-24T12:00:00Z,3.625,73.475,0.0
2003-07-24T12:00:00Z,3.625,73.525,0.0
2003-07-24T12:00:00Z,3.625,73.575,0.0
2003-07-24T12:00:00Z,3.625,73.625,0.0
2003-07-24T12:00:00Z,3.575,73.375,0.0
2003-07-24T12:00:00Z,3.575,73.425,0.0
2003-07-24T12:00:00Z,3.575,73.475,0.0
2003-07-24T12:00:00Z,3.575,73.525,0.0
2003-07-24T12:00:00Z,3.575,73.575,0.0
2003-07-24T12:00:00Z,3.575,73.625,0.0
2003-07-24T12:00:00Z,3.525,73.375,0.0
2003-07-24T12:00:00Z,3.525,73.425,0.0
2003-07-24T12:00:00Z,3.525,73.475,0.0
2003-07-24T12:00:00Z,3.525,73.525,0.0
2003-07-24T12:00:00Z,3.525,73.575,0.0
2003-07-24T12:00:00Z,3.525,73.625,0.0
2003-07-24T12:00:00Z,3.475,73.375,0.0
2003-07-24T12:00:00Z,3.475,73.425,0.0
2003-07-24T12:00:00Z,3.475,73.475,0.0
2003-07-24T12:00:00Z,3.475,73.525,0.0
2003-07-24T12:00:00Z,3.475,73.575,0.0
2003-07-24T12:00:00Z,3.475,73.625,0.0
2003-07-24T12:00:00Z,3.425,73.375,0.0
2003-07-24T12:00:00Z,3.425,73.425,0.0
2003-07-24T12:00:00Z,3.425,73.475,0.0
2003-07-24T12:00:00Z,3.425,73.525,0.0
2003-07-24T12:00:00Z,3.425,73.575,0.0
2003-07-24T12:00:00Z,3.425,73.625,0.0
2003-07-24T12:00:00Z,3.375,73.375,0.0
2003-07-24T12:00:00Z,3.375,73.425,0.0
2003-07-24T12:00:00Z,3.375,73.475,0.0
2003-07-24T12:00:00Z,3.375,73.525,0.0
2003-07-24T12:00:00Z,3.375,73.575,0.0
2003-07-24T12:00:00Z,3.375,73.625,0.0
2003-07-24T12:00:00Z,3.325,73.375,0.0
2003-07-24T12:00:00Z,3.325,73.425,0.0
2003-07-24T12:00:00Z,3.325,73.475,0.0
2003-07-24T12:00:00Z,3.325,73.525,0.0
2003-07-24T12:00:00Z,3.325,73.575,0.0
2003-07-24T12:00:00Z,3.325,73.625,0.0
2003-08-23T12:00:00Z,3.675,73.375,0.0
2003-08-23T12:00:00Z,3.675,73.425,0.0
2003-08-23T12:00:00Z,3.675,73.475,0.0
2003-08-23T12:00:00Z,3.675,73.525,0.0
2003-08-23T12:00:00Z,3.675,73.575,0.0
2003-08-23T12:00:00Z,3.675,73.625,0.0
2003-08-23T12:00:00Z,3.625,73.375,0.0
2003-08-23T12:00:00Z,3.625,73.425,0.0
2003-08-23T12:00:00Z,3.625,73.475,0.0
2003-08-23T12:00:00Z,3.625,73.525,0.0
2003-08-23T12:00:00Z,3.625,73.575,0.0
2003-08-23T12:00:00Z,3.625,73.625,0.0
2003-08-23T12:00:00Z,3.575,73.375,0.0
2003-08-23T12:00:00Z,3.575,73.425,0.0
2003-08-23T12:00:00Z,3.575,73.475,0.0
2003-08-23T12:00:00Z,3.575,73.525,0.0
2003-08-23T12:00:00Z,3.575,73.575,0.0
2003-08-23T12:00:00Z,3.575,73.625,0.0
2003-08-23T12:00:00Z,3.525,73.375,0.0
2003-08-23T12:00:00Z,3.525,73.425,0.0
2003-08-23T12:00:00Z,3.525,73.475,0.0
2003-08-23T12:00:00Z,3.525,73.525,0.0
2003-08-23T12:00:00Z,3.525,73.575,0.0
2003-08-23T12:00:00Z,3.525,73.625,0.0
2003-08-23T12:00:00Z,3.475,73.375,0.0
2003-08-23T12:00:00Z,3.475,73.425,0.0
2003-08-23T12:00:00Z,3.475,73.475,0.0
2003-08-23T12:00:00Z,3.475,73.525,0.0
2003-08-23T12:00:00Z,3.475,73.575,0.0
2003-08-23T12:00:00Z,3.475,73.625,0.0
2003-08-23T12:00:00Z,3.425,73.375,0.0
2003-08-23T12:00:00Z,3.425,73.425,0.0
2003-08-23T12:00:00Z,3.425,73.475,0.0
2003-08-23T12:00:00Z,3.425,73.525,0.0
2003-08-23T12:00:00Z,3.425,73.575,0.0
2003-08-23T12:00:00Z,3.425,73.625,0.0
2003-08-23T12:00:00Z,3.375,73.375,0.0
2003-08-23T12:00:00Z,3.375,73.425,0.0
2003-08-23T12:00:00Z,3.375,73.475,0.0
2003-08-23T12:00:00Z,3.375,73.525,0.0
2003-08-23T12:00:00Z,3.375,73.575,0.0
2003-08-23T12:00:00Z,3.375,73.625,0.0
2003-08-23T12:00:00Z,3.325,73.375,0.0
2003-08-23T12:00:00Z,3.325,73.425,0.0
2003-08-23T12:00:00Z,3.325,73.475,0.0
2003-08-23T12:00:00Z,3.325,73.525,0.0
2003-08-23T12:00:00Z,3.325,73.575,0.0
2003-08-23T12:00:00Z,3.325,73.625,0.0
2003-09-22T12:00:00Z,3.675,73.375,0.0
2003-09-22T12:00:00Z,3.675,73.425,0.0
2003-09-22T12:00:00Z,3.675,73.475,0.0
2003-09-22T12:00:00Z,3.675,73.525,0.0
2003-09-22T12:00:00Z,3.675,73.575,0.0
2003-09-22T12:00:00Z,3.675,73.625,0.0
2003-09-22T12:00:00Z,3.625,73.375,0.0
2003-09-22T12:00:00Z,3.625,73.425,0.0
2003-09-22T12:00:00Z,3.625,73.475,0.0
2003-09-22T12:00:00Z,3.625,73.525,0.0
2003-09-22T12:00:00Z,3.625,73.575,0.0
2003-09-22T12:00:00Z,3.625,73.625,0.0
2003-09-22T12:00:00Z,3.575,73.375,0.0
2003-09-22T12:00:00Z,3.575,73.425,0.0
2003-09-22T12:00:00Z,3.575,73.475,0.0
2003-09-22T12:00:00Z,3.575,73.525,0.0
2003-09-22T12:00:00Z,3.575,73.575,0.0
2003-09-22T12:00:00Z,3.575,73.625,0.0
2003-09-22T12:00:00Z,3.525,73.375,0.0
2003-09-22T12:00:00Z,3.525,73.425,0.0
2003-09-22T12:00:00Z,3.525,73.475,0.0
2003-09-22T12:00:00Z,3.525,73.525,0.0
2003-09-22T12:00:00Z,3.525,73.575,0.0
2003-09-22T12:00:00Z,3.525,73.625,0.0
2003-09-22T12:00:00Z,3.475,73.375,0.0
2003-09-22T12:00:00Z,3.475,73.425,0.0
2003-09-22T12:00:00Z,3.475,73.475,0.0
2003-09-22T12:00:00Z,3.475,73.525,0.0
2003-09-22T12:00:00Z,3.475,73.575,0.0
2003-09-22T12:00:00Z,3.475,73.625,0.0
2003-09-22T12:00:00Z,3.425,73.375,0.0
2003-09-22T12:00:00Z,3.425,73.425,0.0
2003-09-22T12:00:00Z,3.425,73.475,0.0
2003-09-22T12:00:00Z,3.425,73.525,0.0
2003-09-22T12:00:00Z,3.425,73.575,0.0
2003-09-22T12:00:00Z,3.425,73.625,0.0
2003-09-22T12:00:00Z,3.375,73.375,0.0
2003-09-22T12:00:00Z,3.375,73.425,0.0
2003-09-22T12:00:00Z,3.375,73.475,0.0
2003-09-22T12:00:00Z,3.375,73.525,0.0
2003-09-22T12:00:00Z,3.375,73.575,0.0
2003-09-22T12:00:00Z,3.375,73.625,0.0
2003-09-22T12:00:00Z,3.325,73.375,0.0
2003-09-22T12:00:00Z,3.325,73.425,0.0
2003-09-22T12:00:00Z,3.325,73.475,0.0
2003-09-22T12:00:00Z,3.325,73.525,0.0
2003-09-22T12:00:00Z,3.325,73.575,0.0
2003-09-22T12:00:00Z,3.325,73.625,0.0
2003-10-22T12:00:00Z,3.675,73.375,0.0
2003-10-22T12:00:00Z,3.675,73.425,0.0
2003-10-22T12:00:00Z,3.675,73.475,0.0
2003-10-22T12:00:00Z,3.675,73.525,0.0
2003-10-22T12:00:00Z,3.675,73.575,0.0
2003-10-22T12:00:00Z,3.675,73.625,0.0
2003-10-22T12:00:00Z,3.625,73.375,0.0
2003-10-22T12:00:00Z,3.625,73.425,0.0
2003-10-22T12:00:00Z,3.625,73.475,0.0
2003-10-22T12:00:00Z,3.625,73.525,0.0
2003-10-22T12:00:00Z,3.625,73.575,0.0
2003-10-22T12:00:00Z,3.625,73.625,0.0
2003-10-22T12:00:00Z,3.575,73.375,0.0
2003-10-22T12:00:00Z,3.575,73.425,0.0
2003-10-22T12:00:00Z,3.575,73.475,0.0
2003-10-22T12:00:00Z,3.575,73.525,0.0
2003-10-22T12:00:00Z,3.575,73.575,0.0
2003-10-22T12:00:00Z,3.575,73.625,0.0
2003-10-22T12:00:00Z,3.525,73.375,0.0
2003-10-22T12:00:00Z,3.525,73.425,0.0
2003-10-22T12:00:00Z,3.525,73.475,0.0
2003-10-22T12:00:00Z,3.525,73.525,0.0
2003-10-22T12:00:00Z,3.525,73.575,0.0
2003-10-22T12:00:00Z,3.525,73.625,0.0
2003-10-22T12:00:00Z,3.475,73.375,0.0
2003-10-22T12:00:00Z,3.475,73.425,0.0
2003-10-22T12:00:00Z,3.475,73.475,0.0
2003-10-22T12:00:00Z,3.475,73.525,0.0
2003-10-22T12:00:00Z,3.475,73.575,0.0
2003-10-22T12:00:00Z,3.475,73.625,0.0
2003-10-22T12:00:00Z,3.425,73.375,0.0
2003-10-22T12:00:00Z,3.425,73.425,0.0
2003-10-22T12:00:00Z,3.425,73.475,0.0
2003-10-22T12:00:00Z,3.425,73.525,0.0
2003-10-22T12:00:00Z,3.425,73.575,0.0
2003-10-22T12:00:00Z,3.425,73.625,0.0
2003-10-22T12:00:00Z,3.375,73.375,0.0
2003-10-22T12:00:00Z,3.375,73.425,0.0
2003-10-22T12:00:00Z,3.375,73.475,0.0
2003-10-22T12:00:00Z,3.375,73.525,0.0
2003-10-22T12:00:00Z,3.375,73.575,0.0
2003-10-22T12:00:00Z,3.375,73.625,0.0
2003-10-22T12:00:00Z,3.325,73.375,0.0
2003-10-22T12:00:00Z,3.325,73.425,0.0
2003-10-22T12:00:00Z,3.325,73.475,0.0
2003-10-22T12:00:00Z,3.325,73.525,0.0
2003-10-22T12:00:00Z,3.325,73.575,0.0
2003-10-22T12:00:00Z,3.325,73.625,0.0
2003-11-21T12:00:00Z,3.675,73.375,0.0
2003-11-21T12:00:00Z,3.675,73.425,0.0
2003-11-21T12:00:00Z,3.675,73.475,0.0
2003-11-21T12:00:00Z,3.675,73.525,0.0
2003-11-21T12:00:00Z,3.675,73.575,0.0
2003-11-21T12:00:00Z,3.675,73.625,0.0
2003-11-21T12:00:00Z,3.625,73.375,0.0
2003-11-21T12:00:00Z,3.625,73.425,0.0
2003-11-21T12:00:00Z,3.625,73.475,0.0
2003-11-21T12:00:00Z,3.625,73.525,0.0
2003-11-21T12:00:00Z,3.625,73.575,0.0
2003-11-21T12:00:00Z,3.625,73.625,0.0
2003-11-21T12:00:00Z,3.575,73.375,0.0
2003-11-21T12:00:00Z,3.575,73.425,0.0
2003-11-21T12:00:00Z,3.575,73.475,0.0
2003-11-21T12:00:00Z,3.575,73.525,0.0
2003-11-21T12:00:00Z,3.575,73.575,0.0
2003-11-21T12:00:00Z,3.575,73.625,0.0
2003-11-21T12:00:00Z,3.525,73.375,0.0
2003-11-21T12:00:00Z,3.525,73.425,0.0
2003-11-21T12:00:00Z,3.525,73.475,0.0
2003-11-21T12:00:00Z,3.525,73.525,0.0
2003-11-21T12:00:00Z,3.525,73.575,0.0
2003-11-21T12:00:00Z,3.525,73.625,0.0
2003-11-21T12:00:00Z,3.475,73.375,0.0
2003-11-21T12:00:00Z,3.475,73.425,0.0
2003-11-21T12:00:00Z,3.475,73.475,0.0
2003-11-21T12:00:00Z,3.475,73.525,0.0
2003-11-21T12:00:00Z,3.475,73.575,0.0
2003-11-21T12:00:00Z,3.475,73.625,0.0
2003-11-21T12:00:00Z,3.425,73.375,0.0
2003-11-21T12:00:00Z,3.425,73.425,0.0
2003-11-21T12:00:00Z,3.425,73.475,0.0
2003-11-21T12:00:00Z,3.425,73.525,0.0
2003-11-21T12:00:00Z,3.425,73.575,0.0
2003-11-21T12:00:00Z,3.425,73.625,0.0
2003-11-21T12:00:00Z,3.375,73.375,0.0
2003-11-21T12:00:00Z,3.375,73.425,0.0
2003-11-21T12:00:00Z,3.375,73.475,0.0
2003-11-21T12:00:00Z,3.375,73.525,0.0
2003-11-21T12:00:00Z,3.375,73.575,0.0
2003-11-21T12:00:00Z,3.375,73.625,0.0
2003-11-21T12:00:00Z,3.325,73.375,0.0
2003-11-21T12:00:00Z,3.325,73.425,0.0
2003-11-21T12:00:00Z,3.325,73.475,0.0
2003-11-21T12:00:00Z,3.325,73.525,0.0
2003-11-21T12:00:00Z,3.325,73.575,0.0
2003-11-21T12:00:00Z,3.325,73.625,0.0
2003-12-21T12:00:00Z,3.675,73.375,0.0
2003-12-21T12:00:00Z,3.675,73.425,0.0
2003-12-21T12:00:00Z,3.675,73.475,0.0
2003-12-21T12:00:00Z,3.675,73.525,0.0
2003-12-21T12:00:00Z,3.675,73.575,0.0
2003-12-21T12:00:00Z,3.675,73.625,0.0
2003-12-21T12:00:00Z,3.625,73.375,0.0
2003-12-21T12:00:00Z,3.625,73.425,0.0
2003-12-21T12:00:00Z,3.625,73.475,0.0
2003-12-21T12:00:00Z,3.625,73.525,0.0
2003-12-21T12:00:00Z,3.625,73.575,0.0
2003-12-21T12:00:00Z,3.625,73.625,0.0
2003-12-21T12:00:00Z,3.575,73.375,0.0
2003-12-21T12:00:00Z,3.575,73.425,0.0
2003-12-21T12:00:00Z,3.575,73.475,0.0
2003-12-21T12:00:00Z,3.575,73.525,0.0
2003-12-21T12:00:00Z,3.575,73.575,0.0
2003-12-21T12:00:00Z,3.575,73.625,0.0
2003-12-21T12:00:00Z,3.525,73.375,0.0
2003-12-21T12:00:00Z,3.525,73.425,0.0
2003-12-21T12:00:00Z,3.525,73.475,0.0
2003-12-21T12:00:00Z,3.525,73.525,0.0
2003-12-21T12:00:00Z,3.525,73.575,0.0
2003-12-21T12:00:00Z,3.525,73.625,0.0
2003-12-21T12:00:00Z,3.475,73.375,0.0
2003-12-21T12:00:00Z,3.475,73.425,0.0
2003-12-21T12:00:00Z,3.475,73.475,0.0
2003-12-21T12:00:00Z,3.475,73.525,0.0
2003-12-21T12:00:00Z,3.475,73.575,0.0
2003-12-21T12:00:00Z,3.475,73.625,0.0
2003-12-21T12:00:00Z,3.425,73.375,0.0
2003-12-21T12:00:00Z,3.425,73.425,0.0
2003-12-21T12:00:00Z,3.425,73.475,0.0
2003-12-21T12:00:00Z,3.425,73.525,0.0
2003-12-21T12:00:00Z,3.425,73.575,0.0
2003-12-21T12:00:00Z,3.425,73.625,0.0
2003-12-21T12:00:00Z,3.375,73.375,0.0
2003-12-21T12:00:00Z,3.375,73.425,0.0
2003-12-21T12:00:00Z,3.375,73.475,0.0
2003-12-21T12:00:00Z,3.375,73.525,0.0
2003-12-21T12:00:00Z,3.375,73.575,0.0
2003-12-21T12:00:00Z,3.375,73.625,0.0
2003-12-21T12:00:00Z,3.325,73.375,0.0
2003-12-21T12:00:00Z,3.325,73.425,0.0
2003-12-21T12:00:00Z,3.325,73.475,0.0
2003-12-21T12:00:00Z,3.325,73.525,0.0
2003-12-21T12:00:00Z,3.325,73.575,0.0
2003-12-21T12:00:00Z,3.325,73.625,0.0
2004-01-20T12:00:00Z,3.675,73.375,0.0
2004-01-20T12:00:00Z,3.675,73.425,0.0
2004-01-20T12:00:00Z,3.675,73.475,0.0
2004-01-20T12:00:00Z,3.675,73.525,0.0
2004-01-20T12:00:00Z,3.675,73.575,0.0
2004-01-20T12:00:00Z,3.675,73.625,0.0
2004-01-20T12:00:00Z,3.625,73.375,0.0
2004-01-20T12:00:00Z,3.625,73.425,0.0
2004-01-20T12:00:00Z,3.625,73.475,0.0
2004-01-20T12:00:00Z,3.625,73.525,0.0
2004-01-20T12:00:00Z,3.625,73.575,0.0
2004-01-20T12:00:00Z,3.625,73.625,0.0
2004-01-20T12:00:00Z,3.575,73.375,0.0
2004-01-20T12:00:00Z,3.575,73.425,0.0
2004-01-20T12:00:00Z,3.575,73.475,0.0
2004-01-20T12:00:00Z,3.575,73.525,0.0
2004-01-20T12:00:00Z,3.575,73.575,0.0
2004-01-20T12:00:00Z,3.575,73.625,0.0
2004-01-20T12:00:00Z,3.525,73.375,0.0
2004-01-20T12:00:00Z,3.525,73.425,0.0
2004-01-20T12:00:00Z,3.525,73.475,0.0
2004-01-20T12:00:00Z,3.525,73.525,0.0
2004-01-20T12:00:00Z,3.525,73.575,0.0
2004-01-20T12:00:00Z,3.525,73.625,0.0
2004-01-20T12:00:00Z,3.475,73.375,0.0
2004-01-20T12:00:00Z,3.475,73.425,0.0
2004-01-20T12:00:00Z,3.475,73.475,0.0
2004-01-20T12:00:00Z,3.475,73.525,0.0
2004-01-20T12:00:00Z,3.475,73.575,0.0
2004-01-20T12:00:00Z,3.475,73.625,0.0
2004-01-20T12:00:00Z,3.425,73.375,0.0
2004-01-20T12:00:00Z,3.425,73.425,0.0
2004-01-20T12:00:00Z,3.425,73.475,0.0
2004-01-20T12:00:00Z,3.425,73.525,0.0
2004-01-20T12:00:00Z,3.425,73.575,0.0
2004-01-20T12:00:00Z,3.425,73.625,0.0
2004-01-20T12:00:00Z,3.375,73.375,0.0
2004-01-20T12:00:00Z,3.375,73.425,0.0
2004-01-20T12:00:00Z,3.375,73.475,0.0
2004-01-20T12:00:00Z,3.375,73.525,0.0
2004-01-20T12:00:00Z,3.375,73.575,0.0
2004-01-20T12:00:00Z,3.375,73.625,0.0
2004-01-20T12:00:00Z,3.325,73.375,0.0
2004-01-20T12:00:00Z,3.325,73.425,0.0
2004-01-20T12:00:00Z,3.325,73.475,0.0
2004-01-20T12:00:00Z,3.325,73.525,0.0
2004-01-20T12:00:00Z,3.325,73.575,0.0
2004-01-20T12:00:00Z,3.325,73.625,0.0
2004-02-19T12:00:00Z,3.675,73.375,0.0
2004-02-19T12:00:00Z,3.675,73.425,0.0
2004-02-19T12:00:00Z,3.675,73.475,0.0
2004-02-19T12:00:00Z,3.675,73.525,0.0
2004-02-19T12:00:00Z,3.675,73.575,0.0
2004-02-19T12:00:00Z,3.675,73.625,0.0
2004-02-19T12:00:00Z,3.625,73.375,0.0
2004-02-19T12:00:00Z,3.625,73.425,0.0
2004-02-19T12:00:00Z,3.625,73.475,0.0
2004-02-19T12:00:00Z,3.625,73.525,0.0
2004-02-19T12:00:00Z,3.625,73.575,0.0
2004-02-19T12:00:00Z,3.625,73.625,0.0
2004-02-19T12:00:00Z,3.575,73.375,0.0
2004-02-19T12:00:00Z,3.575,73.425,0.0
2004-02-19T12:00:00Z,3.575,73.475,0.0
2004-02-19T12:00:00Z,3.575,73.525,0.0
2004-02-19T12:00:00Z,3.575,73.575,0.0
2004-02-19T12:00:00Z,3.575,73.625,0.0
2004-02-19T12:00:00Z,3.525,73.375,0.0
2004-02-19T12:00:00Z,3.525,73.425,0.0
2004-02-19T12:00:00Z,3.525,73.475,0.0
2004-02-19T12:00:00Z,3.525,73.525,0.0
2004-02-19T12:00:00Z,3.525,73.575,0.0
2004-02-19T12:00:00Z,3.525,73.625,0.0
2004-02-19T12:00:00Z,3.475,73.375,0.0
2004-02-19T12:00:00Z,3.475,73.425,0.0
2004-02-19T12:00:00Z,3.475,73.475,0.0
2004-02-19T12:00:00Z,3.475,73.525,0.0
2004-02-19T12:00:00Z,3.475,73.575,0.0
2004-02-19T12:00:00Z,3.475,73.625,0.0
2004-02-19T12:00:00Z,3.425,73.375,0.0
2004-02-19T12:00:00Z,3.425,73.425,0.0
2004-02-19T12:00:00Z,3.425,73.475,0.0
2004-02-19T12:00:00Z,3.425,73.525,0.0
2004-02-19T12:00:00Z,3.425,73.575,0.0
2004-02-19T12:00:00Z,3.425,73.625,0.0
2004-02-19T12:00:00Z,3.375,73.375,0.0
2004-02-19T12:00:00Z,3.375,73.425,0.0
2004-02-19T12:00:00Z,3.375,73.475,0.0
2004-02-19T12:00:00Z,3.375,73.525,0.0
2004-02-19T12:00:00Z,3.375,73.575,0.0
2004-02-19T12:00:00Z,3.375,73.625,0.0
2004-02-19T12:00:00Z,3.325,73.375,0.0
2004-02-19T12:00:00Z,3.325,73.425,0.0
2004-02-19T12:00:00Z,3.325,73.475,0.0
2004-02-19T12:00:00Z,3.325,73.525,0.0
2004-02-19T12:00:00Z,3.325,73.575,0.0
2004-02-19T12:00:00Z,3.325,73.625,0.0
2004-03-20T12:00:00Z,3.675,73.375,0.0
2004-03-20T12:00:00Z,3.675,73.425,0.0
2004-03-20T12:00:00Z,3.675,73.475,0.0
2004-03-20T12:00:00Z,3.675,73.525,0.0
2004-03-20T12:00:00Z,3.675,73.575,0.0
2004-03-20T12:00:00Z,3.675,73.625,0.0
2004-03-20T12:00:00Z,3.625,73.375,0.0
2004-03-20T12:00:00Z,3.625,73.425,0.0
2004-03-20T12:00:00Z,3.625,73.475,0.0
2004-03-20T12:00:00Z,3.625,73.525,0.0
2004-03-20T12:00:00Z,3.625,73.575,0.0
2004-03-20T12:00:00Z,3.625,73.625,0.0
2004-03-20T12:00:00Z,3.575,73.375,0.0
2004-03-20T12:00:00Z,3.575,73.425,0.0
2004-03-20T12:00:00Z,3.575,73.475,0.0
2004-03-20T12:00:00Z,3.575,73.525,0.0
2004-03-20T12:00:00Z,3.575,73.575,0.0
2004-03-20T12:00:00Z,3.575,73.625,0.0
2004-03-20T12:00:00Z,3.525,73.375,0.0
2004-03-20T12:00:00Z,3.525,73.425,0.0
2004-03-20T12:00:00Z,3.525,73.475,0.0
2004-03-20T12:00:00Z,3.525,73.525,0.0
2004-03-20T12:00:00Z,3.525,73.575,0.0
2004-03-20T12:00:00Z,3.525,73.625,0.0
2004-03-20T12:00:00Z,3.475,73.375,0.0
2004-03-20T12:00:00Z,3.475,73.425,0.0
2004-03-20T12:00:00Z,3.475,73.475,0.0
2004-03-20T12:00:00Z,3.475,73.525,0.0
2004-03-20T12:00:00Z,3.475,73.575,0.0
2004-03-20T12:00:00Z,3.475,73.625,0.0
2004-03-20T12:00:00Z,3.425,73.375,0.0
2004-03-20T12:00:00Z,3.425,73.425,0.0
2004-03-20T12:00:00Z,3.425,73.475,0.0
2004-03-20T12:00:00Z,3.425,73.525,0.0
2004-03-20T12:00:00Z,3.425,73.575,0.0
2004-03-20T12:00:00Z,3.425,73.625,0.0
2004-03-20T12:00:00Z,3.375,73.375,0.0
2004-03-20T12:00:00Z,3.375,73.425,0.0
2004-03-20T12:00:00Z,3.375,73.475,0.0
2004-03-20T12:00:00Z,3.375,73.525,0.0
2004-03-20T12:00:00Z,3.375,73.575,0.0
2004-03-20T12:00:00Z,3.375,73.625,0.0
2004-03-20T12:00:00Z,3.325,73.375,0.0
2004-03-20T12:00:00Z,3.325,73.425,0.0
2004-03-20T12:00:00Z,3.325,73.475,0.0
2004-03-20T12:00:00Z,3.325,73.525,0.0
2004-03-20T12:00:00Z,3.325,73.575,0.0
2004-03-20T12:00:00Z,3.325,73.625,0.0
2004-04-19T12:00:00Z,3.675,73.375,0.0
2004-04-19T12:00:00Z,3.675,73.425,0.0
2004-04-19T12:00:00Z,3.675,73.475,0.0
2004-04-19T12:00:00Z,3.675,73.525,0.0
2004-04-19T12:00:00Z,3.675,73.575,0.0
2004-04-19T12:00:00Z,3.675,73.625,0.0
2004-04-19T12:00:00Z,3.625,73.375,0.0
2004-04-19T12:00:00Z,3.625,73.425,0.0
2004-04-19T12:00:00Z,3.625,73.475,0.0
2004-04-19T12:00:00Z,3.625,73.525,0.0
2004-04-19T12:00:00Z,3.625,73.575,0.0
2004-04-19T12:00:00Z,3.625,73.625,0.0
2004-04-19T12:00:00Z,3.575,73.375,0.0
2004-04-19T12:00:00Z,3.575,73.425,0.0
2004-04-19T12:00:00Z,3.575,73.475,0.0
2004-04-19T12:00:00Z,3.575,73.525,0.0
2004-04-19T12:00:00Z,3.575,73.575,0.0
2004-04-19T12:00:00Z,3.575,73.625,0.0
2004-04-19T12:00:00Z,3.525,73.375,0.0
2004-04-19T12:00:00Z,3.525,73.425,0.0
2004-04-19T12:00:00Z,3.525,73.475,0.0
2004-04-19T12:00:00Z,3.525,73.525,0.0
2004-04-19T12:00:00Z,3.525,73.575,0.0
2004-04-19T12:00:00Z,3.525,73.625,0.0
2004-04-19T12:00:00Z,3.475,73.375,0.0
2004-04-19T12:00:00Z,3.475,73.425,0.0
2004-04-19T12:00:00Z,3.475,73.475,0.0
2004-04-19T12:00:00Z,3.475,73.525,0.0
2004-04-19T12:00:00Z,3.475,73.575,0.0
2004-04-19T12:00:00Z,3.475,73.625,0.0
2004-04-19T12:00:00Z,3.425,73.375,0.0
2004-04-19T12:00:00Z,3.425,73.425,0.0
2004-04-19T12:00:00Z,3.425,73.475,0.0
2004-04-19T12:00:00Z,3.425,73.525,0.0
2004-04-19T12:00:00Z,3.425,73.575,0.0
2004-04-19T12:00:00Z,3.425,73.625,0.0
2004-04-19T12:00:00Z,3.375,73.375,0.0
2004-04-19T12:00:00Z,3.375,73.425,0.0
2004-04-19T12:00:00Z,3.375,73.475,0.0
2004-04-19T12:00:00Z,3.375,73.525,0.0
2004-04-19T12:00:00Z,3.375,73.575,0.0
2004-04-19T12:00:00Z,3.375,73.625,0.0
2004-04-19T12:00:00Z,3.325,73.375,0.0
2004-04-19T12:00:00Z,3.325,73.425,0.0
2004-04-19T12:00:00Z,3.325,73.475,0.0
2004-04-19T12:00:00Z,3.325,73.525,0.0
2004-04-19T12:00:00Z,3.325,73.575,0.0
2004-04-19T12:00:00Z,3.325,73.625,0.0
2004-05-19T12:00:00Z,3.675,73.375,0.0
2004-05-19T12:00:00Z,3.675,73.425,0.0
2004-05-19T12:00:00Z,3.675,73.475,0.0
2004-05-19T12:00:00Z,3.675,73.525,0.0
2004-05-19T12:00:00Z,3.675,73.575,0.0
2004-05-19T12:00:00Z,3.675,73.625,0.0
2004-05-19T12:00:00Z,3.625,73.375,0.0
2004-05-19T12:00:00Z,3.625,73.425,0.0
2004-05-19T12:00:00Z,3.625,73.475,0.0
2004-05-19T12:00:00Z,3.625,73.525,0.0
2004-05-19T12:00:00Z,3.625,73.575,0.0
2004-05-19T12:00:00Z,3.625,73.625,0.0
2004-05-19T12:00:00Z,3.575,73.375,0.0
2004-05-19T12:00:00Z,3.575,73.425,0.0
2004-05-19T12:00:00Z,3.575,73.475,0.0
2004-05-19T12:00:00Z,3.575,73.525,0.0
2004-05-19T12:00:00Z,3.575,73.575,0.0
2004-05-19T12:00:00Z,3.575,73.625,0.0
2004-05-19T12:00:00Z,3.525,73.375,0.0
2004-05-19T12:00:00Z,3.525,73.425,0.0
2004-05-19T12:00:00Z,3.525,73.475,0.0
2004-05-19T12:00:00Z,3.525,73.525,0.0
2004-05-19T12:00:00Z,3.525,73.575,0.0
2004-05-19T12:00:00Z,3.525,73.625,0.0
2004-05-19T12:00:00Z,3.475,73.375,0.0
2004-05-19T12:00:00Z,3.475,73.425,0.0
2004-05-19T12:00:00Z,3.475,73.475,0.0
2004-05-19T12:00:00Z,3.475,73.525,0.0
2004-05-19T12:00:00Z,3.475,73.575,0.0
2004-05-19T12:00:00Z,3.475,73.625,0.0
2004-05-19T12:00:00Z,3.425,73.375,0.0
2004-05-19T12:00:00Z,3.425,73.425,0.0
2004-05-19T12:00:00Z,3.425,73.475,0.0
2004-05-19T12:00:00Z,3.425,73.525,0.0
2004-05-19T12:00:00Z,3.425,73.575,0.0
2004-05-19T12:00:00Z,3.425,73.625,0.0
2004-05-19T12:00:00Z,3.375,73.375,0.0
2004-05-19T12:00:00Z,3.375,73.425,0.0
2004-05-19T12:00:00Z,3.375,73.475,0.0
2004-05-19T12:00:00Z,3.375,73.525,0.0
2004-05-19T12:00:00Z,3.375,73.575,0.0
2004-05-19T12:00:00Z,3.375,73.625,0.0
2004-05-19T12:00:00Z,3.325,73.375,0.0
2004-05-19T12:00:00Z,3.325,73.425,0.0
2004-05-19T12:00:00Z,3.325,73.475,0.0
2004-05-19T12:00:00Z,3.325,73.525,0.0
2004-05-19T12:00:00Z,3.325,73.575,0.0
2004-05-19T12:00:00Z,3.325,73.625,0.0
2004-06-18T12:00:00Z,3.675,73.375,0.0
2004-06-18T12:00:00Z,3.675,73.425,0.0
2004-06-18T12:00:00Z,3.675,73.475,0.0
2004-06-18T12:00:00Z,3.675,73.525,0.0
2004-06-18T12:00:00Z,3.675,73.575,0.0
2004-06-18T12:00:00Z,3.675,73.625,0.0
2004-06-18T12:00:00Z,3.625,73.375,0.0
2004-06-18T12:00:00Z,3.625,73.425,0.0
2004-06-18T12:00:00Z,3.625,73.475,0.0
2004-06-18T12:00:00Z,3.625,73.525,0.0
2004-06-18T12:00:00Z,3.625,73.575,0.0
2004-06-18T12:00:00Z,3.625,73.625,0.0
2004-06-18T12:00:00Z,3.575,73.375,0.0
2004-06-18T12:00:00Z,3.575,73.425,0.0
2004-06-18T12:00:00Z,3.575,73.475,0.0
2004-06-18T12:00:00Z,3.575,73.525,0.0
2004-06-18T12:00:00Z,3.575,73.575,0.0
2004-06-18T12:00:00Z,3.575,73.625,0.0
2004-06-18T12:00:00Z,3.525,73.375,0.0
2004-06-18T12:00:00Z,3.525,73.425,0.0
2004-06-18T12:00:00Z,3.525,73.475,0.0
2004-06-18T12:00:00Z,3.525,73.525,0.0
2004-06-18T12:00:00Z,3.525,73.575,0.0
2004-06-18T12:00:00Z,3.525,73.625,0.0
2004-06-18T12:00:00Z,3.475,73.375,0.0
2004-06-18T12:00:00Z,3.475,73.425,0.0
2004-06-18T12:00:00Z,3.475,73.475,0.0
2004-06-18T12:00:00Z,3.475,73.525,0.0
2004-06-18T12:00:00Z,3.475,73.575,0.0
2004-06-18T12:00:00Z,3.475,73.625,0.0
2004-06-18T12:00:00Z,3.425,73.375,0.0
2004-06-18T12:00:00Z,3.425,73.425,0.0
2004-06-18T12:00:00Z,3.425,73.475,0.0
2004-06-18T12:00:00Z,3.425,73.525,0.0
2004-06-18T12:00:00Z,3.425,73.575,0.0
2004-06-18T12:00:00Z,3.425,73.625,0.0
2004-06-18T12:00:00Z,3.375,73.375,0.0
2004-06-18T12:00:00Z,3.375,73.425,0.0
2004-06-18T12:00:00Z,3.375,73.475,0.0
2004-06-18T12:00:00Z,3.375,73.525,0.0
2004-06-18T12:00:00Z,3.375,73.575,0.0
2004-06-18T12:00:00Z,3.375,73.625,0.0
2004-06-18T12:00:00Z,3.325,73.375,0.0
2004-06-18T12:00:00Z,3.325,73.425,0.0
2004-06-18T12:00:00Z,3.325,73.475,0.0
2004-06-18T12:00:00Z,3.325,73.525,0.0
2004-06-18T12:00:00Z,3.325,73.575,0.0
2004-06-18T12:00:00Z,3.325,73.625,0.0
2004-07-18T12:00:00Z,3.675,73.375,0.0
2004-07-18T12:00:00Z,3.675,73.425,0.0
2004-07-18T12:00:00Z,3.675,73.475,0.0
2004-07-18T12:00:00Z,3.675,73.525,0.0
2004-07-18T12:00:00Z,3.675,73.575,0.0
2004-07-18T12:00:00Z,3.675,73.625,0.0
2004-07-18T12:00:00Z,3.625,73.375,0.0
2004-07-18T12:00:00Z,3.625,73.425,0.0
2004-07-18T12:00:00Z,3.625,73.475,0.0
2004-07-18T12:00:00Z,3.625,73.525,0.0
2004-07-18T12:00:00Z,3.625,73.575,0.0
2004-07-18T12:00:00Z,3.625,73.625,0.0
2004-07-18T12:00:00Z,3.575,73.375,0.0
2004-07-18T12:00:00Z,3.575,73.425,0.0
2004-07-18T12:00:00Z,3.575,73.475,0.0
2004-07-18T12:00:00Z,3.575,73.525,0.0
2004-07-18T12:00:00Z,3.575,73.575,0.0
2004-07-18T12:00:00Z,3.575,73.625,0.0
2004-07-18T12:00:00Z,3.525,73.375,0.0
2004-07-18T12:00:00Z,3.525,73.425,0.0
2004-07-18T12:00:00Z,3.525,73.475,0.0
2004-07-18T12:00:00Z,3.525,73.525,0.0
2004-07-18T12:00:00Z,3.525,73.575,0.0
2004-07-18T12:00:00Z,3.525,73.625,0.0
2004-07-18T12:00:00Z,3.475,73.375,0.0
2004-07-18T12:00:00Z,3.475,73.425,0.0
2004-07-18T12:00:00Z,3.475,73.475,0.0
2004-07-18T12:00:00Z,3.475,73.525,0.0
2004-07-18T12:00:00Z,3.475,73.575,0.0
2004-07-18T12:00:00Z,3.475,73.625,0.0
2004-07-18T12:00:00Z,3.425,73.375,0.0
2004-07-18T12:00:00Z,3.425,73.425,0.0
2004-07-18T12:00:00Z,3.425,73.475,0.0
2004-07-18T12:00:00Z,3.425,73.525,0.0
2004-07-18T12:00:00Z,3.425,73.575,0.0
2004-07-18T12:00:00Z,3.425,73.625,0.0
2004-07-18T12:00:00Z,3.375,73.375,0.0
2004-07-18T12:00:00Z,3.375,73.425,0.0
2004-07-18T12:00:00Z,3.375,73.475,0.0
2004-07-18T12:00:00Z,3.375,73.525,0.0
2004-07-18T12:00:00Z,3.375,73.575,0.0
2004-07-18T12:00:00Z,3.375,73.625,0.0
2004-07-18T12:00:00Z,3.325,73.375,0.0
2004-07-18T12:00:00Z,3.325,73.425,0.0
2004-07-18T12:00:00Z,3.325,73.475,0.0
2004-07-18T12:00:00Z,3.325,73.525,0.0
2004-07-18T12:00:00Z,3.325,73.575,0.0
2004-07-18T12:00:00Z,3.325,73.625,0.0
2004-08-17T12:00:00Z,3.675,73.375,0.0
2004-08-17T12:00:00Z,3.675,73.425,0.0
2004-08-17T12:00:00Z,3.675,73.475,0.0
2004-08-17T12:00:00Z,3.675,73.525,0.0
2004-08-17T12:00:00Z,3.675,73.575,0.0
2004-08-17T12:00:00Z,3.675,73.625,0.0
2004-08-17T12:00:00Z,3.625,73.375,0.0
2004-08-17T12:00:00Z,3.625,73.425,0.0
2004-08-17T12:00:00Z,3.625,73.475,0.0
2004-08-17T12:00:00Z,3.625,73.525,0.0
2004-08-17T12:00:00Z,3.625,73.575,0.0
2004-08-17T12:00:00Z,3.625,73.625,0.0
2004-08-17T12:00:00Z,3.575,73.375,0.0
2004-08-17T12:00:00Z,3.575,73.425,0.0
2004-08-17T12:00:00Z,3.575,73.475,0.0
2004-08-17T12:00:00Z,3.575,73.525,0.0
2004-08-17T12:00:00Z,3.575,73.575,0.0
2004-08-17T12:00:00Z,3.575,73.625,0.0
2004-08-17T12:00:00Z,3.525,73.375,0.0
2004-08-17T12:00:00Z,3.525,73.425,0.0
2004-08-17T12:00:00Z,3.525,73.475,0.0
2004-08-17T12:00:00Z,3.525,73.525,0.0
2004-08-17T12:00:00Z,3.525,73.575,0.0
2004-08-17T12:00:00Z,3.525,73.625,0.0
2004-08-17T12:00:00Z,3.475,73.375,0.0
2004-08-17T12:00:00Z,3.475,73.425,0.0
2004-08-17T12:00:00Z,3.475,73.475,0.0
2004-08-17T12:00:00Z,3.475,73.525,0.0
2004-08-17T12:00:00Z,3.475,73.575,0.0
2004-08-17T12:00:00Z,3.475,73.625,0.0
2004-08-17T12:00:00Z,3.425,73.375,0.0
2004-08-17T12:00:00Z,3.425,73.425,0.0
2004-08-17T12:00:00Z,3.425,73.475,0.0
2004-08-17T12:00:00Z,3.425,73.525,0.0
2004-08-17T12:00:00Z,3.425,73.575,0.0
2004-08-17T12:00:00Z,3.425,73.625,0.0
2004-08-17T12:00:00Z,3.375,73.375,0.0
2004-08-17T12:00:00Z,3.375,73.425,0.0
2004-08-17T12:00:00Z,3.375,73.475,0.0
2004-08-17T12:00:00Z,3.375,73.525,0.0
2004-08-17T12:00:00Z,3.375,73.575,0.0
2004-08-17T12:00:00Z,3.375,73.625,0.0
2004-08-17T12:00:00Z,3.325,73.375,0.0
2004-08-17T12:00:00Z,3.325,73.425,0.0
2004-08-17T12:00:00Z,3.325,73.475,0.0
2004-08-17T12:00:00Z,3.325,73.525,0.0
2004-08-17T12:00:00Z,3.325,73.575,0.0
2004-08-17T12:00:00Z,3.325,73.625,0.0
2004-09-16T12:00:00Z,3.675,73.375,0.0
2004-09-16T12:00:00Z,3.675,73.425,0.0
2004-09-16T12:00:00Z,3.675,73.475,0.0
2004-09-16T12:00:00Z,3.675,73.525,0.0
2004-09-16T12:00:00Z,3.675,73.575,0.0
2004-09-16T12:00:00Z,3.675,73.625,0.0
2004-09-16T12:00:00Z,3.625,73.375,0.0
2004-09-16T12:00:00Z,3.625,73.425,0.0
2004-09-16T12:00:00Z,3.625,73.475,0.0
2004-09-16T12:00:00Z,3.625,73.525,0.0
2004-09-16T12:00:00Z,3.625,73.575,0.0
2004-09-16T12:00:00Z,3.625,73.625,0.0
2004-09-16T12:00:00Z,3.575,73.375,0.0
2004-09-16T12:00:00Z,3.575,73.425,0.0
2004-09-16T12:00:00Z,3.575,73.475,0.0
2004-09-16T12:00:00Z,3.575,73.525,0.0
2004-09-16T12:00:00Z,3.575,73.575,0.0
2004-09-16T12:00:00Z,3.575,73.625,0.0
2004-09-16T12:00:00Z,3.525,73.375,0.0
2004-09-16T12:00:00Z,3.525,73.425,0.0
2004-09-16T12:00:00Z,3.525,73.475,0.0
2004-09-16T12:00:00Z,3.525,73.525,0.0
2004-09-16T12:00:00Z,3.525,73.575,0.0
2004-09-16T12:00:00Z,3.525,73.625,0.0
2004-09-16T12:00:00Z,3.475,73.375,0.0
2004-09-16T12:00:00Z,3.475,73.425,0.0
2004-09-16T12:00:00Z,3.475,73.475,0.0
2004-09-16T12:00:00Z,3.475,73.525,0.0
2004-09-16T12:00:00Z,3.475,73.575,0.0
2004-09-16T12:00:00Z,3.475,73.625,0.0
2004-09-16T12:00:00Z,3.425,73.375,0.0
2004-09-16T12:00:00Z,3.425,73.425,0.0
2004-09-16T12:00:00Z,3.425,73.475,0.0
2004-09-16T12:00:00Z,3.425,73.525,0.0
2004-09-16T12:00:00Z,3.425,73.575,0.0
2004-09-16T12:00:00Z,3.425,73.625,0.0
2004-09-16T12:00:00Z,3.375,73.375,0.0
2004-09-16T12:00:00Z,3.375,73.425,0.0
2004-09-16T12:00:00Z,3.375,73.475,0.0
2004-09-16T12:00:00Z,3.375,73.525,0.0
2004-09-16T12:00:00Z,3.375,73.575,0.0
2004-09-16T12:00:00Z,3.375,73.625,0.0
2004-09-16T12:00:00Z,3.325,73.375,0.0
2004-09-16T12:00:00Z,3.325,73.425,0.0
2004-09-16T12:00:00Z,3.325,73.475,0.0
2004-09-16T12:00:00Z,3.325,73.525,0.0
2004-09-16T12:00:00Z,3.325,73.575,0.0
2004-09-16T12:00:00Z,3.325,73.625,0.0
2004-10-16T12:00:00Z,3.675,73.375,0.0
2004-10-16T12:00:00Z,3.675,73.425,0.0
2004-10-16T12:00:00Z,3.675,73.475,0.0
2004-10-16T12:00:00Z,3.675,73.525,0.0
2004-10-16T12:00:00Z,3.675,73.575,0.0
2004-10-16T12:00:00Z,3.675,73.625,0.0
2004-10-16T12:00:00Z,3.625,73.375,0.0
2004-10-16T12:00:00Z,3.625,73.425,0.0
2004-10-16T12:00:00Z,3.625,73.475,0.0
2004-10-16T12:00:00Z,3.625,73.525,0.0
2004-10-16T12:00:00Z,3.625,73.575,0.0
2004-10-16T12:00:00Z,3.625,73.625,0.0
2004-10-16T12:00:00Z,3.575,73.375,0.0
2004-10-16T12:00:00Z,3.575,73.425,0.0
2004-10-16T12:00:00Z,3.575,73.475,0.0
2004-10-16T12:00:00Z,3.575,73.525,0.0
2004-10-16T12:00:00Z,3.575,73.575,0.0
2004-10-16T12:00:00Z,3.575,73.625,0.0
2004-10-16T12:00:00Z,3.525,73.375,0.0
2004-10-16T12:00:00Z,3.525,73.425,0.0
2004-10-16T12:00:00Z,3.525,73.475,0.0
2004-10-16T12:00:00Z,3.525,73.525,0.0
2004-10-16T12:00:00Z,3.525,73.575,0.0
2004-10-16T12:00:00Z,3.525,73.625,0.0
2004-10-16T12:00:00Z,3.475,73.375,0.0
2004-10-16T12:00:00Z,3.475,73.425,0.0
2004-10-16T12:00:00Z,3.475,73.475,0.0
2004-10-16T12:00:00Z,3.475,73.525,0.0
2004-10-16T12:00:00Z,3.475,73.575,0.0
2004-10-16T12:00:00Z,3.475,73.625,0.0
2004-10-16T12:00:00Z,3.425,73.375,0.0
2004-10-16T12:00:00Z,3.425,73.425,0.0
2004-10-16T12:00:00Z,3.425,73.475,0.0
2004-10-16T12:00:00Z,3.425,73.525,0.0
2004-10-16T12:00:00Z,3.425,73.575,0.0
2004-10-16T12:00:00Z,3.425,73.625,0.0
2004-10-16T12:00:00Z,3.375,73.375,0.0
2004-10-16T12:00:00Z,3.375,73.425,0.0
2004-10-16T12:00:00Z,3.375,73.475,0.0
2004-10-16T12:00:00Z,3.375,73.525,0.0
2004-10-16T12:00:00Z,3.375,73.575,0.0
2004-10-16T12:00:00Z,3.375,73.625,0.0
2004-10-16T12:00:00Z,3.325,73.375,0.0
2004-10-16T12:00:00Z,3.325,73.425,0.0
2004-10-16T12:00:00Z,3.325,73.475,0.0
2004-10-16T12:00:00Z,3.325,73.525,0.0
2004-10-16T12:00:00Z,3.325,73.575,0.0
2004-10-16T12:00:00Z,3.325,73.625,0.0
2004-11-15T12:00:00Z,3.675,73.375,0.0
2004-11-15T12:00:00Z,3.675,73.425,0.0
2004-11-15T12:00:00Z,3.675,73.475,0.0
2004-11-15T12:00:00Z,3.675,73.525,0.0
2004-11-15T12:00:00Z,3.675,73.575,0.0
2004-11-15T12:00:00Z,3.675,73.625,0.0
2004-11-15T12:00:00Z,3.625,73.375,0.0
2004-11-15T12:00:00Z,3.625,73.425,0.0
2004-11-15T12:00:00Z,3.625,73.475,0.0
2004-11-15T12:00:00Z,3.625,73.525,0.0
2004-11-15T12:00:00Z,3.625,73.575,0.0
2004-11-15T12:00:00Z,3.625,73.625,0.0
2004-11-15T12:00:00Z,3.575,73.375,0.0
2004-11-15T12:00:00Z,3.575,73.425,0.0
2004-11-15T12:00:00Z,3.575,73.475,0.0
2004-11-15T12:00:00Z,3.575,73.525,0.0
2004-11-15T12:00:00Z,3.575,73.575,0.0
2004-11-15T12:00:00Z,3.575,73.625,0.0
2004-11-15T12:00:00Z,3.525,73.375,0.0
2004-11-15T12:00:00Z,3.525,73.425,0.0
2004-11-15T12:00:00Z,3.525,73.475,0.0
2004-11-15T12:00:00Z,3.525,73.525,0.0
2004-11-15T12:00:00Z,3.525,73.575,0.0
2004-11-15T12:00:00Z,3.525,73.625,0.0
2004-11-15T12:00:00Z,3.475,73.375,0.0
2004-11-15T12:00:00Z,3.475,73.425,0.0
2004-11-15T12:00:00Z,3.475,73.475,0.0
2004-11-15T12:00:00Z,3.475,73.525,0.0
2004-11-15T12:00:00Z,3.475,73.575,0.0
2004-11-15T12:00:00Z,3.475,73.625,0.0
2004-11-15T12:00:00Z,3.425,73.375,0.0
2004-11-15T12:00:00Z,3.425,73.425,0.0
2004-11-15T12:00:00Z,3.425,73.475,0.0
2004-11-15T12:00:00Z,3.425,73.525,0.0
2004-11-15T12:00:00Z,3.425,73.575,0.0
2004-11-15T12:00:00Z,3.425,73.625,0.0
2004-11-15T12:00:00Z,3.375,73.375,0.0
2004-11-15T12:00:00Z,3.375,73.425,0.0
2004-11-15T12:00:00Z,3.375,73.475,0.0
2004-11-15T12:00:00Z,3.375,73.525,0.0
2004-11-15T12:00:00Z,3.375,73.575,0.0
2004-11-15T12:00:00Z,3.375,73.625,0.0
2004-11-15T12:00:00Z,3.325,73.375,0.0
2004-11-15T12:00:00Z,3.325,73.425,0.0
2004-11-15T12:00:00Z,3.325,73.475,0.0
2004-11-15T12:00:00Z,3.325,73.525,0.0
2004-11-15T12:00:00Z,3.325,73.575,0.0
2004-11-15T12:00:00Z,3.325,73.625,0.0
2004-12-15T12:00:00Z,3.675,73.375,0.0
2004-12-15T12:00:00Z,3.675,73.425,0.0
2004-12-15T12:00:00Z,3.675,73.475,0.0
2004-12-15T12:00:00Z,3.675,73.525,0.0
2004-12-15T12:00:00Z,3.675,73.575,0.0
2004-12-15T12:00:00Z,3.675,73.625,0.0
2004-12-15T12:00:00Z,3.625,73.375,0.0
2004-12-15T12:00:00Z,3.625,73.425,0.0
2004-12-15T12:00:00Z,3.625,73.475,0.0
2004-12-15T12:00:00Z,3.625,73.525,0.0
2004-12-15T12:00:00Z,3.625,73.575,0.0
2004-12-15T12:00:00Z,3.625,73.625,0.0
2004-12-15T12:00:00Z,3.575,73.375,0.0
2004-12-15T12:00:00Z,3.575,73.425,0.0
2004-12-15T12:00:00Z,3.575,73.475,0.0
2004-12-15T12:00:00Z,3.575,73.525,0.0
2004-12-15T12:00:00Z,3.575,73.575,0.0
2004-12-15T12:00:00Z,3.575,73.625,0.0
2004-12-15T12:00:00Z,3.525,73.375,0.0
2004-12-15T12:00:00Z,3.525,73.425,0.0
2004-12-15T12:00:00Z,3.525,73.475,0.0
2004-12-15T12:00:00Z,3.525,73.525,0.0
2004-12-15T12:00:00Z,3.525,73.575,0.0
2004-12-15T12:00:00Z,3.525,73.625,0.0
2004-12-15T12:00:00Z,3.475,73.375,0.0
2004-12-15T12:00:00Z,3.475,73.425,0.0
2004-12-15T12:00:00Z,3.475,73.475,0.0
2004-12-15T12:00:00Z,3.475,73.525,0.0
2004-12-15T12:00:00Z,3.475,73.575,0.0
2004-12-15T12:00:00Z,3.475,73.625,0.0
2004-12-15T12:00:00Z,3.425,73.375,0.0
2004-12-15T12:00:00Z,3.425,73.425,0.0
2004-12-15T12:00:00Z,3.425,73.475,0.0
2004-12-15T12:00:00Z,3.425,73.525,0.0
2004-12-15T12:00:00Z,3.425,73.575,0.0
2004-12-15T12:00:00Z,3.425,73.625,0.0
2004-12-15T12:00:00Z,3.375,73.375,0.0
2004-12-15T12:00:00Z,3.375,73.425,0.0
2004-12-15T12:00:00Z,3.375,73.475,0.0
2004-12-15T12:00:00Z,3.375,73.525,0.0
2004-12-15T12:00:00Z,3.375,73.575,0.0
2004-12-15T12:00:00Z,3.375,73.625,0.0
2004-12-15T12:00:00Z,3.325,73.375,0.0
2004-12-15T12:00:00Z,3.325,73.425,0.0
2004-12-15T12:00:00Z,3.325,73.475,0.0
2004-12-15T12:00:00Z,3.325,73.525,0.0
2004-12-15T12:00:00Z,3.325,73.575,0.0
2004-12-15T12:00:00Z,3.325,73.625,0.0
2005-01-14T12:00:00Z,3.675,73.375,0.0
2005-01-14T12:00:00Z,3.675,73.425,0.0
2005-01-14T12:00:00Z,3.675,73.475,0.0
2005-01-14T12:00:00Z,3.675,73.525,0.0
2005-01-14T12:00:00Z,3.675,73.575,0.0
2005-01-14T12:00:00Z,3.675,73.625,0.0
2005-01-14T12:00:00Z,3.625,73.375,0.0
2005-01-14T12:00:00Z,3.625,73.425,0.0
2005-01-14T12:00:00Z,3.625,73.475,0.0
2005-01-14T12:00:00Z,3.625,73.525,0.0
2005-01-14T12:00:00Z,3.625,73.575,0.0
2005-01-14T12:00:00Z,3.625,73.625,0.0
2005-01-14T12:00:00Z,3.575,73.375,0.0
2005-01-14T12:00:00Z,3.575,73.425,0.0
2005-01-14T12:00:00Z,3.575,73.475,0.0
2005-01-14T12:00:00Z,3.575,73.525,0.0
2005-01-14T12:00:00Z,3.575,73.575,0.0
2005-01-14T12:00:00Z,3.575,73.625,0.0
2005-01-14T12:00:00Z,3.525,73.375,0.0
2005-01-14T12:00:00Z,3.525,73.425,0.0
2005-01-14T12:00:00Z,3.525,73.475,0.0
2005-01-14T12:00:00Z,3.525,73.525,0.0
2005-01-14T12:00:00Z,3.525,73.575,0.0
2005-01-14T12:00:00Z,3.525,73.625,0.0
2005-01-14T12:00:00Z,3.475,73.375,0.0
2005-01-14T12:00:00Z,3.475,73.425,0.0
2005-01-14T12:00:00Z,3.475,73.475,0.0
2005-01-14T12:00:00Z,3.475,73.525,0.0
2005-01-14T12:00:00Z,3.475,73.575,0.0
2005-01-14T12:00:00Z,3.475,73.625,0.0
2005-01-14T12:00:00Z,3.425,73.375,0.0
2005-01-14T12:00:00Z,3.425,73.425,0.0
2005-01-14T12:00:00Z,3.425,73.475,0.0
2005-01-14T12:00:00Z,3.425,73.525,0.0
2005-01-14T12:00:00Z,3.425,73.575,0.0
2005-01-14T12:00:00Z,3.425,73.625,0.0
2005-01-14T12:00:00Z,3.375,73.375,0.0
2005-01-14T12:00:00Z,3.375,73.425,0.0
2005-01-14T12:00:00Z,3.375,73.475,0.0
2005-01-14T12:00:00Z,3.375,73.525,0.0
2005-01-14T12:00:00Z,3.375,73.575,0.0
2005-01-14T12:00:00Z,3.375,73.625,0.0
2005-01-14T12:00:00Z,3.325,73.375,0.0
2005-01-14T12:00:00Z,3.325,73.425,0.0
2005-01-14T12:00:00Z,3.325,73.475,0.0
2005-01-14T12:00:00Z,3.325,73.525,0.0
2005-01-14T12:00:00Z,3.325,73.575,0.0
2005-01-14T12:00:00Z,3.325,73.625,0.0
2005-02-13T12:00:00Z,3.675,73.375,0.0
2005-02-13T12:00:00Z,3.675,73.425,0.0
2005-02-13T12:00:00Z,3.675,73.475,0.0
2005-02-13T12:00:00Z,3.675,73.525,0.0
2005-02-13T12:00:00Z,3.675,73.575,0.0
2005-02-13T12:00:00Z,3.675,73.625,0.0
2005-02-13T12:00:00Z,3.625,73.375,0.0
2005-02-13T12:00:00Z,3.625,73.425,0.0
2005-02-13T12:00:00Z,3.625,73.475,0.0
2005-02-13T12:00:00Z,3.625,73.525,0.0
2005-02-13T12:00:00Z,3.625,73.575,0.0
2005-02-13T12:00:00Z,3.625,73.625,0.0
2005-02-13T12:00:00Z,3.575,73.375,0.0
2005-02-13T12:00:00Z,3.575,73.425,0.0
2005-02-13T12:00:00Z,3.575,73.475,0.0
2005-02-13T12:00:00Z,3.575,73.525,0.0
2005-02-13T12:00:00Z,3.575,73.575,0.0
2005-02-13T12:00:00Z,3.575,73.625,0.0
2005-02-13T12:00:00Z,3.525,73.375,0.0
2005-02-13T12:00:00Z,3.525,73.425,0.0
2005-02-13T12:00:00Z,3.525,73.475,0.0
2005-02-13T12:00:00Z,3.525,73.525,0.0
2005-02-13T12:00:00Z,3.525,73.575,0.0
2005-02-13T12:00:00Z,3.525,73.625,0.0
2005-02-13T12:00:00Z,3.475,73.375,0.0
2005-02-13T12:00:00Z,3.475,73.425,0.0
2005-02-13T12:00:00Z,3.475,73.475,0.0
2005-02-13T12:00:00Z,3.475,73.525,0.0
2005-02-13T12:00:00Z,3.475,73.575,0.0
2005-02-13T12:00:00Z,3.475,73.625,0.0
2005-02-13T12:00:00Z,3.425,73.375,0.0
2005-02-13T12:00:00Z,3.425,73.425,0.0
2005-02-13T12:00:00Z,3.425,73.475,0.0
2005-02-13T12:00:00Z,3.425,73.525,0.0
2005-02-13T12:00:00Z,3.425,73.575,0.0
2005-02-13T12:00:00Z,3.425,73.625,0.0
2005-02-13T12:00:00Z,3.375,73.375,0.0
2005-02-13T12:00:00Z,3.375,73.425,0.0
2005-02-13T12:00:00Z,3.375,73.475,0.0
2005-02-13T12:00:00Z,3.375,73.525,0.0
2005-02-13T12:00:00Z,3.375,73.575,0.0
2005-02-13T12:00:00Z,3.375,73.625,0.0
2005-02-13T12:00:00Z,3.325,73.375,0.0
2005-02-13T12:00:00Z,3.325,73.425,0.0
2005-02-13T12:00:00Z,3.325,73.475,0.0
2005-02-13T12:00:00Z,3.325,73.525,0.0
2005-02-13T12:00:00Z,3.325,73.575,0.0
2005-02-13T12:00:00Z,3.325,73.625,0.0
2005-03-15T12:00:00Z,3.675,73.375,0.0
2005-03-15T12:00:00Z,3.675,73.425,0.0
2005-03-15T12:00:00Z,3.675,73.475,0.0
2005-03-15T12:00:00Z,3.675,73.525,0.0
2005-03-15T12:00:00Z,3.675,73.575,0.0
2005-03-15T12:00:00Z,3.675,73.625,0.0
2005-03-15T12:00:00Z,3.625,73.375,0.0
2005-03-15T12:00:00Z,3.625,73.425,0.0
2005-03-15T12:00:00Z,3.625,73.475,0.0
2005-03-15T12:00:00Z,3.625,73.525,0.0
2005-03-15T12:00:00Z,3.625,73.575,0.0
2005-03-15T12:00:00Z,3.625,73.625,0.0
2005-03-15T12:00:00Z,3.575,73.375,0.0
2005-03-15T12:00:00Z,3.575,73.425,0.0
2005-03-15T12:00:00Z,3.575,73.475,0.0
2005-03-15T12:00:00Z,3.575,73.525,0.0
2005-03-15T12:00:00Z,3.575,73.575,0.0
2005-03-15T12:00:00Z,3.575,73.625,0.0
2005-03-15T12:00:00Z,3.525,73.375,0.0
2005-03-15T12:00:00Z,3.525,73.425,0.0
2005-03-15T12:00:00Z,3.525,73.475,0.0
2005-03-15T12:00:00Z,3.525,73.525,0.0
2005-03-15T12:00:00Z,3.525,73.575,0.0
2005-03-15T12:00:00Z,3.525,73.625,0.0
2005-03-15T12:00:00Z,3.475,73.375,0.0
2005-03-15T12:00:00Z,3.475,73.425,0.0
2005-03-15T12:00:00Z,3.475,73.475,0.0
2005-03-15T12:00:00Z,3.475,73.525,0.0
2005-03-15T12:00:00Z,3.475,73.575,0.0
2005-03-15T12:00:00Z,3.475,73.625,0.0
2005-03-15T12:00:00Z,3.425,73.375,0.0
2005-03-15T12:00:00Z,3.425,73.425,0.0
2005-03-15T12:00:00Z,3.425,73.475,0.0
2005-03-15T12:00:00Z,3.425,73.525,0.0
2005-03-15T12:00:00Z,3.425,73.575,0.0
2005-03-15T12:00:00Z,3.425,73.625,0.0
2005-03-15T12:00:00Z,3.375,73.375,0.0
2005-03-15T12:00:00Z,3.375,73.425,0.0
2005-03-15T12:00:00Z,3.375,73.475,0.0
2005-03-15T12:00:00Z,3.375,73.525,0.0
2005-03-15T12:00:00Z,3.375,73.575,0.0
2005-03-15T12:00:00Z,3.375,73.625,0.0
2005-03-15T12:00:00Z,3.325,73.375,0.0
2005-03-15T12:00:00Z,3.325,73.425,0.0
2005-03-15T12:00:00Z,3.325,73.475,0.0
2005-03-15T12:00:00Z,3.325,73.525,0.0
2005-03-15T12:00:00Z,3.325,73.575,0.0
2005-03-15T12:00:00Z,3.325,73.625,0.0
2005-04-14T12:00:00Z,3.675,73.375,0.0
2005-04-14T12:00:00Z,3.675,73.425,0.0
2005-04-14T12:00:00Z,3.675,73.475,0.0
2005-04-14T12:00:00Z,3.675,73.525,0.0
2005-04-14T12:00:00Z,3.675,73.575,0.0
2005-04-14T12:00:00Z,3.675,73.625,0.0
2005-04-14T12:00:00Z,3.625,73.375,0.0
2005-04-14T12:00:00Z,3.625,73.425,0.0
2005-04-14T12:00:00Z,3.625,73.475,0.0
2005-04-14T12:00:00Z,3.625,73.525,0.0
2005-04-14T12:00:00Z,3.625,73.575,0.0
2005-04-14T12:00:00Z,3.625,73.625,0.0
2005-04-14T12:00:00Z,3.575,73.375,0.0
2005-04-14T12:00:00Z,3.575,73.425,0.0
2005-04-14T12:00:00Z,3.575,73.475,0.0
2005-04-14T12:00:00Z,3.575,73.525,0.0
2005-04-14T12:00:00Z,3.575,73.575,0.0
2005-04-14T12:00:00Z,3.575,73.625,0.0
2005-04-14T12:00:00Z,3.525,73.375,0.0
2005-04-14T12:00:00Z,3.525,73.425,0.0
2005-04-14T12:00:00Z,3.525,73.475,0.0
2005-04-14T12:00:00Z,3.525,73.525,0.0
2005-04-14T12:00:00Z,3.525,73.575,0.0
2005-04-14T12:00:00Z,3.525,73.625,0.0
2005-04-14T12:00:00Z,3.475,73.375,0.0
2005-04-14T12:00:00Z,3.475,73.425,0.0
2005-04-14T12:00:00Z,3.475,73.475,0.0
2005-04-14T12:00:00Z,3.475,73.525,0.0
2005-04-14T12:00:00Z,3.475,73.575,0.0
2005-04-14T12:00:00Z,3.475,73.625,0.0
2005-04-14T12:00:00Z,3.425,73.375,0.0
2005-04-14T12:00:00Z,3.425,73.425,0.0
2005-04-14T12:00:00Z,3.425,73.475,0.0
2005-04-14T12:00:00Z,3.425,73.525,0.0
2005-04-14T12:00:00Z,3.425,73.575,0.0
2005-04-14T12:00:00Z,3.425,73.625,0.0
2005-04-14T12:00:00Z,3.375,73.375,0.0
2005-04-14T12:00:00Z,3.375,73.425,0.0
2005-04-14T12:00:00Z,3.375,73.475,0.0
2005-04-14T12:00:00Z,3.375,73.525,0.0
2005-04-14T12:00:00Z,3.375,73.575,0.0
2005-04-14T12:00:00Z,3.375,73.625,0.0
2005-04-14T12:00:00Z,3.325,73.375,0.0
2005-04-14T12:00:00Z,3.325,73.425,0.0
2005-04-14T12:00:00Z,3.325,73.475,0.0
2005-04-14T12:00:00Z,3.325,73.525,0.0
2005-04-14T12:00:00Z,3.325,73.575,0.0
2005-04-14T12:00:00Z,3.325,73.625,0.0
2005-05-14T12:00:00Z,3.675,73.375,0.0
2005-05-14T12:00:00Z,3.675,73.425,0.0
2005-05-14T12:00:00Z,3.675,73.475,0.0
2005-05-14T12:00:00Z,3.675,73.525,0.0
2005-05-14T12:00:00Z,3.675,73.575,0.0
2005-05-14T12:00:00Z,3.675,73.625,0.0
2005-05-14T12:00:00Z,3.625,73.375,0.0
2005-05-14T12:00:00Z,3.625,73.425,0.0
2005-05-14T12:00:00Z,3.625,73.475,0.0
2005-05-14T12:00:00Z,3.625,73.525,0.0
2005-05-14T12:00:00Z,3.625,73.575,0.0
2005-05-14T12:00:00Z,3.625,73.625,0.0
2005-05-14T12:00:00Z,3.575,73.375,0.0
2005-05-14T12:00:00Z,3.575,73.425,0.0
2005-05-14T12:00:00Z,3.575,73.475,0.0
2005-05-14T12:00:00Z,3.575,73.525,0.0
2005-05-14T12:00:00Z,3.575,73.575,0.0
2005-05-14T12:00:00Z,3.575,73.625,0.0
2005-05-14T12:00:00Z,3.525,73.375,0.0
2005-05-14T12:00:00Z,3.525,73.425,0.0
2005-05-14T12:00:00Z,3.525,73.475,0.0
2005-05-14T12:00:00Z,3.525,73.525,0.0
2005-05-14T12:00:00Z,3.525,73.575,0.0
2005-05-14T12:00:00Z,3.525,73.625,0.0
2005-05-14T12:00:00Z,3.475,73.375,0.0
2005-05-14T12:00:00Z,3.475,73.425,0.0
2005-05-14T12:00:00Z,3.475,73.475,0.0
2005-05-14T12:00:00Z,3.475,73.525,0.0
2005-05-14T12:00:00Z,3.475,73.575,0.0
2005-05-14T12:00:00Z,3.475,73.625,0.0
2005-05-14T12:00:00Z,3.425,73.375,0.0
2005-05-14T12:00:00Z,3.425,73.425,0.0
2005-05-14T12:00:00Z,3.425,73.475,0.0
2005-05-14T12:00:00Z,3.425,73.525,0.0
2005-05-14T12:00:00Z,3.425,73.575,0.0
2005-05-14T12:00:00Z,3.425,73.625,0.0
2005-05-14T12:00:00Z,3.375,73.375,0.0
2005-05-14T12:00:00Z,3.375,73.425,0.0
2005-05-14T12:00:00Z,3.375,73.475,0.0
2005-05-14T12:00:00Z,3.375,73.525,0.0
2005-05-14T12:00:00Z,3.375,73.575,0.0
2005-05-14T12:00:00Z,3.375,73.625,0.0
2005-05-14T12:00:00Z,3.325,73.375,0.0
2005-05-14T12:00:00Z,3.325,73.425,0.0
2005-05-14T12:00:00Z,3.325,73.475,0.0
2005-05-14T12:00:00Z,3.325,73.525,0.0
2005-05-14T12:00:00Z,3.325,73.575,0.0
2005-05-14T12:00:00Z,3.325,73.625,0.0
2005-06-13T12:00:00Z,3.675,73.375,0.0
2005-06-13T12:00:00Z,3.675,73.425,0.0
2005-06-13T12:00:00Z,3.675,73.475,0.0
2005-06-13T12:00:00Z,3.675,73.525,0.0
2005-06-13T12:00:00Z,3.675,73.575,0.0
2005-06-13T12:00:00Z,3.675,73.625,0.0
2005-06-13T12:00:00Z,3.625,73.375,0.0
2005-06-13T12:00:00Z,3.625,73.425,0.0
2005-06-13T12:00:00Z,3.625,73.475,0.0
2005-06-13T12:00:00Z,3.625,73.525,0.0
2005-06-13T12:00:00Z,3.625,73.575,0.0
2005-06-13T12:00:00Z,3.625,73.625,0.0
2005-06-13T12:00:00Z,3.575,73.375,0.0
2005-06-13T12:00:00Z,3.575,73.425,0.0
2005-06-13T12:00:00Z,3.575,73.475,0.0
2005-06-13T12:00:00Z,3.575,73.525,0.0
2005-06-13T12:00:00Z,3.575,73.575,0.0
2005-06-13T12:00:00Z,3.575,73.625,0.0
2005-06-13T12:00:00Z,3.525,73.375,0.0
2005-06-13T12:00:00Z,3.525,73.425,0.0
2005-06-13T12:00:00Z,3.525,73.475,0.0
2005-06-13T12:00:00Z,3.525,73.525,0.0
2005-06-13T12:00:00Z,3.525,73.575,0.0
2005-06-13T12:00:00Z,3.525,73.625,0.0
2005-06-13T12:00:00Z,3.475,73.375,0.0
2005-06-13T12:00:00Z,3.475,73.425,0.0
2005-06-13T12:00:00Z,3.475,73.475,0.0
2005-06-13T12:00:00Z,3.475,73.525,0.0
2005-06-13T12:00:00Z,3.475,73.575,0.0
2005-06-13T12:00:00Z,3.475,73.625,0.0
2005-06-13T12:00:00Z,3.425,73.375,0.0
2005-06-13T12:00:00Z,3.425,73.425,0.0
2005-06-13T12:00:00Z,3.425,73.475,0.0
2005-06-13T12:00:00Z,3.425,73.525,0.0
2005-06-13T12:00:00Z,3.425,73.575,0.0
2005-06-13T12:00:00Z,3.425,73.625,0.0
2005-06-13T12:00:00Z,3.375,73.375,0.0
2005-06-13T12:00:00Z,3.375,73.425,0.0
2005-06-13T12:00:00Z,3.375,73.475,0.0
2005-06-13T12:00:00Z,3.375,73.525,0.0
2005-06-13T12:00:00Z,3.375,73.575,0.0
2005-06-13T12:00:00Z,3.375,73.625,0.0
2005-06-13T12:00:00Z,3.325,73.375,0.0
2005-06-13T12:00:00Z,3.325,73.425,0.0
2005-06-13T12:00:00Z,3.325,73.475,0.0
2005-06-13T12:00:00Z,3.325,73.525,0.0
2005-06-13T12:00:00Z,3.325,73.575,0.0
2005-06-13T12:00:00Z,3.325,73.625,0.0
2005-07-13T12:00:00Z,3.675,73.375,0.0
2005-07-13T12:00:00Z,3.675,73.425,0.0
2005-07-13T12:00:00Z,3.675,73.475,0.0
2005-07-13T12:00:00Z,3.675,73.525,0.0
2005-07-13T12:00:00Z,3.675,73.575,0.0
2005-07-13T12:00:00Z,3.675,73.625,0.0
2005-07-13T12:00:00Z,3.625,73.375,0.0
2005-07-13T12:00:00Z,3.625,73.425,0.0
2005-07-13T12:00:00Z,3.625,73.475,0.0
2005-07-13T12:00:00Z,3.625,73.525,0.0
2005-07-13T12:00:00Z,3.625,73.575,0.0
2005-07-13T12:00:00Z,3.625,73.625,0.0
2005-07-13T12:00:00Z,3.575,73.375,0.0
2005-07-13T12:00:00Z,3.575,73.425,0.0
2005-07-13T12:00:00Z,3.575,73.475,0.0
2005-07-13T12:00:00Z,3.575,73.525,0.0
2005-07-13T12:00:00Z,3.575,73.575,0.0
2005-07-13T12:00:00Z,3.575,73.625,0.0
2005-07-13T12:00:00Z,3.525,73.375,0.0
2005-07-13T12:00:00Z,3.525,73.425,0.0
2005-07-13T12:00:00Z,3.525,73.475,0.0
2005-07-13T12:00:00Z,3.525,73.525,0.0
2005-07-13T12:00:00Z,3.525,73.575,0.0
2005-07-13T12:00:00Z,3.525,73.625,0.0
2005-07-13T12:00:00Z,3.475,73.375,0.0
2005-07-13T12:00:00Z,3.475,73.425,0.0
2005-07-13T12:00:00Z,3.475,73.475,0.0
2005-07-13T12:00:00Z,3.475,73.525,0.0
2005-07-13T12:00:00Z,3.475,73.575,0.0
2005-07-13T12:00:00Z,3.475,73.625,0.0
2005-07-13T12:00:00Z,3.425,73.375,0.0
2005-07-13T12:00:00Z,3.425,73.425,0.0
2005-07-13T12:00:00Z,3.425,73.475,0.0
2005-07-13T12:00:00Z,3.425,73.525,0.0
2005-07-13T12:00:00Z,3.425,73.575,0.0
2005-07-13T12:00:00Z,3.425,73.625,0.0
2005-07-13T12:00:00Z,3.375,73.375,0.0
2005-07-13T12:00:00Z,3.375,73.425,0.0
2005-07-13T12:00:00Z,3.375,73.475,0.0
2005-07-13T12:00:00Z,3.375,73.525,0.0
2005-07-13T12:00:00Z,3.375,73.575,0.0
2005-07-13T12:00:00Z,3.375,73.625,0.0
2005-07-13T12:00:00Z,3.325,73.375,0.0
2005-07-13T12:00:00Z,3.325,73.425,0.0
2005-07-13T12:00:00Z,3.325,73.475,0.0
2005-07-13T12:00:00Z,3.325,73.525,0.0
2005-07-13T12:00:00Z,3.325,73.575,0.0
2005-07-13T12:00:00Z,3.325,73.625,0.0
2005-08-12T12:00:00Z,3.675,73.375,0.0
2005-08-12T12:00:00Z,3.675,73.425,0.0
2005-08-12T12:00:00Z,3.675,73.475,0.0
2005-08-12T12:00:00Z,3.675,73.525,0.0
2005-08-12T12:00:00Z,3.675,73.575,0.0
2005-08-12T12:00:00Z,3.675,73.625,0.0
2005-08-12T12:00:00Z,3.625,73.375,0.0
2005-08-12T12:00:00Z,3.625,73.425,0.0
2005-08-12T12:00:00Z,3.625,73.475,0.0
2005-08-12T12:00:00Z,3.625,73.525,0.0
2005-08-12T12:00:00Z,3.625,73.575,0.0
2005-08-12T12:00:00Z,3.625,73.625,0.0
2005-08-12T12:00:00Z,3.575,73.375,0.0
2005-08-12T12:00:00Z,3.575,73.425,0.0
2005-08-12T12:00:00Z,3.575,73.475,0.0
2005-08-12T12:00:00Z,3.575,73.525,0.0
2005-08-12T12:00:00Z,3.575,73.575,0.0
2005-08-12T12:00:00Z,3.575,73.625,0.0
2005-08-12T12:00:00Z,3.525,73.375,0.0
2005-08-12T12:00:00Z,3.525,73.425,0.0
2005-08-12T12:00:00Z,3.525,73.475,0.0
2005-08-12T12:00:00Z,3.525,73.525,0.0
2005-08-12T12:00:00Z,3.525,73.575,0.0
2005-08-12T12:00:00Z,3.525,73.625,0.0
2005-08-12T12:00:00Z,3.475,73.375,0.0
2005-08-12T12:00:00Z,3.475,73.425,0.0
2005-08-12T12:00:00Z,3.475,73.475,0.0
2005-08-12T12:00:00Z,3.475,73.525,0.0
2005-08-12T12:00:00Z,3.475,73.575,0.0
2005-08-12T12:00:00Z,3.475,73.625,0.0
2005-08-12T12:00:00Z,3.425,73.375,0.0
2005-08-12T12:00:00Z,3.425,73.425,0.0
2005-08-12T12:00:00Z,3.425,73.475,0.0
2005-08-12T12:00:00Z,3.425,73.525,0.0
2005-08-12T12:00:00Z,3.425,73.575,0.0
2005-08-12T12:00:00Z,3.425,73.625,0.0
2005-08-12T12:00:00Z,3.375,73.375,0.0
2005-08-12T12:00:00Z,3.375,73.425,0.0
2005-08-12T12:00:00Z,3.375,73.475,0.0
2005-08-12T12:00:00Z,3.375,73.525,0.0
2005-08-12T12:00:00Z,3.375,73.575,0.0
2005-08-12T12:00:00Z,3.375,73.625,0.0
2005-08-12T12:00:00Z,3.325,73.375,0.0
2005-08-12T12:00:00Z,3.325,73.425,0.0
2005-08-12T12:00:00Z,3.325,73.475,0.0
2005-08-12T12:00:00Z,3.325,73.525,0.0
2005-08-12T12:00:00Z,3.325,73.575,0.0
2005-08-12T12:00:00Z,3.325,73.625,0.0
2005-09-11T12:00:00Z,3.675,73.375,0.0
2005-09-11T12:00:00Z,3.675,73.425,0.0
2005-09-11T12:00:00Z,3.675,73.475,0.0
2005-09-11T12:00:00Z,3.675,73.525,0.0
2005-09-11T12:00:00Z,3.675,73.575,0.0
2005-09-11T12:00:00Z,3.675,73.625,0.0
2005-09-11T12:00:00Z,3.625,73.375,0.0
2005-09-11T12:00:00Z,3.625,73.425,0.0
2005-09-11T12:00:00Z,3.625,73.475,0.0
2005-09-11T12:00:00Z,3.625,73.525,0.0
2005-09-11T12:00:00Z,3.625,73.575,0.0
2005-09-11T12:00:00Z,3.625,73.625,0.0
2005-09-11T12:00:00Z,3.575,73.375,0.0
2005-09-11T12:00:00Z,3.575,73.425,0.0
2005-09-11T12:00:00Z,3.575,73.475,0.0
2005-09-11T12:00:00Z,3.575,73.525,0.0
2005-09-11T12:00:00Z,3.575,73.575,0.0
2005-09-11T12:00:00Z,3.575,73.625,0.0
2005-09-11T12:00:00Z,3.525,73.375,0.0
2005-09-11T12:00:00Z,3.525,73.425,0.0
2005-09-11T12:00:00Z,3.525,73.475,0.0
2005-09-11T12:00:00Z,3.525,73.525,0.0
2005-09-11T12:00:00Z,3.525,73.575,0.0
2005-09-11T12:00:00Z,3.525,73.625,0.0
2005-09-11T12:00:00Z,3.475,73.375,0.0
2005-09-11T12:00:00Z,3.475,73.425,0.0
2005-09-11T12:00:00Z,3.475,73.475,0.0
2005-09-11T12:00:00Z,3.475,73.525,0.0
2005-09-11T12:00:00Z,3.475,73.575,0.0
2005-09-11T12:00:00Z,3.475,73.625,0.0
2005-09-11T12:00:00Z,3.425,73.375,0.0
2005-09-11T12:00:00Z,3.425,73.425,0.0
2005-09-11T12:00:00Z,3.425,73.475,0.0
2005-09-11T12:00:00Z,3.425,73.525,0.0
2005-09-11T12:00:00Z,3.425,73.575,0.0
2005-09-11T12:00:00Z,3.425,73.625,0.0
2005-09-11T12:00:00Z,3.375,73.375,0.0
2005-09-11T12:00:00Z,3.375,73.425,0.0
2005-09-11T12:00:00Z,3.375,73.475,0.0
2005-09-11T12:00:00Z,3.375,73.525,0.0
2005-09-11T12:00:00Z,3.375,73.575,0.0
2005-09-11T12:00:00Z,3.375,73.625,0.0
2005-09-11T12:00:00Z,3.325,73.375,0.0
2005-09-11T12:00:00Z,3.325,73.425,0.0
2005-09-11T12:00:00Z,3.325,73.475,0.0
2005-09-11T12:00:00Z,3.325,73.525,0.0
2005-09-11T12:00:00Z,3.325,73.575,0.0
2005-09-11T12:00:00Z,3.325,73.625,0.0
2005-10-11T12:00:00Z,3.675,73.375,0.0
2005-10-11T12:00:00Z,3.675,73.425,0.0
2005-10-11T12:00:00Z,3.675,73.475,0.0
2005-10-11T12:00:00Z,3.675,73.525,0.0
2005-10-11T12:00:00Z,3.675,73.575,0.0
2005-10-11T12:00:00Z,3.675,73.625,0.0
2005-10-11T12:00:00Z,3.625,73.375,0.0
2005-10-11T12:00:00Z,3.625,73.425,0.0
2005-10-11T12:00:00Z,3.625,73.475,0.0
2005-10-11T12:00:00Z,3.625,73.525,0.0
2005-10-11T12:00:00Z,3.625,73.575,0.0
2005-10-11T12:00:00Z,3.625,73.625,0.0
2005-10-11T12:00:00Z,3.575,73.375,0.0
2005-10-11T12:00:00Z,3.575,73.425,0.0
2005-10-11T12:00:00Z,3.575,73.475,0.0
2005-10-11T12:00:00Z,3.575,73.525,0.0
2005-10-11T12:00:00Z,3.575,73.575,0.0
2005-10-11T12:00:00Z,3.575,73.625,0.0
2005-10-11T12:00:00Z,3.525,73.375,0.0
2005-10-11T12:00:00Z,3.525,73.425,0.0
2005-10-11T12:00:00Z,3.525,73.475,0.0
2005-10-11T12:00:00Z,3.525,73.525,0.0
2005-10-11T12:00:00Z,3.525,73.575,0.0
2005-10-11T12:00:00Z,3.525,73.625,0.0
2005-10-11T12:00:00Z,3.475,73.375,0.0
2005-10-11T12:00:00Z,3.475,73.425,0.0
2005-10-11T12:00:00Z,3.475,73.475,0.0
2005-10-11T12:00:00Z,3.475,73.525,0.0
2005-10-11T12:00:00Z,3.475,73.575,0.0
2005-10-11T12:00:00Z,3.475,73.625,0.0
2005-10-11T12:00:00Z,3.425,73.375,0.0
2005-10-11T12:00:00Z,3.425,73.425,0.0
2005-10-11T12:00:00Z,3.425,73.475,0.0
2005-10-11T12:00:00Z,3.425,73.525,0.0
2005-10-11T12:00:00Z,3.425,73.575,0.0
2005-10-11T12:00:00Z,3.425,73.625,0.0
2005-10-11T12:00:00Z,3.375,73.375,0.0
2005-10-11T12:00:00Z,3.375,73.425,0.0
2005-10-11T12:00:00Z,3.375,73.475,0.0
2005-10-11T12:00:00Z,3.375,73.525,0.0
2005-10-11T12:00:00Z,3.375,73.575,0.0
2005-10-11T12:00:00Z,3.375,73.625,0.0
2005-10-11T12:00:00Z,3.325,73.375,0.0
2005-10-11T12:00:00Z,3.325,73.425,0.0
2005-10-11T12:00:00Z,3.325,73.475,0.0
2005-10-11T12:00:00Z,3.325,73.525,0.0
2005-10-11T12:00:00Z,3.325,73.575,0.0
2005-10-11T12:00:00Z,3.325,73.625,0.0
2005-11-10T12:00:00Z,3.675,73.375,0.0
2005-11-10T12:00:00Z,3.675,73.425,0.0
2005-11-10T12:00:00Z,3.675,73.475,0.0
2005-11-10T12:00:00Z,3.675,73.525,0.0
2005-11-10T12:00:00Z,3.675,73.575,0.0
2005-11-10T12:00:00Z,3.675,73.625,0.0
2005-11-10T12:00:00Z,3.625,73.375,0.0
2005-11-10T12:00:00Z,3.625,73.425,0.0
2005-11-10T12:00:00Z,3.625,73.475,0.0
2005-11-10T12:00:00Z,3.625,73.525,0.0
2005-11-10T12:00:00Z,3.625,73.575,0.0
2005-11-10T12:00:00Z,3.625,73.625,0.0
2005-11-10T12:00:00Z,3.575,73.375,0.0
2005-11-10T12:00:00Z,3.575,73.425,0.0
2005-11-10T12:00:00Z,3.575,73.475,0.0
2005-11-10T12:00:00Z,3.575,73.525,0.0
2005-11-10T12:00:00Z,3.575,73.575,0.0
2005-11-10T12:00:00Z,3.575,73.625,0.0
2005-11-10T12:00:00Z,3.525,73.375,0.0
2005-11-10T12:00:00Z,3.525,73.425,0.0
2005-11-10T12:00:00Z,3.525,73.475,0.0
2005-11-10T12:00:00Z,3.525,73.525,0.0
2005-11-10T12:00:00Z,3.525,73.575,0.0
2005-11-10T12:00:00Z,3.525,73.625,0.0
2005-11-10T12:00:00Z,3.475,73.375,0.0
2005-11-10T12:00:00Z,3.475,73.425,0.0
2005-11-10T12:00:00Z,3.475,73.475,0.0
2005-11-10T12:00:00Z,3.475,73.525,0.0
2005-11-10T12:00:00Z,3.475,73.575,0.0
2005-11-10T12:00:00Z,3.475,73.625,0.0
2005-11-10T12:00:00Z,3.425,73.375,0.0
2005-11-10T12:00:00Z,3.425,73.425,0.0
2005-11-10T12:00:00Z,3.425,73.475,0.0
2005-11-10T12:00:00Z,3.425,73.525,0.0
2005-11-10T12:00:00Z,3.425,73.575,0.0
2005-11-10T12:00:00Z,3.425,73.625,0.0
2005-11-10T12:00:00Z,3.375,73.375,0.0
2005-11-10T12:00:00Z,3.375,73.425,0.0
2005-11-10T12:00:00Z,3.375,73.475,0.0
2005-11-10T12:00:00Z,3.375,73.525,0.0
2005-11-10T12:00:00Z,3.375,73.575,0.0
2005-11-10T12:00:00Z,3.375,73.625,0.0
2005-11-10T12:00:00Z,3.325,73.375,0.0
2005-11-10T12:00:00Z,3.325,73.425,0.0
2005-11-10T12:00:00Z,3.325,73.475,0.0
2005-11-10T12:00:00Z,3.325,73.525,0.0
2005-11-10T12:00:00Z,3.325,73.575,0.0
2005-11-10T12:00:00Z,3.325,73.625,0.0
2005-12-10T12:00:00Z,3.675,73.375,0.0
2005-12-10T12:00:00Z,3.675,73.425,0.0
2005-12-10T12:00:00Z,3.675,73.475,0.0
2005-12-10T12:00:00Z,3.675,73.525,0.0
2005-12-10T12:00:00Z,3.675,73.575,0.0
2005-12-10T12:00:00Z,3.675,73.625,0.0
2005-12-10T12:00:00Z,3.625,73.375,0.0
2005-12-10T12:00:00Z,3.625,73.425,0.0
2005-12-10T12:00:00Z,3.625,73.475,0.0
2005-12-10T12:00:00Z,3.625,73.525,0.0
2005-12-10T12:00:00Z,3.625,73.575,0.0
2005-12-10T12:00:00Z,3.625,73.625,0.0
2005-12-10T12:00:00Z,3.575,73.375,0.0
2005-12-10T12:00:00Z,3.575,73.425,0.0
2005-12-10T12:00:00Z,3.575,73.475,0.0
2005-12-10T12:00:00Z,3.575,73.525,0.0
2005-12-10T12:00:00Z,3.575,73.575,0.0
2005-12-10T12:00:00Z,3.575,73.625,0.0
2005-12-10T12:00:00Z,3.525,73.375,0.0
2005-12-10T12:00:00Z,3.525,73.425,0.0
2005-12-10T12:00:00Z,3.525,73.475,0.0
2005-12-10T12:00:00Z,3.525,73.525,0.0
2005-12-10T12:00:00Z,3.525,73.575,0.0
2005-12-10T12:00:00Z,3.525,73.625,0.0
2005-12-10T12:00:00Z,3.475,73.375,0.0
2005-12-10T12:00:00Z,3.475,73.425,0.0
2005-12-10T12:00:00Z,3.475,73.475,0.0
2005-12-10T12:00:00Z,3.475,73.525,0.0
2005-12-10T12:00:00Z,3.475,73.575,0.0
2005-12-10T12:00:00Z,3.475,73.625,0.0
2005-12-10T12:00:00Z,3.425,73.375,0.0
2005-12-10T12:00:00Z,3.425,73.425,0.0
2005-12-10T12:00:00Z,3.425,73.475,0.0
2005-12-10T12:00:00Z,3.425,73.525,0.0
2005-12-10T12:00:00Z,3.425,73.575,0.0
2005-12-10T12:00:00Z,3.425,73.625,0.0
2005-12-10T12:00:00Z,3.375,73.375,0.0
2005-12-10T12:00:00Z,3.375,73.425,0.0
2005-12-10T12:00:00Z,3.375,73.475,0.0
2005-12-10T12:00:00Z,3.375,73.525,0.0
2005-12-10T12:00:00Z,3.375,73.575,0.0
2005-12-10T12:00:00Z,3.375,73.625,0.0
2005-12-10T12:00:00Z,3.325,73.375,0.0
2005-12-10T12:00:00Z,3.325,73.425,0.0
2005-12-10T12:00:00Z,3.325,73.475,0.0
2005-12-10T12:00:00Z,3.325,73.525,0.0
2005-12-10T12:00:00Z,3.325,73.575,0.0
2005-12-10T12:00:00Z,3.325,73.625,0.0
2006-01-09T12:00:00Z,3.675,73.375,0.0
2006-01-09T12:00:00Z,3.675,73.425,0.0
2006-01-09T12:00:00Z,3.675,73.475,0.0
2006-01-09T12:00:00Z,3.675,73.525,0.0
2006-01-09T12:00:00Z,3.675,73.575,0.0
2006-01-09T12:00:00Z,3.675,73.625,0.0
2006-01-09T12:00:00Z,3.625,73.375,0.0
2006-01-09T12:00:00Z,3.625,73.425,0.0
2006-01-09T12:00:00Z,3.625,73.475,0.0
2006-01-09T12:00:00Z,3.625,73.525,0.0
2006-01-09T12:00:00Z,3.625,73.575,0.0
2006-01-09T12:00:00Z,3.625,73.625,0.0
2006-01-09T12:00:00Z,3.575,73.375,0.0
2006-01-09T12:00:00Z,3.575,73.425,0.0
2006-01-09T12:00:00Z,3.575,73.475,0.0
2006-01-09T12:00:00Z,3.575,73.525,0.0
2006-01-09T12:00:00Z,3.575,73.575,0.0
2006-01-09T12:00:00Z,3.575,73.625,0.0
2006-01-09T12:00:00Z,3.525,73.375,0.0
2006-01-09T12:00:00Z,3.525,73.425,0.0
2006-01-09T12:00:00Z,3.525,73.475,0.0
2006-01-09T12:00:00Z,3.525,73.525,0.0
2006-01-09T12:00:00Z,3.525,73.575,0.0
2006-01-09T12:00:00Z,3.525,73.625,0.0
2006-01-09T12:00:00Z,3.475,73.375,0.0
2006-01-09T12:00:00Z,3.475,73.425,0.0
2006-01-09T12:00:00Z,3.475,73.475,0.0
2006-01-09T12:00:00Z,3.475,73.525,0.0
2006-01-09T12:00:00Z,3.475,73.575,0.0
2006-01-09T12:00:00Z,3.475,73.625,0.0
2006-01-09T12:00:00Z,3.425,73.375,0.0
2006-01-09T12:00:00Z,3.425,73.425,0.0
2006-01-09T12:00:00Z,3.425,73.475,0.0
2006-01-09T12:00:00Z,3.425,73.525,0.0
2006-01-09T12:00:00Z,3.425,73.575,0.0
2006-01-09T12:00:00Z,3.425,73.625,0.0
2006-01-09T12:00:00Z,3.375,73.375,0.0
2006-01-09T12:00:00Z,3.375,73.425,0.0
2006-01-09T12:00:00Z,3.375,73.475,0.0
2006-01-09T12:00:00Z,3.375,73.525,0.0
2006-01-09T12:00:00Z,3.375,73.575,0.0
2006-01-09T12:00:00Z,3.375,73.625,0.0
2006-01-09T12:00:00Z,3.325,73.375,0.0
2006-01-09T12:00:00Z,3.325,73.425,0.0
2006-01-09T12:00:00Z,3.325,73.475,0.0
2006-01-09T12:00:00Z,3.325,73.525,0.0
2006-01-09T12:00:00Z,3.325,73.575,0.0
2006-01-09T12:00:00Z,3.325,73.625,0.0
2006-02-08T12:00:00Z,3.675,73.375,0.0
2006-02-08T12:00:00Z,3.675,73.425,0.0
2006-02-08T12:00:00Z,3.675,73.475,0.0
2006-02-08T12:00:00Z,3.675,73.525,0.0
2006-02-08T12:00:00Z,3.675,73.575,0.0
2006-02-08T12:00:00Z,3.675,73.625,0.0
2006-02-08T12:00:00Z,3.625,73.375,0.0
2006-02-08T12:00:00Z,3.625,73.425,0.0
2006-02-08T12:00:00Z,3.625,73.475,0.0
2006-02-08T12:00:00Z,3.625,73.525,0.0
2006-02-08T12:00:00Z,3.625,73.575,0.0
2006-02-08T12:00:00Z,3.625,73.625,0.0
2006-02-08T12:00:00Z,3.575,73.375,0.0
2006-02-08T12:00:00Z,3.575,73.425,0.0
2006-02-08T12:00:00Z,3.575,73.475,0.0
2006-02-08T12:00:00Z,3.575,73.525,0.0
2006-02-08T12:00:00Z,3.575,73.575,0.0
2006-02-08T12:00:00Z,3.575,73.625,0.0
2006-02-08T12:00:00Z,3.525,73.375,0.0
2006-02-08T12:00:00Z,3.525,73.425,0.0
2006-02-08T12:00:00Z,3.525,73.475,0.0
2006-02-08T12:00:00Z,3.525,73.525,0.0
2006-02-08T12:00:00Z,3.525,73.575,0.0
2006-02-08T12:00:00Z,3.525,73.625,0.0
2006-02-08T12:00:00Z,3.475,73.375,0.0
2006-02-08T12:00:00Z,3.475,73.425,0.0
2006-02-08T12:00:00Z,3.475,73.475,0.0
2006-02-08T12:00:00Z,3.475,73.525,0.0
2006-02-08T12:00:00Z,3.475,73.575,0.0
2006-02-08T12:00:00Z,3.475,73.625,0.0
2006-02-08T12:00:00Z,3.425,73.375,0.0
2006-02-08T12:00:00Z,3.425,73.425,0.0
2006-02-08T12:00:00Z,3.425,73.475,0.0
2006-02-08T12:00:00Z,3.425,73.525,0.0
2006-02-08T12:00:00Z,3.425,73.575,0.0
2006-02-08T12:00:00Z,3.425,73.625,0.0
2006-02-08T12:00:00Z,3.375,73.375,0.0
2006-02-08T12:00:00Z,3.375,73.425,0.0
2006-02-08T12:00:00Z,3.375,73.475,0.0
2006-02-08T12:00:00Z,3.375,73.525,0.0
2006-02-08T12:00:00Z,3.375,73.575,0.0
2006-02-08T12:00:00Z,3.375,73.625,0.0
2006-02-08T12:00:00Z,3.325,73.375,0.0
2006-02-08T12:00:00Z,3.325,73.425,0.0
2006-02-08T12:00:00Z,3.325,73.475,0.0
2006-02-08T12:00:00Z,3.325,73.525,0.0
2006-02-08T12:00:00Z,3.325,73.575,0.0
2006-02-08T12:00:00Z,3.325,73.625,0.0
2006-03-10T12:00:00Z,3.675,73.375,0.0
2006-03-10T12:00:00Z,3.675,73.425,0.0
2006-03-10T12:00:00Z,3.675,73.475,0.0
2006-03-10T12:00:00Z,3.675,73.525,0.0
2006-03-10T12:00:00Z,3.675,73.575,0.0
2006-03-10T12:00:00Z,3.675,73.625,0.0
2006-03-10T12:00:00Z,3.625,73.375,0.0
2006-03-10T12:00:00Z,3.625,73.425,0.0
2006-03-10T12:00:00Z,3.625,73.475,0.0
2006-03-10T12:00:00Z,3.625,73.525,0.0
2006-03-10T12:00:00Z,3.625,73.575,0.0
2006-03-10T12:00:00Z,3.625,73.625,0.0
2006-03-10T12:00:00Z,3.575,73.375,0.0
2006-03-10T12:00:00Z,3.575,73.425,0.0
2006-03-10T12:00:00Z,3.575,73.475,0.0
2006-03-10T12:00:00Z,3.575,73.525,0.0
2006-03-10T12:00:00Z,3.575,73.575,0.0
2006-03-10T12:00:00Z,3.575,73.625,0.0
2006-03-10T12:00:00Z,3.525,73.375,0.0
2006-03-10T12:00:00Z,3.525,73.425,0.0
2006-03-10T12:00:00Z,3.525,73.475,0.0
2006-03-10T12:00:00Z,3.525,73.525,0.0
2006-03-10T12:00:00Z,3.525,73.575,0.0
2006-03-10T12:00:00Z,3.525,73.625,0.0
2006-03-10T12:00:00Z,3.475,73.375,0.0
2006-03-10T12:00:00Z,3.475,73.425,0.0
2006-03-10T12:00:00Z,3.475,73.475,0.0
2006-03-10T12:00:00Z,3.475,73.525,0.0
2006-03-10T12:00:00Z,3.475,73.575,0.0
2006-03-10T12:00:00Z,3.475,73.625,0.0
2006-03-10T12:00:00Z,3.425,73.375,0.0
2006-03-10T12:00:00Z,3.425,73.425,0.0
2006-03-10T12:00:00Z,3.425,73.475,0.0
2006-03-10T12:00:00Z,3.425,73.525,0.0
2006-03-10T12:00:00Z,3.425,73.575,0.0
2006-03-10T12:00:00Z,3.425,73.625,0.0
2006-03-10T12:00:00Z,3.375,73.375,0.0
2006-03-10T12:00:00Z,3.375,73.425,0.0
2006-03-10T12:00:00Z,3.375,73.475,0.0
2006-03-10T12:00:00Z,3.375,73.525,0.0
2006-03-10T12:00:00Z,3.375,73.575,0.0
2006-03-10T12:00:00Z,3.375,73.625,0.0
2006-03-10T12:00:00Z,3.325,73.375,0.0
2006-03-10T12:00:00Z,3.325,73.425,0.0
2006-03-10T12:00:00Z,3.325,73.475,0.0
2006-03-10T12:00:00Z,3.325,73.525,0.0
2006-03-10T12:00:00Z,3.325,73.575,0.0
2006-03-10T12:00:00Z,3.325,73.625,0.0
2006-04-09T12:00:00Z,3.675,73.375,0.0
2006-04-09T12:00:00Z,3.675,73.425,0.0
2006-04-09T12:00:00Z,3.675,73.475,0.0
2006-04-09T12:00:00Z,3.675,73.525,0.0
2006-04-09T12:00:00Z,3.675,73.575,0.0
2006-04-09T12:00:00Z,3.675,73.625,0.0
2006-04-09T12:00:00Z,3.625,73.375,0.0
2006-04-09T12:00:00Z,3.625,73.425,0.0
2006-04-09T12:00:00Z,3.625,73.475,0.0
2006-04-09T12:00:00Z,3.625,73.525,0.0
2006-04-09T12:00:00Z,3.625,73.575,0.0
2006-04-09T12:00:00Z,3.625,73.625,0.0
2006-04-09T12:00:00Z,3.575,73.375,0.0
2006-04-09T12:00:00Z,3.575,73.425,0.0
2006-04-09T12:00:00Z,3.575,73.475,0.0
2006-04-09T12:00:00Z,3.575,73.525,0.0
2006-04-09T12:00:00Z,3.575,73.575,0.0
2006-04-09T12:00:00Z,3.575,73.625,0.0
2006-04-09T12:00:00Z,3.525,73.375,0.0
2006-04-09T12:00:00Z,3.525,73.425,0.0
2006-04-09T12:00:00Z,3.525,73.475,0.0
2006-04-09T12:00:00Z,3.525,73.525,0.0
2006-04-09T12:00:00Z,3.525,73.575,0.0
2006-04-09T12:00:00Z,3.525,73.625,0.0
2006-04-09T12:00:00Z,3.475,73.375,0.0
2006-04-09T12:00:00Z,3.475,73.425,0.0
2006-04-09T12:00:00Z,3.475,73.475,0.0
2006-04-09T12:00:00Z,3.475,73.525,0.0
2006-04-09T12:00:00Z,3.475,73.575,0.0
2006-04-09T12:00:00Z,3.475,73.625,0.0
2006-04-09T12:00:00Z,3.425,73.375,0.0
2006-04-09T12:00:00Z,3.425,73.425,0.0
2006-04-09T12:00:00Z,3.425,73.475,0.0
2006-04-09T12:00:00Z,3.425,73.525,0.0
2006-04-09T12:00:00Z,3.425,73.575,0.0
2006-04-09T12:00:00Z,3.425,73.625,0.0
2006-04-09T12:00:00Z,3.375,73.375,0.0
2006-04-09T12:00:00Z,3.375,73.425,0.0
2006-04-09T12:00:00Z,3.375,73.475,0.0
2006-04-09T12:00:00Z,3.375,73.525,0.0
2006-04-09T12:00:00Z,3.375,73.575,0.0
2006-04-09T12:00:00Z,3.375,73.625,0.0
2006-04-09T12:00:00Z,3.325,73.375,0.0
2006-04-09T12:00:00Z,3.325,73.425,0.0
2006-04-09T12:00:00Z,3.325,73.475,0.0
2006-04-09T12:00:00Z,3.325,73.525,0.0
2006-04-09T12:00:00Z,3.325,73.575,0.0
2006-04-09T12:00:00Z,3.325,73.625,0.0
2006-05-09T12:00:00Z,3.675,73.375,0.0
2006-05-09T12:00:00Z,3.675,73.425,0.0
2006-05-09T12:00:00Z,3.675,73.475,0.0
2006-05-09T12:00:00Z,3.675,73.525,0.0
2006-05-09T12:00:00Z,3.675,73.575,0.0
2006-05-09T12:00:00Z,3.675,73.625,0.0
2006-05-09T12:00:00Z,3.625,73.375,0.0
2006-05-09T12:00:00Z,3.625,73.425,0.0
2006-05-09T12:00:00Z,3.625,73.475,0.0
2006-05-09T12:00:00Z,3.625,73.525,0.0
2006-05-09T12:00:00Z,3.625,73.575,0.0
2006-05-09T12:00:00Z,3.625,73.625,0.0
2006-05-09T12:00:00Z,3.575,73.375,0.0
2006-05-09T12:00:00Z,3.575,73.425,0.0
2006-05-09T12:00:00Z,3.575,73.475,0.0
2006-05-09T12:00:00Z,3.575,73.525,0.0
2006-05-09T12:00:00Z,3.575,73.575,0.0
2006-05-09T12:00:00Z,3.575,73.625,0.0
2006-05-09T12:00:00Z,3.525,73.375,0.0
2006-05-09T12:00:00Z,3.525,73.425,0.0
2006-05-09T12:00:00Z,3.525,73.475,0.0
2006-05-09T12:00:00Z,3.525,73.525,0.0
2006-05-09T12:00:00Z,3.525,73.575,0.0
2006-05-09T12:00:00Z,3.525,73.625,0.0
2006-05-09T12:00:00Z,3.475,73.375,0.0
2006-05-09T12:00:00Z,3.475,73.425,0.0
2006-05-09T12:00:00Z,3.475,73.475,0.0
2006-05-09T12:00:00Z,3.475,73.525,0.0
2006-05-09T12:00:00Z,3.475,73.575,0.0
2006-05-09T12:00:00Z,3.475,73.625,0.0
2006-05-09T12:00:00Z,3.425,73.375,0.0
2006-05-09T12:00:00Z,3.425,73.425,0.0
2006-05-09T12:00:00Z,3.425,73.475,0.0
2006-05-09T12:00:00Z,3.425,73.525,0.0
2006-05-09T12:00:00Z,3.425,73.575,0.0
2006-05-09T12:00:00Z,3.425,73.625,0.0
2006-05-09T12:00:00Z,3.375,73.375,0.0
2006-05-09T12:00:00Z,3.375,73.425,0.0
2006-05-09T12:00:00Z,3.375,73.475,0.0
2006-05-09T12:00:00Z,3.375,73.525,0.0
2006-05-09T12:00:00Z,3.375,73.575,0.0
2006-05-09T12:00:00Z,3.375,73.625,0.0
2006-05-09T12:00:00Z,3.325,73.375,0.0
2006-05-09T12:00:00Z,3.325,73.425,0.0
2006-05-09T12:00:00Z,3.325,73.475,0.0
2006-05-09T12:00:00Z,3.325,73.525,0.0
2006-05-09T12:00:00Z,3.325,73.575,0.0
2006-05-09T12:00:00Z,3.325,73.625,0.0
2006-06-08T12:00:00Z,3.675,73.375,0.0
2006-06-08T12:00:00Z,3.675,73.425,0.0
2006-06-08T12:00:00Z,3.675,73.475,0.0
2006-06-08T12:00:00Z,3.675,73.525,0.0
2006-06-08T12:00:00Z,3.675,73.575,0.0
2006-06-08T12:00:00Z,3.675,73.625,0.0
2006-06-08T12:00:00Z,3.625,73.375,0.0
2006-06-08T12:00:00Z,3.625,73.425,0.0
2006-06-08T12:00:00Z,3.625,73.475,0.0
2006-06-08T12:00:00Z,3.625,73.525,0.0
2006-06-08T12:00:00Z,3.625,73.575,0.0
2006-06-08T12:00:00Z,3.625,73.625,0.0
2006-06-08T12:00:00Z,3.575,73.375,0.0
2006-06-08T12:00:00Z,3.575,73.425,0.0
2006-06-08T12:00:00Z,3.575,73.475,0.0
2006-06-08T12:00:00Z,3.575,73.525,0.0
2006-06-08T12:00:00Z,3.575,73.575,0.0
2006-06-08T12:00:00Z,3.575,73.625,0.0
2006-06-08T12:00:00Z,3.525,73.375,0.0
2006-06-08T12:00:00Z,3.525,73.425,0.0
2006-06-08T12:00:00Z,3.525,73.475,0.0
2006-06-08T12:00:00Z,3.525,73.525,0.0
2006-06-08T12:00:00Z,3.525,73.575,0.0
2006-06-08T12:00:00Z,3.525,73.625,0.0
2006-06-08T12:00:00Z,3.475,73.375,0.0
2006-06-08T12:00:00Z,3.475,73.425,0.0
2006-06-08T12:00:00Z,3.475,73.475,0.0
2006-06-08T12:00:00Z,3.475,73.525,0.0
2006-06-08T12:00:00Z,3.475,73.575,0.0
2006-06-08T12:00:00Z,3.475,73.625,0.0
2006-06-08T12:00:00Z,3.425,73.375,0.0
2006-06-08T12:00:00Z,3.425,73.425,0.0
2006-06-08T12:00:00Z,3.425,73.475,0.0
2006-06-08T12:00:00Z,3.425,73.525,0.0
2006-06-08T12:00:00Z,3.425,73.575,0.0
2006-06-08T12:00:00Z,3.425,73.625,0.0
2006-06-08T12:00:00Z,3.375,73.375,0.0
2006-06-08T12:00:00Z,3.375,73.425,0.0
2006-06-08T12:00:00Z,3.375,73.475,0.0
2006-06-08T12:00:00Z,3.375,73.525,0.0
2006-06-08T12:00:00Z,3.375,73.575,0.0
2006-06-08T12:00:00Z,3.375,73.625,0.0
2006-06-08T12:00:00Z,3.325,73.375,0.0
2006-06-08T12:00:00Z,3.325,73.425,0.0
2006-06-08T12:00:00Z,3.325,73.475,0.0
2006-06-08T12:00:00Z,3.325,73.525,0.0
2006-06-08T12:00:00Z,3.325,73.575,0.0
2006-06-08T12:00:00Z,3.325,73.625,0.0
2006-07-08T12:00:00Z,3.675,73.375,0.0
2006-07-08T12:00:00Z,3.675,73.425,0.0
2006-07-08T12:00:00Z,3.675,73.475,0.0
2006-07-08T12:00:00Z,3.675,73.525,0.0
2006-07-08T12:00:00Z,3.675,73.575,0.0
2006-07-08T12:00:00Z,3.675,73.625,0.0
2006-07-08T12:00:00Z,3.625,73.375,0.0
2006-07-08T12:00:00Z,3.625,73.425,0.0
2006-07-08T12:00:00Z,3.625,73.475,0.0
2006-07-08T12:00:00Z,3.625,73.525,0.0
2006-07-08T12:00:00Z,3.625,73.575,0.0
2006-07-08T12:00:00Z,3.625,73.625,0.0
2006-07-08T12:00:00Z,3.575,73.375,0.0
2006-07-08T12:00:00Z,3.575,73.425,0.0
2006-07-08T12:00:00Z,3.575,73.475,0.0
2006-07-08T12:00:00Z,3.575,73.525,0.0
2006-07-08T12:00:00Z,3.575,73.575,0.0
2006-07-08T12:00:00Z,3.575,73.625,0.0
2006-07-08T12:00:00Z,3.525,73.375,0.0
2006-07-08T12:00:00Z,3.525,73.425,0.0
2006-07-08T12:00:00Z,3.525,73.475,0.0
2006-07-08T12:00:00Z,3.525,73.525,0.0
2006-07-08T12:00:00Z,3.525,73.575,0.0
2006-07-08T12:00:00Z,3.525,73.625,0.0
2006-07-08T12:00:00Z,3.475,73.375,0.0
2006-07-08T12:00:00Z,3.475,73.425,0.0
2006-07-08T12:00:00Z,3.475,73.475,0.0
2006-07-08T12:00:00Z,3.475,73.525,0.0
2006-07-08T12:00:00Z,3.475,73.575,0.0
2006-07-08T12:00:00Z,3.475,73.625,0.0
2006-07-08T12:00:00Z,3.425,73.375,0.0
2006-07-08T12:00:00Z,3.425,73.425,0.0
2006-07-08T12:00:00Z,3.425,73.475,0.0
2006-07-08T12:00:00Z,3.425,73.525,0.0
2006-07-08T12:00:00Z,3.425,73.575,0.0
2006-07-08T12:00:00Z,3.425,73.625,0.0
2006-07-08T12:00:00Z,3.375,73.375,0.0
2006-07-08T12:00:00Z,3.375,73.425,0.0
2006-07-08T12:00:00Z,3.375,73.475,0.0
2006-07-08T12:00:00Z,3.375,73.525,0.0
2006-07-08T12:00:00Z,3.375,73.575,0.0
2006-07-08T12:00:00Z,3.375,73.625,0.0
2006-07-08T12:00:00Z,3.325,73.375,0.0
2006-07-08T12:00:00Z,3.325,73.425,0.0
2006-07-08T12:00:00Z,3.325,73.475,0.0
2006-07-08T12:00:00Z,3.325,73.525,0.0
2006-07-08T12:00:00Z,3.325,73.575,0.0
2006-07-08T12:00:00Z,3.325,73.625,0.0
2006-08-07T12:00:00Z,3.675,73.375,0.0
2006-08-07T12:00:00Z,3.675,73.425,0.0
2006-08-07T12:00:00Z,3.675,73.475,0.0
2006-08-07T12:00:00Z,3.675,73.525,0.0
2006-08-07T12:00:00Z,3.675,73.575,0.0
2006-08-07T12:00:00Z,3.675,73.625,0.0
2006-08-07T12:00:00Z,3.625,73.375,0.0
2006-08-07T12:00:00Z,3.625,73.425,0.0
2006-08-07T12:00:00Z,3.625,73.475,0.0
2006-08-07T12:00:00Z,3.625,73.525,0.0
2006-08-07T12:00:00Z,3.625,73.575,0.0
2006-08-07T12:00:00Z,3.625,73.625,0.0
2006-08-07T12:00:00Z,3.575,73.375,0.0
2006-08-07T12:00:00Z,3.575,73.425,0.0
2006-08-07T12:00:00Z,3.575,73.475,0.0
2006-08-07T12:00:00Z,3.575,73.525,0.0
2006-08-07T12:00:00Z,3.575,73.575,0.0
2006-08-07T12:00:00Z,3.575,73.625,0.0
2006-08-07T12:00:00Z,3.525,73.375,0.0
2006-08-07T12:00:00Z,3.525,73.425,0.0
2006-08-07T12:00:00Z,3.525,73.475,0.0
2006-08-07T12:00:00Z,3.525,73.525,0.0
2006-08-07T12:00:00Z,3.525,73.575,0.0
2006-08-07T12:00:00Z,3.525,73.625,0.0
2006-08-07T12:00:00Z,3.475,73.375,0.0
2006-08-07T12:00:00Z,3.475,73.425,0.0
2006-08-07T12:00:00Z,3.475,73.475,0.0
2006-08-07T12:00:00Z,3.475,73.525,0.0
2006-08-07T12:00:00Z,3.475,73.575,0.0
2006-08-07T12:00:00Z,3.475,73.625,0.0
2006-08-07T12:00:00Z,3.425,73.375,0.0
2006-08-07T12:00:00Z,3.425,73.425,0.0
2006-08-07T12:00:00Z,3.425,73.475,0.0
2006-08-07T12:00:00Z,3.425,73.525,0.0
2006-08-07T12:00:00Z,3.425,73.575,0.0
2006-08-07T12:00:00Z,3.425,73.625,0.0
2006-08-07T12:00:00Z,3.375,73.375,0.0
2006-08-07T12:00:00Z,3.375,73.425,0.0
2006-08-07T12:00:00Z,3.375,73.475,0.0
2006-08-07T12:00:00Z,3.375,73.525,0.0
2006-08-07T12:00:00Z,3.375,73.575,0.0
2006-08-07T12:00:00Z,3.375,73.625,0.0
2006-08-07T12:00:00Z,3.325,73.375,0.0
2006-08-07T12:00:00Z,3.325,73.425,0.0
2006-08-07T12:00:00Z,3.325,73.475,0.0
2006-08-07T12:00:00Z,3.325,73.525,0.0
2006-08-07T12:00:00Z,3.325,73.575,0.0
2006-08-07T12:00:00Z,3.325,73.625,0.0
2006-09-06T12:00:00Z,3.675,73.375,0.0
2006-09-06T12:00:00Z,3.675,73.425,0.0
2006-09-06T12:00:00Z,3.675,73.475,0.0
2006-09-06T12:00:00Z,3.675,73.525,0.0
2006-09-06T12:00:00Z,3.675,73.575,0.0
2006-09-06T12:00:00Z,3.675,73.625,0.0
2006-09-06T12:00:00Z,3.625,73.375,0.0
2006-09-06T12:00:00Z,3.625,73.425,0.0
2006-09-06T12:00:00Z,3.625,73.475,0.0
2006-09-06T12:00:00Z,3.625,73.525,0.0
2006-09-06T12:00:00Z,3.625,73.575,0.0
2006-09-06T12:00:00Z,3.625,73.625,0.0
2006-09-06T12:00:00Z,3.575,73.375,0.0
2006-09-06T12:00:00Z,3.575,73.425,0.0
2006-09-06T12:00:00Z,3.575,73.475,0.0
2006-09-06T12:00:00Z,3.575,73.525,0.0
2006-09-06T12:00:00Z,3.575,73.575,0.0
2006-09-06T12:00:00Z,3.575,73.625,0.0
2006-09-06T12:00:00Z,3.525,73.375,0.0
2006-09-06T12:00:00Z,3.525,73.425,0.0
2006-09-06T12:00:00Z,3.525,73.475,0.0
2006-09-06T12:00:00Z,3.525,73.525,0.0
2006-09-06T12:00:00Z,3.525,73.575,0.0
2006-09-06T12:00:00Z,3.525,73.625,0.0
2006-09-06T12:00:00Z,3.475,73.375,0.0
2006-09-06T12:00:00Z,3.475,73.425,0.0
2006-09-06T12:00:00Z,3.475,73.475,0.0
2006-09-06T12:00:00Z,3.475,73.525,0.0
2006-09-06T12:00:00Z,3.475,73.575,0.0
2006-09-06T12:00:00Z,3.475,73.625,0.0
2006-09-06T12:00:00Z,3.425,73.375,0.0
2006-09-06T12:00:00Z,3.425,73.425,0.0
2006-09-06T12:00:00Z,3.425,73.475,0.0
2006-09-06T12:00:00Z,3.425,73.525,0.0
2006-09-06T12:00:00Z,3.425,73.575,0.0
2006-09-06T12:00:00Z,3.425,73.625,0.0
2006-09-06T12:00:00Z,3.375,73.375,0.0
2006-09-06T12:00:00Z,3.375,73.425,0.0
2006-09-06T12:00:00Z,3.375,73.475,0.0
2006-09-06T12:00:00Z,3.375,73.525,0.0
2006-09-06T12:00:00Z,3.375,73.575,0.0
2006-09-06T12:00:00Z,3.375,73.625,0.0
2006-09-06T12:00:00Z,3.325,73.375,0.0
2006-09-06T12:00:00Z,3.325,73.425,0.0
2006-09-06T12:00:00Z,3.325,73.475,0.0
2006-09-06T12:00:00Z,3.325,73.525,0.0
2006-09-06T12:00:00Z,3.325,73.575,0.0
2006-09-06T12:00:00Z,3.325,73.625,0.0
2006-10-06T12:00:00Z,3.675,73.375,0.0
2006-10-06T12:00:00Z,3.675,73.425,0.0
2006-10-06T12:00:00Z,3.675,73.475,0.0
2006-10-06T12:00:00Z,3.675,73.525,0.0
2006-10-06T12:00:00Z,3.675,73.575,0.0
2006-10-06T12:00:00Z,3.675,73.625,0.0
2006-10-06T12:00:00Z,3.625,73.375,0.0
2006-10-06T12:00:00Z,3.625,73.425,0.0
2006-10-06T12:00:00Z,3.625,73.475,0.0
2006-10-06T12:00:00Z,3.625,73.525,0.0
2006-10-06T12:00:00Z,3.625,73.575,0.0
2006-10-06T12:00:00Z,3.625,73.625,0.0
2006-10-06T12:00:00Z,3.575,73.375,0.0
2006-10-06T12:00:00Z,3.575,73.425,0.0
2006-10-06T12:00:00Z,3.575,73.475,0.0
2006-10-06T12:00:00Z,3.575,73.525,0.0
2006-10-06T12:00:00Z,3.575,73.575,0.0
2006-10-06T12:00:00Z,3.575,73.625,0.0
2006-10-06T12:00:00Z,3.525,73.375,0.0
2006-10-06T12:00:00Z,3.525,73.425,0.0
2006-10-06T12:00:00Z,3.525,73.475,0.0
2006-10-06T12:00:00Z,3.525,73.525,0.0
2006-10-06T12:00:00Z,3.525,73.575,0.0
2006-10-06T12:00:00Z,3.525,73.625,0.0
2006-10-06T12:00:00Z,3.475,73.375,0.0
2006-10-06T12:00:00Z,3.475,73.425,0.0
2006-10-06T12:00:00Z,3.475,73.475,0.0
2006-10-06T12:00:00Z,3.475,73.525,0.0
2006-10-06T12:00:00Z,3.475,73.575,0.0
2006-10-06T12:00:00Z,3.475,73.625,0.0
2006-10-06T12:00:00Z,3.425,73.375,0.0
2006-10-06T12:00:00Z,3.425,73.425,0.0
2006-10-06T12:00:00Z,3.425,73.475,0.0
2006-10-06T12:00:00Z,3.425,73.525,0.0
2006-10-06T12:00:00Z,3.425,73.575,0.0
2006-10-06T12:00:00Z,3.425,73.625,0.0
2006-10-06T12:00:00Z,3.375,73.375,0.0
2006-10-06T12:00:00Z,3.375,73.425,0.0
2006-10-06T12:00:00Z,3.375,73.475,0.0
2006-10-06T12:00:00Z,3.375,73.525,0.0
2006-10-06T12:00:00Z,3.375,73.575,0.0
2006-10-06T12:00:00Z,3.375,73.625,0.0
2006-10-06T12:00:00Z,3.325,73.375,0.0
2006-10-06T12:00:00Z,3.325,73.425,0.0
2006-10-06T12:00:00Z,3.325,73.475,0.0
2006-10-06T12:00:00Z,3.325,73.525,0.0
2006-10-06T12:00:00Z,3.325,73.575,0.0
2006-10-06T12:00:00Z,3.325,73.625,0.0
2006-11-05T12:00:00Z,3.675,73.375,0.0
2006-11-05T12:00:00Z,3.675,73.425,0.0
2006-11-05T12:00:00Z,3.675,73.475,0.0
2006-11-05T12:00:00Z,3.675,73.525,0.0
2006-11-05T12:00:00Z,3.675,73.575,0.0
2006-11-05T12:00:00Z,3.675,73.625,0.0
2006-11-05T12:00:00Z,3.625,73.375,0.0
2006-11-05T12:00:00Z,3.625,73.425,0.0
2006-11-05T12:00:00Z,3.625,73.475,0.0
2006-11-05T12:00:00Z,3.625,73.525,0.0
2006-11-05T12:00:00Z,3.625,73.575,0.0
2006-11-05T12:00:00Z,3.625,73.625,0.0
2006-11-05T12:00:00Z,3.575,73.375,0.0
2006-11-05T12:00:00Z,3.575,73.425,0.0
2006-11-05T12:00:00Z,3.575,73.475,0.0
2006-11-05T12:00:00Z,3.575,73.525,0.0
2006-11-05T12:00:00Z,3.575,73.575,0.0
2006-11-05T12:00:00Z,3.575,73.625,0.0
2006-11-05T12:00:00Z,3.525,73.375,0.0
2006-11-05T12:00:00Z,3.525,73.425,0.0
2006-11-05T12:00:00Z,3.525,73.475,0.0
2006-11-05T12:00:00Z,3.525,73.525,0.0
2006-11-05T12:00:00Z,3.525,73.575,0.0
2006-11-05T12:00:00Z,3.525,73.625,0.0
2006-11-05T12:00:00Z,3.475,73.375,0.0
2006-11-05T12:00:00Z,3.475,73.425,0.0
2006-11-05T12:00:00Z,3.475,73.475,0.0
2006-11-05T12:00:00Z,3.475,73.525,0.0
2006-11-05T12:00:00Z,3.475,73.575,0.0
2006-11-05T12:00:00Z,3.475,73.625,0.0
2006-11-05T12:00:00Z,3.425,73.375,0.0
2006-11-05T12:00:00Z,3.425,73.425,0.0
2006-11-05T12:00:00Z,3.425,73.475,0.0
2006-11-05T12:00:00Z,3.425,73.525,0.0
2006-11-05T12:00:00Z,3.425,73.575,0.0
2006-11-05T12:00:00Z,3.425,73.625,0.0
2006-11-05T12:00:00Z,3.375,73.375,0.0
2006-11-05T12:00:00Z,3.375,73.425,0.0
2006-11-05T12:00:00Z,3.375,73.475,0.0
2006-11-05T12:00:00Z,3.375,73.525,0.0
2006-11-05T12:00:00Z,3.375,73.575,0.0
2006-11-05T12:00:00Z,3.375,73.625,0.0
2006-11-05T12:00:00Z,3.325,73.375,0.0
2006-11-05T12:00:00Z,3.325,73.425,0.0
2006-11-05T12:00:00Z,3.325,73.475,0.0
2006-11-05T12:00:00Z,3.325,73.525,0.0
2006-11-05T12:00:00Z,3.325,73.575,0.0
2006-11-05T12:00:00Z,3.325,73.625,0.0
2006-12-05T12:00:00Z,3.675,73.375,0.0
2006-12-05T12:00:00Z,3.675,73.425,0.0
2006-12-05T12:00:00Z,3.675,73.475,0.0
2006-12-05T12:00:00Z,3.675,73.525,0.0
2006-12-05T12:00:00Z,3.675,73.575,0.0
2006-12-05T12:00:00Z,3.675,73.625,0.0
2006-12-05T12:00:00Z,3.625,73.375,0.0
2006-12-05T12:00:00Z,3.625,73.425,0.0
2006-12-05T12:00:00Z,3.625,73.475,0.0
2006-12-05T12:00:00Z,3.625,73.525,0.0
2006-12-05T12:00:00Z,3.625,73.575,0.0
2006-12-05T12:00:00Z,3.625,73.625,0.0
2006-12-05T12:00:00Z,3.575,73.375,0.0
2006-12-05T12:00:00Z,3.575,73.425,0.0
2006-12-05T12:00:00Z,3.575,73.475,0.0
2006-12-05T12:00:00Z,3.575,73.525,0.0
2006-12-05T12:00:00Z,3.575,73.575,0.0
2006-12-05T12:00:00Z,3.575,73.625,0.0
2006-12-05T12:00:00Z,3.525,73.375,0.0
2006-12-05T12:00:00Z,3.525,73.425,0.0
2006-12-05T12:00:00Z,3.525,73.475,0.0
2006-12-05T12:00:00Z,3.525,73.525,0.0
2006-12-05T12:00:00Z,3.525,73.575,0.0
2006-12-05T12:00:00Z,3.525,73.625,0.0
2006-12-05T12:00:00Z,3.475,73.375,0.0
2006-12-05T12:00:00Z,3.475,73.425,0.0
2006-12-05T12:00:00Z,3.475,73.475,0.0
2006-12-05T12:00:00Z,3.475,73.525,0.0
2006-12-05T12:00:00Z,3.475,73.575,0.0
2006-12-05T12:00:00Z,3.475,73.625,0.0
2006-12-05T12:00:00Z,3.425,73.375,0.0
2006-12-05T12:00:00Z,3.425,73.425,0.0
2006-12-05T12:00:00Z,3.425,73.475,0.0
2006-12-05T12:00:00Z,3.425,73.525,0.0
2006-12-05T12:00:00Z,3.425,73.575,0.0
2006-12-05T12:00:00Z,3.425,73.625,0.0
2006-12-05T12:00:00Z,3.375,73.375,0.0
2006-12-05T12:00:00Z,3.375,73.425,0.0
2006-12-05T12:00:00Z,3.375,73.475,0.0
2006-12-05T12:00:00Z,3.375,73.525,0.0
2006-12-05T12:00:00Z,3.375,73.575,0.0
2006-12-05T12:00:00Z,3.375,73.625,0.0
2006-12-05T12:00:00Z,3.325,73.375,0.0
2006-12-05T12:00:00Z,3.325,73.425,0.0
2006-12-05T12:00:00Z,3.325,73.475,0.0
2006-12-05T12:00:00Z,3.325,73.525,0.0
2006-12-05T12:00:00Z,3.325,73.575,0.0
2006-12-05T12:00:00Z,3.325,73.625,0.0
2007-01-04T12:00:00Z,3.675,73.375,0.0
2007-01-04T12:00:00Z,3.675,73.425,0.0
2007-01-04T12:00:00Z,3.675,73.475,0.0
2007-01-04T12:00:00Z,3.675,73.525,0.0
2007-01-04T12:00:00Z,3.675,73.575,0.0
2007-01-04T12:00:00Z,3.675,73.625,0.0
2007-01-04T12:00:00Z,3.625,73.375,0.0
2007-01-04T12:00:00Z,3.625,73.425,0.0
2007-01-04T12:00:00Z,3.625,73.475,0.0
2007-01-04T12:00:00Z,3.625,73.525,0.0
2007-01-04T12:00:00Z,3.625,73.575,0.0
2007-01-04T12:00:00Z,3.625,73.625,0.0
2007-01-04T12:00:00Z,3.575,73.375,0.0
2007-01-04T12:00:00Z,3.575,73.425,0.0
2007-01-04T12:00:00Z,3.575,73.475,0.0
2007-01-04T12:00:00Z,3.575,73.525,0.0
2007-01-04T12:00:00Z,3.575,73.575,0.0
2007-01-04T12:00:00Z,3.575,73.625,0.0
2007-01-04T12:00:00Z,3.525,73.375,0.0
2007-01-04T12:00:00Z,3.525,73.425,0.0
2007-01-04T12:00:00Z,3.525,73.475,0.0
2007-01-04T12:00:00Z,3.525,73.525,0.0
2007-01-04T12:00:00Z,3.525,73.575,0.0
2007-01-04T12:00:00Z,3.525,73.625,0.0
2007-01-04T12:00:00Z,3.475,73.375,0.0
2007-01-04T12:00:00Z,3.475,73.425,0.0
2007-01-04T12:00:00Z,3.475,73.475,0.0
2007-01-04T12:00:00Z,3.475,73.525,0.0
2007-01-04T12:00:00Z,3.475,73.575,0.0
2007-01-04T12:00:00Z,3.475,73.625,0.0
2007-01-04T12:00:00Z,3.425,73.375,0.0
2007-01-04T12:00:00Z,3.425,73.425,0.0
2007-01-04T12:00:00Z,3.425,73.475,0.0
2007-01-04T12:00:00Z,3.425,73.525,0.0
2007-01-04T12:00:00Z,3.425,73.575,0.0
2007-01-04T12:00:00Z,3.425,73.625,0.0
2007-01-04T12:00:00Z,3.375,73.375,0.0
2007-01-04T12:00:00Z,3.375,73.425,0.0
2007-01-04T12:00:00Z,3.375,73.475,0.0
2007-01-04T12:00:00Z,3.375,73.525,0.0
2007-01-04T12:00:00Z,3.375,73.575,0.0
2007-01-04T12:00:00Z,3.375,73.625,0.0
2007-01-04T12:00:00Z,3.325,73.375,0.0
2007-01-04T12:00:00Z,3.325,73.425,0.0
2007-01-04T12:00:00Z,3.325,73.475,0.0
2007-01-04T12:00:00Z,3.325,73.525,0.0
2007-01-04T12:00:00Z,3.325,73.575,0.0
2007-01-04T12:00:00Z,3.325,73.625,0.0
2007-02-03T12:00:00Z,3.675,73.375,0.0
2007-02-03T12:00:00Z,3.675,73.425,0.0
2007-02-03T12:00:00Z,3.675,73.475,0.0
2007-02-03T12:00:00Z,3.675,73.525,0.0
2007-02-03T12:00:00Z,3.675,73.575,0.0
2007-02-03T12:00:00Z,3.675,73.625,0.0
2007-02-03T12:00:00Z,3.625,73.375,0.0
2007-02-03T12:00:00Z,3.625,73.425,0.0
2007-02-03T12:00:00Z,3.625,73.475,0.0
2007-02-03T12:00:00Z,3.625,73.525,0.0
2007-02-03T12:00:00Z,3.625,73.575,0.0
2007-02-03T12:00:00Z,3.625,73.625,0.0
2007-02-03T12:00:00Z,3.575,73.375,0.0
2007-02-03T12:00:00Z,3.575,73.425,0.0
2007-02-03T12:00:00Z,3.575,73.475,0.0
2007-02-03T12:00:00Z,3.575,73.525,0.0
2007-02-03T12:00:00Z,3.575,73.575,0.0
2007-02-03T12:00:00Z,3.575,73.625,0.0
2007-02-03T12:00:00Z,3.525,73.375,0.0
2007-02-03T12:00:00Z,3.525,73.425,0.0
2007-02-03T12:00:00Z,3.525,73.475,0.0
2007-02-03T12:00:00Z,3.525,73.525,0.0
2007-02-03T12:00:00Z,3.525,73.575,0.0
2007-02-03T12:00:00Z,3.525,73.625,0.0
2007-02-03T12:00:00Z,3.475,73.375,0.0
2007-02-03T12:00:00Z,3.475,73.425,0.0
2007-02-03T12:00:00Z,3.475,73.475,0.0
2007-02-03T12:00:00Z,3.475,73.525,0.0
2007-02-03T12:00:00Z,3.475,73.575,0.0
2007-02-03T12:00:00Z,3.475,73.625,0.0
2007-02-03T12:00:00Z,3.425,73.375,0.0
2007-02-03T12:00:00Z,3.425,73.425,0.0
2007-02-03T12:00:00Z,3.425,73.475,0.0
2007-02-03T12:00:00Z,3.425,73.525,0.0
2007-02-03T12:00:00Z,3.425,73.575,0.0
2007-02-03T12:00:00Z,3.425,73.625,0.0
2007-02-03T12:00:00Z,3.375,73.375,0.0
2007-02-03T12:00:00Z,3.375,73.425,0.0
2007-02-03T12:00:00Z,3.375,73.475,0.0
2007-02-03T12:00:00Z,3.375,73.525,0.0
2007-02-03T12:00:00Z,3.375,73.575,0.0
2007-02-03T12:00:00Z,3.375,73.625,0.0
2007-02-03T12:00:00Z,3.325,73.375,0.0
2007-02-03T12:00:00Z,3.325,73.425,0.0
2007-02-03T12:00:00Z,3.325,73.475,0.0
2007-02-03T12:00:00Z,3.325,73.525,0.0
2007-02-03T12:00:00Z,3.325,73.575,0.0
2007-02-03T12:00:00Z,3.325,73.625,0.0
2007-03-05T12:00:00Z,3.675,73.375,0.0
2007-03-05T12:00:00Z,3.675,73.425,0.0
2007-03-05T12:00:00Z,3.675,73.475,0.0
2007-03-05T12:00:00Z,3.675,73.525,0.0
2007-03-05T12:00:00Z,3.675,73.575,0.0
2007-03-05T12:00:00Z,3.675,73.625,0.0
2007-03-05T12:00:00Z,3.625,73.375,0.0
2007-03-05T12:00:00Z,3.625,73.425,0.0
2007-03-05T12:00:00Z,3.625,73.475,0.0
2007-03-05T12:00:00Z,3.625,73.525,0.0
2007-03-05T12:00:00Z,3.625,73.575,0.0
2007-03-05T12:00:00Z,3.625,73.625,0.0
2007-03-05T12:00:00Z,3.575,73.375,0.0
2007-03-05T12:00:00Z,3.575,73.425,0.0
2007-03-05T12:00:00Z,3.575,73.475,0.0
2007-03-05T12:00:00Z,3.575,73.525,0.0
2007-03-05T12:00:00Z,3.575,73.575,0.0
2007-03-05T12:00:00Z,3.575,73.625,0.0
2007-03-05T12:00:00Z,3.525,73.375,0.0
2007-03-05T12:00:00Z,3.525,73.425,0.0
2007-03-05T12:00:00Z,3.525,73.475,0.0
2007-03-05T12:00:00Z,3.525,73.525,0.0
2007-03-05T12:00:00Z,3.525,73.575,0.0
2007-03-05T12:00:00Z,3.525,73.625,0.0
2007-03-05T12:00:00Z,3.475,73.375,0.0
2007-03-05T12:00:00Z,3.475,73.425,0.0
2007-03-05T12:00:00Z,3.475,73.475,0.0
2007-03-05T12:00:00Z,3.475,73.525,0.0
2007-03-05T12:00:00Z,3.475,73.575,0.0
2007-03-05T12:00:00Z,3.475,73.625,0.0
2007-03-05T12:00:00Z,3.425,73.375,0.0
2007-03-05T12:00:00Z,3.425,73.425,0.0
2007-03-05T12:00:00Z,3.425,73.475,0.0
2007-03-05T12:00:00Z,3.425,73.525,0.0
2007-03-05T12:00:00Z,3.425,73.575,0.0
2007-03-05T12:00:00Z,3.425,73.625,0.0
2007-03-05T12:00:00Z,3.375,73.375,0.0
2007-03-05T12:00:00Z,3.375,73.425,0.0
2007-03-05T12:00:00Z,3.375,73.475,0.0
2007-03-05T12:00:00Z,3.375,73.525,0.0
2007-03-05T12:00:00Z,3.375,73.575,0.0
2007-03-05T12:00:00Z,3.375,73.625,0.0
2007-03-05T12:00:00Z,3.325,73.375,0.0
2007-03-05T12:00:00Z,3.325,73.425,0.0
2007-03-05T12:00:00Z,3.325,73.475,0.0
2007-03-05T12:00:00Z,3.325,73.525,0.0
2007-03-05T12:00:00Z,3.325,73.575,0.0
2007-03-05T12:00:00Z,3.325,73.625,0.0
2007-04-04T12:00:00Z,3.675,73.375,0.0
2007-04-04T12:00:00Z,3.675,73.425,0.0
2007-04-04T12:00:00Z,3.675,73.475,0.0
2007-04-04T12:00:00Z,3.675,73.525,0.0
2007-04-04T12:00:00Z,3.675,73.575,0.0
2007-04-04T12:00:00Z,3.675,73.625,0.0
2007-04-04T12:00:00Z,3.625,73.375,0.0
2007-04-04T12:00:00Z,3.625,73.425,0.0
2007-04-04T12:00:00Z,3.625,73.475,0.0
2007-04-04T12:00:00Z,3.625,73.525,0.0
2007-04-04T12:00:00Z,3.625,73.575,0.0
2007-04-04T12:00:00Z,3.625,73.625,0.0
2007-04-04T12:00:00Z,3.575,73.375,0.0
2007-04-04T12:00:00Z,3.575,73.425,0.0
2007-04-04T12:00:00Z,3.575,73.475,0.0
2007-04-04T12:00:00Z,3.575,73.525,0.0
2007-04-04T12:00:00Z,3.575,73.575,0.0
2007-04-04T12:00:00Z,3.575,73.625,0.0
2007-04-04T12:00:00Z,3.525,73.375,0.0
2007-04-04T12:00:00Z,3.525,73.425,0.0
2007-04-04T12:00:00Z,3.525,73.475,0.0
2007-04-04T12:00:00Z,3.525,73.525,0.0
2007-04-04T12:00:00Z,3.525,73.575,0.0
2007-04-04T12:00:00Z,3.525,73.625,0.0
2007-04-04T12:00:00Z,3.475,73.375,0.0
2007-04-04T12:00:00Z,3.475,73.425,0.0
2007-04-04T12:00:00Z,3.475,73.475,0.0
2007-04-04T12:00:00Z,3.475,73.525,0.0
2007-04-04T12:00:00Z,3.475,73.575,0.0
2007-04-04T12:00:00Z,3.475,73.625,0.0
2007-04-04T12:00:00Z,3.425,73.375,0.0
2007-04-04T12:00:00Z,3.425,73.425,0.0
2007-04-04T12:00:00Z,3.425,73.475,0.0
2007-04-04T12:00:00Z,3.425,73.525,0.0
2007-04-04T12:00:00Z,3.425,73.575,0.0
2007-04-04T12:00:00Z,3.425,73.625,0.0
2007-04-04T12:00:00Z,3.375,73.375,0.0
2007-04-04T12:00:00Z,3.375,73.425,0.0
2007-04-04T12:00:00Z,3.375,73.475,0.0
2007-04-04T12:00:00Z,3.375,73.525,0.0
2007-04-04T12:00:00Z,3.375,73.575,0.0
2007-04-04T12:00:00Z,3.375,73.625,0.0
2007-04-04T12:00:00Z,3.325,73.375,0.0
2007-04-04T12:00:00Z,3.325,73.425,0.0
2007-04-04T12:00:00Z,3.325,73.475,0.0
2007-04-04T12:00:00Z,3.325,73.525,0.0
2007-04-04T12:00:00Z,3.325,73.575,0.0
2007-04-04T12:00:00Z,3.325,73.625,0.0
2007-05-04T12:00:00Z,3.675,73.375,0.0
2007-05-04T12:00:00Z,3.675,73.425,0.0
2007-05-04T12:00:00Z,3.675,73.475,0.0
2007-05-04T12:00:00Z,3.675,73.525,0.0
2007-05-04T12:00:00Z,3.675,73.575,0.0
2007-05-04T12:00:00Z,3.675,73.625,0.0
2007-05-04T12:00:00Z,3.625,73.375,0.0
2007-05-04T12:00:00Z,3.625,73.425,0.0
2007-05-04T12:00:00Z,3.625,73.475,0.0
2007-05-04T12:00:00Z,3.625,73.525,0.0
2007-05-04T12:00:00Z,3.625,73.575,0.0
2007-05-04T12:00:00Z,3.625,73.625,0.0
2007-05-04T12:00:00Z,3.575,73.375,0.0
2007-05-04T12:00:00Z,3.575,73.425,0.0
2007-05-04T12:00:00Z,3.575,73.475,0.0
2007-05-04T12:00:00Z,3.575,73.525,0.0
2007-05-04T12:00:00Z,3.575,73.575,0.0
2007-05-04T12:00:00Z,3.575,73.625,0.0
2007-05-04T12:00:00Z,3.525,73.375,0.0
2007-05-04T12:00:00Z,3.525,73.425,0.0
2007-05-04T12:00:00Z,3.525,73.475,0.0
2007-05-04T12:00:00Z,3.525,73.525,0.0
2007-05-04T12:00:00Z,3.525,73.575,0.0
2007-05-04T12:00:00Z,3.525,73.625,0.0
2007-05-04T12:00:00Z,3.475,73.375,0.0
2007-05-04T12:00:00Z,3.475,73.425,0.0
2007-05-04T12:00:00Z,3.475,73.475,0.0
2007-05-04T12:00:00Z,3.475,73.525,0.0
2007-05-04T12:00:00Z,3.475,73.575,0.0
2007-05-04T12:00:00Z,3.475,73.625,0.0
2007-05-04T12:00:00Z,3.425,73.375,0.0
2007-05-04T12:00:00Z,3.425,73.425,0.0
2007-05-04T12:00:00Z,3.425,73.475,0.0
2007-05-04T12:00:00Z,3.425,73.525,0.0
2007-05-04T12:00:00Z,3.425,73.575,0.0
2007-05-04T12:00:00Z,3.425,73.625,0.0
2007-05-04T12:00:00Z,3.375,73.375,0.0
2007-05-04T12:00:00Z,3.375,73.425,0.0
2007-05-04T12:00:00Z,3.375,73.475,0.0
2007-05-04T12:00:00Z,3.375,73.525,0.0
2007-05-04T12:00:00Z,3.375,73.575,0.0
2007-05-04T12:00:00Z,3.375,73.625,0.0
2007-05-04T12:00:00Z,3.325,73.375,0.0
2007-05-04T12:00:00Z,3.325,73.425,0.0
2007-05-04T12:00:00Z,3.325,73.475,0.0
2007-05-04T12:00:00Z,3.325,73.525,0.0
2007-05-04T12:00:00Z,3.325,73.575,0.0
2007-05-04T12:00:00Z,3.325,73.625,0.0
2007-06-03T12:00:00Z,3.675,73.375,0.0
2007-06-03T12:00:00Z,3.675,73.425,0.0
2007-06-03T12:00:00Z,3.675,73.475,0.0
2007-06-03T12:00:00Z,3.675,73.525,0.0
2007-06-03T12:00:00Z,3.675,73.575,0.0
2007-06-03T12:00:00Z,3.675,73.625,0.0
2007-06-03T12:00:00Z,3.625,73.375,0.0
2007-06-03T12:00:00Z,3.625,73.425,0.0
2007-06-03T12:00:00Z,3.625,73.475,0.0
2007-06-03T12:00:00Z,3.625,73.525,0.0
2007-06-03T12:00:00Z,3.625,73.575,0.0
2007-06-03T12:00:00Z,3.625,73.625,0.0
2007-06-03T12:00:00Z,3.575,73.375,0.0
2007-06-03T12:00:00Z,3.575,73.425,0.0
2007-06-03T12:00:00Z,3.575,73.475,0.0
2007-06-03T12:00:00Z,3.575,73.525,0.0
2007-06-03T12:00:00Z,3.575,73.575,0.0
2007-06-03T12:00:00Z,3.575,73.625,0.0
2007-06-03T12:00:00Z,3.525,73.375,0.0
2007-06-03T12:00:00Z,3.525,73.425,0.0
2007-06-03T12:00:00Z,3.525,73.475,0.0
2007-06-03T12:00:00Z,3.525,73.525,0.0
2007-06-03T12:00:00Z,3.525,73.575,0.0
2007-06-03T12:00:00Z,3.525,73.625,0.0
2007-06-03T12:00:00Z,3.475,73.375,0.0
2007-06-03T12:00:00Z,3.475,73.425,0.0
2007-06-03T12:00:00Z,3.475,73.475,0.0
2007-06-03T12:00:00Z,3.475,73.525,0.0
2007-06-03T12:00:00Z,3.475,73.575,0.0
2007-06-03T12:00:00Z,3.475,73.625,0.0
2007-06-03T12:00:00Z,3.425,73.375,0.0
2007-06-03T12:00:00Z,3.425,73.425,0.0
2007-06-03T12:00:00Z,3.425,73.475,0.0
2007-06-03T12:00:00Z,3.425,73.525,0.0
2007-06-03T12:00:00Z,3.425,73.575,0.0
2007-06-03T12:00:00Z,3.425,73.625,0.0
2007-06-03T12:00:00Z,3.375,73.375,0.0
2007-06-03T12:00:00Z,3.375,73.425,0.0
2007-06-03T12:00:00Z,3.375,73.475,0.0
2007-06-03T12:00:00Z,3.375,73.525,0.0
2007-06-03T12:00:00Z,3.375,73.575,0.0
2007-06-03T12:00:00Z,3.375,73.625,0.0
2007-06-03T12:00:00Z,3.325,73.375,0.0
2007-06-03T12:00:00Z,3.325,73.425,0.0
2007-06-03T12:00:00Z,3.325,73.475,0.0
2007-06-03T12:00:00Z,3.325,73.525,0.0
2007-06-03T12:00:00Z,3.325,73.575,0.0
2007-06-03T12:00:00Z,3.325,73.625,0.0
2007-07-03T12:00:00Z,3.675,73.375,0.0
2007-07-03T12:00:00Z,3.675,73.425,0.0
2007-07-03T12:00:00Z,3.675,73.475,0.0
2007-07-03T12:00:00Z,3.675,73.525,0.0
2007-07-03T12:00:00Z,3.675,73.575,0.0
2007-07-03T12:00:00Z,3.675,73.625,0.0
2007-07-03T12:00:00Z,3.625,73.375,0.0
2007-07-03T12:00:00Z,3.625,73.425,0.0
2007-07-03T12:00:00Z,3.625,73.475,0.0
2007-07-03T12:00:00Z,3.625,73.525,0.0
2007-07-03T12:00:00Z,3.625,73.575,0.0
2007-07-03T12:00:00Z,3.625,73.625,0.0
2007-07-03T12:00:00Z,3.575,73.375,0.0
2007-07-03T12:00:00Z,3.575,73.425,0.0
2007-07-03T12:00:00Z,3.575,73.475,0.0
2007-07-03T12:00:00Z,3.575,73.525,0.0
2007-07-03T12:00:00Z,3.575,73.575,0.0
2007-07-03T12:00:00Z,3.575,73.625,0.0
2007-07-03T12:00:00Z,3.525,73.375,0.0
2007-07-03T12:00:00Z,3.525,73.425,0.0
2007-07-03T12:00:00Z,3.525,73.475,0.0
2007-07-03T12:00:00Z,3.525,73.525,0.0
2007-07-03T12:00:00Z,3.525,73.575,0.0
2007-07-03T12:00:00Z,3.525,73.625,0.0
2007-07-03T12:00:00Z,3.475,73.375,0.0
2007-07-03T12:00:00Z,3.475,73.425,0.0
2007-07-03T12:00:00Z,3.475,73.475,0.0
2007-07-03T12:00:00Z,3.475,73.525,0.0
2007-07-03T12:00:00Z,3.475,73.575,0.0
2007-07-03T12:00:00Z,3.475,73.625,0.0
2007-07-03T12:00:00Z,3.425,73.375,0.0
2007-07-03T12:00:00Z,3.425,73.425,0.0
2007-07-03T12:00:00Z,3.425,73.475,0.0
2007-07-03T12:00:00Z,3.425,73.525,0.0
2007-07-03T12:00:00Z,3.425,73.575,0.0
2007-07-03T12:00:00Z,3.425,73.625,0.0
2007-07-03T12:00:00Z,3.375,73.375,0.0
2007-07-03T12:00:00Z,3.375,73.425,0.0
2007-07-03T12:00:00Z,3.375,73.475,0.0
2007-07-03T12:00:00Z,3.375,73.525,0.0
2007-07-03T12:00:00Z,3.375,73.575,0.0
2007-07-03T12:00:00Z,3.375,73.625,0.0
2007-07-03T12:00:00Z,3.325,73.375,0.0
2007-07-03T12:00:00Z,3.325,73.425,0.0
2007-07-03T12:00:00Z,3.325,73.475,0.0
2007-07-03T12:00:00Z,3.325,73.525,0.0
2007-07-03T12:00:00Z,3.325,73.575,0.0
2007-07-03T12:00:00Z,3.325,73.625,0.0
2007-08-02T12:00:00Z,3.675,73.375,0.0
2007-08-02T12:00:00Z,3.675,73.425,0.0
2007-08-02T12:00:00Z,3.675,73.475,0.0
2007-08-02T12:00:00Z,3.675,73.525,0.0
2007-08-02T12:00:00Z,3.675,73.575,0.0
2007-08-02T12:00:00Z,3.675,73.625,0.0
2007-08-02T12:00:00Z,3.625,73.375,0.0
2007-08-02T12:00:00Z,3.625,73.425,0.0
2007-08-02T12:00:00Z,3.625,73.475,0.0
2007-08-02T12:00:00Z,3.625,73.525,0.0
2007-08-02T12:00:00Z,3.625,73.575,0.0
2007-08-02T12:00:00Z,3.625,73.625,0.0
2007-08-02T12:00:00Z,3.575,73.375,0.0
2007-08-02T12:00:00Z,3.575,73.425,0.0
2007-08-02T12:00:00Z,3.575,73.475,0.0
2007-08-02T12:00:00Z,3.575,73.525,0.0
2007-08-02T12:00:00Z,3.575,73.575,0.0
2007-08-02T12:00:00Z,3.575,73.625,0.0
2007-08-02T12:00:00Z,3.525,73.375,0.0
2007-08-02T12:00:00Z,3.525,73.425,0.0
2007-08-02T12:00:00Z,3.525,73.475,0.0
2007-08-02T12:00:00Z,3.525,73.525,0.0
2007-08-02T12:00:00Z,3.525,73.575,0.0
2007-08-02T12:00:00Z,3.525,73.625,0.0
2007-08-02T12:00:00Z,3.475,73.375,0.0
2007-08-02T12:00:00Z,3.475,73.425,0.0
2007-08-02T12:00:00Z,3.475,73.475,0.0
2007-08-02T12:00:00Z,3.475,73.525,0.0
2007-08-02T12:00:00Z,3.475,73.575,0.0
2007-08-02T12:00:00Z,3.475,73.625,0.0
2007-08-02T12:00:00Z,3.425,73.375,0.0
2007-08-02T12:00:00Z,3.425,73.425,0.0
2007-08-02T12:00:00Z,3.425,73.475,0.0
2007-08-02T12:00:00Z,3.425,73.525,0.0
2007-08-02T12:00:00Z,3.425,73.575,0.0
2007-08-02T12:00:00Z,3.425,73.625,0.0
2007-08-02T12:00:00Z,3.375,73.375,0.0
2007-08-02T12:00:00Z,3.375,73.425,0.0
2007-08-02T12:00:00Z,3.375,73.475,0.0
2007-08-02T12:00:00Z,3.375,73.525,0.0
2007-08-02T12:00:00Z,3.375,73.575,0.0
2007-08-02T12:00:00Z,3.375,73.625,0.0
2007-08-02T12:00:00Z,3.325,73.375,0.0
2007-08-02T12:00:00Z,3.325,73.425,0.0
2007-08-02T12:00:00Z,3.325,73.475,0.0
2007-08-02T12:00:00Z,3.325,73.525,0.0
2007-08-02T12:00:00Z,3.325,73.575,0.0
2007-08-02T12:00:00Z,3.325,73.625,0.0
2007-09-01T12:00:00Z,3.675,73.375,0.0
2007-09-01T12:00:00Z,3.675,73.425,0.0
2007-09-01T12:00:00Z,3.675,73.475,0.0
2007-09-01T12:00:00Z,3.675,73.525,0.0
2007-09-01T12:00:00Z,3.675,73.575,0.0
2007-09-01T12:00:00Z,3.675,73.625,0.0
2007-09-01T12:00:00Z,3.625,73.375,0.0
2007-09-01T12:00:00Z,3.625,73.425,0.0
2007-09-01T12:00:00Z,3.625,73.475,0.0
2007-09-01T12:00:00Z,3.625,73.525,0.0
2007-09-01T12:00:00Z,3.625,73.575,0.0
2007-09-01T12:00:00Z,3.625,73.625,0.0
2007-09-01T12:00:00Z,3.575,73.375,0.0
2007-09-01T12:00:00Z,3.575,73.425,0.0
2007-09-01T12:00:00Z,3.575,73.475,0.0
2007-09-01T12:00:00Z,3.575,73.525,0.0
2007-09-01T12:00:00Z,3.575,73.575,0.0
2007-09-01T12:00:00Z,3.575,73.625,0.0
2007-09-01T12:00:00Z,3.525,73.375,0.0
2007-09-01T12:00:00Z,3.525,73.425,0.0
2007-09-01T12:00:00Z,3.525,73.475,0.0
2007-09-01T12:00:00Z,3.525,73.525,0.0
2007-09-01T12:00:00Z,3.525,73.575,0.0
2007-09-01T12:00:00Z,3.525,73.625,0.0
2007-09-01T12:00:00Z,3.475,73.375,0.0
2007-09-01T12:00:00Z,3.475,73.425,0.0
2007-09-01T12:00:00Z,3.475,73.475,0.0
2007-09-01T12:00:00Z,3.475,73.525,0.0
2007-09-01T12:00:00Z,3.475,73.575,0.0
2007-09-01T12:00:00Z,3.475,73.625,0.0
2007-09-01T12:00:00Z,3.425,73.375,0.0
2007-09-01T12:00:00Z,3.425,73.425,0.0
2007-09-01T12:00:00Z,3.425,73.475,0.0
2007-09-01T12:00:00Z,3.425,73.525,0.0
2007-09-01T12:00:00Z,3.425,73.575,0.0
2007-09-01T12:00:00Z,3.425,73.625,0.0
2007-09-01T12:00:00Z,3.375,73.375,0.0
2007-09-01T12:00:00Z,3.375,73.425,0.0
2007-09-01T12:00:00Z,3.375,73.475,0.0
2007-09-01T12:00:00Z,3.375,73.525,0.0
2007-09-01T12:00:00Z,3.375,73.575,0.0
2007-09-01T12:00:00Z,3.375,73.625,0.0
2007-09-01T12:00:00Z,3.325,73.375,0.0
2007-09-01T12:00:00Z,3.325,73.425,0.0
2007-09-01T12:00:00Z,3.325,73.475,0.0
2007-09-01T12:00:00Z,3.325,73.525,0.0
2007-09-01T12:00:00Z,3.325,73.575,0.0
2007-09-01T12:00:00Z,3.325,73.625,0.0
2007-10-01T12:00:00Z,3.675,73.375,0.0
2007-10-01T12:00:00Z,3.675,73.425,0.0
2007-10-01T12:00:00Z,3.675,73.475,0.0
2007-10-01T12:00:00Z,3.675,73.525,0.0
2007-10-01T12:00:00Z,3.675,73.575,0.0
2007-10-01T12:00:00Z,3.675,73.625,0.0
2007-10-01T12:00:00Z,3.625,73.375,0.0
2007-10-01T12:00:00Z,3.625,73.425,0.0
2007-10-01T12:00:00Z,3.625,73.475,0.0
2007-10-01T12:00:00Z,3.625,73.525,0.0
2007-10-01T12:00:00Z,3.625,73.575,0.0
2007-10-01T12:00:00Z,3.625,73.625,0.0
2007-10-01T12:00:00Z,3.575,73.375,0.0
2007-10-01T12:00:00Z,3.575,73.425,0.0
2007-10-01T12:00:00Z,3.575,73.475,0.0
2007-10-01T12:00:00Z,3.575,73.525,0.0
2007-10-01T12:00:00Z,3.575,73.575,0.0
2007-10-01T12:00:00Z,3.575,73.625,0.0
2007-10-01T12:00:00Z,3.525,73.375,0.0
2007-10-01T12:00:00Z,3.525,73.425,0.0
2007-10-01T12:00:00Z,3.525,73.475,0.0
2007-10-01T12:00:00Z,3.525,73.525,0.0
2007-10-01T12:00:00Z,3.525,73.575,0.0
2007-10-01T12:00:00Z,3.525,73.625,0.0
2007-10-01T12:00:00Z,3.475,73.375,0.0
2007-10-01T12:00:00Z,3.475,73.425,0.0
2007-10-01T12:00:00Z,3.475,73.475,0.0
2007-10-01T12:00:00Z,3.475,73.525,0.0
2007-10-01T12:00:00Z,3.475,73.575,0.0
2007-10-01T12:00:00Z,3.475,73.625,0.0
2007-10-01T12:00:00Z,3.425,73.375,0.0
2007-10-01T12:00:00Z,3.425,73.425,0.0
2007-10-01T12:00:00Z,3.425,73.475,0.0
2007-10-01T12:00:00Z,3.425,73.525,0.0
2007-10-01T12:00:00Z,3.425,73.575,0.0
2007-10-01T12:00:00Z,3.425,73.625,0.0
2007-10-01T12:00:00Z,3.375,73.375,0.0
2007-10-01T12:00:00Z,3.375,73.425,0.0
2007-10-01T12:00:00Z,3.375,73.475,0.0
2007-10-01T12:00:00Z,3.375,73.525,0.0
2007-10-01T12:00:00Z,3.375,73.575,0.0
2007-10-01T12:00:00Z,3.375,73.625,0.0
2007-10-01T12:00:00Z,3.325,73.375,0.0
2007-10-01T12:00:00Z,3.325,73.425,0.0
2007-10-01T12:00:00Z,3.325,73.475,0.0
2007-10-01T12:00:00Z,3.325,73.525,0.0
2007-10-01T12:00:00Z,3.325,73.575,0.0
2007-10-01T12:00:00Z,3.325,73.625,0.0
2007-10-31T12:00:00Z,3.675,73.375,0.0
2007-10-31T12:00:00Z,3.675,73.425,0.0
2007-10-31T12:00:00Z,3.675,73.475,0.0
2007-10-31T12:00:00Z,3.675,73.525,0.0
2007-10-31T12:00:00Z,3.675,73.575,0.0
2007-10-31T12:00:00Z,3.675,73.625,0.0
2007-10-31T12:00:00Z,3.625,73.375,0.0
2007-10-31T12:00:00Z,3.625,73.425,0.0
2007-10-31T12:00:00Z,3.625,73.475,0.0
2007-10-31T12:00:00Z,3.625,73.525,0.0
2007-10-31T12:00:00Z,3.625,73.575,0.0
2007-10-31T12:00:00Z,3.625,73.625,0.0
2007-10-31T12:00:00Z,3.575,73.375,0.0
2007-10-31T12:00:00Z,3.575,73.425,0.0
2007-10-31T12:00:00Z,3.575,73.475,0.0
2007-10-31T12:00:00Z,3.575,73.525,0.0
2007-10-31T12:00:00Z,3.575,73.575,0.0
2007-10-31T12:00:00Z,3.575,73.625,0.0
2007-10-31T12:00:00Z,3.525,73.375,0.0
2007-10-31T12:00:00Z,3.525,73.425,0.0
2007-10-31T12:00:00Z,3.525,73.475,0.0
2007-10-31T12:00:00Z,3.525,73.525,0.0
2007-10-31T12:00:00Z,3.525,73.575,0.0
2007-10-31T12:00:00Z,3.525,73.625,0.0
2007-10-31T12:00:00Z,3.475,73.375,0.0
2007-10-31T12:00:00Z,3.475,73.425,0.0
2007-10-31T12:00:00Z,3.475,73.475,0.0
2007-10-31T12:00:00Z,3.475,73.525,0.0
2007-10-31T12:00:00Z,3.475,73.575,0.0
2007-10-31T12:00:00Z,3.475,73.625,0.0
2007-10-31T12:00:00Z,3.425,73.375,0.0
2007-10-31T12:00:00Z,3.425,73.425,0.0
2007-10-31T12:00:00Z,3.425,73.475,0.0
2007-10-31T12:00:00Z,3.425,73.525,0.0
2007-10-31T12:00:00Z,3.425,73.575,0.0
2007-10-31T12:00:00Z,3.425,73.625,0.0
2007-10-31T12:00:00Z,3.375,73.375,0.0
2007-10-31T12:00:00Z,3.375,73.425,0.0
2007-10-31T12:00:00Z,3.375,73.475,0.0
2007-10-31T12:00:00Z,3.375,73.525,0.0
2007-10-31T12:00:00Z,3.375,73.575,0.0
2007-10-31T12:00:00Z,3.375,73.625,0.0
2007-10-31T12:00:00Z,3.325,73.375,0.0
2007-10-31T12:00:00Z,3.325,73.425,0.0
2007-10-31T12:00:00Z,3.325,73.475,0.0
2007-10-31T12:00:00Z,3.325,73.525,0.0
2007-10-31T12:00:00Z,3.325,73.575,0.0
2007-10-31T12:00:00Z,3.325,73.625,0.0
2007-11-30T12:00:00Z,3.675,73.375,0.0
2007-11-30T12:00:00Z,3.675,73.425,0.0
2007-11-30T12:00:00Z,3.675,73.475,0.0
2007-11-30T12:00:00Z,3.675,73.525,0.0
2007-11-30T12:00:00Z,3.675,73.575,0.0
2007-11-30T12:00:00Z,3.675,73.625,0.0
2007-11-30T12:00:00Z,3.625,73.375,0.0
2007-11-30T12:00:00Z,3.625,73.425,0.0
2007-11-30T12:00:00Z,3.625,73.475,0.0
2007-11-30T12:00:00Z,3.625,73.525,0.0
2007-11-30T12:00:00Z,3.625,73.575,0.0
2007-11-30T12:00:00Z,3.625,73.625,0.0
2007-11-30T12:00:00Z,3.575,73.375,0.0
2007-11-30T12:00:00Z,3.575,73.425,0.0
2007-11-30T12:00:00Z,3.575,73.475,0.0
2007-11-30T12:00:00Z,3.575,73.525,0.0
2007-11-30T12:00:00Z,3.575,73.575,0.0
2007-11-30T12:00:00Z,3.575,73.625,0.0
2007-11-30T12:00:00Z,3.525,73.375,0.0
2007-11-30T12:00:00Z,3.525,73.425,0.0
2007-11-30T12:00:00Z,3.525,73.475,0.0
2007-11-30T12:00:00Z,3.525,73.525,0.0
2007-11-30T12:00:00Z,3.525,73.575,0.0
2007-11-30T12:00:00Z,3.525,73.625,0.0
2007-11-30T12:00:00Z,3.475,73.375,0.0
2007-11-30T12:00:00Z,3.475,73.425,0.0
2007-11-30T12:00:00Z,3.475,73.475,0.0
2007-11-30T12:00:00Z,3.475,73.525,0.0
2007-11-30T12:00:00Z,3.475,73.575,0.0
2007-11-30T12:00:00Z,3.475,73.625,0.0
2007-11-30T12:00:00Z,3.425,73.375,0.0
2007-11-30T12:00:00Z,3.425,73.425,0.0
2007-11-30T12:00:00Z,3.425,73.475,0.0
2007-11-30T12:00:00Z,3.425,73.525,0.0
2007-11-30T12:00:00Z,3.425,73.575,0.0
2007-11-30T12:00:00Z,3.425,73.625,0.0
2007-11-30T12:00:00Z,3.375,73.375,0.0
2007-11-30T12:00:00Z,3.375,73.425,0.0
2007-11-30T12:00:00Z,3.375,73.475,0.0
2007-11-30T12:00:00Z,3.375,73.525,0.0
2007-11-30T12:00:00Z,3.375,73.575,0.0
2007-11-30T12:00:00Z,3.375,73.625,0.0
2007-11-30T12:00:00Z,3.325,73.375,0.0
2007-11-30T12:00:00Z,3.325,73.425,0.0
2007-11-30T12:00:00Z,3.325,73.475,0.0
2007-11-30T12:00:00Z,3.325,73.525,0.0
2007-11-30T12:00:00Z,3.325,73.575,0.0
2007-11-30T12:00:00Z,3.325,73.625,0.0
2007-12-30T12:00:00Z,3.675,73.375,0.0
2007-12-30T12:00:00Z,3.675,73.425,0.0
2007-12-30T12:00:00Z,3.675,73.475,0.0
2007-12-30T12:00:00Z,3.675,73.525,0.0
2007-12-30T12:00:00Z,3.675,73.575,0.0
2007-12-30T12:00:00Z,3.675,73.625,0.0
2007-12-30T12:00:00Z,3.625,73.375,0.0
2007-12-30T12:00:00Z,3.625,73.425,0.0
2007-12-30T12:00:00Z,3.625,73.475,0.0
2007-12-30T12:00:00Z,3.625,73.525,0.0
2007-12-30T12:00:00Z,3.625,73.575,0.0
2007-12-30T12:00:00Z,3.625,73.625,0.0
2007-12-30T12:00:00Z,3.575,73.375,0.0
2007-12-30T12:00:00Z,3.575,73.425,0.0
2007-12-30T12:00:00Z,3.575,73.475,0.0
2007-12-30T12:00:00Z,3.575,73.525,0.0
2007-12-30T12:00:00Z,3.575,73.575,0.0
2007-12-30T12:00:00Z,3.575,73.625,0.0
2007-12-30T12:00:00Z,3.525,73.375,0.0
2007-12-30T12:00:00Z,3.525,73.425,0.0
2007-12-30T12:00:00Z,3.525,73.475,0.0
2007-12-30T12:00:00Z,3.525,73.525,0.0
2007-12-30T12:00:00Z,3.525,73.575,0.0
2007-12-30T12:00:00Z,3.525,73.625,0.0
2007-12-30T12:00:00Z,3.475,73.375,0.0
2007-12-30T12:00:00Z,3.475,73.425,0.0
2007-12-30T12:00:00Z,3.475,73.475,0.0
2007-12-30T12:00:00Z,3.475,73.525,0.0
2007-12-30T12:00:00Z,3.475,73.575,0.0
2007-12-30T12:00:00Z,3.475,73.625,0.0
2007-12-30T12:00:00Z,3.425,73.375,0.0
2007-12-30T12:00:00Z,3.425,73.425,0.0
2007-12-30T12:00:00Z,3.425,73.475,0.0
2007-12-30T12:00:00Z,3.425,73.525,0.0
2007-12-30T12:00:00Z,3.425,73.575,0.0
2007-12-30T12:00:00Z,3.425,73.625,0.0
2007-12-30T12:00:00Z,3.375,73.375,0.0
2007-12-30T12:00:00Z,3.375,73.425,0.0
2007-12-30T12:00:00Z,3.375,73.475,0.0
2007-12-30T12:00:00Z,3.375,73.525,0.0
2007-12-30T12:00:00Z,3.375,73.575,0.0
2007-12-30T12:00:00Z,3.375,73.625,0.0
2007-12-30T12:00:00Z,3.325,73.375,0.0
2007-12-30T12:00:00Z,3.325,73.425,0.0
2007-12-30T12:00:00Z,3.325,73.475,0.0
2007-12-30T12:00:00Z,3.325,73.525,0.0
2007-12-30T12:00:00Z,3.325,73.575,0.0
2007-12-30T12:00:00Z,3.325,73.625,0.0
2008-01-29T12:00:00Z,3.675,73.375,0.0
2008-01-29T12:00:00Z,3.675,73.425,0.0
2008-01-29T12:00:00Z,3.675,73.475,0.0
2008-01-29T12:00:00Z,3.675,73.525,0.0
2008-01-29T12:00:00Z,3.675,73.575,0.0
2008-01-29T12:00:00Z,3.675,73.625,0.0
2008-01-29T12:00:00Z,3.625,73.375,0.0
2008-01-29T12:00:00Z,3.625,73.425,0.0
2008-01-29T12:00:00Z,3.625,73.475,0.0
2008-01-29T12:00:00Z,3.625,73.525,0.0
2008-01-29T12:00:00Z,3.625,73.575,0.0
2008-01-29T12:00:00Z,3.625,73.625,0.0
2008-01-29T12:00:00Z,3.575,73.375,0.0
2008-01-29T12:00:00Z,3.575,73.425,0.0
2008-01-29T12:00:00Z,3.575,73.475,0.0
2008-01-29T12:00:00Z,3.575,73.525,0.0
2008-01-29T12:00:00Z,3.575,73.575,0.0
2008-01-29T12:00:00Z,3.575,73.625,0.0
2008-01-29T12:00:00Z,3.525,73.375,0.0
2008-01-29T12:00:00Z,3.525,73.425,0.0
2008-01-29T12:00:00Z,3.525,73.475,0.0
2008-01-29T12:00:00Z,3.525,73.525,0.0
2008-01-29T12:00:00Z,3.525,73.575,0.0
2008-01-29T12:00:00Z,3.525,73.625,0.0
2008-01-29T12:00:00Z,3.475,73.375,0.0
2008-01-29T12:00:00Z,3.475,73.425,0.0
2008-01-29T12:00:00Z,3.475,73.475,0.0
2008-01-29T12:00:00Z,3.475,73.525,0.0
2008-01-29T12:00:00Z,3.475,73.575,0.0
2008-01-29T12:00:00Z,3.475,73.625,0.0
2008-01-29T12:00:00Z,3.425,73.375,0.0
2008-01-29T12:00:00Z,3.425,73.425,0.0
2008-01-29T12:00:00Z,3.425,73.475,0.0
2008-01-29T12:00:00Z,3.425,73.525,0.0
2008-01-29T12:00:00Z,3.425,73.575,0.0
2008-01-29T12:00:00Z,3.425,73.625,0.0
2008-01-29T12:00:00Z,3.375,73.375,0.0
2008-01-29T12:00:00Z,3.375,73.425,0.0
2008-01-29T12:00:00Z,3.375,73.475,0.0
2008-01-29T12:00:00Z,3.375,73.525,0.0
2008-01-29T12:00:00Z,3.375,73.575,0.0
2008-01-29T12:00:00Z,3.375,73.625,0.0
2008-01-29T12:00:00Z,3.325,73.375,0.0
2008-01-29T12:00:00Z,3.325,73.425,0.0
2008-01-29T12:00:00Z,3.325,73.475,0.0
2008-01-29T12:00:00Z,3.325,73.525,0.0
2008-01-29T12:00:00Z,3.325,73.575,0.0
2008-01-29T12:00:00Z,3.325,73.625,0.0
2008-02-28T12:00:00Z,3.675,73.375,0.0
2008-02-28T12:00:00Z,3.675,73.425,0.0
2008-02-28T12:00:00Z,3.675,73.475,0.0
2008-02-28T12:00:00Z,3.675,73.525,0.0
2008-02-28T12:00:00Z,3.675,73.575,0.0
2008-02-28T12:00:00Z,3.675,73.625,0.0
2008-02-28T12:00:00Z,3.625,73.375,0.0
2008-02-28T12:00:00Z,3.625,73.425,0.0
2008-02-28T12:00:00Z,3.625,73.475,0.0
2008-02-28T12:00:00Z,3.625,73.525,0.0
2008-02-28T12:00:00Z,3.625,73.575,0.0
2008-02-28T12:00:00Z,3.625,73.625,0.0
2008-02-28T12:00:00Z,3.575,73.375,0.0
2008-02-28T12:00:00Z,3.575,73.425,0.0
2008-02-28T12:00:00Z,3.575,73.475,0.0
2008-02-28T12:00:00Z,3.575,73.525,0.0
2008-02-28T12:00:00Z,3.575,73.575,0.0
2008-02-28T12:00:00Z,3.575,73.625,0.0
2008-02-28T12:00:00Z,3.525,73.375,0.0
2008-02-28T12:00:00Z,3.525,73.425,0.0
2008-02-28T12:00:00Z,3.525,73.475,0.0
2008-02-28T12:00:00Z,3.525,73.525,0.0
2008-02-28T12:00:00Z,3.525,73.575,0.0
2008-02-28T12:00:00Z,3.525,73.625,0.0
2008-02-28T12:00:00Z,3.475,73.375,0.0
2008-02-28T12:00:00Z,3.475,73.425,0.0
2008-02-28T12:00:00Z,3.475,73.475,0.0
2008-02-28T12:00:00Z,3.475,73.525,0.0
2008-02-28T12:00:00Z,3.475,73.575,0.0
2008-02-28T12:00:00Z,3.475,73.625,0.0
2008-02-28T12:00:00Z,3.425,73.375,0.0
2008-02-28T12:00:00Z,3.425,73.425,0.0
2008-02-28T12:00:00Z,3.425,73.475,0.0
2008-02-28T12:00:00Z,3.425,73.525,0.0
2008-02-28T12:00:00Z,3.425,73.575,0.0
2008-02-28T12:00:00Z,3.425,73.625,0.0
2008-02-28T12:00:00Z,3.375,73.375,0.0
2008-02-28T12:00:00Z,3.375,73.425,0.0
2008-02-28T12:00:00Z,3.375,73.475,0.0
2008-02-28T12:00:00Z,3.375,73.525,0.0
2008-02-28T12:00:00Z,3.375,73.575,0.0
2008-02-28T12:00:00Z,3.375,73.625,0.0
2008-02-28T12:00:00Z,3.325,73.375,0.0
2008-02-28T12:00:00Z,3.325,73.425,0.0
2008-02-28T12:00:00Z,3.325,73.475,0.0
2008-02-28T12:00:00Z,3.325,73.525,0.0
2008-02-28T12:00:00Z,3.325,73.575,0.0
2008-02-28T12:00:00Z,3.325,73.625,0.0
2008-03-29T12:00:00Z,3.675,73.375,0.0
2008-03-29T12:00:00Z,3.675,73.425,0.0
2008-03-29T12:00:00Z,3.675,73.475,0.0
2008-03-29T12:00:00Z,3.675,73.525,0.0
2008-03-29T12:00:00Z,3.675,73.575,0.0
2008-03-29T12:00:00Z,3.675,73.625,0.0
2008-03-29T12:00:00Z,3.625,73.375,0.0
2008-03-29T12:00:00Z,3.625,73.425,0.0
2008-03-29T12:00:00Z,3.625,73.475,0.0
2008-03-29T12:00:00Z,3.625,73.525,0.0
2008-03-29T12:00:00Z,3.625,73.575,0.0
2008-03-29T12:00:00Z,3.625,73.625,0.0
2008-03-29T12:00:00Z,3.575,73.375,0.0
2008-03-29T12:00:00Z,3.575,73.425,0.0
2008-03-29T12:00:00Z,3.575,73.475,0.0
2008-03-29T12:00:00Z,3.575,73.525,0.0
2008-03-29T12:00:00Z,3.575,73.575,0.0
2008-03-29T12:00:00Z,3.575,73.625,0.0
2008-03-29T12:00:00Z,3.525,73.375,0.0
2008-03-29T12:00:00Z,3.525,73.425,0.0
2008-03-29T12:00:00Z,3.525,73.475,0.0
2008-03-29T12:00:00Z,3.525,73.525,0.0
2008-03-29T12:00:00Z,3.525,73.575,0.0
2008-03-29T12:00:00Z,3.525,73.625,0.0
2008-03-29T12:00:00Z,3.475,73.375,0.0
2008-03-29T12:00:00Z,3.475,73.425,0.0
2008-03-29T12:00:00Z,3.475,73.475,0.0
2008-03-29T12:00:00Z,3.475,73.525,0.0
2008-03-29T12:00:00Z,3.475,73.575,0.0
2008-03-29T12:00:00Z,3.475,73.625,0.0
2008-03-29T12:00:00Z,3.425,73.375,0.0
2008-03-29T12:00:00Z,3.425,73.425,0.0
2008-03-29T12:00:00Z,3.425,73.475,0.0
2008-03-29T12:00:00Z,3.425,73.525,0.0
2008-03-29T12:00:00Z,3.425,73.575,0.0
2008-03-29T12:00:00Z,3.425,73.625,0.0
2008-03-29T12:00:00Z,3.375,73.375,0.0
2008-03-29T12:00:00Z,3.375,73.425,0.0
2008-03-29T12:00:00Z,3.375,73.475,0.0
2008-03-29T12:00:00Z,3.375,73.525,0.0
2008-03-29T12:00:00Z,3.375,73.575,0.0
2008-03-29T12:00:00Z,3.375,73.625,0.0
2008-03-29T12:00:00Z,3.325,73.375,0.0
2008-03-29T12:00:00Z,3.325,73.425,0.0
2008-03-29T12:00:00Z,3.325,73.475,0.0
2008-03-29T12:00:00Z,3.325,73.525,0.0
2008-03-29T12:00:00Z,3.325,73.575,0.0
2008-03-29T12:00:00Z,3.325,73.625,0.0
2008-04-28T12:00:00Z,3.675,73.375,0.0
2008-04-28T12:00:00Z,3.675,73.425,0.0
2008-04-28T12:00:00Z,3.675,73.475,0.0
2008-04-28T12:00:00Z,3.675,73.525,0.0
2008-04-28T12:00:00Z,3.675,73.575,0.0
2008-04-28T12:00:00Z,3.675,73.625,0.0
2008-04-28T12:00:00Z,3.625,73.375,0.0
2008-04-28T12:00:00Z,3.625,73.425,0.0
2008-04-28T12:00:00Z,3.625,73.475,0.0
2008-04-28T12:00:00Z,3.625,73.525,0.0
2008-04-28T12:00:00Z,3.625,73.575,0.0
2008-04-28T12:00:00Z,3.625,73.625,0.0
2008-04-28T12:00:00Z,3.575,73.375,0.0
2008-04-28T12:00:00Z,3.575,73.425,0.0
2008-04-28T12:00:00Z,3.575,73.475,0.0
2008-04-28T12:00:00Z,3.575,73.525,0.0
2008-04-28T12:00:00Z,3.575,73.575,0.0
2008-04-28T12:00:00Z,3.575,73.625,0.0
2008-04-28T12:00:00Z,3.525,73.375,0.0
2008-04-28T12:00:00Z,3.525,73.425,0.0
2008-04-28T12:00:00Z,3.525,73.475,0.0
2008-04-28T12:00:00Z,3.525,73.525,0.0
2008-04-28T12:00:00Z,3.525,73.575,0.0
2008-04-28T12:00:00Z,3.525,73.625,0.0
2008-04-28T12:00:00Z,3.475,73.375,0.0
2008-04-28T12:00:00Z,3.475,73.425,0.0
2008-04-28T12:00:00Z,3.475,73.475,0.0
2008-04-28T12:00:00Z,3.475,73.525,0.0
2008-04-28T12:00:00Z,3.475,73.575,0.0
2008-04-28T12:00:00Z,3.475,73.625,0.0
2008-04-28T12:00:00Z,3.425,73.375,0.0
2008-04-28T12:00:00Z,3.425,73.425,0.0
2008-04-28T12:00:00Z,3.425,73.475,0.0
2008-04-28T12:00:00Z,3.425,73.525,0.0
2008-04-28T12:00:00Z,3.425,73.575,0.0
2008-04-28T12:00:00Z,3.425,73.625,0.0
2008-04-28T12:00:00Z,3.375,73.375,0.0
2008-04-28T12:00:00Z,3.375,73.425,0.0
2008-04-28T12:00:00Z,3.375,73.475,0.0
2008-04-28T12:00:00Z,3.375,73.525,0.0
2008-04-28T12:00:00Z,3.375,73.575,0.0
2008-04-28T12:00:00Z,3.375,73.625,0.0
2008-04-28T12:00:00Z,3.325,73.375,0.0
2008-04-28T12:00:00Z,3.325,73.425,0.0
2008-04-28T12:00:00Z,3.325,73.475,0.0
2008-04-28T12:00:00Z,3.325,73.525,0.0
2008-04-28T12:00:00Z,3.325,73.575,0.0
2008-04-28T12:00:00Z,3.325,73.625,0.0
2008-05-28T12:00:00Z,3.675,73.375,0.0
2008-05-28T12:00:00Z,3.675,73.425,0.0
2008-05-28T12:00:00Z,3.675,73.475,0.0
2008-05-28T12:00:00Z,3.675,73.525,0.0
2008-05-28T12:00:00Z,3.675,73.575,0.0
2008-05-28T12:00:00Z,3.675,73.625,0.0
2008-05-28T12:00:00Z,3.625,73.375,0.0
2008-05-28T12:00:00Z,3.625,73.425,0.0
2008-05-28T12:00:00Z,3.625,73.475,0.0
2008-05-28T12:00:00Z,3.625,73.525,0.0
2008-05-28T12:00:00Z,3.625,73.575,0.0
2008-05-28T12:00:00Z,3.625,73.625,0.0
2008-05-28T12:00:00Z,3.575,73.375,0.0
2008-05-28T12:00:00Z,3.575,73.425,0.0
2008-05-28T12:00:00Z,3.575,73.475,0.0
2008-05-28T12:00:00Z,3.575,73.525,0.0
2008-05-28T12:00:00Z,3.575,73.575,0.0
2008-05-28T12:00:00Z,3.575,73.625,0.0
2008-05-28T12:00:00Z,3.525,73.375,0.0
2008-05-28T12:00:00Z,3.525,73.425,0.0
2008-05-28T12:00:00Z,3.525,73.475,0.0
2008-05-28T12:00:00Z,3.525,73.525,0.0
2008-05-28T12:00:00Z,3.525,73.575,0.0
2008-05-28T12:00:00Z,3.525,73.625,0.0
2008-05-28T12:00:00Z,3.475,73.375,0.0
2008-05-28T12:00:00Z,3.475,73.425,0.0
2008-05-28T12:00:00Z,3.475,73.475,0.0
2008-05-28T12:00:00Z,3.475,73.525,0.0
2008-05-28T12:00:00Z,3.475,73.575,0.0
2008-05-28T12:00:00Z,3.475,73.625,0.0
2008-05-28T12:00:00Z,3.425,73.375,0.0
2008-05-28T12:00:00Z,3.425,73.425,0.0
2008-05-28T12:00:00Z,3.425,73.475,0.0
2008-05-28T12:00:00Z,3.425,73.525,0.0
2008-05-28T12:00:00Z,3.425,73.575,0.0
2008-05-28T12:00:00Z,3.425,73.625,0.0
2008-05-28T12:00:00Z,3.375,73.375,0.0
2008-05-28T12:00:00Z,3.375,73.425,0.0
2008-05-28T12:00:00Z,3.375,73.475,0.0
2008-05-28T12:00:00Z,3.375,73.525,0.0
2008-05-28T12:00:00Z,3.375,73.575,0.0
2008-05-28T12:00:00Z,3.375,73.625,0.0
2008-05-28T12:00:00Z,3.325,73.375,0.0
2008-05-28T12:00:00Z,3.325,73.425,0.0
2008-05-28T12:00:00Z,3.325,73.475,0.0
2008-05-28T12:00:00Z,3.325,73.525,0.0
2008-05-28T12:00:00Z,3.325,73.575,0.0
2008-05-28T12:00:00Z,3.325,73.625,0.0
2008-06-27T12:00:00Z,3.675,73.375,0.0
2008-06-27T12:00:00Z,3.675,73.425,0.0
2008-06-27T12:00:00Z,3.675,73.475,0.0
2008-06-27T12:00:00Z,3.675,73.525,0.0
2008-06-27T12:00:00Z,3.675,73.575,0.0
2008-06-27T12:00:00Z,3.675,73.625,0.0
2008-06-27T12:00:00Z,3.625,73.375,0.0
2008-06-27T12:00:00Z,3.625,73.425,0.0
2008-06-27T12:00:00Z,3.625,73.475,0.0
2008-06-27T12:00:00Z,3.625,73.525,0.0
2008-06-27T12:00:00Z,3.625,73.575,0.0
2008-06-27T12:00:00Z,3.625,73.625,0.0
2008-06-27T12:00:00Z,3.575,73.375,0.0
2008-06-27T12:00:00Z,3.575,73.425,0.0
2008-06-27T12:00:00Z,3.575,73.475,0.0
2008-06-27T12:00:00Z,3.575,73.525,0.0
2008-06-27T12:00:00Z,3.575,73.575,0.0
2008-06-27T12:00:00Z,3.575,73.625,0.0
2008-06-27T12:00:00Z,3.525,73.375,0.0
2008-06-27T12:00:00Z,3.525,73.425,0.0
2008-06-27T12:00:00Z,3.525,73.475,0.0
2008-06-27T12:00:00Z,3.525,73.525,0.0
2008-06-27T12:00:00Z,3.525,73.575,0.0
2008-06-27T12:00:00Z,3.525,73.625,0.0
2008-06-27T12:00:00Z,3.475,73.375,0.0
2008-06-27T12:00:00Z,3.475,73.425,0.0
2008-06-27T12:00:00Z,3.475,73.475,0.0
2008-06-27T12:00:00Z,3.475,73.525,0.0
2008-06-27T12:00:00Z,3.475,73.575,0.0
2008-06-27T12:00:00Z,3.475,73.625,0.0
2008-06-27T12:00:00Z,3.425,73.375,0.0
2008-06-27T12:00:00Z,3.425,73.425,0.0
2008-06-27T12:00:00Z,3.425,73.475,0.0
2008-06-27T12:00:00Z,3.425,73.525,0.0
2008-06-27T12:00:00Z,3.425,73.575,0.0
2008-06-27T12:00:00Z,3.425,73.625,0.0
2008-06-27T12:00:00Z,3.375,73.375,0.0
2008-06-27T12:00:00Z,3.375,73.425,0.0
2008-06-27T12:00:00Z,3.375,73.475,0.0
2008-06-27T12:00:00Z,3.375,73.525,0.0
2008-06-27T12:00:00Z,3.375,73.575,0.0
2008-06-27T12:00:00Z,3.375,73.625,0.0
2008-06-27T12:00:00Z,3.325,73.375,0.0
2008-06-27T12:00:00Z,3.325,73.425,0.0
2008-06-27T12:00:00Z,3.325,73.475,0.0
2008-06-27T12:00:00Z,3.325,73.525,0.0
2008-06-27T12:00:00Z,3.325,73.575,0.0
2008-06-27T12:00:00Z,3.325,73.625,0.0
2008-07-27T12:00:00Z,3.675,73.375,0.0
2008-07-27T12:00:00Z,3.675,73.425,0.0
2008-07-27T12:00:00Z,3.675,73.475,0.0
2008-07-27T12:00:00Z,3.675,73.525,0.0
2008-07-27T12:00:00Z,3.675,73.575,0.0
2008-07-27T12:00:00Z,3.675,73.625,0.0
2008-07-27T12:00:00Z,3.625,73.375,0.0
2008-07-27T12:00:00Z,3.625,73.425,0.0
2008-07-27T12:00:00Z,3.625,73.475,0.0
2008-07-27T12:00:00Z,3.625,73.525,0.0
2008-07-27T12:00:00Z,3.625,73.575,0.0
2008-07-27T12:00:00Z,3.625,73.625,0.0
2008-07-27T12:00:00Z,3.575,73.375,0.0
2008-07-27T12:00:00Z,3.575,73.425,0.0
2008-07-27T12:00:00Z,3.575,73.475,0.0
2008-07-27T12:00:00Z,3.575,73.525,0.0
2008-07-27T12:00:00Z,3.575,73.575,0.0
2008-07-27T12:00:00Z,3.575,73.625,0.0
2008-07-27T12:00:00Z,3.525,73.375,0.0
2008-07-27T12:00:00Z,3.525,73.425,0.0
2008-07-27T12:00:00Z,3.525,73.475,0.0
2008-07-27T12:00:00Z,3.525,73.525,0.0
2008-07-27T12:00:00Z,3.525,73.575,0.0
2008-07-27T12:00:00Z,3.525,73.625,0.0
2008-07-27T12:00:00Z,3.475,73.375,0.0
2008-07-27T12:00:00Z,3.475,73.425,0.0
2008-07-27T12:00:00Z,3.475,73.475,0.0
2008-07-27T12:00:00Z,3.475,73.525,0.0
2008-07-27T12:00:00Z,3.475,73.575,0.0
2008-07-27T12:00:00Z,3.475,73.625,0.0
2008-07-27T12:00:00Z,3.425,73.375,0.0
2008-07-27T12:00:00Z,3.425,73.425,0.0
2008-07-27T12:00:00Z,3.425,73.475,0.0
2008-07-27T12:00:00Z,3.425,73.525,0.0
2008-07-27T12:00:00Z,3.425,73.575,0.0
2008-07-27T12:00:00Z,3.425,73.625,0.0
2008-07-27T12:00:00Z,3.375,73.375,0.0
2008-07-27T12:00:00Z,3.375,73.425,0.0
2008-07-27T12:00:00Z,3.375,73.475,0.0
2008-07-27T12:00:00Z,3.375,73.525,0.0
2008-07-27T12:00:00Z,3.375,73.575,0.0
2008-07-27T12:00:00Z,3.375,73.625,0.0
2008-07-27T12:00:00Z,3.325,73.375,0.0
2008-07-27T12:00:00Z,3.325,73.425,0.0
2008-07-27T12:00:00Z,3.325,73.475,0.0
2008-07-27T12:00:00Z,3.325,73.525,0.0
2008-07-27T12:00:00Z,3.325,73.575,0.0
2008-07-27T12:00:00Z,3.325,73.625,0.0
2008-08-26T12:00:00Z,3.675,73.375,0.0
2008-08-26T12:00:00Z,3.675,73.425,0.0
2008-08-26T12:00:00Z,3.675,73.475,0.0
2008-08-26T12:00:00Z,3.675,73.525,0.0
2008-08-26T12:00:00Z,3.675,73.575,0.0
2008-08-26T12:00:00Z,3.675,73.625,0.0
2008-08-26T12:00:00Z,3.625,73.375,0.0
2008-08-26T12:00:00Z,3.625,73.425,0.0
2008-08-26T12:00:00Z,3.625,73.475,0.0
2008-08-26T12:00:00Z,3.625,73.525,0.0
2008-08-26T12:00:00Z,3.625,73.575,0.0
2008-08-26T12:00:00Z,3.625,73.625,0.0
2008-08-26T12:00:00Z,3.575,73.375,0.0
2008-08-26T12:00:00Z,3.575,73.425,0.0
2008-08-26T12:00:00Z,3.575,73.475,0.0
2008-08-26T12:00:00Z,3.575,73.525,0.0
2008-08-26T12:00:00Z,3.575,73.575,0.0
2008-08-26T12:00:00Z,3.575,73.625,0.0
2008-08-26T12:00:00Z,3.525,73.375,0.0
2008-08-26T12:00:00Z,3.525,73.425,0.0
2008-08-26T12:00:00Z,3.525,73.475,0.0
2008-08-26T12:00:00Z,3.525,73.525,0.0
2008-08-26T12:00:00Z,3.525,73.575,0.0
2008-08-26T12:00:00Z,3.525,73.625,0.0
2008-08-26T12:00:00Z,3.475,73.375,0.0
2008-08-26T12:00:00Z,3.475,73.425,0.0
2008-08-26T12:00:00Z,3.475,73.475,0.0
2008-08-26T12:00:00Z,3.475,73.525,0.0
2008-08-26T12:00:00Z,3.475,73.575,0.0
2008-08-26T12:00:00Z,3.475,73.625,0.0
2008-08-26T12:00:00Z,3.425,73.375,0.0
2008-08-26T12:00:00Z,3.425,73.425,0.0
2008-08-26T12:00:00Z,3.425,73.475,0.0
2008-08-26T12:00:00Z,3.425,73.525,0.0
2008-08-26T12:00:00Z,3.425,73.575,0.0
2008-08-26T12:00:00Z,3.425,73.625,0.0
2008-08-26T12:00:00Z,3.375,73.375,0.0
2008-08-26T12:00:00Z,3.375,73.425,0.0
2008-08-26T12:00:00Z,3.375,73.475,0.0
2008-08-26T12:00:00Z,3.375,73.525,0.0
2008-08-26T12:00:00Z,3.375,73.575,0.0
2008-08-26T12:00:00Z,3.375,73.625,0.0
2008-08-26T12:00:00Z,3.325,73.375,0.0
2008-08-26T12:00:00Z,3.325,73.425,0.0
2008-08-26T12:00:00Z,3.325,73.475,0.0
2008-08-26T12:00:00Z,3.325,73.525,0.0
2008-08-26T12:00:00Z,3.325,73.575,0.0
2008-08-26T12:00:00Z,3.325,73.625,0.0
2008-09-25T12:00:00Z,3.675,73.375,0.0
2008-09-25T12:00:00Z,3.675,73.425,0.0
2008-09-25T12:00:00Z,3.675,73.475,0.0
2008-09-25T12:00:00Z,3.675,73.525,0.0
2008-09-25T12:00:00Z,3.675,73.575,0.0
2008-09-25T12:00:00Z,3.675,73.625,0.0
2008-09-25T12:00:00Z,3.625,73.375,0.0
2008-09-25T12:00:00Z,3.625,73.425,0.0
2008-09-25T12:00:00Z,3.625,73.475,0.0
2008-09-25T12:00:00Z,3.625,73.525,0.0
2008-09-25T12:00:00Z,3.625,73.575,0.0
2008-09-25T12:00:00Z,3.625,73.625,0.0
2008-09-25T12:00:00Z,3.575,73.375,0.0
2008-09-25T12:00:00Z,3.575,73.425,0.0
2008-09-25T12:00:00Z,3.575,73.475,0.0
2008-09-25T12:00:00Z,3.575,73.525,0.0
2008-09-25T12:00:00Z,3.575,73.575,0.0
2008-09-25T12:00:00Z,3.575,73.625,0.0
2008-09-25T12:00:00Z,3.525,73.375,0.0
2008-09-25T12:00:00Z,3.525,73.425,0.0
2008-09-25T12:00:00Z,3.525,73.475,0.0
2008-09-25T12:00:00Z,3.525,73.525,0.0
2008-09-25T12:00:00Z,3.525,73.575,0.0
2008-09-25T12:00:00Z,3.525,73.625,0.0
2008-09-25T12:00:00Z,3.475,73.375,0.0
2008-09-25T12:00:00Z,3.475,73.425,0.0
2008-09-25T12:00:00Z,3.475,73.475,0.0
2008-09-25T12:00:00Z,3.475,73.525,0.0
2008-09-25T12:00:00Z,3.475,73.575,0.0
2008-09-25T12:00:00Z,3.475,73.625,0.0
2008-09-25T12:00:00Z,3.425,73.375,0.0
2008-09-25T12:00:00Z,3.425,73.425,0.0
2008-09-25T12:00:00Z,3.425,73.475,0.0
2008-09-25T12:00:00Z,3.425,73.525,0.0
2008-09-25T12:00:00Z,3.425,73.575,0.0
2008-09-25T12:00:00Z,3.425,73.625,0.0
2008-09-25T12:00:00Z,3.375,73.375,0.0
2008-09-25T12:00:00Z,3.375,73.425,0.0
2008-09-25T12:00:00Z,3.375,73.475,0.0
2008-09-25T12:00:00Z,3.375,73.525,0.0
2008-09-25T12:00:00Z,3.375,73.575,0.0
2008-09-25T12:00:00Z,3.375,73.625,0.0
2008-09-25T12:00:00Z,3.325,73.375,0.0
2008-09-25T12:00:00Z,3.325,73.425,0.0
2008-09-25T12:00:00Z,3.325,73.475,0.0
2008-09-25T12:00:00Z,3.325,73.525,0.0
2008-09-25T12:00:00Z,3.325,73.575,0.0
2008-09-25T12:00:00Z,3.325,73.625,0.0
2008-10-25T12:00:00Z,3.675,73.375,0.0
2008-10-25T12:00:00Z,3.675,73.425,0.0
2008-10-25T12:00:00Z,3.675,73.475,0.0
2008-10-25T12:00:00Z,3.675,73.525,0.0
2008-10-25T12:00:00Z,3.675,73.575,0.0
2008-10-25T12:00:00Z,3.675,73.625,0.0
2008-10-25T12:00:00Z,3.625,73.375,0.0
2008-10-25T12:00:00Z,3.625,73.425,0.0
2008-10-25T12:00:00Z,3.625,73.475,0.0
2008-10-25T12:00:00Z,3.625,73.525,0.0
2008-10-25T12:00:00Z,3.625,73.575,0.0
2008-10-25T12:00:00Z,3.625,73.625,0.0
2008-10-25T12:00:00Z,3.575,73.375,0.0
2008-10-25T12:00:00Z,3.575,73.425,0.0
2008-10-25T12:00:00Z,3.575,73.475,0.0
2008-10-25T12:00:00Z,3.575,73.525,0.0
2008-10-25T12:00:00Z,3.575,73.575,0.0
2008-10-25T12:00:00Z,3.575,73.625,0.0
2008-10-25T12:00:00Z,3.525,73.375,0.0
2008-10-25T12:00:00Z,3.525,73.425,0.0
2008-10-25T12:00:00Z,3.525,73.475,0.0
2008-10-25T12:00:00Z,3.525,73.525,0.0
2008-10-25T12:00:00Z,3.525,73.575,0.0
2008-10-25T12:00:00Z,3.525,73.625,0.0
2008-10-25T12:00:00Z,3.475,73.375,0.0
2008-10-25T12:00:00Z,3.475,73.425,0.0
2008-10-25T12:00:00Z,3.475,73.475,0.0
2008-10-25T12:00:00Z,3.475,73.525,0.0
2008-10-25T12:00:00Z,3.475,73.575,0.0
2008-10-25T12:00:00Z,3.475,73.625,0.0
2008-10-25T12:00:00Z,3.425,73.375,0.0
2008-10-25T12:00:00Z,3.425,73.425,0.0
2008-10-25T12:00:00Z,3.425,73.475,0.0
2008-10-25T12:00:00Z,3.425,73.525,0.0
2008-10-25T12:00:00Z,3.425,73.575,0.0
2008-10-25T12:00:00Z,3.425,73.625,0.0
2008-10-25T12:00:00Z,3.375,73.375,0.0
2008-10-25T12:00:00Z,3.375,73.425,0.0
2008-10-25T12:00:00Z,3.375,73.475,0.0
2008-10-25T12:00:00Z,3.375,73.525,0.0
2008-10-25T12:00:00Z,3.375,73.575,0.0
2008-10-25T12:00:00Z,3.375,73.625,0.0
2008-10-25T12:00:00Z,3.325,73.375,0.0
2008-10-25T12:00:00Z,3.325,73.425,0.0
2008-10-25T12:00:00Z,3.325,73.475,0.0
2008-10-25T12:00:00Z,3.325,73.525,0.0
2008-10-25T12:00:00Z,3.325,73.575,0.0
2008-10-25T12:00:00Z,3.325,73.625,0.0
2008-11-24T12:00:00Z,3.675,73.375,0.0
2008-11-24T12:00:00Z,3.675,73.425,0.0
2008-11-24T12:00:00Z,3.675,73.475,0.0
2008-11-24T12:00:00Z,3.675,73.525,0.0
2008-11-24T12:00:00Z,3.675,73.575,0.0
2008-11-24T12:00:00Z,3.675,73.625,0.0
2008-11-24T12:00:00Z,3.625,73.375,0.0
2008-11-24T12:00:00Z,3.625,73.425,0.0
2008-11-24T12:00:00Z,3.625,73.475,0.0
2008-11-24T12:00:00Z,3.625,73.525,0.0
2008-11-24T12:00:00Z,3.625,73.575,0.0
2008-11-24T12:00:00Z,3.625,73.625,0.0
2008-11-24T12:00:00Z,3.575,73.375,0.0
2008-11-24T12:00:00Z,3.575,73.425,0.0
2008-11-24T12:00:00Z,3.575,73.475,0.0
2008-11-24T12:00:00Z,3.575,73.525,0.0
2008-11-24T12:00:00Z,3.575,73.575,0.0
2008-11-24T12:00:00Z,3.575,73.625,0.0
2008-11-24T12:00:00Z,3.525,73.375,0.0
2008-11-24T12:00:00Z,3.525,73.425,0.0
2008-11-24T12:00:00Z,3.525,73.475,0.0
2008-11-24T12:00:00Z,3.525,73.525,0.0
2008-11-24T12:00:00Z,3.525,73.575,0.0
2008-11-24T12:00:00Z,3.525,73.625,0.0
2008-11-24T12:00:00Z,3.475,73.375,0.0
2008-11-24T12:00:00Z,3.475,73.425,0.0
2008-11-24T12:00:00Z,3.475,73.475,0.0
2008-11-24T12:00:00Z,3.475,73.525,0.0
2008-11-24T12:00:00Z,3.475,73.575,0.0
2008-11-24T12:00:00Z,3.475,73.625,0.0
2008-11-24T12:00:00Z,3.425,73.375,0.0
2008-11-24T12:00:00Z,3.425,73.425,0.0
2008-11-24T12:00:00Z,3.425,73.475,0.0
2008-11-24T12:00:00Z,3.425,73.525,0.0
2008-11-24T12:00:00Z,3.425,73.575,0.0
2008-11-24T12:00:00Z,3.425,73.625,0.0
2008-11-24T12:00:00Z,3.375,73.375,0.0
2008-11-24T12:00:00Z,3.375,73.425,0.0
2008-11-24T12:00:00Z,3.375,73.475,0.0
2008-11-24T12:00:00Z,3.375,73.525,0.0
2008-11-24T12:00:00Z,3.375,73.575,0.0
2008-11-24T12:00:00Z,3.375,73.625,0.0
2008-11-24T12:00:00Z,3.325,73.375,0.0
2008-11-24T12:00:00Z,3.325,73.425,0.0
2008-11-24T12:00:00Z,3.325,73.475,0.0
2008-11-24T12:00:00Z,3.325,73.525,0.0
2008-11-24T12:00:00Z,3.325,73.575,0.0
2008-11-24T12:00:00Z,3.325,73.625,0.0
2008-12-24T12:00:00Z,3.675,73.375,0.0
2008-12-24T12:00:00Z,3.675,73.425,0.0
2008-12-24T12:00:00Z,3.675,73.475,0.0
2008-12-24T12:00:00Z,3.675,73.525,0.0
2008-12-24T12:00:00Z,3.675,73.575,0.0
2008-12-24T12:00:00Z,3.675,73.625,0.0
2008-12-24T12:00:00Z,3.625,73.375,0.0
2008-12-24T12:00:00Z,3.625,73.425,0.0
2008-12-24T12:00:00Z,3.625,73.475,0.0
2008-12-24T12:00:00Z,3.625,73.525,0.0
2008-12-24T12:00:00Z,3.625,73.575,0.0
2008-12-24T12:00:00Z,3.625,73.625,0.0
2008-12-24T12:00:00Z,3.575,73.375,0.0
2008-12-24T12:00:00Z,3.575,73.425,0.0
2008-12-24T12:00:00Z,3.575,73.475,0.0
2008-12-24T12:00:00Z,3.575,73.525,0.0
2008-12-24T12:00:00Z,3.575,73.575,0.0
2008-12-24T12:00:00Z,3.575,73.625,0.0
2008-12-24T12:00:00Z,3.525,73.375,0.0
2008-12-24T12:00:00Z,3.525,73.425,0.0
2008-12-24T12:00:00Z,3.525,73.475,0.0
2008-12-24T12:00:00Z,3.525,73.525,0.0
2008-12-24T12:00:00Z,3.525,73.575,0.0
2008-12-24T12:00:00Z,3.525,73.625,0.0
2008-12-24T12:00:00Z,3.475,73.375,0.0
2008-12-24T12:00:00Z,3.475,73.425,0.0
2008-12-24T12:00:00Z,3.475,73.475,0.0
2008-12-24T12:00:00Z,3.475,73.525,0.0
2008-12-24T12:00:00Z,3.475,73.575,0.0
2008-12-24T12:00:00Z,3.475,73.625,0.0
2008-12-24T12:00:00Z,3.425,73.375,0.0
2008-12-24T12:00:00Z,3.425,73.425,0.0
2008-12-24T12:00:00Z,3.425,73.475,0.0
2008-12-24T12:00:00Z,3.425,73.525,0.0
2008-12-24T12:00:00Z,3.425,73.575,0.0
2008-12-24T12:00:00Z,3.425,73.625,0.0
2008-12-24T12:00:00Z,3.375,73.375,0.0
2008-12-24T12:00:00Z,3.375,73.425,0.0
2008-12-24T12:00:00Z,3.375,73.475,0.0
2008-12-24T12:00:00Z,3.375,73.525,0.0
2008-12-24T12:00:00Z,3.375,73.575,0.0
2008-12-24T12:00:00Z,3.375,73.625,0.0
2008-12-24T12:00:00Z,3.325,73.375,0.0
2008-12-24T12:00:00Z,3.325,73.425,0.0
2008-12-24T12:00:00Z,3.325,73.475,0.0
2008-12-24T12:00:00Z,3.325,73.525,0.0
2008-12-24T12:00:00Z,3.325,73.575,0.0
2008-12-24T12:00:00Z,3.325,73.625,0.0
2009-01-23T12:00:00Z,3.675,73.375,0.0
2009-01-23T12:00:00Z,3.675,73.425,0.0
2009-01-23T12:00:00Z,3.675,73.475,0.0
2009-01-23T12:00:00Z,3.675,73.525,0.0
2009-01-23T12:00:00Z,3.675,73.575,0.0
2009-01-23T12:00:00Z,3.675,73.625,0.0
2009-01-23T12:00:00Z,3.625,73.375,0.0
2009-01-23T12:00:00Z,3.625,73.425,0.0
2009-01-23T12:00:00Z,3.625,73.475,0.0
2009-01-23T12:00:00Z,3.625,73.525,0.0
2009-01-23T12:00:00Z,3.625,73.575,0.0
2009-01-23T12:00:00Z,3.625,73.625,0.0
2009-01-23T12:00:00Z,3.575,73.375,0.0
2009-01-23T12:00:00Z,3.575,73.425,0.0
2009-01-23T12:00:00Z,3.575,73.475,0.0
2009-01-23T12:00:00Z,3.575,73.525,0.0
2009-01-23T12:00:00Z,3.575,73.575,0.0
2009-01-23T12:00:00Z,3.575,73.625,0.0
2009-01-23T12:00:00Z,3.525,73.375,0.0
2009-01-23T12:00:00Z,3.525,73.425,0.0
2009-01-23T12:00:00Z,3.525,73.475,0.0
2009-01-23T12:00:00Z,3.525,73.525,0.0
2009-01-23T12:00:00Z,3.525,73.575,0.0
2009-01-23T12:00:00Z,3.525,73.625,0.0
2009-01-23T12:00:00Z,3.475,73.375,0.0
2009-01-23T12:00:00Z,3.475,73.425,0.0
2009-01-23T12:00:00Z,3.475,73.475,0.0
2009-01-23T12:00:00Z,3.475,73.525,0.0
2009-01-23T12:00:00Z,3.475,73.575,0.0
2009-01-23T12:00:00Z,3.475,73.625,0.0
2009-01-23T12:00:00Z,3.425,73.375,0.0
2009-01-23T12:00:00Z,3.425,73.425,0.0
2009-01-23T12:00:00Z,3.425,73.475,0.0
2009-01-23T12:00:00Z,3.425,73.525,0.0
2009-01-23T12:00:00Z,3.425,73.575,0.0
2009-01-23T12:00:00Z,3.425,73.625,0.0
2009-01-23T12:00:00Z,3.375,73.375,0.0
2009-01-23T12:00:00Z,3.375,73.425,0.0
2009-01-23T12:00:00Z,3.375,73.475,0.0
2009-01-23T12:00:00Z,3.375,73.525,0.0
2009-01-23T12:00:00Z,3.375,73.575,0.0
2009-01-23T12:00:00Z,3.375,73.625,0.0
2009-01-23T12:00:00Z,3.325,73.375,0.0
2009-01-23T12:00:00Z,3.325,73.425,0.0
2009-01-23T12:00:00Z,3.325,73.475,0.0
2009-01-23T12:00:00Z,3.325,73.525,0.0
2009-01-23T12:00:00Z,3.325,73.575,0.0
2009-01-23T12:00:00Z,3.325,73.625,0.0
2009-02-22T12:00:00Z,3.675,73.375,0.0
2009-02-22T12:00:00Z,3.675,73.425,0.0
2009-02-22T12:00:00Z,3.675,73.475,0.0
2009-02-22T12:00:00Z,3.675,73.525,0.0
2009-02-22T12:00:00Z,3.675,73.575,0.0
2009-02-22T12:00:00Z,3.675,73.625,0.0
2009-02-22T12:00:00Z,3.625,73.375,0.0
2009-02-22T12:00:00Z,3.625,73.425,0.0
2009-02-22T12:00:00Z,3.625,73.475,0.0
2009-02-22T12:00:00Z,3.625,73.525,0.0
2009-02-22T12:00:00Z,3.625,73.575,0.0
2009-02-22T12:00:00Z,3.625,73.625,0.0
2009-02-22T12:00:00Z,3.575,73.375,0.0
2009-02-22T12:00:00Z,3.575,73.425,0.0
2009-02-22T12:00:00Z,3.575,73.475,0.0
2009-02-22T12:00:00Z,3.575,73.525,0.0
2009-02-22T12:00:00Z,3.575,73.575,0.0
2009-02-22T12:00:00Z,3.575,73.625,0.0
2009-02-22T12:00:00Z,3.525,73.375,0.0
2009-02-22T12:00:00Z,3.525,73.425,0.0
2009-02-22T12:00:00Z,3.525,73.475,0.0
2009-02-22T12:00:00Z,3.525,73.525,0.0
2009-02-22T12:00:00Z,3.525,73.575,0.0
2009-02-22T12:00:00Z,3.525,73.625,0.0
2009-02-22T12:00:00Z,3.475,73.375,0.0
2009-02-22T12:00:00Z,3.475,73.425,0.0
2009-02-22T12:00:00Z,3.475,73.475,0.0
2009-02-22T12:00:00Z,3.475,73.525,0.0
2009-02-22T12:00:00Z,3.475,73.575,0.0
2009-02-22T12:00:00Z,3.475,73.625,0.0
2009-02-22T12:00:00Z,3.425,73.375,0.0
2009-02-22T12:00:00Z,3.425,73.425,0.0
2009-02-22T12:00:00Z,3.425,73.475,0.0
2009-02-22T12:00:00Z,3.425,73.525,0.0
2009-02-22T12:00:00Z,3.425,73.575,0.0
2009-02-22T12:00:00Z,3.425,73.625,0.0
2009-02-22T12:00:00Z,3.375,73.375,0.0
2009-02-22T12:00:00Z,3.375,73.425,0.0
2009-02-22T12:00:00Z,3.375,73.475,0.0
2009-02-22T12:00:00Z,3.375,73.525,0.0
2009-02-22T12:00:00Z,3.375,73.575,0.0
2009-02-22T12:00:00Z,3.375,73.625,0.0
2009-02-22T12:00:00Z,3.325,73.375,0.0
2009-02-22T12:00:00Z,3.325,73.425,0.0
2009-02-22T12:00:00Z,3.325,73.475,0.0
2009-02-22T12:00:00Z,3.325,73.525,0.0
2009-02-22T12:00:00Z,3.325,73.575,0.0
2009-02-22T12:00:00Z,3.325,73.625,0.0
2009-03-24T12:00:00Z,3.675,73.375,0.0
2009-03-24T12:00:00Z,3.675,73.425,0.0
2009-03-24T12:00:00Z,3.675,73.475,0.0
2009-03-24T12:00:00Z,3.675,73.525,0.0
2009-03-24T12:00:00Z,3.675,73.575,0.0
2009-03-24T12:00:00Z,3.675,73.625,0.0
2009-03-24T12:00:00Z,3.625,73.375,0.0
2009-03-24T12:00:00Z,3.625,73.425,0.0
2009-03-24T12:00:00Z,3.625,73.475,0.0
2009-03-24T12:00:00Z,3.625,73.525,0.0
2009-03-24T12:00:00Z,3.625,73.575,0.0
2009-03-24T12:00:00Z,3.625,73.625,0.0
2009-03-24T12:00:00Z,3.575,73.375,0.0
2009-03-24T12:00:00Z,3.575,73.425,0.0
2009-03-24T12:00:00Z,3.575,73.475,0.0
2009-03-24T12:00:00Z,3.575,73.525,0.0
2009-03-24T12:00:00Z,3.575,73.575,0.0
2009-03-24T12:00:00Z,3.575,73.625,0.0
2009-03-24T12:00:00Z,3.525,73.375,0.0
2009-03-24T12:00:00Z,3.525,73.425,0.0
2009-03-24T12:00:00Z,3.525,73.475,0.0
2009-03-24T12:00:00Z,3.525,73.525,0.0
2009-03-24T12:00:00Z,3.525,73.575,0.0
2009-03-24T12:00:00Z,3.525,73.625,0.0
2009-03-24T12:00:00Z,3.475,73.375,0.0
2009-03-24T12:00:00Z,3.475,73.425,0.0
2009-03-24T12:00:00Z,3.475,73.475,0.0
2009-03-24T12:00:00Z,3.475,73.525,0.0
2009-03-24T12:00:00Z,3.475,73.575,0.0
2009-03-24T12:00:00Z,3.475,73.625,0.0
2009-03-24T12:00:00Z,3.425,73.375,0.0
2009-03-24T12:00:00Z,3.425,73.425,0.0
2009-03-24T12:00:00Z,3.425,73.475,0.0
2009-03-24T12:00:00Z,3.425,73.525,0.0
2009-03-24T12:00:00Z,3.425,73.575,0.0
2009-03-24T12:00:00Z,3.425,73.625,0.0
2009-03-24T12:00:00Z,3.375,73.375,0.0
2009-03-24T12:00:00Z,3.375,73.425,0.0
2009-03-24T12:00:00Z,3.375,73.475,0.0
2009-03-24T12:00:00Z,3.375,73.525,0.0
2009-03-24T12:00:00Z,3.375,73.575,0.0
2009-03-24T12:00:00Z,3.375,73.625,0.0
2009-03-24T12:00:00Z,3.325,73.375,0.0
2009-03-24T12:00:00Z,3.325,73.425,0.0
2009-03-24T12:00:00Z,3.325,73.475,0.0
2009-03-24T12:00:00Z,3.325,73.525,0.0
2009-03-24T12:00:00Z,3.325,73.575,0.0
2009-03-24T12:00:00Z,3.325,73.625,0.0
2009-04-23T12:00:00Z,3.675,73.375,0.15
2009-04-23T12:00:00Z,3.675,73.425,0.16
2009-04-23T12:00:00Z,3.675,73.475,0.16
2009-04-23T12:00:00Z,3.675,73.525,0.17
2009-04-23T12:00:00Z,3.675,73.575,0.31
2009-04-23T12:00:00Z,3.675,73.625,0.31
2009-04-23T12:00:00Z,3.625,73.375,0.14
2009-04-23T12:00:00Z,3.625,73.425,0.15
2009-04-23T12:00:00Z,3.625,73.475,0.16
2009-04-23T12:00:00Z,3.625,73.525,0.17
2009-04-23T12:00:00Z,3.625,73.575,0.17
2009-04-23T12:00:00Z,3.625,73.625,0.31
2009-04-23T12:00:00Z,3.575,73.375,0.0
2009-04-23T12:00:00Z,3.575,73.425,0.15
2009-04-23T12:00:00Z,3.575,73.475,0.16
2009-04-23T12:00:00Z,3.575,73.525,0.16
2009-04-23T12:00:00Z,3.575,73.575,0.16
2009-04-23T12:00:00Z,3.575,73.625,0.16
2009-04-23T12:00:00Z,3.525,73.375,0.0
2009-04-23T12:00:00Z,3.525,73.425,0.0
2009-04-23T12:00:00Z,3.525,73.475,0.15
2009-04-23T12:00:00Z,3.525,73.525,0.15
2009-04-23T12:00:00Z,3.525,73.575,0.16
2009-04-23T12:00:00Z,3.525,73.625,0.16
2009-04-23T12:00:00Z,3.475,73.375,0.0
2009-04-23T12:00:00Z,3.475,73.425,0.0
2009-04-23T12:00:00Z,3.475,73.475,0.0
2009-04-23T12:00:00Z,3.475,73.525,0.14
2009-04-23T12:00:00Z,3.475,73.575,0.15
2009-04-23T12:00:00Z,3.475,73.625,0.15
2009-04-23T12:00:00Z,3.425,73.375,0.0
2009-04-23T12:00:00Z,3.425,73.425,0.0
2009-04-23T12:00:00Z,3.425,73.475,0.0
2009-04-23T12:00:00Z,3.425,73.525,0.0
2009-04-23T12:00:00Z,3.425,73.575,0.0
2009-04-23T12:00:00Z,3.425,73.625,0.15
2009-04-23T12:00:00Z,3.375,73.375,0.0
2009-04-23T12:00:00Z,3.375,73.425,0.0
2009-04-23T12:00:00Z,3.375,73.475,0.0
2009-04-23T12:00:00Z,3.375,73.525,0.0
2009-04-23T12:00:00Z,3.375,73.575,0.0
2009-04-23T12:00:00Z,3.375,73.625,0.14
2009-04-23T12:00:00Z,3.325,73.375,0.0
2009-04-23T12:00:00Z,3.325,73.425,0.0
2009-04-23T12:00:00Z,3.325,73.475,0.0
2009-04-23T12:00:00Z,3.325,73.525,0.0
2009-04-23T12:00:00Z,3.325,73.575,0.0
2009-04-23T12:00:00Z,3.325,73.625,0.15
2009-05-23T12:00:00Z,3.675,73.375,0.15
2009-05-23T12:00:00Z,3.675,73.425,0.16
2009-05-23T12:00:00Z,3.675,73.475,0.16
2009-05-23T12:00:00Z,3.675,73.525,0.17
2009-05-23T12:00:00Z,3.675,73.575,0.31
2009-05-23T12:00:00Z,3.675,73.625,0.31
2009-05-23T12:00:00Z,3.625,73.375,0.14
2009-05-23T12:00:00Z,3.625,73.425,0.15
2009-05-23T12:00:00Z,3.625,73.475,0.16
2009-05-23T12:00:00Z,3.625,73.525,0.17
2009-05-23T12:00:00Z,3.625,73.575,0.17
2009-05-23T12:00:00Z,3.625,73.625,0.31
2009-05-23T12:00:00Z,3.575,73.375,0.0
2009-05-23T12:00:00Z,3.575,73.425,0.15
2009-05-23T12:00:00Z,3.575,73.475,0.16
2009-05-23T12:00:00Z,3.575,73.525,0.16
2009-05-23T12:00:00Z,3.575,73.575,0.16
2009-05-23T12:00:00Z,3.575,73.625,0.16
2009-05-23T12:00:00Z,3.525,73.375,0.0
2009-05-23T12:00:00Z,3.525,73.425,0.0
2009-05-23T12:00:00Z,3.525,73.475,0.15
2009-05-23T12:00:00Z,3.525,73.525,0.15
2009-05-23T12:00:00Z,3.525,73.575,0.16
2009-05-23T12:00:00Z,3.525,73.625,0.16
2009-05-23T12:00:00Z,3.475,73.375,0.0
2009-05-23T12:00:00Z,3.475,73.425,0.0
2009-05-23T12:00:00Z,3.475,73.475,0.0
2009-05-23T12:00:00Z,3.475,73.525,0.14
2009-05-23T12:00:00Z,3.475,73.575,0.15
2009-05-23T12:00:00Z,3.475,73.625,0.15
2009-05-23T12:00:00Z,3.425,73.375,0.0
2009-05-23T12:00:00Z,3.425,73.425,0.0
2009-05-23T12:00:00Z,3.425,73.475,0.0
2009-05-23T12:00:00Z,3.425,73.525,0.0
2009-05-23T12:00:00Z,3.425,73.575,0.0
2009-05-23T12:00:00Z,3.425,73.625,0.15
2009-05-23T12:00:00Z,3.375,73.375,0.0
2009-05-23T12:00:00Z,3.375,73.425,0.0
2009-05-23T12:00:00Z,3.375,73.475,0.0
2009-05-23T12:00:00Z,3.375,73.525,0.0
2009-05-23T12:00:00Z,3.375,73.575,0.0
2009-05-23T12:00:00Z,3.375,73.625,0.14
2009-05-23T12:00:00Z,3.325,73.375,0.0
2009-05-23T12:00:00Z,3.325,73.425,0.0
2009-05-23T12:00:00Z,3.325,73.475,0.0
2009-05-23T12:00:00Z,3.325,73.525,0.0
2009-05-23T12:00:00Z,3.325,73.575,0.0
2009-05-23T12:00:00Z,3.325,73.625,0.15
2009-06-22T12:00:00Z,3.675,73.375,0.15
2009-06-22T12:00:00Z,3.675,73.425,0.16
2009-06-22T12:00:00Z,3.675,73.475,0.16
2009-06-22T12:00:00Z,3.675,73.525,0.17
2009-06-22T12:00:00Z,3.675,73.575,0.17
2009-06-22T12:00:00Z,3.675,73.625,0.17
2009-06-22T12:00:00Z,3.625,73.375,0.14
2009-06-22T12:00:00Z,3.625,73.425,0.15
2009-06-22T12:00:00Z,3.625,73.475,0.16
2009-06-22T12:00:00Z,3.625,73.525,0.17
2009-06-22T12:00:00Z,3.625,73.575,0.17
2009-06-22T12:00:00Z,3.625,73.625,0.17
2009-06-22T12:00:00Z,3.575,73.375,0.0
2009-06-22T12:00:00Z,3.575,73.425,0.15
2009-06-22T12:00:00Z,3.575,73.475,0.16
2009-06-22T12:00:00Z,3.575,73.525,0.16
2009-06-22T12:00:00Z,3.575,73.575,0.16
2009-06-22T12:00:00Z,3.575,73.625,0.16
2009-06-22T12:00:00Z,3.525,73.375,0.0
2009-06-22T12:00:00Z,3.525,73.425,0.0
2009-06-22T12:00:00Z,3.525,73.475,0.15
2009-06-22T12:00:00Z,3.525,73.525,0.15
2009-06-22T12:00:00Z,3.525,73.575,0.16
2009-06-22T12:00:00Z,3.525,73.625,0.16
2009-06-22T12:00:00Z,3.475,73.375,0.0
2009-06-22T12:00:00Z,3.475,73.425,0.0
2009-06-22T12:00:00Z,3.475,73.475,0.0
2009-06-22T12:00:00Z,3.475,73.525,0.14
2009-06-22T12:00:00Z,3.475,73.575,0.15
2009-06-22T12:00:00Z,3.475,73.625,0.15
2009-06-22T12:00:00Z,3.425,73.375,0.0
2009-06-22T12:00:00Z,3.425,73.425,0.0
2009-06-22T12:00:00Z,3.425,73.475,0.0
2009-06-22T12:00:00Z,3.425,73.525,0.0
2009-06-22T12:00:00Z,3.425,73.575,0.0
2009-06-22T12:00:00Z,3.425,73.625,0.15
2009-06-22T12:00:00Z,3.375,73.375,0.0
2009-06-22T12:00:00Z,3.375,73.425,0.0
2009-06-22T12:00:00Z,3.375,73.475,0.0
2009-06-22T12:00:00Z,3.375,73.525,0.0
2009-06-22T12:00:00Z,3.375,73.575,0.0
2009-06-22T12:00:00Z,3.375,73.625,0.14
2009-06-22T12:00:00Z,3.325,73.375,0.0
2009-06-22T12:00:00Z,3.325,73.425,0.0
2009-06-22T12:00:00Z,3.325,73.475,0.0
2009-06-22T12:00:00Z,3.325,73.525,0.0
2009-06-22T12:00:00Z,3.325,73.575,0.0
2009-06-22T12:00:00Z,3.325,73.625,0.15
2009-07-22T12:00:00Z,3.675,73.375,0.0
2009-07-22T12:00:00Z,3.675,73.425,0.0
2009-07-22T12:00:00Z,3.675,73.475,0.0
2009-07-22T12:00:00Z,3.675,73.525,0.0
2009-07-22T12:00:00Z,3.675,73.575,0.0
2009-07-22T12:00:00Z,3.675,73.625,0.0
2009-07-22T12:00:00Z,3.625,73.375,0.0
2009-07-22T12:00:00Z,3.625,73.425,0.0
2009-07-22T12:00:00Z,3.625,73.475,0.0
2009-07-22T12:00:00Z,3.625,73.525,0.0
2009-07-22T12:00:00Z,3.625,73.575,0.0
2009-07-22T12:00:00Z,3.625,73.625,0.0
2009-07-22T12:00:00Z,3.575,73.375,0.0
2009-07-22T12:00:00Z,3.575,73.425,0.0
2009-07-22T12:00:00Z,3.575,73.475,0.0
2009-07-22T12:00:00Z,3.575,73.525,0.0
2009-07-22T12:00:00Z,3.575,73.575,0.0
2009-07-22T12:00:00Z,3.575,73.625,0.0
2009-07-22T12:00:00Z,3.525,73.375,0.0
2009-07-22T12:00:00Z,3.525,73.425,0.0
2009-07-22T12:00:00Z,3.525,73.475,0.0
2009-07-22T12:00:00Z,3.525,73.525,0.0
2009-07-22T12:00:00Z,3.525,73.575,0.0
2009-07-22T12:00:00Z,3.525,73.625,0.0
2009-07-22T12:00:00Z,3.475,73.375,0.0
2009-07-22T12:00:00Z,3.475,73.425,0.0
2009-07-22T12:00:00Z,3.475,73.475,0.0
2009-07-22T12:00:00Z,3.475,73.525,0.0
2009-07-22T12:00:00Z,3.475,73.575,0.0
2009-07-22T12:00:00Z,3.475,73.625,0.0
2009-07-22T12:00:00Z,3.425,73.375,0.0
2009-07-22T12:00:00Z,3.425,73.425,0.0
2009-07-22T12:00:00Z,3.425,73.475,0.0
2009-07-22T12:00:00Z,3.425,73.525,0.0
2009-07-22T12:00:00Z,3.425,73.575,0.0
2009-07-22T12:00:00Z,3.425,73.625,0.0
2009-07-22T12:00:00Z,3.375,73.375,0.0
2009-07-22T12:00:00Z,3.375,73.425,0.0
2009-07-22T12:00:00Z,3.375,73.475,0.0
2009-07-22T12:00:00Z,3.375,73.525,0.0
2009-07-22T12:00:00Z,3.375,73.575,0.0
2009-07-22T12:00:00Z,3.375,73.625,0.0
2009-07-22T12:00:00Z,3.325,73.375,0.0
2009-07-22T12:00:00Z,3.325,73.425,0.0
2009-07-22T12:00:00Z,3.325,73.475,0.0
2009-07-22T12:00:00Z,3.325,73.525,0.0
2009-07-22T12:00:00Z,3.325,73.575,0.0
2009-07-22T12:00:00Z,3.325,73.625,0.0
2009-08-21T12:00:00Z,3.675,73.375,0.0
2009-08-21T12:00:00Z,3.675,73.425,0.0
2009-08-21T12:00:00Z,3.675,73.475,0.0
2009-08-21T12:00:00Z,3.675,73.525,0.0
2009-08-21T12:00:00Z,3.675,73.575,0.0
2009-08-21T12:00:00Z,3.675,73.625,0.0
2009-08-21T12:00:00Z,3.625,73.375,0.0
2009-08-21T12:00:00Z,3.625,73.425,0.0
2009-08-21T12:00:00Z,3.625,73.475,0.0
2009-08-21T12:00:00Z,3.625,73.525,0.0
2009-08-21T12:00:00Z,3.625,73.575,0.0
2009-08-21T12:00:00Z,3.625,73.625,0.0
2009-08-21T12:00:00Z,3.575,73.375,0.0
2009-08-21T12:00:00Z,3.575,73.425,0.0
2009-08-21T12:00:00Z,3.575,73.475,0.0
2009-08-21T12:00:00Z,3.575,73.525,0.0
2009-08-21T12:00:00Z,3.575,73.575,0.0
2009-08-21T12:00:00Z,3.575,73.625,0.0
2009-08-21T12:00:00Z,3.525,73.375,0.0
2009-08-21T12:00:00Z,3.525,73.425,0.0
2009-08-21T12:00:00Z,3.525,73.475,0.0
2009-08-21T12:00:00Z,3.525,73.525,0.0
2009-08-21T12:00:00Z,3.525,73.575,0.0
2009-08-21T12:00:00Z,3.525,73.625,0.0
2009-08-21T12:00:00Z,3.475,73.375,0.0
2009-08-21T12:00:00Z,3.475,73.425,0.0
2009-08-21T12:00:00Z,3.475,73.475,0.0
2009-08-21T12:00:00Z,3.475,73.525,0.0
2009-08-21T12:00:00Z,3.475,73.575,0.0
2009-08-21T12:00:00Z,3.475,73.625,0.0
2009-08-21T12:00:00Z,3.425,73.375,0.0
2009-08-21T12:00:00Z,3.425,73.425,0.0
2009-08-21T12:00:00Z,3.425,73.475,0.0
2009-08-21T12:00:00Z,3.425,73.525,0.0
2009-08-21T12:00:00Z,3.425,73.575,0.0
2009-08-21T12:00:00Z,3.425,73.625,0.0
2009-08-21T12:00:00Z,3.375,73.375,0.0
2009-08-21T12:00:00Z,3.375,73.425,0.0
2009-08-21T12:00:00Z,3.375,73.475,0.0
2009-08-21T12:00:00Z,3.375,73.525,0.0
2009-08-21T12:00:00Z,3.375,73.575,0.0
2009-08-21T12:00:00Z,3.375,73.625,0.0
2009-08-21T12:00:00Z,3.325,73.375,0.0
2009-08-21T12:00:00Z,3.325,73.425,0.0
2009-08-21T12:00:00Z,3.325,73.475,0.0
2009-08-21T12:00:00Z,3.325,73.525,0.0
2009-08-21T12:00:00Z,3.325,73.575,0.0
2009-08-21T12:00:00Z,3.325,73.625,0.0
2009-09-20T12:00:00Z,3.675,73.375,0.0
2009-09-20T12:00:00Z,3.675,73.425,0.0
2009-09-20T12:00:00Z,3.675,73.475,0.0
2009-09-20T12:00:00Z,3.675,73.525,0.0
2009-09-20T12:00:00Z,3.675,73.575,0.0
2009-09-20T12:00:00Z,3.675,73.625,0.0
2009-09-20T12:00:00Z,3.625,73.375,0.0
2009-09-20T12:00:00Z,3.625,73.425,0.0
2009-09-20T12:00:00Z,3.625,73.475,0.0
2009-09-20T12:00:00Z,3.625,73.525,0.0
2009-09-20T12:00:00Z,3.625,73.575,0.0
2009-09-20T12:00:00Z,3.625,73.625,0.0
2009-09-20T12:00:00Z,3.575,73.375,0.0
2009-09-20T12:00:00Z,3.575,73.425,0.0
2009-09-20T12:00:00Z,3.575,73.475,0.0
2009-09-20T12:00:00Z,3.575,73.525,0.0
2009-09-20T12:00:00Z,3.575,73.575,0.0
2009-09-20T12:00:00Z,3.575,73.625,0.0
2009-09-20T12:00:00Z,3.525,73.375,0.0
2009-09-20T12:00:00Z,3.525,73.425,0.0
2009-09-20T12:00:00Z,3.525,73.475,0.0
2009-09-20T12:00:00Z,3.525,73.525,0.0
2009-09-20T12:00:00Z,3.525,73.575,0.0
2009-09-20T12:00:00Z,3.525,73.625,0.0
2009-09-20T12:00:00Z,3.475,73.375,0.0
2009-09-20T12:00:00Z,3.475,73.425,0.0
2009-09-20T12:00:00Z,3.475,73.475,0.0
2009-09-20T12:00:00Z,3.475,73.525,0.0
2009-09-20T12:00:00Z,3.475,73.575,0.0
2009-09-20T12:00:00Z,3.475,73.625,0.0
2009-09-20T12:00:00Z,3.425,73.375,0.0
2009-09-20T12:00:00Z,3.425,73.425,0.0
2009-09-20T12:00:00Z,3.425,73.475,0.0
2009-09-20T12:00:00Z,3.425,73.525,0.0
2009-09-20T12:00:00Z,3.425,73.575,0.0
2009-09-20T12:00:00Z,3.425,73.625,0.0
2009-09-20T12:00:00Z,3.375,73.375,0.0
2009-09-20T12:00:00Z,3.375,73.425,0.0
2009-09-20T12:00:00Z,3.375,73.475,0.0
2009-09-20T12:00:00Z,3.375,73.525,0.0
2009-09-20T12:00:00Z,3.375,73.575,0.0
2009-09-20T12:00:00Z,3.375,73.625,0.0
2009-09-20T12:00:00Z,3.325,73.375,0.0
2009-09-20T12:00:00Z,3.325,73.425,0.0
2009-09-20T12:00:00Z,3.325,73.475,0.0
2009-09-20T12:00:00Z,3.325,73.525,0.0
2009-09-20T12:00:00Z,3.325,73.575,0.0
2009-09-20T12:00:00Z,3.325,73.625,0.0
2009-10-20T12:00:00Z,3.675,73.375,0.0
2009-10-20T12:00:00Z,3.675,73.425,0.0
2009-10-20T12:00:00Z,3.675,73.475,0.0
2009-10-20T12:00:00Z,3.675,73.525,0.0
2009-10-20T12:00:00Z,3.675,73.575,0.0
2009-10-20T12:00:00Z,3.675,73.625,0.0
2009-10-20T12:00:00Z,3.625,73.375,0.0
2009-10-20T12:00:00Z,3.625,73.425,0.0
2009-10-20T12:00:00Z,3.625,73.475,0.0
2009-10-20T12:00:00Z,3.625,73.525,0.0
2009-10-20T12:00:00Z,3.625,73.575,0.0
2009-10-20T12:00:00Z,3.625,73.625,0.0
2009-10-20T12:00:00Z,3.575,73.375,0.0
2009-10-20T12:00:00Z,3.575,73.425,0.0
2009-10-20T12:00:00Z,3.575,73.475,0.0
2009-10-20T12:00:00Z,3.575,73.525,0.0
2009-10-20T12:00:00Z,3.575,73.575,0.0
2009-10-20T12:00:00Z,3.575,73.625,0.0
2009-10-20T12:00:00Z,3.525,73.375,0.0
2009-10-20T12:00:00Z,3.525,73.425,0.0
2009-10-20T12:00:00Z,3.525,73.475,0.0
2009-10-20T12:00:00Z,3.525,73.525,0.0
2009-10-20T12:00:00Z,3.525,73.575,0.0
2009-10-20T12:00:00Z,3.525,73.625,0.0
2009-10-20T12:00:00Z,3.475,73.375,0.0
2009-10-20T12:00:00Z,3.475,73.425,0.0
2009-10-20T12:00:00Z,3.475,73.475,0.0
2009-10-20T12:00:00Z,3.475,73.525,0.0
2009-10-20T12:00:00Z,3.475,73.575,0.0
2009-10-20T12:00:00Z,3.475,73.625,0.0
2009-10-20T12:00:00Z,3.425,73.375,0.0
2009-10-20T12:00:00Z,3.425,73.425,0.0
2009-10-20T12:00:00Z,3.425,73.475,0.0
2009-10-20T12:00:00Z,3.425,73.525,0.0
2009-10-20T12:00:00Z,3.425,73.575,0.0
2009-10-20T12:00:00Z,3.425,73.625,0.0
2009-10-20T12:00:00Z,3.375,73.375,0.0
2009-10-20T12:00:00Z,3.375,73.425,0.0
2009-10-20T12:00:00Z,3.375,73.475,0.0
2009-10-20T12:00:00Z,3.375,73.525,0.0
2009-10-20T12:00:00Z,3.375,73.575,0.0
2009-10-20T12:00:00Z,3.375,73.625,0.0
2009-10-20T12:00:00Z,3.325,73.375,0.0
2009-10-20T12:00:00Z,3.325,73.425,0.0
2009-10-20T12:00:00Z,3.325,73.475,0.0
2009-10-20T12:00:00Z,3.325,73.525,0.0
2009-10-20T12:00:00Z,3.325,73.575,0.0
2009-10-20T12:00:00Z,3.325,73.625,0.0
2009-11-19T12:00:00Z,3.675,73.375,0.0
2009-11-19T12:00:00Z,3.675,73.425,0.0
2009-11-19T12:00:00Z,3.675,73.475,0.0
2009-11-19T12:00:00Z,3.675,73.525,0.0
2009-11-19T12:00:00Z,3.675,73.575,0.0
2009-11-19T12:00:00Z,3.675,73.625,0.0
2009-11-19T12:00:00Z,3.625,73.375,0.0
2009-11-19T12:00:00Z,3.625,73.425,0.0
2009-11-19T12:00:00Z,3.625,73.475,0.0
2009-11-19T12:00:00Z,3.625,73.525,0.0
2009-11-19T12:00:00Z,3.625,73.575,0.0
2009-11-19T12:00:00Z,3.625,73.625,0.0
2009-11-19T12:00:00Z,3.575,73.375,0.0
2009-11-19T12:00:00Z,3.575,73.425,0.0
2009-11-19T12:00:00Z,3.575,73.475,0.0
2009-11-19T12:00:00Z,3.575,73.525,0.0
2009-11-19T12:00:00Z,3.575,73.575,0.0
2009-11-19T12:00:00Z,3.575,73.625,0.0
2009-11-19T12:00:00Z,3.525,73.375,0.0
2009-11-19T12:00:00Z,3.525,73.425,0.0
2009-11-19T12:00:00Z,3.525,73.475,0.0
2009-11-19T12:00:00Z,3.525,73.525,0.0
2009-11-19T12:00:00Z,3.525,73.575,0.0
2009-11-19T12:00:00Z,3.525,73.625,0.0
2009-11-19T12:00:00Z,3.475,73.375,0.0
2009-11-19T12:00:00Z,3.475,73.425,0.0
2009-11-19T12:00:00Z,3.475,73.475,0.0
2009-11-19T12:00:00Z,3.475,73.525,0.0
2009-11-19T12:00:00Z,3.475,73.575,0.0
2009-11-19T12:00:00Z,3.475,73.625,0.0
2009-11-19T12:00:00Z,3.425,73.375,0.0
2009-11-19T12:00:00Z,3.425,73.425,0.0
2009-11-19T12:00:00Z,3.425,73.475,0.0
2009-11-19T12:00:00Z,3.425,73.525,0.0
2009-11-19T12:00:00Z,3.425,73.575,0.0
2009-11-19T12:00:00Z,3.425,73.625,0.0
2009-11-19T12:00:00Z,3.375,73.375,0.0
2009-11-19T12:00:00Z,3.375,73.425,0.0
2009-11-19T12:00:00Z,3.375,73.475,0.0
2009-11-19T12:00:00Z,3.375,73.525,0.0
2009-11-19T12:00:00Z,3.375,73.575,0.0
2009-11-19T12:00:00Z,3.375,73.625,0.0
2009-11-19T12:00:00Z,3.325,73.375,0.0
2009-11-19T12:00:00Z,3.325,73.425,0.0
2009-11-19T12:00:00Z,3.325,73.475,0.0
2009-11-19T12:00:00Z,3.325,73.525,0.0
2009-11-19T12:00:00Z,3.325,73.575,0.0
2009-11-19T12:00:00Z,3.325,73.625,0.0
2009-12-19T12:00:00Z,3.675,73.375,0.0
2009-12-19T12:00:00Z,3.675,73.425,0.0
2009-12-19T12:00:00Z,3.675,73.475,0.0
2009-12-19T12:00:00Z,3.675,73.525,0.0
2009-12-19T12:00:00Z,3.675,73.575,0.0
2009-12-19T12:00:00Z,3.675,73.625,0.0
2009-12-19T12:00:00Z,3.625,73.375,0.0
2009-12-19T12:00:00Z,3.625,73.425,0.0
2009-12-19T12:00:00Z,3.625,73.475,0.0
2009-12-19T12:00:00Z,3.625,73.525,0.0
2009-12-19T12:00:00Z,3.625,73.575,0.0
2009-12-19T12:00:00Z,3.625,73.625,0.0
2009-12-19T12:00:00Z,3.575,73.375,0.0
2009-12-19T12:00:00Z,3.575,73.425,0.0
2009-12-19T12:00:00Z,3.575,73.475,0.0
2009-12-19T12:00:00Z,3.575,73.525,0.0
2009-12-19T12:00:00Z,3.575,73.575,0.0
2009-12-19T12:00:00Z,3.575,73.625,0.0
2009-12-19T12:00:00Z,3.525,73.375,0.0
2009-12-19T12:00:00Z,3.525,73.425,0.0
2009-12-19T12:00:00Z,3.525,73.475,0.0
2009-12-19T12:00:00Z,3.525,73.525,0.0
2009-12-19T12:00:00Z,3.525,73.575,0.0
2009-12-19T12:00:00Z,3.525,73.625,0.0
2009-12-19T12:00:00Z,3.475,73.375,0.0
2009-12-19T12:00:00Z,3.475,73.425,0.0
2009-12-19T12:00:00Z,3.475,73.475,0.0
2009-12-19T12:00:00Z,3.475,73.525,0.0
2009-12-19T12:00:00Z,3.475,73.575,0.0
2009-12-19T12:00:00Z,3.475,73.625,0.0
2009-12-19T12:00:00Z,3.425,73.375,0.0
2009-12-19T12:00:00Z,3.425,73.425,0.0
2009-12-19T12:00:00Z,3.425,73.475,0.0
2009-12-19T12:00:00Z,3.425,73.525,0.0
2009-12-19T12:00:00Z,3.425,73.575,0.0
2009-12-19T12:00:00Z,3.425,73.625,0.0
2009-12-19T12:00:00Z,3.375,73.375,0.0
2009-12-19T12:00:00Z,3.375,73.425,0.0
2009-12-19T12:00:00Z,3.375,73.475,0.0
2009-12-19T12:00:00Z,3.375,73.525,0.0
2009-12-19T12:00:00Z,3.375,73.575,0.0
2009-12-19T12:00:00Z,3.375,73.625,0.0
2009-12-19T12:00:00Z,3.325,73.375,0.0
2009-12-19T12:00:00Z,3.325,73.425,0.0
2009-12-19T12:00:00Z,3.325,73.475,0.0
2009-12-19T12:00:00Z,3.325,73.525,0.0
2009-12-19T12:00:00Z,3.325,73.575,0.0
2009-12-19T12:00:00Z,3.325,73.625,0.0
2010-01-18T12:00:00Z,3.675,73.375,0.0
2010-01-18T12:00:00Z,3.675,73.425,0.0
2010-01-18T12:00:00Z,3.675,73.475,0.0
2010-01-18T12:00:00Z,3.675,73.525,0.0
2010-01-18T12:00:00Z,3.675,73.575,0.0
2010-01-18T12:00:00Z,3.675,73.625,0.0
2010-01-18T12:00:00Z,3.625,73.375,0.0
2010-01-18T12:00:00Z,3.625,73.425,0.0
2010-01-18T12:00:00Z,3.625,73.475,0.0
2010-01-18T12:00:00Z,3.625,73.525,0.0
2010-01-18T12:00:00Z,3.625,73.575,0.0
2010-01-18T12:00:00Z,3.625,73.625,0.0
2010-01-18T12:00:00Z,3.575,73.375,0.0
2010-01-18T12:00:00Z,3.575,73.425,0.0
2010-01-18T12:00:00Z,3.575,73.475,0.0
2010-01-18T12:00:00Z,3.575,73.525,0.0
2010-01-18T12:00:00Z,3.575,73.575,0.0
2010-01-18T12:00:00Z,3.575,73.625,0.0
2010-01-18T12:00:00Z,3.525,73.375,0.0
2010-01-18T12:00:00Z,3.525,73.425,0.0
2010-01-18T12:00:00Z,3.525,73.475,0.0
2010-01-18T12:00:00Z,3.525,73.525,0.0
2010-01-18T12:00:00Z,3.525,73.575,0.0
2010-01-18T12:00:00Z,3.525,73.625,0.0
2010-01-18T12:00:00Z,3.475,73.375,0.0
2010-01-18T12:00:00Z,3.475,73.425,0.0
2010-01-18T12:00:00Z,3.475,73.475,0.0
2010-01-18T12:00:00Z,3.475,73.525,0.0
2010-01-18T12:00:00Z,3.475,73.575,0.0
2010-01-18T12:00:00Z,3.475,73.625,0.0
2010-01-18T12:00:00Z,3.425,73.375,0.0
2010-01-18T12:00:00Z,3.425,73.425,0.0
2010-01-18T12:00:00Z,3.425,73.475,0.0
2010-01-18T12:00:00Z,3.425,73.525,0.0
2010-01-18T12:00:00Z,3.425,73.575,0.0
2010-01-18T12:00:00Z,3.425,73.625,0.0
2010-01-18T12:00:00Z,3.375,73.375,0.0
2010-01-18T12:00:00Z,3.375,73.425,0.0
2010-01-18T12:00:00Z,3.375,73.475,0.0
2010-01-18T12:00:00Z,3.375,73.525,0.0
2010-01-18T12:00:00Z,3.375,73.575,0.0
2010-01-18T12:00:00Z,3.375,73.625,0.0
2010-01-18T12:00:00Z,3.325,73.375,0.0
2010-01-18T12:00:00Z,3.325,73.425,0.0
2010-01-18T12:00:00Z,3.325,73.475,0.0
2010-01-18T12:00:00Z,3.325,73.525,0.0
2010-01-18T12:00:00Z,3.325,73.575,0.0
2010-01-18T12:00:00Z,3.325,73.625,0.0
2010-02-17T12:00:00Z,3.675,73.375,0.0
2010-02-17T12:00:00Z,3.675,73.425,0.0
2010-02-17T12:00:00Z,3.675,73.475,0.0
2010-02-17T12:00:00Z,3.675,73.525,0.0
2010-02-17T12:00:00Z,3.675,73.575,0.0
2010-02-17T12:00:00Z,3.675,73.625,0.0
2010-02-17T12:00:00Z,3.625,73.375,0.0
2010-02-17T12:00:00Z,3.625,73.425,0.0
2010-02-17T12:00:00Z,3.625,73.475,0.0
2010-02-17T12:00:00Z,3.625,73.525,0.0
2010-02-17T12:00:00Z,3.625,73.575,0.0
2010-02-17T12:00:00Z,3.625,73.625,0.0
2010-02-17T12:00:00Z,3.575,73.375,0.0
2010-02-17T12:00:00Z,3.575,73.425,0.0
2010-02-17T12:00:00Z,3.575,73.475,0.0
2010-02-17T12:00:00Z,3.575,73.525,0.0
2010-02-17T12:00:00Z,3.575,73.575,0.0
2010-02-17T12:00:00Z,3.575,73.625,0.0
2010-02-17T12:00:00Z,3.525,73.375,0.0
2010-02-17T12:00:00Z,3.525,73.425,0.0
2010-02-17T12:00:00Z,3.525,73.475,0.0
2010-02-17T12:00:00Z,3.525,73.525,0.0
2010-02-17T12:00:00Z,3.525,73.575,0.0
2010-02-17T12:00:00Z,3.525,73.625,0.0
2010-02-17T12:00:00Z,3.475,73.375,0.0
2010-02-17T12:00:00Z,3.475,73.425,0.0
2010-02-17T12:00:00Z,3.475,73.475,0.0
2010-02-17T12:00:00Z,3.475,73.525,0.0
2010-02-17T12:00:00Z,3.475,73.575,0.0
2010-02-17T12:00:00Z,3.475,73.625,0.0
2010-02-17T12:00:00Z,3.425,73.375,0.0
2010-02-17T12:00:00Z,3.425,73.425,0.0
2010-02-17T12:00:00Z,3.425,73.475,0.0
2010-02-17T12:00:00Z,3.425,73.525,0.0
2010-02-17T12:00:00Z,3.425,73.575,0.0
2010-02-17T12:00:00Z,3.425,73.625,0.0
2010-02-17T12:00:00Z,3.375,73.375,0.0
2010-02-17T12:00:00Z,3.375,73.425,0.0
2010-02-17T12:00:00Z,3.375,73.475,0.0
2010-02-17T12:00:00Z,3.375,73.525,0.0
2010-02-17T12:00:00Z,3.375,73.575,0.0
2010-02-17T12:00:00Z,3.375,73.625,0.0
2010-02-17T12:00:00Z,3.325,73.375,0.0
2010-02-17T12:00:00Z,3.325,73.425,0.0
2010-02-17T12:00:00Z,3.325,73.475,0.0
2010-02-17T12:00:00Z,3.325,73.525,0.0
2010-02-17T12:00:00Z,3.325,73.575,0.0
2010-02-17T12:00:00Z,3.325,73.625,0.0
2010-03-19T12:00:00Z,3.675,73.375,0.0
2010-03-19T12:00:00Z,3.675,73.425,0.0
2010-03-19T12:00:00Z,3.675,73.475,0.0
2010-03-19T12:00:00Z,3.675,73.525,0.0
2010-03-19T12:00:00Z,3.675,73.575,0.0
2010-03-19T12:00:00Z,3.675,73.625,0.0
2010-03-19T12:00:00Z,3.625,73.375,0.0
2010-03-19T12:00:00Z,3.625,73.425,0.0
2010-03-19T12:00:00Z,3.625,73.475,0.0
2010-03-19T12:00:00Z,3.625,73.525,0.0
2010-03-19T12:00:00Z,3.625,73.575,0.0
2010-03-19T12:00:00Z,3.625,73.625,0.0
2010-03-19T12:00:00Z,3.575,73.375,0.0
2010-03-19T12:00:00Z,3.575,73.425,0.0
2010-03-19T12:00:00Z,3.575,73.475,0.0
2010-03-19T12:00:00Z,3.575,73.525,0.0
2010-03-19T12:00:00Z,3.575,73.575,0.0
2010-03-19T12:00:00Z,3.575,73.625,0.0
2010-03-19T12:00:00Z,3.525,73.375,0.0
2010-03-19T12:00:00Z,3.525,73.425,0.0
2010-03-19T12:00:00Z,3.525,73.475,0.0
2010-03-19T12:00:00Z,3.525,73.525,0.0
2010-03-19T12:00:00Z,3.525,73.575,0.0
2010-03-19T12:00:00Z,3.525,73.625,0.0
2010-03-19T12:00:00Z,3.475,73.375,0.0
2010-03-19T12:00:00Z,3.475,73.425,0.0
2010-03-19T12:00:00Z,3.475,73.475,0.0
2010-03-19T12:00:00Z,3.475,73.525,0.0
2010-03-19T12:00:00Z,3.475,73.575,0.0
2010-03-19T12:00:00Z,3.475,73.625,0.0
2010-03-19T12:00:00Z,3.425,73.375,0.0
2010-03-19T12:00:00Z,3.425,73.425,0.0
2010-03-19T12:00:00Z,3.425,73.475,0.0
2010-03-19T12:00:00Z,3.425,73.525,0.0
2010-03-19T12:00:00Z,3.425,73.575,0.0
2010-03-19T12:00:00Z,3.425,73.625,0.0
2010-03-19T12:00:00Z,3.375,73.375,0.0
2010-03-19T12:00:00Z,3.375,73.425,0.0
2010-03-19T12:00:00Z,3.375,73.475,0.0
2010-03-19T12:00:00Z,3.375,73.525,0.0
2010-03-19T12:00:00Z,3.375,73.575,0.0
2010-03-19T12:00:00Z,3.375,73.625,0.0
2010-03-19T12:00:00Z,3.325,73.375,0.0
2010-03-19T12:00:00Z,3.325,73.425,0.0
2010-03-19T12:00:00Z,3.325,73.475,0.0
2010-03-19T12:00:00Z,3.325,73.525,0.0
2010-03-19T12:00:00Z,3.325,73.575,0.0
2010-03-19T12:00:00Z,3.325,73.625,0.0
2010-04-18T12:00:00Z,3.675,73.375,0.14
2010-04-18T12:00:00Z,3.675,73.425,0.14
2010-04-18T12:00:00Z,3.675,73.475,0.14
2010-04-18T12:00:00Z,3.675,73.525,0.15
2010-04-18T12:00:00Z,3.675,73.575,0.15
2010-04-18T12:00:00Z,3.675,73.625,0.15
2010-04-18T12:00:00Z,3.625,73.375,0.0
2010-04-18T12:00:00Z,3.625,73.425,0.0
2010-04-18T12:00:00Z,3.625,73.475,0.0
2010-04-18T12:00:00Z,3.625,73.525,0.0
2010-04-18T12:00:00Z,3.625,73.575,0.0
2010-04-18T12:00:00Z,3.625,73.625,0.15
2010-04-18T12:00:00Z,3.575,73.375,0.0
2010-04-18T12:00:00Z,3.575,73.425,0.0
2010-04-18T12:00:00Z,3.575,73.475,0.0
2010-04-18T12:00:00Z,3.575,73.525,0.0
2010-04-18T12:00:00Z,3.575,73.575,0.0
2010-04-18T12:00:00Z,3.575,73.625,0.0
2010-04-18T12:00:00Z,3.525,73.375,0.0
2010-04-18T12:00:00Z,3.525,73.425,0.0
2010-04-18T12:00:00Z,3.525,73.475,0.0
2010-04-18T12:00:00Z,3.525,73.525,0.0
2010-04-18T12:00:00Z,3.525,73.575,0.0
2010-04-18T12:00:00Z,3.525,73.625,0.0
2010-04-18T12:00:00Z,3.475,73.375,0.0
2010-04-18T12:00:00Z,3.475,73.425,0.0
2010-04-18T12:00:00Z,3.475,73.475,0.0
2010-04-18T12:00:00Z,3.475,73.525,0.0
2010-04-18T12:00:00Z,3.475,73.575,0.0
2010-04-18T12:00:00Z,3.475,73.625,0.0
2010-04-18T12:00:00Z,3.425,73.375,0.0
2010-04-18T12:00:00Z,3.425,73.425,0.0
2010-04-18T12:00:00Z,3.425,73.475,0.0
2010-04-18T12:00:00Z,3.425,73.525,0.0
2010-04-18T12:00:00Z,3.425,73.575,0.0
2010-04-18T12:00:00Z,3.425,73.625,0.0
2010-04-18T12:00:00Z,3.375,73.375,0.0
2010-04-18T12:00:00Z,3.375,73.425,0.0
2010-04-18T12:00:00Z,3.375,73.475,0.14
2010-04-18T12:00:00Z,3.375,73.525,0.14
2010-04-18T12:00:00Z,3.375,73.575,0.14
2010-04-18T12:00:00Z,3.375,73.625,0.14
2010-04-18T12:00:00Z,3.325,73.375,0.0
2010-04-18T12:00:00Z,3.325,73.425,0.0
2010-04-18T12:00:00Z,3.325,73.475,0.14
2010-04-18T12:00:00Z,3.325,73.525,0.14
2010-04-18T12:00:00Z,3.325,73.575,0.14
2010-04-18T12:00:00Z,3.325,73.625,0.15
2010-05-18T12:00:00Z,3.675,73.375,0.3
2010-05-18T12:00:00Z,3.675,73.425,0.29
2010-05-18T12:00:00Z,3.675,73.475,0.29
2010-05-18T12:00:00Z,3.675,73.525,0.29
2010-05-18T12:00:00Z,3.675,73.575,0.29
2010-05-18T12:00:00Z,3.675,73.625,0.3
2010-05-18T12:00:00Z,3.625,73.375,0.15
2010-05-18T12:00:00Z,3.625,73.425,0.15
2010-05-18T12:00:00Z,3.625,73.475,0.15
2010-05-18T12:00:00Z,3.625,73.525,0.15
2010-05-18T12:00:00Z,3.625,73.575,0.14
2010-05-18T12:00:00Z,3.625,73.625,0.29
2010-05-18T12:00:00Z,3.575,73.375,0.14
2010-05-18T12:00:00Z,3.575,73.425,0.14
2010-05-18T12:00:00Z,3.575,73.475,0.14
2010-05-18T12:00:00Z,3.575,73.525,0.14
2010-05-18T12:00:00Z,3.575,73.575,0.14
2010-05-18T12:00:00Z,3.575,73.625,0.15
2010-05-18T12:00:00Z,3.525,73.375,0.0
2010-05-18T12:00:00Z,3.525,73.425,0.0
2010-05-18T12:00:00Z,3.525,73.475,0.14
2010-05-18T12:00:00Z,3.525,73.525,0.14
2010-05-18T12:00:00Z,3.525,73.575,0.15
2010-05-18T12:00:00Z,3.525,73.625,0.15
2010-05-18T12:00:00Z,3.475,73.375,0.0
2010-05-18T12:00:00Z,3.475,73.425,0.0
2010-05-18T12:00:00Z,3.475,73.475,0.14
2010-05-18T12:00:00Z,3.475,73.525,0.15
2010-05-18T12:00:00Z,3.475,73.575,0.15
2010-05-18T12:00:00Z,3.475,73.625,0.15
2010-05-18T12:00:00Z,3.425,73.375,0.0
2010-05-18T12:00:00Z,3.425,73.425,0.0
2010-05-18T12:00:00Z,3.425,73.475,0.0
2010-05-18T12:00:00Z,3.425,73.525,0.14
2010-05-18T12:00:00Z,3.425,73.575,0.15
2010-05-18T12:00:00Z,3.425,73.625,0.15
2010-05-18T12:00:00Z,3.375,73.375,0.0
2010-05-18T12:00:00Z,3.375,73.425,0.14
2010-05-18T12:00:00Z,3.375,73.475,0.29
2010-05-18T12:00:00Z,3.375,73.525,0.29
2010-05-18T12:00:00Z,3.375,73.575,0.29
2010-05-18T12:00:00Z,3.375,73.625,0.29
2010-05-18T12:00:00Z,3.325,73.375,0.14
2010-05-18T12:00:00Z,3.325,73.425,0.0
2010-05-18T12:00:00Z,3.325,73.475,0.14
2010-05-18T12:00:00Z,3.325,73.525,0.14
2010-05-18T12:00:00Z,3.325,73.575,0.14
2010-05-18T12:00:00Z,3.325,73.625,0.15
2010-06-17T12:00:00Z,3.675,73.375,0.3
2010-06-17T12:00:00Z,3.675,73.425,0.29
2010-06-17T12:00:00Z,3.675,73.475,0.29
2010-06-17T12:00:00Z,3.675,73.525,0.29
2010-06-17T12:00:00Z,3.675,73.575,0.29
2010-06-17T12:00:00Z,3.675,73.625,0.3
2010-06-17T12:00:00Z,3.625,73.375,0.15
2010-06-17T12:00:00Z,3.625,73.425,0.15
2010-06-17T12:00:00Z,3.625,73.475,0.15
2010-06-17T12:00:00Z,3.625,73.525,0.15
2010-06-17T12:00:00Z,3.625,73.575,0.14
2010-06-17T12:00:00Z,3.625,73.625,0.29
2010-06-17T12:00:00Z,3.575,73.375,0.14
2010-06-17T12:00:00Z,3.575,73.425,0.14
2010-06-17T12:00:00Z,3.575,73.475,0.14
2010-06-17T12:00:00Z,3.575,73.525,0.14
2010-06-17T12:00:00Z,3.575,73.575,0.14
2010-06-17T12:00:00Z,3.575,73.625,0.15
2010-06-17T12:00:00Z,3.525,73.375,0.0
2010-06-17T12:00:00Z,3.525,73.425,0.0
2010-06-17T12:00:00Z,3.525,73.475,0.14
2010-06-17T12:00:00Z,3.525,73.525,0.14
2010-06-17T12:00:00Z,3.525,73.575,0.15
2010-06-17T12:00:00Z,3.525,73.625,0.15
2010-06-17T12:00:00Z,3.475,73.375,0.0
2010-06-17T12:00:00Z,3.475,73.425,0.0
2010-06-17T12:00:00Z,3.475,73.475,0.14
2010-06-17T12:00:00Z,3.475,73.525,0.15
2010-06-17T12:00:00Z,3.475,73.575,0.15
2010-06-17T12:00:00Z,3.475,73.625,0.15
2010-06-17T12:00:00Z,3.425,73.375,0.0
2010-06-17T12:00:00Z,3.425,73.425,0.0
2010-06-17T12:00:00Z,3.425,73.475,0.0
2010-06-17T12:00:00Z,3.425,73.525,0.14
2010-06-17T12:00:00Z,3.425,73.575,0.15
2010-06-17T12:00:00Z,3.425,73.625,0.15
2010-06-17T12:00:00Z,3.375,73.375,0.0
2010-06-17T12:00:00Z,3.375,73.425,0.14
2010-06-17T12:00:00Z,3.375,73.475,0.29
2010-06-17T12:00:00Z,3.375,73.525,0.29
2010-06-17T12:00:00Z,3.375,73.575,0.29
2010-06-17T12:00:00Z,3.375,73.625,0.29
2010-06-17T12:00:00Z,3.325,73.375,0.14
2010-06-17T12:00:00Z,3.325,73.425,0.0
2010-06-17T12:00:00Z,3.325,73.475,0.14
2010-06-17T12:00:00Z,3.325,73.525,0.14
2010-06-17T12:00:00Z,3.325,73.575,0.14
2010-06-17T12:00:00Z,3.325,73.625,0.15
2010-07-17T12:00:00Z,3.675,73.375,0.15
2010-07-17T12:00:00Z,3.675,73.425,0.15
2010-07-17T12:00:00Z,3.675,73.475,0.15
2010-07-17T12:00:00Z,3.675,73.525,0.15
2010-07-17T12:00:00Z,3.675,73.575,0.14
2010-07-17T12:00:00Z,3.675,73.625,0.14
2010-07-17T12:00:00Z,3.625,73.375,0.15
2010-07-17T12:00:00Z,3.625,73.425,0.15
2010-07-17T12:00:00Z,3.625,73.475,0.15
2010-07-17T12:00:00Z,3.625,73.525,0.15
2010-07-17T12:00:00Z,3.625,73.575,0.14
2010-07-17T12:00:00Z,3.625,73.625,0.15
2010-07-17T12:00:00Z,3.575,73.375,0.14
2010-07-17T12:00:00Z,3.575,73.425,0.14
2010-07-17T12:00:00Z,3.575,73.475,0.14
2010-07-17T12:00:00Z,3.575,73.525,0.14
2010-07-17T12:00:00Z,3.575,73.575,0.14
2010-07-17T12:00:00Z,3.575,73.625,0.15
2010-07-17T12:00:00Z,3.525,73.375,0.0
2010-07-17T12:00:00Z,3.525,73.425,0.0
2010-07-17T12:00:00Z,3.525,73.475,0.14
2010-07-17T12:00:00Z,3.525,73.525,0.14
2010-07-17T12:00:00Z,3.525,73.575,0.15
2010-07-17T12:00:00Z,3.525,73.625,0.15
2010-07-17T12:00:00Z,3.475,73.375,0.0
2010-07-17T12:00:00Z,3.475,73.425,0.0
2010-07-17T12:00:00Z,3.475,73.475,0.14
2010-07-17T12:00:00Z,3.475,73.525,0.15
2010-07-17T12:00:00Z,3.475,73.575,0.15
2010-07-17T12:00:00Z,3.475,73.625,0.15
2010-07-17T12:00:00Z,3.425,73.375,0.0
2010-07-17T12:00:00Z,3.425,73.425,0.0
2010-07-17T12:00:00Z,3.425,73.475,0.0
2010-07-17T12:00:00Z,3.425,73.525,0.14
2010-07-17T12:00:00Z,3.425,73.575,0.15
2010-07-17T12:00:00Z,3.425,73.625,0.15
2010-07-17T12:00:00Z,3.375,73.375,0.0
2010-07-17T12:00:00Z,3.375,73.425,0.14
2010-07-17T12:00:00Z,3.375,73.475,0.14
2010-07-17T12:00:00Z,3.375,73.525,0.14
2010-07-17T12:00:00Z,3.375,73.575,0.15
2010-07-17T12:00:00Z,3.375,73.625,0.14
2010-07-17T12:00:00Z,3.325,73.375,0.14
2010-07-17T12:00:00Z,3.325,73.425,0.0
2010-07-17T12:00:00Z,3.325,73.475,0.0
2010-07-17T12:00:00Z,3.325,73.525,0.0
2010-07-17T12:00:00Z,3.325,73.575,0.0
2010-07-17T12:00:00Z,3.325,73.625,0.0
2010-08-16T12:00:00Z,3.675,73.375,0.0
2010-08-16T12:00:00Z,3.675,73.425,0.0
2010-08-16T12:00:00Z,3.675,73.475,0.0
2010-08-16T12:00:00Z,3.675,73.525,0.0
2010-08-16T12:00:00Z,3.675,73.575,0.0
2010-08-16T12:00:00Z,3.675,73.625,0.0
2010-08-16T12:00:00Z,3.625,73.375,0.0
2010-08-16T12:00:00Z,3.625,73.425,0.0
2010-08-16T12:00:00Z,3.625,73.475,0.0
2010-08-16T12:00:00Z,3.625,73.525,0.0
2010-08-16T12:00:00Z,3.625,73.575,0.0
2010-08-16T12:00:00Z,3.625,73.625,0.0
2010-08-16T12:00:00Z,3.575,73.375,0.0
2010-08-16T12:00:00Z,3.575,73.425,0.0
2010-08-16T12:00:00Z,3.575,73.475,0.0
2010-08-16T12:00:00Z,3.575,73.525,0.0
2010-08-16T12:00:00Z,3.575,73.575,0.0
2010-08-16T12:00:00Z,3.575,73.625,0.0
2010-08-16T12:00:00Z,3.525,73.375,0.0
2010-08-16T12:00:00Z,3.525,73.425,0.0
2010-08-16T12:00:00Z,3.525,73.475,0.0
2010-08-16T12:00:00Z,3.525,73.525,0.0
2010-08-16T12:00:00Z,3.525,73.575,0.0
2010-08-16T12:00:00Z,3.525,73.625,0.0
2010-08-16T12:00:00Z,3.475,73.375,0.0
2010-08-16T12:00:00Z,3.475,73.425,0.0
2010-08-16T12:00:00Z,3.475,73.475,0.0
2010-08-16T12:00:00Z,3.475,73.525,0.0
2010-08-16T12:00:00Z,3.475,73.575,0.0
2010-08-16T12:00:00Z,3.475,73.625,0.0
2010-08-16T12:00:00Z,3.425,73.375,0.0
2010-08-16T12:00:00Z,3.425,73.425,0.0
2010-08-16T12:00:00Z,3.425,73.475,0.0
2010-08-16T12:00:00Z,3.425,73.525,0.0
2010-08-16T12:00:00Z,3.425,73.575,0.0
2010-08-16T12:00:00Z,3.425,73.625,0.0
2010-08-16T12:00:00Z,3.375,73.375,0.0
2010-08-16T12:00:00Z,3.375,73.425,0.0
2010-08-16T12:00:00Z,3.375,73.475,0.0
2010-08-16T12:00:00Z,3.375,73.525,0.0
2010-08-16T12:00:00Z,3.375,73.575,0.0
2010-08-16T12:00:00Z,3.375,73.625,0.0
2010-08-16T12:00:00Z,3.325,73.375,0.0
2010-08-16T12:00:00Z,3.325,73.425,0.0
2010-08-16T12:00:00Z,3.325,73.475,0.0
2010-08-16T12:00:00Z,3.325,73.525,0.0
2010-08-16T12:00:00Z,3.325,73.575,0.0
2010-08-16T12:00:00Z,3.325,73.625,0.0
2010-09-15T12:00:00Z,3.675,73.375,0.0
2010-09-15T12:00:00Z,3.675,73.425,0.0
2010-09-15T12:00:00Z,3.675,73.475,0.0
2010-09-15T12:00:00Z,3.675,73.525,0.0
2010-09-15T12:00:00Z,3.675,73.575,0.0
2010-09-15T12:00:00Z,3.675,73.625,0.0
2010-09-15T12:00:00Z,3.625,73.375,0.0
2010-09-15T12:00:00Z,3.625,73.425,0.0
2010-09-15T12:00:00Z,3.625,73.475,0.0
2010-09-15T12:00:00Z,3.625,73.525,0.0
2010-09-15T12:00:00Z,3.625,73.575,0.0
2010-09-15T12:00:00Z,3.625,73.625,0.0
2010-09-15T12:00:00Z,3.575,73.375,0.0
2010-09-15T12:00:00Z,3.575,73.425,0.0
2010-09-15T12:00:00Z,3.575,73.475,0.0
2010-09-15T12:00:00Z,3.575,73.525,0.0
2010-09-15T12:00:00Z,3.575,73.575,0.0
2010-09-15T12:00:00Z,3.575,73.625,0.0
2010-09-15T12:00:00Z,3.525,73.375,0.0
2010-09-15T12:00:00Z,3.525,73.425,0.0
2010-09-15T12:00:00Z,3.525,73.475,0.0
2010-09-15T12:00:00Z,3.525,73.525,0.0
2010-09-15T12:00:00Z,3.525,73.575,0.0
2010-09-15T12:00:00Z,3.525,73.625,0.0
2010-09-15T12:00:00Z,3.475,73.375,0.0
2010-09-15T12:00:00Z,3.475,73.425,0.0
2010-09-15T12:00:00Z,3.475,73.475,0.0
2010-09-15T12:00:00Z,3.475,73.525,0.0
2010-09-15T12:00:00Z,3.475,73.575,0.0
2010-09-15T12:00:00Z,3.475,73.625,0.0
2010-09-15T12:00:00Z,3.425,73.375,0.0
2010-09-15T12:00:00Z,3.425,73.425,0.0
2010-09-15T12:00:00Z,3.425,73.475,0.0
2010-09-15T12:00:00Z,3.425,73.525,0.0
2010-09-15T12:00:00Z,3.425,73.575,0.0
2010-09-15T12:00:00Z,3.425,73.625,0.0
2010-09-15T12:00:00Z,3.375,73.375,0.0
2010-09-15T12:00:00Z,3.375,73.425,0.0
2010-09-15T12:00:00Z,3.375,73.475,0.0
2010-09-15T12:00:00Z,3.375,73.525,0.0
2010-09-15T12:00:00Z,3.375,73.575,0.0
2010-09-15T12:00:00Z,3.375,73.625,0.0
2010-09-15T12:00:00Z,3.325,73.375,0.0
2010-09-15T12:00:00Z,3.325,73.425,0.0
2010-09-15T12:00:00Z,3.325,73.475,0.0
2010-09-15T12:00:00Z,3.325,73.525,0.0
2010-09-15T12:00:00Z,3.325,73.575,0.0
2010-09-15T12:00:00Z,3.325,73.625,0.0
2010-10-15T12:00:00Z,3.675,73.375,0.0
2010-10-15T12:00:00Z,3.675,73.425,0.0
2010-10-15T12:00:00Z,3.675,73.475,0.0
2010-10-15T12:00:00Z,3.675,73.525,0.0
2010-10-15T12:00:00Z,3.675,73.575,0.0
2010-10-15T12:00:00Z,3.675,73.625,0.0
2010-10-15T12:00:00Z,3.625,73.375,0.0
2010-10-15T12:00:00Z,3.625,73.425,0.0
2010-10-15T12:00:00Z,3.625,73.475,0.0
2010-10-15T12:00:00Z,3.625,73.525,0.0
2010-10-15T12:00:00Z,3.625,73.575,0.0
2010-10-15T12:00:00Z,3.625,73.625,0.0
2010-10-15T12:00:00Z,3.575,73.375,0.0
2010-10-15T12:00:00Z,3.575,73.425,0.0
2010-10-15T12:00:00Z,3.575,73.475,0.0
2010-10-15T12:00:00Z,3.575,73.525,0.0
2010-10-15T12:00:00Z,3.575,73.575,0.0
2010-10-15T12:00:00Z,3.575,73.625,0.0
2010-10-15T12:00:00Z,3.525,73.375,0.0
2010-10-15T12:00:00Z,3.525,73.425,0.0
2010-10-15T12:00:00Z,3.525,73.475,0.0
2010-10-15T12:00:00Z,3.525,73.525,0.0
2010-10-15T12:00:00Z,3.525,73.575,0.0
2010-10-15T12:00:00Z,3.525,73.625,0.0
2010-10-15T12:00:00Z,3.475,73.375,0.0
2010-10-15T12:00:00Z,3.475,73.425,0.0
2010-10-15T12:00:00Z,3.475,73.475,0.0
2010-10-15T12:00:00Z,3.475,73.525,0.0
2010-10-15T12:00:00Z,3.475,73.575,0.0
2010-10-15T12:00:00Z,3.475,73.625,0.0
2010-10-15T12:00:00Z,3.425,73.375,0.0
2010-10-15T12:00:00Z,3.425,73.425,0.0
2010-10-15T12:00:00Z,3.425,73.475,0.0
2010-10-15T12:00:00Z,3.425,73.525,0.0
2010-10-15T12:00:00Z,3.425,73.575,0.0
2010-10-15T12:00:00Z,3.425,73.625,0.0
2010-10-15T12:00:00Z,3.375,73.375,0.0
2010-10-15T12:00:00Z,3.375,73.425,0.0
2010-10-15T12:00:00Z,3.375,73.475,0.0
2010-10-15T12:00:00Z,3.375,73.525,0.0
2010-10-15T12:00:00Z,3.375,73.575,0.0
2010-10-15T12:00:00Z,3.375,73.625,0.0
2010-10-15T12:00:00Z,3.325,73.375,0.0
2010-10-15T12:00:00Z,3.325,73.425,0.0
2010-10-15T12:00:00Z,3.325,73.475,0.0
2010-10-15T12:00:00Z,3.325,73.525,0.0
2010-10-15T12:00:00Z,3.325,73.575,0.0
2010-10-15T12:00:00Z,3.325,73.625,0.0
2010-11-14T12:00:00Z,3.675,73.375,0.0
2010-11-14T12:00:00Z,3.675,73.425,0.0
2010-11-14T12:00:00Z,3.675,73.475,0.0
2010-11-14T12:00:00Z,3.675,73.525,0.0
2010-11-14T12:00:00Z,3.675,73.575,0.0
2010-11-14T12:00:00Z,3.675,73.625,0.0
2010-11-14T12:00:00Z,3.625,73.375,0.0
2010-11-14T12:00:00Z,3.625,73.425,0.0
2010-11-14T12:00:00Z,3.625,73.475,0.0
2010-11-14T12:00:00Z,3.625,73.525,0.0
2010-11-14T12:00:00Z,3.625,73.575,0.0
2010-11-14T12:00:00Z,3.625,73.625,0.0
2010-11-14T12:00:00Z,3.575,73.375,0.0
2010-11-14T12:00:00Z,3.575,73.425,0.0
2010-11-14T12:00:00Z,3.575,73.475,0.0
2010-11-14T12:00:00Z,3.575,73.525,0.0
2010-11-14T12:00:00Z,3.575,73.575,0.0
2010-11-14T12:00:00Z,3.575,73.625,0.0
2010-11-14T12:00:00Z,3.525,73.375,0.0
2010-11-14T12:00:00Z,3.525,73.425,0.0
2010-11-14T12:00:00Z,3.525,73.475,0.0
2010-11-14T12:00:00Z,3.525,73.525,0.0
2010-11-14T12:00:00Z,3.525,73.575,0.0
2010-11-14T12:00:00Z,3.525,73.625,0.0
2010-11-14T12:00:00Z,3.475,73.375,0.0
2010-11-14T12:00:00Z,3.475,73.425,0.0
2010-11-14T12:00:00Z,3.475,73.475,0.0
2010-11-14T12:00:00Z,3.475,73.525,0.0
2010-11-14T12:00:00Z,3.475,73.575,0.0
2010-11-14T12:00:00Z,3.475,73.625,0.0
2010-11-14T12:00:00Z,3.425,73.375,0.0
2010-11-14T12:00:00Z,3.425,73.425,0.0
2010-11-14T12:00:00Z,3.425,73.475,0.0
2010-11-14T12:00:00Z,3.425,73.525,0.0
2010-11-14T12:00:00Z,3.425,73.575,0.0
2010-11-14T12:00:00Z,3.425,73.625,0.0
2010-11-14T12:00:00Z,3.375,73.375,0.0
2010-11-14T12:00:00Z,3.375,73.425,0.0
2010-11-14T12:00:00Z,3.375,73.475,0.0
2010-11-14T12:00:00Z,3.375,73.525,0.0
2010-11-14T12:00:00Z,3.375,73.575,0.0
2010-11-14T12:00:00Z,3.375,73.625,0.0
2010-11-14T12:00:00Z,3.325,73.375,0.0
2010-11-14T12:00:00Z,3.325,73.425,0.0
2010-11-14T12:00:00Z,3.325,73.475,0.0
2010-11-14T12:00:00Z,3.325,73.525,0.0
2010-11-14T12:00:00Z,3.325,73.575,0.0
2010-11-14T12:00:00Z,3.325,73.625,0.0
2010-12-14T12:00:00Z,3.675,73.375,0.0
2010-12-14T12:00:00Z,3.675,73.425,0.0
2010-12-14T12:00:00Z,3.675,73.475,0.0
2010-12-14T12:00:00Z,3.675,73.525,0.0
2010-12-14T12:00:00Z,3.675,73.575,0.0
2010-12-14T12:00:00Z,3.675,73.625,0.0
2010-12-14T12:00:00Z,3.625,73.375,0.0
2010-12-14T12:00:00Z,3.625,73.425,0.0
2010-12-14T12:00:00Z,3.625,73.475,0.0
2010-12-14T12:00:00Z,3.625,73.525,0.0
2010-12-14T12:00:00Z,3.625,73.575,0.0
2010-12-14T12:00:00Z,3.625,73.625,0.0
2010-12-14T12:00:00Z,3.575,73.375,0.0
2010-12-14T12:00:00Z,3.575,73.425,0.0
2010-12-14T12:00:00Z,3.575,73.475,0.0
2010-12-14T12:00:00Z,3.575,73.525,0.0
2010-12-14T12:00:00Z,3.575,73.575,0.0
2010-12-14T12:00:00Z,3.575,73.625,0.0
2010-12-14T12:00:00Z,3.525,73.375,0.0
2010-12-14T12:00:00Z,3.525,73.425,0.0
2010-12-14T12:00:00Z,3.525,73.475,0.0
2010-12-14T12:00:00Z,3.525,73.525,0.0
2010-12-14T12:00:00Z,3.525,73.575,0.0
2010-12-14T12:00:00Z,3.525,73.625,0.0
2010-12-14T12:00:00Z,3.475,73.375,0.0
2010-12-14T12:00:00Z,3.475,73.425,0.0
2010-12-14T12:00:00Z,3.475,73.475,0.0
2010-12-14T12:00:00Z,3.475,73.525,0.0
2010-12-14T12:00:00Z,3.475,73.575,0.0
2010-12-14T12:00:00Z,3.475,73.625,0.0
2010-12-14T12:00:00Z,3.425,73.375,0.0
2010-12-14T12:00:00Z,3.425,73.425,0.0
2010-12-14T12:00:00Z,3.425,73.475,0.0
2010-12-14T12:00:00Z,3.425,73.525,0.0
2010-12-14T12:00:00Z,3.425,73.575,0.0
2010-12-14T12:00:00Z,3.425,73.625,0.0
2010-12-14T12:00:00Z,3.375,73.375,0.0
2010-12-14T12:00:00Z,3.375,73.425,0.0
2010-12-14T12:00:00Z,3.375,73.475,0.0
2010-12-14T12:00:00Z,3.375,73.525,0.0
2010-12-14T12:00:00Z,3.375,73.575,0.0
2010-12-14T12:00:00Z,3.375,73.625,0.0
2010-12-14T12:00:00Z,3.325,73.375,0.0
2010-12-14T12:00:00Z,3.325,73.425,0.0
2010-12-14T12:00:00Z,3.325,73.475,0.0
2010-12-14T12:00:00Z,3.325,73.525,0.0
2010-12-14T12:00:00Z,3.325,73.575,0.0
2010-12-14T12:00:00Z,3.325,73.625,0.0
2011-01-13T12:00:00Z,3.675,73.375,0.0
2011-01-13T12:00:00Z,3.675,73.425,0.0
2011-01-13T12:00:00Z,3.675,73.475,0.0
2011-01-13T12:00:00Z,3.675,73.525,0.0
2011-01-13T12:00:00Z,3.675,73.575,0.0
2011-01-13T12:00:00Z,3.675,73.625,0.0
2011-01-13T12:00:00Z,3.625,73.375,0.0
2011-01-13T12:00:00Z,3.625,73.425,0.0
2011-01-13T12:00:00Z,3.625,73.475,0.0
2011-01-13T12:00:00Z,3.625,73.525,0.0
2011-01-13T12:00:00Z,3.625,73.575,0.0
2011-01-13T12:00:00Z,3.625,73.625,0.0
2011-01-13T12:00:00Z,3.575,73.375,0.0
2011-01-13T12:00:00Z,3.575,73.425,0.0
2011-01-13T12:00:00Z,3.575,73.475,0.0
2011-01-13T12:00:00Z,3.575,73.525,0.0
2011-01-13T12:00:00Z,3.575,73.575,0.0
2011-01-13T12:00:00Z,3.575,73.625,0.0
2011-01-13T12:00:00Z,3.525,73.375,0.0
2011-01-13T12:00:00Z,3.525,73.425,0.0
2011-01-13T12:00:00Z,3.525,73.475,0.0
2011-01-13T12:00:00Z,3.525,73.525,0.0
2011-01-13T12:00:00Z,3.525,73.575,0.0
2011-01-13T12:00:00Z,3.525,73.625,0.0
2011-01-13T12:00:00Z,3.475,73.375,0.0
2011-01-13T12:00:00Z,3.475,73.425,0.0
2011-01-13T12:00:00Z,3.475,73.475,0.0
2011-01-13T12:00:00Z,3.475,73.525,0.0
2011-01-13T12:00:00Z,3.475,73.575,0.0
2011-01-13T12:00:00Z,3.475,73.625,0.0
2011-01-13T12:00:00Z,3.425,73.375,0.0
2011-01-13T12:00:00Z,3.425,73.425,0.0
2011-01-13T12:00:00Z,3.425,73.475,0.0
2011-01-13T12:00:00Z,3.425,73.525,0.0
2011-01-13T12:00:00Z,3.425,73.575,0.0
2011-01-13T12:00:00Z,3.425,73.625,0.0
2011-01-13T12:00:00Z,3.375,73.375,0.0
2011-01-13T12:00:00Z,3.375,73.425,0.0
2011-01-13T12:00:00Z,3.375,73.475,0.0
2011-01-13T12:00:00Z,3.375,73.525,0.0
2011-01-13T12:00:00Z,3.375,73.575,0.0
2011-01-13T12:00:00Z,3.375,73.625,0.0
2011-01-13T12:00:00Z,3.325,73.375,0.0
2011-01-13T12:00:00Z,3.325,73.425,0.0
2011-01-13T12:00:00Z,3.325,73.475,0.0
2011-01-13T12:00:00Z,3.325,73.525,0.0
2011-01-13T12:00:00Z,3.325,73.575,0.0
2011-01-13T12:00:00Z,3.325,73.625,0.0
2011-02-12T12:00:00Z,3.675,73.375,0.0
2011-02-12T12:00:00Z,3.675,73.425,0.0
2011-02-12T12:00:00Z,3.675,73.475,0.0
2011-02-12T12:00:00Z,3.675,73.525,0.0
2011-02-12T12:00:00Z,3.675,73.575,0.0
2011-02-12T12:00:00Z,3.675,73.625,0.0
2011-02-12T12:00:00Z,3.625,73.375,0.0
2011-02-12T12:00:00Z,3.625,73.425,0.0
2011-02-12T12:00:00Z,3.625,73.475,0.0
2011-02-12T12:00:00Z,3.625,73.525,0.0
2011-02-12T12:00:00Z,3.625,73.575,0.0
2011-02-12T12:00:00Z,3.625,73.625,0.0
2011-02-12T12:00:00Z,3.575,73.375,0.0
2011-02-12T12:00:00Z,3.575,73.425,0.0
2011-02-12T12:00:00Z,3.575,73.475,0.0
2011-02-12T12:00:00Z,3.575,73.525,0.0
2011-02-12T12:00:00Z,3.575,73.575,0.0
2011-02-12T12:00:00Z,3.575,73.625,0.0
2011-02-12T12:00:00Z,3.525,73.375,0.0
2011-02-12T12:00:00Z,3.525,73.425,0.0
2011-02-12T12:00:00Z,3.525,73.475,0.0
2011-02-12T12:00:00Z,3.525,73.525,0.0
2011-02-12T12:00:00Z,3.525,73.575,0.0
2011-02-12T12:00:00Z,3.525,73.625,0.0
2011-02-12T12:00:00Z,3.475,73.375,0.0
2011-02-12T12:00:00Z,3.475,73.425,0.0
2011-02-12T12:00:00Z,3.475,73.475,0.0
2011-02-12T12:00:00Z,3.475,73.525,0.0
2011-02-12T12:00:00Z,3.475,73.575,0.0
2011-02-12T12:00:00Z,3.475,73.625,0.0
2011-02-12T12:00:00Z,3.425,73.375,0.0
2011-02-12T12:00:00Z,3.425,73.425,0.0
2011-02-12T12:00:00Z,3.425,73.475,0.0
2011-02-12T12:00:00Z,3.425,73.525,0.0
2011-02-12T12:00:00Z,3.425,73.575,0.0
2011-02-12T12:00:00Z,3.425,73.625,0.0
2011-02-12T12:00:00Z,3.375,73.375,0.0
2011-02-12T12:00:00Z,3.375,73.425,0.0
2011-02-12T12:00:00Z,3.375,73.475,0.0
2011-02-12T12:00:00Z,3.375,73.525,0.0
2011-02-12T12:00:00Z,3.375,73.575,0.0
2011-02-12T12:00:00Z,3.375,73.625,0.0
2011-02-12T12:00:00Z,3.325,73.375,0.0
2011-02-12T12:00:00Z,3.325,73.425,0.0
2011-02-12T12:00:00Z,3.325,73.475,0.0
2011-02-12T12:00:00Z,3.325,73.525,0.0
2011-02-12T12:00:00Z,3.325,73.575,0.0
2011-02-12T12:00:00Z,3.325,73.625,0.0
2011-03-14T12:00:00Z,3.675,73.375,0.0
2011-03-14T12:00:00Z,3.675,73.425,0.0
2011-03-14T12:00:00Z,3.675,73.475,0.0
2011-03-14T12:00:00Z,3.675,73.525,0.0
2011-03-14T12:00:00Z,3.675,73.575,0.0
2011-03-14T12:00:00Z,3.675,73.625,0.0
2011-03-14T12:00:00Z,3.625,73.375,0.0
2011-03-14T12:00:00Z,3.625,73.425,0.0
2011-03-14T12:00:00Z,3.625,73.475,0.0
2011-03-14T12:00:00Z,3.625,73.525,0.0
2011-03-14T12:00:00Z,3.625,73.575,0.0
2011-03-14T12:00:00Z,3.625,73.625,0.0
2011-03-14T12:00:00Z,3.575,73.375,0.0
2011-03-14T12:00:00Z,3.575,73.425,0.0
2011-03-14T12:00:00Z,3.575,73.475,0.0
2011-03-14T12:00:00Z,3.575,73.525,0.0
2011-03-14T12:00:00Z,3.575,73.575,0.0
2011-03-14T12:00:00Z,3.575,73.625,0.0
2011-03-14T12:00:00Z,3.525,73.375,0.0
2011-03-14T12:00:00Z,3.525,73.425,0.0
2011-03-14T12:00:00Z,3.525,73.475,0.0
2011-03-14T12:00:00Z,3.525,73.525,0.0
2011-03-14T12:00:00Z,3.525,73.575,0.0
2011-03-14T12:00:00Z,3.525,73.625,0.0
2011-03-14T12:00:00Z,3.475,73.375,0.0
2011-03-14T12:00:00Z,3.475,73.425,0.0
2011-03-14T12:00:00Z,3.475,73.475,0.0
2011-03-14T12:00:00Z,3.475,73.525,0.0
2011-03-14T12:00:00Z,3.475,73.575,0.0
2011-03-14T12:00:00Z,3.475,73.625,0.0
2011-03-14T12:00:00Z,3.425,73.375,0.0
2011-03-14T12:00:00Z,3.425,73.425,0.0
2011-03-14T12:00:00Z,3.425,73.475,0.0
2011-03-14T12:00:00Z,3.425,73.525,0.0
2011-03-14T12:00:00Z,3.425,73.575,0.0
2011-03-14T12:00:00Z,3.425,73.625,0.0
2011-03-14T12:00:00Z,3.375,73.375,0.0
2011-03-14T12:00:00Z,3.375,73.425,0.0
2011-03-14T12:00:00Z,3.375,73.475,0.0
2011-03-14T12:00:00Z,3.375,73.525,0.0
2011-03-14T12:00:00Z,3.375,73.575,0.0
2011-03-14T12:00:00Z,3.375,73.625,0.0
2011-03-14T12:00:00Z,3.325,73.375,0.0
2011-03-14T12:00:00Z,3.325,73.425,0.0
2011-03-14T12:00:00Z,3.325,73.475,0.0
2011-03-14T12:00:00Z,3.325,73.525,0.0
2011-03-14T12:00:00Z,3.325,73.575,0.0
2011-03-14T12:00:00Z,3.325,73.625,0.0
2011-04-13T12:00:00Z,3.675,73.375,0.0
2011-04-13T12:00:00Z,3.675,73.425,0.0
2011-04-13T12:00:00Z,3.675,73.475,0.0
2011-04-13T12:00:00Z,3.675,73.525,0.0
2011-04-13T12:00:00Z,3.675,73.575,0.0
2011-04-13T12:00:00Z,3.675,73.625,0.0
2011-04-13T12:00:00Z,3.625,73.375,0.0
2011-04-13T12:00:00Z,3.625,73.425,0.0
2011-04-13T12:00:00Z,3.625,73.475,0.0
2011-04-13T12:00:00Z,3.625,73.525,0.0
2011-04-13T12:00:00Z,3.625,73.575,0.0
2011-04-13T12:00:00Z,3.625,73.625,0.0
2011-04-13T12:00:00Z,3.575,73.375,0.0
2011-04-13T12:00:00Z,3.575,73.425,0.0
2011-04-13T12:00:00Z,3.575,73.475,0.0
2011-04-13T12:00:00Z,3.575,73.525,0.0
2011-04-13T12:00:00Z,3.575,73.575,0.0
2011-04-13T12:00:00Z,3.575,73.625,0.0
2011-04-13T12:00:00Z,3.525,73.375,0.0
2011-04-13T12:00:00Z,3.525,73.425,0.0
2011-04-13T12:00:00Z,3.525,73.475,0.0
2011-04-13T12:00:00Z,3.525,73.525,0.0
2011-04-13T12:00:00Z,3.525,73.575,0.0
2011-04-13T12:00:00Z,3.525,73.625,0.0
2011-04-13T12:00:00Z,3.475,73.375,0.0
2011-04-13T12:00:00Z,3.475,73.425,0.0
2011-04-13T12:00:00Z,3.475,73.475,0.0
2011-04-13T12:00:00Z,3.475,73.525,0.0
2011-04-13T12:00:00Z,3.475,73.575,0.0
2011-04-13T12:00:00Z,3.475,73.625,0.0
2011-04-13T12:00:00Z,3.425,73.375,0.0
2011-04-13T12:00:00Z,3.425,73.425,0.0
2011-04-13T12:00:00Z,3.425,73.475,0.0
2011-04-13T12:00:00Z,3.425,73.525,0.0
2011-04-13T12:00:00Z,3.425,73.575,0.0
2011-04-13T12:00:00Z,3.425,73.625,0.0
2011-04-13T12:00:00Z,3.375,73.375,0.0
2011-04-13T12:00:00Z,3.375,73.425,0.0
2011-04-13T12:00:00Z,3.375,73.475,0.0
2011-04-13T12:00:00Z,3.375,73.525,0.0
2011-04-13T12:00:00Z,3.375,73.575,0.0
2011-04-13T12:00:00Z,3.375,73.625,0.0
2011-04-13T12:00:00Z,3.325,73.375,0.0
2011-04-13T12:00:00Z,3.325,73.425,0.0
2011-04-13T12:00:00Z,3.325,73.475,0.0
2011-04-13T12:00:00Z,3.325,73.525,0.0
2011-04-13T12:00:00Z,3.325,73.575,0.0
2011-04-13T12:00:00Z,3.325,73.625,0.0
2011-05-13T12:00:00Z,3.675,73.375,0.0
2011-05-13T12:00:00Z,3.675,73.425,0.0
2011-05-13T12:00:00Z,3.675,73.475,0.0
2011-05-13T12:00:00Z,3.675,73.525,0.0
2011-05-13T12:00:00Z,3.675,73.575,0.0
2011-05-13T12:00:00Z,3.675,73.625,0.0
2011-05-13T12:00:00Z,3.625,73.375,0.0
2011-05-13T12:00:00Z,3.625,73.425,0.0
2011-05-13T12:00:00Z,3.625,73.475,0.0
2011-05-13T12:00:00Z,3.625,73.525,0.0
2011-05-13T12:00:00Z,3.625,73.575,0.0
2011-05-13T12:00:00Z,3.625,73.625,0.0
2011-05-13T12:00:00Z,3.575,73.375,0.0
2011-05-13T12:00:00Z,3.575,73.425,0.0
2011-05-13T12:00:00Z,3.575,73.475,0.0
2011-05-13T12:00:00Z,3.575,73.525,0.0
2011-05-13T12:00:00Z,3.575,73.575,0.0
2011-05-13T12:00:00Z,3.575,73.625,0.0
2011-05-13T12:00:00Z,3.525,73.375,0.0
2011-05-13T12:00:00Z,3.525,73.425,0.0
2011-05-13T12:00:00Z,3.525,73.475,0.0
2011-05-13T12:00:00Z,3.525,73.525,0.0
2011-05-13T12:00:00Z,3.525,73.575,0.0
2011-05-13T12:00:00Z,3.525,73.625,0.0
2011-05-13T12:00:00Z,3.475,73.375,0.0
2011-05-13T12:00:00Z,3.475,73.425,0.0
2011-05-13T12:00:00Z,3.475,73.475,0.0
2011-05-13T12:00:00Z,3.475,73.525,0.0
2011-05-13T12:00:00Z,3.475,73.575,0.0
2011-05-13T12:00:00Z,3.475,73.625,0.0
2011-05-13T12:00:00Z,3.425,73.375,0.0
2011-05-13T12:00:00Z,3.425,73.425,0.0
2011-05-13T12:00:00Z,3.425,73.475,0.0
2011-05-13T12:00:00Z,3.425,73.525,0.0
2011-05-13T12:00:00Z,3.425,73.575,0.0
2011-05-13T12:00:00Z,3.425,73.625,0.0
2011-05-13T12:00:00Z,3.375,73.375,0.0
2011-05-13T12:00:00Z,3.375,73.425,0.0
2011-05-13T12:00:00Z,3.375,73.475,0.0
2011-05-13T12:00:00Z,3.375,73.525,0.0
2011-05-13T12:00:00Z,3.375,73.575,0.0
2011-05-13T12:00:00Z,3.375,73.625,0.0
2011-05-13T12:00:00Z,3.325,73.375,0.0
2011-05-13T12:00:00Z,3.325,73.425,0.0
2011-05-13T12:00:00Z,3.325,73.475,0.0
2011-05-13T12:00:00Z,3.325,73.525,0.0
2011-05-13T12:00:00Z,3.325,73.575,0.0
2011-05-13T12:00:00Z,3.325,73.625,0.0
2011-06-12T12:00:00Z,3.675,73.375,0.0
2011-06-12T12:00:00Z,3.675,73.425,0.0
2011-06-12T12:00:00Z,3.675,73.475,0.0
2011-06-12T12:00:00Z,3.675,73.525,0.0
2011-06-12T12:00:00Z,3.675,73.575,0.0
2011-06-12T12:00:00Z,3.675,73.625,0.0
2011-06-12T12:00:00Z,3.625,73.375,0.0
2011-06-12T12:00:00Z,3.625,73.425,0.0
2011-06-12T12:00:00Z,3.625,73.475,0.0
2011-06-12T12:00:00Z,3.625,73.525,0.0
2011-06-12T12:00:00Z,3.625,73.575,0.0
2011-06-12T12:00:00Z,3.625,73.625,0.0
2011-06-12T12:00:00Z,3.575,73.375,0.0
2011-06-12T12:00:00Z,3.575,73.425,0.0
2011-06-12T12:00:00Z,3.575,73.475,0.0
2011-06-12T12:00:00Z,3.575,73.525,0.0
2011-06-12T12:00:00Z,3.575,73.575,0.0
2011-06-12T12:00:00Z,3.575,73.625,0.0
2011-06-12T12:00:00Z,3.525,73.375,0.0
2011-06-12T12:00:00Z,3.525,73.425,0.0
2011-06-12T12:00:00Z,3.525,73.475,0.0
2011-06-12T12:00:00Z,3.525,73.525,0.0
2011-06-12T12:00:00Z,3.525,73.575,0.0
2011-06-12T12:00:00Z,3.525,73.625,0.0
2011-06-12T12:00:00Z,3.475,73.375,0.0
2011-06-12T12:00:00Z,3.475,73.425,0.0
2011-06-12T12:00:00Z,3.475,73.475,0.0
2011-06-12T12:00:00Z,3.475,73.525,0.0
2011-06-12T12:00:00Z,3.475,73.575,0.0
2011-06-12T12:00:00Z,3.475,73.625,0.0
2011-06-12T12:00:00Z,3.425,73.375,0.0
2011-06-12T12:00:00Z,3.425,73.425,0.0
2011-06-12T12:00:00Z,3.425,73.475,0.0
2011-06-12T12:00:00Z,3.425,73.525,0.0
2011-06-12T12:00:00Z,3.425,73.575,0.0
2011-06-12T12:00:00Z,3.425,73.625,0.0
2011-06-12T12:00:00Z,3.375,73.375,0.0
2011-06-12T12:00:00Z,3.375,73.425,0.0
2011-06-12T12:00:00Z,3.375,73.475,0.0
2011-06-12T12:00:00Z,3.375,73.525,0.0
2011-06-12T12:00:00Z,3.375,73.575,0.0
2011-06-12T12:00:00Z,3.375,73.625,0.0
2011-06-12T12:00:00Z,3.325,73.375,0.0
2011-06-12T12:00:00Z,3.325,73.425,0.0
2011-06-12T12:00:00Z,3.325,73.475,0.0
2011-06-12T12:00:00Z,3.325,73.525,0.0
2011-06-12T12:00:00Z,3.325,73.575,0.0
2011-06-12T12:00:00Z,3.325,73.625,0.0
2011-07-12T12:00:00Z,3.675,73.375,0.0
2011-07-12T12:00:00Z,3.675,73.425,0.0
2011-07-12T12:00:00Z,3.675,73.475,0.0
2011-07-12T12:00:00Z,3.675,73.525,0.0
2011-07-12T12:00:00Z,3.675,73.575,0.0
2011-07-12T12:00:00Z,3.675,73.625,0.0
2011-07-12T12:00:00Z,3.625,73.375,0.0
2011-07-12T12:00:00Z,3.625,73.425,0.0
2011-07-12T12:00:00Z,3.625,73.475,0.0
2011-07-12T12:00:00Z,3.625,73.525,0.0
2011-07-12T12:00:00Z,3.625,73.575,0.0
2011-07-12T12:00:00Z,3.625,73.625,0.0
2011-07-12T12:00:00Z,3.575,73.375,0.0
2011-07-12T12:00:00Z,3.575,73.425,0.0
2011-07-12T12:00:00Z,3.575,73.475,0.0
2011-07-12T12:00:00Z,3.575,73.525,0.0
2011-07-12T12:00:00Z,3.575,73.575,0.0
2011-07-12T12:00:00Z,3.575,73.625,0.0
2011-07-12T12:00:00Z,3.525,73.375,0.0
2011-07-12T12:00:00Z,3.525,73.425,0.0
2011-07-12T12:00:00Z,3.525,73.475,0.0
2011-07-12T12:00:00Z,3.525,73.525,0.0
2011-07-12T12:00:00Z,3.525,73.575,0.0
2011-07-12T12:00:00Z,3.525,73.625,0.0
2011-07-12T12:00:00Z,3.475,73.375,0.0
2011-07-12T12:00:00Z,3.475,73.425,0.0
2011-07-12T12:00:00Z,3.475,73.475,0.0
2011-07-12T12:00:00Z,3.475,73.525,0.0
2011-07-12T12:00:00Z,3.475,73.575,0.0
2011-07-12T12:00:00Z,3.475,73.625,0.0
2011-07-12T12:00:00Z,3.425,73.375,0.0
2011-07-12T12:00:00Z,3.425,73.425,0.0
2011-07-12T12:00:00Z,3.425,73.475,0.0
2011-07-12T12:00:00Z,3.425,73.525,0.0
2011-07-12T12:00:00Z,3.425,73.575,0.0
2011-07-12T12:00:00Z,3.425,73.625,0.0
2011-07-12T12:00:00Z,3.375,73.375,0.0
2011-07-12T12:00:00Z,3.375,73.425,0.0
2011-07-12T12:00:00Z,3.375,73.475,0.0
2011-07-12T12:00:00Z,3.375,73.525,0.0
2011-07-12T12:00:00Z,3.375,73.575,0.0
2011-07-12T12:00:00Z,3.375,73.625,0.0
2011-07-12T12:00:00Z,3.325,73.375,0.0
2011-07-12T12:00:00Z,3.325,73.425,0.0
2011-07-12T12:00:00Z,3.325,73.475,0.0
2011-07-12T12:00:00Z,3.325,73.525,0.0
2011-07-12T12:00:00Z,3.325,73.575,0.0
2011-07-12T12:00:00Z,3.325,73.625,0.0
2011-08-11T12:00:00Z,3.675,73.375,0.0
2011-08-11T12:00:00Z,3.675,73.425,0.0
2011-08-11T12:00:00Z,3.675,73.475,0.0
2011-08-11T12:00:00Z,3.675,73.525,0.0
2011-08-11T12:00:00Z,3.675,73.575,0.0
2011-08-11T12:00:00Z,3.675,73.625,0.0
2011-08-11T12:00:00Z,3.625,73.375,0.0
2011-08-11T12:00:00Z,3.625,73.425,0.0
2011-08-11T12:00:00Z,3.625,73.475,0.0
2011-08-11T12:00:00Z,3.625,73.525,0.0
2011-08-11T12:00:00Z,3.625,73.575,0.0
2011-08-11T12:00:00Z,3.625,73.625,0.0
2011-08-11T12:00:00Z,3.575,73.375,0.0
2011-08-11T12:00:00Z,3.575,73.425,0.0
2011-08-11T12:00:00Z,3.575,73.475,0.0
2011-08-11T12:00:00Z,3.575,73.525,0.0
2011-08-11T12:00:00Z,3.575,73.575,0.0
2011-08-11T12:00:00Z,3.575,73.625,0.0
2011-08-11T12:00:00Z,3.525,73.375,0.0
2011-08-11T12:00:00Z,3.525,73.425,0.0
2011-08-11T12:00:00Z,3.525,73.475,0.0
2011-08-11T12:00:00Z,3.525,73.525,0.0
2011-08-11T12:00:00Z,3.525,73.575,0.0
2011-08-11T12:00:00Z,3.525,73.625,0.0
2011-08-11T12:00:00Z,3.475,73.375,0.0
2011-08-11T12:00:00Z,3.475,73.425,0.0
2011-08-11T12:00:00Z,3.475,73.475,0.0
2011-08-11T12:00:00Z,3.475,73.525,0.0
2011-08-11T12:00:00Z,3.475,73.575,0.0
2011-08-11T12:00:00Z,3.475,73.625,0.0
2011-08-11T12:00:00Z,3.425,73.375,0.0
2011-08-11T12:00:00Z,3.425,73.425,0.0
2011-08-11T12:00:00Z,3.425,73.475,0.0
2011-08-11T12:00:00Z,3.425,73.525,0.0
2011-08-11T12:00:00Z,3.425,73.575,0.0
2011-08-11T12:00:00Z,3.425,73.625,0.0
2011-08-11T12:00:00Z,3.375,73.375,0.0
2011-08-11T12:00:00Z,3.375,73.425,0.0
2011-08-11T12:00:00Z,3.375,73.475,0.0
2011-08-11T12:00:00Z,3.375,73.525,0.0
2011-08-11T12:00:00Z,3.375,73.575,0.0
2011-08-11T12:00:00Z,3.375,73.625,0.0
2011-08-11T12:00:00Z,3.325,73.375,0.0
2011-08-11T12:00:00Z,3.325,73.425,0.0
2011-08-11T12:00:00Z,3.325,73.475,0.0
2011-08-11T12:00:00Z,3.325,73.525,0.0
2011-08-11T12:00:00Z,3.325,73.575,0.0
2011-08-11T12:00:00Z,3.325,73.625,0.0
2011-09-10T12:00:00Z,3.675,73.375,0.0
2011-09-10T12:00:00Z,3.675,73.425,0.0
2011-09-10T12:00:00Z,3.675,73.475,0.0
2011-09-10T12:00:00Z,3.675,73.525,0.0
2011-09-10T12:00:00Z,3.675,73.575,0.0
2011-09-10T12:00:00Z,3.675,73.625,0.0
2011-09-10T12:00:00Z,3.625,73.375,0.0
2011-09-10T12:00:00Z,3.625,73.425,0.0
2011-09-10T12:00:00Z,3.625,73.475,0.0
2011-09-10T12:00:00Z,3.625,73.525,0.0
2011-09-10T12:00:00Z,3.625,73.575,0.0
2011-09-10T12:00:00Z,3.625,73.625,0.0
2011-09-10T12:00:00Z,3.575,73.375,0.0
2011-09-10T12:00:00Z,3.575,73.425,0.0
2011-09-10T12:00:00Z,3.575,73.475,0.0
2011-09-10T12:00:00Z,3.575,73.525,0.0
2011-09-10T12:00:00Z,3.575,73.575,0.0
2011-09-10T12:00:00Z,3.575,73.625,0.0
2011-09-10T12:00:00Z,3.525,73.375,0.0
2011-09-10T12:00:00Z,3.525,73.425,0.0
2011-09-10T12:00:00Z,3.525,73.475,0.0
2011-09-10T12:00:00Z,3.525,73.525,0.0
2011-09-10T12:00:00Z,3.525,73.575,0.0
2011-09-10T12:00:00Z,3.525,73.625,0.0
2011-09-10T12:00:00Z,3.475,73.375,0.0
2011-09-10T12:00:00Z,3.475,73.425,0.0
2011-09-10T12:00:00Z,3.475,73.475,0.0
2011-09-10T12:00:00Z,3.475,73.525,0.0
2011-09-10T12:00:00Z,3.475,73.575,0.0
2011-09-10T12:00:00Z,3.475,73.625,0.0
2011-09-10T12:00:00Z,3.425,73.375,0.0
2011-09-10T12:00:00Z,3.425,73.425,0.0
2011-09-10T12:00:00Z,3.425,73.475,0.0
2011-09-10T12:00:00Z,3.425,73.525,0.0
2011-09-10T12:00:00Z,3.425,73.575,0.0
2011-09-10T12:00:00Z,3.425,73.625,0.0
2011-09-10T12:00:00Z,3.375,73.375,0.0
2011-09-10T12:00:00Z,3.375,73.425,0.0
2011-09-10T12:00:00Z,3.375,73.475,0.0
2011-09-10T12:00:00Z,3.375,73.525,0.0
2011-09-10T12:00:00Z,3.375,73.575,0.0
2011-09-10T12:00:00Z,3.375,73.625,0.0
2011-09-10T12:00:00Z,3.325,73.375,0.0
2011-09-10T12:00:00Z,3.325,73.425,0.0
2011-09-10T12:00:00Z,3.325,73.475,0.0
2011-09-10T12:00:00Z,3.325,73.525,0.0
2011-09-10T12:00:00Z,3.325,73.575,0.0
2011-09-10T12:00:00Z,3.325,73.625,0.0
2011-10-10T12:00:00Z,3.675,73.375,0.0
2011-10-10T12:00:00Z,3.675,73.425,0.0
2011-10-10T12:00:00Z,3.675,73.475,0.0
2011-10-10T12:00:00Z,3.675,73.525,0.0
2011-10-10T12:00:00Z,3.675,73.575,0.0
2011-10-10T12:00:00Z,3.675,73.625,0.0
2011-10-10T12:00:00Z,3.625,73.375,0.0
2011-10-10T12:00:00Z,3.625,73.425,0.0
2011-10-10T12:00:00Z,3.625,73.475,0.0
2011-10-10T12:00:00Z,3.625,73.525,0.0
2011-10-10T12:00:00Z,3.625,73.575,0.0
2011-10-10T12:00:00Z,3.625,73.625,0.0
2011-10-10T12:00:00Z,3.575,73.375,0.0
2011-10-10T12:00:00Z,3.575,73.425,0.0
2011-10-10T12:00:00Z,3.575,73.475,0.0
2011-10-10T12:00:00Z,3.575,73.525,0.0
2011-10-10T12:00:00Z,3.575,73.575,0.0
2011-10-10T12:00:00Z,3.575,73.625,0.0
2011-10-10T12:00:00Z,3.525,73.375,0.0
2011-10-10T12:00:00Z,3.525,73.425,0.0
2011-10-10T12:00:00Z,3.525,73.475,0.0
2011-10-10T12:00:00Z,3.525,73.525,0.0
2011-10-10T12:00:00Z,3.525,73.575,0.0
2011-10-10T12:00:00Z,3.525,73.625,0.0
2011-10-10T12:00:00Z,3.475,73.375,0.0
2011-10-10T12:00:00Z,3.475,73.425,0.0
2011-10-10T12:00:00Z,3.475,73.475,0.0
2011-10-10T12:00:00Z,3.475,73.525,0.0
2011-10-10T12:00:00Z,3.475,73.575,0.0
2011-10-10T12:00:00Z,3.475,73.625,0.0
2011-10-10T12:00:00Z,3.425,73.375,0.0
2011-10-10T12:00:00Z,3.425,73.425,0.0
2011-10-10T12:00:00Z,3.425,73.475,0.0
2011-10-10T12:00:00Z,3.425,73.525,0.0
2011-10-10T12:00:00Z,3.425,73.575,0.0
2011-10-10T12:00:00Z,3.425,73.625,0.0
2011-10-10T12:00:00Z,3.375,73.375,0.0
2011-10-10T12:00:00Z,3.375,73.425,0.0
2011-10-10T12:00:00Z,3.375,73.475,0.0
2011-10-10T12:00:00Z,3.375,73.525,0.0
2011-10-10T12:00:00Z,3.375,73.575,0.0
2011-10-10T12:00:00Z,3.375,73.625,0.0
2011-10-10T12:00:00Z,3.325,73.375,0.0
2011-10-10T12:00:00Z,3.325,73.425,0.0
2011-10-10T12:00:00Z,3.325,73.475,0.0
2011-10-10T12:00:00Z,3.325,73.525,0.0
2011-10-10T12:00:00Z,3.325,73.575,0.0
2011-10-10T12:00:00Z,3.325,73.625,0.0
2011-11-09T12:00:00Z,3.675,73.375,0.0
2011-11-09T12:00:00Z,3.675,73.425,0.0
2011-11-09T12:00:00Z,3.675,73.475,0.0
2011-11-09T12:00:00Z,3.675,73.525,0.0
2011-11-09T12:00:00Z,3.675,73.575,0.0
2011-11-09T12:00:00Z,3.675,73.625,0.0
2011-11-09T12:00:00Z,3.625,73.375,0.0
2011-11-09T12:00:00Z,3.625,73.425,0.0
2011-11-09T12:00:00Z,3.625,73.475,0.0
2011-11-09T12:00:00Z,3.625,73.525,0.0
2011-11-09T12:00:00Z,3.625,73.575,0.0
2011-11-09T12:00:00Z,3.625,73.625,0.0
2011-11-09T12:00:00Z,3.575,73.375,0.0
2011-11-09T12:00:00Z,3.575,73.425,0.0
2011-11-09T12:00:00Z,3.575,73.475,0.0
2011-11-09T12:00:00Z,3.575,73.525,0.0
2011-11-09T12:00:00Z,3.575,73.575,0.0
2011-11-09T12:00:00Z,3.575,73.625,0.0
2011-11-09T12:00:00Z,3.525,73.375,0.0
2011-11-09T12:00:00Z,3.525,73.425,0.0
2011-11-09T12:00:00Z,3.525,73.475,0.0
2011-11-09T12:00:00Z,3.525,73.525,0.0
2011-11-09T12:00:00Z,3.525,73.575,0.0
2011-11-09T12:00:00Z,3.525,73.625,0.0
2011-11-09T12:00:00Z,3.475,73.375,0.0
2011-11-09T12:00:00Z,3.475,73.425,0.0
2011-11-09T12:00:00Z,3.475,73.475,0.0
2011-11-09T12:00:00Z,3.475,73.525,0.0
2011-11-09T12:00:00Z,3.475,73.575,0.0
2011-11-09T12:00:00Z,3.475,73.625,0.0
2011-11-09T12:00:00Z,3.425,73.375,0.0
2011-11-09T12:00:00Z,3.425,73.425,0.0
2011-11-09T12:00:00Z,3.425,73.475,0.0
2011-11-09T12:00:00Z,3.425,73.525,0.0
2011-11-09T12:00:00Z,3.425,73.575,0.0
2011-11-09T12:00:00Z,3.425,73.625,0.0
2011-11-09T12:00:00Z,3.375,73.375,0.0
2011-11-09T12:00:00Z,3.375,73.425,0.0
2011-11-09T12:00:00Z,3.375,73.475,0.0
2011-11-09T12:00:00Z,3.375,73.525,0.0
2011-11-09T12:00:00Z,3.375,73.575,0.0
2011-11-09T12:00:00Z,3.375,73.625,0.0
2011-11-09T12:00:00Z,3.325,73.375,0.0
2011-11-09T12:00:00Z,3.325,73.425,0.0
2011-11-09T12:00:00Z,3.325,73.475,0.0
2011-11-09T12:00:00Z,3.325,73.525,0.0
2011-11-09T12:00:00Z,3.325,73.575,0.0
2011-11-09T12:00:00Z,3.325,73.625,0.0
2011-12-09T12:00:00Z,3.675,73.375,0.0
2011-12-09T12:00:00Z,3.675,73.425,0.0
2011-12-09T12:00:00Z,3.675,73.475,0.0
2011-12-09T12:00:00Z,3.675,73.525,0.0
2011-12-09T12:00:00Z,3.675,73.575,0.0
2011-12-09T12:00:00Z,3.675,73.625,0.0
2011-12-09T12:00:00Z,3.625,73.375,0.0
2011-12-09T12:00:00Z,3.625,73.425,0.0
2011-12-09T12:00:00Z,3.625,73.475,0.0
2011-12-09T12:00:00Z,3.625,73.525,0.0
2011-12-09T12:00:00Z,3.625,73.575,0.0
2011-12-09T12:00:00Z,3.625,73.625,0.0
2011-12-09T12:00:00Z,3.575,73.375,0.0
2011-12-09T12:00:00Z,3.575,73.425,0.0
2011-12-09T12:00:00Z,3.575,73.475,0.0
2011-12-09T12:00:00Z,3.575,73.525,0.0
2011-12-09T12:00:00Z,3.575,73.575,0.0
2011-12-09T12:00:00Z,3.575,73.625,0.0
2011-12-09T12:00:00Z,3.525,73.375,0.0
2011-12-09T12:00:00Z,3.525,73.425,0.0
2011-12-09T12:00:00Z,3.525,73.475,0.0
2011-12-09T12:00:00Z,3.525,73.525,0.0
2011-12-09T12:00:00Z,3.525,73.575,0.0
2011-12-09T12:00:00Z,3.525,73.625,0.0
2011-12-09T12:00:00Z,3.475,73.375,0.0
2011-12-09T12:00:00Z,3.475,73.425,0.0
2011-12-09T12:00:00Z,3.475,73.475,0.0
2011-12-09T12:00:00Z,3.475,73.525,0.0
2011-12-09T12:00:00Z,3.475,73.575,0.0
2011-12-09T12:00:00Z,3.475,73.625,0.0
2011-12-09T12:00:00Z,3.425,73.375,0.0
2011-12-09T12:00:00Z,3.425,73.425,0.0
2011-12-09T12:00:00Z,3.425,73.475,0.0
2011-12-09T12:00:00Z,3.425,73.525,0.0
2011-12-09T12:00:00Z,3.425,73.575,0.0
2011-12-09T12:00:00Z,3.425,73.625,0.0
2011-12-09T12:00:00Z,3.375,73.375,0.0
2011-12-09T12:00:00Z,3.375,73.425,0.0
2011-12-09T12:00:00Z,3.375,73.475,0.0
2011-12-09T12:00:00Z,3.375,73.525,0.0
2011-12-09T12:00:00Z,3.375,73.575,0.0
2011-12-09T12:00:00Z,3.375,73.625,0.0
2011-12-09T12:00:00Z,3.325,73.375,0.0
2011-12-09T12:00:00Z,3.325,73.425,0.0
2011-12-09T12:00:00Z,3.325,73.475,0.0
2011-12-09T12:00:00Z,3.325,73.525,0.0
2011-12-09T12:00:00Z,3.325,73.575,0.0
2011-12-09T12:00:00Z,3.325,73.625,0.0
2012-01-08T12:00:00Z,3.675,73.375,0.0
2012-01-08T12:00:00Z,3.675,73.425,0.0
2012-01-08T12:00:00Z,3.675,73.475,0.0
2012-01-08T12:00:00Z,3.675,73.525,0.0
2012-01-08T12:00:00Z,3.675,73.575,0.0
2012-01-08T12:00:00Z,3.675,73.625,0.0
2012-01-08T12:00:00Z,3.625,73.375,0.0
2012-01-08T12:00:00Z,3.625,73.425,0.0
2012-01-08T12:00:00Z,3.625,73.475,0.0
2012-01-08T12:00:00Z,3.625,73.525,0.0
2012-01-08T12:00:00Z,3.625,73.575,0.0
2012-01-08T12:00:00Z,3.625,73.625,0.0
2012-01-08T12:00:00Z,3.575,73.375,0.0
2012-01-08T12:00:00Z,3.575,73.425,0.0
2012-01-08T12:00:00Z,3.575,73.475,0.0
2012-01-08T12:00:00Z,3.575,73.525,0.0
2012-01-08T12:00:00Z,3.575,73.575,0.0
2012-01-08T12:00:00Z,3.575,73.625,0.0
2012-01-08T12:00:00Z,3.525,73.375,0.0
2012-01-08T12:00:00Z,3.525,73.425,0.0
2012-01-08T12:00:00Z,3.525,73.475,0.0
2012-01-08T12:00:00Z,3.525,73.525,0.0
2012-01-08T12:00:00Z,3.525,73.575,0.0
2012-01-08T12:00:00Z,3.525,73.625,0.0
2012-01-08T12:00:00Z,3.475,73.375,0.0
2012-01-08T12:00:00Z,3.475,73.425,0.0
2012-01-08T12:00:00Z,3.475,73.475,0.0
2012-01-08T12:00:00Z,3.475,73.525,0.0
2012-01-08T12:00:00Z,3.475,73.575,0.0
2012-01-08T12:00:00Z,3.475,73.625,0.0
2012-01-08T12:00:00Z,3.425,73.375,0.0
2012-01-08T12:00:00Z,3.425,73.425,0.0
2012-01-08T12:00:00Z,3.425,73.475,0.0
2012-01-08T12:00:00Z,3.425,73.525,0.0
2012-01-08T12:00:00Z,3.425,73.575,0.0
2012-01-08T12:00:00Z,3.425,73.625,0.0
2012-01-08T12:00:00Z,3.375,73.375,0.0
2012-01-08T12:00:00Z,3.375,73.425,0.0
2012-01-08T12:00:00Z,3.375,73.475,0.0
2012-01-08T12:00:00Z,3.375,73.525,0.0
2012-01-08T12:00:00Z,3.375,73.575,0.0
2012-01-08T12:00:00Z,3.375,73.625,0.0
2012-01-08T12:00:00Z,3.325,73.375,0.0
2012-01-08T12:00:00Z,3.325,73.425,0.0
2012-01-08T12:00:00Z,3.325,73.475,0.0
2012-01-08T12:00:00Z,3.325,73.525,0.0
2012-01-08T12:00:00Z,3.325,73.575,0.0
2012-01-08T12:00:00Z,3.325,73.625,0.0
2012-02-07T12:00:00Z,3.675,73.375,0.0
2012-02-07T12:00:00Z,3.675,73.425,0.0
2012-02-07T12:00:00Z,3.675,73.475,0.0
2012-02-07T12:00:00Z,3.675,73.525,0.0
2012-02-07T12:00:00Z,3.675,73.575,0.0
2012-02-07T12:00:00Z,3.675,73.625,0.0
2012-02-07T12:00:00Z,3.625,73.375,0.0
2012-02-07T12:00:00Z,3.625,73.425,0.0
2012-02-07T12:00:00Z,3.625,73.475,0.0
2012-02-07T12:00:00Z,3.625,73.525,0.0
2012-02-07T12:00:00Z,3.625,73.575,0.0
2012-02-07T12:00:00Z,3.625,73.625,0.0
2012-02-07T12:00:00Z,3.575,73.375,0.0
2012-02-07T12:00:00Z,3.575,73.425,0.0
2012-02-07T12:00:00Z,3.575,73.475,0.0
2012-02-07T12:00:00Z,3.575,73.525,0.0
2012-02-07T12:00:00Z,3.575,73.575,0.0
2012-02-07T12:00:00Z,3.575,73.625,0.0
2012-02-07T12:00:00Z,3.525,73.375,0.0
2012-02-07T12:00:00Z,3.525,73.425,0.0
2012-02-07T12:00:00Z,3.525,73.475,0.0
2012-02-07T12:00:00Z,3.525,73.525,0.0
2012-02-07T12:00:00Z,3.525,73.575,0.0
2012-02-07T12:00:00Z,3.525,73.625,0.0
2012-02-07T12:00:00Z,3.475,73.375,0.0
2012-02-07T12:00:00Z,3.475,73.425,0.0
2012-02-07T12:00:00Z,3.475,73.475,0.0
2012-02-07T12:00:00Z,3.475,73.525,0.0
2012-02-07T12:00:00Z,3.475,73.575,0.0
2012-02-07T12:00:00Z,3.475,73.625,0.0
2012-02-07T12:00:00Z,3.425,73.375,0.0
2012-02-07T12:00:00Z,3.425,73.425,0.0
2012-02-07T12:00:00Z,3.425,73.475,0.0
2012-02-07T12:00:00Z,3.425,73.525,0.0
2012-02-07T12:00:00Z,3.425,73.575,0.0
2012-02-07T12:00:00Z,3.425,73.625,0.0
2012-02-07T12:00:00Z,3.375,73.375,0.0
2012-02-07T12:00:00Z,3.375,73.425,0.0
2012-02-07T12:00:00Z,3.375,73.475,0.0
2012-02-07T12:00:00Z,3.375,73.525,0.0
2012-02-07T12:00:00Z,3.375,73.575,0.0
2012-02-07T12:00:00Z,3.375,73.625,0.0
2012-02-07T12:00:00Z,3.325,73.375,0.0
2012-02-07T12:00:00Z,3.325,73.425,0.0
2012-02-07T12:00:00Z,3.325,73.475,0.0
2012-02-07T12:00:00Z,3.325,73.525,0.0
2012-02-07T12:00:00Z,3.325,73.575,0.0
2012-02-07T12:00:00Z,3.325,73.625,0.0
2012-03-08T12:00:00Z,3.675,73.375,0.0
2012-03-08T12:00:00Z,3.675,73.425,0.0
2012-03-08T12:00:00Z,3.675,73.475,0.0
2012-03-08T12:00:00Z,3.675,73.525,0.0
2012-03-08T12:00:00Z,3.675,73.575,0.0
2012-03-08T12:00:00Z,3.675,73.625,0.0
2012-03-08T12:00:00Z,3.625,73.375,0.0
2012-03-08T12:00:00Z,3.625,73.425,0.0
2012-03-08T12:00:00Z,3.625,73.475,0.0
2012-03-08T12:00:00Z,3.625,73.525,0.0
2012-03-08T12:00:00Z,3.625,73.575,0.0
2012-03-08T12:00:00Z,3.625,73.625,0.0
2012-03-08T12:00:00Z,3.575,73.375,0.0
2012-03-08T12:00:00Z,3.575,73.425,0.0
2012-03-08T12:00:00Z,3.575,73.475,0.0
2012-03-08T12:00:00Z,3.575,73.525,0.0
2012-03-08T12:00:00Z,3.575,73.575,0.0
2012-03-08T12:00:00Z,3.575,73.625,0.0
2012-03-08T12:00:00Z,3.525,73.375,0.0
2012-03-08T12:00:00Z,3.525,73.425,0.0
2012-03-08T12:00:00Z,3.525,73.475,0.0
2012-03-08T12:00:00Z,3.525,73.525,0.0
2012-03-08T12:00:00Z,3.525,73.575,0.0
2012-03-08T12:00:00Z,3.525,73.625,0.0
2012-03-08T12:00:00Z,3.475,73.375,0.0
2012-03-08T12:00:00Z,3.475,73.425,0.0
2012-03-08T12:00:00Z,3.475,73.475,0.0
2012-03-08T12:00:00Z,3.475,73.525,0.0
2012-03-08T12:00:00Z,3.475,73.575,0.0
2012-03-08T12:00:00Z,3.475,73.625,0.0
2012-03-08T12:00:00Z,3.425,73.375,0.0
2012-03-08T12:00:00Z,3.425,73.425,0.0
2012-03-08T12:00:00Z,3.425,73.475,0.0
2012-03-08T12:00:00Z,3.425,73.525,0.0
2012-03-08T12:00:00Z,3.425,73.575,0.0
2012-03-08T12:00:00Z,3.425,73.625,0.0
2012-03-08T12:00:00Z,3.375,73.375,0.0
2012-03-08T12:00:00Z,3.375,73.425,0.0
2012-03-08T12:00:00Z,3.375,73.475,0.0
2012-03-08T12:00:00Z,3.375,73.525,0.0
2012-03-08T12:00:00Z,3.375,73.575,0.0
2012-03-08T12:00:00Z,3.375,73.625,0.0
2012-03-08T12:00:00Z,3.325,73.375,0.0
2012-03-08T12:00:00Z,3.325,73.425,0.0
2012-03-08T12:00:00Z,3.325,73.475,0.0
2012-03-08T12:00:00Z,3.325,73.525,0.0
2012-03-08T12:00:00Z,3.325,73.575,0.0
2012-03-08T12:00:00Z,3.325,73.625,0.0
2012-04-07T12:00:00Z,3.675,73.375,0.0
2012-04-07T12:00:00Z,3.675,73.425,0.0
2012-04-07T12:00:00Z,3.675,73.475,0.0
2012-04-07T12:00:00Z,3.675,73.525,0.0
2012-04-07T12:00:00Z,3.675,73.575,0.0
2012-04-07T12:00:00Z,3.675,73.625,0.0
2012-04-07T12:00:00Z,3.625,73.375,0.0
2012-04-07T12:00:00Z,3.625,73.425,0.0
2012-04-07T12:00:00Z,3.625,73.475,0.0
2012-04-07T12:00:00Z,3.625,73.525,0.0
2012-04-07T12:00:00Z,3.625,73.575,0.0
2012-04-07T12:00:00Z,3.625,73.625,0.0
2012-04-07T12:00:00Z,3.575,73.375,0.0
2012-04-07T12:00:00Z,3.575,73.425,0.0
2012-04-07T12:00:00Z,3.575,73.475,0.0
2012-04-07T12:00:00Z,3.575,73.525,0.0
2012-04-07T12:00:00Z,3.575,73.575,0.0
2012-04-07T12:00:00Z,3.575,73.625,0.0
2012-04-07T12:00:00Z,3.525,73.375,0.0
2012-04-07T12:00:00Z,3.525,73.425,0.0
2012-04-07T12:00:00Z,3.525,73.475,0.0
2012-04-07T12:00:00Z,3.525,73.525,0.0
2012-04-07T12:00:00Z,3.525,73.575,0.0
2012-04-07T12:00:00Z,3.525,73.625,0.0
2012-04-07T12:00:00Z,3.475,73.375,0.0
2012-04-07T12:00:00Z,3.475,73.425,0.0
2012-04-07T12:00:00Z,3.475,73.475,0.0
2012-04-07T12:00:00Z,3.475,73.525,0.0
2012-04-07T12:00:00Z,3.475,73.575,0.0
2012-04-07T12:00:00Z,3.475,73.625,0.0
2012-04-07T12:00:00Z,3.425,73.375,0.0
2012-04-07T12:00:00Z,3.425,73.425,0.0
2012-04-07T12:00:00Z,3.425,73.475,0.0
2012-04-07T12:00:00Z,3.425,73.525,0.0
2012-04-07T12:00:00Z,3.425,73.575,0.0
2012-04-07T12:00:00Z,3.425,73.625,0.0
2012-04-07T12:00:00Z,3.375,73.375,0.0
2012-04-07T12:00:00Z,3.375,73.425,0.0
2012-04-07T12:00:00Z,3.375,73.475,0.0
2012-04-07T12:00:00Z,3.375,73.525,0.0
2012-04-07T12:00:00Z,3.375,73.575,0.0
2012-04-07T12:00:00Z,3.375,73.625,0.0
2012-04-07T12:00:00Z,3.325,73.375,0.0
2012-04-07T12:00:00Z,3.325,73.425,0.0
2012-04-07T12:00:00Z,3.325,73.475,0.0
2012-04-07T12:00:00Z,3.325,73.525,0.0
2012-04-07T12:00:00Z,3.325,73.575,0.0
2012-04-07T12:00:00Z,3.325,73.625,0.0
2012-05-07T12:00:00Z,3.675,73.375,0.14
2012-05-07T12:00:00Z,3.675,73.425,0.0
2012-05-07T12:00:00Z,3.675,73.475,0.0
2012-05-07T12:00:00Z,3.675,73.525,0.0
2012-05-07T12:00:00Z,3.675,73.575,0.0
2012-05-07T12:00:00Z,3.675,73.625,0.0
2012-05-07T12:00:00Z,3.625,73.375,0.0
2012-05-07T12:00:00Z,3.625,73.425,0.0
2012-05-07T12:00:00Z,3.625,73.475,0.0
2012-05-07T12:00:00Z,3.625,73.525,0.0
2012-05-07T12:00:00Z,3.625,73.575,0.0
2012-05-07T12:00:00Z,3.625,73.625,0.0
2012-05-07T12:00:00Z,3.575,73.375,0.0
2012-05-07T12:00:00Z,3.575,73.425,0.0
2012-05-07T12:00:00Z,3.575,73.475,0.0
2012-05-07T12:00:00Z,3.575,73.525,0.0
2012-05-07T12:00:00Z,3.575,73.575,0.0
2012-05-07T12:00:00Z,3.575,73.625,0.0
2012-05-07T12:00:00Z,3.525,73.375,0.0
2012-05-07T12:00:00Z,3.525,73.425,0.0
2012-05-07T12:00:00Z,3.525,73.475,0.0
2012-05-07T12:00:00Z,3.525,73.525,0.0
2012-05-07T12:00:00Z,3.525,73.575,0.0
2012-05-07T12:00:00Z,3.525,73.625,0.0
2012-05-07T12:00:00Z,3.475,73.375,0.0
2012-05-07T12:00:00Z,3.475,73.425,0.0
2012-05-07T12:00:00Z,3.475,73.475,0.0
2012-05-07T12:00:00Z,3.475,73.525,0.0
2012-05-07T12:00:00Z,3.475,73.575,0.0
2012-05-07T12:00:00Z,3.475,73.625,0.0
2012-05-07T12:00:00Z,3.425,73.375,0.0
2012-05-07T12:00:00Z,3.425,73.425,0.0
2012-05-07T12:00:00Z,3.425,73.475,0.0
2012-05-07T12:00:00Z,3.425,73.525,0.0
2012-05-07T12:00:00Z,3.425,73.575,0.0
2012-05-07T12:00:00Z,3.425,73.625,0.0
2012-05-07T12:00:00Z,3.375,73.375,0.0
2012-05-07T12:00:00Z,3.375,73.425,0.0
2012-05-07T12:00:00Z,3.375,73.475,0.0
2012-05-07T12:00:00Z,3.375,73.525,0.0
2012-05-07T12:00:00Z,3.375,73.575,0.0
2012-05-07T12:00:00Z,3.375,73.625,0.0
2012-05-07T12:00:00Z,3.325,73.375,0.0
2012-05-07T12:00:00Z,3.325,73.425,0.0
2012-05-07T12:00:00Z,3.325,73.475,0.0
2012-05-07T12:00:00Z,3.325,73.525,0.0
2012-05-07T12:00:00Z,3.325,73.575,0.0
2012-05-07T12:00:00Z,3.325,73.625,0.0
2012-06-06T12:00:00Z,3.675,73.375,0.14
2012-06-06T12:00:00Z,3.675,73.425,0.0
2012-06-06T12:00:00Z,3.675,73.475,0.0
2012-06-06T12:00:00Z,3.675,73.525,0.0
2012-06-06T12:00:00Z,3.675,73.575,0.0
2012-06-06T12:00:00Z,3.675,73.625,0.0
2012-06-06T12:00:00Z,3.625,73.375,0.0
2012-06-06T12:00:00Z,3.625,73.425,0.0
2012-06-06T12:00:00Z,3.625,73.475,0.0
2012-06-06T12:00:00Z,3.625,73.525,0.0
2012-06-06T12:00:00Z,3.625,73.575,0.0
2012-06-06T12:00:00Z,3.625,73.625,0.0
2012-06-06T12:00:00Z,3.575,73.375,0.0
2012-06-06T12:00:00Z,3.575,73.425,0.0
2012-06-06T12:00:00Z,3.575,73.475,0.0
2012-06-06T12:00:00Z,3.575,73.525,0.0
2012-06-06T12:00:00Z,3.575,73.575,0.0
2012-06-06T12:00:00Z,3.575,73.625,0.0
2012-06-06T12:00:00Z,3.525,73.375,0.0
2012-06-06T12:00:00Z,3.525,73.425,0.0
2012-06-06T12:00:00Z,3.525,73.475,0.0
2012-06-06T12:00:00Z,3.525,73.525,0.0
2012-06-06T12:00:00Z,3.525,73.575,0.0
2012-06-06T12:00:00Z,3.525,73.625,0.0
2012-06-06T12:00:00Z,3.475,73.375,0.0
2012-06-06T12:00:00Z,3.475,73.425,0.0
2012-06-06T12:00:00Z,3.475,73.475,0.0
2012-06-06T12:00:00Z,3.475,73.525,0.0
2012-06-06T12:00:00Z,3.475,73.575,0.0
2012-06-06T12:00:00Z,3.475,73.625,0.0
2012-06-06T12:00:00Z,3.425,73.375,0.0
2012-06-06T12:00:00Z,3.425,73.425,0.0
2012-06-06T12:00:00Z,3.425,73.475,0.0
2012-06-06T12:00:00Z,3.425,73.525,0.0
2012-06-06T12:00:00Z,3.425,73.575,0.0
2012-06-06T12:00:00Z,3.425,73.625,0.0
2012-06-06T12:00:00Z,3.375,73.375,0.0
2012-06-06T12:00:00Z,3.375,73.425,0.0
2012-06-06T12:00:00Z,3.375,73.475,0.0
2012-06-06T12:00:00Z,3.375,73.525,0.0
2012-06-06T12:00:00Z,3.375,73.575,0.0
2012-06-06T12:00:00Z,3.375,73.625,0.0
2012-06-06T12:00:00Z,3.325,73.375,0.0
2012-06-06T12:00:00Z,3.325,73.425,0.0
2012-06-06T12:00:00Z,3.325,73.475,0.0
2012-06-06T12:00:00Z,3.325,73.525,0.0
2012-06-06T12:00:00Z,3.325,73.575,0.0
2012-06-06T12:00:00Z,3.325,73.625,0.0
2012-07-06T12:00:00Z,3.675,73.375,0.14
2012-07-06T12:00:00Z,3.675,73.425,0.0
2012-07-06T12:00:00Z,3.675,73.475,0.0
2012-07-06T12:00:00Z,3.675,73.525,0.0
2012-07-06T12:00:00Z,3.675,73.575,0.0
2012-07-06T12:00:00Z,3.675,73.625,0.0
2012-07-06T12:00:00Z,3.625,73.375,0.0
2012-07-06T12:00:00Z,3.625,73.425,0.0
2012-07-06T12:00:00Z,3.625,73.475,0.0
2012-07-06T12:00:00Z,3.625,73.525,0.0
2012-07-06T12:00:00Z,3.625,73.575,0.0
2012-07-06T12:00:00Z,3.625,73.625,0.0
2012-07-06T12:00:00Z,3.575,73.375,0.0
2012-07-06T12:00:00Z,3.575,73.425,0.0
2012-07-06T12:00:00Z,3.575,73.475,0.0
2012-07-06T12:00:00Z,3.575,73.525,0.0
2012-07-06T12:00:00Z,3.575,73.575,0.0
2012-07-06T12:00:00Z,3.575,73.625,0.0
2012-07-06T12:00:00Z,3.525,73.375,0.0
2012-07-06T12:00:00Z,3.525,73.425,0.0
2012-07-06T12:00:00Z,3.525,73.475,0.0
2012-07-06T12:00:00Z,3.525,73.525,0.0
2012-07-06T12:00:00Z,3.525,73.575,0.0
2012-07-06T12:00:00Z,3.525,73.625,0.0
2012-07-06T12:00:00Z,3.475,73.375,0.0
2012-07-06T12:00:00Z,3.475,73.425,0.0
2012-07-06T12:00:00Z,3.475,73.475,0.0
2012-07-06T12:00:00Z,3.475,73.525,0.0
2012-07-06T12:00:00Z,3.475,73.575,0.0
2012-07-06T12:00:00Z,3.475,73.625,0.0
2012-07-06T12:00:00Z,3.425,73.375,0.0
2012-07-06T12:00:00Z,3.425,73.425,0.0
2012-07-06T12:00:00Z,3.425,73.475,0.0
2012-07-06T12:00:00Z,3.425,73.525,0.0
2012-07-06T12:00:00Z,3.425,73.575,0.0
2012-07-06T12:00:00Z,3.425,73.625,0.0
2012-07-06T12:00:00Z,3.375,73.375,0.0
2012-07-06T12:00:00Z,3.375,73.425,0.0
2012-07-06T12:00:00Z,3.375,73.475,0.0
2012-07-06T12:00:00Z,3.375,73.525,0.0
2012-07-06T12:00:00Z,3.375,73.575,0.0
2012-07-06T12:00:00Z,3.375,73.625,0.0
2012-07-06T12:00:00Z,3.325,73.375,0.0
2012-07-06T12:00:00Z,3.325,73.425,0.0
2012-07-06T12:00:00Z,3.325,73.475,0.0
2012-07-06T12:00:00Z,3.325,73.525,0.0
2012-07-06T12:00:00Z,3.325,73.575,0.0
2012-07-06T12:00:00Z,3.325,73.625,0.0
2012-08-05T12:00:00Z,3.675,73.375,0.0
2012-08-05T12:00:00Z,3.675,73.425,0.0
2012-08-05T12:00:00Z,3.675,73.475,0.0
2012-08-05T12:00:00Z,3.675,73.525,0.0
2012-08-05T12:00:00Z,3.675,73.575,0.0
2012-08-05T12:00:00Z,3.675,73.625,0.0
2012-08-05T12:00:00Z,3.625,73.375,0.0
2012-08-05T12:00:00Z,3.625,73.425,0.0
2012-08-05T12:00:00Z,3.625,73.475,0.0
2012-08-05T12:00:00Z,3.625,73.525,0.0
2012-08-05T12:00:00Z,3.625,73.575,0.0
2012-08-05T12:00:00Z,3.625,73.625,0.0
2012-08-05T12:00:00Z,3.575,73.375,0.0
2012-08-05T12:00:00Z,3.575,73.425,0.0
2012-08-05T12:00:00Z,3.575,73.475,0.0
2012-08-05T12:00:00Z,3.575,73.525,0.0
2012-08-05T12:00:00Z,3.575,73.575,0.0
2012-08-05T12:00:00Z,3.575,73.625,0.0
2012-08-05T12:00:00Z,3.525,73.375,0.0
2012-08-05T12:00:00Z,3.525,73.425,0.0
2012-08-05T12:00:00Z,3.525,73.475,0.0
2012-08-05T12:00:00Z,3.525,73.525,0.0
2012-08-05T12:00:00Z,3.525,73.575,0.0
2012-08-05T12:00:00Z,3.525,73.625,0.0
2012-08-05T12:00:00Z,3.475,73.375,0.0
2012-08-05T12:00:00Z,3.475,73.425,0.0
2012-08-05T12:00:00Z,3.475,73.475,0.0
2012-08-05T12:00:00Z,3.475,73.525,0.0
2012-08-05T12:00:00Z,3.475,73.575,0.0
2012-08-05T12:00:00Z,3.475,73.625,0.0
2012-08-05T12:00:00Z,3.425,73.375,0.0
2012-08-05T12:00:00Z,3.425,73.425,0.0
2012-08-05T12:00:00Z,3.425,73.475,0.0
2012-08-05T12:00:00Z,3.425,73.525,0.0
2012-08-05T12:00:00Z,3.425,73.575,0.0
2012-08-05T12:00:00Z,3.425,73.625,0.0
2012-08-05T12:00:00Z,3.375,73.375,0.0
2012-08-05T12:00:00Z,3.375,73.425,0.0
2012-08-05T12:00:00Z,3.375,73.475,0.0
2012-08-05T12:00:00Z,3.375,73.525,0.0
2012-08-05T12:00:00Z,3.375,73.575,0.0
2012-08-05T12:00:00Z,3.375,73.625,0.0
2012-08-05T12:00:00Z,3.325,73.375,0.0
2012-08-05T12:00:00Z,3.325,73.425,0.0
2012-08-05T12:00:00Z,3.325,73.475,0.0
2012-08-05T12:00:00Z,3.325,73.525,0.0
2012-08-05T12:00:00Z,3.325,73.575,0.0
2012-08-05T12:00:00Z,3.325,73.625,0.0
2012-09-04T12:00:00Z,3.675,73.375,0.0
2012-09-04T12:00:00Z,3.675,73.425,0.0
2012-09-04T12:00:00Z,3.675,73.475,0.0
2012-09-04T12:00:00Z,3.675,73.525,0.0
2012-09-04T12:00:00Z,3.675,73.575,0.0
2012-09-04T12:00:00Z,3.675,73.625,0.0
2012-09-04T12:00:00Z,3.625,73.375,0.0
2012-09-04T12:00:00Z,3.625,73.425,0.0
2012-09-04T12:00:00Z,3.625,73.475,0.0
2012-09-04T12:00:00Z,3.625,73.525,0.0
2012-09-04T12:00:00Z,3.625,73.575,0.0
2012-09-04T12:00:00Z,3.625,73.625,0.0
2012-09-04T12:00:00Z,3.575,73.375,0.0
2012-09-04T12:00:00Z,3.575,73.425,0.0
2012-09-04T12:00:00Z,3.575,73.475,0.0
2012-09-04T12:00:00Z,3.575,73.525,0.0
2012-09-04T12:00:00Z,3.575,73.575,0.0
2012-09-04T12:00:00Z,3.575,73.625,0.0
2012-09-04T12:00:00Z,3.525,73.375,0.0
2012-09-04T12:00:00Z,3.525,73.425,0.0
2012-09-04T12:00:00Z,3.525,73.475,0.0
2012-09-04T12:00:00Z,3.525,73.525,0.0
2012-09-04T12:00:00Z,3.525,73.575,0.0
2012-09-04T12:00:00Z,3.525,73.625,0.0
2012-09-04T12:00:00Z,3.475,73.375,0.0
2012-09-04T12:00:00Z,3.475,73.425,0.0
2012-09-04T12:00:00Z,3.475,73.475,0.0
2012-09-04T12:00:00Z,3.475,73.525,0.0
2012-09-04T12:00:00Z,3.475,73.575,0.0
2012-09-04T12:00:00Z,3.475,73.625,0.0
2012-09-04T12:00:00Z,3.425,73.375,0.0
2012-09-04T12:00:00Z,3.425,73.425,0.0
2012-09-04T12:00:00Z,3.425,73.475,0.0
2012-09-04T12:00:00Z,3.425,73.525,0.0
2012-09-04T12:00:00Z,3.425,73.575,0.0
2012-09-04T12:00:00Z,3.425,73.625,0.0
2012-09-04T12:00:00Z,3.375,73.375,0.0
2012-09-04T12:00:00Z,3.375,73.425,0.0
2012-09-04T12:00:00Z,3.375,73.475,0.0
2012-09-04T12:00:00Z,3.375,73.525,0.0
2012-09-04T12:00:00Z,3.375,73.575,0.0
2012-09-04T12:00:00Z,3.375,73.625,0.0
2012-09-04T12:00:00Z,3.325,73.375,0.0
2012-09-04T12:00:00Z,3.325,73.425,0.0
2012-09-04T12:00:00Z,3.325,73.475,0.0
2012-09-04T12:00:00Z,3.325,73.525,0.0
2012-09-04T12:00:00Z,3.325,73.575,0.0
2012-09-04T12:00:00Z,3.325,73.625,0.0
2012-10-04T12:00:00Z,3.675,73.375,0.0
2012-10-04T12:00:00Z,3.675,73.425,0.0
2012-10-04T12:00:00Z,3.675,73.475,0.0
2012-10-04T12:00:00Z,3.675,73.525,0.0
2012-10-04T12:00:00Z,3.675,73.575,0.0
2012-10-04T12:00:00Z,3.675,73.625,0.0
2012-10-04T12:00:00Z,3.625,73.375,0.0
2012-10-04T12:00:00Z,3.625,73.425,0.0
2012-10-04T12:00:00Z,3.625,73.475,0.0
2012-10-04T12:00:00Z,3.625,73.525,0.0
2012-10-04T12:00:00Z,3.625,73.575,0.0
2012-10-04T12:00:00Z,3.625,73.625,0.0
2012-10-04T12:00:00Z,3.575,73.375,0.0
2012-10-04T12:00:00Z,3.575,73.425,0.0
2012-10-04T12:00:00Z,3.575,73.475,0.0
2012-10-04T12:00:00Z,3.575,73.525,0.0
2012-10-04T12:00:00Z,3.575,73.575,0.0
2012-10-04T12:00:00Z,3.575,73.625,0.0
2012-10-04T12:00:00Z,3.525,73.375,0.0
2012-10-04T12:00:00Z,3.525,73.425,0.0
2012-10-04T12:00:00Z,3.525,73.475,0.0
2012-10-04T12:00:00Z,3.525,73.525,0.0
2012-10-04T12:00:00Z,3.525,73.575,0.0
2012-10-04T12:00:00Z,3.525,73.625,0.0
2012-10-04T12:00:00Z,3.475,73.375,0.0
2012-10-04T12:00:00Z,3.475,73.425,0.0
2012-10-04T12:00:00Z,3.475,73.475,0.0
2012-10-04T12:00:00Z,3.475,73.525,0.0
2012-10-04T12:00:00Z,3.475,73.575,0.0
2012-10-04T12:00:00Z,3.475,73.625,0.0
2012-10-04T12:00:00Z,3.425,73.375,0.0
2012-10-04T12:00:00Z,3.425,73.425,0.0
2012-10-04T12:00:00Z,3.425,73.475,0.0
2012-10-04T12:00:00Z,3.425,73.525,0.0
2012-10-04T12:00:00Z,3.425,73.575,0.0
2012-10-04T12:00:00Z,3.425,73.625,0.0
2012-10-04T12:00:00Z,3.375,73.375,0.0
2012-10-04T12:00:00Z,3.375,73.425,0.0
2012-10-04T12:00:00Z,3.375,73.475,0.0
2012-10-04T12:00:00Z,3.375,73.525,0.0
2012-10-04T12:00:00Z,3.375,73.575,0.0
2012-10-04T12:00:00Z,3.375,73.625,0.0
2012-10-04T12:00:00Z,3.325,73.375,0.0
2012-10-04T12:00:00Z,3.325,73.425,0.0
2012-10-04T12:00:00Z,3.325,73.475,0.0
2012-10-04T12:00:00Z,3.325,73.525,0.0
2012-10-04T12:00:00Z,3.325,73.575,0.0
2012-10-04T12:00:00Z,3.325,73.625,0.0
2012-11-03T12:00:00Z,3.675,73.375,0.0
2012-11-03T12:00:00Z,3.675,73.425,0.0
2012-11-03T12:00:00Z,3.675,73.475,0.0
2012-11-03T12:00:00Z,3.675,73.525,0.0
2012-11-03T12:00:00Z,3.675,73.575,0.0
2012-11-03T12:00:00Z,3.675,73.625,0.0
2012-11-03T12:00:00Z,3.625,73.375,0.0
2012-11-03T12:00:00Z,3.625,73.425,0.0
2012-11-03T12:00:00Z,3.625,73.475,0.0
2012-11-03T12:00:00Z,3.625,73.525,0.0
2012-11-03T12:00:00Z,3.625,73.575,0.0
2012-11-03T12:00:00Z,3.625,73.625,0.0
2012-11-03T12:00:00Z,3.575,73.375,0.0
2012-11-03T12:00:00Z,3.575,73.425,0.0
2012-11-03T12:00:00Z,3.575,73.475,0.0
2012-11-03T12:00:00Z,3.575,73.525,0.0
2012-11-03T12:00:00Z,3.575,73.575,0.0
2012-11-03T12:00:00Z,3.575,73.625,0.0
2012-11-03T12:00:00Z,3.525,73.375,0.0
2012-11-03T12:00:00Z,3.525,73.425,0.0
2012-11-03T12:00:00Z,3.525,73.475,0.0
2012-11-03T12:00:00Z,3.525,73.525,0.0
2012-11-03T12:00:00Z,3.525,73.575,0.0
2012-11-03T12:00:00Z,3.525,73.625,0.0
2012-11-03T12:00:00Z,3.475,73.375,0.0
2012-11-03T12:00:00Z,3.475,73.425,0.0
2012-11-03T12:00:00Z,3.475,73.475,0.0
2012-11-03T12:00:00Z,3.475,73.525,0.0
2012-11-03T12:00:00Z,3.475,73.575,0.0
2012-11-03T12:00:00Z,3.475,73.625,0.0
2012-11-03T12:00:00Z,3.425,73.375,0.0
2012-11-03T12:00:00Z,3.425,73.425,0.0
2012-11-03T12:00:00Z,3.425,73.475,0.0
2012-11-03T12:00:00Z,3.425,73.525,0.0
2012-11-03T12:00:00Z,3.425,73.575,0.0
2012-11-03T12:00:00Z,3.425,73.625,0.0
2012-11-03T12:00:00Z,3.375,73.375,0.0
2012-11-03T12:00:00Z,3.375,73.425,0.0
2012-11-03T12:00:00Z,3.375,73.475,0.0
2012-11-03T12:00:00Z,3.375,73.525,0.0
2012-11-03T12:00:00Z,3.375,73.575,0.0
2012-11-03T12:00:00Z,3.375,73.625,0.0
2012-11-03T12:00:00Z,3.325,73.375,0.0
2012-11-03T12:00:00Z,3.325,73.425,0.0
2012-11-03T12:00:00Z,3.325,73.475,0.0
2012-11-03T12:00:00Z,3.325,73.525,0.0
2012-11-03T12:00:00Z,3.325,73.575,0.0
2012-11-03T12:00:00Z,3.325,73.625,0.0
2012-12-03T12:00:00Z,3.675,73.375,0.0
2012-12-03T12:00:00Z,3.675,73.425,0.0
2012-12-03T12:00:00Z,3.675,73.475,0.0
2012-12-03T12:00:00Z,3.675,73.525,0.0
2012-12-03T12:00:00Z,3.675,73.575,0.0
2012-12-03T12:00:00Z,3.675,73.625,0.0
2012-12-03T12:00:00Z,3.625,73.375,0.0
2012-12-03T12:00:00Z,3.625,73.425,0.0
2012-12-03T12:00:00Z,3.625,73.475,0.0
2012-12-03T12:00:00Z,3.625,73.525,0.0
2012-12-03T12:00:00Z,3.625,73.575,0.0
2012-12-03T12:00:00Z,3.625,73.625,0.0
2012-12-03T12:00:00Z,3.575,73.375,0.0
2012-12-03T12:00:00Z,3.575,73.425,0.0
2012-12-03T12:00:00Z,3.575,73.475,0.0
2012-12-03T12:00:00Z,3.575,73.525,0.0
2012-12-03T12:00:00Z,3.575,73.575,0.0
2012-12-03T12:00:00Z,3.575,73.625,0.0
2012-12-03T12:00:00Z,3.525,73.375,0.0
2012-12-03T12:00:00Z,3.525,73.425,0.0
2012-12-03T12:00:00Z,3.525,73.475,0.0
2012-12-03T12:00:00Z,3.525,73.525,0.0
2012-12-03T12:00:00Z,3.525,73.575,0.0
2012-12-03T12:00:00Z,3.525,73.625,0.0
2012-12-03T12:00:00Z,3.475,73.375,0.0
2012-12-03T12:00:00Z,3.475,73.425,0.0
2012-12-03T12:00:00Z,3.475,73.475,0.0
2012-12-03T12:00:00Z,3.475,73.525,0.0
2012-12-03T12:00:00Z,3.475,73.575,0.0
2012-12-03T12:00:00Z,3.475,73.625,0.0
2012-12-03T12:00:00Z,3.425,73.375,0.0
2012-12-03T12:00:00Z,3.425,73.425,0.0
2012-12-03T12:00:00Z,3.425,73.475,0.0
2012-12-03T12:00:00Z,3.425,73.525,0.0
2012-12-03T12:00:00Z,3.425,73.575,0.0
2012-12-03T12:00:00Z,3.425,73.625,0.0
2012-12-03T12:00:00Z,3.375,73.375,0.0
2012-12-03T12:00:00Z,3.375,73.425,0.0
2012-12-03T12:00:00Z,3.375,73.475,0.0
2012-12-03T12:00:00Z,3.375,73.525,0.0
2012-12-03T12:00:00Z,3.375,73.575,0.0
2012-12-03T12:00:00Z,3.375,73.625,0.0
2012-12-03T12:00:00Z,3.325,73.375,0.0
2012-12-03T12:00:00Z,3.325,73.425,0.0
2012-12-03T12:00:00Z,3.325,73.475,0.0
2012-12-03T12:00:00Z,3.325,73.525,0.0
2012-12-03T12:00:00Z,3.325,73.575,0.0
2012-12-03T12:00:00Z,3.325,73.625,0.0
2013-01-02T12:00:00Z,3.675,73.375,0.0
2013-01-02T12:00:00Z,3.675,73.425,0.0
2013-01-02T12:00:00Z,3.675,73.475,0.0
2013-01-02T12:00:00Z,3.675,73.525,0.0
2013-01-02T12:00:00Z,3.675,73.575,0.0
2013-01-02T12:00:00Z,3.675,73.625,0.0
2013-01-02T12:00:00Z,3.625,73.375,0.0
2013-01-02T12:00:00Z,3.625,73.425,0.0
2013-01-02T12:00:00Z,3.625,73.475,0.0
2013-01-02T12:00:00Z,3.625,73.525,0.0
2013-01-02T12:00:00Z,3.625,73.575,0.0
2013-01-02T12:00:00Z,3.625,73.625,0.0
2013-01-02T12:00:00Z,3.575,73.375,0.0
2013-01-02T12:00:00Z,3.575,73.425,0.0
2013-01-02T12:00:00Z,3.575,73.475,0.0
2013-01-02T12:00:00Z,3.575,73.525,0.0
2013-01-02T12:00:00Z,3.575,73.575,0.0
2013-01-02T12:00:00Z,3.575,73.625,0.0
2013-01-02T12:00:00Z,3.525,73.375,0.0
2013-01-02T12:00:00Z,3.525,73.425,0.0
2013-01-02T12:00:00Z,3.525,73.475,0.0
2013-01-02T12:00:00Z,3.525,73.525,0.0
2013-01-02T12:00:00Z,3.525,73.575,0.0
2013-01-02T12:00:00Z,3.525,73.625,0.0
2013-01-02T12:00:00Z,3.475,73.375,0.0
2013-01-02T12:00:00Z,3.475,73.425,0.0
2013-01-02T12:00:00Z,3.475,73.475,0.0
2013-01-02T12:00:00Z,3.475,73.525,0.0
2013-01-02T12:00:00Z,3.475,73.575,0.0
2013-01-02T12:00:00Z,3.475,73.625,0.0
2013-01-02T12:00:00Z,3.425,73.375,0.0
2013-01-02T12:00:00Z,3.425,73.425,0.0
2013-01-02T12:00:00Z,3.425,73.475,0.0
2013-01-02T12:00:00Z,3.425,73.525,0.0
2013-01-02T12:00:00Z,3.425,73.575,0.0
2013-01-02T12:00:00Z,3.425,73.625,0.0
2013-01-02T12:00:00Z,3.375,73.375,0.0
2013-01-02T12:00:00Z,3.375,73.425,0.0
2013-01-02T12:00:00Z,3.375,73.475,0.0
2013-01-02T12:00:00Z,3.375,73.525,0.0
2013-01-02T12:00:00Z,3.375,73.575,0.0
2013-01-02T12:00:00Z,3.375,73.625,0.0
2013-01-02T12:00:00Z,3.325,73.375,0.0
2013-01-02T12:00:00Z,3.325,73.425,0.0
2013-01-02T12:00:00Z,3.325,73.475,0.0
2013-01-02T12:00:00Z,3.325,73.525,0.0
2013-01-02T12:00:00Z,3.325,73.575,0.0
2013-01-02T12:00:00Z,3.325,73.625,0.0
2013-02-01T12:00:00Z,3.675,73.375,0.0
2013-02-01T12:00:00Z,3.675,73.425,0.0
2013-02-01T12:00:00Z,3.675,73.475,0.0
2013-02-01T12:00:00Z,3.675,73.525,0.0
2013-02-01T12:00:00Z,3.675,73.575,0.0
2013-02-01T12:00:00Z,3.675,73.625,0.0
2013-02-01T12:00:00Z,3.625,73.375,0.0
2013-02-01T12:00:00Z,3.625,73.425,0.0
2013-02-01T12:00:00Z,3.625,73.475,0.0
2013-02-01T12:00:00Z,3.625,73.525,0.0
2013-02-01T12:00:00Z,3.625,73.575,0.0
2013-02-01T12:00:00Z,3.625,73.625,0.0
2013-02-01T12:00:00Z,3.575,73.375,0.0
2013-02-01T12:00:00Z,3.575,73.425,0.0
2013-02-01T12:00:00Z,3.575,73.475,0.0
2013-02-01T12:00:00Z,3.575,73.525,0.0
2013-02-01T12:00:00Z,3.575,73.575,0.0
2013-02-01T12:00:00Z,3.575,73.625,0.0
2013-02-01T12:00:00Z,3.525,73.375,0.0
2013-02-01T12:00:00Z,3.525,73.425,0.0
2013-02-01T12:00:00Z,3.525,73.475,0.0
2013-02-01T12:00:00Z,3.525,73.525,0.0
2013-02-01T12:00:00Z,3.525,73.575,0.0
2013-02-01T12:00:00Z,3.525,73.625,0.0
2013-02-01T12:00:00Z,3.475,73.375,0.0
2013-02-01T12:00:00Z,3.475,73.425,0.0
2013-02-01T12:00:00Z,3.475,73.475,0.0
2013-02-01T12:00:00Z,3.475,73.525,0.0
2013-02-01T12:00:00Z,3.475,73.575,0.0
2013-02-01T12:00:00Z,3.475,73.625,0.0
2013-02-01T12:00:00Z,3.425,73.375,0.0
2013-02-01T12:00:00Z,3.425,73.425,0.0
2013-02-01T12:00:00Z,3.425,73.475,0.0
2013-02-01T12:00:00Z,3.425,73.525,0.0
2013-02-01T12:00:00Z,3.425,73.575,0.0
2013-02-01T12:00:00Z,3.425,73.625,0.0
2013-02-01T12:00:00Z,3.375,73.375,0.0
2013-02-01T12:00:00Z,3.375,73.425,0.0
2013-02-01T12:00:00Z,3.375,73.475,0.0
2013-02-01T12:00:00Z,3.375,73.525,0.0
2013-02-01T12:00:00Z,3.375,73.575,0.0
2013-02-01T12:00:00Z,3.375,73.625,0.0
2013-02-01T12:00:00Z,3.325,73.375,0.0
2013-02-01T12:00:00Z,3.325,73.425,0.0
2013-02-01T12:00:00Z,3.325,73.475,0.0
2013-02-01T12:00:00Z,3.325,73.525,0.0
2013-02-01T12:00:00Z,3.325,73.575,0.0
2013-02-01T12:00:00Z,3.325,73.625,0.0
2013-03-03T12:00:00Z,3.675,73.375,0.0
2013-03-03T12:00:00Z,3.675,73.425,0.0
2013-03-03T12:00:00Z,3.675,73.475,0.0
2013-03-03T12:00:00Z,3.675,73.525,0.0
2013-03-03T12:00:00Z,3.675,73.575,0.0
2013-03-03T12:00:00Z,3.675,73.625,0.0
2013-03-03T12:00:00Z,3.625,73.375,0.0
2013-03-03T12:00:00Z,3.625,73.425,0.0
2013-03-03T12:00:00Z,3.625,73.475,0.0
2013-03-03T12:00:00Z,3.625,73.525,0.0
2013-03-03T12:00:00Z,3.625,73.575,0.0
2013-03-03T12:00:00Z,3.625,73.625,0.0
2013-03-03T12:00:00Z,3.575,73.375,0.0
2013-03-03T12:00:00Z,3.575,73.425,0.0
2013-03-03T12:00:00Z,3.575,73.475,0.0
2013-03-03T12:00:00Z,3.575,73.525,0.0
2013-03-03T12:00:00Z,3.575,73.575,0.0
2013-03-03T12:00:00Z,3.575,73.625,0.0
2013-03-03T12:00:00Z,3.525,73.375,0.0
2013-03-03T12:00:00Z,3.525,73.425,0.0
2013-03-03T12:00:00Z,3.525,73.475,0.0
2013-03-03T12:00:00Z,3.525,73.525,0.0
2013-03-03T12:00:00Z,3.525,73.575,0.0
2013-03-03T12:00:00Z,3.525,73.625,0.0
2013-03-03T12:00:00Z,3.475,73.375,0.0
2013-03-03T12:00:00Z,3.475,73.425,0.0
2013-03-03T12:00:00Z,3.475,73.475,0.0
2013-03-03T12:00:00Z,3.475,73.525,0.0
2013-03-03T12:00:00Z,3.475,73.575,0.0
2013-03-03T12:00:00Z,3.475,73.625,0.0
2013-03-03T12:00:00Z,3.425,73.375,0.0
2013-03-03T12:00:00Z,3.425,73.425,0.0
2013-03-03T12:00:00Z,3.425,73.475,0.0
2013-03-03T12:00:00Z,3.425,73.525,0.0
2013-03-03T12:00:00Z,3.425,73.575,0.0
2013-03-03T12:00:00Z,3.425,73.625,0.0
2013-03-03T12:00:00Z,3.375,73.375,0.0
2013-03-03T12:00:00Z,3.375,73.425,0.0
2013-03-03T12:00:00Z,3.375,73.475,0.0
2013-03-03T12:00:00Z,3.375,73.525,0.0
2013-03-03T12:00:00Z,3.375,73.575,0.0
2013-03-03T12:00:00Z,3.375,73.625,0.0
2013-03-03T12:00:00Z,3.325,73.375,0.0
2013-03-03T12:00:00Z,3.325,73.425,0.0
2013-03-03T12:00:00Z,3.325,73.475,0.0
2013-03-03T12:00:00Z,3.325,73.525,0.0
2013-03-03T12:00:00Z,3.325,73.575,0.0
2013-03-03T12:00:00Z,3.325,73.625,0.0
2013-04-02T12:00:00Z,3.675,73.375,0.0
2013-04-02T12:00:00Z,3.675,73.425,0.0
2013-04-02T12:00:00Z,3.675,73.475,0.0
2013-04-02T12:00:00Z,3.675,73.525,0.0
2013-04-02T12:00:00Z,3.675,73.575,0.0
2013-04-02T12:00:00Z,3.675,73.625,0.0
2013-04-02T12:00:00Z,3.625,73.375,0.0
2013-04-02T12:00:00Z,3.625,73.425,0.0
2013-04-02T12:00:00Z,3.625,73.475,0.0
2013-04-02T12:00:00Z,3.625,73.525,0.0
2013-04-02T12:00:00Z,3.625,73.575,0.0
2013-04-02T12:00:00Z,3.625,73.625,0.0
2013-04-02T12:00:00Z,3.575,73.375,0.0
2013-04-02T12:00:00Z,3.575,73.425,0.0
2013-04-02T12:00:00Z,3.575,73.475,0.0
2013-04-02T12:00:00Z,3.575,73.525,0.0
2013-04-02T12:00:00Z,3.575,73.575,0.0
2013-04-02T12:00:00Z,3.575,73.625,0.0
2013-04-02T12:00:00Z,3.525,73.375,0.0
2013-04-02T12:00:00Z,3.525,73.425,0.0
2013-04-02T12:00:00Z,3.525,73.475,0.0
2013-04-02T12:00:00Z,3.525,73.525,0.0
2013-04-02T12:00:00Z,3.525,73.575,0.0
2013-04-02T12:00:00Z,3.525,73.625,0.0
2013-04-02T12:00:00Z,3.475,73.375,0.0
2013-04-02T12:00:00Z,3.475,73.425,0.0
2013-04-02T12:00:00Z,3.475,73.475,0.0
2013-04-02T12:00:00Z,3.475,73.525,0.0
2013-04-02T12:00:00Z,3.475,73.575,0.0
2013-04-02T12:00:00Z,3.475,73.625,0.0
2013-04-02T12:00:00Z,3.425,73.375,0.0
2013-04-02T12:00:00Z,3.425,73.425,0.0
2013-04-02T12:00:00Z,3.425,73.475,0.0
2013-04-02T12:00:00Z,3.425,73.525,0.0
2013-04-02T12:00:00Z,3.425,73.575,0.0
2013-04-02T12:00:00Z,3.425,73.625,0.0
2013-04-02T12:00:00Z,3.375,73.375,0.0
2013-04-02T12:00:00Z,3.375,73.425,0.0
2013-04-02T12:00:00Z,3.375,73.475,0.0
2013-04-02T12:00:00Z,3.375,73.525,0.0
2013-04-02T12:00:00Z,3.375,73.575,0.0
2013-04-02T12:00:00Z,3.375,73.625,0.0
2013-04-02T12:00:00Z,3.325,73.375,0.0
2013-04-02T12:00:00Z,3.325,73.425,0.0
2013-04-02T12:00:00Z,3.325,73.475,0.0
2013-04-02T12:00:00Z,3.325,73.525,0.0
2013-04-02T12:00:00Z,3.325,73.575,0.0
2013-04-02T12:00:00Z,3.325,73.625,0.0
2013-05-02T12:00:00Z,3.675,73.375,0.5
2013-05-02T12:00:00Z,3.675,73.425,0.5
2013-05-02T12:00:00Z,3.675,73.475,0.5
2013-05-02T12:00:00Z,3.675,73.525,0.5
2013-05-02T12:00:00Z,3.675,73.575,0.51
2013-05-02T12:00:00Z,3.675,73.625,0.5
2013-05-02T12:00:00Z,3.625,73.375,0.49
2013-05-02T12:00:00Z,3.625,73.425,0.49
2013-05-02T12:00:00Z,3.625,73.475,0.5
2013-05-02T12:00:00Z,3.625,73.525,0.5
2013-05-02T12:00:00Z,3.625,73.575,0.5
2013-05-02T12:00:00Z,3.625,73.625,0.5
2013-05-02T12:00:00Z,3.575,73.375,0.48
2013-05-02T12:00:00Z,3.575,73.425,0.48
2013-05-02T12:00:00Z,3.575,73.475,0.49
2013-05-02T12:00:00Z,3.575,73.525,0.49
2013-05-02T12:00:00Z,3.575,73.575,0.5
2013-05-02T12:00:00Z,3.575,73.625,0.49
2013-05-02T12:00:00Z,3.525,73.375,0.32
2013-05-02T12:00:00Z,3.525,73.425,0.32
2013-05-02T12:00:00Z,3.525,73.475,0.47000000000000003
2013-05-02T12:00:00Z,3.525,73.525,0.47000000000000003
2013-05-02T12:00:00Z,3.525,73.575,0.48
2013-05-02T12:00:00Z,3.525,73.625,0.48
2013-05-02T12:00:00Z,3.475,73.375,0.31
2013-05-02T12:00:00Z,3.475,73.425,0.32
2013-05-02T12:00:00Z,3.475,73.475,0.46
2013-05-02T12:00:00Z,3.475,73.525,0.6
2013-05-02T12:00:00Z,3.475,73.575,0.6
2013-05-02T12:00:00Z,3.475,73.625,0.61
2013-05-02T12:00:00Z,3.425,73.375,0.31
2013-05-02T12:00:00Z,3.425,73.425,0.3
2013-05-02T12:00:00Z,3.425,73.475,0.45
2013-05-02T12:00:00Z,3.425,73.525,0.59
2013-05-02T12:00:00Z,3.425,73.575,0.59
2013-05-02T12:00:00Z,3.425,73.625,0.59
2013-05-02T12:00:00Z,3.375,73.375,0.3
2013-05-02T12:00:00Z,3.375,73.425,0.44
2013-05-02T12:00:00Z,3.375,73.475,0.44
2013-05-02T12:00:00Z,3.375,73.525,0.58
2013-05-02T12:00:00Z,3.375,73.575,0.44
2013-05-02T12:00:00Z,3.375,73.625,0.3
2013-05-02T12:00:00Z,3.325,73.375,0.15
2013-05-02T12:00:00Z,3.325,73.425,0.15
2013-05-02T12:00:00Z,3.325,73.475,0.29
2013-05-02T12:00:00Z,3.325,73.525,0.29
2013-05-02T12:00:00Z,3.325,73.575,0.3
2013-05-02T12:00:00Z,3.325,73.625,0.3
2013-06-01T12:00:00Z,3.675,73.375,0.5
2013-06-01T12:00:00Z,3.675,73.425,0.5
2013-06-01T12:00:00Z,3.675,73.475,0.5
2013-06-01T12:00:00Z,3.675,73.525,0.5
2013-06-01T12:00:00Z,3.675,73.575,0.51
2013-06-01T12:00:00Z,3.675,73.625,0.5
2013-06-01T12:00:00Z,3.625,73.375,0.49
2013-06-01T12:00:00Z,3.625,73.425,0.49
2013-06-01T12:00:00Z,3.625,73.475,0.5
2013-06-01T12:00:00Z,3.625,73.525,0.5
2013-06-01T12:00:00Z,3.625,73.575,0.5
2013-06-01T12:00:00Z,3.625,73.625,0.5
2013-06-01T12:00:00Z,3.575,73.375,0.48
2013-06-01T12:00:00Z,3.575,73.425,0.48
2013-06-01T12:00:00Z,3.575,73.475,0.49
2013-06-01T12:00:00Z,3.575,73.525,0.49
2013-06-01T12:00:00Z,3.575,73.575,0.5
2013-06-01T12:00:00Z,3.575,73.625,0.49
2013-06-01T12:00:00Z,3.525,73.375,0.32
2013-06-01T12:00:00Z,3.525,73.425,0.32
2013-06-01T12:00:00Z,3.525,73.475,0.47000000000000003
2013-06-01T12:00:00Z,3.525,73.525,0.47000000000000003
2013-06-01T12:00:00Z,3.525,73.575,0.48
2013-06-01T12:00:00Z,3.525,73.625,0.48
2013-06-01T12:00:00Z,3.475,73.375,0.31
2013-06-01T12:00:00Z,3.475,73.425,0.32
2013-06-01T12:00:00Z,3.475,73.475,0.46
2013-06-01T12:00:00Z,3.475,73.525,0.6
2013-06-01T12:00:00Z,3.475,73.575,0.6
2013-06-01T12:00:00Z,3.475,73.625,0.61
2013-06-01T12:00:00Z,3.425,73.375,0.31
2013-06-01T12:00:00Z,3.425,73.425,0.3
2013-06-01T12:00:00Z,3.425,73.475,0.45
2013-06-01T12:00:00Z,3.425,73.525,0.59
2013-06-01T12:00:00Z,3.425,73.575,0.59
2013-06-01T12:00:00Z,3.425,73.625,0.59
2013-06-01T12:00:00Z,3.375,73.375,0.3
2013-06-01T12:00:00Z,3.375,73.425,0.44
2013-06-01T12:00:00Z,3.375,73.475,0.44
2013-06-01T12:00:00Z,3.375,73.525,0.58
2013-06-01T12:00:00Z,3.375,73.575,0.44
2013-06-01T12:00:00Z,3.375,73.625,0.3
2013-06-01T12:00:00Z,3.325,73.375,0.15
2013-06-01T12:00:00Z,3.325,73.425,0.15
2013-06-01T12:00:00Z,3.325,73.475,0.29
2013-06-01T12:00:00Z,3.325,73.525,0.29
2013-06-01T12:00:00Z,3.325,73.575,0.3
2013-06-01T12:00:00Z,3.325,73.625,0.3
2013-07-01T12:00:00Z,3.675,73.375,0.5
2013-07-01T12:00:00Z,3.675,73.425,0.5
2013-07-01T12:00:00Z,3.675,73.475,0.5
2013-07-01T12:00:00Z,3.675,73.525,0.5
2013-07-01T12:00:00Z,3.675,73.575,0.51
2013-07-01T12:00:00Z,3.675,73.625,0.5
2013-07-01T12:00:00Z,3.625,73.375,0.49
2013-07-01T12:00:00Z,3.625,73.425,0.49
2013-07-01T12:00:00Z,3.625,73.475,0.5
2013-07-01T12:00:00Z,3.625,73.525,0.5
2013-07-01T12:00:00Z,3.625,73.575,0.5
2013-07-01T12:00:00Z,3.625,73.625,0.5
2013-07-01T12:00:00Z,3.575,73.375,0.48
2013-07-01T12:00:00Z,3.575,73.425,0.48
2013-07-01T12:00:00Z,3.575,73.475,0.49
2013-07-01T12:00:00Z,3.575,73.525,0.49
2013-07-01T12:00:00Z,3.575,73.575,0.5
2013-07-01T12:00:00Z,3.575,73.625,0.49
2013-07-01T12:00:00Z,3.525,73.375,0.32
2013-07-01T12:00:00Z,3.525,73.425,0.32
2013-07-01T12:00:00Z,3.525,73.475,0.47000000000000003
2013-07-01T12:00:00Z,3.525,73.525,0.47000000000000003
2013-07-01T12:00:00Z,3.525,73.575,0.48
2013-07-01T12:00:00Z,3.525,73.625,0.48
2013-07-01T12:00:00Z,3.475,73.375,0.31
2013-07-01T12:00:00Z,3.475,73.425,0.32
2013-07-01T12:00:00Z,3.475,73.475,0.46
2013-07-01T12:00:00Z,3.475,73.525,0.6
2013-07-01T12:00:00Z,3.475,73.575,0.6
2013-07-01T12:00:00Z,3.475,73.625,0.61
2013-07-01T12:00:00Z,3.425,73.375,0.31
2013-07-01T12:00:00Z,3.425,73.425,0.3
2013-07-01T12:00:00Z,3.425,73.475,0.45
2013-07-01T12:00:00Z,3.425,73.525,0.59
2013-07-01T12:00:00Z,3.425,73.575,0.59
2013-07-01T12:00:00Z,3.425,73.625,0.59
2013-07-01T12:00:00Z,3.375,73.375,0.3
2013-07-01T12:00:00Z,3.375,73.425,0.44
2013-07-01T12:00:00Z,3.375,73.475,0.44
2013-07-01T12:00:00Z,3.375,73.525,0.58
2013-07-01T12:00:00Z,3.375,73.575,0.44
2013-07-01T12:00:00Z,3.375,73.625,0.3
2013-07-01T12:00:00Z,3.325,73.375,0.15
2013-07-01T12:00:00Z,3.325,73.425,0.15
2013-07-01T12:00:00Z,3.325,73.475,0.29
2013-07-01T12:00:00Z,3.325,73.525,0.29
2013-07-01T12:00:00Z,3.325,73.575,0.3
2013-07-01T12:00:00Z,3.325,73.625,0.3
2013-07-31T12:00:00Z,3.675,73.375,0.0
2013-07-31T12:00:00Z,3.675,73.425,0.0
2013-07-31T12:00:00Z,3.675,73.475,0.0
2013-07-31T12:00:00Z,3.675,73.525,0.0
2013-07-31T12:00:00Z,3.675,73.575,0.0
2013-07-31T12:00:00Z,3.675,73.625,0.0
2013-07-31T12:00:00Z,3.625,73.375,0.0
2013-07-31T12:00:00Z,3.625,73.425,0.0
2013-07-31T12:00:00Z,3.625,73.475,0.0
2013-07-31T12:00:00Z,3.625,73.525,0.0
2013-07-31T12:00:00Z,3.625,73.575,0.0
2013-07-31T12:00:00Z,3.625,73.625,0.0
2013-07-31T12:00:00Z,3.575,73.375,0.0
2013-07-31T12:00:00Z,3.575,73.425,0.0
2013-07-31T12:00:00Z,3.575,73.475,0.0
2013-07-31T12:00:00Z,3.575,73.525,0.0
2013-07-31T12:00:00Z,3.575,73.575,0.0
2013-07-31T12:00:00Z,3.575,73.625,0.0
2013-07-31T12:00:00Z,3.525,73.375,0.0
2013-07-31T12:00:00Z,3.525,73.425,0.0
2013-07-31T12:00:00Z,3.525,73.475,0.0
2013-07-31T12:00:00Z,3.525,73.525,0.0
2013-07-31T12:00:00Z,3.525,73.575,0.0
2013-07-31T12:00:00Z,3.525,73.625,0.0
2013-07-31T12:00:00Z,3.475,73.375,0.0
2013-07-31T12:00:00Z,3.475,73.425,0.0
2013-07-31T12:00:00Z,3.475,73.475,0.0
2013-07-31T12:00:00Z,3.475,73.525,0.0
2013-07-31T12:00:00Z,3.475,73.575,0.0
2013-07-31T12:00:00Z,3.475,73.625,0.0
2013-07-31T12:00:00Z,3.425,73.375,0.0
2013-07-31T12:00:00Z,3.425,73.425,0.0
2013-07-31T12:00:00Z,3.425,73.475,0.0
2013-07-31T12:00:00Z,3.425,73.525,0.0
2013-07-31T12:00:00Z,3.425,73.575,0.0
2013-07-31T12:00:00Z,3.425,73.625,0.0
2013-07-31T12:00:00Z,3.375,73.375,0.0
2013-07-31T12:00:00Z,3.375,73.425,0.0
2013-07-31T12:00:00Z,3.375,73.475,0.0
2013-07-31T12:00:00Z,3.375,73.525,0.0
2013-07-31T12:00:00Z,3.375,73.575,0.0
2013-07-31T12:00:00Z,3.375,73.625,0.0
2013-07-31T12:00:00Z,3.325,73.375,0.0
2013-07-31T12:00:00Z,3.325,73.425,0.0
2013-07-31T12:00:00Z,3.325,73.475,0.0
2013-07-31T12:00:00Z,3.325,73.525,0.0
2013-07-31T12:00:00Z,3.325,73.575,0.0
2013-07-31T12:00:00Z,3.325,73.625,0.0
2013-08-30T12:00:00Z,3.675,73.375,0.0
2013-08-30T12:00:00Z,3.675,73.425,0.0
2013-08-30T12:00:00Z,3.675,73.475,0.0
2013-08-30T12:00:00Z,3.675,73.525,0.0
2013-08-30T12:00:00Z,3.675,73.575,0.0
2013-08-30T12:00:00Z,3.675,73.625,0.0
2013-08-30T12:00:00Z,3.625,73.375,0.0
2013-08-30T12:00:00Z,3.625,73.425,0.0
2013-08-30T12:00:00Z,3.625,73.475,0.0
2013-08-30T12:00:00Z,3.625,73.525,0.0
2013-08-30T12:00:00Z,3.625,73.575,0.0
2013-08-30T12:00:00Z,3.625,73.625,0.0
2013-08-30T12:00:00Z,3.575,73.375,0.0
2013-08-30T12:00:00Z,3.575,73.425,0.0
2013-08-30T12:00:00Z,3.575,73.475,0.0
2013-08-30T12:00:00Z,3.575,73.525,0.0
2013-08-30T12:00:00Z,3.575,73.575,0.0
2013-08-30T12:00:00Z,3.575,73.625,0.0
2013-08-30T12:00:00Z,3.525,73.375,0.0
2013-08-30T12:00:00Z,3.525,73.425,0.0
2013-08-30T12:00:00Z,3.525,73.475,0.0
2013-08-30T12:00:00Z,3.525,73.525,0.0
2013-08-30T12:00:00Z,3.525,73.575,0.0
2013-08-30T12:00:00Z,3.525,73.625,0.0
2013-08-30T12:00:00Z,3.475,73.375,0.0
2013-08-30T12:00:00Z,3.475,73.425,0.0
2013-08-30T12:00:00Z,3.475,73.475,0.0
2013-08-30T12:00:00Z,3.475,73.525,0.0
2013-08-30T12:00:00Z,3.475,73.575,0.0
2013-08-30T12:00:00Z,3.475,73.625,0.0
2013-08-30T12:00:00Z,3.425,73.375,0.0
2013-08-30T12:00:00Z,3.425,73.425,0.0
2013-08-30T12:00:00Z,3.425,73.475,0.0
2013-08-30T12:00:00Z,3.425,73.525,0.0
2013-08-30T12:00:00Z,3.425,73.575,0.0
2013-08-30T12:00:00Z,3.425,73.625,0.0
2013-08-30T12:00:00Z,3.375,73.375,0.0
2013-08-30T12:00:00Z,3.375,73.425,0.0
2013-08-30T12:00:00Z,3.375,73.475,0.0
2013-08-30T12:00:00Z,3.375,73.525,0.0
2013-08-30T12:00:00Z,3.375,73.575,0.0
2013-08-30T12:00:00Z,3.375,73.625,0.0
2013-08-30T12:00:00Z,3.325,73.375,0.0
2013-08-30T12:00:00Z,3.325,73.425,0.0
2013-08-30T12:00:00Z,3.325,73.475,0.0
2013-08-30T12:00:00Z,3.325,73.525,0.0
2013-08-30T12:00:00Z,3.325,73.575,0.0
2013-08-30T12:00:00Z,3.325,73.625,0.0
2013-09-29T12:00:00Z,3.675,73.375,0.0
2013-09-29T12:00:00Z,3.675,73.425,0.0
2013-09-29T12:00:00Z,3.675,73.475,0.0
2013-09-29T12:00:00Z,3.675,73.525,0.0
2013-09-29T12:00:00Z,3.675,73.575,0.0
2013-09-29T12:00:00Z,3.675,73.625,0.0
2013-09-29T12:00:00Z,3.625,73.375,0.0
2013-09-29T12:00:00Z,3.625,73.425,0.0
2013-09-29T12:00:00Z,3.625,73.475,0.0
2013-09-29T12:00:00Z,3.625,73.525,0.0
2013-09-29T12:00:00Z,3.625,73.575,0.0
2013-09-29T12:00:00Z,3.625,73.625,0.0
2013-09-29T12:00:00Z,3.575,73.375,0.0
2013-09-29T12:00:00Z,3.575,73.425,0.0
2013-09-29T12:00:00Z,3.575,73.475,0.0
2013-09-29T12:00:00Z,3.575,73.525,0.0
2013-09-29T12:00:00Z,3.575,73.575,0.0
2013-09-29T12:00:00Z,3.575,73.625,0.0
2013-09-29T12:00:00Z,3.525,73.375,0.0
2013-09-29T12:00:00Z,3.525,73.425,0.0
2013-09-29T12:00:00Z,3.525,73.475,0.0
2013-09-29T12:00:00Z,3.525,73.525,0.0
2013-09-29T12:00:00Z,3.525,73.575,0.0
2013-09-29T12:00:00Z,3.525,73.625,0.0
2013-09-29T12:00:00Z,3.475,73.375,0.0
2013-09-29T12:00:00Z,3.475,73.425,0.0
2013-09-29T12:00:00Z,3.475,73.475,0.0
2013-09-29T12:00:00Z,3.475,73.525,0.0
2013-09-29T12:00:00Z,3.475,73.575,0.0
2013-09-29T12:00:00Z,3.475,73.625,0.0
2013-09-29T12:00:00Z,3.425,73.375,0.0
2013-09-29T12:00:00Z,3.425,73.425,0.0
2013-09-29T12:00:00Z,3.425,73.475,0.0
2013-09-29T12:00:00Z,3.425,73.525,0.0
2013-09-29T12:00:00Z,3.425,73.575,0.0
2013-09-29T12:00:00Z,3.425,73.625,0.0
2013-09-29T12:00:00Z,3.375,73.375,0.0
2013-09-29T12:00:00Z,3.375,73.425,0.0
2013-09-29T12:00:00Z,3.375,73.475,0.0
2013-09-29T12:00:00Z,3.375,73.525,0.0
2013-09-29T12:00:00Z,3.375,73.575,0.0
2013-09-29T12:00:00Z,3.375,73.625,0.0
2013-09-29T12:00:00Z,3.325,73.375,0.0
2013-09-29T12:00:00Z,3.325,73.425,0.0
2013-09-29T12:00:00Z,3.325,73.475,0.0
2013-09-29T12:00:00Z,3.325,73.525,0.0
2013-09-29T12:00:00Z,3.325,73.575,0.0
2013-09-29T12:00:00Z,3.325,73.625,0.0
2013-10-29T12:00:00Z,3.675,73.375,0.0
2013-10-29T12:00:00Z,3.675,73.425,0.0
2013-10-29T12:00:00Z,3.675,73.475,0.0
2013-10-29T12:00:00Z,3.675,73.525,0.0
2013-10-29T12:00:00Z,3.675,73.575,0.0
2013-10-29T12:00:00Z,3.675,73.625,0.0
2013-10-29T12:00:00Z,3.625,73.375,0.0
2013-10-29T12:00:00Z,3.625,73.425,0.0
2013-10-29T12:00:00Z,3.625,73.475,0.0
2013-10-29T12:00:00Z,3.625,73.525,0.0
2013-10-29T12:00:00Z,3.625,73.575,0.0
2013-10-29T12:00:00Z,3.625,73.625,0.0
2013-10-29T12:00:00Z,3.575,73.375,0.0
2013-10-29T12:00:00Z,3.575,73.425,0.0
2013-10-29T12:00:00Z,3.575,73.475,0.0
2013-10-29T12:00:00Z,3.575,73.525,0.0
2013-10-29T12:00:00Z,3.575,73.575,0.0
2013-10-29T12:00:00Z,3.575,73.625,0.0
2013-10-29T12:00:00Z,3.525,73.375,0.0
2013-10-29T12:00:00Z,3.525,73.425,0.0
2013-10-29T12:00:00Z,3.525,73.475,0.0
2013-10-29T12:00:00Z,3.525,73.525,0.0
2013-10-29T12:00:00Z,3.525,73.575,0.0
2013-10-29T12:00:00Z,3.525,73.625,0.0
2013-10-29T12:00:00Z,3.475,73.375,0.0
2013-10-29T12:00:00Z,3.475,73.425,0.0
2013-10-29T12:00:00Z,3.475,73.475,0.0
2013-10-29T12:00:00Z,3.475,73.525,0.0
2013-10-29T12:00:00Z,3.475,73.575,0.0
2013-10-29T12:00:00Z,3.475,73.625,0.0
2013-10-29T12:00:00Z,3.425,73.375,0.0
2013-10-29T12:00:00Z,3.425,73.425,0.0
2013-10-29T12:00:00Z,3.425,73.475,0.0
2013-10-29T12:00:00Z,3.425,73.525,0.0
2013-10-29T12:00:00Z,3.425,73.575,0.0
2013-10-29T12:00:00Z,3.425,73.625,0.0
2013-10-29T12:00:00Z,3.375,73.375,0.0
2013-10-29T12:00:00Z,3.375,73.425,0.0
2013-10-29T12:00:00Z,3.375,73.475,0.0
2013-10-29T12:00:00Z,3.375,73.525,0.0
2013-10-29T12:00:00Z,3.375,73.575,0.0
2013-10-29T12:00:00Z,3.375,73.625,0.0
2013-10-29T12:00:00Z,3.325,73.375,0.0
2013-10-29T12:00:00Z,3.325,73.425,0.0
2013-10-29T12:00:00Z,3.325,73.475,0.0
2013-10-29T12:00:00Z,3.325,73.525,0.0
2013-10-29T12:00:00Z,3.325,73.575,0.0
2013-10-29T12:00:00Z,3.325,73.625,0.0
2013-11-28T12:00:00Z,3.675,73.375,0.0
2013-11-28T12:00:00Z,3.675,73.425,0.0
2013-11-28T12:00:00Z,3.675,73.475,0.0
2013-11-28T12:00:00Z,3.675,73.525,0.0
2013-11-28T12:00:00Z,3.675,73.575,0.0
2013-11-28T12:00:00Z,3.675,73.625,0.0
2013-11-28T12:00:00Z,3.625,73.375,0.0
2013-11-28T12:00:00Z,3.625,73.425,0.0
2013-11-28T12:00:00Z,3.625,73.475,0.0
2013-11-28T12:00:00Z,3.625,73.525,0.0
2013-11-28T12:00:00Z,3.625,73.575,0.0
2013-11-28T12:00:00Z,3.625,73.625,0.0
2013-11-28T12:00:00Z,3.575,73.375,0.0
2013-11-28T12:00:00Z,3.575,73.425,0.0
2013-11-28T12:00:00Z,3.575,73.475,0.0
2013-11-28T12:00:00Z,3.575,73.525,0.0
2013-11-28T12:00:00Z,3.575,73.575,0.0
2013-11-28T12:00:00Z,3.575,73.625,0.0
2013-11-28T12:00:00Z,3.525,73.375,0.0
2013-11-28T12:00:00Z,3.525,73.425,0.0
2013-11-28T12:00:00Z,3.525,73.475,0.0
2013-11-28T12:00:00Z,3.525,73.525,0.0
2013-11-28T12:00:00Z,3.525,73.575,0.0
2013-11-28T12:00:00Z,3.525,73.625,0.0
2013-11-28T12:00:00Z,3.475,73.375,0.0
2013-11-28T12:00:00Z,3.475,73.425,0.0
2013-11-28T12:00:00Z,3.475,73.475,0.0
2013-11-28T12:00:00Z,3.475,73.525,0.0
2013-11-28T12:00:00Z,3.475,73.575,0.0
2013-11-28T12:00:00Z,3.475,73.625,0.0
2013-11-28T12:00:00Z,3.425,73.375,0.0
2013-11-28T12:00:00Z,3.425,73.425,0.0
2013-11-28T12:00:00Z,3.425,73.475,0.0
2013-11-28T12:00:00Z,3.425,73.525,0.0
2013-11-28T12:00:00Z,3.425,73.575,0.0
2013-11-28T12:00:00Z,3.425,73.625,0.0
2013-11-28T12:00:00Z,3.375,73.375,0.0
2013-11-28T12:00:00Z,3.375,73.425,0.0
2013-11-28T12:00:00Z,3.375,73.475,0.0
2013-11-28T12:00:00Z,3.375,73.525,0.0
2013-11-28T12:00:00Z,3.375,73.575,0.0
2013-11-28T12:00:00Z,3.375,73.625,0.0
2013-11-28T12:00:00Z,3.325,73.375,0.0
2013-11-28T12:00:00Z,3.325,73.425,0.0
2013-11-28T12:00:00Z,3.325,73.475,0.0
2013-11-28T12:00:00Z,3.325,73.525,0.0
2013-11-28T12:00:00Z,3.325,73.575,0.0
2013-11-28T12:00:00Z,3.325,73.625,0.0
2013-12-28T12:00:00Z,3.675,73.375,0.0
2013-12-28T12:00:00Z,3.675,73.425,0.0
2013-12-28T12:00:00Z,3.675,73.475,0.0
2013-12-28T12:00:00Z,3.675,73.525,0.0
2013-12-28T12:00:00Z,3.675,73.575,0.0
2013-12-28T12:00:00Z,3.675,73.625,0.0
2013-12-28T12:00:00Z,3.625,73.375,0.0
2013-12-28T12:00:00Z,3.625,73.425,0.0
2013-12-28T12:00:00Z,3.625,73.475,0.0
2013-12-28T12:00:00Z,3.625,73.525,0.0
2013-12-28T12:00:00Z,3.625,73.575,0.0
2013-12-28T12:00:00Z,3.625,73.625,0.0
2013-12-28T12:00:00Z,3.575,73.375,0.0
2013-12-28T12:00:00Z,3.575,73.425,0.0
2013-12-28T12:00:00Z,3.575,73.475,0.0
2013-12-28T12:00:00Z,3.575,73.525,0.0
2013-12-28T12:00:00Z,3.575,73.575,0.0
2013-12-28T12:00:00Z,3.575,73.625,0.0
2013-12-28T12:00:00Z,3.525,73.375,0.0
2013-12-28T12:00:00Z,3.525,73.425,0.0
2013-12-28T12:00:00Z,3.525,73.475,0.0
2013-12-28T12:00:00Z,3.525,73.525,0.0
2013-12-28T12:00:00Z,3.525,73.575,0.0
2013-12-28T12:00:00Z,3.525,73.625,0.0
2013-12-28T12:00:00Z,3.475,73.375,0.0
2013-12-28T12:00:00Z,3.475,73.425,0.0
2013-12-28T12:00:00Z,3.475,73.475,0.0
2013-12-28T12:00:00Z,3.475,73.525,0.0
2013-12-28T12:00:00Z,3.475,73.575,0.0
2013-12-28T12:00:00Z,3.475,73.625,0.0
2013-12-28T12:00:00Z,3.425,73.375,0.0
2013-12-28T12:00:00Z,3.425,73.425,0.0
2013-12-28T12:00:00Z,3.425,73.475,0.0
2013-12-28T12:00:00Z,3.425,73.525,0.0
2013-12-28T12:00:00Z,3.425,73.575,0.0
2013-12-28T12:00:00Z,3.425,73.625,0.0
2013-12-28T12:00:00Z,3.375,73.375,0.0
2013-12-28T12:00:00Z,3.375,73.425,0.0
2013-12-28T12:00:00Z,3.375,73.475,0.0
2013-12-28T12:00:00Z,3.375,73.525,0.0
2013-12-28T12:00:00Z,3.375,73.575,0.0
2013-12-28T12:00:00Z,3.375,73.625,0.0
2013-12-28T12:00:00Z,3.325,73.375,0.0
2013-12-28T12:00:00Z,3.325,73.425,0.0
2013-12-28T12:00:00Z,3.325,73.475,0.0
2013-12-28T12:00:00Z,3.325,73.525,0.0
2013-12-28T12:00:00Z,3.325,73.575,0.0
2013-12-28T12:00:00Z,3.325,73.625,0.0
2014-01-27T12:00:00Z,3.675,73.375,0.0
2014-01-27T12:00:00Z,3.675,73.425,0.0
2014-01-27T12:00:00Z,3.675,73.475,0.0
2014-01-27T12:00:00Z,3.675,73.525,0.0
2014-01-27T12:00:00Z,3.675,73.575,0.0
2014-01-27T12:00:00Z,3.675,73.625,0.0
2014-01-27T12:00:00Z,3.625,73.375,0.0
2014-01-27T12:00:00Z,3.625,73.425,0.0
2014-01-27T12:00:00Z,3.625,73.475,0.0
2014-01-27T12:00:00Z,3.625,73.525,0.0
2014-01-27T12:00:00Z,3.625,73.575,0.0
2014-01-27T12:00:00Z,3.625,73.625,0.0
2014-01-27T12:00:00Z,3.575,73.375,0.0
2014-01-27T12:00:00Z,3.575,73.425,0.0
2014-01-27T12:00:00Z,3.575,73.475,0.0
2014-01-27T12:00:00Z,3.575,73.525,0.0
2014-01-27T12:00:00Z,3.575,73.575,0.0
2014-01-27T12:00:00Z,3.575,73.625,0.0
2014-01-27T12:00:00Z,3.525,73.375,0.0
2014-01-27T12:00:00Z,3.525,73.425,0.0
2014-01-27T12:00:00Z,3.525,73.475,0.0
2014-01-27T12:00:00Z,3.525,73.525,0.0
2014-01-27T12:00:00Z,3.525,73.575,0.0
2014-01-27T12:00:00Z,3.525,73.625,0.0
2014-01-27T12:00:00Z,3.475,73.375,0.0
2014-01-27T12:00:00Z,3.475,73.425,0.0
2014-01-27T12:00:00Z,3.475,73.475,0.0
2014-01-27T12:00:00Z,3.475,73.525,0.0
2014-01-27T12:00:00Z,3.475,73.575,0.0
2014-01-27T12:00:00Z,3.475,73.625,0.0
2014-01-27T12:00:00Z,3.425,73.375,0.0
2014-01-27T12:00:00Z,3.425,73.425,0.0
2014-01-27T12:00:00Z,3.425,73.475,0.0
2014-01-27T12:00:00Z,3.425,73.525,0.0
2014-01-27T12:00:00Z,3.425,73.575,0.0
2014-01-27T12:00:00Z,3.425,73.625,0.0
2014-01-27T12:00:00Z,3.375,73.375,0.0
2014-01-27T12:00:00Z,3.375,73.425,0.0
2014-01-27T12:00:00Z,3.375,73.475,0.0
2014-01-27T12:00:00Z,3.375,73.525,0.0
2014-01-27T12:00:00Z,3.375,73.575,0.0
2014-01-27T12:00:00Z,3.375,73.625,0.0
2014-01-27T12:00:00Z,3.325,73.375,0.0
2014-01-27T12:00:00Z,3.325,73.425,0.0
2014-01-27T12:00:00Z,3.325,73.475,0.0
2014-01-27T12:00:00Z,3.325,73.525,0.0
2014-01-27T12:00:00Z,3.325,73.575,0.0
2014-01-27T12:00:00Z,3.325,73.625,0.0
2014-02-26T12:00:00Z,3.675,73.375,0.0
2014-02-26T12:00:00Z,3.675,73.425,0.0
2014-02-26T12:00:00Z,3.675,73.475,0.0
2014-02-26T12:00:00Z,3.675,73.525,0.0
2014-02-26T12:00:00Z,3.675,73.575,0.0
2014-02-26T12:00:00Z,3.675,73.625,0.0
2014-02-26T12:00:00Z,3.625,73.375,0.0
2014-02-26T12:00:00Z,3.625,73.425,0.0
2014-02-26T12:00:00Z,3.625,73.475,0.0
2014-02-26T12:00:00Z,3.625,73.525,0.0
2014-02-26T12:00:00Z,3.625,73.575,0.0
2014-02-26T12:00:00Z,3.625,73.625,0.0
2014-02-26T12:00:00Z,3.575,73.375,0.0
2014-02-26T12:00:00Z,3.575,73.425,0.0
2014-02-26T12:00:00Z,3.575,73.475,0.0
2014-02-26T12:00:00Z,3.575,73.525,0.0
2014-02-26T12:00:00Z,3.575,73.575,0.0
2014-02-26T12:00:00Z,3.575,73.625,0.0
2014-02-26T12:00:00Z,3.525,73.375,0.0
2014-02-26T12:00:00Z,3.525,73.425,0.0
2014-02-26T12:00:00Z,3.525,73.475,0.0
2014-02-26T12:00:00Z,3.525,73.525,0.0
2014-02-26T12:00:00Z,3.525,73.575,0.0
2014-02-26T12:00:00Z,3.525,73.625,0.0
2014-02-26T12:00:00Z,3.475,73.375,0.0
2014-02-26T12:00:00Z,3.475,73.425,0.0
2014-02-26T12:00:00Z,3.475,73.475,0.0
2014-02-26T12:00:00Z,3.475,73.525,0.0
2014-02-26T12:00:00Z,3.475,73.575,0.0
2014-02-26T12:00:00Z,3.475,73.625,0.0
2014-02-26T12:00:00Z,3.425,73.375,0.0
2014-02-26T12:00:00Z,3.425,73.425,0.0
2014-02-26T12:00:00Z,3.425,73.475,0.0
2014-02-26T12:00:00Z,3.425,73.525,0.0
2014-02-26T12:00:00Z,3.425,73.575,0.0
2014-02-26T12:00:00Z,3.425,73.625,0.0
2014-02-26T12:00:00Z,3.375,73.375,0.0
2014-02-26T12:00:00Z,3.375,73.425,0.0
2014-02-26T12:00:00Z,3.375,73.475,0.0
2014-02-26T12:00:00Z,3.375,73.525,0.0
2014-02-26T12:00:00Z,3.375,73.575,0.0
2014-02-26T12:00:00Z,3.375,73.625,0.0
2014-02-26T12:00:00Z,3.325,73.375,0.0
2014-02-26T12:00:00Z,3.325,73.425,0.0
2014-02-26T12:00:00Z,3.325,73.475,0.0
2014-02-26T12:00:00Z,3.325,73.525,0.0
2014-02-26T12:00:00Z,3.325,73.575,0.0
2014-02-26T12:00:00Z,3.325,73.625,0.0
2014-03-28T12:00:00Z,3.675,73.375,0.0
2014-03-28T12:00:00Z,3.675,73.425,0.0
2014-03-28T12:00:00Z,3.675,73.475,0.0
2014-03-28T12:00:00Z,3.675,73.525,0.0
2014-03-28T12:00:00Z,3.675,73.575,0.0
2014-03-28T12:00:00Z,3.675,73.625,0.0
2014-03-28T12:00:00Z,3.625,73.375,0.0
2014-03-28T12:00:00Z,3.625,73.425,0.0
2014-03-28T12:00:00Z,3.625,73.475,0.0
2014-03-28T12:00:00Z,3.625,73.525,0.0
2014-03-28T12:00:00Z,3.625,73.575,0.0
2014-03-28T12:00:00Z,3.625,73.625,0.0
2014-03-28T12:00:00Z,3.575,73.375,0.0
2014-03-28T12:00:00Z,3.575,73.425,0.0
2014-03-28T12:00:00Z,3.575,73.475,0.0
2014-03-28T12:00:00Z,3.575,73.525,0.0
2014-03-28T12:00:00Z,3.575,73.575,0.0
2014-03-28T12:00:00Z,3.575,73.625,0.0
2014-03-28T12:00:00Z,3.525,73.375,0.0
2014-03-28T12:00:00Z,3.525,73.425,0.0
2014-03-28T12:00:00Z,3.525,73.475,0.0
2014-03-28T12:00:00Z,3.525,73.525,0.0
2014-03-28T12:00:00Z,3.525,73.575,0.0
2014-03-28T12:00:00Z,3.525,73.625,0.0
2014-03-28T12:00:00Z,3.475,73.375,0.0
2014-03-28T12:00:00Z,3.475,73.425,0.0
2014-03-28T12:00:00Z,3.475,73.475,0.0
2014-03-28T12:00:00Z,3.475,73.525,0.0
2014-03-28T12:00:00Z,3.475,73.575,0.0
2014-03-28T12:00:00Z,3.475,73.625,0.0
2014-03-28T12:00:00Z,3.425,73.375,0.0
2014-03-28T12:00:00Z,3.425,73.425,0.0
2014-03-28T12:00:00Z,3.425,73.475,0.0
2014-03-28T12:00:00Z,3.425,73.525,0.0
2014-03-28T12:00:00Z,3.425,73.575,0.0
2014-03-28T12:00:00Z,3.425,73.625,0.0
2014-03-28T12:00:00Z,3.375,73.375,0.0
2014-03-28T12:00:00Z,3.375,73.425,0.0
2014-03-28T12:00:00Z,3.375,73.475,0.0
2014-03-28T12:00:00Z,3.375,73.525,0.0
2014-03-28T12:00:00Z,3.375,73.575,0.0
2014-03-28T12:00:00Z,3.375,73.625,0.0
2014-03-28T12:00:00Z,3.325,73.375,0.0
2014-03-28T12:00:00Z,3.325,73.425,0.0
2014-03-28T12:00:00Z,3.325,73.475,0.0
2014-03-28T12:00:00Z,3.325,73.525,0.0
2014-03-28T12:00:00Z,3.325,73.575,0.0
2014-03-28T12:00:00Z,3.325,73.625,0.0
2014-04-27T12:00:00Z,3.675,73.375,0.0
2014-04-27T12:00:00Z,3.675,73.425,0.0
2014-04-27T12:00:00Z,3.675,73.475,0.0
2014-04-27T12:00:00Z,3.675,73.525,0.0
2014-04-27T12:00:00Z,3.675,73.575,0.0
2014-04-27T12:00:00Z,3.675,73.625,0.0
2014-04-27T12:00:00Z,3.625,73.375,0.0
2014-04-27T12:00:00Z,3.625,73.425,0.0
2014-04-27T12:00:00Z,3.625,73.475,0.0
2014-04-27T12:00:00Z,3.625,73.525,0.0
2014-04-27T12:00:00Z,3.625,73.575,0.0
2014-04-27T12:00:00Z,3.625,73.625,0.0
2014-04-27T12:00:00Z,3.575,73.375,0.0
2014-04-27T12:00:00Z,3.575,73.425,0.0
2014-04-27T12:00:00Z,3.575,73.475,0.0
2014-04-27T12:00:00Z,3.575,73.525,0.0
2014-04-27T12:00:00Z,3.575,73.575,0.0
2014-04-27T12:00:00Z,3.575,73.625,0.0
2014-04-27T12:00:00Z,3.525,73.375,0.0
2014-04-27T12:00:00Z,3.525,73.425,0.0
2014-04-27T12:00:00Z,3.525,73.475,0.0
2014-04-27T12:00:00Z,3.525,73.525,0.0
2014-04-27T12:00:00Z,3.525,73.575,0.0
2014-04-27T12:00:00Z,3.525,73.625,0.0
2014-04-27T12:00:00Z,3.475,73.375,0.0
2014-04-27T12:00:00Z,3.475,73.425,0.0
2014-04-27T12:00:00Z,3.475,73.475,0.0
2014-04-27T12:00:00Z,3.475,73.525,0.0
2014-04-27T12:00:00Z,3.475,73.575,0.0
2014-04-27T12:00:00Z,3.475,73.625,0.0
2014-04-27T12:00:00Z,3.425,73.375,0.0
2014-04-27T12:00:00Z,3.425,73.425,0.0
2014-04-27T12:00:00Z,3.425,73.475,0.0
2014-04-27T12:00:00Z,3.425,73.525,0.0
2014-04-27T12:00:00Z,3.425,73.575,0.0
2014-04-27T12:00:00Z,3.425,73.625,0.0
2014-04-27T12:00:00Z,3.375,73.375,0.0
2014-04-27T12:00:00Z,3.375,73.425,0.0
2014-04-27T12:00:00Z,3.375,73.475,0.0
2014-04-27T12:00:00Z,3.375,73.525,0.0
2014-04-27T12:00:00Z,3.375,73.575,0.0
2014-04-27T12:00:00Z,3.375,73.625,0.0
2014-04-27T12:00:00Z,3.325,73.375,0.0
2014-04-27T12:00:00Z,3.325,73.425,0.0
2014-04-27T12:00:00Z,3.325,73.475,0.0
2014-04-27T12:00:00Z,3.325,73.525,0.0
2014-04-27T12:00:00Z,3.325,73.575,0.0
2014-04-27T12:00:00Z,3.325,73.625,0.0
2014-05-27T12:00:00Z,3.675,73.375,0.0
2014-05-27T12:00:00Z,3.675,73.425,0.0
2014-05-27T12:00:00Z,3.675,73.475,0.0
2014-05-27T12:00:00Z,3.675,73.525,0.0
2014-05-27T12:00:00Z,3.675,73.575,0.0
2014-05-27T12:00:00Z,3.675,73.625,0.0
2014-05-27T12:00:00Z,3.625,73.375,0.0
2014-05-27T12:00:00Z,3.625,73.425,0.0
2014-05-27T12:00:00Z,3.625,73.475,0.0
2014-05-27T12:00:00Z,3.625,73.525,0.0
2014-05-27T12:00:00Z,3.625,73.575,0.0
2014-05-27T12:00:00Z,3.625,73.625,0.0
2014-05-27T12:00:00Z,3.575,73.375,0.0
2014-05-27T12:00:00Z,3.575,73.425,0.0
2014-05-27T12:00:00Z,3.575,73.475,0.0
2014-05-27T12:00:00Z,3.575,73.525,0.0
2014-05-27T12:00:00Z,3.575,73.575,0.0
2014-05-27T12:00:00Z,3.575,73.625,0.0
2014-05-27T12:00:00Z,3.525,73.375,0.0
2014-05-27T12:00:00Z,3.525,73.425,0.0
2014-05-27T12:00:00Z,3.525,73.475,0.0
2014-05-27T12:00:00Z,3.525,73.525,0.0
2014-05-27T12:00:00Z,3.525,73.575,0.0
2014-05-27T12:00:00Z,3.525,73.625,0.0
2014-05-27T12:00:00Z,3.475,73.375,0.0
2014-05-27T12:00:00Z,3.475,73.425,0.0
2014-05-27T12:00:00Z,3.475,73.475,0.0
2014-05-27T12:00:00Z,3.475,73.525,0.0
2014-05-27T12:00:00Z,3.475,73.575,0.0
2014-05-27T12:00:00Z,3.475,73.625,0.0
2014-05-27T12:00:00Z,3.425,73.375,0.0
2014-05-27T12:00:00Z,3.425,73.425,0.0
2014-05-27T12:00:00Z,3.425,73.475,0.0
2014-05-27T12:00:00Z,3.425,73.525,0.0
2014-05-27T12:00:00Z,3.425,73.575,0.0
2014-05-27T12:00:00Z,3.425,73.625,0.0
2014-05-27T12:00:00Z,3.375,73.375,0.0
2014-05-27T12:00:00Z,3.375,73.425,0.0
2014-05-27T12:00:00Z,3.375,73.475,0.0
2014-05-27T12:00:00Z,3.375,73.525,0.0
2014-05-27T12:00:00Z,3.375,73.575,0.0
2014-05-27T12:00:00Z,3.375,73.625,0.0
2014-05-27T12:00:00Z,3.325,73.375,0.0
2014-05-27T12:00:00Z,3.325,73.425,0.0
2014-05-27T12:00:00Z,3.325,73.475,0.0
2014-05-27T12:00:00Z,3.325,73.525,0.0
2014-05-27T12:00:00Z,3.325,73.575,0.0
2014-05-27T12:00:00Z,3.325,73.625,0.0
2014-06-26T12:00:00Z,3.675,73.375,0.0
2014-06-26T12:00:00Z,3.675,73.425,0.0
2014-06-26T12:00:00Z,3.675,73.475,0.0
2014-06-26T12:00:00Z,3.675,73.525,0.0
2014-06-26T12:00:00Z,3.675,73.575,0.0
2014-06-26T12:00:00Z,3.675,73.625,0.0
2014-06-26T12:00:00Z,3.625,73.375,0.0
2014-06-26T12:00:00Z,3.625,73.425,0.0
2014-06-26T12:00:00Z,3.625,73.475,0.0
2014-06-26T12:00:00Z,3.625,73.525,0.0
2014-06-26T12:00:00Z,3.625,73.575,0.0
2014-06-26T12:00:00Z,3.625,73.625,0.0
2014-06-26T12:00:00Z,3.575,73.375,0.0
2014-06-26T12:00:00Z,3.575,73.425,0.0
2014-06-26T12:00:00Z,3.575,73.475,0.0
2014-06-26T12:00:00Z,3.575,73.525,0.0
2014-06-26T12:00:00Z,3.575,73.575,0.0
2014-06-26T12:00:00Z,3.575,73.625,0.0
2014-06-26T12:00:00Z,3.525,73.375,0.0
2014-06-26T12:00:00Z,3.525,73.425,0.0
2014-06-26T12:00:00Z,3.525,73.475,0.0
2014-06-26T12:00:00Z,3.525,73.525,0.0
2014-06-26T12:00:00Z,3.525,73.575,0.0
2014-06-26T12:00:00Z,3.525,73.625,0.0
2014-06-26T12:00:00Z,3.475,73.375,0.0
2014-06-26T12:00:00Z,3.475,73.425,0.0
2014-06-26T12:00:00Z,3.475,73.475,0.0
2014-06-26T12:00:00Z,3.475,73.525,0.0
2014-06-26T12:00:00Z,3.475,73.575,0.0
2014-06-26T12:00:00Z,3.475,73.625,0.0
2014-06-26T12:00:00Z,3.425,73.375,0.0
2014-06-26T12:00:00Z,3.425,73.425,0.0
2014-06-26T12:00:00Z,3.425,73.475,0.0
2014-06-26T12:00:00Z,3.425,73.525,0.0
2014-06-26T12:00:00Z,3.425,73.575,0.0
2014-06-26T12:00:00Z,3.425,73.625,0.0
2014-06-26T12:00:00Z,3.375,73.375,0.0
2014-06-26T12:00:00Z,3.375,73.425,0.0
2014-06-26T12:00:00Z,3.375,73.475,0.0
2014-06-26T12:00:00Z,3.375,73.525,0.0
2014-06-26T12:00:00Z,3.375,73.575,0.0
2014-06-26T12:00:00Z,3.375,73.625,0.0
2014-06-26T12:00:00Z,3.325,73.375,0.0
2014-06-26T12:00:00Z,3.325,73.425,0.0
2014-06-26T12:00:00Z,3.325,73.475,0.0
2014-06-26T12:00:00Z,3.325,73.525,0.0
2014-06-26T12:00:00Z,3.325,73.575,0.0
2014-06-26T12:00:00Z,3.325,73.625,0.0
2014-07-26T12:00:00Z,3.675,73.375,0.0
2014-07-26T12:00:00Z,3.675,73.425,0.0
2014-07-26T12:00:00Z,3.675,73.475,0.0
2014-07-26T12:00:00Z,3.675,73.525,0.0
2014-07-26T12:00:00Z,3.675,73.575,0.0
2014-07-26T12:00:00Z,3.675,73.625,0.0
2014-07-26T12:00:00Z,3.625,73.375,0.0
2014-07-26T12:00:00Z,3.625,73.425,0.0
2014-07-26T12:00:00Z,3.625,73.475,0.0
2014-07-26T12:00:00Z,3.625,73.525,0.0
2014-07-26T12:00:00Z,3.625,73.575,0.0
2014-07-26T12:00:00Z,3.625,73.625,0.0
2014-07-26T12:00:00Z,3.575,73.375,0.0
2014-07-26T12:00:00Z,3.575,73.425,0.0
2014-07-26T12:00:00Z,3.575,73.475,0.0
2014-07-26T12:00:00Z,3.575,73.525,0.0
2014-07-26T12:00:00Z,3.575,73.575,0.0
2014-07-26T12:00:00Z,3.575,73.625,0.0
2014-07-26T12:00:00Z,3.525,73.375,0.0
2014-07-26T12:00:00Z,3.525,73.425,0.0
2014-07-26T12:00:00Z,3.525,73.475,0.0
2014-07-26T12:00:00Z,3.525,73.525,0.0
2014-07-26T12:00:00Z,3.525,73.575,0.0
2014-07-26T12:00:00Z,3.525,73.625,0.0
2014-07-26T12:00:00Z,3.475,73.375,0.0
2014-07-26T12:00:00Z,3.475,73.425,0.0
2014-07-26T12:00:00Z,3.475,73.475,0.0
2014-07-26T12:00:00Z,3.475,73.525,0.0
2014-07-26T12:00:00Z,3.475,73.575,0.0
2014-07-26T12:00:00Z,3.475,73.625,0.0
2014-07-26T12:00:00Z,3.425,73.375,0.0
2014-07-26T12:00:00Z,3.425,73.425,0.0
2014-07-26T12:00:00Z,3.425,73.475,0.0
2014-07-26T12:00:00Z,3.425,73.525,0.0
2014-07-26T12:00:00Z,3.425,73.575,0.0
2014-07-26T12:00:00Z,3.425,73.625,0.0
2014-07-26T12:00:00Z,3.375,73.375,0.0
2014-07-26T12:00:00Z,3.375,73.425,0.0
2014-07-26T12:00:00Z,3.375,73.475,0.0
2014-07-26T12:00:00Z,3.375,73.525,0.0
2014-07-26T12:00:00Z,3.375,73.575,0.0
2014-07-26T12:00:00Z,3.375,73.625,0.0
2014-07-26T12:00:00Z,3.325,73.375,0.0
2014-07-26T12:00:00Z,3.325,73.425,0.0
2014-07-26T12:00:00Z,3.325,73.475,0.0
2014-07-26T12:00:00Z,3.325,73.525,0.0
2014-07-26T12:00:00Z,3.325,73.575,0.0
2014-07-26T12:00:00Z,3.325,73.625,0.0
2014-08-25T12:00:00Z,3.675,73.375,0.0
2014-08-25T12:00:00Z,3.675,73.425,0.0
2014-08-25T12:00:00Z,3.675,73.475,0.0
2014-08-25T12:00:00Z,3.675,73.525,0.0
2014-08-25T12:00:00Z,3.675,73.575,0.0
2014-08-25T12:00:00Z,3.675,73.625,0.0
2014-08-25T12:00:00Z,3.625,73.375,0.0
2014-08-25T12:00:00Z,3.625,73.425,0.0
2014-08-25T12:00:00Z,3.625,73.475,0.0
2014-08-25T12:00:00Z,3.625,73.525,0.0
2014-08-25T12:00:00Z,3.625,73.575,0.0
2014-08-25T12:00:00Z,3.625,73.625,0.0
2014-08-25T12:00:00Z,3.575,73.375,0.0
2014-08-25T12:00:00Z,3.575,73.425,0.0
2014-08-25T12:00:00Z,3.575,73.475,0.0
2014-08-25T12:00:00Z,3.575,73.525,0.0
2014-08-25T12:00:00Z,3.575,73.575,0.0
2014-08-25T12:00:00Z,3.575,73.625,0.0
2014-08-25T12:00:00Z,3.525,73.375,0.0
2014-08-25T12:00:00Z,3.525,73.425,0.0
2014-08-25T12:00:00Z,3.525,73.475,0.0
2014-08-25T12:00:00Z,3.525,73.525,0.0
2014-08-25T12:00:00Z,3.525,73.575,0.0
2014-08-25T12:00:00Z,3.525,73.625,0.0
2014-08-25T12:00:00Z,3.475,73.375,0.0
2014-08-25T12:00:00Z,3.475,73.425,0.0
2014-08-25T12:00:00Z,3.475,73.475,0.0
2014-08-25T12:00:00Z,3.475,73.525,0.0
2014-08-25T12:00:00Z,3.475,73.575,0.0
2014-08-25T12:00:00Z,3.475,73.625,0.0
2014-08-25T12:00:00Z,3.425,73.375,0.0
2014-08-25T12:00:00Z,3.425,73.425,0.0
2014-08-25T12:00:00Z,3.425,73.475,0.0
2014-08-25T12:00:00Z,3.425,73.525,0.0
2014-08-25T12:00:00Z,3.425,73.575,0.0
2014-08-25T12:00:00Z,3.425,73.625,0.0
2014-08-25T12:00:00Z,3.375,73.375,0.0
2014-08-25T12:00:00Z,3.375,73.425,0.0
2014-08-25T12:00:00Z,3.375,73.475,0.0
2014-08-25T12:00:00Z,3.375,73.525,0.0
2014-08-25T12:00:00Z,3.375,73.575,0.0
2014-08-25T12:00:00Z,3.375,73.625,0.0
2014-08-25T12:00:00Z,3.325,73.375,0.0
2014-08-25T12:00:00Z,3.325,73.425,0.0
2014-08-25T12:00:00Z,3.325,73.475,0.0
2014-08-25T12:00:00Z,3.325,73.525,0.0
2014-08-25T12:00:00Z,3.325,73.575,0.0
2014-08-25T12:00:00Z,3.325,73.625,0.0
2014-09-24T12:00:00Z,3.675,73.375,0.0
2014-09-24T12:00:00Z,3.675,73.425,0.0
2014-09-24T12:00:00Z,3.675,73.475,0.0
2014-09-24T12:00:00Z,3.675,73.525,0.0
2014-09-24T12:00:00Z,3.675,73.575,0.0
2014-09-24T12:00:00Z,3.675,73.625,0.0
2014-09-24T12:00:00Z,3.625,73.375,0.0
2014-09-24T12:00:00Z,3.625,73.425,0.0
2014-09-24T12:00:00Z,3.625,73.475,0.0
2014-09-24T12:00:00Z,3.625,73.525,0.0
2014-09-24T12:00:00Z,3.625,73.575,0.0
2014-09-24T12:00:00Z,3.625,73.625,0.0
2014-09-24T12:00:00Z,3.575,73.375,0.0
2014-09-24T12:00:00Z,3.575,73.425,0.0
2014-09-24T12:00:00Z,3.575,73.475,0.0
2014-09-24T12:00:00Z,3.575,73.525,0.0
2014-09-24T12:00:00Z,3.575,73.575,0.0
2014-09-24T12:00:00Z,3.575,73.625,0.0
2014-09-24T12:00:00Z,3.525,73.375,0.0
2014-09-24T12:00:00Z,3.525,73.425,0.0
2014-09-24T12:00:00Z,3.525,73.475,0.0
2014-09-24T12:00:00Z,3.525,73.525,0.0
2014-09-24T12:00:00Z,3.525,73.575,0.0
2014-09-24T12:00:00Z,3.525,73.625,0.0
2014-09-24T12:00:00Z,3.475,73.375,0.0
2014-09-24T12:00:00Z,3.475,73.425,0.0
2014-09-24T12:00:00Z,3.475,73.475,0.0
2014-09-24T12:00:00Z,3.475,73.525,0.0
2014-09-24T12:00:00Z,3.475,73.575,0.0
2014-09-24T12:00:00Z,3.475,73.625,0.0
2014-09-24T12:00:00Z,3.425,73.375,0.0
2014-09-24T12:00:00Z,3.425,73.425,0.0
2014-09-24T12:00:00Z,3.425,73.475,0.0
2014-09-24T12:00:00Z,3.425,73.525,0.0
2014-09-24T12:00:00Z,3.425,73.575,0.0
2014-09-24T12:00:00Z,3.425,73.625,0.0
2014-09-24T12:00:00Z,3.375,73.375,0.0
2014-09-24T12:00:00Z,3.375,73.425,0.0
2014-09-24T12:00:00Z,3.375,73.475,0.0
2014-09-24T12:00:00Z,3.375,73.525,0.0
2014-09-24T12:00:00Z,3.375,73.575,0.0
2014-09-24T12:00:00Z,3.375,73.625,0.0
2014-09-24T12:00:00Z,3.325,73.375,0.0
2014-09-24T12:00:00Z,3.325,73.425,0.0
2014-09-24T12:00:00Z,3.325,73.475,0.0
2014-09-24T12:00:00Z,3.325,73.525,0.0
2014-09-24T12:00:00Z,3.325,73.575,0.0
2014-09-24T12:00:00Z,3.325,73.625,0.0
2014-10-24T12:00:00Z,3.675,73.375,0.0
2014-10-24T12:00:00Z,3.675,73.425,0.0
2014-10-24T12:00:00Z,3.675,73.475,0.0
2014-10-24T12:00:00Z,3.675,73.525,0.0
2014-10-24T12:00:00Z,3.675,73.575,0.0
2014-10-24T12:00:00Z,3.675,73.625,0.0
2014-10-24T12:00:00Z,3.625,73.375,0.0
2014-10-24T12:00:00Z,3.625,73.425,0.0
2014-10-24T12:00:00Z,3.625,73.475,0.0
2014-10-24T12:00:00Z,3.625,73.525,0.0
2014-10-24T12:00:00Z,3.625,73.575,0.0
2014-10-24T12:00:00Z,3.625,73.625,0.0
2014-10-24T12:00:00Z,3.575,73.375,0.0
2014-10-24T12:00:00Z,3.575,73.425,0.0
2014-10-24T12:00:00Z,3.575,73.475,0.0
2014-10-24T12:00:00Z,3.575,73.525,0.0
2014-10-24T12:00:00Z,3.575,73.575,0.0
2014-10-24T12:00:00Z,3.575,73.625,0.0
2014-10-24T12:00:00Z,3.525,73.375,0.0
2014-10-24T12:00:00Z,3.525,73.425,0.0
2014-10-24T12:00:00Z,3.525,73.475,0.0
2014-10-24T12:00:00Z,3.525,73.525,0.0
2014-10-24T12:00:00Z,3.525,73.575,0.0
2014-10-24T12:00:00Z,3.525,73.625,0.0
2014-10-24T12:00:00Z,3.475,73.375,0.0
2014-10-24T12:00:00Z,3.475,73.425,0.0
2014-10-24T12:00:00Z,3.475,73.475,0.0
2014-10-24T12:00:00Z,3.475,73.525,0.0
2014-10-24T12:00:00Z,3.475,73.575,0.0
2014-10-24T12:00:00Z,3.475,73.625,0.0
2014-10-24T12:00:00Z,3.425,73.375,0.0
2014-10-24T12:00:00Z,3.425,73.425,0.0
2014-10-24T12:00:00Z,3.425,73.475,0.0
2014-10-24T12:00:00Z,3.425,73.525,0.0
2014-10-24T12:00:00Z,3.425,73.575,0.0
2014-10-24T12:00:00Z,3.425,73.625,0.0
2014-10-24T12:00:00Z,3.375,73.375,0.0
2014-10-24T12:00:00Z,3.375,73.425,0.0
2014-10-24T12:00:00Z,3.375,73.475,0.0
2014-10-24T12:00:00Z,3.375,73.525,0.0
2014-10-24T12:00:00Z,3.375,73.575,0.0
2014-10-24T12:00:00Z,3.375,73.625,0.0
2014-10-24T12:00:00Z,3.325,73.375,0.0
2014-10-24T12:00:00Z,3.325,73.425,0.0
2014-10-24T12:00:00Z,3.325,73.475,0.0
2014-10-24T12:00:00Z,3.325,73.525,0.0
2014-10-24T12:00:00Z,3.325,73.575,0.0
2014-10-24T12:00:00Z,3.325,73.625,0.0
2014-11-23T12:00:00Z,3.675,73.375,0.0
2014-11-23T12:00:00Z,3.675,73.425,0.0
2014-11-23T12:00:00Z,3.675,73.475,0.0
2014-11-23T12:00:00Z,3.675,73.525,0.0
2014-11-23T12:00:00Z,3.675,73.575,0.0
2014-11-23T12:00:00Z,3.675,73.625,0.0
2014-11-23T12:00:00Z,3.625,73.375,0.0
2014-11-23T12:00:00Z,3.625,73.425,0.0
2014-11-23T12:00:00Z,3.625,73.475,0.0
2014-11-23T12:00:00Z,3.625,73.525,0.0
2014-11-23T12:00:00Z,3.625,73.575,0.0
2014-11-23T12:00:00Z,3.625,73.625,0.0
2014-11-23T12:00:00Z,3.575,73.375,0.0
2014-11-23T12:00:00Z,3.575,73.425,0.0
2014-11-23T12:00:00Z,3.575,73.475,0.0
2014-11-23T12:00:00Z,3.575,73.525,0.0
2014-11-23T12:00:00Z,3.575,73.575,0.0
2014-11-23T12:00:00Z,3.575,73.625,0.0
2014-11-23T12:00:00Z,3.525,73.375,0.0
2014-11-23T12:00:00Z,3.525,73.425,0.0
2014-11-23T12:00:00Z,3.525,73.475,0.0
2014-11-23T12:00:00Z,3.525,73.525,0.0
2014-11-23T12:00:00Z,3.525,73.575,0.0
2014-11-23T12:00:00Z,3.525,73.625,0.0
2014-11-23T12:00:00Z,3.475,73.375,0.0
2014-11-23T12:00:00Z,3.475,73.425,0.0
2014-11-23T12:00:00Z,3.475,73.475,0.0
2014-11-23T12:00:00Z,3.475,73.525,0.0
2014-11-23T12:00:00Z,3.475,73.575,0.0
2014-11-23T12:00:00Z,3.475,73.625,0.0
2014-11-23T12:00:00Z,3.425,73.375,0.0
2014-11-23T12:00:00Z,3.425,73.425,0.0
2014-11-23T12:00:00Z,3.425,73.475,0.0
2014-11-23T12:00:00Z,3.425,73.525,0.0
2014-11-23T12:00:00Z,3.425,73.575,0.0
2014-11-23T12:00:00Z,3.425,73.625,0.0
2014-11-23T12:00:00Z,3.375,73.375,0.0
2014-11-23T12:00:00Z,3.375,73.425,0.0
2014-11-23T12:00:00Z,3.375,73.475,0.0
2014-11-23T12:00:00Z,3.375,73.525,0.0
2014-11-23T12:00:00Z,3.375,73.575,0.0
2014-11-23T12:00:00Z,3.375,73.625,0.0
2014-11-23T12:00:00Z,3.325,73.375,0.0
2014-11-23T12:00:00Z,3.325,73.425,0.0
2014-11-23T12:00:00Z,3.325,73.475,0.0
2014-11-23T12:00:00Z,3.325,73.525,0.0
2014-11-23T12:00:00Z,3.325,73.575,0.0
2014-11-23T12:00:00Z,3.325,73.625,0.0
2014-12-23T12:00:00Z,3.675,73.375,0.0
2014-12-23T12:00:00Z,3.675,73.425,0.0
2014-12-23T12:00:00Z,3.675,73.475,0.0
2014-12-23T12:00:00Z,3.675,73.525,0.0
2014-12-23T12:00:00Z,3.675,73.575,0.0
2014-12-23T12:00:00Z,3.675,73.625,0.0
2014-12-23T12:00:00Z,3.625,73.375,0.0
2014-12-23T12:00:00Z,3.625,73.425,0.0
2014-12-23T12:00:00Z,3.625,73.475,0.0
2014-12-23T12:00:00Z,3.625,73.525,0.0
2014-12-23T12:00:00Z,3.625,73.575,0.0
2014-12-23T12:00:00Z,3.625,73.625,0.0
2014-12-23T12:00:00Z,3.575,73.375,0.0
2014-12-23T12:00:00Z,3.575,73.425,0.0
2014-12-23T12:00:00Z,3.575,73.475,0.0
2014-12-23T12:00:00Z,3.575,73.525,0.0
2014-12-23T12:00:00Z,3.575,73.575,0.0
2014-12-23T12:00:00Z,3.575,73.625,0.0
2014-12-23T12:00:00Z,3.525,73.375,0.0
2014-12-23T12:00:00Z,3.525,73.425,0.0
2014-12-23T12:00:00Z,3.525,73.475,0.0
2014-12-23T12:00:00Z,3.525,73.525,0.0
2014-12-23T12:00:00Z,3.525,73.575,0.0
2014-12-23T12:00:00Z,3.525,73.625,0.0
2014-12-23T12:00:00Z,3.475,73.375,0.0
2014-12-23T12:00:00Z,3.475,73.425,0.0
2014-12-23T12:00:00Z,3.475,73.475,0.0
2014-12-23T12:00:00Z,3.475,73.525,0.0
2014-12-23T12:00:00Z,3.475,73.575,0.0
2014-12-23T12:00:00Z,3.475,73.625,0.0
2014-12-23T12:00:00Z,3.425,73.375,0.0
2014-12-23T12:00:00Z,3.425,73.425,0.0
2014-12-23T12:00:00Z,3.425,73.475,0.0
2014-12-23T12:00:00Z,3.425,73.525,0.0
2014-12-23T12:00:00Z,3.425,73.575,0.0
2014-12-23T12:00:00Z,3.425,73.625,0.0
2014-12-23T12:00:00Z,3.375,73.375,0.0
2014-12-23T12:00:00Z,3.375,73.425,0.0
2014-12-23T12:00:00Z,3.375,73.475,0.0
2014-12-23T12:00:00Z,3.375,73.525,0.0
2014-12-23T12:00:00Z,3.375,73.575,0.0
2014-12-23T12:00:00Z,3.375,73.625,0.0
2014-12-23T12:00:00Z,3.325,73.375,0.0
2014-12-23T12:00:00Z,3.325,73.425,0.0
2014-12-23T12:00:00Z,3.325,73.475,0.0
2014-12-23T12:00:00Z,3.325,73.525,0.0
2014-12-23T12:00:00Z,3.325,73.575,0.0
2014-12-23T12:00:00Z,3.325,73.625,0.0
2015-01-22T12:00:00Z,3.675,73.375,0.0
2015-01-22T12:00:00Z,3.675,73.425,0.0
2015-01-22T12:00:00Z,3.675,73.475,0.0
2015-01-22T12:00:00Z,3.675,73.525,0.0
2015-01-22T12:00:00Z,3.675,73.575,0.0
2015-01-22T12:00:00Z,3.675,73.625,0.0
2015-01-22T12:00:00Z,3.625,73.375,0.0
2015-01-22T12:00:00Z,3.625,73.425,0.0
2015-01-22T12:00:00Z,3.625,73.475,0.0
2015-01-22T12:00:00Z,3.625,73.525,0.0
2015-01-22T12:00:00Z,3.625,73.575,0.0
2015-01-22T12:00:00Z,3.625,73.625,0.0
2015-01-22T12:00:00Z,3.575,73.375,0.0
2015-01-22T12:00:00Z,3.575,73.425,0.0
2015-01-22T12:00:00Z,3.575,73.475,0.0
2015-01-22T12:00:00Z,3.575,73.525,0.0
2015-01-22T12:00:00Z,3.575,73.575,0.0
2015-01-22T12:00:00Z,3.575,73.625,0.0
2015-01-22T12:00:00Z,3.525,73.375,0.0
2015-01-22T12:00:00Z,3.525,73.425,0.0
2015-01-22T12:00:00Z,3.525,73.475,0.0
2015-01-22T12:00:00Z,3.525,73.525,0.0
2015-01-22T12:00:00Z,3.525,73.575,0.0
2015-01-22T12:00:00Z,3.525,73.625,0.0
2015-01-22T12:00:00Z,3.475,73.375,0.0
2015-01-22T12:00:00Z,3.475,73.425,0.0
2015-01-22T12:00:00Z,3.475,73.475,0.0
2015-01-22T12:00:00Z,3.475,73.525,0.0
2015-01-22T12:00:00Z,3.475,73.575,0.0
2015-01-22T12:00:00Z,3.475,73.625,0.0
2015-01-22T12:00:00Z,3.425,73.375,0.0
2015-01-22T12:00:00Z,3.425,73.425,0.0
2015-01-22T12:00:00Z,3.425,73.475,0.0
2015-01-22T12:00:00Z,3.425,73.525,0.0
2015-01-22T12:00:00Z,3.425,73.575,0.0
2015-01-22T12:00:00Z,3.425,73.625,0.0
2015-01-22T12:00:00Z,3.375,73.375,0.0
2015-01-22T12:00:00Z,3.375,73.425,0.0
2015-01-22T12:00:00Z,3.375,73.475,0.0
2015-01-22T12:00:00Z,3.375,73.525,0.0
2015-01-22T12:00:00Z,3.375,73.575,0.0
2015-01-22T12:00:00Z,3.375,73.625,0.0
2015-01-22T12:00:00Z,3.325,73.375,0.0
2015-01-22T12:00:00Z,3.325,73.425,0.0
2015-01-22T12:00:00Z,3.325,73.475,0.0
2015-01-22T12:00:00Z,3.325,73.525,0.0
2015-01-22T12:00:00Z,3.325,73.575,0.0
2015-01-22T12:00:00Z,3.325,73.625,0.0
2015-02-21T12:00:00Z,3.675,73.375,0.0
2015-02-21T12:00:00Z,3.675,73.425,0.0
2015-02-21T12:00:00Z,3.675,73.475,0.0
2015-02-21T12:00:00Z,3.675,73.525,0.0
2015-02-21T12:00:00Z,3.675,73.575,0.0
2015-02-21T12:00:00Z,3.675,73.625,0.0
2015-02-21T12:00:00Z,3.625,73.375,0.0
2015-02-21T12:00:00Z,3.625,73.425,0.0
2015-02-21T12:00:00Z,3.625,73.475,0.0
2015-02-21T12:00:00Z,3.625,73.525,0.0
2015-02-21T12:00:00Z,3.625,73.575,0.0
2015-02-21T12:00:00Z,3.625,73.625,0.0
2015-02-21T12:00:00Z,3.575,73.375,0.0
2015-02-21T12:00:00Z,3.575,73.425,0.0
2015-02-21T12:00:00Z,3.575,73.475,0.0
2015-02-21T12:00:00Z,3.575,73.525,0.0
2015-02-21T12:00:00Z,3.575,73.575,0.0
2015-02-21T12:00:00Z,3.575,73.625,0.0
2015-02-21T12:00:00Z,3.525,73.375,0.0
2015-02-21T12:00:00Z,3.525,73.425,0.0
2015-02-21T12:00:00Z,3.525,73.475,0.0
2015-02-21T12:00:00Z,3.525,73.525,0.0
2015-02-21T12:00:00Z,3.525,73.575,0.0
2015-02-21T12:00:00Z,3.525,73.625,0.0
2015-02-21T12:00:00Z,3.475,73.375,0.0
2015-02-21T12:00:00Z,3.475,73.425,0.0
2015-02-21T12:00:00Z,3.475,73.475,0.0
2015-02-21T12:00:00Z,3.475,73.525,0.0
2015-02-21T12:00:00Z,3.475,73.575,0.0
2015-02-21T12:00:00Z,3.475,73.625,0.0
2015-02-21T12:00:00Z,3.425,73.375,0.0
2015-02-21T12:00:00Z,3.425,73.425,0.0
2015-02-21T12:00:00Z,3.425,73.475,0.0
2015-02-21T12:00:00Z,3.425,73.525,0.0
2015-02-21T12:00:00Z,3.425,73.575,0.0
2015-02-21T12:00:00Z,3.425,73.625,0.0
2015-02-21T12:00:00Z,3.375,73.375,0.0
2015-02-21T12:00:00Z,3.375,73.425,0.0
2015-02-21T12:00:00Z,3.375,73.475,0.0
2015-02-21T12:00:00Z,3.375,73.525,0.0
2015-02-21T12:00:00Z,3.375,73.575,0.0
2015-02-21T12:00:00Z,3.375,73.625,0.0
2015-02-21T12:00:00Z,3.325,73.375,0.0
2015-02-21T12:00:00Z,3.325,73.425,0.0
2015-02-21T12:00:00Z,3.325,73.475,0.0
2015-02-21T12:00:00Z,3.325,73.525,0.0
2015-02-21T12:00:00Z,3.325,73.575,0.0
2015-02-21T12:00:00Z,3.325,73.625,0.0
2015-03-23T12:00:00Z,3.675,73.375,0.0
2015-03-23T12:00:00Z,3.675,73.425,0.0
2015-03-23T12:00:00Z,3.675,73.475,0.0
2015-03-23T12:00:00Z,3.675,73.525,0.0
2015-03-23T12:00:00Z,3.675,73.575,0.0
2015-03-23T12:00:00Z,3.675,73.625,0.0
2015-03-23T12:00:00Z,3.625,73.375,0.0
2015-03-23T12:00:00Z,3.625,73.425,0.0
2015-03-23T12:00:00Z,3.625,73.475,0.0
2015-03-23T12:00:00Z,3.625,73.525,0.0
2015-03-23T12:00:00Z,3.625,73.575,0.0
2015-03-23T12:00:00Z,3.625,73.625,0.0
2015-03-23T12:00:00Z,3.575,73.375,0.0
2015-03-23T12:00:00Z,3.575,73.425,0.0
2015-03-23T12:00:00Z,3.575,73.475,0.0
2015-03-23T12:00:00Z,3.575,73.525,0.0
2015-03-23T12:00:00Z,3.575,73.575,0.0
2015-03-23T12:00:00Z,3.575,73.625,0.0
2015-03-23T12:00:00Z,3.525,73.375,0.0
2015-03-23T12:00:00Z,3.525,73.425,0.0
2015-03-23T12:00:00Z,3.525,73.475,0.0
2015-03-23T12:00:00Z,3.525,73.525,0.0
2015-03-23T12:00:00Z,3.525,73.575,0.0
2015-03-23T12:00:00Z,3.525,73.625,0.0
2015-03-23T12:00:00Z,3.475,73.375,0.0
2015-03-23T12:00:00Z,3.475,73.425,0.0
2015-03-23T12:00:00Z,3.475,73.475,0.0
2015-03-23T12:00:00Z,3.475,73.525,0.0
2015-03-23T12:00:00Z,3.475,73.575,0.0
2015-03-23T12:00:00Z,3.475,73.625,0.0
2015-03-23T12:00:00Z,3.425,73.375,0.0
2015-03-23T12:00:00Z,3.425,73.425,0.0
2015-03-23T12:00:00Z,3.425,73.475,0.0
2015-03-23T12:00:00Z,3.425,73.525,0.0
2015-03-23T12:00:00Z,3.425,73.575,0.0
2015-03-23T12:00:00Z,3.425,73.625,0.0
2015-03-23T12:00:00Z,3.375,73.375,0.0
2015-03-23T12:00:00Z,3.375,73.425,0.0
2015-03-23T12:00:00Z,3.375,73.475,0.0
2015-03-23T12:00:00Z,3.375,73.525,0.0
2015-03-23T12:00:00Z,3.375,73.575,0.0
2015-03-23T12:00:00Z,3.375,73.625,0.0
2015-03-23T12:00:00Z,3.325,73.375,0.0
2015-03-23T12:00:00Z,3.325,73.425,0.0
2015-03-23T12:00:00Z,3.325,73.475,0.0
2015-03-23T12:00:00Z,3.325,73.525,0.0
2015-03-23T12:00:00Z,3.325,73.575,0.0
2015-03-23T12:00:00Z,3.325,73.625,0.0
2015-04-22T12:00:00Z,3.675,73.375,0.15
2015-04-22T12:00:00Z,3.675,73.425,0.15
2015-04-22T12:00:00Z,3.675,73.475,0.16
2015-04-22T12:00:00Z,3.675,73.525,0.31
2015-04-22T12:00:00Z,3.675,73.575,0.46
2015-04-22T12:00:00Z,3.675,73.625,0.46
2015-04-22T12:00:00Z,3.625,73.375,0.15
2015-04-22T12:00:00Z,3.625,73.425,0.15
2015-04-22T12:00:00Z,3.625,73.475,0.16
2015-04-22T12:00:00Z,3.625,73.525,0.31
2015-04-22T12:00:00Z,3.625,73.575,0.46
2015-04-22T12:00:00Z,3.625,73.625,0.46
2015-04-22T12:00:00Z,3.575,73.375,0.15
2015-04-22T12:00:00Z,3.575,73.425,0.15
2015-04-22T12:00:00Z,3.575,73.475,0.16
2015-04-22T12:00:00Z,3.575,73.525,0.31
2015-04-22T12:00:00Z,3.575,73.575,0.32
2015-04-22T12:00:00Z,3.575,73.625,0.46
2015-04-22T12:00:00Z,3.525,73.375,0.15
2015-04-22T12:00:00Z,3.525,73.425,0.15
2015-04-22T12:00:00Z,3.525,73.475,0.16
2015-04-22T12:00:00Z,3.525,73.525,0.31
2015-04-22T12:00:00Z,3.525,73.575,0.32
2015-04-22T12:00:00Z,3.525,73.625,0.32
2015-04-22T12:00:00Z,3.475,73.375,0.15
2015-04-22T12:00:00Z,3.475,73.425,0.15
2015-04-22T12:00:00Z,3.475,73.475,0.16
2015-04-22T12:00:00Z,3.475,73.525,0.45
2015-04-22T12:00:00Z,3.475,73.575,0.46
2015-04-22T12:00:00Z,3.475,73.625,0.47000000000000003
2015-04-22T12:00:00Z,3.425,73.375,0.15
2015-04-22T12:00:00Z,3.425,73.425,0.29
2015-04-22T12:00:00Z,3.425,73.475,0.3
2015-04-22T12:00:00Z,3.425,73.525,0.45
2015-04-22T12:00:00Z,3.425,73.575,0.46
2015-04-22T12:00:00Z,3.425,73.625,0.47000000000000003
2015-04-22T12:00:00Z,3.375,73.375,0.15
2015-04-22T12:00:00Z,3.375,73.425,0.15
2015-04-22T12:00:00Z,3.375,73.475,0.15
2015-04-22T12:00:00Z,3.375,73.525,0.44
2015-04-22T12:00:00Z,3.375,73.575,0.46
2015-04-22T12:00:00Z,3.375,73.625,0.61
2015-04-22T12:00:00Z,3.325,73.375,0.15
2015-04-22T12:00:00Z,3.325,73.425,0.15
2015-04-22T12:00:00Z,3.325,73.475,0.16
2015-04-22T12:00:00Z,3.325,73.525,0.16
2015-04-22T12:00:00Z,3.325,73.575,0.45
2015-04-22T12:00:00Z,3.325,73.625,0.74
2015-05-22T12:00:00Z,3.675,73.375,0.15
2015-05-22T12:00:00Z,3.675,73.425,0.29
2015-05-22T12:00:00Z,3.675,73.475,0.3
2015-05-22T12:00:00Z,3.675,73.525,0.46
2015-05-22T12:00:00Z,3.675,73.575,0.61
2015-05-22T12:00:00Z,3.675,73.625,0.61
2015-05-22T12:00:00Z,3.625,73.375,0.15
2015-05-22T12:00:00Z,3.625,73.425,0.15
2015-05-22T12:00:00Z,3.625,73.475,0.3
2015-05-22T12:00:00Z,3.625,73.525,0.46
2015-05-22T12:00:00Z,3.625,73.575,0.61
2015-05-22T12:00:00Z,3.625,73.625,0.62
2015-05-22T12:00:00Z,3.575,73.375,0.15
2015-05-22T12:00:00Z,3.575,73.425,0.15
2015-05-22T12:00:00Z,3.575,73.475,0.3
2015-05-22T12:00:00Z,3.575,73.525,0.46
2015-05-22T12:00:00Z,3.575,73.575,0.47000000000000003
2015-05-22T12:00:00Z,3.575,73.625,0.63
2015-05-22T12:00:00Z,3.525,73.375,0.15
2015-05-22T12:00:00Z,3.525,73.425,0.15
2015-05-22T12:00:00Z,3.525,73.475,0.3
2015-05-22T12:00:00Z,3.525,73.525,0.46
2015-05-22T12:00:00Z,3.525,73.575,0.48
2015-05-22T12:00:00Z,3.525,73.625,0.49
2015-05-22T12:00:00Z,3.475,73.375,0.15
2015-05-22T12:00:00Z,3.475,73.425,0.29
2015-05-22T12:00:00Z,3.475,73.475,0.3
2015-05-22T12:00:00Z,3.475,73.525,0.6
2015-05-22T12:00:00Z,3.475,73.575,0.62
2015-05-22T12:00:00Z,3.475,73.625,0.64
2015-05-22T12:00:00Z,3.425,73.375,0.15
2015-05-22T12:00:00Z,3.425,73.425,0.43
2015-05-22T12:00:00Z,3.425,73.475,0.45
2015-05-22T12:00:00Z,3.425,73.525,0.6
2015-05-22T12:00:00Z,3.425,73.575,0.62
2015-05-22T12:00:00Z,3.425,73.625,0.64
2015-05-22T12:00:00Z,3.375,73.375,0.3
2015-05-22T12:00:00Z,3.375,73.425,0.3
2015-05-22T12:00:00Z,3.375,73.475,0.31
2015-05-22T12:00:00Z,3.375,73.525,0.6
2015-05-22T12:00:00Z,3.375,73.575,0.62
2015-05-22T12:00:00Z,3.375,73.625,0.92
2015-05-22T12:00:00Z,3.325,73.375,0.44
2015-05-22T12:00:00Z,3.325,73.425,0.31
2015-05-22T12:00:00Z,3.325,73.475,0.31
2015-05-22T12:00:00Z,3.325,73.525,0.31
2015-05-22T12:00:00Z,3.325,73.575,0.75
2015-05-22T12:00:00Z,3.325,73.625,1.05
2015-06-21T12:00:00Z,3.675,73.375,0.15
2015-06-21T12:00:00Z,3.675,73.425,0.29
2015-06-21T12:00:00Z,3.675,73.475,0.3
2015-06-21T12:00:00Z,3.675,73.525,0.46
2015-06-21T12:00:00Z,3.675,73.575,0.61
2015-06-21T12:00:00Z,3.675,73.625,0.61
2015-06-21T12:00:00Z,3.625,73.375,0.15
2015-06-21T12:00:00Z,3.625,73.425,0.15
2015-06-21T12:00:00Z,3.625,73.475,0.3
2015-06-21T12:00:00Z,3.625,73.525,0.46
2015-06-21T12:00:00Z,3.625,73.575,0.61
2015-06-21T12:00:00Z,3.625,73.625,0.62
2015-06-21T12:00:00Z,3.575,73.375,0.15
2015-06-21T12:00:00Z,3.575,73.425,0.15
2015-06-21T12:00:00Z,3.575,73.475,0.3
2015-06-21T12:00:00Z,3.575,73.525,0.46
2015-06-21T12:00:00Z,3.575,73.575,0.47000000000000003
2015-06-21T12:00:00Z,3.575,73.625,0.63
2015-06-21T12:00:00Z,3.525,73.375,0.15
2015-06-21T12:00:00Z,3.525,73.425,0.15
2015-06-21T12:00:00Z,3.525,73.475,0.3
2015-06-21T12:00:00Z,3.525,73.525,0.46
2015-06-21T12:00:00Z,3.525,73.575,0.48
2015-06-21T12:00:00Z,3.525,73.625,0.49
2015-06-21T12:00:00Z,3.475,73.375,0.15
2015-06-21T12:00:00Z,3.475,73.425,0.29
2015-06-21T12:00:00Z,3.475,73.475,0.3
2015-06-21T12:00:00Z,3.475,73.525,0.6
2015-06-21T12:00:00Z,3.475,73.575,0.62
2015-06-21T12:00:00Z,3.475,73.625,0.64
2015-06-21T12:00:00Z,3.425,73.375,0.15
2015-06-21T12:00:00Z,3.425,73.425,0.43
2015-06-21T12:00:00Z,3.425,73.475,0.45
2015-06-21T12:00:00Z,3.425,73.525,0.6
2015-06-21T12:00:00Z,3.425,73.575,0.62
2015-06-21T12:00:00Z,3.425,73.625,0.64
2015-06-21T12:00:00Z,3.375,73.375,0.3
2015-06-21T12:00:00Z,3.375,73.425,0.3
2015-06-21T12:00:00Z,3.375,73.475,0.31
2015-06-21T12:00:00Z,3.375,73.525,0.6
2015-06-21T12:00:00Z,3.375,73.575,0.62
2015-06-21T12:00:00Z,3.375,73.625,0.92
2015-06-21T12:00:00Z,3.325,73.375,0.44
2015-06-21T12:00:00Z,3.325,73.425,0.31
2015-06-21T12:00:00Z,3.325,73.475,0.31
2015-06-21T12:00:00Z,3.325,73.525,0.31
2015-06-21T12:00:00Z,3.325,73.575,0.75
2015-06-21T12:00:00Z,3.325,73.625,1.05
2015-07-21T12:00:00Z,3.675,73.375,0.0
2015-07-21T12:00:00Z,3.675,73.425,0.14
2015-07-21T12:00:00Z,3.675,73.475,0.15
2015-07-21T12:00:00Z,3.675,73.525,0.15
2015-07-21T12:00:00Z,3.675,73.575,0.16
2015-07-21T12:00:00Z,3.675,73.625,0.16
2015-07-21T12:00:00Z,3.625,73.375,0.0
2015-07-21T12:00:00Z,3.625,73.425,0.0
2015-07-21T12:00:00Z,3.625,73.475,0.15
2015-07-21T12:00:00Z,3.625,73.525,0.15
2015-07-21T12:00:00Z,3.625,73.575,0.16
2015-07-21T12:00:00Z,3.625,73.625,0.16
2015-07-21T12:00:00Z,3.575,73.375,0.0
2015-07-21T12:00:00Z,3.575,73.425,0.0
2015-07-21T12:00:00Z,3.575,73.475,0.14
2015-07-21T12:00:00Z,3.575,73.525,0.15
2015-07-21T12:00:00Z,3.575,73.575,0.16
2015-07-21T12:00:00Z,3.575,73.625,0.16
2015-07-21T12:00:00Z,3.525,73.375,0.0
2015-07-21T12:00:00Z,3.525,73.425,0.0
2015-07-21T12:00:00Z,3.525,73.475,0.15
2015-07-21T12:00:00Z,3.525,73.525,0.15
2015-07-21T12:00:00Z,3.525,73.575,0.16
2015-07-21T12:00:00Z,3.525,73.625,0.16
2015-07-21T12:00:00Z,3.475,73.375,0.0
2015-07-21T12:00:00Z,3.475,73.425,0.14
2015-07-21T12:00:00Z,3.475,73.475,0.15
2015-07-21T12:00:00Z,3.475,73.525,0.15
2015-07-21T12:00:00Z,3.475,73.575,0.16
2015-07-21T12:00:00Z,3.475,73.625,0.17
2015-07-21T12:00:00Z,3.425,73.375,0.0
2015-07-21T12:00:00Z,3.425,73.425,0.15
2015-07-21T12:00:00Z,3.425,73.475,0.15
2015-07-21T12:00:00Z,3.425,73.525,0.16
2015-07-21T12:00:00Z,3.425,73.575,0.16
2015-07-21T12:00:00Z,3.425,73.625,0.17
2015-07-21T12:00:00Z,3.375,73.375,0.15
2015-07-21T12:00:00Z,3.375,73.425,0.15
2015-07-21T12:00:00Z,3.375,73.475,0.16
2015-07-21T12:00:00Z,3.375,73.525,0.16
2015-07-21T12:00:00Z,3.375,73.575,0.16
2015-07-21T12:00:00Z,3.375,73.625,0.17
2015-07-21T12:00:00Z,3.325,73.375,0.29
2015-07-21T12:00:00Z,3.325,73.425,0.15
2015-07-21T12:00:00Z,3.325,73.475,0.16
2015-07-21T12:00:00Z,3.325,73.525,0.16
2015-07-21T12:00:00Z,3.325,73.575,0.16
2015-07-21T12:00:00Z,3.325,73.625,0.17
2015-08-20T12:00:00Z,3.675,73.375,0.0
2015-08-20T12:00:00Z,3.675,73.425,0.0
2015-08-20T12:00:00Z,3.675,73.475,0.0
2015-08-20T12:00:00Z,3.675,73.525,0.0
2015-08-20T12:00:00Z,3.675,73.575,0.0
2015-08-20T12:00:00Z,3.675,73.625,0.0
2015-08-20T12:00:00Z,3.625,73.375,0.0
2015-08-20T12:00:00Z,3.625,73.425,0.0
2015-08-20T12:00:00Z,3.625,73.475,0.0
2015-08-20T12:00:00Z,3.625,73.525,0.0
2015-08-20T12:00:00Z,3.625,73.575,0.0
2015-08-20T12:00:00Z,3.625,73.625,0.0
2015-08-20T12:00:00Z,3.575,73.375,0.0
2015-08-20T12:00:00Z,3.575,73.425,0.0
2015-08-20T12:00:00Z,3.575,73.475,0.0
2015-08-20T12:00:00Z,3.575,73.525,0.0
2015-08-20T12:00:00Z,3.575,73.575,0.0
2015-08-20T12:00:00Z,3.575,73.625,0.0
2015-08-20T12:00:00Z,3.525,73.375,0.0
2015-08-20T12:00:00Z,3.525,73.425,0.0
2015-08-20T12:00:00Z,3.525,73.475,0.0
2015-08-20T12:00:00Z,3.525,73.525,0.0
2015-08-20T12:00:00Z,3.525,73.575,0.0
2015-08-20T12:00:00Z,3.525,73.625,0.0
2015-08-20T12:00:00Z,3.475,73.375,0.0
2015-08-20T12:00:00Z,3.475,73.425,0.0
2015-08-20T12:00:00Z,3.475,73.475,0.0
2015-08-20T12:00:00Z,3.475,73.525,0.0
2015-08-20T12:00:00Z,3.475,73.575,0.0
2015-08-20T12:00:00Z,3.475,73.625,0.0
2015-08-20T12:00:00Z,3.425,73.375,0.0
2015-08-20T12:00:00Z,3.425,73.425,0.0
2015-08-20T12:00:00Z,3.425,73.475,0.0
2015-08-20T12:00:00Z,3.425,73.525,0.0
2015-08-20T12:00:00Z,3.425,73.575,0.0
2015-08-20T12:00:00Z,3.425,73.625,0.0
2015-08-20T12:00:00Z,3.375,73.375,0.0
2015-08-20T12:00:00Z,3.375,73.425,0.0
2015-08-20T12:00:00Z,3.375,73.475,0.0
2015-08-20T12:00:00Z,3.375,73.525,0.0
2015-08-20T12:00:00Z,3.375,73.575,0.0
2015-08-20T12:00:00Z,3.375,73.625,0.0
2015-08-20T12:00:00Z,3.325,73.375,0.0
2015-08-20T12:00:00Z,3.325,73.425,0.0
2015-08-20T12:00:00Z,3.325,73.475,0.0
2015-08-20T12:00:00Z,3.325,73.525,0.0
2015-08-20T12:00:00Z,3.325,73.575,0.0
2015-08-20T12:00:00Z,3.325,73.625,0.0
2015-09-19T12:00:00Z,3.675,73.375,0.0
2015-09-19T12:00:00Z,3.675,73.425,0.0
2015-09-19T12:00:00Z,3.675,73.475,0.0
2015-09-19T12:00:00Z,3.675,73.525,0.0
2015-09-19T12:00:00Z,3.675,73.575,0.0
2015-09-19T12:00:00Z,3.675,73.625,0.0
2015-09-19T12:00:00Z,3.625,73.375,0.0
2015-09-19T12:00:00Z,3.625,73.425,0.0
2015-09-19T12:00:00Z,3.625,73.475,0.0
2015-09-19T12:00:00Z,3.625,73.525,0.0
2015-09-19T12:00:00Z,3.625,73.575,0.0
2015-09-19T12:00:00Z,3.625,73.625,0.0
2015-09-19T12:00:00Z,3.575,73.375,0.0
2015-09-19T12:00:00Z,3.575,73.425,0.0
2015-09-19T12:00:00Z,3.575,73.475,0.0
2015-09-19T12:00:00Z,3.575,73.525,0.0
2015-09-19T12:00:00Z,3.575,73.575,0.0
2015-09-19T12:00:00Z,3.575,73.625,0.0
2015-09-19T12:00:00Z,3.525,73.375,0.0
2015-09-19T12:00:00Z,3.525,73.425,0.0
2015-09-19T12:00:00Z,3.525,73.475,0.0
2015-09-19T12:00:00Z,3.525,73.525,0.0
2015-09-19T12:00:00Z,3.525,73.575,0.0
2015-09-19T12:00:00Z,3.525,73.625,0.0
2015-09-19T12:00:00Z,3.475,73.375,0.0
2015-09-19T12:00:00Z,3.475,73.425,0.0
2015-09-19T12:00:00Z,3.475,73.475,0.0
2015-09-19T12:00:00Z,3.475,73.525,0.0
2015-09-19T12:00:00Z,3.475,73.575,0.0
2015-09-19T12:00:00Z,3.475,73.625,0.0
2015-09-19T12:00:00Z,3.425,73.375,0.0
2015-09-19T12:00:00Z,3.425,73.425,0.0
2015-09-19T12:00:00Z,3.425,73.475,0.0
2015-09-19T12:00:00Z,3.425,73.525,0.0
2015-09-19T12:00:00Z,3.425,73.575,0.0
2015-09-19T12:00:00Z,3.425,73.625,0.0
2015-09-19T12:00:00Z,3.375,73.375,0.0
2015-09-19T12:00:00Z,3.375,73.425,0.0
2015-09-19T12:00:00Z,3.375,73.475,0.0
2015-09-19T12:00:00Z,3.375,73.525,0.0
2015-09-19T12:00:00Z,3.375,73.575,0.0
2015-09-19T12:00:00Z,3.375,73.625,0.0
2015-09-19T12:00:00Z,3.325,73.375,0.0
2015-09-19T12:00:00Z,3.325,73.425,0.0
2015-09-19T12:00:00Z,3.325,73.475,0.0
2015-09-19T12:00:00Z,3.325,73.525,0.0
2015-09-19T12:00:00Z,3.325,73.575,0.0
2015-09-19T12:00:00Z,3.325,73.625,0.0
2015-10-19T12:00:00Z,3.675,73.375,0.0
2015-10-19T12:00:00Z,3.675,73.425,0.0
2015-10-19T12:00:00Z,3.675,73.475,0.0
2015-10-19T12:00:00Z,3.675,73.525,0.0
2015-10-19T12:00:00Z,3.675,73.575,0.0
2015-10-19T12:00:00Z,3.675,73.625,0.0
2015-10-19T12:00:00Z,3.625,73.375,0.0
2015-10-19T12:00:00Z,3.625,73.425,0.0
2015-10-19T12:00:00Z,3.625,73.475,0.0
2015-10-19T12:00:00Z,3.625,73.525,0.0
2015-10-19T12:00:00Z,3.625,73.575,0.0
2015-10-19T12:00:00Z,3.625,73.625,0.0
2015-10-19T12:00:00Z,3.575,73.375,0.0
2015-10-19T12:00:00Z,3.575,73.425,0.0
2015-10-19T12:00:00Z,3.575,73.475,0.0
2015-10-19T12:00:00Z,3.575,73.525,0.0
2015-10-19T12:00:00Z,3.575,73.575,0.0
2015-10-19T12:00:00Z,3.575,73.625,0.0
2015-10-19T12:00:00Z,3.525,73.375,0.0
2015-10-19T12:00:00Z,3.525,73.425,0.0
2015-10-19T12:00:00Z,3.525,73.475,0.0
2015-10-19T12:00:00Z,3.525,73.525,0.0
2015-10-19T12:00:00Z,3.525,73.575,0.0
2015-10-19T12:00:00Z,3.525,73.625,0.0
2015-10-19T12:00:00Z,3.475,73.375,0.0
2015-10-19T12:00:00Z,3.475,73.425,0.0
2015-10-19T12:00:00Z,3.475,73.475,0.0
2015-10-19T12:00:00Z,3.475,73.525,0.0
2015-10-19T12:00:00Z,3.475,73.575,0.0
2015-10-19T12:00:00Z,3.475,73.625,0.0
2015-10-19T12:00:00Z,3.425,73.375,0.0
2015-10-19T12:00:00Z,3.425,73.425,0.0
2015-10-19T12:00:00Z,3.425,73.475,0.0
2015-10-19T12:00:00Z,3.425,73.525,0.0
2015-10-19T12:00:00Z,3.425,73.575,0.0
2015-10-19T12:00:00Z,3.425,73.625,0.0
2015-10-19T12:00:00Z,3.375,73.375,0.0
2015-10-19T12:00:00Z,3.375,73.425,0.0
2015-10-19T12:00:00Z,3.375,73.475,0.0
2015-10-19T12:00:00Z,3.375,73.525,0.0
2015-10-19T12:00:00Z,3.375,73.575,0.0
2015-10-19T12:00:00Z,3.375,73.625,0.0
2015-10-19T12:00:00Z,3.325,73.375,0.0
2015-10-19T12:00:00Z,3.325,73.425,0.0
2015-10-19T12:00:00Z,3.325,73.475,0.0
2015-10-19T12:00:00Z,3.325,73.525,0.0
2015-10-19T12:00:00Z,3.325,73.575,0.0
2015-10-19T12:00:00Z,3.325,73.625,0.0
2015-11-18T12:00:00Z,3.675,73.375,0.0
2015-11-18T12:00:00Z,3.675,73.425,0.0
2015-11-18T12:00:00Z,3.675,73.475,0.0
2015-11-18T12:00:00Z,3.675,73.525,0.0
2015-11-18T12:00:00Z,3.675,73.575,0.0
2015-11-18T12:00:00Z,3.675,73.625,0.0
2015-11-18T12:00:00Z,3.625,73.375,0.0
2015-11-18T12:00:00Z,3.625,73.425,0.0
2015-11-18T12:00:00Z,3.625,73.475,0.0
2015-11-18T12:00:00Z,3.625,73.525,0.0
2015-11-18T12:00:00Z,3.625,73.575,0.0
2015-11-18T12:00:00Z,3.625,73.625,0.0
2015-11-18T12:00:00Z,3.575,73.375,0.0
2015-11-18T12:00:00Z,3.575,73.425,0.0
2015-11-18T12:00:00Z,3.575,73.475,0.0
2015-11-18T12:00:00Z,3.575,73.525,0.0
2015-11-18T12:00:00Z,3.575,73.575,0.0
2015-11-18T12:00:00Z,3.575,73.625,0.0
2015-11-18T12:00:00Z,3.525,73.375,0.0
2015-11-18T12:00:00Z,3.525,73.425,0.0
2015-11-18T12:00:00Z,3.525,73.475,0.0
2015-11-18T12:00:00Z,3.525,73.525,0.0
2015-11-18T12:00:00Z,3.525,73.575,0.0
2015-11-18T12:00:00Z,3.525,73.625,0.0
2015-11-18T12:00:00Z,3.475,73.375,0.0
2015-11-18T12:00:00Z,3.475,73.425,0.0
2015-11-18T12:00:00Z,3.475,73.475,0.0
2015-11-18T12:00:00Z,3.475,73.525,0.0
2015-11-18T12:00:00Z,3.475,73.575,0.0
2015-11-18T12:00:00Z,3.475,73.625,0.0
2015-11-18T12:00:00Z,3.425,73.375,0.0
2015-11-18T12:00:00Z,3.425,73.425,0.0
2015-11-18T12:00:00Z,3.425,73.475,0.0
2015-11-18T12:00:00Z,3.425,73.525,0.0
2015-11-18T12:00:00Z,3.425,73.575,0.0
2015-11-18T12:00:00Z,3.425,73.625,0.0
2015-11-18T12:00:00Z,3.375,73.375,0.0
2015-11-18T12:00:00Z,3.375,73.425,0.0
2015-11-18T12:00:00Z,3.375,73.475,0.0
2015-11-18T12:00:00Z,3.375,73.525,0.0
2015-11-18T12:00:00Z,3.375,73.575,0.0
2015-11-18T12:00:00Z,3.375,73.625,0.0
2015-11-18T12:00:00Z,3.325,73.375,0.0
2015-11-18T12:00:00Z,3.325,73.425,0.0
2015-11-18T12:00:00Z,3.325,73.475,0.0
2015-11-18T12:00:00Z,3.325,73.525,0.0
2015-11-18T12:00:00Z,3.325,73.575,0.0
2015-11-18T12:00:00Z,3.325,73.625,0.0
2015-12-18T12:00:00Z,3.675,73.375,0.0
2015-12-18T12:00:00Z,3.675,73.425,0.0
2015-12-18T12:00:00Z,3.675,73.475,0.0
2015-12-18T12:00:00Z,3.675,73.525,0.0
2015-12-18T12:00:00Z,3.675,73.575,0.0
2015-12-18T12:00:00Z,3.675,73.625,0.0
2015-12-18T12:00:00Z,3.625,73.375,0.0
2015-12-18T12:00:00Z,3.625,73.425,0.0
2015-12-18T12:00:00Z,3.625,73.475,0.0
2015-12-18T12:00:00Z,3.625,73.525,0.0
2015-12-18T12:00:00Z,3.625,73.575,0.0
2015-12-18T12:00:00Z,3.625,73.625,0.0
2015-12-18T12:00:00Z,3.575,73.375,0.0
2015-12-18T12:00:00Z,3.575,73.425,0.0
2015-12-18T12:00:00Z,3.575,73.475,0.0
2015-12-18T12:00:00Z,3.575,73.525,0.0
2015-12-18T12:00:00Z,3.575,73.575,0.0
2015-12-18T12:00:00Z,3.575,73.625,0.0
2015-12-18T12:00:00Z,3.525,73.375,0.0
2015-12-18T12:00:00Z,3.525,73.425,0.0
2015-12-18T12:00:00Z,3.525,73.475,0.0
2015-12-18T12:00:00Z,3.525,73.525,0.0
2015-12-18T12:00:00Z,3.525,73.575,0.0
2015-12-18T12:00:00Z,3.525,73.625,0.0
2015-12-18T12:00:00Z,3.475,73.375,0.0
2015-12-18T12:00:00Z,3.475,73.425,0.0
2015-12-18T12:00:00Z,3.475,73.475,0.0
2015-12-18T12:00:00Z,3.475,73.525,0.0
2015-12-18T12:00:00Z,3.475,73.575,0.0
2015-12-18T12:00:00Z,3.475,73.625,0.0
2015-12-18T12:00:00Z,3.425,73.375,0.0
2015-12-18T12:00:00Z,3.425,73.425,0.0
2015-12-18T12:00:00Z,3.425,73.475,0.0
2015-12-18T12:00:00Z,3.425,73.525,0.0
2015-12-18T12:00:00Z,3.425,73.575,0.0
2015-12-18T12:00:00Z,3.425,73.625,0.0
2015-12-18T12:00:00Z,3.375,73.375,0.0
2015-12-18T12:00:00Z,3.375,73.425,0.0
2015-12-18T12:00:00Z,3.375,73.475,0.0
2015-12-18T12:00:00Z,3.375,73.525,0.0
2015-12-18T12:00:00Z,3.375,73.575,0.0
2015-12-18T12:00:00Z,3.375,73.625,0.0
2015-12-18T12:00:00Z,3.325,73.375,0.0
2015-12-18T12:00:00Z,3.325,73.425,0.0
2015-12-18T12:00:00Z,3.325,73.475,0.0
2015-12-18T12:00:00Z,3.325,73.525,0.0
2015-12-18T12:00:00Z,3.325,73.575,0.0
2015-12-18T12:00:00Z,3.325,73.625,0.0
2016-01-17T12:00:00Z,3.675,73.375,0.0
2016-01-17T12:00:00Z,3.675,73.425,0.0
2016-01-17T12:00:00Z,3.675,73.475,0.0
2016-01-17T12:00:00Z,3.675,73.525,0.0
2016-01-17T12:00:00Z,3.675,73.575,0.0
2016-01-17T12:00:00Z,3.675,73.625,0.0
2016-01-17T12:00:00Z,3.625,73.375,0.0
2016-01-17T12:00:00Z,3.625,73.425,0.0
2016-01-17T12:00:00Z,3.625,73.475,0.0
2016-01-17T12:00:00Z,3.625,73.525,0.0
2016-01-17T12:00:00Z,3.625,73.575,0.0
2016-01-17T12:00:00Z,3.625,73.625,0.0
2016-01-17T12:00:00Z,3.575,73.375,0.0
2016-01-17T12:00:00Z,3.575,73.425,0.0
2016-01-17T12:00:00Z,3.575,73.475,0.0
2016-01-17T12:00:00Z,3.575,73.525,0.0
2016-01-17T12:00:00Z,3.575,73.575,0.0
2016-01-17T12:00:00Z,3.575,73.625,0.0
2016-01-17T12:00:00Z,3.525,73.375,0.0
2016-01-17T12:00:00Z,3.525,73.425,0.0
2016-01-17T12:00:00Z,3.525,73.475,0.0
2016-01-17T12:00:00Z,3.525,73.525,0.0
2016-01-17T12:00:00Z,3.525,73.575,0.0
2016-01-17T12:00:00Z,3.525,73.625,0.0
2016-01-17T12:00:00Z,3.475,73.375,0.0
2016-01-17T12:00:00Z,3.475,73.425,0.0
2016-01-17T12:00:00Z,3.475,73.475,0.0
2016-01-17T12:00:00Z,3.475,73.525,0.0
2016-01-17T12:00:00Z,3.475,73.575,0.0
2016-01-17T12:00:00Z,3.475,73.625,0.0
2016-01-17T12:00:00Z,3.425,73.375,0.0
2016-01-17T12:00:00Z,3.425,73.425,0.0
2016-01-17T12:00:00Z,3.425,73.475,0.0
2016-01-17T12:00:00Z,3.425,73.525,0.0
2016-01-17T12:00:00Z,3.425,73.575,0.0
2016-01-17T12:00:00Z,3.425,73.625,0.0
2016-01-17T12:00:00Z,3.375,73.375,0.0
2016-01-17T12:00:00Z,3.375,73.425,0.0
2016-01-17T12:00:00Z,3.375,73.475,0.0
2016-01-17T12:00:00Z,3.375,73.525,0.0
2016-01-17T12:00:00Z,3.375,73.575,0.0
2016-01-17T12:00:00Z,3.375,73.625,0.0
2016-01-17T12:00:00Z,3.325,73.375,0.0
2016-01-17T12:00:00Z,3.325,73.425,0.0
2016-01-17T12:00:00Z,3.325,73.475,0.0
2016-01-17T12:00:00Z,3.325,73.525,0.0
2016-01-17T12:00:00Z,3.325,73.575,0.0
2016-01-17T12:00:00Z,3.325,73.625,0.0
2016-02-16T12:00:00Z,3.675,73.375,0.0
2016-02-16T12:00:00Z,3.675,73.425,0.0
2016-02-16T12:00:00Z,3.675,73.475,0.0
2016-02-16T12:00:00Z,3.675,73.525,0.0
2016-02-16T12:00:00Z,3.675,73.575,0.0
2016-02-16T12:00:00Z,3.675,73.625,0.0
2016-02-16T12:00:00Z,3.625,73.375,0.0
2016-02-16T12:00:00Z,3.625,73.425,0.0
2016-02-16T12:00:00Z,3.625,73.475,0.0
2016-02-16T12:00:00Z,3.625,73.525,0.0
2016-02-16T12:00:00Z,3.625,73.575,0.0
2016-02-16T12:00:00Z,3.625,73.625,0.0
2016-02-16T12:00:00Z,3.575,73.375,0.0
2016-02-16T12:00:00Z,3.575,73.425,0.0
2016-02-16T12:00:00Z,3.575,73.475,0.0
2016-02-16T12:00:00Z,3.575,73.525,0.0
2016-02-16T12:00:00Z,3.575,73.575,0.0
2016-02-16T12:00:00Z,3.575,73.625,0.0
2016-02-16T12:00:00Z,3.525,73.375,0.0
2016-02-16T12:00:00Z,3.525,73.425,0.0
2016-02-16T12:00:00Z,3.525,73.475,0.0
2016-02-16T12:00:00Z,3.525,73.525,0.0
2016-02-16T12:00:00Z,3.525,73.575,0.0
2016-02-16T12:00:00Z,3.525,73.625,0.0
2016-02-16T12:00:00Z,3.475,73.375,0.0
2016-02-16T12:00:00Z,3.475,73.425,0.0
2016-02-16T12:00:00Z,3.475,73.475,0.0
2016-02-16T12:00:00Z,3.475,73.525,0.0
2016-02-16T12:00:00Z,3.475,73.575,0.0
2016-02-16T12:00:00Z,3.475,73.625,0.0
2016-02-16T12:00:00Z,3.425,73.375,0.0
2016-02-16T12:00:00Z,3.425,73.425,0.0
2016-02-16T12:00:00Z,3.425,73.475,0.0
2016-02-16T12:00:00Z,3.425,73.525,0.0
2016-02-16T12:00:00Z,3.425,73.575,0.0
2016-02-16T12:00:00Z,3.425,73.625,0.0
2016-02-16T12:00:00Z,3.375,73.375,0.0
2016-02-16T12:00:00Z,3.375,73.425,0.0
2016-02-16T12:00:00Z,3.375,73.475,0.0
2016-02-16T12:00:00Z,3.375,73.525,0.0
2016-02-16T12:00:00Z,3.375,73.575,0.0
2016-02-16T12:00:00Z,3.375,73.625,0.0
2016-02-16T12:00:00Z,3.325,73.375,0.0
2016-02-16T12:00:00Z,3.325,73.425,0.0
2016-02-16T12:00:00Z,3.325,73.475,0.0
2016-02-16T12:00:00Z,3.325,73.525,0.0
2016-02-16T12:00:00Z,3.325,73.575,0.0
2016-02-16T12:00:00Z,3.325,73.625,0.0
2016-03-17T12:00:00Z,3.675,73.375,0.0
2016-03-17T12:00:00Z,3.675,73.425,0.0
2016-03-17T12:00:00Z,3.675,73.475,0.0
2016-03-17T12:00:00Z,3.675,73.525,0.0
2016-03-17T12:00:00Z,3.675,73.575,0.0
2016-03-17T12:00:00Z,3.675,73.625,0.0
2016-03-17T12:00:00Z,3.625,73.375,0.0
2016-03-17T12:00:00Z,3.625,73.425,0.0
2016-03-17T12:00:00Z,3.625,73.475,0.0
2016-03-17T12:00:00Z,3.625,73.525,0.0
2016-03-17T12:00:00Z,3.625,73.575,0.0
2016-03-17T12:00:00Z,3.625,73.625,0.0
2016-03-17T12:00:00Z,3.575,73.375,0.0
2016-03-17T12:00:00Z,3.575,73.425,0.0
2016-03-17T12:00:00Z,3.575,73.475,0.0
2016-03-17T12:00:00Z,3.575,73.525,0.0
2016-03-17T12:00:00Z,3.575,73.575,0.0
2016-03-17T12:00:00Z,3.575,73.625,0.0
2016-03-17T12:00:00Z,3.525,73.375,0.0
2016-03-17T12:00:00Z,3.525,73.425,0.0
2016-03-17T12:00:00Z,3.525,73.475,0.0
2016-03-17T12:00:00Z,3.525,73.525,0.0
2016-03-17T12:00:00Z,3.525,73.575,0.0
2016-03-17T12:00:00Z,3.525,73.625,0.0
2016-03-17T12:00:00Z,3.475,73.375,0.0
2016-03-17T12:00:00Z,3.475,73.425,0.0
2016-03-17T12:00:00Z,3.475,73.475,0.0
2016-03-17T12:00:00Z,3.475,73.525,0.0
2016-03-17T12:00:00Z,3.475,73.575,0.0
2016-03-17T12:00:00Z,3.475,73.625,0.0
2016-03-17T12:00:00Z,3.425,73.375,0.0
2016-03-17T12:00:00Z,3.425,73.425,0.0
2016-03-17T12:00:00Z,3.425,73.475,0.0
2016-03-17T12:00:00Z,3.425,73.525,0.0
2016-03-17T12:00:00Z,3.425,73.575,0.0
2016-03-17T12:00:00Z,3.425,73.625,0.0
2016-03-17T12:00:00Z,3.375,73.375,0.0
2016-03-17T12:00:00Z,3.375,73.425,0.0
2016-03-17T12:00:00Z,3.375,73.475,0.0
2016-03-17T12:00:00Z,3.375,73.525,0.0
2016-03-17T12:00:00Z,3.375,73.575,0.0
2016-03-17T12:00:00Z,3.375,73.625,0.0
2016-03-17T12:00:00Z,3.325,73.375,0.0
2016-03-17T12:00:00Z,3.325,73.425,0.0
2016-03-17T12:00:00Z,3.325,73.475,0.0
2016-03-17T12:00:00Z,3.325,73.525,0.0
2016-03-17T12:00:00Z,3.325,73.575,0.0
2016-03-17T12:00:00Z,3.325,73.625,0.0
2016-04-16T12:00:00Z,3.675,73.375,2.65
2016-04-16T12:00:00Z,3.675,73.425,2.81
2016-04-16T12:00:00Z,3.675,73.475,2.84
2016-04-16T12:00:00Z,3.675,73.525,2.74
2016-04-16T12:00:00Z,3.675,73.575,2.77
2016-04-16T12:00:00Z,3.675,73.625,2.8000000000000003
2016-04-16T12:00:00Z,3.625,73.375,2.63
2016-04-16T12:00:00Z,3.625,73.425,2.8000000000000003
2016-04-16T12:00:00Z,3.625,73.475,3.0
2016-04-16T12:00:00Z,3.625,73.525,3.0300000000000002
2016-04-16T12:00:00Z,3.625,73.575,2.92
2016-04-16T12:00:00Z,3.625,73.625,2.97
2016-04-16T12:00:00Z,3.575,73.375,2.64
2016-04-16T12:00:00Z,3.575,73.425,2.95
2016-04-16T12:00:00Z,3.575,73.475,3.27
2016-04-16T12:00:00Z,3.575,73.525,3.34
2016-04-16T12:00:00Z,3.575,73.575,3.38
2016-04-16T12:00:00Z,3.575,73.625,3.41
2016-04-16T12:00:00Z,3.525,73.375,2.64
2016-04-16T12:00:00Z,3.525,73.425,2.8000000000000003
2016-04-16T12:00:00Z,3.525,73.475,3.3000000000000003
2016-04-16T12:00:00Z,3.525,73.525,3.36
2016-04-16T12:00:00Z,3.525,73.575,3.42
2016-04-16T12:00:00Z,3.525,73.625,3.75
2016-04-16T12:00:00Z,3.475,73.375,2.37
2016-04-16T12:00:00Z,3.475,73.425,3.15
2016-04-16T12:00:00Z,3.475,73.475,3.2
2016-04-16T12:00:00Z,3.475,73.525,3.54
2016-04-16T12:00:00Z,3.475,73.575,3.88
2016-04-16T12:00:00Z,3.475,73.625,3.93
2016-04-16T12:00:00Z,3.425,73.375,2.84
2016-04-16T12:00:00Z,3.425,73.425,2.88
2016-04-16T12:00:00Z,3.425,73.475,3.68
2016-04-16T12:00:00Z,3.425,73.525,3.74
2016-04-16T12:00:00Z,3.425,73.575,4.08
2016-04-16T12:00:00Z,3.425,73.625,4.12
2016-04-16T12:00:00Z,3.375,73.375,2.88
2016-04-16T12:00:00Z,3.375,73.425,3.38
2016-04-16T12:00:00Z,3.375,73.475,3.74
2016-04-16T12:00:00Z,3.375,73.525,3.7800000000000002
2016-04-16T12:00:00Z,3.375,73.575,4.11
2016-04-16T12:00:00Z,3.375,73.625,4.28
2016-04-16T12:00:00Z,3.325,73.375,3.23
2016-04-16T12:00:00Z,3.325,73.425,3.42
2016-04-16T12:00:00Z,3.325,73.475,3.92
2016-04-16T12:00:00Z,3.325,73.525,3.91
2016-04-16T12:00:00Z,3.325,73.575,4.1
2016-04-16T12:00:00Z,3.325,73.625,4.11
2016-05-16T12:00:00Z,3.675,73.375,5.69
2016-05-16T12:00:00Z,3.675,73.425,6.17
2016-05-16T12:00:00Z,3.675,73.475,6.38
2016-05-16T12:00:00Z,3.675,73.525,6.51
2016-05-16T12:00:00Z,3.675,73.575,6.58
2016-05-16T12:00:00Z,3.675,73.625,6.65
2016-05-16T12:00:00Z,3.625,73.375,5.5
2016-05-16T12:00:00Z,3.625,73.425,6.11
2016-05-16T12:00:00Z,3.625,73.475,6.5200000000000005
2016-05-16T12:00:00Z,3.625,73.525,6.6000000000000005
2016-05-16T12:00:00Z,3.625,73.575,6.68
2016-05-16T12:00:00Z,3.625,73.625,6.8
2016-05-16T12:00:00Z,3.575,73.375,5.63
2016-05-16T12:00:00Z,3.575,73.425,6.25
2016-05-16T12:00:00Z,3.575,73.475,6.61
2016-05-16T12:00:00Z,3.575,73.525,6.88
2016-05-16T12:00:00Z,3.575,73.575,6.98
2016-05-16T12:00:00Z,3.575,73.625,7.05
2016-05-16T12:00:00Z,3.525,73.375,5.59
2016-05-16T12:00:00Z,3.525,73.425,5.78
2016-05-16T12:00:00Z,3.525,73.475,6.48
2016-05-16T12:00:00Z,3.525,73.525,6.57
2016-05-16T12:00:00Z,3.525,73.575,6.8500000000000005
2016-05-16T12:00:00Z,3.525,73.625,7.37
2016-05-16T12:00:00Z,3.475,73.375,5.18
2016-05-16T12:00:00Z,3.475,73.425,6.28
2016-05-16T12:00:00Z,3.475,73.475,6.37
2016-05-16T12:00:00Z,3.475,73.525,6.75
2016-05-16T12:00:00Z,3.475,73.575,7.41
2016-05-16T12:00:00Z,3.475,73.625,7.5200000000000005
2016-05-16T12:00:00Z,3.425,73.375,5.51
2016-05-16T12:00:00Z,3.425,73.425,5.71
2016-05-16T12:00:00Z,3.425,73.475,6.8500000000000005
2016-05-16T12:00:00Z,3.425,73.525,7.08
2016-05-16T12:00:00Z,3.425,73.575,7.61
2016-05-16T12:00:00Z,3.425,73.625,7.69
2016-05-16T12:00:00Z,3.375,73.375,5.7
2016-05-16T12:00:00Z,3.375,73.425,6.5200000000000005
2016-05-16T12:00:00Z,3.375,73.475,6.7700000000000005
2016-05-16T12:00:00Z,3.375,73.525,6.8500000000000005
2016-05-16T12:00:00Z,3.375,73.575,7.5
2016-05-16T12:00:00Z,3.375,73.625,7.8500000000000005
2016-05-16T12:00:00Z,3.325,73.375,6.05
2016-05-16T12:00:00Z,3.325,73.425,6.4
2016-05-16T12:00:00Z,3.325,73.475,7.09
2016-05-16T12:00:00Z,3.325,73.525,6.95
2016-05-16T12:00:00Z,3.325,73.575,7.34
2016-05-16T12:00:00Z,3.325,73.625,7.54
2016-06-15T12:00:00Z,3.675,73.375,5.69
2016-06-15T12:00:00Z,3.675,73.425,6.03
2016-06-15T12:00:00Z,3.675,73.475,6.24
2016-06-15T12:00:00Z,3.675,73.525,6.51
2016-06-15T12:00:00Z,3.675,73.575,6.58
2016-06-15T12:00:00Z,3.675,73.625,6.65
2016-06-15T12:00:00Z,3.625,73.375,5.5
2016-06-15T12:00:00Z,3.625,73.425,5.97
2016-06-15T12:00:00Z,3.625,73.475,6.37
2016-06-15T12:00:00Z,3.625,73.525,6.45
2016-06-15T12:00:00Z,3.625,73.575,6.68
2016-06-15T12:00:00Z,3.625,73.625,6.8
2016-06-15T12:00:00Z,3.575,73.375,5.63
2016-06-15T12:00:00Z,3.575,73.425,6.1000000000000005
2016-06-15T12:00:00Z,3.575,73.475,6.46
2016-06-15T12:00:00Z,3.575,73.525,6.74
2016-06-15T12:00:00Z,3.575,73.575,6.83
2016-06-15T12:00:00Z,3.575,73.625,6.91
2016-06-15T12:00:00Z,3.525,73.375,5.59
2016-06-15T12:00:00Z,3.525,73.425,5.64
2016-06-15T12:00:00Z,3.525,73.475,6.33
2016-06-15T12:00:00Z,3.525,73.525,6.42
2016-06-15T12:00:00Z,3.525,73.575,6.7
2016-06-15T12:00:00Z,3.525,73.625,7.22
2016-06-15T12:00:00Z,3.475,73.375,5.18
2016-06-15T12:00:00Z,3.475,73.425,6.140000000000001
2016-06-15T12:00:00Z,3.475,73.475,6.22
2016-06-15T12:00:00Z,3.475,73.525,6.45
2016-06-15T12:00:00Z,3.475,73.575,7.11
2016-06-15T12:00:00Z,3.475,73.625,7.22
2016-06-15T12:00:00Z,3.425,73.375,5.51
2016-06-15T12:00:00Z,3.425,73.425,5.57
2016-06-15T12:00:00Z,3.425,73.475,6.55
2016-06-15T12:00:00Z,3.425,73.525,6.78
2016-06-15T12:00:00Z,3.425,73.575,7.3
2016-06-15T12:00:00Z,3.425,73.625,7.390000000000001
2016-06-15T12:00:00Z,3.375,73.375,5.7
2016-06-15T12:00:00Z,3.375,73.425,6.38
2016-06-15T12:00:00Z,3.375,73.475,6.47
2016-06-15T12:00:00Z,3.375,73.525,6.54
2016-06-15T12:00:00Z,3.375,73.575,7.19
2016-06-15T12:00:00Z,3.375,73.625,7.55
2016-06-15T12:00:00Z,3.325,73.375,6.05
2016-06-15T12:00:00Z,3.325,73.425,6.4
2016-06-15T12:00:00Z,3.325,73.475,6.8
2016-06-15T12:00:00Z,3.325,73.525,6.65
2016-06-15T12:00:00Z,3.325,73.575,7.04
2016-06-15T12:00:00Z,3.325,73.625,7.24
2016-07-15T12:00:00Z,3.675,73.375,2.37
2016-07-15T12:00:00Z,3.675,73.425,2.5300000000000002
2016-07-15T12:00:00Z,3.675,73.475,2.5500000000000003
2016-07-15T12:00:00Z,3.675,73.525,2.73
2016-07-15T12:00:00Z,3.675,73.575,2.75
2016-07-15T12:00:00Z,3.675,73.625,2.77
2016-07-15T12:00:00Z,3.625,73.375,2.2
2016-07-15T12:00:00Z,3.625,73.425,2.49
2016-07-15T12:00:00Z,3.625,73.475,2.5300000000000002
2016-07-15T12:00:00Z,3.625,73.525,2.5500000000000003
2016-07-15T12:00:00Z,3.625,73.575,2.71
2016-07-15T12:00:00Z,3.625,73.625,2.75
2016-07-15T12:00:00Z,3.575,73.375,2.18
2016-07-15T12:00:00Z,3.575,73.425,2.33
2016-07-15T12:00:00Z,3.575,73.475,2.35
2016-07-15T12:00:00Z,3.575,73.525,2.5300000000000002
2016-07-15T12:00:00Z,3.575,73.575,2.5500000000000003
2016-07-15T12:00:00Z,3.575,73.625,2.57
2016-07-15T12:00:00Z,3.525,73.375,2.15
2016-07-15T12:00:00Z,3.525,73.425,2.16
2016-07-15T12:00:00Z,3.525,73.475,2.19
2016-07-15T12:00:00Z,3.525,73.525,2.21
2016-07-15T12:00:00Z,3.525,73.575,2.39
2016-07-15T12:00:00Z,3.525,73.625,2.5500000000000003
2016-07-15T12:00:00Z,3.475,73.375,2.0
2016-07-15T12:00:00Z,3.475,73.425,2.16
2016-07-15T12:00:00Z,3.475,73.475,2.18
2016-07-15T12:00:00Z,3.475,73.525,2.19
2016-07-15T12:00:00Z,3.475,73.575,2.5
2016-07-15T12:00:00Z,3.475,73.625,2.52
2016-07-15T12:00:00Z,3.425,73.375,1.86
2016-07-15T12:00:00Z,3.425,73.425,2.0
2016-07-15T12:00:00Z,3.425,73.475,2.16
2016-07-15T12:00:00Z,3.425,73.525,2.32
2016-07-15T12:00:00Z,3.425,73.575,2.49
2016-07-15T12:00:00Z,3.425,73.625,2.52
2016-07-15T12:00:00Z,3.375,73.375,1.99
2016-07-15T12:00:00Z,3.375,73.425,2.15
2016-07-15T12:00:00Z,3.375,73.475,2.02
2016-07-15T12:00:00Z,3.375,73.525,2.04
2016-07-15T12:00:00Z,3.375,73.575,2.34
2016-07-15T12:00:00Z,3.375,73.625,2.52
2016-07-15T12:00:00Z,3.325,73.375,1.99
2016-07-15T12:00:00Z,3.325,73.425,1.99
2016-07-15T12:00:00Z,3.325,73.475,2.15
2016-07-15T12:00:00Z,3.325,73.525,2.0100000000000002
2016-07-15T12:00:00Z,3.325,73.575,2.19
2016-07-15T12:00:00Z,3.325,73.625,2.37
2016-08-14T12:00:00Z,3.675,73.375,0.0
2016-08-14T12:00:00Z,3.675,73.425,0.0
2016-08-14T12:00:00Z,3.675,73.475,0.0
2016-08-14T12:00:00Z,3.675,73.525,0.0
2016-08-14T12:00:00Z,3.675,73.575,0.0
2016-08-14T12:00:00Z,3.675,73.625,0.0
2016-08-14T12:00:00Z,3.625,73.375,0.0
2016-08-14T12:00:00Z,3.625,73.425,0.0
2016-08-14T12:00:00Z,3.625,73.475,0.0
2016-08-14T12:00:00Z,3.625,73.525,0.0
2016-08-14T12:00:00Z,3.625,73.575,0.0
2016-08-14T12:00:00Z,3.625,73.625,0.0
2016-08-14T12:00:00Z,3.575,73.375,0.0
2016-08-14T12:00:00Z,3.575,73.425,0.0
2016-08-14T12:00:00Z,3.575,73.475,0.0
2016-08-14T12:00:00Z,3.575,73.525,0.0
2016-08-14T12:00:00Z,3.575,73.575,0.0
2016-08-14T12:00:00Z,3.575,73.625,0.0
2016-08-14T12:00:00Z,3.525,73.375,0.0
2016-08-14T12:00:00Z,3.525,73.425,0.0
2016-08-14T12:00:00Z,3.525,73.475,0.0
2016-08-14T12:00:00Z,3.525,73.525,0.0
2016-08-14T12:00:00Z,3.525,73.575,0.0
2016-08-14T12:00:00Z,3.525,73.625,0.0
2016-08-14T12:00:00Z,3.475,73.375,0.0
2016-08-14T12:00:00Z,3.475,73.425,0.0
2016-08-14T12:00:00Z,3.475,73.475,0.0
2016-08-14T12:00:00Z,3.475,73.525,0.0
2016-08-14T12:00:00Z,3.475,73.575,0.0
2016-08-14T12:00:00Z,3.475,73.625,0.0
2016-08-14T12:00:00Z,3.425,73.375,0.0
2016-08-14T12:00:00Z,3.425,73.425,0.0
2016-08-14T12:00:00Z,3.425,73.475,0.0
2016-08-14T12:00:00Z,3.425,73.525,0.0
2016-08-14T12:00:00Z,3.425,73.575,0.0
2016-08-14T12:00:00Z,3.425,73.625,0.0
2016-08-14T12:00:00Z,3.375,73.375,0.0
2016-08-14T12:00:00Z,3.375,73.425,0.0
2016-08-14T12:00:00Z,3.375,73.475,0.0
2016-08-14T12:00:00Z,3.375,73.525,0.0
2016-08-14T12:00:00Z,3.375,73.575,0.0
2016-08-14T12:00:00Z,3.375,73.625,0.0
2016-08-14T12:00:00Z,3.325,73.375,0.0
2016-08-14T12:00:00Z,3.325,73.425,0.0
2016-08-14T12:00:00Z,3.325,73.475,0.0
2016-08-14T12:00:00Z,3.325,73.525,0.0
2016-08-14T12:00:00Z,3.325,73.575,0.0
2016-08-14T12:00:00Z,3.325,73.625,0.0
2016-09-13T12:00:00Z,3.675,73.375,0.0
2016-09-13T12:00:00Z,3.675,73.425,0.0
2016-09-13T12:00:00Z,3.675,73.475,0.0
2016-09-13T12:00:00Z,3.675,73.525,0.0
2016-09-13T12:00:00Z,3.675,73.575,0.0
2016-09-13T12:00:00Z,3.675,73.625,0.0
2016-09-13T12:00:00Z,3.625,73.375,0.0
2016-09-13T12:00:00Z,3.625,73.425,0.0
2016-09-13T12:00:00Z,3.625,73.475,0.0
2016-09-13T12:00:00Z,3.625,73.525,0.0
2016-09-13T12:00:00Z,3.625,73.575,0.0
2016-09-13T12:00:00Z,3.625,73.625,0.0
2016-09-13T12:00:00Z,3.575,73.375,0.0
2016-09-13T12:00:00Z,3.575,73.425,0.0
2016-09-13T12:00:00Z,3.575,73.475,0.0
2016-09-13T12:00:00Z,3.575,73.525,0.0
2016-09-13T12:00:00Z,3.575,73.575,0.0
2016-09-13T12:00:00Z,3.575,73.625,0.0
2016-09-13T12:00:00Z,3.525,73.375,0.0
2016-09-13T12:00:00Z,3.525,73.425,0.0
2016-09-13T12:00:00Z,3.525,73.475,0.0
2016-09-13T12:00:00Z,3.525,73.525,0.0
2016-09-13T12:00:00Z,3.525,73.575,0.0
2016-09-13T12:00:00Z,3.525,73.625,0.0
2016-09-13T12:00:00Z,3.475,73.375,0.0
2016-09-13T12:00:00Z,3.475,73.425,0.0
2016-09-13T12:00:00Z,3.475,73.475,0.0
2016-09-13T12:00:00Z,3.475,73.525,0.0
2016-09-13T12:00:00Z,3.475,73.575,0.0
2016-09-13T12:00:00Z,3.475,73.625,0.0
2016-09-13T12:00:00Z,3.425,73.375,0.0
2016-09-13T12:00:00Z,3.425,73.425,0.0
2016-09-13T12:00:00Z,3.425,73.475,0.0
2016-09-13T12:00:00Z,3.425,73.525,0.0
2016-09-13T12:00:00Z,3.425,73.575,0.0
2016-09-13T12:00:00Z,3.425,73.625,0.0
2016-09-13T12:00:00Z,3.375,73.375,0.0
2016-09-13T12:00:00Z,3.375,73.425,0.0
2016-09-13T12:00:00Z,3.375,73.475,0.0
2016-09-13T12:00:00Z,3.375,73.525,0.0
2016-09-13T12:00:00Z,3.375,73.575,0.0
2016-09-13T12:00:00Z,3.375,73.625,0.0
2016-09-13T12:00:00Z,3.325,73.375,0.0
2016-09-13T12:00:00Z,3.325,73.425,0.0
2016-09-13T12:00:00Z,3.325,73.475,0.0
2016-09-13T12:00:00Z,3.325,73.525,0.0
2016-09-13T12:00:00Z,3.325,73.575,0.0
2016-09-13T12:00:00Z,3.325,73.625,0.0
2016-10-13T12:00:00Z,3.675,73.375,0.0
2016-10-13T12:00:00Z,3.675,73.425,0.0
2016-10-13T12:00:00Z,3.675,73.475,0.0
2016-10-13T12:00:00Z,3.675,73.525,0.0
2016-10-13T12:00:00Z,3.675,73.575,0.0
2016-10-13T12:00:00Z,3.675,73.625,0.0
2016-10-13T12:00:00Z,3.625,73.375,0.0
2016-10-13T12:00:00Z,3.625,73.425,0.0
2016-10-13T12:00:00Z,3.625,73.475,0.0
2016-10-13T12:00:00Z,3.625,73.525,0.0
2016-10-13T12:00:00Z,3.625,73.575,0.0
2016-10-13T12:00:00Z,3.625,73.625,0.0
2016-10-13T12:00:00Z,3.575,73.375,0.0
2016-10-13T12:00:00Z,3.575,73.425,0.0
2016-10-13T12:00:00Z,3.575,73.475,0.0
2016-10-13T12:00:00Z,3.575,73.525,0.0
2016-10-13T12:00:00Z,3.575,73.575,0.0
2016-10-13T12:00:00Z,3.575,73.625,0.0
2016-10-13T12:00:00Z,3.525,73.375,0.0
2016-10-13T12:00:00Z,3.525,73.425,0.0
2016-10-13T12:00:00Z,3.525,73.475,0.0
2016-10-13T12:00:00Z,3.525,73.525,0.0
2016-10-13T12:00:00Z,3.525,73.575,0.0
2016-10-13T12:00:00Z,3.525,73.625,0.0
2016-10-13T12:00:00Z,3.475,73.375,0.0
2016-10-13T12:00:00Z,3.475,73.425,0.0
2016-10-13T12:00:00Z,3.475,73.475,0.0
2016-10-13T12:00:00Z,3.475,73.525,0.0
2016-10-13T12:00:00Z,3.475,73.575,0.0
2016-10-13T12:00:00Z,3.475,73.625,0.0
2016-10-13T12:00:00Z,3.425,73.375,0.0
2016-10-13T12:00:00Z,3.425,73.425,0.0
2016-10-13T12:00:00Z,3.425,73.475,0.0
2016-10-13T12:00:00Z,3.425,73.525,0.0
2016-10-13T12:00:00Z,3.425,73.575,0.0
2016-10-13T12:00:00Z,3.425,73.625,0.0
2016-10-13T12:00:00Z,3.375,73.375,0.0
2016-10-13T12:00:00Z,3.375,73.425,0.0
2016-10-13T12:00:00Z,3.375,73.475,0.0
2016-10-13T12:00:00Z,3.375,73.525,0.0
2016-10-13T12:00:00Z,3.375,73.575,0.0
2016-10-13T12:00:00Z,3.375,73.625,0.0
2016-10-13T12:00:00Z,3.325,73.375,0.0
2016-10-13T12:00:00Z,3.325,73.425,0.0
2016-10-13T12:00:00Z,3.325,73.475,0.0
2016-10-13T12:00:00Z,3.325,73.525,0.0
2016-10-13T12:00:00Z,3.325,73.575,0.0
2016-10-13T12:00:00Z,3.325,73.625,0.0
2016-11-12T12:00:00Z,3.675,73.375,0.0
2016-11-12T12:00:00Z,3.675,73.425,0.0
2016-11-12T12:00:00Z,3.675,73.475,0.0
2016-11-12T12:00:00Z,3.675,73.525,0.0
2016-11-12T12:00:00Z,3.675,73.575,0.0
2016-11-12T12:00:00Z,3.675,73.625,0.0
2016-11-12T12:00:00Z,3.625,73.375,0.0
2016-11-12T12:00:00Z,3.625,73.425,0.0
2016-11-12T12:00:00Z,3.625,73.475,0.0
2016-11-12T12:00:00Z,3.625,73.525,0.0
2016-11-12T12:00:00Z,3.625,73.575,0.0
2016-11-12T12:00:00Z,3.625,73.625,0.0
2016-11-12T12:00:00Z,3.575,73.375,0.0
2016-11-12T12:00:00Z,3.575,73.425,0.0
2016-11-12T12:00:00Z,3.575,73.475,0.0
2016-11-12T12:00:00Z,3.575,73.525,0.0
2016-11-12T12:00:00Z,3.575,73.575,0.0
2016-11-12T12:00:00Z,3.575,73.625,0.0
2016-11-12T12:00:00Z,3.525,73.375,0.0
2016-11-12T12:00:00Z,3.525,73.425,0.0
2016-11-12T12:00:00Z,3.525,73.475,0.0
2016-11-12T12:00:00Z,3.525,73.525,0.0
2016-11-12T12:00:00Z,3.525,73.575,0.0
2016-11-12T12:00:00Z,3.525,73.625,0.0
2016-11-12T12:00:00Z,3.475,73.375,0.0
2016-11-12T12:00:00Z,3.475,73.425,0.0
2016-11-12T12:00:00Z,3.475,73.475,0.0
2016-11-12T12:00:00Z,3.475,73.525,0.0
2016-11-12T12:00:00Z,3.475,73.575,0.0
2016-11-12T12:00:00Z,3.475,73.625,0.0
2016-11-12T12:00:00Z,3.425,73.375,0.0
2016-11-12T12:00:00Z,3.425,73.425,0.0
2016-11-12T12:00:00Z,3.425,73.475,0.0
2016-11-12T12:00:00Z,3.425,73.525,0.0
2016-11-12T12:00:00Z,3.425,73.575,0.0
2016-11-12T12:00:00Z,3.425,73.625,0.0
2016-11-12T12:00:00Z,3.375,73.375,0.0
2016-11-12T12:00:00Z,3.375,73.425,0.0
2016-11-12T12:00:00Z,3.375,73.475,0.0
2016-11-12T12:00:00Z,3.375,73.525,0.0
2016-11-12T12:00:00Z,3.375,73.575,0.0
2016-11-12T12:00:00Z,3.375,73.625,0.0
2016-11-12T12:00:00Z,3.325,73.375,0.0
2016-11-12T12:00:00Z,3.325,73.425,0.0
2016-11-12T12:00:00Z,3.325,73.475,0.0
2016-11-12T12:00:00Z,3.325,73.525,0.0
2016-11-12T12:00:00Z,3.325,73.575,0.0
2016-11-12T12:00:00Z,3.325,73.625,0.0
2016-12-12T12:00:00Z,3.675,73.375,0.0
2016-12-12T12:00:00Z,3.675,73.425,0.0
2016-12-12T12:00:00Z,3.675,73.475,0.0
2016-12-12T12:00:00Z,3.675,73.525,0.0
2016-12-12T12:00:00Z,3.675,73.575,0.0
2016-12-12T12:00:00Z,3.675,73.625,0.0
2016-12-12T12:00:00Z,3.625,73.375,0.0
2016-12-12T12:00:00Z,3.625,73.425,0.0
2016-12-12T12:00:00Z,3.625,73.475,0.0
2016-12-12T12:00:00Z,3.625,73.525,0.0
2016-12-12T12:00:00Z,3.625,73.575,0.0
2016-12-12T12:00:00Z,3.625,73.625,0.0
2016-12-12T12:00:00Z,3.575,73.375,0.0
2016-12-12T12:00:00Z,3.575,73.425,0.0
2016-12-12T12:00:00Z,3.575,73.475,0.0
2016-12-12T12:00:00Z,3.575,73.525,0.0
2016-12-12T12:00:00Z,3.575,73.575,0.0
2016-12-12T12:00:00Z,3.575,73.625,0.0
2016-12-12T12:00:00Z,3.525,73.375,0.0
2016-12-12T12:00:00Z,3.525,73.425,0.0
2016-12-12T12:00:00Z,3.525,73.475,0.0
2016-12-12T12:00:00Z,3.525,73.525,0.0
2016-12-12T12:00:00Z,3.525,73.575,0.0
2016-12-12T12:00:00Z,3.525,73.625,0.0
2016-12-12T12:00:00Z,3.475,73.375,0.0
2016-12-12T12:00:00Z,3.475,73.425,0.0
2016-12-12T12:00:00Z,3.475,73.475,0.0
2016-12-12T12:00:00Z,3.475,73.525,0.0
2016-12-12T12:00:00Z,3.475,73.575,0.0
2016-12-12T12:00:00Z,3.475,73.625,0.0
2016-12-12T12:00:00Z,3.425,73.375,0.0
2016-12-12T12:00:00Z,3.425,73.425,0.0
2016-12-12T12:00:00Z,3.425,73.475,0.0
2016-12-12T12:00:00Z,3.425,73.525,0.0
2016-12-12T12:00:00Z,3.425,73.575,0.0
2016-12-12T12:00:00Z,3.425,73.625,0.0
2016-12-12T12:00:00Z,3.375,73.375,0.0
2016-12-12T12:00:00Z,3.375,73.425,0.0
2016-12-12T12:00:00Z,3.375,73.475,0.0
2016-12-12T12:00:00Z,3.375,73.525,0.0
2016-12-12T12:00:00Z,3.375,73.575,0.0
2016-12-12T12:00:00Z,3.375,73.625,0.0
2016-12-12T12:00:00Z,3.325,73.375,0.0
2016-12-12T12:00:00Z,3.325,73.425,0.0
2016-12-12T12:00:00Z,3.325,73.475,0.0
2016-12-12T12:00:00Z,3.325,73.525,0.0
2016-12-12T12:00:00Z,3.325,73.575,0.0
2016-12-12T12:00:00Z,3.325,73.625,0.0
2017-01-11T12:00:00Z,3.675,73.375,0.0
2017-01-11T12:00:00Z,3.675,73.425,0.0
2017-01-11T12:00:00Z,3.675,73.475,0.0
2017-01-11T12:00:00Z,3.675,73.525,0.0
2017-01-11T12:00:00Z,3.675,73.575,0.0
2017-01-11T12:00:00Z,3.675,73.625,0.0
2017-01-11T12:00:00Z,3.625,73.375,0.0
2017-01-11T12:00:00Z,3.625,73.425,0.0
2017-01-11T12:00:00Z,3.625,73.475,0.0
2017-01-11T12:00:00Z,3.625,73.525,0.0
2017-01-11T12:00:00Z,3.625,73.575,0.0
2017-01-11T12:00:00Z,3.625,73.625,0.0
2017-01-11T12:00:00Z,3.575,73.375,0.0
2017-01-11T12:00:00Z,3.575,73.425,0.0
2017-01-11T12:00:00Z,3.575,73.475,0.0
2017-01-11T12:00:00Z,3.575,73.525,0.0
2017-01-11T12:00:00Z,3.575,73.575,0.0
2017-01-11T12:00:00Z,3.575,73.625,0.0
2017-01-11T12:00:00Z,3.525,73.375,0.0
2017-01-11T12:00:00Z,3.525,73.425,0.0
2017-01-11T12:00:00Z,3.525,73.475,0.0
2017-01-11T12:00:00Z,3.525,73.525,0.0
2017-01-11T12:00:00Z,3.525,73.575,0.0
2017-01-11T12:00:00Z,3.525,73.625,0.0
2017-01-11T12:00:00Z,3.475,73.375,0.0
2017-01-11T12:00:00Z,3.475,73.425,0.0
2017-01-11T12:00:00Z,3.475,73.475,0.0
2017-01-11T12:00:00Z,3.475,73.525,0.0
2017-01-11T12:00:00Z,3.475,73.575,0.0
2017-01-11T12:00:00Z,3.475,73.625,0.0
2017-01-11T12:00:00Z,3.425,73.375,0.0
2017-01-11T12:00:00Z,3.425,73.425,0.0
2017-01-11T12:00:00Z,3.425,73.475,0.0
2017-01-11T12:00:00Z,3.425,73.525,0.0
2017-01-11T12:00:00Z,3.425,73.575,0.0
2017-01-11T12:00:00Z,3.425,73.625,0.0
2017-01-11T12:00:00Z,3.375,73.375,0.0
2017-01-11T12:00:00Z,3.375,73.425,0.0
2017-01-11T12:00:00Z,3.375,73.475,0.0
2017-01-11T12:00:00Z,3.375,73.525,0.0
2017-01-11T12:00:00Z,3.375,73.575,0.0
2017-01-11T12:00:00Z,3.375,73.625,0.0
2017-01-11T12:00:00Z,3.325,73.375,0.0
2017-01-11T12:00:00Z,3.325,73.425,0.0
2017-01-11T12:00:00Z,3.325,73.475,0.0
2017-01-11T12:00:00Z,3.325,73.525,0.0
2017-01-11T12:00:00Z,3.325,73.575,0.0
2017-01-11T12:00:00Z,3.325,73.625,0.0
2017-02-10T12:00:00Z,3.675,73.375,0.0
2017-02-10T12:00:00Z,3.675,73.425,0.0
2017-02-10T12:00:00Z,3.675,73.475,0.0
2017-02-10T12:00:00Z,3.675,73.525,0.0
2017-02-10T12:00:00Z,3.675,73.575,0.0
2017-02-10T12:00:00Z,3.675,73.625,0.0
2017-02-10T12:00:00Z,3.625,73.375,0.0
2017-02-10T12:00:00Z,3.625,73.425,0.0
2017-02-10T12:00:00Z,3.625,73.475,0.0
2017-02-10T12:00:00Z,3.625,73.525,0.0
2017-02-10T12:00:00Z,3.625,73.575,0.0
2017-02-10T12:00:00Z,3.625,73.625,0.0
2017-02-10T12:00:00Z,3.575,73.375,0.0
2017-02-10T12:00:00Z,3.575,73.425,0.0
2017-02-10T12:00:00Z,3.575,73.475,0.0
2017-02-10T12:00:00Z,3.575,73.525,0.0
2017-02-10T12:00:00Z,3.575,73.575,0.0
2017-02-10T12:00:00Z,3.575,73.625,0.0
2017-02-10T12:00:00Z,3.525,73.375,0.0
2017-02-10T12:00:00Z,3.525,73.425,0.0
2017-02-10T12:00:00Z,3.525,73.475,0.0
2017-02-10T12:00:00Z,3.525,73.525,0.0
2017-02-10T12:00:00Z,3.525,73.575,0.0
2017-02-10T12:00:00Z,3.525,73.625,0.0
2017-02-10T12:00:00Z,3.475,73.375,0.0
2017-02-10T12:00:00Z,3.475,73.425,0.0
2017-02-10T12:00:00Z,3.475,73.475,0.0
2017-02-10T12:00:00Z,3.475,73.525,0.0
2017-02-10T12:00:00Z,3.475,73.575,0.0
2017-02-10T12:00:00Z,3.475,73.625,0.0
2017-02-10T12:00:00Z,3.425,73.375,0.0
2017-02-10T12:00:00Z,3.425,73.425,0.0
2017-02-10T12:00:00Z,3.425,73.475,0.0
2017-02-10T12:00:00Z,3.425,73.525,0.0
2017-02-10T12:00:00Z,3.425,73.575,0.0
2017-02-10T12:00:00Z,3.425,73.625,0.0
2017-02-10T12:00:00Z,3.375,73.375,0.0
2017-02-10T12:00:00Z,3.375,73.425,0.0
2017-02-10T12:00:00Z,3.375,73.475,0.0
2017-02-10T12:00:00Z,3.375,73.525,0.0
2017-02-10T12:00:00Z,3.375,73.575,0.0
2017-02-10T12:00:00Z,3.375,73.625,0.0
2017-02-10T12:00:00Z,3.325,73.375,0.0
2017-02-10T12:00:00Z,3.325,73.425,0.0
2017-02-10T12:00:00Z,3.325,73.475,0.0
2017-02-10T12:00:00Z,3.325,73.525,0.0
2017-02-10T12:00:00Z,3.325,73.575,0.0
2017-02-10T12:00:00Z,3.325,73.625,0.0
2017-03-12T12:00:00Z,3.675,73.375,0.0
2017-03-12T12:00:00Z,3.675,73.425,0.0
2017-03-12T12:00:00Z,3.675,73.475,0.0
2017-03-12T12:00:00Z,3.675,73.525,0.0
2017-03-12T12:00:00Z,3.675,73.575,0.0
2017-03-12T12:00:00Z,3.675,73.625,0.0
2017-03-12T12:00:00Z,3.625,73.375,0.0
2017-03-12T12:00:00Z,3.625,73.425,0.0
2017-03-12T12:00:00Z,3.625,73.475,0.0
2017-03-12T12:00:00Z,3.625,73.525,0.0
2017-03-12T12:00:00Z,3.625,73.575,0.0
2017-03-12T12:00:00Z,3.625,73.625,0.0
2017-03-12T12:00:00Z,3.575,73.375,0.0
2017-03-12T12:00:00Z,3.575,73.425,0.0
2017-03-12T12:00:00Z,3.575,73.475,0.0
2017-03-12T12:00:00Z,3.575,73.525,0.0
2017-03-12T12:00:00Z,3.575,73.575,0.0
2017-03-12T12:00:00Z,3.575,73.625,0.0
2017-03-12T12:00:00Z,3.525,73.375,0.0
2017-03-12T12:00:00Z,3.525,73.425,0.0
2017-03-12T12:00:00Z,3.525,73.475,0.0
2017-03-12T12:00:00Z,3.525,73.525,0.0
2017-03-12T12:00:00Z,3.525,73.575,0.0
2017-03-12T12:00:00Z,3.525,73.625,0.0
2017-03-12T12:00:00Z,3.475,73.375,0.0
2017-03-12T12:00:00Z,3.475,73.425,0.0
2017-03-12T12:00:00Z,3.475,73.475,0.0
2017-03-12T12:00:00Z,3.475,73.525,0.0
2017-03-12T12:00:00Z,3.475,73.575,0.0
2017-03-12T12:00:00Z,3.475,73.625,0.0
2017-03-12T12:00:00Z,3.425,73.375,0.0
2017-03-12T12:00:00Z,3.425,73.425,0.0
2017-03-12T12:00:00Z,3.425,73.475,0.0
2017-03-12T12:00:00Z,3.425,73.525,0.0
2017-03-12T12:00:00Z,3.425,73.575,0.0
2017-03-12T12:00:00Z,3.425,73.625,0.0
2017-03-12T12:00:00Z,3.375,73.375,0.0
2017-03-12T12:00:00Z,3.375,73.425,0.0
2017-03-12T12:00:00Z,3.375,73.475,0.0
2017-03-12T12:00:00Z,3.375,73.525,0.0
2017-03-12T12:00:00Z,3.375,73.575,0.0
2017-03-12T12:00:00Z,3.375,73.625,0.0
2017-03-12T12:00:00Z,3.325,73.375,0.0
2017-03-12T12:00:00Z,3.325,73.425,0.0
2017-03-12T12:00:00Z,3.325,73.475,0.0
2017-03-12T12:00:00Z,3.325,73.525,0.0
2017-03-12T12:00:00Z,3.325,73.575,0.0
2017-03-12T12:00:00Z,3.325,73.625,0.0
2017-04-11T12:00:00Z,3.675,73.375,0.0
2017-04-11T12:00:00Z,3.675,73.425,0.0
2017-04-11T12:00:00Z,3.675,73.475,0.0
2017-04-11T12:00:00Z,3.675,73.525,0.0
2017-04-11T12:00:00Z,3.675,73.575,0.0
2017-04-11T12:00:00Z,3.675,73.625,0.0
2017-04-11T12:00:00Z,3.625,73.375,0.0
2017-04-11T12:00:00Z,3.625,73.425,0.0
2017-04-11T12:00:00Z,3.625,73.475,0.0
2017-04-11T12:00:00Z,3.625,73.525,0.0
2017-04-11T12:00:00Z,3.625,73.575,0.0
2017-04-11T12:00:00Z,3.625,73.625,0.0
2017-04-11T12:00:00Z,3.575,73.375,0.0
2017-04-11T12:00:00Z,3.575,73.425,0.0
2017-04-11T12:00:00Z,3.575,73.475,0.0
2017-04-11T12:00:00Z,3.575,73.525,0.0
2017-04-11T12:00:00Z,3.575,73.575,0.0
2017-04-11T12:00:00Z,3.575,73.625,0.0
2017-04-11T12:00:00Z,3.525,73.375,0.0
2017-04-11T12:00:00Z,3.525,73.425,0.0
2017-04-11T12:00:00Z,3.525,73.475,0.0
2017-04-11T12:00:00Z,3.525,73.525,0.0
2017-04-11T12:00:00Z,3.525,73.575,0.0
2017-04-11T12:00:00Z,3.525,73.625,0.0
2017-04-11T12:00:00Z,3.475,73.375,0.0
2017-04-11T12:00:00Z,3.475,73.425,0.0
2017-04-11T12:00:00Z,3.475,73.475,0.0
2017-04-11T12:00:00Z,3.475,73.525,0.0
2017-04-11T12:00:00Z,3.475,73.575,0.0
2017-04-11T12:00:00Z,3.475,73.625,0.0
2017-04-11T12:00:00Z,3.425,73.375,0.0
2017-04-11T12:00:00Z,3.425,73.425,0.0
2017-04-11T12:00:00Z,3.425,73.475,0.0
2017-04-11T12:00:00Z,3.425,73.525,0.0
2017-04-11T12:00:00Z,3.425,73.575,0.0
2017-04-11T12:00:00Z,3.425,73.625,0.0
2017-04-11T12:00:00Z,3.375,73.375,0.0
2017-04-11T12:00:00Z,3.375,73.425,0.0
2017-04-11T12:00:00Z,3.375,73.475,0.0
2017-04-11T12:00:00Z,3.375,73.525,0.0
2017-04-11T12:00:00Z,3.375,73.575,0.0
2017-04-11T12:00:00Z,3.375,73.625,0.0
2017-04-11T12:00:00Z,3.325,73.375,0.0
2017-04-11T12:00:00Z,3.325,73.425,0.0
2017-04-11T12:00:00Z,3.325,73.475,0.0
2017-04-11T12:00:00Z,3.325,73.525,0.0
2017-04-11T12:00:00Z,3.325,73.575,0.0
2017-04-11T12:00:00Z,3.325,73.625,0.0
2017-05-11T12:00:00Z,3.675,73.375,0.0
2017-05-11T12:00:00Z,3.675,73.425,0.0
2017-05-11T12:00:00Z,3.675,73.475,0.0
2017-05-11T12:00:00Z,3.675,73.525,0.0
2017-05-11T12:00:00Z,3.675,73.575,0.0
2017-05-11T12:00:00Z,3.675,73.625,0.0
2017-05-11T12:00:00Z,3.625,73.375,0.0
2017-05-11T12:00:00Z,3.625,73.425,0.0
2017-05-11T12:00:00Z,3.625,73.475,0.0
2017-05-11T12:00:00Z,3.625,73.525,0.0
2017-05-11T12:00:00Z,3.625,73.575,0.0
2017-05-11T12:00:00Z,3.625,73.625,0.0
2017-05-11T12:00:00Z,3.575,73.375,0.0
2017-05-11T12:00:00Z,3.575,73.425,0.0
2017-05-11T12:00:00Z,3.575,73.475,0.0
2017-05-11T12:00:00Z,3.575,73.525,0.0
2017-05-11T12:00:00Z,3.575,73.575,0.0
2017-05-11T12:00:00Z,3.575,73.625,0.0
2017-05-11T12:00:00Z,3.525,73.375,0.0
2017-05-11T12:00:00Z,3.525,73.425,0.0
2017-05-11T12:00:00Z,3.525,73.475,0.0
2017-05-11T12:00:00Z,3.525,73.525,0.0
2017-05-11T12:00:00Z,3.525,73.575,0.0
2017-05-11T12:00:00Z,3.525,73.625,0.0
2017-05-11T12:00:00Z,3.475,73.375,0.0
2017-05-11T12:00:00Z,3.475,73.425,0.0
2017-05-11T12:00:00Z,3.475,73.475,0.0
2017-05-11T12:00:00Z,3.475,73.525,0.0
2017-05-11T12:00:00Z,3.475,73.575,0.0
2017-05-11T12:00:00Z,3.475,73.625,0.0
2017-05-11T12:00:00Z,3.425,73.375,0.0
2017-05-11T12:00:00Z,3.425,73.425,0.0
2017-05-11T12:00:00Z,3.425,73.475,0.0
2017-05-11T12:00:00Z,3.425,73.525,0.0
2017-05-11T12:00:00Z,3.425,73.575,0.0
2017-05-11T12:00:00Z,3.425,73.625,0.0
2017-05-11T12:00:00Z,3.375,73.375,0.0
2017-05-11T12:00:00Z,3.375,73.425,0.0
2017-05-11T12:00:00Z,3.375,73.475,0.0
2017-05-11T12:00:00Z,3.375,73.525,0.0
2017-05-11T12:00:00Z,3.375,73.575,0.0
2017-05-11T12:00:00Z,3.375,73.625,0.0
2017-05-11T12:00:00Z,3.325,73.375,0.0
2017-05-11T12:00:00Z,3.325,73.425,0.0
2017-05-11T12:00:00Z,3.325,73.475,0.0
2017-05-11T12:00:00Z,3.325,73.525,0.0
2017-05-11T12:00:00Z,3.325,73.575,0.0
2017-05-11T12:00:00Z,3.325,73.625,0.0
2017-06-10T12:00:00Z,3.675,73.375,0.0
2017-06-10T12:00:00Z,3.675,73.425,0.0
2017-06-10T12:00:00Z,3.675,73.475,0.0
2017-06-10T12:00:00Z,3.675,73.525,0.0
2017-06-10T12:00:00Z,3.675,73.575,0.0
2017-06-10T12:00:00Z,3.675,73.625,0.0
2017-06-10T12:00:00Z,3.625,73.375,0.0
2017-06-10T12:00:00Z,3.625,73.425,0.0
2017-06-10T12:00:00Z,3.625,73.475,0.0
2017-06-10T12:00:00Z,3.625,73.525,0.0
2017-06-10T12:00:00Z,3.625,73.575,0.0
2017-06-10T12:00:00Z,3.625,73.625,0.0
2017-06-10T12:00:00Z,3.575,73.375,0.0
2017-06-10T12:00:00Z,3.575,73.425,0.0
2017-06-10T12:00:00Z,3.575,73.475,0.0
2017-06-10T12:00:00Z,3.575,73.525,0.0
2017-06-10T12:00:00Z,3.575,73.575,0.0
2017-06-10T12:00:00Z,3.575,73.625,0.0
2017-06-10T12:00:00Z,3.525,73.375,0.0
2017-06-10T12:00:00Z,3.525,73.425,0.0
2017-06-10T12:00:00Z,3.525,73.475,0.0
2017-06-10T12:00:00Z,3.525,73.525,0.0
2017-06-10T12:00:00Z,3.525,73.575,0.0
2017-06-10T12:00:00Z,3.525,73.625,0.0
2017-06-10T12:00:00Z,3.475,73.375,0.0
2017-06-10T12:00:00Z,3.475,73.425,0.0
2017-06-10T12:00:00Z,3.475,73.475,0.0
2017-06-10T12:00:00Z,3.475,73.525,0.0
2017-06-10T12:00:00Z,3.475,73.575,0.0
2017-06-10T12:00:00Z,3.475,73.625,0.0
2017-06-10T12:00:00Z,3.425,73.375,0.0
2017-06-10T12:00:00Z,3.425,73.425,0.0
2017-06-10T12:00:00Z,3.425,73.475,0.0
2017-06-10T12:00:00Z,3.425,73.525,0.0
2017-06-10T12:00:00Z,3.425,73.575,0.0
2017-06-10T12:00:00Z,3.425,73.625,0.0
2017-06-10T12:00:00Z,3.375,73.375,0.0
2017-06-10T12:00:00Z,3.375,73.425,0.0
2017-06-10T12:00:00Z,3.375,73.475,0.0
2017-06-10T12:00:00Z,3.375,73.525,0.0
2017-06-10T12:00:00Z,3.375,73.575,0.0
2017-06-10T12:00:00Z,3.375,73.625,0.0
2017-06-10T12:00:00Z,3.325,73.375,0.0
2017-06-10T12:00:00Z,3.325,73.425,0.0
2017-06-10T12:00:00Z,3.325,73.475,0.0
2017-06-10T12:00:00Z,3.325,73.525,0.0
2017-06-10T12:00:00Z,3.325,73.575,0.0
2017-06-10T12:00:00Z,3.325,73.625,0.0
2017-07-10T12:00:00Z,3.675,73.375,0.0
2017-07-10T12:00:00Z,3.675,73.425,0.0
2017-07-10T12:00:00Z,3.675,73.475,0.0
2017-07-10T12:00:00Z,3.675,73.525,0.0
2017-07-10T12:00:00Z,3.675,73.575,0.0
2017-07-10T12:00:00Z,3.675,73.625,0.0
2017-07-10T12:00:00Z,3.625,73.375,0.0
2017-07-10T12:00:00Z,3.625,73.425,0.0
2017-07-10T12:00:00Z,3.625,73.475,0.0
2017-07-10T12:00:00Z,3.625,73.525,0.0
2017-07-10T12:00:00Z,3.625,73.575,0.0
2017-07-10T12:00:00Z,3.625,73.625,0.0
2017-07-10T12:00:00Z,3.575,73.375,0.0
2017-07-10T12:00:00Z,3.575,73.425,0.0
2017-07-10T12:00:00Z,3.575,73.475,0.0
2017-07-10T12:00:00Z,3.575,73.525,0.0
2017-07-10T12:00:00Z,3.575,73.575,0.0
2017-07-10T12:00:00Z,3.575,73.625,0.0
2017-07-10T12:00:00Z,3.525,73.375,0.0
2017-07-10T12:00:00Z,3.525,73.425,0.0
2017-07-10T12:00:00Z,3.525,73.475,0.0
2017-07-10T12:00:00Z,3.525,73.525,0.0
2017-07-10T12:00:00Z,3.525,73.575,0.0
2017-07-10T12:00:00Z,3.525,73.625,0.0
2017-07-10T12:00:00Z,3.475,73.375,0.0
2017-07-10T12:00:00Z,3.475,73.425,0.0
2017-07-10T12:00:00Z,3.475,73.475,0.0
2017-07-10T12:00:00Z,3.475,73.525,0.0
2017-07-10T12:00:00Z,3.475,73.575,0.0
2017-07-10T12:00:00Z,3.475,73.625,0.0
2017-07-10T12:00:00Z,3.425,73.375,0.0
2017-07-10T12:00:00Z,3.425,73.425,0.0
2017-07-10T12:00:00Z,3.425,73.475,0.0
2017-07-10T12:00:00Z,3.425,73.525,0.0
2017-07-10T12:00:00Z,3.425,73.575,0.0
2017-07-10T12:00:00Z,3.425,73.625,0.0
2017-07-10T12:00:00Z,3.375,73.375,0.0
2017-07-10T12:00:00Z,3.375,73.425,0.0
2017-07-10T12:00:00Z,3.375,73.475,0.0
2017-07-10T12:00:00Z,3.375,73.525,0.0
2017-07-10T12:00:00Z,3.375,73.575,0.0
2017-07-10T12:00:00Z,3.375,73.625,0.0
2017-07-10T12:00:00Z,3.325,73.375,0.0
2017-07-10T12:00:00Z,3.325,73.425,0.0
2017-07-10T12:00:00Z,3.325,73.475,0.0
2017-07-10T12:00:00Z,3.325,73.525,0.0
2017-07-10T12:00:00Z,3.325,73.575,0.0
2017-07-10T12:00:00Z,3.325,73.625,0.0
2017-08-09T12:00:00Z,3.675,73.375,0.0
2017-08-09T12:00:00Z,3.675,73.425,0.0
2017-08-09T12:00:00Z,3.675,73.475,0.0
2017-08-09T12:00:00Z,3.675,73.525,0.0
2017-08-09T12:00:00Z,3.675,73.575,0.0
2017-08-09T12:00:00Z,3.675,73.625,0.0
2017-08-09T12:00:00Z,3.625,73.375,0.0
2017-08-09T12:00:00Z,3.625,73.425,0.0
2017-08-09T12:00:00Z,3.625,73.475,0.0
2017-08-09T12:00:00Z,3.625,73.525,0.0
2017-08-09T12:00:00Z,3.625,73.575,0.0
2017-08-09T12:00:00Z,3.625,73.625,0.0
2017-08-09T12:00:00Z,3.575,73.375,0.0
2017-08-09T12:00:00Z,3.575,73.425,0.0
2017-08-09T12:00:00Z,3.575,73.475,0.0
2017-08-09T12:00:00Z,3.575,73.525,0.0
2017-08-09T12:00:00Z,3.575,73.575,0.0
2017-08-09T12:00:00Z,3.575,73.625,0.0
2017-08-09T12:00:00Z,3.525,73.375,0.0
2017-08-09T12:00:00Z,3.525,73.425,0.0
2017-08-09T12:00:00Z,3.525,73.475,0.0
2017-08-09T12:00:00Z,3.525,73.525,0.0
2017-08-09T12:00:00Z,3.525,73.575,0.0
2017-08-09T12:00:00Z,3.525,73.625,0.0
2017-08-09T12:00:00Z,3.475,73.375,0.0
2017-08-09T12:00:00Z,3.475,73.425,0.0
2017-08-09T12:00:00Z,3.475,73.475,0.0
2017-08-09T12:00:00Z,3.475,73.525,0.0
2017-08-09T12:00:00Z,3.475,73.575,0.0
2017-08-09T12:00:00Z,3.475,73.625,0.0
2017-08-09T12:00:00Z,3.425,73.375,0.0
2017-08-09T12:00:00Z,3.425,73.425,0.0
2017-08-09T12:00:00Z,3.425,73.475,0.0
2017-08-09T12:00:00Z,3.425,73.525,0.0
2017-08-09T12:00:00Z,3.425,73.575,0.0
2017-08-09T12:00:00Z,3.425,73.625,0.0
2017-08-09T12:00:00Z,3.375,73.375,0.0
2017-08-09T12:00:00Z,3.375,73.425,0.0
2017-08-09T12:00:00Z,3.375,73.475,0.0
2017-08-09T12:00:00Z,3.375,73.525,0.0
2017-08-09T12:00:00Z,3.375,73.575,0.0
2017-08-09T12:00:00Z,3.375,73.625,0.0
2017-08-09T12:00:00Z,3.325,73.375,0.0
2017-08-09T12:00:00Z,3.325,73.425,0.0
2017-08-09T12:00:00Z,3.325,73.475,0.0
2017-08-09T12:00:00Z,3.325,73.525,0.0
2017-08-09T12:00:00Z,3.325,73.575,0.0
2017-08-09T12:00:00Z,3.325,73.625,0.0
2017-09-08T12:00:00Z,3.675,73.375,0.0
2017-09-08T12:00:00Z,3.675,73.425,0.0
2017-09-08T12:00:00Z,3.675,73.475,0.0
2017-09-08T12:00:00Z,3.675,73.525,0.0
2017-09-08T12:00:00Z,3.675,73.575,0.0
2017-09-08T12:00:00Z,3.675,73.625,0.0
2017-09-08T12:00:00Z,3.625,73.375,0.0
2017-09-08T12:00:00Z,3.625,73.425,0.0
2017-09-08T12:00:00Z,3.625,73.475,0.0
2017-09-08T12:00:00Z,3.625,73.525,0.0
2017-09-08T12:00:00Z,3.625,73.575,0.0
2017-09-08T12:00:00Z,3.625,73.625,0.0
2017-09-08T12:00:00Z,3.575,73.375,0.0
2017-09-08T12:00:00Z,3.575,73.425,0.0
2017-09-08T12:00:00Z,3.575,73.475,0.0
2017-09-08T12:00:00Z,3.575,73.525,0.0
2017-09-08T12:00:00Z,3.575,73.575,0.0
2017-09-08T12:00:00Z,3.575,73.625,0.0
2017-09-08T12:00:00Z,3.525,73.375,0.0
2017-09-08T12:00:00Z,3.525,73.425,0.0
2017-09-08T12:00:00Z,3.525,73.475,0.0
2017-09-08T12:00:00Z,3.525,73.525,0.0
2017-09-08T12:00:00Z,3.525,73.575,0.0
2017-09-08T12:00:00Z,3.525,73.625,0.0
2017-09-08T12:00:00Z,3.475,73.375,0.0
2017-09-08T12:00:00Z,3.475,73.425,0.0
2017-09-08T12:00:00Z,3.475,73.475,0.0
2017-09-08T12:00:00Z,3.475,73.525,0.0
2017-09-08T12:00:00Z,3.475,73.575,0.0
2017-09-08T12:00:00Z,3.475,73.625,0.0
2017-09-08T12:00:00Z,3.425,73.375,0.0
2017-09-08T12:00:00Z,3.425,73.425,0.0
2017-09-08T12:00:00Z,3.425,73.475,0.0
2017-09-08T12:00:00Z,3.425,73.525,0.0
2017-09-08T12:00:00Z,3.425,73.575,0.0
2017-09-08T12:00:00Z,3.425,73.625,0.0
2017-09-08T12:00:00Z,3.375,73.375,0.0
2017-09-08T12:00:00Z,3.375,73.425,0.0
2017-09-08T12:00:00Z,3.375,73.475,0.0
2017-09-08T12:00:00Z,3.375,73.525,0.0
2017-09-08T12:00:00Z,3.375,73.575,0.0
2017-09-08T12:00:00Z,3.375,73.625,0.0
2017-09-08T12:00:00Z,3.325,73.375,0.0
2017-09-08T12:00:00Z,3.325,73.425,0.0
2017-09-08T12:00:00Z,3.325,73.475,0.0
2017-09-08T12:00:00Z,3.325,73.525,0.0
2017-09-08T12:00:00Z,3.325,73.575,0.0
2017-09-08T12:00:00Z,3.325,73.625,0.0
2017-10-08T12:00:00Z,3.675,73.375,0.0
2017-10-08T12:00:00Z,3.675,73.425,0.0
2017-10-08T12:00:00Z,3.675,73.475,0.0
2017-10-08T12:00:00Z,3.675,73.525,0.0
2017-10-08T12:00:00Z,3.675,73.575,0.0
2017-10-08T12:00:00Z,3.675,73.625,0.0
2017-10-08T12:00:00Z,3.625,73.375,0.0
2017-10-08T12:00:00Z,3.625,73.425,0.0
2017-10-08T12:00:00Z,3.625,73.475,0.0
2017-10-08T12:00:00Z,3.625,73.525,0.0
2017-10-08T12:00:00Z,3.625,73.575,0.0
2017-10-08T12:00:00Z,3.625,73.625,0.0
2017-10-08T12:00:00Z,3.575,73.375,0.0
2017-10-08T12:00:00Z,3.575,73.425,0.0
2017-10-08T12:00:00Z,3.575,73.475,0.0
2017-10-08T12:00:00Z,3.575,73.525,0.0
2017-10-08T12:00:00Z,3.575,73.575,0.0
2017-10-08T12:00:00Z,3.575,73.625,0.0
2017-10-08T12:00:00Z,3.525,73.375,0.0
2017-10-08T12:00:00Z,3.525,73.425,0.0
2017-10-08T12:00:00Z,3.525,73.475,0.0
2017-10-08T12:00:00Z,3.525,73.525,0.0
2017-10-08T12:00:00Z,3.525,73.575,0.0
2017-10-08T12:00:00Z,3.525,73.625,0.0
2017-10-08T12:00:00Z,3.475,73.375,0.0
2017-10-08T12:00:00Z,3.475,73.425,0.0
2017-10-08T12:00:00Z,3.475,73.475,0.0
2017-10-08T12:00:00Z,3.475,73.525,0.0
2017-10-08T12:00:00Z,3.475,73.575,0.0
2017-10-08T12:00:00Z,3.475,73.625,0.0
2017-10-08T12:00:00Z,3.425,73.375,0.0
2017-10-08T12:00:00Z,3.425,73.425,0.0
2017-10-08T12:00:00Z,3.425,73.475,0.0
2017-10-08T12:00:00Z,3.425,73.525,0.0
2017-10-08T12:00:00Z,3.425,73.575,0.0
2017-10-08T12:00:00Z,3.425,73.625,0.0
2017-10-08T12:00:00Z,3.375,73.375,0.0
2017-10-08T12:00:00Z,3.375,73.425,0.0
2017-10-08T12:00:00Z,3.375,73.475,0.0
2017-10-08T12:00:00Z,3.375,73.525,0.0
2017-10-08T12:00:00Z,3.375,73.575,0.0
2017-10-08T12:00:00Z,3.375,73.625,0.0
2017-10-08T12:00:00Z,3.325,73.375,0.0
2017-10-08T12:00:00Z,3.325,73.425,0.0
2017-10-08T12:00:00Z,3.325,73.475,0.0
2017-10-08T12:00:00Z,3.325,73.525,0.0
2017-10-08T12:00:00Z,3.325,73.575,0.0
2017-10-08T12:00:00Z,3.325,73.625,0.0
2017-11-07T12:00:00Z,3.675,73.375,0.0
2017-11-07T12:00:00Z,3.675,73.425,0.0
2017-11-07T12:00:00Z,3.675,73.475,0.0
2017-11-07T12:00:00Z,3.675,73.525,0.0
2017-11-07T12:00:00Z,3.675,73.575,0.0
2017-11-07T12:00:00Z,3.675,73.625,0.0
2017-11-07T12:00:00Z,3.625,73.375,0.0
2017-11-07T12:00:00Z,3.625,73.425,0.0
2017-11-07T12:00:00Z,3.625,73.475,0.0
2017-11-07T12:00:00Z,3.625,73.525,0.0
2017-11-07T12:00:00Z,3.625,73.575,0.0
2017-11-07T12:00:00Z,3.625,73.625,0.0
2017-11-07T12:00:00Z,3.575,73.375,0.0
2017-11-07T12:00:00Z,3.575,73.425,0.0
2017-11-07T12:00:00Z,3.575,73.475,0.0
2017-11-07T12:00:00Z,3.575,73.525,0.0
2017-11-07T12:00:00Z,3.575,73.575,0.0
2017-11-07T12:00:00Z,3.575,73.625,0.0
2017-11-07T12:00:00Z,3.525,73.375,0.0
2017-11-07T12:00:00Z,3.525,73.425,0.0
2017-11-07T12:00:00Z,3.525,73.475,0.0
2017-11-07T12:00:00Z,3.525,73.525,0.0
2017-11-07T12:00:00Z,3.525,73.575,0.0
2017-11-07T12:00:00Z,3.525,73.625,0.0
2017-11-07T12:00:00Z,3.475,73.375,0.0
2017-11-07T12:00:00Z,3.475,73.425,0.0
2017-11-07T12:00:00Z,3.475,73.475,0.0
2017-11-07T12:00:00Z,3.475,73.525,0.0
2017-11-07T12:00:00Z,3.475,73.575,0.0
2017-11-07T12:00:00Z,3.475,73.625,0.0
2017-11-07T12:00:00Z,3.425,73.375,0.0
2017-11-07T12:00:00Z,3.425,73.425,0.0
2017-11-07T12:00:00Z,3.425,73.475,0.0
2017-11-07T12:00:00Z,3.425,73.525,0.0
2017-11-07T12:00:00Z,3.425,73.575,0.0
2017-11-07T12:00:00Z,3.425,73.625,0.0
2017-11-07T12:00:00Z,3.375,73.375,0.0
2017-11-07T12:00:00Z,3.375,73.425,0.0
2017-11-07T12:00:00Z,3.375,73.475,0.0
2017-11-07T12:00:00Z,3.375,73.525,0.0
2017-11-07T12:00:00Z,3.375,73.575,0.0
2017-11-07T12:00:00Z,3.375,73.625,0.0
2017-11-07T12:00:00Z,3.325,73.375,0.0
2017-11-07T12:00:00Z,3.325,73.425,0.0
2017-11-07T12:00:00Z,3.325,73.475,0.0
2017-11-07T12:00:00Z,3.325,73.525,0.0
2017-11-07T12:00:00Z,3.325,73.575,0.0
2017-11-07T12:00:00Z,3.325,73.625,0.0
2017-12-07T12:00:00Z,3.675,73.375,0.0
2017-12-07T12:00:00Z,3.675,73.425,0.0
2017-12-07T12:00:00Z,3.675,73.475,0.0
2017-12-07T12:00:00Z,3.675,73.525,0.0
2017-12-07T12:00:00Z,3.675,73.575,0.0
2017-12-07T12:00:00Z,3.675,73.625,0.0
2017-12-07T12:00:00Z,3.625,73.375,0.0
2017-12-07T12:00:00Z,3.625,73.425,0.0
2017-12-07T12:00:00Z,3.625,73.475,0.0
2017-12-07T12:00:00Z,3.625,73.525,0.0
2017-12-07T12:00:00Z,3.625,73.575,0.0
2017-12-07T12:00:00Z,3.625,73.625,0.0
2017-12-07T12:00:00Z,3.575,73.375,0.0
2017-12-07T12:00:00Z,3.575,73.425,0.0
2017-12-07T12:00:00Z,3.575,73.475,0.0
2017-12-07T12:00:00Z,3.575,73.525,0.0
2017-12-07T12:00:00Z,3.575,73.575,0.0
2017-12-07T12:00:00Z,3.575,73.625,0.0
2017-12-07T12:00:00Z,3.525,73.375,0.0
2017-12-07T12:00:00Z,3.525,73.425,0.0
2017-12-07T12:00:00Z,3.525,73.475,0.0
2017-12-07T12:00:00Z,3.525,73.525,0.0
2017-12-07T12:00:00Z,3.525,73.575,0.0
2017-12-07T12:00:00Z,3.525,73.625,0.0
2017-12-07T12:00:00Z,3.475,73.375,0.0
2017-12-07T12:00:00Z,3.475,73.425,0.0
2017-12-07T12:00:00Z,3.475,73.475,0.0
2017-12-07T12:00:00Z,3.475,73.525,0.0
2017-12-07T12:00:00Z,3.475,73.575,0.0
2017-12-07T12:00:00Z,3.475,73.625,0.0
2017-12-07T12:00:00Z,3.425,73.375,0.0
2017-12-07T12:00:00Z,3.425,73.425,0.0
2017-12-07T12:00:00Z,3.425,73.475,0.0
2017-12-07T12:00:00Z,3.425,73.525,0.0
2017-12-07T12:00:00Z,3.425,73.575,0.0
2017-12-07T12:00:00Z,3.425,73.625,0.0
2017-12-07T12:00:00Z,3.375,73.375,0.0
2017-12-07T12:00:00Z,3.375,73.425,0.0
2017-12-07T12:00:00Z,3.375,73.475,0.0
2017-12-07T12:00:00Z,3.375,73.525,0.0
2017-12-07T12:00:00Z,3.375,73.575,0.0
2017-12-07T12:00:00Z,3.375,73.625,0.0
2017-12-07T12:00:00Z,3.325,73.375,0.0
2017-12-07T12:00:00Z,3.325,73.425,0.0
2017-12-07T12:00:00Z,3.325,73.475,0.0
2017-12-07T12:00:00Z,3.325,73.525,0.0
2017-12-07T12:00:00Z,3.325,73.575,0.0
2017-12-07T12:00:00Z,3.325,73.625,0.0
2018-01-06T12:00:00Z,3.675,73.375,0.0
2018-01-06T12:00:00Z,3.675,73.425,0.0
2018-01-06T12:00:00Z,3.675,73.475,0.0
2018-01-06T12:00:00Z,3.675,73.525,0.0
2018-01-06T12:00:00Z,3.675,73.575,0.0
2018-01-06T12:00:00Z,3.675,73.625,0.0
2018-01-06T12:00:00Z,3.625,73.375,0.0
2018-01-06T12:00:00Z,3.625,73.425,0.0
2018-01-06T12:00:00Z,3.625,73.475,0.0
2018-01-06T12:00:00Z,3.625,73.525,0.0
2018-01-06T12:00:00Z,3.625,73.575,0.0
2018-01-06T12:00:00Z,3.625,73.625,0.0
2018-01-06T12:00:00Z,3.575,73.375,0.0
2018-01-06T12:00:00Z,3.575,73.425,0.0
2018-01-06T12:00:00Z,3.575,73.475,0.0
2018-01-06T12:00:00Z,3.575,73.525,0.0
2018-01-06T12:00:00Z,3.575,73.575,0.0
2018-01-06T12:00:00Z,3.575,73.625,0.0
2018-01-06T12:00:00Z,3.525,73.375,0.0
2018-01-06T12:00:00Z,3.525,73.425,0.0
2018-01-06T12:00:00Z,3.525,73.475,0.0
2018-01-06T12:00:00Z,3.525,73.525,0.0
2018-01-06T12:00:00Z,3.525,73.575,0.0
2018-01-06T12:00:00Z,3.525,73.625,0.0
2018-01-06T12:00:00Z,3.475,73.375,0.0
2018-01-06T12:00:00Z,3.475,73.425,0.0
2018-01-06T12:00:00Z,3.475,73.475,0.0
2018-01-06T12:00:00Z,3.475,73.525,0.0
2018-01-06T12:00:00Z,3.475,73.575,0.0
2018-01-06T12:00:00Z,3.475,73.625,0.0
2018-01-06T12:00:00Z,3.425,73.375,0.0
2018-01-06T12:00:00Z,3.425,73.425,0.0
2018-01-06T12:00:00Z,3.425,73.475,0.0
2018-01-06T12:00:00Z,3.425,73.525,0.0
2018-01-06T12:00:00Z,3.425,73.575,0.0
2018-01-06T12:00:00Z,3.425,73.625,0.0
2018-01-06T12:00:00Z,3.375,73.375,0.0
2018-01-06T12:00:00Z,3.375,73.425,0.0
2018-01-06T12:00:00Z,3.375,73.475,0.0
2018-01-06T12:00:00Z,3.375,73.525,0.0
2018-01-06T12:00:00Z,3.375,73.575,0.0
2018-01-06T12:00:00Z,3.375,73.625,0.0
2018-01-06T12:00:00Z,3.325,73.375,0.0
2018-01-06T12:00:00Z,3.325,73.425,0.0
2018-01-06T12:00:00Z,3.325,73.475,0.0
2018-01-06T12:00:00Z,3.325,73.525,0.0
2018-01-06T12:00:00Z,3.325,73.575,0.0
2018-01-06T12:00:00Z,3.325,73.625,0.0
2018-02-05T12:00:00Z,3.675,73.375,0.0
2018-02-05T12:00:00Z,3.675,73.425,0.0
2018-02-05T12:00:00Z,3.675,73.475,0.0
2018-02-05T12:00:00Z,3.675,73.525,0.0
2018-02-05T12:00:00Z,3.675,73.575,0.0
2018-02-05T12:00:00Z,3.675,73.625,0.0
2018-02-05T12:00:00Z,3.625,73.375,0.0
2018-02-05T12:00:00Z,3.625,73.425,0.0
2018-02-05T12:00:00Z,3.625,73.475,0.0
2018-02-05T12:00:00Z,3.625,73.525,0.0
2018-02-05T12:00:00Z,3.625,73.575,0.0
2018-02-05T12:00:00Z,3.625,73.625,0.0
2018-02-05T12:00:00Z,3.575,73.375,0.0
2018-02-05T12:00:00Z,3.575,73.425,0.0
2018-02-05T12:00:00Z,3.575,73.475,0.0
2018-02-05T12:00:00Z,3.575,73.525,0.0
2018-02-05T12:00:00Z,3.575,73.575,0.0
2018-02-05T12:00:00Z,3.575,73.625,0.0
2018-02-05T12:00:00Z,3.525,73.375,0.0
2018-02-05T12:00:00Z,3.525,73.425,0.0
2018-02-05T12:00:00Z,3.525,73.475,0.0
2018-02-05T12:00:00Z,3.525,73.525,0.0
2018-02-05T12:00:00Z,3.525,73.575,0.0
2018-02-05T12:00:00Z,3.525,73.625,0.0
2018-02-05T12:00:00Z,3.475,73.375,0.0
2018-02-05T12:00:00Z,3.475,73.425,0.0
2018-02-05T12:00:00Z,3.475,73.475,0.0
2018-02-05T12:00:00Z,3.475,73.525,0.0
2018-02-05T12:00:00Z,3.475,73.575,0.0
2018-02-05T12:00:00Z,3.475,73.625,0.0
2018-02-05T12:00:00Z,3.425,73.375,0.0
2018-02-05T12:00:00Z,3.425,73.425,0.0
2018-02-05T12:00:00Z,3.425,73.475,0.0
2018-02-05T12:00:00Z,3.425,73.525,0.0
2018-02-05T12:00:00Z,3.425,73.575,0.0
2018-02-05T12:00:00Z,3.425,73.625,0.0
2018-02-05T12:00:00Z,3.375,73.375,0.0
2018-02-05T12:00:00Z,3.375,73.425,0.0
2018-02-05T12:00:00Z,3.375,73.475,0.0
2018-02-05T12:00:00Z,3.375,73.525,0.0
2018-02-05T12:00:00Z,3.375,73.575,0.0
2018-02-05T12:00:00Z,3.375,73.625,0.0
2018-02-05T12:00:00Z,3.325,73.375,0.0
2018-02-05T12:00:00Z,3.325,73.425,0.0
2018-02-05T12:00:00Z,3.325,73.475,0.0
2018-02-05T12:00:00Z,3.325,73.525,0.0
2018-02-05T12:00:00Z,3.325,73.575,0.0
2018-02-05T12:00:00Z,3.325,73.625,0.0
2018-03-07T12:00:00Z,3.675,73.375,0.0
2018-03-07T12:00:00Z,3.675,73.425,0.0
2018-03-07T12:00:00Z,3.675,73.475,0.0
2018-03-07T12:00:00Z,3.675,73.525,0.0
2018-03-07T12:00:00Z,3.675,73.575,0.0
2018-03-07T12:00:00Z,3.675,73.625,0.0
2018-03-07T12:00:00Z,3.625,73.375,0.0
2018-03-07T12:00:00Z,3.625,73.425,0.0
2018-03-07T12:00:00Z,3.625,73.475,0.0
2018-03-07T12:00:00Z,3.625,73.525,0.0
2018-03-07T12:00:00Z,3.625,73.575,0.0
2018-03-07T12:00:00Z,3.625,73.625,0.0
2018-03-07T12:00:00Z,3.575,73.375,0.0
2018-03-07T12:00:00Z,3.575,73.425,0.0
2018-03-07T12:00:00Z,3.575,73.475,0.0
2018-03-07T12:00:00Z,3.575,73.525,0.0
2018-03-07T12:00:00Z,3.575,73.575,0.0
2018-03-07T12:00:00Z,3.575,73.625,0.0
2018-03-07T12:00:00Z,3.525,73.375,0.0
2018-03-07T12:00:00Z,3.525,73.425,0.0
2018-03-07T12:00:00Z,3.525,73.475,0.0
2018-03-07T12:00:00Z,3.525,73.525,0.0
2018-03-07T12:00:00Z,3.525,73.575,0.0
2018-03-07T12:00:00Z,3.525,73.625,0.0
2018-03-07T12:00:00Z,3.475,73.375,0.0
2018-03-07T12:00:00Z,3.475,73.425,0.0
2018-03-07T12:00:00Z,3.475,73.475,0.0
2018-03-07T12:00:00Z,3.475,73.525,0.0
2018-03-07T12:00:00Z,3.475,73.575,0.0
2018-03-07T12:00:00Z,3.475,73.625,0.0
2018-03-07T12:00:00Z,3.425,73.375,0.0
2018-03-07T12:00:00Z,3.425,73.425,0.0
2018-03-07T12:00:00Z,3.425,73.475,0.0
2018-03-07T12:00:00Z,3.425,73.525,0.0
2018-03-07T12:00:00Z,3.425,73.575,0.0
2018-03-07T12:00:00Z,3.425,73.625,0.0
2018-03-07T12:00:00Z,3.375,73.375,0.0
2018-03-07T12:00:00Z,3.375,73.425,0.0
2018-03-07T12:00:00Z,3.375,73.475,0.0
2018-03-07T12:00:00Z,3.375,73.525,0.0
2018-03-07T12:00:00Z,3.375,73.575,0.0
2018-03-07T12:00:00Z,3.375,73.625,0.0
2018-03-07T12:00:00Z,3.325,73.375,0.0
2018-03-07T12:00:00Z,3.325,73.425,0.0
2018-03-07T12:00:00Z,3.325,73.475,0.0
2018-03-07T12:00:00Z,3.325,73.525,0.0
2018-03-07T12:00:00Z,3.325,73.575,0.0
2018-03-07T12:00:00Z,3.325,73.625,0.0
2018-04-06T12:00:00Z,3.675,73.375,0.0
2018-04-06T12:00:00Z,3.675,73.425,0.0
2018-04-06T12:00:00Z,3.675,73.475,0.0
2018-04-06T12:00:00Z,3.675,73.525,0.0
2018-04-06T12:00:00Z,3.675,73.575,0.0
2018-04-06T12:00:00Z,3.675,73.625,0.0
2018-04-06T12:00:00Z,3.625,73.375,0.0
2018-04-06T12:00:00Z,3.625,73.425,0.0
2018-04-06T12:00:00Z,3.625,73.475,0.0
2018-04-06T12:00:00Z,3.625,73.525,0.0
2018-04-06T12:00:00Z,3.625,73.575,0.0
2018-04-06T12:00:00Z,3.625,73.625,0.0
2018-04-06T12:00:00Z,3.575,73.375,0.0
2018-04-06T12:00:00Z,3.575,73.425,0.0
2018-04-06T12:00:00Z,3.575,73.475,0.0
2018-04-06T12:00:00Z,3.575,73.525,0.0
2018-04-06T12:00:00Z,3.575,73.575,0.0
2018-04-06T12:00:00Z,3.575,73.625,0.0
2018-04-06T12:00:00Z,3.525,73.375,0.0
2018-04-06T12:00:00Z,3.525,73.425,0.0
2018-04-06T12:00:00Z,3.525,73.475,0.0
2018-04-06T12:00:00Z,3.525,73.525,0.0
2018-04-06T12:00:00Z,3.525,73.575,0.0
2018-04-06T12:00:00Z,3.525,73.625,0.0
2018-04-06T12:00:00Z,3.475,73.375,0.0
2018-04-06T12:00:00Z,3.475,73.425,0.0
2018-04-06T12:00:00Z,3.475,73.475,0.0
2018-04-06T12:00:00Z,3.475,73.525,0.0
2018-04-06T12:00:00Z,3.475,73.575,0.0
2018-04-06T12:00:00Z,3.475,73.625,0.0
2018-04-06T12:00:00Z,3.425,73.375,0.0
2018-04-06T12:00:00Z,3.425,73.425,0.0
2018-04-06T12:00:00Z,3.425,73.475,0.0
2018-04-06T12:00:00Z,3.425,73.525,0.0
2018-04-06T12:00:00Z,3.425,73.575,0.0
2018-04-06T12:00:00Z,3.425,73.625,0.0
2018-04-06T12:00:00Z,3.375,73.375,0.0
2018-04-06T12:00:00Z,3.375,73.425,0.0
2018-04-06T12:00:00Z,3.375,73.475,0.0
2018-04-06T12:00:00Z,3.375,73.525,0.0
2018-04-06T12:00:00Z,3.375,73.575,0.0
2018-04-06T12:00:00Z,3.375,73.625,0.0
2018-04-06T12:00:00Z,3.325,73.375,0.0
2018-04-06T12:00:00Z,3.325,73.425,0.0
2018-04-06T12:00:00Z,3.325,73.475,0.0
2018-04-06T12:00:00Z,3.325,73.525,0.0
2018-04-06T12:00:00Z,3.325,73.575,0.0
2018-04-06T12:00:00Z,3.325,73.625,0.0
2018-05-06T12:00:00Z,3.675,73.375,0.0
2018-05-06T12:00:00Z,3.675,73.425,0.0
2018-05-06T12:00:00Z,3.675,73.475,0.0
2018-05-06T12:00:00Z,3.675,73.525,0.0
2018-05-06T12:00:00Z,3.675,73.575,0.0
2018-05-06T12:00:00Z,3.675,73.625,0.0
2018-05-06T12:00:00Z,3.625,73.375,0.0
2018-05-06T12:00:00Z,3.625,73.425,0.0
2018-05-06T12:00:00Z,3.625,73.475,0.0
2018-05-06T12:00:00Z,3.625,73.525,0.0
2018-05-06T12:00:00Z,3.625,73.575,0.0
2018-05-06T12:00:00Z,3.625,73.625,0.0
2018-05-06T12:00:00Z,3.575,73.375,0.0
2018-05-06T12:00:00Z,3.575,73.425,0.0
2018-05-06T12:00:00Z,3.575,73.475,0.0
2018-05-06T12:00:00Z,3.575,73.525,0.0
2018-05-06T12:00:00Z,3.575,73.575,0.0
2018-05-06T12:00:00Z,3.575,73.625,0.0
2018-05-06T12:00:00Z,3.525,73.375,0.0
2018-05-06T12:00:00Z,3.525,73.425,0.0
2018-05-06T12:00:00Z,3.525,73.475,0.0
2018-05-06T12:00:00Z,3.525,73.525,0.0
2018-05-06T12:00:00Z,3.525,73.575,0.0
2018-05-06T12:00:00Z,3.525,73.625,0.0
2018-05-06T12:00:00Z,3.475,73.375,0.0
2018-05-06T12:00:00Z,3.475,73.425,0.0
2018-05-06T12:00:00Z,3.475,73.475,0.0
2018-05-06T12:00:00Z,3.475,73.525,0.0
2018-05-06T12:00:00Z,3.475,73.575,0.0
2018-05-06T12:00:00Z,3.475,73.625,0.0
2018-05-06T12:00:00Z,3.425,73.375,0.0
2018-05-06T12:00:00Z,3.425,73.425,0.0
2018-05-06T12:00:00Z,3.425,73.475,0.0
2018-05-06T12:00:00Z,3.425,73.525,0.0
2018-05-06T12:00:00Z,3.425,73.575,0.0
2018-05-06T12:00:00Z,3.425,73.625,0.0
2018-05-06T12:00:00Z,3.375,73.375,0.0
2018-05-06T12:00:00Z,3.375,73.425,0.0
2018-05-06T12:00:00Z,3.375,73.475,0.0
2018-05-06T12:00:00Z,3.375,73.525,0.0
2018-05-06T12:00:00Z,3.375,73.575,0.0
2018-05-06T12:00:00Z,3.375,73.625,0.0
2018-05-06T12:00:00Z,3.325,73.375,0.0
2018-05-06T12:00:00Z,3.325,73.425,0.0
2018-05-06T12:00:00Z,3.325,73.475,0.0
2018-05-06T12:00:00Z,3.325,73.525,0.0
2018-05-06T12:00:00Z,3.325,73.575,0.0
2018-05-06T12:00:00Z,3.325,73.625,0.0
2018-06-05T12:00:00Z,3.675,73.375,0.0
2018-06-05T12:00:00Z,3.675,73.425,0.0
2018-06-05T12:00:00Z,3.675,73.475,0.0
2018-06-05T12:00:00Z,3.675,73.525,0.0
2018-06-05T12:00:00Z,3.675,73.575,0.0
2018-06-05T12:00:00Z,3.675,73.625,0.0
2018-06-05T12:00:00Z,3.625,73.375,0.0
2018-06-05T12:00:00Z,3.625,73.425,0.0
2018-06-05T12:00:00Z,3.625,73.475,0.0
2018-06-05T12:00:00Z,3.625,73.525,0.0
2018-06-05T12:00:00Z,3.625,73.575,0.0
2018-06-05T12:00:00Z,3.625,73.625,0.0
2018-06-05T12:00:00Z,3.575,73.375,0.0
2018-06-05T12:00:00Z,3.575,73.425,0.0
2018-06-05T12:00:00Z,3.575,73.475,0.0
2018-06-05T12:00:00Z,3.575,73.525,0.0
2018-06-05T12:00:00Z,3.575,73.575,0.0
2018-06-05T12:00:00Z,3.575,73.625,0.0
2018-06-05T12:00:00Z,3.525,73.375,0.0
2018-06-05T12:00:00Z,3.525,73.425,0.0
2018-06-05T12:00:00Z,3.525,73.475,0.0
2018-06-05T12:00:00Z,3.525,73.525,0.0
2018-06-05T12:00:00Z,3.525,73.575,0.0
2018-06-05T12:00:00Z,3.525,73.625,0.0
2018-06-05T12:00:00Z,3.475,73.375,0.0
2018-06-05T12:00:00Z,3.475,73.425,0.0
2018-06-05T12:00:00Z,3.475,73.475,0.0
2018-06-05T12:00:00Z,3.475,73.525,0.0
2018-06-05T12:00:00Z,3.475,73.575,0.0
2018-06-05T12:00:00Z,3.475,73.625,0.0
2018-06-05T12:00:00Z,3.425,73.375,0.0
2018-06-05T12:00:00Z,3.425,73.425,0.0
2018-06-05T12:00:00Z,3.425,73.475,0.0
2018-06-05T12:00:00Z,3.425,73.525,0.0
2018-06-05T12:00:00Z,3.425,73.575,0.0
2018-06-05T12:00:00Z,3.425,73.625,0.0
2018-06-05T12:00:00Z,3.375,73.375,0.0
2018-06-05T12:00:00Z,3.375,73.425,0.0
2018-06-05T12:00:00Z,3.375,73.475,0.0
2018-06-05T12:00:00Z,3.375,73.525,0.0
2018-06-05T12:00:00Z,3.375,73.575,0.0
2018-06-05T12:00:00Z,3.375,73.625,0.0
2018-06-05T12:00:00Z,3.325,73.375,0.0
2018-06-05T12:00:00Z,3.325,73.425,0.0
2018-06-05T12:00:00Z,3.325,73.475,0.0
2018-06-05T12:00:00Z,3.325,73.525,0.0
2018-06-05T12:00:00Z,3.325,73.575,0.0
2018-06-05T12:00:00Z,3.325,73.625,0.0
2018-07-05T12:00:00Z,3.675,73.375,0.0
2018-07-05T12:00:00Z,3.675,73.425,0.0
2018-07-05T12:00:00Z,3.675,73.475,0.0
2018-07-05T12:00:00Z,3.675,73.525,0.0
2018-07-05T12:00:00Z,3.675,73.575,0.0
2018-07-05T12:00:00Z,3.675,73.625,0.0
2018-07-05T12:00:00Z,3.625,73.375,0.0
2018-07-05T12:00:00Z,3.625,73.425,0.0
2018-07-05T12:00:00Z,3.625,73.475,0.0
2018-07-05T12:00:00Z,3.625,73.525,0.0
2018-07-05T12:00:00Z,3.625,73.575,0.0
2018-07-05T12:00:00Z,3.625,73.625,0.0
2018-07-05T12:00:00Z,3.575,73.375,0.0
2018-07-05T12:00:00Z,3.575,73.425,0.0
2018-07-05T12:00:00Z,3.575,73.475,0.0
2018-07-05T12:00:00Z,3.575,73.525,0.0
2018-07-05T12:00:00Z,3.575,73.575,0.0
2018-07-05T12:00:00Z,3.575,73.625,0.0
2018-07-05T12:00:00Z,3.525,73.375,0.0
2018-07-05T12:00:00Z,3.525,73.425,0.0
2018-07-05T12:00:00Z,3.525,73.475,0.0
2018-07-05T12:00:00Z,3.525,73.525,0.0
2018-07-05T12:00:00Z,3.525,73.575,0.0
2018-07-05T12:00:00Z,3.525,73.625,0.0
2018-07-05T12:00:00Z,3.475,73.375,0.0
2018-07-05T12:00:00Z,3.475,73.425,0.0
2018-07-05T12:00:00Z,3.475,73.475,0.0
2018-07-05T12:00:00Z,3.475,73.525,0.0
2018-07-05T12:00:00Z,3.475,73.575,0.0
2018-07-05T12:00:00Z,3.475,73.625,0.0
2018-07-05T12:00:00Z,3.425,73.375,0.0
2018-07-05T12:00:00Z,3.425,73.425,0.0
2018-07-05T12:00:00Z,3.425,73.475,0.0
2018-07-05T12:00:00Z,3.425,73.525,0.0
2018-07-05T12:00:00Z,3.425,73.575,0.0
2018-07-05T12:00:00Z,3.425,73.625,0.0
2018-07-05T12:00:00Z,3.375,73.375,0.0
2018-07-05T12:00:00Z,3.375,73.425,0.0
2018-07-05T12:00:00Z,3.375,73.475,0.0
2018-07-05T12:00:00Z,3.375,73.525,0.0
2018-07-05T12:00:00Z,3.375,73.575,0.0
2018-07-05T12:00:00Z,3.375,73.625,0.0
2018-07-05T12:00:00Z,3.325,73.375,0.0
2018-07-05T12:00:00Z,3.325,73.425,0.0
2018-07-05T12:00:00Z,3.325,73.475,0.0
2018-07-05T12:00:00Z,3.325,73.525,0.0
2018-07-05T12:00:00Z,3.325,73.575,0.0
2018-07-05T12:00:00Z,3.325,73.625,0.0
2018-08-04T12:00:00Z,3.675,73.375,0.0
2018-08-04T12:00:00Z,3.675,73.425,0.0
2018-08-04T12:00:00Z,3.675,73.475,0.0
2018-08-04T12:00:00Z,3.675,73.525,0.0
2018-08-04T12:00:00Z,3.675,73.575,0.0
2018-08-04T12:00:00Z,3.675,73.625,0.0
2018-08-04T12:00:00Z,3.625,73.375,0.0
2018-08-04T12:00:00Z,3.625,73.425,0.0
2018-08-04T12:00:00Z,3.625,73.475,0.0
2018-08-04T12:00:00Z,3.625,73.525,0.0
2018-08-04T12:00:00Z,3.625,73.575,0.0
2018-08-04T12:00:00Z,3.625,73.625,0.0
2018-08-04T12:00:00Z,3.575,73.375,0.0
2018-08-04T12:00:00Z,3.575,73.425,0.0
2018-08-04T12:00:00Z,3.575,73.475,0.0
2018-08-04T12:00:00Z,3.575,73.525,0.0
2018-08-04T12:00:00Z,3.575,73.575,0.0
2018-08-04T12:00:00Z,3.575,73.625,0.0
2018-08-04T12:00:00Z,3.525,73.375,0.0
2018-08-04T12:00:00Z,3.525,73.425,0.0
2018-08-04T12:00:00Z,3.525,73.475,0.0
2018-08-04T12:00:00Z,3.525,73.525,0.0
2018-08-04T12:00:00Z,3.525,73.575,0.0
2018-08-04T12:00:00Z,3.525,73.625,0.0
2018-08-04T12:00:00Z,3.475,73.375,0.0
2018-08-04T12:00:00Z,3.475,73.425,0.0
2018-08-04T12:00:00Z,3.475,73.475,0.0
2018-08-04T12:00:00Z,3.475,73.525,0.0
2018-08-04T12:00:00Z,3.475,73.575,0.0
2018-08-04T12:00:00Z,3.475,73.625,0.0
2018-08-04T12:00:00Z,3.425,73.375,0.0
2018-08-04T12:00:00Z,3.425,73.425,0.0
2018-08-04T12:00:00Z,3.425,73.475,0.0
2018-08-04T12:00:00Z,3.425,73.525,0.0
2018-08-04T12:00:00Z,3.425,73.575,0.0
2018-08-04T12:00:00Z,3.425,73.625,0.0
2018-08-04T12:00:00Z,3.375,73.375,0.0
2018-08-04T12:00:00Z,3.375,73.425,0.0
2018-08-04T12:00:00Z,3.375,73.475,0.0
2018-08-04T12:00:00Z,3.375,73.525,0.0
2018-08-04T12:00:00Z,3.375,73.575,0.0
2018-08-04T12:00:00Z,3.375,73.625,0.0
2018-08-04T12:00:00Z,3.325,73.375,0.0
2018-08-04T12:00:00Z,3.325,73.425,0.0
2018-08-04T12:00:00Z,3.325,73.475,0.0
2018-08-04T12:00:00Z,3.325,73.525,0.0
2018-08-04T12:00:00Z,3.325,73.575,0.0
2018-08-04T12:00:00Z,3.325,73.625,0.0
2018-09-03T12:00:00Z,3.675,73.375,0.0
2018-09-03T12:00:00Z,3.675,73.425,0.0
2018-09-03T12:00:00Z,3.675,73.475,0.0
2018-09-03T12:00:00Z,3.675,73.525,0.0
2018-09-03T12:00:00Z,3.675,73.575,0.0
2018-09-03T12:00:00Z,3.675,73.625,0.0
2018-09-03T12:00:00Z,3.625,73.375,0.0
2018-09-03T12:00:00Z,3.625,73.425,0.0
2018-09-03T12:00:00Z,3.625,73.475,0.0
2018-09-03T12:00:00Z,3.625,73.525,0.0
2018-09-03T12:00:00Z,3.625,73.575,0.0
2018-09-03T12:00:00Z,3.625,73.625,0.0
2018-09-03T12:00:00Z,3.575,73.375,0.0
2018-09-03T12:00:00Z,3.575,73.425,0.0
2018-09-03T12:00:00Z,3.575,73.475,0.0
2018-09-03T12:00:00Z,3.575,73.525,0.0
2018-09-03T12:00:00Z,3.575,73.575,0.0
2018-09-03T12:00:00Z,3.575,73.625,0.0
2018-09-03T12:00:00Z,3.525,73.375,0.0
2018-09-03T12:00:00Z,3.525,73.425,0.0
2018-09-03T12:00:00Z,3.525,73.475,0.0
2018-09-03T12:00:00Z,3.525,73.525,0.0
2018-09-03T12:00:00Z,3.525,73.575,0.0
2018-09-03T12:00:00Z,3.525,73.625,0.0
2018-09-03T12:00:00Z,3.475,73.375,0.0
2018-09-03T12:00:00Z,3.475,73.425,0.0
2018-09-03T12:00:00Z,3.475,73.475,0.0
2018-09-03T12:00:00Z,3.475,73.525,0.0
2018-09-03T12:00:00Z,3.475,73.575,0.0
2018-09-03T12:00:00Z,3.475,73.625,0.0
2018-09-03T12:00:00Z,3.425,73.375,0.0
2018-09-03T12:00:00Z,3.425,73.425,0.0
2018-09-03T12:00:00Z,3.425,73.475,0.0
2018-09-03T12:00:00Z,3.425,73.525,0.0
2018-09-03T12:00:00Z,3.425,73.575,0.0
2018-09-03T12:00:00Z,3.425,73.625,0.0
2018-09-03T12:00:00Z,3.375,73.375,0.0
2018-09-03T12:00:00Z,3.375,73.425,0.0
2018-09-03T12:00:00Z,3.375,73.475,0.0
2018-09-03T12:00:00Z,3.375,73.525,0.0
2018-09-03T12:00:00Z,3.375,73.575,0.0
2018-09-03T12:00:00Z,3.375,73.625,0.0
2018-09-03T12:00:00Z,3.325,73.375,0.0
2018-09-03T12:00:00Z,3.325,73.425,0.0
2018-09-03T12:00:00Z,3.325,73.475,0.0
2018-09-03T12:00:00Z,3.325,73.525,0.0
2018-09-03T12:00:00Z,3.325,73.575,0.0
2018-09-03T12:00:00Z,3.325,73.625,0.0
2018-10-03T12:00:00Z,3.675,73.375,0.0
2018-10-03T12:00:00Z,3.675,73.425,0.0
2018-10-03T12:00:00Z,3.675,73.475,0.0
2018-10-03T12:00:00Z,3.675,73.525,0.0
2018-10-03T12:00:00Z,3.675,73.575,0.0
2018-10-03T12:00:00Z,3.675,73.625,0.0
2018-10-03T12:00:00Z,3.625,73.375,0.0
2018-10-03T12:00:00Z,3.625,73.425,0.0
2018-10-03T12:00:00Z,3.625,73.475,0.0
2018-10-03T12:00:00Z,3.625,73.525,0.0
2018-10-03T12:00:00Z,3.625,73.575,0.0
2018-10-03T12:00:00Z,3.625,73.625,0.0
2018-10-03T12:00:00Z,3.575,73.375,0.0
2018-10-03T12:00:00Z,3.575,73.425,0.0
2018-10-03T12:00:00Z,3.575,73.475,0.0
2018-10-03T12:00:00Z,3.575,73.525,0.0
2018-10-03T12:00:00Z,3.575,73.575,0.0
2018-10-03T12:00:00Z,3.575,73.625,0.0
2018-10-03T12:00:00Z,3.525,73.375,0.0
2018-10-03T12:00:00Z,3.525,73.425,0.0
2018-10-03T12:00:00Z,3.525,73.475,0.0
2018-10-03T12:00:00Z,3.525,73.525,0.0
2018-10-03T12:00:00Z,3.525,73.575,0.0
2018-10-03T12:00:00Z,3.525,73.625,0.0
2018-10-03T12:00:00Z,3.475,73.375,0.0
2018-10-03T12:00:00Z,3.475,73.425,0.0
2018-10-03T12:00:00Z,3.475,73.475,0.0
2018-10-03T12:00:00Z,3.475,73.525,0.0
2018-10-03T12:00:00Z,3.475,73.575,0.0
2018-10-03T12:00:00Z,3.475,73.625,0.0
2018-10-03T12:00:00Z,3.425,73.375,0.0
2018-10-03T12:00:00Z,3.425,73.425,0.0
2018-10-03T12:00:00Z,3.425,73.475,0.0
2018-10-03T12:00:00Z,3.425,73.525,0.0
2018-10-03T12:00:00Z,3.425,73.575,0.0
2018-10-03T12:00:00Z,3.425,73.625,0.0
2018-10-03T12:00:00Z,3.375,73.375,0.0
2018-10-03T12:00:00Z,3.375,73.425,0.0
2018-10-03T12:00:00Z,3.375,73.475,0.0
2018-10-03T12:00:00Z,3.375,73.525,0.0
2018-10-03T12:00:00Z,3.375,73.575,0.0
2018-10-03T12:00:00Z,3.375,73.625,0.0
2018-10-03T12:00:00Z,3.325,73.375,0.0
2018-10-03T12:00:00Z,3.325,73.425,0.0
2018-10-03T12:00:00Z,3.325,73.475,0.0
2018-10-03T12:00:00Z,3.325,73.525,0.0
2018-10-03T12:00:00Z,3.325,73.575,0.0
2018-10-03T12:00:00Z,3.325,73.625,0.0
2018-11-02T12:00:00Z,3.675,73.375,0.0
2018-11-02T12:00:00Z,3.675,73.425,0.0
2018-11-02T12:00:00Z,3.675,73.475,0.0
2018-11-02T12:00:00Z,3.675,73.525,0.0
2018-11-02T12:00:00Z,3.675,73.575,0.0
2018-11-02T12:00:00Z,3.675,73.625,0.0
2018-11-02T12:00:00Z,3.625,73.375,0.0
2018-11-02T12:00:00Z,3.625,73.425,0.0
2018-11-02T12:00:00Z,3.625,73.475,0.0
2018-11-02T12:00:00Z,3.625,73.525,0.0
2018-11-02T12:00:00Z,3.625,73.575,0.0
2018-11-02T12:00:00Z,3.625,73.625,0.0
2018-11-02T12:00:00Z,3.575,73.375,0.0
2018-11-02T12:00:00Z,3.575,73.425,0.0
2018-11-02T12:00:00Z,3.575,73.475,0.0
2018-11-02T12:00:00Z,3.575,73.525,0.0
2018-11-02T12:00:00Z,3.575,73.575,0.0
2018-11-02T12:00:00Z,3.575,73.625,0.0
2018-11-02T12:00:00Z,3.525,73.375,0.0
2018-11-02T12:00:00Z,3.525,73.425,0.0
2018-11-02T12:00:00Z,3.525,73.475,0.0
2018-11-02T12:00:00Z,3.525,73.525,0.0
2018-11-02T12:00:00Z,3.525,73.575,0.0
2018-11-02T12:00:00Z,3.525,73.625,0.0
2018-11-02T12:00:00Z,3.475,73.375,0.0
2018-11-02T12:00:00Z,3.475,73.425,0.0
2018-11-02T12:00:00Z,3.475,73.475,0.0
2018-11-02T12:00:00Z,3.475,73.525,0.0
2018-11-02T12:00:00Z,3.475,73.575,0.0
2018-11-02T12:00:00Z,3.475,73.625,0.0
2018-11-02T12:00:00Z,3.425,73.375,0.0
2018-11-02T12:00:00Z,3.425,73.425,0.0
2018-11-02T12:00:00Z,3.425,73.475,0.0
2018-11-02T12:00:00Z,3.425,73.525,0.0
2018-11-02T12:00:00Z,3.425,73.575,0.0
2018-11-02T12:00:00Z,3.425,73.625,0.0
2018-11-02T12:00:00Z,3.375,73.375,0.0
2018-11-02T12:00:00Z,3.375,73.425,0.0
2018-11-02T12:00:00Z,3.375,73.475,0.0
2018-11-02T12:00:00Z,3.375,73.525,0.0
2018-11-02T12:00:00Z,3.375,73.575,0.0
2018-11-02T12:00:00Z,3.375,73.625,0.0
2018-11-02T12:00:00Z,3.325,73.375,0.0
2018-11-02T12:00:00Z,3.325,73.425,0.0
2018-11-02T12:00:00Z,3.325,73.475,0.0
2018-11-02T12:00:00Z,3.325,73.525,0.0
2018-11-02T12:00:00Z,3.325,73.575,0.0
2018-11-02T12:00:00Z,3.325,73.625,0.0
2018-12-02T12:00:00Z,3.675,73.375,0.0
2018-12-02T12:00:00Z,3.675,73.425,0.0
2018-12-02T12:00:00Z,3.675,73.475,0.0
2018-12-02T12:00:00Z,3.675,73.525,0.0
2018-12-02T12:00:00Z,3.675,73.575,0.0
2018-12-02T12:00:00Z,3.675,73.625,0.0
2018-12-02T12:00:00Z,3.625,73.375,0.0
2018-12-02T12:00:00Z,3.625,73.425,0.0
2018-12-02T12:00:00Z,3.625,73.475,0.0
2018-12-02T12:00:00Z,3.625,73.525,0.0
2018-12-02T12:00:00Z,3.625,73.575,0.0
2018-12-02T12:00:00Z,3.625,73.625,0.0
2018-12-02T12:00:00Z,3.575,73.375,0.0
2018-12-02T12:00:00Z,3.575,73.425,0.0
2018-12-02T12:00:00Z,3.575,73.475,0.0
2018-12-02T12:00:00Z,3.575,73.525,0.0
2018-12-02T12:00:00Z,3.575,73.575,0.0
2018-12-02T12:00:00Z,3.575,73.625,0.0
2018-12-02T12:00:00Z,3.525,73.375,0.0
2018-12-02T12:00:00Z,3.525,73.425,0.0
2018-12-02T12:00:00Z,3.525,73.475,0.0
2018-12-02T12:00:00Z,3.525,73.525,0.0
2018-12-02T12:00:00Z,3.525,73.575,0.0
2018-12-02T12:00:00Z,3.525,73.625,0.0
2018-12-02T12:00:00Z,3.475,73.375,0.0
2018-12-02T12:00:00Z,3.475,73.425,0.0
2018-12-02T12:00:00Z,3.475,73.475,0.0
2018-12-02T12:00:00Z,3.475,73.525,0.0
2018-12-02T12:00:00Z,3.475,73.575,0.0
2018-12-02T12:00:00Z,3.475,73.625,0.0
2018-12-02T12:00:00Z,3.425,73.375,0.0
2018-12-02T12:00:00Z,3.425,73.425,0.0
2018-12-02T12:00:00Z,3.425,73.475,0.0
2018-12-02T12:00:00Z,3.425,73.525,0.0
2018-12-02T12:00:00Z,3.425,73.575,0.0
2018-12-02T12:00:00Z,3.425,73.625,0.0
2018-12-02T12:00:00Z,3.375,73.375,0.0
2018-12-02T12:00:00Z,3.375,73.425,0.0
2018-12-02T12:00:00Z,3.375,73.475,0.0
2018-12-02T12:00:00Z,3.375,73.525,0.0
2018-12-02T12:00:00Z,3.375,73.575,0.0
2018-12-02T12:00:00Z,3.375,73.625,0.0
2018-12-02T12:00:00Z,3.325,73.375,0.0
2018-12-02T12:00:00Z,3.325,73.425,0.0
2018-12-02T12:00:00Z,3.325,73.475,0.0
2018-12-02T12:00:00Z,3.325,73.525,0.0
2018-12-02T12:00:00Z,3.325,73.575,0.0
2018-12-02T12:00:00Z,3.325,73.625,0.0
2019-01-01T12:00:00Z,3.675,73.375,0.0
2019-01-01T12:00:00Z,3.675,73.425,0.0
2019-01-01T12:00:00Z,3.675,73.475,0.0
2019-01-01T12:00:00Z,3.675,73.525,0.0
2019-01-01T12:00:00Z,3.675,73.575,0.0
2019-01-01T12:00:00Z,3.675,73.625,0.0
2019-01-01T12:00:00Z,3.625,73.375,0.0
2019-01-01T12:00:00Z,3.625,73.425,0.0
2019-01-01T12:00:00Z,3.625,73.475,0.0
2019-01-01T12:00:00Z,3.625,73.525,0.0
2019-01-01T12:00:00Z,3.625,73.575,0.0
2019-01-01T12:00:00Z,3.625,73.625,0.0
2019-01-01T12:00:00Z,3.575,73.375,0.0
2019-01-01T12:00:00Z,3.575,73.425,0.0
2019-01-01T12:00:00Z,3.575,73.475,0.0
2019-01-01T12:00:00Z,3.575,73.525,0.0
2019-01-01T12:00:00Z,3.575,73.575,0.0
2019-01-01T12:00:00Z,3.575,73.625,0.0
2019-01-01T12:00:00Z,3.525,73.375,0.0
2019-01-01T12:00:00Z,3.525,73.425,0.0
2019-01-01T12:00:00Z,3.525,73.475,0.0
2019-01-01T12:00:00Z,3.525,73.525,0.0
2019-01-01T12:00:00Z,3.525,73.575,0.0
2019-01-01T12:00:00Z,3.525,73.625,0.0
2019-01-01T12:00:00Z,3.475,73.375,0.0
2019-01-01T12:00:00Z,3.475,73.425,0.0
2019-01-01T12:00:00Z,3.475,73.475,0.0
2019-01-01T12:00:00Z,3.475,73.525,0.0
2019-01-01T12:00:00Z,3.475,73.575,0.0
2019-01-01T12:00:00Z,3.475,73.625,0.0
2019-01-01T12:00:00Z,3.425,73.375,0.0
2019-01-01T12:00:00Z,3.425,73.425,0.0
2019-01-01T12:00:00Z,3.425,73.475,0.0
2019-01-01T12:00:00Z,3.425,73.525,0.0
2019-01-01T12:00:00Z,3.425,73.575,0.0
2019-01-01T12:00:00Z,3.425,73.625,0.0
2019-01-01T12:00:00Z,3.375,73.375,0.0
2019-01-01T12:00:00Z,3.375,73.425,0.0
2019-01-01T12:00:00Z,3.375,73.475,0.0
2019-01-01T12:00:00Z,3.375,73.525,0.0
2019-01-01T12:00:00Z,3.375,73.575,0.0
2019-01-01T12:00:00Z,3.375,73.625,0.0
2019-01-01T12:00:00Z,3.325,73.375,0.0
2019-01-01T12:00:00Z,3.325,73.425,0.0
2019-01-01T12:00:00Z,3.325,73.475,0.0
2019-01-01T12:00:00Z,3.325,73.525,0.0
2019-01-01T12:00:00Z,3.325,73.575,0.0
2019-01-01T12:00:00Z,3.325,73.625,0.0
2019-01-31T12:00:00Z,3.675,73.375,0.0
2019-01-31T12:00:00Z,3.675,73.425,0.0
2019-01-31T12:00:00Z,3.675,73.475,0.0
2019-01-31T12:00:00Z,3.675,73.525,0.0
2019-01-31T12:00:00Z,3.675,73.575,0.0
2019-01-31T12:00:00Z,3.675,73.625,0.0
2019-01-31T12:00:00Z,3.625,73.375,0.0
2019-01-31T12:00:00Z,3.625,73.425,0.0
2019-01-31T12:00:00Z,3.625,73.475,0.0
2019-01-31T12:00:00Z,3.625,73.525,0.0
2019-01-31T12:00:00Z,3.625,73.575,0.0
2019-01-31T12:00:00Z,3.625,73.625,0.0
2019-01-31T12:00:00Z,3.575,73.375,0.0
2019-01-31T12:00:00Z,3.575,73.425,0.0
2019-01-31T12:00:00Z,3.575,73.475,0.0
2019-01-31T12:00:00Z,3.575,73.525,0.0
2019-01-31T12:00:00Z,3.575,73.575,0.0
2019-01-31T12:00:00Z,3.575,73.625,0.0
2019-01-31T12:00:00Z,3.525,73.375,0.0
2019-01-31T12:00:00Z,3.525,73.425,0.0
2019-01-31T12:00:00Z,3.525,73.475,0.0
2019-01-31T12:00:00Z,3.525,73.525,0.0
2019-01-31T12:00:00Z,3.525,73.575,0.0
2019-01-31T12:00:00Z,3.525,73.625,0.0
2019-01-31T12:00:00Z,3.475,73.375,0.0
2019-01-31T12:00:00Z,3.475,73.425,0.0
2019-01-31T12:00:00Z,3.475,73.475,0.0
2019-01-31T12:00:00Z,3.475,73.525,0.0
2019-01-31T12:00:00Z,3.475,73.575,0.0
2019-01-31T12:00:00Z,3.475,73.625,0.0
2019-01-31T12:00:00Z,3.425,73.375,0.0
2019-01-31T12:00:00Z,3.425,73.425,0.0
2019-01-31T12:00:00Z,3.425,73.475,0.0
2019-01-31T12:00:00Z,3.425,73.525,0.0
2019-01-31T12:00:00Z,3.425,73.575,0.0
2019-01-31T12:00:00Z,3.425,73.625,0.0
2019-01-31T12:00:00Z,3.375,73.375,0.0
2019-01-31T12:00:00Z,3.375,73.425,0.0
2019-01-31T12:00:00Z,3.375,73.475,0.0
2019-01-31T12:00:00Z,3.375,73.525,0.0
2019-01-31T12:00:00Z,3.375,73.575,0.0
2019-01-31T12:00:00Z,3.375,73.625,0.0
2019-01-31T12:00:00Z,3.325,73.375,0.0
2019-01-31T12:00:00Z,3.325,73.425,0.0
2019-01-31T12:00:00Z,3.325,73.475,0.0
2019-01-31T12:00:00Z,3.325,73.525,0.0
2019-01-31T12:00:00Z,3.325,73.575,0.0
2019-01-31T12:00:00Z,3.325,73.625,0.0
2019-03-02T12:00:00Z,3.675,73.375,0.0
2019-03-02T12:00:00Z,3.675,73.425,0.0
2019-03-02T12:00:00Z,3.675,73.475,0.0
2019-03-02T12:00:00Z,3.675,73.525,0.0
2019-03-02T12:00:00Z,3.675,73.575,0.0
2019-03-02T12:00:00Z,3.675,73.625,0.0
2019-03-02T12:00:00Z,3.625,73.375,0.0
2019-03-02T12:00:00Z,3.625,73.425,0.0
2019-03-02T12:00:00Z,3.625,73.475,0.0
2019-03-02T12:00:00Z,3.625,73.525,0.0
2019-03-02T12:00:00Z,3.625,73.575,0.0
2019-03-02T12:00:00Z,3.625,73.625,0.0
2019-03-02T12:00:00Z,3.575,73.375,0.0
2019-03-02T12:00:00Z,3.575,73.425,0.0
2019-03-02T12:00:00Z,3.575,73.475,0.0
2019-03-02T12:00:00Z,3.575,73.525,0.0
2019-03-02T12:00:00Z,3.575,73.575,0.0
2019-03-02T12:00:00Z,3.575,73.625,0.0
2019-03-02T12:00:00Z,3.525,73.375,0.0
2019-03-02T12:00:00Z,3.525,73.425,0.0
2019-03-02T12:00:00Z,3.525,73.475,0.0
2019-03-02T12:00:00Z,3.525,73.525,0.0
2019-03-02T12:00:00Z,3.525,73.575,0.0
2019-03-02T12:00:00Z,3.525,73.625,0.0
2019-03-02T12:00:00Z,3.475,73.375,0.0
2019-03-02T12:00:00Z,3.475,73.425,0.0
2019-03-02T12:00:00Z,3.475,73.475,0.0
2019-03-02T12:00:00Z,3.475,73.525,0.0
2019-03-02T12:00:00Z,3.475,73.575,0.0
2019-03-02T12:00:00Z,3.475,73.625,0.0
2019-03-02T12:00:00Z,3.425,73.375,0.0
2019-03-02T12:00:00Z,3.425,73.425,0.0
2019-03-02T12:00:00Z,3.425,73.475,0.0
2019-03-02T12:00:00Z,3.425,73.525,0.0
2019-03-02T12:00:00Z,3.425,73.575,0.0
2019-03-02T12:00:00Z,3.425,73.625,0.0
2019-03-02T12:00:00Z,3.375,73.375,0.0
2019-03-02T12:00:00Z,3.375,73.425,0.0
2019-03-02T12:00:00Z,3.375,73.475,0.0
2019-03-02T12:00:00Z,3.375,73.525,0.0
2019-03-02T12:00:00Z,3.375,73.575,0.0
2019-03-02T12:00:00Z,3.375,73.625,0.0
2019-03-02T12:00:00Z,3.325,73.375,0.0
2019-03-02T12:00:00Z,3.325,73.425,0.0
2019-03-02T12:00:00Z,3.325,73.475,0.0
2019-03-02T12:00:00Z,3.325,73.525,0.0
2019-03-02T12:00:00Z,3.325,73.575,0.0
2019-03-02T12:00:00Z,3.325,73.625,0.0
2019-04-01T12:00:00Z,3.675,73.375,0.0
2019-04-01T12:00:00Z,3.675,73.425,0.0
2019-04-01T12:00:00Z,3.675,73.475,0.0
2019-04-01T12:00:00Z,3.675,73.525,0.0
2019-04-01T12:00:00Z,3.675,73.575,0.0
2019-04-01T12:00:00Z,3.675,73.625,0.0
2019-04-01T12:00:00Z,3.625,73.375,0.0
2019-04-01T12:00:00Z,3.625,73.425,0.0
2019-04-01T12:00:00Z,3.625,73.475,0.0
2019-04-01T12:00:00Z,3.625,73.525,0.0
2019-04-01T12:00:00Z,3.625,73.575,0.0
2019-04-01T12:00:00Z,3.625,73.625,0.0
2019-04-01T12:00:00Z,3.575,73.375,0.0
2019-04-01T12:00:00Z,3.575,73.425,0.0
2019-04-01T12:00:00Z,3.575,73.475,0.0
2019-04-01T12:00:00Z,3.575,73.525,0.0
2019-04-01T12:00:00Z,3.575,73.575,0.0
2019-04-01T12:00:00Z,3.575,73.625,0.0
2019-04-01T12:00:00Z,3.525,73.375,0.0
2019-04-01T12:00:00Z,3.525,73.425,0.0
2019-04-01T12:00:00Z,3.525,73.475,0.0
2019-04-01T12:00:00Z,3.525,73.525,0.0
2019-04-01T12:00:00Z,3.525,73.575,0.0
2019-04-01T12:00:00Z,3.525,73.625,0.0
2019-04-01T12:00:00Z,3.475,73.375,0.0
2019-04-01T12:00:00Z,3.475,73.425,0.0
2019-04-01T12:00:00Z,3.475,73.475,0.0
2019-04-01T12:00:00Z,3.475,73.525,0.0
2019-04-01T12:00:00Z,3.475,73.575,0.0
2019-04-01T12:00:00Z,3.475,73.625,0.0
2019-04-01T12:00:00Z,3.425,73.375,0.0
2019-04-01T12:00:00Z,3.425,73.425,0.0
2019-04-01T12:00:00Z,3.425,73.475,0.0
2019-04-01T12:00:00Z,3.425,73.525,0.0
2019-04-01T12:00:00Z,3.425,73.575,0.0
2019-04-01T12:00:00Z,3.425,73.625,0.0
2019-04-01T12:00:00Z,3.375,73.375,0.0
2019-04-01T12:00:00Z,3.375,73.425,0.0
2019-04-01T12:00:00Z,3.375,73.475,0.0
2019-04-01T12:00:00Z,3.375,73.525,0.0
2019-04-01T12:00:00Z,3.375,73.575,0.0
2019-04-01T12:00:00Z,3.375,73.625,0.0
2019-04-01T12:00:00Z,3.325,73.375,0.0
2019-04-01T12:00:00Z,3.325,73.425,0.0
2019-04-01T12:00:00Z,3.325,73.475,0.0
2019-04-01T12:00:00Z,3.325,73.525,0.0
2019-04-01T12:00:00Z,3.325,73.575,0.0
2019-04-01T12:00:00Z,3.325,73.625,0.0
2019-05-01T12:00:00Z,3.675,73.375,0.6
2019-05-01T12:00:00Z,3.675,73.425,0.77
2019-05-01T12:00:00Z,3.675,73.475,0.8200000000000001
2019-05-01T12:00:00Z,3.675,73.525,1.01
2019-05-01T12:00:00Z,3.675,73.575,1.19
2019-05-01T12:00:00Z,3.675,73.625,1.35
2019-05-01T12:00:00Z,3.625,73.375,0.31
2019-05-01T12:00:00Z,3.625,73.425,0.77
2019-05-01T12:00:00Z,3.625,73.475,0.97
2019-05-01T12:00:00Z,3.625,73.525,1.16
2019-05-01T12:00:00Z,3.625,73.575,1.2
2019-05-01T12:00:00Z,3.625,73.625,1.37
2019-05-01T12:00:00Z,3.575,73.375,0.44
2019-05-01T12:00:00Z,3.575,73.425,0.76
2019-05-01T12:00:00Z,3.575,73.475,1.1
2019-05-01T12:00:00Z,3.575,73.525,1.17
2019-05-01T12:00:00Z,3.575,73.575,1.35
2019-05-01T12:00:00Z,3.575,73.625,1.37
2019-05-01T12:00:00Z,3.525,73.375,0.16
2019-05-01T12:00:00Z,3.525,73.425,0.74
2019-05-01T12:00:00Z,3.525,73.475,1.09
2019-05-01T12:00:00Z,3.525,73.525,1.1400000000000001
2019-05-01T12:00:00Z,3.525,73.575,1.18
2019-05-01T12:00:00Z,3.525,73.625,1.34
2019-05-01T12:00:00Z,3.475,73.375,0.16
2019-05-01T12:00:00Z,3.475,73.425,0.6
2019-05-01T12:00:00Z,3.475,73.475,1.07
2019-05-01T12:00:00Z,3.475,73.525,1.11
2019-05-01T12:00:00Z,3.475,73.575,1.1400000000000001
2019-05-01T12:00:00Z,3.475,73.625,1.02
2019-05-01T12:00:00Z,3.425,73.375,0.16
2019-05-01T12:00:00Z,3.425,73.425,0.45
2019-05-01T12:00:00Z,3.425,73.475,0.76
2019-05-01T12:00:00Z,3.425,73.525,1.07
2019-05-01T12:00:00Z,3.425,73.575,0.9500000000000001
2019-05-01T12:00:00Z,3.425,73.625,0.98
2019-05-01T12:00:00Z,3.375,73.375,0.16
2019-05-01T12:00:00Z,3.375,73.425,0.45
2019-05-01T12:00:00Z,3.375,73.475,0.74
2019-05-01T12:00:00Z,3.375,73.525,0.6
2019-05-01T12:00:00Z,3.375,73.575,0.61
2019-05-01T12:00:00Z,3.375,73.625,0.63
2019-05-01T12:00:00Z,3.325,73.375,0.16
2019-05-01T12:00:00Z,3.325,73.425,0.16
2019-05-01T12:00:00Z,3.325,73.475,0.3
2019-05-01T12:00:00Z,3.325,73.525,0.15
2019-05-01T12:00:00Z,3.325,73.575,0.3
2019-05-01T12:00:00Z,3.325,73.625,0.46
2019-05-31T12:00:00Z,3.675,73.375,0.6
2019-05-31T12:00:00Z,3.675,73.425,0.77
2019-05-31T12:00:00Z,3.675,73.475,0.8200000000000001
2019-05-31T12:00:00Z,3.675,73.525,1.01
2019-05-31T12:00:00Z,3.675,73.575,1.19
2019-05-31T12:00:00Z,3.675,73.625,1.35
2019-05-31T12:00:00Z,3.625,73.375,0.31
2019-05-31T12:00:00Z,3.625,73.425,0.77
2019-05-31T12:00:00Z,3.625,73.475,0.97
2019-05-31T12:00:00Z,3.625,73.525,1.16
2019-05-31T12:00:00Z,3.625,73.575,1.2
2019-05-31T12:00:00Z,3.625,73.625,1.37
2019-05-31T12:00:00Z,3.575,73.375,0.44
2019-05-31T12:00:00Z,3.575,73.425,0.76
2019-05-31T12:00:00Z,3.575,73.475,1.1
2019-05-31T12:00:00Z,3.575,73.525,1.17
2019-05-31T12:00:00Z,3.575,73.575,1.35
2019-05-31T12:00:00Z,3.575,73.625,1.37
2019-05-31T12:00:00Z,3.525,73.375,0.16
2019-05-31T12:00:00Z,3.525,73.425,0.74
2019-05-31T12:00:00Z,3.525,73.475,1.09
2019-05-31T12:00:00Z,3.525,73.525,1.1400000000000001
2019-05-31T12:00:00Z,3.525,73.575,1.18
2019-05-31T12:00:00Z,3.525,73.625,1.34
2019-05-31T12:00:00Z,3.475,73.375,0.16
2019-05-31T12:00:00Z,3.475,73.425,0.6
2019-05-31T12:00:00Z,3.475,73.475,1.07
2019-05-31T12:00:00Z,3.475,73.525,1.11
2019-05-31T12:00:00Z,3.475,73.575,1.1400000000000001
2019-05-31T12:00:00Z,3.475,73.625,1.02
2019-05-31T12:00:00Z,3.425,73.375,0.16
2019-05-31T12:00:00Z,3.425,73.425,0.45
2019-05-31T12:00:00Z,3.425,73.475,0.76
2019-05-31T12:00:00Z,3.425,73.525,1.07
2019-05-31T12:00:00Z,3.425,73.575,0.9500000000000001
2019-05-31T12:00:00Z,3.425,73.625,0.98
2019-05-31T12:00:00Z,3.375,73.375,0.16
2019-05-31T12:00:00Z,3.375,73.425,0.45
2019-05-31T12:00:00Z,3.375,73.475,0.74
2019-05-31T12:00:00Z,3.375,73.525,0.6
2019-05-31T12:00:00Z,3.375,73.575,0.61
2019-05-31T12:00:00Z,3.375,73.625,0.63
2019-05-31T12:00:00Z,3.325,73.375,0.16
2019-05-31T12:00:00Z,3.325,73.425,0.16
2019-05-31T12:00:00Z,3.325,73.475,0.3
2019-05-31T12:00:00Z,3.325,73.525,0.15
2019-05-31T12:00:00Z,3.325,73.575,0.3
2019-05-31T12:00:00Z,3.325,73.625,0.46
2019-06-30T12:00:00Z,3.675,73.375,0.6
2019-06-30T12:00:00Z,3.675,73.425,0.77
2019-06-30T12:00:00Z,3.675,73.475,0.8200000000000001
2019-06-30T12:00:00Z,3.675,73.525,1.01
2019-06-30T12:00:00Z,3.675,73.575,1.19
2019-06-30T12:00:00Z,3.675,73.625,1.35
2019-06-30T12:00:00Z,3.625,73.375,0.31
2019-06-30T12:00:00Z,3.625,73.425,0.77
2019-06-30T12:00:00Z,3.625,73.475,0.97
2019-06-30T12:00:00Z,3.625,73.525,1.16
2019-06-30T12:00:00Z,3.625,73.575,1.2
2019-06-30T12:00:00Z,3.625,73.625,1.37
2019-06-30T12:00:00Z,3.575,73.375,0.44
2019-06-30T12:00:00Z,3.575,73.425,0.76
2019-06-30T12:00:00Z,3.575,73.475,1.1
2019-06-30T12:00:00Z,3.575,73.525,1.17
2019-06-30T12:00:00Z,3.575,73.575,1.35
2019-06-30T12:00:00Z,3.575,73.625,1.37
2019-06-30T12:00:00Z,3.525,73.375,0.16
2019-06-30T12:00:00Z,3.525,73.425,0.74
2019-06-30T12:00:00Z,3.525,73.475,1.09
2019-06-30T12:00:00Z,3.525,73.525,1.1400000000000001
2019-06-30T12:00:00Z,3.525,73.575,1.18
2019-06-30T12:00:00Z,3.525,73.625,1.34
2019-06-30T12:00:00Z,3.475,73.375,0.16
2019-06-30T12:00:00Z,3.475,73.425,0.6
2019-06-30T12:00:00Z,3.475,73.475,1.07
2019-06-30T12:00:00Z,3.475,73.525,1.11
2019-06-30T12:00:00Z,3.475,73.575,1.1400000000000001
2019-06-30T12:00:00Z,3.475,73.625,1.02
2019-06-30T12:00:00Z,3.425,73.375,0.16
2019-06-30T12:00:00Z,3.425,73.425,0.45
2019-06-30T12:00:00Z,3.425,73.475,0.76
2019-06-30T12:00:00Z,3.425,73.525,1.07
2019-06-30T12:00:00Z,3.425,73.575,0.9500000000000001
2019-06-30T12:00:00Z,3.425,73.625,0.98
2019-06-30T12:00:00Z,3.375,73.375,0.16
2019-06-30T12:00:00Z,3.375,73.425,0.45
2019-06-30T12:00:00Z,3.375,73.475,0.74
2019-06-30T12:00:00Z,3.375,73.525,0.6
2019-06-30T12:00:00Z,3.375,73.575,0.61
2019-06-30T12:00:00Z,3.375,73.625,0.63
2019-06-30T12:00:00Z,3.325,73.375,0.16
2019-06-30T12:00:00Z,3.325,73.425,0.16
2019-06-30T12:00:00Z,3.325,73.475,0.3
2019-06-30T12:00:00Z,3.325,73.525,0.15
2019-06-30T12:00:00Z,3.325,73.575,0.3
2019-06-30T12:00:00Z,3.325,73.625,0.46
2019-07-30T12:00:00Z,3.675,73.375,0.0
2019-07-30T12:00:00Z,3.675,73.425,0.0
2019-07-30T12:00:00Z,3.675,73.475,0.0
2019-07-30T12:00:00Z,3.675,73.525,0.0
2019-07-30T12:00:00Z,3.675,73.575,0.0
2019-07-30T12:00:00Z,3.675,73.625,0.0
2019-07-30T12:00:00Z,3.625,73.375,0.0
2019-07-30T12:00:00Z,3.625,73.425,0.0
2019-07-30T12:00:00Z,3.625,73.475,0.0
2019-07-30T12:00:00Z,3.625,73.525,0.0
2019-07-30T12:00:00Z,3.625,73.575,0.0
2019-07-30T12:00:00Z,3.625,73.625,0.0
2019-07-30T12:00:00Z,3.575,73.375,0.0
2019-07-30T12:00:00Z,3.575,73.425,0.0
2019-07-30T12:00:00Z,3.575,73.475,0.0
2019-07-30T12:00:00Z,3.575,73.525,0.0
2019-07-30T12:00:00Z,3.575,73.575,0.0
2019-07-30T12:00:00Z,3.575,73.625,0.0
2019-07-30T12:00:00Z,3.525,73.375,0.0
2019-07-30T12:00:00Z,3.525,73.425,0.0
2019-07-30T12:00:00Z,3.525,73.475,0.0
2019-07-30T12:00:00Z,3.525,73.525,0.0
2019-07-30T12:00:00Z,3.525,73.575,0.0
2019-07-30T12:00:00Z,3.525,73.625,0.0
2019-07-30T12:00:00Z,3.475,73.375,0.0
2019-07-30T12:00:00Z,3.475,73.425,0.0
2019-07-30T12:00:00Z,3.475,73.475,0.0
2019-07-30T12:00:00Z,3.475,73.525,0.0
2019-07-30T12:00:00Z,3.475,73.575,0.0
2019-07-30T12:00:00Z,3.475,73.625,0.0
2019-07-30T12:00:00Z,3.425,73.375,0.0
2019-07-30T12:00:00Z,3.425,73.425,0.0
2019-07-30T12:00:00Z,3.425,73.475,0.0
2019-07-30T12:00:00Z,3.425,73.525,0.0
2019-07-30T12:00:00Z,3.425,73.575,0.0
2019-07-30T12:00:00Z,3.425,73.625,0.0
2019-07-30T12:00:00Z,3.375,73.375,0.0
2019-07-30T12:00:00Z,3.375,73.425,0.0
2019-07-30T12:00:00Z,3.375,73.475,0.0
2019-07-30T12:00:00Z,3.375,73.525,0.0
2019-07-30T12:00:00Z,3.375,73.575,0.0
2019-07-30T12:00:00Z,3.375,73.625,0.0
2019-07-30T12:00:00Z,3.325,73.375,0.0
2019-07-30T12:00:00Z,3.325,73.425,0.0
2019-07-30T12:00:00Z,3.325,73.475,0.0
2019-07-30T12:00:00Z,3.325,73.525,0.0
2019-07-30T12:00:00Z,3.325,73.575,0.0
2019-07-30T12:00:00Z,3.325,73.625,0.0
2019-08-29T12:00:00Z,3.675,73.375,0.0
2019-08-29T12:00:00Z,3.675,73.425,0.0
2019-08-29T12:00:00Z,3.675,73.475,0.0
2019-08-29T12:00:00Z,3.675,73.525,0.0
2019-08-29T12:00:00Z,3.675,73.575,0.0
2019-08-29T12:00:00Z,3.675,73.625,0.0
2019-08-29T12:00:00Z,3.625,73.375,0.0
2019-08-29T12:00:00Z,3.625,73.425,0.0
2019-08-29T12:00:00Z,3.625,73.475,0.0
2019-08-29T12:00:00Z,3.625,73.525,0.0
2019-08-29T12:00:00Z,3.625,73.575,0.0
2019-08-29T12:00:00Z,3.625,73.625,0.0
2019-08-29T12:00:00Z,3.575,73.375,0.0
2019-08-29T12:00:00Z,3.575,73.425,0.0
2019-08-29T12:00:00Z,3.575,73.475,0.0
2019-08-29T12:00:00Z,3.575,73.525,0.0
2019-08-29T12:00:00Z,3.575,73.575,0.0
2019-08-29T12:00:00Z,3.575,73.625,0.0
2019-08-29T12:00:00Z,3.525,73.375,0.0
2019-08-29T12:00:00Z,3.525,73.425,0.0
2019-08-29T12:00:00Z,3.525,73.475,0.0
2019-08-29T12:00:00Z,3.525,73.525,0.0
2019-08-29T12:00:00Z,3.525,73.575,0.0
2019-08-29T12:00:00Z,3.525,73.625,0.0
2019-08-29T12:00:00Z,3.475,73.375,0.0
2019-08-29T12:00:00Z,3.475,73.425,0.0
2019-08-29T12:00:00Z,3.475,73.475,0.0
2019-08-29T12:00:00Z,3.475,73.525,0.0
2019-08-29T12:00:00Z,3.475,73.575,0.0
2019-08-29T12:00:00Z,3.475,73.625,0.0
2019-08-29T12:00:00Z,3.425,73.375,0.0
2019-08-29T12:00:00Z,3.425,73.425,0.0
2019-08-29T12:00:00Z,3.425,73.475,0.0
2019-08-29T12:00:00Z,3.425,73.525,0.0
2019-08-29T12:00:00Z,3.425,73.575,0.0
2019-08-29T12:00:00Z,3.425,73.625,0.0
2019-08-29T12:00:00Z,3.375,73.375,0.0
2019-08-29T12:00:00Z,3.375,73.425,0.0
2019-08-29T12:00:00Z,3.375,73.475,0.0
2019-08-29T12:00:00Z,3.375,73.525,0.0
2019-08-29T12:00:00Z,3.375,73.575,0.0
2019-08-29T12:00:00Z,3.375,73.625,0.0
2019-08-29T12:00:00Z,3.325,73.375,0.0
2019-08-29T12:00:00Z,3.325,73.425,0.0
2019-08-29T12:00:00Z,3.325,73.475,0.0
2019-08-29T12:00:00Z,3.325,73.525,0.0
2019-08-29T12:00:00Z,3.325,73.575,0.0
2019-08-29T12:00:00Z,3.325,73.625,0.0
2019-09-28T12:00:00Z,3.675,73.375,0.0
2019-09-28T12:00:00Z,3.675,73.425,0.0
2019-09-28T12:00:00Z,3.675,73.475,0.0
2019-09-28T12:00:00Z,3.675,73.525,0.0
2019-09-28T12:00:00Z,3.675,73.575,0.0
2019-09-28T12:00:00Z,3.675,73.625,0.0
2019-09-28T12:00:00Z,3.625,73.375,0.0
2019-09-28T12:00:00Z,3.625,73.425,0.0
2019-09-28T12:00:00Z,3.625,73.475,0.0
2019-09-28T12:00:00Z,3.625,73.525,0.0
2019-09-28T12:00:00Z,3.625,73.575,0.0
2019-09-28T12:00:00Z,3.625,73.625,0.0
2019-09-28T12:00:00Z,3.575,73.375,0.0
2019-09-28T12:00:00Z,3.575,73.425,0.0
2019-09-28T12:00:00Z,3.575,73.475,0.0
2019-09-28T12:00:00Z,3.575,73.525,0.0
2019-09-28T12:00:00Z,3.575,73.575,0.0
2019-09-28T12:00:00Z,3.575,73.625,0.0
2019-09-28T12:00:00Z,3.525,73.375,0.0
2019-09-28T12:00:00Z,3.525,73.425,0.0
2019-09-28T12:00:00Z,3.525,73.475,0.0
2019-09-28T12:00:00Z,3.525,73.525,0.0
2019-09-28T12:00:00Z,3.525,73.575,0.0
2019-09-28T12:00:00Z,3.525,73.625,0.0
2019-09-28T12:00:00Z,3.475,73.375,0.0
2019-09-28T12:00:00Z,3.475,73.425,0.0
2019-09-28T12:00:00Z,3.475,73.475,0.0
2019-09-28T12:00:00Z,3.475,73.525,0.0
2019-09-28T12:00:00Z,3.475,73.575,0.0
2019-09-28T12:00:00Z,3.475,73.625,0.0
2019-09-28T12:00:00Z,3.425,73.375,0.0
2019-09-28T12:00:00Z,3.425,73.425,0.0
2019-09-28T12:00:00Z,3.425,73.475,0.0
2019-09-28T12:00:00Z,3.425,73.525,0.0
2019-09-28T12:00:00Z,3.425,73.575,0.0
2019-09-28T12:00:00Z,3.425,73.625,0.0
2019-09-28T12:00:00Z,3.375,73.375,0.0
2019-09-28T12:00:00Z,3.375,73.425,0.0
2019-09-28T12:00:00Z,3.375,73.475,0.0
2019-09-28T12:00:00Z,3.375,73.525,0.0
2019-09-28T12:00:00Z,3.375,73.575,0.0
2019-09-28T12:00:00Z,3.375,73.625,0.0
2019-09-28T12:00:00Z,3.325,73.375,0.0
2019-09-28T12:00:00Z,3.325,73.425,0.0
2019-09-28T12:00:00Z,3.325,73.475,0.0
2019-09-28T12:00:00Z,3.325,73.525,0.0
2019-09-28T12:00:00Z,3.325,73.575,0.0
2019-09-28T12:00:00Z,3.325,73.625,0.0
2019-10-28T12:00:00Z,3.675,73.375,0.0
2019-10-28T12:00:00Z,3.675,73.425,0.0
2019-10-28T12:00:00Z,3.675,73.475,0.0
2019-10-28T12:00:00Z,3.675,73.525,0.0
2019-10-28T12:00:00Z,3.675,73.575,0.0
2019-10-28T12:00:00Z,3.675,73.625,0.0
2019-10-28T12:00:00Z,3.625,73.375,0.0
2019-10-28T12:00:00Z,3.625,73.425,0.0
2019-10-28T12:00:00Z,3.625,73.475,0.0
2019-10-28T12:00:00Z,3.625,73.525,0.0
2019-10-28T12:00:00Z,3.625,73.575,0.0
2019-10-28T12:00:00Z,3.625,73.625,0.0
2019-10-28T12:00:00Z,3.575,73.375,0.0
2019-10-28T12:00:00Z,3.575,73.425,0.0
2019-10-28T12:00:00Z,3.575,73.475,0.0
2019-10-28T12:00:00Z,3.575,73.525,0.0
2019-10-28T12:00:00Z,3.575,73.575,0.0
2019-10-28T12:00:00Z,3.575,73.625,0.0
2019-10-28T12:00:00Z,3.525,73.375,0.0
2019-10-28T12:00:00Z,3.525,73.425,0.0
2019-10-28T12:00:00Z,3.525,73.475,0.0
2019-10-28T12:00:00Z,3.525,73.525,0.0
2019-10-28T12:00:00Z,3.525,73.575,0.0
2019-10-28T12:00:00Z,3.525,73.625,0.0
2019-10-28T12:00:00Z,3.475,73.375,0.0
2019-10-28T12:00:00Z,3.475,73.425,0.0
2019-10-28T12:00:00Z,3.475,73.475,0.0
2019-10-28T12:00:00Z,3.475,73.525,0.0
2019-10-28T12:00:00Z,3.475,73.575,0.0
2019-10-28T12:00:00Z,3.475,73.625,0.0
2019-10-28T12:00:00Z,3.425,73.375,0.0
2019-10-28T12:00:00Z,3.425,73.425,0.0
2019-10-28T12:00:00Z,3.425,73.475,0.0
2019-10-28T12:00:00Z,3.425,73.525,0.0
2019-10-28T12:00:00Z,3.425,73.575,0.0
2019-10-28T12:00:00Z,3.425,73.625,0.0
2019-10-28T12:00:00Z,3.375,73.375,0.0
2019-10-28T12:00:00Z,3.375,73.425,0.0
2019-10-28T12:00:00Z,3.375,73.475,0.0
2019-10-28T12:00:00Z,3.375,73.525,0.0
2019-10-28T12:00:00Z,3.375,73.575,0.0
2019-10-28T12:00:00Z,3.375,73.625,0.0
2019-10-28T12:00:00Z,3.325,73.375,0.0
2019-10-28T12:00:00Z,3.325,73.425,0.0
2019-10-28T12:00:00Z,3.325,73.475,0.0
2019-10-28T12:00:00Z,3.325,73.525,0.0
2019-10-28T12:00:00Z,3.325,73.575,0.0
2019-10-28T12:00:00Z,3.325,73.625,0.0
2019-11-27T12:00:00Z,3.675,73.375,0.0
2019-11-27T12:00:00Z,3.675,73.425,0.0
2019-11-27T12:00:00Z,3.675,73.475,0.0
2019-11-27T12:00:00Z,3.675,73.525,0.0
2019-11-27T12:00:00Z,3.675,73.575,0.0
2019-11-27T12:00:00Z,3.675,73.625,0.0
2019-11-27T12:00:00Z,3.625,73.375,0.0
2019-11-27T12:00:00Z,3.625,73.425,0.0
2019-11-27T12:00:00Z,3.625,73.475,0.0
2019-11-27T12:00:00Z,3.625,73.525,0.0
2019-11-27T12:00:00Z,3.625,73.575,0.0
2019-11-27T12:00:00Z,3.625,73.625,0.0
2019-11-27T12:00:00Z,3.575,73.375,0.0
2019-11-27T12:00:00Z,3.575,73.425,0.0
2019-11-27T12:00:00Z,3.575,73.475,0.0
2019-11-27T12:00:00Z,3.575,73.525,0.0
2019-11-27T12:00:00Z,3.575,73.575,0.0
2019-11-27T12:00:00Z,3.575,73.625,0.0
2019-11-27T12:00:00Z,3.525,73.375,0.0
2019-11-27T12:00:00Z,3.525,73.425,0.0
2019-11-27T12:00:00Z,3.525,73.475,0.0
2019-11-27T12:00:00Z,3.525,73.525,0.0
2019-11-27T12:00:00Z,3.525,73.575,0.0
2019-11-27T12:00:00Z,3.525,73.625,0.0
2019-11-27T12:00:00Z,3.475,73.375,0.0
2019-11-27T12:00:00Z,3.475,73.425,0.0
2019-11-27T12:00:00Z,3.475,73.475,0.0
2019-11-27T12:00:00Z,3.475,73.525,0.0
2019-11-27T12:00:00Z,3.475,73.575,0.0
2019-11-27T12:00:00Z,3.475,73.625,0.0
2019-11-27T12:00:00Z,3.425,73.375,0.0
2019-11-27T12:00:00Z,3.425,73.425,0.0
2019-11-27T12:00:00Z,3.425,73.475,0.0
2019-11-27T12:00:00Z,3.425,73.525,0.0
2019-11-27T12:00:00Z,3.425,73.575,0.0
2019-11-27T12:00:00Z,3.425,73.625,0.0
2019-11-27T12:00:00Z,3.375,73.375,0.0
2019-11-27T12:00:00Z,3.375,73.425,0.0
2019-11-27T12:00:00Z,3.375,73.475,0.0
2019-11-27T12:00:00Z,3.375,73.525,0.0
2019-11-27T12:00:00Z,3.375,73.575,0.0
2019-11-27T12:00:00Z,3.375,73.625,0.0
2019-11-27T12:00:00Z,3.325,73.375,0.0
2019-11-27T12:00:00Z,3.325,73.425,0.0
2019-11-27T12:00:00Z,3.325,73.475,0.0
2019-11-27T12:00:00Z,3.325,73.525,0.0
2019-11-27T12:00:00Z,3.325,73.575,0.0
2019-11-27T12:00:00Z,3.325,73.625,0.0
2019-12-27T12:00:00Z,3.675,73.375,0.0
2019-12-27T12:00:00Z,3.675,73.425,0.0
2019-12-27T12:00:00Z,3.675,73.475,0.0
2019-12-27T12:00:00Z,3.675,73.525,0.0
2019-12-27T12:00:00Z,3.675,73.575,0.0
2019-12-27T12:00:00Z,3.675,73.625,0.0
2019-12-27T12:00:00Z,3.625,73.375,0.0
2019-12-27T12:00:00Z,3.625,73.425,0.0
2019-12-27T12:00:00Z,3.625,73.475,0.0
2019-12-27T12:00:00Z,3.625,73.525,0.0
2019-12-27T12:00:00Z,3.625,73.575,0.0
2019-12-27T12:00:00Z,3.625,73.625,0.0
2019-12-27T12:00:00Z,3.575,73.375,0.0
2019-12-27T12:00:00Z,3.575,73.425,0.0
2019-12-27T12:00:00Z,3.575,73.475,0.0
2019-12-27T12:00:00Z,3.575,73.525,0.0
2019-12-27T12:00:00Z,3.575,73.575,0.0
2019-12-27T12:00:00Z,3.575,73.625,0.0
2019-12-27T12:00:00Z,3.525,73.375,0.0
2019-12-27T12:00:00Z,3.525,73.425,0.0
2019-12-27T12:00:00Z,3.525,73.475,0.0
2019-12-27T12:00:00Z,3.525,73.525,0.0
2019-12-27T12:00:00Z,3.525,73.575,0.0
2019-12-27T12:00:00Z,3.525,73.625,0.0
2019-12-27T12:00:00Z,3.475,73.375,0.0
2019-12-27T12:00:00Z,3.475,73.425,0.0
2019-12-27T12:00:00Z,3.475,73.475,0.0
2019-12-27T12:00:00Z,3.475,73.525,0.0
2019-12-27T12:00:00Z,3.475,73.575,0.0
2019-12-27T12:00:00Z,3.475,73.625,0.0
2019-12-27T12:00:00Z,3.425,73.375,0.0
2019-12-27T12:00:00Z,3.425,73.425,0.0
2019-12-27T12:00:00Z,3.425,73.475,0.0
2019-12-27T12:00:00Z,3.425,73.525,0.0
2019-12-27T12:00:00Z,3.425,73.575,0.0
2019-12-27T12:00:00Z,3.425,73.625,0.0
2019-12-27T12:00:00Z,3.375,73.375,0.0
2019-12-27T12:00:00Z,3.375,73.425,0.0
2019-12-27T12:00:00Z,3.375,73.475,0.0
2019-12-27T12:00:00Z,3.375,73.525,0.0
2019-12-27T12:00:00Z,3.375,73.575,0.0
2019-12-27T12:00:00Z,3.375,73.625,0.0
2019-12-27T12:00:00Z,3.325,73.375,0.0
2019-12-27T12:00:00Z,3.325,73.425,0.0
2019-12-27T12:00:00Z,3.325,73.475,0.0
2019-12-27T12:00:00Z,3.325,73.525,0.0
2019-12-27T12:00:00Z,3.325,73.575,0.0
2019-12-27T12:00:00Z,3.325,73.625,0.0
2020-01-26T12:00:00Z,3.675,73.375,0.0
2020-01-26T12:00:00Z,3.675,73.425,0.0
2020-01-26T12:00:00Z,3.675,73.475,0.0
2020-01-26T12:00:00Z,3.675,73.525,0.0
2020-01-26T12:00:00Z,3.675,73.575,0.0
2020-01-26T12:00:00Z,3.675,73.625,0.0
2020-01-26T12:00:00Z,3.625,73.375,0.0
2020-01-26T12:00:00Z,3.625,73.425,0.0
2020-01-26T12:00:00Z,3.625,73.475,0.0
2020-01-26T12:00:00Z,3.625,73.525,0.0
2020-01-26T12:00:00Z,3.625,73.575,0.0
2020-01-26T12:00:00Z,3.625,73.625,0.0
2020-01-26T12:00:00Z,3.575,73.375,0.0
2020-01-26T12:00:00Z,3.575,73.425,0.0
2020-01-26T12:00:00Z,3.575,73.475,0.0
2020-01-26T12:00:00Z,3.575,73.525,0.0
2020-01-26T12:00:00Z,3.575,73.575,0.0
2020-01-26T12:00:00Z,3.575,73.625,0.0
2020-01-26T12:00:00Z,3.525,73.375,0.0
2020-01-26T12:00:00Z,3.525,73.425,0.0
2020-01-26T12:00:00Z,3.525,73.475,0.0
2020-01-26T12:00:00Z,3.525,73.525,0.0
2020-01-26T12:00:00Z,3.525,73.575,0.0
2020-01-26T12:00:00Z,3.525,73.625,0.0
2020-01-26T12:00:00Z,3.475,73.375,0.0
2020-01-26T12:00:00Z,3.475,73.425,0.0
2020-01-26T12:00:00Z,3.475,73.475,0.0
2020-01-26T12:00:00Z,3.475,73.525,0.0
2020-01-26T12:00:00Z,3.475,73.575,0.0
2020-01-26T12:00:00Z,3.475,73.625,0.0
2020-01-26T12:00:00Z,3.425,73.375,0.0
2020-01-26T12:00:00Z,3.425,73.425,0.0
2020-01-26T12:00:00Z,3.425,73.475,0.0
2020-01-26T12:00:00Z,3.425,73.525,0.0
2020-01-26T12:00:00Z,3.425,73.575,0.0
2020-01-26T12:00:00Z,3.425,73.625,0.0
2020-01-26T12:00:00Z,3.375,73.375,0.0
2020-01-26T12:00:00Z,3.375,73.425,0.0
2020-01-26T12:00:00Z,3.375,73.475,0.0
2020-01-26T12:00:00Z,3.375,73.525,0.0
2020-01-26T12:00:00Z,3.375,73.575,0.0
2020-01-26T12:00:00Z,3.375,73.625,0.0
2020-01-26T12:00:00Z,3.325,73.375,0.0
2020-01-26T12:00:00Z,3.325,73.425,0.0
2020-01-26T12:00:00Z,3.325,73.475,0.0
2020-01-26T12:00:00Z,3.325,73.525,0.0
2020-01-26T12:00:00Z,3.325,73.575,0.0
2020-01-26T12:00:00Z,3.325,73.625,0.0
2020-02-25T12:00:00Z,3.675,73.375,0.0
2020-02-25T12:00:00Z,3.675,73.425,0.0
2020-02-25T12:00:00Z,3.675,73.475,0.0
2020-02-25T12:00:00Z,3.675,73.525,0.0
2020-02-25T12:00:00Z,3.675,73.575,0.0
2020-02-25T12:00:00Z,3.675,73.625,0.0
2020-02-25T12:00:00Z,3.625,73.375,0.0
2020-02-25T12:00:00Z,3.625,73.425,0.0
2020-02-25T12:00:00Z,3.625,73.475,0.0
2020-02-25T12:00:00Z,3.625,73.525,0.0
2020-02-25T12:00:00Z,3.625,73.575,0.0
2020-02-25T12:00:00Z,3.625,73.625,0.0
2020-02-25T12:00:00Z,3.575,73.375,0.0
2020-02-25T12:00:00Z,3.575,73.425,0.0
2020-02-25T12:00:00Z,3.575,73.475,0.0
2020-02-25T12:00:00Z,3.575,73.525,0.0
2020-02-25T12:00:00Z,3.575,73.575,0.0
2020-02-25T12:00:00Z,3.575,73.625,0.0
2020-02-25T12:00:00Z,3.525,73.375,0.0
2020-02-25T12:00:00Z,3.525,73.425,0.0
2020-02-25T12:00:00Z,3.525,73.475,0.0
2020-02-25T12:00:00Z,3.525,73.525,0.0
2020-02-25T12:00:00Z,3.525,73.575,0.0
2020-02-25T12:00:00Z,3.525,73.625,0.0
2020-02-25T12:00:00Z,3.475,73.375,0.0
2020-02-25T12:00:00Z,3.475,73.425,0.0
2020-02-25T12:00:00Z,3.475,73.475,0.0
2020-02-25T12:00:00Z,3.475,73.525,0.0
2020-02-25T12:00:00Z,3.475,73.575,0.0
2020-02-25T12:00:00Z,3.475,73.625,0.0
2020-02-25T12:00:00Z,3.425,73.375,0.0
2020-02-25T12:00:00Z,3.425,73.425,0.0
2020-02-25T12:00:00Z,3.425,73.475,0.0
2020-02-25T12:00:00Z,3.425,73.525,0.0
2020-02-25T12:00:00Z,3.425,73.575,0.0
2020-02-25T12:00:00Z,3.425,73.625,0.0
2020-02-25T12:00:00Z,3.375,73.375,0.0
2020-02-25T12:00:00Z,3.375,73.425,0.0
2020-02-25T12:00:00Z,3.375,73.475,0.0
2020-02-25T12:00:00Z,3.375,73.525,0.0
2020-02-25T12:00:00Z,3.375,73.575,0.0
2020-02-25T12:00:00Z,3.375,73.625,0.0
2020-02-25T12:00:00Z,3.325,73.375,0.0
2020-02-25T12:00:00Z,3.325,73.425,0.0
2020-02-25T12:00:00Z,3.325,73.475,0.0
2020-02-25T12:00:00Z,3.325,73.525,0.0
2020-02-25T12:00:00Z,3.325,73.575,0.0
2020-02-25T12:00:00Z,3.325,73.625,0.0
2020-03-26T12:00:00Z,3.675,73.375,0.0
2020-03-26T12:00:00Z,3.675,73.425,0.0
2020-03-26T12:00:00Z,3.675,73.475,0.0
2020-03-26T12:00:00Z,3.675,73.525,0.0
2020-03-26T12:00:00Z,3.675,73.575,0.0
2020-03-26T12:00:00Z,3.675,73.625,0.0
2020-03-26T12:00:00Z,3.625,73.375,0.0
2020-03-26T12:00:00Z,3.625,73.425,0.0
2020-03-26T12:00:00Z,3.625,73.475,0.0
2020-03-26T12:00:00Z,3.625,73.525,0.0
2020-03-26T12:00:00Z,3.625,73.575,0.0
2020-03-26T12:00:00Z,3.625,73.625,0.0
2020-03-26T12:00:00Z,3.575,73.375,0.0
2020-03-26T12:00:00Z,3.575,73.425,0.0
2020-03-26T12:00:00Z,3.575,73.475,0.0
2020-03-26T12:00:00Z,3.575,73.525,0.0
2020-03-26T12:00:00Z,3.575,73.575,0.0
2020-03-26T12:00:00Z,3.575,73.625,0.0
2020-03-26T12:00:00Z,3.525,73.375,0.0
2020-03-26T12:00:00Z,3.525,73.425,0.0
2020-03-26T12:00:00Z,3.525,73.475,0.0
2020-03-26T12:00:00Z,3.525,73.525,0.0
2020-03-26T12:00:00Z,3.525,73.575,0.0
2020-03-26T12:00:00Z,3.525,73.625,0.0
2020-03-26T12:00:00Z,3.475,73.375,0.0
2020-03-26T12:00:00Z,3.475,73.425,0.0
2020-03-26T12:00:00Z,3.475,73.475,0.0
2020-03-26T12:00:00Z,3.475,73.525,0.0
2020-03-26T12:00:00Z,3.475,73.575,0.0
2020-03-26T12:00:00Z,3.475,73.625,0.0
2020-03-26T12:00:00Z,3.425,73.375,0.0
2020-03-26T12:00:00Z,3.425,73.425,0.0
2020-03-26T12:00:00Z,3.425,73.475,0.0
2020-03-26T12:00:00Z,3.425,73.525,0.0
2020-03-26T12:00:00Z,3.425,73.575,0.0
2020-03-26T12:00:00Z,3.425,73.625,0.0
2020-03-26T12:00:00Z,3.375,73.375,0.0
2020-03-26T12:00:00Z,3.375,73.425,0.0
2020-03-26T12:00:00Z,3.375,73.475,0.0
2020-03-26T12:00:00Z,3.375,73.525,0.0
2020-03-26T12:00:00Z,3.375,73.575,0.0
2020-03-26T12:00:00Z,3.375,73.625,0.0
2020-03-26T12:00:00Z,3.325,73.375,0.0
2020-03-26T12:00:00Z,3.325,73.425,0.0
2020-03-26T12:00:00Z,3.325,73.475,0.0
2020-03-26T12:00:00Z,3.325,73.525,0.0
2020-03-26T12:00:00Z,3.325,73.575,0.0
2020-03-26T12:00:00Z,3.325,73.625,0.0
2020-04-25T12:00:00Z,3.675,73.375,0.62
2020-04-25T12:00:00Z,3.675,73.425,1.08
2020-04-25T12:00:00Z,3.675,73.475,1.55
2020-04-25T12:00:00Z,3.675,73.525,1.58
2020-04-25T12:00:00Z,3.675,73.575,1.73
2020-04-25T12:00:00Z,3.675,73.625,1.56
2020-04-25T12:00:00Z,3.625,73.375,0.61
2020-04-25T12:00:00Z,3.625,73.425,0.92
2020-04-25T12:00:00Z,3.625,73.475,1.3800000000000001
2020-04-25T12:00:00Z,3.625,73.525,1.54
2020-04-25T12:00:00Z,3.625,73.575,1.4000000000000001
2020-04-25T12:00:00Z,3.625,73.625,1.24
2020-04-25T12:00:00Z,3.575,73.375,0.6
2020-04-25T12:00:00Z,3.575,73.425,0.77
2020-04-25T12:00:00Z,3.575,73.475,1.07
2020-04-25T12:00:00Z,3.575,73.525,1.36
2020-04-25T12:00:00Z,3.575,73.575,1.36
2020-04-25T12:00:00Z,3.575,73.625,0.77
2020-04-25T12:00:00Z,3.525,73.375,0.44
2020-04-25T12:00:00Z,3.525,73.425,0.61
2020-04-25T12:00:00Z,3.525,73.475,0.76
2020-04-25T12:00:00Z,3.525,73.525,0.62
2020-04-25T12:00:00Z,3.525,73.575,0.62
2020-04-25T12:00:00Z,3.525,73.625,0.47000000000000003
2020-04-25T12:00:00Z,3.475,73.375,0.44
2020-04-25T12:00:00Z,3.475,73.425,0.61
2020-04-25T12:00:00Z,3.475,73.475,0.62
2020-04-25T12:00:00Z,3.475,73.525,0.62
2020-04-25T12:00:00Z,3.475,73.575,0.62
2020-04-25T12:00:00Z,3.475,73.625,0.61
2020-04-25T12:00:00Z,3.425,73.375,0.45
2020-04-25T12:00:00Z,3.425,73.425,0.6
2020-04-25T12:00:00Z,3.425,73.475,0.62
2020-04-25T12:00:00Z,3.425,73.525,0.62
2020-04-25T12:00:00Z,3.425,73.575,0.62
2020-04-25T12:00:00Z,3.425,73.625,0.62
2020-04-25T12:00:00Z,3.375,73.375,0.6
2020-04-25T12:00:00Z,3.375,73.425,0.76
2020-04-25T12:00:00Z,3.375,73.475,0.77
2020-04-25T12:00:00Z,3.375,73.525,0.77
2020-04-25T12:00:00Z,3.375,73.575,0.78
2020-04-25T12:00:00Z,3.375,73.625,0.64
2020-04-25T12:00:00Z,3.325,73.375,0.76
2020-04-25T12:00:00Z,3.325,73.425,0.92
2020-04-25T12:00:00Z,3.325,73.475,0.9400000000000001
2020-04-25T12:00:00Z,3.325,73.525,0.9400000000000001
2020-04-25T12:00:00Z,3.325,73.575,1.09
2020-04-25T12:00:00Z,3.325,73.625,1.08
2020-05-25T12:00:00Z,3.675,73.375,0.62
2020-05-25T12:00:00Z,3.675,73.425,1.08
2020-05-25T12:00:00Z,3.675,73.475,1.55
2020-05-25T12:00:00Z,3.675,73.525,1.58
2020-05-25T12:00:00Z,3.675,73.575,1.73
2020-05-25T12:00:00Z,3.675,73.625,1.56
2020-05-25T12:00:00Z,3.625,73.375,0.61
2020-05-25T12:00:00Z,3.625,73.425,0.92
2020-05-25T12:00:00Z,3.625,73.475,1.3800000000000001
2020-05-25T12:00:00Z,3.625,73.525,1.54
2020-05-25T12:00:00Z,3.625,73.575,1.4000000000000001
2020-05-25T12:00:00Z,3.625,73.625,1.24
2020-05-25T12:00:00Z,3.575,73.375,0.6
2020-05-25T12:00:00Z,3.575,73.425,0.77
2020-05-25T12:00:00Z,3.575,73.475,1.07
2020-05-25T12:00:00Z,3.575,73.525,1.36
2020-05-25T12:00:00Z,3.575,73.575,1.5
2020-05-25T12:00:00Z,3.575,73.625,0.91
2020-05-25T12:00:00Z,3.525,73.375,0.44
2020-05-25T12:00:00Z,3.525,73.425,0.61
2020-05-25T12:00:00Z,3.525,73.475,0.76
2020-05-25T12:00:00Z,3.525,73.525,0.62
2020-05-25T12:00:00Z,3.525,73.575,0.76
2020-05-25T12:00:00Z,3.525,73.625,0.47000000000000003
2020-05-25T12:00:00Z,3.475,73.375,0.44
2020-05-25T12:00:00Z,3.475,73.425,0.61
2020-05-25T12:00:00Z,3.475,73.475,0.62
2020-05-25T12:00:00Z,3.475,73.525,0.62
2020-05-25T12:00:00Z,3.475,73.575,0.62
2020-05-25T12:00:00Z,3.475,73.625,0.61
2020-05-25T12:00:00Z,3.425,73.375,0.45
2020-05-25T12:00:00Z,3.425,73.425,0.6
2020-05-25T12:00:00Z,3.425,73.475,0.62
2020-05-25T12:00:00Z,3.425,73.525,0.62
2020-05-25T12:00:00Z,3.425,73.575,0.62
2020-05-25T12:00:00Z,3.425,73.625,0.62
2020-05-25T12:00:00Z,3.375,73.375,0.6
2020-05-25T12:00:00Z,3.375,73.425,0.76
2020-05-25T12:00:00Z,3.375,73.475,0.77
2020-05-25T12:00:00Z,3.375,73.525,0.77
2020-05-25T12:00:00Z,3.375,73.575,0.78
2020-05-25T12:00:00Z,3.375,73.625,0.64
2020-05-25T12:00:00Z,3.325,73.375,0.9
2020-05-25T12:00:00Z,3.325,73.425,0.92
2020-05-25T12:00:00Z,3.325,73.475,0.9400000000000001
2020-05-25T12:00:00Z,3.325,73.525,0.9400000000000001
2020-05-25T12:00:00Z,3.325,73.575,1.09
2020-05-25T12:00:00Z,3.325,73.625,1.08
2020-06-24T12:00:00Z,3.675,73.375,0.62
2020-06-24T12:00:00Z,3.675,73.425,1.08
2020-06-24T12:00:00Z,3.675,73.475,1.55
2020-06-24T12:00:00Z,3.675,73.525,1.58
2020-06-24T12:00:00Z,3.675,73.575,1.73
2020-06-24T12:00:00Z,3.675,73.625,1.56
2020-06-24T12:00:00Z,3.625,73.375,0.61
2020-06-24T12:00:00Z,3.625,73.425,0.92
2020-06-24T12:00:00Z,3.625,73.475,1.3800000000000001
2020-06-24T12:00:00Z,3.625,73.525,1.54
2020-06-24T12:00:00Z,3.625,73.575,1.4000000000000001
2020-06-24T12:00:00Z,3.625,73.625,1.24
2020-06-24T12:00:00Z,3.575,73.375,0.6
2020-06-24T12:00:00Z,3.575,73.425,0.77
2020-06-24T12:00:00Z,3.575,73.475,1.07
2020-06-24T12:00:00Z,3.575,73.525,1.36
2020-06-24T12:00:00Z,3.575,73.575,1.5
2020-06-24T12:00:00Z,3.575,73.625,0.91
2020-06-24T12:00:00Z,3.525,73.375,0.44
2020-06-24T12:00:00Z,3.525,73.425,0.61
2020-06-24T12:00:00Z,3.525,73.475,0.76
2020-06-24T12:00:00Z,3.525,73.525,0.62
2020-06-24T12:00:00Z,3.525,73.575,0.76
2020-06-24T12:00:00Z,3.525,73.625,0.47000000000000003
2020-06-24T12:00:00Z,3.475,73.375,0.44
2020-06-24T12:00:00Z,3.475,73.425,0.61
2020-06-24T12:00:00Z,3.475,73.475,0.62
2020-06-24T12:00:00Z,3.475,73.525,0.62
2020-06-24T12:00:00Z,3.475,73.575,0.62
2020-06-24T12:00:00Z,3.475,73.625,0.61
2020-06-24T12:00:00Z,3.425,73.375,0.45
2020-06-24T12:00:00Z,3.425,73.425,0.6
2020-06-24T12:00:00Z,3.425,73.475,0.62
2020-06-24T12:00:00Z,3.425,73.525,0.62
2020-06-24T12:00:00Z,3.425,73.575,0.62
2020-06-24T12:00:00Z,3.425,73.625,0.62
2020-06-24T12:00:00Z,3.375,73.375,0.6
2020-06-24T12:00:00Z,3.375,73.425,0.76
2020-06-24T12:00:00Z,3.375,73.475,0.77
2020-06-24T12:00:00Z,3.375,73.525,0.77
2020-06-24T12:00:00Z,3.375,73.575,0.78
2020-06-24T12:00:00Z,3.375,73.625,0.64
2020-06-24T12:00:00Z,3.325,73.375,0.9
2020-06-24T12:00:00Z,3.325,73.425,0.92
2020-06-24T12:00:00Z,3.325,73.475,0.9400000000000001
2020-06-24T12:00:00Z,3.325,73.525,0.9400000000000001
2020-06-24T12:00:00Z,3.325,73.575,1.09
2020-06-24T12:00:00Z,3.325,73.625,1.08
2020-07-24T12:00:00Z,3.675,73.375,0.0
2020-07-24T12:00:00Z,3.675,73.425,0.0
2020-07-24T12:00:00Z,3.675,73.475,0.0
2020-07-24T12:00:00Z,3.675,73.525,0.0
2020-07-24T12:00:00Z,3.675,73.575,0.0
2020-07-24T12:00:00Z,3.675,73.625,0.0
2020-07-24T12:00:00Z,3.625,73.375,0.0
2020-07-24T12:00:00Z,3.625,73.425,0.0
2020-07-24T12:00:00Z,3.625,73.475,0.0
2020-07-24T12:00:00Z,3.625,73.525,0.0
2020-07-24T12:00:00Z,3.625,73.575,0.0
2020-07-24T12:00:00Z,3.625,73.625,0.0
2020-07-24T12:00:00Z,3.575,73.375,0.0
2020-07-24T12:00:00Z,3.575,73.425,0.0
2020-07-24T12:00:00Z,3.575,73.475,0.0
2020-07-24T12:00:00Z,3.575,73.525,0.0
2020-07-24T12:00:00Z,3.575,73.575,0.0
2020-07-24T12:00:00Z,3.575,73.625,0.0
2020-07-24T12:00:00Z,3.525,73.375,0.0
2020-07-24T12:00:00Z,3.525,73.425,0.0
2020-07-24T12:00:00Z,3.525,73.475,0.0
2020-07-24T12:00:00Z,3.525,73.525,0.0
2020-07-24T12:00:00Z,3.525,73.575,0.0
2020-07-24T12:00:00Z,3.525,73.625,0.0
2020-07-24T12:00:00Z,3.475,73.375,0.0
2020-07-24T12:00:00Z,3.475,73.425,0.0
2020-07-24T12:00:00Z,3.475,73.475,0.0
2020-07-24T12:00:00Z,3.475,73.525,0.0
2020-07-24T12:00:00Z,3.475,73.575,0.0
2020-07-24T12:00:00Z,3.475,73.625,0.0
2020-07-24T12:00:00Z,3.425,73.375,0.0
2020-07-24T12:00:00Z,3.425,73.425,0.0
2020-07-24T12:00:00Z,3.425,73.475,0.0
2020-07-24T12:00:00Z,3.425,73.525,0.0
2020-07-24T12:00:00Z,3.425,73.575,0.0
2020-07-24T12:00:00Z,3.425,73.625,0.0
2020-07-24T12:00:00Z,3.375,73.375,0.0
2020-07-24T12:00:00Z,3.375,73.425,0.0
2020-07-24T12:00:00Z,3.375,73.475,0.0
2020-07-24T12:00:00Z,3.375,73.525,0.0
2020-07-24T12:00:00Z,3.375,73.575,0.0
2020-07-24T12:00:00Z,3.375,73.625,0.0
2020-07-24T12:00:00Z,3.325,73.375,0.0
2020-07-24T12:00:00Z,3.325,73.425,0.0
2020-07-24T12:00:00Z,3.325,73.475,0.0
2020-07-24T12:00:00Z,3.325,73.525,0.0
2020-07-24T12:00:00Z,3.325,73.575,0.0
2020-07-24T12:00:00Z,3.325,73.625,0.0
2020-08-23T12:00:00Z,3.675,73.375,0.0
2020-08-23T12:00:00Z,3.675,73.425,0.0
2020-08-23T12:00:00Z,3.675,73.475,0.0
2020-08-23T12:00:00Z,3.675,73.525,0.0
2020-08-23T12:00:00Z,3.675,73.575,0.0
2020-08-23T12:00:00Z,3.675,73.625,0.0
2020-08-23T12:00:00Z,3.625,73.375,0.0
2020-08-23T12:00:00Z,3.625,73.425,0.0
2020-08-23T12:00:00Z,3.625,73.475,0.0
2020-08-23T12:00:00Z,3.625,73.525,0.0
2020-08-23T12:00:00Z,3.625,73.575,0.0
2020-08-23T12:00:00Z,3.625,73.625,0.0
2020-08-23T12:00:00Z,3.575,73.375,0.0
2020-08-23T12:00:00Z,3.575,73.425,0.0
2020-08-23T12:00:00Z,3.575,73.475,0.0
2020-08-23T12:00:00Z,3.575,73.525,0.0
2020-08-23T12:00:00Z,3.575,73.575,0.0
2020-08-23T12:00:00Z,3.575,73.625,0.0
2020-08-23T12:00:00Z,3.525,73.375,0.0
2020-08-23T12:00:00Z,3.525,73.425,0.0
2020-08-23T12:00:00Z,3.525,73.475,0.0
2020-08-23T12:00:00Z,3.525,73.525,0.0
2020-08-23T12:00:00Z,3.525,73.575,0.0
2020-08-23T12:00:00Z,3.525,73.625,0.0
2020-08-23T12:00:00Z,3.475,73.375,0.0
2020-08-23T12:00:00Z,3.475,73.425,0.0
2020-08-23T12:00:00Z,3.475,73.475,0.0
2020-08-23T12:00:00Z,3.475,73.525,0.0
2020-08-23T12:00:00Z,3.475,73.575,0.0
2020-08-23T12:00:00Z,3.475,73.625,0.0
2020-08-23T12:00:00Z,3.425,73.375,0.0
2020-08-23T12:00:00Z,3.425,73.425,0.0
2020-08-23T12:00:00Z,3.425,73.475,0.0
2020-08-23T12:00:00Z,3.425,73.525,0.0
2020-08-23T12:00:00Z,3.425,73.575,0.0
2020-08-23T12:00:00Z,3.425,73.625,0.0
2020-08-23T12:00:00Z,3.375,73.375,0.0
2020-08-23T12:00:00Z,3.375,73.425,0.0
2020-08-23T12:00:00Z,3.375,73.475,0.0
2020-08-23T12:00:00Z,3.375,73.525,0.0
2020-08-23T12:00:00Z,3.375,73.575,0.0
2020-08-23T12:00:00Z,3.375,73.625,0.0
2020-08-23T12:00:00Z,3.325,73.375,0.0
2020-08-23T12:00:00Z,3.325,73.425,0.0
2020-08-23T12:00:00Z,3.325,73.475,0.0
2020-08-23T12:00:00Z,3.325,73.525,0.0
2020-08-23T12:00:00Z,3.325,73.575,0.0
2020-08-23T12:00:00Z,3.325,73.625,0.0
2020-09-22T12:00:00Z,3.675,73.375,0.0
2020-09-22T12:00:00Z,3.675,73.425,0.0
2020-09-22T12:00:00Z,3.675,73.475,0.0
2020-09-22T12:00:00Z,3.675,73.525,0.0
2020-09-22T12:00:00Z,3.675,73.575,0.0
2020-09-22T12:00:00Z,3.675,73.625,0.0
2020-09-22T12:00:00Z,3.625,73.375,0.0
2020-09-22T12:00:00Z,3.625,73.425,0.0
2020-09-22T12:00:00Z,3.625,73.475,0.0
2020-09-22T12:00:00Z,3.625,73.525,0.0
2020-09-22T12:00:00Z,3.625,73.575,0.0
2020-09-22T12:00:00Z,3.625,73.625,0.0
2020-09-22T12:00:00Z,3.575,73.375,0.0
2020-09-22T12:00:00Z,3.575,73.425,0.0
2020-09-22T12:00:00Z,3.575,73.475,0.0
2020-09-22T12:00:00Z,3.575,73.525,0.0
2020-09-22T12:00:00Z,3.575,73.575,0.0
2020-09-22T12:00:00Z,3.575,73.625,0.0
2020-09-22T12:00:00Z,3.525,73.375,0.0
2020-09-22T12:00:00Z,3.525,73.425,0.0
2020-09-22T12:00:00Z,3.525,73.475,0.0
2020-09-22T12:00:00Z,3.525,73.525,0.0
2020-09-22T12:00:00Z,3.525,73.575,0.0
2020-09-22T12:00:00Z,3.525,73.625,0.0
2020-09-22T12:00:00Z,3.475,73.375,0.0
2020-09-22T12:00:00Z,3.475,73.425,0.0
2020-09-22T12:00:00Z,3.475,73.475,0.0
2020-09-22T12:00:00Z,3.475,73.525,0.0
2020-09-22T12:00:00Z,3.475,73.575,0.0
2020-09-22T12:00:00Z,3.475,73.625,0.0
2020-09-22T12:00:00Z,3.425,73.375,0.0
2020-09-22T12:00:00Z,3.425,73.425,0.0
2020-09-22T12:00:00Z,3.425,73.475,0.0
2020-09-22T12:00:00Z,3.425,73.525,0.0
2020-09-22T12:00:00Z,3.425,73.575,0.0
2020-09-22T12:00:00Z,3.425,73.625,0.0
2020-09-22T12:00:00Z,3.375,73.375,0.0
2020-09-22T12:00:00Z,3.375,73.425,0.0
2020-09-22T12:00:00Z,3.375,73.475,0.0
2020-09-22T12:00:00Z,3.375,73.525,0.0
2020-09-22T12:00:00Z,3.375,73.575,0.0
2020-09-22T12:00:00Z,3.375,73.625,0.0
2020-09-22T12:00:00Z,3.325,73.375,0.0
2020-09-22T12:00:00Z,3.325,73.425,0.0
2020-09-22T12:00:00Z,3.325,73.475,0.0
2020-09-22T12:00:00Z,3.325,73.525,0.0
2020-09-22T12:00:00Z,3.325,73.575,0.0
2020-09-22T12:00:00Z,3.325,73.625,0.0
2020-10-22T12:00:00Z,3.675,73.375,0.0
2020-10-22T12:00:00Z,3.675,73.425,0.0
2020-10-22T12:00:00Z,3.675,73.475,0.0
2020-10-22T12:00:00Z,3.675,73.525,0.0
2020-10-22T12:00:00Z,3.675,73.575,0.0
2020-10-22T12:00:00Z,3.675,73.625,0.0
2020-10-22T12:00:00Z,3.625,73.375,0.0
2020-10-22T12:00:00Z,3.625,73.425,0.0
2020-10-22T12:00:00Z,3.625,73.475,0.0
2020-10-22T12:00:00Z,3.625,73.525,0.0
2020-10-22T12:00:00Z,3.625,73.575,0.0
2020-10-22T12:00:00Z,3.625,73.625,0.0
2020-10-22T12:00:00Z,3.575,73.375,0.0
2020-10-22T12:00:00Z,3.575,73.425,0.0
2020-10-22T12:00:00Z,3.575,73.475,0.0
2020-10-22T12:00:00Z,3.575,73.525,0.0
2020-10-22T12:00:00Z,3.575,73.575,0.0
2020-10-22T12:00:00Z,3.575,73.625,0.0
2020-10-22T12:00:00Z,3.525,73.375,0.0
2020-10-22T12:00:00Z,3.525,73.425,0.0
2020-10-22T12:00:00Z,3.525,73.475,0.0
2020-10-22T12:00:00Z,3.525,73.525,0.0
2020-10-22T12:00:00Z,3.525,73.575,0.0
2020-10-22T12:00:00Z,3.525,73.625,0.0
2020-10-22T12:00:00Z,3.475,73.375,0.0
2020-10-22T12:00:00Z,3.475,73.425,0.0
2020-10-22T12:00:00Z,3.475,73.475,0.0
2020-10-22T12:00:00Z,3.475,73.525,0.0
2020-10-22T12:00:00Z,3.475,73.575,0.0
2020-10-22T12:00:00Z,3.475,73.625,0.0
2020-10-22T12:00:00Z,3.425,73.375,0.0
2020-10-22T12:00:00Z,3.425,73.425,0.0
2020-10-22T12:00:00Z,3.425,73.475,0.0
2020-10-22T12:00:00Z,3.425,73.525,0.0
2020-10-22T12:00:00Z,3.425,73.575,0.0
2020-10-22T12:00:00Z,3.425,73.625,0.0
2020-10-22T12:00:00Z,3.375,73.375,0.0
2020-10-22T12:00:00Z,3.375,73.425,0.0
2020-10-22T12:00:00Z,3.375,73.475,0.0
2020-10-22T12:00:00Z,3.375,73.525,0.0
2020-10-22T12:00:00Z,3.375,73.575,0.0
2020-10-22T12:00:00Z,3.375,73.625,0.0
2020-10-22T12:00:00Z,3.325,73.375,0.0
2020-10-22T12:00:00Z,3.325,73.425,0.0
2020-10-22T12:00:00Z,3.325,73.475,0.0
2020-10-22T12:00:00Z,3.325,73.525,0.0
2020-10-22T12:00:00Z,3.325,73.575,0.0
2020-10-22T12:00:00Z,3.325,73.625,0.0
2020-11-21T12:00:00Z,3.675,73.375,0.0
2020-11-21T12:00:00Z,3.675,73.425,0.0
2020-11-21T12:00:00Z,3.675,73.475,0.0
2020-11-21T12:00:00Z,3.675,73.525,0.0
2020-11-21T12:00:00Z,3.675,73.575,0.0
2020-11-21T12:00:00Z,3.675,73.625,0.0
2020-11-21T12:00:00Z,3.625,73.375,0.0
2020-11-21T12:00:00Z,3.625,73.425,0.0
2020-11-21T12:00:00Z,3.625,73.475,0.0
2020-11-21T12:00:00Z,3.625,73.525,0.0
2020-11-21T12:00:00Z,3.625,73.575,0.0
2020-11-21T12:00:00Z,3.625,73.625,0.0
2020-11-21T12:00:00Z,3.575,73.375,0.0
2020-11-21T12:00:00Z,3.575,73.425,0.0
2020-11-21T12:00:00Z,3.575,73.475,0.0
2020-11-21T12:00:00Z,3.575,73.525,0.0
2020-11-21T12:00:00Z,3.575,73.575,0.0
2020-11-21T12:00:00Z,3.575,73.625,0.0
2020-11-21T12:00:00Z,3.525,73.375,0.0
2020-11-21T12:00:00Z,3.525,73.425,0.0
2020-11-21T12:00:00Z,3.525,73.475,0.0
2020-11-21T12:00:00Z,3.525,73.525,0.0
2020-11-21T12:00:00Z,3.525,73.575,0.0
2020-11-21T12:00:00Z,3.525,73.625,0.0
2020-11-21T12:00:00Z,3.475,73.375,0.0
2020-11-21T12:00:00Z,3.475,73.425,0.0
2020-11-21T12:00:00Z,3.475,73.475,0.0
2020-11-21T12:00:00Z,3.475,73.525,0.0
2020-11-21T12:00:00Z,3.475,73.575,0.0
2020-11-21T12:00:00Z,3.475,73.625,0.0
2020-11-21T12:00:00Z,3.425,73.375,0.0
2020-11-21T12:00:00Z,3.425,73.425,0.0
2020-11-21T12:00:00Z,3.425,73.475,0.0
2020-11-21T12:00:00Z,3.425,73.525,0.0
2020-11-21T12:00:00Z,3.425,73.575,0.0
2020-11-21T12:00:00Z,3.425,73.625,0.0
2020-11-21T12:00:00Z,3.375,73.375,0.0
2020-11-21T12:00:00Z,3.375,73.425,0.0
2020-11-21T12:00:00Z,3.375,73.475,0.0
2020-11-21T12:00:00Z,3.375,73.525,0.0
2020-11-21T12:00:00Z,3.375,73.575,0.0
2020-11-21T12:00:00Z,3.375,73.625,0.0
2020-11-21T12:00:00Z,3.325,73.375,0.0
2020-11-21T12:00:00Z,3.325,73.425,0.0
2020-11-21T12:00:00Z,3.325,73.475,0.0
2020-11-21T12:00:00Z,3.325,73.525,0.0
2020-11-21T12:00:00Z,3.325,73.575,0.0
2020-11-21T12:00:00Z,3.325,73.625,0.0
2020-12-21T12:00:00Z,3.675,73.375,0.0
2020-12-21T12:00:00Z,3.675,73.425,0.0
2020-12-21T12:00:00Z,3.675,73.475,0.0
2020-12-21T12:00:00Z,3.675,73.525,0.0
2020-12-21T12:00:00Z,3.675,73.575,0.0
2020-12-21T12:00:00Z,3.675,73.625,0.0
2020-12-21T12:00:00Z,3.625,73.375,0.0
2020-12-21T12:00:00Z,3.625,73.425,0.0
2020-12-21T12:00:00Z,3.625,73.475,0.0
2020-12-21T12:00:00Z,3.625,73.525,0.0
2020-12-21T12:00:00Z,3.625,73.575,0.0
2020-12-21T12:00:00Z,3.625,73.625,0.0
2020-12-21T12:00:00Z,3.575,73.375,0.0
2020-12-21T12:00:00Z,3.575,73.425,0.0
2020-12-21T12:00:00Z,3.575,73.475,0.0
2020-12-21T12:00:00Z,3.575,73.525,0.0
2020-12-21T12:00:00Z,3.575,73.575,0.0
2020-12-21T12:00:00Z,3.575,73.625,0.0
2020-12-21T12:00:00Z,3.525,73.375,0.0
2020-12-21T12:00:00Z,3.525,73.425,0.0
2020-12-21T12:00:00Z,3.525,73.475,0.0
2020-12-21T12:00:00Z,3.525,73.525,0.0
2020-12-21T12:00:00Z,3.525,73.575,0.0
2020-12-21T12:00:00Z,3.525,73.625,0.0
2020-12-21T12:00:00Z,3.475,73.375,0.0
2020-12-21T12:00:00Z,3.475,73.425,0.0
2020-12-21T12:00:00Z,3.475,73.475,0.0
2020-12-21T12:00:00Z,3.475,73.525,0.0
2020-12-21T12:00:00Z,3.475,73.575,0.0
2020-12-21T12:00:00Z,3.475,73.625,0.0
2020-12-21T12:00:00Z,3.425,73.375,0.0
2020-12-21T12:00:00Z,3.425,73.425,0.0
2020-12-21T12:00:00Z,3.425,73.475,0.0
2020-12-21T12:00:00Z,3.425,73.525,0.0
2020-12-21T12:00:00Z,3.425,73.575,0.0
2020-12-21T12:00:00Z,3.425,73.625,0.0
2020-12-21T12:00:00Z,3.375,73.375,0.0
2020-12-21T12:00:00Z,3.375,73.425,0.0
2020-12-21T12:00:00Z,3.375,73.475,0.0
2020-12-21T12:00:00Z,3.375,73.525,0.0
2020-12-21T12:00:00Z,3.375,73.575,0.0
2020-12-21T12:00:00Z,3.375,73.625,0.0
2020-12-21T12:00:00Z,3.325,73.375,0.0
2020-12-21T12:00:00Z,3.325,73.425,0.0
2020-12-21T12:00:00Z,3.325,73.475,0.0
2020-12-21T12:00:00Z,3.325,73.525,0.0
2020-12-21T12:00:00Z,3.325,73.575,0.0
2020-12-21T12:00:00Z,3.325,73.625,0.0
