time,latitude,longitude,degree_heating_week
UTC,degrees_north,degrees_east,degree_Celsius_weeks
1996-01-01T12:00:00Z,-4.375,55.325,0.0
1996-01-01T12:00:00Z,-4.375,55.375,0.0
1996-01-01T12:00:00Z,-4.375,55.425,0.0
1996-01-01T12:00:00Z,-4.375,55.475,0.0
1996-01-01T12:00:00Z,-4.375,55.525,0.0
1996-01-01T12:00:00Z,-4.375,55.575,0.0
1996-01-01T12:00:00Z,-4.375,55.625,0.0
1996-01-01T12:00:00Z,-4.375,55.675,0.0
1996-01-01T12:00:00Z,-4.425,55.325,0.0
1996-01-01T12:00:00Z,-4.425,55.375,0.0
1996-01-01T12:00:00Z,-4.425,55.425,0.0
1996-01-01T12:00:00Z,-4.425,55.475,0.0
1996-01-01T12:00:00Z,-4.425,55.525,0.0
1996-01-01T12:00:00Z,-4.425,55.575,0.0
1996-01-01T12:00:00Z,-4.425,55.625,0.0
1996-01-01T12:00:00Z,-4.425,55.675,0.0
1996-01-01T12:00:00Z,-4.475,55.325,0.0
1996-01-01T12:00:00Z,-4.475,55.375,0.0
1996-01-01T12:00:00Z,-4.475,55.425,0.0
1996-01-01T12:00:00Z,-4.475,55.475,0.0
1996-01-01T12:00:00Z,-4.475,55.525,0.0
1996-01-01T12:00:00Z,-4.475,55.575,0.0
1996-01-01T12:00:00Z,-4.475,55.625,0.0
1996-01-01T12:00:00Z,-4.475,55.675,0.0
1996-01-01T12:00:00Z,-4.525,55.325,0.0
1996-01-01T12:00:00Z,-4.525,55.375,0.0
1996-01-01T12:00:00Z,-4.525,55.425,0.0
1996-01-01T12:00:00Z,-4.525,55.475,0.0
1996-01-01T12:00:00Z,-4.525,55.525,0.0
1996-01-01T12:00:00Z,-4.525,55.575,0.0
1996-01-01T12:00:00Z,-4.525,55.625,0.0
1996-01-01T12:00:00Z,-4.525,55.675,0.0
1996-01-01T12:00:00Z,-4.575,55.325,0.0
1996-01-01T12:00:00Z,-4.575,55.375,0.0
1996-01-01T12:00:00Z,-4.575,55.425,0.0
1996-01-01T12:00:00Z,-4.575,55.475,0.0
1996-01-01T12:00:00Z,-4.575,55.525,0.0
1996-01-01T12:00:00Z,-4.575,55.575,0.0
1996-01-01T12:00:00Z,-4.575,55.625,0.0
1996-01-01T12:00:00Z,-4.575,55.675,0.0
1996-01-01T12:00:00Z,-4.625,55.325,0.0
1996-01-01T12:00:00Z,-4.625,55.375,0.0
1996-01-01T12:00:00Z,-4.625,55.425,0.0
1996-01-01T12:00:00Z,-4.625,55.475,0.0
1996-01-01T12:00:00Z,-4.625,55.525,0.0
1996-01-01T12:00:00Z,-4.625,55.575,0.0
1996-01-01T12:00:00Z,-4.625,55.625,0.0
1996-01-01T12:00:00Z,-4.625,55.675,0.0
1996-01-31T12:00:00Z,-4.375,55.325,0.0
1996-01-31T12:00:00Z,-4.375,55.375,0.0
1996-01-31T12:00:00Z,-4.375,55.425,0.0
1996-01-31T12:00:00Z,-4.375,55.475,0.0
1996-01-31T12:00:00Z,-4.375,55.525,0.0
1996-01-31T12:00:00Z,-4.375,55.575,0.0
1996-01-31T12:00:00Z,-4.375,55.625,0.0
1996-01-31T12:00:00Z,-4.375,55.675,0.0
1996-01-31T12:00:00Z,-4.425,55.325,0.0
1996-01-31T12:00:00Z,-4.425,55.375,0.0
1996-01-31T12:00:00Z,-4.425,55.425,0.0
1996-01-31T12:00:00Z,-4.425,55.475,0.0
1996-01-31T12:00:00Z,-4.425,55.525,0.0
1996-01-31T12:00:00Z,-4.425,55.575,0.0
1996-01-31T12:00:00Z,-4.425,55.625,0.0
1996-01-31T12:00:00Z,-4.425,55.675,0.0
1996-01-31T12:00:00Z,-4.475,55.325,0.0
1996-01-31T12:00:00Z,-4.475,55.375,0.0
1996-01-31T12:00:00Z,-4.475,55.425,0.0
1996-01-31T12:00:00Z,-4.475,55.475,0.0
1996-01-31T12:00:00Z,-4.475,55.525,0.0
1996-01-31T12:00:00Z,-4.475,55.575,0.0
1996-01-31T12:00:00Z,-4.475,55.625,0.0
1996-01-31T12:00:00Z,-4.475,55.675,0.0
1996-01-31T12:00:00Z,-4.525,55.325,0.0
1996-01-31T12:00:00Z,-4.525,55.375,0.0
1996-01-31T12:00:00Z,-4.525,55.425,0.0
1996-01-31T12:00:00Z,-4.525,55.475,0.0
1996-01-31T12:00:00Z,-4.525,55.525,0.0
1996-01-31T12:00:00Z,-4.525,55.575,0.0
1996-01-31T12:00:00Z,-4.525,55.625,0.0
1996-01-31T12:00:00Z,-4.525,55.675,0.0
1996-01-31T12:00:00Z,-4.575,55.325,0.0
1996-01-31T12:00:00Z,-4.575,55.375,0.0
1996-01-31T12:00:00Z,-4.575,55.425,0.0
1996-01-31T12:00:00Z,-4.575,55.475,0.0
1996-01-31T12:00:00Z,-4.575,55.525,0.0
1996-01-31T12:00:00Z,-4.575,55.575,0.0
1996-01-31T12:00:00Z,-4.575,55.625,0.0
1996-01-31T12:00:00Z,-4.575,55.675,0.0
1996-01-31T12:00:00Z,-4.625,55.325,0.0
1996-01-31T12:00:00Z,-4.625,55.375,0.0
1996-01-31T12:00:00Z,-4.625,55.425,0.0
1996-01-31T12:00:00Z,-4.625,55.475,0.0
1996-01-31T12:00:00Z,-4.625,55.525,0.0
1996-01-31T12:00:00Z,-4.625,55.575,0.0
1996-01-31T12:00:00Z,-4.625,55.625,0.0
1996-01-31T12:00:00Z,-4.625,55.675,0.0
1996-03-01T12:00:00Z,-4.375,55.325,0.0
1996-03-01T12:00:00Z,-4.375,55.375,0.0
1996-03-01T12:00:00Z,-4.375,55.425,0.0
1996-03-01T12:00:00Z,-4.375,55.475,0.0
1996-03-01T12:00:00Z,-4.375,55.525,0.0
1996-03-01T12:00:00Z,-4.375,55.575,0.0
1996-03-01T12:00:00Z,-4.375,55.625,0.0
1996-03-01T12:00:00Z,-4.375,55.675,0.0
1996-03-01T12:00:00Z,-4.425,55.325,0.0
1996-03-01T12:00:00Z,-4.425,55.375,0.0
1996-03-01T12:00:00Z,-4.425,55.425,0.0
1996-03-01T12:00:00Z,-4.425,55.475,0.0
1996-03-01T12:00:00Z,-4.425,55.525,0.0
1996-03-01T12:00:00Z,-4.425,55.575,0.0
1996-03-01T12:00:00Z,-4.425,55.625,0.0
1996-03-01T12:00:00Z,-4.425,55.675,0.0
1996-03-01T12:00:00Z,-4.475,55.325,0.0
1996-03-01T12:00:00Z,-4.475,55.375,0.0
1996-03-01T12:00:00Z,-4.475,55.425,0.0
1996-03-01T12:00:00Z,-4.475,55.475,0.0
1996-03-01T12:00:00Z,-4.475,55.525,0.0
1996-03-01T12:00:00Z,-4.475,55.575,0.0
1996-03-01T12:00:00Z,-4.475,55.625,0.0
1996-03-01T12:00:00Z,-4.475,55.675,0.0
1996-03-01T12:00:00Z,-4.525,55.325,0.0
1996-03-01T12:00:00Z,-4.525,55.375,0.0
1996-03-01T12:00:00Z,-4.525,55.425,0.0
1996-03-01T12:00:00Z,-4.525,55.475,0.0
1996-03-01T12:00:00Z,-4.525,55.525,0.0
1996-03-01T12:00:00Z,-4.525,55.575,0.0
1996-03-01T12:00:00Z,-4.525,55.625,0.0
1996-03-01T12:00:00Z,-4.525,55.675,0.0
1996-03-01T12:00:00Z,-4.575,55.325,0.0
1996-03-01T12:00:00Z,-4.575,55.375,0.0
1996-03-01T12:00:00Z,-4.575,55.425,0.0
1996-03-01T12:00:00Z,-4.575,55.475,0.0
1996-03-01T12:00:00Z,-4.575,55.525,0.0
1996-03-01T12:00:00Z,-4.575,55.575,0.0
1996-03-01T12:00:00Z,-4.575,55.625,0.0
1996-03-01T12:00:00Z,-4.575,55.675,0.0
1996-03-01T12:00:00Z,-4.625,55.325,0.0
1996-03-01T12:00:00Z,-4.625,55.375,0.0
1996-03-01T12:00:00Z,-4.625,55.425,0.0
1996-03-01T12:00:00Z,-4.625,55.475,0.0
1996-03-01T12:00:00Z,-4.625,55.525,0.0
1996-03-01T12:00:00Z,-4.625,55.575,0.0
1996-03-01T12:00:00Z,-4.625,55.625,0.0
1996-03-01T12:00:00Z,-4.625,55.675,0.0
1996-03-31T12:00:00Z,-4.375,55.325,0.0
1996-03-31T12:00:00Z,-4.375,55.375,0.0
1996-03-31T12:00:00Z,-4.375,55.425,0.0
1996-03-31T12:00:00Z,-4.375,55.475,0.0
1996-03-31T12:00:00Z,-4.375,55.525,0.0
1996-03-31T12:00:00Z,-4.375,55.575,0.0
1996-03-31T12:00:00Z,-4.375,55.625,0.0
1996-03-31T12:00:00Z,-4.375,55.675,0.0
1996-03-31T12:00:00Z,-4.425,55.325,0.0
1996-03-31T12:00:00Z,-4.425,55.375,0.0
1996-03-31T12:00:00Z,-4.425,55.425,0.0
1996-03-31T12:00:00Z,-4.425,55.475,0.0
1996-03-31T12:00:00Z,-4.425,55.525,0.0
1996-03-31T12:00:00Z,-4.425,55.575,0.0
1996-03-31T12:00:00Z,-4.425,55.625,0.0
1996-03-31T12:00:00Z,-4.425,55.675,0.0
1996-03-31T12:00:00Z,-4.475,55.325,0.0
1996-03-31T12:00:00Z,-4.475,55.375,0.0
1996-03-31T12:00:00Z,-4.475,55.425,0.0
1996-03-31T12:00:00Z,-4.475,55.475,0.0
1996-03-31T12:00:00Z,-4.475,55.525,0.0
1996-03-31T12:00:00Z,-4.475,55.575,0.0
1996-03-31T12:00:00Z,-4.475,55.625,0.0
1996-03-31T12:00:00Z,-4.475,55.675,0.0
1996-03-31T12:00:00Z,-4.525,55.325,0.0
1996-03-31T12:00:00Z,-4.525,55.375,0.0
1996-03-31T12:00:00Z,-4.525,55.425,0.0
1996-03-31T12:00:00Z,-4.525,55.475,0.0
1996-03-31T12:00:00Z,-4.525,55.525,0.0
1996-03-31T12:00:00Z,-4.525,55.575,0.0
1996-03-31T12:00:00Z,-4.525,55.625,0.0
1996-03-31T12:00:00Z,-4.525,55.675,0.0
1996-03-31T12:00:00Z,-4.575,55.325,0.0
1996-03-31T12:00:00Z,-4.575,55.375,0.0
1996-03-31T12:00:00Z,-4.575,55.425,0.0
1996-03-31T12:00:00Z,-4.575,55.475,0.0
1996-03-31T12:00:00Z,-4.575,55.525,0.0
1996-03-31T12:00:00Z,-4.575,55.575,0.0
1996-03-31T12:00:00Z,-4.575,55.625,0.0
1996-03-31T12:00:00Z,-4.575,55.675,0.0
1996-03-31T12:00:00Z,-4.625,55.325,0.0
1996-03-31T12:00:00Z,-4.625,55.375,0.0
1996-03-31T12:00:00Z,-4.625,55.425,0.0
1996-03-31T12:00:00Z,-4.625,55.475,0.0
1996-03-31T12:00:00Z,-4.625,55.525,0.0
1996-03-31T12:00:00Z,-4.625,55.575,0.0
1996-03-31T12:00:00Z,-4.625,55.625,0.0
1996-03-31T12:00:00Z,-4.625,55.675,0.0
1996-04-30T12:00:00Z,-4.375,55.325,0.0
1996-04-30T12:00:00Z,-4.375,55.375,0.0
1996-04-30T12:00:00Z,-4.375,55.425,0.0
1996-04-30T12:00:00Z,-4.375,55.475,0.0
1996-04-30T12:00:00Z,-4.375,55.525,0.0
1996-04-30T12:00:00Z,-4.375,55.575,0.0
1996-04-30T12:00:00Z,-4.375,55.625,0.0
1996-04-30T12:00:00Z,-4.375,55.675,0.0
1996-04-30T12:00:00Z,-4.425,55.325,0.0
1996-04-30T12:00:00Z,-4.425,55.375,0.0
1996-04-30T12:00:00Z,-4.425,55.425,0.0
1996-04-30T12:00:00Z,-4.425,55.475,0.0
1996-04-30T12:00:00Z,-4.425,55.525,0.0
1996-04-30T12:00:00Z,-4.425,55.575,0.0
1996-04-30T12:00:00Z,-4.425,55.625,0.0
1996-04-30T12:00:00Z,-4.425,55.675,0.0
1996-04-30T12:00:00Z,-4.475,55.325,0.0
1996-04-30T12:00:00Z,-4.475,55.375,0.0
1996-04-30T12:00:00Z,-4.475,55.425,0.0
1996-04-30T12:00:00Z,-4.475,55.475,0.0
1996-04-30T12:00:00Z,-4.475,55.525,0.0
1996-04-30T12:00:00Z,-4.475,55.575,0.0
1996-04-30T12:00:00Z,-4.475,55.625,0.0
1996-04-30T12:00:00Z,-4.475,55.675,0.0
1996-04-30T12:00:00Z,-4.525,55.325,0.0
1996-04-30T12:00:00Z,-4.525,55.375,0.0
1996-04-30T12:00:00Z,-4.525,55.425,0.0
1996-04-30T12:00:00Z,-4.525,55.475,0.0
1996-04-30T12:00:00Z,-4.525,55.525,0.0
1996-04-30T12:00:00Z,-4.525,55.575,0.0
1996-04-30T12:00:00Z,-4.525,55.625,0.0
1996-04-30T12:00:00Z,-4.525,55.675,0.0
1996-04-30T12:00:00Z,-4.575,55.325,0.15
1996-04-30T12:00:00Z,-4.575,55.375,0.15
1996-04-30T12:00:00Z,-4.575,55.425,0.0
1996-04-30T12:00:00Z,-4.575,55.475,0.0
1996-04-30T12:00:00Z,-4.575,55.525,0.0
1996-04-30T12:00:00Z,-4.575,55.575,0.0
1996-04-30T12:00:00Z,-4.575,55.625,0.0
1996-04-30T12:00:00Z,-4.575,55.675,0.0
1996-04-30T12:00:00Z,-4.625,55.325,0.3
1996-04-30T12:00:00Z,-4.625,55.375,0.29
1996-04-30T12:00:00Z,-4.625,55.425,0.15
1996-04-30T12:00:00Z,-4.625,55.475,0.14
1996-04-30T12:00:00Z,-4.625,55.525,0.14
1996-04-30T12:00:00Z,-4.625,55.575,0.14
1996-04-30T12:00:00Z,-4.625,55.625,0.0
1996-04-30T12:00:00Z,-4.625,55.675,0.0
1996-05-30T12:00:00Z,-4.375,55.325,0.0
1996-05-30T12:00:00Z,-4.375,55.375,0.0
1996-05-30T12:00:00Z,-4.375,55.425,0.0
1996-05-30T12:00:00Z,-4.375,55.475,0.0
1996-05-30T12:00:00Z,-4.375,55.525,0.0
1996-05-30T12:00:00Z,-4.375,55.575,0.0
1996-05-30T12:00:00Z,-4.375,55.625,0.0
1996-05-30T12:00:00Z,-4.375,55.675,0.0
1996-05-30T12:00:00Z,-4.425,55.325,0.0
1996-05-30T12:00:00Z,-4.425,55.375,0.0
1996-05-30T12:00:00Z,-4.425,55.425,0.0
1996-05-30T12:00:00Z,-4.425,55.475,0.0
1996-05-30T12:00:00Z,-4.425,55.525,0.0
1996-05-30T12:00:00Z,-4.425,55.575,0.0
1996-05-30T12:00:00Z,-4.425,55.625,0.0
1996-05-30T12:00:00Z,-4.425,55.675,0.0
1996-05-30T12:00:00Z,-4.475,55.325,0.0
1996-05-30T12:00:00Z,-4.475,55.375,0.0
1996-05-30T12:00:00Z,-4.475,55.425,0.0
1996-05-30T12:00:00Z,-4.475,55.475,0.0
1996-05-30T12:00:00Z,-4.475,55.525,0.0
1996-05-30T12:00:00Z,-4.475,55.575,0.0
1996-05-30T12:00:00Z,-4.475,55.625,0.0
1996-05-30T12:00:00Z,-4.475,55.675,0.0
1996-05-30T12:00:00Z,-4.525,55.325,0.0
1996-05-30T12:00:00Z,-4.525,55.375,0.0
1996-05-30T12:00:00Z,-4.525,55.425,0.0
1996-05-30T12:00:00Z,-4.525,55.475,0.0
1996-05-30T12:00:00Z,-4.525,55.525,0.0
1996-05-30T12:00:00Z,-4.525,55.575,0.0
1996-05-30T12:00:00Z,-4.525,55.625,0.0
1996-05-30T12:00:00Z,-4.525,55.675,0.0
1996-05-30T12:00:00Z,-4.575,55.325,0.15
1996-05-30T12:00:00Z,-4.575,55.375,0.15
1996-05-30T12:00:00Z,-4.575,55.425,0.0
1996-05-30T12:00:00Z,-4.575,55.475,0.0
1996-05-30T12:00:00Z,-4.575,55.525,0.0
1996-05-30T12:00:00Z,-4.575,55.575,0.0
1996-05-30T12:00:00Z,-4.575,55.625,0.0
1996-05-30T12:00:00Z,-4.575,55.675,0.0
1996-05-30T12:00:00Z,-4.625,55.325,0.3
1996-05-30T12:00:00Z,-4.625,55.375,0.29
1996-05-30T12:00:00Z,-4.625,55.425,0.15
1996-05-30T12:00:00Z,-4.625,55.475,0.14
1996-05-30T12:00:00Z,-4.625,55.525,0.14
1996-05-30T12:00:00Z,-4.625,55.575,0.14
1996-05-30T12:00:00Z,-4.625,55.625,0.0
1996-05-30T12:00:00Z,-4.625,55.675,0.0
1996-06-29T12:00:00Z,-4.375,55.325,0.0
1996-06-29T12:00:00Z,-4.375,55.375,0.0
1996-06-29T12:00:00Z,-4.375,55.425,0.0
1996-06-29T12:00:00Z,-4.375,55.475,0.0
1996-06-29T12:00:00Z,-4.375,55.525,0.0
1996-06-29T12:00:00Z,-4.375,55.575,0.0
1996-06-29T12:00:00Z,-4.375,55.625,0.0
1996-06-29T12:00:00Z,-4.375,55.675,0.0
1996-06-29T12:00:00Z,-4.425,55.325,0.0
1996-06-29T12:00:00Z,-4.425,55.375,0.0
1996-06-29T12:00:00Z,-4.425,55.425,0.0
1996-06-29T12:00:00Z,-4.425,55.475,0.0
1996-06-29T12:00:00Z,-4.425,55.525,0.0
1996-06-29T12:00:00Z,-4.425,55.575,0.0
1996-06-29T12:00:00Z,-4.425,55.625,0.0
1996-06-29T12:00:00Z,-4.425,55.675,0.0
1996-06-29T12:00:00Z,-4.475,55.325,0.0
1996-06-29T12:00:00Z,-4.475,55.375,0.0
1996-06-29T12:00:00Z,-4.475,55.425,0.0
1996-06-29T12:00:00Z,-4.475,55.475,0.0
1996-06-29T12:00:00Z,-4.475,55.525,0.0
1996-06-29T12:00:00Z,-4.475,55.575,0.0
1996-06-29T12:00:00Z,-4.475,55.625,0.0
1996-06-29T12:00:00Z,-4.475,55.675,0.0
1996-06-29T12:00:00Z,-4.525,55.325,0.0
1996-06-29T12:00:00Z,-4.525,55.375,0.0
1996-06-29T12:00:00Z,-4.525,55.425,0.0
1996-06-29T12:00:00Z,-4.525,55.475,0.0
1996-06-29T12:00:00Z,-4.525,55.525,0.0
1996-06-29T12:00:00Z,-4.525,55.575,0.0
1996-06-29T12:00:00Z,-4.525,55.625,0.0
1996-06-29T12:00:00Z,-4.525,55.675,0.0
1996-06-29T12:00:00Z,-4.575,55.325,0.15
1996-06-29T12:00:00Z,-4.575,55.375,0.15
1996-06-29T12:00:00Z,-4.575,55.425,0.0
1996-06-29T12:00:00Z,-4.575,55.475,0.0
1996-06-29T12:00:00Z,-4.575,55.525,0.0
1996-06-29T12:00:00Z,-4.575,55.575,0.0
1996-06-29T12:00:00Z,-4.575,55.625,0.0
1996-06-29T12:00:00Z,-4.575,55.675,0.0
1996-06-29T12:00:00Z,-4.625,55.325,0.3
1996-06-29T12:00:00Z,-4.625,55.375,0.29
1996-06-29T12:00:00Z,-4.625,55.425,0.15
1996-06-29T12:00:00Z,-4.625,55.475,0.14
1996-06-29T12:00:00Z,-4.625,55.525,0.14
1996-06-29T12:00:00Z,-4.625,55.575,0.14
1996-06-29T12:00:00Z,-4.625,55.625,0.0
1996-06-29T12:00:00Z,-4.625,55.675,0.0
1996-07-29T12:00:00Z,-4.375,55.325,0.0
1996-07-29T12:00:00Z,-4.375,55.375,0.0
1996-07-29T12:00:00Z,-4.375,55.425,0.0
1996-07-29T12:00:00Z,-4.375,55.475,0.0
1996-07-29T12:00:00Z,-4.375,55.525,0.0
1996-07-29T12:00:00Z,-4.375,55.575,0.0
1996-07-29T12:00:00Z,-4.375,55.625,0.0
1996-07-29T12:00:00Z,-4.375,55.675,0.0
1996-07-29T12:00:00Z,-4.425,55.325,0.0
1996-07-29T12:00:00Z,-4.425,55.375,0.0
1996-07-29T12:00:00Z,-4.425,55.425,0.0
1996-07-29T12:00:00Z,-4.425,55.475,0.0
1996-07-29T12:00:00Z,-4.425,55.525,0.0
1996-07-29T12:00:00Z,-4.425,55.575,0.0
1996-07-29T12:00:00Z,-4.425,55.625,0.0
1996-07-29T12:00:00Z,-4.425,55.675,0.0
1996-07-29T12:00:00Z,-4.475,55.325,0.0
1996-07-29T12:00:00Z,-4.475,55.375,0.0
1996-07-29T12:00:00Z,-4.475,55.425,0.0
1996-07-29T12:00:00Z,-4.475,55.475,0.0
1996-07-29T12:00:00Z,-4.475,55.525,0.0
1996-07-29T12:00:00Z,-4.475,55.575,0.0
1996-07-29T12:00:00Z,-4.475,55.625,0.0
1996-07-29T12:00:00Z,-4.475,55.675,0.0
1996-07-29T12:00:00Z,-4.525,55.325,0.0
1996-07-29T12:00:00Z,-4.525,55.375,0.0
1996-07-29T12:00:00Z,-4.525,55.425,0.0
1996-07-29T12:00:00Z,-4.525,55.475,0.0
1996-07-29T12:00:00Z,-4.525,55.525,0.0
1996-07-29T12:00:00Z,-4.525,55.575,0.0
1996-07-29T12:00:00Z,-4.525,55.625,0.0
1996-07-29T12:00:00Z,-4.525,55.675,0.0
1996-07-29T12:00:00Z,-4.575,55.325,0.0
1996-07-29T12:00:00Z,-4.575,55.375,0.0
1996-07-29T12:00:00Z,-4.575,55.425,0.0
1996-07-29T12:00:00Z,-4.575,55.475,0.0
1996-07-29T12:00:00Z,-4.575,55.525,0.0
1996-07-29T12:00:00Z,-4.575,55.575,0.0
1996-07-29T12:00:00Z,-4.575,55.625,0.0
1996-07-29T12:00:00Z,-4.575,55.675,0.0
1996-07-29T12:00:00Z,-4.625,55.325,0.0
1996-07-29T12:00:00Z,-4.625,55.375,0.0
1996-07-29T12:00:00Z,-4.625,55.425,0.0
1996-07-29T12:00:00Z,-4.625,55.475,0.0
1996-07-29T12:00:00Z,-4.625,55.525,0.0
1996-07-29T12:00:00Z,-4.625,55.575,0.0
1996-07-29T12:00:00Z,-4.625,55.625,0.0
1996-07-29T12:00:00Z,-4.625,55.675,0.0
1996-08-28T12:00:00Z,-4.375,55.325,0.0
1996-08-28T12:00:00Z,-4.375,55.375,0.0
1996-08-28T12:00:00Z,-4.375,55.425,0.0
1996-08-28T12:00:00Z,-4.375,55.475,0.0
1996-08-28T12:00:00Z,-4.375,55.525,0.0
1996-08-28T12:00:00Z,-4.375,55.575,0.0
1996-08-28T12:00:00Z,-4.375,55.625,0.0
1996-08-28T12:00:00Z,-4.375,55.675,0.0
1996-08-28T12:00:00Z,-4.425,55.325,0.0
1996-08-28T12:00:00Z,-4.425,55.375,0.0
1996-08-28T12:00:00Z,-4.425,55.425,0.0
1996-08-28T12:00:00Z,-4.425,55.475,0.0
1996-08-28T12:00:00Z,-4.425,55.525,0.0
1996-08-28T12:00:00Z,-4.425,55.575,0.0
1996-08-28T12:00:00Z,-4.425,55.625,0.0
1996-08-28T12:00:00Z,-4.425,55.675,0.0
1996-08-28T12:00:00Z,-4.475,55.325,0.0
1996-08-28T12:00:00Z,-4.475,55.375,0.0
1996-08-28T12:00:00Z,-4.475,55.425,0.0
1996-08-28T12:00:00Z,-4.475,55.475,0.0
1996-08-28T12:00:00Z,-4.475,55.525,0.0
1996-08-28T12:00:00Z,-4.475,55.575,0.0
1996-08-28T12:00:00Z,-4.475,55.625,0.0
1996-08-28T12:00:00Z,-4.475,55.675,0.0
1996-08-28T12:00:00Z,-4.525,55.325,0.0
1996-08-28T12:00:00Z,-4.525,55.375,0.0
1996-08-28T12:00:00Z,-4.525,55.425,0.0
1996-08-28T12:00:00Z,-4.525,55.475,0.0
1996-08-28T12:00:00Z,-4.525,55.525,0.0
1996-08-28T12:00:00Z,-4.525,55.575,0.0
1996-08-28T12:00:00Z,-4.525,55.625,0.0
1996-08-28T12:00:00Z,-4.525,55.675,0.0
1996-08-28T12:00:00Z,-4.575,55.325,0.0
1996-08-28T12:00:00Z,-4.575,55.375,0.0
1996-08-28T12:00:00Z,-4.575,55.425,0.0
1996-08-28T12:00:00Z,-4.575,55.475,0.0
1996-08-28T12:00:00Z,-4.575,55.525,0.0
1996-08-28T12:00:00Z,-4.575,55.575,0.0
1996-08-28T12:00:00Z,-4.575,55.625,0.0
1996-08-28T12:00:00Z,-4.575,55.675,0.0
1996-08-28T12:00:00Z,-4.625,55.325,0.0
1996-08-28T12:00:00Z,-4.625,55.375,0.0
1996-08-28T12:00:00Z,-4.625,55.425,0.0
1996-08-28T12:00:00Z,-4.625,55.475,0.0
1996-08-28T12:00:00Z,-4.625,55.525,0.0
1996-08-28T12:00:00Z,-4.625,55.575,0.0
1996-08-28T12:00:00Z,-4.625,55.625,0.0
1996-08-28T12:00:00Z,-4.625,55.675,0.0
1996-09-27T12:00:00Z,-4.375,55.325,0.0
1996-09-27T12:00:00Z,-4.375,55.375,0.0
1996-09-27T12:00:00Z,-4.375,55.425,0.0
1996-09-27T12:00:00Z,-4.375,55.475,0.0
1996-09-27T12:00:00Z,-4.375,55.525,0.0
1996-09-27T12:00:00Z,-4.375,55.575,0.0
1996-09-27T12:00:00Z,-4.375,55.625,0.0
1996-09-27T12:00:00Z,-4.375,55.675,0.0
1996-09-27T12:00:00Z,-4.425,55.325,0.0
1996-09-27T12:00:00Z,-4.425,55.375,0.0
1996-09-27T12:00:00Z,-4.425,55.425,0.0
1996-09-27T12:00:00Z,-4.425,55.475,0.0
1996-09-27T12:00:00Z,-4.425,55.525,0.0
1996-09-27T12:00:00Z,-4.425,55.575,0.0
1996-09-27T12:00:00Z,-4.425,55.625,0.0
1996-09-27T12:00:00Z,-4.425,55.675,0.0
1996-09-27T12:00:00Z,-4.475,55.325,0.0
1996-09-27T12:00:00Z,-4.475,55.375,0.0
1996-09-27T12:00:00Z,-4.475,55.425,0.0
1996-09-27T12:00:00Z,-4.475,55.475,0.0
1996-09-27T12:00:00Z,-4.475,55.525,0.0
1996-09-27T12:00:00Z,-4.475,55.575,0.0
1996-09-27T12:00:00Z,-4.475,55.625,0.0
1996-09-27T12:00:00Z,-4.475,55.675,0.0
1996-09-27T12:00:00Z,-4.525,55.325,0.0
1996-09-27T12:00:00Z,-4.525,55.375,0.0
1996-09-27T12:00:00Z,-4.525,55.425,0.0
1996-09-27T12:00:00Z,-4.525,55.475,0.0
1996-09-27T12:00:00Z,-4.525,55.525,0.0
1996-09-27T12:00:00Z,-4.525,55.575,0.0
1996-09-27T12:00:00Z,-4.525,55.625,0.0
1996-09-27T12:00:00Z,-4.525,55.675,0.0
1996-09-27T12:00:00Z,-4.575,55.325,0.0
1996-09-27T12:00:00Z,-4.575,55.375,0.0
1996-09-27T12:00:00Z,-4.575,55.425,0.0
1996-09-27T12:00:00Z,-4.575,55.475,0.0
1996-09-27T12:00:00Z,-4.575,55.525,0.0
1996-09-27T12:00:00Z,-4.575,55.575,0.0
1996-09-27T12:00:00Z,-4.575,55.625,0.0
1996-09-27T12:00:00Z,-4.575,55.675,0.0
1996-09-27T12:00:00Z,-4.625,55.325,0.0
1996-09-27T12:00:00Z,-4.625,55.375,0.0
1996-09-27T12:00:00Z,-4.625,55.425,0.0
1996-09-27T12:00:00Z,-4.625,55.475,0.0
1996-09-27T12:00:00Z,-4.625,55.525,0.0
1996-09-27T12:00:00Z,-4.625,55.575,0.0
1996-09-27T12:00:00Z,-4.625,55.625,0.0
1996-09-27T12:00:00Z,-4.625,55.675,0.0
1996-10-27T12:00:00Z,-4.375,55.325,0.0
1996-10-27T12:00:00Z,-4.375,55.375,0.0
1996-10-27T12:00:00Z,-4.375,55.425,0.0
1996-10-27T12:00:00Z,-4.375,55.475,0.0
1996-10-27T12:00:00Z,-4.375,55.525,0.0
1996-10-27T12:00:00Z,-4.375,55.575,0.0
1996-10-27T12:00:00Z,-4.375,55.625,0.0
1996-10-27T12:00:00Z,-4.375,55.675,0.0
1996-10-27T12:00:00Z,-4.425,55.325,0.0
1996-10-27T12:00:00Z,-4.425,55.375,0.0
1996-10-27T12:00:00Z,-4.425,55.425,0.0
1996-10-27T12:00:00Z,-4.425,55.475,0.0
1996-10-27T12:00:00Z,-4.425,55.525,0.0
1996-10-27T12:00:00Z,-4.425,55.575,0.0
1996-10-27T12:00:00Z,-4.425,55.625,0.0
1996-10-27T12:00:00Z,-4.425,55.675,0.0
1996-10-27T12:00:00Z,-4.475,55.325,0.0
1996-10-27T12:00:00Z,-4.475,55.375,0.0
1996-10-27T12:00:00Z,-4.475,55.425,0.0
1996-10-27T12:00:00Z,-4.475,55.475,0.0
1996-10-27T12:00:00Z,-4.475,55.525,0.0
1996-10-27T12:00:00Z,-4.475,55.575,0.0
1996-10-27T12:00:00Z,-4.475,55.625,0.0
1996-10-27T12:00:00Z,-4.475,55.675,0.0
1996-10-27T12:00:00Z,-4.525,55.325,0.0
1996-10-27T12:00:00Z,-4.525,55.375,0.0
1996-10-27T12:00:00Z,-4.525,55.425,0.0
1996-10-27T12:00:00Z,-4.525,55.475,0.0
1996-10-27T12:00:00Z,-4.525,55.525,0.0
1996-10-27T12:00:00Z,-4.525,55.575,0.0
1996-10-27T12:00:00Z,-4.525,55.625,0.0
1996-10-27T12:00:00Z,-4.525,55.675,0.0
1996-10-27T12:00:00Z,-4.575,55.325,0.0
1996-10-27T12:00:00Z,-4.575,55.375,0.0
1996-10-27T12:00:00Z,-4.575,55.425,0.0
1996-10-27T12:00:00Z,-4.575,55.475,0.0
1996-10-27T12:00:00Z,-4.575,55.525,0.0
1996-10-27T12:00:00Z,-4.575,55.575,0.0
1996-10-27T12:00:00Z,-4.575,55.625,0.0
1996-10-27T12:00:00Z,-4.575,55.675,0.0
1996-10-27T12:00:00Z,-4.625,55.325,0.0
1996-10-27T12:00:00Z,-4.625,55.375,0.0
1996-10-27T12:00:00Z,-4.625,55.425,0.0
1996-10-27T12:00:00Z,-4.625,55.475,0.0
1996-10-27T12:00:00Z,-4.625,55.525,0.0
1996-10-27T12:00:00Z,-4.625,55.575,0.0
1996-10-27T12:00:00Z,-4.625,55.625,0.0
1996-10-27T12:00:00Z,-4.625,55.675,0.0
1996-11-26T12:00:00Z,-4.375,55.325,0.0
1996-11-26T12:00:00Z,-4.375,55.375,0.0
1996-11-26T12:00:00Z,-4.375,55.425,0.0
1996-11-26T12:00:00Z,-4.375,55.475,0.0
1996-11-26T12:00:00Z,-4.375,55.525,0.0
1996-11-26T12:00:00Z,-4.375,55.575,0.0
1996-11-26T12:00:00Z,-4.375,55.625,0.0
1996-11-26T12:00:00Z,-4.375,55.675,0.0
1996-11-26T12:00:00Z,-4.425,55.325,0.0
1996-11-26T12:00:00Z,-4.425,55.375,0.0
1996-11-26T12:00:00Z,-4.425,55.425,0.0
1996-11-26T12:00:00Z,-4.425,55.475,0.0
1996-11-26T12:00:00Z,-4.425,55.525,0.0
1996-11-26T12:00:00Z,-4.425,55.575,0.0
1996-11-26T12:00:00Z,-4.425,55.625,0.0
1996-11-26T12:00:00Z,-4.425,55.675,0.0
1996-11-26T12:00:00Z,-4.475,55.325,0.0
1996-11-26T12:00:00Z,-4.475,55.375,0.0
1996-11-26T12:00:00Z,-4.475,55.425,0.0
1996-11-26T12:00:00Z,-4.475,55.475,0.0
1996-11-26T12:00:00Z,-4.475,55.525,0.0
1996-11-26T12:00:00Z,-4.475,55.575,0.0
1996-11-26T12:00:00Z,-4.475,55.625,0.0
1996-11-26T12:00:00Z,-4.475,55.675,0.0
1996-11-26T12:00:00Z,-4.525,55.325,0.0
1996-11-26T12:00:00Z,-4.525,55.375,0.0
1996-11-26T12:00:00Z,-4.525,55.425,0.0
1996-11-26T12:00:00Z,-4.525,55.475,0.0
1996-11-26T12:00:00Z,-4.525,55.525,0.0
1996-11-26T12:00:00Z,-4.525,55.575,0.0
1996-11-26T12:00:00Z,-4.525,55.625,0.0
1996-11-26T12:00:00Z,-4.525,55.675,0.0
1996-11-26T12:00:00Z,-4.575,55.325,0.0
1996-11-26T12:00:00Z,-4.575,55.375,0.0
1996-11-26T12:00:00Z,-4.575,55.425,0.0
1996-11-26T12:00:00Z,-4.575,55.475,0.0
1996-11-26T12:00:00Z,-4.575,55.525,0.0
1996-11-26T12:00:00Z,-4.575,55.575,0.0
1996-11-26T12:00:00Z,-4.575,55.625,0.0
1996-11-26T12:00:00Z,-4.575,55.675,0.0
1996-11-26T12:00:00Z,-4.625,55.325,0.0
1996-11-26T12:00:00Z,-4.625,55.375,0.0
1996-11-26T12:00:00Z,-4.625,55.425,0.0
1996-11-26T12:00:00Z,-4.625,55.475,0.0
1996-11-26T12:00:00Z,-4.625,55.525,0.0
1996-11-26T12:00:00Z,-4.625,55.575,0.0
1996-11-26T12:00:00Z,-4.625,55.625,0.0
1996-11-26T12:00:00Z,-4.625,55.675,0.0
1996-12-26T12:00:00Z,-4.375,55.325,0.0
1996-12-26T12:00:00Z,-4.375,55.375,0.0
1996-12-26T12:00:00Z,-4.375,55.425,0.0
1996-12-26T12:00:00Z,-4.375,55.475,0.0
1996-12-26T12:00:00Z,-4.375,55.525,0.0
1996-12-26T12:00:00Z,-4.375,55.575,0.0
1996-12-26T12:00:00Z,-4.375,55.625,0.0
1996-12-26T12:00:00Z,-4.375,55.675,0.0
1996-12-26T12:00:00Z,-4.425,55.325,0.0
1996-12-26T12:00:00Z,-4.425,55.375,0.0
1996-12-26T12:00:00Z,-4.425,55.425,0.0
1996-12-26T12:00:00Z,-4.425,55.475,0.0
1996-12-26T12:00:00Z,-4.425,55.525,0.0
1996-12-26T12:00:00Z,-4.425,55.575,0.0
1996-12-26T12:00:00Z,-4.425,55.625,0.0
1996-12-26T12:00:00Z,-4.425,55.675,0.0
1996-12-26T12:00:00Z,-4.475,55.325,0.0
1996-12-26T12:00:00Z,-4.475,55.375,0.0
1996-12-26T12:00:00Z,-4.475,55.425,0.0
1996-12-26T12:00:00Z,-4.475,55.475,0.0
1996-12-26T12:00:00Z,-4.475,55.525,0.0
1996-12-26T12:00:00Z,-4.475,55.575,0.0
1996-12-26T12:00:00Z,-4.475,55.625,0.0
1996-12-26T12:00:00Z,-4.475,55.675,0.0
1996-12-26T12:00:00Z,-4.525,55.325,0.0
1996-12-26T12:00:00Z,-4.525,55.375,0.0
1996-12-26T12:00:00Z,-4.525,55.425,0.0
1996-12-26T12:00:00Z,-4.525,55.475,0.0
1996-12-26T12:00:00Z,-4.525,55.525,0.0
1996-12-26T12:00:00Z,-4.525,55.575,0.0
1996-12-26T12:00:00Z,-4.525,55.625,0.0
1996-12-26T12:00:00Z,-4.525,55.675,0.0
1996-12-26T12:00:00Z,-4.575,55.325,0.0
1996-12-26T12:00:00Z,-4.575,55.375,0.0
1996-12-26T12:00:00Z,-4.575,55.425,0.0
1996-12-26T12:00:00Z,-4.575,55.475,0.0
1996-12-26T12:00:00Z,-4.575,55.525,0.0
1996-12-26T12:00:00Z,-4.575,55.575,0.0
1996-12-26T12:00:00Z,-4.575,55.625,0.0
1996-12-26T12:00:00Z,-4.575,55.675,0.0
1996-12-26T12:00:00Z,-4.625,55.325,0.0
1996-12-26T12:00:00Z,-4.625,55.375,0.0
1996-12-26T12:00:00Z,-4.625,55.425,0.0
1996-12-26T12:00:00Z,-4.625,55.475,0.0
1996-12-26T12:00:00Z,-4.625,55.525,0.0
1996-12-26T12:00:00Z,-4.625,55.575,0.0
1996-12-26T12:00:00Z,-4.625,55.625,0.0
1996-12-26T12:00:00Z,-4.625,55.675,0.0
1997-01-25T12:00:00Z,-4.375,55.325,0.0
1997-01-25T12:00:00Z,-4.375,55.375,0.0
1997-01-25T12:00:00Z,-4.375,55.425,0.0
1997-01-25T12:00:00Z,-4.375,55.475,0.0
1997-01-25T12:00:00Z,-4.375,55.525,0.0
1997-01-25T12:00:00Z,-4.375,55.575,0.0
1997-01-25T12:00:00Z,-4.375,55.625,0.0
1997-01-25T12:00:00Z,-4.375,55.675,0.0
1997-01-25T12:00:00Z,-4.425,55.325,0.0
1997-01-25T12:00:00Z,-4.425,55.375,0.0
1997-01-25T12:00:00Z,-4.425,55.425,0.0
1997-01-25T12:00:00Z,-4.425,55.475,0.0
1997-01-25T12:00:00Z,-4.425,55.525,0.0
1997-01-25T12:00:00Z,-4.425,55.575,0.0
1997-01-25T12:00:00Z,-4.425,55.625,0.0
1997-01-25T12:00:00Z,-4.425,55.675,0.0
1997-01-25T12:00:00Z,-4.475,55.325,0.0
1997-01-25T12:00:00Z,-4.475,55.375,0.0
1997-01-25T12:00:00Z,-4.475,55.425,0.0
1997-01-25T12:00:00Z,-4.475,55.475,0.0
1997-01-25T12:00:00Z,-4.475,55.525,0.0
1997-01-25T12:00:00Z,-4.475,55.575,0.0
1997-01-25T12:00:00Z,-4.475,55.625,0.0
1997-01-25T12:00:00Z,-4.475,55.675,0.0
1997-01-25T12:00:00Z,-4.525,55.325,0.0
1997-01-25T12:00:00Z,-4.525,55.375,0.0
1997-01-25T12:00:00Z,-4.525,55.425,0.0
1997-01-25T12:00:00Z,-4.525,55.475,0.0
1997-01-25T12:00:00Z,-4.525,55.525,0.0
1997-01-25T12:00:00Z,-4.525,55.575,0.0
1997-01-25T12:00:00Z,-4.525,55.625,0.0
1997-01-25T12:00:00Z,-4.525,55.675,0.0
1997-01-25T12:00:00Z,-4.575,55.325,0.0
1997-01-25T12:00:00Z,-4.575,55.375,0.0
1997-01-25T12:00:00Z,-4.575,55.425,0.0
1997-01-25T12:00:00Z,-4.575,55.475,0.0
1997-01-25T12:00:00Z,-4.575,55.525,0.0
1997-01-25T12:00:00Z,-4.575,55.575,0.0
1997-01-25T12:00:00Z,-4.575,55.625,0.0
1997-01-25T12:00:00Z,-4.575,55.675,0.0
1997-01-25T12:00:00Z,-4.625,55.325,0.0
1997-01-25T12:00:00Z,-4.625,55.375,0.0
1997-01-25T12:00:00Z,-4.625,55.425,0.0
1997-01-25T12:00:00Z,-4.625,55.475,0.0
1997-01-25T12:00:00Z,-4.625,55.525,0.0
1997-01-25T12:00:00Z,-4.625,55.575,0.0
1997-01-25T12:00:00Z,-4.625,55.625,0.0
1997-01-25T12:00:00Z,-4.625,55.675,0.0
1997-02-24T12:00:00Z,-4.375,55.325,0.0
1997-02-24T12:00:00Z,-4.375,55.375,0.0
1997-02-24T12:00:00Z,-4.375,55.425,0.0
1997-02-24T12:00:00Z,-4.375,55.475,0.0
1997-02-24T12:00:00Z,-4.375,55.525,0.0
1997-02-24T12:00:00Z,-4.375,55.575,0.0
1997-02-24T12:00:00Z,-4.375,55.625,0.0
1997-02-24T12:00:00Z,-4.375,55.675,0.0
1997-02-24T12:00:00Z,-4.425,55.325,0.0
1997-02-24T12:00:00Z,-4.425,55.375,0.0
1997-02-24T12:00:00Z,-4.425,55.425,0.0
1997-02-24T12:00:00Z,-4.425,55.475,0.0
1997-02-24T12:00:00Z,-4.425,55.525,0.0
1997-02-24T12:00:00Z,-4.425,55.575,0.0
1997-02-24T12:00:00Z,-4.425,55.625,0.0
1997-02-24T12:00:00Z,-4.425,55.675,0.0
1997-02-24T12:00:00Z,-4.475,55.325,0.0
1997-02-24T12:00:00Z,-4.475,55.375,0.0
1997-02-24T12:00:00Z,-4.475,55.425,0.0
1997-02-24T12:00:00Z,-4.475,55.475,0.0
1997-02-24T12:00:00Z,-4.475,55.525,0.0
1997-02-24T12:00:00Z,-4.475,55.575,0.0
1997-02-24T12:00:00Z,-4.475,55.625,0.0
1997-02-24T12:00:00Z,-4.475,55.675,0.0
1997-02-24T12:00:00Z,-4.525,55.325,0.0
1997-02-24T12:00:00Z,-4.525,55.375,0.0
1997-02-24T12:00:00Z,-4.525,55.425,0.0
1997-02-24T12:00:00Z,-4.525,55.475,0.0
1997-02-24T12:00:00Z,-4.525,55.525,0.0
1997-02-24T12:00:00Z,-4.525,55.575,0.0
1997-02-24T12:00:00Z,-4.525,55.625,0.0
1997-02-24T12:00:00Z,-4.525,55.675,0.0
1997-02-24T12:00:00Z,-4.575,55.325,0.0
1997-02-24T12:00:00Z,-4.575,55.375,0.0
1997-02-24T12:00:00Z,-4.575,55.425,0.0
1997-02-24T12:00:00Z,-4.575,55.475,0.0
1997-02-24T12:00:00Z,-4.575,55.525,0.0
1997-02-24T12:00:00Z,-4.575,55.575,0.0
1997-02-24T12:00:00Z,-4.575,55.625,0.0
1997-02-24T12:00:00Z,-4.575,55.675,0.0
1997-02-24T12:00:00Z,-4.625,55.325,0.0
1997-02-24T12:00:00Z,-4.625,55.375,0.0
1997-02-24T12:00:00Z,-4.625,55.425,0.0
1997-02-24T12:00:00Z,-4.625,55.475,0.0
1997-02-24T12:00:00Z,-4.625,55.525,0.0
1997-02-24T12:00:00Z,-4.625,55.575,0.0
1997-02-24T12:00:00Z,-4.625,55.625,0.0
1997-02-24T12:00:00Z,-4.625,55.675,0.0
1997-03-26T12:00:00Z,-4.375,55.325,0.0
1997-03-26T12:00:00Z,-4.375,55.375,0.0
1997-03-26T12:00:00Z,-4.375,55.425,0.0
1997-03-26T12:00:00Z,-4.375,55.475,0.0
1997-03-26T12:00:00Z,-4.375,55.525,0.0
1997-03-26T12:00:00Z,-4.375,55.575,0.0
1997-03-26T12:00:00Z,-4.375,55.625,0.0
1997-03-26T12:00:00Z,-4.375,55.675,0.0
1997-03-26T12:00:00Z,-4.425,55.325,0.0
1997-03-26T12:00:00Z,-4.425,55.375,0.0
1997-03-26T12:00:00Z,-4.425,55.425,0.0
1997-03-26T12:00:00Z,-4.425,55.475,0.0
1997-03-26T12:00:00Z,-4.425,55.525,0.0
1997-03-26T12:00:00Z,-4.425,55.575,0.0
1997-03-26T12:00:00Z,-4.425,55.625,0.0
1997-03-26T12:00:00Z,-4.425,55.675,0.0
1997-03-26T12:00:00Z,-4.475,55.325,0.0
1997-03-26T12:00:00Z,-4.475,55.375,0.0
1997-03-26T12:00:00Z,-4.475,55.425,0.0
1997-03-26T12:00:00Z,-4.475,55.475,0.0
1997-03-26T12:00:00Z,-4.475,55.525,0.0
1997-03-26T12:00:00Z,-4.475,55.575,0.0
1997-03-26T12:00:00Z,-4.475,55.625,0.0
1997-03-26T12:00:00Z,-4.475,55.675,0.0
1997-03-26T12:00:00Z,-4.525,55.325,0.0
1997-03-26T12:00:00Z,-4.525,55.375,0.0
1997-03-26T12:00:00Z,-4.525,55.425,0.0
1997-03-26T12:00:00Z,-4.525,55.475,0.0
1997-03-26T12:00:00Z,-4.525,55.525,0.0
1997-03-26T12:00:00Z,-4.525,55.575,0.0
1997-03-26T12:00:00Z,-4.525,55.625,0.0
1997-03-26T12:00:00Z,-4.525,55.675,0.0
1997-03-26T12:00:00Z,-4.575,55.325,0.0
1997-03-26T12:00:00Z,-4.575,55.375,0.0
1997-03-26T12:00:00Z,-4.575,55.425,0.0
1997-03-26T12:00:00Z,-4.575,55.475,0.0
1997-03-26T12:00:00Z,-4.575,55.525,0.0
1997-03-26T12:00:00Z,-4.575,55.575,0.0
1997-03-26T12:00:00Z,-4.575,55.625,0.0
1997-03-26T12:00:00Z,-4.575,55.675,0.0
1997-03-26T12:00:00Z,-4.625,55.325,0.0
1997-03-26T12:00:00Z,-4.625,55.375,0.0
1997-03-26T12:00:00Z,-4.625,55.425,0.0
1997-03-26T12:00:00Z,-4.625,55.475,0.0
1997-03-26T12:00:00Z,-4.625,55.525,0.0
1997-03-26T12:00:00Z,-4.625,55.575,0.0
1997-03-26T12:00:00Z,-4.625,55.625,0.0
1997-03-26T12:00:00Z,-4.625,55.675,0.0
1997-04-25T12:00:00Z,-4.375,55.325,0.0
1997-04-25T12:00:00Z,-4.375,55.375,0.0
1997-04-25T12:00:00Z,-4.375,55.425,0.0
1997-04-25T12:00:00Z,-4.375,55.475,0.0
1997-04-25T12:00:00Z,-4.375,55.525,0.0
1997-04-25T12:00:00Z,-4.375,55.575,0.0
1997-04-25T12:00:00Z,-4.375,55.625,0.0
1997-04-25T12:00:00Z,-4.375,55.675,0.0
1997-04-25T12:00:00Z,-4.425,55.325,0.0
1997-04-25T12:00:00Z,-4.425,55.375,0.0
1997-04-25T12:00:00Z,-4.425,55.425,0.0
1997-04-25T12:00:00Z,-4.425,55.475,0.0
1997-04-25T12:00:00Z,-4.425,55.525,0.0
1997-04-25T12:00:00Z,-4.425,55.575,0.0
1997-04-25T12:00:00Z,-4.425,55.625,0.0
1997-04-25T12:00:00Z,-4.425,55.675,0.0
1997-04-25T12:00:00Z,-4.475,55.325,0.0
1997-04-25T12:00:00Z,-4.475,55.375,0.0
1997-04-25T12:00:00Z,-4.475,55.425,0.0
1997-04-25T12:00:00Z,-4.475,55.475,0.0
1997-04-25T12:00:00Z,-4.475,55.525,0.0
1997-04-25T12:00:00Z,-4.475,55.575,0.0
1997-04-25T12:00:00Z,-4.475,55.625,0.0
1997-04-25T12:00:00Z,-4.475,55.675,0.0
1997-04-25T12:00:00Z,-4.525,55.325,0.0
1997-04-25T12:00:00Z,-4.525,55.375,0.0
1997-04-25T12:00:00Z,-4.525,55.425,0.0
1997-04-25T12:00:00Z,-4.525,55.475,0.0
1997-04-25T12:00:00Z,-4.525,55.525,0.0
1997-04-25T12:00:00Z,-4.525,55.575,0.0
1997-04-25T12:00:00Z,-4.525,55.625,0.0
1997-04-25T12:00:00Z,-4.525,55.675,0.0
1997-04-25T12:00:00Z,-4.575,55.325,0.0
1997-04-25T12:00:00Z,-4.575,55.375,0.0
1997-04-25T12:00:00Z,-4.575,55.425,0.0
1997-04-25T12:00:00Z,-4.575,55.475,0.0
1997-04-25T12:00:00Z,-4.575,55.525,0.0
1997-04-25T12:00:00Z,-4.575,55.575,0.0
1997-04-25T12:00:00Z,-4.575,55.625,0.0
1997-04-25T12:00:00Z,-4.575,55.675,0.0
1997-04-25T12:00:00Z,-4.625,55.325,0.0
1997-04-25T12:00:00Z,-4.625,55.375,0.0
1997-04-25T12:00:00Z,-4.625,55.425,0.0
1997-04-25T12:00:00Z,-4.625,55.475,0.0
1997-04-25T12:00:00Z,-4.625,55.525,0.0
1997-04-25T12:00:00Z,-4.625,55.575,0.0
1997-04-25T12:00:00Z,-4.625,55.625,0.0
1997-04-25T12:00:00Z,-4.625,55.675,0.0
1997-05-25T12:00:00Z,-4.375,55.325,0.0
1997-05-25T12:00:00Z,-4.375,55.375,0.0
1997-05-25T12:00:00Z,-4.375,55.425,0.0
1997-05-25T12:00:00Z,-4.375,55.475,0.0
1997-05-25T12:00:00Z,-4.375,55.525,0.0
1997-05-25T12:00:00Z,-4.375,55.575,0.0
1997-05-25T12:00:00Z,-4.375,55.625,0.0
1997-05-25T12:00:00Z,-4.375,55.675,0.0
1997-05-25T12:00:00Z,-4.425,55.325,0.0
1997-05-25T12:00:00Z,-4.425,55.375,0.0
1997-05-25T12:00:00Z,-4.425,55.425,0.0
1997-05-25T12:00:00Z,-4.425,55.475,0.0
1997-05-25T12:00:00Z,-4.425,55.525,0.0
1997-05-25T12:00:00Z,-4.425,55.575,0.0
1997-05-25T12:00:00Z,-4.425,55.625,0.0
1997-05-25T12:00:00Z,-4.425,55.675,0.0
1997-05-25T12:00:00Z,-4.475,55.325,0.0
1997-05-25T12:00:00Z,-4.475,55.375,0.0
1997-05-25T12:00:00Z,-4.475,55.425,0.0
1997-05-25T12:00:00Z,-4.475,55.475,0.0
1997-05-25T12:00:00Z,-4.475,55.525,0.0
1997-05-25T12:00:00Z,-4.475,55.575,0.0
1997-05-25T12:00:00Z,-4.475,55.625,0.0
1997-05-25T12:00:00Z,-4.475,55.675,0.0
1997-05-25T12:00:00Z,-4.525,55.325,0.0
1997-05-25T12:00:00Z,-4.525,55.375,0.0
1997-05-25T12:00:00Z,-4.525,55.425,0.0
1997-05-25T12:00:00Z,-4.525,55.475,0.0
1997-05-25T12:00:00Z,-4.525,55.525,0.0
1997-05-25T12:00:00Z,-4.525,55.575,0.0
1997-05-25T12:00:00Z,-4.525,55.625,0.0
1997-05-25T12:00:00Z,-4.525,55.675,0.0
1997-05-25T12:00:00Z,-4.575,55.325,0.0
1997-05-25T12:00:00Z,-4.575,55.375,0.0
1997-05-25T12:00:00Z,-4.575,55.425,0.0
1997-05-25T12:00:00Z,-4.575,55.475,0.0
1997-05-25T12:00:00Z,-4.575,55.525,0.0
1997-05-25T12:00:00Z,-4.575,55.575,0.0
1997-05-25T12:00:00Z,-4.575,55.625,0.0
1997-05-25T12:00:00Z,-4.575,55.675,0.0
1997-05-25T12:00:00Z,-4.625,55.325,0.0
1997-05-25T12:00:00Z,-4.625,55.375,0.0
1997-05-25T12:00:00Z,-4.625,55.425,0.0
1997-05-25T12:00:00Z,-4.625,55.475,0.0
1997-05-25T12:00:00Z,-4.625,55.525,0.0
1997-05-25T12:00:00Z,-4.625,55.575,0.0
1997-05-25T12:00:00Z,-4.625,55.625,0.0
1997-05-25T12:00:00Z,-4.625,55.675,0.0
1997-06-24T12:00:00Z,-4.375,55.325,0.0
1997-06-24T12:00:00Z,-4.375,55.375,0.0
1997-06-24T12:00:00Z,-4.375,55.425,0.0
1997-06-24T12:00:00Z,-4.375,55.475,0.0
1997-06-24T12:00:00Z,-4.375,55.525,0.0
1997-06-24T12:00:00Z,-4.375,55.575,0.0
1997-06-24T12:00:00Z,-4.375,55.625,0.0
1997-06-24T12:00:00Z,-4.375,55.675,0.0
1997-06-24T12:00:00Z,-4.425,55.325,0.0
1997-06-24T12:00:00Z,-4.425,55.375,0.0
1997-06-24T12:00:00Z,-4.425,55.425,0.0
1997-06-24T12:00:00Z,-4.425,55.475,0.0
1997-06-24T12:00:00Z,-4.425,55.525,0.0
1997-06-24T12:00:00Z,-4.425,55.575,0.0
1997-06-24T12:00:00Z,-4.425,55.625,0.0
1997-06-24T12:00:00Z,-4.425,55.675,0.0
1997-06-24T12:00:00Z,-4.475,55.325,0.0
1997-06-24T12:00:00Z,-4.475,55.375,0.0
1997-06-24T12:00:00Z,-4.475,55.425,0.0
1997-06-24T12:00:00Z,-4.475,55.475,0.0
1997-06-24T12:00:00Z,-4.475,55.525,0.0
1997-06-24T12:00:00Z,-4.475,55.575,0.0
1997-06-24T12:00:00Z,-4.475,55.625,0.0
1997-06-24T12:00:00Z,-4.475,55.675,0.0
1997-06-24T12:00:00Z,-4.525,55.325,0.0
1997-06-24T12:00:00Z,-4.525,55.375,0.0
1997-06-24T12:00:00Z,-4.525,55.425,0.0
1997-06-24T12:00:00Z,-4.525,55.475,0.0
1997-06-24T12:00:00Z,-4.525,55.525,0.0
1997-06-24T12:00:00Z,-4.525,55.575,0.0
1997-06-24T12:00:00Z,-4.525,55.625,0.0
1997-06-24T12:00:00Z,-4.525,55.675,0.0
1997-06-24T12:00:00Z,-4.575,55.325,0.0
1997-06-24T12:00:00Z,-4.575,55.375,0.0
1997-06-24T12:00:00Z,-4.575,55.425,0.0
1997-06-24T12:00:00Z,-4.575,55.475,0.0
1997-06-24T12:00:00Z,-4.575,55.525,0.0
1997-06-24T12:00:00Z,-4.575,55.575,0.0
1997-06-24T12:00:00Z,-4.575,55.625,0.0
1997-06-24T12:00:00Z,-4.575,55.675,0.0
1997-06-24T12:00:00Z,-4.625,55.325,0.0
1997-06-24T12:00:00Z,-4.625,55.375,0.0
1997-06-24T12:00:00Z,-4.625,55.425,0.0
1997-06-24T12:00:00Z,-4.625,55.475,0.0
1997-06-24T12:00:00Z,-4.625,55.525,0.0
1997-06-24T12:00:00Z,-4.625,55.575,0.0
1997-06-24T12:00:00Z,-4.625,55.625,0.0
1997-06-24T12:00:00Z,-4.625,55.675,0.0
1997-07-24T12:00:00Z,-4.375,55.325,0.0
1997-07-24T12:00:00Z,-4.375,55.375,0.0
1997-07-24T12:00:00Z,-4.375,55.425,0.0
1997-07-24T12:00:00Z,-4.375,55.475,0.0
1997-07-24T12:00:00Z,-4.375,55.525,0.0
1997-07-24T12:00:00Z,-4.375,55.575,0.0
1997-07-24T12:00:00Z,-4.375,55.625,0.0
1997-07-24T12:00:00Z,-4.375,55.675,0.0
1997-07-24T12:00:00Z,-4.425,55.325,0.0
1997-07-24T12:00:00Z,-4.425,55.375,0.0
1997-07-24T12:00:00Z,-4.425,55.425,0.0
1997-07-24T12:00:00Z,-4.425,55.475,0.0
1997-07-24T12:00:00Z,-4.425,55.525,0.0
1997-07-24T12:00:00Z,-4.425,55.575,0.0
1997-07-24T12:00:00Z,-4.425,55.625,0.0
1997-07-24T12:00:00Z,-4.425,55.675,0.0
1997-07-24T12:00:00Z,-4.475,55.325,0.0
1997-07-24T12:00:00Z,-4.475,55.375,0.0
1997-07-24T12:00:00Z,-4.475,55.425,0.0
1997-07-24T12:00:00Z,-4.475,55.475,0.0
1997-07-24T12:00:00Z,-4.475,55.525,0.0
1997-07-24T12:00:00Z,-4.475,55.575,0.0
1997-07-24T12:00:00Z,-4.475,55.625,0.0
1997-07-24T12:00:00Z,-4.475,55.675,0.0
1997-07-24T12:00:00Z,-4.525,55.325,0.0
1997-07-24T12:00:00Z,-4.525,55.375,0.0
1997-07-24T12:00:00Z,-4.525,55.425,0.0
1997-07-24T12:00:00Z,-4.525,55.475,0.0
1997-07-24T12:00:00Z,-4.525,55.525,0.0
1997-07-24T12:00:00Z,-4.525,55.575,0.0
1997-07-24T12:00:00Z,-4.525,55.625,0.0
1997-07-24T12:00:00Z,-4.525,55.675,0.0
1997-07-24T12:00:00Z,-4.575,55.325,0.0
1997-07-24T12:00:00Z,-4.575,55.375,0.0
1997-07-24T12:00:00Z,-4.575,55.425,0.0
1997-07-24T12:00:00Z,-4.575,55.475,0.0
1997-07-24T12:00:00Z,-4.575,55.525,0.0
1997-07-24T12:00:00Z,-4.575,55.575,0.0
1997-07-24T12:00:00Z,-4.575,55.625,0.0
1997-07-24T12:00:00Z,-4.575,55.675,0.0
1997-07-24T12:00:00Z,-4.625,55.325,0.0
1997-07-24T12:00:00Z,-4.625,55.375,0.0
1997-07-24T12:00:00Z,-4.625,55.425,0.0
1997-07-24T12:00:00Z,-4.625,55.475,0.0
1997-07-24T12:00:00Z,-4.625,55.525,0.0
1997-07-24T12:00:00Z,-4.625,55.575,0.0
1997-07-24T12:00:00Z,-4.625,55.625,0.0
1997-07-24T12:00:00Z,-4.625,55.675,0.0
1997-08-23T12:00:00Z,-4.375,55.325,0.0
1997-08-23T12:00:00Z,-4.375,55.375,0.0
1997-08-23T12:00:00Z,-4.375,55.425,0.0
1997-08-23T12:00:00Z,-4.375,55.475,0.0
1997-08-23T12:00:00Z,-4.375,55.525,0.0
1997-08-23T12:00:00Z,-4.375,55.575,0.0
1997-08-23T12:00:00Z,-4.375,55.625,0.0
1997-08-23T12:00:00Z,-4.375,55.675,0.0
1997-08-23T12:00:00Z,-4.425,55.325,0.0
1997-08-23T12:00:00Z,-4.425,55.375,0.0
1997-08-23T12:00:00Z,-4.425,55.425,0.0
1997-08-23T12:00:00Z,-4.425,55.475,0.0
1997-08-23T12:00:00Z,-4.425,55.525,0.0
1997-08-23T12:00:00Z,-4.425,55.575,0.0
1997-08-23T12:00:00Z,-4.425,55.625,0.0
1997-08-23T12:00:00Z,-4.425,55.675,0.0
1997-08-23T12:00:00Z,-4.475,55.325,0.0
1997-08-23T12:00:00Z,-4.475,55.375,0.0
1997-08-23T12:00:00Z,-4.475,55.425,0.0
1997-08-23T12:00:00Z,-4.475,55.475,0.0
1997-08-23T12:00:00Z,-4.475,55.525,0.0
1997-08-23T12:00:00Z,-4.475,55.575,0.0
1997-08-23T12:00:00Z,-4.475,55.625,0.0
1997-08-23T12:00:00Z,-4.475,55.675,0.0
1997-08-23T12:00:00Z,-4.525,55.325,0.0
1997-08-23T12:00:00Z,-4.525,55.375,0.0
1997-08-23T12:00:00Z,-4.525,55.425,0.0
1997-08-23T12:00:00Z,-4.525,55.475,0.0
1997-08-23T12:00:00Z,-4.525,55.525,0.0
1997-08-23T12:00:00Z,-4.525,55.575,0.0
1997-08-23T12:00:00Z,-4.525,55.625,0.0
1997-08-23T12:00:00Z,-4.525,55.675,0.0
1997-08-23T12:00:00Z,-4.575,55.325,0.0
1997-08-23T12:00:00Z,-4.575,55.375,0.0
1997-08-23T12:00:00Z,-4.575,55.425,0.0
1997-08-23T12:00:00Z,-4.575,55.475,0.0
1997-08-23T12:00:00Z,-4.575,55.525,0.0
1997-08-23T12:00:00Z,-4.575,55.575,0.0
1997-08-23T12:00:00Z,-4.575,55.625,0.0
1997-08-23T12:00:00Z,-4.575,55.675,0.0
1997-08-23T12:00:00Z,-4.625,55.325,0.0
1997-08-23T12:00:00Z,-4.625,55.375,0.0
1997-08-23T12:00:00Z,-4.625,55.425,0.0
1997-08-23T12:00:00Z,-4.625,55.475,0.0
1997-08-23T12:00:00Z,-4.625,55.525,0.0
1997-08-23T12:00:00Z,-4.625,55.575,0.0
1997-08-23T12:00:00Z,-4.625,55.625,0.0
1997-08-23T12:00:00Z,-4.625,55.675,0.0
1997-09-22T12:00:00Z,-4.375,55.325,0.0
1997-09-22T12:00:00Z,-4.375,55.375,0.0
1997-09-22T12:00:00Z,-4.375,55.425,0.0
1997-09-22T12:00:00Z,-4.375,55.475,0.0
1997-09-22T12:00:00Z,-4.375,55.525,0.0
1997-09-22T12:00:00Z,-4.375,55.575,0.0
1997-09-22T12:00:00Z,-4.375,55.625,0.0
1997-09-22T12:00:00Z,-4.375,55.675,0.0
1997-09-22T12:00:00Z,-4.425,55.325,0.0
1997-09-22T12:00:00Z,-4.425,55.375,0.0
1997-09-22T12:00:00Z,-4.425,55.425,0.0
1997-09-22T12:00:00Z,-4.425,55.475,0.0
1997-09-22T12:00:00Z,-4.425,55.525,0.0
1997-09-22T12:00:00Z,-4.425,55.575,0.0
1997-09-22T12:00:00Z,-4.425,55.625,0.0
1997-09-22T12:00:00Z,-4.425,55.675,0.0
1997-09-22T12:00:00Z,-4.475,55.325,0.0
1997-09-22T12:00:00Z,-4.475,55.375,0.0
1997-09-22T12:00:00Z,-4.475,55.425,0.0
1997-09-22T12:00:00Z,-4.475,55.475,0.0
1997-09-22T12:00:00Z,-4.475,55.525,0.0
1997-09-22T12:00:00Z,-4.475,55.575,0.0
1997-09-22T12:00:00Z,-4.475,55.625,0.0
1997-09-22T12:00:00Z,-4.475,55.675,0.0
1997-09-22T12:00:00Z,-4.525,55.325,0.0
1997-09-22T12:00:00Z,-4.525,55.375,0.0
1997-09-22T12:00:00Z,-4.525,55.425,0.0
1997-09-22T12:00:00Z,-4.525,55.475,0.0
1997-09-22T12:00:00Z,-4.525,55.525,0.0
1997-09-22T12:00:00Z,-4.525,55.575,0.0
1997-09-22T12:00:00Z,-4.525,55.625,0.0
1997-09-22T12:00:00Z,-4.525,55.675,0.0
1997-09-22T12:00:00Z,-4.575,55.325,0.0
1997-09-22T12:00:00Z,-4.575,55.375,0.0
1997-09-22T12:00:00Z,-4.575,55.425,0.0
1997-09-22T12:00:00Z,-4.575,55.475,0.0
1997-09-22T12:00:00Z,-4.575,55.525,0.0
1997-09-22T12:00:00Z,-4.575,55.575,0.0
1997-09-22T12:00:00Z,-4.575,55.625,0.0
1997-09-22T12:00:00Z,-4.575,55.675,0.0
1997-09-22T12:00:00Z,-4.625,55.325,0.0
1997-09-22T12:00:00Z,-4.625,55.375,0.0
1997-09-22T12:00:00Z,-4.625,55.425,0.0
1997-09-22T12:00:00Z,-4.625,55.475,0.0
1997-09-22T12:00:00Z,-4.625,55.525,0.0
1997-09-22T12:00:00Z,-4.625,55.575,0.0
1997-09-22T12:00:00Z,-4.625,55.625,0.0
1997-09-22T12:00:00Z,-4.625,55.675,0.0
1997-10-22T12:00:00Z,-4.375,55.325,0.0
1997-10-22T12:00:00Z,-4.375,55.375,0.0
1997-10-22T12:00:00Z,-4.375,55.425,0.0
1997-10-22T12:00:00Z,-4.375,55.475,0.0
1997-10-22T12:00:00Z,-4.375,55.525,0.0
1997-10-22T12:00:00Z,-4.375,55.575,0.0
1997-10-22T12:00:00Z,-4.375,55.625,0.0
1997-10-22T12:00:00Z,-4.375,55.675,0.0
1997-10-22T12:00:00Z,-4.425,55.325,0.0
1997-10-22T12:00:00Z,-4.425,55.375,0.0
1997-10-22T12:00:00Z,-4.425,55.425,0.0
1997-10-22T12:00:00Z,-4.425,55.475,0.0
1997-10-22T12:00:00Z,-4.425,55.525,0.0
1997-10-22T12:00:00Z,-4.425,55.575,0.0
1997-10-22T12:00:00Z,-4.425,55.625,0.0
1997-10-22T12:00:00Z,-4.425,55.675,0.0
1997-10-22T12:00:00Z,-4.475,55.325,0.0
1997-10-22T12:00:00Z,-4.475,55.375,0.0
1997-10-22T12:00:00Z,-4.475,55.425,0.0
1997-10-22T12:00:00Z,-4.475,55.475,0.0
1997-10-22T12:00:00Z,-4.475,55.525,0.0
1997-10-22T12:00:00Z,-4.475,55.575,0.0
1997-10-22T12:00:00Z,-4.475,55.625,0.0
1997-10-22T12:00:00Z,-4.475,55.675,0.0
1997-10-22T12:00:00Z,-4.525,55.325,0.0
1997-10-22T12:00:00Z,-4.525,55.375,0.0
1997-10-22T12:00:00Z,-4.525,55.425,0.0
1997-10-22T12:00:00Z,-4.525,55.475,0.0
1997-10-22T12:00:00Z,-4.525,55.525,0.0
1997-10-22T12:00:00Z,-4.525,55.575,0.0
1997-10-22T12:00:00Z,-4.525,55.625,0.0
1997-10-22T12:00:00Z,-4.525,55.675,0.0
1997-10-22T12:00:00Z,-4.575,55.325,0.0
1997-10-22T12:00:00Z,-4.575,55.375,0.0
1997-10-22T12:00:00Z,-4.575,55.425,0.0
1997-10-22T12:00:00Z,-4.575,55.475,0.0
1997-10-22T12:00:00Z,-4.575,55.525,0.0
1997-10-22T12:00:00Z,-4.575,55.575,0.0
1997-10-22T12:00:00Z,-4.575,55.625,0.0
1997-10-22T12:00:00Z,-4.575,55.675,0.0
1997-10-22T12:00:00Z,-4.625,55.325,0.0
1997-10-22T12:00:00Z,-4.625,55.375,0.0
1997-10-22T12:00:00Z,-4.625,55.425,0.0
1997-10-22T12:00:00Z,-4.625,55.475,0.0
1997-10-22T12:00:00Z,-4.625,55.525,0.0
1997-10-22T12:00:00Z,-4.625,55.575,0.0
1997-10-22T12:00:00Z,-4.625,55.625,0.0
1997-10-22T12:00:00Z,-4.625,55.675,0.0
1997-11-21T12:00:00Z,-4.375,55.325,0.0
1997-11-21T12:00:00Z,-4.375,55.375,0.0
1997-11-21T12:00:00Z,-4.375,55.425,0.0
1997-11-21T12:00:00Z,-4.375,55.475,0.0
1997-11-21T12:00:00Z,-4.375,55.525,0.0
1997-11-21T12:00:00Z,-4.375,55.575,0.0
1997-11-21T12:00:00Z,-4.375,55.625,0.0
1997-11-21T12:00:00Z,-4.375,55.675,0.0
1997-11-21T12:00:00Z,-4.425,55.325,0.0
1997-11-21T12:00:00Z,-4.425,55.375,0.0
1997-11-21T12:00:00Z,-4.425,55.425,0.0
1997-11-21T12:00:00Z,-4.425,55.475,0.0
1997-11-21T12:00:00Z,-4.425,55.525,0.0
1997-11-21T12:00:00Z,-4.425,55.575,0.0
1997-11-21T12:00:00Z,-4.425,55.625,0.0
1997-11-21T12:00:00Z,-4.425,55.675,0.0
1997-11-21T12:00:00Z,-4.475,55.325,0.0
1997-11-21T12:00:00Z,-4.475,55.375,0.0
1997-11-21T12:00:00Z,-4.475,55.425,0.0
1997-11-21T12:00:00Z,-4.475,55.475,0.0
1997-11-21T12:00:00Z,-4.475,55.525,0.0
1997-11-21T12:00:00Z,-4.475,55.575,0.0
1997-11-21T12:00:00Z,-4.475,55.625,0.0
1997-11-21T12:00:00Z,-4.475,55.675,0.0
1997-11-21T12:00:00Z,-4.525,55.325,0.0
1997-11-21T12:00:00Z,-4.525,55.375,0.0
1997-11-21T12:00:00Z,-4.525,55.425,0.0
1997-11-21T12:00:00Z,-4.525,55.475,0.0
1997-11-21T12:00:00Z,-4.525,55.525,0.0
1997-11-21T12:00:00Z,-4.525,55.575,0.0
1997-11-21T12:00:00Z,-4.525,55.625,0.0
1997-11-21T12:00:00Z,-4.525,55.675,0.0
1997-11-21T12:00:00Z,-4.575,55.325,0.0
1997-11-21T12:00:00Z,-4.575,55.375,0.0
1997-11-21T12:00:00Z,-4.575,55.425,0.0
1997-11-21T12:00:00Z,-4.575,55.475,0.0
1997-11-21T12:00:00Z,-4.575,55.525,0.0
1997-11-21T12:00:00Z,-4.575,55.575,0.0
1997-11-21T12:00:00Z,-4.575,55.625,0.0
1997-11-21T12:00:00Z,-4.575,55.675,0.0
1997-11-21T12:00:00Z,-4.625,55.325,0.0
1997-11-21T12:00:00Z,-4.625,55.375,0.0
1997-11-21T12:00:00Z,-4.625,55.425,0.0
1997-11-21T12:00:00Z,-4.625,55.475,0.0
1997-11-21T12:00:00Z,-4.625,55.525,0.0
1997-11-21T12:00:00Z,-4.625,55.575,0.0
1997-11-21T12:00:00Z,-4.625,55.625,0.0
1997-11-21T12:00:00Z,-4.625,55.675,0.0
1997-12-21T12:00:00Z,-4.375,55.325,0.0
1997-12-21T12:00:00Z,-4.375,55.375,0.0
1997-12-21T12:00:00Z,-4.375,55.425,0.0
1997-12-21T12:00:00Z,-4.375,55.475,0.0
1997-12-21T12:00:00Z,-4.375,55.525,0.0
1997-12-21T12:00:00Z,-4.375,55.575,0.0
1997-12-21T12:00:00Z,-4.375,55.625,0.0
1997-12-21T12:00:00Z,-4.375,55.675,0.0
1997-12-21T12:00:00Z,-4.425,55.325,0.0
1997-12-21T12:00:00Z,-4.425,55.375,0.0
1997-12-21T12:00:00Z,-4.425,55.425,0.0
1997-12-21T12:00:00Z,-4.425,55.475,0.0
1997-12-21T12:00:00Z,-4.425,55.525,0.0
1997-12-21T12:00:00Z,-4.425,55.575,0.0
1997-12-21T12:00:00Z,-4.425,55.625,0.0
1997-12-21T12:00:00Z,-4.425,55.675,0.0
1997-12-21T12:00:00Z,-4.475,55.325,0.0
1997-12-21T12:00:00Z,-4.475,55.375,0.0
1997-12-21T12:00:00Z,-4.475,55.425,0.0
1997-12-21T12:00:00Z,-4.475,55.475,0.0
1997-12-21T12:00:00Z,-4.475,55.525,0.0
1997-12-21T12:00:00Z,-4.475,55.575,0.0
1997-12-21T12:00:00Z,-4.475,55.625,0.0
1997-12-21T12:00:00Z,-4.475,55.675,0.0
1997-12-21T12:00:00Z,-4.525,55.325,0.0
1997-12-21T12:00:00Z,-4.525,55.375,0.0
1997-12-21T12:00:00Z,-4.525,55.425,0.0
1997-12-21T12:00:00Z,-4.525,55.475,0.0
1997-12-21T12:00:00Z,-4.525,55.525,0.0
1997-12-21T12:00:00Z,-4.525,55.575,0.0
1997-12-21T12:00:00Z,-4.525,55.625,0.0
1997-12-21T12:00:00Z,-4.525,55.675,0.0
1997-12-21T12:00:00Z,-4.575,55.325,0.0
1997-12-21T12:00:00Z,-4.575,55.375,0.0
1997-12-21T12:00:00Z,-4.575,55.425,0.0
1997-12-21T12:00:00Z,-4.575,55.475,0.0
1997-12-21T12:00:00Z,-4.575,55.525,0.0
1997-12-21T12:00:00Z,-4.575,55.575,0.0
1997-12-21T12:00:00Z,-4.575,55.625,0.0
1997-12-21T12:00:00Z,-4.575,55.675,0.0
1997-12-21T12:00:00Z,-4.625,55.325,0.0
1997-12-21T12:00:00Z,-4.625,55.375,0.0
1997-12-21T12:00:00Z,-4.625,55.425,0.0
1997-12-21T12:00:00Z,-4.625,55.475,0.0
1997-12-21T12:00:00Z,-4.625,55.525,0.0
1997-12-21T12:00:00Z,-4.625,55.575,0.0
1997-12-21T12:00:00Z,-4.625,55.625,0.0
1997-12-21T12:00:00Z,-4.625,55.675,0.0
1998-01-20T12:00:00Z,-4.375,55.325,0.0
1998-01-20T12:00:00Z,-4.375,55.375,0.0
1998-01-20T12:00:00Z,-4.375,55.425,0.0
1998-01-20T12:00:00Z,-4.375,55.475,0.0
1998-01-20T12:00:00Z,-4.375,55.525,0.0
1998-01-20T12:00:00Z,-4.375,55.575,0.0
1998-01-20T12:00:00Z,-4.375,55.625,0.0
1998-01-20T12:00:00Z,-4.375,55.675,0.0
1998-01-20T12:00:00Z,-4.425,55.325,0.0
1998-01-20T12:00:00Z,-4.425,55.375,0.0
1998-01-20T12:00:00Z,-4.425,55.425,0.0
1998-01-20T12:00:00Z,-4.425,55.475,0.0
1998-01-20T12:00:00Z,-4.425,55.525,0.0
1998-01-20T12:00:00Z,-4.425,55.575,0.0
1998-01-20T12:00:00Z,-4.425,55.625,0.0
1998-01-20T12:00:00Z,-4.425,55.675,0.0
1998-01-20T12:00:00Z,-4.475,55.325,0.0
1998-01-20T12:00:00Z,-4.475,55.375,0.0
1998-01-20T12:00:00Z,-4.475,55.425,0.0
1998-01-20T12:00:00Z,-4.475,55.475,0.0
1998-01-20T12:00:00Z,-4.475,55.525,0.0
1998-01-20T12:00:00Z,-4.475,55.575,0.0
1998-01-20T12:00:00Z,-4.475,55.625,0.0
1998-01-20T12:00:00Z,-4.475,55.675,0.0
1998-01-20T12:00:00Z,-4.525,55.325,0.0
1998-01-20T12:00:00Z,-4.525,55.375,0.0
1998-01-20T12:00:00Z,-4.525,55.425,0.0
1998-01-20T12:00:00Z,-4.525,55.475,0.0
1998-01-20T12:00:00Z,-4.525,55.525,0.0
1998-01-20T12:00:00Z,-4.525,55.575,0.0
1998-01-20T12:00:00Z,-4.525,55.625,0.0
1998-01-20T12:00:00Z,-4.525,55.675,0.0
1998-01-20T12:00:00Z,-4.575,55.325,0.0
1998-01-20T12:00:00Z,-4.575,55.375,0.0
1998-01-20T12:00:00Z,-4.575,55.425,0.0
1998-01-20T12:00:00Z,-4.575,55.475,0.0
1998-01-20T12:00:00Z,-4.575,55.525,0.0
1998-01-20T12:00:00Z,-4.575,55.575,0.0
1998-01-20T12:00:00Z,-4.575,55.625,0.0
1998-01-20T12:00:00Z,-4.575,55.675,0.0
1998-01-20T12:00:00Z,-4.625,55.325,0.0
1998-01-20T12:00:00Z,-4.625,55.375,0.0
1998-01-20T12:00:00Z,-4.625,55.425,0.0
1998-01-20T12:00:00Z,-4.625,55.475,0.0
1998-01-20T12:00:00Z,-4.625,55.525,0.0
1998-01-20T12:00:00Z,-4.625,55.575,0.0
1998-01-20T12:00:00Z,-4.625,55.625,0.0
1998-01-20T12:00:00Z,-4.625,55.675,0.0
1998-02-19T12:00:00Z,-4.375,55.325,0.0
1998-02-19T12:00:00Z,-4.375,55.375,0.0
1998-02-19T12:00:00Z,-4.375,55.425,0.0
1998-02-19T12:00:00Z,-4.375,55.475,0.0
1998-02-19T12:00:00Z,-4.375,55.525,0.0
1998-02-19T12:00:00Z,-4.375,55.575,0.0
1998-02-19T12:00:00Z,-4.375,55.625,0.0
1998-02-19T12:00:00Z,-4.375,55.675,0.0
1998-02-19T12:00:00Z,-4.425,55.325,0.0
1998-02-19T12:00:00Z,-4.425,55.375,0.0
1998-02-19T12:00:00Z,-4.425,55.425,0.0
1998-02-19T12:00:00Z,-4.425,55.475,0.0
1998-02-19T12:00:00Z,-4.425,55.525,0.0
1998-02-19T12:00:00Z,-4.425,55.575,0.0
1998-02-19T12:00:00Z,-4.425,55.625,0.0
1998-02-19T12:00:00Z,-4.425,55.675,0.0
1998-02-19T12:00:00Z,-4.475,55.325,0.0
1998-02-19T12:00:00Z,-4.475,55.375,0.0
1998-02-19T12:00:00Z,-4.475,55.425,0.0
1998-02-19T12:00:00Z,-4.475,55.475,0.0
1998-02-19T12:00:00Z,-4.475,55.525,0.0
1998-02-19T12:00:00Z,-4.475,55.575,0.0
1998-02-19T12:00:00Z,-4.475,55.625,0.0
1998-02-19T12:00:00Z,-4.475,55.675,0.0
1998-02-19T12:00:00Z,-4.525,55.325,0.0
1998-02-19T12:00:00Z,-4.525,55.375,0.0
1998-02-19T12:00:00Z,-4.525,55.425,0.0
1998-02-19T12:00:00Z,-4.525,55.475,0.0
1998-02-19T12:00:00Z,-4.525,55.525,0.0
1998-02-19T12:00:00Z,-4.525,55.575,0.0
1998-02-19T12:00:00Z,-4.525,55.625,0.0
1998-02-19T12:00:00Z,-4.525,55.675,0.0
1998-02-19T12:00:00Z,-4.575,55.325,0.0
1998-02-19T12:00:00Z,-4.575,55.375,0.0
1998-02-19T12:00:00Z,-4.575,55.425,0.0
1998-02-19T12:00:00Z,-4.575,55.475,0.0
1998-02-19T12:00:00Z,-4.575,55.525,0.0
1998-02-19T12:00:00Z,-4.575,55.575,0.0
1998-02-19T12:00:00Z,-4.575,55.625,0.0
1998-02-19T12:00:00Z,-4.575,55.675,0.0
1998-02-19T12:00:00Z,-4.625,55.325,0.0
1998-02-19T12:00:00Z,-4.625,55.375,0.0
1998-02-19T12:00:00Z,-4.625,55.425,0.0
1998-02-19T12:00:00Z,-4.625,55.475,0.0
1998-02-19T12:00:00Z,-4.625,55.525,0.0
1998-02-19T12:00:00Z,-4.625,55.575,0.0
1998-02-19T12:00:00Z,-4.625,55.625,0.0
1998-02-19T12:00:00Z,-4.625,55.675,0.0
1998-03-21T12:00:00Z,-4.375,55.325,0.2
1998-03-21T12:00:00Z,-4.375,55.375,0.2
1998-03-21T12:00:00Z,-4.375,55.425,0.34
1998-03-21T12:00:00Z,-4.375,55.475,0.49
1998-03-21T12:00:00Z,-4.375,55.525,0.49
1998-03-21T12:00:00Z,-4.375,55.575,0.5
1998-03-21T12:00:00Z,-4.375,55.625,0.5
1998-03-21T12:00:00Z,-4.375,55.675,0.35000000000000003
1998-03-21T12:00:00Z,-4.425,55.325,0.35000000000000003
1998-03-21T12:00:00Z,-4.425,55.375,0.34
1998-03-21T12:00:00Z,-4.425,55.425,0.34
1998-03-21T12:00:00Z,-4.425,55.475,0.48
1998-03-21T12:00:00Z,-4.425,55.525,0.49
1998-03-21T12:00:00Z,-4.425,55.575,0.49
1998-03-21T12:00:00Z,-4.425,55.625,0.49
1998-03-21T12:00:00Z,-4.425,55.675,0.49
1998-03-21T12:00:00Z,-4.475,55.325,0.34
1998-03-21T12:00:00Z,-4.475,55.375,0.34
1998-03-21T12:00:00Z,-4.475,55.425,0.49
1998-03-21T12:00:00Z,-4.475,55.475,0.48
1998-03-21T12:00:00Z,-4.475,55.525,0.49
1998-03-21T12:00:00Z,-4.475,55.575,0.49
1998-03-21T12:00:00Z,-4.475,55.625,0.49
1998-03-21T12:00:00Z,-4.475,55.675,0.49
1998-03-21T12:00:00Z,-4.525,55.325,0.49
1998-03-21T12:00:00Z,-4.525,55.375,0.63
1998-03-21T12:00:00Z,-4.525,55.425,0.63
1998-03-21T12:00:00Z,-4.525,55.475,0.63
1998-03-21T12:00:00Z,-4.525,55.525,0.63
1998-03-21T12:00:00Z,-4.525,55.575,0.48
1998-03-21T12:00:00Z,-4.525,55.625,0.48
1998-03-21T12:00:00Z,-4.525,55.675,0.34
1998-03-21T12:00:00Z,-4.575,55.325,0.64
1998-03-21T12:00:00Z,-4.575,55.375,0.64
1998-03-21T12:00:00Z,-4.575,55.425,0.63
1998-03-21T12:00:00Z,-4.575,55.475,0.62
1998-03-21T12:00:00Z,-4.575,55.525,0.48
1998-03-21T12:00:00Z,-4.575,55.575,0.48
1998-03-21T12:00:00Z,-4.575,55.625,0.33
1998-03-21T12:00:00Z,-4.575,55.675,0.34
1998-03-21T12:00:00Z,-4.625,55.325,0.65
1998-03-21T12:00:00Z,-4.625,55.375,0.65
1998-03-21T12:00:00Z,-4.625,55.425,0.64
1998-03-21T12:00:00Z,-4.625,55.475,0.63
1998-03-21T12:00:00Z,-4.625,55.525,0.48
1998-03-21T12:00:00Z,-4.625,55.575,0.34
1998-03-21T12:00:00Z,-4.625,55.625,0.33
1998-03-21T12:00:00Z,-4.625,55.675,0.33
1998-04-20T12:00:00Z,-4.375,55.325,0.86
1998-04-20T12:00:00Z,-4.375,55.375,0.86
1998-04-20T12:00:00Z,-4.375,55.425,1.01
1998-04-20T12:00:00Z,-4.375,55.475,1.1500000000000001
1998-04-20T12:00:00Z,-4.375,55.525,1.1500000000000001
1998-04-20T12:00:00Z,-4.375,55.575,1.16
1998-04-20T12:00:00Z,-4.375,55.625,1.16
1998-04-20T12:00:00Z,-4.375,55.675,1.01
1998-04-20T12:00:00Z,-4.425,55.325,1.0
1998-04-20T12:00:00Z,-4.425,55.375,1.0
1998-04-20T12:00:00Z,-4.425,55.425,1.0
1998-04-20T12:00:00Z,-4.425,55.475,1.1300000000000001
1998-04-20T12:00:00Z,-4.425,55.525,1.1400000000000001
1998-04-20T12:00:00Z,-4.425,55.575,1.1400000000000001
1998-04-20T12:00:00Z,-4.425,55.625,1.1400000000000001
1998-04-20T12:00:00Z,-4.425,55.675,1.1400000000000001
1998-04-20T12:00:00Z,-4.475,55.325,0.85
1998-04-20T12:00:00Z,-4.475,55.375,1.0
1998-04-20T12:00:00Z,-4.475,55.425,1.1400000000000001
1998-04-20T12:00:00Z,-4.475,55.475,1.1400000000000001
1998-04-20T12:00:00Z,-4.475,55.525,1.1400000000000001
1998-04-20T12:00:00Z,-4.475,55.575,1.1300000000000001
1998-04-20T12:00:00Z,-4.475,55.625,1.1400000000000001
1998-04-20T12:00:00Z,-4.475,55.675,1.1400000000000001
1998-04-20T12:00:00Z,-4.525,55.325,0.99
1998-04-20T12:00:00Z,-4.525,55.375,1.28
1998-04-20T12:00:00Z,-4.525,55.425,1.27
1998-04-20T12:00:00Z,-4.525,55.475,1.27
1998-04-20T12:00:00Z,-4.525,55.525,1.27
1998-04-20T12:00:00Z,-4.525,55.575,1.12
1998-04-20T12:00:00Z,-4.525,55.625,1.12
1998-04-20T12:00:00Z,-4.525,55.675,0.98
1998-04-20T12:00:00Z,-4.575,55.325,1.1500000000000001
1998-04-20T12:00:00Z,-4.575,55.375,1.29
1998-04-20T12:00:00Z,-4.575,55.425,1.28
1998-04-20T12:00:00Z,-4.575,55.475,1.27
1998-04-20T12:00:00Z,-4.575,55.525,1.12
1998-04-20T12:00:00Z,-4.575,55.575,1.12
1998-04-20T12:00:00Z,-4.575,55.625,0.97
1998-04-20T12:00:00Z,-4.575,55.675,0.98
1998-04-20T12:00:00Z,-4.625,55.325,1.31
1998-04-20T12:00:00Z,-4.625,55.375,1.31
1998-04-20T12:00:00Z,-4.625,55.425,1.29
1998-04-20T12:00:00Z,-4.625,55.475,1.27
1998-04-20T12:00:00Z,-4.625,55.525,1.1300000000000001
1998-04-20T12:00:00Z,-4.625,55.575,0.98
1998-04-20T12:00:00Z,-4.625,55.625,0.98
1998-04-20T12:00:00Z,-4.625,55.675,0.98
1998-05-20T12:00:00Z,-4.375,55.325,1.8800000000000001
1998-05-20T12:00:00Z,-4.375,55.375,1.9000000000000001
1998-05-20T12:00:00Z,-4.375,55.425,2.07
1998-05-20T12:00:00Z,-4.375,55.475,2.38
1998-05-20T12:00:00Z,-4.375,55.525,2.39
1998-05-20T12:00:00Z,-4.375,55.575,2.41
1998-05-20T12:00:00Z,-4.375,55.625,2.4
1998-05-20T12:00:00Z,-4.375,55.675,2.2
1998-05-20T12:00:00Z,-4.425,55.325,2.04
1998-05-20T12:00:00Z,-4.425,55.375,2.06
1998-05-20T12:00:00Z,-4.425,55.425,2.07
1998-05-20T12:00:00Z,-4.425,55.475,2.22
1998-05-20T12:00:00Z,-4.425,55.525,2.38
1998-05-20T12:00:00Z,-4.425,55.575,2.37
1998-05-20T12:00:00Z,-4.425,55.625,2.36
1998-05-20T12:00:00Z,-4.425,55.675,2.04
1998-05-20T12:00:00Z,-4.475,55.325,1.8900000000000001
1998-05-20T12:00:00Z,-4.475,55.375,2.05
1998-05-20T12:00:00Z,-4.475,55.425,2.2
1998-05-20T12:00:00Z,-4.475,55.475,2.22
1998-05-20T12:00:00Z,-4.475,55.525,2.37
1998-05-20T12:00:00Z,-4.475,55.575,2.35
1998-05-20T12:00:00Z,-4.475,55.625,2.05
1998-05-20T12:00:00Z,-4.475,55.675,2.0300000000000002
1998-05-20T12:00:00Z,-4.525,55.325,2.0300000000000002
1998-05-20T12:00:00Z,-4.525,55.375,2.33
1998-05-20T12:00:00Z,-4.525,55.425,2.33
1998-05-20T12:00:00Z,-4.525,55.475,2.34
1998-05-20T12:00:00Z,-4.525,55.525,2.34
1998-05-20T12:00:00Z,-4.525,55.575,2.0300000000000002
1998-05-20T12:00:00Z,-4.525,55.625,2.02
1998-05-20T12:00:00Z,-4.525,55.675,1.86
1998-05-20T12:00:00Z,-4.575,55.325,2.18
1998-05-20T12:00:00Z,-4.575,55.375,2.33
1998-05-20T12:00:00Z,-4.575,55.425,2.33
1998-05-20T12:00:00Z,-4.575,55.475,2.18
1998-05-20T12:00:00Z,-4.575,55.525,2.0300000000000002
1998-05-20T12:00:00Z,-4.575,55.575,2.0300000000000002
1998-05-20T12:00:00Z,-4.575,55.625,1.85
1998-05-20T12:00:00Z,-4.575,55.675,1.85
1998-05-20T12:00:00Z,-4.625,55.325,2.18
1998-05-20T12:00:00Z,-4.625,55.375,2.19
1998-05-20T12:00:00Z,-4.625,55.425,2.18
1998-05-20T12:00:00Z,-4.625,55.475,2.17
1998-05-20T12:00:00Z,-4.625,55.525,2.02
1998-05-20T12:00:00Z,-4.625,55.575,1.87
1998-05-20T12:00:00Z,-4.625,55.625,1.86
1998-05-20T12:00:00Z,-4.625,55.675,1.84
1998-06-19T12:00:00Z,-4.375,55.325,1.02
1998-06-19T12:00:00Z,-4.375,55.375,1.04
1998-06-19T12:00:00Z,-4.375,55.425,1.06
1998-06-19T12:00:00Z,-4.375,55.475,1.23
1998-06-19T12:00:00Z,-4.375,55.525,1.24
1998-06-19T12:00:00Z,-4.375,55.575,1.25
1998-06-19T12:00:00Z,-4.375,55.625,1.24
1998-06-19T12:00:00Z,-4.375,55.675,1.19
1998-06-19T12:00:00Z,-4.425,55.325,1.04
1998-06-19T12:00:00Z,-4.425,55.375,1.06
1998-06-19T12:00:00Z,-4.425,55.425,1.07
1998-06-19T12:00:00Z,-4.425,55.475,1.08
1998-06-19T12:00:00Z,-4.425,55.525,1.24
1998-06-19T12:00:00Z,-4.425,55.575,1.23
1998-06-19T12:00:00Z,-4.425,55.625,1.21
1998-06-19T12:00:00Z,-4.425,55.675,0.9
1998-06-19T12:00:00Z,-4.475,55.325,1.04
1998-06-19T12:00:00Z,-4.475,55.375,1.06
1998-06-19T12:00:00Z,-4.475,55.425,1.07
1998-06-19T12:00:00Z,-4.475,55.475,1.08
1998-06-19T12:00:00Z,-4.475,55.525,1.23
1998-06-19T12:00:00Z,-4.475,55.575,1.22
1998-06-19T12:00:00Z,-4.475,55.625,0.91
1998-06-19T12:00:00Z,-4.475,55.675,0.89
1998-06-19T12:00:00Z,-4.525,55.325,1.04
1998-06-19T12:00:00Z,-4.525,55.375,1.05
1998-06-19T12:00:00Z,-4.525,55.425,1.06
1998-06-19T12:00:00Z,-4.525,55.475,1.07
1998-06-19T12:00:00Z,-4.525,55.525,1.07
1998-06-19T12:00:00Z,-4.525,55.575,0.91
1998-06-19T12:00:00Z,-4.525,55.625,0.9
1998-06-19T12:00:00Z,-4.525,55.675,0.88
1998-06-19T12:00:00Z,-4.575,55.325,1.03
1998-06-19T12:00:00Z,-4.575,55.375,1.04
1998-06-19T12:00:00Z,-4.575,55.425,1.05
1998-06-19T12:00:00Z,-4.575,55.475,0.91
1998-06-19T12:00:00Z,-4.575,55.525,0.91
1998-06-19T12:00:00Z,-4.575,55.575,0.91
1998-06-19T12:00:00Z,-4.575,55.625,0.89
1998-06-19T12:00:00Z,-4.575,55.675,0.87
1998-06-19T12:00:00Z,-4.625,55.325,0.87
1998-06-19T12:00:00Z,-4.625,55.375,0.89
1998-06-19T12:00:00Z,-4.625,55.425,0.89
1998-06-19T12:00:00Z,-4.625,55.475,0.9
1998-06-19T12:00:00Z,-4.625,55.525,0.9
1998-06-19T12:00:00Z,-4.625,55.575,0.89
1998-06-19T12:00:00Z,-4.625,55.625,0.88
1998-06-19T12:00:00Z,-4.625,55.675,0.86
1998-07-19T12:00:00Z,-4.375,55.325,0.7000000000000001
1998-07-19T12:00:00Z,-4.375,55.375,0.71
1998-07-19T12:00:00Z,-4.375,55.425,0.73
1998-07-19T12:00:00Z,-4.375,55.475,0.75
1998-07-19T12:00:00Z,-4.375,55.525,0.75
1998-07-19T12:00:00Z,-4.375,55.575,0.75
1998-07-19T12:00:00Z,-4.375,55.625,0.74
1998-07-19T12:00:00Z,-4.375,55.675,0.7000000000000001
1998-07-19T12:00:00Z,-4.425,55.325,0.71
1998-07-19T12:00:00Z,-4.425,55.375,0.73
1998-07-19T12:00:00Z,-4.425,55.425,0.74
1998-07-19T12:00:00Z,-4.425,55.475,0.75
1998-07-19T12:00:00Z,-4.425,55.525,0.75
1998-07-19T12:00:00Z,-4.425,55.575,0.74
1998-07-19T12:00:00Z,-4.425,55.625,0.72
1998-07-19T12:00:00Z,-4.425,55.675,0.56
1998-07-19T12:00:00Z,-4.475,55.325,0.71
1998-07-19T12:00:00Z,-4.475,55.375,0.73
1998-07-19T12:00:00Z,-4.475,55.425,0.74
1998-07-19T12:00:00Z,-4.475,55.475,0.74
1998-07-19T12:00:00Z,-4.475,55.525,0.74
1998-07-19T12:00:00Z,-4.475,55.575,0.73
1998-07-19T12:00:00Z,-4.475,55.625,0.56
1998-07-19T12:00:00Z,-4.475,55.675,0.54
1998-07-19T12:00:00Z,-4.525,55.325,0.72
1998-07-19T12:00:00Z,-4.525,55.375,0.73
1998-07-19T12:00:00Z,-4.525,55.425,0.73
1998-07-19T12:00:00Z,-4.525,55.475,0.73
1998-07-19T12:00:00Z,-4.525,55.525,0.72
1998-07-19T12:00:00Z,-4.525,55.575,0.5700000000000001
1998-07-19T12:00:00Z,-4.525,55.625,0.55
1998-07-19T12:00:00Z,-4.525,55.675,0.53
1998-07-19T12:00:00Z,-4.575,55.325,0.71
1998-07-19T12:00:00Z,-4.575,55.375,0.72
1998-07-19T12:00:00Z,-4.575,55.425,0.72
1998-07-19T12:00:00Z,-4.575,55.475,0.5700000000000001
1998-07-19T12:00:00Z,-4.575,55.525,0.5700000000000001
1998-07-19T12:00:00Z,-4.575,55.575,0.56
1998-07-19T12:00:00Z,-4.575,55.625,0.54
1998-07-19T12:00:00Z,-4.575,55.675,0.52
1998-07-19T12:00:00Z,-4.625,55.325,0.56
1998-07-19T12:00:00Z,-4.625,55.375,0.5700000000000001
1998-07-19T12:00:00Z,-4.625,55.425,0.5700000000000001
1998-07-19T12:00:00Z,-4.625,55.475,0.5700000000000001
1998-07-19T12:00:00Z,-4.625,55.525,0.56
1998-07-19T12:00:00Z,-4.625,55.575,0.55
1998-07-19T12:00:00Z,-4.625,55.625,0.54
1998-07-19T12:00:00Z,-4.625,55.675,0.52
1998-08-18T12:00:00Z,-4.375,55.325,0.0
1998-08-18T12:00:00Z,-4.375,55.375,0.0
1998-08-18T12:00:00Z,-4.375,55.425,0.0
1998-08-18T12:00:00Z,-4.375,55.475,0.0
1998-08-18T12:00:00Z,-4.375,55.525,0.0
1998-08-18T12:00:00Z,-4.375,55.575,0.0
1998-08-18T12:00:00Z,-4.375,55.625,0.0
1998-08-18T12:00:00Z,-4.375,55.675,0.0
1998-08-18T12:00:00Z,-4.425,55.325,0.0
1998-08-18T12:00:00Z,-4.425,55.375,0.0
1998-08-18T12:00:00Z,-4.425,55.425,0.0
1998-08-18T12:00:00Z,-4.425,55.475,0.0
1998-08-18T12:00:00Z,-4.425,55.525,0.0
1998-08-18T12:00:00Z,-4.425,55.575,0.0
1998-08-18T12:00:00Z,-4.425,55.625,0.0
1998-08-18T12:00:00Z,-4.425,55.675,0.0
1998-08-18T12:00:00Z,-4.475,55.325,0.0
1998-08-18T12:00:00Z,-4.475,55.375,0.0
1998-08-18T12:00:00Z,-4.475,55.425,0.0
1998-08-18T12:00:00Z,-4.475,55.475,0.0
1998-08-18T12:00:00Z,-4.475,55.525,0.0
1998-08-18T12:00:00Z,-4.475,55.575,0.0
1998-08-18T12:00:00Z,-4.475,55.625,0.0
1998-08-18T12:00:00Z,-4.475,55.675,0.0
1998-08-18T12:00:00Z,-4.525,55.325,0.0
1998-08-18T12:00:00Z,-4.525,55.375,0.0
1998-08-18T12:00:00Z,-4.525,55.425,0.0
1998-08-18T12:00:00Z,-4.525,55.475,0.0
1998-08-18T12:00:00Z,-4.525,55.525,0.0
1998-08-18T12:00:00Z,-4.525,55.575,0.0
1998-08-18T12:00:00Z,-4.525,55.625,0.0
1998-08-18T12:00:00Z,-4.525,55.675,0.0
1998-08-18T12:00:00Z,-4.575,55.325,0.0
1998-08-18T12:00:00Z,-4.575,55.375,0.0
1998-08-18T12:00:00Z,-4.575,55.425,0.0
1998-08-18T12:00:00Z,-4.575,55.475,0.0
1998-08-18T12:00:00Z,-4.575,55.525,0.0
1998-08-18T12:00:00Z,-4.575,55.575,0.0
1998-08-18T12:00:00Z,-4.575,55.625,0.0
1998-08-18T12:00:00Z,-4.575,55.675,0.0
1998-08-18T12:00:00Z,-4.625,55.325,0.0
1998-08-18T12:00:00Z,-4.625,55.375,0.0
1998-08-18T12:00:00Z,-4.625,55.425,0.0
1998-08-18T12:00:00Z,-4.625,55.475,0.0
1998-08-18T12:00:00Z,-4.625,55.525,0.0
1998-08-18T12:00:00Z,-4.625,55.575,0.0
1998-08-18T12:00:00Z,-4.625,55.625,0.0
1998-08-18T12:00:00Z,-4.625,55.675,0.0
1998-09-17T12:00:00Z,-4.375,55.325,0.0
1998-09-17T12:00:00Z,-4.375,55.375,0.0
1998-09-17T12:00:00Z,-4.375,55.425,0.0
1998-09-17T12:00:00Z,-4.375,55.475,0.0
1998-09-17T12:00:00Z,-4.375,55.525,0.0
1998-09-17T12:00:00Z,-4.375,55.575,0.0
1998-09-17T12:00:00Z,-4.375,55.625,0.0
1998-09-17T12:00:00Z,-4.375,55.675,0.0
1998-09-17T12:00:00Z,-4.425,55.325,0.0
1998-09-17T12:00:00Z,-4.425,55.375,0.0
1998-09-17T12:00:00Z,-4.425,55.425,0.0
1998-09-17T12:00:00Z,-4.425,55.475,0.0
1998-09-17T12:00:00Z,-4.425,55.525,0.0
1998-09-17T12:00:00Z,-4.425,55.575,0.0
1998-09-17T12:00:00Z,-4.425,55.625,0.0
1998-09-17T12:00:00Z,-4.425,55.675,0.0
1998-09-17T12:00:00Z,-4.475,55.325,0.0
1998-09-17T12:00:00Z,-4.475,55.375,0.0
1998-09-17T12:00:00Z,-4.475,55.425,0.0
1998-09-17T12:00:00Z,-4.475,55.475,0.0
1998-09-17T12:00:00Z,-4.475,55.525,0.0
1998-09-17T12:00:00Z,-4.475,55.575,0.0
1998-09-17T12:00:00Z,-4.475,55.625,0.0
1998-09-17T12:00:00Z,-4.475,55.675,0.0
1998-09-17T12:00:00Z,-4.525,55.325,0.0
1998-09-17T12:00:00Z,-4.525,55.375,0.0
1998-09-17T12:00:00Z,-4.525,55.425,0.0
1998-09-17T12:00:00Z,-4.525,55.475,0.0
1998-09-17T12:00:00Z,-4.525,55.525,0.0
1998-09-17T12:00:00Z,-4.525,55.575,0.0
1998-09-17T12:00:00Z,-4.525,55.625,0.0
1998-09-17T12:00:00Z,-4.525,55.675,0.0
1998-09-17T12:00:00Z,-4.575,55.325,0.0
1998-09-17T12:00:00Z,-4.575,55.375,0.0
1998-09-17T12:00:00Z,-4.575,55.425,0.0
1998-09-17T12:00:00Z,-4.575,55.475,0.0
1998-09-17T12:00:00Z,-4.575,55.525,0.0
1998-09-17T12:00:00Z,-4.575,55.575,0.0
1998-09-17T12:00:00Z,-4.575,55.625,0.0
1998-09-17T12:00:00Z,-4.575,55.675,0.0
1998-09-17T12:00:00Z,-4.625,55.325,0.0
1998-09-17T12:00:00Z,-4.625,55.375,0.0
1998-09-17T12:00:00Z,-4.625,55.425,0.0
1998-09-17T12:00:00Z,-4.625,55.475,0.0
1998-09-17T12:00:00Z,-4.625,55.525,0.0
1998-09-17T12:00:00Z,-4.625,55.575,0.0
1998-09-17T12:00:00Z,-4.625,55.625,0.0
1998-09-17T12:00:00Z,-4.625,55.675,0.0
1998-10-17T12:00:00Z,-4.375,55.325,0.0
1998-10-17T12:00:00Z,-4.375,55.375,0.0
1998-10-17T12:00:00Z,-4.375,55.425,0.0
1998-10-17T12:00:00Z,-4.375,55.475,0.0
1998-10-17T12:00:00Z,-4.375,55.525,0.0
1998-10-17T12:00:00Z,-4.375,55.575,0.0
1998-10-17T12:00:00Z,-4.375,55.625,0.0
1998-10-17T12:00:00Z,-4.375,55.675,0.0
1998-10-17T12:00:00Z,-4.425,55.325,0.0
1998-10-17T12:00:00Z,-4.425,55.375,0.0
1998-10-17T12:00:00Z,-4.425,55.425,0.0
1998-10-17T12:00:00Z,-4.425,55.475,0.0
1998-10-17T12:00:00Z,-4.425,55.525,0.0
1998-10-17T12:00:00Z,-4.425,55.575,0.0
1998-10-17T12:00:00Z,-4.425,55.625,0.0
1998-10-17T12:00:00Z,-4.425,55.675,0.0
1998-10-17T12:00:00Z,-4.475,55.325,0.0
1998-10-17T12:00:00Z,-4.475,55.375,0.0
1998-10-17T12:00:00Z,-4.475,55.425,0.0
1998-10-17T12:00:00Z,-4.475,55.475,0.0
1998-10-17T12:00:00Z,-4.475,55.525,0.0
1998-10-17T12:00:00Z,-4.475,55.575,0.0
1998-10-17T12:00:00Z,-4.475,55.625,0.0
1998-10-17T12:00:00Z,-4.475,55.675,0.0
1998-10-17T12:00:00Z,-4.525,55.325,0.0
1998-10-17T12:00:00Z,-4.525,55.375,0.0
1998-10-17T12:00:00Z,-4.525,55.425,0.0
1998-10-17T12:00:00Z,-4.525,55.475,0.0
1998-10-17T12:00:00Z,-4.525,55.525,0.0
1998-10-17T12:00:00Z,-4.525,55.575,0.0
1998-10-17T12:00:00Z,-4.525,55.625,0.0
1998-10-17T12:00:00Z,-4.525,55.675,0.0
1998-10-17T12:00:00Z,-4.575,55.325,0.0
1998-10-17T12:00:00Z,-4.575,55.375,0.0
1998-10-17T12:00:00Z,-4.575,55.425,0.0
1998-10-17T12:00:00Z,-4.575,55.475,0.0
1998-10-17T12:00:00Z,-4.575,55.525,0.0
1998-10-17T12:00:00Z,-4.575,55.575,0.0
1998-10-17T12:00:00Z,-4.575,55.625,0.0
1998-10-17T12:00:00Z,-4.575,55.675,0.0
1998-10-17T12:00:00Z,-4.625,55.325,0.0
1998-10-17T12:00:00Z,-4.625,55.375,0.0
1998-10-17T12:00:00Z,-4.625,55.425,0.0
1998-10-17T12:00:00Z,-4.625,55.475,0.0
1998-10-17T12:00:00Z,-4.625,55.525,0.0
1998-10-17T12:00:00Z,-4.625,55.575,0.0
1998-10-17T12:00:00Z,-4.625,55.625,0.0
1998-10-17T12:00:00Z,-4.625,55.675,0.0
1998-11-16T12:00:00Z,-4.375,55.325,0.0
1998-11-16T12:00:00Z,-4.375,55.375,0.0
1998-11-16T12:00:00Z,-4.375,55.425,0.0
1998-11-16T12:00:00Z,-4.375,55.475,0.0
1998-11-16T12:00:00Z,-4.375,55.525,0.0
1998-11-16T12:00:00Z,-4.375,55.575,0.0
1998-11-16T12:00:00Z,-4.375,55.625,0.0
1998-11-16T12:00:00Z,-4.375,55.675,0.0
1998-11-16T12:00:00Z,-4.425,55.325,0.0
1998-11-16T12:00:00Z,-4.425,55.375,0.0
1998-11-16T12:00:00Z,-4.425,55.425,0.0
1998-11-16T12:00:00Z,-4.425,55.475,0.0
1998-11-16T12:00:00Z,-4.425,55.525,0.0
1998-11-16T12:00:00Z,-4.425,55.575,0.0
1998-11-16T12:00:00Z,-4.425,55.625,0.0
1998-11-16T12:00:00Z,-4.425,55.675,0.0
1998-11-16T12:00:00Z,-4.475,55.325,0.0
1998-11-16T12:00:00Z,-4.475,55.375,0.0
1998-11-16T12:00:00Z,-4.475,55.425,0.0
1998-11-16T12:00:00Z,-4.475,55.475,0.0
1998-11-16T12:00:00Z,-4.475,55.525,0.0
1998-11-16T12:00:00Z,-4.475,55.575,0.0
1998-11-16T12:00:00Z,-4.475,55.625,0.0
1998-11-16T12:00:00Z,-4.475,55.675,0.0
1998-11-16T12:00:00Z,-4.525,55.325,0.0
1998-11-16T12:00:00Z,-4.525,55.375,0.0
1998-11-16T12:00:00Z,-4.525,55.425,0.0
1998-11-16T12:00:00Z,-4.525,55.475,0.0
1998-11-16T12:00:00Z,-4.525,55.525,0.0
1998-11-16T12:00:00Z,-4.525,55.575,0.0
1998-11-16T12:00:00Z,-4.525,55.625,0.0
1998-11-16T12:00:00Z,-4.525,55.675,0.0
1998-11-16T12:00:00Z,-4.575,55.325,0.0
1998-11-16T12:00:00Z,-4.575,55.375,0.0
1998-11-16T12:00:00Z,-4.575,55.425,0.0
1998-11-16T12:00:00Z,-4.575,55.475,0.0
1998-11-16T12:00:00Z,-4.575,55.525,0.0
1998-11-16T12:00:00Z,-4.575,55.575,0.0
1998-11-16T12:00:00Z,-4.575,55.625,0.0
1998-11-16T12:00:00Z,-4.575,55.675,0.0
1998-11-16T12:00:00Z,-4.625,55.325,0.0
1998-11-16T12:00:00Z,-4.625,55.375,0.0
1998-11-16T12:00:00Z,-4.625,55.425,0.0
1998-11-16T12:00:00Z,-4.625,55.475,0.0
1998-11-16T12:00:00Z,-4.625,55.525,0.0
1998-11-16T12:00:00Z,-4.625,55.575,0.0
1998-11-16T12:00:00Z,-4.625,55.625,0.0
1998-11-16T12:00:00Z,-4.625,55.675,0.0
1998-12-16T12:00:00Z,-4.375,55.325,0.0
1998-12-16T12:00:00Z,-4.375,55.375,0.0
1998-12-16T12:00:00Z,-4.375,55.425,0.0
1998-12-16T12:00:00Z,-4.375,55.475,0.0
1998-12-16T12:00:00Z,-4.375,55.525,0.0
1998-12-16T12:00:00Z,-4.375,55.575,0.0
1998-12-16T12:00:00Z,-4.375,55.625,0.0
1998-12-16T12:00:00Z,-4.375,55.675,0.0
1998-12-16T12:00:00Z,-4.425,55.325,0.0
1998-12-16T12:00:00Z,-4.425,55.375,0.0
1998-12-16T12:00:00Z,-4.425,55.425,0.0
1998-12-16T12:00:00Z,-4.425,55.475,0.0
1998-12-16T12:00:00Z,-4.425,55.525,0.0
1998-12-16T12:00:00Z,-4.425,55.575,0.0
1998-12-16T12:00:00Z,-4.425,55.625,0.0
1998-12-16T12:00:00Z,-4.425,55.675,0.0
1998-12-16T12:00:00Z,-4.475,55.325,0.0
1998-12-16T12:00:00Z,-4.475,55.375,0.0
1998-12-16T12:00:00Z,-4.475,55.425,0.0
1998-12-16T12:00:00Z,-4.475,55.475,0.0
1998-12-16T12:00:00Z,-4.475,55.525,0.0
1998-12-16T12:00:00Z,-4.475,55.575,0.0
1998-12-16T12:00:00Z,-4.475,55.625,0.0
1998-12-16T12:00:00Z,-4.475,55.675,0.0
1998-12-16T12:00:00Z,-4.525,55.325,0.0
1998-12-16T12:00:00Z,-4.525,55.375,0.0
1998-12-16T12:00:00Z,-4.525,55.425,0.0
1998-12-16T12:00:00Z,-4.525,55.475,0.0
1998-12-16T12:00:00Z,-4.525,55.525,0.0
1998-12-16T12:00:00Z,-4.525,55.575,0.0
1998-12-16T12:00:00Z,-4.525,55.625,0.0
1998-12-16T12:00:00Z,-4.525,55.675,0.0
1998-12-16T12:00:00Z,-4.575,55.325,0.0
1998-12-16T12:00:00Z,-4.575,55.375,0.0
1998-12-16T12:00:00Z,-4.575,55.425,0.0
1998-12-16T12:00:00Z,-4.575,55.475,0.0
1998-12-16T12:00:00Z,-4.575,55.525,0.0
1998-12-16T12:00:00Z,-4.575,55.575,0.0
1998-12-16T12:00:00Z,-4.575,55.625,0.0
1998-12-16T12:00:00Z,-4.575,55.675,0.0
1998-12-16T12:00:00Z,-4.625,55.325,0.0
1998-12-16T12:00:00Z,-4.625,55.375,0.0
1998-12-16T12:00:00Z,-4.625,55.425,0.0
1998-12-16T12:00:00Z,-4.625,55.475,0.0
1998-12-16T12:00:00Z,-4.625,55.525,0.0
1998-12-16T12:00:00Z,-4.625,55.575,0.0
1998-12-16T12:00:00Z,-4.625,55.625,0.0
1998-12-16T12:00:00Z,-4.625,55.675,0.0
1999-01-15T12:00:00Z,-4.375,55.325,0.0
1999-01-15T12:00:00Z,-4.375,55.375,0.0
1999-01-15T12:00:00Z,-4.375,55.425,0.0
1999-01-15T12:00:00Z,-4.375,55.475,0.0
1999-01-15T12:00:00Z,-4.375,55.525,0.0
1999-01-15T12:00:00Z,-4.375,55.575,0.0
1999-01-15T12:00:00Z,-4.375,55.625,0.0
1999-01-15T12:00:00Z,-4.375,55.675,0.0
1999-01-15T12:00:00Z,-4.425,55.325,0.0
1999-01-15T12:00:00Z,-4.425,55.375,0.0
1999-01-15T12:00:00Z,-4.425,55.425,0.0
1999-01-15T12:00:00Z,-4.425,55.475,0.0
1999-01-15T12:00:00Z,-4.425,55.525,0.0
1999-01-15T12:00:00Z,-4.425,55.575,0.0
1999-01-15T12:00:00Z,-4.425,55.625,0.0
1999-01-15T12:00:00Z,-4.425,55.675,0.0
1999-01-15T12:00:00Z,-4.475,55.325,0.0
1999-01-15T12:00:00Z,-4.475,55.375,0.0
1999-01-15T12:00:00Z,-4.475,55.425,0.0
1999-01-15T12:00:00Z,-4.475,55.475,0.0
1999-01-15T12:00:00Z,-4.475,55.525,0.0
1999-01-15T12:00:00Z,-4.475,55.575,0.0
1999-01-15T12:00:00Z,-4.475,55.625,0.0
1999-01-15T12:00:00Z,-4.475,55.675,0.0
1999-01-15T12:00:00Z,-4.525,55.325,0.0
1999-01-15T12:00:00Z,-4.525,55.375,0.0
1999-01-15T12:00:00Z,-4.525,55.425,0.0
1999-01-15T12:00:00Z,-4.525,55.475,0.0
1999-01-15T12:00:00Z,-4.525,55.525,0.0
1999-01-15T12:00:00Z,-4.525,55.575,0.0
1999-01-15T12:00:00Z,-4.525,55.625,0.0
1999-01-15T12:00:00Z,-4.525,55.675,0.0
1999-01-15T12:00:00Z,-4.575,55.325,0.0
1999-01-15T12:00:00Z,-4.575,55.375,0.0
1999-01-15T12:00:00Z,-4.575,55.425,0.0
1999-01-15T12:00:00Z,-4.575,55.475,0.0
1999-01-15T12:00:00Z,-4.575,55.525,0.0
1999-01-15T12:00:00Z,-4.575,55.575,0.0
1999-01-15T12:00:00Z,-4.575,55.625,0.0
1999-01-15T12:00:00Z,-4.575,55.675,0.0
1999-01-15T12:00:00Z,-4.625,55.325,0.0
1999-01-15T12:00:00Z,-4.625,55.375,0.0
1999-01-15T12:00:00Z,-4.625,55.425,0.0
1999-01-15T12:00:00Z,-4.625,55.475,0.0
1999-01-15T12:00:00Z,-4.625,55.525,0.0
1999-01-15T12:00:00Z,-4.625,55.575,0.0
1999-01-15T12:00:00Z,-4.625,55.625,0.0
1999-01-15T12:00:00Z,-4.625,55.675,0.0
1999-02-14T12:00:00Z,-4.375,55.325,0.0
1999-02-14T12:00:00Z,-4.375,55.375,0.0
1999-02-14T12:00:00Z,-4.375,55.425,0.0
1999-02-14T12:00:00Z,-4.375,55.475,0.0
1999-02-14T12:00:00Z,-4.375,55.525,0.0
1999-02-14T12:00:00Z,-4.375,55.575,0.0
1999-02-14T12:00:00Z,-4.375,55.625,0.0
1999-02-14T12:00:00Z,-4.375,55.675,0.0
1999-02-14T12:00:00Z,-4.425,55.325,0.0
1999-02-14T12:00:00Z,-4.425,55.375,0.0
1999-02-14T12:00:00Z,-4.425,55.425,0.0
1999-02-14T12:00:00Z,-4.425,55.475,0.0
1999-02-14T12:00:00Z,-4.425,55.525,0.0
1999-02-14T12:00:00Z,-4.425,55.575,0.0
1999-02-14T12:00:00Z,-4.425,55.625,0.0
1999-02-14T12:00:00Z,-4.425,55.675,0.0
1999-02-14T12:00:00Z,-4.475,55.325,0.0
1999-02-14T12:00:00Z,-4.475,55.375,0.0
1999-02-14T12:00:00Z,-4.475,55.425,0.0
1999-02-14T12:00:00Z,-4.475,55.475,0.0
1999-02-14T12:00:00Z,-4.475,55.525,0.0
1999-02-14T12:00:00Z,-4.475,55.575,0.0
1999-02-14T12:00:00Z,-4.475,55.625,0.0
1999-02-14T12:00:00Z,-4.475,55.675,0.0
1999-02-14T12:00:00Z,-4.525,55.325,0.0
1999-02-14T12:00:00Z,-4.525,55.375,0.0
1999-02-14T12:00:00Z,-4.525,55.425,0.0
1999-02-14T12:00:00Z,-4.525,55.475,0.0
1999-02-14T12:00:00Z,-4.525,55.525,0.0
1999-02-14T12:00:00Z,-4.525,55.575,0.0
1999-02-14T12:00:00Z,-4.525,55.625,0.0
1999-02-14T12:00:00Z,-4.525,55.675,0.0
1999-02-14T12:00:00Z,-4.575,55.325,0.0
1999-02-14T12:00:00Z,-4.575,55.375,0.0
1999-02-14T12:00:00Z,-4.575,55.425,0.0
1999-02-14T12:00:00Z,-4.575,55.475,0.0
1999-02-14T12:00:00Z,-4.575,55.525,0.0
1999-02-14T12:00:00Z,-4.575,55.575,0.0
1999-02-14T12:00:00Z,-4.575,55.625,0.0
1999-02-14T12:00:00Z,-4.575,55.675,0.0
1999-02-14T12:00:00Z,-4.625,55.325,0.0
1999-02-14T12:00:00Z,-4.625,55.375,0.0
1999-02-14T12:00:00Z,-4.625,55.425,0.0
1999-02-14T12:00:00Z,-4.625,55.475,0.0
1999-02-14T12:00:00Z,-4.625,55.525,0.0
1999-02-14T12:00:00Z,-4.625,55.575,0.0
1999-02-14T12:00:00Z,-4.625,55.625,0.0
1999-02-14T12:00:00Z,-4.625,55.675,0.0
1999-03-16T12:00:00Z,-4.375,55.325,0.0
1999-03-16T12:00:00Z,-4.375,55.375,0.0
1999-03-16T12:00:00Z,-4.375,55.425,0.0
1999-03-16T12:00:00Z,-4.375,55.475,0.0
1999-03-16T12:00:00Z,-4.375,55.525,0.0
1999-03-16T12:00:00Z,-4.375,55.575,0.0
1999-03-16T12:00:00Z,-4.375,55.625,0.0
1999-03-16T12:00:00Z,-4.375,55.675,0.0
1999-03-16T12:00:00Z,-4.425,55.325,0.0
1999-03-16T12:00:00Z,-4.425,55.375,0.0
1999-03-16T12:00:00Z,-4.425,55.425,0.0
1999-03-16T12:00:00Z,-4.425,55.475,0.0
1999-03-16T12:00:00Z,-4.425,55.525,0.0
1999-03-16T12:00:00Z,-4.425,55.575,0.0
1999-03-16T12:00:00Z,-4.425,55.625,0.0
1999-03-16T12:00:00Z,-4.425,55.675,0.0
1999-03-16T12:00:00Z,-4.475,55.325,0.0
1999-03-16T12:00:00Z,-4.475,55.375,0.0
1999-03-16T12:00:00Z,-4.475,55.425,0.0
1999-03-16T12:00:00Z,-4.475,55.475,0.0
1999-03-16T12:00:00Z,-4.475,55.525,0.0
1999-03-16T12:00:00Z,-4.475,55.575,0.0
1999-03-16T12:00:00Z,-4.475,55.625,0.0
1999-03-16T12:00:00Z,-4.475,55.675,0.0
1999-03-16T12:00:00Z,-4.525,55.325,0.0
1999-03-16T12:00:00Z,-4.525,55.375,0.0
1999-03-16T12:00:00Z,-4.525,55.425,0.0
1999-03-16T12:00:00Z,-4.525,55.475,0.0
1999-03-16T12:00:00Z,-4.525,55.525,0.0
1999-03-16T12:00:00Z,-4.525,55.575,0.0
1999-03-16T12:00:00Z,-4.525,55.625,0.0
1999-03-16T12:00:00Z,-4.525,55.675,0.0
1999-03-16T12:00:00Z,-4.575,55.325,0.0
1999-03-16T12:00:00Z,-4.575,55.375,0.0
1999-03-16T12:00:00Z,-4.575,55.425,0.0
1999-03-16T12:00:00Z,-4.575,55.475,0.0
1999-03-16T12:00:00Z,-4.575,55.525,0.0
1999-03-16T12:00:00Z,-4.575,55.575,0.0
1999-03-16T12:00:00Z,-4.575,55.625,0.0
1999-03-16T12:00:00Z,-4.575,55.675,0.0
1999-03-16T12:00:00Z,-4.625,55.325,0.0
1999-03-16T12:00:00Z,-4.625,55.375,0.0
1999-03-16T12:00:00Z,-4.625,55.425,0.0
1999-03-16T12:00:00Z,-4.625,55.475,0.0
1999-03-16T12:00:00Z,-4.625,55.525,0.0
1999-03-16T12:00:00Z,-4.625,55.575,0.0
1999-03-16T12:00:00Z,-4.625,55.625,0.0
1999-03-16T12:00:00Z,-4.625,55.675,0.0
1999-04-15T12:00:00Z,-4.375,55.325,0.0
1999-04-15T12:00:00Z,-4.375,55.375,0.0
1999-04-15T12:00:00Z,-4.375,55.425,0.0
1999-04-15T12:00:00Z,-4.375,55.475,0.0
1999-04-15T12:00:00Z,-4.375,55.525,0.0
1999-04-15T12:00:00Z,-4.375,55.575,0.0
1999-04-15T12:00:00Z,-4.375,55.625,0.0
1999-04-15T12:00:00Z,-4.375,55.675,0.0
1999-04-15T12:00:00Z,-4.425,55.325,0.0
1999-04-15T12:00:00Z,-4.425,55.375,0.0
1999-04-15T12:00:00Z,-4.425,55.425,0.0
1999-04-15T12:00:00Z,-4.425,55.475,0.0
1999-04-15T12:00:00Z,-4.425,55.525,0.0
1999-04-15T12:00:00Z,-4.425,55.575,0.0
1999-04-15T12:00:00Z,-4.425,55.625,0.0
1999-04-15T12:00:00Z,-4.425,55.675,0.0
1999-04-15T12:00:00Z,-4.475,55.325,0.0
1999-04-15T12:00:00Z,-4.475,55.375,0.0
1999-04-15T12:00:00Z,-4.475,55.425,0.0
1999-04-15T12:00:00Z,-4.475,55.475,0.0
1999-04-15T12:00:00Z,-4.475,55.525,0.0
1999-04-15T12:00:00Z,-4.475,55.575,0.0
1999-04-15T12:00:00Z,-4.475,55.625,0.0
1999-04-15T12:00:00Z,-4.475,55.675,0.0
1999-04-15T12:00:00Z,-4.525,55.325,0.0
1999-04-15T12:00:00Z,-4.525,55.375,0.0
1999-04-15T12:00:00Z,-4.525,55.425,0.0
1999-04-15T12:00:00Z,-4.525,55.475,0.0
1999-04-15T12:00:00Z,-4.525,55.525,0.0
1999-04-15T12:00:00Z,-4.525,55.575,0.0
1999-04-15T12:00:00Z,-4.525,55.625,0.0
1999-04-15T12:00:00Z,-4.525,55.675,0.0
1999-04-15T12:00:00Z,-4.575,55.325,0.0
1999-04-15T12:00:00Z,-4.575,55.375,0.0
1999-04-15T12:00:00Z,-4.575,55.425,0.0
1999-04-15T12:00:00Z,-4.575,55.475,0.0
1999-04-15T12:00:00Z,-4.575,55.525,0.0
1999-04-15T12:00:00Z,-4.575,55.575,0.0
1999-04-15T12:00:00Z,-4.575,55.625,0.0
1999-04-15T12:00:00Z,-4.575,55.675,0.0
1999-04-15T12:00:00Z,-4.625,55.325,0.0
1999-04-15T12:00:00Z,-4.625,55.375,0.0
1999-04-15T12:00:00Z,-4.625,55.425,0.0
1999-04-15T12:00:00Z,-4.625,55.475,0.0
1999-04-15T12:00:00Z,-4.625,55.525,0.0
1999-04-15T12:00:00Z,-4.625,55.575,0.0
1999-04-15T12:00:00Z,-4.625,55.625,0.0
1999-04-15T12:00:00Z,-4.625,55.675,0.0
1999-05-16T12:00:00Z,-4.375,55.325,0.0
1999-05-16T12:00:00Z,-4.375,55.375,0.0
1999-05-16T12:00:00Z,-4.375,55.425,0.0
1999-05-16T12:00:00Z,-4.375,55.475,0.0
1999-05-16T12:00:00Z,-4.375,55.525,0.0
1999-05-16T12:00:00Z,-4.375,55.575,0.0
1999-05-16T12:00:00Z,-4.375,55.625,0.0
1999-05-16T12:00:00Z,-4.375,55.675,0.0
1999-05-16T12:00:00Z,-4.425,55.325,0.0
1999-05-16T12:00:00Z,-4.425,55.375,0.0
1999-05-16T12:00:00Z,-4.425,55.425,0.0
1999-05-16T12:00:00Z,-4.425,55.475,0.0
1999-05-16T12:00:00Z,-4.425,55.525,0.0
1999-05-16T12:00:00Z,-4.425,55.575,0.0
1999-05-16T12:00:00Z,-4.425,55.625,0.0
1999-05-16T12:00:00Z,-4.425,55.675,0.0
1999-05-16T12:00:00Z,-4.475,55.325,0.0
1999-05-16T12:00:00Z,-4.475,55.375,0.0
1999-05-16T12:00:00Z,-4.475,55.425,0.0
1999-05-16T12:00:00Z,-4.475,55.475,0.0
1999-05-16T12:00:00Z,-4.475,55.525,0.0
1999-05-16T12:00:00Z,-4.475,55.575,0.0
1999-05-16T12:00:00Z,-4.475,55.625,0.0
1999-05-16T12:00:00Z,-4.475,55.675,0.0
1999-05-16T12:00:00Z,-4.525,55.325,0.0
1999-05-16T12:00:00Z,-4.525,55.375,0.0
1999-05-16T12:00:00Z,-4.525,55.425,0.0
1999-05-16T12:00:00Z,-4.525,55.475,0.0
1999-05-16T12:00:00Z,-4.525,55.525,0.0
1999-05-16T12:00:00Z,-4.525,55.575,0.0
1999-05-16T12:00:00Z,-4.525,55.625,0.0
1999-05-16T12:00:00Z,-4.525,55.675,0.0
1999-05-16T12:00:00Z,-4.575,55.325,0.0
1999-05-16T12:00:00Z,-4.575,55.375,0.0
1999-05-16T12:00:00Z,-4.575,55.425,0.0
1999-05-16T12:00:00Z,-4.575,55.475,0.0
1999-05-16T12:00:00Z,-4.575,55.525,0.0
1999-05-16T12:00:00Z,-4.575,55.575,0.0
1999-05-16T12:00:00Z,-4.575,55.625,0.0
1999-05-16T12:00:00Z,-4.575,55.675,0.0
1999-05-16T12:00:00Z,-4.625,55.325,0.0
1999-05-16T12:00:00Z,-4.625,55.375,0.0
1999-05-16T12:00:00Z,-4.625,55.425,0.0
1999-05-16T12:00:00Z,-4.625,55.475,0.0
1999-05-16T12:00:00Z,-4.625,55.525,0.0
1999-05-16T12:00:00Z,-4.625,55.575,0.0
1999-05-16T12:00:00Z,-4.625,55.625,0.0
1999-05-16T12:00:00Z,-4.625,55.675,0.0
1999-06-15T12:00:00Z,-4.375,55.325,0.0
1999-06-15T12:00:00Z,-4.375,55.375,0.0
1999-06-15T12:00:00Z,-4.375,55.425,0.0
1999-06-15T12:00:00Z,-4.375,55.475,0.0
1999-06-15T12:00:00Z,-4.375,55.525,0.0
1999-06-15T12:00:00Z,-4.375,55.575,0.0
1999-06-15T12:00:00Z,-4.375,55.625,0.0
1999-06-15T12:00:00Z,-4.375,55.675,0.0
1999-06-15T12:00:00Z,-4.425,55.325,0.0
1999-06-15T12:00:00Z,-4.425,55.375,0.0
1999-06-15T12:00:00Z,-4.425,55.425,0.0
1999-06-15T12:00:00Z,-4.425,55.475,0.0
1999-06-15T12:00:00Z,-4.425,55.525,0.0
1999-06-15T12:00:00Z,-4.425,55.575,0.0
1999-06-15T12:00:00Z,-4.425,55.625,0.0
1999-06-15T12:00:00Z,-4.425,55.675,0.0
1999-06-15T12:00:00Z,-4.475,55.325,0.0
1999-06-15T12:00:00Z,-4.475,55.375,0.0
1999-06-15T12:00:00Z,-4.475,55.425,0.0
1999-06-15T12:00:00Z,-4.475,55.475,0.0
1999-06-15T12:00:00Z,-4.475,55.525,0.0
1999-06-15T12:00:00Z,-4.475,55.575,0.0
1999-06-15T12:00:00Z,-4.475,55.625,0.0
1999-06-15T12:00:00Z,-4.475,55.675,0.0
1999-06-15T12:00:00Z,-4.525,55.325,0.0
1999-06-15T12:00:00Z,-4.525,55.375,0.0
1999-06-15T12:00:00Z,-4.525,55.425,0.0
1999-06-15T12:00:00Z,-4.525,55.475,0.0
1999-06-15T12:00:00Z,-4.525,55.525,0.0
1999-06-15T12:00:00Z,-4.525,55.575,0.0
1999-06-15T12:00:00Z,-4.525,55.625,0.0
1999-06-15T12:00:00Z,-4.525,55.675,0.0
1999-06-15T12:00:00Z,-4.575,55.325,0.0
1999-06-15T12:00:00Z,-4.575,55.375,0.0
1999-06-15T12:00:00Z,-4.575,55.425,0.0
1999-06-15T12:00:00Z,-4.575,55.475,0.0
1999-06-15T12:00:00Z,-4.575,55.525,0.0
1999-06-15T12:00:00Z,-4.575,55.575,0.0
1999-06-15T12:00:00Z,-4.575,55.625,0.0
1999-06-15T12:00:00Z,-4.575,55.675,0.0
1999-06-15T12:00:00Z,-4.625,55.325,0.0
1999-06-15T12:00:00Z,-4.625,55.375,0.0
1999-06-15T12:00:00Z,-4.625,55.425,0.0
1999-06-15T12:00:00Z,-4.625,55.475,0.0
1999-06-15T12:00:00Z,-4.625,55.525,0.0
1999-06-15T12:00:00Z,-4.625,55.575,0.0
1999-06-15T12:00:00Z,-4.625,55.625,0.0
1999-06-15T12:00:00Z,-4.625,55.675,0.0
1999-07-15T12:00:00Z,-4.375,55.325,0.0
1999-07-15T12:00:00Z,-4.375,55.375,0.0
1999-07-15T12:00:00Z,-4.375,55.425,0.0
1999-07-15T12:00:00Z,-4.375,55.475,0.0
1999-07-15T12:00:00Z,-4.375,55.525,0.0
1999-07-15T12:00:00Z,-4.375,55.575,0.0
1999-07-15T12:00:00Z,-4.375,55.625,0.0
1999-07-15T12:00:00Z,-4.375,55.675,0.0
1999-07-15T12:00:00Z,-4.425,55.325,0.0
1999-07-15T12:00:00Z,-4.425,55.375,0.0
1999-07-15T12:00:00Z,-4.425,55.425,0.0
1999-07-15T12:00:00Z,-4.425,55.475,0.0
1999-07-15T12:00:00Z,-4.425,55.525,0.0
1999-07-15T12:00:00Z,-4.425,55.575,0.0
1999-07-15T12:00:00Z,-4.425,55.625,0.0
1999-07-15T12:00:00Z,-4.425,55.675,0.0
1999-07-15T12:00:00Z,-4.475,55.325,0.0
1999-07-15T12:00:00Z,-4.475,55.375,0.0
1999-07-15T12:00:00Z,-4.475,55.425,0.0
1999-07-15T12:00:00Z,-4.475,55.475,0.0
1999-07-15T12:00:00Z,-4.475,55.525,0.0
1999-07-15T12:00:00Z,-4.475,55.575,0.0
1999-07-15T12:00:00Z,-4.475,55.625,0.0
1999-07-15T12:00:00Z,-4.475,55.675,0.0
1999-07-15T12:00:00Z,-4.525,55.325,0.0
1999-07-15T12:00:00Z,-4.525,55.375,0.0
1999-07-15T12:00:00Z,-4.525,55.425,0.0
1999-07-15T12:00:00Z,-4.525,55.475,0.0
1999-07-15T12:00:00Z,-4.525,55.525,0.0
1999-07-15T12:00:00Z,-4.525,55.575,0.0
1999-07-15T12:00:00Z,-4.525,55.625,0.0
1999-07-15T12:00:00Z,-4.525,55.675,0.0
1999-07-15T12:00:00Z,-4.575,55.325,0.0
1999-07-15T12:00:00Z,-4.575,55.375,0.0
1999-07-15T12:00:00Z,-4.575,55.425,0.0
1999-07-15T12:00:00Z,-4.575,55.475,0.0
1999-07-15T12:00:00Z,-4.575,55.525,0.0
1999-07-15T12:00:00Z,-4.575,55.575,0.0
1999-07-15T12:00:00Z,-4.575,55.625,0.0
1999-07-15T12:00:00Z,-4.575,55.675,0.0
1999-07-15T12:00:00Z,-4.625,55.325,0.0
1999-07-15T12:00:00Z,-4.625,55.375,0.0
1999-07-15T12:00:00Z,-4.625,55.425,0.0
1999-07-15T12:00:00Z,-4.625,55.475,0.0
1999-07-15T12:00:00Z,-4.625,55.525,0.0
1999-07-15T12:00:00Z,-4.625,55.575,0.0
1999-07-15T12:00:00Z,-4.625,55.625,0.0
1999-07-15T12:00:00Z,-4.625,55.675,0.0
1999-08-14T12:00:00Z,-4.375,55.325,0.0
1999-08-14T12:00:00Z,-4.375,55.375,0.0
1999-08-14T12:00:00Z,-4.375,55.425,0.0
1999-08-14T12:00:00Z,-4.375,55.475,0.0
1999-08-14T12:00:00Z,-4.375,55.525,0.0
1999-08-14T12:00:00Z,-4.375,55.575,0.0
1999-08-14T12:00:00Z,-4.375,55.625,0.0
1999-08-14T12:00:00Z,-4.375,55.675,0.0
1999-08-14T12:00:00Z,-4.425,55.325,0.0
1999-08-14T12:00:00Z,-4.425,55.375,0.0
1999-08-14T12:00:00Z,-4.425,55.425,0.0
1999-08-14T12:00:00Z,-4.425,55.475,0.0
1999-08-14T12:00:00Z,-4.425,55.525,0.0
1999-08-14T12:00:00Z,-4.425,55.575,0.0
1999-08-14T12:00:00Z,-4.425,55.625,0.0
1999-08-14T12:00:00Z,-4.425,55.675,0.0
1999-08-14T12:00:00Z,-4.475,55.325,0.0
1999-08-14T12:00:00Z,-4.475,55.375,0.0
1999-08-14T12:00:00Z,-4.475,55.425,0.0
1999-08-14T12:00:00Z,-4.475,55.475,0.0
1999-08-14T12:00:00Z,-4.475,55.525,0.0
1999-08-14T12:00:00Z,-4.475,55.575,0.0
1999-08-14T12:00:00Z,-4.475,55.625,0.0
1999-08-14T12:00:00Z,-4.475,55.675,0.0
1999-08-14T12:00:00Z,-4.525,55.325,0.0
1999-08-14T12:00:00Z,-4.525,55.375,0.0
1999-08-14T12:00:00Z,-4.525,55.425,0.0
1999-08-14T12:00:00Z,-4.525,55.475,0.0
1999-08-14T12:00:00Z,-4.525,55.525,0.0
1999-08-14T12:00:00Z,-4.525,55.575,0.0
1999-08-14T12:00:00Z,-4.525,55.625,0.0
1999-08-14T12:00:00Z,-4.525,55.675,0.0
1999-08-14T12:00:00Z,-4.575,55.325,0.0
1999-08-14T12:00:00Z,-4.575,55.375,0.0
1999-08-14T12:00:00Z,-4.575,55.425,0.0
1999-08-14T12:00:00Z,-4.575,55.475,0.0
1999-08-14T12:00:00Z,-4.575,55.525,0.0
1999-08-14T12:00:00Z,-4.575,55.575,0.0
1999-08-14T12:00:00Z,-4.575,55.625,0.0
1999-08-14T12:00:00Z,-4.575,55.675,0.0
1999-08-14T12:00:00Z,-4.625,55.325,0.0
1999-08-14T12:00:00Z,-4.625,55.375,0.0
1999-08-14T12:00:00Z,-4.625,55.425,0.0
1999-08-14T12:00:00Z,-4.625,55.475,0.0
1999-08-14T12:00:00Z,-4.625,55.525,0.0
1999-08-14T12:00:00Z,-4.625,55.575,0.0
1999-08-14T12:00:00Z,-4.625,55.625,0.0
1999-08-14T12:00:00Z,-4.625,55.675,0.0
1999-09-13T12:00:00Z,-4.375,55.325,0.0
1999-09-13T12:00:00Z,-4.375,55.375,0.0
1999-09-13T12:00:00Z,-4.375,55.425,0.0
1999-09-13T12:00:00Z,-4.375,55.475,0.0
1999-09-13T12:00:00Z,-4.375,55.525,0.0
1999-09-13T12:00:00Z,-4.375,55.575,0.0
1999-09-13T12:00:00Z,-4.375,55.625,0.0
1999-09-13T12:00:00Z,-4.375,55.675,0.0
1999-09-13T12:00:00Z,-4.425,55.325,0.0
1999-09-13T12:00:00Z,-4.425,55.375,0.0
1999-09-13T12:00:00Z,-4.425,55.425,0.0
1999-09-13T12:00:00Z,-4.425,55.475,0.0
1999-09-13T12:00:00Z,-4.425,55.525,0.0
1999-09-13T12:00:00Z,-4.425,55.575,0.0
1999-09-13T12:00:00Z,-4.425,55.625,0.0
1999-09-13T12:00:00Z,-4.425,55.675,0.0
1999-09-13T12:00:00Z,-4.475,55.325,0.0
1999-09-13T12:00:00Z,-4.475,55.375,0.0
1999-09-13T12:00:00Z,-4.475,55.425,0.0
1999-09-13T12:00:00Z,-4.475,55.475,0.0
1999-09-13T12:00:00Z,-4.475,55.525,0.0
1999-09-13T12:00:00Z,-4.475,55.575,0.0
1999-09-13T12:00:00Z,-4.475,55.625,0.0
1999-09-13T12:00:00Z,-4.475,55.675,0.0
1999-09-13T12:00:00Z,-4.525,55.325,0.0
1999-09-13T12:00:00Z,-4.525,55.375,0.0
1999-09-13T12:00:00Z,-4.525,55.425,0.0
1999-09-13T12:00:00Z,-4.525,55.475,0.0
1999-09-13T12:00:00Z,-4.525,55.525,0.0
1999-09-13T12:00:00Z,-4.525,55.575,0.0
1999-09-13T12:00:00Z,-4.525,55.625,0.0
1999-09-13T12:00:00Z,-4.525,55.675,0.0
1999-09-13T12:00:00Z,-4.575,55.325,0.0
1999-09-13T12:00:00Z,-4.575,55.375,0.0
1999-09-13T12:00:00Z,-4.575,55.425,0.0
1999-09-13T12:00:00Z,-4.575,55.475,0.0
1999-09-13T12:00:00Z,-4.575,55.525,0.0
1999-09-13T12:00:00Z,-4.575,55.575,0.0
1999-09-13T12:00:00Z,-4.575,55.625,0.0
1999-09-13T12:00:00Z,-4.575,55.675,0.0
1999-09-13T12:00:00Z,-4.625,55.325,0.0
1999-09-13T12:00:00Z,-4.625,55.375,0.0
1999-09-13T12:00:00Z,-4.625,55.425,0.0
1999-09-13T12:00:00Z,-4.625,55.475,0.0
1999-09-13T12:00:00Z,-4.625,55.525,0.0
1999-09-13T12:00:00Z,-4.625,55.575,0.0
1999-09-13T12:00:00Z,-4.625,55.625,0.0
1999-09-13T12:00:00Z,-4.625,55.675,0.0
1999-10-13T12:00:00Z,-4.375,55.325,0.0
1999-10-13T12:00:00Z,-4.375,55.375,0.0
1999-10-13T12:00:00Z,-4.375,55.425,0.0
1999-10-13T12:00:00Z,-4.375,55.475,0.0
1999-10-13T12:00:00Z,-4.375,55.525,0.0
1999-10-13T12:00:00Z,-4.375,55.575,0.0
1999-10-13T12:00:00Z,-4.375,55.625,0.0
1999-10-13T12:00:00Z,-4.375,55.675,0.0
1999-10-13T12:00:00Z,-4.425,55.325,0.0
1999-10-13T12:00:00Z,-4.425,55.375,0.0
1999-10-13T12:00:00Z,-4.425,55.425,0.0
1999-10-13T12:00:00Z,-4.425,55.475,0.0
1999-10-13T12:00:00Z,-4.425,55.525,0.0
1999-10-13T12:00:00Z,-4.425,55.575,0.0
1999-10-13T12:00:00Z,-4.425,55.625,0.0
1999-10-13T12:00:00Z,-4.425,55.675,0.0
1999-10-13T12:00:00Z,-4.475,55.325,0.0
1999-10-13T12:00:00Z,-4.475,55.375,0.0
1999-10-13T12:00:00Z,-4.475,55.425,0.0
1999-10-13T12:00:00Z,-4.475,55.475,0.0
1999-10-13T12:00:00Z,-4.475,55.525,0.0
1999-10-13T12:00:00Z,-4.475,55.575,0.0
1999-10-13T12:00:00Z,-4.475,55.625,0.0
1999-10-13T12:00:00Z,-4.475,55.675,0.0
1999-10-13T12:00:00Z,-4.525,55.325,0.0
1999-10-13T12:00:00Z,-4.525,55.375,0.0
1999-10-13T12:00:00Z,-4.525,55.425,0.0
1999-10-13T12:00:00Z,-4.525,55.475,0.0
1999-10-13T12:00:00Z,-4.525,55.525,0.0
1999-10-13T12:00:00Z,-4.525,55.575,0.0
1999-10-13T12:00:00Z,-4.525,55.625,0.0
1999-10-13T12:00:00Z,-4.525,55.675,0.0
1999-10-13T12:00:00Z,-4.575,55.325,0.0
1999-10-13T12:00:00Z,-4.575,55.375,0.0
1999-10-13T12:00:00Z,-4.575,55.425,0.0
1999-10-13T12:00:00Z,-4.575,55.475,0.0
1999-10-13T12:00:00Z,-4.575,55.525,0.0
1999-10-13T12:00:00Z,-4.575,55.575,0.0
1999-10-13T12:00:00Z,-4.575,55.625,0.0
1999-10-13T12:00:00Z,-4.575,55.675,0.0
1999-10-13T12:00:00Z,-4.625,55.325,0.0
1999-10-13T12:00:00Z,-4.625,55.375,0.0
1999-10-13T12:00:00Z,-4.625,55.425,0.0
1999-10-13T12:00:00Z,-4.625,55.475,0.0
1999-10-13T12:00:00Z,-4.625,55.525,0.0
1999-10-13T12:00:00Z,-4.625,55.575,0.0
1999-10-13T12:00:00Z,-4.625,55.625,0.0
1999-10-13T12:00:00Z,-4.625,55.675,0.0
1999-11-12T12:00:00Z,-4.375,55.325,0.0
1999-11-12T12:00:00Z,-4.375,55.375,0.0
1999-11-12T12:00:00Z,-4.375,55.425,0.0
1999-11-12T12:00:00Z,-4.375,55.475,0.0
1999-11-12T12:00:00Z,-4.375,55.525,0.0
1999-11-12T12:00:00Z,-4.375,55.575,0.0
1999-11-12T12:00:00Z,-4.375,55.625,0.0
1999-11-12T12:00:00Z,-4.375,55.675,0.0
1999-11-12T12:00:00Z,-4.425,55.325,0.0
1999-11-12T12:00:00Z,-4.425,55.375,0.0
1999-11-12T12:00:00Z,-4.425,55.425,0.0
1999-11-12T12:00:00Z,-4.425,55.475,0.0
1999-11-12T12:00:00Z,-4.425,55.525,0.0
1999-11-12T12:00:00Z,-4.425,55.575,0.0
1999-11-12T12:00:00Z,-4.425,55.625,0.0
1999-11-12T12:00:00Z,-4.425,55.675,0.0
1999-11-12T12:00:00Z,-4.475,55.325,0.0
1999-11-12T12:00:00Z,-4.475,55.375,0.0
1999-11-12T12:00:00Z,-4.475,55.425,0.0
1999-11-12T12:00:00Z,-4.475,55.475,0.0
1999-11-12T12:00:00Z,-4.475,55.525,0.0
1999-11-12T12:00:00Z,-4.475,55.575,0.0
1999-11-12T12:00:00Z,-4.475,55.625,0.0
1999-11-12T12:00:00Z,-4.475,55.675,0.0
1999-11-12T12:00:00Z,-4.525,55.325,0.0
1999-11-12T12:00:00Z,-4.525,55.375,0.0
1999-11-12T12:00:00Z,-4.525,55.425,0.0
1999-11-12T12:00:00Z,-4.525,55.475,0.0
1999-11-12T12:00:00Z,-4.525,55.525,0.0
1999-11-12T12:00:00Z,-4.525,55.575,0.0
1999-11-12T12:00:00Z,-4.525,55.625,0.0
1999-11-12T12:00:00Z,-4.525,55.675,0.0
1999-11-12T12:00:00Z,-4.575,55.325,0.0
1999-11-12T12:00:00Z,-4.575,55.375,0.0
1999-11-12T12:00:00Z,-4.575,55.425,0.0
1999-11-12T12:00:00Z,-4.575,55.475,0.0
1999-11-12T12:00:00Z,-4.575,55.525,0.0
1999-11-12T12:00:00Z,-4.575,55.575,0.0
1999-11-12T12:00:00Z,-4.575,55.625,0.0
1999-11-12T12:00:00Z,-4.575,55.675,0.0
1999-11-12T12:00:00Z,-4.625,55.325,0.0
1999-11-12T12:00:00Z,-4.625,55.375,0.0
1999-11-12T12:00:00Z,-4.625,55.425,0.0
1999-11-12T12:00:00Z,-4.625,55.475,0.0
1999-11-12T12:00:00Z,-4.625,55.525,0.0
1999-11-12T12:00:00Z,-4.625,55.575,0.0
1999-11-12T12:00:00Z,-4.625,55.625,0.0
1999-11-12T12:00:00Z,-4.625,55.675,0.0
1999-12-12T12:00:00Z,-4.375,55.325,0.0
1999-12-12T12:00:00Z,-4.375,55.375,0.0
1999-12-12T12:00:00Z,-4.375,55.425,0.0
1999-12-12T12:00:00Z,-4.375,55.475,0.0
1999-12-12T12:00:00Z,-4.375,55.525,0.0
1999-12-12T12:00:00Z,-4.375,55.575,0.0
1999-12-12T12:00:00Z,-4.375,55.625,0.0
1999-12-12T12:00:00Z,-4.375,55.675,0.0
1999-12-12T12:00:00Z,-4.425,55.325,0.0
1999-12-12T12:00:00Z,-4.425,55.375,0.0
1999-12-12T12:00:00Z,-4.425,55.425,0.0
1999-12-12T12:00:00Z,-4.425,55.475,0.0
1999-12-12T12:00:00Z,-4.425,55.525,0.0
1999-12-12T12:00:00Z,-4.425,55.575,0.0
1999-12-12T12:00:00Z,-4.425,55.625,0.0
1999-12-12T12:00:00Z,-4.425,55.675,0.0
1999-12-12T12:00:00Z,-4.475,55.325,0.0
1999-12-12T12:00:00Z,-4.475,55.375,0.0
1999-12-12T12:00:00Z,-4.475,55.425,0.0
1999-12-12T12:00:00Z,-4.475,55.475,0.0
1999-12-12T12:00:00Z,-4.475,55.525,0.0
1999-12-12T12:00:00Z,-4.475,55.575,0.0
1999-12-12T12:00:00Z,-4.475,55.625,0.0
1999-12-12T12:00:00Z,-4.475,55.675,0.0
1999-12-12T12:00:00Z,-4.525,55.325,0.0
1999-12-12T12:00:00Z,-4.525,55.375,0.0
1999-12-12T12:00:00Z,-4.525,55.425,0.0
1999-12-12T12:00:00Z,-4.525,55.475,0.0
1999-12-12T12:00:00Z,-4.525,55.525,0.0
1999-12-12T12:00:00Z,-4.525,55.575,0.0
1999-12-12T12:00:00Z,-4.525,55.625,0.0
1999-12-12T12:00:00Z,-4.525,55.675,0.0
1999-12-12T12:00:00Z,-4.575,55.325,0.0
1999-12-12T12:00:00Z,-4.575,55.375,0.0
1999-12-12T12:00:00Z,-4.575,55.425,0.0
1999-12-12T12:00:00Z,-4.575,55.475,0.0
1999-12-12T12:00:00Z,-4.575,55.525,0.0
1999-12-12T12:00:00Z,-4.575,55.575,0.0
1999-12-12T12:00:00Z,-4.575,55.625,0.0
1999-12-12T12:00:00Z,-4.575,55.675,0.0
1999-12-12T12:00:00Z,-4.625,55.325,0.0
1999-12-12T12:00:00Z,-4.625,55.375,0.0
1999-12-12T12:00:00Z,-4.625,55.425,0.0
1999-12-12T12:00:00Z,-4.625,55.475,0.0
1999-12-12T12:00:00Z,-4.625,55.525,0.0
1999-12-12T12:00:00Z,-4.625,55.575,0.0
1999-12-12T12:00:00Z,-4.625,55.625,0.0
1999-12-12T12:00:00Z,-4.625,55.675,0.0
2000-01-11T12:00:00Z,-4.375,55.325,0.0
2000-01-11T12:00:00Z,-4.375,55.375,0.0
2000-01-11T12:00:00Z,-4.375,55.425,0.0
2000-01-11T12:00:00Z,-4.375,55.475,0.0
2000-01-11T12:00:00Z,-4.375,55.525,0.0
2000-01-11T12:00:00Z,-4.375,55.575,0.0
2000-01-11T12:00:00Z,-4.375,55.625,0.0
2000-01-11T12:00:00Z,-4.375,55.675,0.0
2000-01-11T12:00:00Z,-4.425,55.325,0.0
2000-01-11T12:00:00Z,-4.425,55.375,0.0
2000-01-11T12:00:00Z,-4.425,55.425,0.0
2000-01-11T12:00:00Z,-4.425,55.475,0.0
2000-01-11T12:00:00Z,-4.425,55.525,0.0
2000-01-11T12:00:00Z,-4.425,55.575,0.0
2000-01-11T12:00:00Z,-4.425,55.625,0.0
2000-01-11T12:00:00Z,-4.425,55.675,0.0
2000-01-11T12:00:00Z,-4.475,55.325,0.0
2000-01-11T12:00:00Z,-4.475,55.375,0.0
2000-01-11T12:00:00Z,-4.475,55.425,0.0
2000-01-11T12:00:00Z,-4.475,55.475,0.0
2000-01-11T12:00:00Z,-4.475,55.525,0.0
2000-01-11T12:00:00Z,-4.475,55.575,0.0
2000-01-11T12:00:00Z,-4.475,55.625,0.0
2000-01-11T12:00:00Z,-4.475,55.675,0.0
2000-01-11T12:00:00Z,-4.525,55.325,0.0
2000-01-11T12:00:00Z,-4.525,55.375,0.0
2000-01-11T12:00:00Z,-4.525,55.425,0.0
2000-01-11T12:00:00Z,-4.525,55.475,0.0
2000-01-11T12:00:00Z,-4.525,55.525,0.0
2000-01-11T12:00:00Z,-4.525,55.575,0.0
2000-01-11T12:00:00Z,-4.525,55.625,0.0
2000-01-11T12:00:00Z,-4.525,55.675,0.0
2000-01-11T12:00:00Z,-4.575,55.325,0.0
2000-01-11T12:00:00Z,-4.575,55.375,0.0
2000-01-11T12:00:00Z,-4.575,55.425,0.0
2000-01-11T12:00:00Z,-4.575,55.475,0.0
2000-01-11T12:00:00Z,-4.575,55.525,0.0
2000-01-11T12:00:00Z,-4.575,55.575,0.0
2000-01-11T12:00:00Z,-4.575,55.625,0.0
2000-01-11T12:00:00Z,-4.575,55.675,0.0
2000-01-11T12:00:00Z,-4.625,55.325,0.0
2000-01-11T12:00:00Z,-4.625,55.375,0.0
2000-01-11T12:00:00Z,-4.625,55.425,0.0
2000-01-11T12:00:00Z,-4.625,55.475,0.0
2000-01-11T12:00:00Z,-4.625,55.525,0.0
2000-01-11T12:00:00Z,-4.625,55.575,0.0
2000-01-11T12:00:00Z,-4.625,55.625,0.0
2000-01-11T12:00:00Z,-4.625,55.675,0.0
2000-02-10T12:00:00Z,-4.375,55.325,0.0
2000-02-10T12:00:00Z,-4.375,55.375,0.0
2000-02-10T12:00:00Z,-4.375,55.425,0.0
2000-02-10T12:00:00Z,-4.375,55.475,0.0
2000-02-10T12:00:00Z,-4.375,55.525,0.0
2000-02-10T12:00:00Z,-4.375,55.575,0.0
2000-02-10T12:00:00Z,-4.375,55.625,0.0
2000-02-10T12:00:00Z,-4.375,55.675,0.0
2000-02-10T12:00:00Z,-4.425,55.325,0.0
2000-02-10T12:00:00Z,-4.425,55.375,0.0
2000-02-10T12:00:00Z,-4.425,55.425,0.0
2000-02-10T12:00:00Z,-4.425,55.475,0.0
2000-02-10T12:00:00Z,-4.425,55.525,0.0
2000-02-10T12:00:00Z,-4.425,55.575,0.0
2000-02-10T12:00:00Z,-4.425,55.625,0.0
2000-02-10T12:00:00Z,-4.425,55.675,0.0
2000-02-10T12:00:00Z,-4.475,55.325,0.0
2000-02-10T12:00:00Z,-4.475,55.375,0.0
2000-02-10T12:00:00Z,-4.475,55.425,0.0
2000-02-10T12:00:00Z,-4.475,55.475,0.0
2000-02-10T12:00:00Z,-4.475,55.525,0.0
2000-02-10T12:00:00Z,-4.475,55.575,0.0
2000-02-10T12:00:00Z,-4.475,55.625,0.0
2000-02-10T12:00:00Z,-4.475,55.675,0.0
2000-02-10T12:00:00Z,-4.525,55.325,0.0
2000-02-10T12:00:00Z,-4.525,55.375,0.0
2000-02-10T12:00:00Z,-4.525,55.425,0.0
2000-02-10T12:00:00Z,-4.525,55.475,0.0
2000-02-10T12:00:00Z,-4.525,55.525,0.0
2000-02-10T12:00:00Z,-4.525,55.575,0.0
2000-02-10T12:00:00Z,-4.525,55.625,0.0
2000-02-10T12:00:00Z,-4.525,55.675,0.0
2000-02-10T12:00:00Z,-4.575,55.325,0.0
2000-02-10T12:00:00Z,-4.575,55.375,0.0
2000-02-10T12:00:00Z,-4.575,55.425,0.0
2000-02-10T12:00:00Z,-4.575,55.475,0.0
2000-02-10T12:00:00Z,-4.575,55.525,0.0
2000-02-10T12:00:00Z,-4.575,55.575,0.0
2000-02-10T12:00:00Z,-4.575,55.625,0.0
2000-02-10T12:00:00Z,-4.575,55.675,0.0
2000-02-10T12:00:00Z,-4.625,55.325,0.0
2000-02-10T12:00:00Z,-4.625,55.375,0.0
2000-02-10T12:00:00Z,-4.625,55.425,0.0
2000-02-10T12:00:00Z,-4.625,55.475,0.0
2000-02-10T12:00:00Z,-4.625,55.525,0.0
2000-02-10T12:00:00Z,-4.625,55.575,0.0
2000-02-10T12:00:00Z,-4.625,55.625,0.0
2000-02-10T12:00:00Z,-4.625,55.675,0.0
2000-03-11T12:00:00Z,-4.375,55.325,0.0
2000-03-11T12:00:00Z,-4.375,55.375,0.0
2000-03-11T12:00:00Z,-4.375,55.425,0.0
2000-03-11T12:00:00Z,-4.375,55.475,0.0
2000-03-11T12:00:00Z,-4.375,55.525,0.0
2000-03-11T12:00:00Z,-4.375,55.575,0.0
2000-03-11T12:00:00Z,-4.375,55.625,0.0
2000-03-11T12:00:00Z,-4.375,55.675,0.0
2000-03-11T12:00:00Z,-4.425,55.325,0.0
2000-03-11T12:00:00Z,-4.425,55.375,0.0
2000-03-11T12:00:00Z,-4.425,55.425,0.0
2000-03-11T12:00:00Z,-4.425,55.475,0.0
2000-03-11T12:00:00Z,-4.425,55.525,0.0
2000-03-11T12:00:00Z,-4.425,55.575,0.0
2000-03-11T12:00:00Z,-4.425,55.625,0.0
2000-03-11T12:00:00Z,-4.425,55.675,0.0
2000-03-11T12:00:00Z,-4.475,55.325,0.0
2000-03-11T12:00:00Z,-4.475,55.375,0.0
2000-03-11T12:00:00Z,-4.475,55.425,0.0
2000-03-11T12:00:00Z,-4.475,55.475,0.0
2000-03-11T12:00:00Z,-4.475,55.525,0.0
2000-03-11T12:00:00Z,-4.475,55.575,0.0
2000-03-11T12:00:00Z,-4.475,55.625,0.0
2000-03-11T12:00:00Z,-4.475,55.675,0.0
2000-03-11T12:00:00Z,-4.525,55.325,0.0
2000-03-11T12:00:00Z,-4.525,55.375,0.0
2000-03-11T12:00:00Z,-4.525,55.425,0.0
2000-03-11T12:00:00Z,-4.525,55.475,0.0
2000-03-11T12:00:00Z,-4.525,55.525,0.0
2000-03-11T12:00:00Z,-4.525,55.575,0.0
2000-03-11T12:00:00Z,-4.525,55.625,0.0
2000-03-11T12:00:00Z,-4.525,55.675,0.0
2000-03-11T12:00:00Z,-4.575,55.325,0.0
2000-03-11T12:00:00Z,-4.575,55.375,0.0
2000-03-11T12:00:00Z,-4.575,55.425,0.0
2000-03-11T12:00:00Z,-4.575,55.475,0.0
2000-03-11T12:00:00Z,-4.575,55.525,0.0
2000-03-11T12:00:00Z,-4.575,55.575,0.0
2000-03-11T12:00:00Z,-4.575,55.625,0.0
2000-03-11T12:00:00Z,-4.575,55.675,0.0
2000-03-11T12:00:00Z,-4.625,55.325,0.0
2000-03-11T12:00:00Z,-4.625,55.375,0.0
2000-03-11T12:00:00Z,-4.625,55.425,0.0
2000-03-11T12:00:00Z,-4.625,55.475,0.0
2000-03-11T12:00:00Z,-4.625,55.525,0.0
2000-03-11T12:00:00Z,-4.625,55.575,0.0
2000-03-11T12:00:00Z,-4.625,55.625,0.0
2000-03-11T12:00:00Z,-4.625,55.675,0.0
2000-04-10T12:00:00Z,-4.375,55.325,0.0
2000-04-10T12:00:00Z,-4.375,55.375,0.0
2000-04-10T12:00:00Z,-4.375,55.425,0.0
2000-04-10T12:00:00Z,-4.375,55.475,0.0
2000-04-10T12:00:00Z,-4.375,55.525,0.0
2000-04-10T12:00:00Z,-4.375,55.575,0.0
2000-04-10T12:00:00Z,-4.375,55.625,0.0
2000-04-10T12:00:00Z,-4.375,55.675,0.0
2000-04-10T12:00:00Z,-4.425,55.325,0.0
2000-04-10T12:00:00Z,-4.425,55.375,0.0
2000-04-10T12:00:00Z,-4.425,55.425,0.0
2000-04-10T12:00:00Z,-4.425,55.475,0.0
2000-04-10T12:00:00Z,-4.425,55.525,0.0
2000-04-10T12:00:00Z,-4.425,55.575,0.0
2000-04-10T12:00:00Z,-4.425,55.625,0.0
2000-04-10T12:00:00Z,-4.425,55.675,0.0
2000-04-10T12:00:00Z,-4.475,55.325,0.0
2000-04-10T12:00:00Z,-4.475,55.375,0.0
2000-04-10T12:00:00Z,-4.475,55.425,0.0
2000-04-10T12:00:00Z,-4.475,55.475,0.0
2000-04-10T12:00:00Z,-4.475,55.525,0.0
2000-04-10T12:00:00Z,-4.475,55.575,0.0
2000-04-10T12:00:00Z,-4.475,55.625,0.0
2000-04-10T12:00:00Z,-4.475,55.675,0.0
2000-04-10T12:00:00Z,-4.525,55.325,0.0
2000-04-10T12:00:00Z,-4.525,55.375,0.0
2000-04-10T12:00:00Z,-4.525,55.425,0.0
2000-04-10T12:00:00Z,-4.525,55.475,0.0
2000-04-10T12:00:00Z,-4.525,55.525,0.0
2000-04-10T12:00:00Z,-4.525,55.575,0.0
2000-04-10T12:00:00Z,-4.525,55.625,0.0
2000-04-10T12:00:00Z,-4.525,55.675,0.0
2000-04-10T12:00:00Z,-4.575,55.325,0.0
2000-04-10T12:00:00Z,-4.575,55.375,0.0
2000-04-10T12:00:00Z,-4.575,55.425,0.0
2000-04-10T12:00:00Z,-4.575,55.475,0.0
2000-04-10T12:00:00Z,-4.575,55.525,0.0
2000-04-10T12:00:00Z,-4.575,55.575,0.0
2000-04-10T12:00:00Z,-4.575,55.625,0.0
2000-04-10T12:00:00Z,-4.575,55.675,0.0
2000-04-10T12:00:00Z,-4.625,55.325,0.0
2000-04-10T12:00:00Z,-4.625,55.375,0.0
2000-04-10T12:00:00Z,-4.625,55.425,0.0
2000-04-10T12:00:00Z,-4.625,55.475,0.0
2000-04-10T12:00:00Z,-4.625,55.525,0.0
2000-04-10T12:00:00Z,-4.625,55.575,0.0
2000-04-10T12:00:00Z,-4.625,55.625,0.0
2000-04-10T12:00:00Z,-4.625,55.675,0.0
2000-05-10T12:00:00Z,-4.375,55.325,0.0
2000-05-10T12:00:00Z,-4.375,55.375,0.0
2000-05-10T12:00:00Z,-4.375,55.425,0.0
2000-05-10T12:00:00Z,-4.375,55.475,0.0
2000-05-10T12:00:00Z,-4.375,55.525,0.0
2000-05-10T12:00:00Z,-4.375,55.575,0.0
2000-05-10T12:00:00Z,-4.375,55.625,0.0
2000-05-10T12:00:00Z,-4.375,55.675,0.0
2000-05-10T12:00:00Z,-4.425,55.325,0.0
2000-05-10T12:00:00Z,-4.425,55.375,0.0
2000-05-10T12:00:00Z,-4.425,55.425,0.0
2000-05-10T12:00:00Z,-4.425,55.475,0.0
2000-05-10T12:00:00Z,-4.425,55.525,0.0
2000-05-10T12:00:00Z,-4.425,55.575,0.0
2000-05-10T12:00:00Z,-4.425,55.625,0.0
2000-05-10T12:00:00Z,-4.425,55.675,0.0
2000-05-10T12:00:00Z,-4.475,55.325,0.0
2000-05-10T12:00:00Z,-4.475,55.375,0.0
2000-05-10T12:00:00Z,-4.475,55.425,0.0
2000-05-10T12:00:00Z,-4.475,55.475,0.0
2000-05-10T12:00:00Z,-4.475,55.525,0.0
2000-05-10T12:00:00Z,-4.475,55.575,0.0
2000-05-10T12:00:00Z,-4.475,55.625,0.0
2000-05-10T12:00:00Z,-4.475,55.675,0.0
2000-05-10T12:00:00Z,-4.525,55.325,0.0
2000-05-10T12:00:00Z,-4.525,55.375,0.0
2000-05-10T12:00:00Z,-4.525,55.425,0.0
2000-05-10T12:00:00Z,-4.525,55.475,0.0
2000-05-10T12:00:00Z,-4.525,55.525,0.0
2000-05-10T12:00:00Z,-4.525,55.575,0.0
2000-05-10T12:00:00Z,-4.525,55.625,0.0
2000-05-10T12:00:00Z,-4.525,55.675,0.0
2000-05-10T12:00:00Z,-4.575,55.325,0.0
2000-05-10T12:00:00Z,-4.575,55.375,0.0
2000-05-10T12:00:00Z,-4.575,55.425,0.0
2000-05-10T12:00:00Z,-4.575,55.475,0.0
2000-05-10T12:00:00Z,-4.575,55.525,0.0
2000-05-10T12:00:00Z,-4.575,55.575,0.0
2000-05-10T12:00:00Z,-4.575,55.625,0.0
2000-05-10T12:00:00Z,-4.575,55.675,0.0
2000-05-10T12:00:00Z,-4.625,55.325,0.0
2000-05-10T12:00:00Z,-4.625,55.375,0.0
2000-05-10T12:00:00Z,-4.625,55.425,0.0
2000-05-10T12:00:00Z,-4.625,55.475,0.0
2000-05-10T12:00:00Z,-4.625,55.525,0.0
2000-05-10T12:00:00Z,-4.625,55.575,0.0
2000-05-10T12:00:00Z,-4.625,55.625,0.0
2000-05-10T12:00:00Z,-4.625,55.675,0.0
2000-06-09T12:00:00Z,-4.375,55.325,0.0
2000-06-09T12:00:00Z,-4.375,55.375,0.0
2000-06-09T12:00:00Z,-4.375,55.425,0.0
2000-06-09T12:00:00Z,-4.375,55.475,0.0
2000-06-09T12:00:00Z,-4.375,55.525,0.0
2000-06-09T12:00:00Z,-4.375,55.575,0.0
2000-06-09T12:00:00Z,-4.375,55.625,0.0
2000-06-09T12:00:00Z,-4.375,55.675,0.0
2000-06-09T12:00:00Z,-4.425,55.325,0.0
2000-06-09T12:00:00Z,-4.425,55.375,0.0
2000-06-09T12:00:00Z,-4.425,55.425,0.0
2000-06-09T12:00:00Z,-4.425,55.475,0.0
2000-06-09T12:00:00Z,-4.425,55.525,0.0
2000-06-09T12:00:00Z,-4.425,55.575,0.0
2000-06-09T12:00:00Z,-4.425,55.625,0.0
2000-06-09T12:00:00Z,-4.425,55.675,0.0
2000-06-09T12:00:00Z,-4.475,55.325,0.0
2000-06-09T12:00:00Z,-4.475,55.375,0.0
2000-06-09T12:00:00Z,-4.475,55.425,0.0
2000-06-09T12:00:00Z,-4.475,55.475,0.0
2000-06-09T12:00:00Z,-4.475,55.525,0.0
2000-06-09T12:00:00Z,-4.475,55.575,0.0
2000-06-09T12:00:00Z,-4.475,55.625,0.0
2000-06-09T12:00:00Z,-4.475,55.675,0.0
2000-06-09T12:00:00Z,-4.525,55.325,0.0
2000-06-09T12:00:00Z,-4.525,55.375,0.0
2000-06-09T12:00:00Z,-4.525,55.425,0.0
2000-06-09T12:00:00Z,-4.525,55.475,0.0
2000-06-09T12:00:00Z,-4.525,55.525,0.0
2000-06-09T12:00:00Z,-4.525,55.575,0.0
2000-06-09T12:00:00Z,-4.525,55.625,0.0
2000-06-09T12:00:00Z,-4.525,55.675,0.0
2000-06-09T12:00:00Z,-4.575,55.325,0.0
2000-06-09T12:00:00Z,-4.575,55.375,0.0
2000-06-09T12:00:00Z,-4.575,55.425,0.0
2000-06-09T12:00:00Z,-4.575,55.475,0.0
2000-06-09T12:00:00Z,-4.575,55.525,0.0
2000-06-09T12:00:00Z,-4.575,55.575,0.0
2000-06-09T12:00:00Z,-4.575,55.625,0.0
2000-06-09T12:00:00Z,-4.575,55.675,0.0
2000-06-09T12:00:00Z,-4.625,55.325,0.0
2000-06-09T12:00:00Z,-4.625,55.375,0.0
2000-06-09T12:00:00Z,-4.625,55.425,0.0
2000-06-09T12:00:00Z,-4.625,55.475,0.0
2000-06-09T12:00:00Z,-4.625,55.525,0.0
2000-06-09T12:00:00Z,-4.625,55.575,0.0
2000-06-09T12:00:00Z,-4.625,55.625,0.0
2000-06-09T12:00:00Z,-4.625,55.675,0.0
2000-07-09T12:00:00Z,-4.375,55.325,0.0
2000-07-09T12:00:00Z,-4.375,55.375,0.0
2000-07-09T12:00:00Z,-4.375,55.425,0.0
2000-07-09T12:00:00Z,-4.375,55.475,0.0
2000-07-09T12:00:00Z,-4.375,55.525,0.0
2000-07-09T12:00:00Z,-4.375,55.575,0.0
2000-07-09T12:00:00Z,-4.375,55.625,0.0
2000-07-09T12:00:00Z,-4.375,55.675,0.0
2000-07-09T12:00:00Z,-4.425,55.325,0.0
2000-07-09T12:00:00Z,-4.425,55.375,0.0
2000-07-09T12:00:00Z,-4.425,55.425,0.0
2000-07-09T12:00:00Z,-4.425,55.475,0.0
2000-07-09T12:00:00Z,-4.425,55.525,0.0
2000-07-09T12:00:00Z,-4.425,55.575,0.0
2000-07-09T12:00:00Z,-4.425,55.625,0.0
2000-07-09T12:00:00Z,-4.425,55.675,0.0
2000-07-09T12:00:00Z,-4.475,55.325,0.0
2000-07-09T12:00:00Z,-4.475,55.375,0.0
2000-07-09T12:00:00Z,-4.475,55.425,0.0
2000-07-09T12:00:00Z,-4.475,55.475,0.0
2000-07-09T12:00:00Z,-4.475,55.525,0.0
2000-07-09T12:00:00Z,-4.475,55.575,0.0
2000-07-09T12:00:00Z,-4.475,55.625,0.0
2000-07-09T12:00:00Z,-4.475,55.675,0.0
2000-07-09T12:00:00Z,-4.525,55.325,0.0
2000-07-09T12:00:00Z,-4.525,55.375,0.0
2000-07-09T12:00:00Z,-4.525,55.425,0.0
2000-07-09T12:00:00Z,-4.525,55.475,0.0
2000-07-09T12:00:00Z,-4.525,55.525,0.0
2000-07-09T12:00:00Z,-4.525,55.575,0.0
2000-07-09T12:00:00Z,-4.525,55.625,0.0
2000-07-09T12:00:00Z,-4.525,55.675,0.0
2000-07-09T12:00:00Z,-4.575,55.325,0.0
2000-07-09T12:00:00Z,-4.575,55.375,0.0
2000-07-09T12:00:00Z,-4.575,55.425,0.0
2000-07-09T12:00:00Z,-4.575,55.475,0.0
2000-07-09T12:00:00Z,-4.575,55.525,0.0
2000-07-09T12:00:00Z,-4.575,55.575,0.0
2000-07-09T12:00:00Z,-4.575,55.625,0.0
2000-07-09T12:00:00Z,-4.575,55.675,0.0
2000-07-09T12:00:00Z,-4.625,55.325,0.0
2000-07-09T12:00:00Z,-4.625,55.375,0.0
2000-07-09T12:00:00Z,-4.625,55.425,0.0
2000-07-09T12:00:00Z,-4.625,55.475,0.0
2000-07-09T12:00:00Z,-4.625,55.525,0.0
2000-07-09T12:00:00Z,-4.625,55.575,0.0
2000-07-09T12:00:00Z,-4.625,55.625,0.0
2000-07-09T12:00:00Z,-4.625,55.675,0.0
2000-08-08T12:00:00Z,-4.375,55.325,0.0
2000-08-08T12:00:00Z,-4.375,55.375,0.0
2000-08-08T12:00:00Z,-4.375,55.425,0.0
2000-08-08T12:00:00Z,-4.375,55.475,0.0
2000-08-08T12:00:00Z,-4.375,55.525,0.0
2000-08-08T12:00:00Z,-4.375,55.575,0.0
2000-08-08T12:00:00Z,-4.375,55.625,0.0
2000-08-08T12:00:00Z,-4.375,55.675,0.0
2000-08-08T12:00:00Z,-4.425,55.325,0.0
2000-08-08T12:00:00Z,-4.425,55.375,0.0
2000-08-08T12:00:00Z,-4.425,55.425,0.0
2000-08-08T12:00:00Z,-4.425,55.475,0.0
2000-08-08T12:00:00Z,-4.425,55.525,0.0
2000-08-08T12:00:00Z,-4.425,55.575,0.0
2000-08-08T12:00:00Z,-4.425,55.625,0.0
2000-08-08T12:00:00Z,-4.425,55.675,0.0
2000-08-08T12:00:00Z,-4.475,55.325,0.0
2000-08-08T12:00:00Z,-4.475,55.375,0.0
2000-08-08T12:00:00Z,-4.475,55.425,0.0
2000-08-08T12:00:00Z,-4.475,55.475,0.0
2000-08-08T12:00:00Z,-4.475,55.525,0.0
2000-08-08T12:00:00Z,-4.475,55.575,0.0
2000-08-08T12:00:00Z,-4.475,55.625,0.0
2000-08-08T12:00:00Z,-4.475,55.675,0.0
2000-08-08T12:00:00Z,-4.525,55.325,0.0
2000-08-08T12:00:00Z,-4.525,55.375,0.0
2000-08-08T12:00:00Z,-4.525,55.425,0.0
2000-08-08T12:00:00Z,-4.525,55.475,0.0
2000-08-08T12:00:00Z,-4.525,55.525,0.0
2000-08-08T12:00:00Z,-4.525,55.575,0.0
2000-08-08T12:00:00Z,-4.525,55.625,0.0
2000-08-08T12:00:00Z,-4.525,55.675,0.0
2000-08-08T12:00:00Z,-4.575,55.325,0.0
2000-08-08T12:00:00Z,-4.575,55.375,0.0
2000-08-08T12:00:00Z,-4.575,55.425,0.0
2000-08-08T12:00:00Z,-4.575,55.475,0.0
2000-08-08T12:00:00Z,-4.575,55.525,0.0
2000-08-08T12:00:00Z,-4.575,55.575,0.0
2000-08-08T12:00:00Z,-4.575,55.625,0.0
2000-08-08T12:00:00Z,-4.575,55.675,0.0
2000-08-08T12:00:00Z,-4.625,55.325,0.0
2000-08-08T12:00:00Z,-4.625,55.375,0.0
2000-08-08T12:00:00Z,-4.625,55.425,0.0
2000-08-08T12:00:00Z,-4.625,55.475,0.0
2000-08-08T12:00:00Z,-4.625,55.525,0.0
2000-08-08T12:00:00Z,-4.625,55.575,0.0
2000-08-08T12:00:00Z,-4.625,55.625,0.0
2000-08-08T12:00:00Z,-4.625,55.675,0.0
2000-09-07T12:00:00Z,-4.375,55.325,0.0
2000-09-07T12:00:00Z,-4.375,55.375,0.0
2000-09-07T12:00:00Z,-4.375,55.425,0.0
2000-09-07T12:00:00Z,-4.375,55.475,0.0
2000-09-07T12:00:00Z,-4.375,55.525,0.0
2000-09-07T12:00:00Z,-4.375,55.575,0.0
2000-09-07T12:00:00Z,-4.375,55.625,0.0
2000-09-07T12:00:00Z,-4.375,55.675,0.0
2000-09-07T12:00:00Z,-4.425,55.325,0.0
2000-09-07T12:00:00Z,-4.425,55.375,0.0
2000-09-07T12:00:00Z,-4.425,55.425,0.0
2000-09-07T12:00:00Z,-4.425,55.475,0.0
2000-09-07T12:00:00Z,-4.425,55.525,0.0
2000-09-07T12:00:00Z,-4.425,55.575,0.0
2000-09-07T12:00:00Z,-4.425,55.625,0.0
2000-09-07T12:00:00Z,-4.425,55.675,0.0
2000-09-07T12:00:00Z,-4.475,55.325,0.0
2000-09-07T12:00:00Z,-4.475,55.375,0.0
2000-09-07T12:00:00Z,-4.475,55.425,0.0
2000-09-07T12:00:00Z,-4.475,55.475,0.0
2000-09-07T12:00:00Z,-4.475,55.525,0.0
2000-09-07T12:00:00Z,-4.475,55.575,0.0
2000-09-07T12:00:00Z,-4.475,55.625,0.0
2000-09-07T12:00:00Z,-4.475,55.675,0.0
2000-09-07T12:00:00Z,-4.525,55.325,0.0
2000-09-07T12:00:00Z,-4.525,55.375,0.0
2000-09-07T12:00:00Z,-4.525,55.425,0.0
2000-09-07T12:00:00Z,-4.525,55.475,0.0
2000-09-07T12:00:00Z,-4.525,55.525,0.0
2000-09-07T12:00:00Z,-4.525,55.575,0.0
2000-09-07T12:00:00Z,-4.525,55.625,0.0
2000-09-07T12:00:00Z,-4.525,55.675,0.0
2000-09-07T12:00:00Z,-4.575,55.325,0.0
2000-09-07T12:00:00Z,-4.575,55.375,0.0
2000-09-07T12:00:00Z,-4.575,55.425,0.0
2000-09-07T12:00:00Z,-4.575,55.475,0.0
2000-09-07T12:00:00Z,-4.575,55.525,0.0
2000-09-07T12:00:00Z,-4.575,55.575,0.0
2000-09-07T12:00:00Z,-4.575,55.625,0.0
2000-09-07T12:00:00Z,-4.575,55.675,0.0
2000-09-07T12:00:00Z,-4.625,55.325,0.0
2000-09-07T12:00:00Z,-4.625,55.375,0.0
2000-09-07T12:00:00Z,-4.625,55.425,0.0
2000-09-07T12:00:00Z,-4.625,55.475,0.0
2000-09-07T12:00:00Z,-4.625,55.525,0.0
2000-09-07T12:00:00Z,-4.625,55.575,0.0
2000-09-07T12:00:00Z,-4.625,55.625,0.0
2000-09-07T12:00:00Z,-4.625,55.675,0.0
2000-10-07T12:00:00Z,-4.375,55.325,0.0
2000-10-07T12:00:00Z,-4.375,55.375,0.0
2000-10-07T12:00:00Z,-4.375,55.425,0.0
2000-10-07T12:00:00Z,-4.375,55.475,0.0
2000-10-07T12:00:00Z,-4.375,55.525,0.0
2000-10-07T12:00:00Z,-4.375,55.575,0.0
2000-10-07T12:00:00Z,-4.375,55.625,0.0
2000-10-07T12:00:00Z,-4.375,55.675,0.0
2000-10-07T12:00:00Z,-4.425,55.325,0.0
2000-10-07T12:00:00Z,-4.425,55.375,0.0
2000-10-07T12:00:00Z,-4.425,55.425,0.0
2000-10-07T12:00:00Z,-4.425,55.475,0.0
2000-10-07T12:00:00Z,-4.425,55.525,0.0
2000-10-07T12:00:00Z,-4.425,55.575,0.0
2000-10-07T12:00:00Z,-4.425,55.625,0.0
2000-10-07T12:00:00Z,-4.425,55.675,0.0
2000-10-07T12:00:00Z,-4.475,55.325,0.0
2000-10-07T12:00:00Z,-4.475,55.375,0.0
2000-10-07T12:00:00Z,-4.475,55.425,0.0
2000-10-07T12:00:00Z,-4.475,55.475,0.0
2000-10-07T12:00:00Z,-4.475,55.525,0.0
2000-10-07T12:00:00Z,-4.475,55.575,0.0
2000-10-07T12:00:00Z,-4.475,55.625,0.0
2000-10-07T12:00:00Z,-4.475,55.675,0.0
2000-10-07T12:00:00Z,-4.525,55.325,0.0
2000-10-07T12:00:00Z,-4.525,55.375,0.0
2000-10-07T12:00:00Z,-4.525,55.425,0.0
2000-10-07T12:00:00Z,-4.525,55.475,0.0
2000-10-07T12:00:00Z,-4.525,55.525,0.0
2000-10-07T12:00:00Z,-4.525,55.575,0.0
2000-10-07T12:00:00Z,-4.525,55.625,0.0
2000-10-07T12:00:00Z,-4.525,55.675,0.0
2000-10-07T12:00:00Z,-4.575,55.325,0.0
2000-10-07T12:00:00Z,-4.575,55.375,0.0
2000-10-07T12:00:00Z,-4.575,55.425,0.0
2000-10-07T12:00:00Z,-4.575,55.475,0.0
2000-10-07T12:00:00Z,-4.575,55.525,0.0
2000-10-07T12:00:00Z,-4.575,55.575,0.0
2000-10-07T12:00:00Z,-4.575,55.625,0.0
2000-10-07T12:00:00Z,-4.575,55.675,0.0
2000-10-07T12:00:00Z,-4.625,55.325,0.0
2000-10-07T12:00:00Z,-4.625,55.375,0.0
2000-10-07T12:00:00Z,-4.625,55.425,0.0
2000-10-07T12:00:00Z,-4.625,55.475,0.0
2000-10-07T12:00:00Z,-4.625,55.525,0.0
2000-10-07T12:00:00Z,-4.625,55.575,0.0
2000-10-07T12:00:00Z,-4.625,55.625,0.0
2000-10-07T12:00:00Z,-4.625,55.675,0.0
2000-11-06T12:00:00Z,-4.375,55.325,0.0
2000-11-06T12:00:00Z,-4.375,55.375,0.0
2000-11-06T12:00:00Z,-4.375,55.425,0.0
2000-11-06T12:00:00Z,-4.375,55.475,0.0
2000-11-06T12:00:00Z,-4.375,55.525,0.0
2000-11-06T12:00:00Z,-4.375,55.575,0.0
2000-11-06T12:00:00Z,-4.375,55.625,0.0
2000-11-06T12:00:00Z,-4.375,55.675,0.0
2000-11-06T12:00:00Z,-4.425,55.325,0.0
2000-11-06T12:00:00Z,-4.425,55.375,0.0
2000-11-06T12:00:00Z,-4.425,55.425,0.0
2000-11-06T12:00:00Z,-4.425,55.475,0.0
2000-11-06T12:00:00Z,-4.425,55.525,0.0
2000-11-06T12:00:00Z,-4.425,55.575,0.0
2000-11-06T12:00:00Z,-4.425,55.625,0.0
2000-11-06T12:00:00Z,-4.425,55.675,0.0
2000-11-06T12:00:00Z,-4.475,55.325,0.0
2000-11-06T12:00:00Z,-4.475,55.375,0.0
2000-11-06T12:00:00Z,-4.475,55.425,0.0
2000-11-06T12:00:00Z,-4.475,55.475,0.0
2000-11-06T12:00:00Z,-4.475,55.525,0.0
2000-11-06T12:00:00Z,-4.475,55.575,0.0
2000-11-06T12:00:00Z,-4.475,55.625,0.0
2000-11-06T12:00:00Z,-4.475,55.675,0.0
2000-11-06T12:00:00Z,-4.525,55.325,0.0
2000-11-06T12:00:00Z,-4.525,55.375,0.0
2000-11-06T12:00:00Z,-4.525,55.425,0.0
2000-11-06T12:00:00Z,-4.525,55.475,0.0
2000-11-06T12:00:00Z,-4.525,55.525,0.0
2000-11-06T12:00:00Z,-4.525,55.575,0.0
2000-11-06T12:00:00Z,-4.525,55.625,0.0
2000-11-06T12:00:00Z,-4.525,55.675,0.0
2000-11-06T12:00:00Z,-4.575,55.325,0.0
2000-11-06T12:00:00Z,-4.575,55.375,0.0
2000-11-06T12:00:00Z,-4.575,55.425,0.0
2000-11-06T12:00:00Z,-4.575,55.475,0.0
2000-11-06T12:00:00Z,-4.575,55.525,0.0
2000-11-06T12:00:00Z,-4.575,55.575,0.0
2000-11-06T12:00:00Z,-4.575,55.625,0.0
2000-11-06T12:00:00Z,-4.575,55.675,0.0
2000-11-06T12:00:00Z,-4.625,55.325,0.0
2000-11-06T12:00:00Z,-4.625,55.375,0.0
2000-11-06T12:00:00Z,-4.625,55.425,0.0
2000-11-06T12:00:00Z,-4.625,55.475,0.0
2000-11-06T12:00:00Z,-4.625,55.525,0.0
2000-11-06T12:00:00Z,-4.625,55.575,0.0
2000-11-06T12:00:00Z,-4.625,55.625,0.0
2000-11-06T12:00:00Z,-4.625,55.675,0.0
2000-12-06T12:00:00Z,-4.375,55.325,0.0
2000-12-06T12:00:00Z,-4.375,55.375,0.0
2000-12-06T12:00:00Z,-4.375,55.425,0.0
2000-12-06T12:00:00Z,-4.375,55.475,0.0
2000-12-06T12:00:00Z,-4.375,55.525,0.0
2000-12-06T12:00:00Z,-4.375,55.575,0.0
2000-12-06T12:00:00Z,-4.375,55.625,0.0
2000-12-06T12:00:00Z,-4.375,55.675,0.0
2000-12-06T12:00:00Z,-4.425,55.325,0.0
2000-12-06T12:00:00Z,-4.425,55.375,0.0
2000-12-06T12:00:00Z,-4.425,55.425,0.0
2000-12-06T12:00:00Z,-4.425,55.475,0.0
2000-12-06T12:00:00Z,-4.425,55.525,0.0
2000-12-06T12:00:00Z,-4.425,55.575,0.0
2000-12-06T12:00:00Z,-4.425,55.625,0.0
2000-12-06T12:00:00Z,-4.425,55.675,0.0
2000-12-06T12:00:00Z,-4.475,55.325,0.0
2000-12-06T12:00:00Z,-4.475,55.375,0.0
2000-12-06T12:00:00Z,-4.475,55.425,0.0
2000-12-06T12:00:00Z,-4.475,55.475,0.0
2000-12-06T12:00:00Z,-4.475,55.525,0.0
2000-12-06T12:00:00Z,-4.475,55.575,0.0
2000-12-06T12:00:00Z,-4.475,55.625,0.0
2000-12-06T12:00:00Z,-4.475,55.675,0.0
2000-12-06T12:00:00Z,-4.525,55.325,0.0
2000-12-06T12:00:00Z,-4.525,55.375,0.0
2000-12-06T12:00:00Z,-4.525,55.425,0.0
2000-12-06T12:00:00Z,-4.525,55.475,0.0
2000-12-06T12:00:00Z,-4.525,55.525,0.0
2000-12-06T12:00:00Z,-4.525,55.575,0.0
2000-12-06T12:00:00Z,-4.525,55.625,0.0
2000-12-06T12:00:00Z,-4.525,55.675,0.0
2000-12-06T12:00:00Z,-4.575,55.325,0.0
2000-12-06T12:00:00Z,-4.575,55.375,0.0
2000-12-06T12:00:00Z,-4.575,55.425,0.0
2000-12-06T12:00:00Z,-4.575,55.475,0.0
2000-12-06T12:00:00Z,-4.575,55.525,0.0
2000-12-06T12:00:00Z,-4.575,55.575,0.0
2000-12-06T12:00:00Z,-4.575,55.625,0.0
2000-12-06T12:00:00Z,-4.575,55.675,0.0
2000-12-06T12:00:00Z,-4.625,55.325,0.0
2000-12-06T12:00:00Z,-4.625,55.375,0.0
2000-12-06T12:00:00Z,-4.625,55.425,0.0
2000-12-06T12:00:00Z,-4.625,55.475,0.0
2000-12-06T12:00:00Z,-4.625,55.525,0.0
2000-12-06T12:00:00Z,-4.625,55.575,0.0
2000-12-06T12:00:00Z,-4.625,55.625,0.0
2000-12-06T12:00:00Z,-4.625,55.675,0.0
2001-01-05T12:00:00Z,-4.375,55.325,0.0
2001-01-05T12:00:00Z,-4.375,55.375,0.0
2001-01-05T12:00:00Z,-4.375,55.425,0.0
2001-01-05T12:00:00Z,-4.375,55.475,0.0
2001-01-05T12:00:00Z,-4.375,55.525,0.0
2001-01-05T12:00:00Z,-4.375,55.575,0.0
2001-01-05T12:00:00Z,-4.375,55.625,0.0
2001-01-05T12:00:00Z,-4.375,55.675,0.0
2001-01-05T12:00:00Z,-4.425,55.325,0.0
2001-01-05T12:00:00Z,-4.425,55.375,0.0
2001-01-05T12:00:00Z,-4.425,55.425,0.0
2001-01-05T12:00:00Z,-4.425,55.475,0.0
2001-01-05T12:00:00Z,-4.425,55.525,0.0
2001-01-05T12:00:00Z,-4.425,55.575,0.0
2001-01-05T12:00:00Z,-4.425,55.625,0.0
2001-01-05T12:00:00Z,-4.425,55.675,0.0
2001-01-05T12:00:00Z,-4.475,55.325,0.0
2001-01-05T12:00:00Z,-4.475,55.375,0.0
2001-01-05T12:00:00Z,-4.475,55.425,0.0
2001-01-05T12:00:00Z,-4.475,55.475,0.0
2001-01-05T12:00:00Z,-4.475,55.525,0.0
2001-01-05T12:00:00Z,-4.475,55.575,0.0
2001-01-05T12:00:00Z,-4.475,55.625,0.0
2001-01-05T12:00:00Z,-4.475,55.675,0.0
2001-01-05T12:00:00Z,-4.525,55.325,0.0
2001-01-05T12:00:00Z,-4.525,55.375,0.0
2001-01-05T12:00:00Z,-4.525,55.425,0.0
2001-01-05T12:00:00Z,-4.525,55.475,0.0
2001-01-05T12:00:00Z,-4.525,55.525,0.0
2001-01-05T12:00:00Z,-4.525,55.575,0.0
2001-01-05T12:00:00Z,-4.525,55.625,0.0
2001-01-05T12:00:00Z,-4.525,55.675,0.0
2001-01-05T12:00:00Z,-4.575,55.325,0.0
2001-01-05T12:00:00Z,-4.575,55.375,0.0
2001-01-05T12:00:00Z,-4.575,55.425,0.0
2001-01-05T12:00:00Z,-4.575,55.475,0.0
2001-01-05T12:00:00Z,-4.575,55.525,0.0
2001-01-05T12:00:00Z,-4.575,55.575,0.0
2001-01-05T12:00:00Z,-4.575,55.625,0.0
2001-01-05T12:00:00Z,-4.575,55.675,0.0
2001-01-05T12:00:00Z,-4.625,55.325,0.0
2001-01-05T12:00:00Z,-4.625,55.375,0.0
2001-01-05T12:00:00Z,-4.625,55.425,0.0
2001-01-05T12:00:00Z,-4.625,55.475,0.0
2001-01-05T12:00:00Z,-4.625,55.525,0.0
2001-01-05T12:00:00Z,-4.625,55.575,0.0
2001-01-05T12:00:00Z,-4.625,55.625,0.0
2001-01-05T12:00:00Z,-4.625,55.675,0.0
2001-02-04T12:00:00Z,-4.375,55.325,0.0
2001-02-04T12:00:00Z,-4.375,55.375,0.0
2001-02-04T12:00:00Z,-4.375,55.425,0.0
2001-02-04T12:00:00Z,-4.375,55.475,0.0
2001-02-04T12:00:00Z,-4.375,55.525,0.0
2001-02-04T12:00:00Z,-4.375,55.575,0.0
2001-02-04T12:00:00Z,-4.375,55.625,0.0
2001-02-04T12:00:00Z,-4.375,55.675,0.0
2001-02-04T12:00:00Z,-4.425,55.325,0.0
2001-02-04T12:00:00Z,-4.425,55.375,0.0
2001-02-04T12:00:00Z,-4.425,55.425,0.0
2001-02-04T12:00:00Z,-4.425,55.475,0.0
2001-02-04T12:00:00Z,-4.425,55.525,0.0
2001-02-04T12:00:00Z,-4.425,55.575,0.0
2001-02-04T12:00:00Z,-4.425,55.625,0.0
2001-02-04T12:00:00Z,-4.425,55.675,0.0
2001-02-04T12:00:00Z,-4.475,55.325,0.0
2001-02-04T12:00:00Z,-4.475,55.375,0.0
2001-02-04T12:00:00Z,-4.475,55.425,0.0
2001-02-04T12:00:00Z,-4.475,55.475,0.0
2001-02-04T12:00:00Z,-4.475,55.525,0.0
2001-02-04T12:00:00Z,-4.475,55.575,0.0
2001-02-04T12:00:00Z,-4.475,55.625,0.0
2001-02-04T12:00:00Z,-4.475,55.675,0.0
2001-02-04T12:00:00Z,-4.525,55.325,0.0
2001-02-04T12:00:00Z,-4.525,55.375,0.0
2001-02-04T12:00:00Z,-4.525,55.425,0.0
2001-02-04T12:00:00Z,-4.525,55.475,0.0
2001-02-04T12:00:00Z,-4.525,55.525,0.0
2001-02-04T12:00:00Z,-4.525,55.575,0.0
2001-02-04T12:00:00Z,-4.525,55.625,0.0
2001-02-04T12:00:00Z,-4.525,55.675,0.0
2001-02-04T12:00:00Z,-4.575,55.325,0.0
2001-02-04T12:00:00Z,-4.575,55.375,0.0
2001-02-04T12:00:00Z,-4.575,55.425,0.0
2001-02-04T12:00:00Z,-4.575,55.475,0.0
2001-02-04T12:00:00Z,-4.575,55.525,0.0
2001-02-04T12:00:00Z,-4.575,55.575,0.0
2001-02-04T12:00:00Z,-4.575,55.625,0.0
2001-02-04T12:00:00Z,-4.575,55.675,0.0
2001-02-04T12:00:00Z,-4.625,55.325,0.0
2001-02-04T12:00:00Z,-4.625,55.375,0.0
2001-02-04T12:00:00Z,-4.625,55.425,0.0
2001-02-04T12:00:00Z,-4.625,55.475,0.0
2001-02-04T12:00:00Z,-4.625,55.525,0.0
2001-02-04T12:00:00Z,-4.625,55.575,0.0
2001-02-04T12:00:00Z,-4.625,55.625,0.0
2001-02-04T12:00:00Z,-4.625,55.675,0.0
2001-03-06T12:00:00Z,-4.375,55.325,0.0
2001-03-06T12:00:00Z,-4.375,55.375,0.0
2001-03-06T12:00:00Z,-4.375,55.425,0.0
2001-03-06T12:00:00Z,-4.375,55.475,0.0
2001-03-06T12:00:00Z,-4.375,55.525,0.0
2001-03-06T12:00:00Z,-4.375,55.575,0.0
2001-03-06T12:00:00Z,-4.375,55.625,0.0
2001-03-06T12:00:00Z,-4.375,55.675,0.0
2001-03-06T12:00:00Z,-4.425,55.325,0.0
2001-03-06T12:00:00Z,-4.425,55.375,0.0
2001-03-06T12:00:00Z,-4.425,55.425,0.0
2001-03-06T12:00:00Z,-4.425,55.475,0.0
2001-03-06T12:00:00Z,-4.425,55.525,0.0
2001-03-06T12:00:00Z,-4.425,55.575,0.0
2001-03-06T12:00:00Z,-4.425,55.625,0.0
2001-03-06T12:00:00Z,-4.425,55.675,0.0
2001-03-06T12:00:00Z,-4.475,55.325,0.0
2001-03-06T12:00:00Z,-4.475,55.375,0.0
2001-03-06T12:00:00Z,-4.475,55.425,0.0
2001-03-06T12:00:00Z,-4.475,55.475,0.0
2001-03-06T12:00:00Z,-4.475,55.525,0.0
2001-03-06T12:00:00Z,-4.475,55.575,0.0
2001-03-06T12:00:00Z,-4.475,55.625,0.0
2001-03-06T12:00:00Z,-4.475,55.675,0.0
2001-03-06T12:00:00Z,-4.525,55.325,0.0
2001-03-06T12:00:00Z,-4.525,55.375,0.0
2001-03-06T12:00:00Z,-4.525,55.425,0.0
2001-03-06T12:00:00Z,-4.525,55.475,0.0
2001-03-06T12:00:00Z,-4.525,55.525,0.0
2001-03-06T12:00:00Z,-4.525,55.575,0.0
2001-03-06T12:00:00Z,-4.525,55.625,0.0
2001-03-06T12:00:00Z,-4.525,55.675,0.0
2001-03-06T12:00:00Z,-4.575,55.325,0.0
2001-03-06T12:00:00Z,-4.575,55.375,0.0
2001-03-06T12:00:00Z,-4.575,55.425,0.0
2001-03-06T12:00:00Z,-4.575,55.475,0.0
2001-03-06T12:00:00Z,-4.575,55.525,0.0
2001-03-06T12:00:00Z,-4.575,55.575,0.0
2001-03-06T12:00:00Z,-4.575,55.625,0.0
2001-03-06T12:00:00Z,-4.575,55.675,0.0
2001-03-06T12:00:00Z,-4.625,55.325,0.0
2001-03-06T12:00:00Z,-4.625,55.375,0.0
2001-03-06T12:00:00Z,-4.625,55.425,0.0
2001-03-06T12:00:00Z,-4.625,55.475,0.0
2001-03-06T12:00:00Z,-4.625,55.525,0.0
2001-03-06T12:00:00Z,-4.625,55.575,0.0
2001-03-06T12:00:00Z,-4.625,55.625,0.0
2001-03-06T12:00:00Z,-4.625,55.675,0.0
2001-04-05T12:00:00Z,-4.375,55.325,0.0
2001-04-05T12:00:00Z,-4.375,55.375,0.0
2001-04-05T12:00:00Z,-4.375,55.425,0.0
2001-04-05T12:00:00Z,-4.375,55.475,0.0
2001-04-05T12:00:00Z,-4.375,55.525,0.0
2001-04-05T12:00:00Z,-4.375,55.575,0.0
2001-04-05T12:00:00Z,-4.375,55.625,0.0
2001-04-05T12:00:00Z,-4.375,55.675,0.0
2001-04-05T12:00:00Z,-4.425,55.325,0.0
2001-04-05T12:00:00Z,-4.425,55.375,0.0
2001-04-05T12:00:00Z,-4.425,55.425,0.0
2001-04-05T12:00:00Z,-4.425,55.475,0.0
2001-04-05T12:00:00Z,-4.425,55.525,0.0
2001-04-05T12:00:00Z,-4.425,55.575,0.0
2001-04-05T12:00:00Z,-4.425,55.625,0.0
2001-04-05T12:00:00Z,-4.425,55.675,0.0
2001-04-05T12:00:00Z,-4.475,55.325,0.0
2001-04-05T12:00:00Z,-4.475,55.375,0.0
2001-04-05T12:00:00Z,-4.475,55.425,0.0
2001-04-05T12:00:00Z,-4.475,55.475,0.0
2001-04-05T12:00:00Z,-4.475,55.525,0.0
2001-04-05T12:00:00Z,-4.475,55.575,0.0
2001-04-05T12:00:00Z,-4.475,55.625,0.0
2001-04-05T12:00:00Z,-4.475,55.675,0.0
2001-04-05T12:00:00Z,-4.525,55.325,0.0
2001-04-05T12:00:00Z,-4.525,55.375,0.0
2001-04-05T12:00:00Z,-4.525,55.425,0.0
2001-04-05T12:00:00Z,-4.525,55.475,0.0
2001-04-05T12:00:00Z,-4.525,55.525,0.0
2001-04-05T12:00:00Z,-4.525,55.575,0.0
2001-04-05T12:00:00Z,-4.525,55.625,0.0
2001-04-05T12:00:00Z,-4.525,55.675,0.0
2001-04-05T12:00:00Z,-4.575,55.325,0.0
2001-04-05T12:00:00Z,-4.575,55.375,0.0
2001-04-05T12:00:00Z,-4.575,55.425,0.0
2001-04-05T12:00:00Z,-4.575,55.475,0.0
2001-04-05T12:00:00Z,-4.575,55.525,0.0
2001-04-05T12:00:00Z,-4.575,55.575,0.0
2001-04-05T12:00:00Z,-4.575,55.625,0.0
2001-04-05T12:00:00Z,-4.575,55.675,0.0
2001-04-05T12:00:00Z,-4.625,55.325,0.0
2001-04-05T12:00:00Z,-4.625,55.375,0.0
2001-04-05T12:00:00Z,-4.625,55.425,0.0
2001-04-05T12:00:00Z,-4.625,55.475,0.0
2001-04-05T12:00:00Z,-4.625,55.525,0.0
2001-04-05T12:00:00Z,-4.625,55.575,0.0
2001-04-05T12:00:00Z,-4.625,55.625,0.0
2001-04-05T12:00:00Z,-4.625,55.675,0.0
2001-05-05T12:00:00Z,-4.375,55.325,0.0
2001-05-05T12:00:00Z,-4.375,55.375,0.0
2001-05-05T12:00:00Z,-4.375,55.425,0.0
2001-05-05T12:00:00Z,-4.375,55.475,0.0
2001-05-05T12:00:00Z,-4.375,55.525,0.0
2001-05-05T12:00:00Z,-4.375,55.575,0.0
2001-05-05T12:00:00Z,-4.375,55.625,0.0
2001-05-05T12:00:00Z,-4.375,55.675,0.0
2001-05-05T12:00:00Z,-4.425,55.325,0.0
2001-05-05T12:00:00Z,-4.425,55.375,0.0
2001-05-05T12:00:00Z,-4.425,55.425,0.0
2001-05-05T12:00:00Z,-4.425,55.475,0.0
2001-05-05T12:00:00Z,-4.425,55.525,0.0
2001-05-05T12:00:00Z,-4.425,55.575,0.0
2001-05-05T12:00:00Z,-4.425,55.625,0.0
2001-05-05T12:00:00Z,-4.425,55.675,0.0
2001-05-05T12:00:00Z,-4.475,55.325,0.0
2001-05-05T12:00:00Z,-4.475,55.375,0.0
2001-05-05T12:00:00Z,-4.475,55.425,0.0
2001-05-05T12:00:00Z,-4.475,55.475,0.0
2001-05-05T12:00:00Z,-4.475,55.525,0.0
2001-05-05T12:00:00Z,-4.475,55.575,0.0
2001-05-05T12:00:00Z,-4.475,55.625,0.0
2001-05-05T12:00:00Z,-4.475,55.675,0.0
2001-05-05T12:00:00Z,-4.525,55.325,0.0
2001-05-05T12:00:00Z,-4.525,55.375,0.0
2001-05-05T12:00:00Z,-4.525,55.425,0.0
2001-05-05T12:00:00Z,-4.525,55.475,0.0
2001-05-05T12:00:00Z,-4.525,55.525,0.0
2001-05-05T12:00:00Z,-4.525,55.575,0.0
2001-05-05T12:00:00Z,-4.525,55.625,0.0
2001-05-05T12:00:00Z,-4.525,55.675,0.0
2001-05-05T12:00:00Z,-4.575,55.325,0.0
2001-05-05T12:00:00Z,-4.575,55.375,0.0
2001-05-05T12:00:00Z,-4.575,55.425,0.0
2001-05-05T12:00:00Z,-4.575,55.475,0.0
2001-05-05T12:00:00Z,-4.575,55.525,0.0
2001-05-05T12:00:00Z,-4.575,55.575,0.0
2001-05-05T12:00:00Z,-4.575,55.625,0.0
2001-05-05T12:00:00Z,-4.575,55.675,0.0
2001-05-05T12:00:00Z,-4.625,55.325,0.0
2001-05-05T12:00:00Z,-4.625,55.375,0.0
2001-05-05T12:00:00Z,-4.625,55.425,0.0
2001-05-05T12:00:00Z,-4.625,55.475,0.0
2001-05-05T12:00:00Z,-4.625,55.525,0.0
2001-05-05T12:00:00Z,-4.625,55.575,0.0
2001-05-05T12:00:00Z,-4.625,55.625,0.0
2001-05-05T12:00:00Z,-4.625,55.675,0.0
2001-06-04T12:00:00Z,-4.375,55.325,0.0
2001-06-04T12:00:00Z,-4.375,55.375,0.0
2001-06-04T12:00:00Z,-4.375,55.425,0.0
2001-06-04T12:00:00Z,-4.375,55.475,0.0
2001-06-04T12:00:00Z,-4.375,55.525,0.0
2001-06-04T12:00:00Z,-4.375,55.575,0.0
2001-06-04T12:00:00Z,-4.375,55.625,0.0
2001-06-04T12:00:00Z,-4.375,55.675,0.0
2001-06-04T12:00:00Z,-4.425,55.325,0.0
2001-06-04T12:00:00Z,-4.425,55.375,0.0
2001-06-04T12:00:00Z,-4.425,55.425,0.0
2001-06-04T12:00:00Z,-4.425,55.475,0.0
2001-06-04T12:00:00Z,-4.425,55.525,0.0
2001-06-04T12:00:00Z,-4.425,55.575,0.0
2001-06-04T12:00:00Z,-4.425,55.625,0.0
2001-06-04T12:00:00Z,-4.425,55.675,0.0
2001-06-04T12:00:00Z,-4.475,55.325,0.0
2001-06-04T12:00:00Z,-4.475,55.375,0.0
2001-06-04T12:00:00Z,-4.475,55.425,0.0
2001-06-04T12:00:00Z,-4.475,55.475,0.0
2001-06-04T12:00:00Z,-4.475,55.525,0.0
2001-06-04T12:00:00Z,-4.475,55.575,0.0
2001-06-04T12:00:00Z,-4.475,55.625,0.0
2001-06-04T12:00:00Z,-4.475,55.675,0.0
2001-06-04T12:00:00Z,-4.525,55.325,0.0
2001-06-04T12:00:00Z,-4.525,55.375,0.0
2001-06-04T12:00:00Z,-4.525,55.425,0.0
2001-06-04T12:00:00Z,-4.525,55.475,0.0
2001-06-04T12:00:00Z,-4.525,55.525,0.0
2001-06-04T12:00:00Z,-4.525,55.575,0.0
2001-06-04T12:00:00Z,-4.525,55.625,0.0
2001-06-04T12:00:00Z,-4.525,55.675,0.0
2001-06-04T12:00:00Z,-4.575,55.325,0.0
2001-06-04T12:00:00Z,-4.575,55.375,0.0
2001-06-04T12:00:00Z,-4.575,55.425,0.0
2001-06-04T12:00:00Z,-4.575,55.475,0.0
2001-06-04T12:00:00Z,-4.575,55.525,0.0
2001-06-04T12:00:00Z,-4.575,55.575,0.0
2001-06-04T12:00:00Z,-4.575,55.625,0.0
2001-06-04T12:00:00Z,-4.575,55.675,0.0
2001-06-04T12:00:00Z,-4.625,55.325,0.0
2001-06-04T12:00:00Z,-4.625,55.375,0.0
2001-06-04T12:00:00Z,-4.625,55.425,0.0
2001-06-04T12:00:00Z,-4.625,55.475,0.0
2001-06-04T12:00:00Z,-4.625,55.525,0.0
2001-06-04T12:00:00Z,-4.625,55.575,0.0
2001-06-04T12:00:00Z,-4.625,55.625,0.0
2001-06-04T12:00:00Z,-4.625,55.675,0.0
2001-07-04T12:00:00Z,-4.375,55.325,0.0
2001-07-04T12:00:00Z,-4.375,55.375,0.0
2001-07-04T12:00:00Z,-4.375,55.425,0.0
2001-07-04T12:00:00Z,-4.375,55.475,0.0
2001-07-04T12:00:00Z,-4.375,55.525,0.0
2001-07-04T12:00:00Z,-4.375,55.575,0.0
2001-07-04T12:00:00Z,-4.375,55.625,0.0
2001-07-04T12:00:00Z,-4.375,55.675,0.0
2001-07-04T12:00:00Z,-4.425,55.325,0.0
2001-07-04T12:00:00Z,-4.425,55.375,0.0
2001-07-04T12:00:00Z,-4.425,55.425,0.0
2001-07-04T12:00:00Z,-4.425,55.475,0.0
2001-07-04T12:00:00Z,-4.425,55.525,0.0
2001-07-04T12:00:00Z,-4.425,55.575,0.0
2001-07-04T12:00:00Z,-4.425,55.625,0.0
2001-07-04T12:00:00Z,-4.425,55.675,0.0
2001-07-04T12:00:00Z,-4.475,55.325,0.0
2001-07-04T12:00:00Z,-4.475,55.375,0.0
2001-07-04T12:00:00Z,-4.475,55.425,0.0
2001-07-04T12:00:00Z,-4.475,55.475,0.0
2001-07-04T12:00:00Z,-4.475,55.525,0.0
2001-07-04T12:00:00Z,-4.475,55.575,0.0
2001-07-04T12:00:00Z,-4.475,55.625,0.0
2001-07-04T12:00:00Z,-4.475,55.675,0.0
2001-07-04T12:00:00Z,-4.525,55.325,0.0
2001-07-04T12:00:00Z,-4.525,55.375,0.0
2001-07-04T12:00:00Z,-4.525,55.425,0.0
2001-07-04T12:00:00Z,-4.525,55.475,0.0
2001-07-04T12:00:00Z,-4.525,55.525,0.0
2001-07-04T12:00:00Z,-4.525,55.575,0.0
2001-07-04T12:00:00Z,-4.525,55.625,0.0
2001-07-04T12:00:00Z,-4.525,55.675,0.0
2001-07-04T12:00:00Z,-4.575,55.325,0.0
2001-07-04T12:00:00Z,-4.575,55.375,0.0
2001-07-04T12:00:00Z,-4.575,55.425,0.0
2001-07-04T12:00:00Z,-4.575,55.475,0.0
2001-07-04T12:00:00Z,-4.575,55.525,0.0
2001-07-04T12:00:00Z,-4.575,55.575,0.0
2001-07-04T12:00:00Z,-4.575,55.625,0.0
2001-07-04T12:00:00Z,-4.575,55.675,0.0
2001-07-04T12:00:00Z,-4.625,55.325,0.0
2001-07-04T12:00:00Z,-4.625,55.375,0.0
2001-07-04T12:00:00Z,-4.625,55.425,0.0
2001-07-04T12:00:00Z,-4.625,55.475,0.0
2001-07-04T12:00:00Z,-4.625,55.525,0.0
2001-07-04T12:00:00Z,-4.625,55.575,0.0
2001-07-04T12:00:00Z,-4.625,55.625,0.0
2001-07-04T12:00:00Z,-4.625,55.675,0.0
2001-08-03T12:00:00Z,-4.375,55.325,0.0
2001-08-03T12:00:00Z,-4.375,55.375,0.0
2001-08-03T12:00:00Z,-4.375,55.425,0.0
2001-08-03T12:00:00Z,-4.375,55.475,0.0
2001-08-03T12:00:00Z,-4.375,55.525,0.0
2001-08-03T12:00:00Z,-4.375,55.575,0.0
2001-08-03T12:00:00Z,-4.375,55.625,0.0
2001-08-03T12:00:00Z,-4.375,55.675,0.0
2001-08-03T12:00:00Z,-4.425,55.325,0.0
2001-08-03T12:00:00Z,-4.425,55.375,0.0
2001-08-03T12:00:00Z,-4.425,55.425,0.0
2001-08-03T12:00:00Z,-4.425,55.475,0.0
2001-08-03T12:00:00Z,-4.425,55.525,0.0
2001-08-03T12:00:00Z,-4.425,55.575,0.0
2001-08-03T12:00:00Z,-4.425,55.625,0.0
2001-08-03T12:00:00Z,-4.425,55.675,0.0
2001-08-03T12:00:00Z,-4.475,55.325,0.0
2001-08-03T12:00:00Z,-4.475,55.375,0.0
2001-08-03T12:00:00Z,-4.475,55.425,0.0
2001-08-03T12:00:00Z,-4.475,55.475,0.0
2001-08-03T12:00:00Z,-4.475,55.525,0.0
2001-08-03T12:00:00Z,-4.475,55.575,0.0
2001-08-03T12:00:00Z,-4.475,55.625,0.0
2001-08-03T12:00:00Z,-4.475,55.675,0.0
2001-08-03T12:00:00Z,-4.525,55.325,0.0
2001-08-03T12:00:00Z,-4.525,55.375,0.0
2001-08-03T12:00:00Z,-4.525,55.425,0.0
2001-08-03T12:00:00Z,-4.525,55.475,0.0
2001-08-03T12:00:00Z,-4.525,55.525,0.0
2001-08-03T12:00:00Z,-4.525,55.575,0.0
2001-08-03T12:00:00Z,-4.525,55.625,0.0
2001-08-03T12:00:00Z,-4.525,55.675,0.0
2001-08-03T12:00:00Z,-4.575,55.325,0.0
2001-08-03T12:00:00Z,-4.575,55.375,0.0
2001-08-03T12:00:00Z,-4.575,55.425,0.0
2001-08-03T12:00:00Z,-4.575,55.475,0.0
2001-08-03T12:00:00Z,-4.575,55.525,0.0
2001-08-03T12:00:00Z,-4.575,55.575,0.0
2001-08-03T12:00:00Z,-4.575,55.625,0.0
2001-08-03T12:00:00Z,-4.575,55.675,0.0
2001-08-03T12:00:00Z,-4.625,55.325,0.0
2001-08-03T12:00:00Z,-4.625,55.375,0.0
2001-08-03T12:00:00Z,-4.625,55.425,0.0
2001-08-03T12:00:00Z,-4.625,55.475,0.0
2001-08-03T12:00:00Z,-4.625,55.525,0.0
2001-08-03T12:00:00Z,-4.625,55.575,0.0
2001-08-03T12:00:00Z,-4.625,55.625,0.0
2001-08-03T12:00:00Z,-4.625,55.675,0.0
2001-09-02T12:00:00Z,-4.375,55.325,0.0
2001-09-02T12:00:00Z,-4.375,55.375,0.0
2001-09-02T12:00:00Z,-4.375,55.425,0.0
2001-09-02T12:00:00Z,-4.375,55.475,0.0
2001-09-02T12:00:00Z,-4.375,55.525,0.0
2001-09-02T12:00:00Z,-4.375,55.575,0.0
2001-09-02T12:00:00Z,-4.375,55.625,0.0
2001-09-02T12:00:00Z,-4.375,55.675,0.0
2001-09-02T12:00:00Z,-4.425,55.325,0.0
2001-09-02T12:00:00Z,-4.425,55.375,0.0
2001-09-02T12:00:00Z,-4.425,55.425,0.0
2001-09-02T12:00:00Z,-4.425,55.475,0.0
2001-09-02T12:00:00Z,-4.425,55.525,0.0
2001-09-02T12:00:00Z,-4.425,55.575,0.0
2001-09-02T12:00:00Z,-4.425,55.625,0.0
2001-09-02T12:00:00Z,-4.425,55.675,0.0
2001-09-02T12:00:00Z,-4.475,55.325,0.0
2001-09-02T12:00:00Z,-4.475,55.375,0.0
2001-09-02T12:00:00Z,-4.475,55.425,0.0
2001-09-02T12:00:00Z,-4.475,55.475,0.0
2001-09-02T12:00:00Z,-4.475,55.525,0.0
2001-09-02T12:00:00Z,-4.475,55.575,0.0
2001-09-02T12:00:00Z,-4.475,55.625,0.0
2001-09-02T12:00:00Z,-4.475,55.675,0.0
2001-09-02T12:00:00Z,-4.525,55.325,0.0
2001-09-02T12:00:00Z,-4.525,55.375,0.0
2001-09-02T12:00:00Z,-4.525,55.425,0.0
2001-09-02T12:00:00Z,-4.525,55.475,0.0
2001-09-02T12:00:00Z,-4.525,55.525,0.0
2001-09-02T12:00:00Z,-4.525,55.575,0.0
2001-09-02T12:00:00Z,-4.525,55.625,0.0
2001-09-02T12:00:00Z,-4.525,55.675,0.0
2001-09-02T12:00:00Z,-4.575,55.325,0.0
2001-09-02T12:00:00Z,-4.575,55.375,0.0
2001-09-02T12:00:00Z,-4.575,55.425,0.0
2001-09-02T12:00:00Z,-4.575,55.475,0.0
2001-09-02T12:00:00Z,-4.575,55.525,0.0
2001-09-02T12:00:00Z,-4.575,55.575,0.0
2001-09-02T12:00:00Z,-4.575,55.625,0.0
2001-09-02T12:00:00Z,-4.575,55.675,0.0
2001-09-02T12:00:00Z,-4.625,55.325,0.0
2001-09-02T12:00:00Z,-4.625,55.375,0.0
2001-09-02T12:00:00Z,-4.625,55.425,0.0
2001-09-02T12:00:00Z,-4.625,55.475,0.0
2001-09-02T12:00:00Z,-4.625,55.525,0.0
2001-09-02T12:00:00Z,-4.625,55.575,0.0
2001-09-02T12:00:00Z,-4.625,55.625,0.0
2001-09-02T12:00:00Z,-4.625,55.675,0.0
2001-10-02T12:00:00Z,-4.375,55.325,0.0
2001-10-02T12:00:00Z,-4.375,55.375,0.0
2001-10-02T12:00:00Z,-4.375,55.425,0.0
2001-10-02T12:00:00Z,-4.375,55.475,0.0
2001-10-02T12:00:00Z,-4.375,55.525,0.0
2001-10-02T12:00:00Z,-4.375,55.575,0.0
2001-10-02T12:00:00Z,-4.375,55.625,0.0
2001-10-02T12:00:00Z,-4.375,55.675,0.0
2001-10-02T12:00:00Z,-4.425,55.325,0.0
2001-10-02T12:00:00Z,-4.425,55.375,0.0
2001-10-02T12:00:00Z,-4.425,55.425,0.0
2001-10-02T12:00:00Z,-4.425,55.475,0.0
2001-10-02T12:00:00Z,-4.425,55.525,0.0
2001-10-02T12:00:00Z,-4.425,55.575,0.0
2001-10-02T12:00:00Z,-4.425,55.625,0.0
2001-10-02T12:00:00Z,-4.425,55.675,0.0
2001-10-02T12:00:00Z,-4.475,55.325,0.0
2001-10-02T12:00:00Z,-4.475,55.375,0.0
2001-10-02T12:00:00Z,-4.475,55.425,0.0
2001-10-02T12:00:00Z,-4.475,55.475,0.0
2001-10-02T12:00:00Z,-4.475,55.525,0.0
2001-10-02T12:00:00Z,-4.475,55.575,0.0
2001-10-02T12:00:00Z,-4.475,55.625,0.0
2001-10-02T12:00:00Z,-4.475,55.675,0.0
2001-10-02T12:00:00Z,-4.525,55.325,0.0
2001-10-02T12:00:00Z,-4.525,55.375,0.0
2001-10-02T12:00:00Z,-4.525,55.425,0.0
2001-10-02T12:00:00Z,-4.525,55.475,0.0
2001-10-02T12:00:00Z,-4.525,55.525,0.0
2001-10-02T12:00:00Z,-4.525,55.575,0.0
2001-10-02T12:00:00Z,-4.525,55.625,0.0
2001-10-02T12:00:00Z,-4.525,55.675,0.0
2001-10-02T12:00:00Z,-4.575,55.325,0.0
2001-10-02T12:00:00Z,-4.575,55.375,0.0
2001-10-02T12:00:00Z,-4.575,55.425,0.0
2001-10-02T12:00:00Z,-4.575,55.475,0.0
2001-10-02T12:00:00Z,-4.575,55.525,0.0
2001-10-02T12:00:00Z,-4.575,55.575,0.0
2001-10-02T12:00:00Z,-4.575,55.625,0.0
2001-10-02T12:00:00Z,-4.575,55.675,0.0
2001-10-02T12:00:00Z,-4.625,55.325,0.0
2001-10-02T12:00:00Z,-4.625,55.375,0.0
2001-10-02T12:00:00Z,-4.625,55.425,0.0
2001-10-02T12:00:00Z,-4.625,55.475,0.0
2001-10-02T12:00:00Z,-4.625,55.525,0.0
2001-10-02T12:00:00Z,-4.625,55.575,0.0
2001-10-02T12:00:00Z,-4.625,55.625,0.0
2001-10-02T12:00:00Z,-4.625,55.675,0.0
2001-11-01T12:00:00Z,-4.375,55.325,0.0
2001-11-01T12:00:00Z,-4.375,55.375,0.0
2001-11-01T12:00:00Z,-4.375,55.425,0.0
2001-11-01T12:00:00Z,-4.375,55.475,0.0
2001-11-01T12:00:00Z,-4.375,55.525,0.0
2001-11-01T12:00:00Z,-4.375,55.575,0.0
2001-11-01T12:00:00Z,-4.375,55.625,0.0
2001-11-01T12:00:00Z,-4.375,55.675,0.0
2001-11-01T12:00:00Z,-4.425,55.325,0.0
2001-11-01T12:00:00Z,-4.425,55.375,0.0
2001-11-01T12:00:00Z,-4.425,55.425,0.0
2001-11-01T12:00:00Z,-4.425,55.475,0.0
2001-11-01T12:00:00Z,-4.425,55.525,0.0
2001-11-01T12:00:00Z,-4.425,55.575,0.0
2001-11-01T12:00:00Z,-4.425,55.625,0.0
2001-11-01T12:00:00Z,-4.425,55.675,0.0
2001-11-01T12:00:00Z,-4.475,55.325,0.0
2001-11-01T12:00:00Z,-4.475,55.375,0.0
2001-11-01T12:00:00Z,-4.475,55.425,0.0
2001-11-01T12:00:00Z,-4.475,55.475,0.0
2001-11-01T12:00:00Z,-4.475,55.525,0.0
2001-11-01T12:00:00Z,-4.475,55.575,0.0
2001-11-01T12:00:00Z,-4.475,55.625,0.0
2001-11-01T12:00:00Z,-4.475,55.675,0.0
2001-11-01T12:00:00Z,-4.525,55.325,0.0
2001-11-01T12:00:00Z,-4.525,55.375,0.0
2001-11-01T12:00:00Z,-4.525,55.425,0.0
2001-11-01T12:00:00Z,-4.525,55.475,0.0
2001-11-01T12:00:00Z,-4.525,55.525,0.0
2001-11-01T12:00:00Z,-4.525,55.575,0.0
2001-11-01T12:00:00Z,-4.525,55.625,0.0
2001-11-01T12:00:00Z,-4.525,55.675,0.0
2001-11-01T12:00:00Z,-4.575,55.325,0.0
2001-11-01T12:00:00Z,-4.575,55.375,0.0
2001-11-01T12:00:00Z,-4.575,55.425,0.0
2001-11-01T12:00:00Z,-4.575,55.475,0.0
2001-11-01T12:00:00Z,-4.575,55.525,0.0
2001-11-01T12:00:00Z,-4.575,55.575,0.0
2001-11-01T12:00:00Z,-4.575,55.625,0.0
2001-11-01T12:00:00Z,-4.575,55.675,0.0
2001-11-01T12:00:00Z,-4.625,55.325,0.0
2001-11-01T12:00:00Z,-4.625,55.375,0.0
2001-11-01T12:00:00Z,-4.625,55.425,0.0
2001-11-01T12:00:00Z,-4.625,55.475,0.0
2001-11-01T12:00:00Z,-4.625,55.525,0.0
2001-11-01T12:00:00Z,-4.625,55.575,0.0
2001-11-01T12:00:00Z,-4.625,55.625,0.0
2001-11-01T12:00:00Z,-4.625,55.675,0.0
2001-12-01T12:00:00Z,-4.375,55.325,0.0
2001-12-01T12:00:00Z,-4.375,55.375,0.0
2001-12-01T12:00:00Z,-4.375,55.425,0.0
2001-12-01T12:00:00Z,-4.375,55.475,0.0
2001-12-01T12:00:00Z,-4.375,55.525,0.0
2001-12-01T12:00:00Z,-4.375,55.575,0.0
2001-12-01T12:00:00Z,-4.375,55.625,0.0
2001-12-01T12:00:00Z,-4.375,55.675,0.0
2001-12-01T12:00:00Z,-4.425,55.325,0.0
2001-12-01T12:00:00Z,-4.425,55.375,0.0
2001-12-01T12:00:00Z,-4.425,55.425,0.0
2001-12-01T12:00:00Z,-4.425,55.475,0.0
2001-12-01T12:00:00Z,-4.425,55.525,0.0
2001-12-01T12:00:00Z,-4.425,55.575,0.0
2001-12-01T12:00:00Z,-4.425,55.625,0.0
2001-12-01T12:00:00Z,-4.425,55.675,0.0
2001-12-01T12:00:00Z,-4.475,55.325,0.0
2001-12-01T12:00:00Z,-4.475,55.375,0.0
2001-12-01T12:00:00Z,-4.475,55.425,0.0
2001-12-01T12:00:00Z,-4.475,55.475,0.0
2001-12-01T12:00:00Z,-4.475,55.525,0.0
2001-12-01T12:00:00Z,-4.475,55.575,0.0
2001-12-01T12:00:00Z,-4.475,55.625,0.0
2001-12-01T12:00:00Z,-4.475,55.675,0.0
2001-12-01T12:00:00Z,-4.525,55.325,0.0
2001-12-01T12:00:00Z,-4.525,55.375,0.0
2001-12-01T12:00:00Z,-4.525,55.425,0.0
2001-12-01T12:00:00Z,-4.525,55.475,0.0
2001-12-01T12:00:00Z,-4.525,55.525,0.0
2001-12-01T12:00:00Z,-4.525,55.575,0.0
2001-12-01T12:00:00Z,-4.525,55.625,0.0
2001-12-01T12:00:00Z,-4.525,55.675,0.0
2001-12-01T12:00:00Z,-4.575,55.325,0.0
2001-12-01T12:00:00Z,-4.575,55.375,0.0
2001-12-01T12:00:00Z,-4.575,55.425,0.0
2001-12-01T12:00:00Z,-4.575,55.475,0.0
2001-12-01T12:00:00Z,-4.575,55.525,0.0
2001-12-01T12:00:00Z,-4.575,55.575,0.0
2001-12-01T12:00:00Z,-4.575,55.625,0.0
2001-12-01T12:00:00Z,-4.575,55.675,0.0
2001-12-01T12:00:00Z,-4.625,55.325,0.0
2001-12-01T12:00:00Z,-4.625,55.375,0.0
2001-12-01T12:00:00Z,-4.625,55.425,0.0
2001-12-01T12:00:00Z,-4.625,55.475,0.0
2001-12-01T12:00:00Z,-4.625,55.525,0.0
2001-12-01T12:00:00Z,-4.625,55.575,0.0
2001-12-01T12:00:00Z,-4.625,55.625,0.0
2001-12-01T12:00:00Z,-4.625,55.675,0.0
2001-12-31T12:00:00Z,-4.375,55.325,0.0
2001-12-31T12:00:00Z,-4.375,55.375,0.0
2001-12-31T12:00:00Z,-4.375,55.425,0.0
2001-12-31T12:00:00Z,-4.375,55.475,0.0
2001-12-31T12:00:00Z,-4.375,55.525,0.0
2001-12-31T12:00:00Z,-4.375,55.575,0.0
2001-12-31T12:00:00Z,-4.375,55.625,0.0
2001-12-31T12:00:00Z,-4.375,55.675,0.0
2001-12-31T12:00:00Z,-4.425,55.325,0.0
2001-12-31T12:00:00Z,-4.425,55.375,0.0
2001-12-31T12:00:00Z,-4.425,55.425,0.0
2001-12-31T12:00:00Z,-4.425,55.475,0.0
2001-12-31T12:00:00Z,-4.425,55.525,0.0
2001-12-31T12:00:00Z,-4.425,55.575,0.0
2001-12-31T12:00:00Z,-4.425,55.625,0.0
2001-12-31T12:00:00Z,-4.425,55.675,0.0
2001-12-31T12:00:00Z,-4.475,55.325,0.0
2001-12-31T12:00:00Z,-4.475,55.375,0.0
2001-12-31T12:00:00Z,-4.475,55.425,0.0
2001-12-31T12:00:00Z,-4.475,55.475,0.0
2001-12-31T12:00:00Z,-4.475,55.525,0.0
2001-12-31T12:00:00Z,-4.475,55.575,0.0
2001-12-31T12:00:00Z,-4.475,55.625,0.0
2001-12-31T12:00:00Z,-4.475,55.675,0.0
2001-12-31T12:00:00Z,-4.525,55.325,0.0
2001-12-31T12:00:00Z,-4.525,55.375,0.0
2001-12-31T12:00:00Z,-4.525,55.425,0.0
2001-12-31T12:00:00Z,-4.525,55.475,0.0
2001-12-31T12:00:00Z,-4.525,55.525,0.0
2001-12-31T12:00:00Z,-4.525,55.575,0.0
2001-12-31T12:00:00Z,-4.525,55.625,0.0
2001-12-31T12:00:00Z,-4.525,55.675,0.0
2001-12-31T12:00:00Z,-4.575,55.325,0.0
2001-12-31T12:00:00Z,-4.575,55.375,0.0
2001-12-31T12:00:00Z,-4.575,55.425,0.0
2001-12-31T12:00:00Z,-4.575,55.475,0.0
2001-12-31T12:00:00Z,-4.575,55.525,0.0
2001-12-31T12:00:00Z,-4.575,55.575,0.0
2001-12-31T12:00:00Z,-4.575,55.625,0.0
2001-12-31T12:00:00Z,-4.575,55.675,0.0
2001-12-31T12:00:00Z,-4.625,55.325,0.0
2001-12-31T12:00:00Z,-4.625,55.375,0.0
2001-12-31T12:00:00Z,-4.625,55.425,0.0
2001-12-31T12:00:00Z,-4.625,55.475,0.0
2001-12-31T12:00:00Z,-4.625,55.525,0.0
2001-12-31T12:00:00Z,-4.625,55.575,0.0
2001-12-31T12:00:00Z,-4.625,55.625,0.0
2001-12-31T12:00:00Z,-4.625,55.675,0.0
2002-01-30T12:00:00Z,-4.375,55.325,0.0
2002-01-30T12:00:00Z,-4.375,55.375,0.0
2002-01-30T12:00:00Z,-4.375,55.425,0.0
2002-01-30T12:00:00Z,-4.375,55.475,0.0
2002-01-30T12:00:00Z,-4.375,55.525,0.0
2002-01-30T12:00:00Z,-4.375,55.575,0.0
2002-01-30T12:00:00Z,-4.375,55.625,0.0
2002-01-30T12:00:00Z,-4.375,55.675,0.0
2002-01-30T12:00:00Z,-4.425,55.325,0.0
2002-01-30T12:00:00Z,-4.425,55.375,0.0
2002-01-30T12:00:00Z,-4.425,55.425,0.0
2002-01-30T12:00:00Z,-4.425,55.475,0.0
2002-01-30T12:00:00Z,-4.425,55.525,0.0
2002-01-30T12:00:00Z,-4.425,55.575,0.0
2002-01-30T12:00:00Z,-4.425,55.625,0.0
2002-01-30T12:00:00Z,-4.425,55.675,0.0
2002-01-30T12:00:00Z,-4.475,55.325,0.0
2002-01-30T12:00:00Z,-4.475,55.375,0.0
2002-01-30T12:00:00Z,-4.475,55.425,0.0
2002-01-30T12:00:00Z,-4.475,55.475,0.0
2002-01-30T12:00:00Z,-4.475,55.525,0.0
2002-01-30T12:00:00Z,-4.475,55.575,0.0
2002-01-30T12:00:00Z,-4.475,55.625,0.0
2002-01-30T12:00:00Z,-4.475,55.675,0.0
2002-01-30T12:00:00Z,-4.525,55.325,0.0
2002-01-30T12:00:00Z,-4.525,55.375,0.0
2002-01-30T12:00:00Z,-4.525,55.425,0.0
2002-01-30T12:00:00Z,-4.525,55.475,0.0
2002-01-30T12:00:00Z,-4.525,55.525,0.0
2002-01-30T12:00:00Z,-4.525,55.575,0.0
2002-01-30T12:00:00Z,-4.525,55.625,0.0
2002-01-30T12:00:00Z,-4.525,55.675,0.0
2002-01-30T12:00:00Z,-4.575,55.325,0.0
2002-01-30T12:00:00Z,-4.575,55.375,0.0
2002-01-30T12:00:00Z,-4.575,55.425,0.0
2002-01-30T12:00:00Z,-4.575,55.475,0.0
2002-01-30T12:00:00Z,-4.575,55.525,0.0
2002-01-30T12:00:00Z,-4.575,55.575,0.0
2002-01-30T12:00:00Z,-4.575,55.625,0.0
2002-01-30T12:00:00Z,-4.575,55.675,0.0
2002-01-30T12:00:00Z,-4.625,55.325,0.0
2002-01-30T12:00:00Z,-4.625,55.375,0.0
2002-01-30T12:00:00Z,-4.625,55.425,0.0
2002-01-30T12:00:00Z,-4.625,55.475,0.0
2002-01-30T12:00:00Z,-4.625,55.525,0.0
2002-01-30T12:00:00Z,-4.625,55.575,0.0
2002-01-30T12:00:00Z,-4.625,55.625,0.0
2002-01-30T12:00:00Z,-4.625,55.675,0.0
2002-03-01T12:00:00Z,-4.375,55.325,0.0
2002-03-01T12:00:00Z,-4.375,55.375,0.0
2002-03-01T12:00:00Z,-4.375,55.425,0.0
2002-03-01T12:00:00Z,-4.375,55.475,0.0
2002-03-01T12:00:00Z,-4.375,55.525,0.0
2002-03-01T12:00:00Z,-4.375,55.575,0.0
2002-03-01T12:00:00Z,-4.375,55.625,0.0
2002-03-01T12:00:00Z,-4.375,55.675,0.0
2002-03-01T12:00:00Z,-4.425,55.325,0.0
2002-03-01T12:00:00Z,-4.425,55.375,0.0
2002-03-01T12:00:00Z,-4.425,55.425,0.0
2002-03-01T12:00:00Z,-4.425,55.475,0.0
2002-03-01T12:00:00Z,-4.425,55.525,0.0
2002-03-01T12:00:00Z,-4.425,55.575,0.0
2002-03-01T12:00:00Z,-4.425,55.625,0.0
2002-03-01T12:00:00Z,-4.425,55.675,0.0
2002-03-01T12:00:00Z,-4.475,55.325,0.0
2002-03-01T12:00:00Z,-4.475,55.375,0.0
2002-03-01T12:00:00Z,-4.475,55.425,0.0
2002-03-01T12:00:00Z,-4.475,55.475,0.0
2002-03-01T12:00:00Z,-4.475,55.525,0.0
2002-03-01T12:00:00Z,-4.475,55.575,0.0
2002-03-01T12:00:00Z,-4.475,55.625,0.0
2002-03-01T12:00:00Z,-4.475,55.675,0.0
2002-03-01T12:00:00Z,-4.525,55.325,0.0
2002-03-01T12:00:00Z,-4.525,55.375,0.0
2002-03-01T12:00:00Z,-4.525,55.425,0.0
2002-03-01T12:00:00Z,-4.525,55.475,0.0
2002-03-01T12:00:00Z,-4.525,55.525,0.0
2002-03-01T12:00:00Z,-4.525,55.575,0.0
2002-03-01T12:00:00Z,-4.525,55.625,0.0
2002-03-01T12:00:00Z,-4.525,55.675,0.0
2002-03-01T12:00:00Z,-4.575,55.325,0.0
2002-03-01T12:00:00Z,-4.575,55.375,0.0
2002-03-01T12:00:00Z,-4.575,55.425,0.0
2002-03-01T12:00:00Z,-4.575,55.475,0.0
2002-03-01T12:00:00Z,-4.575,55.525,0.0
2002-03-01T12:00:00Z,-4.575,55.575,0.0
2002-03-01T12:00:00Z,-4.575,55.625,0.0
2002-03-01T12:00:00Z,-4.575,55.675,0.0
2002-03-01T12:00:00Z,-4.625,55.325,0.0
2002-03-01T12:00:00Z,-4.625,55.375,0.0
2002-03-01T12:00:00Z,-4.625,55.425,0.0
2002-03-01T12:00:00Z,-4.625,55.475,0.0
2002-03-01T12:00:00Z,-4.625,55.525,0.0
2002-03-01T12:00:00Z,-4.625,55.575,0.0
2002-03-01T12:00:00Z,-4.625,55.625,0.0
2002-03-01T12:00:00Z,-4.625,55.675,0.0
2002-03-31T12:00:00Z,-4.375,55.325,0.0
2002-03-31T12:00:00Z,-4.375,55.375,0.0
2002-03-31T12:00:00Z,-4.375,55.425,0.0
2002-03-31T12:00:00Z,-4.375,55.475,0.0
2002-03-31T12:00:00Z,-4.375,55.525,0.0
2002-03-31T12:00:00Z,-4.375,55.575,0.0
2002-03-31T12:00:00Z,-4.375,55.625,0.0
2002-03-31T12:00:00Z,-4.375,55.675,0.0
2002-03-31T12:00:00Z,-4.425,55.325,0.0
2002-03-31T12:00:00Z,-4.425,55.375,0.0
2002-03-31T12:00:00Z,-4.425,55.425,0.0
2002-03-31T12:00:00Z,-4.425,55.475,0.0
2002-03-31T12:00:00Z,-4.425,55.525,0.0
2002-03-31T12:00:00Z,-4.425,55.575,0.0
2002-03-31T12:00:00Z,-4.425,55.625,0.0
2002-03-31T12:00:00Z,-4.425,55.675,0.0
2002-03-31T12:00:00Z,-4.475,55.325,0.0
2002-03-31T12:00:00Z,-4.475,55.375,0.0
2002-03-31T12:00:00Z,-4.475,55.425,0.0
2002-03-31T12:00:00Z,-4.475,55.475,0.0
2002-03-31T12:00:00Z,-4.475,55.525,0.0
2002-03-31T12:00:00Z,-4.475,55.575,0.0
2002-03-31T12:00:00Z,-4.475,55.625,0.0
2002-03-31T12:00:00Z,-4.475,55.675,0.0
2002-03-31T12:00:00Z,-4.525,55.325,0.0
2002-03-31T12:00:00Z,-4.525,55.375,0.0
2002-03-31T12:00:00Z,-4.525,55.425,0.0
2002-03-31T12:00:00Z,-4.525,55.475,0.0
2002-03-31T12:00:00Z,-4.525,55.525,0.0
2002-03-31T12:00:00Z,-4.525,55.575,0.0
2002-03-31T12:00:00Z,-4.525,55.625,0.0
2002-03-31T12:00:00Z,-4.525,55.675,0.0
2002-03-31T12:00:00Z,-4.575,55.325,0.0
2002-03-31T12:00:00Z,-4.575,55.375,0.0
2002-03-31T12:00:00Z,-4.575,55.425,0.0
2002-03-31T12:00:00Z,-4.575,55.475,0.0
2002-03-31T12:00:00Z,-4.575,55.525,0.0
2002-03-31T12:00:00Z,-4.575,55.575,0.0
2002-03-31T12:00:00Z,-4.575,55.625,0.0
2002-03-31T12:00:00Z,-4.575,55.675,0.0
2002-03-31T12:00:00Z,-4.625,55.325,0.0
2002-03-31T12:00:00Z,-4.625,55.375,0.0
2002-03-31T12:00:00Z,-4.625,55.425,0.0
2002-03-31T12:00:00Z,-4.625,55.475,0.0
2002-03-31T12:00:00Z,-4.625,55.525,0.0
2002-03-31T12:00:00Z,-4.625,55.575,0.0
2002-03-31T12:00:00Z,-4.625,55.625,0.0
2002-03-31T12:00:00Z,-4.625,55.675,0.0
2002-04-30T12:00:00Z,-4.375,55.325,0.0
2002-04-30T12:00:00Z,-4.375,55.375,0.0
2002-04-30T12:00:00Z,-4.375,55.425,0.0
2002-04-30T12:00:00Z,-4.375,55.475,0.0
2002-04-30T12:00:00Z,-4.375,55.525,0.0
2002-04-30T12:00:00Z,-4.375,55.575,0.0
2002-04-30T12:00:00Z,-4.375,55.625,0.0
2002-04-30T12:00:00Z,-4.375,55.675,0.0
2002-04-30T12:00:00Z,-4.425,55.325,0.0
2002-04-30T12:00:00Z,-4.425,55.375,0.0
2002-04-30T12:00:00Z,-4.425,55.425,0.0
2002-04-30T12:00:00Z,-4.425,55.475,0.0
2002-04-30T12:00:00Z,-4.425,55.525,0.0
2002-04-30T12:00:00Z,-4.425,55.575,0.0
2002-04-30T12:00:00Z,-4.425,55.625,0.0
2002-04-30T12:00:00Z,-4.425,55.675,0.0
2002-04-30T12:00:00Z,-4.475,55.325,0.0
2002-04-30T12:00:00Z,-4.475,55.375,0.0
2002-04-30T12:00:00Z,-4.475,55.425,0.0
2002-04-30T12:00:00Z,-4.475,55.475,0.0
2002-04-30T12:00:00Z,-4.475,55.525,0.0
2002-04-30T12:00:00Z,-4.475,55.575,0.0
2002-04-30T12:00:00Z,-4.475,55.625,0.0
2002-04-30T12:00:00Z,-4.475,55.675,0.0
2002-04-30T12:00:00Z,-4.525,55.325,0.0
2002-04-30T12:00:00Z,-4.525,55.375,0.0
2002-04-30T12:00:00Z,-4.525,55.425,0.0
2002-04-30T12:00:00Z,-4.525,55.475,0.0
2002-04-30T12:00:00Z,-4.525,55.525,0.0
2002-04-30T12:00:00Z,-4.525,55.575,0.0
2002-04-30T12:00:00Z,-4.525,55.625,0.0
2002-04-30T12:00:00Z,-4.525,55.675,0.0
2002-04-30T12:00:00Z,-4.575,55.325,0.0
2002-04-30T12:00:00Z,-4.575,55.375,0.0
2002-04-30T12:00:00Z,-4.575,55.425,0.0
2002-04-30T12:00:00Z,-4.575,55.475,0.0
2002-04-30T12:00:00Z,-4.575,55.525,0.0
2002-04-30T12:00:00Z,-4.575,55.575,0.0
2002-04-30T12:00:00Z,-4.575,55.625,0.0
2002-04-30T12:00:00Z,-4.575,55.675,0.0
2002-04-30T12:00:00Z,-4.625,55.325,0.0
2002-04-30T12:00:00Z,-4.625,55.375,0.0
2002-04-30T12:00:00Z,-4.625,55.425,0.0
2002-04-30T12:00:00Z,-4.625,55.475,0.0
2002-04-30T12:00:00Z,-4.625,55.525,0.0
2002-04-30T12:00:00Z,-4.625,55.575,0.0
2002-04-30T12:00:00Z,-4.625,55.625,0.0
2002-04-30T12:00:00Z,-4.625,55.675,0.0
2002-05-30T12:00:00Z,-4.375,55.325,0.0
2002-05-30T12:00:00Z,-4.375,55.375,0.0
2002-05-30T12:00:00Z,-4.375,55.425,0.0
2002-05-30T12:00:00Z,-4.375,55.475,0.0
2002-05-30T12:00:00Z,-4.375,55.525,0.0
2002-05-30T12:00:00Z,-4.375,55.575,0.0
2002-05-30T12:00:00Z,-4.375,55.625,0.0
2002-05-30T12:00:00Z,-4.375,55.675,0.0
2002-05-30T12:00:00Z,-4.425,55.325,0.0
2002-05-30T12:00:00Z,-4.425,55.375,0.0
2002-05-30T12:00:00Z,-4.425,55.425,0.0
2002-05-30T12:00:00Z,-4.425,55.475,0.0
2002-05-30T12:00:00Z,-4.425,55.525,0.0
2002-05-30T12:00:00Z,-4.425,55.575,0.0
2002-05-30T12:00:00Z,-4.425,55.625,0.0
2002-05-30T12:00:00Z,-4.425,55.675,0.0
2002-05-30T12:00:00Z,-4.475,55.325,0.0
2002-05-30T12:00:00Z,-4.475,55.375,0.0
2002-05-30T12:00:00Z,-4.475,55.425,0.0
2002-05-30T12:00:00Z,-4.475,55.475,0.0
2002-05-30T12:00:00Z,-4.475,55.525,0.0
2002-05-30T12:00:00Z,-4.475,55.575,0.0
2002-05-30T12:00:00Z,-4.475,55.625,0.0
2002-05-30T12:00:00Z,-4.475,55.675,0.0
2002-05-30T12:00:00Z,-4.525,55.325,0.0
2002-05-30T12:00:00Z,-4.525,55.375,0.0
2002-05-30T12:00:00Z,-4.525,55.425,0.0
2002-05-30T12:00:00Z,-4.525,55.475,0.0
2002-05-30T12:00:00Z,-4.525,55.525,0.0
2002-05-30T12:00:00Z,-4.525,55.575,0.0
2002-05-30T12:00:00Z,-4.525,55.625,0.0
2002-05-30T12:00:00Z,-4.525,55.675,0.0
2002-05-30T12:00:00Z,-4.575,55.325,0.0
2002-05-30T12:00:00Z,-4.575,55.375,0.0
2002-05-30T12:00:00Z,-4.575,55.425,0.0
2002-05-30T12:00:00Z,-4.575,55.475,0.0
2002-05-30T12:00:00Z,-4.575,55.525,0.0
2002-05-30T12:00:00Z,-4.575,55.575,0.0
2002-05-30T12:00:00Z,-4.575,55.625,0.0
2002-05-30T12:00:00Z,-4.575,55.675,0.0
2002-05-30T12:00:00Z,-4.625,55.325,0.0
2002-05-30T12:00:00Z,-4.625,55.375,0.0
2002-05-30T12:00:00Z,-4.625,55.425,0.0
2002-05-30T12:00:00Z,-4.625,55.475,0.0
2002-05-30T12:00:00Z,-4.625,55.525,0.0
2002-05-30T12:00:00Z,-4.625,55.575,0.0
2002-05-30T12:00:00Z,-4.625,55.625,0.0
2002-05-30T12:00:00Z,-4.625,55.675,0.0
2002-06-29T12:00:00Z,-4.375,55.325,0.0
2002-06-29T12:00:00Z,-4.375,55.375,0.0
2002-06-29T12:00:00Z,-4.375,55.425,0.0
2002-06-29T12:00:00Z,-4.375,55.475,0.0
2002-06-29T12:00:00Z,-4.375,55.525,0.0
2002-06-29T12:00:00Z,-4.375,55.575,0.0
2002-06-29T12:00:00Z,-4.375,55.625,0.0
2002-06-29T12:00:00Z,-4.375,55.675,0.0
2002-06-29T12:00:00Z,-4.425,55.325,0.0
2002-06-29T12:00:00Z,-4.425,55.375,0.0
2002-06-29T12:00:00Z,-4.425,55.425,0.0
2002-06-29T12:00:00Z,-4.425,55.475,0.0
2002-06-29T12:00:00Z,-4.425,55.525,0.0
2002-06-29T12:00:00Z,-4.425,55.575,0.0
2002-06-29T12:00:00Z,-4.425,55.625,0.0
2002-06-29T12:00:00Z,-4.425,55.675,0.0
2002-06-29T12:00:00Z,-4.475,55.325,0.0
2002-06-29T12:00:00Z,-4.475,55.375,0.0
2002-06-29T12:00:00Z,-4.475,55.425,0.0
2002-06-29T12:00:00Z,-4.475,55.475,0.0
2002-06-29T12:00:00Z,-4.475,55.525,0.0
2002-06-29T12:00:00Z,-4.475,55.575,0.0
2002-06-29T12:00:00Z,-4.475,55.625,0.0
2002-06-29T12:00:00Z,-4.475,55.675,0.0
2002-06-29T12:00:00Z,-4.525,55.325,0.0
2002-06-29T12:00:00Z,-4.525,55.375,0.0
2002-06-29T12:00:00Z,-4.525,55.425,0.0
2002-06-29T12:00:00Z,-4.525,55.475,0.0
2002-06-29T12:00:00Z,-4.525,55.525,0.0
2002-06-29T12:00:00Z,-4.525,55.575,0.0
2002-06-29T12:00:00Z,-4.525,55.625,0.0
2002-06-29T12:00:00Z,-4.525,55.675,0.0
2002-06-29T12:00:00Z,-4.575,55.325,0.0
2002-06-29T12:00:00Z,-4.575,55.375,0.0
2002-06-29T12:00:00Z,-4.575,55.425,0.0
2002-06-29T12:00:00Z,-4.575,55.475,0.0
2002-06-29T12:00:00Z,-4.575,55.525,0.0
2002-06-29T12:00:00Z,-4.575,55.575,0.0
2002-06-29T12:00:00Z,-4.575,55.625,0.0
2002-06-29T12:00:00Z,-4.575,55.675,0.0
2002-06-29T12:00:00Z,-4.625,55.325,0.0
2002-06-29T12:00:00Z,-4.625,55.375,0.0
2002-06-29T12:00:00Z,-4.625,55.425,0.0
2002-06-29T12:00:00Z,-4.625,55.475,0.0
2002-06-29T12:00:00Z,-4.625,55.525,0.0
2002-06-29T12:00:00Z,-4.625,55.575,0.0
2002-06-29T12:00:00Z,-4.625,55.625,0.0
2002-06-29T12:00:00Z,-4.625,55.675,0.0
2002-07-29T12:00:00Z,-4.375,55.325,0.0
2002-07-29T12:00:00Z,-4.375,55.375,0.0
2002-07-29T12:00:00Z,-4.375,55.425,0.0
2002-07-29T12:00:00Z,-4.375,55.475,0.0
2002-07-29T12:00:00Z,-4.375,55.525,0.0
2002-07-29T12:00:00Z,-4.375,55.575,0.0
2002-07-29T12:00:00Z,-4.375,55.625,0.0
2002-07-29T12:00:00Z,-4.375,55.675,0.0
2002-07-29T12:00:00Z,-4.425,55.325,0.0
2002-07-29T12:00:00Z,-4.425,55.375,0.0
2002-07-29T12:00:00Z,-4.425,55.425,0.0
2002-07-29T12:00:00Z,-4.425,55.475,0.0
2002-07-29T12:00:00Z,-4.425,55.525,0.0
2002-07-29T12:00:00Z,-4.425,55.575,0.0
2002-07-29T12:00:00Z,-4.425,55.625,0.0
2002-07-29T12:00:00Z,-4.425,55.675,0.0
2002-07-29T12:00:00Z,-4.475,55.325,0.0
2002-07-29T12:00:00Z,-4.475,55.375,0.0
2002-07-29T12:00:00Z,-4.475,55.425,0.0
2002-07-29T12:00:00Z,-4.475,55.475,0.0
2002-07-29T12:00:00Z,-4.475,55.525,0.0
2002-07-29T12:00:00Z,-4.475,55.575,0.0
2002-07-29T12:00:00Z,-4.475,55.625,0.0
2002-07-29T12:00:00Z,-4.475,55.675,0.0
2002-07-29T12:00:00Z,-4.525,55.325,0.0
2002-07-29T12:00:00Z,-4.525,55.375,0.0
2002-07-29T12:00:00Z,-4.525,55.425,0.0
2002-07-29T12:00:00Z,-4.525,55.475,0.0
2002-07-29T12:00:00Z,-4.525,55.525,0.0
2002-07-29T12:00:00Z,-4.525,55.575,0.0
2002-07-29T12:00:00Z,-4.525,55.625,0.0
2002-07-29T12:00:00Z,-4.525,55.675,0.0
2002-07-29T12:00:00Z,-4.575,55.325,0.0
2002-07-29T12:00:00Z,-4.575,55.375,0.0
2002-07-29T12:00:00Z,-4.575,55.425,0.0
2002-07-29T12:00:00Z,-4.575,55.475,0.0
2002-07-29T12:00:00Z,-4.575,55.525,0.0
2002-07-29T12:00:00Z,-4.575,55.575,0.0
2002-07-29T12:00:00Z,-4.575,55.625,0.0
2002-07-29T12:00:00Z,-4.575,55.675,0.0
2002-07-29T12:00:00Z,-4.625,55.325,0.0
2002-07-29T12:00:00Z,-4.625,55.375,0.0
2002-07-29T12:00:00Z,-4.625,55.425,0.0
2002-07-29T12:00:00Z,-4.625,55.475,0.0
2002-07-29T12:00:00Z,-4.625,55.525,0.0
2002-07-29T12:00:00Z,-4.625,55.575,0.0
2002-07-29T12:00:00Z,-4.625,55.625,0.0
2002-07-29T12:00:00Z,-4.625,55.675,0.0
2002-08-28T12:00:00Z,-4.375,55.325,0.0
2002-08-28T12:00:00Z,-4.375,55.375,0.0
2002-08-28T12:00:00Z,-4.375,55.425,0.0
2002-08-28T12:00:00Z,-4.375,55.475,0.0
2002-08-28T12:00:00Z,-4.375,55.525,0.0
2002-08-28T12:00:00Z,-4.375,55.575,0.0
2002-08-28T12:00:00Z,-4.375,55.625,0.0
2002-08-28T12:00:00Z,-4.375,55.675,0.0
2002-08-28T12:00:00Z,-4.425,55.325,0.0
2002-08-28T12:00:00Z,-4.425,55.375,0.0
2002-08-28T12:00:00Z,-4.425,55.425,0.0
2002-08-28T12:00:00Z,-4.425,55.475,0.0
2002-08-28T12:00:00Z,-4.425,55.525,0.0
2002-08-28T12:00:00Z,-4.425,55.575,0.0
2002-08-28T12:00:00Z,-4.425,55.625,0.0
2002-08-28T12:00:00Z,-4.425,55.675,0.0
2002-08-28T12:00:00Z,-4.475,55.325,0.0
2002-08-28T12:00:00Z,-4.475,55.375,0.0
2002-08-28T12:00:00Z,-4.475,55.425,0.0
2002-08-28T12:00:00Z,-4.475,55.475,0.0
2002-08-28T12:00:00Z,-4.475,55.525,0.0
2002-08-28T12:00:00Z,-4.475,55.575,0.0
2002-08-28T12:00:00Z,-4.475,55.625,0.0
2002-08-28T12:00:00Z,-4.475,55.675,0.0
2002-08-28T12:00:00Z,-4.525,55.325,0.0
2002-08-28T12:00:00Z,-4.525,55.375,0.0
2002-08-28T12:00:00Z,-4.525,55.425,0.0
2002-08-28T12:00:00Z,-4.525,55.475,0.0
2002-08-28T12:00:00Z,-4.525,55.525,0.0
2002-08-28T12:00:00Z,-4.525,55.575,0.0
2002-08-28T12:00:00Z,-4.525,55.625,0.0
2002-08-28T12:00:00Z,-4.525,55.675,0.0
2002-08-28T12:00:00Z,-4.575,55.325,0.0
2002-08-28T12:00:00Z,-4.575,55.375,0.0
2002-08-28T12:00:00Z,-4.575,55.425,0.0
2002-08-28T12:00:00Z,-4.575,55.475,0.0
2002-08-28T12:00:00Z,-4.575,55.525,0.0
2002-08-28T12:00:00Z,-4.575,55.575,0.0
2002-08-28T12:00:00Z,-4.575,55.625,0.0
2002-08-28T12:00:00Z,-4.575,55.675,0.0
2002-08-28T12:00:00Z,-4.625,55.325,0.0
2002-08-28T12:00:00Z,-4.625,55.375,0.0
2002-08-28T12:00:00Z,-4.625,55.425,0.0
2002-08-28T12:00:00Z,-4.625,55.475,0.0
2002-08-28T12:00:00Z,-4.625,55.525,0.0
2002-08-28T12:00:00Z,-4.625,55.575,0.0
2002-08-28T12:00:00Z,-4.625,55.625,0.0
2002-08-28T12:00:00Z,-4.625,55.675,0.0
2002-09-27T12:00:00Z,-4.375,55.325,0.0
2002-09-27T12:00:00Z,-4.375,55.375,0.0
2002-09-27T12:00:00Z,-4.375,55.425,0.0
2002-09-27T12:00:00Z,-4.375,55.475,0.0
2002-09-27T12:00:00Z,-4.375,55.525,0.0
2002-09-27T12:00:00Z,-4.375,55.575,0.0
2002-09-27T12:00:00Z,-4.375,55.625,0.0
2002-09-27T12:00:00Z,-4.375,55.675,0.0
2002-09-27T12:00:00Z,-4.425,55.325,0.0
2002-09-27T12:00:00Z,-4.425,55.375,0.0
2002-09-27T12:00:00Z,-4.425,55.425,0.0
2002-09-27T12:00:00Z,-4.425,55.475,0.0
2002-09-27T12:00:00Z,-4.425,55.525,0.0
2002-09-27T12:00:00Z,-4.425,55.575,0.0
2002-09-27T12:00:00Z,-4.425,55.625,0.0
2002-09-27T12:00:00Z,-4.425,55.675,0.0
2002-09-27T12:00:00Z,-4.475,55.325,0.0
2002-09-27T12:00:00Z,-4.475,55.375,0.0
2002-09-27T12:00:00Z,-4.475,55.425,0.0
2002-09-27T12:00:00Z,-4.475,55.475,0.0
2002-09-27T12:00:00Z,-4.475,55.525,0.0
2002-09-27T12:00:00Z,-4.475,55.575,0.0
2002-09-27T12:00:00Z,-4.475,55.625,0.0
2002-09-27T12:00:00Z,-4.475,55.675,0.0
2002-09-27T12:00:00Z,-4.525,55.325,0.0
2002-09-27T12:00:00Z,-4.525,55.375,0.0
2002-09-27T12:00:00Z,-4.525,55.425,0.0
2002-09-27T12:00:00Z,-4.525,55.475,0.0
2002-09-27T12:00:00Z,-4.525,55.525,0.0
2002-09-27T12:00:00Z,-4.525,55.575,0.0
2002-09-27T12:00:00Z,-4.525,55.625,0.0
2002-09-27T12:00:00Z,-4.525,55.675,0.0
2002-09-27T12:00:00Z,-4.575,55.325,0.0
2002-09-27T12:00:00Z,-4.575,55.375,0.0
2002-09-27T12:00:00Z,-4.575,55.425,0.0
2002-09-27T12:00:00Z,-4.575,55.475,0.0
2002-09-27T12:00:00Z,-4.575,55.525,0.0
2002-09-27T12:00:00Z,-4.575,55.575,0.0
2002-09-27T12:00:00Z,-4.575,55.625,0.0
2002-09-27T12:00:00Z,-4.575,55.675,0.0
2002-09-27T12:00:00Z,-4.625,55.325,0.0
2002-09-27T12:00:00Z,-4.625,55.375,0.0
2002-09-27T12:00:00Z,-4.625,55.425,0.0
2002-09-27T12:00:00Z,-4.625,55.475,0.0
2002-09-27T12:00:00Z,-4.625,55.525,0.0
2002-09-27T12:00:00Z,-4.625,55.575,0.0
2002-09-27T12:00:00Z,-4.625,55.625,0.0
2002-09-27T12:00:00Z,-4.625,55.675,0.0
2002-10-27T12:00:00Z,-4.375,55.325,0.0
2002-10-27T12:00:00Z,-4.375,55.375,0.0
2002-10-27T12:00:00Z,-4.375,55.425,0.0
2002-10-27T12:00:00Z,-4.375,55.475,0.0
2002-10-27T12:00:00Z,-4.375,55.525,0.0
2002-10-27T12:00:00Z,-4.375,55.575,0.0
2002-10-27T12:00:00Z,-4.375,55.625,0.0
2002-10-27T12:00:00Z,-4.375,55.675,0.0
2002-10-27T12:00:00Z,-4.425,55.325,0.0
2002-10-27T12:00:00Z,-4.425,55.375,0.0
2002-10-27T12:00:00Z,-4.425,55.425,0.0
2002-10-27T12:00:00Z,-4.425,55.475,0.0
2002-10-27T12:00:00Z,-4.425,55.525,0.0
2002-10-27T12:00:00Z,-4.425,55.575,0.0
2002-10-27T12:00:00Z,-4.425,55.625,0.0
2002-10-27T12:00:00Z,-4.425,55.675,0.0
2002-10-27T12:00:00Z,-4.475,55.325,0.0
2002-10-27T12:00:00Z,-4.475,55.375,0.0
2002-10-27T12:00:00Z,-4.475,55.425,0.0
2002-10-27T12:00:00Z,-4.475,55.475,0.0
2002-10-27T12:00:00Z,-4.475,55.525,0.0
2002-10-27T12:00:00Z,-4.475,55.575,0.0
2002-10-27T12:00:00Z,-4.475,55.625,0.0
2002-10-27T12:00:00Z,-4.475,55.675,0.0
2002-10-27T12:00:00Z,-4.525,55.325,0.0
2002-10-27T12:00:00Z,-4.525,55.375,0.0
2002-10-27T12:00:00Z,-4.525,55.425,0.0
2002-10-27T12:00:00Z,-4.525,55.475,0.0
2002-10-27T12:00:00Z,-4.525,55.525,0.0
2002-10-27T12:00:00Z,-4.525,55.575,0.0
2002-10-27T12:00:00Z,-4.525,55.625,0.0
2002-10-27T12:00:00Z,-4.525,55.675,0.0
2002-10-27T12:00:00Z,-4.575,55.325,0.0
2002-10-27T12:00:00Z,-4.575,55.375,0.0
2002-10-27T12:00:00Z,-4.575,55.425,0.0
2002-10-27T12:00:00Z,-4.575,55.475,0.0
2002-10-27T12:00:00Z,-4.575,55.525,0.0
2002-10-27T12:00:00Z,-4.575,55.575,0.0
2002-10-27T12:00:00Z,-4.575,55.625,0.0
2002-10-27T12:00:00Z,-4.575,55.675,0.0
2002-10-27T12:00:00Z,-4.625,55.325,0.0
2002-10-27T12:00:00Z,-4.625,55.375,0.0
2002-10-27T12:00:00Z,-4.625,55.425,0.0
2002-10-27T12:00:00Z,-4.625,55.475,0.0
2002-10-27T12:00:00Z,-4.625,55.525,0.0
2002-10-27T12:00:00Z,-4.625,55.575,0.0
2002-10-27T12:00:00Z,-4.625,55.625,0.0
2002-10-27T12:00:00Z,-4.625,55.675,0.0
2002-11-26T12:00:00Z,-4.375,55.325,0.0
2002-11-26T12:00:00Z,-4.375,55.375,0.0
2002-11-26T12:00:00Z,-4.375,55.425,0.0
2002-11-26T12:00:00Z,-4.375,55.475,0.0
2002-11-26T12:00:00Z,-4.375,55.525,0.0
2002-11-26T12:00:00Z,-4.375,55.575,0.0
2002-11-26T12:00:00Z,-4.375,55.625,0.0
2002-11-26T12:00:00Z,-4.375,55.675,0.0
2002-11-26T12:00:00Z,-4.425,55.325,0.0
2002-11-26T12:00:00Z,-4.425,55.375,0.0
2002-11-26T12:00:00Z,-4.425,55.425,0.0
2002-11-26T12:00:00Z,-4.425,55.475,0.0
2002-11-26T12:00:00Z,-4.425,55.525,0.0
2002-11-26T12:00:00Z,-4.425,55.575,0.0
2002-11-26T12:00:00Z,-4.425,55.625,0.0
2002-11-26T12:00:00Z,-4.425,55.675,0.0
2002-11-26T12:00:00Z,-4.475,55.325,0.0
2002-11-26T12:00:00Z,-4.475,55.375,0.0
2002-11-26T12:00:00Z,-4.475,55.425,0.0
2002-11-26T12:00:00Z,-4.475,55.475,0.0
2002-11-26T12:00:00Z,-4.475,55.525,0.0
2002-11-26T12:00:00Z,-4.475,55.575,0.0
2002-11-26T12:00:00Z,-4.475,55.625,0.0
2002-11-26T12:00:00Z,-4.475,55.675,0.0
2002-11-26T12:00:00Z,-4.525,55.325,0.0
2002-11-26T12:00:00Z,-4.525,55.375,0.0
2002-11-26T12:00:00Z,-4.525,55.425,0.0
2002-11-26T12:00:00Z,-4.525,55.475,0.0
2002-11-26T12:00:00Z,-4.525,55.525,0.0
2002-11-26T12:00:00Z,-4.525,55.575,0.0
2002-11-26T12:00:00Z,-4.525,55.625,0.0
2002-11-26T12:00:00Z,-4.525,55.675,0.0
2002-11-26T12:00:00Z,-4.575,55.325,0.0
2002-11-26T12:00:00Z,-4.575,55.375,0.0
2002-11-26T12:00:00Z,-4.575,55.425,0.0
2002-11-26T12:00:00Z,-4.575,55.475,0.0
2002-11-26T12:00:00Z,-4.575,55.525,0.0
2002-11-26T12:00:00Z,-4.575,55.575,0.0
2002-11-26T12:00:00Z,-4.575,55.625,0.0
2002-11-26T12:00:00Z,-4.575,55.675,0.0
2002-11-26T12:00:00Z,-4.625,55.325,0.0
2002-11-26T12:00:00Z,-4.625,55.375,0.0
2002-11-26T12:00:00Z,-4.625,55.425,0.0
2002-11-26T12:00:00Z,-4.625,55.475,0.0
2002-11-26T12:00:00Z,-4.625,55.525,0.0
2002-11-26T12:00:00Z,-4.625,55.575,0.0
2002-11-26T12:00:00Z,-4.625,55.625,0.0
2002-11-26T12:00:00Z,-4.625,55.675,0.0
2002-12-26T12:00:00Z,-4.375,55.325,0.0
2002-12-26T12:00:00Z,-4.375,55.375,0.0
2002-12-26T12:00:00Z,-4.375,55.425,0.0
2002-12-26T12:00:00Z,-4.375,55.475,0.0
2002-12-26T12:00:00Z,-4.375,55.525,0.0
2002-12-26T12:00:00Z,-4.375,55.575,0.0
2002-12-26T12:00:00Z,-4.375,55.625,0.0
2002-12-26T12:00:00Z,-4.375,55.675,0.0
2002-12-26T12:00:00Z,-4.425,55.325,0.0
2002-12-26T12:00:00Z,-4.425,55.375,0.0
2002-12-26T12:00:00Z,-4.425,55.425,0.0
2002-12-26T12:00:00Z,-4.425,55.475,0.0
2002-12-26T12:00:00Z,-4.425,55.525,0.0
2002-12-26T12:00:00Z,-4.425,55.575,0.0
2002-12-26T12:00:00Z,-4.425,55.625,0.0
2002-12-26T12:00:00Z,-4.425,55.675,0.0
2002-12-26T12:00:00Z,-4.475,55.325,0.0
2002-12-26T12:00:00Z,-4.475,55.375,0.0
2002-12-26T12:00:00Z,-4.475,55.425,0.0
2002-12-26T12:00:00Z,-4.475,55.475,0.0
2002-12-26T12:00:00Z,-4.475,55.525,0.0
2002-12-26T12:00:00Z,-4.475,55.575,0.0
2002-12-26T12:00:00Z,-4.475,55.625,0.0
2002-12-26T12:00:00Z,-4.475,55.675,0.0
2002-12-26T12:00:00Z,-4.525,55.325,0.0
2002-12-26T12:00:00Z,-4.525,55.375,0.0
2002-12-26T12:00:00Z,-4.525,55.425,0.0
2002-12-26T12:00:00Z,-4.525,55.475,0.0
2002-12-26T12:00:00Z,-4.525,55.525,0.0
2002-12-26T12:00:00Z,-4.525,55.575,0.0
2002-12-26T12:00:00Z,-4.525,55.625,0.0
2002-12-26T12:00:00Z,-4.525,55.675,0.0
2002-12-26T12:00:00Z,-4.575,55.325,0.0
2002-12-26T12:00:00Z,-4.575,55.375,0.0
2002-12-26T12:00:00Z,-4.575,55.425,0.0
2002-12-26T12:00:00Z,-4.575,55.475,0.0
2002-12-26T12:00:00Z,-4.575,55.525,0.0
2002-12-26T12:00:00Z,-4.575,55.575,0.0
2002-12-26T12:00:00Z,-4.575,55.625,0.0
2002-12-26T12:00:00Z,-4.575,55.675,0.0
2002-12-26T12:00:00Z,-4.625,55.325,0.0
2002-12-26T12:00:00Z,-4.625,55.375,0.0
2002-12-26T12:00:00Z,-4.625,55.425,0.0
2002-12-26T12:00:00Z,-4.625,55.475,0.0
2002-12-26T12:00:00Z,-4.625,55.525,0.0
2002-12-26T12:00:00Z,-4.625,55.575,0.0
2002-12-26T12:00:00Z,-4.625,55.625,0.0
2002-12-26T12:00:00Z,-4.625,55.675,0.0
2003-01-25T12:00:00Z,-4.375,55.325,0.0
2003-01-25T12:00:00Z,-4.375,55.375,0.0
2003-01-25T12:00:00Z,-4.375,55.425,0.0
2003-01-25T12:00:00Z,-4.375,55.475,0.0
2003-01-25T12:00:00Z,-4.375,55.525,0.0
2003-01-25T12:00:00Z,-4.375,55.575,0.0
2003-01-25T12:00:00Z,-4.375,55.625,0.0
2003-01-25T12:00:00Z,-4.375,55.675,0.0
2003-01-25T12:00:00Z,-4.425,55.325,0.0
2003-01-25T12:00:00Z,-4.425,55.375,0.0
2003-01-25T12:00:00Z,-4.425,55.425,0.0
2003-01-25T12:00:00Z,-4.425,55.475,0.0
2003-01-25T12:00:00Z,-4.425,55.525,0.0
2003-01-25T12:00:00Z,-4.425,55.575,0.0
2003-01-25T12:00:00Z,-4.425,55.625,0.0
2003-01-25T12:00:00Z,-4.425,55.675,0.0
2003-01-25T12:00:00Z,-4.475,55.325,0.0
2003-01-25T12:00:00Z,-4.475,55.375,0.0
2003-01-25T12:00:00Z,-4.475,55.425,0.0
2003-01-25T12:00:00Z,-4.475,55.475,0.0
2003-01-25T12:00:00Z,-4.475,55.525,0.0
2003-01-25T12:00:00Z,-4.475,55.575,0.0
2003-01-25T12:00:00Z,-4.475,55.625,0.0
2003-01-25T12:00:00Z,-4.475,55.675,0.0
2003-01-25T12:00:00Z,-4.525,55.325,0.0
2003-01-25T12:00:00Z,-4.525,55.375,0.0
2003-01-25T12:00:00Z,-4.525,55.425,0.0
2003-01-25T12:00:00Z,-4.525,55.475,0.0
2003-01-25T12:00:00Z,-4.525,55.525,0.0
2003-01-25T12:00:00Z,-4.525,55.575,0.0
2003-01-25T12:00:00Z,-4.525,55.625,0.0
2003-01-25T12:00:00Z,-4.525,55.675,0.0
2003-01-25T12:00:00Z,-4.575,55.325,0.0
2003-01-25T12:00:00Z,-4.575,55.375,0.0
2003-01-25T12:00:00Z,-4.575,55.425,0.0
2003-01-25T12:00:00Z,-4.575,55.475,0.0
2003-01-25T12:00:00Z,-4.575,55.525,0.0
2003-01-25T12:00:00Z,-4.575,55.575,0.0
2003-01-25T12:00:00Z,-4.575,55.625,0.0
2003-01-25T12:00:00Z,-4.575,55.675,0.0
2003-01-25T12:00:00Z,-4.625,55.325,0.0
2003-01-25T12:00:00Z,-4.625,55.375,0.0
2003-01-25T12:00:00Z,-4.625,55.425,0.0
2003-01-25T12:00:00Z,-4.625,55.475,0.0
2003-01-25T12:00:00Z,-4.625,55.525,0.0
2003-01-25T12:00:00Z,-4.625,55.575,0.0
2003-01-25T12:00:00Z,-4.625,55.625,0.0
2003-01-25T12:00:00Z,-4.625,55.675,0.0
2003-02-24T12:00:00Z,-4.375,55.325,0.0
2003-02-24T12:00:00Z,-4.375,55.375,0.0
2003-02-24T12:00:00Z,-4.375,55.425,0.0
2003-02-24T12:00:00Z,-4.375,55.475,0.0
2003-02-24T12:00:00Z,-4.375,55.525,0.0
2003-02-24T12:00:00Z,-4.375,55.575,0.0
2003-02-24T12:00:00Z,-4.375,55.625,0.0
2003-02-24T12:00:00Z,-4.375,55.675,0.0
2003-02-24T12:00:00Z,-4.425,55.325,0.0
2003-02-24T12:00:00Z,-4.425,55.375,0.0
2003-02-24T12:00:00Z,-4.425,55.425,0.0
2003-02-24T12:00:00Z,-4.425,55.475,0.0
2003-02-24T12:00:00Z,-4.425,55.525,0.0
2003-02-24T12:00:00Z,-4.425,55.575,0.0
2003-02-24T12:00:00Z,-4.425,55.625,0.0
2003-02-24T12:00:00Z,-4.425,55.675,0.0
2003-02-24T12:00:00Z,-4.475,55.325,0.0
2003-02-24T12:00:00Z,-4.475,55.375,0.0
2003-02-24T12:00:00Z,-4.475,55.425,0.0
2003-02-24T12:00:00Z,-4.475,55.475,0.0
2003-02-24T12:00:00Z,-4.475,55.525,0.0
2003-02-24T12:00:00Z,-4.475,55.575,0.0
2003-02-24T12:00:00Z,-4.475,55.625,0.0
2003-02-24T12:00:00Z,-4.475,55.675,0.0
2003-02-24T12:00:00Z,-4.525,55.325,0.0
2003-02-24T12:00:00Z,-4.525,55.375,0.0
2003-02-24T12:00:00Z,-4.525,55.425,0.0
2003-02-24T12:00:00Z,-4.525,55.475,0.0
2003-02-24T12:00:00Z,-4.525,55.525,0.0
2003-02-24T12:00:00Z,-4.525,55.575,0.0
2003-02-24T12:00:00Z,-4.525,55.625,0.0
2003-02-24T12:00:00Z,-4.525,55.675,0.0
2003-02-24T12:00:00Z,-4.575,55.325,0.0
2003-02-24T12:00:00Z,-4.575,55.375,0.0
2003-02-24T12:00:00Z,-4.575,55.425,0.0
2003-02-24T12:00:00Z,-4.575,55.475,0.0
2003-02-24T12:00:00Z,-4.575,55.525,0.0
2003-02-24T12:00:00Z,-4.575,55.575,0.0
2003-02-24T12:00:00Z,-4.575,55.625,0.0
2003-02-24T12:00:00Z,-4.575,55.675,0.0
2003-02-24T12:00:00Z,-4.625,55.325,0.0
2003-02-24T12:00:00Z,-4.625,55.375,0.0
2003-02-24T12:00:00Z,-4.625,55.425,0.0
2003-02-24T12:00:00Z,-4.625,55.475,0.0
2003-02-24T12:00:00Z,-4.625,55.525,0.0
2003-02-24T12:00:00Z,-4.625,55.575,0.0
2003-02-24T12:00:00Z,-4.625,55.625,0.0
2003-02-24T12:00:00Z,-4.625,55.675,0.0
2003-03-26T12:00:00Z,-4.375,55.325,0.0
2003-03-26T12:00:00Z,-4.375,55.375,0.0
2003-03-26T12:00:00Z,-4.375,55.425,0.0
2003-03-26T12:00:00Z,-4.375,55.475,0.0
2003-03-26T12:00:00Z,-4.375,55.525,0.0
2003-03-26T12:00:00Z,-4.375,55.575,0.0
2003-03-26T12:00:00Z,-4.375,55.625,0.0
2003-03-26T12:00:00Z,-4.375,55.675,0.0
2003-03-26T12:00:00Z,-4.425,55.325,0.0
2003-03-26T12:00:00Z,-4.425,55.375,0.0
2003-03-26T12:00:00Z,-4.425,55.425,0.0
2003-03-26T12:00:00Z,-4.425,55.475,0.0
2003-03-26T12:00:00Z,-4.425,55.525,0.0
2003-03-26T12:00:00Z,-4.425,55.575,0.0
2003-03-26T12:00:00Z,-4.425,55.625,0.0
2003-03-26T12:00:00Z,-4.425,55.675,0.0
2003-03-26T12:00:00Z,-4.475,55.325,0.0
2003-03-26T12:00:00Z,-4.475,55.375,0.0
2003-03-26T12:00:00Z,-4.475,55.425,0.0
2003-03-26T12:00:00Z,-4.475,55.475,0.0
2003-03-26T12:00:00Z,-4.475,55.525,0.0
2003-03-26T12:00:00Z,-4.475,55.575,0.0
2003-03-26T12:00:00Z,-4.475,55.625,0.0
2003-03-26T12:00:00Z,-4.475,55.675,0.0
2003-03-26T12:00:00Z,-4.525,55.325,0.0
2003-03-26T12:00:00Z,-4.525,55.375,0.0
2003-03-26T12:00:00Z,-4.525,55.425,0.0
2003-03-26T12:00:00Z,-4.525,55.475,0.0
2003-03-26T12:00:00Z,-4.525,55.525,0.0
2003-03-26T12:00:00Z,-4.525,55.575,0.0
2003-03-26T12:00:00Z,-4.525,55.625,0.0
2003-03-26T12:00:00Z,-4.525,55.675,0.0
2003-03-26T12:00:00Z,-4.575,55.325,0.0
2003-03-26T12:00:00Z,-4.575,55.375,0.0
2003-03-26T12:00:00Z,-4.575,55.425,0.0
2003-03-26T12:00:00Z,-4.575,55.475,0.0
2003-03-26T12:00:00Z,-4.575,55.525,0.0
2003-03-26T12:00:00Z,-4.575,55.575,0.0
2003-03-26T12:00:00Z,-4.575,55.625,0.0
2003-03-26T12:00:00Z,-4.575,55.675,0.0
2003-03-26T12:00:00Z,-4.625,55.325,0.0
2003-03-26T12:00:00Z,-4.625,55.375,0.0
2003-03-26T12:00:00Z,-4.625,55.425,0.0
2003-03-26T12:00:00Z,-4.625,55.475,0.0
2003-03-26T12:00:00Z,-4.625,55.525,0.0
2003-03-26T12:00:00Z,-4.625,55.575,0.0
2003-03-26T12:00:00Z,-4.625,55.625,0.0
2003-03-26T12:00:00Z,-4.625,55.675,0.0
2003-04-25T12:00:00Z,-4.375,55.325,1.21
2003-04-25T12:00:00Z,-4.375,55.375,1.21
2003-04-25T12:00:00Z,-4.375,55.425,1.36
2003-04-25T12:00:00Z,-4.375,55.475,1.35
2003-04-25T12:00:00Z,-4.375,55.525,1.31
2003-04-25T12:00:00Z,-4.375,55.575,1.29
2003-04-25T12:00:00Z,-4.375,55.625,1.25
2003-04-25T12:00:00Z,-4.375,55.675,1.35
2003-04-25T12:00:00Z,-4.425,55.325,1.2
2003-04-25T12:00:00Z,-4.425,55.375,1.2
2003-04-25T12:00:00Z,-4.425,55.425,1.34
2003-04-25T12:00:00Z,-4.425,55.475,1.32
2003-04-25T12:00:00Z,-4.425,55.525,1.3
2003-04-25T12:00:00Z,-4.425,55.575,1.26
2003-04-25T12:00:00Z,-4.425,55.625,1.23
2003-04-25T12:00:00Z,-4.425,55.675,1.2
2003-04-25T12:00:00Z,-4.475,55.325,1.16
2003-04-25T12:00:00Z,-4.475,55.375,1.32
2003-04-25T12:00:00Z,-4.475,55.425,1.32
2003-04-25T12:00:00Z,-4.475,55.475,1.31
2003-04-25T12:00:00Z,-4.475,55.525,1.3
2003-04-25T12:00:00Z,-4.475,55.575,1.27
2003-04-25T12:00:00Z,-4.475,55.625,1.1
2003-04-25T12:00:00Z,-4.475,55.675,1.36
2003-04-25T12:00:00Z,-4.525,55.325,1.1300000000000001
2003-04-25T12:00:00Z,-4.525,55.375,1.29
2003-04-25T12:00:00Z,-4.525,55.425,1.3
2003-04-25T12:00:00Z,-4.525,55.475,1.3
2003-04-25T12:00:00Z,-4.525,55.525,1.29
2003-04-25T12:00:00Z,-4.525,55.575,1.12
2003-04-25T12:00:00Z,-4.525,55.625,1.1
2003-04-25T12:00:00Z,-4.525,55.675,1.37
2003-04-25T12:00:00Z,-4.575,55.325,1.24
2003-04-25T12:00:00Z,-4.575,55.375,1.26
2003-04-25T12:00:00Z,-4.575,55.425,1.41
2003-04-25T12:00:00Z,-4.575,55.475,1.42
2003-04-25T12:00:00Z,-4.575,55.525,1.41
2003-04-25T12:00:00Z,-4.575,55.575,1.26
2003-04-25T12:00:00Z,-4.575,55.625,1.09
2003-04-25T12:00:00Z,-4.575,55.675,1.3800000000000001
2003-04-25T12:00:00Z,-4.625,55.325,0.93
2003-04-25T12:00:00Z,-4.625,55.375,1.09
2003-04-25T12:00:00Z,-4.625,55.425,1.3900000000000001
2003-04-25T12:00:00Z,-4.625,55.475,1.4000000000000001
2003-04-25T12:00:00Z,-4.625,55.525,1.41
2003-04-25T12:00:00Z,-4.625,55.575,1.25
2003-04-25T12:00:00Z,-4.625,55.625,1.52
2003-04-25T12:00:00Z,-4.625,55.675,1.53
2003-05-25T12:00:00Z,-4.375,55.325,1.21
2003-05-25T12:00:00Z,-4.375,55.375,1.21
2003-05-25T12:00:00Z,-4.375,55.425,1.36
2003-05-25T12:00:00Z,-4.375,55.475,1.35
2003-05-25T12:00:00Z,-4.375,55.525,1.31
2003-05-25T12:00:00Z,-4.375,55.575,1.29
2003-05-25T12:00:00Z,-4.375,55.625,1.25
2003-05-25T12:00:00Z,-4.375,55.675,1.35
2003-05-25T12:00:00Z,-4.425,55.325,1.2
2003-05-25T12:00:00Z,-4.425,55.375,1.2
2003-05-25T12:00:00Z,-4.425,55.425,1.34
2003-05-25T12:00:00Z,-4.425,55.475,1.32
2003-05-25T12:00:00Z,-4.425,55.525,1.3
2003-05-25T12:00:00Z,-4.425,55.575,1.26
2003-05-25T12:00:00Z,-4.425,55.625,1.23
2003-05-25T12:00:00Z,-4.425,55.675,1.2
2003-05-25T12:00:00Z,-4.475,55.325,1.16
2003-05-25T12:00:00Z,-4.475,55.375,1.32
2003-05-25T12:00:00Z,-4.475,55.425,1.32
2003-05-25T12:00:00Z,-4.475,55.475,1.31
2003-05-25T12:00:00Z,-4.475,55.525,1.3
2003-05-25T12:00:00Z,-4.475,55.575,1.27
2003-05-25T12:00:00Z,-4.475,55.625,1.1
2003-05-25T12:00:00Z,-4.475,55.675,1.36
2003-05-25T12:00:00Z,-4.525,55.325,1.1300000000000001
2003-05-25T12:00:00Z,-4.525,55.375,1.29
2003-05-25T12:00:00Z,-4.525,55.425,1.3
2003-05-25T12:00:00Z,-4.525,55.475,1.3
2003-05-25T12:00:00Z,-4.525,55.525,1.29
2003-05-25T12:00:00Z,-4.525,55.575,1.12
2003-05-25T12:00:00Z,-4.525,55.625,1.1
2003-05-25T12:00:00Z,-4.525,55.675,1.37
2003-05-25T12:00:00Z,-4.575,55.325,1.24
2003-05-25T12:00:00Z,-4.575,55.375,1.26
2003-05-25T12:00:00Z,-4.575,55.425,1.41
2003-05-25T12:00:00Z,-4.575,55.475,1.42
2003-05-25T12:00:00Z,-4.575,55.525,1.41
2003-05-25T12:00:00Z,-4.575,55.575,1.26
2003-05-25T12:00:00Z,-4.575,55.625,1.09
2003-05-25T12:00:00Z,-4.575,55.675,1.3800000000000001
2003-05-25T12:00:00Z,-4.625,55.325,0.93
2003-05-25T12:00:00Z,-4.625,55.375,1.09
2003-05-25T12:00:00Z,-4.625,55.425,1.3900000000000001
2003-05-25T12:00:00Z,-4.625,55.475,1.4000000000000001
2003-05-25T12:00:00Z,-4.625,55.525,1.41
2003-05-25T12:00:00Z,-4.625,55.575,1.25
2003-05-25T12:00:00Z,-4.625,55.625,1.52
2003-05-25T12:00:00Z,-4.625,55.675,1.53
2003-06-24T12:00:00Z,-4.375,55.325,1.06
2003-06-24T12:00:00Z,-4.375,55.375,1.06
2003-06-24T12:00:00Z,-4.375,55.425,1.2
2003-06-24T12:00:00Z,-4.375,55.475,1.19
2003-06-24T12:00:00Z,-4.375,55.525,1.1500000000000001
2003-06-24T12:00:00Z,-4.375,55.575,1.12
2003-06-24T12:00:00Z,-4.375,55.625,1.09
2003-06-24T12:00:00Z,-4.375,55.675,1.19
2003-06-24T12:00:00Z,-4.425,55.325,1.04
2003-06-24T12:00:00Z,-4.425,55.375,1.04
2003-06-24T12:00:00Z,-4.425,55.425,1.18
2003-06-24T12:00:00Z,-4.425,55.475,1.16
2003-06-24T12:00:00Z,-4.425,55.525,1.1400000000000001
2003-06-24T12:00:00Z,-4.425,55.575,1.1
2003-06-24T12:00:00Z,-4.425,55.625,1.07
2003-06-24T12:00:00Z,-4.425,55.675,1.04
2003-06-24T12:00:00Z,-4.475,55.325,1.0
2003-06-24T12:00:00Z,-4.475,55.375,1.16
2003-06-24T12:00:00Z,-4.475,55.425,1.16
2003-06-24T12:00:00Z,-4.475,55.475,1.16
2003-06-24T12:00:00Z,-4.475,55.525,1.1500000000000001
2003-06-24T12:00:00Z,-4.475,55.575,1.11
2003-06-24T12:00:00Z,-4.475,55.625,0.9400000000000001
2003-06-24T12:00:00Z,-4.475,55.675,1.2
2003-06-24T12:00:00Z,-4.525,55.325,0.97
2003-06-24T12:00:00Z,-4.525,55.375,1.1400000000000001
2003-06-24T12:00:00Z,-4.525,55.425,1.1500000000000001
2003-06-24T12:00:00Z,-4.525,55.475,1.1500000000000001
2003-06-24T12:00:00Z,-4.525,55.525,1.1400000000000001
2003-06-24T12:00:00Z,-4.525,55.575,0.97
2003-06-24T12:00:00Z,-4.525,55.625,0.9500000000000001
2003-06-24T12:00:00Z,-4.525,55.675,1.22
2003-06-24T12:00:00Z,-4.575,55.325,1.08
2003-06-24T12:00:00Z,-4.575,55.375,1.11
2003-06-24T12:00:00Z,-4.575,55.425,1.26
2003-06-24T12:00:00Z,-4.575,55.475,1.27
2003-06-24T12:00:00Z,-4.575,55.525,1.27
2003-06-24T12:00:00Z,-4.575,55.575,1.11
2003-06-24T12:00:00Z,-4.575,55.625,0.9400000000000001
2003-06-24T12:00:00Z,-4.575,55.675,1.23
2003-06-24T12:00:00Z,-4.625,55.325,0.78
2003-06-24T12:00:00Z,-4.625,55.375,0.9400000000000001
2003-06-24T12:00:00Z,-4.625,55.425,1.24
2003-06-24T12:00:00Z,-4.625,55.475,1.25
2003-06-24T12:00:00Z,-4.625,55.525,1.26
2003-06-24T12:00:00Z,-4.625,55.575,1.11
2003-06-24T12:00:00Z,-4.625,55.625,1.37
2003-06-24T12:00:00Z,-4.625,55.675,1.23
2003-07-24T12:00:00Z,-4.375,55.325,0.0
2003-07-24T12:00:00Z,-4.375,55.375,0.0
2003-07-24T12:00:00Z,-4.375,55.425,0.0
2003-07-24T12:00:00Z,-4.375,55.475,0.0
2003-07-24T12:00:00Z,-4.375,55.525,0.0
2003-07-24T12:00:00Z,-4.375,55.575,0.0
2003-07-24T12:00:00Z,-4.375,55.625,0.0
2003-07-24T12:00:00Z,-4.375,55.675,0.0
2003-07-24T12:00:00Z,-4.425,55.325,0.0
2003-07-24T12:00:00Z,-4.425,55.375,0.0
2003-07-24T12:00:00Z,-4.425,55.425,0.0
2003-07-24T12:00:00Z,-4.425,55.475,0.0
2003-07-24T12:00:00Z,-4.425,55.525,0.0
2003-07-24T12:00:00Z,-4.425,55.575,0.0
2003-07-24T12:00:00Z,-4.425,55.625,0.0
2003-07-24T12:00:00Z,-4.425,55.675,0.0
2003-07-24T12:00:00Z,-4.475,55.325,0.0
2003-07-24T12:00:00Z,-4.475,55.375,0.0
2003-07-24T12:00:00Z,-4.475,55.425,0.0
2003-07-24T12:00:00Z,-4.475,55.475,0.0
2003-07-24T12:00:00Z,-4.475,55.525,0.0
2003-07-24T12:00:00Z,-4.475,55.575,0.0
2003-07-24T12:00:00Z,-4.475,55.625,0.0
2003-07-24T12:00:00Z,-4.475,55.675,0.0
2003-07-24T12:00:00Z,-4.525,55.325,0.0
2003-07-24T12:00:00Z,-4.525,55.375,0.0
2003-07-24T12:00:00Z,-4.525,55.425,0.0
2003-07-24T12:00:00Z,-4.525,55.475,0.0
2003-07-24T12:00:00Z,-4.525,55.525,0.0
2003-07-24T12:00:00Z,-4.525,55.575,0.0
2003-07-24T12:00:00Z,-4.525,55.625,0.0
2003-07-24T12:00:00Z,-4.525,55.675,0.0
2003-07-24T12:00:00Z,-4.575,55.325,0.0
2003-07-24T12:00:00Z,-4.575,55.375,0.0
2003-07-24T12:00:00Z,-4.575,55.425,0.0
2003-07-24T12:00:00Z,-4.575,55.475,0.0
2003-07-24T12:00:00Z,-4.575,55.525,0.0
2003-07-24T12:00:00Z,-4.575,55.575,0.0
2003-07-24T12:00:00Z,-4.575,55.625,0.0
2003-07-24T12:00:00Z,-4.575,55.675,0.0
2003-07-24T12:00:00Z,-4.625,55.325,0.0
2003-07-24T12:00:00Z,-4.625,55.375,0.0
2003-07-24T12:00:00Z,-4.625,55.425,0.0
2003-07-24T12:00:00Z,-4.625,55.475,0.0
2003-07-24T12:00:00Z,-4.625,55.525,0.0
2003-07-24T12:00:00Z,-4.625,55.575,0.0
2003-07-24T12:00:00Z,-4.625,55.625,0.0
2003-07-24T12:00:00Z,-4.625,55.675,0.0
2003-08-23T12:00:00Z,-4.375,55.325,0.0
2003-08-23T12:00:00Z,-4.375,55.375,0.0
2003-08-23T12:00:00Z,-4.375,55.425,0.0
2003-08-23T12:00:00Z,-4.375,55.475,0.0
2003-08-23T12:00:00Z,-4.375,55.525,0.0
2003-08-23T12:00:00Z,-4.375,55.575,0.0
2003-08-23T12:00:00Z,-4.375,55.625,0.0
2003-08-23T12:00:00Z,-4.375,55.675,0.0
2003-08-23T12:00:00Z,-4.425,55.325,0.0
2003-08-23T12:00:00Z,-4.425,55.375,0.0
2003-08-23T12:00:00Z,-4.425,55.425,0.0
2003-08-23T12:00:00Z,-4.425,55.475,0.0
2003-08-23T12:00:00Z,-4.425,55.525,0.0
2003-08-23T12:00:00Z,-4.425,55.575,0.0
2003-08-23T12:00:00Z,-4.425,55.625,0.0
2003-08-23T12:00:00Z,-4.425,55.675,0.0
2003-08-23T12:00:00Z,-4.475,55.325,0.0
2003-08-23T12:00:00Z,-4.475,55.375,0.0
2003-08-23T12:00:00Z,-4.475,55.425,0.0
2003-08-23T12:00:00Z,-4.475,55.475,0.0
2003-08-23T12:00:00Z,-4.475,55.525,0.0
2003-08-23T12:00:00Z,-4.475,55.575,0.0
2003-08-23T12:00:00Z,-4.475,55.625,0.0
2003-08-23T12:00:00Z,-4.475,55.675,0.0
2003-08-23T12:00:00Z,-4.525,55.325,0.0
2003-08-23T12:00:00Z,-4.525,55.375,0.0
2003-08-23T12:00:00Z,-4.525,55.425,0.0
2003-08-23T12:00:00Z,-4.525,55.475,0.0
2003-08-23T12:00:00Z,-4.525,55.525,0.0
2003-08-23T12:00:00Z,-4.525,55.575,0.0
2003-08-23T12:00:00Z,-4.525,55.625,0.0
2003-08-23T12:00:00Z,-4.525,55.675,0.0
2003-08-23T12:00:00Z,-4.575,55.325,0.0
2003-08-23T12:00:00Z,-4.575,55.375,0.0
2003-08-23T12:00:00Z,-4.575,55.425,0.0
2003-08-23T12:00:00Z,-4.575,55.475,0.0
2003-08-23T12:00:00Z,-4.575,55.525,0.0
2003-08-23T12:00:00Z,-4.575,55.575,0.0
2003-08-23T12:00:00Z,-4.575,55.625,0.0
2003-08-23T12:00:00Z,-4.575,55.675,0.0
2003-08-23T12:00:00Z,-4.625,55.325,0.0
2003-08-23T12:00:00Z,-4.625,55.375,0.0
2003-08-23T12:00:00Z,-4.625,55.425,0.0
2003-08-23T12:00:00Z,-4.625,55.475,0.0
2003-08-23T12:00:00Z,-4.625,55.525,0.0
2003-08-23T12:00:00Z,-4.625,55.575,0.0
2003-08-23T12:00:00Z,-4.625,55.625,0.0
2003-08-23T12:00:00Z,-4.625,55.675,0.0
2003-09-22T12:00:00Z,-4.375,55.325,0.0
2003-09-22T12:00:00Z,-4.375,55.375,0.0
2003-09-22T12:00:00Z,-4.375,55.425,0.0
2003-09-22T12:00:00Z,-4.375,55.475,0.0
2003-09-22T12:00:00Z,-4.375,55.525,0.0
2003-09-22T12:00:00Z,-4.375,55.575,0.0
2003-09-22T12:00:00Z,-4.375,55.625,0.0
2003-09-22T12:00:00Z,-4.375,55.675,0.0
2003-09-22T12:00:00Z,-4.425,55.325,0.0
2003-09-22T12:00:00Z,-4.425,55.375,0.0
2003-09-22T12:00:00Z,-4.425,55.425,0.0
2003-09-22T12:00:00Z,-4.425,55.475,0.0
2003-09-22T12:00:00Z,-4.425,55.525,0.0
2003-09-22T12:00:00Z,-4.425,55.575,0.0
2003-09-22T12:00:00Z,-4.425,55.625,0.0
2003-09-22T12:00:00Z,-4.425,55.675,0.0
2003-09-22T12:00:00Z,-4.475,55.325,0.0
2003-09-22T12:00:00Z,-4.475,55.375,0.0
2003-09-22T12:00:00Z,-4.475,55.425,0.0
2003-09-22T12:00:00Z,-4.475,55.475,0.0
2003-09-22T12:00:00Z,-4.475,55.525,0.0
2003-09-22T12:00:00Z,-4.475,55.575,0.0
2003-09-22T12:00:00Z,-4.475,55.625,0.0
2003-09-22T12:00:00Z,-4.475,55.675,0.0
2003-09-22T12:00:00Z,-4.525,55.325,0.0
2003-09-22T12:00:00Z,-4.525,55.375,0.0
2003-09-22T12:00:00Z,-4.525,55.425,0.0
2003-09-22T12:00:00Z,-4.525,55.475,0.0
2003-09-22T12:00:00Z,-4.525,55.525,0.0
2003-09-22T12:00:00Z,-4.525,55.575,0.0
2003-09-22T12:00:00Z,-4.525,55.625,0.0
2003-09-22T12:00:00Z,-4.525,55.675,0.0
2003-09-22T12:00:00Z,-4.575,55.325,0.0
2003-09-22T12:00:00Z,-4.575,55.375,0.0
2003-09-22T12:00:00Z,-4.575,55.425,0.0
2003-09-22T12:00:00Z,-4.575,55.475,0.0
2003-09-22T12:00:00Z,-4.575,55.525,0.0
2003-09-22T12:00:00Z,-4.575,55.575,0.0
2003-09-22T12:00:00Z,-4.575,55.625,0.0
2003-09-22T12:00:00Z,-4.575,55.675,0.0
2003-09-22T12:00:00Z,-4.625,55.325,0.0
2003-09-22T12:00:00Z,-4.625,55.375,0.0
2003-09-22T12:00:00Z,-4.625,55.425,0.0
2003-09-22T12:00:00Z,-4.625,55.475,0.0
2003-09-22T12:00:00Z,-4.625,55.525,0.0
2003-09-22T12:00:00Z,-4.625,55.575,0.0
2003-09-22T12:00:00Z,-4.625,55.625,0.0
2003-09-22T12:00:00Z,-4.625,55.675,0.0
2003-10-22T12:00:00Z,-4.375,55.325,0.0
2003-10-22T12:00:00Z,-4.375,55.375,0.0
2003-10-22T12:00:00Z,-4.375,55.425,0.0
2003-10-22T12:00:00Z,-4.375,55.475,0.0
2003-10-22T12:00:00Z,-4.375,55.525,0.0
2003-10-22T12:00:00Z,-4.375,55.575,0.0
2003-10-22T12:00:00Z,-4.375,55.625,0.0
2003-10-22T12:00:00Z,-4.375,55.675,0.0
2003-10-22T12:00:00Z,-4.425,55.325,0.0
2003-10-22T12:00:00Z,-4.425,55.375,0.0
2003-10-22T12:00:00Z,-4.425,55.425,0.0
2003-10-22T12:00:00Z,-4.425,55.475,0.0
2003-10-22T12:00:00Z,-4.425,55.525,0.0
2003-10-22T12:00:00Z,-4.425,55.575,0.0
2003-10-22T12:00:00Z,-4.425,55.625,0.0
2003-10-22T12:00:00Z,-4.425,55.675,0.0
2003-10-22T12:00:00Z,-4.475,55.325,0.0
2003-10-22T12:00:00Z,-4.475,55.375,0.0
2003-10-22T12:00:00Z,-4.475,55.425,0.0
2003-10-22T12:00:00Z,-4.475,55.475,0.0
2003-10-22T12:00:00Z,-4.475,55.525,0.0
2003-10-22T12:00:00Z,-4.475,55.575,0.0
2003-10-22T12:00:00Z,-4.475,55.625,0.0
2003-10-22T12:00:00Z,-4.475,55.675,0.0
2003-10-22T12:00:00Z,-4.525,55.325,0.0
2003-10-22T12:00:00Z,-4.525,55.375,0.0
2003-10-22T12:00:00Z,-4.525,55.425,0.0
2003-10-22T12:00:00Z,-4.525,55.475,0.0
2003-10-22T12:00:00Z,-4.525,55.525,0.0
2003-10-22T12:00:00Z,-4.525,55.575,0.0
2003-10-22T12:00:00Z,-4.525,55.625,0.0
2003-10-22T12:00:00Z,-4.525,55.675,0.0
2003-10-22T12:00:00Z,-4.575,55.325,0.0
2003-10-22T12:00:00Z,-4.575,55.375,0.0
2003-10-22T12:00:00Z,-4.575,55.425,0.0
2003-10-22T12:00:00Z,-4.575,55.475,0.0
2003-10-22T12:00:00Z,-4.575,55.525,0.0
2003-10-22T12:00:00Z,-4.575,55.575,0.0
2003-10-22T12:00:00Z,-4.575,55.625,0.0
2003-10-22T12:00:00Z,-4.575,55.675,0.0
2003-10-22T12:00:00Z,-4.625,55.325,0.0
2003-10-22T12:00:00Z,-4.625,55.375,0.0
2003-10-22T12:00:00Z,-4.625,55.425,0.0
2003-10-22T12:00:00Z,-4.625,55.475,0.0
2003-10-22T12:00:00Z,-4.625,55.525,0.0
2003-10-22T12:00:00Z,-4.625,55.575,0.0
2003-10-22T12:00:00Z,-4.625,55.625,0.0
2003-10-22T12:00:00Z,-4.625,55.675,0.0
2003-11-21T12:00:00Z,-4.375,55.325,0.0
2003-11-21T12:00:00Z,-4.375,55.375,0.0
2003-11-21T12:00:00Z,-4.375,55.425,0.0
2003-11-21T12:00:00Z,-4.375,55.475,0.0
2003-11-21T12:00:00Z,-4.375,55.525,0.0
2003-11-21T12:00:00Z,-4.375,55.575,0.0
2003-11-21T12:00:00Z,-4.375,55.625,0.0
2003-11-21T12:00:00Z,-4.375,55.675,0.0
2003-11-21T12:00:00Z,-4.425,55.325,0.0
2003-11-21T12:00:00Z,-4.425,55.375,0.0
2003-11-21T12:00:00Z,-4.425,55.425,0.0
2003-11-21T12:00:00Z,-4.425,55.475,0.0
2003-11-21T12:00:00Z,-4.425,55.525,0.0
2003-11-21T12:00:00Z,-4.425,55.575,0.0
2003-11-21T12:00:00Z,-4.425,55.625,0.0
2003-11-21T12:00:00Z,-4.425,55.675,0.0
2003-11-21T12:00:00Z,-4.475,55.325,0.0
2003-11-21T12:00:00Z,-4.475,55.375,0.0
2003-11-21T12:00:00Z,-4.475,55.425,0.0
2003-11-21T12:00:00Z,-4.475,55.475,0.0
2003-11-21T12:00:00Z,-4.475,55.525,0.0
2003-11-21T12:00:00Z,-4.475,55.575,0.0
2003-11-21T12:00:00Z,-4.475,55.625,0.0
2003-11-21T12:00:00Z,-4.475,55.675,0.0
2003-11-21T12:00:00Z,-4.525,55.325,0.0
2003-11-21T12:00:00Z,-4.525,55.375,0.0
2003-11-21T12:00:00Z,-4.525,55.425,0.0
2003-11-21T12:00:00Z,-4.525,55.475,0.0
2003-11-21T12:00:00Z,-4.525,55.525,0.0
2003-11-21T12:00:00Z,-4.525,55.575,0.0
2003-11-21T12:00:00Z,-4.525,55.625,0.0
2003-11-21T12:00:00Z,-4.525,55.675,0.0
2003-11-21T12:00:00Z,-4.575,55.325,0.0
2003-11-21T12:00:00Z,-4.575,55.375,0.0
2003-11-21T12:00:00Z,-4.575,55.425,0.0
2003-11-21T12:00:00Z,-4.575,55.475,0.0
2003-11-21T12:00:00Z,-4.575,55.525,0.0
2003-11-21T12:00:00Z,-4.575,55.575,0.0
2003-11-21T12:00:00Z,-4.575,55.625,0.0
2003-11-21T12:00:00Z,-4.575,55.675,0.0
2003-11-21T12:00:00Z,-4.625,55.325,0.0
2003-11-21T12:00:00Z,-4.625,55.375,0.0
2003-11-21T12:00:00Z,-4.625,55.425,0.0
2003-11-21T12:00:00Z,-4.625,55.475,0.0
2003-11-21T12:00:00Z,-4.625,55.525,0.0
2003-11-21T12:00:00Z,-4.625,55.575,0.0
2003-11-21T12:00:00Z,-4.625,55.625,0.0
2003-11-21T12:00:00Z,-4.625,55.675,0.0
2003-12-21T12:00:00Z,-4.375,55.325,0.0
2003-12-21T12:00:00Z,-4.375,55.375,0.0
2003-12-21T12:00:00Z,-4.375,55.425,0.0
2003-12-21T12:00:00Z,-4.375,55.475,0.0
2003-12-21T12:00:00Z,-4.375,55.525,0.0
2003-12-21T12:00:00Z,-4.375,55.575,0.0
2003-12-21T12:00:00Z,-4.375,55.625,0.0
2003-12-21T12:00:00Z,-4.375,55.675,0.0
2003-12-21T12:00:00Z,-4.425,55.325,0.0
2003-12-21T12:00:00Z,-4.425,55.375,0.0
2003-12-21T12:00:00Z,-4.425,55.425,0.0
2003-12-21T12:00:00Z,-4.425,55.475,0.0
2003-12-21T12:00:00Z,-4.425,55.525,0.0
2003-12-21T12:00:00Z,-4.425,55.575,0.0
2003-12-21T12:00:00Z,-4.425,55.625,0.0
2003-12-21T12:00:00Z,-4.425,55.675,0.0
2003-12-21T12:00:00Z,-4.475,55.325,0.0
2003-12-21T12:00:00Z,-4.475,55.375,0.0
2003-12-21T12:00:00Z,-4.475,55.425,0.0
2003-12-21T12:00:00Z,-4.475,55.475,0.0
2003-12-21T12:00:00Z,-4.475,55.525,0.0
2003-12-21T12:00:00Z,-4.475,55.575,0.0
2003-12-21T12:00:00Z,-4.475,55.625,0.0
2003-12-21T12:00:00Z,-4.475,55.675,0.0
2003-12-21T12:00:00Z,-4.525,55.325,0.0
2003-12-21T12:00:00Z,-4.525,55.375,0.0
2003-12-21T12:00:00Z,-4.525,55.425,0.0
2003-12-21T12:00:00Z,-4.525,55.475,0.0
2003-12-21T12:00:00Z,-4.525,55.525,0.0
2003-12-21T12:00:00Z,-4.525,55.575,0.0
2003-12-21T12:00:00Z,-4.525,55.625,0.0
2003-12-21T12:00:00Z,-4.525,55.675,0.0
2003-12-21T12:00:00Z,-4.575,55.325,0.0
2003-12-21T12:00:00Z,-4.575,55.375,0.0
2003-12-21T12:00:00Z,-4.575,55.425,0.0
2003-12-21T12:00:00Z,-4.575,55.475,0.0
2003-12-21T12:00:00Z,-4.575,55.525,0.0
2003-12-21T12:00:00Z,-4.575,55.575,0.0
2003-12-21T12:00:00Z,-4.575,55.625,0.0
2003-12-21T12:00:00Z,-4.575,55.675,0.0
2003-12-21T12:00:00Z,-4.625,55.325,0.0
2003-12-21T12:00:00Z,-4.625,55.375,0.0
2003-12-21T12:00:00Z,-4.625,55.425,0.0
2003-12-21T12:00:00Z,-4.625,55.475,0.0
2003-12-21T12:00:00Z,-4.625,55.525,0.0
2003-12-21T12:00:00Z,-4.625,55.575,0.0
2003-12-21T12:00:00Z,-4.625,55.625,0.0
2003-12-21T12:00:00Z,-4.625,55.675,0.0
2004-01-20T12:00:00Z,-4.375,55.325,0.0
2004-01-20T12:00:00Z,-4.375,55.375,0.0
2004-01-20T12:00:00Z,-4.375,55.425,0.0
2004-01-20T12:00:00Z,-4.375,55.475,0.0
2004-01-20T12:00:00Z,-4.375,55.525,0.0
2004-01-20T12:00:00Z,-4.375,55.575,0.0
2004-01-20T12:00:00Z,-4.375,55.625,0.0
2004-01-20T12:00:00Z,-4.375,55.675,0.0
2004-01-20T12:00:00Z,-4.425,55.325,0.0
2004-01-20T12:00:00Z,-4.425,55.375,0.0
2004-01-20T12:00:00Z,-4.425,55.425,0.0
2004-01-20T12:00:00Z,-4.425,55.475,0.0
2004-01-20T12:00:00Z,-4.425,55.525,0.0
2004-01-20T12:00:00Z,-4.425,55.575,0.0
2004-01-20T12:00:00Z,-4.425,55.625,0.0
2004-01-20T12:00:00Z,-4.425,55.675,0.0
2004-01-20T12:00:00Z,-4.475,55.325,0.0
2004-01-20T12:00:00Z,-4.475,55.375,0.0
2004-01-20T12:00:00Z,-4.475,55.425,0.0
2004-01-20T12:00:00Z,-4.475,55.475,0.0
2004-01-20T12:00:00Z,-4.475,55.525,0.0
2004-01-20T12:00:00Z,-4.475,55.575,0.0
2004-01-20T12:00:00Z,-4.475,55.625,0.0
2004-01-20T12:00:00Z,-4.475,55.675,0.0
2004-01-20T12:00:00Z,-4.525,55.325,0.0
2004-01-20T12:00:00Z,-4.525,55.375,0.0
2004-01-20T12:00:00Z,-4.525,55.425,0.0
2004-01-20T12:00:00Z,-4.525,55.475,0.0
2004-01-20T12:00:00Z,-4.525,55.525,0.0
2004-01-20T12:00:00Z,-4.525,55.575,0.0
2004-01-20T12:00:00Z,-4.525,55.625,0.0
2004-01-20T12:00:00Z,-4.525,55.675,0.0
2004-01-20T12:00:00Z,-4.575,55.325,0.0
2004-01-20T12:00:00Z,-4.575,55.375,0.0
2004-01-20T12:00:00Z,-4.575,55.425,0.0
2004-01-20T12:00:00Z,-4.575,55.475,0.0
2004-01-20T12:00:00Z,-4.575,55.525,0.0
2004-01-20T12:00:00Z,-4.575,55.575,0.0
2004-01-20T12:00:00Z,-4.575,55.625,0.0
2004-01-20T12:00:00Z,-4.575,55.675,0.0
2004-01-20T12:00:00Z,-4.625,55.325,0.0
2004-01-20T12:00:00Z,-4.625,55.375,0.0
2004-01-20T12:00:00Z,-4.625,55.425,0.0
2004-01-20T12:00:00Z,-4.625,55.475,0.0
2004-01-20T12:00:00Z,-4.625,55.525,0.0
2004-01-20T12:00:00Z,-4.625,55.575,0.0
2004-01-20T12:00:00Z,-4.625,55.625,0.0
2004-01-20T12:00:00Z,-4.625,55.675,0.0
2004-02-19T12:00:00Z,-4.375,55.325,0.0
2004-02-19T12:00:00Z,-4.375,55.375,0.0
2004-02-19T12:00:00Z,-4.375,55.425,0.0
2004-02-19T12:00:00Z,-4.375,55.475,0.0
2004-02-19T12:00:00Z,-4.375,55.525,0.0
2004-02-19T12:00:00Z,-4.375,55.575,0.0
2004-02-19T12:00:00Z,-4.375,55.625,0.0
2004-02-19T12:00:00Z,-4.375,55.675,0.0
2004-02-19T12:00:00Z,-4.425,55.325,0.0
2004-02-19T12:00:00Z,-4.425,55.375,0.0
2004-02-19T12:00:00Z,-4.425,55.425,0.0
2004-02-19T12:00:00Z,-4.425,55.475,0.0
2004-02-19T12:00:00Z,-4.425,55.525,0.0
2004-02-19T12:00:00Z,-4.425,55.575,0.0
2004-02-19T12:00:00Z,-4.425,55.625,0.0
2004-02-19T12:00:00Z,-4.425,55.675,0.0
2004-02-19T12:00:00Z,-4.475,55.325,0.0
2004-02-19T12:00:00Z,-4.475,55.375,0.0
2004-02-19T12:00:00Z,-4.475,55.425,0.0
2004-02-19T12:00:00Z,-4.475,55.475,0.0
2004-02-19T12:00:00Z,-4.475,55.525,0.0
2004-02-19T12:00:00Z,-4.475,55.575,0.0
2004-02-19T12:00:00Z,-4.475,55.625,0.0
2004-02-19T12:00:00Z,-4.475,55.675,0.0
2004-02-19T12:00:00Z,-4.525,55.325,0.0
2004-02-19T12:00:00Z,-4.525,55.375,0.0
2004-02-19T12:00:00Z,-4.525,55.425,0.0
2004-02-19T12:00:00Z,-4.525,55.475,0.0
2004-02-19T12:00:00Z,-4.525,55.525,0.0
2004-02-19T12:00:00Z,-4.525,55.575,0.0
2004-02-19T12:00:00Z,-4.525,55.625,0.0
2004-02-19T12:00:00Z,-4.525,55.675,0.0
2004-02-19T12:00:00Z,-4.575,55.325,0.0
2004-02-19T12:00:00Z,-4.575,55.375,0.0
2004-02-19T12:00:00Z,-4.575,55.425,0.0
2004-02-19T12:00:00Z,-4.575,55.475,0.0
2004-02-19T12:00:00Z,-4.575,55.525,0.0
2004-02-19T12:00:00Z,-4.575,55.575,0.0
2004-02-19T12:00:00Z,-4.575,55.625,0.0
2004-02-19T12:00:00Z,-4.575,55.675,0.0
2004-02-19T12:00:00Z,-4.625,55.325,0.0
2004-02-19T12:00:00Z,-4.625,55.375,0.0
2004-02-19T12:00:00Z,-4.625,55.425,0.0
2004-02-19T12:00:00Z,-4.625,55.475,0.0
2004-02-19T12:00:00Z,-4.625,55.525,0.0
2004-02-19T12:00:00Z,-4.625,55.575,0.0
2004-02-19T12:00:00Z,-4.625,55.625,0.0
2004-02-19T12:00:00Z,-4.625,55.675,0.0
2004-03-20T12:00:00Z,-4.375,55.325,0.0
2004-03-20T12:00:00Z,-4.375,55.375,0.0
2004-03-20T12:00:00Z,-4.375,55.425,0.0
2004-03-20T12:00:00Z,-4.375,55.475,0.0
2004-03-20T12:00:00Z,-4.375,55.525,0.0
2004-03-20T12:00:00Z,-4.375,55.575,0.0
2004-03-20T12:00:00Z,-4.375,55.625,0.0
2004-03-20T12:00:00Z,-4.375,55.675,0.0
2004-03-20T12:00:00Z,-4.425,55.325,0.0
2004-03-20T12:00:00Z,-4.425,55.375,0.0
2004-03-20T12:00:00Z,-4.425,55.425,0.0
2004-03-20T12:00:00Z,-4.425,55.475,0.0
2004-03-20T12:00:00Z,-4.425,55.525,0.0
2004-03-20T12:00:00Z,-4.425,55.575,0.0
2004-03-20T12:00:00Z,-4.425,55.625,0.0
2004-03-20T12:00:00Z,-4.425,55.675,0.0
2004-03-20T12:00:00Z,-4.475,55.325,0.0
2004-03-20T12:00:00Z,-4.475,55.375,0.0
2004-03-20T12:00:00Z,-4.475,55.425,0.0
2004-03-20T12:00:00Z,-4.475,55.475,0.0
2004-03-20T12:00:00Z,-4.475,55.525,0.0
2004-03-20T12:00:00Z,-4.475,55.575,0.0
2004-03-20T12:00:00Z,-4.475,55.625,0.0
2004-03-20T12:00:00Z,-4.475,55.675,0.0
2004-03-20T12:00:00Z,-4.525,55.325,0.0
2004-03-20T12:00:00Z,-4.525,55.375,0.0
2004-03-20T12:00:00Z,-4.525,55.425,0.0
2004-03-20T12:00:00Z,-4.525,55.475,0.0
2004-03-20T12:00:00Z,-4.525,55.525,0.0
2004-03-20T12:00:00Z,-4.525,55.575,0.0
2004-03-20T12:00:00Z,-4.525,55.625,0.0
2004-03-20T12:00:00Z,-4.525,55.675,0.0
2004-03-20T12:00:00Z,-4.575,55.325,0.0
2004-03-20T12:00:00Z,-4.575,55.375,0.0
2004-03-20T12:00:00Z,-4.575,55.425,0.0
2004-03-20T12:00:00Z,-4.575,55.475,0.0
2004-03-20T12:00:00Z,-4.575,55.525,0.0
2004-03-20T12:00:00Z,-4.575,55.575,0.0
2004-03-20T12:00:00Z,-4.575,55.625,0.0
2004-03-20T12:00:00Z,-4.575,55.675,0.0
2004-03-20T12:00:00Z,-4.625,55.325,0.0
2004-03-20T12:00:00Z,-4.625,55.375,0.0
2004-03-20T12:00:00Z,-4.625,55.425,0.0
2004-03-20T12:00:00Z,-4.625,55.475,0.0
2004-03-20T12:00:00Z,-4.625,55.525,0.0
2004-03-20T12:00:00Z,-4.625,55.575,0.0
2004-03-20T12:00:00Z,-4.625,55.625,0.0
2004-03-20T12:00:00Z,-4.625,55.675,0.0
2004-04-19T12:00:00Z,-4.375,55.325,0.0
2004-04-19T12:00:00Z,-4.375,55.375,0.0
2004-04-19T12:00:00Z,-4.375,55.425,0.14
2004-04-19T12:00:00Z,-4.375,55.475,0.15
2004-04-19T12:00:00Z,-4.375,55.525,0.15
2004-04-19T12:00:00Z,-4.375,55.575,0.15
2004-04-19T12:00:00Z,-4.375,55.625,0.14
2004-04-19T12:00:00Z,-4.375,55.675,0.0
2004-04-19T12:00:00Z,-4.425,55.325,0.0
2004-04-19T12:00:00Z,-4.425,55.375,0.0
2004-04-19T12:00:00Z,-4.425,55.425,0.15
2004-04-19T12:00:00Z,-4.425,55.475,0.15
2004-04-19T12:00:00Z,-4.425,55.525,0.15
2004-04-19T12:00:00Z,-4.425,55.575,0.15
2004-04-19T12:00:00Z,-4.425,55.625,0.0
2004-04-19T12:00:00Z,-4.425,55.675,0.0
2004-04-19T12:00:00Z,-4.475,55.325,0.0
2004-04-19T12:00:00Z,-4.475,55.375,0.0
2004-04-19T12:00:00Z,-4.475,55.425,0.15
2004-04-19T12:00:00Z,-4.475,55.475,0.15
2004-04-19T12:00:00Z,-4.475,55.525,0.15
2004-04-19T12:00:00Z,-4.475,55.575,0.14
2004-04-19T12:00:00Z,-4.475,55.625,0.0
2004-04-19T12:00:00Z,-4.475,55.675,0.0
2004-04-19T12:00:00Z,-4.525,55.325,0.0
2004-04-19T12:00:00Z,-4.525,55.375,0.14
2004-04-19T12:00:00Z,-4.525,55.425,0.15
2004-04-19T12:00:00Z,-4.525,55.475,0.15
2004-04-19T12:00:00Z,-4.525,55.525,0.14
2004-04-19T12:00:00Z,-4.525,55.575,0.0
2004-04-19T12:00:00Z,-4.525,55.625,0.0
2004-04-19T12:00:00Z,-4.525,55.675,0.0
2004-04-19T12:00:00Z,-4.575,55.325,0.0
2004-04-19T12:00:00Z,-4.575,55.375,0.14
2004-04-19T12:00:00Z,-4.575,55.425,0.14
2004-04-19T12:00:00Z,-4.575,55.475,0.0
2004-04-19T12:00:00Z,-4.575,55.525,0.0
2004-04-19T12:00:00Z,-4.575,55.575,0.0
2004-04-19T12:00:00Z,-4.575,55.625,0.0
2004-04-19T12:00:00Z,-4.575,55.675,0.0
2004-04-19T12:00:00Z,-4.625,55.325,0.0
2004-04-19T12:00:00Z,-4.625,55.375,0.0
2004-04-19T12:00:00Z,-4.625,55.425,0.0
2004-04-19T12:00:00Z,-4.625,55.475,0.0
2004-04-19T12:00:00Z,-4.625,55.525,0.0
2004-04-19T12:00:00Z,-4.625,55.575,0.0
2004-04-19T12:00:00Z,-4.625,55.625,0.0
2004-04-19T12:00:00Z,-4.625,55.675,0.0
2004-05-19T12:00:00Z,-4.375,55.325,0.0
2004-05-19T12:00:00Z,-4.375,55.375,0.0
2004-05-19T12:00:00Z,-4.375,55.425,0.14
2004-05-19T12:00:00Z,-4.375,55.475,0.15
2004-05-19T12:00:00Z,-4.375,55.525,0.15
2004-05-19T12:00:00Z,-4.375,55.575,0.15
2004-05-19T12:00:00Z,-4.375,55.625,0.14
2004-05-19T12:00:00Z,-4.375,55.675,0.0
2004-05-19T12:00:00Z,-4.425,55.325,0.0
2004-05-19T12:00:00Z,-4.425,55.375,0.0
2004-05-19T12:00:00Z,-4.425,55.425,0.15
2004-05-19T12:00:00Z,-4.425,55.475,0.15
2004-05-19T12:00:00Z,-4.425,55.525,0.15
2004-05-19T12:00:00Z,-4.425,55.575,0.15
2004-05-19T12:00:00Z,-4.425,55.625,0.0
2004-05-19T12:00:00Z,-4.425,55.675,0.0
2004-05-19T12:00:00Z,-4.475,55.325,0.0
2004-05-19T12:00:00Z,-4.475,55.375,0.0
2004-05-19T12:00:00Z,-4.475,55.425,0.15
2004-05-19T12:00:00Z,-4.475,55.475,0.15
2004-05-19T12:00:00Z,-4.475,55.525,0.15
2004-05-19T12:00:00Z,-4.475,55.575,0.14
2004-05-19T12:00:00Z,-4.475,55.625,0.0
2004-05-19T12:00:00Z,-4.475,55.675,0.0
2004-05-19T12:00:00Z,-4.525,55.325,0.0
2004-05-19T12:00:00Z,-4.525,55.375,0.14
2004-05-19T12:00:00Z,-4.525,55.425,0.15
2004-05-19T12:00:00Z,-4.525,55.475,0.15
2004-05-19T12:00:00Z,-4.525,55.525,0.14
2004-05-19T12:00:00Z,-4.525,55.575,0.0
2004-05-19T12:00:00Z,-4.525,55.625,0.0
2004-05-19T12:00:00Z,-4.525,55.675,0.0
2004-05-19T12:00:00Z,-4.575,55.325,0.0
2004-05-19T12:00:00Z,-4.575,55.375,0.14
2004-05-19T12:00:00Z,-4.575,55.425,0.14
2004-05-19T12:00:00Z,-4.575,55.475,0.0
2004-05-19T12:00:00Z,-4.575,55.525,0.0
2004-05-19T12:00:00Z,-4.575,55.575,0.0
2004-05-19T12:00:00Z,-4.575,55.625,0.0
2004-05-19T12:00:00Z,-4.575,55.675,0.0
2004-05-19T12:00:00Z,-4.625,55.325,0.0
2004-05-19T12:00:00Z,-4.625,55.375,0.0
2004-05-19T12:00:00Z,-4.625,55.425,0.0
2004-05-19T12:00:00Z,-4.625,55.475,0.0
2004-05-19T12:00:00Z,-4.625,55.525,0.0
2004-05-19T12:00:00Z,-4.625,55.575,0.0
2004-05-19T12:00:00Z,-4.625,55.625,0.0
2004-05-19T12:00:00Z,-4.625,55.675,0.0
2004-06-18T12:00:00Z,-4.375,55.325,0.0
2004-06-18T12:00:00Z,-4.375,55.375,0.0
2004-06-18T12:00:00Z,-4.375,55.425,0.14
2004-06-18T12:00:00Z,-4.375,55.475,0.15
2004-06-18T12:00:00Z,-4.375,55.525,0.15
2004-06-18T12:00:00Z,-4.375,55.575,0.15
2004-06-18T12:00:00Z,-4.375,55.625,0.14
2004-06-18T12:00:00Z,-4.375,55.675,0.0
2004-06-18T12:00:00Z,-4.425,55.325,0.0
2004-06-18T12:00:00Z,-4.425,55.375,0.0
2004-06-18T12:00:00Z,-4.425,55.425,0.15
2004-06-18T12:00:00Z,-4.425,55.475,0.15
2004-06-18T12:00:00Z,-4.425,55.525,0.15
2004-06-18T12:00:00Z,-4.425,55.575,0.15
2004-06-18T12:00:00Z,-4.425,55.625,0.0
2004-06-18T12:00:00Z,-4.425,55.675,0.0
2004-06-18T12:00:00Z,-4.475,55.325,0.0
2004-06-18T12:00:00Z,-4.475,55.375,0.0
2004-06-18T12:00:00Z,-4.475,55.425,0.15
2004-06-18T12:00:00Z,-4.475,55.475,0.15
2004-06-18T12:00:00Z,-4.475,55.525,0.15
2004-06-18T12:00:00Z,-4.475,55.575,0.14
2004-06-18T12:00:00Z,-4.475,55.625,0.0
2004-06-18T12:00:00Z,-4.475,55.675,0.0
2004-06-18T12:00:00Z,-4.525,55.325,0.0
2004-06-18T12:00:00Z,-4.525,55.375,0.14
2004-06-18T12:00:00Z,-4.525,55.425,0.15
2004-06-18T12:00:00Z,-4.525,55.475,0.15
2004-06-18T12:00:00Z,-4.525,55.525,0.14
2004-06-18T12:00:00Z,-4.525,55.575,0.0
2004-06-18T12:00:00Z,-4.525,55.625,0.0
2004-06-18T12:00:00Z,-4.525,55.675,0.0
2004-06-18T12:00:00Z,-4.575,55.325,0.0
2004-06-18T12:00:00Z,-4.575,55.375,0.14
2004-06-18T12:00:00Z,-4.575,55.425,0.14
2004-06-18T12:00:00Z,-4.575,55.475,0.0
2004-06-18T12:00:00Z,-4.575,55.525,0.0
2004-06-18T12:00:00Z,-4.575,55.575,0.0
2004-06-18T12:00:00Z,-4.575,55.625,0.0
2004-06-18T12:00:00Z,-4.575,55.675,0.0
2004-06-18T12:00:00Z,-4.625,55.325,0.0
2004-06-18T12:00:00Z,-4.625,55.375,0.0
2004-06-18T12:00:00Z,-4.625,55.425,0.0
2004-06-18T12:00:00Z,-4.625,55.475,0.0
2004-06-18T12:00:00Z,-4.625,55.525,0.0
2004-06-18T12:00:00Z,-4.625,55.575,0.0
2004-06-18T12:00:00Z,-4.625,55.625,0.0
2004-06-18T12:00:00Z,-4.625,55.675,0.0
2004-07-18T12:00:00Z,-4.375,55.325,0.0
2004-07-18T12:00:00Z,-4.375,55.375,0.0
2004-07-18T12:00:00Z,-4.375,55.425,0.0
2004-07-18T12:00:00Z,-4.375,55.475,0.0
2004-07-18T12:00:00Z,-4.375,55.525,0.0
2004-07-18T12:00:00Z,-4.375,55.575,0.0
2004-07-18T12:00:00Z,-4.375,55.625,0.0
2004-07-18T12:00:00Z,-4.375,55.675,0.0
2004-07-18T12:00:00Z,-4.425,55.325,0.0
2004-07-18T12:00:00Z,-4.425,55.375,0.0
2004-07-18T12:00:00Z,-4.425,55.425,0.0
2004-07-18T12:00:00Z,-4.425,55.475,0.0
2004-07-18T12:00:00Z,-4.425,55.525,0.0
2004-07-18T12:00:00Z,-4.425,55.575,0.0
2004-07-18T12:00:00Z,-4.425,55.625,0.0
2004-07-18T12:00:00Z,-4.425,55.675,0.0
2004-07-18T12:00:00Z,-4.475,55.325,0.0
2004-07-18T12:00:00Z,-4.475,55.375,0.0
2004-07-18T12:00:00Z,-4.475,55.425,0.0
2004-07-18T12:00:00Z,-4.475,55.475,0.0
2004-07-18T12:00:00Z,-4.475,55.525,0.0
2004-07-18T12:00:00Z,-4.475,55.575,0.0
2004-07-18T12:00:00Z,-4.475,55.625,0.0
2004-07-18T12:00:00Z,-4.475,55.675,0.0
2004-07-18T12:00:00Z,-4.525,55.325,0.0
2004-07-18T12:00:00Z,-4.525,55.375,0.0
2004-07-18T12:00:00Z,-4.525,55.425,0.0
2004-07-18T12:00:00Z,-4.525,55.475,0.0
2004-07-18T12:00:00Z,-4.525,55.525,0.0
2004-07-18T12:00:00Z,-4.525,55.575,0.0
2004-07-18T12:00:00Z,-4.525,55.625,0.0
2004-07-18T12:00:00Z,-4.525,55.675,0.0
2004-07-18T12:00:00Z,-4.575,55.325,0.0
2004-07-18T12:00:00Z,-4.575,55.375,0.0
2004-07-18T12:00:00Z,-4.575,55.425,0.0
2004-07-18T12:00:00Z,-4.575,55.475,0.0
2004-07-18T12:00:00Z,-4.575,55.525,0.0
2004-07-18T12:00:00Z,-4.575,55.575,0.0
2004-07-18T12:00:00Z,-4.575,55.625,0.0
2004-07-18T12:00:00Z,-4.575,55.675,0.0
2004-07-18T12:00:00Z,-4.625,55.325,0.0
2004-07-18T12:00:00Z,-4.625,55.375,0.0
2004-07-18T12:00:00Z,-4.625,55.425,0.0
2004-07-18T12:00:00Z,-4.625,55.475,0.0
2004-07-18T12:00:00Z,-4.625,55.525,0.0
2004-07-18T12:00:00Z,-4.625,55.575,0.0
2004-07-18T12:00:00Z,-4.625,55.625,0.0
2004-07-18T12:00:00Z,-4.625,55.675,0.0
2004-08-17T12:00:00Z,-4.375,55.325,0.0
2004-08-17T12:00:00Z,-4.375,55.375,0.0
2004-08-17T12:00:00Z,-4.375,55.425,0.0
2004-08-17T12:00:00Z,-4.375,55.475,0.0
2004-08-17T12:00:00Z,-4.375,55.525,0.0
2004-08-17T12:00:00Z,-4.375,55.575,0.0
2004-08-17T12:00:00Z,-4.375,55.625,0.0
2004-08-17T12:00:00Z,-4.375,55.675,0.0
2004-08-17T12:00:00Z,-4.425,55.325,0.0
2004-08-17T12:00:00Z,-4.425,55.375,0.0
2004-08-17T12:00:00Z,-4.425,55.425,0.0
2004-08-17T12:00:00Z,-4.425,55.475,0.0
2004-08-17T12:00:00Z,-4.425,55.525,0.0
2004-08-17T12:00:00Z,-4.425,55.575,0.0
2004-08-17T12:00:00Z,-4.425,55.625,0.0
2004-08-17T12:00:00Z,-4.425,55.675,0.0
2004-08-17T12:00:00Z,-4.475,55.325,0.0
2004-08-17T12:00:00Z,-4.475,55.375,0.0
2004-08-17T12:00:00Z,-4.475,55.425,0.0
2004-08-17T12:00:00Z,-4.475,55.475,0.0
2004-08-17T12:00:00Z,-4.475,55.525,0.0
2004-08-17T12:00:00Z,-4.475,55.575,0.0
2004-08-17T12:00:00Z,-4.475,55.625,0.0
2004-08-17T12:00:00Z,-4.475,55.675,0.0
2004-08-17T12:00:00Z,-4.525,55.325,0.0
2004-08-17T12:00:00Z,-4.525,55.375,0.0
2004-08-17T12:00:00Z,-4.525,55.425,0.0
2004-08-17T12:00:00Z,-4.525,55.475,0.0
2004-08-17T12:00:00Z,-4.525,55.525,0.0
2004-08-17T12:00:00Z,-4.525,55.575,0.0
2004-08-17T12:00:00Z,-4.525,55.625,0.0
2004-08-17T12:00:00Z,-4.525,55.675,0.0
2004-08-17T12:00:00Z,-4.575,55.325,0.0
2004-08-17T12:00:00Z,-4.575,55.375,0.0
2004-08-17T12:00:00Z,-4.575,55.425,0.0
2004-08-17T12:00:00Z,-4.575,55.475,0.0
2004-08-17T12:00:00Z,-4.575,55.525,0.0
2004-08-17T12:00:00Z,-4.575,55.575,0.0
2004-08-17T12:00:00Z,-4.575,55.625,0.0
2004-08-17T12:00:00Z,-4.575,55.675,0.0
2004-08-17T12:00:00Z,-4.625,55.325,0.0
2004-08-17T12:00:00Z,-4.625,55.375,0.0
2004-08-17T12:00:00Z,-4.625,55.425,0.0
2004-08-17T12:00:00Z,-4.625,55.475,0.0
2004-08-17T12:00:00Z,-4.625,55.525,0.0
2004-08-17T12:00:00Z,-4.625,55.575,0.0
2004-08-17T12:00:00Z,-4.625,55.625,0.0
2004-08-17T12:00:00Z,-4.625,55.675,0.0
2004-09-16T12:00:00Z,-4.375,55.325,0.0
2004-09-16T12:00:00Z,-4.375,55.375,0.0
2004-09-16T12:00:00Z,-4.375,55.425,0.0
2004-09-16T12:00:00Z,-4.375,55.475,0.0
2004-09-16T12:00:00Z,-4.375,55.525,0.0
2004-09-16T12:00:00Z,-4.375,55.575,0.0
2004-09-16T12:00:00Z,-4.375,55.625,0.0
2004-09-16T12:00:00Z,-4.375,55.675,0.0
2004-09-16T12:00:00Z,-4.425,55.325,0.0
2004-09-16T12:00:00Z,-4.425,55.375,0.0
2004-09-16T12:00:00Z,-4.425,55.425,0.0
2004-09-16T12:00:00Z,-4.425,55.475,0.0
2004-09-16T12:00:00Z,-4.425,55.525,0.0
2004-09-16T12:00:00Z,-4.425,55.575,0.0
2004-09-16T12:00:00Z,-4.425,55.625,0.0
2004-09-16T12:00:00Z,-4.425,55.675,0.0
2004-09-16T12:00:00Z,-4.475,55.325,0.0
2004-09-16T12:00:00Z,-4.475,55.375,0.0
2004-09-16T12:00:00Z,-4.475,55.425,0.0
2004-09-16T12:00:00Z,-4.475,55.475,0.0
2004-09-16T12:00:00Z,-4.475,55.525,0.0
2004-09-16T12:00:00Z,-4.475,55.575,0.0
2004-09-16T12:00:00Z,-4.475,55.625,0.0
2004-09-16T12:00:00Z,-4.475,55.675,0.0
2004-09-16T12:00:00Z,-4.525,55.325,0.0
2004-09-16T12:00:00Z,-4.525,55.375,0.0
2004-09-16T12:00:00Z,-4.525,55.425,0.0
2004-09-16T12:00:00Z,-4.525,55.475,0.0
2004-09-16T12:00:00Z,-4.525,55.525,0.0
2004-09-16T12:00:00Z,-4.525,55.575,0.0
2004-09-16T12:00:00Z,-4.525,55.625,0.0
2004-09-16T12:00:00Z,-4.525,55.675,0.0
2004-09-16T12:00:00Z,-4.575,55.325,0.0
2004-09-16T12:00:00Z,-4.575,55.375,0.0
2004-09-16T12:00:00Z,-4.575,55.425,0.0
2004-09-16T12:00:00Z,-4.575,55.475,0.0
2004-09-16T12:00:00Z,-4.575,55.525,0.0
2004-09-16T12:00:00Z,-4.575,55.575,0.0
2004-09-16T12:00:00Z,-4.575,55.625,0.0
2004-09-16T12:00:00Z,-4.575,55.675,0.0
2004-09-16T12:00:00Z,-4.625,55.325,0.0
2004-09-16T12:00:00Z,-4.625,55.375,0.0
2004-09-16T12:00:00Z,-4.625,55.425,0.0
2004-09-16T12:00:00Z,-4.625,55.475,0.0
2004-09-16T12:00:00Z,-4.625,55.525,0.0
2004-09-16T12:00:00Z,-4.625,55.575,0.0
2004-09-16T12:00:00Z,-4.625,55.625,0.0
2004-09-16T12:00:00Z,-4.625,55.675,0.0
2004-10-16T12:00:00Z,-4.375,55.325,0.0
2004-10-16T12:00:00Z,-4.375,55.375,0.0
2004-10-16T12:00:00Z,-4.375,55.425,0.0
2004-10-16T12:00:00Z,-4.375,55.475,0.0
2004-10-16T12:00:00Z,-4.375,55.525,0.0
2004-10-16T12:00:00Z,-4.375,55.575,0.0
2004-10-16T12:00:00Z,-4.375,55.625,0.0
2004-10-16T12:00:00Z,-4.375,55.675,0.0
2004-10-16T12:00:00Z,-4.425,55.325,0.0
2004-10-16T12:00:00Z,-4.425,55.375,0.0
2004-10-16T12:00:00Z,-4.425,55.425,0.0
2004-10-16T12:00:00Z,-4.425,55.475,0.0
2004-10-16T12:00:00Z,-4.425,55.525,0.0
2004-10-16T12:00:00Z,-4.425,55.575,0.0
2004-10-16T12:00:00Z,-4.425,55.625,0.0
2004-10-16T12:00:00Z,-4.425,55.675,0.0
2004-10-16T12:00:00Z,-4.475,55.325,0.0
2004-10-16T12:00:00Z,-4.475,55.375,0.0
2004-10-16T12:00:00Z,-4.475,55.425,0.0
2004-10-16T12:00:00Z,-4.475,55.475,0.0
2004-10-16T12:00:00Z,-4.475,55.525,0.0
2004-10-16T12:00:00Z,-4.475,55.575,0.0
2004-10-16T12:00:00Z,-4.475,55.625,0.0
2004-10-16T12:00:00Z,-4.475,55.675,0.0
2004-10-16T12:00:00Z,-4.525,55.325,0.0
2004-10-16T12:00:00Z,-4.525,55.375,0.0
2004-10-16T12:00:00Z,-4.525,55.425,0.0
2004-10-16T12:00:00Z,-4.525,55.475,0.0
2004-10-16T12:00:00Z,-4.525,55.525,0.0
2004-10-16T12:00:00Z,-4.525,55.575,0.0
2004-10-16T12:00:00Z,-4.525,55.625,0.0
2004-10-16T12:00:00Z,-4.525,55.675,0.0
2004-10-16T12:00:00Z,-4.575,55.325,0.0
2004-10-16T12:00:00Z,-4.575,55.375,0.0
2004-10-16T12:00:00Z,-4.575,55.425,0.0
2004-10-16T12:00:00Z,-4.575,55.475,0.0
2004-10-16T12:00:00Z,-4.575,55.525,0.0
2004-10-16T12:00:00Z,-4.575,55.575,0.0
2004-10-16T12:00:00Z,-4.575,55.625,0.0
2004-10-16T12:00:00Z,-4.575,55.675,0.0
2004-10-16T12:00:00Z,-4.625,55.325,0.0
2004-10-16T12:00:00Z,-4.625,55.375,0.0
2004-10-16T12:00:00Z,-4.625,55.425,0.0
2004-10-16T12:00:00Z,-4.625,55.475,0.0
2004-10-16T12:00:00Z,-4.625,55.525,0.0
2004-10-16T12:00:00Z,-4.625,55.575,0.0
2004-10-16T12:00:00Z,-4.625,55.625,0.0
2004-10-16T12:00:00Z,-4.625,55.675,0.0
2004-11-15T12:00:00Z,-4.375,55.325,0.0
2004-11-15T12:00:00Z,-4.375,55.375,0.0
2004-11-15T12:00:00Z,-4.375,55.425,0.0
2004-11-15T12:00:00Z,-4.375,55.475,0.0
2004-11-15T12:00:00Z,-4.375,55.525,0.0
2004-11-15T12:00:00Z,-4.375,55.575,0.0
2004-11-15T12:00:00Z,-4.375,55.625,0.0
2004-11-15T12:00:00Z,-4.375,55.675,0.0
2004-11-15T12:00:00Z,-4.425,55.325,0.0
2004-11-15T12:00:00Z,-4.425,55.375,0.0
2004-11-15T12:00:00Z,-4.425,55.425,0.0
2004-11-15T12:00:00Z,-4.425,55.475,0.0
2004-11-15T12:00:00Z,-4.425,55.525,0.0
2004-11-15T12:00:00Z,-4.425,55.575,0.0
2004-11-15T12:00:00Z,-4.425,55.625,0.0
2004-11-15T12:00:00Z,-4.425,55.675,0.0
2004-11-15T12:00:00Z,-4.475,55.325,0.0
2004-11-15T12:00:00Z,-4.475,55.375,0.0
2004-11-15T12:00:00Z,-4.475,55.425,0.0
2004-11-15T12:00:00Z,-4.475,55.475,0.0
2004-11-15T12:00:00Z,-4.475,55.525,0.0
2004-11-15T12:00:00Z,-4.475,55.575,0.0
2004-11-15T12:00:00Z,-4.475,55.625,0.0
2004-11-15T12:00:00Z,-4.475,55.675,0.0
2004-11-15T12:00:00Z,-4.525,55.325,0.0
2004-11-15T12:00:00Z,-4.525,55.375,0.0
2004-11-15T12:00:00Z,-4.525,55.425,0.0
2004-11-15T12:00:00Z,-4.525,55.475,0.0
2004-11-15T12:00:00Z,-4.525,55.525,0.0
2004-11-15T12:00:00Z,-4.525,55.575,0.0
2004-11-15T12:00:00Z,-4.525,55.625,0.0
2004-11-15T12:00:00Z,-4.525,55.675,0.0
2004-11-15T12:00:00Z,-4.575,55.325,0.0
2004-11-15T12:00:00Z,-4.575,55.375,0.0
2004-11-15T12:00:00Z,-4.575,55.425,0.0
2004-11-15T12:00:00Z,-4.575,55.475,0.0
2004-11-15T12:00:00Z,-4.575,55.525,0.0
2004-11-15T12:00:00Z,-4.575,55.575,0.0
2004-11-15T12:00:00Z,-4.575,55.625,0.0
2004-11-15T12:00:00Z,-4.575,55.675,0.0
2004-11-15T12:00:00Z,-4.625,55.325,0.0
2004-11-15T12:00:00Z,-4.625,55.375,0.0
2004-11-15T12:00:00Z,-4.625,55.425,0.0
2004-11-15T12:00:00Z,-4.625,55.475,0.0
2004-11-15T12:00:00Z,-4.625,55.525,0.0
2004-11-15T12:00:00Z,-4.625,55.575,0.0
2004-11-15T12:00:00Z,-4.625,55.625,0.0
2004-11-15T12:00:00Z,-4.625,55.675,0.0
2004-12-15T12:00:00Z,-4.375,55.325,0.0
2004-12-15T12:00:00Z,-4.375,55.375,0.0
2004-12-15T12:00:00Z,-4.375,55.425,0.0
2004-12-15T12:00:00Z,-4.375,55.475,0.0
2004-12-15T12:00:00Z,-4.375,55.525,0.0
2004-12-15T12:00:00Z,-4.375,55.575,0.0
2004-12-15T12:00:00Z,-4.375,55.625,0.0
2004-12-15T12:00:00Z,-4.375,55.675,0.0
2004-12-15T12:00:00Z,-4.425,55.325,0.0
2004-12-15T12:00:00Z,-4.425,55.375,0.0
2004-12-15T12:00:00Z,-4.425,55.425,0.0
2004-12-15T12:00:00Z,-4.425,55.475,0.0
2004-12-15T12:00:00Z,-4.425,55.525,0.0
2004-12-15T12:00:00Z,-4.425,55.575,0.0
2004-12-15T12:00:00Z,-4.425,55.625,0.0
2004-12-15T12:00:00Z,-4.425,55.675,0.0
2004-12-15T12:00:00Z,-4.475,55.325,0.0
2004-12-15T12:00:00Z,-4.475,55.375,0.0
2004-12-15T12:00:00Z,-4.475,55.425,0.0
2004-12-15T12:00:00Z,-4.475,55.475,0.0
2004-12-15T12:00:00Z,-4.475,55.525,0.0
2004-12-15T12:00:00Z,-4.475,55.575,0.0
2004-12-15T12:00:00Z,-4.475,55.625,0.0
2004-12-15T12:00:00Z,-4.475,55.675,0.0
2004-12-15T12:00:00Z,-4.525,55.325,0.0
2004-12-15T12:00:00Z,-4.525,55.375,0.0
2004-12-15T12:00:00Z,-4.525,55.425,0.0
2004-12-15T12:00:00Z,-4.525,55.475,0.0
2004-12-15T12:00:00Z,-4.525,55.525,0.0
2004-12-15T12:00:00Z,-4.525,55.575,0.0
2004-12-15T12:00:00Z,-4.525,55.625,0.0
2004-12-15T12:00:00Z,-4.525,55.675,0.0
2004-12-15T12:00:00Z,-4.575,55.325,0.0
2004-12-15T12:00:00Z,-4.575,55.375,0.0
2004-12-15T12:00:00Z,-4.575,55.425,0.0
2004-12-15T12:00:00Z,-4.575,55.475,0.0
2004-12-15T12:00:00Z,-4.575,55.525,0.0
2004-12-15T12:00:00Z,-4.575,55.575,0.0
2004-12-15T12:00:00Z,-4.575,55.625,0.0
2004-12-15T12:00:00Z,-4.575,55.675,0.0
2004-12-15T12:00:00Z,-4.625,55.325,0.0
2004-12-15T12:00:00Z,-4.625,55.375,0.0
2004-12-15T12:00:00Z,-4.625,55.425,0.0
2004-12-15T12:00:00Z,-4.625,55.475,0.0
2004-12-15T12:00:00Z,-4.625,55.525,0.0
2004-12-15T12:00:00Z,-4.625,55.575,0.0
2004-12-15T12:00:00Z,-4.625,55.625,0.0
2004-12-15T12:00:00Z,-4.625,55.675,0.0
2005-01-14T12:00:00Z,-4.375,55.325,0.0
2005-01-14T12:00:00Z,-4.375,55.375,0.0
2005-01-14T12:00:00Z,-4.375,55.425,0.0
2005-01-14T12:00:00Z,-4.375,55.475,0.0
2005-01-14T12:00:00Z,-4.375,55.525,0.0
2005-01-14T12:00:00Z,-4.375,55.575,0.0
2005-01-14T12:00:00Z,-4.375,55.625,0.0
2005-01-14T12:00:00Z,-4.375,55.675,0.0
2005-01-14T12:00:00Z,-4.425,55.325,0.0
2005-01-14T12:00:00Z,-4.425,55.375,0.0
2005-01-14T12:00:00Z,-4.425,55.425,0.0
2005-01-14T12:00:00Z,-4.425,55.475,0.0
2005-01-14T12:00:00Z,-4.425,55.525,0.0
2005-01-14T12:00:00Z,-4.425,55.575,0.0
2005-01-14T12:00:00Z,-4.425,55.625,0.0
2005-01-14T12:00:00Z,-4.425,55.675,0.0
2005-01-14T12:00:00Z,-4.475,55.325,0.0
2005-01-14T12:00:00Z,-4.475,55.375,0.0
2005-01-14T12:00:00Z,-4.475,55.425,0.0
2005-01-14T12:00:00Z,-4.475,55.475,0.0
2005-01-14T12:00:00Z,-4.475,55.525,0.0
2005-01-14T12:00:00Z,-4.475,55.575,0.0
2005-01-14T12:00:00Z,-4.475,55.625,0.0
2005-01-14T12:00:00Z,-4.475,55.675,0.0
2005-01-14T12:00:00Z,-4.525,55.325,0.0
2005-01-14T12:00:00Z,-4.525,55.375,0.0
2005-01-14T12:00:00Z,-4.525,55.425,0.0
2005-01-14T12:00:00Z,-4.525,55.475,0.0
2005-01-14T12:00:00Z,-4.525,55.525,0.0
2005-01-14T12:00:00Z,-4.525,55.575,0.0
2005-01-14T12:00:00Z,-4.525,55.625,0.0
2005-01-14T12:00:00Z,-4.525,55.675,0.0
2005-01-14T12:00:00Z,-4.575,55.325,0.0
2005-01-14T12:00:00Z,-4.575,55.375,0.0
2005-01-14T12:00:00Z,-4.575,55.425,0.0
2005-01-14T12:00:00Z,-4.575,55.475,0.0
2005-01-14T12:00:00Z,-4.575,55.525,0.0
2005-01-14T12:00:00Z,-4.575,55.575,0.0
2005-01-14T12:00:00Z,-4.575,55.625,0.0
2005-01-14T12:00:00Z,-4.575,55.675,0.0
2005-01-14T12:00:00Z,-4.625,55.325,0.0
2005-01-14T12:00:00Z,-4.625,55.375,0.0
2005-01-14T12:00:00Z,-4.625,55.425,0.0
2005-01-14T12:00:00Z,-4.625,55.475,0.0
2005-01-14T12:00:00Z,-4.625,55.525,0.0
2005-01-14T12:00:00Z,-4.625,55.575,0.0
2005-01-14T12:00:00Z,-4.625,55.625,0.0
2005-01-14T12:00:00Z,-4.625,55.675,0.0
2005-02-13T12:00:00Z,-4.375,55.325,0.0
2005-02-13T12:00:00Z,-4.375,55.375,0.0
2005-02-13T12:00:00Z,-4.375,55.425,0.0
2005-02-13T12:00:00Z,-4.375,55.475,0.0
2005-02-13T12:00:00Z,-4.375,55.525,0.0
2005-02-13T12:00:00Z,-4.375,55.575,0.0
2005-02-13T12:00:00Z,-4.375,55.625,0.0
2005-02-13T12:00:00Z,-4.375,55.675,0.0
2005-02-13T12:00:00Z,-4.425,55.325,0.0
2005-02-13T12:00:00Z,-4.425,55.375,0.0
2005-02-13T12:00:00Z,-4.425,55.425,0.0
2005-02-13T12:00:00Z,-4.425,55.475,0.0
2005-02-13T12:00:00Z,-4.425,55.525,0.0
2005-02-13T12:00:00Z,-4.425,55.575,0.0
2005-02-13T12:00:00Z,-4.425,55.625,0.0
2005-02-13T12:00:00Z,-4.425,55.675,0.0
2005-02-13T12:00:00Z,-4.475,55.325,0.0
2005-02-13T12:00:00Z,-4.475,55.375,0.0
2005-02-13T12:00:00Z,-4.475,55.425,0.0
2005-02-13T12:00:00Z,-4.475,55.475,0.0
2005-02-13T12:00:00Z,-4.475,55.525,0.0
2005-02-13T12:00:00Z,-4.475,55.575,0.0
2005-02-13T12:00:00Z,-4.475,55.625,0.0
2005-02-13T12:00:00Z,-4.475,55.675,0.0
2005-02-13T12:00:00Z,-4.525,55.325,0.0
2005-02-13T12:00:00Z,-4.525,55.375,0.0
2005-02-13T12:00:00Z,-4.525,55.425,0.0
2005-02-13T12:00:00Z,-4.525,55.475,0.0
2005-02-13T12:00:00Z,-4.525,55.525,0.0
2005-02-13T12:00:00Z,-4.525,55.575,0.0
2005-02-13T12:00:00Z,-4.525,55.625,0.0
2005-02-13T12:00:00Z,-4.525,55.675,0.0
2005-02-13T12:00:00Z,-4.575,55.325,0.0
2005-02-13T12:00:00Z,-4.575,55.375,0.0
2005-02-13T12:00:00Z,-4.575,55.425,0.0
2005-02-13T12:00:00Z,-4.575,55.475,0.0
2005-02-13T12:00:00Z,-4.575,55.525,0.0
2005-02-13T12:00:00Z,-4.575,55.575,0.0
2005-02-13T12:00:00Z,-4.575,55.625,0.0
2005-02-13T12:00:00Z,-4.575,55.675,0.0
2005-02-13T12:00:00Z,-4.625,55.325,0.0
2005-02-13T12:00:00Z,-4.625,55.375,0.0
2005-02-13T12:00:00Z,-4.625,55.425,0.0
2005-02-13T12:00:00Z,-4.625,55.475,0.0
2005-02-13T12:00:00Z,-4.625,55.525,0.0
2005-02-13T12:00:00Z,-4.625,55.575,0.0
2005-02-13T12:00:00Z,-4.625,55.625,0.0
2005-02-13T12:00:00Z,-4.625,55.675,0.0
2005-03-15T12:00:00Z,-4.375,55.325,0.0
2005-03-15T12:00:00Z,-4.375,55.375,0.0
2005-03-15T12:00:00Z,-4.375,55.425,0.0
2005-03-15T12:00:00Z,-4.375,55.475,0.0
2005-03-15T12:00:00Z,-4.375,55.525,0.0
2005-03-15T12:00:00Z,-4.375,55.575,0.0
2005-03-15T12:00:00Z,-4.375,55.625,0.0
2005-03-15T12:00:00Z,-4.375,55.675,0.0
2005-03-15T12:00:00Z,-4.425,55.325,0.0
2005-03-15T12:00:00Z,-4.425,55.375,0.0
2005-03-15T12:00:00Z,-4.425,55.425,0.0
2005-03-15T12:00:00Z,-4.425,55.475,0.0
2005-03-15T12:00:00Z,-4.425,55.525,0.0
2005-03-15T12:00:00Z,-4.425,55.575,0.0
2005-03-15T12:00:00Z,-4.425,55.625,0.0
2005-03-15T12:00:00Z,-4.425,55.675,0.0
2005-03-15T12:00:00Z,-4.475,55.325,0.0
2005-03-15T12:00:00Z,-4.475,55.375,0.0
2005-03-15T12:00:00Z,-4.475,55.425,0.0
2005-03-15T12:00:00Z,-4.475,55.475,0.0
2005-03-15T12:00:00Z,-4.475,55.525,0.0
2005-03-15T12:00:00Z,-4.475,55.575,0.0
2005-03-15T12:00:00Z,-4.475,55.625,0.0
2005-03-15T12:00:00Z,-4.475,55.675,0.0
2005-03-15T12:00:00Z,-4.525,55.325,0.0
2005-03-15T12:00:00Z,-4.525,55.375,0.0
2005-03-15T12:00:00Z,-4.525,55.425,0.0
2005-03-15T12:00:00Z,-4.525,55.475,0.0
2005-03-15T12:00:00Z,-4.525,55.525,0.0
2005-03-15T12:00:00Z,-4.525,55.575,0.0
2005-03-15T12:00:00Z,-4.525,55.625,0.0
2005-03-15T12:00:00Z,-4.525,55.675,0.0
2005-03-15T12:00:00Z,-4.575,55.325,0.0
2005-03-15T12:00:00Z,-4.575,55.375,0.0
2005-03-15T12:00:00Z,-4.575,55.425,0.0
2005-03-15T12:00:00Z,-4.575,55.475,0.0
2005-03-15T12:00:00Z,-4.575,55.525,0.0
2005-03-15T12:00:00Z,-4.575,55.575,0.0
2005-03-15T12:00:00Z,-4.575,55.625,0.0
2005-03-15T12:00:00Z,-4.575,55.675,0.0
2005-03-15T12:00:00Z,-4.625,55.325,0.0
2005-03-15T12:00:00Z,-4.625,55.375,0.0
2005-03-15T12:00:00Z,-4.625,55.425,0.0
2005-03-15T12:00:00Z,-4.625,55.475,0.0
2005-03-15T12:00:00Z,-4.625,55.525,0.0
2005-03-15T12:00:00Z,-4.625,55.575,0.0
2005-03-15T12:00:00Z,-4.625,55.625,0.0
2005-03-15T12:00:00Z,-4.625,55.675,0.0
2005-04-14T12:00:00Z,-4.375,55.325,0.0
2005-04-14T12:00:00Z,-4.375,55.375,0.0
2005-04-14T12:00:00Z,-4.375,55.425,0.0
2005-04-14T12:00:00Z,-4.375,55.475,0.0
2005-04-14T12:00:00Z,-4.375,55.525,0.0
2005-04-14T12:00:00Z,-4.375,55.575,0.0
2005-04-14T12:00:00Z,-4.375,55.625,0.0
2005-04-14T12:00:00Z,-4.375,55.675,0.0
2005-04-14T12:00:00Z,-4.425,55.325,0.0
2005-04-14T12:00:00Z,-4.425,55.375,0.0
2005-04-14T12:00:00Z,-4.425,55.425,0.0
2005-04-14T12:00:00Z,-4.425,55.475,0.0
2005-04-14T12:00:00Z,-4.425,55.525,0.0
2005-04-14T12:00:00Z,-4.425,55.575,0.0
2005-04-14T12:00:00Z,-4.425,55.625,0.0
2005-04-14T12:00:00Z,-4.425,55.675,0.0
2005-04-14T12:00:00Z,-4.475,55.325,0.0
2005-04-14T12:00:00Z,-4.475,55.375,0.0
2005-04-14T12:00:00Z,-4.475,55.425,0.0
2005-04-14T12:00:00Z,-4.475,55.475,0.0
2005-04-14T12:00:00Z,-4.475,55.525,0.0
2005-04-14T12:00:00Z,-4.475,55.575,0.0
2005-04-14T12:00:00Z,-4.475,55.625,0.0
2005-04-14T12:00:00Z,-4.475,55.675,0.0
2005-04-14T12:00:00Z,-4.525,55.325,0.0
2005-04-14T12:00:00Z,-4.525,55.375,0.0
2005-04-14T12:00:00Z,-4.525,55.425,0.0
2005-04-14T12:00:00Z,-4.525,55.475,0.0
2005-04-14T12:00:00Z,-4.525,55.525,0.0
2005-04-14T12:00:00Z,-4.525,55.575,0.0
2005-04-14T12:00:00Z,-4.525,55.625,0.0
2005-04-14T12:00:00Z,-4.525,55.675,0.0
2005-04-14T12:00:00Z,-4.575,55.325,0.0
2005-04-14T12:00:00Z,-4.575,55.375,0.0
2005-04-14T12:00:00Z,-4.575,55.425,0.0
2005-04-14T12:00:00Z,-4.575,55.475,0.0
2005-04-14T12:00:00Z,-4.575,55.525,0.0
2005-04-14T12:00:00Z,-4.575,55.575,0.0
2005-04-14T12:00:00Z,-4.575,55.625,0.0
2005-04-14T12:00:00Z,-4.575,55.675,0.0
2005-04-14T12:00:00Z,-4.625,55.325,0.0
2005-04-14T12:00:00Z,-4.625,55.375,0.0
2005-04-14T12:00:00Z,-4.625,55.425,0.0
2005-04-14T12:00:00Z,-4.625,55.475,0.0
2005-04-14T12:00:00Z,-4.625,55.525,0.0
2005-04-14T12:00:00Z,-4.625,55.575,0.0
2005-04-14T12:00:00Z,-4.625,55.625,0.0
2005-04-14T12:00:00Z,-4.625,55.675,0.0
2005-05-14T12:00:00Z,-4.375,55.325,0.32
2005-05-14T12:00:00Z,-4.375,55.375,0.32
2005-05-14T12:00:00Z,-4.375,55.425,0.44
2005-05-14T12:00:00Z,-4.375,55.475,0.3
2005-05-14T12:00:00Z,-4.375,55.525,0.3
2005-05-14T12:00:00Z,-4.375,55.575,0.3
2005-05-14T12:00:00Z,-4.375,55.625,0.29
2005-05-14T12:00:00Z,-4.375,55.675,0.0
2005-05-14T12:00:00Z,-4.425,55.325,0.33
2005-05-14T12:00:00Z,-4.425,55.375,0.32
2005-05-14T12:00:00Z,-4.425,55.425,0.31
2005-05-14T12:00:00Z,-4.425,55.475,0.16
2005-05-14T12:00:00Z,-4.425,55.525,0.44
2005-05-14T12:00:00Z,-4.425,55.575,0.3
2005-05-14T12:00:00Z,-4.425,55.625,0.14
2005-05-14T12:00:00Z,-4.425,55.675,0.15
2005-05-14T12:00:00Z,-4.475,55.325,0.33
2005-05-14T12:00:00Z,-4.475,55.375,0.33
2005-05-14T12:00:00Z,-4.475,55.425,0.32
2005-05-14T12:00:00Z,-4.475,55.475,0.31
2005-05-14T12:00:00Z,-4.475,55.525,0.3
2005-05-14T12:00:00Z,-4.475,55.575,0.16
2005-05-14T12:00:00Z,-4.475,55.625,0.0
2005-05-14T12:00:00Z,-4.475,55.675,0.14
2005-05-14T12:00:00Z,-4.525,55.325,0.33
2005-05-14T12:00:00Z,-4.525,55.375,0.33
2005-05-14T12:00:00Z,-4.525,55.425,0.32
2005-05-14T12:00:00Z,-4.525,55.475,0.31
2005-05-14T12:00:00Z,-4.525,55.525,0.16
2005-05-14T12:00:00Z,-4.525,55.575,0.16
2005-05-14T12:00:00Z,-4.525,55.625,0.0
2005-05-14T12:00:00Z,-4.525,55.675,0.0
2005-05-14T12:00:00Z,-4.575,55.325,0.31
2005-05-14T12:00:00Z,-4.575,55.375,0.32
2005-05-14T12:00:00Z,-4.575,55.425,0.31
2005-05-14T12:00:00Z,-4.575,55.475,0.3
2005-05-14T12:00:00Z,-4.575,55.525,0.16
2005-05-14T12:00:00Z,-4.575,55.575,0.16
2005-05-14T12:00:00Z,-4.575,55.625,0.0
2005-05-14T12:00:00Z,-4.575,55.675,0.0
2005-05-14T12:00:00Z,-4.625,55.325,0.15
2005-05-14T12:00:00Z,-4.625,55.375,0.16
2005-05-14T12:00:00Z,-4.625,55.425,0.16
2005-05-14T12:00:00Z,-4.625,55.475,0.16
2005-05-14T12:00:00Z,-4.625,55.525,0.16
2005-05-14T12:00:00Z,-4.625,55.575,0.16
2005-05-14T12:00:00Z,-4.625,55.625,0.15
2005-05-14T12:00:00Z,-4.625,55.675,0.14
2005-06-13T12:00:00Z,-4.375,55.325,0.32
2005-06-13T12:00:00Z,-4.375,55.375,0.32
2005-06-13T12:00:00Z,-4.375,55.425,0.44
2005-06-13T12:00:00Z,-4.375,55.475,0.3
2005-06-13T12:00:00Z,-4.375,55.525,0.3
2005-06-13T12:00:00Z,-4.375,55.575,0.3
2005-06-13T12:00:00Z,-4.375,55.625,0.29
2005-06-13T12:00:00Z,-4.375,55.675,0.0
2005-06-13T12:00:00Z,-4.425,55.325,0.33
2005-06-13T12:00:00Z,-4.425,55.375,0.32
2005-06-13T12:00:00Z,-4.425,55.425,0.31
2005-06-13T12:00:00Z,-4.425,55.475,0.16
2005-06-13T12:00:00Z,-4.425,55.525,0.44
2005-06-13T12:00:00Z,-4.425,55.575,0.3
2005-06-13T12:00:00Z,-4.425,55.625,0.14
2005-06-13T12:00:00Z,-4.425,55.675,0.15
2005-06-13T12:00:00Z,-4.475,55.325,0.33
2005-06-13T12:00:00Z,-4.475,55.375,0.33
2005-06-13T12:00:00Z,-4.475,55.425,0.32
2005-06-13T12:00:00Z,-4.475,55.475,0.31
2005-06-13T12:00:00Z,-4.475,55.525,0.3
2005-06-13T12:00:00Z,-4.475,55.575,0.16
2005-06-13T12:00:00Z,-4.475,55.625,0.0
2005-06-13T12:00:00Z,-4.475,55.675,0.14
2005-06-13T12:00:00Z,-4.525,55.325,0.33
2005-06-13T12:00:00Z,-4.525,55.375,0.33
2005-06-13T12:00:00Z,-4.525,55.425,0.32
2005-06-13T12:00:00Z,-4.525,55.475,0.31
2005-06-13T12:00:00Z,-4.525,55.525,0.16
2005-06-13T12:00:00Z,-4.525,55.575,0.16
2005-06-13T12:00:00Z,-4.525,55.625,0.0
2005-06-13T12:00:00Z,-4.525,55.675,0.0
2005-06-13T12:00:00Z,-4.575,55.325,0.31
2005-06-13T12:00:00Z,-4.575,55.375,0.32
2005-06-13T12:00:00Z,-4.575,55.425,0.31
2005-06-13T12:00:00Z,-4.575,55.475,0.3
2005-06-13T12:00:00Z,-4.575,55.525,0.16
2005-06-13T12:00:00Z,-4.575,55.575,0.16
2005-06-13T12:00:00Z,-4.575,55.625,0.0
2005-06-13T12:00:00Z,-4.575,55.675,0.0
2005-06-13T12:00:00Z,-4.625,55.325,0.15
2005-06-13T12:00:00Z,-4.625,55.375,0.16
2005-06-13T12:00:00Z,-4.625,55.425,0.16
2005-06-13T12:00:00Z,-4.625,55.475,0.16
2005-06-13T12:00:00Z,-4.625,55.525,0.16
2005-06-13T12:00:00Z,-4.625,55.575,0.16
2005-06-13T12:00:00Z,-4.625,55.625,0.15
2005-06-13T12:00:00Z,-4.625,55.675,0.14
2005-07-13T12:00:00Z,-4.375,55.325,0.32
2005-07-13T12:00:00Z,-4.375,55.375,0.32
2005-07-13T12:00:00Z,-4.375,55.425,0.44
2005-07-13T12:00:00Z,-4.375,55.475,0.3
2005-07-13T12:00:00Z,-4.375,55.525,0.3
2005-07-13T12:00:00Z,-4.375,55.575,0.3
2005-07-13T12:00:00Z,-4.375,55.625,0.29
2005-07-13T12:00:00Z,-4.375,55.675,0.0
2005-07-13T12:00:00Z,-4.425,55.325,0.33
2005-07-13T12:00:00Z,-4.425,55.375,0.32
2005-07-13T12:00:00Z,-4.425,55.425,0.31
2005-07-13T12:00:00Z,-4.425,55.475,0.16
2005-07-13T12:00:00Z,-4.425,55.525,0.44
2005-07-13T12:00:00Z,-4.425,55.575,0.3
2005-07-13T12:00:00Z,-4.425,55.625,0.14
2005-07-13T12:00:00Z,-4.425,55.675,0.15
2005-07-13T12:00:00Z,-4.475,55.325,0.33
2005-07-13T12:00:00Z,-4.475,55.375,0.33
2005-07-13T12:00:00Z,-4.475,55.425,0.32
2005-07-13T12:00:00Z,-4.475,55.475,0.31
2005-07-13T12:00:00Z,-4.475,55.525,0.3
2005-07-13T12:00:00Z,-4.475,55.575,0.16
2005-07-13T12:00:00Z,-4.475,55.625,0.0
2005-07-13T12:00:00Z,-4.475,55.675,0.14
2005-07-13T12:00:00Z,-4.525,55.325,0.33
2005-07-13T12:00:00Z,-4.525,55.375,0.33
2005-07-13T12:00:00Z,-4.525,55.425,0.32
2005-07-13T12:00:00Z,-4.525,55.475,0.31
2005-07-13T12:00:00Z,-4.525,55.525,0.16
2005-07-13T12:00:00Z,-4.525,55.575,0.16
2005-07-13T12:00:00Z,-4.525,55.625,0.0
2005-07-13T12:00:00Z,-4.525,55.675,0.0
2005-07-13T12:00:00Z,-4.575,55.325,0.31
2005-07-13T12:00:00Z,-4.575,55.375,0.32
2005-07-13T12:00:00Z,-4.575,55.425,0.31
2005-07-13T12:00:00Z,-4.575,55.475,0.3
2005-07-13T12:00:00Z,-4.575,55.525,0.16
2005-07-13T12:00:00Z,-4.575,55.575,0.16
2005-07-13T12:00:00Z,-4.575,55.625,0.0
2005-07-13T12:00:00Z,-4.575,55.675,0.0
2005-07-13T12:00:00Z,-4.625,55.325,0.15
2005-07-13T12:00:00Z,-4.625,55.375,0.16
2005-07-13T12:00:00Z,-4.625,55.425,0.16
2005-07-13T12:00:00Z,-4.625,55.475,0.16
2005-07-13T12:00:00Z,-4.625,55.525,0.16
2005-07-13T12:00:00Z,-4.625,55.575,0.16
2005-07-13T12:00:00Z,-4.625,55.625,0.15
2005-07-13T12:00:00Z,-4.625,55.675,0.14
2005-08-12T12:00:00Z,-4.375,55.325,0.0
2005-08-12T12:00:00Z,-4.375,55.375,0.0
2005-08-12T12:00:00Z,-4.375,55.425,0.0
2005-08-12T12:00:00Z,-4.375,55.475,0.0
2005-08-12T12:00:00Z,-4.375,55.525,0.0
2005-08-12T12:00:00Z,-4.375,55.575,0.0
2005-08-12T12:00:00Z,-4.375,55.625,0.0
2005-08-12T12:00:00Z,-4.375,55.675,0.0
2005-08-12T12:00:00Z,-4.425,55.325,0.0
2005-08-12T12:00:00Z,-4.425,55.375,0.0
2005-08-12T12:00:00Z,-4.425,55.425,0.0
2005-08-12T12:00:00Z,-4.425,55.475,0.0
2005-08-12T12:00:00Z,-4.425,55.525,0.0
2005-08-12T12:00:00Z,-4.425,55.575,0.0
2005-08-12T12:00:00Z,-4.425,55.625,0.0
2005-08-12T12:00:00Z,-4.425,55.675,0.0
2005-08-12T12:00:00Z,-4.475,55.325,0.0
2005-08-12T12:00:00Z,-4.475,55.375,0.0
2005-08-12T12:00:00Z,-4.475,55.425,0.0
2005-08-12T12:00:00Z,-4.475,55.475,0.0
2005-08-12T12:00:00Z,-4.475,55.525,0.0
2005-08-12T12:00:00Z,-4.475,55.575,0.0
2005-08-12T12:00:00Z,-4.475,55.625,0.0
2005-08-12T12:00:00Z,-4.475,55.675,0.0
2005-08-12T12:00:00Z,-4.525,55.325,0.0
2005-08-12T12:00:00Z,-4.525,55.375,0.0
2005-08-12T12:00:00Z,-4.525,55.425,0.0
2005-08-12T12:00:00Z,-4.525,55.475,0.0
2005-08-12T12:00:00Z,-4.525,55.525,0.0
2005-08-12T12:00:00Z,-4.525,55.575,0.0
2005-08-12T12:00:00Z,-4.525,55.625,0.0
2005-08-12T12:00:00Z,-4.525,55.675,0.0
2005-08-12T12:00:00Z,-4.575,55.325,0.0
2005-08-12T12:00:00Z,-4.575,55.375,0.0
2005-08-12T12:00:00Z,-4.575,55.425,0.0
2005-08-12T12:00:00Z,-4.575,55.475,0.0
2005-08-12T12:00:00Z,-4.575,55.525,0.0
2005-08-12T12:00:00Z,-4.575,55.575,0.0
2005-08-12T12:00:00Z,-4.575,55.625,0.0
2005-08-12T12:00:00Z,-4.575,55.675,0.0
2005-08-12T12:00:00Z,-4.625,55.325,0.0
2005-08-12T12:00:00Z,-4.625,55.375,0.0
2005-08-12T12:00:00Z,-4.625,55.425,0.0
2005-08-12T12:00:00Z,-4.625,55.475,0.0
2005-08-12T12:00:00Z,-4.625,55.525,0.0
2005-08-12T12:00:00Z,-4.625,55.575,0.0
2005-08-12T12:00:00Z,-4.625,55.625,0.0
2005-08-12T12:00:00Z,-4.625,55.675,0.0
2005-09-11T12:00:00Z,-4.375,55.325,0.0
2005-09-11T12:00:00Z,-4.375,55.375,0.0
2005-09-11T12:00:00Z,-4.375,55.425,0.0
2005-09-11T12:00:00Z,-4.375,55.475,0.0
2005-09-11T12:00:00Z,-4.375,55.525,0.0
2005-09-11T12:00:00Z,-4.375,55.575,0.0
2005-09-11T12:00:00Z,-4.375,55.625,0.0
2005-09-11T12:00:00Z,-4.375,55.675,0.0
2005-09-11T12:00:00Z,-4.425,55.325,0.0
2005-09-11T12:00:00Z,-4.425,55.375,0.0
2005-09-11T12:00:00Z,-4.425,55.425,0.0
2005-09-11T12:00:00Z,-4.425,55.475,0.0
2005-09-11T12:00:00Z,-4.425,55.525,0.0
2005-09-11T12:00:00Z,-4.425,55.575,0.0
2005-09-11T12:00:00Z,-4.425,55.625,0.0
2005-09-11T12:00:00Z,-4.425,55.675,0.0
2005-09-11T12:00:00Z,-4.475,55.325,0.0
2005-09-11T12:00:00Z,-4.475,55.375,0.0
2005-09-11T12:00:00Z,-4.475,55.425,0.0
2005-09-11T12:00:00Z,-4.475,55.475,0.0
2005-09-11T12:00:00Z,-4.475,55.525,0.0
2005-09-11T12:00:00Z,-4.475,55.575,0.0
2005-09-11T12:00:00Z,-4.475,55.625,0.0
2005-09-11T12:00:00Z,-4.475,55.675,0.0
2005-09-11T12:00:00Z,-4.525,55.325,0.0
2005-09-11T12:00:00Z,-4.525,55.375,0.0
2005-09-11T12:00:00Z,-4.525,55.425,0.0
2005-09-11T12:00:00Z,-4.525,55.475,0.0
2005-09-11T12:00:00Z,-4.525,55.525,0.0
2005-09-11T12:00:00Z,-4.525,55.575,0.0
2005-09-11T12:00:00Z,-4.525,55.625,0.0
2005-09-11T12:00:00Z,-4.525,55.675,0.0
2005-09-11T12:00:00Z,-4.575,55.325,0.0
2005-09-11T12:00:00Z,-4.575,55.375,0.0
2005-09-11T12:00:00Z,-4.575,55.425,0.0
2005-09-11T12:00:00Z,-4.575,55.475,0.0
2005-09-11T12:00:00Z,-4.575,55.525,0.0
2005-09-11T12:00:00Z,-4.575,55.575,0.0
2005-09-11T12:00:00Z,-4.575,55.625,0.0
2005-09-11T12:00:00Z,-4.575,55.675,0.0
2005-09-11T12:00:00Z,-4.625,55.325,0.0
2005-09-11T12:00:00Z,-4.625,55.375,0.0
2005-09-11T12:00:00Z,-4.625,55.425,0.0
2005-09-11T12:00:00Z,-4.625,55.475,0.0
2005-09-11T12:00:00Z,-4.625,55.525,0.0
2005-09-11T12:00:00Z,-4.625,55.575,0.0
2005-09-11T12:00:00Z,-4.625,55.625,0.0
2005-09-11T12:00:00Z,-4.625,55.675,0.0
2005-10-11T12:00:00Z,-4.375,55.325,0.0
2005-10-11T12:00:00Z,-4.375,55.375,0.0
2005-10-11T12:00:00Z,-4.375,55.425,0.0
2005-10-11T12:00:00Z,-4.375,55.475,0.0
2005-10-11T12:00:00Z,-4.375,55.525,0.0
2005-10-11T12:00:00Z,-4.375,55.575,0.0
2005-10-11T12:00:00Z,-4.375,55.625,0.0
2005-10-11T12:00:00Z,-4.375,55.675,0.0
2005-10-11T12:00:00Z,-4.425,55.325,0.0
2005-10-11T12:00:00Z,-4.425,55.375,0.0
2005-10-11T12:00:00Z,-4.425,55.425,0.0
2005-10-11T12:00:00Z,-4.425,55.475,0.0
2005-10-11T12:00:00Z,-4.425,55.525,0.0
2005-10-11T12:00:00Z,-4.425,55.575,0.0
2005-10-11T12:00:00Z,-4.425,55.625,0.0
2005-10-11T12:00:00Z,-4.425,55.675,0.0
2005-10-11T12:00:00Z,-4.475,55.325,0.0
2005-10-11T12:00:00Z,-4.475,55.375,0.0
2005-10-11T12:00:00Z,-4.475,55.425,0.0
2005-10-11T12:00:00Z,-4.475,55.475,0.0
2005-10-11T12:00:00Z,-4.475,55.525,0.0
2005-10-11T12:00:00Z,-4.475,55.575,0.0
2005-10-11T12:00:00Z,-4.475,55.625,0.0
2005-10-11T12:00:00Z,-4.475,55.675,0.0
2005-10-11T12:00:00Z,-4.525,55.325,0.0
2005-10-11T12:00:00Z,-4.525,55.375,0.0
2005-10-11T12:00:00Z,-4.525,55.425,0.0
2005-10-11T12:00:00Z,-4.525,55.475,0.0
2005-10-11T12:00:00Z,-4.525,55.525,0.0
2005-10-11T12:00:00Z,-4.525,55.575,0.0
2005-10-11T12:00:00Z,-4.525,55.625,0.0
2005-10-11T12:00:00Z,-4.525,55.675,0.0
2005-10-11T12:00:00Z,-4.575,55.325,0.0
2005-10-11T12:00:00Z,-4.575,55.375,0.0
2005-10-11T12:00:00Z,-4.575,55.425,0.0
2005-10-11T12:00:00Z,-4.575,55.475,0.0
2005-10-11T12:00:00Z,-4.575,55.525,0.0
2005-10-11T12:00:00Z,-4.575,55.575,0.0
2005-10-11T12:00:00Z,-4.575,55.625,0.0
2005-10-11T12:00:00Z,-4.575,55.675,0.0
2005-10-11T12:00:00Z,-4.625,55.325,0.0
2005-10-11T12:00:00Z,-4.625,55.375,0.0
2005-10-11T12:00:00Z,-4.625,55.425,0.0
2005-10-11T12:00:00Z,-4.625,55.475,0.0
2005-10-11T12:00:00Z,-4.625,55.525,0.0
2005-10-11T12:00:00Z,-4.625,55.575,0.0
2005-10-11T12:00:00Z,-4.625,55.625,0.0
2005-10-11T12:00:00Z,-4.625,55.675,0.0
2005-11-10T12:00:00Z,-4.375,55.325,0.0
2005-11-10T12:00:00Z,-4.375,55.375,0.0
2005-11-10T12:00:00Z,-4.375,55.425,0.0
2005-11-10T12:00:00Z,-4.375,55.475,0.0
2005-11-10T12:00:00Z,-4.375,55.525,0.0
2005-11-10T12:00:00Z,-4.375,55.575,0.0
2005-11-10T12:00:00Z,-4.375,55.625,0.0
2005-11-10T12:00:00Z,-4.375,55.675,0.0
2005-11-10T12:00:00Z,-4.425,55.325,0.0
2005-11-10T12:00:00Z,-4.425,55.375,0.0
2005-11-10T12:00:00Z,-4.425,55.425,0.0
2005-11-10T12:00:00Z,-4.425,55.475,0.0
2005-11-10T12:00:00Z,-4.425,55.525,0.0
2005-11-10T12:00:00Z,-4.425,55.575,0.0
2005-11-10T12:00:00Z,-4.425,55.625,0.0
2005-11-10T12:00:00Z,-4.425,55.675,0.0
2005-11-10T12:00:00Z,-4.475,55.325,0.0
2005-11-10T12:00:00Z,-4.475,55.375,0.0
2005-11-10T12:00:00Z,-4.475,55.425,0.0
2005-11-10T12:00:00Z,-4.475,55.475,0.0
2005-11-10T12:00:00Z,-4.475,55.525,0.0
2005-11-10T12:00:00Z,-4.475,55.575,0.0
2005-11-10T12:00:00Z,-4.475,55.625,0.0
2005-11-10T12:00:00Z,-4.475,55.675,0.0
2005-11-10T12:00:00Z,-4.525,55.325,0.0
2005-11-10T12:00:00Z,-4.525,55.375,0.0
2005-11-10T12:00:00Z,-4.525,55.425,0.0
2005-11-10T12:00:00Z,-4.525,55.475,0.0
2005-11-10T12:00:00Z,-4.525,55.525,0.0
2005-11-10T12:00:00Z,-4.525,55.575,0.0
2005-11-10T12:00:00Z,-4.525,55.625,0.0
2005-11-10T12:00:00Z,-4.525,55.675,0.0
2005-11-10T12:00:00Z,-4.575,55.325,0.0
2005-11-10T12:00:00Z,-4.575,55.375,0.0
2005-11-10T12:00:00Z,-4.575,55.425,0.0
2005-11-10T12:00:00Z,-4.575,55.475,0.0
2005-11-10T12:00:00Z,-4.575,55.525,0.0
2005-11-10T12:00:00Z,-4.575,55.575,0.0
2005-11-10T12:00:00Z,-4.575,55.625,0.0
2005-11-10T12:00:00Z,-4.575,55.675,0.0
2005-11-10T12:00:00Z,-4.625,55.325,0.0
2005-11-10T12:00:00Z,-4.625,55.375,0.0
2005-11-10T12:00:00Z,-4.625,55.425,0.0
2005-11-10T12:00:00Z,-4.625,55.475,0.0
2005-11-10T12:00:00Z,-4.625,55.525,0.0
2005-11-10T12:00:00Z,-4.625,55.575,0.0
2005-11-10T12:00:00Z,-4.625,55.625,0.0
2005-11-10T12:00:00Z,-4.625,55.675,0.0
2005-12-10T12:00:00Z,-4.375,55.325,0.0
2005-12-10T12:00:00Z,-4.375,55.375,0.0
2005-12-10T12:00:00Z,-4.375,55.425,0.0
2005-12-10T12:00:00Z,-4.375,55.475,0.0
2005-12-10T12:00:00Z,-4.375,55.525,0.0
2005-12-10T12:00:00Z,-4.375,55.575,0.0
2005-12-10T12:00:00Z,-4.375,55.625,0.0
2005-12-10T12:00:00Z,-4.375,55.675,0.0
2005-12-10T12:00:00Z,-4.425,55.325,0.0
2005-12-10T12:00:00Z,-4.425,55.375,0.0
2005-12-10T12:00:00Z,-4.425,55.425,0.0
2005-12-10T12:00:00Z,-4.425,55.475,0.0
2005-12-10T12:00:00Z,-4.425,55.525,0.0
2005-12-10T12:00:00Z,-4.425,55.575,0.0
2005-12-10T12:00:00Z,-4.425,55.625,0.0
2005-12-10T12:00:00Z,-4.425,55.675,0.0
2005-12-10T12:00:00Z,-4.475,55.325,0.0
2005-12-10T12:00:00Z,-4.475,55.375,0.0
2005-12-10T12:00:00Z,-4.475,55.425,0.0
2005-12-10T12:00:00Z,-4.475,55.475,0.0
2005-12-10T12:00:00Z,-4.475,55.525,0.0
2005-12-10T12:00:00Z,-4.475,55.575,0.0
2005-12-10T12:00:00Z,-4.475,55.625,0.0
2005-12-10T12:00:00Z,-4.475,55.675,0.0
2005-12-10T12:00:00Z,-4.525,55.325,0.0
2005-12-10T12:00:00Z,-4.525,55.375,0.0
2005-12-10T12:00:00Z,-4.525,55.425,0.0
2005-12-10T12:00:00Z,-4.525,55.475,0.0
2005-12-10T12:00:00Z,-4.525,55.525,0.0
2005-12-10T12:00:00Z,-4.525,55.575,0.0
2005-12-10T12:00:00Z,-4.525,55.625,0.0
2005-12-10T12:00:00Z,-4.525,55.675,0.0
2005-12-10T12:00:00Z,-4.575,55.325,0.0
2005-12-10T12:00:00Z,-4.575,55.375,0.0
2005-12-10T12:00:00Z,-4.575,55.425,0.0
2005-12-10T12:00:00Z,-4.575,55.475,0.0
2005-12-10T12:00:00Z,-4.575,55.525,0.0
2005-12-10T12:00:00Z,-4.575,55.575,0.0
2005-12-10T12:00:00Z,-4.575,55.625,0.0
2005-12-10T12:00:00Z,-4.575,55.675,0.0
2005-12-10T12:00:00Z,-4.625,55.325,0.0
2005-12-10T12:00:00Z,-4.625,55.375,0.0
2005-12-10T12:00:00Z,-4.625,55.425,0.0
2005-12-10T12:00:00Z,-4.625,55.475,0.0
2005-12-10T12:00:00Z,-4.625,55.525,0.0
2005-12-10T12:00:00Z,-4.625,55.575,0.0
2005-12-10T12:00:00Z,-4.625,55.625,0.0
2005-12-10T12:00:00Z,-4.625,55.675,0.0
2006-01-09T12:00:00Z,-4.375,55.325,0.0
2006-01-09T12:00:00Z,-4.375,55.375,0.0
2006-01-09T12:00:00Z,-4.375,55.425,0.0
2006-01-09T12:00:00Z,-4.375,55.475,0.0
2006-01-09T12:00:00Z,-4.375,55.525,0.0
2006-01-09T12:00:00Z,-4.375,55.575,0.0
2006-01-09T12:00:00Z,-4.375,55.625,0.0
2006-01-09T12:00:00Z,-4.375,55.675,0.0
2006-01-09T12:00:00Z,-4.425,55.325,0.0
2006-01-09T12:00:00Z,-4.425,55.375,0.0
2006-01-09T12:00:00Z,-4.425,55.425,0.0
2006-01-09T12:00:00Z,-4.425,55.475,0.0
2006-01-09T12:00:00Z,-4.425,55.525,0.0
2006-01-09T12:00:00Z,-4.425,55.575,0.0
2006-01-09T12:00:00Z,-4.425,55.625,0.0
2006-01-09T12:00:00Z,-4.425,55.675,0.0
2006-01-09T12:00:00Z,-4.475,55.325,0.0
2006-01-09T12:00:00Z,-4.475,55.375,0.0
2006-01-09T12:00:00Z,-4.475,55.425,0.0
2006-01-09T12:00:00Z,-4.475,55.475,0.0
2006-01-09T12:00:00Z,-4.475,55.525,0.0
2006-01-09T12:00:00Z,-4.475,55.575,0.0
2006-01-09T12:00:00Z,-4.475,55.625,0.0
2006-01-09T12:00:00Z,-4.475,55.675,0.0
2006-01-09T12:00:00Z,-4.525,55.325,0.0
2006-01-09T12:00:00Z,-4.525,55.375,0.0
2006-01-09T12:00:00Z,-4.525,55.425,0.0
2006-01-09T12:00:00Z,-4.525,55.475,0.0
2006-01-09T12:00:00Z,-4.525,55.525,0.0
2006-01-09T12:00:00Z,-4.525,55.575,0.0
2006-01-09T12:00:00Z,-4.525,55.625,0.0
2006-01-09T12:00:00Z,-4.525,55.675,0.0
2006-01-09T12:00:00Z,-4.575,55.325,0.0
2006-01-09T12:00:00Z,-4.575,55.375,0.0
2006-01-09T12:00:00Z,-4.575,55.425,0.0
2006-01-09T12:00:00Z,-4.575,55.475,0.0
2006-01-09T12:00:00Z,-4.575,55.525,0.0
2006-01-09T12:00:00Z,-4.575,55.575,0.0
2006-01-09T12:00:00Z,-4.575,55.625,0.0
2006-01-09T12:00:00Z,-4.575,55.675,0.0
2006-01-09T12:00:00Z,-4.625,55.325,0.0
2006-01-09T12:00:00Z,-4.625,55.375,0.0
2006-01-09T12:00:00Z,-4.625,55.425,0.0
2006-01-09T12:00:00Z,-4.625,55.475,0.0
2006-01-09T12:00:00Z,-4.625,55.525,0.0
2006-01-09T12:00:00Z,-4.625,55.575,0.0
2006-01-09T12:00:00Z,-4.625,55.625,0.0
2006-01-09T12:00:00Z,-4.625,55.675,0.0
2006-02-08T12:00:00Z,-4.375,55.325,0.0
2006-02-08T12:00:00Z,-4.375,55.375,0.0
2006-02-08T12:00:00Z,-4.375,55.425,0.0
2006-02-08T12:00:00Z,-4.375,55.475,0.0
2006-02-08T12:00:00Z,-4.375,55.525,0.0
2006-02-08T12:00:00Z,-4.375,55.575,0.0
2006-02-08T12:00:00Z,-4.375,55.625,0.0
2006-02-08T12:00:00Z,-4.375,55.675,0.0
2006-02-08T12:00:00Z,-4.425,55.325,0.0
2006-02-08T12:00:00Z,-4.425,55.375,0.0
2006-02-08T12:00:00Z,-4.425,55.425,0.0
2006-02-08T12:00:00Z,-4.425,55.475,0.0
2006-02-08T12:00:00Z,-4.425,55.525,0.0
2006-02-08T12:00:00Z,-4.425,55.575,0.0
2006-02-08T12:00:00Z,-4.425,55.625,0.0
2006-02-08T12:00:00Z,-4.425,55.675,0.0
2006-02-08T12:00:00Z,-4.475,55.325,0.0
2006-02-08T12:00:00Z,-4.475,55.375,0.0
2006-02-08T12:00:00Z,-4.475,55.425,0.0
2006-02-08T12:00:00Z,-4.475,55.475,0.0
2006-02-08T12:00:00Z,-4.475,55.525,0.0
2006-02-08T12:00:00Z,-4.475,55.575,0.0
2006-02-08T12:00:00Z,-4.475,55.625,0.0
2006-02-08T12:00:00Z,-4.475,55.675,0.0
2006-02-08T12:00:00Z,-4.525,55.325,0.0
2006-02-08T12:00:00Z,-4.525,55.375,0.0
2006-02-08T12:00:00Z,-4.525,55.425,0.0
2006-02-08T12:00:00Z,-4.525,55.475,0.0
2006-02-08T12:00:00Z,-4.525,55.525,0.0
2006-02-08T12:00:00Z,-4.525,55.575,0.0
2006-02-08T12:00:00Z,-4.525,55.625,0.0
2006-02-08T12:00:00Z,-4.525,55.675,0.0
2006-02-08T12:00:00Z,-4.575,55.325,0.0
2006-02-08T12:00:00Z,-4.575,55.375,0.0
2006-02-08T12:00:00Z,-4.575,55.425,0.0
2006-02-08T12:00:00Z,-4.575,55.475,0.0
2006-02-08T12:00:00Z,-4.575,55.525,0.0
2006-02-08T12:00:00Z,-4.575,55.575,0.0
2006-02-08T12:00:00Z,-4.575,55.625,0.0
2006-02-08T12:00:00Z,-4.575,55.675,0.0
2006-02-08T12:00:00Z,-4.625,55.325,0.0
2006-02-08T12:00:00Z,-4.625,55.375,0.0
2006-02-08T12:00:00Z,-4.625,55.425,0.0
2006-02-08T12:00:00Z,-4.625,55.475,0.0
2006-02-08T12:00:00Z,-4.625,55.525,0.0
2006-02-08T12:00:00Z,-4.625,55.575,0.0
2006-02-08T12:00:00Z,-4.625,55.625,0.0
2006-02-08T12:00:00Z,-4.625,55.675,0.0
2006-03-10T12:00:00Z,-4.375,55.325,0.0
2006-03-10T12:00:00Z,-4.375,55.375,0.0
2006-03-10T12:00:00Z,-4.375,55.425,0.0
2006-03-10T12:00:00Z,-4.375,55.475,0.0
2006-03-10T12:00:00Z,-4.375,55.525,0.0
2006-03-10T12:00:00Z,-4.375,55.575,0.0
2006-03-10T12:00:00Z,-4.375,55.625,0.0
2006-03-10T12:00:00Z,-4.375,55.675,0.0
2006-03-10T12:00:00Z,-4.425,55.325,0.0
2006-03-10T12:00:00Z,-4.425,55.375,0.0
2006-03-10T12:00:00Z,-4.425,55.425,0.0
2006-03-10T12:00:00Z,-4.425,55.475,0.0
2006-03-10T12:00:00Z,-4.425,55.525,0.0
2006-03-10T12:00:00Z,-4.425,55.575,0.0
2006-03-10T12:00:00Z,-4.425,55.625,0.0
2006-03-10T12:00:00Z,-4.425,55.675,0.0
2006-03-10T12:00:00Z,-4.475,55.325,0.0
2006-03-10T12:00:00Z,-4.475,55.375,0.0
2006-03-10T12:00:00Z,-4.475,55.425,0.0
2006-03-10T12:00:00Z,-4.475,55.475,0.0
2006-03-10T12:00:00Z,-4.475,55.525,0.0
2006-03-10T12:00:00Z,-4.475,55.575,0.0
2006-03-10T12:00:00Z,-4.475,55.625,0.0
2006-03-10T12:00:00Z,-4.475,55.675,0.0
2006-03-10T12:00:00Z,-4.525,55.325,0.0
2006-03-10T12:00:00Z,-4.525,55.375,0.0
2006-03-10T12:00:00Z,-4.525,55.425,0.0
2006-03-10T12:00:00Z,-4.525,55.475,0.0
2006-03-10T12:00:00Z,-4.525,55.525,0.0
2006-03-10T12:00:00Z,-4.525,55.575,0.0
2006-03-10T12:00:00Z,-4.525,55.625,0.0
2006-03-10T12:00:00Z,-4.525,55.675,0.0
2006-03-10T12:00:00Z,-4.575,55.325,0.0
2006-03-10T12:00:00Z,-4.575,55.375,0.0
2006-03-10T12:00:00Z,-4.575,55.425,0.0
2006-03-10T12:00:00Z,-4.575,55.475,0.0
2006-03-10T12:00:00Z,-4.575,55.525,0.0
2006-03-10T12:00:00Z,-4.575,55.575,0.0
2006-03-10T12:00:00Z,-4.575,55.625,0.0
2006-03-10T12:00:00Z,-4.575,55.675,0.0
2006-03-10T12:00:00Z,-4.625,55.325,0.0
2006-03-10T12:00:00Z,-4.625,55.375,0.0
2006-03-10T12:00:00Z,-4.625,55.425,0.0
2006-03-10T12:00:00Z,-4.625,55.475,0.0
2006-03-10T12:00:00Z,-4.625,55.525,0.0
2006-03-10T12:00:00Z,-4.625,55.575,0.0
2006-03-10T12:00:00Z,-4.625,55.625,0.0
2006-03-10T12:00:00Z,-4.625,55.675,0.0
2006-04-09T12:00:00Z,-4.375,55.325,0.0
2006-04-09T12:00:00Z,-4.375,55.375,0.0
2006-04-09T12:00:00Z,-4.375,55.425,0.0
2006-04-09T12:00:00Z,-4.375,55.475,0.0
2006-04-09T12:00:00Z,-4.375,55.525,0.0
2006-04-09T12:00:00Z,-4.375,55.575,0.0
2006-04-09T12:00:00Z,-4.375,55.625,0.0
2006-04-09T12:00:00Z,-4.375,55.675,0.0
2006-04-09T12:00:00Z,-4.425,55.325,0.0
2006-04-09T12:00:00Z,-4.425,55.375,0.0
2006-04-09T12:00:00Z,-4.425,55.425,0.0
2006-04-09T12:00:00Z,-4.425,55.475,0.0
2006-04-09T12:00:00Z,-4.425,55.525,0.0
2006-04-09T12:00:00Z,-4.425,55.575,0.0
2006-04-09T12:00:00Z,-4.425,55.625,0.0
2006-04-09T12:00:00Z,-4.425,55.675,0.0
2006-04-09T12:00:00Z,-4.475,55.325,0.0
2006-04-09T12:00:00Z,-4.475,55.375,0.0
2006-04-09T12:00:00Z,-4.475,55.425,0.0
2006-04-09T12:00:00Z,-4.475,55.475,0.0
2006-04-09T12:00:00Z,-4.475,55.525,0.0
2006-04-09T12:00:00Z,-4.475,55.575,0.0
2006-04-09T12:00:00Z,-4.475,55.625,0.0
2006-04-09T12:00:00Z,-4.475,55.675,0.0
2006-04-09T12:00:00Z,-4.525,55.325,0.0
2006-04-09T12:00:00Z,-4.525,55.375,0.0
2006-04-09T12:00:00Z,-4.525,55.425,0.0
2006-04-09T12:00:00Z,-4.525,55.475,0.0
2006-04-09T12:00:00Z,-4.525,55.525,0.0
2006-04-09T12:00:00Z,-4.525,55.575,0.0
2006-04-09T12:00:00Z,-4.525,55.625,0.0
2006-04-09T12:00:00Z,-4.525,55.675,0.0
2006-04-09T12:00:00Z,-4.575,55.325,0.0
2006-04-09T12:00:00Z,-4.575,55.375,0.0
2006-04-09T12:00:00Z,-4.575,55.425,0.0
2006-04-09T12:00:00Z,-4.575,55.475,0.0
2006-04-09T12:00:00Z,-4.575,55.525,0.0
2006-04-09T12:00:00Z,-4.575,55.575,0.0
2006-04-09T12:00:00Z,-4.575,55.625,0.0
2006-04-09T12:00:00Z,-4.575,55.675,0.0
2006-04-09T12:00:00Z,-4.625,55.325,0.0
2006-04-09T12:00:00Z,-4.625,55.375,0.0
2006-04-09T12:00:00Z,-4.625,55.425,0.0
2006-04-09T12:00:00Z,-4.625,55.475,0.0
2006-04-09T12:00:00Z,-4.625,55.525,0.0
2006-04-09T12:00:00Z,-4.625,55.575,0.0
2006-04-09T12:00:00Z,-4.625,55.625,0.0
2006-04-09T12:00:00Z,-4.625,55.675,0.0
2006-05-09T12:00:00Z,-4.375,55.325,0.0
2006-05-09T12:00:00Z,-4.375,55.375,0.0
2006-05-09T12:00:00Z,-4.375,55.425,0.0
2006-05-09T12:00:00Z,-4.375,55.475,0.0
2006-05-09T12:00:00Z,-4.375,55.525,0.0
2006-05-09T12:00:00Z,-4.375,55.575,0.0
2006-05-09T12:00:00Z,-4.375,55.625,0.0
2006-05-09T12:00:00Z,-4.375,55.675,0.0
2006-05-09T12:00:00Z,-4.425,55.325,0.0
2006-05-09T12:00:00Z,-4.425,55.375,0.0
2006-05-09T12:00:00Z,-4.425,55.425,0.0
2006-05-09T12:00:00Z,-4.425,55.475,0.0
2006-05-09T12:00:00Z,-4.425,55.525,0.0
2006-05-09T12:00:00Z,-4.425,55.575,0.0
2006-05-09T12:00:00Z,-4.425,55.625,0.0
2006-05-09T12:00:00Z,-4.425,55.675,0.0
2006-05-09T12:00:00Z,-4.475,55.325,0.0
2006-05-09T12:00:00Z,-4.475,55.375,0.0
2006-05-09T12:00:00Z,-4.475,55.425,0.0
2006-05-09T12:00:00Z,-4.475,55.475,0.0
2006-05-09T12:00:00Z,-4.475,55.525,0.0
2006-05-09T12:00:00Z,-4.475,55.575,0.0
2006-05-09T12:00:00Z,-4.475,55.625,0.0
2006-05-09T12:00:00Z,-4.475,55.675,0.0
2006-05-09T12:00:00Z,-4.525,55.325,0.0
2006-05-09T12:00:00Z,-4.525,55.375,0.0
2006-05-09T12:00:00Z,-4.525,55.425,0.0
2006-05-09T12:00:00Z,-4.525,55.475,0.0
2006-05-09T12:00:00Z,-4.525,55.525,0.0
2006-05-09T12:00:00Z,-4.525,55.575,0.0
2006-05-09T12:00:00Z,-4.525,55.625,0.0
2006-05-09T12:00:00Z,-4.525,55.675,0.0
2006-05-09T12:00:00Z,-4.575,55.325,0.0
2006-05-09T12:00:00Z,-4.575,55.375,0.0
2006-05-09T12:00:00Z,-4.575,55.425,0.0
2006-05-09T12:00:00Z,-4.575,55.475,0.0
2006-05-09T12:00:00Z,-4.575,55.525,0.0
2006-05-09T12:00:00Z,-4.575,55.575,0.0
2006-05-09T12:00:00Z,-4.575,55.625,0.0
2006-05-09T12:00:00Z,-4.575,55.675,0.0
2006-05-09T12:00:00Z,-4.625,55.325,0.0
2006-05-09T12:00:00Z,-4.625,55.375,0.0
2006-05-09T12:00:00Z,-4.625,55.425,0.0
2006-05-09T12:00:00Z,-4.625,55.475,0.0
2006-05-09T12:00:00Z,-4.625,55.525,0.0
2006-05-09T12:00:00Z,-4.625,55.575,0.0
2006-05-09T12:00:00Z,-4.625,55.625,0.0
2006-05-09T12:00:00Z,-4.625,55.675,0.0
2006-06-08T12:00:00Z,-4.375,55.325,0.0
2006-06-08T12:00:00Z,-4.375,55.375,0.0
2006-06-08T12:00:00Z,-4.375,55.425,0.0
2006-06-08T12:00:00Z,-4.375,55.475,0.0
2006-06-08T12:00:00Z,-4.375,55.525,0.0
2006-06-08T12:00:00Z,-4.375,55.575,0.0
2006-06-08T12:00:00Z,-4.375,55.625,0.0
2006-06-08T12:00:00Z,-4.375,55.675,0.0
2006-06-08T12:00:00Z,-4.425,55.325,0.0
2006-06-08T12:00:00Z,-4.425,55.375,0.0
2006-06-08T12:00:00Z,-4.425,55.425,0.0
2006-06-08T12:00:00Z,-4.425,55.475,0.0
2006-06-08T12:00:00Z,-4.425,55.525,0.0
2006-06-08T12:00:00Z,-4.425,55.575,0.0
2006-06-08T12:00:00Z,-4.425,55.625,0.0
2006-06-08T12:00:00Z,-4.425,55.675,0.0
2006-06-08T12:00:00Z,-4.475,55.325,0.0
2006-06-08T12:00:00Z,-4.475,55.375,0.0
2006-06-08T12:00:00Z,-4.475,55.425,0.0
2006-06-08T12:00:00Z,-4.475,55.475,0.0
2006-06-08T12:00:00Z,-4.475,55.525,0.0
2006-06-08T12:00:00Z,-4.475,55.575,0.0
2006-06-08T12:00:00Z,-4.475,55.625,0.0
2006-06-08T12:00:00Z,-4.475,55.675,0.0
2006-06-08T12:00:00Z,-4.525,55.325,0.0
2006-06-08T12:00:00Z,-4.525,55.375,0.0
2006-06-08T12:00:00Z,-4.525,55.425,0.0
2006-06-08T12:00:00Z,-4.525,55.475,0.0
2006-06-08T12:00:00Z,-4.525,55.525,0.0
2006-06-08T12:00:00Z,-4.525,55.575,0.0
2006-06-08T12:00:00Z,-4.525,55.625,0.0
2006-06-08T12:00:00Z,-4.525,55.675,0.0
2006-06-08T12:00:00Z,-4.575,55.325,0.0
2006-06-08T12:00:00Z,-4.575,55.375,0.0
2006-06-08T12:00:00Z,-4.575,55.425,0.0
2006-06-08T12:00:00Z,-4.575,55.475,0.0
2006-06-08T12:00:00Z,-4.575,55.525,0.0
2006-06-08T12:00:00Z,-4.575,55.575,0.0
2006-06-08T12:00:00Z,-4.575,55.625,0.0
2006-06-08T12:00:00Z,-4.575,55.675,0.0
2006-06-08T12:00:00Z,-4.625,55.325,0.0
2006-06-08T12:00:00Z,-4.625,55.375,0.0
2006-06-08T12:00:00Z,-4.625,55.425,0.0
2006-06-08T12:00:00Z,-4.625,55.475,0.0
2006-06-08T12:00:00Z,-4.625,55.525,0.0
2006-06-08T12:00:00Z,-4.625,55.575,0.0
2006-06-08T12:00:00Z,-4.625,55.625,0.0
2006-06-08T12:00:00Z,-4.625,55.675,0.0
2006-07-08T12:00:00Z,-4.375,55.325,0.0
2006-07-08T12:00:00Z,-4.375,55.375,0.0
2006-07-08T12:00:00Z,-4.375,55.425,0.0
2006-07-08T12:00:00Z,-4.375,55.475,0.0
2006-07-08T12:00:00Z,-4.375,55.525,0.0
2006-07-08T12:00:00Z,-4.375,55.575,0.0
2006-07-08T12:00:00Z,-4.375,55.625,0.0
2006-07-08T12:00:00Z,-4.375,55.675,0.0
2006-07-08T12:00:00Z,-4.425,55.325,0.0
2006-07-08T12:00:00Z,-4.425,55.375,0.0
2006-07-08T12:00:00Z,-4.425,55.425,0.0
2006-07-08T12:00:00Z,-4.425,55.475,0.0
2006-07-08T12:00:00Z,-4.425,55.525,0.0
2006-07-08T12:00:00Z,-4.425,55.575,0.0
2006-07-08T12:00:00Z,-4.425,55.625,0.0
2006-07-08T12:00:00Z,-4.425,55.675,0.0
2006-07-08T12:00:00Z,-4.475,55.325,0.0
2006-07-08T12:00:00Z,-4.475,55.375,0.0
2006-07-08T12:00:00Z,-4.475,55.425,0.0
2006-07-08T12:00:00Z,-4.475,55.475,0.0
2006-07-08T12:00:00Z,-4.475,55.525,0.0
2006-07-08T12:00:00Z,-4.475,55.575,0.0
2006-07-08T12:00:00Z,-4.475,55.625,0.0
2006-07-08T12:00:00Z,-4.475,55.675,0.0
2006-07-08T12:00:00Z,-4.525,55.325,0.0
2006-07-08T12:00:00Z,-4.525,55.375,0.0
2006-07-08T12:00:00Z,-4.525,55.425,0.0
2006-07-08T12:00:00Z,-4.525,55.475,0.0
2006-07-08T12:00:00Z,-4.525,55.525,0.0
2006-07-08T12:00:00Z,-4.525,55.575,0.0
2006-07-08T12:00:00Z,-4.525,55.625,0.0
2006-07-08T12:00:00Z,-4.525,55.675,0.0
2006-07-08T12:00:00Z,-4.575,55.325,0.0
2006-07-08T12:00:00Z,-4.575,55.375,0.0
2006-07-08T12:00:00Z,-4.575,55.425,0.0
2006-07-08T12:00:00Z,-4.575,55.475,0.0
2006-07-08T12:00:00Z,-4.575,55.525,0.0
2006-07-08T12:00:00Z,-4.575,55.575,0.0
2006-07-08T12:00:00Z,-4.575,55.625,0.0
2006-07-08T12:00:00Z,-4.575,55.675,0.0
2006-07-08T12:00:00Z,-4.625,55.325,0.0
2006-07-08T12:00:00Z,-4.625,55.375,0.0
2006-07-08T12:00:00Z,-4.625,55.425,0.0
2006-07-08T12:00:00Z,-4.625,55.475,0.0
2006-07-08T12:00:00Z,-4.625,55.525,0.0
2006-07-08T12:00:00Z,-4.625,55.575,0.0
2006-07-08T12:00:00Z,-4.625,55.625,0.0
2006-07-08T12:00:00Z,-4.625,55.675,0.0
2006-08-07T12:00:00Z,-4.375,55.325,0.0
2006-08-07T12:00:00Z,-4.375,55.375,0.0
2006-08-07T12:00:00Z,-4.375,55.425,0.0
2006-08-07T12:00:00Z,-4.375,55.475,0.0
2006-08-07T12:00:00Z,-4.375,55.525,0.0
2006-08-07T12:00:00Z,-4.375,55.575,0.0
2006-08-07T12:00:00Z,-4.375,55.625,0.0
2006-08-07T12:00:00Z,-4.375,55.675,0.0
2006-08-07T12:00:00Z,-4.425,55.325,0.0
2006-08-07T12:00:00Z,-4.425,55.375,0.0
2006-08-07T12:00:00Z,-4.425,55.425,0.0
2006-08-07T12:00:00Z,-4.425,55.475,0.0
2006-08-07T12:00:00Z,-4.425,55.525,0.0
2006-08-07T12:00:00Z,-4.425,55.575,0.0
2006-08-07T12:00:00Z,-4.425,55.625,0.0
2006-08-07T12:00:00Z,-4.425,55.675,0.0
2006-08-07T12:00:00Z,-4.475,55.325,0.0
2006-08-07T12:00:00Z,-4.475,55.375,0.0
2006-08-07T12:00:00Z,-4.475,55.425,0.0
2006-08-07T12:00:00Z,-4.475,55.475,0.0
2006-08-07T12:00:00Z,-4.475,55.525,0.0
2006-08-07T12:00:00Z,-4.475,55.575,0.0
2006-08-07T12:00:00Z,-4.475,55.625,0.0
2006-08-07T12:00:00Z,-4.475,55.675,0.0
2006-08-07T12:00:00Z,-4.525,55.325,0.0
2006-08-07T12:00:00Z,-4.525,55.375,0.0
2006-08-07T12:00:00Z,-4.525,55.425,0.0
2006-08-07T12:00:00Z,-4.525,55.475,0.0
2006-08-07T12:00:00Z,-4.525,55.525,0.0
2006-08-07T12:00:00Z,-4.525,55.575,0.0
2006-08-07T12:00:00Z,-4.525,55.625,0.0
2006-08-07T12:00:00Z,-4.525,55.675,0.0
2006-08-07T12:00:00Z,-4.575,55.325,0.0
2006-08-07T12:00:00Z,-4.575,55.375,0.0
2006-08-07T12:00:00Z,-4.575,55.425,0.0
2006-08-07T12:00:00Z,-4.575,55.475,0.0
2006-08-07T12:00:00Z,-4.575,55.525,0.0
2006-08-07T12:00:00Z,-4.575,55.575,0.0
2006-08-07T12:00:00Z,-4.575,55.625,0.0
2006-08-07T12:00:00Z,-4.575,55.675,0.0
2006-08-07T12:00:00Z,-4.625,55.325,0.0
2006-08-07T12:00:00Z,-4.625,55.375,0.0
2006-08-07T12:00:00Z,-4.625,55.425,0.0
2006-08-07T12:00:00Z,-4.625,55.475,0.0
2006-08-07T12:00:00Z,-4.625,55.525,0.0
2006-08-07T12:00:00Z,-4.625,55.575,0.0
2006-08-07T12:00:00Z,-4.625,55.625,0.0
2006-08-07T12:00:00Z,-4.625,55.675,0.0
2006-09-06T12:00:00Z,-4.375,55.325,0.0
2006-09-06T12:00:00Z,-4.375,55.375,0.0
2006-09-06T12:00:00Z,-4.375,55.425,0.0
2006-09-06T12:00:00Z,-4.375,55.475,0.0
2006-09-06T12:00:00Z,-4.375,55.525,0.0
2006-09-06T12:00:00Z,-4.375,55.575,0.0
2006-09-06T12:00:00Z,-4.375,55.625,0.0
2006-09-06T12:00:00Z,-4.375,55.675,0.0
2006-09-06T12:00:00Z,-4.425,55.325,0.0
2006-09-06T12:00:00Z,-4.425,55.375,0.0
2006-09-06T12:00:00Z,-4.425,55.425,0.0
2006-09-06T12:00:00Z,-4.425,55.475,0.0
2006-09-06T12:00:00Z,-4.425,55.525,0.0
2006-09-06T12:00:00Z,-4.425,55.575,0.0
2006-09-06T12:00:00Z,-4.425,55.625,0.0
2006-09-06T12:00:00Z,-4.425,55.675,0.0
2006-09-06T12:00:00Z,-4.475,55.325,0.0
2006-09-06T12:00:00Z,-4.475,55.375,0.0
2006-09-06T12:00:00Z,-4.475,55.425,0.0
2006-09-06T12:00:00Z,-4.475,55.475,0.0
2006-09-06T12:00:00Z,-4.475,55.525,0.0
2006-09-06T12:00:00Z,-4.475,55.575,0.0
2006-09-06T12:00:00Z,-4.475,55.625,0.0
2006-09-06T12:00:00Z,-4.475,55.675,0.0
2006-09-06T12:00:00Z,-4.525,55.325,0.0
2006-09-06T12:00:00Z,-4.525,55.375,0.0
2006-09-06T12:00:00Z,-4.525,55.425,0.0
2006-09-06T12:00:00Z,-4.525,55.475,0.0
2006-09-06T12:00:00Z,-4.525,55.525,0.0
2006-09-06T12:00:00Z,-4.525,55.575,0.0
2006-09-06T12:00:00Z,-4.525,55.625,0.0
2006-09-06T12:00:00Z,-4.525,55.675,0.0
2006-09-06T12:00:00Z,-4.575,55.325,0.0
2006-09-06T12:00:00Z,-4.575,55.375,0.0
2006-09-06T12:00:00Z,-4.575,55.425,0.0
2006-09-06T12:00:00Z,-4.575,55.475,0.0
2006-09-06T12:00:00Z,-4.575,55.525,0.0
2006-09-06T12:00:00Z,-4.575,55.575,0.0
2006-09-06T12:00:00Z,-4.575,55.625,0.0
2006-09-06T12:00:00Z,-4.575,55.675,0.0
2006-09-06T12:00:00Z,-4.625,55.325,0.0
2006-09-06T12:00:00Z,-4.625,55.375,0.0
2006-09-06T12:00:00Z,-4.625,55.425,0.0
2006-09-06T12:00:00Z,-4.625,55.475,0.0
2006-09-06T12:00:00Z,-4.625,55.525,0.0
2006-09-06T12:00:00Z,-4.625,55.575,0.0
2006-09-06T12:00:00Z,-4.625,55.625,0.0
2006-09-06T12:00:00Z,-4.625,55.675,0.0
2006-10-06T12:00:00Z,-4.375,55.325,0.0
2006-10-06T12:00:00Z,-4.375,55.375,0.0
2006-10-06T12:00:00Z,-4.375,55.425,0.0
2006-10-06T12:00:00Z,-4.375,55.475,0.0
2006-10-06T12:00:00Z,-4.375,55.525,0.0
2006-10-06T12:00:00Z,-4.375,55.575,0.0
2006-10-06T12:00:00Z,-4.375,55.625,0.0
2006-10-06T12:00:00Z,-4.375,55.675,0.0
2006-10-06T12:00:00Z,-4.425,55.325,0.0
2006-10-06T12:00:00Z,-4.425,55.375,0.0
2006-10-06T12:00:00Z,-4.425,55.425,0.0
2006-10-06T12:00:00Z,-4.425,55.475,0.0
2006-10-06T12:00:00Z,-4.425,55.525,0.0
2006-10-06T12:00:00Z,-4.425,55.575,0.0
2006-10-06T12:00:00Z,-4.425,55.625,0.0
2006-10-06T12:00:00Z,-4.425,55.675,0.0
2006-10-06T12:00:00Z,-4.475,55.325,0.0
2006-10-06T12:00:00Z,-4.475,55.375,0.0
2006-10-06T12:00:00Z,-4.475,55.425,0.0
2006-10-06T12:00:00Z,-4.475,55.475,0.0
2006-10-06T12:00:00Z,-4.475,55.525,0.0
2006-10-06T12:00:00Z,-4.475,55.575,0.0
2006-10-06T12:00:00Z,-4.475,55.625,0.0
2006-10-06T12:00:00Z,-4.475,55.675,0.0
2006-10-06T12:00:00Z,-4.525,55.325,0.0
2006-10-06T12:00:00Z,-4.525,55.375,0.0
2006-10-06T12:00:00Z,-4.525,55.425,0.0
2006-10-06T12:00:00Z,-4.525,55.475,0.0
2006-10-06T12:00:00Z,-4.525,55.525,0.0
2006-10-06T12:00:00Z,-4.525,55.575,0.0
2006-10-06T12:00:00Z,-4.525,55.625,0.0
2006-10-06T12:00:00Z,-4.525,55.675,0.0
2006-10-06T12:00:00Z,-4.575,55.325,0.0
2006-10-06T12:00:00Z,-4.575,55.375,0.0
2006-10-06T12:00:00Z,-4.575,55.425,0.0
2006-10-06T12:00:00Z,-4.575,55.475,0.0
2006-10-06T12:00:00Z,-4.575,55.525,0.0
2006-10-06T12:00:00Z,-4.575,55.575,0.0
2006-10-06T12:00:00Z,-4.575,55.625,0.0
2006-10-06T12:00:00Z,-4.575,55.675,0.0
2006-10-06T12:00:00Z,-4.625,55.325,0.0
2006-10-06T12:00:00Z,-4.625,55.375,0.0
2006-10-06T12:00:00Z,-4.625,55.425,0.0
2006-10-06T12:00:00Z,-4.625,55.475,0.0
2006-10-06T12:00:00Z,-4.625,55.525,0.0
2006-10-06T12:00:00Z,-4.625,55.575,0.0
2006-10-06T12:00:00Z,-4.625,55.625,0.0
2006-10-06T12:00:00Z,-4.625,55.675,0.0
2006-11-05T12:00:00Z,-4.375,55.325,0.0
2006-11-05T12:00:00Z,-4.375,55.375,0.0
2006-11-05T12:00:00Z,-4.375,55.425,0.0
2006-11-05T12:00:00Z,-4.375,55.475,0.0
2006-11-05T12:00:00Z,-4.375,55.525,0.0
2006-11-05T12:00:00Z,-4.375,55.575,0.0
2006-11-05T12:00:00Z,-4.375,55.625,0.0
2006-11-05T12:00:00Z,-4.375,55.675,0.0
2006-11-05T12:00:00Z,-4.425,55.325,0.0
2006-11-05T12:00:00Z,-4.425,55.375,0.0
2006-11-05T12:00:00Z,-4.425,55.425,0.0
2006-11-05T12:00:00Z,-4.425,55.475,0.0
2006-11-05T12:00:00Z,-4.425,55.525,0.0
2006-11-05T12:00:00Z,-4.425,55.575,0.0
2006-11-05T12:00:00Z,-4.425,55.625,0.0
2006-11-05T12:00:00Z,-4.425,55.675,0.0
2006-11-05T12:00:00Z,-4.475,55.325,0.0
2006-11-05T12:00:00Z,-4.475,55.375,0.0
2006-11-05T12:00:00Z,-4.475,55.425,0.0
2006-11-05T12:00:00Z,-4.475,55.475,0.0
2006-11-05T12:00:00Z,-4.475,55.525,0.0
2006-11-05T12:00:00Z,-4.475,55.575,0.0
2006-11-05T12:00:00Z,-4.475,55.625,0.0
2006-11-05T12:00:00Z,-4.475,55.675,0.0
2006-11-05T12:00:00Z,-4.525,55.325,0.0
2006-11-05T12:00:00Z,-4.525,55.375,0.0
2006-11-05T12:00:00Z,-4.525,55.425,0.0
2006-11-05T12:00:00Z,-4.525,55.475,0.0
2006-11-05T12:00:00Z,-4.525,55.525,0.0
2006-11-05T12:00:00Z,-4.525,55.575,0.0
2006-11-05T12:00:00Z,-4.525,55.625,0.0
2006-11-05T12:00:00Z,-4.525,55.675,0.0
2006-11-05T12:00:00Z,-4.575,55.325,0.0
2006-11-05T12:00:00Z,-4.575,55.375,0.0
2006-11-05T12:00:00Z,-4.575,55.425,0.0
2006-11-05T12:00:00Z,-4.575,55.475,0.0
2006-11-05T12:00:00Z,-4.575,55.525,0.0
2006-11-05T12:00:00Z,-4.575,55.575,0.0
2006-11-05T12:00:00Z,-4.575,55.625,0.0
2006-11-05T12:00:00Z,-4.575,55.675,0.0
2006-11-05T12:00:00Z,-4.625,55.325,0.0
2006-11-05T12:00:00Z,-4.625,55.375,0.0
2006-11-05T12:00:00Z,-4.625,55.425,0.0
2006-11-05T12:00:00Z,-4.625,55.475,0.0
2006-11-05T12:00:00Z,-4.625,55.525,0.0
2006-11-05T12:00:00Z,-4.625,55.575,0.0
2006-11-05T12:00:00Z,-4.625,55.625,0.0
2006-11-05T12:00:00Z,-4.625,55.675,0.0
2006-12-05T12:00:00Z,-4.375,55.325,0.0
2006-12-05T12:00:00Z,-4.375,55.375,0.0
2006-12-05T12:00:00Z,-4.375,55.425,0.0
2006-12-05T12:00:00Z,-4.375,55.475,0.0
2006-12-05T12:00:00Z,-4.375,55.525,0.0
2006-12-05T12:00:00Z,-4.375,55.575,0.0
2006-12-05T12:00:00Z,-4.375,55.625,0.0
2006-12-05T12:00:00Z,-4.375,55.675,0.0
2006-12-05T12:00:00Z,-4.425,55.325,0.0
2006-12-05T12:00:00Z,-4.425,55.375,0.0
2006-12-05T12:00:00Z,-4.425,55.425,0.0
2006-12-05T12:00:00Z,-4.425,55.475,0.0
2006-12-05T12:00:00Z,-4.425,55.525,0.0
2006-12-05T12:00:00Z,-4.425,55.575,0.0
2006-12-05T12:00:00Z,-4.425,55.625,0.0
2006-12-05T12:00:00Z,-4.425,55.675,0.0
2006-12-05T12:00:00Z,-4.475,55.325,0.0
2006-12-05T12:00:00Z,-4.475,55.375,0.0
2006-12-05T12:00:00Z,-4.475,55.425,0.0
2006-12-05T12:00:00Z,-4.475,55.475,0.0
2006-12-05T12:00:00Z,-4.475,55.525,0.0
2006-12-05T12:00:00Z,-4.475,55.575,0.0
2006-12-05T12:00:00Z,-4.475,55.625,0.0
2006-12-05T12:00:00Z,-4.475,55.675,0.0
2006-12-05T12:00:00Z,-4.525,55.325,0.0
2006-12-05T12:00:00Z,-4.525,55.375,0.0
2006-12-05T12:00:00Z,-4.525,55.425,0.0
2006-12-05T12:00:00Z,-4.525,55.475,0.0
2006-12-05T12:00:00Z,-4.525,55.525,0.0
2006-12-05T12:00:00Z,-4.525,55.575,0.0
2006-12-05T12:00:00Z,-4.525,55.625,0.0
2006-12-05T12:00:00Z,-4.525,55.675,0.0
2006-12-05T12:00:00Z,-4.575,55.325,0.0
2006-12-05T12:00:00Z,-4.575,55.375,0.0
2006-12-05T12:00:00Z,-4.575,55.425,0.0
2006-12-05T12:00:00Z,-4.575,55.475,0.0
2006-12-05T12:00:00Z,-4.575,55.525,0.0
2006-12-05T12:00:00Z,-4.575,55.575,0.0
2006-12-05T12:00:00Z,-4.575,55.625,0.0
2006-12-05T12:00:00Z,-4.575,55.675,0.0
2006-12-05T12:00:00Z,-4.625,55.325,0.0
2006-12-05T12:00:00Z,-4.625,55.375,0.0
2006-12-05T12:00:00Z,-4.625,55.425,0.0
2006-12-05T12:00:00Z,-4.625,55.475,0.0
2006-12-05T12:00:00Z,-4.625,55.525,0.0
2006-12-05T12:00:00Z,-4.625,55.575,0.0
2006-12-05T12:00:00Z,-4.625,55.625,0.0
2006-12-05T12:00:00Z,-4.625,55.675,0.0
2007-01-04T12:00:00Z,-4.375,55.325,0.0
2007-01-04T12:00:00Z,-4.375,55.375,0.0
2007-01-04T12:00:00Z,-4.375,55.425,0.0
2007-01-04T12:00:00Z,-4.375,55.475,0.0
2007-01-04T12:00:00Z,-4.375,55.525,0.0
2007-01-04T12:00:00Z,-4.375,55.575,0.0
2007-01-04T12:00:00Z,-4.375,55.625,0.0
2007-01-04T12:00:00Z,-4.375,55.675,0.0
2007-01-04T12:00:00Z,-4.425,55.325,0.0
2007-01-04T12:00:00Z,-4.425,55.375,0.0
2007-01-04T12:00:00Z,-4.425,55.425,0.0
2007-01-04T12:00:00Z,-4.425,55.475,0.0
2007-01-04T12:00:00Z,-4.425,55.525,0.0
2007-01-04T12:00:00Z,-4.425,55.575,0.0
2007-01-04T12:00:00Z,-4.425,55.625,0.0
2007-01-04T12:00:00Z,-4.425,55.675,0.0
2007-01-04T12:00:00Z,-4.475,55.325,0.0
2007-01-04T12:00:00Z,-4.475,55.375,0.0
2007-01-04T12:00:00Z,-4.475,55.425,0.0
2007-01-04T12:00:00Z,-4.475,55.475,0.0
2007-01-04T12:00:00Z,-4.475,55.525,0.0
2007-01-04T12:00:00Z,-4.475,55.575,0.0
2007-01-04T12:00:00Z,-4.475,55.625,0.0
2007-01-04T12:00:00Z,-4.475,55.675,0.0
2007-01-04T12:00:00Z,-4.525,55.325,0.0
2007-01-04T12:00:00Z,-4.525,55.375,0.0
2007-01-04T12:00:00Z,-4.525,55.425,0.0
2007-01-04T12:00:00Z,-4.525,55.475,0.0
2007-01-04T12:00:00Z,-4.525,55.525,0.0
2007-01-04T12:00:00Z,-4.525,55.575,0.0
2007-01-04T12:00:00Z,-4.525,55.625,0.0
2007-01-04T12:00:00Z,-4.525,55.675,0.0
2007-01-04T12:00:00Z,-4.575,55.325,0.0
2007-01-04T12:00:00Z,-4.575,55.375,0.0
2007-01-04T12:00:00Z,-4.575,55.425,0.0
2007-01-04T12:00:00Z,-4.575,55.475,0.0
2007-01-04T12:00:00Z,-4.575,55.525,0.0
2007-01-04T12:00:00Z,-4.575,55.575,0.0
2007-01-04T12:00:00Z,-4.575,55.625,0.0
2007-01-04T12:00:00Z,-4.575,55.675,0.0
2007-01-04T12:00:00Z,-4.625,55.325,0.0
2007-01-04T12:00:00Z,-4.625,55.375,0.0
2007-01-04T12:00:00Z,-4.625,55.425,0.0
2007-01-04T12:00:00Z,-4.625,55.475,0.0
2007-01-04T12:00:00Z,-4.625,55.525,0.0
2007-01-04T12:00:00Z,-4.625,55.575,0.0
2007-01-04T12:00:00Z,-4.625,55.625,0.0
2007-01-04T12:00:00Z,-4.625,55.675,0.0
2007-02-03T12:00:00Z,-4.375,55.325,0.0
2007-02-03T12:00:00Z,-4.375,55.375,0.0
2007-02-03T12:00:00Z,-4.375,55.425,0.0
2007-02-03T12:00:00Z,-4.375,55.475,0.0
2007-02-03T12:00:00Z,-4.375,55.525,0.0
2007-02-03T12:00:00Z,-4.375,55.575,0.0
2007-02-03T12:00:00Z,-4.375,55.625,0.0
2007-02-03T12:00:00Z,-4.375,55.675,0.0
2007-02-03T12:00:00Z,-4.425,55.325,0.0
2007-02-03T12:00:00Z,-4.425,55.375,0.0
2007-02-03T12:00:00Z,-4.425,55.425,0.0
2007-02-03T12:00:00Z,-4.425,55.475,0.0
2007-02-03T12:00:00Z,-4.425,55.525,0.0
2007-02-03T12:00:00Z,-4.425,55.575,0.0
2007-02-03T12:00:00Z,-4.425,55.625,0.0
2007-02-03T12:00:00Z,-4.425,55.675,0.0
2007-02-03T12:00:00Z,-4.475,55.325,0.0
2007-02-03T12:00:00Z,-4.475,55.375,0.0
2007-02-03T12:00:00Z,-4.475,55.425,0.0
2007-02-03T12:00:00Z,-4.475,55.475,0.0
2007-02-03T12:00:00Z,-4.475,55.525,0.0
2007-02-03T12:00:00Z,-4.475,55.575,0.0
2007-02-03T12:00:00Z,-4.475,55.625,0.0
2007-02-03T12:00:00Z,-4.475,55.675,0.0
2007-02-03T12:00:00Z,-4.525,55.325,0.0
2007-02-03T12:00:00Z,-4.525,55.375,0.0
2007-02-03T12:00:00Z,-4.525,55.425,0.0
2007-02-03T12:00:00Z,-4.525,55.475,0.0
2007-02-03T12:00:00Z,-4.525,55.525,0.0
2007-02-03T12:00:00Z,-4.525,55.575,0.0
2007-02-03T12:00:00Z,-4.525,55.625,0.0
2007-02-03T12:00:00Z,-4.525,55.675,0.0
2007-02-03T12:00:00Z,-4.575,55.325,0.0
2007-02-03T12:00:00Z,-4.575,55.375,0.0
2007-02-03T12:00:00Z,-4.575,55.425,0.0
2007-02-03T12:00:00Z,-4.575,55.475,0.0
2007-02-03T12:00:00Z,-4.575,55.525,0.0
2007-02-03T12:00:00Z,-4.575,55.575,0.0
2007-02-03T12:00:00Z,-4.575,55.625,0.0
2007-02-03T12:00:00Z,-4.575,55.675,0.0
2007-02-03T12:00:00Z,-4.625,55.325,0.0
2007-02-03T12:00:00Z,-4.625,55.375,0.0
2007-02-03T12:00:00Z,-4.625,55.425,0.0
2007-02-03T12:00:00Z,-4.625,55.475,0.0
2007-02-03T12:00:00Z,-4.625,55.525,0.0
2007-02-03T12:00:00Z,-4.625,55.575,0.0
2007-02-03T12:00:00Z,-4.625,55.625,0.0
2007-02-03T12:00:00Z,-4.625,55.675,0.0
2007-03-05T12:00:00Z,-4.375,55.325,0.0
2007-03-05T12:00:00Z,-4.375,55.375,0.0
2007-03-05T12:00:00Z,-4.375,55.425,0.0
2007-03-05T12:00:00Z,-4.375,55.475,0.0
2007-03-05T12:00:00Z,-4.375,55.525,0.0
2007-03-05T12:00:00Z,-4.375,55.575,0.0
2007-03-05T12:00:00Z,-4.375,55.625,0.0
2007-03-05T12:00:00Z,-4.375,55.675,0.0
2007-03-05T12:00:00Z,-4.425,55.325,0.0
2007-03-05T12:00:00Z,-4.425,55.375,0.0
2007-03-05T12:00:00Z,-4.425,55.425,0.0
2007-03-05T12:00:00Z,-4.425,55.475,0.0
2007-03-05T12:00:00Z,-4.425,55.525,0.0
2007-03-05T12:00:00Z,-4.425,55.575,0.0
2007-03-05T12:00:00Z,-4.425,55.625,0.0
2007-03-05T12:00:00Z,-4.425,55.675,0.0
2007-03-05T12:00:00Z,-4.475,55.325,0.0
2007-03-05T12:00:00Z,-4.475,55.375,0.0
2007-03-05T12:00:00Z,-4.475,55.425,0.0
2007-03-05T12:00:00Z,-4.475,55.475,0.0
2007-03-05T12:00:00Z,-4.475,55.525,0.0
2007-03-05T12:00:00Z,-4.475,55.575,0.0
2007-03-05T12:00:00Z,-4.475,55.625,0.0
2007-03-05T12:00:00Z,-4.475,55.675,0.0
2007-03-05T12:00:00Z,-4.525,55.325,0.0
2007-03-05T12:00:00Z,-4.525,55.375,0.0
2007-03-05T12:00:00Z,-4.525,55.425,0.0
2007-03-05T12:00:00Z,-4.525,55.475,0.0
2007-03-05T12:00:00Z,-4.525,55.525,0.0
2007-03-05T12:00:00Z,-4.525,55.575,0.0
2007-03-05T12:00:00Z,-4.525,55.625,0.0
2007-03-05T12:00:00Z,-4.525,55.675,0.0
2007-03-05T12:00:00Z,-4.575,55.325,0.0
2007-03-05T12:00:00Z,-4.575,55.375,0.0
2007-03-05T12:00:00Z,-4.575,55.425,0.0
2007-03-05T12:00:00Z,-4.575,55.475,0.0
2007-03-05T12:00:00Z,-4.575,55.525,0.0
2007-03-05T12:00:00Z,-4.575,55.575,0.0
2007-03-05T12:00:00Z,-4.575,55.625,0.0
2007-03-05T12:00:00Z,-4.575,55.675,0.0
2007-03-05T12:00:00Z,-4.625,55.325,0.0
2007-03-05T12:00:00Z,-4.625,55.375,0.0
2007-03-05T12:00:00Z,-4.625,55.425,0.0
2007-03-05T12:00:00Z,-4.625,55.475,0.0
2007-03-05T12:00:00Z,-4.625,55.525,0.0
2007-03-05T12:00:00Z,-4.625,55.575,0.0
2007-03-05T12:00:00Z,-4.625,55.625,0.0
2007-03-05T12:00:00Z,-4.625,55.675,0.0
2007-04-04T12:00:00Z,-4.375,55.325,0.0
2007-04-04T12:00:00Z,-4.375,55.375,0.0
2007-04-04T12:00:00Z,-4.375,55.425,0.0
2007-04-04T12:00:00Z,-4.375,55.475,0.0
2007-04-04T12:00:00Z,-4.375,55.525,0.0
2007-04-04T12:00:00Z,-4.375,55.575,0.0
2007-04-04T12:00:00Z,-4.375,55.625,0.0
2007-04-04T12:00:00Z,-4.375,55.675,0.0
2007-04-04T12:00:00Z,-4.425,55.325,0.0
2007-04-04T12:00:00Z,-4.425,55.375,0.0
2007-04-04T12:00:00Z,-4.425,55.425,0.0
2007-04-04T12:00:00Z,-4.425,55.475,0.0
2007-04-04T12:00:00Z,-4.425,55.525,0.0
2007-04-04T12:00:00Z,-4.425,55.575,0.0
2007-04-04T12:00:00Z,-4.425,55.625,0.0
2007-04-04T12:00:00Z,-4.425,55.675,0.0
2007-04-04T12:00:00Z,-4.475,55.325,0.0
2007-04-04T12:00:00Z,-4.475,55.375,0.0
2007-04-04T12:00:00Z,-4.475,55.425,0.0
2007-04-04T12:00:00Z,-4.475,55.475,0.0
2007-04-04T12:00:00Z,-4.475,55.525,0.0
2007-04-04T12:00:00Z,-4.475,55.575,0.0
2007-04-04T12:00:00Z,-4.475,55.625,0.0
2007-04-04T12:00:00Z,-4.475,55.675,0.0
2007-04-04T12:00:00Z,-4.525,55.325,0.0
2007-04-04T12:00:00Z,-4.525,55.375,0.0
2007-04-04T12:00:00Z,-4.525,55.425,0.0
2007-04-04T12:00:00Z,-4.525,55.475,0.0
2007-04-04T12:00:00Z,-4.525,55.525,0.0
2007-04-04T12:00:00Z,-4.525,55.575,0.0
2007-04-04T12:00:00Z,-4.525,55.625,0.0
2007-04-04T12:00:00Z,-4.525,55.675,0.0
2007-04-04T12:00:00Z,-4.575,55.325,0.0
2007-04-04T12:00:00Z,-4.575,55.375,0.0
2007-04-04T12:00:00Z,-4.575,55.425,0.0
2007-04-04T12:00:00Z,-4.575,55.475,0.0
2007-04-04T12:00:00Z,-4.575,55.525,0.0
2007-04-04T12:00:00Z,-4.575,55.575,0.0
2007-04-04T12:00:00Z,-4.575,55.625,0.0
2007-04-04T12:00:00Z,-4.575,55.675,0.0
2007-04-04T12:00:00Z,-4.625,55.325,0.0
2007-04-04T12:00:00Z,-4.625,55.375,0.0
2007-04-04T12:00:00Z,-4.625,55.425,0.0
2007-04-04T12:00:00Z,-4.625,55.475,0.0
2007-04-04T12:00:00Z,-4.625,55.525,0.0
2007-04-04T12:00:00Z,-4.625,55.575,0.0
2007-04-04T12:00:00Z,-4.625,55.625,0.0
2007-04-04T12:00:00Z,-4.625,55.675,0.0
2007-05-04T12:00:00Z,-4.375,55.325,0.45
2007-05-04T12:00:00Z,-4.375,55.375,0.46
2007-05-04T12:00:00Z,-4.375,55.425,0.46
2007-05-04T12:00:00Z,-4.375,55.475,0.45
2007-05-04T12:00:00Z,-4.375,55.525,0.29
2007-05-04T12:00:00Z,-4.375,55.575,0.29
2007-05-04T12:00:00Z,-4.375,55.625,0.0
2007-05-04T12:00:00Z,-4.375,55.675,0.0
2007-05-04T12:00:00Z,-4.425,55.325,0.45
2007-05-04T12:00:00Z,-4.425,55.375,0.46
2007-05-04T12:00:00Z,-4.425,55.425,0.45
2007-05-04T12:00:00Z,-4.425,55.475,0.3
2007-05-04T12:00:00Z,-4.425,55.525,0.3
2007-05-04T12:00:00Z,-4.425,55.575,0.29
2007-05-04T12:00:00Z,-4.425,55.625,0.15
2007-05-04T12:00:00Z,-4.425,55.675,0.15
2007-05-04T12:00:00Z,-4.475,55.325,0.15
2007-05-04T12:00:00Z,-4.475,55.375,0.16
2007-05-04T12:00:00Z,-4.475,55.425,0.16
2007-05-04T12:00:00Z,-4.475,55.475,0.3
2007-05-04T12:00:00Z,-4.475,55.525,0.3
2007-05-04T12:00:00Z,-4.475,55.575,0.15
2007-05-04T12:00:00Z,-4.475,55.625,0.15
2007-05-04T12:00:00Z,-4.475,55.675,0.15
2007-05-04T12:00:00Z,-4.525,55.325,0.15
2007-05-04T12:00:00Z,-4.525,55.375,0.15
2007-05-04T12:00:00Z,-4.525,55.425,0.15
2007-05-04T12:00:00Z,-4.525,55.475,0.15
2007-05-04T12:00:00Z,-4.525,55.525,0.29
2007-05-04T12:00:00Z,-4.525,55.575,0.15
2007-05-04T12:00:00Z,-4.525,55.625,0.15
2007-05-04T12:00:00Z,-4.525,55.675,0.15
2007-05-04T12:00:00Z,-4.575,55.325,0.0
2007-05-04T12:00:00Z,-4.575,55.375,0.0
2007-05-04T12:00:00Z,-4.575,55.425,0.0
2007-05-04T12:00:00Z,-4.575,55.475,0.0
2007-05-04T12:00:00Z,-4.575,55.525,0.14
2007-05-04T12:00:00Z,-4.575,55.575,0.15
2007-05-04T12:00:00Z,-4.575,55.625,0.15
2007-05-04T12:00:00Z,-4.575,55.675,0.15
2007-05-04T12:00:00Z,-4.625,55.325,0.15
2007-05-04T12:00:00Z,-4.625,55.375,0.14
2007-05-04T12:00:00Z,-4.625,55.425,0.0
2007-05-04T12:00:00Z,-4.625,55.475,0.0
2007-05-04T12:00:00Z,-4.625,55.525,0.0
2007-05-04T12:00:00Z,-4.625,55.575,0.14
2007-05-04T12:00:00Z,-4.625,55.625,0.15
2007-05-04T12:00:00Z,-4.625,55.675,0.3
2007-06-03T12:00:00Z,-4.375,55.325,0.6
2007-06-03T12:00:00Z,-4.375,55.375,0.61
2007-06-03T12:00:00Z,-4.375,55.425,0.61
2007-06-03T12:00:00Z,-4.375,55.475,0.6
2007-06-03T12:00:00Z,-4.375,55.525,0.44
2007-06-03T12:00:00Z,-4.375,55.575,0.43
2007-06-03T12:00:00Z,-4.375,55.625,0.0
2007-06-03T12:00:00Z,-4.375,55.675,0.0
2007-06-03T12:00:00Z,-4.425,55.325,0.6
2007-06-03T12:00:00Z,-4.425,55.375,0.6
2007-06-03T12:00:00Z,-4.425,55.425,0.6
2007-06-03T12:00:00Z,-4.425,55.475,0.45
2007-06-03T12:00:00Z,-4.425,55.525,0.45
2007-06-03T12:00:00Z,-4.425,55.575,0.43
2007-06-03T12:00:00Z,-4.425,55.625,0.15
2007-06-03T12:00:00Z,-4.425,55.675,0.15
2007-06-03T12:00:00Z,-4.475,55.325,0.3
2007-06-03T12:00:00Z,-4.475,55.375,0.3
2007-06-03T12:00:00Z,-4.475,55.425,0.3
2007-06-03T12:00:00Z,-4.475,55.475,0.44
2007-06-03T12:00:00Z,-4.475,55.525,0.44
2007-06-03T12:00:00Z,-4.475,55.575,0.29
2007-06-03T12:00:00Z,-4.475,55.625,0.29
2007-06-03T12:00:00Z,-4.475,55.675,0.15
2007-06-03T12:00:00Z,-4.525,55.325,0.15
2007-06-03T12:00:00Z,-4.525,55.375,0.15
2007-06-03T12:00:00Z,-4.525,55.425,0.15
2007-06-03T12:00:00Z,-4.525,55.475,0.15
2007-06-03T12:00:00Z,-4.525,55.525,0.43
2007-06-03T12:00:00Z,-4.525,55.575,0.29
2007-06-03T12:00:00Z,-4.525,55.625,0.15
2007-06-03T12:00:00Z,-4.525,55.675,0.15
2007-06-03T12:00:00Z,-4.575,55.325,0.0
2007-06-03T12:00:00Z,-4.575,55.375,0.0
2007-06-03T12:00:00Z,-4.575,55.425,0.0
2007-06-03T12:00:00Z,-4.575,55.475,0.0
2007-06-03T12:00:00Z,-4.575,55.525,0.14
2007-06-03T12:00:00Z,-4.575,55.575,0.15
2007-06-03T12:00:00Z,-4.575,55.625,0.15
2007-06-03T12:00:00Z,-4.575,55.675,0.15
2007-06-03T12:00:00Z,-4.625,55.325,0.15
2007-06-03T12:00:00Z,-4.625,55.375,0.14
2007-06-03T12:00:00Z,-4.625,55.425,0.0
2007-06-03T12:00:00Z,-4.625,55.475,0.0
2007-06-03T12:00:00Z,-4.625,55.525,0.0
2007-06-03T12:00:00Z,-4.625,55.575,0.14
2007-06-03T12:00:00Z,-4.625,55.625,0.15
2007-06-03T12:00:00Z,-4.625,55.675,0.3
2007-07-03T12:00:00Z,-4.375,55.325,0.46
2007-07-03T12:00:00Z,-4.375,55.375,0.46
2007-07-03T12:00:00Z,-4.375,55.425,0.46
2007-07-03T12:00:00Z,-4.375,55.475,0.45
2007-07-03T12:00:00Z,-4.375,55.525,0.44
2007-07-03T12:00:00Z,-4.375,55.575,0.43
2007-07-03T12:00:00Z,-4.375,55.625,0.0
2007-07-03T12:00:00Z,-4.375,55.675,0.0
2007-07-03T12:00:00Z,-4.425,55.325,0.45
2007-07-03T12:00:00Z,-4.425,55.375,0.46
2007-07-03T12:00:00Z,-4.425,55.425,0.46
2007-07-03T12:00:00Z,-4.425,55.475,0.45
2007-07-03T12:00:00Z,-4.425,55.525,0.45
2007-07-03T12:00:00Z,-4.425,55.575,0.43
2007-07-03T12:00:00Z,-4.425,55.625,0.15
2007-07-03T12:00:00Z,-4.425,55.675,0.15
2007-07-03T12:00:00Z,-4.475,55.325,0.3
2007-07-03T12:00:00Z,-4.475,55.375,0.3
2007-07-03T12:00:00Z,-4.475,55.425,0.3
2007-07-03T12:00:00Z,-4.475,55.475,0.44
2007-07-03T12:00:00Z,-4.475,55.525,0.44
2007-07-03T12:00:00Z,-4.475,55.575,0.29
2007-07-03T12:00:00Z,-4.475,55.625,0.29
2007-07-03T12:00:00Z,-4.475,55.675,0.15
2007-07-03T12:00:00Z,-4.525,55.325,0.15
2007-07-03T12:00:00Z,-4.525,55.375,0.15
2007-07-03T12:00:00Z,-4.525,55.425,0.15
2007-07-03T12:00:00Z,-4.525,55.475,0.15
2007-07-03T12:00:00Z,-4.525,55.525,0.43
2007-07-03T12:00:00Z,-4.525,55.575,0.29
2007-07-03T12:00:00Z,-4.525,55.625,0.15
2007-07-03T12:00:00Z,-4.525,55.675,0.15
2007-07-03T12:00:00Z,-4.575,55.325,0.0
2007-07-03T12:00:00Z,-4.575,55.375,0.0
2007-07-03T12:00:00Z,-4.575,55.425,0.0
2007-07-03T12:00:00Z,-4.575,55.475,0.0
2007-07-03T12:00:00Z,-4.575,55.525,0.14
2007-07-03T12:00:00Z,-4.575,55.575,0.15
2007-07-03T12:00:00Z,-4.575,55.625,0.15
2007-07-03T12:00:00Z,-4.575,55.675,0.15
2007-07-03T12:00:00Z,-4.625,55.325,0.15
2007-07-03T12:00:00Z,-4.625,55.375,0.14
2007-07-03T12:00:00Z,-4.625,55.425,0.0
2007-07-03T12:00:00Z,-4.625,55.475,0.0
2007-07-03T12:00:00Z,-4.625,55.525,0.0
2007-07-03T12:00:00Z,-4.625,55.575,0.14
2007-07-03T12:00:00Z,-4.625,55.625,0.15
2007-07-03T12:00:00Z,-4.625,55.675,0.3
2007-08-02T12:00:00Z,-4.375,55.325,0.0
2007-08-02T12:00:00Z,-4.375,55.375,0.0
2007-08-02T12:00:00Z,-4.375,55.425,0.0
2007-08-02T12:00:00Z,-4.375,55.475,0.0
2007-08-02T12:00:00Z,-4.375,55.525,0.0
2007-08-02T12:00:00Z,-4.375,55.575,0.0
2007-08-02T12:00:00Z,-4.375,55.625,0.0
2007-08-02T12:00:00Z,-4.375,55.675,0.0
2007-08-02T12:00:00Z,-4.425,55.325,0.0
2007-08-02T12:00:00Z,-4.425,55.375,0.0
2007-08-02T12:00:00Z,-4.425,55.425,0.0
2007-08-02T12:00:00Z,-4.425,55.475,0.0
2007-08-02T12:00:00Z,-4.425,55.525,0.0
2007-08-02T12:00:00Z,-4.425,55.575,0.0
2007-08-02T12:00:00Z,-4.425,55.625,0.0
2007-08-02T12:00:00Z,-4.425,55.675,0.0
2007-08-02T12:00:00Z,-4.475,55.325,0.0
2007-08-02T12:00:00Z,-4.475,55.375,0.0
2007-08-02T12:00:00Z,-4.475,55.425,0.0
2007-08-02T12:00:00Z,-4.475,55.475,0.0
2007-08-02T12:00:00Z,-4.475,55.525,0.0
2007-08-02T12:00:00Z,-4.475,55.575,0.0
2007-08-02T12:00:00Z,-4.475,55.625,0.0
2007-08-02T12:00:00Z,-4.475,55.675,0.0
2007-08-02T12:00:00Z,-4.525,55.325,0.0
2007-08-02T12:00:00Z,-4.525,55.375,0.0
2007-08-02T12:00:00Z,-4.525,55.425,0.0
2007-08-02T12:00:00Z,-4.525,55.475,0.0
2007-08-02T12:00:00Z,-4.525,55.525,0.0
2007-08-02T12:00:00Z,-4.525,55.575,0.0
2007-08-02T12:00:00Z,-4.525,55.625,0.0
2007-08-02T12:00:00Z,-4.525,55.675,0.0
2007-08-02T12:00:00Z,-4.575,55.325,0.0
2007-08-02T12:00:00Z,-4.575,55.375,0.0
2007-08-02T12:00:00Z,-4.575,55.425,0.0
2007-08-02T12:00:00Z,-4.575,55.475,0.0
2007-08-02T12:00:00Z,-4.575,55.525,0.0
2007-08-02T12:00:00Z,-4.575,55.575,0.0
2007-08-02T12:00:00Z,-4.575,55.625,0.0
2007-08-02T12:00:00Z,-4.575,55.675,0.0
2007-08-02T12:00:00Z,-4.625,55.325,0.0
2007-08-02T12:00:00Z,-4.625,55.375,0.0
2007-08-02T12:00:00Z,-4.625,55.425,0.0
2007-08-02T12:00:00Z,-4.625,55.475,0.0
2007-08-02T12:00:00Z,-4.625,55.525,0.0
2007-08-02T12:00:00Z,-4.625,55.575,0.0
2007-08-02T12:00:00Z,-4.625,55.625,0.0
2007-08-02T12:00:00Z,-4.625,55.675,0.0
2007-09-01T12:00:00Z,-4.375,55.325,0.0
2007-09-01T12:00:00Z,-4.375,55.375,0.0
2007-09-01T12:00:00Z,-4.375,55.425,0.0
2007-09-01T12:00:00Z,-4.375,55.475,0.0
2007-09-01T12:00:00Z,-4.375,55.525,0.0
2007-09-01T12:00:00Z,-4.375,55.575,0.0
2007-09-01T12:00:00Z,-4.375,55.625,0.0
2007-09-01T12:00:00Z,-4.375,55.675,0.0
2007-09-01T12:00:00Z,-4.425,55.325,0.0
2007-09-01T12:00:00Z,-4.425,55.375,0.0
2007-09-01T12:00:00Z,-4.425,55.425,0.0
2007-09-01T12:00:00Z,-4.425,55.475,0.0
2007-09-01T12:00:00Z,-4.425,55.525,0.0
2007-09-01T12:00:00Z,-4.425,55.575,0.0
2007-09-01T12:00:00Z,-4.425,55.625,0.0
2007-09-01T12:00:00Z,-4.425,55.675,0.0
2007-09-01T12:00:00Z,-4.475,55.325,0.0
2007-09-01T12:00:00Z,-4.475,55.375,0.0
2007-09-01T12:00:00Z,-4.475,55.425,0.0
2007-09-01T12:00:00Z,-4.475,55.475,0.0
2007-09-01T12:00:00Z,-4.475,55.525,0.0
2007-09-01T12:00:00Z,-4.475,55.575,0.0
2007-09-01T12:00:00Z,-4.475,55.625,0.0
2007-09-01T12:00:00Z,-4.475,55.675,0.0
2007-09-01T12:00:00Z,-4.525,55.325,0.0
2007-09-01T12:00:00Z,-4.525,55.375,0.0
2007-09-01T12:00:00Z,-4.525,55.425,0.0
2007-09-01T12:00:00Z,-4.525,55.475,0.0
2007-09-01T12:00:00Z,-4.525,55.525,0.0
2007-09-01T12:00:00Z,-4.525,55.575,0.0
2007-09-01T12:00:00Z,-4.525,55.625,0.0
2007-09-01T12:00:00Z,-4.525,55.675,0.0
2007-09-01T12:00:00Z,-4.575,55.325,0.0
2007-09-01T12:00:00Z,-4.575,55.375,0.0
2007-09-01T12:00:00Z,-4.575,55.425,0.0
2007-09-01T12:00:00Z,-4.575,55.475,0.0
2007-09-01T12:00:00Z,-4.575,55.525,0.0
2007-09-01T12:00:00Z,-4.575,55.575,0.0
2007-09-01T12:00:00Z,-4.575,55.625,0.0
2007-09-01T12:00:00Z,-4.575,55.675,0.0
2007-09-01T12:00:00Z,-4.625,55.325,0.0
2007-09-01T12:00:00Z,-4.625,55.375,0.0
2007-09-01T12:00:00Z,-4.625,55.425,0.0
2007-09-01T12:00:00Z,-4.625,55.475,0.0
2007-09-01T12:00:00Z,-4.625,55.525,0.0
2007-09-01T12:00:00Z,-4.625,55.575,0.0
2007-09-01T12:00:00Z,-4.625,55.625,0.0
2007-09-01T12:00:00Z,-4.625,55.675,0.0
2007-10-01T12:00:00Z,-4.375,55.325,0.0
2007-10-01T12:00:00Z,-4.375,55.375,0.0
2007-10-01T12:00:00Z,-4.375,55.425,0.0
2007-10-01T12:00:00Z,-4.375,55.475,0.0
2007-10-01T12:00:00Z,-4.375,55.525,0.0
2007-10-01T12:00:00Z,-4.375,55.575,0.0
2007-10-01T12:00:00Z,-4.375,55.625,0.0
2007-10-01T12:00:00Z,-4.375,55.675,0.0
2007-10-01T12:00:00Z,-4.425,55.325,0.0
2007-10-01T12:00:00Z,-4.425,55.375,0.0
2007-10-01T12:00:00Z,-4.425,55.425,0.0
2007-10-01T12:00:00Z,-4.425,55.475,0.0
2007-10-01T12:00:00Z,-4.425,55.525,0.0
2007-10-01T12:00:00Z,-4.425,55.575,0.0
2007-10-01T12:00:00Z,-4.425,55.625,0.0
2007-10-01T12:00:00Z,-4.425,55.675,0.0
2007-10-01T12:00:00Z,-4.475,55.325,0.0
2007-10-01T12:00:00Z,-4.475,55.375,0.0
2007-10-01T12:00:00Z,-4.475,55.425,0.0
2007-10-01T12:00:00Z,-4.475,55.475,0.0
2007-10-01T12:00:00Z,-4.475,55.525,0.0
2007-10-01T12:00:00Z,-4.475,55.575,0.0
2007-10-01T12:00:00Z,-4.475,55.625,0.0
2007-10-01T12:00:00Z,-4.475,55.675,0.0
2007-10-01T12:00:00Z,-4.525,55.325,0.0
2007-10-01T12:00:00Z,-4.525,55.375,0.0
2007-10-01T12:00:00Z,-4.525,55.425,0.0
2007-10-01T12:00:00Z,-4.525,55.475,0.0
2007-10-01T12:00:00Z,-4.525,55.525,0.0
2007-10-01T12:00:00Z,-4.525,55.575,0.0
2007-10-01T12:00:00Z,-4.525,55.625,0.0
2007-10-01T12:00:00Z,-4.525,55.675,0.0
2007-10-01T12:00:00Z,-4.575,55.325,0.0
2007-10-01T12:00:00Z,-4.575,55.375,0.0
2007-10-01T12:00:00Z,-4.575,55.425,0.0
2007-10-01T12:00:00Z,-4.575,55.475,0.0
2007-10-01T12:00:00Z,-4.575,55.525,0.0
2007-10-01T12:00:00Z,-4.575,55.575,0.0
2007-10-01T12:00:00Z,-4.575,55.625,0.0
2007-10-01T12:00:00Z,-4.575,55.675,0.0
2007-10-01T12:00:00Z,-4.625,55.325,0.0
2007-10-01T12:00:00Z,-4.625,55.375,0.0
2007-10-01T12:00:00Z,-4.625,55.425,0.0
2007-10-01T12:00:00Z,-4.625,55.475,0.0
2007-10-01T12:00:00Z,-4.625,55.525,0.0
2007-10-01T12:00:00Z,-4.625,55.575,0.0
2007-10-01T12:00:00Z,-4.625,55.625,0.0
2007-10-01T12:00:00Z,-4.625,55.675,0.0
2007-10-31T12:00:00Z,-4.375,55.325,0.0
2007-10-31T12:00:00Z,-4.375,55.375,0.0
2007-10-31T12:00:00Z,-4.375,55.425,0.0
2007-10-31T12:00:00Z,-4.375,55.475,0.0
2007-10-31T12:00:00Z,-4.375,55.525,0.0
2007-10-31T12:00:00Z,-4.375,55.575,0.0
2007-10-31T12:00:00Z,-4.375,55.625,0.0
2007-10-31T12:00:00Z,-4.375,55.675,0.0
2007-10-31T12:00:00Z,-4.425,55.325,0.0
2007-10-31T12:00:00Z,-4.425,55.375,0.0
2007-10-31T12:00:00Z,-4.425,55.425,0.0
2007-10-31T12:00:00Z,-4.425,55.475,0.0
2007-10-31T12:00:00Z,-4.425,55.525,0.0
2007-10-31T12:00:00Z,-4.425,55.575,0.0
2007-10-31T12:00:00Z,-4.425,55.625,0.0
2007-10-31T12:00:00Z,-4.425,55.675,0.0
2007-10-31T12:00:00Z,-4.475,55.325,0.0
2007-10-31T12:00:00Z,-4.475,55.375,0.0
2007-10-31T12:00:00Z,-4.475,55.425,0.0
2007-10-31T12:00:00Z,-4.475,55.475,0.0
2007-10-31T12:00:00Z,-4.475,55.525,0.0
2007-10-31T12:00:00Z,-4.475,55.575,0.0
2007-10-31T12:00:00Z,-4.475,55.625,0.0
2007-10-31T12:00:00Z,-4.475,55.675,0.0
2007-10-31T12:00:00Z,-4.525,55.325,0.0
2007-10-31T12:00:00Z,-4.525,55.375,0.0
2007-10-31T12:00:00Z,-4.525,55.425,0.0
2007-10-31T12:00:00Z,-4.525,55.475,0.0
2007-10-31T12:00:00Z,-4.525,55.525,0.0
2007-10-31T12:00:00Z,-4.525,55.575,0.0
2007-10-31T12:00:00Z,-4.525,55.625,0.0
2007-10-31T12:00:00Z,-4.525,55.675,0.0
2007-10-31T12:00:00Z,-4.575,55.325,0.0
2007-10-31T12:00:00Z,-4.575,55.375,0.0
2007-10-31T12:00:00Z,-4.575,55.425,0.0
2007-10-31T12:00:00Z,-4.575,55.475,0.0
2007-10-31T12:00:00Z,-4.575,55.525,0.0
2007-10-31T12:00:00Z,-4.575,55.575,0.0
2007-10-31T12:00:00Z,-4.575,55.625,0.0
2007-10-31T12:00:00Z,-4.575,55.675,0.0
2007-10-31T12:00:00Z,-4.625,55.325,0.0
2007-10-31T12:00:00Z,-4.625,55.375,0.0
2007-10-31T12:00:00Z,-4.625,55.425,0.0
2007-10-31T12:00:00Z,-4.625,55.475,0.0
2007-10-31T12:00:00Z,-4.625,55.525,0.0
2007-10-31T12:00:00Z,-4.625,55.575,0.0
2007-10-31T12:00:00Z,-4.625,55.625,0.0
2007-10-31T12:00:00Z,-4.625,55.675,0.0
2007-11-30T12:00:00Z,-4.375,55.325,0.0
2007-11-30T12:00:00Z,-4.375,55.375,0.0
2007-11-30T12:00:00Z,-4.375,55.425,0.0
2007-11-30T12:00:00Z,-4.375,55.475,0.0
2007-11-30T12:00:00Z,-4.375,55.525,0.0
2007-11-30T12:00:00Z,-4.375,55.575,0.0
2007-11-30T12:00:00Z,-4.375,55.625,0.0
2007-11-30T12:00:00Z,-4.375,55.675,0.0
2007-11-30T12:00:00Z,-4.425,55.325,0.0
2007-11-30T12:00:00Z,-4.425,55.375,0.0
2007-11-30T12:00:00Z,-4.425,55.425,0.0
2007-11-30T12:00:00Z,-4.425,55.475,0.0
2007-11-30T12:00:00Z,-4.425,55.525,0.0
2007-11-30T12:00:00Z,-4.425,55.575,0.0
2007-11-30T12:00:00Z,-4.425,55.625,0.0
2007-11-30T12:00:00Z,-4.425,55.675,0.0
2007-11-30T12:00:00Z,-4.475,55.325,0.0
2007-11-30T12:00:00Z,-4.475,55.375,0.0
2007-11-30T12:00:00Z,-4.475,55.425,0.0
2007-11-30T12:00:00Z,-4.475,55.475,0.0
2007-11-30T12:00:00Z,-4.475,55.525,0.0
2007-11-30T12:00:00Z,-4.475,55.575,0.0
2007-11-30T12:00:00Z,-4.475,55.625,0.0
2007-11-30T12:00:00Z,-4.475,55.675,0.0
2007-11-30T12:00:00Z,-4.525,55.325,0.0
2007-11-30T12:00:00Z,-4.525,55.375,0.0
2007-11-30T12:00:00Z,-4.525,55.425,0.0
2007-11-30T12:00:00Z,-4.525,55.475,0.0
2007-11-30T12:00:00Z,-4.525,55.525,0.0
2007-11-30T12:00:00Z,-4.525,55.575,0.0
2007-11-30T12:00:00Z,-4.525,55.625,0.0
2007-11-30T12:00:00Z,-4.525,55.675,0.0
2007-11-30T12:00:00Z,-4.575,55.325,0.0
2007-11-30T12:00:00Z,-4.575,55.375,0.0
2007-11-30T12:00:00Z,-4.575,55.425,0.0
2007-11-30T12:00:00Z,-4.575,55.475,0.0
2007-11-30T12:00:00Z,-4.575,55.525,0.0
2007-11-30T12:00:00Z,-4.575,55.575,0.0
2007-11-30T12:00:00Z,-4.575,55.625,0.0
2007-11-30T12:00:00Z,-4.575,55.675,0.0
2007-11-30T12:00:00Z,-4.625,55.325,0.0
2007-11-30T12:00:00Z,-4.625,55.375,0.0
2007-11-30T12:00:00Z,-4.625,55.425,0.0
2007-11-30T12:00:00Z,-4.625,55.475,0.0
2007-11-30T12:00:00Z,-4.625,55.525,0.0
2007-11-30T12:00:00Z,-4.625,55.575,0.0
2007-11-30T12:00:00Z,-4.625,55.625,0.0
2007-11-30T12:00:00Z,-4.625,55.675,0.0
2007-12-30T12:00:00Z,-4.375,55.325,0.0
2007-12-30T12:00:00Z,-4.375,55.375,0.0
2007-12-30T12:00:00Z,-4.375,55.425,0.0
2007-12-30T12:00:00Z,-4.375,55.475,0.0
2007-12-30T12:00:00Z,-4.375,55.525,0.0
2007-12-30T12:00:00Z,-4.375,55.575,0.0
2007-12-30T12:00:00Z,-4.375,55.625,0.0
2007-12-30T12:00:00Z,-4.375,55.675,0.0
2007-12-30T12:00:00Z,-4.425,55.325,0.0
2007-12-30T12:00:00Z,-4.425,55.375,0.0
2007-12-30T12:00:00Z,-4.425,55.425,0.0
2007-12-30T12:00:00Z,-4.425,55.475,0.0
2007-12-30T12:00:00Z,-4.425,55.525,0.0
2007-12-30T12:00:00Z,-4.425,55.575,0.0
2007-12-30T12:00:00Z,-4.425,55.625,0.0
2007-12-30T12:00:00Z,-4.425,55.675,0.0
2007-12-30T12:00:00Z,-4.475,55.325,0.0
2007-12-30T12:00:00Z,-4.475,55.375,0.0
2007-12-30T12:00:00Z,-4.475,55.425,0.0
2007-12-30T12:00:00Z,-4.475,55.475,0.0
2007-12-30T12:00:00Z,-4.475,55.525,0.0
2007-12-30T12:00:00Z,-4.475,55.575,0.0
2007-12-30T12:00:00Z,-4.475,55.625,0.0
2007-12-30T12:00:00Z,-4.475,55.675,0.0
2007-12-30T12:00:00Z,-4.525,55.325,0.0
2007-12-30T12:00:00Z,-4.525,55.375,0.0
2007-12-30T12:00:00Z,-4.525,55.425,0.0
2007-12-30T12:00:00Z,-4.525,55.475,0.0
2007-12-30T12:00:00Z,-4.525,55.525,0.0
2007-12-30T12:00:00Z,-4.525,55.575,0.0
2007-12-30T12:00:00Z,-4.525,55.625,0.0
2007-12-30T12:00:00Z,-4.525,55.675,0.0
2007-12-30T12:00:00Z,-4.575,55.325,0.0
2007-12-30T12:00:00Z,-4.575,55.375,0.0
2007-12-30T12:00:00Z,-4.575,55.425,0.0
2007-12-30T12:00:00Z,-4.575,55.475,0.0
2007-12-30T12:00:00Z,-4.575,55.525,0.0
2007-12-30T12:00:00Z,-4.575,55.575,0.0
2007-12-30T12:00:00Z,-4.575,55.625,0.0
2007-12-30T12:00:00Z,-4.575,55.675,0.0
2007-12-30T12:00:00Z,-4.625,55.325,0.0
2007-12-30T12:00:00Z,-4.625,55.375,0.0
2007-12-30T12:00:00Z,-4.625,55.425,0.0
2007-12-30T12:00:00Z,-4.625,55.475,0.0
2007-12-30T12:00:00Z,-4.625,55.525,0.0
2007-12-30T12:00:00Z,-4.625,55.575,0.0
2007-12-30T12:00:00Z,-4.625,55.625,0.0
2007-12-30T12:00:00Z,-4.625,55.675,0.0
2008-01-29T12:00:00Z,-4.375,55.325,0.0
2008-01-29T12:00:00Z,-4.375,55.375,0.0
2008-01-29T12:00:00Z,-4.375,55.425,0.0
2008-01-29T12:00:00Z,-4.375,55.475,0.0
2008-01-29T12:00:00Z,-4.375,55.525,0.0
2008-01-29T12:00:00Z,-4.375,55.575,0.0
2008-01-29T12:00:00Z,-4.375,55.625,0.0
2008-01-29T12:00:00Z,-4.375,55.675,0.0
2008-01-29T12:00:00Z,-4.425,55.325,0.0
2008-01-29T12:00:00Z,-4.425,55.375,0.0
2008-01-29T12:00:00Z,-4.425,55.425,0.0
2008-01-29T12:00:00Z,-4.425,55.475,0.0
2008-01-29T12:00:00Z,-4.425,55.525,0.0
2008-01-29T12:00:00Z,-4.425,55.575,0.0
2008-01-29T12:00:00Z,-4.425,55.625,0.0
2008-01-29T12:00:00Z,-4.425,55.675,0.0
2008-01-29T12:00:00Z,-4.475,55.325,0.0
2008-01-29T12:00:00Z,-4.475,55.375,0.0
2008-01-29T12:00:00Z,-4.475,55.425,0.0
2008-01-29T12:00:00Z,-4.475,55.475,0.0
2008-01-29T12:00:00Z,-4.475,55.525,0.0
2008-01-29T12:00:00Z,-4.475,55.575,0.0
2008-01-29T12:00:00Z,-4.475,55.625,0.0
2008-01-29T12:00:00Z,-4.475,55.675,0.0
2008-01-29T12:00:00Z,-4.525,55.325,0.0
2008-01-29T12:00:00Z,-4.525,55.375,0.0
2008-01-29T12:00:00Z,-4.525,55.425,0.0
2008-01-29T12:00:00Z,-4.525,55.475,0.0
2008-01-29T12:00:00Z,-4.525,55.525,0.0
2008-01-29T12:00:00Z,-4.525,55.575,0.0
2008-01-29T12:00:00Z,-4.525,55.625,0.0
2008-01-29T12:00:00Z,-4.525,55.675,0.0
2008-01-29T12:00:00Z,-4.575,55.325,0.0
2008-01-29T12:00:00Z,-4.575,55.375,0.0
2008-01-29T12:00:00Z,-4.575,55.425,0.0
2008-01-29T12:00:00Z,-4.575,55.475,0.0
2008-01-29T12:00:00Z,-4.575,55.525,0.0
2008-01-29T12:00:00Z,-4.575,55.575,0.0
2008-01-29T12:00:00Z,-4.575,55.625,0.0
2008-01-29T12:00:00Z,-4.575,55.675,0.0
2008-01-29T12:00:00Z,-4.625,55.325,0.0
2008-01-29T12:00:00Z,-4.625,55.375,0.0
2008-01-29T12:00:00Z,-4.625,55.425,0.0
2008-01-29T12:00:00Z,-4.625,55.475,0.0
2008-01-29T12:00:00Z,-4.625,55.525,0.0
2008-01-29T12:00:00Z,-4.625,55.575,0.0
2008-01-29T12:00:00Z,-4.625,55.625,0.0
2008-01-29T12:00:00Z,-4.625,55.675,0.0
2008-02-28T12:00:00Z,-4.375,55.325,0.0
2008-02-28T12:00:00Z,-4.375,55.375,0.0
2008-02-28T12:00:00Z,-4.375,55.425,0.0
2008-02-28T12:00:00Z,-4.375,55.475,0.0
2008-02-28T12:00:00Z,-4.375,55.525,0.0
2008-02-28T12:00:00Z,-4.375,55.575,0.0
2008-02-28T12:00:00Z,-4.375,55.625,0.0
2008-02-28T12:00:00Z,-4.375,55.675,0.0
2008-02-28T12:00:00Z,-4.425,55.325,0.0
2008-02-28T12:00:00Z,-4.425,55.375,0.0
2008-02-28T12:00:00Z,-4.425,55.425,0.0
2008-02-28T12:00:00Z,-4.425,55.475,0.0
2008-02-28T12:00:00Z,-4.425,55.525,0.0
2008-02-28T12:00:00Z,-4.425,55.575,0.0
2008-02-28T12:00:00Z,-4.425,55.625,0.0
2008-02-28T12:00:00Z,-4.425,55.675,0.0
2008-02-28T12:00:00Z,-4.475,55.325,0.0
2008-02-28T12:00:00Z,-4.475,55.375,0.0
2008-02-28T12:00:00Z,-4.475,55.425,0.0
2008-02-28T12:00:00Z,-4.475,55.475,0.0
2008-02-28T12:00:00Z,-4.475,55.525,0.0
2008-02-28T12:00:00Z,-4.475,55.575,0.0
2008-02-28T12:00:00Z,-4.475,55.625,0.0
2008-02-28T12:00:00Z,-4.475,55.675,0.0
2008-02-28T12:00:00Z,-4.525,55.325,0.0
2008-02-28T12:00:00Z,-4.525,55.375,0.0
2008-02-28T12:00:00Z,-4.525,55.425,0.0
2008-02-28T12:00:00Z,-4.525,55.475,0.0
2008-02-28T12:00:00Z,-4.525,55.525,0.0
2008-02-28T12:00:00Z,-4.525,55.575,0.0
2008-02-28T12:00:00Z,-4.525,55.625,0.0
2008-02-28T12:00:00Z,-4.525,55.675,0.0
2008-02-28T12:00:00Z,-4.575,55.325,0.0
2008-02-28T12:00:00Z,-4.575,55.375,0.0
2008-02-28T12:00:00Z,-4.575,55.425,0.0
2008-02-28T12:00:00Z,-4.575,55.475,0.0
2008-02-28T12:00:00Z,-4.575,55.525,0.0
2008-02-28T12:00:00Z,-4.575,55.575,0.0
2008-02-28T12:00:00Z,-4.575,55.625,0.0
2008-02-28T12:00:00Z,-4.575,55.675,0.0
2008-02-28T12:00:00Z,-4.625,55.325,0.0
2008-02-28T12:00:00Z,-4.625,55.375,0.0
2008-02-28T12:00:00Z,-4.625,55.425,0.0
2008-02-28T12:00:00Z,-4.625,55.475,0.0
2008-02-28T12:00:00Z,-4.625,55.525,0.0
2008-02-28T12:00:00Z,-4.625,55.575,0.0
2008-02-28T12:00:00Z,-4.625,55.625,0.0
2008-02-28T12:00:00Z,-4.625,55.675,0.0
2008-03-29T12:00:00Z,-4.375,55.325,0.0
2008-03-29T12:00:00Z,-4.375,55.375,0.0
2008-03-29T12:00:00Z,-4.375,55.425,0.0
2008-03-29T12:00:00Z,-4.375,55.475,0.0
2008-03-29T12:00:00Z,-4.375,55.525,0.0
2008-03-29T12:00:00Z,-4.375,55.575,0.0
2008-03-29T12:00:00Z,-4.375,55.625,0.0
2008-03-29T12:00:00Z,-4.375,55.675,0.0
2008-03-29T12:00:00Z,-4.425,55.325,0.0
2008-03-29T12:00:00Z,-4.425,55.375,0.0
2008-03-29T12:00:00Z,-4.425,55.425,0.0
2008-03-29T12:00:00Z,-4.425,55.475,0.0
2008-03-29T12:00:00Z,-4.425,55.525,0.0
2008-03-29T12:00:00Z,-4.425,55.575,0.0
2008-03-29T12:00:00Z,-4.425,55.625,0.0
2008-03-29T12:00:00Z,-4.425,55.675,0.0
2008-03-29T12:00:00Z,-4.475,55.325,0.0
2008-03-29T12:00:00Z,-4.475,55.375,0.0
2008-03-29T12:00:00Z,-4.475,55.425,0.0
2008-03-29T12:00:00Z,-4.475,55.475,0.0
2008-03-29T12:00:00Z,-4.475,55.525,0.0
2008-03-29T12:00:00Z,-4.475,55.575,0.0
2008-03-29T12:00:00Z,-4.475,55.625,0.0
2008-03-29T12:00:00Z,-4.475,55.675,0.0
2008-03-29T12:00:00Z,-4.525,55.325,0.0
2008-03-29T12:00:00Z,-4.525,55.375,0.0
2008-03-29T12:00:00Z,-4.525,55.425,0.0
2008-03-29T12:00:00Z,-4.525,55.475,0.0
2008-03-29T12:00:00Z,-4.525,55.525,0.0
2008-03-29T12:00:00Z,-4.525,55.575,0.0
2008-03-29T12:00:00Z,-4.525,55.625,0.0
2008-03-29T12:00:00Z,-4.525,55.675,0.0
2008-03-29T12:00:00Z,-4.575,55.325,0.0
2008-03-29T12:00:00Z,-4.575,55.375,0.0
2008-03-29T12:00:00Z,-4.575,55.425,0.0
2008-03-29T12:00:00Z,-4.575,55.475,0.0
2008-03-29T12:00:00Z,-4.575,55.525,0.0
2008-03-29T12:00:00Z,-4.575,55.575,0.0
2008-03-29T12:00:00Z,-4.575,55.625,0.0
2008-03-29T12:00:00Z,-4.575,55.675,0.0
2008-03-29T12:00:00Z,-4.625,55.325,0.0
2008-03-29T12:00:00Z,-4.625,55.375,0.0
2008-03-29T12:00:00Z,-4.625,55.425,0.0
2008-03-29T12:00:00Z,-4.625,55.475,0.0
2008-03-29T12:00:00Z,-4.625,55.525,0.0
2008-03-29T12:00:00Z,-4.625,55.575,0.0
2008-03-29T12:00:00Z,-4.625,55.625,0.0
2008-03-29T12:00:00Z,-4.625,55.675,0.0
2008-04-28T12:00:00Z,-4.375,55.325,0.0
2008-04-28T12:00:00Z,-4.375,55.375,0.0
2008-04-28T12:00:00Z,-4.375,55.425,0.0
2008-04-28T12:00:00Z,-4.375,55.475,0.0
2008-04-28T12:00:00Z,-4.375,55.525,0.0
2008-04-28T12:00:00Z,-4.375,55.575,0.0
2008-04-28T12:00:00Z,-4.375,55.625,0.0
2008-04-28T12:00:00Z,-4.375,55.675,0.0
2008-04-28T12:00:00Z,-4.425,55.325,0.0
2008-04-28T12:00:00Z,-4.425,55.375,0.0
2008-04-28T12:00:00Z,-4.425,55.425,0.0
2008-04-28T12:00:00Z,-4.425,55.475,0.0
2008-04-28T12:00:00Z,-4.425,55.525,0.0
2008-04-28T12:00:00Z,-4.425,55.575,0.0
2008-04-28T12:00:00Z,-4.425,55.625,0.0
2008-04-28T12:00:00Z,-4.425,55.675,0.0
2008-04-28T12:00:00Z,-4.475,55.325,0.0
2008-04-28T12:00:00Z,-4.475,55.375,0.0
2008-04-28T12:00:00Z,-4.475,55.425,0.0
2008-04-28T12:00:00Z,-4.475,55.475,0.0
2008-04-28T12:00:00Z,-4.475,55.525,0.0
2008-04-28T12:00:00Z,-4.475,55.575,0.0
2008-04-28T12:00:00Z,-4.475,55.625,0.0
2008-04-28T12:00:00Z,-4.475,55.675,0.0
2008-04-28T12:00:00Z,-4.525,55.325,0.0
2008-04-28T12:00:00Z,-4.525,55.375,0.0
2008-04-28T12:00:00Z,-4.525,55.425,0.0
2008-04-28T12:00:00Z,-4.525,55.475,0.0
2008-04-28T12:00:00Z,-4.525,55.525,0.0
2008-04-28T12:00:00Z,-4.525,55.575,0.0
2008-04-28T12:00:00Z,-4.525,55.625,0.0
2008-04-28T12:00:00Z,-4.525,55.675,0.0
2008-04-28T12:00:00Z,-4.575,55.325,0.0
2008-04-28T12:00:00Z,-4.575,55.375,0.0
2008-04-28T12:00:00Z,-4.575,55.425,0.0
2008-04-28T12:00:00Z,-4.575,55.475,0.0
2008-04-28T12:00:00Z,-4.575,55.525,0.0
2008-04-28T12:00:00Z,-4.575,55.575,0.0
2008-04-28T12:00:00Z,-4.575,55.625,0.0
2008-04-28T12:00:00Z,-4.575,55.675,0.0
2008-04-28T12:00:00Z,-4.625,55.325,0.0
2008-04-28T12:00:00Z,-4.625,55.375,0.0
2008-04-28T12:00:00Z,-4.625,55.425,0.0
2008-04-28T12:00:00Z,-4.625,55.475,0.0
2008-04-28T12:00:00Z,-4.625,55.525,0.0
2008-04-28T12:00:00Z,-4.625,55.575,0.0
2008-04-28T12:00:00Z,-4.625,55.625,0.0
2008-04-28T12:00:00Z,-4.625,55.675,0.0
2008-05-28T12:00:00Z,-4.375,55.325,0.0
2008-05-28T12:00:00Z,-4.375,55.375,0.0
2008-05-28T12:00:00Z,-4.375,55.425,0.0
2008-05-28T12:00:00Z,-4.375,55.475,0.0
2008-05-28T12:00:00Z,-4.375,55.525,0.0
2008-05-28T12:00:00Z,-4.375,55.575,0.0
2008-05-28T12:00:00Z,-4.375,55.625,0.0
2008-05-28T12:00:00Z,-4.375,55.675,0.0
2008-05-28T12:00:00Z,-4.425,55.325,0.0
2008-05-28T12:00:00Z,-4.425,55.375,0.0
2008-05-28T12:00:00Z,-4.425,55.425,0.0
2008-05-28T12:00:00Z,-4.425,55.475,0.0
2008-05-28T12:00:00Z,-4.425,55.525,0.0
2008-05-28T12:00:00Z,-4.425,55.575,0.0
2008-05-28T12:00:00Z,-4.425,55.625,0.0
2008-05-28T12:00:00Z,-4.425,55.675,0.0
2008-05-28T12:00:00Z,-4.475,55.325,0.0
2008-05-28T12:00:00Z,-4.475,55.375,0.0
2008-05-28T12:00:00Z,-4.475,55.425,0.0
2008-05-28T12:00:00Z,-4.475,55.475,0.0
2008-05-28T12:00:00Z,-4.475,55.525,0.0
2008-05-28T12:00:00Z,-4.475,55.575,0.0
2008-05-28T12:00:00Z,-4.475,55.625,0.0
2008-05-28T12:00:00Z,-4.475,55.675,0.0
2008-05-28T12:00:00Z,-4.525,55.325,0.0
2008-05-28T12:00:00Z,-4.525,55.375,0.0
2008-05-28T12:00:00Z,-4.525,55.425,0.0
2008-05-28T12:00:00Z,-4.525,55.475,0.0
2008-05-28T12:00:00Z,-4.525,55.525,0.0
2008-05-28T12:00:00Z,-4.525,55.575,0.0
2008-05-28T12:00:00Z,-4.525,55.625,0.0
2008-05-28T12:00:00Z,-4.525,55.675,0.0
2008-05-28T12:00:00Z,-4.575,55.325,0.0
2008-05-28T12:00:00Z,-4.575,55.375,0.0
2008-05-28T12:00:00Z,-4.575,55.425,0.0
2008-05-28T12:00:00Z,-4.575,55.475,0.0
2008-05-28T12:00:00Z,-4.575,55.525,0.0
2008-05-28T12:00:00Z,-4.575,55.575,0.0
2008-05-28T12:00:00Z,-4.575,55.625,0.0
2008-05-28T12:00:00Z,-4.575,55.675,0.0
2008-05-28T12:00:00Z,-4.625,55.325,0.0
2008-05-28T12:00:00Z,-4.625,55.375,0.0
2008-05-28T12:00:00Z,-4.625,55.425,0.0
2008-05-28T12:00:00Z,-4.625,55.475,0.0
2008-05-28T12:00:00Z,-4.625,55.525,0.0
2008-05-28T12:00:00Z,-4.625,55.575,0.0
2008-05-28T12:00:00Z,-4.625,55.625,0.0
2008-05-28T12:00:00Z,-4.625,55.675,0.0
2008-06-27T12:00:00Z,-4.375,55.325,0.0
2008-06-27T12:00:00Z,-4.375,55.375,0.0
2008-06-27T12:00:00Z,-4.375,55.425,0.0
2008-06-27T12:00:00Z,-4.375,55.475,0.0
2008-06-27T12:00:00Z,-4.375,55.525,0.0
2008-06-27T12:00:00Z,-4.375,55.575,0.0
2008-06-27T12:00:00Z,-4.375,55.625,0.0
2008-06-27T12:00:00Z,-4.375,55.675,0.0
2008-06-27T12:00:00Z,-4.425,55.325,0.0
2008-06-27T12:00:00Z,-4.425,55.375,0.0
2008-06-27T12:00:00Z,-4.425,55.425,0.0
2008-06-27T12:00:00Z,-4.425,55.475,0.0
2008-06-27T12:00:00Z,-4.425,55.525,0.0
2008-06-27T12:00:00Z,-4.425,55.575,0.0
2008-06-27T12:00:00Z,-4.425,55.625,0.0
2008-06-27T12:00:00Z,-4.425,55.675,0.0
2008-06-27T12:00:00Z,-4.475,55.325,0.0
2008-06-27T12:00:00Z,-4.475,55.375,0.0
2008-06-27T12:00:00Z,-4.475,55.425,0.0
2008-06-27T12:00:00Z,-4.475,55.475,0.0
2008-06-27T12:00:00Z,-4.475,55.525,0.0
2008-06-27T12:00:00Z,-4.475,55.575,0.0
2008-06-27T12:00:00Z,-4.475,55.625,0.0
2008-06-27T12:00:00Z,-4.475,55.675,0.0
2008-06-27T12:00:00Z,-4.525,55.325,0.0
2008-06-27T12:00:00Z,-4.525,55.375,0.0
2008-06-27T12:00:00Z,-4.525,55.425,0.0
2008-06-27T12:00:00Z,-4.525,55.475,0.0
2008-06-27T12:00:00Z,-4.525,55.525,0.0
2008-06-27T12:00:00Z,-4.525,55.575,0.0
2008-06-27T12:00:00Z,-4.525,55.625,0.0
2008-06-27T12:00:00Z,-4.525,55.675,0.0
2008-06-27T12:00:00Z,-4.575,55.325,0.0
2008-06-27T12:00:00Z,-4.575,55.375,0.0
2008-06-27T12:00:00Z,-4.575,55.425,0.0
2008-06-27T12:00:00Z,-4.575,55.475,0.0
2008-06-27T12:00:00Z,-4.575,55.525,0.0
2008-06-27T12:00:00Z,-4.575,55.575,0.0
2008-06-27T12:00:00Z,-4.575,55.625,0.0
2008-06-27T12:00:00Z,-4.575,55.675,0.0
2008-06-27T12:00:00Z,-4.625,55.325,0.0
2008-06-27T12:00:00Z,-4.625,55.375,0.0
2008-06-27T12:00:00Z,-4.625,55.425,0.0
2008-06-27T12:00:00Z,-4.625,55.475,0.0
2008-06-27T12:00:00Z,-4.625,55.525,0.0
2008-06-27T12:00:00Z,-4.625,55.575,0.0
2008-06-27T12:00:00Z,-4.625,55.625,0.0
2008-06-27T12:00:00Z,-4.625,55.675,0.0
2008-07-27T12:00:00Z,-4.375,55.325,0.0
2008-07-27T12:00:00Z,-4.375,55.375,0.0
2008-07-27T12:00:00Z,-4.375,55.425,0.0
2008-07-27T12:00:00Z,-4.375,55.475,0.0
2008-07-27T12:00:00Z,-4.375,55.525,0.0
2008-07-27T12:00:00Z,-4.375,55.575,0.0
2008-07-27T12:00:00Z,-4.375,55.625,0.0
2008-07-27T12:00:00Z,-4.375,55.675,0.0
2008-07-27T12:00:00Z,-4.425,55.325,0.0
2008-07-27T12:00:00Z,-4.425,55.375,0.0
2008-07-27T12:00:00Z,-4.425,55.425,0.0
2008-07-27T12:00:00Z,-4.425,55.475,0.0
2008-07-27T12:00:00Z,-4.425,55.525,0.0
2008-07-27T12:00:00Z,-4.425,55.575,0.0
2008-07-27T12:00:00Z,-4.425,55.625,0.0
2008-07-27T12:00:00Z,-4.425,55.675,0.0
2008-07-27T12:00:00Z,-4.475,55.325,0.0
2008-07-27T12:00:00Z,-4.475,55.375,0.0
2008-07-27T12:00:00Z,-4.475,55.425,0.0
2008-07-27T12:00:00Z,-4.475,55.475,0.0
2008-07-27T12:00:00Z,-4.475,55.525,0.0
2008-07-27T12:00:00Z,-4.475,55.575,0.0
2008-07-27T12:00:00Z,-4.475,55.625,0.0
2008-07-27T12:00:00Z,-4.475,55.675,0.0
2008-07-27T12:00:00Z,-4.525,55.325,0.0
2008-07-27T12:00:00Z,-4.525,55.375,0.0
2008-07-27T12:00:00Z,-4.525,55.425,0.0
2008-07-27T12:00:00Z,-4.525,55.475,0.0
2008-07-27T12:00:00Z,-4.525,55.525,0.0
2008-07-27T12:00:00Z,-4.525,55.575,0.0
2008-07-27T12:00:00Z,-4.525,55.625,0.0
2008-07-27T12:00:00Z,-4.525,55.675,0.0
2008-07-27T12:00:00Z,-4.575,55.325,0.0
2008-07-27T12:00:00Z,-4.575,55.375,0.0
2008-07-27T12:00:00Z,-4.575,55.425,0.0
2008-07-27T12:00:00Z,-4.575,55.475,0.0
2008-07-27T12:00:00Z,-4.575,55.525,0.0
2008-07-27T12:00:00Z,-4.575,55.575,0.0
2008-07-27T12:00:00Z,-4.575,55.625,0.0
2008-07-27T12:00:00Z,-4.575,55.675,0.0
2008-07-27T12:00:00Z,-4.625,55.325,0.0
2008-07-27T12:00:00Z,-4.625,55.375,0.0
2008-07-27T12:00:00Z,-4.625,55.425,0.0
2008-07-27T12:00:00Z,-4.625,55.475,0.0
2008-07-27T12:00:00Z,-4.625,55.525,0.0
2008-07-27T12:00:00Z,-4.625,55.575,0.0
2008-07-27T12:00:00Z,-4.625,55.625,0.0
2008-07-27T12:00:00Z,-4.625,55.675,0.0
2008-08-26T12:00:00Z,-4.375,55.325,0.0
2008-08-26T12:00:00Z,-4.375,55.375,0.0
2008-08-26T12:00:00Z,-4.375,55.425,0.0
2008-08-26T12:00:00Z,-4.375,55.475,0.0
2008-08-26T12:00:00Z,-4.375,55.525,0.0
2008-08-26T12:00:00Z,-4.375,55.575,0.0
2008-08-26T12:00:00Z,-4.375,55.625,0.0
2008-08-26T12:00:00Z,-4.375,55.675,0.0
2008-08-26T12:00:00Z,-4.425,55.325,0.0
2008-08-26T12:00:00Z,-4.425,55.375,0.0
2008-08-26T12:00:00Z,-4.425,55.425,0.0
2008-08-26T12:00:00Z,-4.425,55.475,0.0
2008-08-26T12:00:00Z,-4.425,55.525,0.0
2008-08-26T12:00:00Z,-4.425,55.575,0.0
2008-08-26T12:00:00Z,-4.425,55.625,0.0
2008-08-26T12:00:00Z,-4.425,55.675,0.0
2008-08-26T12:00:00Z,-4.475,55.325,0.0
2008-08-26T12:00:00Z,-4.475,55.375,0.0
2008-08-26T12:00:00Z,-4.475,55.425,0.0
2008-08-26T12:00:00Z,-4.475,55.475,0.0
2008-08-26T12:00:00Z,-4.475,55.525,0.0
2008-08-26T12:00:00Z,-4.475,55.575,0.0
2008-08-26T12:00:00Z,-4.475,55.625,0.0
2008-08-26T12:00:00Z,-4.475,55.675,0.0
2008-08-26T12:00:00Z,-4.525,55.325,0.0
2008-08-26T12:00:00Z,-4.525,55.375,0.0
2008-08-26T12:00:00Z,-4.525,55.425,0.0
2008-08-26T12:00:00Z,-4.525,55.475,0.0
2008-08-26T12:00:00Z,-4.525,55.525,0.0
2008-08-26T12:00:00Z,-4.525,55.575,0.0
2008-08-26T12:00:00Z,-4.525,55.625,0.0
2008-08-26T12:00:00Z,-4.525,55.675,0.0
2008-08-26T12:00:00Z,-4.575,55.325,0.0
2008-08-26T12:00:00Z,-4.575,55.375,0.0
2008-08-26T12:00:00Z,-4.575,55.425,0.0
2008-08-26T12:00:00Z,-4.575,55.475,0.0
2008-08-26T12:00:00Z,-4.575,55.525,0.0
2008-08-26T12:00:00Z,-4.575,55.575,0.0
2008-08-26T12:00:00Z,-4.575,55.625,0.0
2008-08-26T12:00:00Z,-4.575,55.675,0.0
2008-08-26T12:00:00Z,-4.625,55.325,0.0
2008-08-26T12:00:00Z,-4.625,55.375,0.0
2008-08-26T12:00:00Z,-4.625,55.425,0.0
2008-08-26T12:00:00Z,-4.625,55.475,0.0
2008-08-26T12:00:00Z,-4.625,55.525,0.0
2008-08-26T12:00:00Z,-4.625,55.575,0.0
2008-08-26T12:00:00Z,-4.625,55.625,0.0
2008-08-26T12:00:00Z,-4.625,55.675,0.0
2008-09-25T12:00:00Z,-4.375,55.325,0.0
2008-09-25T12:00:00Z,-4.375,55.375,0.0
2008-09-25T12:00:00Z,-4.375,55.425,0.0
2008-09-25T12:00:00Z,-4.375,55.475,0.0
2008-09-25T12:00:00Z,-4.375,55.525,0.0
2008-09-25T12:00:00Z,-4.375,55.575,0.0
2008-09-25T12:00:00Z,-4.375,55.625,0.0
2008-09-25T12:00:00Z,-4.375,55.675,0.0
2008-09-25T12:00:00Z,-4.425,55.325,0.0
2008-09-25T12:00:00Z,-4.425,55.375,0.0
2008-09-25T12:00:00Z,-4.425,55.425,0.0
2008-09-25T12:00:00Z,-4.425,55.475,0.0
2008-09-25T12:00:00Z,-4.425,55.525,0.0
2008-09-25T12:00:00Z,-4.425,55.575,0.0
2008-09-25T12:00:00Z,-4.425,55.625,0.0
2008-09-25T12:00:00Z,-4.425,55.675,0.0
2008-09-25T12:00:00Z,-4.475,55.325,0.0
2008-09-25T12:00:00Z,-4.475,55.375,0.0
2008-09-25T12:00:00Z,-4.475,55.425,0.0
2008-09-25T12:00:00Z,-4.475,55.475,0.0
2008-09-25T12:00:00Z,-4.475,55.525,0.0
2008-09-25T12:00:00Z,-4.475,55.575,0.0
2008-09-25T12:00:00Z,-4.475,55.625,0.0
2008-09-25T12:00:00Z,-4.475,55.675,0.0
2008-09-25T12:00:00Z,-4.525,55.325,0.0
2008-09-25T12:00:00Z,-4.525,55.375,0.0
2008-09-25T12:00:00Z,-4.525,55.425,0.0
2008-09-25T12:00:00Z,-4.525,55.475,0.0
2008-09-25T12:00:00Z,-4.525,55.525,0.0
2008-09-25T12:00:00Z,-4.525,55.575,0.0
2008-09-25T12:00:00Z,-4.525,55.625,0.0
2008-09-25T12:00:00Z,-4.525,55.675,0.0
2008-09-25T12:00:00Z,-4.575,55.325,0.0
2008-09-25T12:00:00Z,-4.575,55.375,0.0
2008-09-25T12:00:00Z,-4.575,55.425,0.0
2008-09-25T12:00:00Z,-4.575,55.475,0.0
2008-09-25T12:00:00Z,-4.575,55.525,0.0
2008-09-25T12:00:00Z,-4.575,55.575,0.0
2008-09-25T12:00:00Z,-4.575,55.625,0.0
2008-09-25T12:00:00Z,-4.575,55.675,0.0
2008-09-25T12:00:00Z,-4.625,55.325,0.0
2008-09-25T12:00:00Z,-4.625,55.375,0.0
2008-09-25T12:00:00Z,-4.625,55.425,0.0
2008-09-25T12:00:00Z,-4.625,55.475,0.0
2008-09-25T12:00:00Z,-4.625,55.525,0.0
2008-09-25T12:00:00Z,-4.625,55.575,0.0
2008-09-25T12:00:00Z,-4.625,55.625,0.0
2008-09-25T12:00:00Z,-4.625,55.675,0.0
2008-10-25T12:00:00Z,-4.375,55.325,0.0
2008-10-25T12:00:00Z,-4.375,55.375,0.0
2008-10-25T12:00:00Z,-4.375,55.425,0.0
2008-10-25T12:00:00Z,-4.375,55.475,0.0
2008-10-25T12:00:00Z,-4.375,55.525,0.0
2008-10-25T12:00:00Z,-4.375,55.575,0.0
2008-10-25T12:00:00Z,-4.375,55.625,0.0
2008-10-25T12:00:00Z,-4.375,55.675,0.0
2008-10-25T12:00:00Z,-4.425,55.325,0.0
2008-10-25T12:00:00Z,-4.425,55.375,0.0
2008-10-25T12:00:00Z,-4.425,55.425,0.0
2008-10-25T12:00:00Z,-4.425,55.475,0.0
2008-10-25T12:00:00Z,-4.425,55.525,0.0
2008-10-25T12:00:00Z,-4.425,55.575,0.0
2008-10-25T12:00:00Z,-4.425,55.625,0.0
2008-10-25T12:00:00Z,-4.425,55.675,0.0
2008-10-25T12:00:00Z,-4.475,55.325,0.0
2008-10-25T12:00:00Z,-4.475,55.375,0.0
2008-10-25T12:00:00Z,-4.475,55.425,0.0
2008-10-25T12:00:00Z,-4.475,55.475,0.0
2008-10-25T12:00:00Z,-4.475,55.525,0.0
2008-10-25T12:00:00Z,-4.475,55.575,0.0
2008-10-25T12:00:00Z,-4.475,55.625,0.0
2008-10-25T12:00:00Z,-4.475,55.675,0.0
2008-10-25T12:00:00Z,-4.525,55.325,0.0
2008-10-25T12:00:00Z,-4.525,55.375,0.0
2008-10-25T12:00:00Z,-4.525,55.425,0.0
2008-10-25T12:00:00Z,-4.525,55.475,0.0
2008-10-25T12:00:00Z,-4.525,55.525,0.0
2008-10-25T12:00:00Z,-4.525,55.575,0.0
2008-10-25T12:00:00Z,-4.525,55.625,0.0
2008-10-25T12:00:00Z,-4.525,55.675,0.0
2008-10-25T12:00:00Z,-4.575,55.325,0.0
2008-10-25T12:00:00Z,-4.575,55.375,0.0
2008-10-25T12:00:00Z,-4.575,55.425,0.0
2008-10-25T12:00:00Z,-4.575,55.475,0.0
2008-10-25T12:00:00Z,-4.575,55.525,0.0
2008-10-25T12:00:00Z,-4.575,55.575,0.0
2008-10-25T12:00:00Z,-4.575,55.625,0.0
2008-10-25T12:00:00Z,-4.575,55.675,0.0
2008-10-25T12:00:00Z,-4.625,55.325,0.0
2008-10-25T12:00:00Z,-4.625,55.375,0.0
2008-10-25T12:00:00Z,-4.625,55.425,0.0
2008-10-25T12:00:00Z,-4.625,55.475,0.0
2008-10-25T12:00:00Z,-4.625,55.525,0.0
2008-10-25T12:00:00Z,-4.625,55.575,0.0
2008-10-25T12:00:00Z,-4.625,55.625,0.0
2008-10-25T12:00:00Z,-4.625,55.675,0.0
2008-11-24T12:00:00Z,-4.375,55.325,0.0
2008-11-24T12:00:00Z,-4.375,55.375,0.0
2008-11-24T12:00:00Z,-4.375,55.425,0.0
2008-11-24T12:00:00Z,-4.375,55.475,0.0
2008-11-24T12:00:00Z,-4.375,55.525,0.0
2008-11-24T12:00:00Z,-4.375,55.575,0.0
2008-11-24T12:00:00Z,-4.375,55.625,0.0
2008-11-24T12:00:00Z,-4.375,55.675,0.0
2008-11-24T12:00:00Z,-4.425,55.325,0.0
2008-11-24T12:00:00Z,-4.425,55.375,0.0
2008-11-24T12:00:00Z,-4.425,55.425,0.0
2008-11-24T12:00:00Z,-4.425,55.475,0.0
2008-11-24T12:00:00Z,-4.425,55.525,0.0
2008-11-24T12:00:00Z,-4.425,55.575,0.0
2008-11-24T12:00:00Z,-4.425,55.625,0.0
2008-11-24T12:00:00Z,-4.425,55.675,0.0
2008-11-24T12:00:00Z,-4.475,55.325,0.0
2008-11-24T12:00:00Z,-4.475,55.375,0.0
2008-11-24T12:00:00Z,-4.475,55.425,0.0
2008-11-24T12:00:00Z,-4.475,55.475,0.0
2008-11-24T12:00:00Z,-4.475,55.525,0.0
2008-11-24T12:00:00Z,-4.475,55.575,0.0
2008-11-24T12:00:00Z,-4.475,55.625,0.0
2008-11-24T12:00:00Z,-4.475,55.675,0.0
2008-11-24T12:00:00Z,-4.525,55.325,0.0
2008-11-24T12:00:00Z,-4.525,55.375,0.0
2008-11-24T12:00:00Z,-4.525,55.425,0.0
2008-11-24T12:00:00Z,-4.525,55.475,0.0
2008-11-24T12:00:00Z,-4.525,55.525,0.0
2008-11-24T12:00:00Z,-4.525,55.575,0.0
2008-11-24T12:00:00Z,-4.525,55.625,0.0
2008-11-24T12:00:00Z,-4.525,55.675,0.0
2008-11-24T12:00:00Z,-4.575,55.325,0.0
2008-11-24T12:00:00Z,-4.575,55.375,0.0
2008-11-24T12:00:00Z,-4.575,55.425,0.0
2008-11-24T12:00:00Z,-4.575,55.475,0.0
2008-11-24T12:00:00Z,-4.575,55.525,0.0
2008-11-24T12:00:00Z,-4.575,55.575,0.0
2008-11-24T12:00:00Z,-4.575,55.625,0.0
2008-11-24T12:00:00Z,-4.575,55.675,0.0
2008-11-24T12:00:00Z,-4.625,55.325,0.0
2008-11-24T12:00:00Z,-4.625,55.375,0.0
2008-11-24T12:00:00Z,-4.625,55.425,0.0
2008-11-24T12:00:00Z,-4.625,55.475,0.0
2008-11-24T12:00:00Z,-4.625,55.525,0.0
2008-11-24T12:00:00Z,-4.625,55.575,0.0
2008-11-24T12:00:00Z,-4.625,55.625,0.0
2008-11-24T12:00:00Z,-4.625,55.675,0.0
2008-12-24T12:00:00Z,-4.375,55.325,0.0
2008-12-24T12:00:00Z,-4.375,55.375,0.0
2008-12-24T12:00:00Z,-4.375,55.425,0.0
2008-12-24T12:00:00Z,-4.375,55.475,0.0
2008-12-24T12:00:00Z,-4.375,55.525,0.0
2008-12-24T12:00:00Z,-4.375,55.575,0.0
2008-12-24T12:00:00Z,-4.375,55.625,0.0
2008-12-24T12:00:00Z,-4.375,55.675,0.0
2008-12-24T12:00:00Z,-4.425,55.325,0.0
2008-12-24T12:00:00Z,-4.425,55.375,0.0
2008-12-24T12:00:00Z,-4.425,55.425,0.0
2008-12-24T12:00:00Z,-4.425,55.475,0.0
2008-12-24T12:00:00Z,-4.425,55.525,0.0
2008-12-24T12:00:00Z,-4.425,55.575,0.0
2008-12-24T12:00:00Z,-4.425,55.625,0.0
2008-12-24T12:00:00Z,-4.425,55.675,0.0
2008-12-24T12:00:00Z,-4.475,55.325,0.0
2008-12-24T12:00:00Z,-4.475,55.375,0.0
2008-12-24T12:00:00Z,-4.475,55.425,0.0
2008-12-24T12:00:00Z,-4.475,55.475,0.0
2008-12-24T12:00:00Z,-4.475,55.525,0.0
2008-12-24T12:00:00Z,-4.475,55.575,0.0
2008-12-24T12:00:00Z,-4.475,55.625,0.0
2008-12-24T12:00:00Z,-4.475,55.675,0.0
2008-12-24T12:00:00Z,-4.525,55.325,0.0
2008-12-24T12:00:00Z,-4.525,55.375,0.0
2008-12-24T12:00:00Z,-4.525,55.425,0.0
2008-12-24T12:00:00Z,-4.525,55.475,0.0
2008-12-24T12:00:00Z,-4.525,55.525,0.0
2008-12-24T12:00:00Z,-4.525,55.575,0.0
2008-12-24T12:00:00Z,-4.525,55.625,0.0
2008-12-24T12:00:00Z,-4.525,55.675,0.0
2008-12-24T12:00:00Z,-4.575,55.325,0.0
2008-12-24T12:00:00Z,-4.575,55.375,0.0
2008-12-24T12:00:00Z,-4.575,55.425,0.0
2008-12-24T12:00:00Z,-4.575,55.475,0.0
2008-12-24T12:00:00Z,-4.575,55.525,0.0
2008-12-24T12:00:00Z,-4.575,55.575,0.0
2008-12-24T12:00:00Z,-4.575,55.625,0.0
2008-12-24T12:00:00Z,-4.575,55.675,0.0
2008-12-24T12:00:00Z,-4.625,55.325,0.0
2008-12-24T12:00:00Z,-4.625,55.375,0.0
2008-12-24T12:00:00Z,-4.625,55.425,0.0
2008-12-24T12:00:00Z,-4.625,55.475,0.0
2008-12-24T12:00:00Z,-4.625,55.525,0.0
2008-12-24T12:00:00Z,-4.625,55.575,0.0
2008-12-24T12:00:00Z,-4.625,55.625,0.0
2008-12-24T12:00:00Z,-4.625,55.675,0.0
2009-01-23T12:00:00Z,-4.375,55.325,0.0
2009-01-23T12:00:00Z,-4.375,55.375,0.0
2009-01-23T12:00:00Z,-4.375,55.425,0.0
2009-01-23T12:00:00Z,-4.375,55.475,0.0
2009-01-23T12:00:00Z,-4.375,55.525,0.0
2009-01-23T12:00:00Z,-4.375,55.575,0.0
2009-01-23T12:00:00Z,-4.375,55.625,0.0
2009-01-23T12:00:00Z,-4.375,55.675,0.0
2009-01-23T12:00:00Z,-4.425,55.325,0.0
2009-01-23T12:00:00Z,-4.425,55.375,0.0
2009-01-23T12:00:00Z,-4.425,55.425,0.0
2009-01-23T12:00:00Z,-4.425,55.475,0.0
2009-01-23T12:00:00Z,-4.425,55.525,0.0
2009-01-23T12:00:00Z,-4.425,55.575,0.0
2009-01-23T12:00:00Z,-4.425,55.625,0.0
2009-01-23T12:00:00Z,-4.425,55.675,0.0
2009-01-23T12:00:00Z,-4.475,55.325,0.0
2009-01-23T12:00:00Z,-4.475,55.375,0.0
2009-01-23T12:00:00Z,-4.475,55.425,0.0
2009-01-23T12:00:00Z,-4.475,55.475,0.0
2009-01-23T12:00:00Z,-4.475,55.525,0.0
2009-01-23T12:00:00Z,-4.475,55.575,0.0
2009-01-23T12:00:00Z,-4.475,55.625,0.0
2009-01-23T12:00:00Z,-4.475,55.675,0.0
2009-01-23T12:00:00Z,-4.525,55.325,0.0
2009-01-23T12:00:00Z,-4.525,55.375,0.0
2009-01-23T12:00:00Z,-4.525,55.425,0.0
2009-01-23T12:00:00Z,-4.525,55.475,0.0
2009-01-23T12:00:00Z,-4.525,55.525,0.0
2009-01-23T12:00:00Z,-4.525,55.575,0.0
2009-01-23T12:00:00Z,-4.525,55.625,0.0
2009-01-23T12:00:00Z,-4.525,55.675,0.0
2009-01-23T12:00:00Z,-4.575,55.325,0.0
2009-01-23T12:00:00Z,-4.575,55.375,0.0
2009-01-23T12:00:00Z,-4.575,55.425,0.0
2009-01-23T12:00:00Z,-4.575,55.475,0.0
2009-01-23T12:00:00Z,-4.575,55.525,0.0
2009-01-23T12:00:00Z,-4.575,55.575,0.0
2009-01-23T12:00:00Z,-4.575,55.625,0.0
2009-01-23T12:00:00Z,-4.575,55.675,0.0
2009-01-23T12:00:00Z,-4.625,55.325,0.0
2009-01-23T12:00:00Z,-4.625,55.375,0.0
2009-01-23T12:00:00Z,-4.625,55.425,0.0
2009-01-23T12:00:00Z,-4.625,55.475,0.0
2009-01-23T12:00:00Z,-4.625,55.525,0.0
2009-01-23T12:00:00Z,-4.625,55.575,0.0
2009-01-23T12:00:00Z,-4.625,55.625,0.0
2009-01-23T12:00:00Z,-4.625,55.675,0.0
2009-02-22T12:00:00Z,-4.375,55.325,0.0
2009-02-22T12:00:00Z,-4.375,55.375,0.0
2009-02-22T12:00:00Z,-4.375,55.425,0.0
2009-02-22T12:00:00Z,-4.375,55.475,0.0
2009-02-22T12:00:00Z,-4.375,55.525,0.0
2009-02-22T12:00:00Z,-4.375,55.575,0.0
2009-02-22T12:00:00Z,-4.375,55.625,0.0
2009-02-22T12:00:00Z,-4.375,55.675,0.0
2009-02-22T12:00:00Z,-4.425,55.325,0.0
2009-02-22T12:00:00Z,-4.425,55.375,0.0
2009-02-22T12:00:00Z,-4.425,55.425,0.0
2009-02-22T12:00:00Z,-4.425,55.475,0.0
2009-02-22T12:00:00Z,-4.425,55.525,0.0
2009-02-22T12:00:00Z,-4.425,55.575,0.0
2009-02-22T12:00:00Z,-4.425,55.625,0.0
2009-02-22T12:00:00Z,-4.425,55.675,0.0
2009-02-22T12:00:00Z,-4.475,55.325,0.0
2009-02-22T12:00:00Z,-4.475,55.375,0.0
2009-02-22T12:00:00Z,-4.475,55.425,0.0
2009-02-22T12:00:00Z,-4.475,55.475,0.0
2009-02-22T12:00:00Z,-4.475,55.525,0.0
2009-02-22T12:00:00Z,-4.475,55.575,0.0
2009-02-22T12:00:00Z,-4.475,55.625,0.0
2009-02-22T12:00:00Z,-4.475,55.675,0.0
2009-02-22T12:00:00Z,-4.525,55.325,0.0
2009-02-22T12:00:00Z,-4.525,55.375,0.0
2009-02-22T12:00:00Z,-4.525,55.425,0.0
2009-02-22T12:00:00Z,-4.525,55.475,0.0
2009-02-22T12:00:00Z,-4.525,55.525,0.0
2009-02-22T12:00:00Z,-4.525,55.575,0.0
2009-02-22T12:00:00Z,-4.525,55.625,0.0
2009-02-22T12:00:00Z,-4.525,55.675,0.0
2009-02-22T12:00:00Z,-4.575,55.325,0.0
2009-02-22T12:00:00Z,-4.575,55.375,0.0
2009-02-22T12:00:00Z,-4.575,55.425,0.0
2009-02-22T12:00:00Z,-4.575,55.475,0.0
2009-02-22T12:00:00Z,-4.575,55.525,0.0
2009-02-22T12:00:00Z,-4.575,55.575,0.0
2009-02-22T12:00:00Z,-4.575,55.625,0.0
2009-02-22T12:00:00Z,-4.575,55.675,0.0
2009-02-22T12:00:00Z,-4.625,55.325,0.0
2009-02-22T12:00:00Z,-4.625,55.375,0.0
2009-02-22T12:00:00Z,-4.625,55.425,0.0
2009-02-22T12:00:00Z,-4.625,55.475,0.0
2009-02-22T12:00:00Z,-4.625,55.525,0.0
2009-02-22T12:00:00Z,-4.625,55.575,0.0
2009-02-22T12:00:00Z,-4.625,55.625,0.0
2009-02-22T12:00:00Z,-4.625,55.675,0.0
2009-03-24T12:00:00Z,-4.375,55.325,0.0
2009-03-24T12:00:00Z,-4.375,55.375,0.0
2009-03-24T12:00:00Z,-4.375,55.425,0.0
2009-03-24T12:00:00Z,-4.375,55.475,0.0
2009-03-24T12:00:00Z,-4.375,55.525,0.0
2009-03-24T12:00:00Z,-4.375,55.575,0.0
2009-03-24T12:00:00Z,-4.375,55.625,0.0
2009-03-24T12:00:00Z,-4.375,55.675,0.0
2009-03-24T12:00:00Z,-4.425,55.325,0.0
2009-03-24T12:00:00Z,-4.425,55.375,0.0
2009-03-24T12:00:00Z,-4.425,55.425,0.0
2009-03-24T12:00:00Z,-4.425,55.475,0.0
2009-03-24T12:00:00Z,-4.425,55.525,0.0
2009-03-24T12:00:00Z,-4.425,55.575,0.0
2009-03-24T12:00:00Z,-4.425,55.625,0.0
2009-03-24T12:00:00Z,-4.425,55.675,0.0
2009-03-24T12:00:00Z,-4.475,55.325,0.0
2009-03-24T12:00:00Z,-4.475,55.375,0.0
2009-03-24T12:00:00Z,-4.475,55.425,0.0
2009-03-24T12:00:00Z,-4.475,55.475,0.0
2009-03-24T12:00:00Z,-4.475,55.525,0.0
2009-03-24T12:00:00Z,-4.475,55.575,0.0
2009-03-24T12:00:00Z,-4.475,55.625,0.0
2009-03-24T12:00:00Z,-4.475,55.675,0.0
2009-03-24T12:00:00Z,-4.525,55.325,0.0
2009-03-24T12:00:00Z,-4.525,55.375,0.0
2009-03-24T12:00:00Z,-4.525,55.425,0.0
2009-03-24T12:00:00Z,-4.525,55.475,0.0
2009-03-24T12:00:00Z,-4.525,55.525,0.0
2009-03-24T12:00:00Z,-4.525,55.575,0.0
2009-03-24T12:00:00Z,-4.525,55.625,0.0
2009-03-24T12:00:00Z,-4.525,55.675,0.0
2009-03-24T12:00:00Z,-4.575,55.325,0.0
2009-03-24T12:00:00Z,-4.575,55.375,0.0
2009-03-24T12:00:00Z,-4.575,55.425,0.0
2009-03-24T12:00:00Z,-4.575,55.475,0.0
2009-03-24T12:00:00Z,-4.575,55.525,0.0
2009-03-24T12:00:00Z,-4.575,55.575,0.0
2009-03-24T12:00:00Z,-4.575,55.625,0.0
2009-03-24T12:00:00Z,-4.575,55.675,0.0
2009-03-24T12:00:00Z,-4.625,55.325,0.0
2009-03-24T12:00:00Z,-4.625,55.375,0.0
2009-03-24T12:00:00Z,-4.625,55.425,0.0
2009-03-24T12:00:00Z,-4.625,55.475,0.0
2009-03-24T12:00:00Z,-4.625,55.525,0.0
2009-03-24T12:00:00Z,-4.625,55.575,0.0
2009-03-24T12:00:00Z,-4.625,55.625,0.0
2009-03-24T12:00:00Z,-4.625,55.675,0.0
2009-04-23T12:00:00Z,-4.375,55.325,0.0
2009-04-23T12:00:00Z,-4.375,55.375,0.0
2009-04-23T12:00:00Z,-4.375,55.425,0.0
2009-04-23T12:00:00Z,-4.375,55.475,0.0
2009-04-23T12:00:00Z,-4.375,55.525,0.0
2009-04-23T12:00:00Z,-4.375,55.575,0.0
2009-04-23T12:00:00Z,-4.375,55.625,0.0
2009-04-23T12:00:00Z,-4.375,55.675,0.0
2009-04-23T12:00:00Z,-4.425,55.325,0.0
2009-04-23T12:00:00Z,-4.425,55.375,0.0
2009-04-23T12:00:00Z,-4.425,55.425,0.0
2009-04-23T12:00:00Z,-4.425,55.475,0.0
2009-04-23T12:00:00Z,-4.425,55.525,0.0
2009-04-23T12:00:00Z,-4.425,55.575,0.0
2009-04-23T12:00:00Z,-4.425,55.625,0.0
2009-04-23T12:00:00Z,-4.425,55.675,0.0
2009-04-23T12:00:00Z,-4.475,55.325,0.0
2009-04-23T12:00:00Z,-4.475,55.375,0.0
2009-04-23T12:00:00Z,-4.475,55.425,0.0
2009-04-23T12:00:00Z,-4.475,55.475,0.0
2009-04-23T12:00:00Z,-4.475,55.525,0.0
2009-04-23T12:00:00Z,-4.475,55.575,0.0
2009-04-23T12:00:00Z,-4.475,55.625,0.0
2009-04-23T12:00:00Z,-4.475,55.675,0.0
2009-04-23T12:00:00Z,-4.525,55.325,0.0
2009-04-23T12:00:00Z,-4.525,55.375,0.0
2009-04-23T12:00:00Z,-4.525,55.425,0.0
2009-04-23T12:00:00Z,-4.525,55.475,0.0
2009-04-23T12:00:00Z,-4.525,55.525,0.0
2009-04-23T12:00:00Z,-4.525,55.575,0.0
2009-04-23T12:00:00Z,-4.525,55.625,0.0
2009-04-23T12:00:00Z,-4.525,55.675,0.0
2009-04-23T12:00:00Z,-4.575,55.325,0.0
2009-04-23T12:00:00Z,-4.575,55.375,0.0
2009-04-23T12:00:00Z,-4.575,55.425,0.0
2009-04-23T12:00:00Z,-4.575,55.475,0.0
2009-04-23T12:00:00Z,-4.575,55.525,0.0
2009-04-23T12:00:00Z,-4.575,55.575,0.0
2009-04-23T12:00:00Z,-4.575,55.625,0.0
2009-04-23T12:00:00Z,-4.575,55.675,0.0
2009-04-23T12:00:00Z,-4.625,55.325,0.0
2009-04-23T12:00:00Z,-4.625,55.375,0.0
2009-04-23T12:00:00Z,-4.625,55.425,0.0
2009-04-23T12:00:00Z,-4.625,55.475,0.0
2009-04-23T12:00:00Z,-4.625,55.525,0.0
2009-04-23T12:00:00Z,-4.625,55.575,0.0
2009-04-23T12:00:00Z,-4.625,55.625,0.0
2009-04-23T12:00:00Z,-4.625,55.675,0.0
2009-05-23T12:00:00Z,-4.375,55.325,0.6
2009-05-23T12:00:00Z,-4.375,55.375,0.6
2009-05-23T12:00:00Z,-4.375,55.425,0.45
2009-05-23T12:00:00Z,-4.375,55.475,0.3
2009-05-23T12:00:00Z,-4.375,55.525,0.15
2009-05-23T12:00:00Z,-4.375,55.575,0.0
2009-05-23T12:00:00Z,-4.375,55.625,0.0
2009-05-23T12:00:00Z,-4.375,55.675,0.0
2009-05-23T12:00:00Z,-4.425,55.325,0.59
2009-05-23T12:00:00Z,-4.425,55.375,0.6
2009-05-23T12:00:00Z,-4.425,55.425,0.59
2009-05-23T12:00:00Z,-4.425,55.475,0.15
2009-05-23T12:00:00Z,-4.425,55.525,0.15
2009-05-23T12:00:00Z,-4.425,55.575,0.0
2009-05-23T12:00:00Z,-4.425,55.625,0.0
2009-05-23T12:00:00Z,-4.425,55.675,0.0
2009-05-23T12:00:00Z,-4.475,55.325,0.29
2009-05-23T12:00:00Z,-4.475,55.375,0.3
2009-05-23T12:00:00Z,-4.475,55.425,0.29
2009-05-23T12:00:00Z,-4.475,55.475,0.15
2009-05-23T12:00:00Z,-4.475,55.525,0.14
2009-05-23T12:00:00Z,-4.475,55.575,0.0
2009-05-23T12:00:00Z,-4.475,55.625,0.0
2009-05-23T12:00:00Z,-4.475,55.675,0.0
2009-05-23T12:00:00Z,-4.525,55.325,0.14
2009-05-23T12:00:00Z,-4.525,55.375,0.14
2009-05-23T12:00:00Z,-4.525,55.425,0.14
2009-05-23T12:00:00Z,-4.525,55.475,0.0
2009-05-23T12:00:00Z,-4.525,55.525,0.0
2009-05-23T12:00:00Z,-4.525,55.575,0.0
2009-05-23T12:00:00Z,-4.525,55.625,0.0
2009-05-23T12:00:00Z,-4.525,55.675,0.0
2009-05-23T12:00:00Z,-4.575,55.325,0.0
2009-05-23T12:00:00Z,-4.575,55.375,0.0
2009-05-23T12:00:00Z,-4.575,55.425,0.0
2009-05-23T12:00:00Z,-4.575,55.475,0.0
2009-05-23T12:00:00Z,-4.575,55.525,0.0
2009-05-23T12:00:00Z,-4.575,55.575,0.0
2009-05-23T12:00:00Z,-4.575,55.625,0.0
2009-05-23T12:00:00Z,-4.575,55.675,0.0
2009-05-23T12:00:00Z,-4.625,55.325,0.0
2009-05-23T12:00:00Z,-4.625,55.375,0.0
2009-05-23T12:00:00Z,-4.625,55.425,0.0
2009-05-23T12:00:00Z,-4.625,55.475,0.0
2009-05-23T12:00:00Z,-4.625,55.525,0.0
2009-05-23T12:00:00Z,-4.625,55.575,0.0
2009-05-23T12:00:00Z,-4.625,55.625,0.0
2009-05-23T12:00:00Z,-4.625,55.675,0.0
2009-06-22T12:00:00Z,-4.375,55.325,0.6
2009-06-22T12:00:00Z,-4.375,55.375,0.6
2009-06-22T12:00:00Z,-4.375,55.425,0.45
2009-06-22T12:00:00Z,-4.375,55.475,0.3
2009-06-22T12:00:00Z,-4.375,55.525,0.15
2009-06-22T12:00:00Z,-4.375,55.575,0.0
2009-06-22T12:00:00Z,-4.375,55.625,0.0
2009-06-22T12:00:00Z,-4.375,55.675,0.0
2009-06-22T12:00:00Z,-4.425,55.325,0.59
2009-06-22T12:00:00Z,-4.425,55.375,0.6
2009-06-22T12:00:00Z,-4.425,55.425,0.59
2009-06-22T12:00:00Z,-4.425,55.475,0.15
2009-06-22T12:00:00Z,-4.425,55.525,0.15
2009-06-22T12:00:00Z,-4.425,55.575,0.0
2009-06-22T12:00:00Z,-4.425,55.625,0.0
2009-06-22T12:00:00Z,-4.425,55.675,0.0
2009-06-22T12:00:00Z,-4.475,55.325,0.29
2009-06-22T12:00:00Z,-4.475,55.375,0.3
2009-06-22T12:00:00Z,-4.475,55.425,0.29
2009-06-22T12:00:00Z,-4.475,55.475,0.15
2009-06-22T12:00:00Z,-4.475,55.525,0.14
2009-06-22T12:00:00Z,-4.475,55.575,0.0
2009-06-22T12:00:00Z,-4.475,55.625,0.0
2009-06-22T12:00:00Z,-4.475,55.675,0.0
2009-06-22T12:00:00Z,-4.525,55.325,0.14
2009-06-22T12:00:00Z,-4.525,55.375,0.14
2009-06-22T12:00:00Z,-4.525,55.425,0.14
2009-06-22T12:00:00Z,-4.525,55.475,0.0
2009-06-22T12:00:00Z,-4.525,55.525,0.0
2009-06-22T12:00:00Z,-4.525,55.575,0.0
2009-06-22T12:00:00Z,-4.525,55.625,0.0
2009-06-22T12:00:00Z,-4.525,55.675,0.0
2009-06-22T12:00:00Z,-4.575,55.325,0.0
2009-06-22T12:00:00Z,-4.575,55.375,0.0
2009-06-22T12:00:00Z,-4.575,55.425,0.0
2009-06-22T12:00:00Z,-4.575,55.475,0.0
2009-06-22T12:00:00Z,-4.575,55.525,0.0
2009-06-22T12:00:00Z,-4.575,55.575,0.0
2009-06-22T12:00:00Z,-4.575,55.625,0.0
2009-06-22T12:00:00Z,-4.575,55.675,0.0
2009-06-22T12:00:00Z,-4.625,55.325,0.0
2009-06-22T12:00:00Z,-4.625,55.375,0.0
2009-06-22T12:00:00Z,-4.625,55.425,0.0
2009-06-22T12:00:00Z,-4.625,55.475,0.0
2009-06-22T12:00:00Z,-4.625,55.525,0.0
2009-06-22T12:00:00Z,-4.625,55.575,0.0
2009-06-22T12:00:00Z,-4.625,55.625,0.0
2009-06-22T12:00:00Z,-4.625,55.675,0.0
2009-07-22T12:00:00Z,-4.375,55.325,0.3
2009-07-22T12:00:00Z,-4.375,55.375,0.3
2009-07-22T12:00:00Z,-4.375,55.425,0.29
2009-07-22T12:00:00Z,-4.375,55.475,0.15
2009-07-22T12:00:00Z,-4.375,55.525,0.0
2009-07-22T12:00:00Z,-4.375,55.575,0.0
2009-07-22T12:00:00Z,-4.375,55.625,0.0
2009-07-22T12:00:00Z,-4.375,55.675,0.0
2009-07-22T12:00:00Z,-4.425,55.325,0.29
2009-07-22T12:00:00Z,-4.425,55.375,0.29
2009-07-22T12:00:00Z,-4.425,55.425,0.29
2009-07-22T12:00:00Z,-4.425,55.475,0.0
2009-07-22T12:00:00Z,-4.425,55.525,0.0
2009-07-22T12:00:00Z,-4.425,55.575,0.0
2009-07-22T12:00:00Z,-4.425,55.625,0.0
2009-07-22T12:00:00Z,-4.425,55.675,0.0
2009-07-22T12:00:00Z,-4.475,55.325,0.0
2009-07-22T12:00:00Z,-4.475,55.375,0.0
2009-07-22T12:00:00Z,-4.475,55.425,0.0
2009-07-22T12:00:00Z,-4.475,55.475,0.0
2009-07-22T12:00:00Z,-4.475,55.525,0.0
2009-07-22T12:00:00Z,-4.475,55.575,0.0
2009-07-22T12:00:00Z,-4.475,55.625,0.0
2009-07-22T12:00:00Z,-4.475,55.675,0.0
2009-07-22T12:00:00Z,-4.525,55.325,0.0
2009-07-22T12:00:00Z,-4.525,55.375,0.0
2009-07-22T12:00:00Z,-4.525,55.425,0.0
2009-07-22T12:00:00Z,-4.525,55.475,0.0
2009-07-22T12:00:00Z,-4.525,55.525,0.0
2009-07-22T12:00:00Z,-4.525,55.575,0.0
2009-07-22T12:00:00Z,-4.525,55.625,0.0
2009-07-22T12:00:00Z,-4.525,55.675,0.0
2009-07-22T12:00:00Z,-4.575,55.325,0.0
2009-07-22T12:00:00Z,-4.575,55.375,0.0
2009-07-22T12:00:00Z,-4.575,55.425,0.0
2009-07-22T12:00:00Z,-4.575,55.475,0.0
2009-07-22T12:00:00Z,-4.575,55.525,0.0
2009-07-22T12:00:00Z,-4.575,55.575,0.0
2009-07-22T12:00:00Z,-4.575,55.625,0.0
2009-07-22T12:00:00Z,-4.575,55.675,0.0
2009-07-22T12:00:00Z,-4.625,55.325,0.0
2009-07-22T12:00:00Z,-4.625,55.375,0.0
2009-07-22T12:00:00Z,-4.625,55.425,0.0
2009-07-22T12:00:00Z,-4.625,55.475,0.0
2009-07-22T12:00:00Z,-4.625,55.525,0.0
2009-07-22T12:00:00Z,-4.625,55.575,0.0
2009-07-22T12:00:00Z,-4.625,55.625,0.0
2009-07-22T12:00:00Z,-4.625,55.675,0.0
2009-08-21T12:00:00Z,-4.375,55.325,0.0
2009-08-21T12:00:00Z,-4.375,55.375,0.0
2009-08-21T12:00:00Z,-4.375,55.425,0.0
2009-08-21T12:00:00Z,-4.375,55.475,0.0
2009-08-21T12:00:00Z,-4.375,55.525,0.0
2009-08-21T12:00:00Z,-4.375,55.575,0.0
2009-08-21T12:00:00Z,-4.375,55.625,0.0
2009-08-21T12:00:00Z,-4.375,55.675,0.0
2009-08-21T12:00:00Z,-4.425,55.325,0.0
2009-08-21T12:00:00Z,-4.425,55.375,0.0
2009-08-21T12:00:00Z,-4.425,55.425,0.0
2009-08-21T12:00:00Z,-4.425,55.475,0.0
2009-08-21T12:00:00Z,-4.425,55.525,0.0
2009-08-21T12:00:00Z,-4.425,55.575,0.0
2009-08-21T12:00:00Z,-4.425,55.625,0.0
2009-08-21T12:00:00Z,-4.425,55.675,0.0
2009-08-21T12:00:00Z,-4.475,55.325,0.0
2009-08-21T12:00:00Z,-4.475,55.375,0.0
2009-08-21T12:00:00Z,-4.475,55.425,0.0
2009-08-21T12:00:00Z,-4.475,55.475,0.0
2009-08-21T12:00:00Z,-4.475,55.525,0.0
2009-08-21T12:00:00Z,-4.475,55.575,0.0
2009-08-21T12:00:00Z,-4.475,55.625,0.0
2009-08-21T12:00:00Z,-4.475,55.675,0.0
2009-08-21T12:00:00Z,-4.525,55.325,0.0
2009-08-21T12:00:00Z,-4.525,55.375,0.0
2009-08-21T12:00:00Z,-4.525,55.425,0.0
2009-08-21T12:00:00Z,-4.525,55.475,0.0
2009-08-21T12:00:00Z,-4.525,55.525,0.0
2009-08-21T12:00:00Z,-4.525,55.575,0.0
2009-08-21T12:00:00Z,-4.525,55.625,0.0
2009-08-21T12:00:00Z,-4.525,55.675,0.0
2009-08-21T12:00:00Z,-4.575,55.325,0.0
2009-08-21T12:00:00Z,-4.575,55.375,0.0
2009-08-21T12:00:00Z,-4.575,55.425,0.0
2009-08-21T12:00:00Z,-4.575,55.475,0.0
2009-08-21T12:00:00Z,-4.575,55.525,0.0
2009-08-21T12:00:00Z,-4.575,55.575,0.0
2009-08-21T12:00:00Z,-4.575,55.625,0.0
2009-08-21T12:00:00Z,-4.575,55.675,0.0
2009-08-21T12:00:00Z,-4.625,55.325,0.0
2009-08-21T12:00:00Z,-4.625,55.375,0.0
2009-08-21T12:00:00Z,-4.625,55.425,0.0
2009-08-21T12:00:00Z,-4.625,55.475,0.0
2009-08-21T12:00:00Z,-4.625,55.525,0.0
2009-08-21T12:00:00Z,-4.625,55.575,0.0
2009-08-21T12:00:00Z,-4.625,55.625,0.0
2009-08-21T12:00:00Z,-4.625,55.675,0.0
2009-09-20T12:00:00Z,-4.375,55.325,0.0
2009-09-20T12:00:00Z,-4.375,55.375,0.0
2009-09-20T12:00:00Z,-4.375,55.425,0.0
2009-09-20T12:00:00Z,-4.375,55.475,0.0
2009-09-20T12:00:00Z,-4.375,55.525,0.0
2009-09-20T12:00:00Z,-4.375,55.575,0.0
2009-09-20T12:00:00Z,-4.375,55.625,0.0
2009-09-20T12:00:00Z,-4.375,55.675,0.0
2009-09-20T12:00:00Z,-4.425,55.325,0.0
2009-09-20T12:00:00Z,-4.425,55.375,0.0
2009-09-20T12:00:00Z,-4.425,55.425,0.0
2009-09-20T12:00:00Z,-4.425,55.475,0.0
2009-09-20T12:00:00Z,-4.425,55.525,0.0
2009-09-20T12:00:00Z,-4.425,55.575,0.0
2009-09-20T12:00:00Z,-4.425,55.625,0.0
2009-09-20T12:00:00Z,-4.425,55.675,0.0
2009-09-20T12:00:00Z,-4.475,55.325,0.0
2009-09-20T12:00:00Z,-4.475,55.375,0.0
2009-09-20T12:00:00Z,-4.475,55.425,0.0
2009-09-20T12:00:00Z,-4.475,55.475,0.0
2009-09-20T12:00:00Z,-4.475,55.525,0.0
2009-09-20T12:00:00Z,-4.475,55.575,0.0
2009-09-20T12:00:00Z,-4.475,55.625,0.0
2009-09-20T12:00:00Z,-4.475,55.675,0.0
2009-09-20T12:00:00Z,-4.525,55.325,0.0
2009-09-20T12:00:00Z,-4.525,55.375,0.0
2009-09-20T12:00:00Z,-4.525,55.425,0.0
2009-09-20T12:00:00Z,-4.525,55.475,0.0
2009-09-20T12:00:00Z,-4.525,55.525,0.0
2009-09-20T12:00:00Z,-4.525,55.575,0.0
2009-09-20T12:00:00Z,-4.525,55.625,0.0
2009-09-20T12:00:00Z,-4.525,55.675,0.0
2009-09-20T12:00:00Z,-4.575,55.325,0.0
2009-09-20T12:00:00Z,-4.575,55.375,0.0
2009-09-20T12:00:00Z,-4.575,55.425,0.0
2009-09-20T12:00:00Z,-4.575,55.475,0.0
2009-09-20T12:00:00Z,-4.575,55.525,0.0
2009-09-20T12:00:00Z,-4.575,55.575,0.0
2009-09-20T12:00:00Z,-4.575,55.625,0.0
2009-09-20T12:00:00Z,-4.575,55.675,0.0
2009-09-20T12:00:00Z,-4.625,55.325,0.0
2009-09-20T12:00:00Z,-4.625,55.375,0.0
2009-09-20T12:00:00Z,-4.625,55.425,0.0
2009-09-20T12:00:00Z,-4.625,55.475,0.0
2009-09-20T12:00:00Z,-4.625,55.525,0.0
2009-09-20T12:00:00Z,-4.625,55.575,0.0
2009-09-20T12:00:00Z,-4.625,55.625,0.0
2009-09-20T12:00:00Z,-4.625,55.675,0.0
2009-10-20T12:00:00Z,-4.375,55.325,0.0
2009-10-20T12:00:00Z,-4.375,55.375,0.0
2009-10-20T12:00:00Z,-4.375,55.425,0.0
2009-10-20T12:00:00Z,-4.375,55.475,0.0
2009-10-20T12:00:00Z,-4.375,55.525,0.0
2009-10-20T12:00:00Z,-4.375,55.575,0.0
2009-10-20T12:00:00Z,-4.375,55.625,0.0
2009-10-20T12:00:00Z,-4.375,55.675,0.0
2009-10-20T12:00:00Z,-4.425,55.325,0.0
2009-10-20T12:00:00Z,-4.425,55.375,0.0
2009-10-20T12:00:00Z,-4.425,55.425,0.0
2009-10-20T12:00:00Z,-4.425,55.475,0.0
2009-10-20T12:00:00Z,-4.425,55.525,0.0
2009-10-20T12:00:00Z,-4.425,55.575,0.0
2009-10-20T12:00:00Z,-4.425,55.625,0.0
2009-10-20T12:00:00Z,-4.425,55.675,0.0
2009-10-20T12:00:00Z,-4.475,55.325,0.0
2009-10-20T12:00:00Z,-4.475,55.375,0.0
2009-10-20T12:00:00Z,-4.475,55.425,0.0
2009-10-20T12:00:00Z,-4.475,55.475,0.0
2009-10-20T12:00:00Z,-4.475,55.525,0.0
2009-10-20T12:00:00Z,-4.475,55.575,0.0
2009-10-20T12:00:00Z,-4.475,55.625,0.0
2009-10-20T12:00:00Z,-4.475,55.675,0.0
2009-10-20T12:00:00Z,-4.525,55.325,0.0
2009-10-20T12:00:00Z,-4.525,55.375,0.0
2009-10-20T12:00:00Z,-4.525,55.425,0.0
2009-10-20T12:00:00Z,-4.525,55.475,0.0
2009-10-20T12:00:00Z,-4.525,55.525,0.0
2009-10-20T12:00:00Z,-4.525,55.575,0.0
2009-10-20T12:00:00Z,-4.525,55.625,0.0
2009-10-20T12:00:00Z,-4.525,55.675,0.0
2009-10-20T12:00:00Z,-4.575,55.325,0.0
2009-10-20T12:00:00Z,-4.575,55.375,0.0
2009-10-20T12:00:00Z,-4.575,55.425,0.0
2009-10-20T12:00:00Z,-4.575,55.475,0.0
2009-10-20T12:00:00Z,-4.575,55.525,0.0
2009-10-20T12:00:00Z,-4.575,55.575,0.0
2009-10-20T12:00:00Z,-4.575,55.625,0.0
2009-10-20T12:00:00Z,-4.575,55.675,0.0
2009-10-20T12:00:00Z,-4.625,55.325,0.0
2009-10-20T12:00:00Z,-4.625,55.375,0.0
2009-10-20T12:00:00Z,-4.625,55.425,0.0
2009-10-20T12:00:00Z,-4.625,55.475,0.0
2009-10-20T12:00:00Z,-4.625,55.525,0.0
2009-10-20T12:00:00Z,-4.625,55.575,0.0
2009-10-20T12:00:00Z,-4.625,55.625,0.0
2009-10-20T12:00:00Z,-4.625,55.675,0.0
2009-11-19T12:00:00Z,-4.375,55.325,0.0
2009-11-19T12:00:00Z,-4.375,55.375,0.0
2009-11-19T12:00:00Z,-4.375,55.425,0.0
2009-11-19T12:00:00Z,-4.375,55.475,0.0
2009-11-19T12:00:00Z,-4.375,55.525,0.0
2009-11-19T12:00:00Z,-4.375,55.575,0.0
2009-11-19T12:00:00Z,-4.375,55.625,0.0
2009-11-19T12:00:00Z,-4.375,55.675,0.0
2009-11-19T12:00:00Z,-4.425,55.325,0.0
2009-11-19T12:00:00Z,-4.425,55.375,0.0
2009-11-19T12:00:00Z,-4.425,55.425,0.0
2009-11-19T12:00:00Z,-4.425,55.475,0.0
2009-11-19T12:00:00Z,-4.425,55.525,0.0
2009-11-19T12:00:00Z,-4.425,55.575,0.0
2009-11-19T12:00:00Z,-4.425,55.625,0.0
2009-11-19T12:00:00Z,-4.425,55.675,0.0
2009-11-19T12:00:00Z,-4.475,55.325,0.0
2009-11-19T12:00:00Z,-4.475,55.375,0.0
2009-11-19T12:00:00Z,-4.475,55.425,0.0
2009-11-19T12:00:00Z,-4.475,55.475,0.0
2009-11-19T12:00:00Z,-4.475,55.525,0.0
2009-11-19T12:00:00Z,-4.475,55.575,0.0
2009-11-19T12:00:00Z,-4.475,55.625,0.0
2009-11-19T12:00:00Z,-4.475,55.675,0.0
2009-11-19T12:00:00Z,-4.525,55.325,0.0
2009-11-19T12:00:00Z,-4.525,55.375,0.0
2009-11-19T12:00:00Z,-4.525,55.425,0.0
2009-11-19T12:00:00Z,-4.525,55.475,0.0
2009-11-19T12:00:00Z,-4.525,55.525,0.0
2009-11-19T12:00:00Z,-4.525,55.575,0.0
2009-11-19T12:00:00Z,-4.525,55.625,0.0
2009-11-19T12:00:00Z,-4.525,55.675,0.0
2009-11-19T12:00:00Z,-4.575,55.325,0.0
2009-11-19T12:00:00Z,-4.575,55.375,0.0
2009-11-19T12:00:00Z,-4.575,55.425,0.0
2009-11-19T12:00:00Z,-4.575,55.475,0.0
2009-11-19T12:00:00Z,-4.575,55.525,0.0
2009-11-19T12:00:00Z,-4.575,55.575,0.0
2009-11-19T12:00:00Z,-4.575,55.625,0.0
2009-11-19T12:00:00Z,-4.575,55.675,0.0
2009-11-19T12:00:00Z,-4.625,55.325,0.0
2009-11-19T12:00:00Z,-4.625,55.375,0.0
2009-11-19T12:00:00Z,-4.625,55.425,0.0
2009-11-19T12:00:00Z,-4.625,55.475,0.0
2009-11-19T12:00:00Z,-4.625,55.525,0.0
2009-11-19T12:00:00Z,-4.625,55.575,0.0
2009-11-19T12:00:00Z,-4.625,55.625,0.0
2009-11-19T12:00:00Z,-4.625,55.675,0.0
2009-12-19T12:00:00Z,-4.375,55.325,0.0
2009-12-19T12:00:00Z,-4.375,55.375,0.0
2009-12-19T12:00:00Z,-4.375,55.425,0.0
2009-12-19T12:00:00Z,-4.375,55.475,0.0
2009-12-19T12:00:00Z,-4.375,55.525,0.0
2009-12-19T12:00:00Z,-4.375,55.575,0.0
2009-12-19T12:00:00Z,-4.375,55.625,0.0
2009-12-19T12:00:00Z,-4.375,55.675,0.0
2009-12-19T12:00:00Z,-4.425,55.325,0.0
2009-12-19T12:00:00Z,-4.425,55.375,0.0
2009-12-19T12:00:00Z,-4.425,55.425,0.0
2009-12-19T12:00:00Z,-4.425,55.475,0.0
2009-12-19T12:00:00Z,-4.425,55.525,0.0
2009-12-19T12:00:00Z,-4.425,55.575,0.0
2009-12-19T12:00:00Z,-4.425,55.625,0.0
2009-12-19T12:00:00Z,-4.425,55.675,0.0
2009-12-19T12:00:00Z,-4.475,55.325,0.0
2009-12-19T12:00:00Z,-4.475,55.375,0.0
2009-12-19T12:00:00Z,-4.475,55.425,0.0
2009-12-19T12:00:00Z,-4.475,55.475,0.0
2009-12-19T12:00:00Z,-4.475,55.525,0.0
2009-12-19T12:00:00Z,-4.475,55.575,0.0
2009-12-19T12:00:00Z,-4.475,55.625,0.0
2009-12-19T12:00:00Z,-4.475,55.675,0.0
2009-12-19T12:00:00Z,-4.525,55.325,0.0
2009-12-19T12:00:00Z,-4.525,55.375,0.0
2009-12-19T12:00:00Z,-4.525,55.425,0.0
2009-12-19T12:00:00Z,-4.525,55.475,0.0
2009-12-19T12:00:00Z,-4.525,55.525,0.0
2009-12-19T12:00:00Z,-4.525,55.575,0.0
2009-12-19T12:00:00Z,-4.525,55.625,0.0
2009-12-19T12:00:00Z,-4.525,55.675,0.0
2009-12-19T12:00:00Z,-4.575,55.325,0.0
2009-12-19T12:00:00Z,-4.575,55.375,0.0
2009-12-19T12:00:00Z,-4.575,55.425,0.0
2009-12-19T12:00:00Z,-4.575,55.475,0.0
2009-12-19T12:00:00Z,-4.575,55.525,0.0
2009-12-19T12:00:00Z,-4.575,55.575,0.0
2009-12-19T12:00:00Z,-4.575,55.625,0.0
2009-12-19T12:00:00Z,-4.575,55.675,0.0
2009-12-19T12:00:00Z,-4.625,55.325,0.0
2009-12-19T12:00:00Z,-4.625,55.375,0.0
2009-12-19T12:00:00Z,-4.625,55.425,0.0
2009-12-19T12:00:00Z,-4.625,55.475,0.0
2009-12-19T12:00:00Z,-4.625,55.525,0.0
2009-12-19T12:00:00Z,-4.625,55.575,0.0
2009-12-19T12:00:00Z,-4.625,55.625,0.0
2009-12-19T12:00:00Z,-4.625,55.675,0.0
2010-01-18T12:00:00Z,-4.375,55.325,0.0
2010-01-18T12:00:00Z,-4.375,55.375,0.0
2010-01-18T12:00:00Z,-4.375,55.425,0.0
2010-01-18T12:00:00Z,-4.375,55.475,0.0
2010-01-18T12:00:00Z,-4.375,55.525,0.0
2010-01-18T12:00:00Z,-4.375,55.575,0.0
2010-01-18T12:00:00Z,-4.375,55.625,0.0
2010-01-18T12:00:00Z,-4.375,55.675,0.0
2010-01-18T12:00:00Z,-4.425,55.325,0.0
2010-01-18T12:00:00Z,-4.425,55.375,0.0
2010-01-18T12:00:00Z,-4.425,55.425,0.0
2010-01-18T12:00:00Z,-4.425,55.475,0.0
2010-01-18T12:00:00Z,-4.425,55.525,0.0
2010-01-18T12:00:00Z,-4.425,55.575,0.0
2010-01-18T12:00:00Z,-4.425,55.625,0.0
2010-01-18T12:00:00Z,-4.425,55.675,0.0
2010-01-18T12:00:00Z,-4.475,55.325,0.0
2010-01-18T12:00:00Z,-4.475,55.375,0.0
2010-01-18T12:00:00Z,-4.475,55.425,0.0
2010-01-18T12:00:00Z,-4.475,55.475,0.0
2010-01-18T12:00:00Z,-4.475,55.525,0.0
2010-01-18T12:00:00Z,-4.475,55.575,0.0
2010-01-18T12:00:00Z,-4.475,55.625,0.0
2010-01-18T12:00:00Z,-4.475,55.675,0.0
2010-01-18T12:00:00Z,-4.525,55.325,0.0
2010-01-18T12:00:00Z,-4.525,55.375,0.0
2010-01-18T12:00:00Z,-4.525,55.425,0.0
2010-01-18T12:00:00Z,-4.525,55.475,0.0
2010-01-18T12:00:00Z,-4.525,55.525,0.0
2010-01-18T12:00:00Z,-4.525,55.575,0.0
2010-01-18T12:00:00Z,-4.525,55.625,0.0
2010-01-18T12:00:00Z,-4.525,55.675,0.0
2010-01-18T12:00:00Z,-4.575,55.325,0.0
2010-01-18T12:00:00Z,-4.575,55.375,0.0
2010-01-18T12:00:00Z,-4.575,55.425,0.0
2010-01-18T12:00:00Z,-4.575,55.475,0.0
2010-01-18T12:00:00Z,-4.575,55.525,0.0
2010-01-18T12:00:00Z,-4.575,55.575,0.0
2010-01-18T12:00:00Z,-4.575,55.625,0.0
2010-01-18T12:00:00Z,-4.575,55.675,0.0
2010-01-18T12:00:00Z,-4.625,55.325,0.0
2010-01-18T12:00:00Z,-4.625,55.375,0.0
2010-01-18T12:00:00Z,-4.625,55.425,0.0
2010-01-18T12:00:00Z,-4.625,55.475,0.0
2010-01-18T12:00:00Z,-4.625,55.525,0.0
2010-01-18T12:00:00Z,-4.625,55.575,0.0
2010-01-18T12:00:00Z,-4.625,55.625,0.0
2010-01-18T12:00:00Z,-4.625,55.675,0.0
2010-02-17T12:00:00Z,-4.375,55.325,0.0
2010-02-17T12:00:00Z,-4.375,55.375,0.0
2010-02-17T12:00:00Z,-4.375,55.425,0.0
2010-02-17T12:00:00Z,-4.375,55.475,0.0
2010-02-17T12:00:00Z,-4.375,55.525,0.0
2010-02-17T12:00:00Z,-4.375,55.575,0.0
2010-02-17T12:00:00Z,-4.375,55.625,0.0
2010-02-17T12:00:00Z,-4.375,55.675,0.0
2010-02-17T12:00:00Z,-4.425,55.325,0.0
2010-02-17T12:00:00Z,-4.425,55.375,0.0
2010-02-17T12:00:00Z,-4.425,55.425,0.0
2010-02-17T12:00:00Z,-4.425,55.475,0.0
2010-02-17T12:00:00Z,-4.425,55.525,0.0
2010-02-17T12:00:00Z,-4.425,55.575,0.0
2010-02-17T12:00:00Z,-4.425,55.625,0.0
2010-02-17T12:00:00Z,-4.425,55.675,0.0
2010-02-17T12:00:00Z,-4.475,55.325,0.0
2010-02-17T12:00:00Z,-4.475,55.375,0.0
2010-02-17T12:00:00Z,-4.475,55.425,0.0
2010-02-17T12:00:00Z,-4.475,55.475,0.0
2010-02-17T12:00:00Z,-4.475,55.525,0.0
2010-02-17T12:00:00Z,-4.475,55.575,0.0
2010-02-17T12:00:00Z,-4.475,55.625,0.0
2010-02-17T12:00:00Z,-4.475,55.675,0.0
2010-02-17T12:00:00Z,-4.525,55.325,0.0
2010-02-17T12:00:00Z,-4.525,55.375,0.0
2010-02-17T12:00:00Z,-4.525,55.425,0.0
2010-02-17T12:00:00Z,-4.525,55.475,0.0
2010-02-17T12:00:00Z,-4.525,55.525,0.0
2010-02-17T12:00:00Z,-4.525,55.575,0.0
2010-02-17T12:00:00Z,-4.525,55.625,0.0
2010-02-17T12:00:00Z,-4.525,55.675,0.0
2010-02-17T12:00:00Z,-4.575,55.325,0.0
2010-02-17T12:00:00Z,-4.575,55.375,0.0
2010-02-17T12:00:00Z,-4.575,55.425,0.0
2010-02-17T12:00:00Z,-4.575,55.475,0.0
2010-02-17T12:00:00Z,-4.575,55.525,0.0
2010-02-17T12:00:00Z,-4.575,55.575,0.0
2010-02-17T12:00:00Z,-4.575,55.625,0.0
2010-02-17T12:00:00Z,-4.575,55.675,0.0
2010-02-17T12:00:00Z,-4.625,55.325,0.0
2010-02-17T12:00:00Z,-4.625,55.375,0.0
2010-02-17T12:00:00Z,-4.625,55.425,0.0
2010-02-17T12:00:00Z,-4.625,55.475,0.0
2010-02-17T12:00:00Z,-4.625,55.525,0.0
2010-02-17T12:00:00Z,-4.625,55.575,0.0
2010-02-17T12:00:00Z,-4.625,55.625,0.0
2010-02-17T12:00:00Z,-4.625,55.675,0.0
2010-03-19T12:00:00Z,-4.375,55.325,0.46
2010-03-19T12:00:00Z,-4.375,55.375,0.46
2010-03-19T12:00:00Z,-4.375,55.425,0.46
2010-03-19T12:00:00Z,-4.375,55.475,0.32
2010-03-19T12:00:00Z,-4.375,55.525,0.31
2010-03-19T12:00:00Z,-4.375,55.575,0.3
2010-03-19T12:00:00Z,-4.375,55.625,0.3
2010-03-19T12:00:00Z,-4.375,55.675,0.3
2010-03-19T12:00:00Z,-4.425,55.325,0.47000000000000003
2010-03-19T12:00:00Z,-4.425,55.375,0.46
2010-03-19T12:00:00Z,-4.425,55.425,0.32
2010-03-19T12:00:00Z,-4.425,55.475,0.31
2010-03-19T12:00:00Z,-4.425,55.525,0.31
2010-03-19T12:00:00Z,-4.425,55.575,0.3
2010-03-19T12:00:00Z,-4.425,55.625,0.3
2010-03-19T12:00:00Z,-4.425,55.675,0.3
2010-03-19T12:00:00Z,-4.475,55.325,0.32
2010-03-19T12:00:00Z,-4.475,55.375,0.32
2010-03-19T12:00:00Z,-4.475,55.425,0.17
2010-03-19T12:00:00Z,-4.475,55.475,0.17
2010-03-19T12:00:00Z,-4.475,55.525,0.16
2010-03-19T12:00:00Z,-4.475,55.575,0.16
2010-03-19T12:00:00Z,-4.475,55.625,0.3
2010-03-19T12:00:00Z,-4.475,55.675,0.31
2010-03-19T12:00:00Z,-4.525,55.325,0.32
2010-03-19T12:00:00Z,-4.525,55.375,0.31
2010-03-19T12:00:00Z,-4.525,55.425,0.17
2010-03-19T12:00:00Z,-4.525,55.475,0.16
2010-03-19T12:00:00Z,-4.525,55.525,0.16
2010-03-19T12:00:00Z,-4.525,55.575,0.16
2010-03-19T12:00:00Z,-4.525,55.625,0.3
2010-03-19T12:00:00Z,-4.525,55.675,0.31
2010-03-19T12:00:00Z,-4.575,55.325,0.31
2010-03-19T12:00:00Z,-4.575,55.375,0.31
2010-03-19T12:00:00Z,-4.575,55.425,0.16
2010-03-19T12:00:00Z,-4.575,55.475,0.16
2010-03-19T12:00:00Z,-4.575,55.525,0.16
2010-03-19T12:00:00Z,-4.575,55.575,0.16
2010-03-19T12:00:00Z,-4.575,55.625,0.3
2010-03-19T12:00:00Z,-4.575,55.675,0.32
2010-03-19T12:00:00Z,-4.625,55.325,0.31
2010-03-19T12:00:00Z,-4.625,55.375,0.3
2010-03-19T12:00:00Z,-4.625,55.425,0.15
2010-03-19T12:00:00Z,-4.625,55.475,0.15
2010-03-19T12:00:00Z,-4.625,55.525,0.15
2010-03-19T12:00:00Z,-4.625,55.575,0.3
2010-03-19T12:00:00Z,-4.625,55.625,0.31
2010-03-19T12:00:00Z,-4.625,55.675,0.47000000000000003
2010-04-18T12:00:00Z,-4.375,55.325,3.95
2010-04-18T12:00:00Z,-4.375,55.375,3.95
2010-04-18T12:00:00Z,-4.375,55.425,3.7800000000000002
2010-04-18T12:00:00Z,-4.375,55.475,3.75
2010-04-18T12:00:00Z,-4.375,55.525,3.67
2010-04-18T12:00:00Z,-4.375,55.575,3.62
2010-04-18T12:00:00Z,-4.375,55.625,3.56
2010-04-18T12:00:00Z,-4.375,55.675,3.5100000000000002
2010-04-18T12:00:00Z,-4.425,55.325,3.96
2010-04-18T12:00:00Z,-4.425,55.375,3.96
2010-04-18T12:00:00Z,-4.425,55.425,3.79
2010-04-18T12:00:00Z,-4.425,55.475,3.74
2010-04-18T12:00:00Z,-4.425,55.525,3.7
2010-04-18T12:00:00Z,-4.425,55.575,3.62
2010-04-18T12:00:00Z,-4.425,55.625,3.58
2010-04-18T12:00:00Z,-4.425,55.675,3.68
2010-04-18T12:00:00Z,-4.475,55.325,3.75
2010-04-18T12:00:00Z,-4.475,55.375,3.93
2010-04-18T12:00:00Z,-4.475,55.425,3.7800000000000002
2010-04-18T12:00:00Z,-4.475,55.475,3.77
2010-04-18T12:00:00Z,-4.475,55.525,3.73
2010-04-18T12:00:00Z,-4.475,55.575,3.5300000000000002
2010-04-18T12:00:00Z,-4.475,55.625,3.63
2010-04-18T12:00:00Z,-4.475,55.675,3.74
2010-04-18T12:00:00Z,-4.525,55.325,3.86
2010-04-18T12:00:00Z,-4.525,55.375,3.9
2010-04-18T12:00:00Z,-4.525,55.425,3.77
2010-04-18T12:00:00Z,-4.525,55.475,3.7800000000000002
2010-04-18T12:00:00Z,-4.525,55.525,3.77
2010-04-18T12:00:00Z,-4.525,55.575,3.85
2010-04-18T12:00:00Z,-4.525,55.625,3.95
2010-04-18T12:00:00Z,-4.525,55.675,3.77
2010-04-18T12:00:00Z,-4.575,55.325,3.81
2010-04-18T12:00:00Z,-4.575,55.375,3.86
2010-04-18T12:00:00Z,-4.575,55.425,3.88
2010-04-18T12:00:00Z,-4.575,55.475,3.91
2010-04-18T12:00:00Z,-4.575,55.525,3.91
2010-04-18T12:00:00Z,-4.575,55.575,3.9
2010-04-18T12:00:00Z,-4.575,55.625,3.98
2010-04-18T12:00:00Z,-4.575,55.675,3.98
2010-04-18T12:00:00Z,-4.625,55.325,3.7600000000000002
2010-04-18T12:00:00Z,-4.625,55.375,3.8000000000000003
2010-04-18T12:00:00Z,-4.625,55.425,3.85
2010-04-18T12:00:00Z,-4.625,55.475,3.9
2010-04-18T12:00:00Z,-4.625,55.525,3.91
2010-04-18T12:00:00Z,-4.625,55.575,4.05
2010-04-18T12:00:00Z,-4.625,55.625,4.03
2010-04-18T12:00:00Z,-4.625,55.675,4.14
2010-05-18T12:00:00Z,-4.375,55.325,4.78
2010-05-18T12:00:00Z,-4.375,55.375,4.79
2010-05-18T12:00:00Z,-4.375,55.425,4.62
2010-05-18T12:00:00Z,-4.375,55.475,4.58
2010-05-18T12:00:00Z,-4.375,55.525,4.48
2010-05-18T12:00:00Z,-4.375,55.575,4.42
2010-05-18T12:00:00Z,-4.375,55.625,4.51
2010-05-18T12:00:00Z,-4.375,55.675,4.45
2010-05-18T12:00:00Z,-4.425,55.325,4.79
2010-05-18T12:00:00Z,-4.425,55.375,4.79
2010-05-18T12:00:00Z,-4.425,55.425,4.62
2010-05-18T12:00:00Z,-4.425,55.475,4.55
2010-05-18T12:00:00Z,-4.425,55.525,4.5
2010-05-18T12:00:00Z,-4.425,55.575,4.42
2010-05-18T12:00:00Z,-4.425,55.625,4.38
2010-05-18T12:00:00Z,-4.425,55.675,4.63
2010-05-18T12:00:00Z,-4.475,55.325,4.57
2010-05-18T12:00:00Z,-4.475,55.375,4.75
2010-05-18T12:00:00Z,-4.475,55.425,4.6000000000000005
2010-05-18T12:00:00Z,-4.475,55.475,4.58
2010-05-18T12:00:00Z,-4.475,55.525,4.55
2010-05-18T12:00:00Z,-4.475,55.575,4.34
2010-05-18T12:00:00Z,-4.475,55.625,4.45
2010-05-18T12:00:00Z,-4.475,55.675,4.71
2010-05-18T12:00:00Z,-4.525,55.325,4.67
2010-05-18T12:00:00Z,-4.525,55.375,4.72
2010-05-18T12:00:00Z,-4.525,55.425,4.45
2010-05-18T12:00:00Z,-4.525,55.475,4.45
2010-05-18T12:00:00Z,-4.525,55.525,4.59
2010-05-18T12:00:00Z,-4.525,55.575,4.67
2010-05-18T12:00:00Z,-4.525,55.625,4.78
2010-05-18T12:00:00Z,-4.525,55.675,4.76
2010-05-18T12:00:00Z,-4.575,55.325,4.33
2010-05-18T12:00:00Z,-4.575,55.375,4.38
2010-05-18T12:00:00Z,-4.575,55.425,4.5600000000000005
2010-05-18T12:00:00Z,-4.575,55.475,4.58
2010-05-18T12:00:00Z,-4.575,55.525,4.6000000000000005
2010-05-18T12:00:00Z,-4.575,55.575,4.73
2010-05-18T12:00:00Z,-4.575,55.625,4.96
2010-05-18T12:00:00Z,-4.575,55.675,4.98
2010-05-18T12:00:00Z,-4.625,55.325,4.14
2010-05-18T12:00:00Z,-4.625,55.375,4.33
2010-05-18T12:00:00Z,-4.625,55.425,4.38
2010-05-18T12:00:00Z,-4.625,55.475,4.58
2010-05-18T12:00:00Z,-4.625,55.525,4.6000000000000005
2010-05-18T12:00:00Z,-4.625,55.575,4.89
2010-05-18T12:00:00Z,-4.625,55.625,5.03
2010-05-18T12:00:00Z,-4.625,55.675,5.15
2010-06-17T12:00:00Z,-4.375,55.325,4.32
2010-06-17T12:00:00Z,-4.375,55.375,4.33
2010-06-17T12:00:00Z,-4.375,55.425,4.15
2010-06-17T12:00:00Z,-4.375,55.475,4.26
2010-06-17T12:00:00Z,-4.375,55.525,4.17
2010-06-17T12:00:00Z,-4.375,55.575,4.11
2010-06-17T12:00:00Z,-4.375,55.625,4.2
2010-06-17T12:00:00Z,-4.375,55.675,4.15
2010-06-17T12:00:00Z,-4.425,55.325,4.32
2010-06-17T12:00:00Z,-4.425,55.375,4.33
2010-06-17T12:00:00Z,-4.425,55.425,4.3
2010-06-17T12:00:00Z,-4.425,55.475,4.24
2010-06-17T12:00:00Z,-4.425,55.525,4.19
2010-06-17T12:00:00Z,-4.425,55.575,4.11
2010-06-17T12:00:00Z,-4.425,55.625,4.08
2010-06-17T12:00:00Z,-4.425,55.675,4.33
2010-06-17T12:00:00Z,-4.475,55.325,4.25
2010-06-17T12:00:00Z,-4.475,55.375,4.44
2010-06-17T12:00:00Z,-4.475,55.425,4.43
2010-06-17T12:00:00Z,-4.475,55.475,4.42
2010-06-17T12:00:00Z,-4.475,55.525,4.38
2010-06-17T12:00:00Z,-4.475,55.575,4.18
2010-06-17T12:00:00Z,-4.475,55.625,4.14
2010-06-17T12:00:00Z,-4.475,55.675,4.4
2010-06-17T12:00:00Z,-4.525,55.325,4.3500000000000005
2010-06-17T12:00:00Z,-4.525,55.375,4.41
2010-06-17T12:00:00Z,-4.525,55.425,4.28
2010-06-17T12:00:00Z,-4.525,55.475,4.29
2010-06-17T12:00:00Z,-4.525,55.525,4.42
2010-06-17T12:00:00Z,-4.525,55.575,4.51
2010-06-17T12:00:00Z,-4.525,55.625,4.48
2010-06-17T12:00:00Z,-4.525,55.675,4.46
2010-06-17T12:00:00Z,-4.575,55.325,4.0200000000000005
2010-06-17T12:00:00Z,-4.575,55.375,4.08
2010-06-17T12:00:00Z,-4.575,55.425,4.4
2010-06-17T12:00:00Z,-4.575,55.475,4.42
2010-06-17T12:00:00Z,-4.575,55.525,4.44
2010-06-17T12:00:00Z,-4.575,55.575,4.57
2010-06-17T12:00:00Z,-4.575,55.625,4.66
2010-06-17T12:00:00Z,-4.575,55.675,4.67
2010-06-17T12:00:00Z,-4.625,55.325,3.8200000000000003
2010-06-17T12:00:00Z,-4.625,55.375,4.03
2010-06-17T12:00:00Z,-4.625,55.425,4.22
2010-06-17T12:00:00Z,-4.625,55.475,4.42
2010-06-17T12:00:00Z,-4.625,55.525,4.45
2010-06-17T12:00:00Z,-4.625,55.575,4.59
2010-06-17T12:00:00Z,-4.625,55.625,4.71
2010-06-17T12:00:00Z,-4.625,55.675,4.68
2010-07-17T12:00:00Z,-4.375,55.325,0.0
2010-07-17T12:00:00Z,-4.375,55.375,0.0
2010-07-17T12:00:00Z,-4.375,55.425,0.0
2010-07-17T12:00:00Z,-4.375,55.475,0.0
2010-07-17T12:00:00Z,-4.375,55.525,0.0
2010-07-17T12:00:00Z,-4.375,55.575,0.0
2010-07-17T12:00:00Z,-4.375,55.625,0.0
2010-07-17T12:00:00Z,-4.375,55.675,0.0
2010-07-17T12:00:00Z,-4.425,55.325,0.0
2010-07-17T12:00:00Z,-4.425,55.375,0.0
2010-07-17T12:00:00Z,-4.425,55.425,0.0
2010-07-17T12:00:00Z,-4.425,55.475,0.0
2010-07-17T12:00:00Z,-4.425,55.525,0.0
2010-07-17T12:00:00Z,-4.425,55.575,0.0
2010-07-17T12:00:00Z,-4.425,55.625,0.0
2010-07-17T12:00:00Z,-4.425,55.675,0.0
2010-07-17T12:00:00Z,-4.475,55.325,0.0
2010-07-17T12:00:00Z,-4.475,55.375,0.0
2010-07-17T12:00:00Z,-4.475,55.425,0.0
2010-07-17T12:00:00Z,-4.475,55.475,0.0
2010-07-17T12:00:00Z,-4.475,55.525,0.0
2010-07-17T12:00:00Z,-4.475,55.575,0.0
2010-07-17T12:00:00Z,-4.475,55.625,0.0
2010-07-17T12:00:00Z,-4.475,55.675,0.0
2010-07-17T12:00:00Z,-4.525,55.325,0.0
2010-07-17T12:00:00Z,-4.525,55.375,0.0
2010-07-17T12:00:00Z,-4.525,55.425,0.0
2010-07-17T12:00:00Z,-4.525,55.475,0.0
2010-07-17T12:00:00Z,-4.525,55.525,0.0
2010-07-17T12:00:00Z,-4.525,55.575,0.0
2010-07-17T12:00:00Z,-4.525,55.625,0.0
2010-07-17T12:00:00Z,-4.525,55.675,0.0
2010-07-17T12:00:00Z,-4.575,55.325,0.0
2010-07-17T12:00:00Z,-4.575,55.375,0.0
2010-07-17T12:00:00Z,-4.575,55.425,0.0
2010-07-17T12:00:00Z,-4.575,55.475,0.0
2010-07-17T12:00:00Z,-4.575,55.525,0.0
2010-07-17T12:00:00Z,-4.575,55.575,0.0
2010-07-17T12:00:00Z,-4.575,55.625,0.0
2010-07-17T12:00:00Z,-4.575,55.675,0.0
2010-07-17T12:00:00Z,-4.625,55.325,0.0
2010-07-17T12:00:00Z,-4.625,55.375,0.0
2010-07-17T12:00:00Z,-4.625,55.425,0.0
2010-07-17T12:00:00Z,-4.625,55.475,0.0
2010-07-17T12:00:00Z,-4.625,55.525,0.0
2010-07-17T12:00:00Z,-4.625,55.575,0.0
2010-07-17T12:00:00Z,-4.625,55.625,0.0
2010-07-17T12:00:00Z,-4.625,55.675,0.0
2010-08-16T12:00:00Z,-4.375,55.325,0.0
2010-08-16T12:00:00Z,-4.375,55.375,0.0
2010-08-16T12:00:00Z,-4.375,55.425,0.0
2010-08-16T12:00:00Z,-4.375,55.475,0.0
2010-08-16T12:00:00Z,-4.375,55.525,0.0
2010-08-16T12:00:00Z,-4.375,55.575,0.0
2010-08-16T12:00:00Z,-4.375,55.625,0.0
2010-08-16T12:00:00Z,-4.375,55.675,0.0
2010-08-16T12:00:00Z,-4.425,55.325,0.0
2010-08-16T12:00:00Z,-4.425,55.375,0.0
2010-08-16T12:00:00Z,-4.425,55.425,0.0
2010-08-16T12:00:00Z,-4.425,55.475,0.0
2010-08-16T12:00:00Z,-4.425,55.525,0.0
2010-08-16T12:00:00Z,-4.425,55.575,0.0
2010-08-16T12:00:00Z,-4.425,55.625,0.0
2010-08-16T12:00:00Z,-4.425,55.675,0.0
2010-08-16T12:00:00Z,-4.475,55.325,0.0
2010-08-16T12:00:00Z,-4.475,55.375,0.0
2010-08-16T12:00:00Z,-4.475,55.425,0.0
2010-08-16T12:00:00Z,-4.475,55.475,0.0
2010-08-16T12:00:00Z,-4.475,55.525,0.0
2010-08-16T12:00:00Z,-4.475,55.575,0.0
2010-08-16T12:00:00Z,-4.475,55.625,0.0
2010-08-16T12:00:00Z,-4.475,55.675,0.0
2010-08-16T12:00:00Z,-4.525,55.325,0.0
2010-08-16T12:00:00Z,-4.525,55.375,0.0
2010-08-16T12:00:00Z,-4.525,55.425,0.0
2010-08-16T12:00:00Z,-4.525,55.475,0.0
2010-08-16T12:00:00Z,-4.525,55.525,0.0
2010-08-16T12:00:00Z,-4.525,55.575,0.0
2010-08-16T12:00:00Z,-4.525,55.625,0.0
2010-08-16T12:00:00Z,-4.525,55.675,0.0
2010-08-16T12:00:00Z,-4.575,55.325,0.0
2010-08-16T12:00:00Z,-4.575,55.375,0.0
2010-08-16T12:00:00Z,-4.575,55.425,0.0
2010-08-16T12:00:00Z,-4.575,55.475,0.0
2010-08-16T12:00:00Z,-4.575,55.525,0.0
2010-08-16T12:00:00Z,-4.575,55.575,0.0
2010-08-16T12:00:00Z,-4.575,55.625,0.0
2010-08-16T12:00:00Z,-4.575,55.675,0.0
2010-08-16T12:00:00Z,-4.625,55.325,0.0
2010-08-16T12:00:00Z,-4.625,55.375,0.0
2010-08-16T12:00:00Z,-4.625,55.425,0.0
2010-08-16T12:00:00Z,-4.625,55.475,0.0
2010-08-16T12:00:00Z,-4.625,55.525,0.0
2010-08-16T12:00:00Z,-4.625,55.575,0.0
2010-08-16T12:00:00Z,-4.625,55.625,0.0
2010-08-16T12:00:00Z,-4.625,55.675,0.0
2010-09-15T12:00:00Z,-4.375,55.325,0.0
2010-09-15T12:00:00Z,-4.375,55.375,0.0
2010-09-15T12:00:00Z,-4.375,55.425,0.0
2010-09-15T12:00:00Z,-4.375,55.475,0.0
2010-09-15T12:00:00Z,-4.375,55.525,0.0
2010-09-15T12:00:00Z,-4.375,55.575,0.0
2010-09-15T12:00:00Z,-4.375,55.625,0.0
2010-09-15T12:00:00Z,-4.375,55.675,0.0
2010-09-15T12:00:00Z,-4.425,55.325,0.0
2010-09-15T12:00:00Z,-4.425,55.375,0.0
2010-09-15T12:00:00Z,-4.425,55.425,0.0
2010-09-15T12:00:00Z,-4.425,55.475,0.0
2010-09-15T12:00:00Z,-4.425,55.525,0.0
2010-09-15T12:00:00Z,-4.425,55.575,0.0
2010-09-15T12:00:00Z,-4.425,55.625,0.0
2010-09-15T12:00:00Z,-4.425,55.675,0.0
2010-09-15T12:00:00Z,-4.475,55.325,0.0
2010-09-15T12:00:00Z,-4.475,55.375,0.0
2010-09-15T12:00:00Z,-4.475,55.425,0.0
2010-09-15T12:00:00Z,-4.475,55.475,0.0
2010-09-15T12:00:00Z,-4.475,55.525,0.0
2010-09-15T12:00:00Z,-4.475,55.575,0.0
2010-09-15T12:00:00Z,-4.475,55.625,0.0
2010-09-15T12:00:00Z,-4.475,55.675,0.0
2010-09-15T12:00:00Z,-4.525,55.325,0.0
2010-09-15T12:00:00Z,-4.525,55.375,0.0
2010-09-15T12:00:00Z,-4.525,55.425,0.0
2010-09-15T12:00:00Z,-4.525,55.475,0.0
2010-09-15T12:00:00Z,-4.525,55.525,0.0
2010-09-15T12:00:00Z,-4.525,55.575,0.0
2010-09-15T12:00:00Z,-4.525,55.625,0.0
2010-09-15T12:00:00Z,-4.525,55.675,0.0
2010-09-15T12:00:00Z,-4.575,55.325,0.0
2010-09-15T12:00:00Z,-4.575,55.375,0.0
2010-09-15T12:00:00Z,-4.575,55.425,0.0
2010-09-15T12:00:00Z,-4.575,55.475,0.0
2010-09-15T12:00:00Z,-4.575,55.525,0.0
2010-09-15T12:00:00Z,-4.575,55.575,0.0
2010-09-15T12:00:00Z,-4.575,55.625,0.0
2010-09-15T12:00:00Z,-4.575,55.675,0.0
2010-09-15T12:00:00Z,-4.625,55.325,0.0
2010-09-15T12:00:00Z,-4.625,55.375,0.0
2010-09-15T12:00:00Z,-4.625,55.425,0.0
2010-09-15T12:00:00Z,-4.625,55.475,0.0
2010-09-15T12:00:00Z,-4.625,55.525,0.0
2010-09-15T12:00:00Z,-4.625,55.575,0.0
2010-09-15T12:00:00Z,-4.625,55.625,0.0
2010-09-15T12:00:00Z,-4.625,55.675,0.0
2010-10-15T12:00:00Z,-4.375,55.325,0.0
2010-10-15T12:00:00Z,-4.375,55.375,0.0
2010-10-15T12:00:00Z,-4.375,55.425,0.0
2010-10-15T12:00:00Z,-4.375,55.475,0.0
2010-10-15T12:00:00Z,-4.375,55.525,0.0
2010-10-15T12:00:00Z,-4.375,55.575,0.0
2010-10-15T12:00:00Z,-4.375,55.625,0.0
2010-10-15T12:00:00Z,-4.375,55.675,0.0
2010-10-15T12:00:00Z,-4.425,55.325,0.0
2010-10-15T12:00:00Z,-4.425,55.375,0.0
2010-10-15T12:00:00Z,-4.425,55.425,0.0
2010-10-15T12:00:00Z,-4.425,55.475,0.0
2010-10-15T12:00:00Z,-4.425,55.525,0.0
2010-10-15T12:00:00Z,-4.425,55.575,0.0
2010-10-15T12:00:00Z,-4.425,55.625,0.0
2010-10-15T12:00:00Z,-4.425,55.675,0.0
2010-10-15T12:00:00Z,-4.475,55.325,0.0
2010-10-15T12:00:00Z,-4.475,55.375,0.0
2010-10-15T12:00:00Z,-4.475,55.425,0.0
2010-10-15T12:00:00Z,-4.475,55.475,0.0
2010-10-15T12:00:00Z,-4.475,55.525,0.0
2010-10-15T12:00:00Z,-4.475,55.575,0.0
2010-10-15T12:00:00Z,-4.475,55.625,0.0
2010-10-15T12:00:00Z,-4.475,55.675,0.0
2010-10-15T12:00:00Z,-4.525,55.325,0.0
2010-10-15T12:00:00Z,-4.525,55.375,0.0
2010-10-15T12:00:00Z,-4.525,55.425,0.0
2010-10-15T12:00:00Z,-4.525,55.475,0.0
2010-10-15T12:00:00Z,-4.525,55.525,0.0
2010-10-15T12:00:00Z,-4.525,55.575,0.0
2010-10-15T12:00:00Z,-4.525,55.625,0.0
2010-10-15T12:00:00Z,-4.525,55.675,0.0
2010-10-15T12:00:00Z,-4.575,55.325,0.0
2010-10-15T12:00:00Z,-4.575,55.375,0.0
2010-10-15T12:00:00Z,-4.575,55.425,0.0
2010-10-15T12:00:00Z,-4.575,55.475,0.0
2010-10-15T12:00:00Z,-4.575,55.525,0.0
2010-10-15T12:00:00Z,-4.575,55.575,0.0
2010-10-15T12:00:00Z,-4.575,55.625,0.0
2010-10-15T12:00:00Z,-4.575,55.675,0.0
2010-10-15T12:00:00Z,-4.625,55.325,0.0
2010-10-15T12:00:00Z,-4.625,55.375,0.0
2010-10-15T12:00:00Z,-4.625,55.425,0.0
2010-10-15T12:00:00Z,-4.625,55.475,0.0
2010-10-15T12:00:00Z,-4.625,55.525,0.0
2010-10-15T12:00:00Z,-4.625,55.575,0.0
2010-10-15T12:00:00Z,-4.625,55.625,0.0
2010-10-15T12:00:00Z,-4.625,55.675,0.0
2010-11-14T12:00:00Z,-4.375,55.325,0.0
2010-11-14T12:00:00Z,-4.375,55.375,0.0
2010-11-14T12:00:00Z,-4.375,55.425,0.0
2010-11-14T12:00:00Z,-4.375,55.475,0.0
2010-11-14T12:00:00Z,-4.375,55.525,0.0
2010-11-14T12:00:00Z,-4.375,55.575,0.0
2010-11-14T12:00:00Z,-4.375,55.625,0.0
2010-11-14T12:00:00Z,-4.375,55.675,0.0
2010-11-14T12:00:00Z,-4.425,55.325,0.0
2010-11-14T12:00:00Z,-4.425,55.375,0.0
2010-11-14T12:00:00Z,-4.425,55.425,0.0
2010-11-14T12:00:00Z,-4.425,55.475,0.0
2010-11-14T12:00:00Z,-4.425,55.525,0.0
2010-11-14T12:00:00Z,-4.425,55.575,0.0
2010-11-14T12:00:00Z,-4.425,55.625,0.0
2010-11-14T12:00:00Z,-4.425,55.675,0.0
2010-11-14T12:00:00Z,-4.475,55.325,0.0
2010-11-14T12:00:00Z,-4.475,55.375,0.0
2010-11-14T12:00:00Z,-4.475,55.425,0.0
2010-11-14T12:00:00Z,-4.475,55.475,0.0
2010-11-14T12:00:00Z,-4.475,55.525,0.0
2010-11-14T12:00:00Z,-4.475,55.575,0.0
2010-11-14T12:00:00Z,-4.475,55.625,0.0
2010-11-14T12:00:00Z,-4.475,55.675,0.0
2010-11-14T12:00:00Z,-4.525,55.325,0.0
2010-11-14T12:00:00Z,-4.525,55.375,0.0
2010-11-14T12:00:00Z,-4.525,55.425,0.0
2010-11-14T12:00:00Z,-4.525,55.475,0.0
2010-11-14T12:00:00Z,-4.525,55.525,0.0
2010-11-14T12:00:00Z,-4.525,55.575,0.0
2010-11-14T12:00:00Z,-4.525,55.625,0.0
2010-11-14T12:00:00Z,-4.525,55.675,0.0
2010-11-14T12:00:00Z,-4.575,55.325,0.0
2010-11-14T12:00:00Z,-4.575,55.375,0.0
2010-11-14T12:00:00Z,-4.575,55.425,0.0
2010-11-14T12:00:00Z,-4.575,55.475,0.0
2010-11-14T12:00:00Z,-4.575,55.525,0.0
2010-11-14T12:00:00Z,-4.575,55.575,0.0
2010-11-14T12:00:00Z,-4.575,55.625,0.0
2010-11-14T12:00:00Z,-4.575,55.675,0.0
2010-11-14T12:00:00Z,-4.625,55.325,0.0
2010-11-14T12:00:00Z,-4.625,55.375,0.0
2010-11-14T12:00:00Z,-4.625,55.425,0.0
2010-11-14T12:00:00Z,-4.625,55.475,0.0
2010-11-14T12:00:00Z,-4.625,55.525,0.0
2010-11-14T12:00:00Z,-4.625,55.575,0.0
2010-11-14T12:00:00Z,-4.625,55.625,0.0
2010-11-14T12:00:00Z,-4.625,55.675,0.0
2010-12-14T12:00:00Z,-4.375,55.325,0.0
2010-12-14T12:00:00Z,-4.375,55.375,0.0
2010-12-14T12:00:00Z,-4.375,55.425,0.0
2010-12-14T12:00:00Z,-4.375,55.475,0.0
2010-12-14T12:00:00Z,-4.375,55.525,0.0
2010-12-14T12:00:00Z,-4.375,55.575,0.0
2010-12-14T12:00:00Z,-4.375,55.625,0.0
2010-12-14T12:00:00Z,-4.375,55.675,0.0
2010-12-14T12:00:00Z,-4.425,55.325,0.0
2010-12-14T12:00:00Z,-4.425,55.375,0.0
2010-12-14T12:00:00Z,-4.425,55.425,0.0
2010-12-14T12:00:00Z,-4.425,55.475,0.0
2010-12-14T12:00:00Z,-4.425,55.525,0.0
2010-12-14T12:00:00Z,-4.425,55.575,0.0
2010-12-14T12:00:00Z,-4.425,55.625,0.0
2010-12-14T12:00:00Z,-4.425,55.675,0.0
2010-12-14T12:00:00Z,-4.475,55.325,0.0
2010-12-14T12:00:00Z,-4.475,55.375,0.0
2010-12-14T12:00:00Z,-4.475,55.425,0.0
2010-12-14T12:00:00Z,-4.475,55.475,0.0
2010-12-14T12:00:00Z,-4.475,55.525,0.0
2010-12-14T12:00:00Z,-4.475,55.575,0.0
2010-12-14T12:00:00Z,-4.475,55.625,0.0
2010-12-14T12:00:00Z,-4.475,55.675,0.0
2010-12-14T12:00:00Z,-4.525,55.325,0.0
2010-12-14T12:00:00Z,-4.525,55.375,0.0
2010-12-14T12:00:00Z,-4.525,55.425,0.0
2010-12-14T12:00:00Z,-4.525,55.475,0.0
2010-12-14T12:00:00Z,-4.525,55.525,0.0
2010-12-14T12:00:00Z,-4.525,55.575,0.0
2010-12-14T12:00:00Z,-4.525,55.625,0.0
2010-12-14T12:00:00Z,-4.525,55.675,0.0
2010-12-14T12:00:00Z,-4.575,55.325,0.0
2010-12-14T12:00:00Z,-4.575,55.375,0.0
2010-12-14T12:00:00Z,-4.575,55.425,0.0
2010-12-14T12:00:00Z,-4.575,55.475,0.0
2010-12-14T12:00:00Z,-4.575,55.525,0.0
2010-12-14T12:00:00Z,-4.575,55.575,0.0
2010-12-14T12:00:00Z,-4.575,55.625,0.0
2010-12-14T12:00:00Z,-4.575,55.675,0.0
2010-12-14T12:00:00Z,-4.625,55.325,0.0
2010-12-14T12:00:00Z,-4.625,55.375,0.0
2010-12-14T12:00:00Z,-4.625,55.425,0.0
2010-12-14T12:00:00Z,-4.625,55.475,0.0
2010-12-14T12:00:00Z,-4.625,55.525,0.0
2010-12-14T12:00:00Z,-4.625,55.575,0.0
2010-12-14T12:00:00Z,-4.625,55.625,0.0
2010-12-14T12:00:00Z,-4.625,55.675,0.0
2011-01-13T12:00:00Z,-4.375,55.325,0.0
2011-01-13T12:00:00Z,-4.375,55.375,0.0
2011-01-13T12:00:00Z,-4.375,55.425,0.0
2011-01-13T12:00:00Z,-4.375,55.475,0.0
2011-01-13T12:00:00Z,-4.375,55.525,0.0
2011-01-13T12:00:00Z,-4.375,55.575,0.0
2011-01-13T12:00:00Z,-4.375,55.625,0.0
2011-01-13T12:00:00Z,-4.375,55.675,0.0
2011-01-13T12:00:00Z,-4.425,55.325,0.0
2011-01-13T12:00:00Z,-4.425,55.375,0.0
2011-01-13T12:00:00Z,-4.425,55.425,0.0
2011-01-13T12:00:00Z,-4.425,55.475,0.0
2011-01-13T12:00:00Z,-4.425,55.525,0.0
2011-01-13T12:00:00Z,-4.425,55.575,0.0
2011-01-13T12:00:00Z,-4.425,55.625,0.0
2011-01-13T12:00:00Z,-4.425,55.675,0.0
2011-01-13T12:00:00Z,-4.475,55.325,0.0
2011-01-13T12:00:00Z,-4.475,55.375,0.0
2011-01-13T12:00:00Z,-4.475,55.425,0.0
2011-01-13T12:00:00Z,-4.475,55.475,0.0
2011-01-13T12:00:00Z,-4.475,55.525,0.0
2011-01-13T12:00:00Z,-4.475,55.575,0.0
2011-01-13T12:00:00Z,-4.475,55.625,0.0
2011-01-13T12:00:00Z,-4.475,55.675,0.0
2011-01-13T12:00:00Z,-4.525,55.325,0.0
2011-01-13T12:00:00Z,-4.525,55.375,0.0
2011-01-13T12:00:00Z,-4.525,55.425,0.0
2011-01-13T12:00:00Z,-4.525,55.475,0.0
2011-01-13T12:00:00Z,-4.525,55.525,0.0
2011-01-13T12:00:00Z,-4.525,55.575,0.0
2011-01-13T12:00:00Z,-4.525,55.625,0.0
2011-01-13T12:00:00Z,-4.525,55.675,0.0
2011-01-13T12:00:00Z,-4.575,55.325,0.0
2011-01-13T12:00:00Z,-4.575,55.375,0.0
2011-01-13T12:00:00Z,-4.575,55.425,0.0
2011-01-13T12:00:00Z,-4.575,55.475,0.0
2011-01-13T12:00:00Z,-4.575,55.525,0.0
2011-01-13T12:00:00Z,-4.575,55.575,0.0
2011-01-13T12:00:00Z,-4.575,55.625,0.0
2011-01-13T12:00:00Z,-4.575,55.675,0.0
2011-01-13T12:00:00Z,-4.625,55.325,0.0
2011-01-13T12:00:00Z,-4.625,55.375,0.0
2011-01-13T12:00:00Z,-4.625,55.425,0.0
2011-01-13T12:00:00Z,-4.625,55.475,0.0
2011-01-13T12:00:00Z,-4.625,55.525,0.0
2011-01-13T12:00:00Z,-4.625,55.575,0.0
2011-01-13T12:00:00Z,-4.625,55.625,0.0
2011-01-13T12:00:00Z,-4.625,55.675,0.0
2011-02-12T12:00:00Z,-4.375,55.325,0.0
2011-02-12T12:00:00Z,-4.375,55.375,0.0
2011-02-12T12:00:00Z,-4.375,55.425,0.0
2011-02-12T12:00:00Z,-4.375,55.475,0.0
2011-02-12T12:00:00Z,-4.375,55.525,0.0
2011-02-12T12:00:00Z,-4.375,55.575,0.0
2011-02-12T12:00:00Z,-4.375,55.625,0.0
2011-02-12T12:00:00Z,-4.375,55.675,0.0
2011-02-12T12:00:00Z,-4.425,55.325,0.0
2011-02-12T12:00:00Z,-4.425,55.375,0.0
2011-02-12T12:00:00Z,-4.425,55.425,0.0
2011-02-12T12:00:00Z,-4.425,55.475,0.0
2011-02-12T12:00:00Z,-4.425,55.525,0.0
2011-02-12T12:00:00Z,-4.425,55.575,0.0
2011-02-12T12:00:00Z,-4.425,55.625,0.0
2011-02-12T12:00:00Z,-4.425,55.675,0.0
2011-02-12T12:00:00Z,-4.475,55.325,0.0
2011-02-12T12:00:00Z,-4.475,55.375,0.0
2011-02-12T12:00:00Z,-4.475,55.425,0.0
2011-02-12T12:00:00Z,-4.475,55.475,0.0
2011-02-12T12:00:00Z,-4.475,55.525,0.0
2011-02-12T12:00:00Z,-4.475,55.575,0.0
2011-02-12T12:00:00Z,-4.475,55.625,0.0
2011-02-12T12:00:00Z,-4.475,55.675,0.0
2011-02-12T12:00:00Z,-4.525,55.325,0.0
2011-02-12T12:00:00Z,-4.525,55.375,0.0
2011-02-12T12:00:00Z,-4.525,55.425,0.0
2011-02-12T12:00:00Z,-4.525,55.475,0.0
2011-02-12T12:00:00Z,-4.525,55.525,0.0
2011-02-12T12:00:00Z,-4.525,55.575,0.0
2011-02-12T12:00:00Z,-4.525,55.625,0.0
2011-02-12T12:00:00Z,-4.525,55.675,0.0
2011-02-12T12:00:00Z,-4.575,55.325,0.0
2011-02-12T12:00:00Z,-4.575,55.375,0.0
2011-02-12T12:00:00Z,-4.575,55.425,0.0
2011-02-12T12:00:00Z,-4.575,55.475,0.0
2011-02-12T12:00:00Z,-4.575,55.525,0.0
2011-02-12T12:00:00Z,-4.575,55.575,0.0
2011-02-12T12:00:00Z,-4.575,55.625,0.0
2011-02-12T12:00:00Z,-4.575,55.675,0.0
2011-02-12T12:00:00Z,-4.625,55.325,0.0
2011-02-12T12:00:00Z,-4.625,55.375,0.0
2011-02-12T12:00:00Z,-4.625,55.425,0.0
2011-02-12T12:00:00Z,-4.625,55.475,0.0
2011-02-12T12:00:00Z,-4.625,55.525,0.0
2011-02-12T12:00:00Z,-4.625,55.575,0.0
2011-02-12T12:00:00Z,-4.625,55.625,0.0
2011-02-12T12:00:00Z,-4.625,55.675,0.0
2011-03-14T12:00:00Z,-4.375,55.325,0.0
2011-03-14T12:00:00Z,-4.375,55.375,0.0
2011-03-14T12:00:00Z,-4.375,55.425,0.0
2011-03-14T12:00:00Z,-4.375,55.475,0.0
2011-03-14T12:00:00Z,-4.375,55.525,0.0
2011-03-14T12:00:00Z,-4.375,55.575,0.0
2011-03-14T12:00:00Z,-4.375,55.625,0.0
2011-03-14T12:00:00Z,-4.375,55.675,0.0
2011-03-14T12:00:00Z,-4.425,55.325,0.0
2011-03-14T12:00:00Z,-4.425,55.375,0.0
2011-03-14T12:00:00Z,-4.425,55.425,0.0
2011-03-14T12:00:00Z,-4.425,55.475,0.0
2011-03-14T12:00:00Z,-4.425,55.525,0.0
2011-03-14T12:00:00Z,-4.425,55.575,0.0
2011-03-14T12:00:00Z,-4.425,55.625,0.0
2011-03-14T12:00:00Z,-4.425,55.675,0.0
2011-03-14T12:00:00Z,-4.475,55.325,0.0
2011-03-14T12:00:00Z,-4.475,55.375,0.0
2011-03-14T12:00:00Z,-4.475,55.425,0.0
2011-03-14T12:00:00Z,-4.475,55.475,0.0
2011-03-14T12:00:00Z,-4.475,55.525,0.0
2011-03-14T12:00:00Z,-4.475,55.575,0.0
2011-03-14T12:00:00Z,-4.475,55.625,0.0
2011-03-14T12:00:00Z,-4.475,55.675,0.0
2011-03-14T12:00:00Z,-4.525,55.325,0.0
2011-03-14T12:00:00Z,-4.525,55.375,0.0
2011-03-14T12:00:00Z,-4.525,55.425,0.0
2011-03-14T12:00:00Z,-4.525,55.475,0.0
2011-03-14T12:00:00Z,-4.525,55.525,0.0
2011-03-14T12:00:00Z,-4.525,55.575,0.0
2011-03-14T12:00:00Z,-4.525,55.625,0.0
2011-03-14T12:00:00Z,-4.525,55.675,0.0
2011-03-14T12:00:00Z,-4.575,55.325,0.0
2011-03-14T12:00:00Z,-4.575,55.375,0.0
2011-03-14T12:00:00Z,-4.575,55.425,0.0
2011-03-14T12:00:00Z,-4.575,55.475,0.0
2011-03-14T12:00:00Z,-4.575,55.525,0.0
2011-03-14T12:00:00Z,-4.575,55.575,0.0
2011-03-14T12:00:00Z,-4.575,55.625,0.0
2011-03-14T12:00:00Z,-4.575,55.675,0.0
2011-03-14T12:00:00Z,-4.625,55.325,0.0
2011-03-14T12:00:00Z,-4.625,55.375,0.0
2011-03-14T12:00:00Z,-4.625,55.425,0.0
2011-03-14T12:00:00Z,-4.625,55.475,0.0
2011-03-14T12:00:00Z,-4.625,55.525,0.0
2011-03-14T12:00:00Z,-4.625,55.575,0.0
2011-03-14T12:00:00Z,-4.625,55.625,0.0
2011-03-14T12:00:00Z,-4.625,55.675,0.0
2011-04-13T12:00:00Z,-4.375,55.325,0.0
2011-04-13T12:00:00Z,-4.375,55.375,0.0
2011-04-13T12:00:00Z,-4.375,55.425,0.0
2011-04-13T12:00:00Z,-4.375,55.475,0.0
2011-04-13T12:00:00Z,-4.375,55.525,0.0
2011-04-13T12:00:00Z,-4.375,55.575,0.0
2011-04-13T12:00:00Z,-4.375,55.625,0.0
2011-04-13T12:00:00Z,-4.375,55.675,0.0
2011-04-13T12:00:00Z,-4.425,55.325,0.0
2011-04-13T12:00:00Z,-4.425,55.375,0.0
2011-04-13T12:00:00Z,-4.425,55.425,0.0
2011-04-13T12:00:00Z,-4.425,55.475,0.0
2011-04-13T12:00:00Z,-4.425,55.525,0.0
2011-04-13T12:00:00Z,-4.425,55.575,0.0
2011-04-13T12:00:00Z,-4.425,55.625,0.0
2011-04-13T12:00:00Z,-4.425,55.675,0.0
2011-04-13T12:00:00Z,-4.475,55.325,0.0
2011-04-13T12:00:00Z,-4.475,55.375,0.0
2011-04-13T12:00:00Z,-4.475,55.425,0.0
2011-04-13T12:00:00Z,-4.475,55.475,0.0
2011-04-13T12:00:00Z,-4.475,55.525,0.0
2011-04-13T12:00:00Z,-4.475,55.575,0.0
2011-04-13T12:00:00Z,-4.475,55.625,0.0
2011-04-13T12:00:00Z,-4.475,55.675,0.0
2011-04-13T12:00:00Z,-4.525,55.325,0.0
2011-04-13T12:00:00Z,-4.525,55.375,0.0
2011-04-13T12:00:00Z,-4.525,55.425,0.0
2011-04-13T12:00:00Z,-4.525,55.475,0.0
2011-04-13T12:00:00Z,-4.525,55.525,0.0
2011-04-13T12:00:00Z,-4.525,55.575,0.0
2011-04-13T12:00:00Z,-4.525,55.625,0.0
2011-04-13T12:00:00Z,-4.525,55.675,0.0
2011-04-13T12:00:00Z,-4.575,55.325,0.0
2011-04-13T12:00:00Z,-4.575,55.375,0.0
2011-04-13T12:00:00Z,-4.575,55.425,0.0
2011-04-13T12:00:00Z,-4.575,55.475,0.0
2011-04-13T12:00:00Z,-4.575,55.525,0.0
2011-04-13T12:00:00Z,-4.575,55.575,0.0
2011-04-13T12:00:00Z,-4.575,55.625,0.0
2011-04-13T12:00:00Z,-4.575,55.675,0.0
2011-04-13T12:00:00Z,-4.625,55.325,0.0
2011-04-13T12:00:00Z,-4.625,55.375,0.0
2011-04-13T12:00:00Z,-4.625,55.425,0.0
2011-04-13T12:00:00Z,-4.625,55.475,0.0
2011-04-13T12:00:00Z,-4.625,55.525,0.0
2011-04-13T12:00:00Z,-4.625,55.575,0.0
2011-04-13T12:00:00Z,-4.625,55.625,0.0
2011-04-13T12:00:00Z,-4.625,55.675,0.0
2011-05-13T12:00:00Z,-4.375,55.325,0.0
2011-05-13T12:00:00Z,-4.375,55.375,0.0
2011-05-13T12:00:00Z,-4.375,55.425,0.0
2011-05-13T12:00:00Z,-4.375,55.475,0.0
2011-05-13T12:00:00Z,-4.375,55.525,0.0
2011-05-13T12:00:00Z,-4.375,55.575,0.0
2011-05-13T12:00:00Z,-4.375,55.625,0.0
2011-05-13T12:00:00Z,-4.375,55.675,0.0
2011-05-13T12:00:00Z,-4.425,55.325,0.0
2011-05-13T12:00:00Z,-4.425,55.375,0.0
2011-05-13T12:00:00Z,-4.425,55.425,0.0
2011-05-13T12:00:00Z,-4.425,55.475,0.0
2011-05-13T12:00:00Z,-4.425,55.525,0.0
2011-05-13T12:00:00Z,-4.425,55.575,0.0
2011-05-13T12:00:00Z,-4.425,55.625,0.0
2011-05-13T12:00:00Z,-4.425,55.675,0.0
2011-05-13T12:00:00Z,-4.475,55.325,0.0
2011-05-13T12:00:00Z,-4.475,55.375,0.0
2011-05-13T12:00:00Z,-4.475,55.425,0.0
2011-05-13T12:00:00Z,-4.475,55.475,0.0
2011-05-13T12:00:00Z,-4.475,55.525,0.0
2011-05-13T12:00:00Z,-4.475,55.575,0.0
2011-05-13T12:00:00Z,-4.475,55.625,0.0
2011-05-13T12:00:00Z,-4.475,55.675,0.0
2011-05-13T12:00:00Z,-4.525,55.325,0.0
2011-05-13T12:00:00Z,-4.525,55.375,0.0
2011-05-13T12:00:00Z,-4.525,55.425,0.0
2011-05-13T12:00:00Z,-4.525,55.475,0.0
2011-05-13T12:00:00Z,-4.525,55.525,0.0
2011-05-13T12:00:00Z,-4.525,55.575,0.0
2011-05-13T12:00:00Z,-4.525,55.625,0.0
2011-05-13T12:00:00Z,-4.525,55.675,0.0
2011-05-13T12:00:00Z,-4.575,55.325,0.0
2011-05-13T12:00:00Z,-4.575,55.375,0.0
2011-05-13T12:00:00Z,-4.575,55.425,0.0
2011-05-13T12:00:00Z,-4.575,55.475,0.0
2011-05-13T12:00:00Z,-4.575,55.525,0.0
2011-05-13T12:00:00Z,-4.575,55.575,0.0
2011-05-13T12:00:00Z,-4.575,55.625,0.0
2011-05-13T12:00:00Z,-4.575,55.675,0.0
2011-05-13T12:00:00Z,-4.625,55.325,0.0
2011-05-13T12:00:00Z,-4.625,55.375,0.0
2011-05-13T12:00:00Z,-4.625,55.425,0.0
2011-05-13T12:00:00Z,-4.625,55.475,0.0
2011-05-13T12:00:00Z,-4.625,55.525,0.0
2011-05-13T12:00:00Z,-4.625,55.575,0.0
2011-05-13T12:00:00Z,-4.625,55.625,0.0
2011-05-13T12:00:00Z,-4.625,55.675,0.0
2011-06-12T12:00:00Z,-4.375,55.325,0.0
2011-06-12T12:00:00Z,-4.375,55.375,0.0
2011-06-12T12:00:00Z,-4.375,55.425,0.0
2011-06-12T12:00:00Z,-4.375,55.475,0.0
2011-06-12T12:00:00Z,-4.375,55.525,0.0
2011-06-12T12:00:00Z,-4.375,55.575,0.0
2011-06-12T12:00:00Z,-4.375,55.625,0.0
2011-06-12T12:00:00Z,-4.375,55.675,0.0
2011-06-12T12:00:00Z,-4.425,55.325,0.0
2011-06-12T12:00:00Z,-4.425,55.375,0.0
2011-06-12T12:00:00Z,-4.425,55.425,0.0
2011-06-12T12:00:00Z,-4.425,55.475,0.0
2011-06-12T12:00:00Z,-4.425,55.525,0.0
2011-06-12T12:00:00Z,-4.425,55.575,0.0
2011-06-12T12:00:00Z,-4.425,55.625,0.0
2011-06-12T12:00:00Z,-4.425,55.675,0.0
2011-06-12T12:00:00Z,-4.475,55.325,0.0
2011-06-12T12:00:00Z,-4.475,55.375,0.0
2011-06-12T12:00:00Z,-4.475,55.425,0.0
2011-06-12T12:00:00Z,-4.475,55.475,0.0
2011-06-12T12:00:00Z,-4.475,55.525,0.0
2011-06-12T12:00:00Z,-4.475,55.575,0.0
2011-06-12T12:00:00Z,-4.475,55.625,0.0
2011-06-12T12:00:00Z,-4.475,55.675,0.0
2011-06-12T12:00:00Z,-4.525,55.325,0.0
2011-06-12T12:00:00Z,-4.525,55.375,0.0
2011-06-12T12:00:00Z,-4.525,55.425,0.0
2011-06-12T12:00:00Z,-4.525,55.475,0.0
2011-06-12T12:00:00Z,-4.525,55.525,0.0
2011-06-12T12:00:00Z,-4.525,55.575,0.0
2011-06-12T12:00:00Z,-4.525,55.625,0.0
2011-06-12T12:00:00Z,-4.525,55.675,0.0
2011-06-12T12:00:00Z,-4.575,55.325,0.0
2011-06-12T12:00:00Z,-4.575,55.375,0.0
2011-06-12T12:00:00Z,-4.575,55.425,0.0
2011-06-12T12:00:00Z,-4.575,55.475,0.0
2011-06-12T12:00:00Z,-4.575,55.525,0.0
2011-06-12T12:00:00Z,-4.575,55.575,0.0
2011-06-12T12:00:00Z,-4.575,55.625,0.0
2011-06-12T12:00:00Z,-4.575,55.675,0.0
2011-06-12T12:00:00Z,-4.625,55.325,0.0
2011-06-12T12:00:00Z,-4.625,55.375,0.0
2011-06-12T12:00:00Z,-4.625,55.425,0.0
2011-06-12T12:00:00Z,-4.625,55.475,0.0
2011-06-12T12:00:00Z,-4.625,55.525,0.0
2011-06-12T12:00:00Z,-4.625,55.575,0.0
2011-06-12T12:00:00Z,-4.625,55.625,0.0
2011-06-12T12:00:00Z,-4.625,55.675,0.0
2011-07-12T12:00:00Z,-4.375,55.325,0.0
2011-07-12T12:00:00Z,-4.375,55.375,0.0
2011-07-12T12:00:00Z,-4.375,55.425,0.0
2011-07-12T12:00:00Z,-4.375,55.475,0.0
2011-07-12T12:00:00Z,-4.375,55.525,0.0
2011-07-12T12:00:00Z,-4.375,55.575,0.0
2011-07-12T12:00:00Z,-4.375,55.625,0.0
2011-07-12T12:00:00Z,-4.375,55.675,0.0
2011-07-12T12:00:00Z,-4.425,55.325,0.0
2011-07-12T12:00:00Z,-4.425,55.375,0.0
2011-07-12T12:00:00Z,-4.425,55.425,0.0
2011-07-12T12:00:00Z,-4.425,55.475,0.0
2011-07-12T12:00:00Z,-4.425,55.525,0.0
2011-07-12T12:00:00Z,-4.425,55.575,0.0
2011-07-12T12:00:00Z,-4.425,55.625,0.0
2011-07-12T12:00:00Z,-4.425,55.675,0.0
2011-07-12T12:00:00Z,-4.475,55.325,0.0
2011-07-12T12:00:00Z,-4.475,55.375,0.0
2011-07-12T12:00:00Z,-4.475,55.425,0.0
2011-07-12T12:00:00Z,-4.475,55.475,0.0
2011-07-12T12:00:00Z,-4.475,55.525,0.0
2011-07-12T12:00:00Z,-4.475,55.575,0.0
2011-07-12T12:00:00Z,-4.475,55.625,0.0
2011-07-12T12:00:00Z,-4.475,55.675,0.0
2011-07-12T12:00:00Z,-4.525,55.325,0.0
2011-07-12T12:00:00Z,-4.525,55.375,0.0
2011-07-12T12:00:00Z,-4.525,55.425,0.0
2011-07-12T12:00:00Z,-4.525,55.475,0.0
2011-07-12T12:00:00Z,-4.525,55.525,0.0
2011-07-12T12:00:00Z,-4.525,55.575,0.0
2011-07-12T12:00:00Z,-4.525,55.625,0.0
2011-07-12T12:00:00Z,-4.525,55.675,0.0
2011-07-12T12:00:00Z,-4.575,55.325,0.0
2011-07-12T12:00:00Z,-4.575,55.375,0.0
2011-07-12T12:00:00Z,-4.575,55.425,0.0
2011-07-12T12:00:00Z,-4.575,55.475,0.0
2011-07-12T12:00:00Z,-4.575,55.525,0.0
2011-07-12T12:00:00Z,-4.575,55.575,0.0
2011-07-12T12:00:00Z,-4.575,55.625,0.0
2011-07-12T12:00:00Z,-4.575,55.675,0.0
2011-07-12T12:00:00Z,-4.625,55.325,0.0
2011-07-12T12:00:00Z,-4.625,55.375,0.0
2011-07-12T12:00:00Z,-4.625,55.425,0.0
2011-07-12T12:00:00Z,-4.625,55.475,0.0
2011-07-12T12:00:00Z,-4.625,55.525,0.0
2011-07-12T12:00:00Z,-4.625,55.575,0.0
2011-07-12T12:00:00Z,-4.625,55.625,0.0
2011-07-12T12:00:00Z,-4.625,55.675,0.0
2011-08-11T12:00:00Z,-4.375,55.325,0.0
2011-08-11T12:00:00Z,-4.375,55.375,0.0
2011-08-11T12:00:00Z,-4.375,55.425,0.0
2011-08-11T12:00:00Z,-4.375,55.475,0.0
2011-08-11T12:00:00Z,-4.375,55.525,0.0
2011-08-11T12:00:00Z,-4.375,55.575,0.0
2011-08-11T12:00:00Z,-4.375,55.625,0.0
2011-08-11T12:00:00Z,-4.375,55.675,0.0
2011-08-11T12:00:00Z,-4.425,55.325,0.0
2011-08-11T12:00:00Z,-4.425,55.375,0.0
2011-08-11T12:00:00Z,-4.425,55.425,0.0
2011-08-11T12:00:00Z,-4.425,55.475,0.0
2011-08-11T12:00:00Z,-4.425,55.525,0.0
2011-08-11T12:00:00Z,-4.425,55.575,0.0
2011-08-11T12:00:00Z,-4.425,55.625,0.0
2011-08-11T12:00:00Z,-4.425,55.675,0.0
2011-08-11T12:00:00Z,-4.475,55.325,0.0
2011-08-11T12:00:00Z,-4.475,55.375,0.0
2011-08-11T12:00:00Z,-4.475,55.425,0.0
2011-08-11T12:00:00Z,-4.475,55.475,0.0
2011-08-11T12:00:00Z,-4.475,55.525,0.0
2011-08-11T12:00:00Z,-4.475,55.575,0.0
2011-08-11T12:00:00Z,-4.475,55.625,0.0
2011-08-11T12:00:00Z,-4.475,55.675,0.0
2011-08-11T12:00:00Z,-4.525,55.325,0.0
2011-08-11T12:00:00Z,-4.525,55.375,0.0
2011-08-11T12:00:00Z,-4.525,55.425,0.0
2011-08-11T12:00:00Z,-4.525,55.475,0.0
2011-08-11T12:00:00Z,-4.525,55.525,0.0
2011-08-11T12:00:00Z,-4.525,55.575,0.0
2011-08-11T12:00:00Z,-4.525,55.625,0.0
2011-08-11T12:00:00Z,-4.525,55.675,0.0
2011-08-11T12:00:00Z,-4.575,55.325,0.0
2011-08-11T12:00:00Z,-4.575,55.375,0.0
2011-08-11T12:00:00Z,-4.575,55.425,0.0
2011-08-11T12:00:00Z,-4.575,55.475,0.0
2011-08-11T12:00:00Z,-4.575,55.525,0.0
2011-08-11T12:00:00Z,-4.575,55.575,0.0
2011-08-11T12:00:00Z,-4.575,55.625,0.0
2011-08-11T12:00:00Z,-4.575,55.675,0.0
2011-08-11T12:00:00Z,-4.625,55.325,0.0
2011-08-11T12:00:00Z,-4.625,55.375,0.0
2011-08-11T12:00:00Z,-4.625,55.425,0.0
2011-08-11T12:00:00Z,-4.625,55.475,0.0
2011-08-11T12:00:00Z,-4.625,55.525,0.0
2011-08-11T12:00:00Z,-4.625,55.575,0.0
2011-08-11T12:00:00Z,-4.625,55.625,0.0
2011-08-11T12:00:00Z,-4.625,55.675,0.0
2011-09-10T12:00:00Z,-4.375,55.325,0.0
2011-09-10T12:00:00Z,-4.375,55.375,0.0
2011-09-10T12:00:00Z,-4.375,55.425,0.0
2011-09-10T12:00:00Z,-4.375,55.475,0.0
2011-09-10T12:00:00Z,-4.375,55.525,0.0
2011-09-10T12:00:00Z,-4.375,55.575,0.0
2011-09-10T12:00:00Z,-4.375,55.625,0.0
2011-09-10T12:00:00Z,-4.375,55.675,0.0
2011-09-10T12:00:00Z,-4.425,55.325,0.0
2011-09-10T12:00:00Z,-4.425,55.375,0.0
2011-09-10T12:00:00Z,-4.425,55.425,0.0
2011-09-10T12:00:00Z,-4.425,55.475,0.0
2011-09-10T12:00:00Z,-4.425,55.525,0.0
2011-09-10T12:00:00Z,-4.425,55.575,0.0
2011-09-10T12:00:00Z,-4.425,55.625,0.0
2011-09-10T12:00:00Z,-4.425,55.675,0.0
2011-09-10T12:00:00Z,-4.475,55.325,0.0
2011-09-10T12:00:00Z,-4.475,55.375,0.0
2011-09-10T12:00:00Z,-4.475,55.425,0.0
2011-09-10T12:00:00Z,-4.475,55.475,0.0
2011-09-10T12:00:00Z,-4.475,55.525,0.0
2011-09-10T12:00:00Z,-4.475,55.575,0.0
2011-09-10T12:00:00Z,-4.475,55.625,0.0
2011-09-10T12:00:00Z,-4.475,55.675,0.0
2011-09-10T12:00:00Z,-4.525,55.325,0.0
2011-09-10T12:00:00Z,-4.525,55.375,0.0
2011-09-10T12:00:00Z,-4.525,55.425,0.0
2011-09-10T12:00:00Z,-4.525,55.475,0.0
2011-09-10T12:00:00Z,-4.525,55.525,0.0
2011-09-10T12:00:00Z,-4.525,55.575,0.0
2011-09-10T12:00:00Z,-4.525,55.625,0.0
2011-09-10T12:00:00Z,-4.525,55.675,0.0
2011-09-10T12:00:00Z,-4.575,55.325,0.0
2011-09-10T12:00:00Z,-4.575,55.375,0.0
2011-09-10T12:00:00Z,-4.575,55.425,0.0
2011-09-10T12:00:00Z,-4.575,55.475,0.0
2011-09-10T12:00:00Z,-4.575,55.525,0.0
2011-09-10T12:00:00Z,-4.575,55.575,0.0
2011-09-10T12:00:00Z,-4.575,55.625,0.0
2011-09-10T12:00:00Z,-4.575,55.675,0.0
2011-09-10T12:00:00Z,-4.625,55.325,0.0
2011-09-10T12:00:00Z,-4.625,55.375,0.0
2011-09-10T12:00:00Z,-4.625,55.425,0.0
2011-09-10T12:00:00Z,-4.625,55.475,0.0
2011-09-10T12:00:00Z,-4.625,55.525,0.0
2011-09-10T12:00:00Z,-4.625,55.575,0.0
2011-09-10T12:00:00Z,-4.625,55.625,0.0
2011-09-10T12:00:00Z,-4.625,55.675,0.0
2011-10-10T12:00:00Z,-4.375,55.325,0.0
2011-10-10T12:00:00Z,-4.375,55.375,0.0
2011-10-10T12:00:00Z,-4.375,55.425,0.0
2011-10-10T12:00:00Z,-4.375,55.475,0.0
2011-10-10T12:00:00Z,-4.375,55.525,0.0
2011-10-10T12:00:00Z,-4.375,55.575,0.0
2011-10-10T12:00:00Z,-4.375,55.625,0.0
2011-10-10T12:00:00Z,-4.375,55.675,0.0
2011-10-10T12:00:00Z,-4.425,55.325,0.0
2011-10-10T12:00:00Z,-4.425,55.375,0.0
2011-10-10T12:00:00Z,-4.425,55.425,0.0
2011-10-10T12:00:00Z,-4.425,55.475,0.0
2011-10-10T12:00:00Z,-4.425,55.525,0.0
2011-10-10T12:00:00Z,-4.425,55.575,0.0
2011-10-10T12:00:00Z,-4.425,55.625,0.0
2011-10-10T12:00:00Z,-4.425,55.675,0.0
2011-10-10T12:00:00Z,-4.475,55.325,0.0
2011-10-10T12:00:00Z,-4.475,55.375,0.0
2011-10-10T12:00:00Z,-4.475,55.425,0.0
2011-10-10T12:00:00Z,-4.475,55.475,0.0
2011-10-10T12:00:00Z,-4.475,55.525,0.0
2011-10-10T12:00:00Z,-4.475,55.575,0.0
2011-10-10T12:00:00Z,-4.475,55.625,0.0
2011-10-10T12:00:00Z,-4.475,55.675,0.0
2011-10-10T12:00:00Z,-4.525,55.325,0.0
2011-10-10T12:00:00Z,-4.525,55.375,0.0
2011-10-10T12:00:00Z,-4.525,55.425,0.0
2011-10-10T12:00:00Z,-4.525,55.475,0.0
2011-10-10T12:00:00Z,-4.525,55.525,0.0
2011-10-10T12:00:00Z,-4.525,55.575,0.0
2011-10-10T12:00:00Z,-4.525,55.625,0.0
2011-10-10T12:00:00Z,-4.525,55.675,0.0
2011-10-10T12:00:00Z,-4.575,55.325,0.0
2011-10-10T12:00:00Z,-4.575,55.375,0.0
2011-10-10T12:00:00Z,-4.575,55.425,0.0
2011-10-10T12:00:00Z,-4.575,55.475,0.0
2011-10-10T12:00:00Z,-4.575,55.525,0.0
2011-10-10T12:00:00Z,-4.575,55.575,0.0
2011-10-10T12:00:00Z,-4.575,55.625,0.0
2011-10-10T12:00:00Z,-4.575,55.675,0.0
2011-10-10T12:00:00Z,-4.625,55.325,0.0
2011-10-10T12:00:00Z,-4.625,55.375,0.0
2011-10-10T12:00:00Z,-4.625,55.425,0.0
2011-10-10T12:00:00Z,-4.625,55.475,0.0
2011-10-10T12:00:00Z,-4.625,55.525,0.0
2011-10-10T12:00:00Z,-4.625,55.575,0.0
2011-10-10T12:00:00Z,-4.625,55.625,0.0
2011-10-10T12:00:00Z,-4.625,55.675,0.0
2011-11-09T12:00:00Z,-4.375,55.325,0.0
2011-11-09T12:00:00Z,-4.375,55.375,0.0
2011-11-09T12:00:00Z,-4.375,55.425,0.0
2011-11-09T12:00:00Z,-4.375,55.475,0.0
2011-11-09T12:00:00Z,-4.375,55.525,0.0
2011-11-09T12:00:00Z,-4.375,55.575,0.0
2011-11-09T12:00:00Z,-4.375,55.625,0.0
2011-11-09T12:00:00Z,-4.375,55.675,0.0
2011-11-09T12:00:00Z,-4.425,55.325,0.0
2011-11-09T12:00:00Z,-4.425,55.375,0.0
2011-11-09T12:00:00Z,-4.425,55.425,0.0
2011-11-09T12:00:00Z,-4.425,55.475,0.0
2011-11-09T12:00:00Z,-4.425,55.525,0.0
2011-11-09T12:00:00Z,-4.425,55.575,0.0
2011-11-09T12:00:00Z,-4.425,55.625,0.0
2011-11-09T12:00:00Z,-4.425,55.675,0.0
2011-11-09T12:00:00Z,-4.475,55.325,0.0
2011-11-09T12:00:00Z,-4.475,55.375,0.0
2011-11-09T12:00:00Z,-4.475,55.425,0.0
2011-11-09T12:00:00Z,-4.475,55.475,0.0
2011-11-09T12:00:00Z,-4.475,55.525,0.0
2011-11-09T12:00:00Z,-4.475,55.575,0.0
2011-11-09T12:00:00Z,-4.475,55.625,0.0
2011-11-09T12:00:00Z,-4.475,55.675,0.0
2011-11-09T12:00:00Z,-4.525,55.325,0.0
2011-11-09T12:00:00Z,-4.525,55.375,0.0
2011-11-09T12:00:00Z,-4.525,55.425,0.0
2011-11-09T12:00:00Z,-4.525,55.475,0.0
2011-11-09T12:00:00Z,-4.525,55.525,0.0
2011-11-09T12:00:00Z,-4.525,55.575,0.0
2011-11-09T12:00:00Z,-4.525,55.625,0.0
2011-11-09T12:00:00Z,-4.525,55.675,0.0
2011-11-09T12:00:00Z,-4.575,55.325,0.0
2011-11-09T12:00:00Z,-4.575,55.375,0.0
2011-11-09T12:00:00Z,-4.575,55.425,0.0
2011-11-09T12:00:00Z,-4.575,55.475,0.0
2011-11-09T12:00:00Z,-4.575,55.525,0.0
2011-11-09T12:00:00Z,-4.575,55.575,0.0
2011-11-09T12:00:00Z,-4.575,55.625,0.0
2011-11-09T12:00:00Z,-4.575,55.675,0.0
2011-11-09T12:00:00Z,-4.625,55.325,0.0
2011-11-09T12:00:00Z,-4.625,55.375,0.0
2011-11-09T12:00:00Z,-4.625,55.425,0.0
2011-11-09T12:00:00Z,-4.625,55.475,0.0
2011-11-09T12:00:00Z,-4.625,55.525,0.0
2011-11-09T12:00:00Z,-4.625,55.575,0.0
2011-11-09T12:00:00Z,-4.625,55.625,0.0
2011-11-09T12:00:00Z,-4.625,55.675,0.0
2011-12-09T12:00:00Z,-4.375,55.325,0.0
2011-12-09T12:00:00Z,-4.375,55.375,0.0
2011-12-09T12:00:00Z,-4.375,55.425,0.0
2011-12-09T12:00:00Z,-4.375,55.475,0.0
2011-12-09T12:00:00Z,-4.375,55.525,0.0
2011-12-09T12:00:00Z,-4.375,55.575,0.0
2011-12-09T12:00:00Z,-4.375,55.625,0.0
2011-12-09T12:00:00Z,-4.375,55.675,0.0
2011-12-09T12:00:00Z,-4.425,55.325,0.0
2011-12-09T12:00:00Z,-4.425,55.375,0.0
2011-12-09T12:00:00Z,-4.425,55.425,0.0
2011-12-09T12:00:00Z,-4.425,55.475,0.0
2011-12-09T12:00:00Z,-4.425,55.525,0.0
2011-12-09T12:00:00Z,-4.425,55.575,0.0
2011-12-09T12:00:00Z,-4.425,55.625,0.0
2011-12-09T12:00:00Z,-4.425,55.675,0.0
2011-12-09T12:00:00Z,-4.475,55.325,0.0
2011-12-09T12:00:00Z,-4.475,55.375,0.0
2011-12-09T12:00:00Z,-4.475,55.425,0.0
2011-12-09T12:00:00Z,-4.475,55.475,0.0
2011-12-09T12:00:00Z,-4.475,55.525,0.0
2011-12-09T12:00:00Z,-4.475,55.575,0.0
2011-12-09T12:00:00Z,-4.475,55.625,0.0
2011-12-09T12:00:00Z,-4.475,55.675,0.0
2011-12-09T12:00:00Z,-4.525,55.325,0.0
2011-12-09T12:00:00Z,-4.525,55.375,0.0
2011-12-09T12:00:00Z,-4.525,55.425,0.0
2011-12-09T12:00:00Z,-4.525,55.475,0.0
2011-12-09T12:00:00Z,-4.525,55.525,0.0
2011-12-09T12:00:00Z,-4.525,55.575,0.0
2011-12-09T12:00:00Z,-4.525,55.625,0.0
2011-12-09T12:00:00Z,-4.525,55.675,0.0
2011-12-09T12:00:00Z,-4.575,55.325,0.0
2011-12-09T12:00:00Z,-4.575,55.375,0.0
2011-12-09T12:00:00Z,-4.575,55.425,0.0
2011-12-09T12:00:00Z,-4.575,55.475,0.0
2011-12-09T12:00:00Z,-4.575,55.525,0.0
2011-12-09T12:00:00Z,-4.575,55.575,0.0
2011-12-09T12:00:00Z,-4.575,55.625,0.0
2011-12-09T12:00:00Z,-4.575,55.675,0.0
2011-12-09T12:00:00Z,-4.625,55.325,0.0
2011-12-09T12:00:00Z,-4.625,55.375,0.0
2011-12-09T12:00:00Z,-4.625,55.425,0.0
2011-12-09T12:00:00Z,-4.625,55.475,0.0
2011-12-09T12:00:00Z,-4.625,55.525,0.0
2011-12-09T12:00:00Z,-4.625,55.575,0.0
2011-12-09T12:00:00Z,-4.625,55.625,0.0
2011-12-09T12:00:00Z,-4.625,55.675,0.0
2012-01-08T12:00:00Z,-4.375,55.325,0.0
2012-01-08T12:00:00Z,-4.375,55.375,0.0
2012-01-08T12:00:00Z,-4.375,55.425,0.0
2012-01-08T12:00:00Z,-4.375,55.475,0.0
2012-01-08T12:00:00Z,-4.375,55.525,0.0
2012-01-08T12:00:00Z,-4.375,55.575,0.0
2012-01-08T12:00:00Z,-4.375,55.625,0.0
2012-01-08T12:00:00Z,-4.375,55.675,0.0
2012-01-08T12:00:00Z,-4.425,55.325,0.0
2012-01-08T12:00:00Z,-4.425,55.375,0.0
2012-01-08T12:00:00Z,-4.425,55.425,0.0
2012-01-08T12:00:00Z,-4.425,55.475,0.0
2012-01-08T12:00:00Z,-4.425,55.525,0.0
2012-01-08T12:00:00Z,-4.425,55.575,0.0
2012-01-08T12:00:00Z,-4.425,55.625,0.0
2012-01-08T12:00:00Z,-4.425,55.675,0.0
2012-01-08T12:00:00Z,-4.475,55.325,0.0
2012-01-08T12:00:00Z,-4.475,55.375,0.0
2012-01-08T12:00:00Z,-4.475,55.425,0.0
2012-01-08T12:00:00Z,-4.475,55.475,0.0
2012-01-08T12:00:00Z,-4.475,55.525,0.0
2012-01-08T12:00:00Z,-4.475,55.575,0.0
2012-01-08T12:00:00Z,-4.475,55.625,0.0
2012-01-08T12:00:00Z,-4.475,55.675,0.0
2012-01-08T12:00:00Z,-4.525,55.325,0.0
2012-01-08T12:00:00Z,-4.525,55.375,0.0
2012-01-08T12:00:00Z,-4.525,55.425,0.0
2012-01-08T12:00:00Z,-4.525,55.475,0.0
2012-01-08T12:00:00Z,-4.525,55.525,0.0
2012-01-08T12:00:00Z,-4.525,55.575,0.0
2012-01-08T12:00:00Z,-4.525,55.625,0.0
2012-01-08T12:00:00Z,-4.525,55.675,0.0
2012-01-08T12:00:00Z,-4.575,55.325,0.0
2012-01-08T12:00:00Z,-4.575,55.375,0.0
2012-01-08T12:00:00Z,-4.575,55.425,0.0
2012-01-08T12:00:00Z,-4.575,55.475,0.0
2012-01-08T12:00:00Z,-4.575,55.525,0.0
2012-01-08T12:00:00Z,-4.575,55.575,0.0
2012-01-08T12:00:00Z,-4.575,55.625,0.0
2012-01-08T12:00:00Z,-4.575,55.675,0.0
2012-01-08T12:00:00Z,-4.625,55.325,0.0
2012-01-08T12:00:00Z,-4.625,55.375,0.0
2012-01-08T12:00:00Z,-4.625,55.425,0.0
2012-01-08T12:00:00Z,-4.625,55.475,0.0
2012-01-08T12:00:00Z,-4.625,55.525,0.0
2012-01-08T12:00:00Z,-4.625,55.575,0.0
2012-01-08T12:00:00Z,-4.625,55.625,0.0
2012-01-08T12:00:00Z,-4.625,55.675,0.0
2012-02-07T12:00:00Z,-4.375,55.325,0.0
2012-02-07T12:00:00Z,-4.375,55.375,0.0
2012-02-07T12:00:00Z,-4.375,55.425,0.0
2012-02-07T12:00:00Z,-4.375,55.475,0.0
2012-02-07T12:00:00Z,-4.375,55.525,0.0
2012-02-07T12:00:00Z,-4.375,55.575,0.0
2012-02-07T12:00:00Z,-4.375,55.625,0.0
2012-02-07T12:00:00Z,-4.375,55.675,0.0
2012-02-07T12:00:00Z,-4.425,55.325,0.0
2012-02-07T12:00:00Z,-4.425,55.375,0.0
2012-02-07T12:00:00Z,-4.425,55.425,0.0
2012-02-07T12:00:00Z,-4.425,55.475,0.0
2012-02-07T12:00:00Z,-4.425,55.525,0.0
2012-02-07T12:00:00Z,-4.425,55.575,0.0
2012-02-07T12:00:00Z,-4.425,55.625,0.0
2012-02-07T12:00:00Z,-4.425,55.675,0.0
2012-02-07T12:00:00Z,-4.475,55.325,0.0
2012-02-07T12:00:00Z,-4.475,55.375,0.0
2012-02-07T12:00:00Z,-4.475,55.425,0.0
2012-02-07T12:00:00Z,-4.475,55.475,0.0
2012-02-07T12:00:00Z,-4.475,55.525,0.0
2012-02-07T12:00:00Z,-4.475,55.575,0.0
2012-02-07T12:00:00Z,-4.475,55.625,0.0
2012-02-07T12:00:00Z,-4.475,55.675,0.0
2012-02-07T12:00:00Z,-4.525,55.325,0.0
2012-02-07T12:00:00Z,-4.525,55.375,0.0
2012-02-07T12:00:00Z,-4.525,55.425,0.0
2012-02-07T12:00:00Z,-4.525,55.475,0.0
2012-02-07T12:00:00Z,-4.525,55.525,0.0
2012-02-07T12:00:00Z,-4.525,55.575,0.0
2012-02-07T12:00:00Z,-4.525,55.625,0.0
2012-02-07T12:00:00Z,-4.525,55.675,0.0
2012-02-07T12:00:00Z,-4.575,55.325,0.0
2012-02-07T12:00:00Z,-4.575,55.375,0.0
2012-02-07T12:00:00Z,-4.575,55.425,0.0
2012-02-07T12:00:00Z,-4.575,55.475,0.0
2012-02-07T12:00:00Z,-4.575,55.525,0.0
2012-02-07T12:00:00Z,-4.575,55.575,0.0
2012-02-07T12:00:00Z,-4.575,55.625,0.0
2012-02-07T12:00:00Z,-4.575,55.675,0.0
2012-02-07T12:00:00Z,-4.625,55.325,0.0
2012-02-07T12:00:00Z,-4.625,55.375,0.0
2012-02-07T12:00:00Z,-4.625,55.425,0.0
2012-02-07T12:00:00Z,-4.625,55.475,0.0
2012-02-07T12:00:00Z,-4.625,55.525,0.0
2012-02-07T12:00:00Z,-4.625,55.575,0.0
2012-02-07T12:00:00Z,-4.625,55.625,0.0
2012-02-07T12:00:00Z,-4.625,55.675,0.0
2012-03-08T12:00:00Z,-4.375,55.325,0.0
2012-03-08T12:00:00Z,-4.375,55.375,0.0
2012-03-08T12:00:00Z,-4.375,55.425,0.0
2012-03-08T12:00:00Z,-4.375,55.475,0.0
2012-03-08T12:00:00Z,-4.375,55.525,0.0
2012-03-08T12:00:00Z,-4.375,55.575,0.0
2012-03-08T12:00:00Z,-4.375,55.625,0.0
2012-03-08T12:00:00Z,-4.375,55.675,0.0
2012-03-08T12:00:00Z,-4.425,55.325,0.0
2012-03-08T12:00:00Z,-4.425,55.375,0.0
2012-03-08T12:00:00Z,-4.425,55.425,0.0
2012-03-08T12:00:00Z,-4.425,55.475,0.0
2012-03-08T12:00:00Z,-4.425,55.525,0.0
2012-03-08T12:00:00Z,-4.425,55.575,0.0
2012-03-08T12:00:00Z,-4.425,55.625,0.0
2012-03-08T12:00:00Z,-4.425,55.675,0.0
2012-03-08T12:00:00Z,-4.475,55.325,0.0
2012-03-08T12:00:00Z,-4.475,55.375,0.0
2012-03-08T12:00:00Z,-4.475,55.425,0.0
2012-03-08T12:00:00Z,-4.475,55.475,0.0
2012-03-08T12:00:00Z,-4.475,55.525,0.0
2012-03-08T12:00:00Z,-4.475,55.575,0.0
2012-03-08T12:00:00Z,-4.475,55.625,0.0
2012-03-08T12:00:00Z,-4.475,55.675,0.0
2012-03-08T12:00:00Z,-4.525,55.325,0.0
2012-03-08T12:00:00Z,-4.525,55.375,0.0
2012-03-08T12:00:00Z,-4.525,55.425,0.0
2012-03-08T12:00:00Z,-4.525,55.475,0.0
2012-03-08T12:00:00Z,-4.525,55.525,0.0
2012-03-08T12:00:00Z,-4.525,55.575,0.0
2012-03-08T12:00:00Z,-4.525,55.625,0.0
2012-03-08T12:00:00Z,-4.525,55.675,0.0
2012-03-08T12:00:00Z,-4.575,55.325,0.0
2012-03-08T12:00:00Z,-4.575,55.375,0.0
2012-03-08T12:00:00Z,-4.575,55.425,0.0
2012-03-08T12:00:00Z,-4.575,55.475,0.0
2012-03-08T12:00:00Z,-4.575,55.525,0.0
2012-03-08T12:00:00Z,-4.575,55.575,0.0
2012-03-08T12:00:00Z,-4.575,55.625,0.0
2012-03-08T12:00:00Z,-4.575,55.675,0.0
2012-03-08T12:00:00Z,-4.625,55.325,0.0
2012-03-08T12:00:00Z,-4.625,55.375,0.0
2012-03-08T12:00:00Z,-4.625,55.425,0.0
2012-03-08T12:00:00Z,-4.625,55.475,0.0
2012-03-08T12:00:00Z,-4.625,55.525,0.0
2012-03-08T12:00:00Z,-4.625,55.575,0.0
2012-03-08T12:00:00Z,-4.625,55.625,0.0
2012-03-08T12:00:00Z,-4.625,55.675,0.0
2012-04-07T12:00:00Z,-4.375,55.325,0.0
2012-04-07T12:00:00Z,-4.375,55.375,0.0
2012-04-07T12:00:00Z,-4.375,55.425,0.0
2012-04-07T12:00:00Z,-4.375,55.475,0.0
2012-04-07T12:00:00Z,-4.375,55.525,0.0
2012-04-07T12:00:00Z,-4.375,55.575,0.0
2012-04-07T12:00:00Z,-4.375,55.625,0.0
2012-04-07T12:00:00Z,-4.375,55.675,0.0
2012-04-07T12:00:00Z,-4.425,55.325,0.0
2012-04-07T12:00:00Z,-4.425,55.375,0.0
2012-04-07T12:00:00Z,-4.425,55.425,0.0
2012-04-07T12:00:00Z,-4.425,55.475,0.0
2012-04-07T12:00:00Z,-4.425,55.525,0.0
2012-04-07T12:00:00Z,-4.425,55.575,0.0
2012-04-07T12:00:00Z,-4.425,55.625,0.0
2012-04-07T12:00:00Z,-4.425,55.675,0.0
2012-04-07T12:00:00Z,-4.475,55.325,0.0
2012-04-07T12:00:00Z,-4.475,55.375,0.0
2012-04-07T12:00:00Z,-4.475,55.425,0.0
2012-04-07T12:00:00Z,-4.475,55.475,0.0
2012-04-07T12:00:00Z,-4.475,55.525,0.0
2012-04-07T12:00:00Z,-4.475,55.575,0.0
2012-04-07T12:00:00Z,-4.475,55.625,0.0
2012-04-07T12:00:00Z,-4.475,55.675,0.0
2012-04-07T12:00:00Z,-4.525,55.325,0.0
2012-04-07T12:00:00Z,-4.525,55.375,0.0
2012-04-07T12:00:00Z,-4.525,55.425,0.0
2012-04-07T12:00:00Z,-4.525,55.475,0.0
2012-04-07T12:00:00Z,-4.525,55.525,0.0
2012-04-07T12:00:00Z,-4.525,55.575,0.0
2012-04-07T12:00:00Z,-4.525,55.625,0.0
2012-04-07T12:00:00Z,-4.525,55.675,0.0
2012-04-07T12:00:00Z,-4.575,55.325,0.0
2012-04-07T12:00:00Z,-4.575,55.375,0.0
2012-04-07T12:00:00Z,-4.575,55.425,0.0
2012-04-07T12:00:00Z,-4.575,55.475,0.0
2012-04-07T12:00:00Z,-4.575,55.525,0.0
2012-04-07T12:00:00Z,-4.575,55.575,0.0
2012-04-07T12:00:00Z,-4.575,55.625,0.0
2012-04-07T12:00:00Z,-4.575,55.675,0.0
2012-04-07T12:00:00Z,-4.625,55.325,0.0
2012-04-07T12:00:00Z,-4.625,55.375,0.0
2012-04-07T12:00:00Z,-4.625,55.425,0.0
2012-04-07T12:00:00Z,-4.625,55.475,0.0
2012-04-07T12:00:00Z,-4.625,55.525,0.0
2012-04-07T12:00:00Z,-4.625,55.575,0.0
2012-04-07T12:00:00Z,-4.625,55.625,0.0
2012-04-07T12:00:00Z,-4.625,55.675,0.0
2012-05-07T12:00:00Z,-4.375,55.325,0.0
2012-05-07T12:00:00Z,-4.375,55.375,0.0
2012-05-07T12:00:00Z,-4.375,55.425,0.0
2012-05-07T12:00:00Z,-4.375,55.475,0.0
2012-05-07T12:00:00Z,-4.375,55.525,0.0
2012-05-07T12:00:00Z,-4.375,55.575,0.0
2012-05-07T12:00:00Z,-4.375,55.625,0.0
2012-05-07T12:00:00Z,-4.375,55.675,0.0
2012-05-07T12:00:00Z,-4.425,55.325,0.0
2012-05-07T12:00:00Z,-4.425,55.375,0.0
2012-05-07T12:00:00Z,-4.425,55.425,0.0
2012-05-07T12:00:00Z,-4.425,55.475,0.0
2012-05-07T12:00:00Z,-4.425,55.525,0.0
2012-05-07T12:00:00Z,-4.425,55.575,0.0
2012-05-07T12:00:00Z,-4.425,55.625,0.0
2012-05-07T12:00:00Z,-4.425,55.675,0.0
2012-05-07T12:00:00Z,-4.475,55.325,0.0
2012-05-07T12:00:00Z,-4.475,55.375,0.0
2012-05-07T12:00:00Z,-4.475,55.425,0.0
2012-05-07T12:00:00Z,-4.475,55.475,0.0
2012-05-07T12:00:00Z,-4.475,55.525,0.0
2012-05-07T12:00:00Z,-4.475,55.575,0.0
2012-05-07T12:00:00Z,-4.475,55.625,0.0
2012-05-07T12:00:00Z,-4.475,55.675,0.0
2012-05-07T12:00:00Z,-4.525,55.325,0.0
2012-05-07T12:00:00Z,-4.525,55.375,0.0
2012-05-07T12:00:00Z,-4.525,55.425,0.0
2012-05-07T12:00:00Z,-4.525,55.475,0.0
2012-05-07T12:00:00Z,-4.525,55.525,0.0
2012-05-07T12:00:00Z,-4.525,55.575,0.0
2012-05-07T12:00:00Z,-4.525,55.625,0.0
2012-05-07T12:00:00Z,-4.525,55.675,0.0
2012-05-07T12:00:00Z,-4.575,55.325,0.0
2012-05-07T12:00:00Z,-4.575,55.375,0.0
2012-05-07T12:00:00Z,-4.575,55.425,0.0
2012-05-07T12:00:00Z,-4.575,55.475,0.0
2012-05-07T12:00:00Z,-4.575,55.525,0.0
2012-05-07T12:00:00Z,-4.575,55.575,0.0
2012-05-07T12:00:00Z,-4.575,55.625,0.0
2012-05-07T12:00:00Z,-4.575,55.675,0.0
2012-05-07T12:00:00Z,-4.625,55.325,0.0
2012-05-07T12:00:00Z,-4.625,55.375,0.0
2012-05-07T12:00:00Z,-4.625,55.425,0.0
2012-05-07T12:00:00Z,-4.625,55.475,0.0
2012-05-07T12:00:00Z,-4.625,55.525,0.0
2012-05-07T12:00:00Z,-4.625,55.575,0.0
2012-05-07T12:00:00Z,-4.625,55.625,0.0
2012-05-07T12:00:00Z,-4.625,55.675,0.0
2012-06-06T12:00:00Z,-4.375,55.325,0.32
2012-06-06T12:00:00Z,-4.375,55.375,0.32
2012-06-06T12:00:00Z,-4.375,55.425,0.32
2012-06-06T12:00:00Z,-4.375,55.475,0.17
2012-06-06T12:00:00Z,-4.375,55.525,0.17
2012-06-06T12:00:00Z,-4.375,55.575,0.17
2012-06-06T12:00:00Z,-4.375,55.625,0.17
2012-06-06T12:00:00Z,-4.375,55.675,0.16
2012-06-06T12:00:00Z,-4.425,55.325,0.32
2012-06-06T12:00:00Z,-4.425,55.375,0.32
2012-06-06T12:00:00Z,-4.425,55.425,0.31
2012-06-06T12:00:00Z,-4.425,55.475,0.17
2012-06-06T12:00:00Z,-4.425,55.525,0.17
2012-06-06T12:00:00Z,-4.425,55.575,0.16
2012-06-06T12:00:00Z,-4.425,55.625,0.16
2012-06-06T12:00:00Z,-4.425,55.675,0.16
2012-06-06T12:00:00Z,-4.475,55.325,0.31
2012-06-06T12:00:00Z,-4.475,55.375,0.31
2012-06-06T12:00:00Z,-4.475,55.425,0.3
2012-06-06T12:00:00Z,-4.475,55.475,0.16
2012-06-06T12:00:00Z,-4.475,55.525,0.15
2012-06-06T12:00:00Z,-4.475,55.575,0.15
2012-06-06T12:00:00Z,-4.475,55.625,0.15
2012-06-06T12:00:00Z,-4.475,55.675,0.14
2012-06-06T12:00:00Z,-4.525,55.325,0.31
2012-06-06T12:00:00Z,-4.525,55.375,0.3
2012-06-06T12:00:00Z,-4.525,55.425,0.29
2012-06-06T12:00:00Z,-4.525,55.475,0.14
2012-06-06T12:00:00Z,-4.525,55.525,0.0
2012-06-06T12:00:00Z,-4.525,55.575,0.0
2012-06-06T12:00:00Z,-4.525,55.625,0.0
2012-06-06T12:00:00Z,-4.525,55.675,0.0
2012-06-06T12:00:00Z,-4.575,55.325,0.3
2012-06-06T12:00:00Z,-4.575,55.375,0.15
2012-06-06T12:00:00Z,-4.575,55.425,0.14
2012-06-06T12:00:00Z,-4.575,55.475,0.0
2012-06-06T12:00:00Z,-4.575,55.525,0.0
2012-06-06T12:00:00Z,-4.575,55.575,0.0
2012-06-06T12:00:00Z,-4.575,55.625,0.0
2012-06-06T12:00:00Z,-4.575,55.675,0.0
2012-06-06T12:00:00Z,-4.625,55.325,0.15
2012-06-06T12:00:00Z,-4.625,55.375,0.15
2012-06-06T12:00:00Z,-4.625,55.425,0.0
2012-06-06T12:00:00Z,-4.625,55.475,0.0
2012-06-06T12:00:00Z,-4.625,55.525,0.0
2012-06-06T12:00:00Z,-4.625,55.575,0.0
2012-06-06T12:00:00Z,-4.625,55.625,0.0
2012-06-06T12:00:00Z,-4.625,55.675,0.0
2012-07-06T12:00:00Z,-4.375,55.325,0.32
2012-07-06T12:00:00Z,-4.375,55.375,0.32
2012-07-06T12:00:00Z,-4.375,55.425,0.32
2012-07-06T12:00:00Z,-4.375,55.475,0.17
2012-07-06T12:00:00Z,-4.375,55.525,0.17
2012-07-06T12:00:00Z,-4.375,55.575,0.17
2012-07-06T12:00:00Z,-4.375,55.625,0.17
2012-07-06T12:00:00Z,-4.375,55.675,0.16
2012-07-06T12:00:00Z,-4.425,55.325,0.32
2012-07-06T12:00:00Z,-4.425,55.375,0.32
2012-07-06T12:00:00Z,-4.425,55.425,0.31
2012-07-06T12:00:00Z,-4.425,55.475,0.17
2012-07-06T12:00:00Z,-4.425,55.525,0.17
2012-07-06T12:00:00Z,-4.425,55.575,0.16
2012-07-06T12:00:00Z,-4.425,55.625,0.16
2012-07-06T12:00:00Z,-4.425,55.675,0.16
2012-07-06T12:00:00Z,-4.475,55.325,0.31
2012-07-06T12:00:00Z,-4.475,55.375,0.31
2012-07-06T12:00:00Z,-4.475,55.425,0.3
2012-07-06T12:00:00Z,-4.475,55.475,0.16
2012-07-06T12:00:00Z,-4.475,55.525,0.15
2012-07-06T12:00:00Z,-4.475,55.575,0.15
2012-07-06T12:00:00Z,-4.475,55.625,0.15
2012-07-06T12:00:00Z,-4.475,55.675,0.14
2012-07-06T12:00:00Z,-4.525,55.325,0.31
2012-07-06T12:00:00Z,-4.525,55.375,0.3
2012-07-06T12:00:00Z,-4.525,55.425,0.29
2012-07-06T12:00:00Z,-4.525,55.475,0.14
2012-07-06T12:00:00Z,-4.525,55.525,0.0
2012-07-06T12:00:00Z,-4.525,55.575,0.0
2012-07-06T12:00:00Z,-4.525,55.625,0.0
2012-07-06T12:00:00Z,-4.525,55.675,0.0
2012-07-06T12:00:00Z,-4.575,55.325,0.3
2012-07-06T12:00:00Z,-4.575,55.375,0.15
2012-07-06T12:00:00Z,-4.575,55.425,0.14
2012-07-06T12:00:00Z,-4.575,55.475,0.0
2012-07-06T12:00:00Z,-4.575,55.525,0.0
2012-07-06T12:00:00Z,-4.575,55.575,0.0
2012-07-06T12:00:00Z,-4.575,55.625,0.0
2012-07-06T12:00:00Z,-4.575,55.675,0.0
2012-07-06T12:00:00Z,-4.625,55.325,0.15
2012-07-06T12:00:00Z,-4.625,55.375,0.15
2012-07-06T12:00:00Z,-4.625,55.425,0.0
2012-07-06T12:00:00Z,-4.625,55.475,0.0
2012-07-06T12:00:00Z,-4.625,55.525,0.0
2012-07-06T12:00:00Z,-4.625,55.575,0.0
2012-07-06T12:00:00Z,-4.625,55.625,0.0
2012-07-06T12:00:00Z,-4.625,55.675,0.0
2012-08-05T12:00:00Z,-4.375,55.325,0.32
2012-08-05T12:00:00Z,-4.375,55.375,0.32
2012-08-05T12:00:00Z,-4.375,55.425,0.32
2012-08-05T12:00:00Z,-4.375,55.475,0.17
2012-08-05T12:00:00Z,-4.375,55.525,0.17
2012-08-05T12:00:00Z,-4.375,55.575,0.17
2012-08-05T12:00:00Z,-4.375,55.625,0.17
2012-08-05T12:00:00Z,-4.375,55.675,0.16
2012-08-05T12:00:00Z,-4.425,55.325,0.32
2012-08-05T12:00:00Z,-4.425,55.375,0.32
2012-08-05T12:00:00Z,-4.425,55.425,0.31
2012-08-05T12:00:00Z,-4.425,55.475,0.17
2012-08-05T12:00:00Z,-4.425,55.525,0.17
2012-08-05T12:00:00Z,-4.425,55.575,0.16
2012-08-05T12:00:00Z,-4.425,55.625,0.16
2012-08-05T12:00:00Z,-4.425,55.675,0.16
2012-08-05T12:00:00Z,-4.475,55.325,0.31
2012-08-05T12:00:00Z,-4.475,55.375,0.31
2012-08-05T12:00:00Z,-4.475,55.425,0.3
2012-08-05T12:00:00Z,-4.475,55.475,0.16
2012-08-05T12:00:00Z,-4.475,55.525,0.15
2012-08-05T12:00:00Z,-4.475,55.575,0.15
2012-08-05T12:00:00Z,-4.475,55.625,0.15
2012-08-05T12:00:00Z,-4.475,55.675,0.14
2012-08-05T12:00:00Z,-4.525,55.325,0.31
2012-08-05T12:00:00Z,-4.525,55.375,0.3
2012-08-05T12:00:00Z,-4.525,55.425,0.29
2012-08-05T12:00:00Z,-4.525,55.475,0.14
2012-08-05T12:00:00Z,-4.525,55.525,0.0
2012-08-05T12:00:00Z,-4.525,55.575,0.0
2012-08-05T12:00:00Z,-4.525,55.625,0.0
2012-08-05T12:00:00Z,-4.525,55.675,0.0
2012-08-05T12:00:00Z,-4.575,55.325,0.3
2012-08-05T12:00:00Z,-4.575,55.375,0.15
2012-08-05T12:00:00Z,-4.575,55.425,0.14
2012-08-05T12:00:00Z,-4.575,55.475,0.0
2012-08-05T12:00:00Z,-4.575,55.525,0.0
2012-08-05T12:00:00Z,-4.575,55.575,0.0
2012-08-05T12:00:00Z,-4.575,55.625,0.0
2012-08-05T12:00:00Z,-4.575,55.675,0.0
2012-08-05T12:00:00Z,-4.625,55.325,0.15
2012-08-05T12:00:00Z,-4.625,55.375,0.15
2012-08-05T12:00:00Z,-4.625,55.425,0.0
2012-08-05T12:00:00Z,-4.625,55.475,0.0
2012-08-05T12:00:00Z,-4.625,55.525,0.0
2012-08-05T12:00:00Z,-4.625,55.575,0.0
2012-08-05T12:00:00Z,-4.625,55.625,0.0
2012-08-05T12:00:00Z,-4.625,55.675,0.0
2012-09-04T12:00:00Z,-4.375,55.325,0.0
2012-09-04T12:00:00Z,-4.375,55.375,0.0
2012-09-04T12:00:00Z,-4.375,55.425,0.0
2012-09-04T12:00:00Z,-4.375,55.475,0.0
2012-09-04T12:00:00Z,-4.375,55.525,0.0
2012-09-04T12:00:00Z,-4.375,55.575,0.0
2012-09-04T12:00:00Z,-4.375,55.625,0.0
2012-09-04T12:00:00Z,-4.375,55.675,0.0
2012-09-04T12:00:00Z,-4.425,55.325,0.0
2012-09-04T12:00:00Z,-4.425,55.375,0.0
2012-09-04T12:00:00Z,-4.425,55.425,0.0
2012-09-04T12:00:00Z,-4.425,55.475,0.0
2012-09-04T12:00:00Z,-4.425,55.525,0.0
2012-09-04T12:00:00Z,-4.425,55.575,0.0
2012-09-04T12:00:00Z,-4.425,55.625,0.0
2012-09-04T12:00:00Z,-4.425,55.675,0.0
2012-09-04T12:00:00Z,-4.475,55.325,0.0
2012-09-04T12:00:00Z,-4.475,55.375,0.0
2012-09-04T12:00:00Z,-4.475,55.425,0.0
2012-09-04T12:00:00Z,-4.475,55.475,0.0
2012-09-04T12:00:00Z,-4.475,55.525,0.0
2012-09-04T12:00:00Z,-4.475,55.575,0.0
2012-09-04T12:00:00Z,-4.475,55.625,0.0
2012-09-04T12:00:00Z,-4.475,55.675,0.0
2012-09-04T12:00:00Z,-4.525,55.325,0.0
2012-09-04T12:00:00Z,-4.525,55.375,0.0
2012-09-04T12:00:00Z,-4.525,55.425,0.0
2012-09-04T12:00:00Z,-4.525,55.475,0.0
2012-09-04T12:00:00Z,-4.525,55.525,0.0
2012-09-04T12:00:00Z,-4.525,55.575,0.0
2012-09-04T12:00:00Z,-4.525,55.625,0.0
2012-09-04T12:00:00Z,-4.525,55.675,0.0
2012-09-04T12:00:00Z,-4.575,55.325,0.0
2012-09-04T12:00:00Z,-4.575,55.375,0.0
2012-09-04T12:00:00Z,-4.575,55.425,0.0
2012-09-04T12:00:00Z,-4.575,55.475,0.0
2012-09-04T12:00:00Z,-4.575,55.525,0.0
2012-09-04T12:00:00Z,-4.575,55.575,0.0
2012-09-04T12:00:00Z,-4.575,55.625,0.0
2012-09-04T12:00:00Z,-4.575,55.675,0.0
2012-09-04T12:00:00Z,-4.625,55.325,0.0
2012-09-04T12:00:00Z,-4.625,55.375,0.0
2012-09-04T12:00:00Z,-4.625,55.425,0.0
2012-09-04T12:00:00Z,-4.625,55.475,0.0
2012-09-04T12:00:00Z,-4.625,55.525,0.0
2012-09-04T12:00:00Z,-4.625,55.575,0.0
2012-09-04T12:00:00Z,-4.625,55.625,0.0
2012-09-04T12:00:00Z,-4.625,55.675,0.0
2012-10-04T12:00:00Z,-4.375,55.325,0.0
2012-10-04T12:00:00Z,-4.375,55.375,0.0
2012-10-04T12:00:00Z,-4.375,55.425,0.0
2012-10-04T12:00:00Z,-4.375,55.475,0.0
2012-10-04T12:00:00Z,-4.375,55.525,0.0
2012-10-04T12:00:00Z,-4.375,55.575,0.0
2012-10-04T12:00:00Z,-4.375,55.625,0.0
2012-10-04T12:00:00Z,-4.375,55.675,0.0
2012-10-04T12:00:00Z,-4.425,55.325,0.0
2012-10-04T12:00:00Z,-4.425,55.375,0.0
2012-10-04T12:00:00Z,-4.425,55.425,0.0
2012-10-04T12:00:00Z,-4.425,55.475,0.0
2012-10-04T12:00:00Z,-4.425,55.525,0.0
2012-10-04T12:00:00Z,-4.425,55.575,0.0
2012-10-04T12:00:00Z,-4.425,55.625,0.0
2012-10-04T12:00:00Z,-4.425,55.675,0.0
2012-10-04T12:00:00Z,-4.475,55.325,0.0
2012-10-04T12:00:00Z,-4.475,55.375,0.0
2012-10-04T12:00:00Z,-4.475,55.425,0.0
2012-10-04T12:00:00Z,-4.475,55.475,0.0
2012-10-04T12:00:00Z,-4.475,55.525,0.0
2012-10-04T12:00:00Z,-4.475,55.575,0.0
2012-10-04T12:00:00Z,-4.475,55.625,0.0
2012-10-04T12:00:00Z,-4.475,55.675,0.0
2012-10-04T12:00:00Z,-4.525,55.325,0.0
2012-10-04T12:00:00Z,-4.525,55.375,0.0
2012-10-04T12:00:00Z,-4.525,55.425,0.0
2012-10-04T12:00:00Z,-4.525,55.475,0.0
2012-10-04T12:00:00Z,-4.525,55.525,0.0
2012-10-04T12:00:00Z,-4.525,55.575,0.0
2012-10-04T12:00:00Z,-4.525,55.625,0.0
2012-10-04T12:00:00Z,-4.525,55.675,0.0
2012-10-04T12:00:00Z,-4.575,55.325,0.0
2012-10-04T12:00:00Z,-4.575,55.375,0.0
2012-10-04T12:00:00Z,-4.575,55.425,0.0
2012-10-04T12:00:00Z,-4.575,55.475,0.0
2012-10-04T12:00:00Z,-4.575,55.525,0.0
2012-10-04T12:00:00Z,-4.575,55.575,0.0
2012-10-04T12:00:00Z,-4.575,55.625,0.0
2012-10-04T12:00:00Z,-4.575,55.675,0.0
2012-10-04T12:00:00Z,-4.625,55.325,0.0
2012-10-04T12:00:00Z,-4.625,55.375,0.0
2012-10-04T12:00:00Z,-4.625,55.425,0.0
2012-10-04T12:00:00Z,-4.625,55.475,0.0
2012-10-04T12:00:00Z,-4.625,55.525,0.0
2012-10-04T12:00:00Z,-4.625,55.575,0.0
2012-10-04T12:00:00Z,-4.625,55.625,0.0
2012-10-04T12:00:00Z,-4.625,55.675,0.0
2012-11-03T12:00:00Z,-4.375,55.325,0.0
2012-11-03T12:00:00Z,-4.375,55.375,0.0
2012-11-03T12:00:00Z,-4.375,55.425,0.0
2012-11-03T12:00:00Z,-4.375,55.475,0.0
2012-11-03T12:00:00Z,-4.375,55.525,0.0
2012-11-03T12:00:00Z,-4.375,55.575,0.0
2012-11-03T12:00:00Z,-4.375,55.625,0.0
2012-11-03T12:00:00Z,-4.375,55.675,0.0
2012-11-03T12:00:00Z,-4.425,55.325,0.0
2012-11-03T12:00:00Z,-4.425,55.375,0.0
2012-11-03T12:00:00Z,-4.425,55.425,0.0
2012-11-03T12:00:00Z,-4.425,55.475,0.0
2012-11-03T12:00:00Z,-4.425,55.525,0.0
2012-11-03T12:00:00Z,-4.425,55.575,0.0
2012-11-03T12:00:00Z,-4.425,55.625,0.0
2012-11-03T12:00:00Z,-4.425,55.675,0.0
2012-11-03T12:00:00Z,-4.475,55.325,0.0
2012-11-03T12:00:00Z,-4.475,55.375,0.0
2012-11-03T12:00:00Z,-4.475,55.425,0.0
2012-11-03T12:00:00Z,-4.475,55.475,0.0
2012-11-03T12:00:00Z,-4.475,55.525,0.0
2012-11-03T12:00:00Z,-4.475,55.575,0.0
2012-11-03T12:00:00Z,-4.475,55.625,0.0
2012-11-03T12:00:00Z,-4.475,55.675,0.0
2012-11-03T12:00:00Z,-4.525,55.325,0.0
2012-11-03T12:00:00Z,-4.525,55.375,0.0
2012-11-03T12:00:00Z,-4.525,55.425,0.0
2012-11-03T12:00:00Z,-4.525,55.475,0.0
2012-11-03T12:00:00Z,-4.525,55.525,0.0
2012-11-03T12:00:00Z,-4.525,55.575,0.0
2012-11-03T12:00:00Z,-4.525,55.625,0.0
2012-11-03T12:00:00Z,-4.525,55.675,0.0
2012-11-03T12:00:00Z,-4.575,55.325,0.0
2012-11-03T12:00:00Z,-4.575,55.375,0.0
2012-11-03T12:00:00Z,-4.575,55.425,0.0
2012-11-03T12:00:00Z,-4.575,55.475,0.0
2012-11-03T12:00:00Z,-4.575,55.525,0.0
2012-11-03T12:00:00Z,-4.575,55.575,0.0
2012-11-03T12:00:00Z,-4.575,55.625,0.0
2012-11-03T12:00:00Z,-4.575,55.675,0.0
2012-11-03T12:00:00Z,-4.625,55.325,0.0
2012-11-03T12:00:00Z,-4.625,55.375,0.0
2012-11-03T12:00:00Z,-4.625,55.425,0.0
2012-11-03T12:00:00Z,-4.625,55.475,0.0
2012-11-03T12:00:00Z,-4.625,55.525,0.0
2012-11-03T12:00:00Z,-4.625,55.575,0.0
2012-11-03T12:00:00Z,-4.625,55.625,0.0
2012-11-03T12:00:00Z,-4.625,55.675,0.0
2012-12-03T12:00:00Z,-4.375,55.325,0.0
2012-12-03T12:00:00Z,-4.375,55.375,0.0
2012-12-03T12:00:00Z,-4.375,55.425,0.0
2012-12-03T12:00:00Z,-4.375,55.475,0.0
2012-12-03T12:00:00Z,-4.375,55.525,0.0
2012-12-03T12:00:00Z,-4.375,55.575,0.0
2012-12-03T12:00:00Z,-4.375,55.625,0.0
2012-12-03T12:00:00Z,-4.375,55.675,0.0
2012-12-03T12:00:00Z,-4.425,55.325,0.0
2012-12-03T12:00:00Z,-4.425,55.375,0.0
2012-12-03T12:00:00Z,-4.425,55.425,0.0
2012-12-03T12:00:00Z,-4.425,55.475,0.0
2012-12-03T12:00:00Z,-4.425,55.525,0.0
2012-12-03T12:00:00Z,-4.425,55.575,0.0
2012-12-03T12:00:00Z,-4.425,55.625,0.0
2012-12-03T12:00:00Z,-4.425,55.675,0.0
2012-12-03T12:00:00Z,-4.475,55.325,0.0
2012-12-03T12:00:00Z,-4.475,55.375,0.0
2012-12-03T12:00:00Z,-4.475,55.425,0.0
2012-12-03T12:00:00Z,-4.475,55.475,0.0
2012-12-03T12:00:00Z,-4.475,55.525,0.0
2012-12-03T12:00:00Z,-4.475,55.575,0.0
2012-12-03T12:00:00Z,-4.475,55.625,0.0
2012-12-03T12:00:00Z,-4.475,55.675,0.0
2012-12-03T12:00:00Z,-4.525,55.325,0.0
2012-12-03T12:00:00Z,-4.525,55.375,0.0
2012-12-03T12:00:00Z,-4.525,55.425,0.0
2012-12-03T12:00:00Z,-4.525,55.475,0.0
2012-12-03T12:00:00Z,-4.525,55.525,0.0
2012-12-03T12:00:00Z,-4.525,55.575,0.0
2012-12-03T12:00:00Z,-4.525,55.625,0.0
2012-12-03T12:00:00Z,-4.525,55.675,0.0
2012-12-03T12:00:00Z,-4.575,55.325,0.0
2012-12-03T12:00:00Z,-4.575,55.375,0.0
2012-12-03T12:00:00Z,-4.575,55.425,0.0
2012-12-03T12:00:00Z,-4.575,55.475,0.0
2012-12-03T12:00:00Z,-4.575,55.525,0.0
2012-12-03T12:00:00Z,-4.575,55.575,0.0
2012-12-03T12:00:00Z,-4.575,55.625,0.0
2012-12-03T12:00:00Z,-4.575,55.675,0.0
2012-12-03T12:00:00Z,-4.625,55.325,0.0
2012-12-03T12:00:00Z,-4.625,55.375,0.0
2012-12-03T12:00:00Z,-4.625,55.425,0.0
2012-12-03T12:00:00Z,-4.625,55.475,0.0
2012-12-03T12:00:00Z,-4.625,55.525,0.0
2012-12-03T12:00:00Z,-4.625,55.575,0.0
2012-12-03T12:00:00Z,-4.625,55.625,0.0
2012-12-03T12:00:00Z,-4.625,55.675,0.0
2013-01-02T12:00:00Z,-4.375,55.325,0.0
2013-01-02T12:00:00Z,-4.375,55.375,0.0
2013-01-02T12:00:00Z,-4.375,55.425,0.0
2013-01-02T12:00:00Z,-4.375,55.475,0.0
2013-01-02T12:00:00Z,-4.375,55.525,0.0
2013-01-02T12:00:00Z,-4.375,55.575,0.0
2013-01-02T12:00:00Z,-4.375,55.625,0.0
2013-01-02T12:00:00Z,-4.375,55.675,0.0
2013-01-02T12:00:00Z,-4.425,55.325,0.0
2013-01-02T12:00:00Z,-4.425,55.375,0.0
2013-01-02T12:00:00Z,-4.425,55.425,0.0
2013-01-02T12:00:00Z,-4.425,55.475,0.0
2013-01-02T12:00:00Z,-4.425,55.525,0.0
2013-01-02T12:00:00Z,-4.425,55.575,0.0
2013-01-02T12:00:00Z,-4.425,55.625,0.0
2013-01-02T12:00:00Z,-4.425,55.675,0.0
2013-01-02T12:00:00Z,-4.475,55.325,0.0
2013-01-02T12:00:00Z,-4.475,55.375,0.0
2013-01-02T12:00:00Z,-4.475,55.425,0.0
2013-01-02T12:00:00Z,-4.475,55.475,0.0
2013-01-02T12:00:00Z,-4.475,55.525,0.0
2013-01-02T12:00:00Z,-4.475,55.575,0.0
2013-01-02T12:00:00Z,-4.475,55.625,0.0
2013-01-02T12:00:00Z,-4.475,55.675,0.0
2013-01-02T12:00:00Z,-4.525,55.325,0.0
2013-01-02T12:00:00Z,-4.525,55.375,0.0
2013-01-02T12:00:00Z,-4.525,55.425,0.0
2013-01-02T12:00:00Z,-4.525,55.475,0.0
2013-01-02T12:00:00Z,-4.525,55.525,0.0
2013-01-02T12:00:00Z,-4.525,55.575,0.0
2013-01-02T12:00:00Z,-4.525,55.625,0.0
2013-01-02T12:00:00Z,-4.525,55.675,0.0
2013-01-02T12:00:00Z,-4.575,55.325,0.0
2013-01-02T12:00:00Z,-4.575,55.375,0.0
2013-01-02T12:00:00Z,-4.575,55.425,0.0
2013-01-02T12:00:00Z,-4.575,55.475,0.0
2013-01-02T12:00:00Z,-4.575,55.525,0.0
2013-01-02T12:00:00Z,-4.575,55.575,0.0
2013-01-02T12:00:00Z,-4.575,55.625,0.0
2013-01-02T12:00:00Z,-4.575,55.675,0.0
2013-01-02T12:00:00Z,-4.625,55.325,0.0
2013-01-02T12:00:00Z,-4.625,55.375,0.0
2013-01-02T12:00:00Z,-4.625,55.425,0.0
2013-01-02T12:00:00Z,-4.625,55.475,0.0
2013-01-02T12:00:00Z,-4.625,55.525,0.0
2013-01-02T12:00:00Z,-4.625,55.575,0.0
2013-01-02T12:00:00Z,-4.625,55.625,0.0
2013-01-02T12:00:00Z,-4.625,55.675,0.0
2013-02-01T12:00:00Z,-4.375,55.325,0.0
2013-02-01T12:00:00Z,-4.375,55.375,0.0
2013-02-01T12:00:00Z,-4.375,55.425,0.0
2013-02-01T12:00:00Z,-4.375,55.475,0.0
2013-02-01T12:00:00Z,-4.375,55.525,0.0
2013-02-01T12:00:00Z,-4.375,55.575,0.0
2013-02-01T12:00:00Z,-4.375,55.625,0.0
2013-02-01T12:00:00Z,-4.375,55.675,0.0
2013-02-01T12:00:00Z,-4.425,55.325,0.0
2013-02-01T12:00:00Z,-4.425,55.375,0.0
2013-02-01T12:00:00Z,-4.425,55.425,0.0
2013-02-01T12:00:00Z,-4.425,55.475,0.0
2013-02-01T12:00:00Z,-4.425,55.525,0.0
2013-02-01T12:00:00Z,-4.425,55.575,0.0
2013-02-01T12:00:00Z,-4.425,55.625,0.0
2013-02-01T12:00:00Z,-4.425,55.675,0.0
2013-02-01T12:00:00Z,-4.475,55.325,0.0
2013-02-01T12:00:00Z,-4.475,55.375,0.0
2013-02-01T12:00:00Z,-4.475,55.425,0.0
2013-02-01T12:00:00Z,-4.475,55.475,0.0
2013-02-01T12:00:00Z,-4.475,55.525,0.0
2013-02-01T12:00:00Z,-4.475,55.575,0.0
2013-02-01T12:00:00Z,-4.475,55.625,0.0
2013-02-01T12:00:00Z,-4.475,55.675,0.0
2013-02-01T12:00:00Z,-4.525,55.325,0.0
2013-02-01T12:00:00Z,-4.525,55.375,0.0
2013-02-01T12:00:00Z,-4.525,55.425,0.0
2013-02-01T12:00:00Z,-4.525,55.475,0.0
2013-02-01T12:00:00Z,-4.525,55.525,0.0
2013-02-01T12:00:00Z,-4.525,55.575,0.0
2013-02-01T12:00:00Z,-4.525,55.625,0.0
2013-02-01T12:00:00Z,-4.525,55.675,0.0
2013-02-01T12:00:00Z,-4.575,55.325,0.0
2013-02-01T12:00:00Z,-4.575,55.375,0.0
2013-02-01T12:00:00Z,-4.575,55.425,0.0
2013-02-01T12:00:00Z,-4.575,55.475,0.0
2013-02-01T12:00:00Z,-4.575,55.525,0.0
2013-02-01T12:00:00Z,-4.575,55.575,0.0
2013-02-01T12:00:00Z,-4.575,55.625,0.0
2013-02-01T12:00:00Z,-4.575,55.675,0.0
2013-02-01T12:00:00Z,-4.625,55.325,0.0
2013-02-01T12:00:00Z,-4.625,55.375,0.0
2013-02-01T12:00:00Z,-4.625,55.425,0.0
2013-02-01T12:00:00Z,-4.625,55.475,0.0
2013-02-01T12:00:00Z,-4.625,55.525,0.0
2013-02-01T12:00:00Z,-4.625,55.575,0.0
2013-02-01T12:00:00Z,-4.625,55.625,0.0
2013-02-01T12:00:00Z,-4.625,55.675,0.0
2013-03-03T12:00:00Z,-4.375,55.325,0.0
2013-03-03T12:00:00Z,-4.375,55.375,0.0
2013-03-03T12:00:00Z,-4.375,55.425,0.0
2013-03-03T12:00:00Z,-4.375,55.475,0.0
2013-03-03T12:00:00Z,-4.375,55.525,0.0
2013-03-03T12:00:00Z,-4.375,55.575,0.0
2013-03-03T12:00:00Z,-4.375,55.625,0.0
2013-03-03T12:00:00Z,-4.375,55.675,0.0
2013-03-03T12:00:00Z,-4.425,55.325,0.0
2013-03-03T12:00:00Z,-4.425,55.375,0.0
2013-03-03T12:00:00Z,-4.425,55.425,0.0
2013-03-03T12:00:00Z,-4.425,55.475,0.0
2013-03-03T12:00:00Z,-4.425,55.525,0.0
2013-03-03T12:00:00Z,-4.425,55.575,0.0
2013-03-03T12:00:00Z,-4.425,55.625,0.0
2013-03-03T12:00:00Z,-4.425,55.675,0.0
2013-03-03T12:00:00Z,-4.475,55.325,0.0
2013-03-03T12:00:00Z,-4.475,55.375,0.0
2013-03-03T12:00:00Z,-4.475,55.425,0.0
2013-03-03T12:00:00Z,-4.475,55.475,0.0
2013-03-03T12:00:00Z,-4.475,55.525,0.0
2013-03-03T12:00:00Z,-4.475,55.575,0.0
2013-03-03T12:00:00Z,-4.475,55.625,0.0
2013-03-03T12:00:00Z,-4.475,55.675,0.0
2013-03-03T12:00:00Z,-4.525,55.325,0.0
2013-03-03T12:00:00Z,-4.525,55.375,0.0
2013-03-03T12:00:00Z,-4.525,55.425,0.0
2013-03-03T12:00:00Z,-4.525,55.475,0.0
2013-03-03T12:00:00Z,-4.525,55.525,0.0
2013-03-03T12:00:00Z,-4.525,55.575,0.0
2013-03-03T12:00:00Z,-4.525,55.625,0.0
2013-03-03T12:00:00Z,-4.525,55.675,0.0
2013-03-03T12:00:00Z,-4.575,55.325,0.0
2013-03-03T12:00:00Z,-4.575,55.375,0.0
2013-03-03T12:00:00Z,-4.575,55.425,0.0
2013-03-03T12:00:00Z,-4.575,55.475,0.0
2013-03-03T12:00:00Z,-4.575,55.525,0.0
2013-03-03T12:00:00Z,-4.575,55.575,0.0
2013-03-03T12:00:00Z,-4.575,55.625,0.0
2013-03-03T12:00:00Z,-4.575,55.675,0.0
2013-03-03T12:00:00Z,-4.625,55.325,0.0
2013-03-03T12:00:00Z,-4.625,55.375,0.0
2013-03-03T12:00:00Z,-4.625,55.425,0.0
2013-03-03T12:00:00Z,-4.625,55.475,0.0
2013-03-03T12:00:00Z,-4.625,55.525,0.0
2013-03-03T12:00:00Z,-4.625,55.575,0.0
2013-03-03T12:00:00Z,-4.625,55.625,0.0
2013-03-03T12:00:00Z,-4.625,55.675,0.0
2013-04-02T12:00:00Z,-4.375,55.325,0.0
2013-04-02T12:00:00Z,-4.375,55.375,0.0
2013-04-02T12:00:00Z,-4.375,55.425,0.0
2013-04-02T12:00:00Z,-4.375,55.475,0.0
2013-04-02T12:00:00Z,-4.375,55.525,0.0
2013-04-02T12:00:00Z,-4.375,55.575,0.0
2013-04-02T12:00:00Z,-4.375,55.625,0.0
2013-04-02T12:00:00Z,-4.375,55.675,0.0
2013-04-02T12:00:00Z,-4.425,55.325,0.0
2013-04-02T12:00:00Z,-4.425,55.375,0.0
2013-04-02T12:00:00Z,-4.425,55.425,0.0
2013-04-02T12:00:00Z,-4.425,55.475,0.0
2013-04-02T12:00:00Z,-4.425,55.525,0.0
2013-04-02T12:00:00Z,-4.425,55.575,0.0
2013-04-02T12:00:00Z,-4.425,55.625,0.0
2013-04-02T12:00:00Z,-4.425,55.675,0.0
2013-04-02T12:00:00Z,-4.475,55.325,0.0
2013-04-02T12:00:00Z,-4.475,55.375,0.0
2013-04-02T12:00:00Z,-4.475,55.425,0.0
2013-04-02T12:00:00Z,-4.475,55.475,0.0
2013-04-02T12:00:00Z,-4.475,55.525,0.0
2013-04-02T12:00:00Z,-4.475,55.575,0.0
2013-04-02T12:00:00Z,-4.475,55.625,0.0
2013-04-02T12:00:00Z,-4.475,55.675,0.0
2013-04-02T12:00:00Z,-4.525,55.325,0.0
2013-04-02T12:00:00Z,-4.525,55.375,0.0
2013-04-02T12:00:00Z,-4.525,55.425,0.0
2013-04-02T12:00:00Z,-4.525,55.475,0.0
2013-04-02T12:00:00Z,-4.525,55.525,0.0
2013-04-02T12:00:00Z,-4.525,55.575,0.0
2013-04-02T12:00:00Z,-4.525,55.625,0.0
2013-04-02T12:00:00Z,-4.525,55.675,0.0
2013-04-02T12:00:00Z,-4.575,55.325,0.0
2013-04-02T12:00:00Z,-4.575,55.375,0.0
2013-04-02T12:00:00Z,-4.575,55.425,0.0
2013-04-02T12:00:00Z,-4.575,55.475,0.0
2013-04-02T12:00:00Z,-4.575,55.525,0.0
2013-04-02T12:00:00Z,-4.575,55.575,0.15
2013-04-02T12:00:00Z,-4.575,55.625,0.14
2013-04-02T12:00:00Z,-4.575,55.675,0.15
2013-04-02T12:00:00Z,-4.625,55.325,0.0
2013-04-02T12:00:00Z,-4.625,55.375,0.0
2013-04-02T12:00:00Z,-4.625,55.425,0.0
2013-04-02T12:00:00Z,-4.625,55.475,0.0
2013-04-02T12:00:00Z,-4.625,55.525,0.14
2013-04-02T12:00:00Z,-4.625,55.575,0.15
2013-04-02T12:00:00Z,-4.625,55.625,0.29
2013-04-02T12:00:00Z,-4.625,55.675,0.29
2013-05-02T12:00:00Z,-4.375,55.325,0.14
2013-05-02T12:00:00Z,-4.375,55.375,0.0
2013-05-02T12:00:00Z,-4.375,55.425,0.0
2013-05-02T12:00:00Z,-4.375,55.475,0.0
2013-05-02T12:00:00Z,-4.375,55.525,0.0
2013-05-02T12:00:00Z,-4.375,55.575,0.0
2013-05-02T12:00:00Z,-4.375,55.625,0.0
2013-05-02T12:00:00Z,-4.375,55.675,0.0
2013-05-02T12:00:00Z,-4.425,55.325,0.14
2013-05-02T12:00:00Z,-4.425,55.375,0.0
2013-05-02T12:00:00Z,-4.425,55.425,0.0
2013-05-02T12:00:00Z,-4.425,55.475,0.0
2013-05-02T12:00:00Z,-4.425,55.525,0.0
2013-05-02T12:00:00Z,-4.425,55.575,0.0
2013-05-02T12:00:00Z,-4.425,55.625,0.0
2013-05-02T12:00:00Z,-4.425,55.675,0.0
2013-05-02T12:00:00Z,-4.475,55.325,0.0
2013-05-02T12:00:00Z,-4.475,55.375,0.0
2013-05-02T12:00:00Z,-4.475,55.425,0.0
2013-05-02T12:00:00Z,-4.475,55.475,0.0
2013-05-02T12:00:00Z,-4.475,55.525,0.0
2013-05-02T12:00:00Z,-4.475,55.575,0.0
2013-05-02T12:00:00Z,-4.475,55.625,0.0
2013-05-02T12:00:00Z,-4.475,55.675,0.0
2013-05-02T12:00:00Z,-4.525,55.325,0.0
2013-05-02T12:00:00Z,-4.525,55.375,0.0
2013-05-02T12:00:00Z,-4.525,55.425,0.0
2013-05-02T12:00:00Z,-4.525,55.475,0.0
2013-05-02T12:00:00Z,-4.525,55.525,0.0
2013-05-02T12:00:00Z,-4.525,55.575,0.0
2013-05-02T12:00:00Z,-4.525,55.625,0.0
2013-05-02T12:00:00Z,-4.525,55.675,0.0
2013-05-02T12:00:00Z,-4.575,55.325,0.0
2013-05-02T12:00:00Z,-4.575,55.375,0.0
2013-05-02T12:00:00Z,-4.575,55.425,0.0
2013-05-02T12:00:00Z,-4.575,55.475,0.0
2013-05-02T12:00:00Z,-4.575,55.525,0.0
2013-05-02T12:00:00Z,-4.575,55.575,0.15
2013-05-02T12:00:00Z,-4.575,55.625,0.14
2013-05-02T12:00:00Z,-4.575,55.675,0.15
2013-05-02T12:00:00Z,-4.625,55.325,0.0
2013-05-02T12:00:00Z,-4.625,55.375,0.0
2013-05-02T12:00:00Z,-4.625,55.425,0.0
2013-05-02T12:00:00Z,-4.625,55.475,0.0
2013-05-02T12:00:00Z,-4.625,55.525,0.14
2013-05-02T12:00:00Z,-4.625,55.575,0.15
2013-05-02T12:00:00Z,-4.625,55.625,0.29
2013-05-02T12:00:00Z,-4.625,55.675,0.29
2013-06-01T12:00:00Z,-4.375,55.325,0.14
2013-06-01T12:00:00Z,-4.375,55.375,0.0
2013-06-01T12:00:00Z,-4.375,55.425,0.0
2013-06-01T12:00:00Z,-4.375,55.475,0.0
2013-06-01T12:00:00Z,-4.375,55.525,0.0
2013-06-01T12:00:00Z,-4.375,55.575,0.0
2013-06-01T12:00:00Z,-4.375,55.625,0.0
2013-06-01T12:00:00Z,-4.375,55.675,0.0
2013-06-01T12:00:00Z,-4.425,55.325,0.14
2013-06-01T12:00:00Z,-4.425,55.375,0.0
2013-06-01T12:00:00Z,-4.425,55.425,0.0
2013-06-01T12:00:00Z,-4.425,55.475,0.0
2013-06-01T12:00:00Z,-4.425,55.525,0.0
2013-06-01T12:00:00Z,-4.425,55.575,0.0
2013-06-01T12:00:00Z,-4.425,55.625,0.0
2013-06-01T12:00:00Z,-4.425,55.675,0.0
2013-06-01T12:00:00Z,-4.475,55.325,0.0
2013-06-01T12:00:00Z,-4.475,55.375,0.0
2013-06-01T12:00:00Z,-4.475,55.425,0.0
2013-06-01T12:00:00Z,-4.475,55.475,0.0
2013-06-01T12:00:00Z,-4.475,55.525,0.0
2013-06-01T12:00:00Z,-4.475,55.575,0.0
2013-06-01T12:00:00Z,-4.475,55.625,0.0
2013-06-01T12:00:00Z,-4.475,55.675,0.0
2013-06-01T12:00:00Z,-4.525,55.325,0.0
2013-06-01T12:00:00Z,-4.525,55.375,0.0
2013-06-01T12:00:00Z,-4.525,55.425,0.0
2013-06-01T12:00:00Z,-4.525,55.475,0.0
2013-06-01T12:00:00Z,-4.525,55.525,0.0
2013-06-01T12:00:00Z,-4.525,55.575,0.0
2013-06-01T12:00:00Z,-4.525,55.625,0.0
2013-06-01T12:00:00Z,-4.525,55.675,0.0
2013-06-01T12:00:00Z,-4.575,55.325,0.0
2013-06-01T12:00:00Z,-4.575,55.375,0.0
2013-06-01T12:00:00Z,-4.575,55.425,0.0
2013-06-01T12:00:00Z,-4.575,55.475,0.0
2013-06-01T12:00:00Z,-4.575,55.525,0.0
2013-06-01T12:00:00Z,-4.575,55.575,0.15
2013-06-01T12:00:00Z,-4.575,55.625,0.14
2013-06-01T12:00:00Z,-4.575,55.675,0.15
2013-06-01T12:00:00Z,-4.625,55.325,0.0
2013-06-01T12:00:00Z,-4.625,55.375,0.0
2013-06-01T12:00:00Z,-4.625,55.425,0.0
2013-06-01T12:00:00Z,-4.625,55.475,0.0
2013-06-01T12:00:00Z,-4.625,55.525,0.14
2013-06-01T12:00:00Z,-4.625,55.575,0.15
2013-06-01T12:00:00Z,-4.625,55.625,0.29
2013-06-01T12:00:00Z,-4.625,55.675,0.29
2013-07-01T12:00:00Z,-4.375,55.325,0.14
2013-07-01T12:00:00Z,-4.375,55.375,0.0
2013-07-01T12:00:00Z,-4.375,55.425,0.0
2013-07-01T12:00:00Z,-4.375,55.475,0.0
2013-07-01T12:00:00Z,-4.375,55.525,0.0
2013-07-01T12:00:00Z,-4.375,55.575,0.0
2013-07-01T12:00:00Z,-4.375,55.625,0.0
2013-07-01T12:00:00Z,-4.375,55.675,0.0
2013-07-01T12:00:00Z,-4.425,55.325,0.14
2013-07-01T12:00:00Z,-4.425,55.375,0.0
2013-07-01T12:00:00Z,-4.425,55.425,0.0
2013-07-01T12:00:00Z,-4.425,55.475,0.0
2013-07-01T12:00:00Z,-4.425,55.525,0.0
2013-07-01T12:00:00Z,-4.425,55.575,0.0
2013-07-01T12:00:00Z,-4.425,55.625,0.0
2013-07-01T12:00:00Z,-4.425,55.675,0.0
2013-07-01T12:00:00Z,-4.475,55.325,0.0
2013-07-01T12:00:00Z,-4.475,55.375,0.0
2013-07-01T12:00:00Z,-4.475,55.425,0.0
2013-07-01T12:00:00Z,-4.475,55.475,0.0
2013-07-01T12:00:00Z,-4.475,55.525,0.0
2013-07-01T12:00:00Z,-4.475,55.575,0.0
2013-07-01T12:00:00Z,-4.475,55.625,0.0
2013-07-01T12:00:00Z,-4.475,55.675,0.0
2013-07-01T12:00:00Z,-4.525,55.325,0.0
2013-07-01T12:00:00Z,-4.525,55.375,0.0
2013-07-01T12:00:00Z,-4.525,55.425,0.0
2013-07-01T12:00:00Z,-4.525,55.475,0.0
2013-07-01T12:00:00Z,-4.525,55.525,0.0
2013-07-01T12:00:00Z,-4.525,55.575,0.0
2013-07-01T12:00:00Z,-4.525,55.625,0.0
2013-07-01T12:00:00Z,-4.525,55.675,0.0
2013-07-01T12:00:00Z,-4.575,55.325,0.0
2013-07-01T12:00:00Z,-4.575,55.375,0.0
2013-07-01T12:00:00Z,-4.575,55.425,0.0
2013-07-01T12:00:00Z,-4.575,55.475,0.0
2013-07-01T12:00:00Z,-4.575,55.525,0.0
2013-07-01T12:00:00Z,-4.575,55.575,0.0
2013-07-01T12:00:00Z,-4.575,55.625,0.0
2013-07-01T12:00:00Z,-4.575,55.675,0.0
2013-07-01T12:00:00Z,-4.625,55.325,0.0
2013-07-01T12:00:00Z,-4.625,55.375,0.0
2013-07-01T12:00:00Z,-4.625,55.425,0.0
2013-07-01T12:00:00Z,-4.625,55.475,0.0
2013-07-01T12:00:00Z,-4.625,55.525,0.0
2013-07-01T12:00:00Z,-4.625,55.575,0.0
2013-07-01T12:00:00Z,-4.625,55.625,0.0
2013-07-01T12:00:00Z,-4.625,55.675,0.0
2013-07-31T12:00:00Z,-4.375,55.325,0.0
2013-07-31T12:00:00Z,-4.375,55.375,0.0
2013-07-31T12:00:00Z,-4.375,55.425,0.0
2013-07-31T12:00:00Z,-4.375,55.475,0.0
2013-07-31T12:00:00Z,-4.375,55.525,0.0
2013-07-31T12:00:00Z,-4.375,55.575,0.0
2013-07-31T12:00:00Z,-4.375,55.625,0.0
2013-07-31T12:00:00Z,-4.375,55.675,0.0
2013-07-31T12:00:00Z,-4.425,55.325,0.0
2013-07-31T12:00:00Z,-4.425,55.375,0.0
2013-07-31T12:00:00Z,-4.425,55.425,0.0
2013-07-31T12:00:00Z,-4.425,55.475,0.0
2013-07-31T12:00:00Z,-4.425,55.525,0.0
2013-07-31T12:00:00Z,-4.425,55.575,0.0
2013-07-31T12:00:00Z,-4.425,55.625,0.0
2013-07-31T12:00:00Z,-4.425,55.675,0.0
2013-07-31T12:00:00Z,-4.475,55.325,0.0
2013-07-31T12:00:00Z,-4.475,55.375,0.0
2013-07-31T12:00:00Z,-4.475,55.425,0.0
2013-07-31T12:00:00Z,-4.475,55.475,0.0
2013-07-31T12:00:00Z,-4.475,55.525,0.0
2013-07-31T12:00:00Z,-4.475,55.575,0.0
2013-07-31T12:00:00Z,-4.475,55.625,0.0
2013-07-31T12:00:00Z,-4.475,55.675,0.0
2013-07-31T12:00:00Z,-4.525,55.325,0.0
2013-07-31T12:00:00Z,-4.525,55.375,0.0
2013-07-31T12:00:00Z,-4.525,55.425,0.0
2013-07-31T12:00:00Z,-4.525,55.475,0.0
2013-07-31T12:00:00Z,-4.525,55.525,0.0
2013-07-31T12:00:00Z,-4.525,55.575,0.0
2013-07-31T12:00:00Z,-4.525,55.625,0.0
2013-07-31T12:00:00Z,-4.525,55.675,0.0
2013-07-31T12:00:00Z,-4.575,55.325,0.0
2013-07-31T12:00:00Z,-4.575,55.375,0.0
2013-07-31T12:00:00Z,-4.575,55.425,0.0
2013-07-31T12:00:00Z,-4.575,55.475,0.0
2013-07-31T12:00:00Z,-4.575,55.525,0.0
2013-07-31T12:00:00Z,-4.575,55.575,0.0
2013-07-31T12:00:00Z,-4.575,55.625,0.0
2013-07-31T12:00:00Z,-4.575,55.675,0.0
2013-07-31T12:00:00Z,-4.625,55.325,0.0
2013-07-31T12:00:00Z,-4.625,55.375,0.0
2013-07-31T12:00:00Z,-4.625,55.425,0.0
2013-07-31T12:00:00Z,-4.625,55.475,0.0
2013-07-31T12:00:00Z,-4.625,55.525,0.0
2013-07-31T12:00:00Z,-4.625,55.575,0.0
2013-07-31T12:00:00Z,-4.625,55.625,0.0
2013-07-31T12:00:00Z,-4.625,55.675,0.0
2013-08-30T12:00:00Z,-4.375,55.325,0.0
2013-08-30T12:00:00Z,-4.375,55.375,0.0
2013-08-30T12:00:00Z,-4.375,55.425,0.0
2013-08-30T12:00:00Z,-4.375,55.475,0.0
2013-08-30T12:00:00Z,-4.375,55.525,0.0
2013-08-30T12:00:00Z,-4.375,55.575,0.0
2013-08-30T12:00:00Z,-4.375,55.625,0.0
2013-08-30T12:00:00Z,-4.375,55.675,0.0
2013-08-30T12:00:00Z,-4.425,55.325,0.0
2013-08-30T12:00:00Z,-4.425,55.375,0.0
2013-08-30T12:00:00Z,-4.425,55.425,0.0
2013-08-30T12:00:00Z,-4.425,55.475,0.0
2013-08-30T12:00:00Z,-4.425,55.525,0.0
2013-08-30T12:00:00Z,-4.425,55.575,0.0
2013-08-30T12:00:00Z,-4.425,55.625,0.0
2013-08-30T12:00:00Z,-4.425,55.675,0.0
2013-08-30T12:00:00Z,-4.475,55.325,0.0
2013-08-30T12:00:00Z,-4.475,55.375,0.0
2013-08-30T12:00:00Z,-4.475,55.425,0.0
2013-08-30T12:00:00Z,-4.475,55.475,0.0
2013-08-30T12:00:00Z,-4.475,55.525,0.0
2013-08-30T12:00:00Z,-4.475,55.575,0.0
2013-08-30T12:00:00Z,-4.475,55.625,0.0
2013-08-30T12:00:00Z,-4.475,55.675,0.0
2013-08-30T12:00:00Z,-4.525,55.325,0.0
2013-08-30T12:00:00Z,-4.525,55.375,0.0
2013-08-30T12:00:00Z,-4.525,55.425,0.0
2013-08-30T12:00:00Z,-4.525,55.475,0.0
2013-08-30T12:00:00Z,-4.525,55.525,0.0
2013-08-30T12:00:00Z,-4.525,55.575,0.0
2013-08-30T12:00:00Z,-4.525,55.625,0.0
2013-08-30T12:00:00Z,-4.525,55.675,0.0
2013-08-30T12:00:00Z,-4.575,55.325,0.0
2013-08-30T12:00:00Z,-4.575,55.375,0.0
2013-08-30T12:00:00Z,-4.575,55.425,0.0
2013-08-30T12:00:00Z,-4.575,55.475,0.0
2013-08-30T12:00:00Z,-4.575,55.525,0.0
2013-08-30T12:00:00Z,-4.575,55.575,0.0
2013-08-30T12:00:00Z,-4.575,55.625,0.0
2013-08-30T12:00:00Z,-4.575,55.675,0.0
2013-08-30T12:00:00Z,-4.625,55.325,0.0
2013-08-30T12:00:00Z,-4.625,55.375,0.0
2013-08-30T12:00:00Z,-4.625,55.425,0.0
2013-08-30T12:00:00Z,-4.625,55.475,0.0
2013-08-30T12:00:00Z,-4.625,55.525,0.0
2013-08-30T12:00:00Z,-4.625,55.575,0.0
2013-08-30T12:00:00Z,-4.625,55.625,0.0
2013-08-30T12:00:00Z,-4.625,55.675,0.0
2013-09-29T12:00:00Z,-4.375,55.325,0.0
2013-09-29T12:00:00Z,-4.375,55.375,0.0
2013-09-29T12:00:00Z,-4.375,55.425,0.0
2013-09-29T12:00:00Z,-4.375,55.475,0.0
2013-09-29T12:00:00Z,-4.375,55.525,0.0
2013-09-29T12:00:00Z,-4.375,55.575,0.0
2013-09-29T12:00:00Z,-4.375,55.625,0.0
2013-09-29T12:00:00Z,-4.375,55.675,0.0
2013-09-29T12:00:00Z,-4.425,55.325,0.0
2013-09-29T12:00:00Z,-4.425,55.375,0.0
2013-09-29T12:00:00Z,-4.425,55.425,0.0
2013-09-29T12:00:00Z,-4.425,55.475,0.0
2013-09-29T12:00:00Z,-4.425,55.525,0.0
2013-09-29T12:00:00Z,-4.425,55.575,0.0
2013-09-29T12:00:00Z,-4.425,55.625,0.0
2013-09-29T12:00:00Z,-4.425,55.675,0.0
2013-09-29T12:00:00Z,-4.475,55.325,0.0
2013-09-29T12:00:00Z,-4.475,55.375,0.0
2013-09-29T12:00:00Z,-4.475,55.425,0.0
2013-09-29T12:00:00Z,-4.475,55.475,0.0
2013-09-29T12:00:00Z,-4.475,55.525,0.0
2013-09-29T12:00:00Z,-4.475,55.575,0.0
2013-09-29T12:00:00Z,-4.475,55.625,0.0
2013-09-29T12:00:00Z,-4.475,55.675,0.0
2013-09-29T12:00:00Z,-4.525,55.325,0.0
2013-09-29T12:00:00Z,-4.525,55.375,0.0
2013-09-29T12:00:00Z,-4.525,55.425,0.0
2013-09-29T12:00:00Z,-4.525,55.475,0.0
2013-09-29T12:00:00Z,-4.525,55.525,0.0
2013-09-29T12:00:00Z,-4.525,55.575,0.0
2013-09-29T12:00:00Z,-4.525,55.625,0.0
2013-09-29T12:00:00Z,-4.525,55.675,0.0
2013-09-29T12:00:00Z,-4.575,55.325,0.0
2013-09-29T12:00:00Z,-4.575,55.375,0.0
2013-09-29T12:00:00Z,-4.575,55.425,0.0
2013-09-29T12:00:00Z,-4.575,55.475,0.0
2013-09-29T12:00:00Z,-4.575,55.525,0.0
2013-09-29T12:00:00Z,-4.575,55.575,0.0
2013-09-29T12:00:00Z,-4.575,55.625,0.0
2013-09-29T12:00:00Z,-4.575,55.675,0.0
2013-09-29T12:00:00Z,-4.625,55.325,0.0
2013-09-29T12:00:00Z,-4.625,55.375,0.0
2013-09-29T12:00:00Z,-4.625,55.425,0.0
2013-09-29T12:00:00Z,-4.625,55.475,0.0
2013-09-29T12:00:00Z,-4.625,55.525,0.0
2013-09-29T12:00:00Z,-4.625,55.575,0.0
2013-09-29T12:00:00Z,-4.625,55.625,0.0
2013-09-29T12:00:00Z,-4.625,55.675,0.0
2013-10-29T12:00:00Z,-4.375,55.325,0.0
2013-10-29T12:00:00Z,-4.375,55.375,0.0
2013-10-29T12:00:00Z,-4.375,55.425,0.0
2013-10-29T12:00:00Z,-4.375,55.475,0.0
2013-10-29T12:00:00Z,-4.375,55.525,0.0
2013-10-29T12:00:00Z,-4.375,55.575,0.0
2013-10-29T12:00:00Z,-4.375,55.625,0.0
2013-10-29T12:00:00Z,-4.375,55.675,0.0
2013-10-29T12:00:00Z,-4.425,55.325,0.0
2013-10-29T12:00:00Z,-4.425,55.375,0.0
2013-10-29T12:00:00Z,-4.425,55.425,0.0
2013-10-29T12:00:00Z,-4.425,55.475,0.0
2013-10-29T12:00:00Z,-4.425,55.525,0.0
2013-10-29T12:00:00Z,-4.425,55.575,0.0
2013-10-29T12:00:00Z,-4.425,55.625,0.0
2013-10-29T12:00:00Z,-4.425,55.675,0.0
2013-10-29T12:00:00Z,-4.475,55.325,0.0
2013-10-29T12:00:00Z,-4.475,55.375,0.0
2013-10-29T12:00:00Z,-4.475,55.425,0.0
2013-10-29T12:00:00Z,-4.475,55.475,0.0
2013-10-29T12:00:00Z,-4.475,55.525,0.0
2013-10-29T12:00:00Z,-4.475,55.575,0.0
2013-10-29T12:00:00Z,-4.475,55.625,0.0
2013-10-29T12:00:00Z,-4.475,55.675,0.0
2013-10-29T12:00:00Z,-4.525,55.325,0.0
2013-10-29T12:00:00Z,-4.525,55.375,0.0
2013-10-29T12:00:00Z,-4.525,55.425,0.0
2013-10-29T12:00:00Z,-4.525,55.475,0.0
2013-10-29T12:00:00Z,-4.525,55.525,0.0
2013-10-29T12:00:00Z,-4.525,55.575,0.0
2013-10-29T12:00:00Z,-4.525,55.625,0.0
2013-10-29T12:00:00Z,-4.525,55.675,0.0
2013-10-29T12:00:00Z,-4.575,55.325,0.0
2013-10-29T12:00:00Z,-4.575,55.375,0.0
2013-10-29T12:00:00Z,-4.575,55.425,0.0
2013-10-29T12:00:00Z,-4.575,55.475,0.0
2013-10-29T12:00:00Z,-4.575,55.525,0.0
2013-10-29T12:00:00Z,-4.575,55.575,0.0
2013-10-29T12:00:00Z,-4.575,55.625,0.0
2013-10-29T12:00:00Z,-4.575,55.675,0.0
2013-10-29T12:00:00Z,-4.625,55.325,0.0
2013-10-29T12:00:00Z,-4.625,55.375,0.0
2013-10-29T12:00:00Z,-4.625,55.425,0.0
2013-10-29T12:00:00Z,-4.625,55.475,0.0
2013-10-29T12:00:00Z,-4.625,55.525,0.0
2013-10-29T12:00:00Z,-4.625,55.575,0.0
2013-10-29T12:00:00Z,-4.625,55.625,0.0
2013-10-29T12:00:00Z,-4.625,55.675,0.0
2013-11-28T12:00:00Z,-4.375,55.325,0.0
2013-11-28T12:00:00Z,-4.375,55.375,0.0
2013-11-28T12:00:00Z,-4.375,55.425,0.0
2013-11-28T12:00:00Z,-4.375,55.475,0.0
2013-11-28T12:00:00Z,-4.375,55.525,0.0
2013-11-28T12:00:00Z,-4.375,55.575,0.0
2013-11-28T12:00:00Z,-4.375,55.625,0.0
2013-11-28T12:00:00Z,-4.375,55.675,0.0
2013-11-28T12:00:00Z,-4.425,55.325,0.0
2013-11-28T12:00:00Z,-4.425,55.375,0.0
2013-11-28T12:00:00Z,-4.425,55.425,0.0
2013-11-28T12:00:00Z,-4.425,55.475,0.0
2013-11-28T12:00:00Z,-4.425,55.525,0.0
2013-11-28T12:00:00Z,-4.425,55.575,0.0
2013-11-28T12:00:00Z,-4.425,55.625,0.0
2013-11-28T12:00:00Z,-4.425,55.675,0.0
2013-11-28T12:00:00Z,-4.475,55.325,0.0
2013-11-28T12:00:00Z,-4.475,55.375,0.0
2013-11-28T12:00:00Z,-4.475,55.425,0.0
2013-11-28T12:00:00Z,-4.475,55.475,0.0
2013-11-28T12:00:00Z,-4.475,55.525,0.0
2013-11-28T12:00:00Z,-4.475,55.575,0.0
2013-11-28T12:00:00Z,-4.475,55.625,0.0
2013-11-28T12:00:00Z,-4.475,55.675,0.0
2013-11-28T12:00:00Z,-4.525,55.325,0.0
2013-11-28T12:00:00Z,-4.525,55.375,0.0
2013-11-28T12:00:00Z,-4.525,55.425,0.0
2013-11-28T12:00:00Z,-4.525,55.475,0.0
2013-11-28T12:00:00Z,-4.525,55.525,0.0
2013-11-28T12:00:00Z,-4.525,55.575,0.0
2013-11-28T12:00:00Z,-4.525,55.625,0.0
2013-11-28T12:00:00Z,-4.525,55.675,0.0
2013-11-28T12:00:00Z,-4.575,55.325,0.0
2013-11-28T12:00:00Z,-4.575,55.375,0.0
2013-11-28T12:00:00Z,-4.575,55.425,0.0
2013-11-28T12:00:00Z,-4.575,55.475,0.0
2013-11-28T12:00:00Z,-4.575,55.525,0.0
2013-11-28T12:00:00Z,-4.575,55.575,0.0
2013-11-28T12:00:00Z,-4.575,55.625,0.0
2013-11-28T12:00:00Z,-4.575,55.675,0.0
2013-11-28T12:00:00Z,-4.625,55.325,0.0
2013-11-28T12:00:00Z,-4.625,55.375,0.0
2013-11-28T12:00:00Z,-4.625,55.425,0.0
2013-11-28T12:00:00Z,-4.625,55.475,0.0
2013-11-28T12:00:00Z,-4.625,55.525,0.0
2013-11-28T12:00:00Z,-4.625,55.575,0.0
2013-11-28T12:00:00Z,-4.625,55.625,0.0
2013-11-28T12:00:00Z,-4.625,55.675,0.0
2013-12-28T12:00:00Z,-4.375,55.325,0.0
2013-12-28T12:00:00Z,-4.375,55.375,0.0
2013-12-28T12:00:00Z,-4.375,55.425,0.0
2013-12-28T12:00:00Z,-4.375,55.475,0.0
2013-12-28T12:00:00Z,-4.375,55.525,0.0
2013-12-28T12:00:00Z,-4.375,55.575,0.0
2013-12-28T12:00:00Z,-4.375,55.625,0.0
2013-12-28T12:00:00Z,-4.375,55.675,0.0
2013-12-28T12:00:00Z,-4.425,55.325,0.0
2013-12-28T12:00:00Z,-4.425,55.375,0.0
2013-12-28T12:00:00Z,-4.425,55.425,0.0
2013-12-28T12:00:00Z,-4.425,55.475,0.0
2013-12-28T12:00:00Z,-4.425,55.525,0.0
2013-12-28T12:00:00Z,-4.425,55.575,0.0
2013-12-28T12:00:00Z,-4.425,55.625,0.0
2013-12-28T12:00:00Z,-4.425,55.675,0.0
2013-12-28T12:00:00Z,-4.475,55.325,0.0
2013-12-28T12:00:00Z,-4.475,55.375,0.0
2013-12-28T12:00:00Z,-4.475,55.425,0.0
2013-12-28T12:00:00Z,-4.475,55.475,0.0
2013-12-28T12:00:00Z,-4.475,55.525,0.0
2013-12-28T12:00:00Z,-4.475,55.575,0.0
2013-12-28T12:00:00Z,-4.475,55.625,0.0
2013-12-28T12:00:00Z,-4.475,55.675,0.0
2013-12-28T12:00:00Z,-4.525,55.325,0.0
2013-12-28T12:00:00Z,-4.525,55.375,0.0
2013-12-28T12:00:00Z,-4.525,55.425,0.0
2013-12-28T12:00:00Z,-4.525,55.475,0.0
2013-12-28T12:00:00Z,-4.525,55.525,0.0
2013-12-28T12:00:00Z,-4.525,55.575,0.0
2013-12-28T12:00:00Z,-4.525,55.625,0.0
2013-12-28T12:00:00Z,-4.525,55.675,0.0
2013-12-28T12:00:00Z,-4.575,55.325,0.0
2013-12-28T12:00:00Z,-4.575,55.375,0.0
2013-12-28T12:00:00Z,-4.575,55.425,0.0
2013-12-28T12:00:00Z,-4.575,55.475,0.0
2013-12-28T12:00:00Z,-4.575,55.525,0.0
2013-12-28T12:00:00Z,-4.575,55.575,0.0
2013-12-28T12:00:00Z,-4.575,55.625,0.0
2013-12-28T12:00:00Z,-4.575,55.675,0.0
2013-12-28T12:00:00Z,-4.625,55.325,0.0
2013-12-28T12:00:00Z,-4.625,55.375,0.0
2013-12-28T12:00:00Z,-4.625,55.425,0.0
2013-12-28T12:00:00Z,-4.625,55.475,0.0
2013-12-28T12:00:00Z,-4.625,55.525,0.0
2013-12-28T12:00:00Z,-4.625,55.575,0.0
2013-12-28T12:00:00Z,-4.625,55.625,0.0
2013-12-28T12:00:00Z,-4.625,55.675,0.0
2014-01-27T12:00:00Z,-4.375,55.325,0.0
2014-01-27T12:00:00Z,-4.375,55.375,0.0
2014-01-27T12:00:00Z,-4.375,55.425,0.0
2014-01-27T12:00:00Z,-4.375,55.475,0.0
2014-01-27T12:00:00Z,-4.375,55.525,0.0
2014-01-27T12:00:00Z,-4.375,55.575,0.0
2014-01-27T12:00:00Z,-4.375,55.625,0.0
2014-01-27T12:00:00Z,-4.375,55.675,0.0
2014-01-27T12:00:00Z,-4.425,55.325,0.0
2014-01-27T12:00:00Z,-4.425,55.375,0.0
2014-01-27T12:00:00Z,-4.425,55.425,0.0
2014-01-27T12:00:00Z,-4.425,55.475,0.0
2014-01-27T12:00:00Z,-4.425,55.525,0.0
2014-01-27T12:00:00Z,-4.425,55.575,0.0
2014-01-27T12:00:00Z,-4.425,55.625,0.0
2014-01-27T12:00:00Z,-4.425,55.675,0.0
2014-01-27T12:00:00Z,-4.475,55.325,0.0
2014-01-27T12:00:00Z,-4.475,55.375,0.0
2014-01-27T12:00:00Z,-4.475,55.425,0.0
2014-01-27T12:00:00Z,-4.475,55.475,0.0
2014-01-27T12:00:00Z,-4.475,55.525,0.0
2014-01-27T12:00:00Z,-4.475,55.575,0.0
2014-01-27T12:00:00Z,-4.475,55.625,0.0
2014-01-27T12:00:00Z,-4.475,55.675,0.0
2014-01-27T12:00:00Z,-4.525,55.325,0.0
2014-01-27T12:00:00Z,-4.525,55.375,0.0
2014-01-27T12:00:00Z,-4.525,55.425,0.0
2014-01-27T12:00:00Z,-4.525,55.475,0.0
2014-01-27T12:00:00Z,-4.525,55.525,0.0
2014-01-27T12:00:00Z,-4.525,55.575,0.0
2014-01-27T12:00:00Z,-4.525,55.625,0.0
2014-01-27T12:00:00Z,-4.525,55.675,0.0
2014-01-27T12:00:00Z,-4.575,55.325,0.0
2014-01-27T12:00:00Z,-4.575,55.375,0.0
2014-01-27T12:00:00Z,-4.575,55.425,0.0
2014-01-27T12:00:00Z,-4.575,55.475,0.0
2014-01-27T12:00:00Z,-4.575,55.525,0.0
2014-01-27T12:00:00Z,-4.575,55.575,0.0
2014-01-27T12:00:00Z,-4.575,55.625,0.0
2014-01-27T12:00:00Z,-4.575,55.675,0.0
2014-01-27T12:00:00Z,-4.625,55.325,0.0
2014-01-27T12:00:00Z,-4.625,55.375,0.0
2014-01-27T12:00:00Z,-4.625,55.425,0.0
2014-01-27T12:00:00Z,-4.625,55.475,0.0
2014-01-27T12:00:00Z,-4.625,55.525,0.0
2014-01-27T12:00:00Z,-4.625,55.575,0.0
2014-01-27T12:00:00Z,-4.625,55.625,0.0
2014-01-27T12:00:00Z,-4.625,55.675,0.0
2014-02-26T12:00:00Z,-4.375,55.325,0.0
2014-02-26T12:00:00Z,-4.375,55.375,0.0
2014-02-26T12:00:00Z,-4.375,55.425,0.0
2014-02-26T12:00:00Z,-4.375,55.475,0.0
2014-02-26T12:00:00Z,-4.375,55.525,0.0
2014-02-26T12:00:00Z,-4.375,55.575,0.0
2014-02-26T12:00:00Z,-4.375,55.625,0.0
2014-02-26T12:00:00Z,-4.375,55.675,0.0
2014-02-26T12:00:00Z,-4.425,55.325,0.0
2014-02-26T12:00:00Z,-4.425,55.375,0.0
2014-02-26T12:00:00Z,-4.425,55.425,0.0
2014-02-26T12:00:00Z,-4.425,55.475,0.0
2014-02-26T12:00:00Z,-4.425,55.525,0.0
2014-02-26T12:00:00Z,-4.425,55.575,0.0
2014-02-26T12:00:00Z,-4.425,55.625,0.0
2014-02-26T12:00:00Z,-4.425,55.675,0.0
2014-02-26T12:00:00Z,-4.475,55.325,0.0
2014-02-26T12:00:00Z,-4.475,55.375,0.0
2014-02-26T12:00:00Z,-4.475,55.425,0.0
2014-02-26T12:00:00Z,-4.475,55.475,0.0
2014-02-26T12:00:00Z,-4.475,55.525,0.0
2014-02-26T12:00:00Z,-4.475,55.575,0.0
2014-02-26T12:00:00Z,-4.475,55.625,0.0
2014-02-26T12:00:00Z,-4.475,55.675,0.0
2014-02-26T12:00:00Z,-4.525,55.325,0.0
2014-02-26T12:00:00Z,-4.525,55.375,0.0
2014-02-26T12:00:00Z,-4.525,55.425,0.0
2014-02-26T12:00:00Z,-4.525,55.475,0.0
2014-02-26T12:00:00Z,-4.525,55.525,0.0
2014-02-26T12:00:00Z,-4.525,55.575,0.0
2014-02-26T12:00:00Z,-4.525,55.625,0.0
2014-02-26T12:00:00Z,-4.525,55.675,0.0
2014-02-26T12:00:00Z,-4.575,55.325,0.0
2014-02-26T12:00:00Z,-4.575,55.375,0.0
2014-02-26T12:00:00Z,-4.575,55.425,0.0
2014-02-26T12:00:00Z,-4.575,55.475,0.0
2014-02-26T12:00:00Z,-4.575,55.525,0.0
2014-02-26T12:00:00Z,-4.575,55.575,0.0
2014-02-26T12:00:00Z,-4.575,55.625,0.0
2014-02-26T12:00:00Z,-4.575,55.675,0.0
2014-02-26T12:00:00Z,-4.625,55.325,0.0
2014-02-26T12:00:00Z,-4.625,55.375,0.0
2014-02-26T12:00:00Z,-4.625,55.425,0.0
2014-02-26T12:00:00Z,-4.625,55.475,0.0
2014-02-26T12:00:00Z,-4.625,55.525,0.0
2014-02-26T12:00:00Z,-4.625,55.575,0.0
2014-02-26T12:00:00Z,-4.625,55.625,0.0
2014-02-26T12:00:00Z,-4.625,55.675,0.0
2014-03-28T12:00:00Z,-4.375,55.325,0.0
2014-03-28T12:00:00Z,-4.375,55.375,0.0
2014-03-28T12:00:00Z,-4.375,55.425,0.0
2014-03-28T12:00:00Z,-4.375,55.475,0.0
2014-03-28T12:00:00Z,-4.375,55.525,0.0
2014-03-28T12:00:00Z,-4.375,55.575,0.0
2014-03-28T12:00:00Z,-4.375,55.625,0.0
2014-03-28T12:00:00Z,-4.375,55.675,0.0
2014-03-28T12:00:00Z,-4.425,55.325,0.0
2014-03-28T12:00:00Z,-4.425,55.375,0.0
2014-03-28T12:00:00Z,-4.425,55.425,0.0
2014-03-28T12:00:00Z,-4.425,55.475,0.0
2014-03-28T12:00:00Z,-4.425,55.525,0.0
2014-03-28T12:00:00Z,-4.425,55.575,0.0
2014-03-28T12:00:00Z,-4.425,55.625,0.0
2014-03-28T12:00:00Z,-4.425,55.675,0.0
2014-03-28T12:00:00Z,-4.475,55.325,0.0
2014-03-28T12:00:00Z,-4.475,55.375,0.0
2014-03-28T12:00:00Z,-4.475,55.425,0.0
2014-03-28T12:00:00Z,-4.475,55.475,0.0
2014-03-28T12:00:00Z,-4.475,55.525,0.0
2014-03-28T12:00:00Z,-4.475,55.575,0.0
2014-03-28T12:00:00Z,-4.475,55.625,0.0
2014-03-28T12:00:00Z,-4.475,55.675,0.0
2014-03-28T12:00:00Z,-4.525,55.325,0.0
2014-03-28T12:00:00Z,-4.525,55.375,0.0
2014-03-28T12:00:00Z,-4.525,55.425,0.0
2014-03-28T12:00:00Z,-4.525,55.475,0.0
2014-03-28T12:00:00Z,-4.525,55.525,0.0
2014-03-28T12:00:00Z,-4.525,55.575,0.0
2014-03-28T12:00:00Z,-4.525,55.625,0.0
2014-03-28T12:00:00Z,-4.525,55.675,0.0
2014-03-28T12:00:00Z,-4.575,55.325,0.0
2014-03-28T12:00:00Z,-4.575,55.375,0.0
2014-03-28T12:00:00Z,-4.575,55.425,0.0
2014-03-28T12:00:00Z,-4.575,55.475,0.0
2014-03-28T12:00:00Z,-4.575,55.525,0.0
2014-03-28T12:00:00Z,-4.575,55.575,0.0
2014-03-28T12:00:00Z,-4.575,55.625,0.0
2014-03-28T12:00:00Z,-4.575,55.675,0.0
2014-03-28T12:00:00Z,-4.625,55.325,0.0
2014-03-28T12:00:00Z,-4.625,55.375,0.0
2014-03-28T12:00:00Z,-4.625,55.425,0.0
2014-03-28T12:00:00Z,-4.625,55.475,0.0
2014-03-28T12:00:00Z,-4.625,55.525,0.0
2014-03-28T12:00:00Z,-4.625,55.575,0.0
2014-03-28T12:00:00Z,-4.625,55.625,0.0
2014-03-28T12:00:00Z,-4.625,55.675,0.0
2014-04-27T12:00:00Z,-4.375,55.325,0.48
2014-04-27T12:00:00Z,-4.375,55.375,0.49
2014-04-27T12:00:00Z,-4.375,55.425,0.49
2014-04-27T12:00:00Z,-4.375,55.475,0.48
2014-04-27T12:00:00Z,-4.375,55.525,0.47000000000000003
2014-04-27T12:00:00Z,-4.375,55.575,0.46
2014-04-27T12:00:00Z,-4.375,55.625,0.31
2014-04-27T12:00:00Z,-4.375,55.675,0.3
2014-04-27T12:00:00Z,-4.425,55.325,0.62
2014-04-27T12:00:00Z,-4.425,55.375,0.48
2014-04-27T12:00:00Z,-4.425,55.425,0.48
2014-04-27T12:00:00Z,-4.425,55.475,0.48
2014-04-27T12:00:00Z,-4.425,55.525,0.47000000000000003
2014-04-27T12:00:00Z,-4.425,55.575,0.46
2014-04-27T12:00:00Z,-4.425,55.625,0.31
2014-04-27T12:00:00Z,-4.425,55.675,0.3
2014-04-27T12:00:00Z,-4.475,55.325,0.6
2014-04-27T12:00:00Z,-4.475,55.375,0.47000000000000003
2014-04-27T12:00:00Z,-4.475,55.425,0.48
2014-04-27T12:00:00Z,-4.475,55.475,0.48
2014-04-27T12:00:00Z,-4.475,55.525,0.47000000000000003
2014-04-27T12:00:00Z,-4.475,55.575,0.46
2014-04-27T12:00:00Z,-4.475,55.625,0.45
2014-04-27T12:00:00Z,-4.475,55.675,0.3
2014-04-27T12:00:00Z,-4.525,55.325,0.45
2014-04-27T12:00:00Z,-4.525,55.375,0.46
2014-04-27T12:00:00Z,-4.525,55.425,0.46
2014-04-27T12:00:00Z,-4.525,55.475,0.47000000000000003
2014-04-27T12:00:00Z,-4.525,55.525,0.46
2014-04-27T12:00:00Z,-4.525,55.575,0.46
2014-04-27T12:00:00Z,-4.525,55.625,0.45
2014-04-27T12:00:00Z,-4.525,55.675,0.44
2014-04-27T12:00:00Z,-4.575,55.325,0.43
2014-04-27T12:00:00Z,-4.575,55.375,0.3
2014-04-27T12:00:00Z,-4.575,55.425,0.3
2014-04-27T12:00:00Z,-4.575,55.475,0.31
2014-04-27T12:00:00Z,-4.575,55.525,0.45
2014-04-27T12:00:00Z,-4.575,55.575,0.45
2014-04-27T12:00:00Z,-4.575,55.625,0.44
2014-04-27T12:00:00Z,-4.575,55.675,0.44
2014-04-27T12:00:00Z,-4.625,55.325,0.14
2014-04-27T12:00:00Z,-4.625,55.375,0.0
2014-04-27T12:00:00Z,-4.625,55.425,0.15
2014-04-27T12:00:00Z,-4.625,55.475,0.29
2014-04-27T12:00:00Z,-4.625,55.525,0.44
2014-04-27T12:00:00Z,-4.625,55.575,0.44
2014-04-27T12:00:00Z,-4.625,55.625,0.44
2014-04-27T12:00:00Z,-4.625,55.675,0.43
2014-05-27T12:00:00Z,-4.375,55.325,0.63
2014-05-27T12:00:00Z,-4.375,55.375,0.64
2014-05-27T12:00:00Z,-4.375,55.425,0.64
2014-05-27T12:00:00Z,-4.375,55.475,0.64
2014-05-27T12:00:00Z,-4.375,55.525,0.62
2014-05-27T12:00:00Z,-4.375,55.575,0.61
2014-05-27T12:00:00Z,-4.375,55.625,0.46
2014-05-27T12:00:00Z,-4.375,55.675,0.45
2014-05-27T12:00:00Z,-4.425,55.325,0.78
2014-05-27T12:00:00Z,-4.425,55.375,0.64
2014-05-27T12:00:00Z,-4.425,55.425,0.64
2014-05-27T12:00:00Z,-4.425,55.475,0.63
2014-05-27T12:00:00Z,-4.425,55.525,0.63
2014-05-27T12:00:00Z,-4.425,55.575,0.61
2014-05-27T12:00:00Z,-4.425,55.625,0.46
2014-05-27T12:00:00Z,-4.425,55.675,0.45
2014-05-27T12:00:00Z,-4.475,55.325,0.76
2014-05-27T12:00:00Z,-4.475,55.375,0.63
2014-05-27T12:00:00Z,-4.475,55.425,0.64
2014-05-27T12:00:00Z,-4.475,55.475,0.63
2014-05-27T12:00:00Z,-4.475,55.525,0.63
2014-05-27T12:00:00Z,-4.475,55.575,0.62
2014-05-27T12:00:00Z,-4.475,55.625,0.61
2014-05-27T12:00:00Z,-4.475,55.675,0.45
2014-05-27T12:00:00Z,-4.525,55.325,0.61
2014-05-27T12:00:00Z,-4.525,55.375,0.62
2014-05-27T12:00:00Z,-4.525,55.425,0.62
2014-05-27T12:00:00Z,-4.525,55.475,0.63
2014-05-27T12:00:00Z,-4.525,55.525,0.62
2014-05-27T12:00:00Z,-4.525,55.575,0.61
2014-05-27T12:00:00Z,-4.525,55.625,0.6
2014-05-27T12:00:00Z,-4.525,55.675,0.59
2014-05-27T12:00:00Z,-4.575,55.325,0.59
2014-05-27T12:00:00Z,-4.575,55.375,0.46
2014-05-27T12:00:00Z,-4.575,55.425,0.46
2014-05-27T12:00:00Z,-4.575,55.475,0.47000000000000003
2014-05-27T12:00:00Z,-4.575,55.525,0.61
2014-05-27T12:00:00Z,-4.575,55.575,0.61
2014-05-27T12:00:00Z,-4.575,55.625,0.6
2014-05-27T12:00:00Z,-4.575,55.675,0.59
2014-05-27T12:00:00Z,-4.625,55.325,0.31
2014-05-27T12:00:00Z,-4.625,55.375,0.16
2014-05-27T12:00:00Z,-4.625,55.425,0.31
2014-05-27T12:00:00Z,-4.625,55.475,0.45
2014-05-27T12:00:00Z,-4.625,55.525,0.6
2014-05-27T12:00:00Z,-4.625,55.575,0.6
2014-05-27T12:00:00Z,-4.625,55.625,0.59
2014-05-27T12:00:00Z,-4.625,55.675,0.58
2014-06-26T12:00:00Z,-4.375,55.325,0.63
2014-06-26T12:00:00Z,-4.375,55.375,0.64
2014-06-26T12:00:00Z,-4.375,55.425,0.64
2014-06-26T12:00:00Z,-4.375,55.475,0.64
2014-06-26T12:00:00Z,-4.375,55.525,0.62
2014-06-26T12:00:00Z,-4.375,55.575,0.61
2014-06-26T12:00:00Z,-4.375,55.625,0.46
2014-06-26T12:00:00Z,-4.375,55.675,0.45
2014-06-26T12:00:00Z,-4.425,55.325,0.78
2014-06-26T12:00:00Z,-4.425,55.375,0.64
2014-06-26T12:00:00Z,-4.425,55.425,0.64
2014-06-26T12:00:00Z,-4.425,55.475,0.63
2014-06-26T12:00:00Z,-4.425,55.525,0.63
2014-06-26T12:00:00Z,-4.425,55.575,0.61
2014-06-26T12:00:00Z,-4.425,55.625,0.46
2014-06-26T12:00:00Z,-4.425,55.675,0.45
2014-06-26T12:00:00Z,-4.475,55.325,0.76
2014-06-26T12:00:00Z,-4.475,55.375,0.63
2014-06-26T12:00:00Z,-4.475,55.425,0.64
2014-06-26T12:00:00Z,-4.475,55.475,0.63
2014-06-26T12:00:00Z,-4.475,55.525,0.63
2014-06-26T12:00:00Z,-4.475,55.575,0.62
2014-06-26T12:00:00Z,-4.475,55.625,0.61
2014-06-26T12:00:00Z,-4.475,55.675,0.45
2014-06-26T12:00:00Z,-4.525,55.325,0.61
2014-06-26T12:00:00Z,-4.525,55.375,0.62
2014-06-26T12:00:00Z,-4.525,55.425,0.62
2014-06-26T12:00:00Z,-4.525,55.475,0.63
2014-06-26T12:00:00Z,-4.525,55.525,0.62
2014-06-26T12:00:00Z,-4.525,55.575,0.61
2014-06-26T12:00:00Z,-4.525,55.625,0.6
2014-06-26T12:00:00Z,-4.525,55.675,0.59
2014-06-26T12:00:00Z,-4.575,55.325,0.59
2014-06-26T12:00:00Z,-4.575,55.375,0.46
2014-06-26T12:00:00Z,-4.575,55.425,0.46
2014-06-26T12:00:00Z,-4.575,55.475,0.47000000000000003
2014-06-26T12:00:00Z,-4.575,55.525,0.61
2014-06-26T12:00:00Z,-4.575,55.575,0.61
2014-06-26T12:00:00Z,-4.575,55.625,0.6
2014-06-26T12:00:00Z,-4.575,55.675,0.59
2014-06-26T12:00:00Z,-4.625,55.325,0.31
2014-06-26T12:00:00Z,-4.625,55.375,0.16
2014-06-26T12:00:00Z,-4.625,55.425,0.31
2014-06-26T12:00:00Z,-4.625,55.475,0.45
2014-06-26T12:00:00Z,-4.625,55.525,0.6
2014-06-26T12:00:00Z,-4.625,55.575,0.6
2014-06-26T12:00:00Z,-4.625,55.625,0.59
2014-06-26T12:00:00Z,-4.625,55.675,0.58
2014-07-26T12:00:00Z,-4.375,55.325,0.0
2014-07-26T12:00:00Z,-4.375,55.375,0.0
2014-07-26T12:00:00Z,-4.375,55.425,0.0
2014-07-26T12:00:00Z,-4.375,55.475,0.0
2014-07-26T12:00:00Z,-4.375,55.525,0.0
2014-07-26T12:00:00Z,-4.375,55.575,0.0
2014-07-26T12:00:00Z,-4.375,55.625,0.0
2014-07-26T12:00:00Z,-4.375,55.675,0.0
2014-07-26T12:00:00Z,-4.425,55.325,0.0
2014-07-26T12:00:00Z,-4.425,55.375,0.0
2014-07-26T12:00:00Z,-4.425,55.425,0.0
2014-07-26T12:00:00Z,-4.425,55.475,0.0
2014-07-26T12:00:00Z,-4.425,55.525,0.0
2014-07-26T12:00:00Z,-4.425,55.575,0.0
2014-07-26T12:00:00Z,-4.425,55.625,0.0
2014-07-26T12:00:00Z,-4.425,55.675,0.0
2014-07-26T12:00:00Z,-4.475,55.325,0.0
2014-07-26T12:00:00Z,-4.475,55.375,0.0
2014-07-26T12:00:00Z,-4.475,55.425,0.0
2014-07-26T12:00:00Z,-4.475,55.475,0.0
2014-07-26T12:00:00Z,-4.475,55.525,0.0
2014-07-26T12:00:00Z,-4.475,55.575,0.0
2014-07-26T12:00:00Z,-4.475,55.625,0.0
2014-07-26T12:00:00Z,-4.475,55.675,0.0
2014-07-26T12:00:00Z,-4.525,55.325,0.0
2014-07-26T12:00:00Z,-4.525,55.375,0.0
2014-07-26T12:00:00Z,-4.525,55.425,0.0
2014-07-26T12:00:00Z,-4.525,55.475,0.0
2014-07-26T12:00:00Z,-4.525,55.525,0.0
2014-07-26T12:00:00Z,-4.525,55.575,0.0
2014-07-26T12:00:00Z,-4.525,55.625,0.0
2014-07-26T12:00:00Z,-4.525,55.675,0.0
2014-07-26T12:00:00Z,-4.575,55.325,0.0
2014-07-26T12:00:00Z,-4.575,55.375,0.0
2014-07-26T12:00:00Z,-4.575,55.425,0.0
2014-07-26T12:00:00Z,-4.575,55.475,0.0
2014-07-26T12:00:00Z,-4.575,55.525,0.0
2014-07-26T12:00:00Z,-4.575,55.575,0.0
2014-07-26T12:00:00Z,-4.575,55.625,0.0
2014-07-26T12:00:00Z,-4.575,55.675,0.0
2014-07-26T12:00:00Z,-4.625,55.325,0.0
2014-07-26T12:00:00Z,-4.625,55.375,0.0
2014-07-26T12:00:00Z,-4.625,55.425,0.0
2014-07-26T12:00:00Z,-4.625,55.475,0.0
2014-07-26T12:00:00Z,-4.625,55.525,0.0
2014-07-26T12:00:00Z,-4.625,55.575,0.0
2014-07-26T12:00:00Z,-4.625,55.625,0.0
2014-07-26T12:00:00Z,-4.625,55.675,0.0
2014-08-25T12:00:00Z,-4.375,55.325,0.0
2014-08-25T12:00:00Z,-4.375,55.375,0.0
2014-08-25T12:00:00Z,-4.375,55.425,0.0
2014-08-25T12:00:00Z,-4.375,55.475,0.0
2014-08-25T12:00:00Z,-4.375,55.525,0.0
2014-08-25T12:00:00Z,-4.375,55.575,0.0
2014-08-25T12:00:00Z,-4.375,55.625,0.0
2014-08-25T12:00:00Z,-4.375,55.675,0.0
2014-08-25T12:00:00Z,-4.425,55.325,0.0
2014-08-25T12:00:00Z,-4.425,55.375,0.0
2014-08-25T12:00:00Z,-4.425,55.425,0.0
2014-08-25T12:00:00Z,-4.425,55.475,0.0
2014-08-25T12:00:00Z,-4.425,55.525,0.0
2014-08-25T12:00:00Z,-4.425,55.575,0.0
2014-08-25T12:00:00Z,-4.425,55.625,0.0
2014-08-25T12:00:00Z,-4.425,55.675,0.0
2014-08-25T12:00:00Z,-4.475,55.325,0.0
2014-08-25T12:00:00Z,-4.475,55.375,0.0
2014-08-25T12:00:00Z,-4.475,55.425,0.0
2014-08-25T12:00:00Z,-4.475,55.475,0.0
2014-08-25T12:00:00Z,-4.475,55.525,0.0
2014-08-25T12:00:00Z,-4.475,55.575,0.0
2014-08-25T12:00:00Z,-4.475,55.625,0.0
2014-08-25T12:00:00Z,-4.475,55.675,0.0
2014-08-25T12:00:00Z,-4.525,55.325,0.0
2014-08-25T12:00:00Z,-4.525,55.375,0.0
2014-08-25T12:00:00Z,-4.525,55.425,0.0
2014-08-25T12:00:00Z,-4.525,55.475,0.0
2014-08-25T12:00:00Z,-4.525,55.525,0.0
2014-08-25T12:00:00Z,-4.525,55.575,0.0
2014-08-25T12:00:00Z,-4.525,55.625,0.0
2014-08-25T12:00:00Z,-4.525,55.675,0.0
2014-08-25T12:00:00Z,-4.575,55.325,0.0
2014-08-25T12:00:00Z,-4.575,55.375,0.0
2014-08-25T12:00:00Z,-4.575,55.425,0.0
2014-08-25T12:00:00Z,-4.575,55.475,0.0
2014-08-25T12:00:00Z,-4.575,55.525,0.0
2014-08-25T12:00:00Z,-4.575,55.575,0.0
2014-08-25T12:00:00Z,-4.575,55.625,0.0
2014-08-25T12:00:00Z,-4.575,55.675,0.0
2014-08-25T12:00:00Z,-4.625,55.325,0.0
2014-08-25T12:00:00Z,-4.625,55.375,0.0
2014-08-25T12:00:00Z,-4.625,55.425,0.0
2014-08-25T12:00:00Z,-4.625,55.475,0.0
2014-08-25T12:00:00Z,-4.625,55.525,0.0
2014-08-25T12:00:00Z,-4.625,55.575,0.0
2014-08-25T12:00:00Z,-4.625,55.625,0.0
2014-08-25T12:00:00Z,-4.625,55.675,0.0
2014-09-24T12:00:00Z,-4.375,55.325,0.0
2014-09-24T12:00:00Z,-4.375,55.375,0.0
2014-09-24T12:00:00Z,-4.375,55.425,0.0
2014-09-24T12:00:00Z,-4.375,55.475,0.0
2014-09-24T12:00:00Z,-4.375,55.525,0.0
2014-09-24T12:00:00Z,-4.375,55.575,0.0
2014-09-24T12:00:00Z,-4.375,55.625,0.0
2014-09-24T12:00:00Z,-4.375,55.675,0.0
2014-09-24T12:00:00Z,-4.425,55.325,0.0
2014-09-24T12:00:00Z,-4.425,55.375,0.0
2014-09-24T12:00:00Z,-4.425,55.425,0.0
2014-09-24T12:00:00Z,-4.425,55.475,0.0
2014-09-24T12:00:00Z,-4.425,55.525,0.0
2014-09-24T12:00:00Z,-4.425,55.575,0.0
2014-09-24T12:00:00Z,-4.425,55.625,0.0
2014-09-24T12:00:00Z,-4.425,55.675,0.0
2014-09-24T12:00:00Z,-4.475,55.325,0.0
2014-09-24T12:00:00Z,-4.475,55.375,0.0
2014-09-24T12:00:00Z,-4.475,55.425,0.0
2014-09-24T12:00:00Z,-4.475,55.475,0.0
2014-09-24T12:00:00Z,-4.475,55.525,0.0
2014-09-24T12:00:00Z,-4.475,55.575,0.0
2014-09-24T12:00:00Z,-4.475,55.625,0.0
2014-09-24T12:00:00Z,-4.475,55.675,0.0
2014-09-24T12:00:00Z,-4.525,55.325,0.0
2014-09-24T12:00:00Z,-4.525,55.375,0.0
2014-09-24T12:00:00Z,-4.525,55.425,0.0
2014-09-24T12:00:00Z,-4.525,55.475,0.0
2014-09-24T12:00:00Z,-4.525,55.525,0.0
2014-09-24T12:00:00Z,-4.525,55.575,0.0
2014-09-24T12:00:00Z,-4.525,55.625,0.0
2014-09-24T12:00:00Z,-4.525,55.675,0.0
2014-09-24T12:00:00Z,-4.575,55.325,0.0
2014-09-24T12:00:00Z,-4.575,55.375,0.0
2014-09-24T12:00:00Z,-4.575,55.425,0.0
2014-09-24T12:00:00Z,-4.575,55.475,0.0
2014-09-24T12:00:00Z,-4.575,55.525,0.0
2014-09-24T12:00:00Z,-4.575,55.575,0.0
2014-09-24T12:00:00Z,-4.575,55.625,0.0
2014-09-24T12:00:00Z,-4.575,55.675,0.0
2014-09-24T12:00:00Z,-4.625,55.325,0.0
2014-09-24T12:00:00Z,-4.625,55.375,0.0
2014-09-24T12:00:00Z,-4.625,55.425,0.0
2014-09-24T12:00:00Z,-4.625,55.475,0.0
2014-09-24T12:00:00Z,-4.625,55.525,0.0
2014-09-24T12:00:00Z,-4.625,55.575,0.0
2014-09-24T12:00:00Z,-4.625,55.625,0.0
2014-09-24T12:00:00Z,-4.625,55.675,0.0
2014-10-24T12:00:00Z,-4.375,55.325,0.0
2014-10-24T12:00:00Z,-4.375,55.375,0.0
2014-10-24T12:00:00Z,-4.375,55.425,0.0
2014-10-24T12:00:00Z,-4.375,55.475,0.0
2014-10-24T12:00:00Z,-4.375,55.525,0.0
2014-10-24T12:00:00Z,-4.375,55.575,0.0
2014-10-24T12:00:00Z,-4.375,55.625,0.0
2014-10-24T12:00:00Z,-4.375,55.675,0.0
2014-10-24T12:00:00Z,-4.425,55.325,0.0
2014-10-24T12:00:00Z,-4.425,55.375,0.0
2014-10-24T12:00:00Z,-4.425,55.425,0.0
2014-10-24T12:00:00Z,-4.425,55.475,0.0
2014-10-24T12:00:00Z,-4.425,55.525,0.0
2014-10-24T12:00:00Z,-4.425,55.575,0.0
2014-10-24T12:00:00Z,-4.425,55.625,0.0
2014-10-24T12:00:00Z,-4.425,55.675,0.0
2014-10-24T12:00:00Z,-4.475,55.325,0.0
2014-10-24T12:00:00Z,-4.475,55.375,0.0
2014-10-24T12:00:00Z,-4.475,55.425,0.0
2014-10-24T12:00:00Z,-4.475,55.475,0.0
2014-10-24T12:00:00Z,-4.475,55.525,0.0
2014-10-24T12:00:00Z,-4.475,55.575,0.0
2014-10-24T12:00:00Z,-4.475,55.625,0.0
2014-10-24T12:00:00Z,-4.475,55.675,0.0
2014-10-24T12:00:00Z,-4.525,55.325,0.0
2014-10-24T12:00:00Z,-4.525,55.375,0.0
2014-10-24T12:00:00Z,-4.525,55.425,0.0
2014-10-24T12:00:00Z,-4.525,55.475,0.0
2014-10-24T12:00:00Z,-4.525,55.525,0.0
2014-10-24T12:00:00Z,-4.525,55.575,0.0
2014-10-24T12:00:00Z,-4.525,55.625,0.0
2014-10-24T12:00:00Z,-4.525,55.675,0.0
2014-10-24T12:00:00Z,-4.575,55.325,0.0
2014-10-24T12:00:00Z,-4.575,55.375,0.0
2014-10-24T12:00:00Z,-4.575,55.425,0.0
2014-10-24T12:00:00Z,-4.575,55.475,0.0
2014-10-24T12:00:00Z,-4.575,55.525,0.0
2014-10-24T12:00:00Z,-4.575,55.575,0.0
2014-10-24T12:00:00Z,-4.575,55.625,0.0
2014-10-24T12:00:00Z,-4.575,55.675,0.0
2014-10-24T12:00:00Z,-4.625,55.325,0.0
2014-10-24T12:00:00Z,-4.625,55.375,0.0
2014-10-24T12:00:00Z,-4.625,55.425,0.0
2014-10-24T12:00:00Z,-4.625,55.475,0.0
2014-10-24T12:00:00Z,-4.625,55.525,0.0
2014-10-24T12:00:00Z,-4.625,55.575,0.0
2014-10-24T12:00:00Z,-4.625,55.625,0.0
2014-10-24T12:00:00Z,-4.625,55.675,0.0
2014-11-23T12:00:00Z,-4.375,55.325,0.0
2014-11-23T12:00:00Z,-4.375,55.375,0.0
2014-11-23T12:00:00Z,-4.375,55.425,0.0
2014-11-23T12:00:00Z,-4.375,55.475,0.0
2014-11-23T12:00:00Z,-4.375,55.525,0.0
2014-11-23T12:00:00Z,-4.375,55.575,0.0
2014-11-23T12:00:00Z,-4.375,55.625,0.0
2014-11-23T12:00:00Z,-4.375,55.675,0.0
2014-11-23T12:00:00Z,-4.425,55.325,0.0
2014-11-23T12:00:00Z,-4.425,55.375,0.0
2014-11-23T12:00:00Z,-4.425,55.425,0.0
2014-11-23T12:00:00Z,-4.425,55.475,0.0
2014-11-23T12:00:00Z,-4.425,55.525,0.0
2014-11-23T12:00:00Z,-4.425,55.575,0.0
2014-11-23T12:00:00Z,-4.425,55.625,0.0
2014-11-23T12:00:00Z,-4.425,55.675,0.0
2014-11-23T12:00:00Z,-4.475,55.325,0.0
2014-11-23T12:00:00Z,-4.475,55.375,0.0
2014-11-23T12:00:00Z,-4.475,55.425,0.0
2014-11-23T12:00:00Z,-4.475,55.475,0.0
2014-11-23T12:00:00Z,-4.475,55.525,0.0
2014-11-23T12:00:00Z,-4.475,55.575,0.0
2014-11-23T12:00:00Z,-4.475,55.625,0.0
2014-11-23T12:00:00Z,-4.475,55.675,0.0
2014-11-23T12:00:00Z,-4.525,55.325,0.0
2014-11-23T12:00:00Z,-4.525,55.375,0.0
2014-11-23T12:00:00Z,-4.525,55.425,0.0
2014-11-23T12:00:00Z,-4.525,55.475,0.0
2014-11-23T12:00:00Z,-4.525,55.525,0.0
2014-11-23T12:00:00Z,-4.525,55.575,0.0
2014-11-23T12:00:00Z,-4.525,55.625,0.0
2014-11-23T12:00:00Z,-4.525,55.675,0.0
2014-11-23T12:00:00Z,-4.575,55.325,0.0
2014-11-23T12:00:00Z,-4.575,55.375,0.0
2014-11-23T12:00:00Z,-4.575,55.425,0.0
2014-11-23T12:00:00Z,-4.575,55.475,0.0
2014-11-23T12:00:00Z,-4.575,55.525,0.0
2014-11-23T12:00:00Z,-4.575,55.575,0.0
2014-11-23T12:00:00Z,-4.575,55.625,0.0
2014-11-23T12:00:00Z,-4.575,55.675,0.0
2014-11-23T12:00:00Z,-4.625,55.325,0.0
2014-11-23T12:00:00Z,-4.625,55.375,0.0
2014-11-23T12:00:00Z,-4.625,55.425,0.0
2014-11-23T12:00:00Z,-4.625,55.475,0.0
2014-11-23T12:00:00Z,-4.625,55.525,0.0
2014-11-23T12:00:00Z,-4.625,55.575,0.0
2014-11-23T12:00:00Z,-4.625,55.625,0.0
2014-11-23T12:00:00Z,-4.625,55.675,0.0
2014-12-23T12:00:00Z,-4.375,55.325,0.0
2014-12-23T12:00:00Z,-4.375,55.375,0.0
2014-12-23T12:00:00Z,-4.375,55.425,0.0
2014-12-23T12:00:00Z,-4.375,55.475,0.0
2014-12-23T12:00:00Z,-4.375,55.525,0.0
2014-12-23T12:00:00Z,-4.375,55.575,0.0
2014-12-23T12:00:00Z,-4.375,55.625,0.0
2014-12-23T12:00:00Z,-4.375,55.675,0.0
2014-12-23T12:00:00Z,-4.425,55.325,0.0
2014-12-23T12:00:00Z,-4.425,55.375,0.0
2014-12-23T12:00:00Z,-4.425,55.425,0.0
2014-12-23T12:00:00Z,-4.425,55.475,0.0
2014-12-23T12:00:00Z,-4.425,55.525,0.0
2014-12-23T12:00:00Z,-4.425,55.575,0.0
2014-12-23T12:00:00Z,-4.425,55.625,0.0
2014-12-23T12:00:00Z,-4.425,55.675,0.0
2014-12-23T12:00:00Z,-4.475,55.325,0.0
2014-12-23T12:00:00Z,-4.475,55.375,0.0
2014-12-23T12:00:00Z,-4.475,55.425,0.0
2014-12-23T12:00:00Z,-4.475,55.475,0.0
2014-12-23T12:00:00Z,-4.475,55.525,0.0
2014-12-23T12:00:00Z,-4.475,55.575,0.0
2014-12-23T12:00:00Z,-4.475,55.625,0.0
2014-12-23T12:00:00Z,-4.475,55.675,0.0
2014-12-23T12:00:00Z,-4.525,55.325,0.0
2014-12-23T12:00:00Z,-4.525,55.375,0.0
2014-12-23T12:00:00Z,-4.525,55.425,0.0
2014-12-23T12:00:00Z,-4.525,55.475,0.0
2014-12-23T12:00:00Z,-4.525,55.525,0.0
2014-12-23T12:00:00Z,-4.525,55.575,0.0
2014-12-23T12:00:00Z,-4.525,55.625,0.0
2014-12-23T12:00:00Z,-4.525,55.675,0.0
2014-12-23T12:00:00Z,-4.575,55.325,0.0
2014-12-23T12:00:00Z,-4.575,55.375,0.0
2014-12-23T12:00:00Z,-4.575,55.425,0.0
2014-12-23T12:00:00Z,-4.575,55.475,0.0
2014-12-23T12:00:00Z,-4.575,55.525,0.0
2014-12-23T12:00:00Z,-4.575,55.575,0.0
2014-12-23T12:00:00Z,-4.575,55.625,0.0
2014-12-23T12:00:00Z,-4.575,55.675,0.0
2014-12-23T12:00:00Z,-4.625,55.325,0.0
2014-12-23T12:00:00Z,-4.625,55.375,0.0
2014-12-23T12:00:00Z,-4.625,55.425,0.0
2014-12-23T12:00:00Z,-4.625,55.475,0.0
2014-12-23T12:00:00Z,-4.625,55.525,0.0
2014-12-23T12:00:00Z,-4.625,55.575,0.0
2014-12-23T12:00:00Z,-4.625,55.625,0.0
2014-12-23T12:00:00Z,-4.625,55.675,0.0
2015-01-22T12:00:00Z,-4.375,55.325,0.0
2015-01-22T12:00:00Z,-4.375,55.375,0.0
2015-01-22T12:00:00Z,-4.375,55.425,0.0
2015-01-22T12:00:00Z,-4.375,55.475,0.0
2015-01-22T12:00:00Z,-4.375,55.525,0.0
2015-01-22T12:00:00Z,-4.375,55.575,0.0
2015-01-22T12:00:00Z,-4.375,55.625,0.0
2015-01-22T12:00:00Z,-4.375,55.675,0.0
2015-01-22T12:00:00Z,-4.425,55.325,0.0
2015-01-22T12:00:00Z,-4.425,55.375,0.0
2015-01-22T12:00:00Z,-4.425,55.425,0.0
2015-01-22T12:00:00Z,-4.425,55.475,0.0
2015-01-22T12:00:00Z,-4.425,55.525,0.0
2015-01-22T12:00:00Z,-4.425,55.575,0.0
2015-01-22T12:00:00Z,-4.425,55.625,0.0
2015-01-22T12:00:00Z,-4.425,55.675,0.0
2015-01-22T12:00:00Z,-4.475,55.325,0.0
2015-01-22T12:00:00Z,-4.475,55.375,0.0
2015-01-22T12:00:00Z,-4.475,55.425,0.0
2015-01-22T12:00:00Z,-4.475,55.475,0.0
2015-01-22T12:00:00Z,-4.475,55.525,0.0
2015-01-22T12:00:00Z,-4.475,55.575,0.0
2015-01-22T12:00:00Z,-4.475,55.625,0.0
2015-01-22T12:00:00Z,-4.475,55.675,0.0
2015-01-22T12:00:00Z,-4.525,55.325,0.0
2015-01-22T12:00:00Z,-4.525,55.375,0.0
2015-01-22T12:00:00Z,-4.525,55.425,0.0
2015-01-22T12:00:00Z,-4.525,55.475,0.0
2015-01-22T12:00:00Z,-4.525,55.525,0.0
2015-01-22T12:00:00Z,-4.525,55.575,0.0
2015-01-22T12:00:00Z,-4.525,55.625,0.0
2015-01-22T12:00:00Z,-4.525,55.675,0.0
2015-01-22T12:00:00Z,-4.575,55.325,0.0
2015-01-22T12:00:00Z,-4.575,55.375,0.0
2015-01-22T12:00:00Z,-4.575,55.425,0.0
2015-01-22T12:00:00Z,-4.575,55.475,0.0
2015-01-22T12:00:00Z,-4.575,55.525,0.0
2015-01-22T12:00:00Z,-4.575,55.575,0.0
2015-01-22T12:00:00Z,-4.575,55.625,0.0
2015-01-22T12:00:00Z,-4.575,55.675,0.0
2015-01-22T12:00:00Z,-4.625,55.325,0.0
2015-01-22T12:00:00Z,-4.625,55.375,0.0
2015-01-22T12:00:00Z,-4.625,55.425,0.0
2015-01-22T12:00:00Z,-4.625,55.475,0.0
2015-01-22T12:00:00Z,-4.625,55.525,0.0
2015-01-22T12:00:00Z,-4.625,55.575,0.0
2015-01-22T12:00:00Z,-4.625,55.625,0.0
2015-01-22T12:00:00Z,-4.625,55.675,0.0
2015-02-21T12:00:00Z,-4.375,55.325,0.0
2015-02-21T12:00:00Z,-4.375,55.375,0.0
2015-02-21T12:00:00Z,-4.375,55.425,0.0
2015-02-21T12:00:00Z,-4.375,55.475,0.0
2015-02-21T12:00:00Z,-4.375,55.525,0.0
2015-02-21T12:00:00Z,-4.375,55.575,0.0
2015-02-21T12:00:00Z,-4.375,55.625,0.0
2015-02-21T12:00:00Z,-4.375,55.675,0.0
2015-02-21T12:00:00Z,-4.425,55.325,0.0
2015-02-21T12:00:00Z,-4.425,55.375,0.0
2015-02-21T12:00:00Z,-4.425,55.425,0.0
2015-02-21T12:00:00Z,-4.425,55.475,0.0
2015-02-21T12:00:00Z,-4.425,55.525,0.0
2015-02-21T12:00:00Z,-4.425,55.575,0.0
2015-02-21T12:00:00Z,-4.425,55.625,0.0
2015-02-21T12:00:00Z,-4.425,55.675,0.0
2015-02-21T12:00:00Z,-4.475,55.325,0.0
2015-02-21T12:00:00Z,-4.475,55.375,0.0
2015-02-21T12:00:00Z,-4.475,55.425,0.0
2015-02-21T12:00:00Z,-4.475,55.475,0.0
2015-02-21T12:00:00Z,-4.475,55.525,0.0
2015-02-21T12:00:00Z,-4.475,55.575,0.0
2015-02-21T12:00:00Z,-4.475,55.625,0.0
2015-02-21T12:00:00Z,-4.475,55.675,0.0
2015-02-21T12:00:00Z,-4.525,55.325,0.0
2015-02-21T12:00:00Z,-4.525,55.375,0.0
2015-02-21T12:00:00Z,-4.525,55.425,0.0
2015-02-21T12:00:00Z,-4.525,55.475,0.0
2015-02-21T12:00:00Z,-4.525,55.525,0.0
2015-02-21T12:00:00Z,-4.525,55.575,0.0
2015-02-21T12:00:00Z,-4.525,55.625,0.0
2015-02-21T12:00:00Z,-4.525,55.675,0.0
2015-02-21T12:00:00Z,-4.575,55.325,0.0
2015-02-21T12:00:00Z,-4.575,55.375,0.0
2015-02-21T12:00:00Z,-4.575,55.425,0.0
2015-02-21T12:00:00Z,-4.575,55.475,0.0
2015-02-21T12:00:00Z,-4.575,55.525,0.0
2015-02-21T12:00:00Z,-4.575,55.575,0.0
2015-02-21T12:00:00Z,-4.575,55.625,0.0
2015-02-21T12:00:00Z,-4.575,55.675,0.0
2015-02-21T12:00:00Z,-4.625,55.325,0.0
2015-02-21T12:00:00Z,-4.625,55.375,0.0
2015-02-21T12:00:00Z,-4.625,55.425,0.0
2015-02-21T12:00:00Z,-4.625,55.475,0.0
2015-02-21T12:00:00Z,-4.625,55.525,0.0
2015-02-21T12:00:00Z,-4.625,55.575,0.0
2015-02-21T12:00:00Z,-4.625,55.625,0.0
2015-02-21T12:00:00Z,-4.625,55.675,0.0
2015-03-23T12:00:00Z,-4.375,55.325,0.0
2015-03-23T12:00:00Z,-4.375,55.375,0.0
2015-03-23T12:00:00Z,-4.375,55.425,0.0
2015-03-23T12:00:00Z,-4.375,55.475,0.0
2015-03-23T12:00:00Z,-4.375,55.525,0.0
2015-03-23T12:00:00Z,-4.375,55.575,0.0
2015-03-23T12:00:00Z,-4.375,55.625,0.0
2015-03-23T12:00:00Z,-4.375,55.675,0.0
2015-03-23T12:00:00Z,-4.425,55.325,0.0
2015-03-23T12:00:00Z,-4.425,55.375,0.0
2015-03-23T12:00:00Z,-4.425,55.425,0.0
2015-03-23T12:00:00Z,-4.425,55.475,0.0
2015-03-23T12:00:00Z,-4.425,55.525,0.0
2015-03-23T12:00:00Z,-4.425,55.575,0.0
2015-03-23T12:00:00Z,-4.425,55.625,0.0
2015-03-23T12:00:00Z,-4.425,55.675,0.0
2015-03-23T12:00:00Z,-4.475,55.325,0.0
2015-03-23T12:00:00Z,-4.475,55.375,0.0
2015-03-23T12:00:00Z,-4.475,55.425,0.0
2015-03-23T12:00:00Z,-4.475,55.475,0.0
2015-03-23T12:00:00Z,-4.475,55.525,0.0
2015-03-23T12:00:00Z,-4.475,55.575,0.0
2015-03-23T12:00:00Z,-4.475,55.625,0.0
2015-03-23T12:00:00Z,-4.475,55.675,0.0
2015-03-23T12:00:00Z,-4.525,55.325,0.0
2015-03-23T12:00:00Z,-4.525,55.375,0.0
2015-03-23T12:00:00Z,-4.525,55.425,0.0
2015-03-23T12:00:00Z,-4.525,55.475,0.0
2015-03-23T12:00:00Z,-4.525,55.525,0.0
2015-03-23T12:00:00Z,-4.525,55.575,0.0
2015-03-23T12:00:00Z,-4.525,55.625,0.0
2015-03-23T12:00:00Z,-4.525,55.675,0.0
2015-03-23T12:00:00Z,-4.575,55.325,0.0
2015-03-23T12:00:00Z,-4.575,55.375,0.0
2015-03-23T12:00:00Z,-4.575,55.425,0.0
2015-03-23T12:00:00Z,-4.575,55.475,0.0
2015-03-23T12:00:00Z,-4.575,55.525,0.0
2015-03-23T12:00:00Z,-4.575,55.575,0.0
2015-03-23T12:00:00Z,-4.575,55.625,0.0
2015-03-23T12:00:00Z,-4.575,55.675,0.0
2015-03-23T12:00:00Z,-4.625,55.325,0.0
2015-03-23T12:00:00Z,-4.625,55.375,0.0
2015-03-23T12:00:00Z,-4.625,55.425,0.0
2015-03-23T12:00:00Z,-4.625,55.475,0.0
2015-03-23T12:00:00Z,-4.625,55.525,0.0
2015-03-23T12:00:00Z,-4.625,55.575,0.0
2015-03-23T12:00:00Z,-4.625,55.625,0.0
2015-03-23T12:00:00Z,-4.625,55.675,0.0
2015-04-22T12:00:00Z,-4.375,55.325,0.0
2015-04-22T12:00:00Z,-4.375,55.375,0.0
2015-04-22T12:00:00Z,-4.375,55.425,0.0
2015-04-22T12:00:00Z,-4.375,55.475,0.0
2015-04-22T12:00:00Z,-4.375,55.525,0.0
2015-04-22T12:00:00Z,-4.375,55.575,0.0
2015-04-22T12:00:00Z,-4.375,55.625,0.0
2015-04-22T12:00:00Z,-4.375,55.675,0.0
2015-04-22T12:00:00Z,-4.425,55.325,0.0
2015-04-22T12:00:00Z,-4.425,55.375,0.0
2015-04-22T12:00:00Z,-4.425,55.425,0.0
2015-04-22T12:00:00Z,-4.425,55.475,0.0
2015-04-22T12:00:00Z,-4.425,55.525,0.0
2015-04-22T12:00:00Z,-4.425,55.575,0.0
2015-04-22T12:00:00Z,-4.425,55.625,0.0
2015-04-22T12:00:00Z,-4.425,55.675,0.0
2015-04-22T12:00:00Z,-4.475,55.325,0.0
2015-04-22T12:00:00Z,-4.475,55.375,0.0
2015-04-22T12:00:00Z,-4.475,55.425,0.0
2015-04-22T12:00:00Z,-4.475,55.475,0.0
2015-04-22T12:00:00Z,-4.475,55.525,0.0
2015-04-22T12:00:00Z,-4.475,55.575,0.0
2015-04-22T12:00:00Z,-4.475,55.625,0.0
2015-04-22T12:00:00Z,-4.475,55.675,0.0
2015-04-22T12:00:00Z,-4.525,55.325,0.0
2015-04-22T12:00:00Z,-4.525,55.375,0.0
2015-04-22T12:00:00Z,-4.525,55.425,0.0
2015-04-22T12:00:00Z,-4.525,55.475,0.0
2015-04-22T12:00:00Z,-4.525,55.525,0.0
2015-04-22T12:00:00Z,-4.525,55.575,0.0
2015-04-22T12:00:00Z,-4.525,55.625,0.0
2015-04-22T12:00:00Z,-4.525,55.675,0.0
2015-04-22T12:00:00Z,-4.575,55.325,0.0
2015-04-22T12:00:00Z,-4.575,55.375,0.0
2015-04-22T12:00:00Z,-4.575,55.425,0.0
2015-04-22T12:00:00Z,-4.575,55.475,0.0
2015-04-22T12:00:00Z,-4.575,55.525,0.0
2015-04-22T12:00:00Z,-4.575,55.575,0.0
2015-04-22T12:00:00Z,-4.575,55.625,0.0
2015-04-22T12:00:00Z,-4.575,55.675,0.0
2015-04-22T12:00:00Z,-4.625,55.325,0.0
2015-04-22T12:00:00Z,-4.625,55.375,0.0
2015-04-22T12:00:00Z,-4.625,55.425,0.0
2015-04-22T12:00:00Z,-4.625,55.475,0.0
2015-04-22T12:00:00Z,-4.625,55.525,0.0
2015-04-22T12:00:00Z,-4.625,55.575,0.0
2015-04-22T12:00:00Z,-4.625,55.625,0.0
2015-04-22T12:00:00Z,-4.625,55.675,0.0
2015-05-22T12:00:00Z,-4.375,55.325,0.76
2015-05-22T12:00:00Z,-4.375,55.375,0.75
2015-05-22T12:00:00Z,-4.375,55.425,0.75
2015-05-22T12:00:00Z,-4.375,55.475,0.47000000000000003
2015-05-22T12:00:00Z,-4.375,55.525,0.32
2015-05-22T12:00:00Z,-4.375,55.575,0.32
2015-05-22T12:00:00Z,-4.375,55.625,0.31
2015-05-22T12:00:00Z,-4.375,55.675,0.3
2015-05-22T12:00:00Z,-4.425,55.325,0.75
2015-05-22T12:00:00Z,-4.425,55.375,0.46
2015-05-22T12:00:00Z,-4.425,55.425,0.31
2015-05-22T12:00:00Z,-4.425,55.475,0.32
2015-05-22T12:00:00Z,-4.425,55.525,0.46
2015-05-22T12:00:00Z,-4.425,55.575,0.32
2015-05-22T12:00:00Z,-4.425,55.625,0.31
2015-05-22T12:00:00Z,-4.425,55.675,0.3
2015-05-22T12:00:00Z,-4.475,55.325,0.46
2015-05-22T12:00:00Z,-4.475,55.375,0.45
2015-05-22T12:00:00Z,-4.475,55.425,0.31
2015-05-22T12:00:00Z,-4.475,55.475,0.31
2015-05-22T12:00:00Z,-4.475,55.525,0.32
2015-05-22T12:00:00Z,-4.475,55.575,0.32
2015-05-22T12:00:00Z,-4.475,55.625,0.31
2015-05-22T12:00:00Z,-4.475,55.675,0.31
2015-05-22T12:00:00Z,-4.525,55.325,0.46
2015-05-22T12:00:00Z,-4.525,55.375,0.31
2015-05-22T12:00:00Z,-4.525,55.425,0.31
2015-05-22T12:00:00Z,-4.525,55.475,0.31
2015-05-22T12:00:00Z,-4.525,55.525,0.31
2015-05-22T12:00:00Z,-4.525,55.575,0.32
2015-05-22T12:00:00Z,-4.525,55.625,0.31
2015-05-22T12:00:00Z,-4.525,55.675,0.31
2015-05-22T12:00:00Z,-4.575,55.325,0.46
2015-05-22T12:00:00Z,-4.575,55.375,0.31
2015-05-22T12:00:00Z,-4.575,55.425,0.3
2015-05-22T12:00:00Z,-4.575,55.475,0.3
2015-05-22T12:00:00Z,-4.575,55.525,0.31
2015-05-22T12:00:00Z,-4.575,55.575,0.31
2015-05-22T12:00:00Z,-4.575,55.625,0.31
2015-05-22T12:00:00Z,-4.575,55.675,0.31
2015-05-22T12:00:00Z,-4.625,55.325,0.31
2015-05-22T12:00:00Z,-4.625,55.375,0.31
2015-05-22T12:00:00Z,-4.625,55.425,0.3
2015-05-22T12:00:00Z,-4.625,55.475,0.3
2015-05-22T12:00:00Z,-4.625,55.525,0.3
2015-05-22T12:00:00Z,-4.625,55.575,0.3
2015-05-22T12:00:00Z,-4.625,55.625,0.3
2015-05-22T12:00:00Z,-4.625,55.675,0.3
2015-06-21T12:00:00Z,-4.375,55.325,0.76
2015-06-21T12:00:00Z,-4.375,55.375,0.75
2015-06-21T12:00:00Z,-4.375,55.425,0.75
2015-06-21T12:00:00Z,-4.375,55.475,0.47000000000000003
2015-06-21T12:00:00Z,-4.375,55.525,0.32
2015-06-21T12:00:00Z,-4.375,55.575,0.32
2015-06-21T12:00:00Z,-4.375,55.625,0.31
2015-06-21T12:00:00Z,-4.375,55.675,0.3
2015-06-21T12:00:00Z,-4.425,55.325,0.75
2015-06-21T12:00:00Z,-4.425,55.375,0.46
2015-06-21T12:00:00Z,-4.425,55.425,0.31
2015-06-21T12:00:00Z,-4.425,55.475,0.32
2015-06-21T12:00:00Z,-4.425,55.525,0.46
2015-06-21T12:00:00Z,-4.425,55.575,0.32
2015-06-21T12:00:00Z,-4.425,55.625,0.31
2015-06-21T12:00:00Z,-4.425,55.675,0.3
2015-06-21T12:00:00Z,-4.475,55.325,0.46
2015-06-21T12:00:00Z,-4.475,55.375,0.45
2015-06-21T12:00:00Z,-4.475,55.425,0.31
2015-06-21T12:00:00Z,-4.475,55.475,0.31
2015-06-21T12:00:00Z,-4.475,55.525,0.32
2015-06-21T12:00:00Z,-4.475,55.575,0.32
2015-06-21T12:00:00Z,-4.475,55.625,0.31
2015-06-21T12:00:00Z,-4.475,55.675,0.31
2015-06-21T12:00:00Z,-4.525,55.325,0.46
2015-06-21T12:00:00Z,-4.525,55.375,0.31
2015-06-21T12:00:00Z,-4.525,55.425,0.31
2015-06-21T12:00:00Z,-4.525,55.475,0.31
2015-06-21T12:00:00Z,-4.525,55.525,0.31
2015-06-21T12:00:00Z,-4.525,55.575,0.32
2015-06-21T12:00:00Z,-4.525,55.625,0.31
2015-06-21T12:00:00Z,-4.525,55.675,0.31
2015-06-21T12:00:00Z,-4.575,55.325,0.46
2015-06-21T12:00:00Z,-4.575,55.375,0.31
2015-06-21T12:00:00Z,-4.575,55.425,0.3
2015-06-21T12:00:00Z,-4.575,55.475,0.3
2015-06-21T12:00:00Z,-4.575,55.525,0.31
2015-06-21T12:00:00Z,-4.575,55.575,0.31
2015-06-21T12:00:00Z,-4.575,55.625,0.31
2015-06-21T12:00:00Z,-4.575,55.675,0.31
2015-06-21T12:00:00Z,-4.625,55.325,0.31
2015-06-21T12:00:00Z,-4.625,55.375,0.31
2015-06-21T12:00:00Z,-4.625,55.425,0.3
2015-06-21T12:00:00Z,-4.625,55.475,0.3
2015-06-21T12:00:00Z,-4.625,55.525,0.3
2015-06-21T12:00:00Z,-4.625,55.575,0.3
2015-06-21T12:00:00Z,-4.625,55.625,0.3
2015-06-21T12:00:00Z,-4.625,55.675,0.3
2015-07-21T12:00:00Z,-4.375,55.325,0.61
2015-07-21T12:00:00Z,-4.375,55.375,0.61
2015-07-21T12:00:00Z,-4.375,55.425,0.61
2015-07-21T12:00:00Z,-4.375,55.475,0.47000000000000003
2015-07-21T12:00:00Z,-4.375,55.525,0.32
2015-07-21T12:00:00Z,-4.375,55.575,0.32
2015-07-21T12:00:00Z,-4.375,55.625,0.31
2015-07-21T12:00:00Z,-4.375,55.675,0.3
2015-07-21T12:00:00Z,-4.425,55.325,0.61
2015-07-21T12:00:00Z,-4.425,55.375,0.46
2015-07-21T12:00:00Z,-4.425,55.425,0.31
2015-07-21T12:00:00Z,-4.425,55.475,0.32
2015-07-21T12:00:00Z,-4.425,55.525,0.46
2015-07-21T12:00:00Z,-4.425,55.575,0.32
2015-07-21T12:00:00Z,-4.425,55.625,0.31
2015-07-21T12:00:00Z,-4.425,55.675,0.3
2015-07-21T12:00:00Z,-4.475,55.325,0.46
2015-07-21T12:00:00Z,-4.475,55.375,0.45
2015-07-21T12:00:00Z,-4.475,55.425,0.31
2015-07-21T12:00:00Z,-4.475,55.475,0.31
2015-07-21T12:00:00Z,-4.475,55.525,0.32
2015-07-21T12:00:00Z,-4.475,55.575,0.32
2015-07-21T12:00:00Z,-4.475,55.625,0.31
2015-07-21T12:00:00Z,-4.475,55.675,0.31
2015-07-21T12:00:00Z,-4.525,55.325,0.46
2015-07-21T12:00:00Z,-4.525,55.375,0.31
2015-07-21T12:00:00Z,-4.525,55.425,0.31
2015-07-21T12:00:00Z,-4.525,55.475,0.31
2015-07-21T12:00:00Z,-4.525,55.525,0.31
2015-07-21T12:00:00Z,-4.525,55.575,0.32
2015-07-21T12:00:00Z,-4.525,55.625,0.31
2015-07-21T12:00:00Z,-4.525,55.675,0.31
2015-07-21T12:00:00Z,-4.575,55.325,0.46
2015-07-21T12:00:00Z,-4.575,55.375,0.31
2015-07-21T12:00:00Z,-4.575,55.425,0.3
2015-07-21T12:00:00Z,-4.575,55.475,0.3
2015-07-21T12:00:00Z,-4.575,55.525,0.31
2015-07-21T12:00:00Z,-4.575,55.575,0.31
2015-07-21T12:00:00Z,-4.575,55.625,0.31
2015-07-21T12:00:00Z,-4.575,55.675,0.31
2015-07-21T12:00:00Z,-4.625,55.325,0.31
2015-07-21T12:00:00Z,-4.625,55.375,0.31
2015-07-21T12:00:00Z,-4.625,55.425,0.3
2015-07-21T12:00:00Z,-4.625,55.475,0.3
2015-07-21T12:00:00Z,-4.625,55.525,0.3
2015-07-21T12:00:00Z,-4.625,55.575,0.3
2015-07-21T12:00:00Z,-4.625,55.625,0.3
2015-07-21T12:00:00Z,-4.625,55.675,0.3
2015-08-20T12:00:00Z,-4.375,55.325,0.0
2015-08-20T12:00:00Z,-4.375,55.375,0.0
2015-08-20T12:00:00Z,-4.375,55.425,0.0
2015-08-20T12:00:00Z,-4.375,55.475,0.0
2015-08-20T12:00:00Z,-4.375,55.525,0.0
2015-08-20T12:00:00Z,-4.375,55.575,0.0
2015-08-20T12:00:00Z,-4.375,55.625,0.0
2015-08-20T12:00:00Z,-4.375,55.675,0.0
2015-08-20T12:00:00Z,-4.425,55.325,0.0
2015-08-20T12:00:00Z,-4.425,55.375,0.0
2015-08-20T12:00:00Z,-4.425,55.425,0.0
2015-08-20T12:00:00Z,-4.425,55.475,0.0
2015-08-20T12:00:00Z,-4.425,55.525,0.0
2015-08-20T12:00:00Z,-4.425,55.575,0.0
2015-08-20T12:00:00Z,-4.425,55.625,0.0
2015-08-20T12:00:00Z,-4.425,55.675,0.0
2015-08-20T12:00:00Z,-4.475,55.325,0.0
2015-08-20T12:00:00Z,-4.475,55.375,0.0
2015-08-20T12:00:00Z,-4.475,55.425,0.0
2015-08-20T12:00:00Z,-4.475,55.475,0.0
2015-08-20T12:00:00Z,-4.475,55.525,0.0
2015-08-20T12:00:00Z,-4.475,55.575,0.0
2015-08-20T12:00:00Z,-4.475,55.625,0.0
2015-08-20T12:00:00Z,-4.475,55.675,0.0
2015-08-20T12:00:00Z,-4.525,55.325,0.0
2015-08-20T12:00:00Z,-4.525,55.375,0.0
2015-08-20T12:00:00Z,-4.525,55.425,0.0
2015-08-20T12:00:00Z,-4.525,55.475,0.0
2015-08-20T12:00:00Z,-4.525,55.525,0.0
2015-08-20T12:00:00Z,-4.525,55.575,0.0
2015-08-20T12:00:00Z,-4.525,55.625,0.0
2015-08-20T12:00:00Z,-4.525,55.675,0.0
2015-08-20T12:00:00Z,-4.575,55.325,0.0
2015-08-20T12:00:00Z,-4.575,55.375,0.0
2015-08-20T12:00:00Z,-4.575,55.425,0.0
2015-08-20T12:00:00Z,-4.575,55.475,0.0
2015-08-20T12:00:00Z,-4.575,55.525,0.0
2015-08-20T12:00:00Z,-4.575,55.575,0.0
2015-08-20T12:00:00Z,-4.575,55.625,0.0
2015-08-20T12:00:00Z,-4.575,55.675,0.0
2015-08-20T12:00:00Z,-4.625,55.325,0.0
2015-08-20T12:00:00Z,-4.625,55.375,0.0
2015-08-20T12:00:00Z,-4.625,55.425,0.0
2015-08-20T12:00:00Z,-4.625,55.475,0.0
2015-08-20T12:00:00Z,-4.625,55.525,0.0
2015-08-20T12:00:00Z,-4.625,55.575,0.0
2015-08-20T12:00:00Z,-4.625,55.625,0.0
2015-08-20T12:00:00Z,-4.625,55.675,0.0
2015-09-19T12:00:00Z,-4.375,55.325,0.0
2015-09-19T12:00:00Z,-4.375,55.375,0.0
2015-09-19T12:00:00Z,-4.375,55.425,0.0
2015-09-19T12:00:00Z,-4.375,55.475,0.0
2015-09-19T12:00:00Z,-4.375,55.525,0.0
2015-09-19T12:00:00Z,-4.375,55.575,0.0
2015-09-19T12:00:00Z,-4.375,55.625,0.0
2015-09-19T12:00:00Z,-4.375,55.675,0.0
2015-09-19T12:00:00Z,-4.425,55.325,0.0
2015-09-19T12:00:00Z,-4.425,55.375,0.0
2015-09-19T12:00:00Z,-4.425,55.425,0.0
2015-09-19T12:00:00Z,-4.425,55.475,0.0
2015-09-19T12:00:00Z,-4.425,55.525,0.0
2015-09-19T12:00:00Z,-4.425,55.575,0.0
2015-09-19T12:00:00Z,-4.425,55.625,0.0
2015-09-19T12:00:00Z,-4.425,55.675,0.0
2015-09-19T12:00:00Z,-4.475,55.325,0.0
2015-09-19T12:00:00Z,-4.475,55.375,0.0
2015-09-19T12:00:00Z,-4.475,55.425,0.0
2015-09-19T12:00:00Z,-4.475,55.475,0.0
2015-09-19T12:00:00Z,-4.475,55.525,0.0
2015-09-19T12:00:00Z,-4.475,55.575,0.0
2015-09-19T12:00:00Z,-4.475,55.625,0.0
2015-09-19T12:00:00Z,-4.475,55.675,0.0
2015-09-19T12:00:00Z,-4.525,55.325,0.0
2015-09-19T12:00:00Z,-4.525,55.375,0.0
2015-09-19T12:00:00Z,-4.525,55.425,0.0
2015-09-19T12:00:00Z,-4.525,55.475,0.0
2015-09-19T12:00:00Z,-4.525,55.525,0.0
2015-09-19T12:00:00Z,-4.525,55.575,0.0
2015-09-19T12:00:00Z,-4.525,55.625,0.0
2015-09-19T12:00:00Z,-4.525,55.675,0.0
2015-09-19T12:00:00Z,-4.575,55.325,0.0
2015-09-19T12:00:00Z,-4.575,55.375,0.0
2015-09-19T12:00:00Z,-4.575,55.425,0.0
2015-09-19T12:00:00Z,-4.575,55.475,0.0
2015-09-19T12:00:00Z,-4.575,55.525,0.0
2015-09-19T12:00:00Z,-4.575,55.575,0.0
2015-09-19T12:00:00Z,-4.575,55.625,0.0
2015-09-19T12:00:00Z,-4.575,55.675,0.0
2015-09-19T12:00:00Z,-4.625,55.325,0.0
2015-09-19T12:00:00Z,-4.625,55.375,0.0
2015-09-19T12:00:00Z,-4.625,55.425,0.0
2015-09-19T12:00:00Z,-4.625,55.475,0.0
2015-09-19T12:00:00Z,-4.625,55.525,0.0
2015-09-19T12:00:00Z,-4.625,55.575,0.0
2015-09-19T12:00:00Z,-4.625,55.625,0.0
2015-09-19T12:00:00Z,-4.625,55.675,0.0
2015-10-19T12:00:00Z,-4.375,55.325,0.0
2015-10-19T12:00:00Z,-4.375,55.375,0.0
2015-10-19T12:00:00Z,-4.375,55.425,0.0
2015-10-19T12:00:00Z,-4.375,55.475,0.0
2015-10-19T12:00:00Z,-4.375,55.525,0.0
2015-10-19T12:00:00Z,-4.375,55.575,0.0
2015-10-19T12:00:00Z,-4.375,55.625,0.0
2015-10-19T12:00:00Z,-4.375,55.675,0.0
2015-10-19T12:00:00Z,-4.425,55.325,0.0
2015-10-19T12:00:00Z,-4.425,55.375,0.0
2015-10-19T12:00:00Z,-4.425,55.425,0.0
2015-10-19T12:00:00Z,-4.425,55.475,0.0
2015-10-19T12:00:00Z,-4.425,55.525,0.0
2015-10-19T12:00:00Z,-4.425,55.575,0.0
2015-10-19T12:00:00Z,-4.425,55.625,0.0
2015-10-19T12:00:00Z,-4.425,55.675,0.0
2015-10-19T12:00:00Z,-4.475,55.325,0.0
2015-10-19T12:00:00Z,-4.475,55.375,0.0
2015-10-19T12:00:00Z,-4.475,55.425,0.0
2015-10-19T12:00:00Z,-4.475,55.475,0.0
2015-10-19T12:00:00Z,-4.475,55.525,0.0
2015-10-19T12:00:00Z,-4.475,55.575,0.0
2015-10-19T12:00:00Z,-4.475,55.625,0.0
2015-10-19T12:00:00Z,-4.475,55.675,0.0
2015-10-19T12:00:00Z,-4.525,55.325,0.0
2015-10-19T12:00:00Z,-4.525,55.375,0.0
2015-10-19T12:00:00Z,-4.525,55.425,0.0
2015-10-19T12:00:00Z,-4.525,55.475,0.0
2015-10-19T12:00:00Z,-4.525,55.525,0.0
2015-10-19T12:00:00Z,-4.525,55.575,0.0
2015-10-19T12:00:00Z,-4.525,55.625,0.0
2015-10-19T12:00:00Z,-4.525,55.675,0.0
2015-10-19T12:00:00Z,-4.575,55.325,0.0
2015-10-19T12:00:00Z,-4.575,55.375,0.0
2015-10-19T12:00:00Z,-4.575,55.425,0.0
2015-10-19T12:00:00Z,-4.575,55.475,0.0
2015-10-19T12:00:00Z,-4.575,55.525,0.0
2015-10-19T12:00:00Z,-4.575,55.575,0.0
2015-10-19T12:00:00Z,-4.575,55.625,0.0
2015-10-19T12:00:00Z,-4.575,55.675,0.0
2015-10-19T12:00:00Z,-4.625,55.325,0.0
2015-10-19T12:00:00Z,-4.625,55.375,0.0
2015-10-19T12:00:00Z,-4.625,55.425,0.0
2015-10-19T12:00:00Z,-4.625,55.475,0.0
2015-10-19T12:00:00Z,-4.625,55.525,0.0
2015-10-19T12:00:00Z,-4.625,55.575,0.0
2015-10-19T12:00:00Z,-4.625,55.625,0.0
2015-10-19T12:00:00Z,-4.625,55.675,0.0
2015-11-18T12:00:00Z,-4.375,55.325,0.0
2015-11-18T12:00:00Z,-4.375,55.375,0.0
2015-11-18T12:00:00Z,-4.375,55.425,0.0
2015-11-18T12:00:00Z,-4.375,55.475,0.0
2015-11-18T12:00:00Z,-4.375,55.525,0.0
2015-11-18T12:00:00Z,-4.375,55.575,0.0
2015-11-18T12:00:00Z,-4.375,55.625,0.0
2015-11-18T12:00:00Z,-4.375,55.675,0.0
2015-11-18T12:00:00Z,-4.425,55.325,0.0
2015-11-18T12:00:00Z,-4.425,55.375,0.0
2015-11-18T12:00:00Z,-4.425,55.425,0.0
2015-11-18T12:00:00Z,-4.425,55.475,0.0
2015-11-18T12:00:00Z,-4.425,55.525,0.0
2015-11-18T12:00:00Z,-4.425,55.575,0.0
2015-11-18T12:00:00Z,-4.425,55.625,0.0
2015-11-18T12:00:00Z,-4.425,55.675,0.0
2015-11-18T12:00:00Z,-4.475,55.325,0.0
2015-11-18T12:00:00Z,-4.475,55.375,0.0
2015-11-18T12:00:00Z,-4.475,55.425,0.0
2015-11-18T12:00:00Z,-4.475,55.475,0.0
2015-11-18T12:00:00Z,-4.475,55.525,0.0
2015-11-18T12:00:00Z,-4.475,55.575,0.0
2015-11-18T12:00:00Z,-4.475,55.625,0.0
2015-11-18T12:00:00Z,-4.475,55.675,0.0
2015-11-18T12:00:00Z,-4.525,55.325,0.0
2015-11-18T12:00:00Z,-4.525,55.375,0.0
2015-11-18T12:00:00Z,-4.525,55.425,0.0
2015-11-18T12:00:00Z,-4.525,55.475,0.0
2015-11-18T12:00:00Z,-4.525,55.525,0.0
2015-11-18T12:00:00Z,-4.525,55.575,0.0
2015-11-18T12:00:00Z,-4.525,55.625,0.0
2015-11-18T12:00:00Z,-4.525,55.675,0.0
2015-11-18T12:00:00Z,-4.575,55.325,0.0
2015-11-18T12:00:00Z,-4.575,55.375,0.0
2015-11-18T12:00:00Z,-4.575,55.425,0.0
2015-11-18T12:00:00Z,-4.575,55.475,0.0
2015-11-18T12:00:00Z,-4.575,55.525,0.0
2015-11-18T12:00:00Z,-4.575,55.575,0.0
2015-11-18T12:00:00Z,-4.575,55.625,0.0
2015-11-18T12:00:00Z,-4.575,55.675,0.0
2015-11-18T12:00:00Z,-4.625,55.325,0.0
2015-11-18T12:00:00Z,-4.625,55.375,0.0
2015-11-18T12:00:00Z,-4.625,55.425,0.0
2015-11-18T12:00:00Z,-4.625,55.475,0.0
2015-11-18T12:00:00Z,-4.625,55.525,0.0
2015-11-18T12:00:00Z,-4.625,55.575,0.0
2015-11-18T12:00:00Z,-4.625,55.625,0.0
2015-11-18T12:00:00Z,-4.625,55.675,0.0
2015-12-18T12:00:00Z,-4.375,55.325,0.0
2015-12-18T12:00:00Z,-4.375,55.375,0.0
2015-12-18T12:00:00Z,-4.375,55.425,0.0
2015-12-18T12:00:00Z,-4.375,55.475,0.0
2015-12-18T12:00:00Z,-4.375,55.525,0.0
2015-12-18T12:00:00Z,-4.375,55.575,0.0
2015-12-18T12:00:00Z,-4.375,55.625,0.0
2015-12-18T12:00:00Z,-4.375,55.675,0.0
2015-12-18T12:00:00Z,-4.425,55.325,0.0
2015-12-18T12:00:00Z,-4.425,55.375,0.0
2015-12-18T12:00:00Z,-4.425,55.425,0.0
2015-12-18T12:00:00Z,-4.425,55.475,0.0
2015-12-18T12:00:00Z,-4.425,55.525,0.0
2015-12-18T12:00:00Z,-4.425,55.575,0.0
2015-12-18T12:00:00Z,-4.425,55.625,0.0
2015-12-18T12:00:00Z,-4.425,55.675,0.0
2015-12-18T12:00:00Z,-4.475,55.325,0.0
2015-12-18T12:00:00Z,-4.475,55.375,0.0
2015-12-18T12:00:00Z,-4.475,55.425,0.0
2015-12-18T12:00:00Z,-4.475,55.475,0.0
2015-12-18T12:00:00Z,-4.475,55.525,0.0
2015-12-18T12:00:00Z,-4.475,55.575,0.0
2015-12-18T12:00:00Z,-4.475,55.625,0.0
2015-12-18T12:00:00Z,-4.475,55.675,0.0
2015-12-18T12:00:00Z,-4.525,55.325,0.0
2015-12-18T12:00:00Z,-4.525,55.375,0.0
2015-12-18T12:00:00Z,-4.525,55.425,0.0
2015-12-18T12:00:00Z,-4.525,55.475,0.0
2015-12-18T12:00:00Z,-4.525,55.525,0.0
2015-12-18T12:00:00Z,-4.525,55.575,0.0
2015-12-18T12:00:00Z,-4.525,55.625,0.0
2015-12-18T12:00:00Z,-4.525,55.675,0.0
2015-12-18T12:00:00Z,-4.575,55.325,0.0
2015-12-18T12:00:00Z,-4.575,55.375,0.0
2015-12-18T12:00:00Z,-4.575,55.425,0.0
2015-12-18T12:00:00Z,-4.575,55.475,0.0
2015-12-18T12:00:00Z,-4.575,55.525,0.0
2015-12-18T12:00:00Z,-4.575,55.575,0.0
2015-12-18T12:00:00Z,-4.575,55.625,0.0
2015-12-18T12:00:00Z,-4.575,55.675,0.0
2015-12-18T12:00:00Z,-4.625,55.325,0.0
2015-12-18T12:00:00Z,-4.625,55.375,0.0
2015-12-18T12:00:00Z,-4.625,55.425,0.0
2015-12-18T12:00:00Z,-4.625,55.475,0.0
2015-12-18T12:00:00Z,-4.625,55.525,0.0
2015-12-18T12:00:00Z,-4.625,55.575,0.0
2015-12-18T12:00:00Z,-4.625,55.625,0.0
2015-12-18T12:00:00Z,-4.625,55.675,0.0
2016-01-17T12:00:00Z,-4.375,55.325,0.0
2016-01-17T12:00:00Z,-4.375,55.375,0.0
2016-01-17T12:00:00Z,-4.375,55.425,0.0
2016-01-17T12:00:00Z,-4.375,55.475,0.0
2016-01-17T12:00:00Z,-4.375,55.525,0.0
2016-01-17T12:00:00Z,-4.375,55.575,0.0
2016-01-17T12:00:00Z,-4.375,55.625,0.0
2016-01-17T12:00:00Z,-4.375,55.675,0.0
2016-01-17T12:00:00Z,-4.425,55.325,0.0
2016-01-17T12:00:00Z,-4.425,55.375,0.0
2016-01-17T12:00:00Z,-4.425,55.425,0.0
2016-01-17T12:00:00Z,-4.425,55.475,0.0
2016-01-17T12:00:00Z,-4.425,55.525,0.0
2016-01-17T12:00:00Z,-4.425,55.575,0.0
2016-01-17T12:00:00Z,-4.425,55.625,0.0
2016-01-17T12:00:00Z,-4.425,55.675,0.0
2016-01-17T12:00:00Z,-4.475,55.325,0.0
2016-01-17T12:00:00Z,-4.475,55.375,0.0
2016-01-17T12:00:00Z,-4.475,55.425,0.0
2016-01-17T12:00:00Z,-4.475,55.475,0.0
2016-01-17T12:00:00Z,-4.475,55.525,0.0
2016-01-17T12:00:00Z,-4.475,55.575,0.0
2016-01-17T12:00:00Z,-4.475,55.625,0.0
2016-01-17T12:00:00Z,-4.475,55.675,0.0
2016-01-17T12:00:00Z,-4.525,55.325,0.0
2016-01-17T12:00:00Z,-4.525,55.375,0.0
2016-01-17T12:00:00Z,-4.525,55.425,0.0
2016-01-17T12:00:00Z,-4.525,55.475,0.0
2016-01-17T12:00:00Z,-4.525,55.525,0.0
2016-01-17T12:00:00Z,-4.525,55.575,0.0
2016-01-17T12:00:00Z,-4.525,55.625,0.0
2016-01-17T12:00:00Z,-4.525,55.675,0.0
2016-01-17T12:00:00Z,-4.575,55.325,0.0
2016-01-17T12:00:00Z,-4.575,55.375,0.0
2016-01-17T12:00:00Z,-4.575,55.425,0.0
2016-01-17T12:00:00Z,-4.575,55.475,0.0
2016-01-17T12:00:00Z,-4.575,55.525,0.0
2016-01-17T12:00:00Z,-4.575,55.575,0.0
2016-01-17T12:00:00Z,-4.575,55.625,0.0
2016-01-17T12:00:00Z,-4.575,55.675,0.0
2016-01-17T12:00:00Z,-4.625,55.325,0.0
2016-01-17T12:00:00Z,-4.625,55.375,0.0
2016-01-17T12:00:00Z,-4.625,55.425,0.0
2016-01-17T12:00:00Z,-4.625,55.475,0.0
2016-01-17T12:00:00Z,-4.625,55.525,0.0
2016-01-17T12:00:00Z,-4.625,55.575,0.0
2016-01-17T12:00:00Z,-4.625,55.625,0.0
2016-01-17T12:00:00Z,-4.625,55.675,0.0
2016-02-16T12:00:00Z,-4.375,55.325,0.0
2016-02-16T12:00:00Z,-4.375,55.375,0.0
2016-02-16T12:00:00Z,-4.375,55.425,0.0
2016-02-16T12:00:00Z,-4.375,55.475,0.0
2016-02-16T12:00:00Z,-4.375,55.525,0.0
2016-02-16T12:00:00Z,-4.375,55.575,0.0
2016-02-16T12:00:00Z,-4.375,55.625,0.0
2016-02-16T12:00:00Z,-4.375,55.675,0.0
2016-02-16T12:00:00Z,-4.425,55.325,0.0
2016-02-16T12:00:00Z,-4.425,55.375,0.0
2016-02-16T12:00:00Z,-4.425,55.425,0.0
2016-02-16T12:00:00Z,-4.425,55.475,0.0
2016-02-16T12:00:00Z,-4.425,55.525,0.0
2016-02-16T12:00:00Z,-4.425,55.575,0.0
2016-02-16T12:00:00Z,-4.425,55.625,0.0
2016-02-16T12:00:00Z,-4.425,55.675,0.0
2016-02-16T12:00:00Z,-4.475,55.325,0.0
2016-02-16T12:00:00Z,-4.475,55.375,0.0
2016-02-16T12:00:00Z,-4.475,55.425,0.0
2016-02-16T12:00:00Z,-4.475,55.475,0.0
2016-02-16T12:00:00Z,-4.475,55.525,0.0
2016-02-16T12:00:00Z,-4.475,55.575,0.0
2016-02-16T12:00:00Z,-4.475,55.625,0.0
2016-02-16T12:00:00Z,-4.475,55.675,0.0
2016-02-16T12:00:00Z,-4.525,55.325,0.0
2016-02-16T12:00:00Z,-4.525,55.375,0.0
2016-02-16T12:00:00Z,-4.525,55.425,0.0
2016-02-16T12:00:00Z,-4.525,55.475,0.0
2016-02-16T12:00:00Z,-4.525,55.525,0.0
2016-02-16T12:00:00Z,-4.525,55.575,0.0
2016-02-16T12:00:00Z,-4.525,55.625,0.0
2016-02-16T12:00:00Z,-4.525,55.675,0.0
2016-02-16T12:00:00Z,-4.575,55.325,0.0
2016-02-16T12:00:00Z,-4.575,55.375,0.0
2016-02-16T12:00:00Z,-4.575,55.425,0.0
2016-02-16T12:00:00Z,-4.575,55.475,0.0
2016-02-16T12:00:00Z,-4.575,55.525,0.0
2016-02-16T12:00:00Z,-4.575,55.575,0.0
2016-02-16T12:00:00Z,-4.575,55.625,0.0
2016-02-16T12:00:00Z,-4.575,55.675,0.0
2016-02-16T12:00:00Z,-4.625,55.325,0.0
2016-02-16T12:00:00Z,-4.625,55.375,0.0
2016-02-16T12:00:00Z,-4.625,55.425,0.0
2016-02-16T12:00:00Z,-4.625,55.475,0.0
2016-02-16T12:00:00Z,-4.625,55.525,0.0
2016-02-16T12:00:00Z,-4.625,55.575,0.0
2016-02-16T12:00:00Z,-4.625,55.625,0.0
2016-02-16T12:00:00Z,-4.625,55.675,0.0
2016-03-17T12:00:00Z,-4.375,55.325,1.68
2016-03-17T12:00:00Z,-4.375,55.375,1.71
2016-03-17T12:00:00Z,-4.375,55.425,1.73
2016-03-17T12:00:00Z,-4.375,55.475,1.74
2016-03-17T12:00:00Z,-4.375,55.525,1.73
2016-03-17T12:00:00Z,-4.375,55.575,1.71
2016-03-17T12:00:00Z,-4.375,55.625,1.68
2016-03-17T12:00:00Z,-4.375,55.675,1.6300000000000001
2016-03-17T12:00:00Z,-4.425,55.325,1.68
2016-03-17T12:00:00Z,-4.425,55.375,1.72
2016-03-17T12:00:00Z,-4.425,55.425,1.74
2016-03-17T12:00:00Z,-4.425,55.475,1.73
2016-03-17T12:00:00Z,-4.425,55.525,1.72
2016-03-17T12:00:00Z,-4.425,55.575,1.68
2016-03-17T12:00:00Z,-4.425,55.625,1.6400000000000001
2016-03-17T12:00:00Z,-4.425,55.675,1.19
2016-03-17T12:00:00Z,-4.475,55.325,1.51
2016-03-17T12:00:00Z,-4.475,55.375,1.7
2016-03-17T12:00:00Z,-4.475,55.425,1.72
2016-03-17T12:00:00Z,-4.475,55.475,1.73
2016-03-17T12:00:00Z,-4.475,55.525,1.71
2016-03-17T12:00:00Z,-4.475,55.575,1.3800000000000001
2016-03-17T12:00:00Z,-4.475,55.625,1.36
2016-03-17T12:00:00Z,-4.475,55.675,1.06
2016-03-17T12:00:00Z,-4.525,55.325,1.21
2016-03-17T12:00:00Z,-4.525,55.375,1.3900000000000001
2016-03-17T12:00:00Z,-4.525,55.425,1.69
2016-03-17T12:00:00Z,-4.525,55.475,1.7
2016-03-17T12:00:00Z,-4.525,55.525,1.4000000000000001
2016-03-17T12:00:00Z,-4.525,55.575,1.22
2016-03-17T12:00:00Z,-4.525,55.625,1.07
2016-03-17T12:00:00Z,-4.525,55.675,1.06
2016-03-17T12:00:00Z,-4.575,55.325,1.2
2016-03-17T12:00:00Z,-4.575,55.375,1.24
2016-03-17T12:00:00Z,-4.575,55.425,1.25
2016-03-17T12:00:00Z,-4.575,55.475,1.25
2016-03-17T12:00:00Z,-4.575,55.525,1.24
2016-03-17T12:00:00Z,-4.575,55.575,1.08
2016-03-17T12:00:00Z,-4.575,55.625,1.07
2016-03-17T12:00:00Z,-4.575,55.675,1.07
2016-03-17T12:00:00Z,-4.625,55.325,1.05
2016-03-17T12:00:00Z,-4.625,55.375,1.22
2016-03-17T12:00:00Z,-4.625,55.425,1.23
2016-03-17T12:00:00Z,-4.625,55.475,1.09
2016-03-17T12:00:00Z,-4.625,55.525,1.08
2016-03-17T12:00:00Z,-4.625,55.575,1.08
2016-03-17T12:00:00Z,-4.625,55.625,1.07
2016-03-17T12:00:00Z,-4.625,55.675,1.07
2016-04-16T12:00:00Z,-4.375,55.325,7.0200000000000005
2016-04-16T12:00:00Z,-4.375,55.375,7.07
2016-04-16T12:00:00Z,-4.375,55.425,7.24
2016-04-16T12:00:00Z,-4.375,55.475,7.25
2016-04-16T12:00:00Z,-4.375,55.525,7.16
2016-04-16T12:00:00Z,-4.375,55.575,7.07
2016-04-16T12:00:00Z,-4.375,55.625,6.93
2016-04-16T12:00:00Z,-4.375,55.675,6.76
2016-04-16T12:00:00Z,-4.425,55.325,7.05
2016-04-16T12:00:00Z,-4.425,55.375,7.25
2016-04-16T12:00:00Z,-4.425,55.425,7.3
2016-04-16T12:00:00Z,-4.425,55.475,7.24
2016-04-16T12:00:00Z,-4.425,55.525,7.32
2016-04-16T12:00:00Z,-4.425,55.575,7.03
2016-04-16T12:00:00Z,-4.425,55.625,6.890000000000001
2016-04-16T12:00:00Z,-4.425,55.675,6.34
2016-04-16T12:00:00Z,-4.475,55.325,6.83
2016-04-16T12:00:00Z,-4.475,55.375,7.23
2016-04-16T12:00:00Z,-4.475,55.425,7.25
2016-04-16T12:00:00Z,-4.475,55.475,7.25
2016-04-16T12:00:00Z,-4.475,55.525,7.33
2016-04-16T12:00:00Z,-4.475,55.575,6.75
2016-04-16T12:00:00Z,-4.475,55.625,6.63
2016-04-16T12:00:00Z,-4.475,55.675,6.25
2016-04-16T12:00:00Z,-4.525,55.325,6.5200000000000005
2016-04-16T12:00:00Z,-4.525,55.375,6.890000000000001
2016-04-16T12:00:00Z,-4.525,55.425,7.18
2016-04-16T12:00:00Z,-4.525,55.475,7.17
2016-04-16T12:00:00Z,-4.525,55.525,6.97
2016-04-16T12:00:00Z,-4.525,55.575,6.42
2016-04-16T12:00:00Z,-4.525,55.625,6.19
2016-04-16T12:00:00Z,-4.525,55.675,5.97
2016-04-16T12:00:00Z,-4.575,55.325,6.47
2016-04-16T12:00:00Z,-4.575,55.375,6.67
2016-04-16T12:00:00Z,-4.575,55.425,6.66
2016-04-16T12:00:00Z,-4.575,55.475,6.640000000000001
2016-04-16T12:00:00Z,-4.575,55.525,6.61
2016-04-16T12:00:00Z,-4.575,55.575,6.28
2016-04-16T12:00:00Z,-4.575,55.625,6.03
2016-04-16T12:00:00Z,-4.575,55.675,6.17
2016-04-16T12:00:00Z,-4.625,55.325,6.2700000000000005
2016-04-16T12:00:00Z,-4.625,55.375,6.44
2016-04-16T12:00:00Z,-4.625,55.425,6.42
2016-04-16T12:00:00Z,-4.625,55.475,6.4
2016-04-16T12:00:00Z,-4.625,55.525,6.41
2016-04-16T12:00:00Z,-4.625,55.575,6.1000000000000005
2016-04-16T12:00:00Z,-4.625,55.625,6.07
2016-04-16T12:00:00Z,-4.625,55.675,6.18
2016-05-16T12:00:00Z,-4.375,55.325,10.06
2016-05-16T12:00:00Z,-4.375,55.375,10.16
2016-05-16T12:00:00Z,-4.375,55.425,10.5
2016-05-16T12:00:00Z,-4.375,55.475,10.52
2016-05-16T12:00:00Z,-4.375,55.525,10.41
2016-05-16T12:00:00Z,-4.375,55.575,10.32
2016-05-16T12:00:00Z,-4.375,55.625,10.16
2016-05-16T12:00:00Z,-4.375,55.675,9.950000000000001
2016-05-16T12:00:00Z,-4.425,55.325,10.1
2016-05-16T12:00:00Z,-4.425,55.375,10.370000000000001
2016-05-16T12:00:00Z,-4.425,55.425,10.58
2016-05-16T12:00:00Z,-4.425,55.475,10.38
2016-05-16T12:00:00Z,-4.425,55.525,10.46
2016-05-16T12:00:00Z,-4.425,55.575,10.120000000000001
2016-05-16T12:00:00Z,-4.425,55.625,9.96
2016-05-16T12:00:00Z,-4.425,55.675,9.38
2016-05-16T12:00:00Z,-4.475,55.325,9.84
2016-05-16T12:00:00Z,-4.475,55.375,10.47
2016-05-16T12:00:00Z,-4.475,55.425,10.53
2016-05-16T12:00:00Z,-4.475,55.475,10.4
2016-05-16T12:00:00Z,-4.475,55.525,10.47
2016-05-16T12:00:00Z,-4.475,55.575,9.85
2016-05-16T12:00:00Z,-4.475,55.625,9.700000000000001
2016-05-16T12:00:00Z,-4.475,55.675,9.27
2016-05-16T12:00:00Z,-4.525,55.325,9.51
2016-05-16T12:00:00Z,-4.525,55.375,10.11
2016-05-16T12:00:00Z,-4.525,55.425,10.44
2016-05-16T12:00:00Z,-4.525,55.475,10.450000000000001
2016-05-16T12:00:00Z,-4.525,55.525,10.09
2016-05-16T12:00:00Z,-4.525,55.575,9.5
2016-05-16T12:00:00Z,-4.525,55.625,9.22
2016-05-16T12:00:00Z,-4.525,55.675,8.950000000000001
2016-05-16T12:00:00Z,-4.575,55.325,9.27
2016-05-16T12:00:00Z,-4.575,55.375,9.84
2016-05-16T12:00:00Z,-4.575,55.425,9.72
2016-05-16T12:00:00Z,-4.575,55.475,9.72
2016-05-16T12:00:00Z,-4.575,55.525,9.68
2016-05-16T12:00:00Z,-4.575,55.575,9.33
2016-05-16T12:00:00Z,-4.575,55.625,9.0
2016-05-16T12:00:00Z,-4.575,55.675,8.96
2016-05-16T12:00:00Z,-4.625,55.325,9.17
2016-05-16T12:00:00Z,-4.625,55.375,9.42
2016-05-16T12:00:00Z,-4.625,55.425,9.44
2016-05-16T12:00:00Z,-4.625,55.475,9.43
2016-05-16T12:00:00Z,-4.625,55.525,9.42
2016-05-16T12:00:00Z,-4.625,55.575,9.08
2016-05-16T12:00:00Z,-4.625,55.625,8.870000000000001
2016-05-16T12:00:00Z,-4.625,55.675,8.92
2016-06-15T12:00:00Z,-4.375,55.325,7.26
2016-06-15T12:00:00Z,-4.375,55.375,7.33
2016-06-15T12:00:00Z,-4.375,55.425,7.65
2016-06-15T12:00:00Z,-4.375,55.475,7.65
2016-06-15T12:00:00Z,-4.375,55.525,7.57
2016-06-15T12:00:00Z,-4.375,55.575,7.51
2016-06-15T12:00:00Z,-4.375,55.625,7.42
2016-06-15T12:00:00Z,-4.375,55.675,7.28
2016-06-15T12:00:00Z,-4.425,55.325,7.3
2016-06-15T12:00:00Z,-4.425,55.375,7.5200000000000005
2016-06-15T12:00:00Z,-4.425,55.425,7.7
2016-06-15T12:00:00Z,-4.425,55.475,7.51
2016-06-15T12:00:00Z,-4.425,55.525,7.61
2016-06-15T12:00:00Z,-4.425,55.575,7.33
2016-06-15T12:00:00Z,-4.425,55.625,7.23
2016-06-15T12:00:00Z,-4.425,55.675,7.13
2016-06-15T12:00:00Z,-4.475,55.325,7.22
2016-06-15T12:00:00Z,-4.475,55.375,7.640000000000001
2016-06-15T12:00:00Z,-4.475,55.425,7.67
2016-06-15T12:00:00Z,-4.475,55.475,7.53
2016-06-15T12:00:00Z,-4.475,55.525,7.62
2016-06-15T12:00:00Z,-4.475,55.575,7.34
2016-06-15T12:00:00Z,-4.475,55.625,7.23
2016-06-15T12:00:00Z,-4.475,55.675,7.12
2016-06-15T12:00:00Z,-4.525,55.325,7.18
2016-06-15T12:00:00Z,-4.525,55.375,7.59
2016-06-15T12:00:00Z,-4.525,55.425,7.61
2016-06-15T12:00:00Z,-4.525,55.475,7.62
2016-06-15T12:00:00Z,-4.525,55.525,7.5600000000000005
2016-06-15T12:00:00Z,-4.525,55.575,7.16
2016-06-15T12:00:00Z,-4.525,55.625,7.04
2016-06-15T12:00:00Z,-4.525,55.675,6.79
2016-06-15T12:00:00Z,-4.575,55.325,6.96
2016-06-15T12:00:00Z,-4.575,55.375,7.49
2016-06-15T12:00:00Z,-4.575,55.425,7.36
2016-06-15T12:00:00Z,-4.575,55.475,7.3500000000000005
2016-06-15T12:00:00Z,-4.575,55.525,7.32
2016-06-15T12:00:00Z,-4.575,55.575,7.13
2016-06-15T12:00:00Z,-4.575,55.625,6.83
2016-06-15T12:00:00Z,-4.575,55.675,6.79
2016-06-15T12:00:00Z,-4.625,55.325,7.0200000000000005
2016-06-15T12:00:00Z,-4.625,55.375,7.1000000000000005
2016-06-15T12:00:00Z,-4.625,55.425,7.1000000000000005
2016-06-15T12:00:00Z,-4.625,55.475,7.23
2016-06-15T12:00:00Z,-4.625,55.525,7.23
2016-06-15T12:00:00Z,-4.625,55.575,6.9
2016-06-15T12:00:00Z,-4.625,55.625,6.69
2016-06-15T12:00:00Z,-4.625,55.675,6.74
2016-07-15T12:00:00Z,-4.375,55.325,1.85
2016-07-15T12:00:00Z,-4.375,55.375,1.8800000000000001
2016-07-15T12:00:00Z,-4.375,55.425,2.0300000000000002
2016-07-15T12:00:00Z,-4.375,55.475,2.0300000000000002
2016-07-15T12:00:00Z,-4.375,55.525,2.0
2016-07-15T12:00:00Z,-4.375,55.575,1.99
2016-07-15T12:00:00Z,-4.375,55.625,1.97
2016-07-15T12:00:00Z,-4.375,55.675,1.93
2016-07-15T12:00:00Z,-4.425,55.325,1.86
2016-07-15T12:00:00Z,-4.425,55.375,1.8900000000000001
2016-07-15T12:00:00Z,-4.425,55.425,2.04
2016-07-15T12:00:00Z,-4.425,55.475,1.8900000000000001
2016-07-15T12:00:00Z,-4.425,55.525,1.87
2016-07-15T12:00:00Z,-4.425,55.575,1.84
2016-07-15T12:00:00Z,-4.425,55.625,1.81
2016-07-15T12:00:00Z,-4.425,55.675,1.77
2016-07-15T12:00:00Z,-4.475,55.325,1.83
2016-07-15T12:00:00Z,-4.475,55.375,2.02
2016-07-15T12:00:00Z,-4.475,55.425,2.0300000000000002
2016-07-15T12:00:00Z,-4.475,55.475,1.8900000000000001
2016-07-15T12:00:00Z,-4.475,55.525,1.87
2016-07-15T12:00:00Z,-4.475,55.575,1.84
2016-07-15T12:00:00Z,-4.475,55.625,1.8
2016-07-15T12:00:00Z,-4.475,55.675,1.76
2016-07-15T12:00:00Z,-4.525,55.325,1.81
2016-07-15T12:00:00Z,-4.525,55.375,2.0
2016-07-15T12:00:00Z,-4.525,55.425,2.0100000000000002
2016-07-15T12:00:00Z,-4.525,55.475,2.02
2016-07-15T12:00:00Z,-4.525,55.525,1.86
2016-07-15T12:00:00Z,-4.525,55.575,1.82
2016-07-15T12:00:00Z,-4.525,55.625,1.78
2016-07-15T12:00:00Z,-4.525,55.675,1.73
2016-07-15T12:00:00Z,-4.575,55.325,1.6300000000000001
2016-07-15T12:00:00Z,-4.575,55.375,1.96
2016-07-15T12:00:00Z,-4.575,55.425,1.83
2016-07-15T12:00:00Z,-4.575,55.475,1.84
2016-07-15T12:00:00Z,-4.575,55.525,1.82
2016-07-15T12:00:00Z,-4.575,55.575,1.8
2016-07-15T12:00:00Z,-4.575,55.625,1.74
2016-07-15T12:00:00Z,-4.575,55.675,1.57
2016-07-15T12:00:00Z,-4.625,55.325,1.74
2016-07-15T12:00:00Z,-4.625,55.375,1.78
2016-07-15T12:00:00Z,-4.625,55.425,1.79
2016-07-15T12:00:00Z,-4.625,55.475,1.79
2016-07-15T12:00:00Z,-4.625,55.525,1.78
2016-07-15T12:00:00Z,-4.625,55.575,1.76
2016-07-15T12:00:00Z,-4.625,55.625,1.58
2016-07-15T12:00:00Z,-4.625,55.675,1.54
2016-08-14T12:00:00Z,-4.375,55.325,0.0
2016-08-14T12:00:00Z,-4.375,55.375,0.0
2016-08-14T12:00:00Z,-4.375,55.425,0.0
2016-08-14T12:00:00Z,-4.375,55.475,0.0
2016-08-14T12:00:00Z,-4.375,55.525,0.0
2016-08-14T12:00:00Z,-4.375,55.575,0.0
2016-08-14T12:00:00Z,-4.375,55.625,0.0
2016-08-14T12:00:00Z,-4.375,55.675,0.0
2016-08-14T12:00:00Z,-4.425,55.325,0.0
2016-08-14T12:00:00Z,-4.425,55.375,0.0
2016-08-14T12:00:00Z,-4.425,55.425,0.0
2016-08-14T12:00:00Z,-4.425,55.475,0.0
2016-08-14T12:00:00Z,-4.425,55.525,0.0
2016-08-14T12:00:00Z,-4.425,55.575,0.0
2016-08-14T12:00:00Z,-4.425,55.625,0.0
2016-08-14T12:00:00Z,-4.425,55.675,0.0
2016-08-14T12:00:00Z,-4.475,55.325,0.0
2016-08-14T12:00:00Z,-4.475,55.375,0.0
2016-08-14T12:00:00Z,-4.475,55.425,0.0
2016-08-14T12:00:00Z,-4.475,55.475,0.0
2016-08-14T12:00:00Z,-4.475,55.525,0.0
2016-08-14T12:00:00Z,-4.475,55.575,0.0
2016-08-14T12:00:00Z,-4.475,55.625,0.0
2016-08-14T12:00:00Z,-4.475,55.675,0.0
2016-08-14T12:00:00Z,-4.525,55.325,0.0
2016-08-14T12:00:00Z,-4.525,55.375,0.0
2016-08-14T12:00:00Z,-4.525,55.425,0.0
2016-08-14T12:00:00Z,-4.525,55.475,0.0
2016-08-14T12:00:00Z,-4.525,55.525,0.0
2016-08-14T12:00:00Z,-4.525,55.575,0.0
2016-08-14T12:00:00Z,-4.525,55.625,0.0
2016-08-14T12:00:00Z,-4.525,55.675,0.0
2016-08-14T12:00:00Z,-4.575,55.325,0.0
2016-08-14T12:00:00Z,-4.575,55.375,0.0
2016-08-14T12:00:00Z,-4.575,55.425,0.0
2016-08-14T12:00:00Z,-4.575,55.475,0.0
2016-08-14T12:00:00Z,-4.575,55.525,0.0
2016-08-14T12:00:00Z,-4.575,55.575,0.0
2016-08-14T12:00:00Z,-4.575,55.625,0.0
2016-08-14T12:00:00Z,-4.575,55.675,0.0
2016-08-14T12:00:00Z,-4.625,55.325,0.0
2016-08-14T12:00:00Z,-4.625,55.375,0.0
2016-08-14T12:00:00Z,-4.625,55.425,0.0
2016-08-14T12:00:00Z,-4.625,55.475,0.0
2016-08-14T12:00:00Z,-4.625,55.525,0.0
2016-08-14T12:00:00Z,-4.625,55.575,0.0
2016-08-14T12:00:00Z,-4.625,55.625,0.0
2016-08-14T12:00:00Z,-4.625,55.675,0.0
2016-09-13T12:00:00Z,-4.375,55.325,0.0
2016-09-13T12:00:00Z,-4.375,55.375,0.0
2016-09-13T12:00:00Z,-4.375,55.425,0.0
2016-09-13T12:00:00Z,-4.375,55.475,0.0
2016-09-13T12:00:00Z,-4.375,55.525,0.0
2016-09-13T12:00:00Z,-4.375,55.575,0.0
2016-09-13T12:00:00Z,-4.375,55.625,0.0
2016-09-13T12:00:00Z,-4.375,55.675,0.0
2016-09-13T12:00:00Z,-4.425,55.325,0.0
2016-09-13T12:00:00Z,-4.425,55.375,0.0
2016-09-13T12:00:00Z,-4.425,55.425,0.0
2016-09-13T12:00:00Z,-4.425,55.475,0.0
2016-09-13T12:00:00Z,-4.425,55.525,0.0
2016-09-13T12:00:00Z,-4.425,55.575,0.0
2016-09-13T12:00:00Z,-4.425,55.625,0.0
2016-09-13T12:00:00Z,-4.425,55.675,0.0
2016-09-13T12:00:00Z,-4.475,55.325,0.0
2016-09-13T12:00:00Z,-4.475,55.375,0.0
2016-09-13T12:00:00Z,-4.475,55.425,0.0
2016-09-13T12:00:00Z,-4.475,55.475,0.0
2016-09-13T12:00:00Z,-4.475,55.525,0.0
2016-09-13T12:00:00Z,-4.475,55.575,0.0
2016-09-13T12:00:00Z,-4.475,55.625,0.0
2016-09-13T12:00:00Z,-4.475,55.675,0.0
2016-09-13T12:00:00Z,-4.525,55.325,0.0
2016-09-13T12:00:00Z,-4.525,55.375,0.0
2016-09-13T12:00:00Z,-4.525,55.425,0.0
2016-09-13T12:00:00Z,-4.525,55.475,0.0
2016-09-13T12:00:00Z,-4.525,55.525,0.0
2016-09-13T12:00:00Z,-4.525,55.575,0.0
2016-09-13T12:00:00Z,-4.525,55.625,0.0
2016-09-13T12:00:00Z,-4.525,55.675,0.0
2016-09-13T12:00:00Z,-4.575,55.325,0.0
2016-09-13T12:00:00Z,-4.575,55.375,0.0
2016-09-13T12:00:00Z,-4.575,55.425,0.0
2016-09-13T12:00:00Z,-4.575,55.475,0.0
2016-09-13T12:00:00Z,-4.575,55.525,0.0
2016-09-13T12:00:00Z,-4.575,55.575,0.0
2016-09-13T12:00:00Z,-4.575,55.625,0.0
2016-09-13T12:00:00Z,-4.575,55.675,0.0
2016-09-13T12:00:00Z,-4.625,55.325,0.0
2016-09-13T12:00:00Z,-4.625,55.375,0.0
2016-09-13T12:00:00Z,-4.625,55.425,0.0
2016-09-13T12:00:00Z,-4.625,55.475,0.0
2016-09-13T12:00:00Z,-4.625,55.525,0.0
2016-09-13T12:00:00Z,-4.625,55.575,0.0
2016-09-13T12:00:00Z,-4.625,55.625,0.0
2016-09-13T12:00:00Z,-4.625,55.675,0.0
2016-10-13T12:00:00Z,-4.375,55.325,0.0
2016-10-13T12:00:00Z,-4.375,55.375,0.0
2016-10-13T12:00:00Z,-4.375,55.425,0.0
2016-10-13T12:00:00Z,-4.375,55.475,0.0
2016-10-13T12:00:00Z,-4.375,55.525,0.0
2016-10-13T12:00:00Z,-4.375,55.575,0.0
2016-10-13T12:00:00Z,-4.375,55.625,0.0
2016-10-13T12:00:00Z,-4.375,55.675,0.0
2016-10-13T12:00:00Z,-4.425,55.325,0.0
2016-10-13T12:00:00Z,-4.425,55.375,0.0
2016-10-13T12:00:00Z,-4.425,55.425,0.0
2016-10-13T12:00:00Z,-4.425,55.475,0.0
2016-10-13T12:00:00Z,-4.425,55.525,0.0
2016-10-13T12:00:00Z,-4.425,55.575,0.0
2016-10-13T12:00:00Z,-4.425,55.625,0.0
2016-10-13T12:00:00Z,-4.425,55.675,0.0
2016-10-13T12:00:00Z,-4.475,55.325,0.0
2016-10-13T12:00:00Z,-4.475,55.375,0.0
2016-10-13T12:00:00Z,-4.475,55.425,0.0
2016-10-13T12:00:00Z,-4.475,55.475,0.0
2016-10-13T12:00:00Z,-4.475,55.525,0.0
2016-10-13T12:00:00Z,-4.475,55.575,0.0
2016-10-13T12:00:00Z,-4.475,55.625,0.0
2016-10-13T12:00:00Z,-4.475,55.675,0.0
2016-10-13T12:00:00Z,-4.525,55.325,0.0
2016-10-13T12:00:00Z,-4.525,55.375,0.0
2016-10-13T12:00:00Z,-4.525,55.425,0.0
2016-10-13T12:00:00Z,-4.525,55.475,0.0
2016-10-13T12:00:00Z,-4.525,55.525,0.0
2016-10-13T12:00:00Z,-4.525,55.575,0.0
2016-10-13T12:00:00Z,-4.525,55.625,0.0
2016-10-13T12:00:00Z,-4.525,55.675,0.0
2016-10-13T12:00:00Z,-4.575,55.325,0.0
2016-10-13T12:00:00Z,-4.575,55.375,0.0
2016-10-13T12:00:00Z,-4.575,55.425,0.0
2016-10-13T12:00:00Z,-4.575,55.475,0.0
2016-10-13T12:00:00Z,-4.575,55.525,0.0
2016-10-13T12:00:00Z,-4.575,55.575,0.0
2016-10-13T12:00:00Z,-4.575,55.625,0.0
2016-10-13T12:00:00Z,-4.575,55.675,0.0
2016-10-13T12:00:00Z,-4.625,55.325,0.0
2016-10-13T12:00:00Z,-4.625,55.375,0.0
2016-10-13T12:00:00Z,-4.625,55.425,0.0
2016-10-13T12:00:00Z,-4.625,55.475,0.0
2016-10-13T12:00:00Z,-4.625,55.525,0.0
2016-10-13T12:00:00Z,-4.625,55.575,0.0
2016-10-13T12:00:00Z,-4.625,55.625,0.0
2016-10-13T12:00:00Z,-4.625,55.675,0.0
2016-11-12T12:00:00Z,-4.375,55.325,0.0
2016-11-12T12:00:00Z,-4.375,55.375,0.0
2016-11-12T12:00:00Z,-4.375,55.425,0.0
2016-11-12T12:00:00Z,-4.375,55.475,0.0
2016-11-12T12:00:00Z,-4.375,55.525,0.0
2016-11-12T12:00:00Z,-4.375,55.575,0.0
2016-11-12T12:00:00Z,-4.375,55.625,0.0
2016-11-12T12:00:00Z,-4.375,55.675,0.0
2016-11-12T12:00:00Z,-4.425,55.325,0.0
2016-11-12T12:00:00Z,-4.425,55.375,0.0
2016-11-12T12:00:00Z,-4.425,55.425,0.0
2016-11-12T12:00:00Z,-4.425,55.475,0.0
2016-11-12T12:00:00Z,-4.425,55.525,0.0
2016-11-12T12:00:00Z,-4.425,55.575,0.0
2016-11-12T12:00:00Z,-4.425,55.625,0.0
2016-11-12T12:00:00Z,-4.425,55.675,0.0
2016-11-12T12:00:00Z,-4.475,55.325,0.0
2016-11-12T12:00:00Z,-4.475,55.375,0.0
2016-11-12T12:00:00Z,-4.475,55.425,0.0
2016-11-12T12:00:00Z,-4.475,55.475,0.0
2016-11-12T12:00:00Z,-4.475,55.525,0.0
2016-11-12T12:00:00Z,-4.475,55.575,0.0
2016-11-12T12:00:00Z,-4.475,55.625,0.0
2016-11-12T12:00:00Z,-4.475,55.675,0.0
2016-11-12T12:00:00Z,-4.525,55.325,0.0
2016-11-12T12:00:00Z,-4.525,55.375,0.0
2016-11-12T12:00:00Z,-4.525,55.425,0.0
2016-11-12T12:00:00Z,-4.525,55.475,0.0
2016-11-12T12:00:00Z,-4.525,55.525,0.0
2016-11-12T12:00:00Z,-4.525,55.575,0.0
2016-11-12T12:00:00Z,-4.525,55.625,0.0
2016-11-12T12:00:00Z,-4.525,55.675,0.0
2016-11-12T12:00:00Z,-4.575,55.325,0.0
2016-11-12T12:00:00Z,-4.575,55.375,0.0
2016-11-12T12:00:00Z,-4.575,55.425,0.0
2016-11-12T12:00:00Z,-4.575,55.475,0.0
2016-11-12T12:00:00Z,-4.575,55.525,0.0
2016-11-12T12:00:00Z,-4.575,55.575,0.0
2016-11-12T12:00:00Z,-4.575,55.625,0.0
2016-11-12T12:00:00Z,-4.575,55.675,0.0
2016-11-12T12:00:00Z,-4.625,55.325,0.0
2016-11-12T12:00:00Z,-4.625,55.375,0.0
2016-11-12T12:00:00Z,-4.625,55.425,0.0
2016-11-12T12:00:00Z,-4.625,55.475,0.0
2016-11-12T12:00:00Z,-4.625,55.525,0.0
2016-11-12T12:00:00Z,-4.625,55.575,0.0
2016-11-12T12:00:00Z,-4.625,55.625,0.0
2016-11-12T12:00:00Z,-4.625,55.675,0.0
2016-12-12T12:00:00Z,-4.375,55.325,0.0
2016-12-12T12:00:00Z,-4.375,55.375,0.0
2016-12-12T12:00:00Z,-4.375,55.425,0.0
2016-12-12T12:00:00Z,-4.375,55.475,0.0
2016-12-12T12:00:00Z,-4.375,55.525,0.0
2016-12-12T12:00:00Z,-4.375,55.575,0.0
2016-12-12T12:00:00Z,-4.375,55.625,0.0
2016-12-12T12:00:00Z,-4.375,55.675,0.0
2016-12-12T12:00:00Z,-4.425,55.325,0.0
2016-12-12T12:00:00Z,-4.425,55.375,0.0
2016-12-12T12:00:00Z,-4.425,55.425,0.0
2016-12-12T12:00:00Z,-4.425,55.475,0.0
2016-12-12T12:00:00Z,-4.425,55.525,0.0
2016-12-12T12:00:00Z,-4.425,55.575,0.0
2016-12-12T12:00:00Z,-4.425,55.625,0.0
2016-12-12T12:00:00Z,-4.425,55.675,0.0
2016-12-12T12:00:00Z,-4.475,55.325,0.0
2016-12-12T12:00:00Z,-4.475,55.375,0.0
2016-12-12T12:00:00Z,-4.475,55.425,0.0
2016-12-12T12:00:00Z,-4.475,55.475,0.0
2016-12-12T12:00:00Z,-4.475,55.525,0.0
2016-12-12T12:00:00Z,-4.475,55.575,0.0
2016-12-12T12:00:00Z,-4.475,55.625,0.0
2016-12-12T12:00:00Z,-4.475,55.675,0.0
2016-12-12T12:00:00Z,-4.525,55.325,0.0
2016-12-12T12:00:00Z,-4.525,55.375,0.0
2016-12-12T12:00:00Z,-4.525,55.425,0.0
2016-12-12T12:00:00Z,-4.525,55.475,0.0
2016-12-12T12:00:00Z,-4.525,55.525,0.0
2016-12-12T12:00:00Z,-4.525,55.575,0.0
2016-12-12T12:00:00Z,-4.525,55.625,0.0
2016-12-12T12:00:00Z,-4.525,55.675,0.0
2016-12-12T12:00:00Z,-4.575,55.325,0.0
2016-12-12T12:00:00Z,-4.575,55.375,0.0
2016-12-12T12:00:00Z,-4.575,55.425,0.0
2016-12-12T12:00:00Z,-4.575,55.475,0.0
2016-12-12T12:00:00Z,-4.575,55.525,0.0
2016-12-12T12:00:00Z,-4.575,55.575,0.0
2016-12-12T12:00:00Z,-4.575,55.625,0.0
2016-12-12T12:00:00Z,-4.575,55.675,0.0
2016-12-12T12:00:00Z,-4.625,55.325,0.0
2016-12-12T12:00:00Z,-4.625,55.375,0.0
2016-12-12T12:00:00Z,-4.625,55.425,0.0
2016-12-12T12:00:00Z,-4.625,55.475,0.0
2016-12-12T12:00:00Z,-4.625,55.525,0.0
2016-12-12T12:00:00Z,-4.625,55.575,0.0
2016-12-12T12:00:00Z,-4.625,55.625,0.0
2016-12-12T12:00:00Z,-4.625,55.675,0.0
2017-01-11T12:00:00Z,-4.375,55.325,0.0
2017-01-11T12:00:00Z,-4.375,55.375,0.0
2017-01-11T12:00:00Z,-4.375,55.425,0.0
2017-01-11T12:00:00Z,-4.375,55.475,0.0
2017-01-11T12:00:00Z,-4.375,55.525,0.0
2017-01-11T12:00:00Z,-4.375,55.575,0.0
2017-01-11T12:00:00Z,-4.375,55.625,0.0
2017-01-11T12:00:00Z,-4.375,55.675,0.0
2017-01-11T12:00:00Z,-4.425,55.325,0.0
2017-01-11T12:00:00Z,-4.425,55.375,0.0
2017-01-11T12:00:00Z,-4.425,55.425,0.0
2017-01-11T12:00:00Z,-4.425,55.475,0.0
2017-01-11T12:00:00Z,-4.425,55.525,0.0
2017-01-11T12:00:00Z,-4.425,55.575,0.0
2017-01-11T12:00:00Z,-4.425,55.625,0.0
2017-01-11T12:00:00Z,-4.425,55.675,0.0
2017-01-11T12:00:00Z,-4.475,55.325,0.0
2017-01-11T12:00:00Z,-4.475,55.375,0.0
2017-01-11T12:00:00Z,-4.475,55.425,0.0
2017-01-11T12:00:00Z,-4.475,55.475,0.0
2017-01-11T12:00:00Z,-4.475,55.525,0.0
2017-01-11T12:00:00Z,-4.475,55.575,0.0
2017-01-11T12:00:00Z,-4.475,55.625,0.0
2017-01-11T12:00:00Z,-4.475,55.675,0.0
2017-01-11T12:00:00Z,-4.525,55.325,0.0
2017-01-11T12:00:00Z,-4.525,55.375,0.0
2017-01-11T12:00:00Z,-4.525,55.425,0.0
2017-01-11T12:00:00Z,-4.525,55.475,0.0
2017-01-11T12:00:00Z,-4.525,55.525,0.0
2017-01-11T12:00:00Z,-4.525,55.575,0.0
2017-01-11T12:00:00Z,-4.525,55.625,0.0
2017-01-11T12:00:00Z,-4.525,55.675,0.0
2017-01-11T12:00:00Z,-4.575,55.325,0.0
2017-01-11T12:00:00Z,-4.575,55.375,0.0
2017-01-11T12:00:00Z,-4.575,55.425,0.0
2017-01-11T12:00:00Z,-4.575,55.475,0.0
2017-01-11T12:00:00Z,-4.575,55.525,0.0
2017-01-11T12:00:00Z,-4.575,55.575,0.0
2017-01-11T12:00:00Z,-4.575,55.625,0.0
2017-01-11T12:00:00Z,-4.575,55.675,0.0
2017-01-11T12:00:00Z,-4.625,55.325,0.0
2017-01-11T12:00:00Z,-4.625,55.375,0.0
2017-01-11T12:00:00Z,-4.625,55.425,0.0
2017-01-11T12:00:00Z,-4.625,55.475,0.0
2017-01-11T12:00:00Z,-4.625,55.525,0.0
2017-01-11T12:00:00Z,-4.625,55.575,0.0
2017-01-11T12:00:00Z,-4.625,55.625,0.0
2017-01-11T12:00:00Z,-4.625,55.675,0.0
2017-02-10T12:00:00Z,-4.375,55.325,0.0
2017-02-10T12:00:00Z,-4.375,55.375,0.0
2017-02-10T12:00:00Z,-4.375,55.425,0.0
2017-02-10T12:00:00Z,-4.375,55.475,0.0
2017-02-10T12:00:00Z,-4.375,55.525,0.0
2017-02-10T12:00:00Z,-4.375,55.575,0.0
2017-02-10T12:00:00Z,-4.375,55.625,0.0
2017-02-10T12:00:00Z,-4.375,55.675,0.0
2017-02-10T12:00:00Z,-4.425,55.325,0.0
2017-02-10T12:00:00Z,-4.425,55.375,0.0
2017-02-10T12:00:00Z,-4.425,55.425,0.0
2017-02-10T12:00:00Z,-4.425,55.475,0.0
2017-02-10T12:00:00Z,-4.425,55.525,0.0
2017-02-10T12:00:00Z,-4.425,55.575,0.0
2017-02-10T12:00:00Z,-4.425,55.625,0.0
2017-02-10T12:00:00Z,-4.425,55.675,0.0
2017-02-10T12:00:00Z,-4.475,55.325,0.0
2017-02-10T12:00:00Z,-4.475,55.375,0.0
2017-02-10T12:00:00Z,-4.475,55.425,0.0
2017-02-10T12:00:00Z,-4.475,55.475,0.0
2017-02-10T12:00:00Z,-4.475,55.525,0.0
2017-02-10T12:00:00Z,-4.475,55.575,0.0
2017-02-10T12:00:00Z,-4.475,55.625,0.0
2017-02-10T12:00:00Z,-4.475,55.675,0.0
2017-02-10T12:00:00Z,-4.525,55.325,0.0
2017-02-10T12:00:00Z,-4.525,55.375,0.0
2017-02-10T12:00:00Z,-4.525,55.425,0.0
2017-02-10T12:00:00Z,-4.525,55.475,0.0
2017-02-10T12:00:00Z,-4.525,55.525,0.0
2017-02-10T12:00:00Z,-4.525,55.575,0.0
2017-02-10T12:00:00Z,-4.525,55.625,0.0
2017-02-10T12:00:00Z,-4.525,55.675,0.0
2017-02-10T12:00:00Z,-4.575,55.325,0.0
2017-02-10T12:00:00Z,-4.575,55.375,0.0
2017-02-10T12:00:00Z,-4.575,55.425,0.0
2017-02-10T12:00:00Z,-4.575,55.475,0.0
2017-02-10T12:00:00Z,-4.575,55.525,0.0
2017-02-10T12:00:00Z,-4.575,55.575,0.0
2017-02-10T12:00:00Z,-4.575,55.625,0.0
2017-02-10T12:00:00Z,-4.575,55.675,0.0
2017-02-10T12:00:00Z,-4.625,55.325,0.0
2017-02-10T12:00:00Z,-4.625,55.375,0.0
2017-02-10T12:00:00Z,-4.625,55.425,0.0
2017-02-10T12:00:00Z,-4.625,55.475,0.0
2017-02-10T12:00:00Z,-4.625,55.525,0.0
2017-02-10T12:00:00Z,-4.625,55.575,0.0
2017-02-10T12:00:00Z,-4.625,55.625,0.0
2017-02-10T12:00:00Z,-4.625,55.675,0.0
2017-03-12T12:00:00Z,-4.375,55.325,0.0
2017-03-12T12:00:00Z,-4.375,55.375,0.0
2017-03-12T12:00:00Z,-4.375,55.425,0.0
2017-03-12T12:00:00Z,-4.375,55.475,0.0
2017-03-12T12:00:00Z,-4.375,55.525,0.0
2017-03-12T12:00:00Z,-4.375,55.575,0.0
2017-03-12T12:00:00Z,-4.375,55.625,0.0
2017-03-12T12:00:00Z,-4.375,55.675,0.0
2017-03-12T12:00:00Z,-4.425,55.325,0.0
2017-03-12T12:00:00Z,-4.425,55.375,0.0
2017-03-12T12:00:00Z,-4.425,55.425,0.0
2017-03-12T12:00:00Z,-4.425,55.475,0.0
2017-03-12T12:00:00Z,-4.425,55.525,0.0
2017-03-12T12:00:00Z,-4.425,55.575,0.0
2017-03-12T12:00:00Z,-4.425,55.625,0.0
2017-03-12T12:00:00Z,-4.425,55.675,0.0
2017-03-12T12:00:00Z,-4.475,55.325,0.0
2017-03-12T12:00:00Z,-4.475,55.375,0.0
2017-03-12T12:00:00Z,-4.475,55.425,0.0
2017-03-12T12:00:00Z,-4.475,55.475,0.0
2017-03-12T12:00:00Z,-4.475,55.525,0.0
2017-03-12T12:00:00Z,-4.475,55.575,0.0
2017-03-12T12:00:00Z,-4.475,55.625,0.0
2017-03-12T12:00:00Z,-4.475,55.675,0.0
2017-03-12T12:00:00Z,-4.525,55.325,0.0
2017-03-12T12:00:00Z,-4.525,55.375,0.0
2017-03-12T12:00:00Z,-4.525,55.425,0.0
2017-03-12T12:00:00Z,-4.525,55.475,0.0
2017-03-12T12:00:00Z,-4.525,55.525,0.0
2017-03-12T12:00:00Z,-4.525,55.575,0.0
2017-03-12T12:00:00Z,-4.525,55.625,0.0
2017-03-12T12:00:00Z,-4.525,55.675,0.0
2017-03-12T12:00:00Z,-4.575,55.325,0.0
2017-03-12T12:00:00Z,-4.575,55.375,0.0
2017-03-12T12:00:00Z,-4.575,55.425,0.0
2017-03-12T12:00:00Z,-4.575,55.475,0.0
2017-03-12T12:00:00Z,-4.575,55.525,0.0
2017-03-12T12:00:00Z,-4.575,55.575,0.0
2017-03-12T12:00:00Z,-4.575,55.625,0.0
2017-03-12T12:00:00Z,-4.575,55.675,0.0
2017-03-12T12:00:00Z,-4.625,55.325,0.0
2017-03-12T12:00:00Z,-4.625,55.375,0.0
2017-03-12T12:00:00Z,-4.625,55.425,0.0
2017-03-12T12:00:00Z,-4.625,55.475,0.0
2017-03-12T12:00:00Z,-4.625,55.525,0.0
2017-03-12T12:00:00Z,-4.625,55.575,0.0
2017-03-12T12:00:00Z,-4.625,55.625,0.0
2017-03-12T12:00:00Z,-4.625,55.675,0.0
2017-04-11T12:00:00Z,-4.375,55.325,0.0
2017-04-11T12:00:00Z,-4.375,55.375,0.0
2017-04-11T12:00:00Z,-4.375,55.425,0.0
2017-04-11T12:00:00Z,-4.375,55.475,0.0
2017-04-11T12:00:00Z,-4.375,55.525,0.0
2017-04-11T12:00:00Z,-4.375,55.575,0.0
2017-04-11T12:00:00Z,-4.375,55.625,0.0
2017-04-11T12:00:00Z,-4.375,55.675,0.0
2017-04-11T12:00:00Z,-4.425,55.325,0.0
2017-04-11T12:00:00Z,-4.425,55.375,0.0
2017-04-11T12:00:00Z,-4.425,55.425,0.0
2017-04-11T12:00:00Z,-4.425,55.475,0.0
2017-04-11T12:00:00Z,-4.425,55.525,0.0
2017-04-11T12:00:00Z,-4.425,55.575,0.0
2017-04-11T12:00:00Z,-4.425,55.625,0.0
2017-04-11T12:00:00Z,-4.425,55.675,0.0
2017-04-11T12:00:00Z,-4.475,55.325,0.0
2017-04-11T12:00:00Z,-4.475,55.375,0.0
2017-04-11T12:00:00Z,-4.475,55.425,0.0
2017-04-11T12:00:00Z,-4.475,55.475,0.0
2017-04-11T12:00:00Z,-4.475,55.525,0.0
2017-04-11T12:00:00Z,-4.475,55.575,0.0
2017-04-11T12:00:00Z,-4.475,55.625,0.0
2017-04-11T12:00:00Z,-4.475,55.675,0.0
2017-04-11T12:00:00Z,-4.525,55.325,0.0
2017-04-11T12:00:00Z,-4.525,55.375,0.0
2017-04-11T12:00:00Z,-4.525,55.425,0.0
2017-04-11T12:00:00Z,-4.525,55.475,0.0
2017-04-11T12:00:00Z,-4.525,55.525,0.0
2017-04-11T12:00:00Z,-4.525,55.575,0.0
2017-04-11T12:00:00Z,-4.525,55.625,0.0
2017-04-11T12:00:00Z,-4.525,55.675,0.0
2017-04-11T12:00:00Z,-4.575,55.325,0.0
2017-04-11T12:00:00Z,-4.575,55.375,0.0
2017-04-11T12:00:00Z,-4.575,55.425,0.0
2017-04-11T12:00:00Z,-4.575,55.475,0.0
2017-04-11T12:00:00Z,-4.575,55.525,0.0
2017-04-11T12:00:00Z,-4.575,55.575,0.0
2017-04-11T12:00:00Z,-4.575,55.625,0.0
2017-04-11T12:00:00Z,-4.575,55.675,0.0
2017-04-11T12:00:00Z,-4.625,55.325,0.0
2017-04-11T12:00:00Z,-4.625,55.375,0.0
2017-04-11T12:00:00Z,-4.625,55.425,0.0
2017-04-11T12:00:00Z,-4.625,55.475,0.0
2017-04-11T12:00:00Z,-4.625,55.525,0.0
2017-04-11T12:00:00Z,-4.625,55.575,0.0
2017-04-11T12:00:00Z,-4.625,55.625,0.0
2017-04-11T12:00:00Z,-4.625,55.675,0.0
2017-05-11T12:00:00Z,-4.375,55.325,0.0
2017-05-11T12:00:00Z,-4.375,55.375,0.0
2017-05-11T12:00:00Z,-4.375,55.425,0.0
2017-05-11T12:00:00Z,-4.375,55.475,0.0
2017-05-11T12:00:00Z,-4.375,55.525,0.0
2017-05-11T12:00:00Z,-4.375,55.575,0.0
2017-05-11T12:00:00Z,-4.375,55.625,0.0
2017-05-11T12:00:00Z,-4.375,55.675,0.0
2017-05-11T12:00:00Z,-4.425,55.325,0.0
2017-05-11T12:00:00Z,-4.425,55.375,0.0
2017-05-11T12:00:00Z,-4.425,55.425,0.0
2017-05-11T12:00:00Z,-4.425,55.475,0.0
2017-05-11T12:00:00Z,-4.425,55.525,0.0
2017-05-11T12:00:00Z,-4.425,55.575,0.0
2017-05-11T12:00:00Z,-4.425,55.625,0.0
2017-05-11T12:00:00Z,-4.425,55.675,0.0
2017-05-11T12:00:00Z,-4.475,55.325,0.0
2017-05-11T12:00:00Z,-4.475,55.375,0.0
2017-05-11T12:00:00Z,-4.475,55.425,0.0
2017-05-11T12:00:00Z,-4.475,55.475,0.0
2017-05-11T12:00:00Z,-4.475,55.525,0.0
2017-05-11T12:00:00Z,-4.475,55.575,0.0
2017-05-11T12:00:00Z,-4.475,55.625,0.0
2017-05-11T12:00:00Z,-4.475,55.675,0.0
2017-05-11T12:00:00Z,-4.525,55.325,0.0
2017-05-11T12:00:00Z,-4.525,55.375,0.0
2017-05-11T12:00:00Z,-4.525,55.425,0.0
2017-05-11T12:00:00Z,-4.525,55.475,0.0
2017-05-11T12:00:00Z,-4.525,55.525,0.0
2017-05-11T12:00:00Z,-4.525,55.575,0.0
2017-05-11T12:00:00Z,-4.525,55.625,0.0
2017-05-11T12:00:00Z,-4.525,55.675,0.0
2017-05-11T12:00:00Z,-4.575,55.325,0.0
2017-05-11T12:00:00Z,-4.575,55.375,0.0
2017-05-11T12:00:00Z,-4.575,55.425,0.0
2017-05-11T12:00:00Z,-4.575,55.475,0.0
2017-05-11T12:00:00Z,-4.575,55.525,0.0
2017-05-11T12:00:00Z,-4.575,55.575,0.0
2017-05-11T12:00:00Z,-4.575,55.625,0.0
2017-05-11T12:00:00Z,-4.575,55.675,0.0
2017-05-11T12:00:00Z,-4.625,55.325,0.0
2017-05-11T12:00:00Z,-4.625,55.375,0.0
2017-05-11T12:00:00Z,-4.625,55.425,0.0
2017-05-11T12:00:00Z,-4.625,55.475,0.0
2017-05-11T12:00:00Z,-4.625,55.525,0.0
2017-05-11T12:00:00Z,-4.625,55.575,0.0
2017-05-11T12:00:00Z,-4.625,55.625,0.0
2017-05-11T12:00:00Z,-4.625,55.675,0.0
2017-06-10T12:00:00Z,-4.375,55.325,0.0
2017-06-10T12:00:00Z,-4.375,55.375,0.0
2017-06-10T12:00:00Z,-4.375,55.425,0.0
2017-06-10T12:00:00Z,-4.375,55.475,0.0
2017-06-10T12:00:00Z,-4.375,55.525,0.0
2017-06-10T12:00:00Z,-4.375,55.575,0.0
2017-06-10T12:00:00Z,-4.375,55.625,0.0
2017-06-10T12:00:00Z,-4.375,55.675,0.0
2017-06-10T12:00:00Z,-4.425,55.325,0.0
2017-06-10T12:00:00Z,-4.425,55.375,0.0
2017-06-10T12:00:00Z,-4.425,55.425,0.0
2017-06-10T12:00:00Z,-4.425,55.475,0.0
2017-06-10T12:00:00Z,-4.425,55.525,0.0
2017-06-10T12:00:00Z,-4.425,55.575,0.0
2017-06-10T12:00:00Z,-4.425,55.625,0.0
2017-06-10T12:00:00Z,-4.425,55.675,0.0
2017-06-10T12:00:00Z,-4.475,55.325,0.0
2017-06-10T12:00:00Z,-4.475,55.375,0.0
2017-06-10T12:00:00Z,-4.475,55.425,0.0
2017-06-10T12:00:00Z,-4.475,55.475,0.0
2017-06-10T12:00:00Z,-4.475,55.525,0.0
2017-06-10T12:00:00Z,-4.475,55.575,0.0
2017-06-10T12:00:00Z,-4.475,55.625,0.0
2017-06-10T12:00:00Z,-4.475,55.675,0.0
2017-06-10T12:00:00Z,-4.525,55.325,0.0
2017-06-10T12:00:00Z,-4.525,55.375,0.0
2017-06-10T12:00:00Z,-4.525,55.425,0.0
2017-06-10T12:00:00Z,-4.525,55.475,0.0
2017-06-10T12:00:00Z,-4.525,55.525,0.0
2017-06-10T12:00:00Z,-4.525,55.575,0.0
2017-06-10T12:00:00Z,-4.525,55.625,0.0
2017-06-10T12:00:00Z,-4.525,55.675,0.0
2017-06-10T12:00:00Z,-4.575,55.325,0.0
2017-06-10T12:00:00Z,-4.575,55.375,0.0
2017-06-10T12:00:00Z,-4.575,55.425,0.0
2017-06-10T12:00:00Z,-4.575,55.475,0.0
2017-06-10T12:00:00Z,-4.575,55.525,0.0
2017-06-10T12:00:00Z,-4.575,55.575,0.0
2017-06-10T12:00:00Z,-4.575,55.625,0.0
2017-06-10T12:00:00Z,-4.575,55.675,0.0
2017-06-10T12:00:00Z,-4.625,55.325,0.0
2017-06-10T12:00:00Z,-4.625,55.375,0.0
2017-06-10T12:00:00Z,-4.625,55.425,0.0
2017-06-10T12:00:00Z,-4.625,55.475,0.0
2017-06-10T12:00:00Z,-4.625,55.525,0.0
2017-06-10T12:00:00Z,-4.625,55.575,0.0
2017-06-10T12:00:00Z,-4.625,55.625,0.0
2017-06-10T12:00:00Z,-4.625,55.675,0.0
2017-07-10T12:00:00Z,-4.375,55.325,0.0
2017-07-10T12:00:00Z,-4.375,55.375,0.0
2017-07-10T12:00:00Z,-4.375,55.425,0.0
2017-07-10T12:00:00Z,-4.375,55.475,0.0
2017-07-10T12:00:00Z,-4.375,55.525,0.0
2017-07-10T12:00:00Z,-4.375,55.575,0.0
2017-07-10T12:00:00Z,-4.375,55.625,0.0
2017-07-10T12:00:00Z,-4.375,55.675,0.0
2017-07-10T12:00:00Z,-4.425,55.325,0.0
2017-07-10T12:00:00Z,-4.425,55.375,0.0
2017-07-10T12:00:00Z,-4.425,55.425,0.0
2017-07-10T12:00:00Z,-4.425,55.475,0.0
2017-07-10T12:00:00Z,-4.425,55.525,0.0
2017-07-10T12:00:00Z,-4.425,55.575,0.0
2017-07-10T12:00:00Z,-4.425,55.625,0.0
2017-07-10T12:00:00Z,-4.425,55.675,0.0
2017-07-10T12:00:00Z,-4.475,55.325,0.0
2017-07-10T12:00:00Z,-4.475,55.375,0.0
2017-07-10T12:00:00Z,-4.475,55.425,0.0
2017-07-10T12:00:00Z,-4.475,55.475,0.0
2017-07-10T12:00:00Z,-4.475,55.525,0.0
2017-07-10T12:00:00Z,-4.475,55.575,0.0
2017-07-10T12:00:00Z,-4.475,55.625,0.0
2017-07-10T12:00:00Z,-4.475,55.675,0.0
2017-07-10T12:00:00Z,-4.525,55.325,0.0
2017-07-10T12:00:00Z,-4.525,55.375,0.0
2017-07-10T12:00:00Z,-4.525,55.425,0.0
2017-07-10T12:00:00Z,-4.525,55.475,0.0
2017-07-10T12:00:00Z,-4.525,55.525,0.0
2017-07-10T12:00:00Z,-4.525,55.575,0.0
2017-07-10T12:00:00Z,-4.525,55.625,0.0
2017-07-10T12:00:00Z,-4.525,55.675,0.0
2017-07-10T12:00:00Z,-4.575,55.325,0.0
2017-07-10T12:00:00Z,-4.575,55.375,0.0
2017-07-10T12:00:00Z,-4.575,55.425,0.0
2017-07-10T12:00:00Z,-4.575,55.475,0.0
2017-07-10T12:00:00Z,-4.575,55.525,0.0
2017-07-10T12:00:00Z,-4.575,55.575,0.0
2017-07-10T12:00:00Z,-4.575,55.625,0.0
2017-07-10T12:00:00Z,-4.575,55.675,0.0
2017-07-10T12:00:00Z,-4.625,55.325,0.0
2017-07-10T12:00:00Z,-4.625,55.375,0.0
2017-07-10T12:00:00Z,-4.625,55.425,0.0
2017-07-10T12:00:00Z,-4.625,55.475,0.0
2017-07-10T12:00:00Z,-4.625,55.525,0.0
2017-07-10T12:00:00Z,-4.625,55.575,0.0
2017-07-10T12:00:00Z,-4.625,55.625,0.0
2017-07-10T12:00:00Z,-4.625,55.675,0.0
2017-08-09T12:00:00Z,-4.375,55.325,0.0
2017-08-09T12:00:00Z,-4.375,55.375,0.0
2017-08-09T12:00:00Z,-4.375,55.425,0.0
2017-08-09T12:00:00Z,-4.375,55.475,0.0
2017-08-09T12:00:00Z,-4.375,55.525,0.0
2017-08-09T12:00:00Z,-4.375,55.575,0.0
2017-08-09T12:00:00Z,-4.375,55.625,0.0
2017-08-09T12:00:00Z,-4.375,55.675,0.0
2017-08-09T12:00:00Z,-4.425,55.325,0.0
2017-08-09T12:00:00Z,-4.425,55.375,0.0
2017-08-09T12:00:00Z,-4.425,55.425,0.0
2017-08-09T12:00:00Z,-4.425,55.475,0.0
2017-08-09T12:00:00Z,-4.425,55.525,0.0
2017-08-09T12:00:00Z,-4.425,55.575,0.0
2017-08-09T12:00:00Z,-4.425,55.625,0.0
2017-08-09T12:00:00Z,-4.425,55.675,0.0
2017-08-09T12:00:00Z,-4.475,55.325,0.0
2017-08-09T12:00:00Z,-4.475,55.375,0.0
2017-08-09T12:00:00Z,-4.475,55.425,0.0
2017-08-09T12:00:00Z,-4.475,55.475,0.0
2017-08-09T12:00:00Z,-4.475,55.525,0.0
2017-08-09T12:00:00Z,-4.475,55.575,0.0
2017-08-09T12:00:00Z,-4.475,55.625,0.0
2017-08-09T12:00:00Z,-4.475,55.675,0.0
2017-08-09T12:00:00Z,-4.525,55.325,0.0
2017-08-09T12:00:00Z,-4.525,55.375,0.0
2017-08-09T12:00:00Z,-4.525,55.425,0.0
2017-08-09T12:00:00Z,-4.525,55.475,0.0
2017-08-09T12:00:00Z,-4.525,55.525,0.0
2017-08-09T12:00:00Z,-4.525,55.575,0.0
2017-08-09T12:00:00Z,-4.525,55.625,0.0
2017-08-09T12:00:00Z,-4.525,55.675,0.0
2017-08-09T12:00:00Z,-4.575,55.325,0.0
2017-08-09T12:00:00Z,-4.575,55.375,0.0
2017-08-09T12:00:00Z,-4.575,55.425,0.0
2017-08-09T12:00:00Z,-4.575,55.475,0.0
2017-08-09T12:00:00Z,-4.575,55.525,0.0
2017-08-09T12:00:00Z,-4.575,55.575,0.0
2017-08-09T12:00:00Z,-4.575,55.625,0.0
2017-08-09T12:00:00Z,-4.575,55.675,0.0
2017-08-09T12:00:00Z,-4.625,55.325,0.0
2017-08-09T12:00:00Z,-4.625,55.375,0.0
2017-08-09T12:00:00Z,-4.625,55.425,0.0
2017-08-09T12:00:00Z,-4.625,55.475,0.0
2017-08-09T12:00:00Z,-4.625,55.525,0.0
2017-08-09T12:00:00Z,-4.625,55.575,0.0
2017-08-09T12:00:00Z,-4.625,55.625,0.0
2017-08-09T12:00:00Z,-4.625,55.675,0.0
2017-09-08T12:00:00Z,-4.375,55.325,0.0
2017-09-08T12:00:00Z,-4.375,55.375,0.0
2017-09-08T12:00:00Z,-4.375,55.425,0.0
2017-09-08T12:00:00Z,-4.375,55.475,0.0
2017-09-08T12:00:00Z,-4.375,55.525,0.0
2017-09-08T12:00:00Z,-4.375,55.575,0.0
2017-09-08T12:00:00Z,-4.375,55.625,0.0
2017-09-08T12:00:00Z,-4.375,55.675,0.0
2017-09-08T12:00:00Z,-4.425,55.325,0.0
2017-09-08T12:00:00Z,-4.425,55.375,0.0
2017-09-08T12:00:00Z,-4.425,55.425,0.0
2017-09-08T12:00:00Z,-4.425,55.475,0.0
2017-09-08T12:00:00Z,-4.425,55.525,0.0
2017-09-08T12:00:00Z,-4.425,55.575,0.0
2017-09-08T12:00:00Z,-4.425,55.625,0.0
2017-09-08T12:00:00Z,-4.425,55.675,0.0
2017-09-08T12:00:00Z,-4.475,55.325,0.0
2017-09-08T12:00:00Z,-4.475,55.375,0.0
2017-09-08T12:00:00Z,-4.475,55.425,0.0
2017-09-08T12:00:00Z,-4.475,55.475,0.0
2017-09-08T12:00:00Z,-4.475,55.525,0.0
2017-09-08T12:00:00Z,-4.475,55.575,0.0
2017-09-08T12:00:00Z,-4.475,55.625,0.0
2017-09-08T12:00:00Z,-4.475,55.675,0.0
2017-09-08T12:00:00Z,-4.525,55.325,0.0
2017-09-08T12:00:00Z,-4.525,55.375,0.0
2017-09-08T12:00:00Z,-4.525,55.425,0.0
2017-09-08T12:00:00Z,-4.525,55.475,0.0
2017-09-08T12:00:00Z,-4.525,55.525,0.0
2017-09-08T12:00:00Z,-4.525,55.575,0.0
2017-09-08T12:00:00Z,-4.525,55.625,0.0
2017-09-08T12:00:00Z,-4.525,55.675,0.0
2017-09-08T12:00:00Z,-4.575,55.325,0.0
2017-09-08T12:00:00Z,-4.575,55.375,0.0
2017-09-08T12:00:00Z,-4.575,55.425,0.0
2017-09-08T12:00:00Z,-4.575,55.475,0.0
2017-09-08T12:00:00Z,-4.575,55.525,0.0
2017-09-08T12:00:00Z,-4.575,55.575,0.0
2017-09-08T12:00:00Z,-4.575,55.625,0.0
2017-09-08T12:00:00Z,-4.575,55.675,0.0
2017-09-08T12:00:00Z,-4.625,55.325,0.0
2017-09-08T12:00:00Z,-4.625,55.375,0.0
2017-09-08T12:00:00Z,-4.625,55.425,0.0
2017-09-08T12:00:00Z,-4.625,55.475,0.0
2017-09-08T12:00:00Z,-4.625,55.525,0.0
2017-09-08T12:00:00Z,-4.625,55.575,0.0
2017-09-08T12:00:00Z,-4.625,55.625,0.0
2017-09-08T12:00:00Z,-4.625,55.675,0.0
2017-10-08T12:00:00Z,-4.375,55.325,0.0
2017-10-08T12:00:00Z,-4.375,55.375,0.0
2017-10-08T12:00:00Z,-4.375,55.425,0.0
2017-10-08T12:00:00Z,-4.375,55.475,0.0
2017-10-08T12:00:00Z,-4.375,55.525,0.0
2017-10-08T12:00:00Z,-4.375,55.575,0.0
2017-10-08T12:00:00Z,-4.375,55.625,0.0
2017-10-08T12:00:00Z,-4.375,55.675,0.0
2017-10-08T12:00:00Z,-4.425,55.325,0.0
2017-10-08T12:00:00Z,-4.425,55.375,0.0
2017-10-08T12:00:00Z,-4.425,55.425,0.0
2017-10-08T12:00:00Z,-4.425,55.475,0.0
2017-10-08T12:00:00Z,-4.425,55.525,0.0
2017-10-08T12:00:00Z,-4.425,55.575,0.0
2017-10-08T12:00:00Z,-4.425,55.625,0.0
2017-10-08T12:00:00Z,-4.425,55.675,0.0
2017-10-08T12:00:00Z,-4.475,55.325,0.0
2017-10-08T12:00:00Z,-4.475,55.375,0.0
2017-10-08T12:00:00Z,-4.475,55.425,0.0
2017-10-08T12:00:00Z,-4.475,55.475,0.0
2017-10-08T12:00:00Z,-4.475,55.525,0.0
2017-10-08T12:00:00Z,-4.475,55.575,0.0
2017-10-08T12:00:00Z,-4.475,55.625,0.0
2017-10-08T12:00:00Z,-4.475,55.675,0.0
2017-10-08T12:00:00Z,-4.525,55.325,0.0
2017-10-08T12:00:00Z,-4.525,55.375,0.0
2017-10-08T12:00:00Z,-4.525,55.425,0.0
2017-10-08T12:00:00Z,-4.525,55.475,0.0
2017-10-08T12:00:00Z,-4.525,55.525,0.0
2017-10-08T12:00:00Z,-4.525,55.575,0.0
2017-10-08T12:00:00Z,-4.525,55.625,0.0
2017-10-08T12:00:00Z,-4.525,55.675,0.0
2017-10-08T12:00:00Z,-4.575,55.325,0.0
2017-10-08T12:00:00Z,-4.575,55.375,0.0
2017-10-08T12:00:00Z,-4.575,55.425,0.0
2017-10-08T12:00:00Z,-4.575,55.475,0.0
2017-10-08T12:00:00Z,-4.575,55.525,0.0
2017-10-08T12:00:00Z,-4.575,55.575,0.0
2017-10-08T12:00:00Z,-4.575,55.625,0.0
2017-10-08T12:00:00Z,-4.575,55.675,0.0
2017-10-08T12:00:00Z,-4.625,55.325,0.0
2017-10-08T12:00:00Z,-4.625,55.375,0.0
2017-10-08T12:00:00Z,-4.625,55.425,0.0
2017-10-08T12:00:00Z,-4.625,55.475,0.0
2017-10-08T12:00:00Z,-4.625,55.525,0.0
2017-10-08T12:00:00Z,-4.625,55.575,0.0
2017-10-08T12:00:00Z,-4.625,55.625,0.0
2017-10-08T12:00:00Z,-4.625,55.675,0.0
2017-11-07T12:00:00Z,-4.375,55.325,0.0
2017-11-07T12:00:00Z,-4.375,55.375,0.0
2017-11-07T12:00:00Z,-4.375,55.425,0.0
2017-11-07T12:00:00Z,-4.375,55.475,0.0
2017-11-07T12:00:00Z,-4.375,55.525,0.0
2017-11-07T12:00:00Z,-4.375,55.575,0.0
2017-11-07T12:00:00Z,-4.375,55.625,0.0
2017-11-07T12:00:00Z,-4.375,55.675,0.0
2017-11-07T12:00:00Z,-4.425,55.325,0.0
2017-11-07T12:00:00Z,-4.425,55.375,0.0
2017-11-07T12:00:00Z,-4.425,55.425,0.0
2017-11-07T12:00:00Z,-4.425,55.475,0.0
2017-11-07T12:00:00Z,-4.425,55.525,0.0
2017-11-07T12:00:00Z,-4.425,55.575,0.0
2017-11-07T12:00:00Z,-4.425,55.625,0.0
2017-11-07T12:00:00Z,-4.425,55.675,0.0
2017-11-07T12:00:00Z,-4.475,55.325,0.0
2017-11-07T12:00:00Z,-4.475,55.375,0.0
2017-11-07T12:00:00Z,-4.475,55.425,0.0
2017-11-07T12:00:00Z,-4.475,55.475,0.0
2017-11-07T12:00:00Z,-4.475,55.525,0.0
2017-11-07T12:00:00Z,-4.475,55.575,0.0
2017-11-07T12:00:00Z,-4.475,55.625,0.0
2017-11-07T12:00:00Z,-4.475,55.675,0.0
2017-11-07T12:00:00Z,-4.525,55.325,0.0
2017-11-07T12:00:00Z,-4.525,55.375,0.0
2017-11-07T12:00:00Z,-4.525,55.425,0.0
2017-11-07T12:00:00Z,-4.525,55.475,0.0
2017-11-07T12:00:00Z,-4.525,55.525,0.0
2017-11-07T12:00:00Z,-4.525,55.575,0.0
2017-11-07T12:00:00Z,-4.525,55.625,0.0
2017-11-07T12:00:00Z,-4.525,55.675,0.0
2017-11-07T12:00:00Z,-4.575,55.325,0.0
2017-11-07T12:00:00Z,-4.575,55.375,0.0
2017-11-07T12:00:00Z,-4.575,55.425,0.0
2017-11-07T12:00:00Z,-4.575,55.475,0.0
2017-11-07T12:00:00Z,-4.575,55.525,0.0
2017-11-07T12:00:00Z,-4.575,55.575,0.0
2017-11-07T12:00:00Z,-4.575,55.625,0.0
2017-11-07T12:00:00Z,-4.575,55.675,0.0
2017-11-07T12:00:00Z,-4.625,55.325,0.0
2017-11-07T12:00:00Z,-4.625,55.375,0.0
2017-11-07T12:00:00Z,-4.625,55.425,0.0
2017-11-07T12:00:00Z,-4.625,55.475,0.0
2017-11-07T12:00:00Z,-4.625,55.525,0.0
2017-11-07T12:00:00Z,-4.625,55.575,0.0
2017-11-07T12:00:00Z,-4.625,55.625,0.0
2017-11-07T12:00:00Z,-4.625,55.675,0.0
2017-12-07T12:00:00Z,-4.375,55.325,0.0
2017-12-07T12:00:00Z,-4.375,55.375,0.0
2017-12-07T12:00:00Z,-4.375,55.425,0.0
2017-12-07T12:00:00Z,-4.375,55.475,0.0
2017-12-07T12:00:00Z,-4.375,55.525,0.0
2017-12-07T12:00:00Z,-4.375,55.575,0.0
2017-12-07T12:00:00Z,-4.375,55.625,0.0
2017-12-07T12:00:00Z,-4.375,55.675,0.0
2017-12-07T12:00:00Z,-4.425,55.325,0.0
2017-12-07T12:00:00Z,-4.425,55.375,0.0
2017-12-07T12:00:00Z,-4.425,55.425,0.0
2017-12-07T12:00:00Z,-4.425,55.475,0.0
2017-12-07T12:00:00Z,-4.425,55.525,0.0
2017-12-07T12:00:00Z,-4.425,55.575,0.0
2017-12-07T12:00:00Z,-4.425,55.625,0.0
2017-12-07T12:00:00Z,-4.425,55.675,0.0
2017-12-07T12:00:00Z,-4.475,55.325,0.0
2017-12-07T12:00:00Z,-4.475,55.375,0.0
2017-12-07T12:00:00Z,-4.475,55.425,0.0
2017-12-07T12:00:00Z,-4.475,55.475,0.0
2017-12-07T12:00:00Z,-4.475,55.525,0.0
2017-12-07T12:00:00Z,-4.475,55.575,0.0
2017-12-07T12:00:00Z,-4.475,55.625,0.0
2017-12-07T12:00:00Z,-4.475,55.675,0.0
2017-12-07T12:00:00Z,-4.525,55.325,0.0
2017-12-07T12:00:00Z,-4.525,55.375,0.0
2017-12-07T12:00:00Z,-4.525,55.425,0.0
2017-12-07T12:00:00Z,-4.525,55.475,0.0
2017-12-07T12:00:00Z,-4.525,55.525,0.0
2017-12-07T12:00:00Z,-4.525,55.575,0.0
2017-12-07T12:00:00Z,-4.525,55.625,0.0
2017-12-07T12:00:00Z,-4.525,55.675,0.0
2017-12-07T12:00:00Z,-4.575,55.325,0.0
2017-12-07T12:00:00Z,-4.575,55.375,0.0
2017-12-07T12:00:00Z,-4.575,55.425,0.0
2017-12-07T12:00:00Z,-4.575,55.475,0.0
2017-12-07T12:00:00Z,-4.575,55.525,0.0
2017-12-07T12:00:00Z,-4.575,55.575,0.0
2017-12-07T12:00:00Z,-4.575,55.625,0.0
2017-12-07T12:00:00Z,-4.575,55.675,0.0
2017-12-07T12:00:00Z,-4.625,55.325,0.0
2017-12-07T12:00:00Z,-4.625,55.375,0.0
2017-12-07T12:00:00Z,-4.625,55.425,0.0
2017-12-07T12:00:00Z,-4.625,55.475,0.0
2017-12-07T12:00:00Z,-4.625,55.525,0.0
2017-12-07T12:00:00Z,-4.625,55.575,0.0
2017-12-07T12:00:00Z,-4.625,55.625,0.0
2017-12-07T12:00:00Z,-4.625,55.675,0.0
2018-01-06T12:00:00Z,-4.375,55.325,0.0
2018-01-06T12:00:00Z,-4.375,55.375,0.0
2018-01-06T12:00:00Z,-4.375,55.425,0.0
2018-01-06T12:00:00Z,-4.375,55.475,0.0
2018-01-06T12:00:00Z,-4.375,55.525,0.0
2018-01-06T12:00:00Z,-4.375,55.575,0.0
2018-01-06T12:00:00Z,-4.375,55.625,0.0
2018-01-06T12:00:00Z,-4.375,55.675,0.0
2018-01-06T12:00:00Z,-4.425,55.325,0.0
2018-01-06T12:00:00Z,-4.425,55.375,0.0
2018-01-06T12:00:00Z,-4.425,55.425,0.0
2018-01-06T12:00:00Z,-4.425,55.475,0.0
2018-01-06T12:00:00Z,-4.425,55.525,0.0
2018-01-06T12:00:00Z,-4.425,55.575,0.0
2018-01-06T12:00:00Z,-4.425,55.625,0.0
2018-01-06T12:00:00Z,-4.425,55.675,0.0
2018-01-06T12:00:00Z,-4.475,55.325,0.0
2018-01-06T12:00:00Z,-4.475,55.375,0.0
2018-01-06T12:00:00Z,-4.475,55.425,0.0
2018-01-06T12:00:00Z,-4.475,55.475,0.0
2018-01-06T12:00:00Z,-4.475,55.525,0.0
2018-01-06T12:00:00Z,-4.475,55.575,0.0
2018-01-06T12:00:00Z,-4.475,55.625,0.0
2018-01-06T12:00:00Z,-4.475,55.675,0.0
2018-01-06T12:00:00Z,-4.525,55.325,0.0
2018-01-06T12:00:00Z,-4.525,55.375,0.0
2018-01-06T12:00:00Z,-4.525,55.425,0.0
2018-01-06T12:00:00Z,-4.525,55.475,0.0
2018-01-06T12:00:00Z,-4.525,55.525,0.0
2018-01-06T12:00:00Z,-4.525,55.575,0.0
2018-01-06T12:00:00Z,-4.525,55.625,0.0
2018-01-06T12:00:00Z,-4.525,55.675,0.0
2018-01-06T12:00:00Z,-4.575,55.325,0.0
2018-01-06T12:00:00Z,-4.575,55.375,0.0
2018-01-06T12:00:00Z,-4.575,55.425,0.0
2018-01-06T12:00:00Z,-4.575,55.475,0.0
2018-01-06T12:00:00Z,-4.575,55.525,0.0
2018-01-06T12:00:00Z,-4.575,55.575,0.0
2018-01-06T12:00:00Z,-4.575,55.625,0.0
2018-01-06T12:00:00Z,-4.575,55.675,0.0
2018-01-06T12:00:00Z,-4.625,55.325,0.0
2018-01-06T12:00:00Z,-4.625,55.375,0.0
2018-01-06T12:00:00Z,-4.625,55.425,0.0
2018-01-06T12:00:00Z,-4.625,55.475,0.0
2018-01-06T12:00:00Z,-4.625,55.525,0.0
2018-01-06T12:00:00Z,-4.625,55.575,0.0
2018-01-06T12:00:00Z,-4.625,55.625,0.0
2018-01-06T12:00:00Z,-4.625,55.675,0.0
2018-02-05T12:00:00Z,-4.375,55.325,0.0
2018-02-05T12:00:00Z,-4.375,55.375,0.0
2018-02-05T12:00:00Z,-4.375,55.425,0.0
2018-02-05T12:00:00Z,-4.375,55.475,0.0
2018-02-05T12:00:00Z,-4.375,55.525,0.0
2018-02-05T12:00:00Z,-4.375,55.575,0.0
2018-02-05T12:00:00Z,-4.375,55.625,0.0
2018-02-05T12:00:00Z,-4.375,55.675,0.0
2018-02-05T12:00:00Z,-4.425,55.325,0.0
2018-02-05T12:00:00Z,-4.425,55.375,0.0
2018-02-05T12:00:00Z,-4.425,55.425,0.0
2018-02-05T12:00:00Z,-4.425,55.475,0.0
2018-02-05T12:00:00Z,-4.425,55.525,0.0
2018-02-05T12:00:00Z,-4.425,55.575,0.0
2018-02-05T12:00:00Z,-4.425,55.625,0.0
2018-02-05T12:00:00Z,-4.425,55.675,0.0
2018-02-05T12:00:00Z,-4.475,55.325,0.0
2018-02-05T12:00:00Z,-4.475,55.375,0.0
2018-02-05T12:00:00Z,-4.475,55.425,0.0
2018-02-05T12:00:00Z,-4.475,55.475,0.0
2018-02-05T12:00:00Z,-4.475,55.525,0.0
2018-02-05T12:00:00Z,-4.475,55.575,0.0
2018-02-05T12:00:00Z,-4.475,55.625,0.0
2018-02-05T12:00:00Z,-4.475,55.675,0.0
2018-02-05T12:00:00Z,-4.525,55.325,0.0
2018-02-05T12:00:00Z,-4.525,55.375,0.0
2018-02-05T12:00:00Z,-4.525,55.425,0.0
2018-02-05T12:00:00Z,-4.525,55.475,0.0
2018-02-05T12:00:00Z,-4.525,55.525,0.0
2018-02-05T12:00:00Z,-4.525,55.575,0.0
2018-02-05T12:00:00Z,-4.525,55.625,0.0
2018-02-05T12:00:00Z,-4.525,55.675,0.0
2018-02-05T12:00:00Z,-4.575,55.325,0.0
2018-02-05T12:00:00Z,-4.575,55.375,0.0
2018-02-05T12:00:00Z,-4.575,55.425,0.0
2018-02-05T12:00:00Z,-4.575,55.475,0.0
2018-02-05T12:00:00Z,-4.575,55.525,0.0
2018-02-05T12:00:00Z,-4.575,55.575,0.0
2018-02-05T12:00:00Z,-4.575,55.625,0.0
2018-02-05T12:00:00Z,-4.575,55.675,0.0
2018-02-05T12:00:00Z,-4.625,55.325,0.0
2018-02-05T12:00:00Z,-4.625,55.375,0.0
2018-02-05T12:00:00Z,-4.625,55.425,0.0
2018-02-05T12:00:00Z,-4.625,55.475,0.0
2018-02-05T12:00:00Z,-4.625,55.525,0.0
2018-02-05T12:00:00Z,-4.625,55.575,0.0
2018-02-05T12:00:00Z,-4.625,55.625,0.0
2018-02-05T12:00:00Z,-4.625,55.675,0.0
2018-03-07T12:00:00Z,-4.375,55.325,0.0
2018-03-07T12:00:00Z,-4.375,55.375,0.0
2018-03-07T12:00:00Z,-4.375,55.425,0.0
2018-03-07T12:00:00Z,-4.375,55.475,0.0
2018-03-07T12:00:00Z,-4.375,55.525,0.0
2018-03-07T12:00:00Z,-4.375,55.575,0.0
2018-03-07T12:00:00Z,-4.375,55.625,0.0
2018-03-07T12:00:00Z,-4.375,55.675,0.0
2018-03-07T12:00:00Z,-4.425,55.325,0.0
2018-03-07T12:00:00Z,-4.425,55.375,0.0
2018-03-07T12:00:00Z,-4.425,55.425,0.0
2018-03-07T12:00:00Z,-4.425,55.475,0.0
2018-03-07T12:00:00Z,-4.425,55.525,0.0
2018-03-07T12:00:00Z,-4.425,55.575,0.0
2018-03-07T12:00:00Z,-4.425,55.625,0.0
2018-03-07T12:00:00Z,-4.425,55.675,0.0
2018-03-07T12:00:00Z,-4.475,55.325,0.0
2018-03-07T12:00:00Z,-4.475,55.375,0.0
2018-03-07T12:00:00Z,-4.475,55.425,0.0
2018-03-07T12:00:00Z,-4.475,55.475,0.0
2018-03-07T12:00:00Z,-4.475,55.525,0.0
2018-03-07T12:00:00Z,-4.475,55.575,0.0
2018-03-07T12:00:00Z,-4.475,55.625,0.0
2018-03-07T12:00:00Z,-4.475,55.675,0.0
2018-03-07T12:00:00Z,-4.525,55.325,0.0
2018-03-07T12:00:00Z,-4.525,55.375,0.0
2018-03-07T12:00:00Z,-4.525,55.425,0.0
2018-03-07T12:00:00Z,-4.525,55.475,0.0
2018-03-07T12:00:00Z,-4.525,55.525,0.0
2018-03-07T12:00:00Z,-4.525,55.575,0.0
2018-03-07T12:00:00Z,-4.525,55.625,0.0
2018-03-07T12:00:00Z,-4.525,55.675,0.0
2018-03-07T12:00:00Z,-4.575,55.325,0.0
2018-03-07T12:00:00Z,-4.575,55.375,0.0
2018-03-07T12:00:00Z,-4.575,55.425,0.0
2018-03-07T12:00:00Z,-4.575,55.475,0.0
2018-03-07T12:00:00Z,-4.575,55.525,0.0
2018-03-07T12:00:00Z,-4.575,55.575,0.0
2018-03-07T12:00:00Z,-4.575,55.625,0.0
2018-03-07T12:00:00Z,-4.575,55.675,0.0
2018-03-07T12:00:00Z,-4.625,55.325,0.0
2018-03-07T12:00:00Z,-4.625,55.375,0.0
2018-03-07T12:00:00Z,-4.625,55.425,0.0
2018-03-07T12:00:00Z,-4.625,55.475,0.0
2018-03-07T12:00:00Z,-4.625,55.525,0.0
2018-03-07T12:00:00Z,-4.625,55.575,0.0
2018-03-07T12:00:00Z,-4.625,55.625,0.0
2018-03-07T12:00:00Z,-4.625,55.675,0.0
2018-04-06T12:00:00Z,-4.375,55.325,0.0
2018-04-06T12:00:00Z,-4.375,55.375,0.0
2018-04-06T12:00:00Z,-4.375,55.425,0.0
2018-04-06T12:00:00Z,-4.375,55.475,0.0
2018-04-06T12:00:00Z,-4.375,55.525,0.0
2018-04-06T12:00:00Z,-4.375,55.575,0.0
2018-04-06T12:00:00Z,-4.375,55.625,0.0
2018-04-06T12:00:00Z,-4.375,55.675,0.0
2018-04-06T12:00:00Z,-4.425,55.325,0.0
2018-04-06T12:00:00Z,-4.425,55.375,0.0
2018-04-06T12:00:00Z,-4.425,55.425,0.0
2018-04-06T12:00:00Z,-4.425,55.475,0.0
2018-04-06T12:00:00Z,-4.425,55.525,0.0
2018-04-06T12:00:00Z,-4.425,55.575,0.0
2018-04-06T12:00:00Z,-4.425,55.625,0.0
2018-04-06T12:00:00Z,-4.425,55.675,0.0
2018-04-06T12:00:00Z,-4.475,55.325,0.0
2018-04-06T12:00:00Z,-4.475,55.375,0.0
2018-04-06T12:00:00Z,-4.475,55.425,0.0
2018-04-06T12:00:00Z,-4.475,55.475,0.0
2018-04-06T12:00:00Z,-4.475,55.525,0.0
2018-04-06T12:00:00Z,-4.475,55.575,0.0
2018-04-06T12:00:00Z,-4.475,55.625,0.0
2018-04-06T12:00:00Z,-4.475,55.675,0.0
2018-04-06T12:00:00Z,-4.525,55.325,0.0
2018-04-06T12:00:00Z,-4.525,55.375,0.0
2018-04-06T12:00:00Z,-4.525,55.425,0.0
2018-04-06T12:00:00Z,-4.525,55.475,0.0
2018-04-06T12:00:00Z,-4.525,55.525,0.0
2018-04-06T12:00:00Z,-4.525,55.575,0.0
2018-04-06T12:00:00Z,-4.525,55.625,0.0
2018-04-06T12:00:00Z,-4.525,55.675,0.0
2018-04-06T12:00:00Z,-4.575,55.325,0.0
2018-04-06T12:00:00Z,-4.575,55.375,0.0
2018-04-06T12:00:00Z,-4.575,55.425,0.0
2018-04-06T12:00:00Z,-4.575,55.475,0.0
2018-04-06T12:00:00Z,-4.575,55.525,0.0
2018-04-06T12:00:00Z,-4.575,55.575,0.0
2018-04-06T12:00:00Z,-4.575,55.625,0.0
2018-04-06T12:00:00Z,-4.575,55.675,0.0
2018-04-06T12:00:00Z,-4.625,55.325,0.0
2018-04-06T12:00:00Z,-4.625,55.375,0.0
2018-04-06T12:00:00Z,-4.625,55.425,0.0
2018-04-06T12:00:00Z,-4.625,55.475,0.0
2018-04-06T12:00:00Z,-4.625,55.525,0.0
2018-04-06T12:00:00Z,-4.625,55.575,0.0
2018-04-06T12:00:00Z,-4.625,55.625,0.0
2018-04-06T12:00:00Z,-4.625,55.675,0.0
2018-05-06T12:00:00Z,-4.375,55.325,0.0
2018-05-06T12:00:00Z,-4.375,55.375,0.0
2018-05-06T12:00:00Z,-4.375,55.425,0.0
2018-05-06T12:00:00Z,-4.375,55.475,0.0
2018-05-06T12:00:00Z,-4.375,55.525,0.0
2018-05-06T12:00:00Z,-4.375,55.575,0.0
2018-05-06T12:00:00Z,-4.375,55.625,0.0
2018-05-06T12:00:00Z,-4.375,55.675,0.0
2018-05-06T12:00:00Z,-4.425,55.325,0.0
2018-05-06T12:00:00Z,-4.425,55.375,0.0
2018-05-06T12:00:00Z,-4.425,55.425,0.0
2018-05-06T12:00:00Z,-4.425,55.475,0.0
2018-05-06T12:00:00Z,-4.425,55.525,0.0
2018-05-06T12:00:00Z,-4.425,55.575,0.0
2018-05-06T12:00:00Z,-4.425,55.625,0.0
2018-05-06T12:00:00Z,-4.425,55.675,0.0
2018-05-06T12:00:00Z,-4.475,55.325,0.0
2018-05-06T12:00:00Z,-4.475,55.375,0.0
2018-05-06T12:00:00Z,-4.475,55.425,0.0
2018-05-06T12:00:00Z,-4.475,55.475,0.0
2018-05-06T12:00:00Z,-4.475,55.525,0.0
2018-05-06T12:00:00Z,-4.475,55.575,0.0
2018-05-06T12:00:00Z,-4.475,55.625,0.0
2018-05-06T12:00:00Z,-4.475,55.675,0.0
2018-05-06T12:00:00Z,-4.525,55.325,0.0
2018-05-06T12:00:00Z,-4.525,55.375,0.0
2018-05-06T12:00:00Z,-4.525,55.425,0.0
2018-05-06T12:00:00Z,-4.525,55.475,0.0
2018-05-06T12:00:00Z,-4.525,55.525,0.0
2018-05-06T12:00:00Z,-4.525,55.575,0.0
2018-05-06T12:00:00Z,-4.525,55.625,0.0
2018-05-06T12:00:00Z,-4.525,55.675,0.0
2018-05-06T12:00:00Z,-4.575,55.325,0.0
2018-05-06T12:00:00Z,-4.575,55.375,0.0
2018-05-06T12:00:00Z,-4.575,55.425,0.0
2018-05-06T12:00:00Z,-4.575,55.475,0.0
2018-05-06T12:00:00Z,-4.575,55.525,0.0
2018-05-06T12:00:00Z,-4.575,55.575,0.0
2018-05-06T12:00:00Z,-4.575,55.625,0.0
2018-05-06T12:00:00Z,-4.575,55.675,0.0
2018-05-06T12:00:00Z,-4.625,55.325,0.0
2018-05-06T12:00:00Z,-4.625,55.375,0.0
2018-05-06T12:00:00Z,-4.625,55.425,0.0
2018-05-06T12:00:00Z,-4.625,55.475,0.0
2018-05-06T12:00:00Z,-4.625,55.525,0.0
2018-05-06T12:00:00Z,-4.625,55.575,0.0
2018-05-06T12:00:00Z,-4.625,55.625,0.0
2018-05-06T12:00:00Z,-4.625,55.675,0.0
2018-06-05T12:00:00Z,-4.375,55.325,0.0
2018-06-05T12:00:00Z,-4.375,55.375,0.0
2018-06-05T12:00:00Z,-4.375,55.425,0.0
2018-06-05T12:00:00Z,-4.375,55.475,0.0
2018-06-05T12:00:00Z,-4.375,55.525,0.0
2018-06-05T12:00:00Z,-4.375,55.575,0.0
2018-06-05T12:00:00Z,-4.375,55.625,0.0
2018-06-05T12:00:00Z,-4.375,55.675,0.0
2018-06-05T12:00:00Z,-4.425,55.325,0.0
2018-06-05T12:00:00Z,-4.425,55.375,0.0
2018-06-05T12:00:00Z,-4.425,55.425,0.0
2018-06-05T12:00:00Z,-4.425,55.475,0.0
2018-06-05T12:00:00Z,-4.425,55.525,0.0
2018-06-05T12:00:00Z,-4.425,55.575,0.0
2018-06-05T12:00:00Z,-4.425,55.625,0.0
2018-06-05T12:00:00Z,-4.425,55.675,0.0
2018-06-05T12:00:00Z,-4.475,55.325,0.0
2018-06-05T12:00:00Z,-4.475,55.375,0.0
2018-06-05T12:00:00Z,-4.475,55.425,0.0
2018-06-05T12:00:00Z,-4.475,55.475,0.0
2018-06-05T12:00:00Z,-4.475,55.525,0.0
2018-06-05T12:00:00Z,-4.475,55.575,0.0
2018-06-05T12:00:00Z,-4.475,55.625,0.0
2018-06-05T12:00:00Z,-4.475,55.675,0.0
2018-06-05T12:00:00Z,-4.525,55.325,0.0
2018-06-05T12:00:00Z,-4.525,55.375,0.0
2018-06-05T12:00:00Z,-4.525,55.425,0.0
2018-06-05T12:00:00Z,-4.525,55.475,0.0
2018-06-05T12:00:00Z,-4.525,55.525,0.0
2018-06-05T12:00:00Z,-4.525,55.575,0.0
2018-06-05T12:00:00Z,-4.525,55.625,0.0
2018-06-05T12:00:00Z,-4.525,55.675,0.0
2018-06-05T12:00:00Z,-4.575,55.325,0.0
2018-06-05T12:00:00Z,-4.575,55.375,0.0
2018-06-05T12:00:00Z,-4.575,55.425,0.0
2018-06-05T12:00:00Z,-4.575,55.475,0.0
2018-06-05T12:00:00Z,-4.575,55.525,0.0
2018-06-05T12:00:00Z,-4.575,55.575,0.0
2018-06-05T12:00:00Z,-4.575,55.625,0.0
2018-06-05T12:00:00Z,-4.575,55.675,0.0
2018-06-05T12:00:00Z,-4.625,55.325,0.0
2018-06-05T12:00:00Z,-4.625,55.375,0.0
2018-06-05T12:00:00Z,-4.625,55.425,0.0
2018-06-05T12:00:00Z,-4.625,55.475,0.0
2018-06-05T12:00:00Z,-4.625,55.525,0.0
2018-06-05T12:00:00Z,-4.625,55.575,0.0
2018-06-05T12:00:00Z,-4.625,55.625,0.0
2018-06-05T12:00:00Z,-4.625,55.675,0.0
2018-07-05T12:00:00Z,-4.375,55.325,0.0
2018-07-05T12:00:00Z,-4.375,55.375,0.0
2018-07-05T12:00:00Z,-4.375,55.425,0.0
2018-07-05T12:00:00Z,-4.375,55.475,0.0
2018-07-05T12:00:00Z,-4.375,55.525,0.0
2018-07-05T12:00:00Z,-4.375,55.575,0.0
2018-07-05T12:00:00Z,-4.375,55.625,0.0
2018-07-05T12:00:00Z,-4.375,55.675,0.0
2018-07-05T12:00:00Z,-4.425,55.325,0.0
2018-07-05T12:00:00Z,-4.425,55.375,0.0
2018-07-05T12:00:00Z,-4.425,55.425,0.0
2018-07-05T12:00:00Z,-4.425,55.475,0.0
2018-07-05T12:00:00Z,-4.425,55.525,0.0
2018-07-05T12:00:00Z,-4.425,55.575,0.0
2018-07-05T12:00:00Z,-4.425,55.625,0.0
2018-07-05T12:00:00Z,-4.425,55.675,0.0
2018-07-05T12:00:00Z,-4.475,55.325,0.0
2018-07-05T12:00:00Z,-4.475,55.375,0.0
2018-07-05T12:00:00Z,-4.475,55.425,0.0
2018-07-05T12:00:00Z,-4.475,55.475,0.0
2018-07-05T12:00:00Z,-4.475,55.525,0.0
2018-07-05T12:00:00Z,-4.475,55.575,0.0
2018-07-05T12:00:00Z,-4.475,55.625,0.0
2018-07-05T12:00:00Z,-4.475,55.675,0.0
2018-07-05T12:00:00Z,-4.525,55.325,0.0
2018-07-05T12:00:00Z,-4.525,55.375,0.0
2018-07-05T12:00:00Z,-4.525,55.425,0.0
2018-07-05T12:00:00Z,-4.525,55.475,0.0
2018-07-05T12:00:00Z,-4.525,55.525,0.0
2018-07-05T12:00:00Z,-4.525,55.575,0.0
2018-07-05T12:00:00Z,-4.525,55.625,0.0
2018-07-05T12:00:00Z,-4.525,55.675,0.0
2018-07-05T12:00:00Z,-4.575,55.325,0.0
2018-07-05T12:00:00Z,-4.575,55.375,0.0
2018-07-05T12:00:00Z,-4.575,55.425,0.0
2018-07-05T12:00:00Z,-4.575,55.475,0.0
2018-07-05T12:00:00Z,-4.575,55.525,0.0
2018-07-05T12:00:00Z,-4.575,55.575,0.0
2018-07-05T12:00:00Z,-4.575,55.625,0.0
2018-07-05T12:00:00Z,-4.575,55.675,0.0
2018-07-05T12:00:00Z,-4.625,55.325,0.0
2018-07-05T12:00:00Z,-4.625,55.375,0.0
2018-07-05T12:00:00Z,-4.625,55.425,0.0
2018-07-05T12:00:00Z,-4.625,55.475,0.0
2018-07-05T12:00:00Z,-4.625,55.525,0.0
2018-07-05T12:00:00Z,-4.625,55.575,0.0
2018-07-05T12:00:00Z,-4.625,55.625,0.0
2018-07-05T12:00:00Z,-4.625,55.675,0.0
2018-08-04T12:00:00Z,-4.375,55.325,0.0
2018-08-04T12:00:00Z,-4.375,55.375,0.0
2018-08-04T12:00:00Z,-4.375,55.425,0.0
2018-08-04T12:00:00Z,-4.375,55.475,0.0
2018-08-04T12:00:00Z,-4.375,55.525,0.0
2018-08-04T12:00:00Z,-4.375,55.575,0.0
2018-08-04T12:00:00Z,-4.375,55.625,0.0
2018-08-04T12:00:00Z,-4.375,55.675,0.0
2018-08-04T12:00:00Z,-4.425,55.325,0.0
2018-08-04T12:00:00Z,-4.425,55.375,0.0
2018-08-04T12:00:00Z,-4.425,55.425,0.0
2018-08-04T12:00:00Z,-4.425,55.475,0.0
2018-08-04T12:00:00Z,-4.425,55.525,0.0
2018-08-04T12:00:00Z,-4.425,55.575,0.0
2018-08-04T12:00:00Z,-4.425,55.625,0.0
2018-08-04T12:00:00Z,-4.425,55.675,0.0
2018-08-04T12:00:00Z,-4.475,55.325,0.0
2018-08-04T12:00:00Z,-4.475,55.375,0.0
2018-08-04T12:00:00Z,-4.475,55.425,0.0
2018-08-04T12:00:00Z,-4.475,55.475,0.0
2018-08-04T12:00:00Z,-4.475,55.525,0.0
2018-08-04T12:00:00Z,-4.475,55.575,0.0
2018-08-04T12:00:00Z,-4.475,55.625,0.0
2018-08-04T12:00:00Z,-4.475,55.675,0.0
2018-08-04T12:00:00Z,-4.525,55.325,0.0
2018-08-04T12:00:00Z,-4.525,55.375,0.0
2018-08-04T12:00:00Z,-4.525,55.425,0.0
2018-08-04T12:00:00Z,-4.525,55.475,0.0
2018-08-04T12:00:00Z,-4.525,55.525,0.0
2018-08-04T12:00:00Z,-4.525,55.575,0.0
2018-08-04T12:00:00Z,-4.525,55.625,0.0
2018-08-04T12:00:00Z,-4.525,55.675,0.0
2018-08-04T12:00:00Z,-4.575,55.325,0.0
2018-08-04T12:00:00Z,-4.575,55.375,0.0
2018-08-04T12:00:00Z,-4.575,55.425,0.0
2018-08-04T12:00:00Z,-4.575,55.475,0.0
2018-08-04T12:00:00Z,-4.575,55.525,0.0
2018-08-04T12:00:00Z,-4.575,55.575,0.0
2018-08-04T12:00:00Z,-4.575,55.625,0.0
2018-08-04T12:00:00Z,-4.575,55.675,0.0
2018-08-04T12:00:00Z,-4.625,55.325,0.0
2018-08-04T12:00:00Z,-4.625,55.375,0.0
2018-08-04T12:00:00Z,-4.625,55.425,0.0
2018-08-04T12:00:00Z,-4.625,55.475,0.0
2018-08-04T12:00:00Z,-4.625,55.525,0.0
2018-08-04T12:00:00Z,-4.625,55.575,0.0
2018-08-04T12:00:00Z,-4.625,55.625,0.0
2018-08-04T12:00:00Z,-4.625,55.675,0.0
2018-09-03T12:00:00Z,-4.375,55.325,0.0
2018-09-03T12:00:00Z,-4.375,55.375,0.0
2018-09-03T12:00:00Z,-4.375,55.425,0.0
2018-09-03T12:00:00Z,-4.375,55.475,0.0
2018-09-03T12:00:00Z,-4.375,55.525,0.0
2018-09-03T12:00:00Z,-4.375,55.575,0.0
2018-09-03T12:00:00Z,-4.375,55.625,0.0
2018-09-03T12:00:00Z,-4.375,55.675,0.0
2018-09-03T12:00:00Z,-4.425,55.325,0.0
2018-09-03T12:00:00Z,-4.425,55.375,0.0
2018-09-03T12:00:00Z,-4.425,55.425,0.0
2018-09-03T12:00:00Z,-4.425,55.475,0.0
2018-09-03T12:00:00Z,-4.425,55.525,0.0
2018-09-03T12:00:00Z,-4.425,55.575,0.0
2018-09-03T12:00:00Z,-4.425,55.625,0.0
2018-09-03T12:00:00Z,-4.425,55.675,0.0
2018-09-03T12:00:00Z,-4.475,55.325,0.0
2018-09-03T12:00:00Z,-4.475,55.375,0.0
2018-09-03T12:00:00Z,-4.475,55.425,0.0
2018-09-03T12:00:00Z,-4.475,55.475,0.0
2018-09-03T12:00:00Z,-4.475,55.525,0.0
2018-09-03T12:00:00Z,-4.475,55.575,0.0
2018-09-03T12:00:00Z,-4.475,55.625,0.0
2018-09-03T12:00:00Z,-4.475,55.675,0.0
2018-09-03T12:00:00Z,-4.525,55.325,0.0
2018-09-03T12:00:00Z,-4.525,55.375,0.0
2018-09-03T12:00:00Z,-4.525,55.425,0.0
2018-09-03T12:00:00Z,-4.525,55.475,0.0
2018-09-03T12:00:00Z,-4.525,55.525,0.0
2018-09-03T12:00:00Z,-4.525,55.575,0.0
2018-09-03T12:00:00Z,-4.525,55.625,0.0
2018-09-03T12:00:00Z,-4.525,55.675,0.0
2018-09-03T12:00:00Z,-4.575,55.325,0.0
2018-09-03T12:00:00Z,-4.575,55.375,0.0
2018-09-03T12:00:00Z,-4.575,55.425,0.0
2018-09-03T12:00:00Z,-4.575,55.475,0.0
2018-09-03T12:00:00Z,-4.575,55.525,0.0
2018-09-03T12:00:00Z,-4.575,55.575,0.0
2018-09-03T12:00:00Z,-4.575,55.625,0.0
2018-09-03T12:00:00Z,-4.575,55.675,0.0
2018-09-03T12:00:00Z,-4.625,55.325,0.0
2018-09-03T12:00:00Z,-4.625,55.375,0.0
2018-09-03T12:00:00Z,-4.625,55.425,0.0
2018-09-03T12:00:00Z,-4.625,55.475,0.0
2018-09-03T12:00:00Z,-4.625,55.525,0.0
2018-09-03T12:00:00Z,-4.625,55.575,0.0
2018-09-03T12:00:00Z,-4.625,55.625,0.0
2018-09-03T12:00:00Z,-4.625,55.675,0.0
2018-10-03T12:00:00Z,-4.375,55.325,0.0
2018-10-03T12:00:00Z,-4.375,55.375,0.0
2018-10-03T12:00:00Z,-4.375,55.425,0.0
2018-10-03T12:00:00Z,-4.375,55.475,0.0
2018-10-03T12:00:00Z,-4.375,55.525,0.0
2018-10-03T12:00:00Z,-4.375,55.575,0.0
2018-10-03T12:00:00Z,-4.375,55.625,0.0
2018-10-03T12:00:00Z,-4.375,55.675,0.0
2018-10-03T12:00:00Z,-4.425,55.325,0.0
2018-10-03T12:00:00Z,-4.425,55.375,0.0
2018-10-03T12:00:00Z,-4.425,55.425,0.0
2018-10-03T12:00:00Z,-4.425,55.475,0.0
2018-10-03T12:00:00Z,-4.425,55.525,0.0
2018-10-03T12:00:00Z,-4.425,55.575,0.0
2018-10-03T12:00:00Z,-4.425,55.625,0.0
2018-10-03T12:00:00Z,-4.425,55.675,0.0
2018-10-03T12:00:00Z,-4.475,55.325,0.0
2018-10-03T12:00:00Z,-4.475,55.375,0.0
2018-10-03T12:00:00Z,-4.475,55.425,0.0
2018-10-03T12:00:00Z,-4.475,55.475,0.0
2018-10-03T12:00:00Z,-4.475,55.525,0.0
2018-10-03T12:00:00Z,-4.475,55.575,0.0
2018-10-03T12:00:00Z,-4.475,55.625,0.0
2018-10-03T12:00:00Z,-4.475,55.675,0.0
2018-10-03T12:00:00Z,-4.525,55.325,0.0
2018-10-03T12:00:00Z,-4.525,55.375,0.0
2018-10-03T12:00:00Z,-4.525,55.425,0.0
2018-10-03T12:00:00Z,-4.525,55.475,0.0
2018-10-03T12:00:00Z,-4.525,55.525,0.0
2018-10-03T12:00:00Z,-4.525,55.575,0.0
2018-10-03T12:00:00Z,-4.525,55.625,0.0
2018-10-03T12:00:00Z,-4.525,55.675,0.0
2018-10-03T12:00:00Z,-4.575,55.325,0.0
2018-10-03T12:00:00Z,-4.575,55.375,0.0
2018-10-03T12:00:00Z,-4.575,55.425,0.0
2018-10-03T12:00:00Z,-4.575,55.475,0.0
2018-10-03T12:00:00Z,-4.575,55.525,0.0
2018-10-03T12:00:00Z,-4.575,55.575,0.0
2018-10-03T12:00:00Z,-4.575,55.625,0.0
2018-10-03T12:00:00Z,-4.575,55.675,0.0
2018-10-03T12:00:00Z,-4.625,55.325,0.0
2018-10-03T12:00:00Z,-4.625,55.375,0.0
2018-10-03T12:00:00Z,-4.625,55.425,0.0
2018-10-03T12:00:00Z,-4.625,55.475,0.0
2018-10-03T12:00:00Z,-4.625,55.525,0.0
2018-10-03T12:00:00Z,-4.625,55.575,0.0
2018-10-03T12:00:00Z,-4.625,55.625,0.0
2018-10-03T12:00:00Z,-4.625,55.675,0.0
2018-11-02T12:00:00Z,-4.375,55.325,0.0
2018-11-02T12:00:00Z,-4.375,55.375,0.0
2018-11-02T12:00:00Z,-4.375,55.425,0.0
2018-11-02T12:00:00Z,-4.375,55.475,0.0
2018-11-02T12:00:00Z,-4.375,55.525,0.0
2018-11-02T12:00:00Z,-4.375,55.575,0.0
2018-11-02T12:00:00Z,-4.375,55.625,0.0
2018-11-02T12:00:00Z,-4.375,55.675,0.0
2018-11-02T12:00:00Z,-4.425,55.325,0.0
2018-11-02T12:00:00Z,-4.425,55.375,0.0
2018-11-02T12:00:00Z,-4.425,55.425,0.0
2018-11-02T12:00:00Z,-4.425,55.475,0.0
2018-11-02T12:00:00Z,-4.425,55.525,0.0
2018-11-02T12:00:00Z,-4.425,55.575,0.0
2018-11-02T12:00:00Z,-4.425,55.625,0.0
2018-11-02T12:00:00Z,-4.425,55.675,0.0
2018-11-02T12:00:00Z,-4.475,55.325,0.0
2018-11-02T12:00:00Z,-4.475,55.375,0.0
2018-11-02T12:00:00Z,-4.475,55.425,0.0
2018-11-02T12:00:00Z,-4.475,55.475,0.0
2018-11-02T12:00:00Z,-4.475,55.525,0.0
2018-11-02T12:00:00Z,-4.475,55.575,0.0
2018-11-02T12:00:00Z,-4.475,55.625,0.0
2018-11-02T12:00:00Z,-4.475,55.675,0.0
2018-11-02T12:00:00Z,-4.525,55.325,0.0
2018-11-02T12:00:00Z,-4.525,55.375,0.0
2018-11-02T12:00:00Z,-4.525,55.425,0.0
2018-11-02T12:00:00Z,-4.525,55.475,0.0
2018-11-02T12:00:00Z,-4.525,55.525,0.0
2018-11-02T12:00:00Z,-4.525,55.575,0.0
2018-11-02T12:00:00Z,-4.525,55.625,0.0
2018-11-02T12:00:00Z,-4.525,55.675,0.0
2018-11-02T12:00:00Z,-4.575,55.325,0.0
2018-11-02T12:00:00Z,-4.575,55.375,0.0
2018-11-02T12:00:00Z,-4.575,55.425,0.0
2018-11-02T12:00:00Z,-4.575,55.475,0.0
2018-11-02T12:00:00Z,-4.575,55.525,0.0
2018-11-02T12:00:00Z,-4.575,55.575,0.0
2018-11-02T12:00:00Z,-4.575,55.625,0.0
2018-11-02T12:00:00Z,-4.575,55.675,0.0
2018-11-02T12:00:00Z,-4.625,55.325,0.0
2018-11-02T12:00:00Z,-4.625,55.375,0.0
2018-11-02T12:00:00Z,-4.625,55.425,0.0
2018-11-02T12:00:00Z,-4.625,55.475,0.0
2018-11-02T12:00:00Z,-4.625,55.525,0.0
2018-11-02T12:00:00Z,-4.625,55.575,0.0
2018-11-02T12:00:00Z,-4.625,55.625,0.0
2018-11-02T12:00:00Z,-4.625,55.675,0.0
2018-12-02T12:00:00Z,-4.375,55.325,0.0
2018-12-02T12:00:00Z,-4.375,55.375,0.0
2018-12-02T12:00:00Z,-4.375,55.425,0.0
2018-12-02T12:00:00Z,-4.375,55.475,0.0
2018-12-02T12:00:00Z,-4.375,55.525,0.0
2018-12-02T12:00:00Z,-4.375,55.575,0.0
2018-12-02T12:00:00Z,-4.375,55.625,0.0
2018-12-02T12:00:00Z,-4.375,55.675,0.0
2018-12-02T12:00:00Z,-4.425,55.325,0.0
2018-12-02T12:00:00Z,-4.425,55.375,0.0
2018-12-02T12:00:00Z,-4.425,55.425,0.0
2018-12-02T12:00:00Z,-4.425,55.475,0.0
2018-12-02T12:00:00Z,-4.425,55.525,0.0
2018-12-02T12:00:00Z,-4.425,55.575,0.0
2018-12-02T12:00:00Z,-4.425,55.625,0.0
2018-12-02T12:00:00Z,-4.425,55.675,0.0
2018-12-02T12:00:00Z,-4.475,55.325,0.0
2018-12-02T12:00:00Z,-4.475,55.375,0.0
2018-12-02T12:00:00Z,-4.475,55.425,0.0
2018-12-02T12:00:00Z,-4.475,55.475,0.0
2018-12-02T12:00:00Z,-4.475,55.525,0.0
2018-12-02T12:00:00Z,-4.475,55.575,0.0
2018-12-02T12:00:00Z,-4.475,55.625,0.0
2018-12-02T12:00:00Z,-4.475,55.675,0.0
2018-12-02T12:00:00Z,-4.525,55.325,0.0
2018-12-02T12:00:00Z,-4.525,55.375,0.0
2018-12-02T12:00:00Z,-4.525,55.425,0.0
2018-12-02T12:00:00Z,-4.525,55.475,0.0
2018-12-02T12:00:00Z,-4.525,55.525,0.0
2018-12-02T12:00:00Z,-4.525,55.575,0.0
2018-12-02T12:00:00Z,-4.525,55.625,0.0
2018-12-02T12:00:00Z,-4.525,55.675,0.0
2018-12-02T12:00:00Z,-4.575,55.325,0.0
2018-12-02T12:00:00Z,-4.575,55.375,0.0
2018-12-02T12:00:00Z,-4.575,55.425,0.0
2018-12-02T12:00:00Z,-4.575,55.475,0.0
2018-12-02T12:00:00Z,-4.575,55.525,0.0
2018-12-02T12:00:00Z,-4.575,55.575,0.0
2018-12-02T12:00:00Z,-4.575,55.625,0.0
2018-12-02T12:00:00Z,-4.575,55.675,0.0
2018-12-02T12:00:00Z,-4.625,55.325,0.0
2018-12-02T12:00:00Z,-4.625,55.375,0.0
2018-12-02T12:00:00Z,-4.625,55.425,0.0
2018-12-02T12:00:00Z,-4.625,55.475,0.0
2018-12-02T12:00:00Z,-4.625,55.525,0.0
2018-12-02T12:00:00Z,-4.625,55.575,0.0
2018-12-02T12:00:00Z,-4.625,55.625,0.0
2018-12-02T12:00:00Z,-4.625,55.675,0.0
2019-01-01T12:00:00Z,-4.375,55.325,0.0
2019-01-01T12:00:00Z,-4.375,55.375,0.0
2019-01-01T12:00:00Z,-4.375,55.425,0.0
2019-01-01T12:00:00Z,-4.375,55.475,0.0
2019-01-01T12:00:00Z,-4.375,55.525,0.0
2019-01-01T12:00:00Z,-4.375,55.575,0.0
2019-01-01T12:00:00Z,-4.375,55.625,0.0
2019-01-01T12:00:00Z,-4.375,55.675,0.0
2019-01-01T12:00:00Z,-4.425,55.325,0.0
2019-01-01T12:00:00Z,-4.425,55.375,0.0
2019-01-01T12:00:00Z,-4.425,55.425,0.0
2019-01-01T12:00:00Z,-4.425,55.475,0.0
2019-01-01T12:00:00Z,-4.425,55.525,0.0
2019-01-01T12:00:00Z,-4.425,55.575,0.0
2019-01-01T12:00:00Z,-4.425,55.625,0.0
2019-01-01T12:00:00Z,-4.425,55.675,0.0
2019-01-01T12:00:00Z,-4.475,55.325,0.0
2019-01-01T12:00:00Z,-4.475,55.375,0.0
2019-01-01T12:00:00Z,-4.475,55.425,0.0
2019-01-01T12:00:00Z,-4.475,55.475,0.0
2019-01-01T12:00:00Z,-4.475,55.525,0.0
2019-01-01T12:00:00Z,-4.475,55.575,0.0
2019-01-01T12:00:00Z,-4.475,55.625,0.0
2019-01-01T12:00:00Z,-4.475,55.675,0.0
2019-01-01T12:00:00Z,-4.525,55.325,0.0
2019-01-01T12:00:00Z,-4.525,55.375,0.0
2019-01-01T12:00:00Z,-4.525,55.425,0.0
2019-01-01T12:00:00Z,-4.525,55.475,0.0
2019-01-01T12:00:00Z,-4.525,55.525,0.0
2019-01-01T12:00:00Z,-4.525,55.575,0.0
2019-01-01T12:00:00Z,-4.525,55.625,0.0
2019-01-01T12:00:00Z,-4.525,55.675,0.0
2019-01-01T12:00:00Z,-4.575,55.325,0.0
2019-01-01T12:00:00Z,-4.575,55.375,0.0
2019-01-01T12:00:00Z,-4.575,55.425,0.0
2019-01-01T12:00:00Z,-4.575,55.475,0.0
2019-01-01T12:00:00Z,-4.575,55.525,0.0
2019-01-01T12:00:00Z,-4.575,55.575,0.0
2019-01-01T12:00:00Z,-4.575,55.625,0.0
2019-01-01T12:00:00Z,-4.575,55.675,0.0
2019-01-01T12:00:00Z,-4.625,55.325,0.0
2019-01-01T12:00:00Z,-4.625,55.375,0.0
2019-01-01T12:00:00Z,-4.625,55.425,0.0
2019-01-01T12:00:00Z,-4.625,55.475,0.0
2019-01-01T12:00:00Z,-4.625,55.525,0.0
2019-01-01T12:00:00Z,-4.625,55.575,0.0
2019-01-01T12:00:00Z,-4.625,55.625,0.0
2019-01-01T12:00:00Z,-4.625,55.675,0.0
2019-01-31T12:00:00Z,-4.375,55.325,0.0
2019-01-31T12:00:00Z,-4.375,55.375,0.0
2019-01-31T12:00:00Z,-4.375,55.425,0.0
2019-01-31T12:00:00Z,-4.375,55.475,0.0
2019-01-31T12:00:00Z,-4.375,55.525,0.0
2019-01-31T12:00:00Z,-4.375,55.575,0.0
2019-01-31T12:00:00Z,-4.375,55.625,0.0
2019-01-31T12:00:00Z,-4.375,55.675,0.0
2019-01-31T12:00:00Z,-4.425,55.325,0.0
2019-01-31T12:00:00Z,-4.425,55.375,0.0
2019-01-31T12:00:00Z,-4.425,55.425,0.0
2019-01-31T12:00:00Z,-4.425,55.475,0.0
2019-01-31T12:00:00Z,-4.425,55.525,0.0
2019-01-31T12:00:00Z,-4.425,55.575,0.0
2019-01-31T12:00:00Z,-4.425,55.625,0.0
2019-01-31T12:00:00Z,-4.425,55.675,0.0
2019-01-31T12:00:00Z,-4.475,55.325,0.0
2019-01-31T12:00:00Z,-4.475,55.375,0.0
2019-01-31T12:00:00Z,-4.475,55.425,0.0
2019-01-31T12:00:00Z,-4.475,55.475,0.0
2019-01-31T12:00:00Z,-4.475,55.525,0.0
2019-01-31T12:00:00Z,-4.475,55.575,0.0
2019-01-31T12:00:00Z,-4.475,55.625,0.0
2019-01-31T12:00:00Z,-4.475,55.675,0.0
2019-01-31T12:00:00Z,-4.525,55.325,0.0
2019-01-31T12:00:00Z,-4.525,55.375,0.0
2019-01-31T12:00:00Z,-4.525,55.425,0.0
2019-01-31T12:00:00Z,-4.525,55.475,0.0
2019-01-31T12:00:00Z,-4.525,55.525,0.0
2019-01-31T12:00:00Z,-4.525,55.575,0.0
2019-01-31T12:00:00Z,-4.525,55.625,0.0
2019-01-31T12:00:00Z,-4.525,55.675,0.0
2019-01-31T12:00:00Z,-4.575,55.325,0.0
2019-01-31T12:00:00Z,-4.575,55.375,0.0
2019-01-31T12:00:00Z,-4.575,55.425,0.0
2019-01-31T12:00:00Z,-4.575,55.475,0.0
2019-01-31T12:00:00Z,-4.575,55.525,0.0
2019-01-31T12:00:00Z,-4.575,55.575,0.0
2019-01-31T12:00:00Z,-4.575,55.625,0.0
2019-01-31T12:00:00Z,-4.575,55.675,0.0
2019-01-31T12:00:00Z,-4.625,55.325,0.0
2019-01-31T12:00:00Z,-4.625,55.375,0.0
2019-01-31T12:00:00Z,-4.625,55.425,0.0
2019-01-31T12:00:00Z,-4.625,55.475,0.0
2019-01-31T12:00:00Z,-4.625,55.525,0.0
2019-01-31T12:00:00Z,-4.625,55.575,0.0
2019-01-31T12:00:00Z,-4.625,55.625,0.0
2019-01-31T12:00:00Z,-4.625,55.675,0.0
2019-03-02T12:00:00Z,-4.375,55.325,0.0
2019-03-02T12:00:00Z,-4.375,55.375,0.0
2019-03-02T12:00:00Z,-4.375,55.425,0.0
2019-03-02T12:00:00Z,-4.375,55.475,0.0
2019-03-02T12:00:00Z,-4.375,55.525,0.0
2019-03-02T12:00:00Z,-4.375,55.575,0.0
2019-03-02T12:00:00Z,-4.375,55.625,0.0
2019-03-02T12:00:00Z,-4.375,55.675,0.0
2019-03-02T12:00:00Z,-4.425,55.325,0.0
2019-03-02T12:00:00Z,-4.425,55.375,0.0
2019-03-02T12:00:00Z,-4.425,55.425,0.0
2019-03-02T12:00:00Z,-4.425,55.475,0.0
2019-03-02T12:00:00Z,-4.425,55.525,0.0
2019-03-02T12:00:00Z,-4.425,55.575,0.0
2019-03-02T12:00:00Z,-4.425,55.625,0.0
2019-03-02T12:00:00Z,-4.425,55.675,0.0
2019-03-02T12:00:00Z,-4.475,55.325,0.0
2019-03-02T12:00:00Z,-4.475,55.375,0.0
2019-03-02T12:00:00Z,-4.475,55.425,0.0
2019-03-02T12:00:00Z,-4.475,55.475,0.0
2019-03-02T12:00:00Z,-4.475,55.525,0.0
2019-03-02T12:00:00Z,-4.475,55.575,0.0
2019-03-02T12:00:00Z,-4.475,55.625,0.0
2019-03-02T12:00:00Z,-4.475,55.675,0.0
2019-03-02T12:00:00Z,-4.525,55.325,0.0
2019-03-02T12:00:00Z,-4.525,55.375,0.0
2019-03-02T12:00:00Z,-4.525,55.425,0.0
2019-03-02T12:00:00Z,-4.525,55.475,0.0
2019-03-02T12:00:00Z,-4.525,55.525,0.0
2019-03-02T12:00:00Z,-4.525,55.575,0.0
2019-03-02T12:00:00Z,-4.525,55.625,0.0
2019-03-02T12:00:00Z,-4.525,55.675,0.0
2019-03-02T12:00:00Z,-4.575,55.325,0.0
2019-03-02T12:00:00Z,-4.575,55.375,0.0
2019-03-02T12:00:00Z,-4.575,55.425,0.0
2019-03-02T12:00:00Z,-4.575,55.475,0.0
2019-03-02T12:00:00Z,-4.575,55.525,0.0
2019-03-02T12:00:00Z,-4.575,55.575,0.0
2019-03-02T12:00:00Z,-4.575,55.625,0.0
2019-03-02T12:00:00Z,-4.575,55.675,0.0
2019-03-02T12:00:00Z,-4.625,55.325,0.0
2019-03-02T12:00:00Z,-4.625,55.375,0.0
2019-03-02T12:00:00Z,-4.625,55.425,0.0
2019-03-02T12:00:00Z,-4.625,55.475,0.0
2019-03-02T12:00:00Z,-4.625,55.525,0.0
2019-03-02T12:00:00Z,-4.625,55.575,0.0
2019-03-02T12:00:00Z,-4.625,55.625,0.0
2019-03-02T12:00:00Z,-4.625,55.675,0.0
2019-04-01T12:00:00Z,-4.375,55.325,0.0
2019-04-01T12:00:00Z,-4.375,55.375,0.0
2019-04-01T12:00:00Z,-4.375,55.425,0.0
2019-04-01T12:00:00Z,-4.375,55.475,0.0
2019-04-01T12:00:00Z,-4.375,55.525,0.0
2019-04-01T12:00:00Z,-4.375,55.575,0.0
2019-04-01T12:00:00Z,-4.375,55.625,0.0
2019-04-01T12:00:00Z,-4.375,55.675,0.0
2019-04-01T12:00:00Z,-4.425,55.325,0.0
2019-04-01T12:00:00Z,-4.425,55.375,0.0
2019-04-01T12:00:00Z,-4.425,55.425,0.0
2019-04-01T12:00:00Z,-4.425,55.475,0.0
2019-04-01T12:00:00Z,-4.425,55.525,0.0
2019-04-01T12:00:00Z,-4.425,55.575,0.0
2019-04-01T12:00:00Z,-4.425,55.625,0.0
2019-04-01T12:00:00Z,-4.425,55.675,0.0
2019-04-01T12:00:00Z,-4.475,55.325,0.0
2019-04-01T12:00:00Z,-4.475,55.375,0.0
2019-04-01T12:00:00Z,-4.475,55.425,0.0
2019-04-01T12:00:00Z,-4.475,55.475,0.0
2019-04-01T12:00:00Z,-4.475,55.525,0.0
2019-04-01T12:00:00Z,-4.475,55.575,0.0
2019-04-01T12:00:00Z,-4.475,55.625,0.0
2019-04-01T12:00:00Z,-4.475,55.675,0.0
2019-04-01T12:00:00Z,-4.525,55.325,0.0
2019-04-01T12:00:00Z,-4.525,55.375,0.0
2019-04-01T12:00:00Z,-4.525,55.425,0.0
2019-04-01T12:00:00Z,-4.525,55.475,0.0
2019-04-01T12:00:00Z,-4.525,55.525,0.0
2019-04-01T12:00:00Z,-4.525,55.575,0.0
2019-04-01T12:00:00Z,-4.525,55.625,0.0
2019-04-01T12:00:00Z,-4.525,55.675,0.0
2019-04-01T12:00:00Z,-4.575,55.325,0.0
2019-04-01T12:00:00Z,-4.575,55.375,0.0
2019-04-01T12:00:00Z,-4.575,55.425,0.0
2019-04-01T12:00:00Z,-4.575,55.475,0.0
2019-04-01T12:00:00Z,-4.575,55.525,0.0
2019-04-01T12:00:00Z,-4.575,55.575,0.0
2019-04-01T12:00:00Z,-4.575,55.625,0.0
2019-04-01T12:00:00Z,-4.575,55.675,0.0
2019-04-01T12:00:00Z,-4.625,55.325,0.0
2019-04-01T12:00:00Z,-4.625,55.375,0.0
2019-04-01T12:00:00Z,-4.625,55.425,0.0
2019-04-01T12:00:00Z,-4.625,55.475,0.0
2019-04-01T12:00:00Z,-4.625,55.525,0.0
2019-04-01T12:00:00Z,-4.625,55.575,0.0
2019-04-01T12:00:00Z,-4.625,55.625,0.0
2019-04-01T12:00:00Z,-4.625,55.675,0.0
2019-05-01T12:00:00Z,-4.375,55.325,2.0
2019-05-01T12:00:00Z,-4.375,55.375,2.02
2019-05-01T12:00:00Z,-4.375,55.425,1.86
2019-05-01T12:00:00Z,-4.375,55.475,1.57
2019-05-01T12:00:00Z,-4.375,55.525,1.54
2019-05-01T12:00:00Z,-4.375,55.575,1.23
2019-05-01T12:00:00Z,-4.375,55.625,0.93
2019-05-01T12:00:00Z,-4.375,55.675,0.77
2019-05-01T12:00:00Z,-4.425,55.325,2.0100000000000002
2019-05-01T12:00:00Z,-4.425,55.375,2.0300000000000002
2019-05-01T12:00:00Z,-4.425,55.425,1.87
2019-05-01T12:00:00Z,-4.425,55.475,1.56
2019-05-01T12:00:00Z,-4.425,55.525,1.68
2019-05-01T12:00:00Z,-4.425,55.575,1.22
2019-05-01T12:00:00Z,-4.425,55.625,0.79
2019-05-01T12:00:00Z,-4.425,55.675,0.78
2019-05-01T12:00:00Z,-4.475,55.325,1.99
2019-05-01T12:00:00Z,-4.475,55.375,2.17
2019-05-01T12:00:00Z,-4.475,55.425,2.0
2019-05-01T12:00:00Z,-4.475,55.475,1.84
2019-05-01T12:00:00Z,-4.475,55.525,1.68
2019-05-01T12:00:00Z,-4.475,55.575,1.09
2019-05-01T12:00:00Z,-4.475,55.625,0.9400000000000001
2019-05-01T12:00:00Z,-4.475,55.675,0.65
2019-05-01T12:00:00Z,-4.525,55.325,1.99
2019-05-01T12:00:00Z,-4.525,55.375,2.0100000000000002
2019-05-01T12:00:00Z,-4.525,55.425,1.71
2019-05-01T12:00:00Z,-4.525,55.475,1.55
2019-05-01T12:00:00Z,-4.525,55.525,1.25
2019-05-01T12:00:00Z,-4.525,55.575,1.1
2019-05-01T12:00:00Z,-4.525,55.625,0.66
2019-05-01T12:00:00Z,-4.525,55.675,0.66
2019-05-01T12:00:00Z,-4.575,55.325,1.68
2019-05-01T12:00:00Z,-4.575,55.375,1.83
2019-05-01T12:00:00Z,-4.575,55.425,1.68
2019-05-01T12:00:00Z,-4.575,55.475,1.25
2019-05-01T12:00:00Z,-4.575,55.525,1.25
2019-05-01T12:00:00Z,-4.575,55.575,1.24
2019-05-01T12:00:00Z,-4.575,55.625,0.66
2019-05-01T12:00:00Z,-4.575,55.675,0.67
2019-05-01T12:00:00Z,-4.625,55.325,1.6600000000000001
2019-05-01T12:00:00Z,-4.625,55.375,1.6600000000000001
2019-05-01T12:00:00Z,-4.625,55.425,1.23
2019-05-01T12:00:00Z,-4.625,55.475,1.24
2019-05-01T12:00:00Z,-4.625,55.525,1.1
2019-05-01T12:00:00Z,-4.625,55.575,1.1
2019-05-01T12:00:00Z,-4.625,55.625,0.81
2019-05-01T12:00:00Z,-4.625,55.675,0.81
2019-05-31T12:00:00Z,-4.375,55.325,2.0
2019-05-31T12:00:00Z,-4.375,55.375,2.02
2019-05-31T12:00:00Z,-4.375,55.425,1.86
2019-05-31T12:00:00Z,-4.375,55.475,1.57
2019-05-31T12:00:00Z,-4.375,55.525,1.54
2019-05-31T12:00:00Z,-4.375,55.575,1.23
2019-05-31T12:00:00Z,-4.375,55.625,0.93
2019-05-31T12:00:00Z,-4.375,55.675,0.77
2019-05-31T12:00:00Z,-4.425,55.325,2.0100000000000002
2019-05-31T12:00:00Z,-4.425,55.375,2.0300000000000002
2019-05-31T12:00:00Z,-4.425,55.425,1.87
2019-05-31T12:00:00Z,-4.425,55.475,1.56
2019-05-31T12:00:00Z,-4.425,55.525,1.68
2019-05-31T12:00:00Z,-4.425,55.575,1.22
2019-05-31T12:00:00Z,-4.425,55.625,0.79
2019-05-31T12:00:00Z,-4.425,55.675,0.78
2019-05-31T12:00:00Z,-4.475,55.325,1.99
2019-05-31T12:00:00Z,-4.475,55.375,2.17
2019-05-31T12:00:00Z,-4.475,55.425,2.0
2019-05-31T12:00:00Z,-4.475,55.475,1.84
2019-05-31T12:00:00Z,-4.475,55.525,1.68
2019-05-31T12:00:00Z,-4.475,55.575,1.09
2019-05-31T12:00:00Z,-4.475,55.625,0.9400000000000001
2019-05-31T12:00:00Z,-4.475,55.675,0.65
2019-05-31T12:00:00Z,-4.525,55.325,1.99
2019-05-31T12:00:00Z,-4.525,55.375,2.0100000000000002
2019-05-31T12:00:00Z,-4.525,55.425,1.71
2019-05-31T12:00:00Z,-4.525,55.475,1.55
2019-05-31T12:00:00Z,-4.525,55.525,1.25
2019-05-31T12:00:00Z,-4.525,55.575,1.1
2019-05-31T12:00:00Z,-4.525,55.625,0.66
2019-05-31T12:00:00Z,-4.525,55.675,0.66
2019-05-31T12:00:00Z,-4.575,55.325,1.68
2019-05-31T12:00:00Z,-4.575,55.375,1.83
2019-05-31T12:00:00Z,-4.575,55.425,1.68
2019-05-31T12:00:00Z,-4.575,55.475,1.25
2019-05-31T12:00:00Z,-4.575,55.525,1.25
2019-05-31T12:00:00Z,-4.575,55.575,1.24
2019-05-31T12:00:00Z,-4.575,55.625,0.66
2019-05-31T12:00:00Z,-4.575,55.675,0.67
2019-05-31T12:00:00Z,-4.625,55.325,1.6600000000000001
2019-05-31T12:00:00Z,-4.625,55.375,1.6600000000000001
2019-05-31T12:00:00Z,-4.625,55.425,1.23
2019-05-31T12:00:00Z,-4.625,55.475,1.24
2019-05-31T12:00:00Z,-4.625,55.525,1.1
2019-05-31T12:00:00Z,-4.625,55.575,1.1
2019-05-31T12:00:00Z,-4.625,55.625,0.81
2019-05-31T12:00:00Z,-4.625,55.675,0.81
2019-06-30T12:00:00Z,-4.375,55.325,1.7
2019-06-30T12:00:00Z,-4.375,55.375,1.71
2019-06-30T12:00:00Z,-4.375,55.425,1.41
2019-06-30T12:00:00Z,-4.375,55.475,1.12
2019-06-30T12:00:00Z,-4.375,55.525,1.1
2019-06-30T12:00:00Z,-4.375,55.575,0.9400000000000001
2019-06-30T12:00:00Z,-4.375,55.625,0.93
2019-06-30T12:00:00Z,-4.375,55.675,0.77
2019-06-30T12:00:00Z,-4.425,55.325,1.71
2019-06-30T12:00:00Z,-4.425,55.375,1.72
2019-06-30T12:00:00Z,-4.425,55.425,1.56
2019-06-30T12:00:00Z,-4.425,55.475,1.11
2019-06-30T12:00:00Z,-4.425,55.525,1.24
2019-06-30T12:00:00Z,-4.425,55.575,0.9400000000000001
2019-06-30T12:00:00Z,-4.425,55.625,0.79
2019-06-30T12:00:00Z,-4.425,55.675,0.78
2019-06-30T12:00:00Z,-4.475,55.325,1.68
2019-06-30T12:00:00Z,-4.475,55.375,1.86
2019-06-30T12:00:00Z,-4.475,55.425,1.7
2019-06-30T12:00:00Z,-4.475,55.475,1.55
2019-06-30T12:00:00Z,-4.475,55.525,1.4000000000000001
2019-06-30T12:00:00Z,-4.475,55.575,0.9500000000000001
2019-06-30T12:00:00Z,-4.475,55.625,0.8
2019-06-30T12:00:00Z,-4.475,55.675,0.65
2019-06-30T12:00:00Z,-4.525,55.325,1.68
2019-06-30T12:00:00Z,-4.525,55.375,1.7
2019-06-30T12:00:00Z,-4.525,55.425,1.56
2019-06-30T12:00:00Z,-4.525,55.475,1.55
2019-06-30T12:00:00Z,-4.525,55.525,1.25
2019-06-30T12:00:00Z,-4.525,55.575,1.1
2019-06-30T12:00:00Z,-4.525,55.625,0.66
2019-06-30T12:00:00Z,-4.525,55.675,0.66
2019-06-30T12:00:00Z,-4.575,55.325,1.3800000000000001
2019-06-30T12:00:00Z,-4.575,55.375,1.53
2019-06-30T12:00:00Z,-4.575,55.425,1.53
2019-06-30T12:00:00Z,-4.575,55.475,1.25
2019-06-30T12:00:00Z,-4.575,55.525,1.25
2019-06-30T12:00:00Z,-4.575,55.575,1.24
2019-06-30T12:00:00Z,-4.575,55.625,0.66
2019-06-30T12:00:00Z,-4.575,55.675,0.67
2019-06-30T12:00:00Z,-4.625,55.325,1.36
2019-06-30T12:00:00Z,-4.625,55.375,1.51
2019-06-30T12:00:00Z,-4.625,55.425,1.23
2019-06-30T12:00:00Z,-4.625,55.475,1.24
2019-06-30T12:00:00Z,-4.625,55.525,1.1
2019-06-30T12:00:00Z,-4.625,55.575,1.1
2019-06-30T12:00:00Z,-4.625,55.625,0.81
2019-06-30T12:00:00Z,-4.625,55.675,0.81
2019-07-30T12:00:00Z,-4.375,55.325,0.0
2019-07-30T12:00:00Z,-4.375,55.375,0.0
2019-07-30T12:00:00Z,-4.375,55.425,0.0
2019-07-30T12:00:00Z,-4.375,55.475,0.0
2019-07-30T12:00:00Z,-4.375,55.525,0.0
2019-07-30T12:00:00Z,-4.375,55.575,0.0
2019-07-30T12:00:00Z,-4.375,55.625,0.0
2019-07-30T12:00:00Z,-4.375,55.675,0.0
2019-07-30T12:00:00Z,-4.425,55.325,0.0
2019-07-30T12:00:00Z,-4.425,55.375,0.0
2019-07-30T12:00:00Z,-4.425,55.425,0.0
2019-07-30T12:00:00Z,-4.425,55.475,0.0
2019-07-30T12:00:00Z,-4.425,55.525,0.0
2019-07-30T12:00:00Z,-4.425,55.575,0.0
2019-07-30T12:00:00Z,-4.425,55.625,0.0
2019-07-30T12:00:00Z,-4.425,55.675,0.0
2019-07-30T12:00:00Z,-4.475,55.325,0.0
2019-07-30T12:00:00Z,-4.475,55.375,0.0
2019-07-30T12:00:00Z,-4.475,55.425,0.0
2019-07-30T12:00:00Z,-4.475,55.475,0.0
2019-07-30T12:00:00Z,-4.475,55.525,0.0
2019-07-30T12:00:00Z,-4.475,55.575,0.0
2019-07-30T12:00:00Z,-4.475,55.625,0.0
2019-07-30T12:00:00Z,-4.475,55.675,0.0
2019-07-30T12:00:00Z,-4.525,55.325,0.0
2019-07-30T12:00:00Z,-4.525,55.375,0.0
2019-07-30T12:00:00Z,-4.525,55.425,0.0
2019-07-30T12:00:00Z,-4.525,55.475,0.0
2019-07-30T12:00:00Z,-4.525,55.525,0.0
2019-07-30T12:00:00Z,-4.525,55.575,0.0
2019-07-30T12:00:00Z,-4.525,55.625,0.0
2019-07-30T12:00:00Z,-4.525,55.675,0.0
2019-07-30T12:00:00Z,-4.575,55.325,0.0
2019-07-30T12:00:00Z,-4.575,55.375,0.0
2019-07-30T12:00:00Z,-4.575,55.425,0.0
2019-07-30T12:00:00Z,-4.575,55.475,0.0
2019-07-30T12:00:00Z,-4.575,55.525,0.0
2019-07-30T12:00:00Z,-4.575,55.575,0.0
2019-07-30T12:00:00Z,-4.575,55.625,0.0
2019-07-30T12:00:00Z,-4.575,55.675,0.0
2019-07-30T12:00:00Z,-4.625,55.325,0.0
2019-07-30T12:00:00Z,-4.625,55.375,0.0
2019-07-30T12:00:00Z,-4.625,55.425,0.0
2019-07-30T12:00:00Z,-4.625,55.475,0.0
2019-07-30T12:00:00Z,-4.625,55.525,0.0
2019-07-30T12:00:00Z,-4.625,55.575,0.0
2019-07-30T12:00:00Z,-4.625,55.625,0.0
2019-07-30T12:00:00Z,-4.625,55.675,0.0
2019-08-29T12:00:00Z,-4.375,55.325,0.0
2019-08-29T12:00:00Z,-4.375,55.375,0.0
2019-08-29T12:00:00Z,-4.375,55.425,0.0
2019-08-29T12:00:00Z,-4.375,55.475,0.0
2019-08-29T12:00:00Z,-4.375,55.525,0.0
2019-08-29T12:00:00Z,-4.375,55.575,0.0
2019-08-29T12:00:00Z,-4.375,55.625,0.0
2019-08-29T12:00:00Z,-4.375,55.675,0.0
2019-08-29T12:00:00Z,-4.425,55.325,0.0
2019-08-29T12:00:00Z,-4.425,55.375,0.0
2019-08-29T12:00:00Z,-4.425,55.425,0.0
2019-08-29T12:00:00Z,-4.425,55.475,0.0
2019-08-29T12:00:00Z,-4.425,55.525,0.0
2019-08-29T12:00:00Z,-4.425,55.575,0.0
2019-08-29T12:00:00Z,-4.425,55.625,0.0
2019-08-29T12:00:00Z,-4.425,55.675,0.0
2019-08-29T12:00:00Z,-4.475,55.325,0.0
2019-08-29T12:00:00Z,-4.475,55.375,0.0
2019-08-29T12:00:00Z,-4.475,55.425,0.0
2019-08-29T12:00:00Z,-4.475,55.475,0.0
2019-08-29T12:00:00Z,-4.475,55.525,0.0
2019-08-29T12:00:00Z,-4.475,55.575,0.0
2019-08-29T12:00:00Z,-4.475,55.625,0.0
2019-08-29T12:00:00Z,-4.475,55.675,0.0
2019-08-29T12:00:00Z,-4.525,55.325,0.0
2019-08-29T12:00:00Z,-4.525,55.375,0.0
2019-08-29T12:00:00Z,-4.525,55.425,0.0
2019-08-29T12:00:00Z,-4.525,55.475,0.0
2019-08-29T12:00:00Z,-4.525,55.525,0.0
2019-08-29T12:00:00Z,-4.525,55.575,0.0
2019-08-29T12:00:00Z,-4.525,55.625,0.0
2019-08-29T12:00:00Z,-4.525,55.675,0.0
2019-08-29T12:00:00Z,-4.575,55.325,0.0
2019-08-29T12:00:00Z,-4.575,55.375,0.0
2019-08-29T12:00:00Z,-4.575,55.425,0.0
2019-08-29T12:00:00Z,-4.575,55.475,0.0
2019-08-29T12:00:00Z,-4.575,55.525,0.0
2019-08-29T12:00:00Z,-4.575,55.575,0.0
2019-08-29T12:00:00Z,-4.575,55.625,0.0
2019-08-29T12:00:00Z,-4.575,55.675,0.0
2019-08-29T12:00:00Z,-4.625,55.325,0.0
2019-08-29T12:00:00Z,-4.625,55.375,0.0
2019-08-29T12:00:00Z,-4.625,55.425,0.0
2019-08-29T12:00:00Z,-4.625,55.475,0.0
2019-08-29T12:00:00Z,-4.625,55.525,0.0
2019-08-29T12:00:00Z,-4.625,55.575,0.0
2019-08-29T12:00:00Z,-4.625,55.625,0.0
2019-08-29T12:00:00Z,-4.625,55.675,0.0
2019-09-28T12:00:00Z,-4.375,55.325,0.0
2019-09-28T12:00:00Z,-4.375,55.375,0.0
2019-09-28T12:00:00Z,-4.375,55.425,0.0
2019-09-28T12:00:00Z,-4.375,55.475,0.0
2019-09-28T12:00:00Z,-4.375,55.525,0.0
2019-09-28T12:00:00Z,-4.375,55.575,0.0
2019-09-28T12:00:00Z,-4.375,55.625,0.0
2019-09-28T12:00:00Z,-4.375,55.675,0.0
2019-09-28T12:00:00Z,-4.425,55.325,0.0
2019-09-28T12:00:00Z,-4.425,55.375,0.0
2019-09-28T12:00:00Z,-4.425,55.425,0.0
2019-09-28T12:00:00Z,-4.425,55.475,0.0
2019-09-28T12:00:00Z,-4.425,55.525,0.0
2019-09-28T12:00:00Z,-4.425,55.575,0.0
2019-09-28T12:00:00Z,-4.425,55.625,0.0
2019-09-28T12:00:00Z,-4.425,55.675,0.0
2019-09-28T12:00:00Z,-4.475,55.325,0.0
2019-09-28T12:00:00Z,-4.475,55.375,0.0
2019-09-28T12:00:00Z,-4.475,55.425,0.0
2019-09-28T12:00:00Z,-4.475,55.475,0.0
2019-09-28T12:00:00Z,-4.475,55.525,0.0
2019-09-28T12:00:00Z,-4.475,55.575,0.0
2019-09-28T12:00:00Z,-4.475,55.625,0.0
2019-09-28T12:00:00Z,-4.475,55.675,0.0
2019-09-28T12:00:00Z,-4.525,55.325,0.0
2019-09-28T12:00:00Z,-4.525,55.375,0.0
2019-09-28T12:00:00Z,-4.525,55.425,0.0
2019-09-28T12:00:00Z,-4.525,55.475,0.0
2019-09-28T12:00:00Z,-4.525,55.525,0.0
2019-09-28T12:00:00Z,-4.525,55.575,0.0
2019-09-28T12:00:00Z,-4.525,55.625,0.0
2019-09-28T12:00:00Z,-4.525,55.675,0.0
2019-09-28T12:00:00Z,-4.575,55.325,0.0
2019-09-28T12:00:00Z,-4.575,55.375,0.0
2019-09-28T12:00:00Z,-4.575,55.425,0.0
2019-09-28T12:00:00Z,-4.575,55.475,0.0
2019-09-28T12:00:00Z,-4.575,55.525,0.0
2019-09-28T12:00:00Z,-4.575,55.575,0.0
2019-09-28T12:00:00Z,-4.575,55.625,0.0
2019-09-28T12:00:00Z,-4.575,55.675,0.0
2019-09-28T12:00:00Z,-4.625,55.325,0.0
2019-09-28T12:00:00Z,-4.625,55.375,0.0
2019-09-28T12:00:00Z,-4.625,55.425,0.0
2019-09-28T12:00:00Z,-4.625,55.475,0.0
2019-09-28T12:00:00Z,-4.625,55.525,0.0
2019-09-28T12:00:00Z,-4.625,55.575,0.0
2019-09-28T12:00:00Z,-4.625,55.625,0.0
2019-09-28T12:00:00Z,-4.625,55.675,0.0
2019-10-28T12:00:00Z,-4.375,55.325,0.0
2019-10-28T12:00:00Z,-4.375,55.375,0.0
2019-10-28T12:00:00Z,-4.375,55.425,0.0
2019-10-28T12:00:00Z,-4.375,55.475,0.0
2019-10-28T12:00:00Z,-4.375,55.525,0.0
2019-10-28T12:00:00Z,-4.375,55.575,0.0
2019-10-28T12:00:00Z,-4.375,55.625,0.0
2019-10-28T12:00:00Z,-4.375,55.675,0.0
2019-10-28T12:00:00Z,-4.425,55.325,0.0
2019-10-28T12:00:00Z,-4.425,55.375,0.0
2019-10-28T12:00:00Z,-4.425,55.425,0.0
2019-10-28T12:00:00Z,-4.425,55.475,0.0
2019-10-28T12:00:00Z,-4.425,55.525,0.0
2019-10-28T12:00:00Z,-4.425,55.575,0.0
2019-10-28T12:00:00Z,-4.425,55.625,0.0
2019-10-28T12:00:00Z,-4.425,55.675,0.0
2019-10-28T12:00:00Z,-4.475,55.325,0.0
2019-10-28T12:00:00Z,-4.475,55.375,0.0
2019-10-28T12:00:00Z,-4.475,55.425,0.0
2019-10-28T12:00:00Z,-4.475,55.475,0.0
2019-10-28T12:00:00Z,-4.475,55.525,0.0
2019-10-28T12:00:00Z,-4.475,55.575,0.0
2019-10-28T12:00:00Z,-4.475,55.625,0.0
2019-10-28T12:00:00Z,-4.475,55.675,0.0
2019-10-28T12:00:00Z,-4.525,55.325,0.0
2019-10-28T12:00:00Z,-4.525,55.375,0.0
2019-10-28T12:00:00Z,-4.525,55.425,0.0
2019-10-28T12:00:00Z,-4.525,55.475,0.0
2019-10-28T12:00:00Z,-4.525,55.525,0.0
2019-10-28T12:00:00Z,-4.525,55.575,0.0
2019-10-28T12:00:00Z,-4.525,55.625,0.0
2019-10-28T12:00:00Z,-4.525,55.675,0.0
2019-10-28T12:00:00Z,-4.575,55.325,0.0
2019-10-28T12:00:00Z,-4.575,55.375,0.0
2019-10-28T12:00:00Z,-4.575,55.425,0.0
2019-10-28T12:00:00Z,-4.575,55.475,0.0
2019-10-28T12:00:00Z,-4.575,55.525,0.0
2019-10-28T12:00:00Z,-4.575,55.575,0.0
2019-10-28T12:00:00Z,-4.575,55.625,0.0
2019-10-28T12:00:00Z,-4.575,55.675,0.0
2019-10-28T12:00:00Z,-4.625,55.325,0.0
2019-10-28T12:00:00Z,-4.625,55.375,0.0
2019-10-28T12:00:00Z,-4.625,55.425,0.0
2019-10-28T12:00:00Z,-4.625,55.475,0.0
2019-10-28T12:00:00Z,-4.625,55.525,0.0
2019-10-28T12:00:00Z,-4.625,55.575,0.0
2019-10-28T12:00:00Z,-4.625,55.625,0.0
2019-10-28T12:00:00Z,-4.625,55.675,0.0
2019-11-27T12:00:00Z,-4.375,55.325,0.0
2019-11-27T12:00:00Z,-4.375,55.375,0.0
2019-11-27T12:00:00Z,-4.375,55.425,0.0
2019-11-27T12:00:00Z,-4.375,55.475,0.0
2019-11-27T12:00:00Z,-4.375,55.525,0.0
2019-11-27T12:00:00Z,-4.375,55.575,0.0
2019-11-27T12:00:00Z,-4.375,55.625,0.0
2019-11-27T12:00:00Z,-4.375,55.675,0.0
2019-11-27T12:00:00Z,-4.425,55.325,0.0
2019-11-27T12:00:00Z,-4.425,55.375,0.0
2019-11-27T12:00:00Z,-4.425,55.425,0.0
2019-11-27T12:00:00Z,-4.425,55.475,0.0
2019-11-27T12:00:00Z,-4.425,55.525,0.0
2019-11-27T12:00:00Z,-4.425,55.575,0.0
2019-11-27T12:00:00Z,-4.425,55.625,0.0
2019-11-27T12:00:00Z,-4.425,55.675,0.0
2019-11-27T12:00:00Z,-4.475,55.325,0.0
2019-11-27T12:00:00Z,-4.475,55.375,0.0
2019-11-27T12:00:00Z,-4.475,55.425,0.0
2019-11-27T12:00:00Z,-4.475,55.475,0.0
2019-11-27T12:00:00Z,-4.475,55.525,0.0
2019-11-27T12:00:00Z,-4.475,55.575,0.0
2019-11-27T12:00:00Z,-4.475,55.625,0.0
2019-11-27T12:00:00Z,-4.475,55.675,0.0
2019-11-27T12:00:00Z,-4.525,55.325,0.0
2019-11-27T12:00:00Z,-4.525,55.375,0.0
2019-11-27T12:00:00Z,-4.525,55.425,0.0
2019-11-27T12:00:00Z,-4.525,55.475,0.0
2019-11-27T12:00:00Z,-4.525,55.525,0.0
2019-11-27T12:00:00Z,-4.525,55.575,0.0
2019-11-27T12:00:00Z,-4.525,55.625,0.0
2019-11-27T12:00:00Z,-4.525,55.675,0.0
2019-11-27T12:00:00Z,-4.575,55.325,0.0
2019-11-27T12:00:00Z,-4.575,55.375,0.0
2019-11-27T12:00:00Z,-4.575,55.425,0.0
2019-11-27T12:00:00Z,-4.575,55.475,0.0
2019-11-27T12:00:00Z,-4.575,55.525,0.0
2019-11-27T12:00:00Z,-4.575,55.575,0.0
2019-11-27T12:00:00Z,-4.575,55.625,0.0
2019-11-27T12:00:00Z,-4.575,55.675,0.0
2019-11-27T12:00:00Z,-4.625,55.325,0.0
2019-11-27T12:00:00Z,-4.625,55.375,0.0
2019-11-27T12:00:00Z,-4.625,55.425,0.0
2019-11-27T12:00:00Z,-4.625,55.475,0.0
2019-11-27T12:00:00Z,-4.625,55.525,0.0
2019-11-27T12:00:00Z,-4.625,55.575,0.0
2019-11-27T12:00:00Z,-4.625,55.625,0.0
2019-11-27T12:00:00Z,-4.625,55.675,0.0
2019-12-27T12:00:00Z,-4.375,55.325,0.0
2019-12-27T12:00:00Z,-4.375,55.375,0.0
2019-12-27T12:00:00Z,-4.375,55.425,0.0
2019-12-27T12:00:00Z,-4.375,55.475,0.0
2019-12-27T12:00:00Z,-4.375,55.525,0.0
2019-12-27T12:00:00Z,-4.375,55.575,0.0
2019-12-27T12:00:00Z,-4.375,55.625,0.0
2019-12-27T12:00:00Z,-4.375,55.675,0.0
2019-12-27T12:00:00Z,-4.425,55.325,0.0
2019-12-27T12:00:00Z,-4.425,55.375,0.0
2019-12-27T12:00:00Z,-4.425,55.425,0.0
2019-12-27T12:00:00Z,-4.425,55.475,0.0
2019-12-27T12:00:00Z,-4.425,55.525,0.0
2019-12-27T12:00:00Z,-4.425,55.575,0.0
2019-12-27T12:00:00Z,-4.425,55.625,0.0
2019-12-27T12:00:00Z,-4.425,55.675,0.0
2019-12-27T12:00:00Z,-4.475,55.325,0.0
2019-12-27T12:00:00Z,-4.475,55.375,0.0
2019-12-27T12:00:00Z,-4.475,55.425,0.0
2019-12-27T12:00:00Z,-4.475,55.475,0.0
2019-12-27T12:00:00Z,-4.475,55.525,0.0
2019-12-27T12:00:00Z,-4.475,55.575,0.0
2019-12-27T12:00:00Z,-4.475,55.625,0.0
2019-12-27T12:00:00Z,-4.475,55.675,0.0
2019-12-27T12:00:00Z,-4.525,55.325,0.0
2019-12-27T12:00:00Z,-4.525,55.375,0.0
2019-12-27T12:00:00Z,-4.525,55.425,0.0
2019-12-27T12:00:00Z,-4.525,55.475,0.0
2019-12-27T12:00:00Z,-4.525,55.525,0.0
2019-12-27T12:00:00Z,-4.525,55.575,0.0
2019-12-27T12:00:00Z,-4.525,55.625,0.0
2019-12-27T12:00:00Z,-4.525,55.675,0.0
2019-12-27T12:00:00Z,-4.575,55.325,0.0
2019-12-27T12:00:00Z,-4.575,55.375,0.0
2019-12-27T12:00:00Z,-4.575,55.425,0.0
2019-12-27T12:00:00Z,-4.575,55.475,0.0
2019-12-27T12:00:00Z,-4.575,55.525,0.0
2019-12-27T12:00:00Z,-4.575,55.575,0.0
2019-12-27T12:00:00Z,-4.575,55.625,0.0
2019-12-27T12:00:00Z,-4.575,55.675,0.0
2019-12-27T12:00:00Z,-4.625,55.325,0.0
2019-12-27T12:00:00Z,-4.625,55.375,0.0
2019-12-27T12:00:00Z,-4.625,55.425,0.0
2019-12-27T12:00:00Z,-4.625,55.475,0.0
2019-12-27T12:00:00Z,-4.625,55.525,0.0
2019-12-27T12:00:00Z,-4.625,55.575,0.0
2019-12-27T12:00:00Z,-4.625,55.625,0.0
2019-12-27T12:00:00Z,-4.625,55.675,0.0
2020-01-26T12:00:00Z,-4.375,55.325,0.0
2020-01-26T12:00:00Z,-4.375,55.375,0.0
2020-01-26T12:00:00Z,-4.375,55.425,0.0
2020-01-26T12:00:00Z,-4.375,55.475,0.0
2020-01-26T12:00:00Z,-4.375,55.525,0.0
2020-01-26T12:00:00Z,-4.375,55.575,0.0
2020-01-26T12:00:00Z,-4.375,55.625,0.0
2020-01-26T12:00:00Z,-4.375,55.675,0.0
2020-01-26T12:00:00Z,-4.425,55.325,0.0
2020-01-26T12:00:00Z,-4.425,55.375,0.0
2020-01-26T12:00:00Z,-4.425,55.425,0.0
2020-01-26T12:00:00Z,-4.425,55.475,0.0
2020-01-26T12:00:00Z,-4.425,55.525,0.0
2020-01-26T12:00:00Z,-4.425,55.575,0.0
2020-01-26T12:00:00Z,-4.425,55.625,0.0
2020-01-26T12:00:00Z,-4.425,55.675,0.0
2020-01-26T12:00:00Z,-4.475,55.325,0.0
2020-01-26T12:00:00Z,-4.475,55.375,0.0
2020-01-26T12:00:00Z,-4.475,55.425,0.0
2020-01-26T12:00:00Z,-4.475,55.475,0.0
2020-01-26T12:00:00Z,-4.475,55.525,0.0
2020-01-26T12:00:00Z,-4.475,55.575,0.0
2020-01-26T12:00:00Z,-4.475,55.625,0.0
2020-01-26T12:00:00Z,-4.475,55.675,0.0
2020-01-26T12:00:00Z,-4.525,55.325,0.0
2020-01-26T12:00:00Z,-4.525,55.375,0.0
2020-01-26T12:00:00Z,-4.525,55.425,0.0
2020-01-26T12:00:00Z,-4.525,55.475,0.0
2020-01-26T12:00:00Z,-4.525,55.525,0.0
2020-01-26T12:00:00Z,-4.525,55.575,0.0
2020-01-26T12:00:00Z,-4.525,55.625,0.0
2020-01-26T12:00:00Z,-4.525,55.675,0.0
2020-01-26T12:00:00Z,-4.575,55.325,0.0
2020-01-26T12:00:00Z,-4.575,55.375,0.0
2020-01-26T12:00:00Z,-4.575,55.425,0.0
2020-01-26T12:00:00Z,-4.575,55.475,0.0
2020-01-26T12:00:00Z,-4.575,55.525,0.0
2020-01-26T12:00:00Z,-4.575,55.575,0.0
2020-01-26T12:00:00Z,-4.575,55.625,0.0
2020-01-26T12:00:00Z,-4.575,55.675,0.0
2020-01-26T12:00:00Z,-4.625,55.325,0.0
2020-01-26T12:00:00Z,-4.625,55.375,0.0
2020-01-26T12:00:00Z,-4.625,55.425,0.0
2020-01-26T12:00:00Z,-4.625,55.475,0.0
2020-01-26T12:00:00Z,-4.625,55.525,0.0
2020-01-26T12:00:00Z,-4.625,55.575,0.0
2020-01-26T12:00:00Z,-4.625,55.625,0.0
2020-01-26T12:00:00Z,-4.625,55.675,0.0
2020-02-25T12:00:00Z,-4.375,55.325,0.0
2020-02-25T12:00:00Z,-4.375,55.375,0.0
2020-02-25T12:00:00Z,-4.375,55.425,0.0
2020-02-25T12:00:00Z,-4.375,55.475,0.0
2020-02-25T12:00:00Z,-4.375,55.525,0.0
2020-02-25T12:00:00Z,-4.375,55.575,0.0
2020-02-25T12:00:00Z,-4.375,55.625,0.0
2020-02-25T12:00:00Z,-4.375,55.675,0.0
2020-02-25T12:00:00Z,-4.425,55.325,0.0
2020-02-25T12:00:00Z,-4.425,55.375,0.0
2020-02-25T12:00:00Z,-4.425,55.425,0.0
2020-02-25T12:00:00Z,-4.425,55.475,0.0
2020-02-25T12:00:00Z,-4.425,55.525,0.0
2020-02-25T12:00:00Z,-4.425,55.575,0.0
2020-02-25T12:00:00Z,-4.425,55.625,0.0
2020-02-25T12:00:00Z,-4.425,55.675,0.0
2020-02-25T12:00:00Z,-4.475,55.325,0.0
2020-02-25T12:00:00Z,-4.475,55.375,0.0
2020-02-25T12:00:00Z,-4.475,55.425,0.0
2020-02-25T12:00:00Z,-4.475,55.475,0.0
2020-02-25T12:00:00Z,-4.475,55.525,0.0
2020-02-25T12:00:00Z,-4.475,55.575,0.0
2020-02-25T12:00:00Z,-4.475,55.625,0.0
2020-02-25T12:00:00Z,-4.475,55.675,0.0
2020-02-25T12:00:00Z,-4.525,55.325,0.0
2020-02-25T12:00:00Z,-4.525,55.375,0.0
2020-02-25T12:00:00Z,-4.525,55.425,0.0
2020-02-25T12:00:00Z,-4.525,55.475,0.0
2020-02-25T12:00:00Z,-4.525,55.525,0.0
2020-02-25T12:00:00Z,-4.525,55.575,0.0
2020-02-25T12:00:00Z,-4.525,55.625,0.0
2020-02-25T12:00:00Z,-4.525,55.675,0.0
2020-02-25T12:00:00Z,-4.575,55.325,0.0
2020-02-25T12:00:00Z,-4.575,55.375,0.0
2020-02-25T12:00:00Z,-4.575,55.425,0.0
2020-02-25T12:00:00Z,-4.575,55.475,0.0
2020-02-25T12:00:00Z,-4.575,55.525,0.0
2020-02-25T12:00:00Z,-4.575,55.575,0.0
2020-02-25T12:00:00Z,-4.575,55.625,0.0
2020-02-25T12:00:00Z,-4.575,55.675,0.0
2020-02-25T12:00:00Z,-4.625,55.325,0.0
2020-02-25T12:00:00Z,-4.625,55.375,0.0
2020-02-25T12:00:00Z,-4.625,55.425,0.0
2020-02-25T12:00:00Z,-4.625,55.475,0.0
2020-02-25T12:00:00Z,-4.625,55.525,0.0
2020-02-25T12:00:00Z,-4.625,55.575,0.0
2020-02-25T12:00:00Z,-4.625,55.625,0.0
2020-02-25T12:00:00Z,-4.625,55.675,0.0
2020-03-26T12:00:00Z,-4.375,55.325,0.0
2020-03-26T12:00:00Z,-4.375,55.375,0.0
2020-03-26T12:00:00Z,-4.375,55.425,0.0
2020-03-26T12:00:00Z,-4.375,55.475,0.0
2020-03-26T12:00:00Z,-4.375,55.525,0.0
2020-03-26T12:00:00Z,-4.375,55.575,0.0
2020-03-26T12:00:00Z,-4.375,55.625,0.0
2020-03-26T12:00:00Z,-4.375,55.675,0.0
2020-03-26T12:00:00Z,-4.425,55.325,0.0
2020-03-26T12:00:00Z,-4.425,55.375,0.0
2020-03-26T12:00:00Z,-4.425,55.425,0.0
2020-03-26T12:00:00Z,-4.425,55.475,0.0
2020-03-26T12:00:00Z,-4.425,55.525,0.0
2020-03-26T12:00:00Z,-4.425,55.575,0.0
2020-03-26T12:00:00Z,-4.425,55.625,0.0
2020-03-26T12:00:00Z,-4.425,55.675,0.0
2020-03-26T12:00:00Z,-4.475,55.325,0.0
2020-03-26T12:00:00Z,-4.475,55.375,0.0
2020-03-26T12:00:00Z,-4.475,55.425,0.0
2020-03-26T12:00:00Z,-4.475,55.475,0.0
2020-03-26T12:00:00Z,-4.475,55.525,0.0
2020-03-26T12:00:00Z,-4.475,55.575,0.0
2020-03-26T12:00:00Z,-4.475,55.625,0.0
2020-03-26T12:00:00Z,-4.475,55.675,0.0
2020-03-26T12:00:00Z,-4.525,55.325,0.0
2020-03-26T12:00:00Z,-4.525,55.375,0.0
2020-03-26T12:00:00Z,-4.525,55.425,0.0
2020-03-26T12:00:00Z,-4.525,55.475,0.0
2020-03-26T12:00:00Z,-4.525,55.525,0.0
2020-03-26T12:00:00Z,-4.525,55.575,0.0
2020-03-26T12:00:00Z,-4.525,55.625,0.0
2020-03-26T12:00:00Z,-4.525,55.675,0.0
2020-03-26T12:00:00Z,-4.575,55.325,0.0
2020-03-26T12:00:00Z,-4.575,55.375,0.0
2020-03-26T12:00:00Z,-4.575,55.425,0.0
2020-03-26T12:00:00Z,-4.575,55.475,0.0
2020-03-26T12:00:00Z,-4.575,55.525,0.0
2020-03-26T12:00:00Z,-4.575,55.575,0.0
2020-03-26T12:00:00Z,-4.575,55.625,0.0
2020-03-26T12:00:00Z,-4.575,55.675,0.0
2020-03-26T12:00:00Z,-4.625,55.325,0.0
2020-03-26T12:00:00Z,-4.625,55.375,0.0
2020-03-26T12:00:00Z,-4.625,55.425,0.0
2020-03-26T12:00:00Z,-4.625,55.475,0.0
2020-03-26T12:00:00Z,-4.625,55.525,0.0
2020-03-26T12:00:00Z,-4.625,55.575,0.0
2020-03-26T12:00:00Z,-4.625,55.625,0.0
2020-03-26T12:00:00Z,-4.625,55.675,0.0
2020-04-25T12:00:00Z,-4.375,55.325,1.93
2020-04-25T12:00:00Z,-4.375,55.375,2.23
2020-04-25T12:00:00Z,-4.375,55.425,2.24
2020-04-25T12:00:00Z,-4.375,55.475,2.24
2020-04-25T12:00:00Z,-4.375,55.525,2.23
2020-04-25T12:00:00Z,-4.375,55.575,2.09
2020-04-25T12:00:00Z,-4.375,55.625,2.38
2020-04-25T12:00:00Z,-4.375,55.675,2.37
2020-04-25T12:00:00Z,-4.425,55.325,2.09
2020-04-25T12:00:00Z,-4.425,55.375,2.23
2020-04-25T12:00:00Z,-4.425,55.425,2.23
2020-04-25T12:00:00Z,-4.425,55.475,2.07
2020-04-25T12:00:00Z,-4.425,55.525,2.21
2020-04-25T12:00:00Z,-4.425,55.575,2.05
2020-04-25T12:00:00Z,-4.425,55.625,2.21
2020-04-25T12:00:00Z,-4.425,55.675,2.22
2020-04-25T12:00:00Z,-4.475,55.325,2.2
2020-04-25T12:00:00Z,-4.475,55.375,2.5
2020-04-25T12:00:00Z,-4.475,55.425,2.2
2020-04-25T12:00:00Z,-4.475,55.475,2.19
2020-04-25T12:00:00Z,-4.475,55.525,2.04
2020-04-25T12:00:00Z,-4.475,55.575,2.3000000000000003
2020-04-25T12:00:00Z,-4.475,55.625,2.19
2020-04-25T12:00:00Z,-4.475,55.675,2.21
2020-04-25T12:00:00Z,-4.525,55.325,2.18
2020-04-25T12:00:00Z,-4.525,55.375,2.47
2020-04-25T12:00:00Z,-4.525,55.425,2.31
2020-04-25T12:00:00Z,-4.525,55.475,2.0
2020-04-25T12:00:00Z,-4.525,55.525,1.99
2020-04-25T12:00:00Z,-4.525,55.575,1.98
2020-04-25T12:00:00Z,-4.525,55.625,2.14
2020-04-25T12:00:00Z,-4.525,55.675,2.17
2020-04-25T12:00:00Z,-4.575,55.325,2.31
2020-04-25T12:00:00Z,-4.575,55.375,2.3000000000000003
2020-04-25T12:00:00Z,-4.575,55.425,1.98
2020-04-25T12:00:00Z,-4.575,55.475,1.97
2020-04-25T12:00:00Z,-4.575,55.525,1.96
2020-04-25T12:00:00Z,-4.575,55.575,1.95
2020-04-25T12:00:00Z,-4.575,55.625,2.09
2020-04-25T12:00:00Z,-4.575,55.675,2.14
2020-04-25T12:00:00Z,-4.625,55.325,2.15
2020-04-25T12:00:00Z,-4.625,55.375,2.13
2020-04-25T12:00:00Z,-4.625,55.425,1.96
2020-04-25T12:00:00Z,-4.625,55.475,1.94
2020-04-25T12:00:00Z,-4.625,55.525,1.92
2020-04-25T12:00:00Z,-4.625,55.575,2.06
2020-04-25T12:00:00Z,-4.625,55.625,1.93
2020-04-25T12:00:00Z,-4.625,55.675,2.09
2020-05-25T12:00:00Z,-4.375,55.325,5.39
2020-05-25T12:00:00Z,-4.375,55.375,5.69
2020-05-25T12:00:00Z,-4.375,55.425,5.39
2020-05-25T12:00:00Z,-4.375,55.475,5.22
2020-05-25T12:00:00Z,-4.375,55.525,4.88
2020-05-25T12:00:00Z,-4.375,55.575,4.72
2020-05-25T12:00:00Z,-4.375,55.625,4.7
2020-05-25T12:00:00Z,-4.375,55.675,4.66
2020-05-25T12:00:00Z,-4.425,55.325,5.5600000000000005
2020-05-25T12:00:00Z,-4.425,55.375,5.7
2020-05-25T12:00:00Z,-4.425,55.425,5.53
2020-05-25T12:00:00Z,-4.425,55.475,4.88
2020-05-25T12:00:00Z,-4.425,55.525,5.0
2020-05-25T12:00:00Z,-4.425,55.575,4.66
2020-05-25T12:00:00Z,-4.425,55.625,4.51
2020-05-25T12:00:00Z,-4.425,55.675,4.51
2020-05-25T12:00:00Z,-4.475,55.325,5.49
2020-05-25T12:00:00Z,-4.475,55.375,5.94
2020-05-25T12:00:00Z,-4.475,55.425,5.32
2020-05-25T12:00:00Z,-4.475,55.475,5.0
2020-05-25T12:00:00Z,-4.475,55.525,4.82
2020-05-25T12:00:00Z,-4.475,55.575,4.7700000000000005
2020-05-25T12:00:00Z,-4.475,55.625,4.64
2020-05-25T12:00:00Z,-4.475,55.675,4.36
2020-05-25T12:00:00Z,-4.525,55.325,5.29
2020-05-25T12:00:00Z,-4.525,55.375,5.72
2020-05-25T12:00:00Z,-4.525,55.425,5.38
2020-05-25T12:00:00Z,-4.525,55.475,4.76
2020-05-25T12:00:00Z,-4.525,55.525,4.74
2020-05-25T12:00:00Z,-4.525,55.575,4.26
2020-05-25T12:00:00Z,-4.525,55.625,4.42
2020-05-25T12:00:00Z,-4.525,55.675,4.3
2020-05-25T12:00:00Z,-4.575,55.325,5.24
2020-05-25T12:00:00Z,-4.575,55.375,5.07
2020-05-25T12:00:00Z,-4.575,55.425,4.73
2020-05-25T12:00:00Z,-4.575,55.475,4.4
2020-05-25T12:00:00Z,-4.575,55.525,4.24
2020-05-25T12:00:00Z,-4.575,55.575,4.24
2020-05-25T12:00:00Z,-4.575,55.625,4.2
2020-05-25T12:00:00Z,-4.575,55.675,4.25
2020-05-25T12:00:00Z,-4.625,55.325,4.74
2020-05-25T12:00:00Z,-4.625,55.375,4.58
2020-05-25T12:00:00Z,-4.625,55.425,4.38
2020-05-25T12:00:00Z,-4.625,55.475,4.3500000000000005
2020-05-25T12:00:00Z,-4.625,55.525,4.19
2020-05-25T12:00:00Z,-4.625,55.575,4.33
2020-05-25T12:00:00Z,-4.625,55.625,4.03
2020-05-25T12:00:00Z,-4.625,55.675,4.18
2020-06-24T12:00:00Z,-4.375,55.325,5.39
2020-06-24T12:00:00Z,-4.375,55.375,5.69
2020-06-24T12:00:00Z,-4.375,55.425,5.39
2020-06-24T12:00:00Z,-4.375,55.475,5.22
2020-06-24T12:00:00Z,-4.375,55.525,4.88
2020-06-24T12:00:00Z,-4.375,55.575,4.72
2020-06-24T12:00:00Z,-4.375,55.625,4.7
2020-06-24T12:00:00Z,-4.375,55.675,4.66
2020-06-24T12:00:00Z,-4.425,55.325,5.5600000000000005
2020-06-24T12:00:00Z,-4.425,55.375,5.7
2020-06-24T12:00:00Z,-4.425,55.425,5.53
2020-06-24T12:00:00Z,-4.425,55.475,4.88
2020-06-24T12:00:00Z,-4.425,55.525,5.0
2020-06-24T12:00:00Z,-4.425,55.575,4.66
2020-06-24T12:00:00Z,-4.425,55.625,4.51
2020-06-24T12:00:00Z,-4.425,55.675,4.51
2020-06-24T12:00:00Z,-4.475,55.325,5.49
2020-06-24T12:00:00Z,-4.475,55.375,5.94
2020-06-24T12:00:00Z,-4.475,55.425,5.32
2020-06-24T12:00:00Z,-4.475,55.475,5.0
2020-06-24T12:00:00Z,-4.475,55.525,4.82
2020-06-24T12:00:00Z,-4.475,55.575,4.7700000000000005
2020-06-24T12:00:00Z,-4.475,55.625,4.64
2020-06-24T12:00:00Z,-4.475,55.675,4.36
2020-06-24T12:00:00Z,-4.525,55.325,5.29
2020-06-24T12:00:00Z,-4.525,55.375,5.72
2020-06-24T12:00:00Z,-4.525,55.425,5.38
2020-06-24T12:00:00Z,-4.525,55.475,4.76
2020-06-24T12:00:00Z,-4.525,55.525,4.74
2020-06-24T12:00:00Z,-4.525,55.575,4.26
2020-06-24T12:00:00Z,-4.525,55.625,4.42
2020-06-24T12:00:00Z,-4.525,55.675,4.3
2020-06-24T12:00:00Z,-4.575,55.325,5.24
2020-06-24T12:00:00Z,-4.575,55.375,5.07
2020-06-24T12:00:00Z,-4.575,55.425,4.73
2020-06-24T12:00:00Z,-4.575,55.475,4.4
2020-06-24T12:00:00Z,-4.575,55.525,4.24
2020-06-24T12:00:00Z,-4.575,55.575,4.24
2020-06-24T12:00:00Z,-4.575,55.625,4.2
2020-06-24T12:00:00Z,-4.575,55.675,4.25
2020-06-24T12:00:00Z,-4.625,55.325,4.74
2020-06-24T12:00:00Z,-4.625,55.375,4.58
2020-06-24T12:00:00Z,-4.625,55.425,4.38
2020-06-24T12:00:00Z,-4.625,55.475,4.3500000000000005
2020-06-24T12:00:00Z,-4.625,55.525,4.19
2020-06-24T12:00:00Z,-4.625,55.575,4.33
2020-06-24T12:00:00Z,-4.625,55.625,4.03
2020-06-24T12:00:00Z,-4.625,55.675,4.18
2020-07-24T12:00:00Z,-4.375,55.325,2.66
2020-07-24T12:00:00Z,-4.375,55.375,2.66
2020-07-24T12:00:00Z,-4.375,55.425,2.35
2020-07-24T12:00:00Z,-4.375,55.475,2.33
2020-07-24T12:00:00Z,-4.375,55.525,2.0100000000000002
2020-07-24T12:00:00Z,-4.375,55.575,1.99
2020-07-24T12:00:00Z,-4.375,55.625,1.69
2020-07-24T12:00:00Z,-4.375,55.675,1.6600000000000001
2020-07-24T12:00:00Z,-4.425,55.325,2.67
2020-07-24T12:00:00Z,-4.425,55.375,2.66
2020-07-24T12:00:00Z,-4.425,55.425,2.5
2020-07-24T12:00:00Z,-4.425,55.475,2.17
2020-07-24T12:00:00Z,-4.425,55.525,2.15
2020-07-24T12:00:00Z,-4.425,55.575,1.97
2020-07-24T12:00:00Z,-4.425,55.625,1.67
2020-07-24T12:00:00Z,-4.425,55.675,1.6600000000000001
2020-07-24T12:00:00Z,-4.475,55.325,2.49
2020-07-24T12:00:00Z,-4.475,55.375,2.63
2020-07-24T12:00:00Z,-4.475,55.425,2.32
2020-07-24T12:00:00Z,-4.475,55.475,2.16
2020-07-24T12:00:00Z,-4.475,55.525,2.14
2020-07-24T12:00:00Z,-4.475,55.575,1.83
2020-07-24T12:00:00Z,-4.475,55.625,1.82
2020-07-24T12:00:00Z,-4.475,55.675,1.67
2020-07-24T12:00:00Z,-4.525,55.325,2.31
2020-07-24T12:00:00Z,-4.525,55.375,2.46
2020-07-24T12:00:00Z,-4.525,55.425,2.43
2020-07-24T12:00:00Z,-4.525,55.475,2.12
2020-07-24T12:00:00Z,-4.525,55.525,2.11
2020-07-24T12:00:00Z,-4.525,55.575,1.8
2020-07-24T12:00:00Z,-4.525,55.625,1.8
2020-07-24T12:00:00Z,-4.525,55.675,1.6500000000000001
2020-07-24T12:00:00Z,-4.575,55.325,2.14
2020-07-24T12:00:00Z,-4.575,55.375,2.14
2020-07-24T12:00:00Z,-4.575,55.425,2.11
2020-07-24T12:00:00Z,-4.575,55.475,1.81
2020-07-24T12:00:00Z,-4.575,55.525,1.8
2020-07-24T12:00:00Z,-4.575,55.575,1.8
2020-07-24T12:00:00Z,-4.575,55.625,1.6300000000000001
2020-07-24T12:00:00Z,-4.575,55.675,1.6400000000000001
2020-07-24T12:00:00Z,-4.625,55.325,1.96
2020-07-24T12:00:00Z,-4.625,55.375,1.96
2020-07-24T12:00:00Z,-4.625,55.425,1.94
2020-07-24T12:00:00Z,-4.625,55.475,1.92
2020-07-24T12:00:00Z,-4.625,55.525,1.78
2020-07-24T12:00:00Z,-4.625,55.575,1.78
2020-07-24T12:00:00Z,-4.625,55.625,1.62
2020-07-24T12:00:00Z,-4.625,55.675,1.61
2020-08-23T12:00:00Z,-4.375,55.325,0.0
2020-08-23T12:00:00Z,-4.375,55.375,0.0
2020-08-23T12:00:00Z,-4.375,55.425,0.0
2020-08-23T12:00:00Z,-4.375,55.475,0.0
2020-08-23T12:00:00Z,-4.375,55.525,0.0
2020-08-23T12:00:00Z,-4.375,55.575,0.0
2020-08-23T12:00:00Z,-4.375,55.625,0.0
2020-08-23T12:00:00Z,-4.375,55.675,0.0
2020-08-23T12:00:00Z,-4.425,55.325,0.0
2020-08-23T12:00:00Z,-4.425,55.375,0.0
2020-08-23T12:00:00Z,-4.425,55.425,0.0
2020-08-23T12:00:00Z,-4.425,55.475,0.0
2020-08-23T12:00:00Z,-4.425,55.525,0.0
2020-08-23T12:00:00Z,-4.425,55.575,0.0
2020-08-23T12:00:00Z,-4.425,55.625,0.0
2020-08-23T12:00:00Z,-4.425,55.675,0.0
2020-08-23T12:00:00Z,-4.475,55.325,0.0
2020-08-23T12:00:00Z,-4.475,55.375,0.0
2020-08-23T12:00:00Z,-4.475,55.425,0.0
2020-08-23T12:00:00Z,-4.475,55.475,0.0
2020-08-23T12:00:00Z,-4.475,55.525,0.0
2020-08-23T12:00:00Z,-4.475,55.575,0.0
2020-08-23T12:00:00Z,-4.475,55.625,0.0
2020-08-23T12:00:00Z,-4.475,55.675,0.0
2020-08-23T12:00:00Z,-4.525,55.325,0.0
2020-08-23T12:00:00Z,-4.525,55.375,0.0
2020-08-23T12:00:00Z,-4.525,55.425,0.0
2020-08-23T12:00:00Z,-4.525,55.475,0.0
2020-08-23T12:00:00Z,-4.525,55.525,0.0
2020-08-23T12:00:00Z,-4.525,55.575,0.0
2020-08-23T12:00:00Z,-4.525,55.625,0.0
2020-08-23T12:00:00Z,-4.525,55.675,0.0
2020-08-23T12:00:00Z,-4.575,55.325,0.0
2020-08-23T12:00:00Z,-4.575,55.375,0.0
2020-08-23T12:00:00Z,-4.575,55.425,0.0
2020-08-23T12:00:00Z,-4.575,55.475,0.0
2020-08-23T12:00:00Z,-4.575,55.525,0.0
2020-08-23T12:00:00Z,-4.575,55.575,0.0
2020-08-23T12:00:00Z,-4.575,55.625,0.0
2020-08-23T12:00:00Z,-4.575,55.675,0.0
2020-08-23T12:00:00Z,-4.625,55.325,0.0
2020-08-23T12:00:00Z,-4.625,55.375,0.0
2020-08-23T12:00:00Z,-4.625,55.425,0.0
2020-08-23T12:00:00Z,-4.625,55.475,0.0
2020-08-23T12:00:00Z,-4.625,55.525,0.0
2020-08-23T12:00:00Z,-4.625,55.575,0.0
2020-08-23T12:00:00Z,-4.625,55.625,0.0
2020-08-23T12:00:00Z,-4.625,55.675,0.0
2020-09-22T12:00:00Z,-4.375,55.325,0.0
2020-09-22T12:00:00Z,-4.375,55.375,0.0
2020-09-22T12:00:00Z,-4.375,55.425,0.0
2020-09-22T12:00:00Z,-4.375,55.475,0.0
2020-09-22T12:00:00Z,-4.375,55.525,0.0
2020-09-22T12:00:00Z,-4.375,55.575,0.0
2020-09-22T12:00:00Z,-4.375,55.625,0.0
2020-09-22T12:00:00Z,-4.375,55.675,0.0
2020-09-22T12:00:00Z,-4.425,55.325,0.0
2020-09-22T12:00:00Z,-4.425,55.375,0.0
2020-09-22T12:00:00Z,-4.425,55.425,0.0
2020-09-22T12:00:00Z,-4.425,55.475,0.0
2020-09-22T12:00:00Z,-4.425,55.525,0.0
2020-09-22T12:00:00Z,-4.425,55.575,0.0
2020-09-22T12:00:00Z,-4.425,55.625,0.0
2020-09-22T12:00:00Z,-4.425,55.675,0.0
2020-09-22T12:00:00Z,-4.475,55.325,0.0
2020-09-22T12:00:00Z,-4.475,55.375,0.0
2020-09-22T12:00:00Z,-4.475,55.425,0.0
2020-09-22T12:00:00Z,-4.475,55.475,0.0
2020-09-22T12:00:00Z,-4.475,55.525,0.0
2020-09-22T12:00:00Z,-4.475,55.575,0.0
2020-09-22T12:00:00Z,-4.475,55.625,0.0
2020-09-22T12:00:00Z,-4.475,55.675,0.0
2020-09-22T12:00:00Z,-4.525,55.325,0.0
2020-09-22T12:00:00Z,-4.525,55.375,0.0
2020-09-22T12:00:00Z,-4.525,55.425,0.0
2020-09-22T12:00:00Z,-4.525,55.475,0.0
2020-09-22T12:00:00Z,-4.525,55.525,0.0
2020-09-22T12:00:00Z,-4.525,55.575,0.0
2020-09-22T12:00:00Z,-4.525,55.625,0.0
2020-09-22T12:00:00Z,-4.525,55.675,0.0
2020-09-22T12:00:00Z,-4.575,55.325,0.0
2020-09-22T12:00:00Z,-4.575,55.375,0.0
2020-09-22T12:00:00Z,-4.575,55.425,0.0
2020-09-22T12:00:00Z,-4.575,55.475,0.0
2020-09-22T12:00:00Z,-4.575,55.525,0.0
2020-09-22T12:00:00Z,-4.575,55.575,0.0
2020-09-22T12:00:00Z,-4.575,55.625,0.0
2020-09-22T12:00:00Z,-4.575,55.675,0.0
2020-09-22T12:00:00Z,-4.625,55.325,0.0
2020-09-22T12:00:00Z,-4.625,55.375,0.0
2020-09-22T12:00:00Z,-4.625,55.425,0.0
2020-09-22T12:00:00Z,-4.625,55.475,0.0
2020-09-22T12:00:00Z,-4.625,55.525,0.0
2020-09-22T12:00:00Z,-4.625,55.575,0.0
2020-09-22T12:00:00Z,-4.625,55.625,0.0
2020-09-22T12:00:00Z,-4.625,55.675,0.0
2020-10-22T12:00:00Z,-4.375,55.325,0.0
2020-10-22T12:00:00Z,-4.375,55.375,0.0
2020-10-22T12:00:00Z,-4.375,55.425,0.0
2020-10-22T12:00:00Z,-4.375,55.475,0.0
2020-10-22T12:00:00Z,-4.375,55.525,0.0
2020-10-22T12:00:00Z,-4.375,55.575,0.0
2020-10-22T12:00:00Z,-4.375,55.625,0.0
2020-10-22T12:00:00Z,-4.375,55.675,0.0
2020-10-22T12:00:00Z,-4.425,55.325,0.0
2020-10-22T12:00:00Z,-4.425,55.375,0.0
2020-10-22T12:00:00Z,-4.425,55.425,0.0
2020-10-22T12:00:00Z,-4.425,55.475,0.0
2020-10-22T12:00:00Z,-4.425,55.525,0.0
2020-10-22T12:00:00Z,-4.425,55.575,0.0
2020-10-22T12:00:00Z,-4.425,55.625,0.0
2020-10-22T12:00:00Z,-4.425,55.675,0.0
2020-10-22T12:00:00Z,-4.475,55.325,0.0
2020-10-22T12:00:00Z,-4.475,55.375,0.0
2020-10-22T12:00:00Z,-4.475,55.425,0.0
2020-10-22T12:00:00Z,-4.475,55.475,0.0
2020-10-22T12:00:00Z,-4.475,55.525,0.0
2020-10-22T12:00:00Z,-4.475,55.575,0.0
2020-10-22T12:00:00Z,-4.475,55.625,0.0
2020-10-22T12:00:00Z,-4.475,55.675,0.0
2020-10-22T12:00:00Z,-4.525,55.325,0.0
2020-10-22T12:00:00Z,-4.525,55.375,0.0
2020-10-22T12:00:00Z,-4.525,55.425,0.0
2020-10-22T12:00:00Z,-4.525,55.475,0.0
2020-10-22T12:00:00Z,-4.525,55.525,0.0
2020-10-22T12:00:00Z,-4.525,55.575,0.0
2020-10-22T12:00:00Z,-4.525,55.625,0.0
2020-10-22T12:00:00Z,-4.525,55.675,0.0
2020-10-22T12:00:00Z,-4.575,55.325,0.0
2020-10-22T12:00:00Z,-4.575,55.375,0.0
2020-10-22T12:00:00Z,-4.575,55.425,0.0
2020-10-22T12:00:00Z,-4.575,55.475,0.0
2020-10-22T12:00:00Z,-4.575,55.525,0.0
2020-10-22T12:00:00Z,-4.575,55.575,0.0
2020-10-22T12:00:00Z,-4.575,55.625,0.0
2020-10-22T12:00:00Z,-4.575,55.675,0.0
2020-10-22T12:00:00Z,-4.625,55.325,0.0
2020-10-22T12:00:00Z,-4.625,55.375,0.0
2020-10-22T12:00:00Z,-4.625,55.425,0.0
2020-10-22T12:00:00Z,-4.625,55.475,0.0
2020-10-22T12:00:00Z,-4.625,55.525,0.0
2020-10-22T12:00:00Z,-4.625,55.575,0.0
2020-10-22T12:00:00Z,-4.625,55.625,0.0
2020-10-22T12:00:00Z,-4.625,55.675,0.0
2020-11-21T12:00:00Z,-4.375,55.325,0.0
2020-11-21T12:00:00Z,-4.375,55.375,0.0
2020-11-21T12:00:00Z,-4.375,55.425,0.0
2020-11-21T12:00:00Z,-4.375,55.475,0.0
2020-11-21T12:00:00Z,-4.375,55.525,0.0
2020-11-21T12:00:00Z,-4.375,55.575,0.0
2020-11-21T12:00:00Z,-4.375,55.625,0.0
2020-11-21T12:00:00Z,-4.375,55.675,0.0
2020-11-21T12:00:00Z,-4.425,55.325,0.0
2020-11-21T12:00:00Z,-4.425,55.375,0.0
2020-11-21T12:00:00Z,-4.425,55.425,0.0
2020-11-21T12:00:00Z,-4.425,55.475,0.0
2020-11-21T12:00:00Z,-4.425,55.525,0.0
2020-11-21T12:00:00Z,-4.425,55.575,0.0
2020-11-21T12:00:00Z,-4.425,55.625,0.0
2020-11-21T12:00:00Z,-4.425,55.675,0.0
2020-11-21T12:00:00Z,-4.475,55.325,0.0
2020-11-21T12:00:00Z,-4.475,55.375,0.0
2020-11-21T12:00:00Z,-4.475,55.425,0.0
2020-11-21T12:00:00Z,-4.475,55.475,0.0
2020-11-21T12:00:00Z,-4.475,55.525,0.0
2020-11-21T12:00:00Z,-4.475,55.575,0.0
2020-11-21T12:00:00Z,-4.475,55.625,0.0
2020-11-21T12:00:00Z,-4.475,55.675,0.0
2020-11-21T12:00:00Z,-4.525,55.325,0.0
2020-11-21T12:00:00Z,-4.525,55.375,0.0
2020-11-21T12:00:00Z,-4.525,55.425,0.0
2020-11-21T12:00:00Z,-4.525,55.475,0.0
2020-11-21T12:00:00Z,-4.525,55.525,0.0
2020-11-21T12:00:00Z,-4.525,55.575,0.0
2020-11-21T12:00:00Z,-4.525,55.625,0.0
2020-11-21T12:00:00Z,-4.525,55.675,0.0
2020-11-21T12:00:00Z,-4.575,55.325,0.0
2020-11-21T12:00:00Z,-4.575,55.375,0.0
2020-11-21T12:00:00Z,-4.575,55.425,0.0
2020-11-21T12:00:00Z,-4.575,55.475,0.0
2020-11-21T12:00:00Z,-4.575,55.525,0.0
2020-11-21T12:00:00Z,-4.575,55.575,0.0
2020-11-21T12:00:00Z,-4.575,55.625,0.0
2020-11-21T12:00:00Z,-4.575,55.675,0.0
2020-11-21T12:00:00Z,-4.625,55.325,0.0
2020-11-21T12:00:00Z,-4.625,55.375,0.0
2020-11-21T12:00:00Z,-4.625,55.425,0.0
2020-11-21T12:00:00Z,-4.625,55.475,0.0
2020-11-21T12:00:00Z,-4.625,55.525,0.0
2020-11-21T12:00:00Z,-4.625,55.575,0.0
2020-11-21T12:00:00Z,-4.625,55.625,0.0
2020-11-21T12:00:00Z,-4.625,55.675,0.0
2020-12-21T12:00:00Z,-4.375,55.325,0.0
2020-12-21T12:00:00Z,-4.375,55.375,0.0
2020-12-21T12:00:00Z,-4.375,55.425,0.0
2020-12-21T12:00:00Z,-4.375,55.475,0.0
2020-12-21T12:00:00Z,-4.375,55.525,0.0
2020-12-21T12:00:00Z,-4.375,55.575,0.0
2020-12-21T12:00:00Z,-4.375,55.625,0.0
2020-12-21T12:00:00Z,-4.375,55.675,0.0
2020-12-21T12:00:00Z,-4.425,55.325,0.0
2020-12-21T12:00:00Z,-4.425,55.375,0.0
2020-12-21T12:00:00Z,-4.425,55.425,0.0
2020-12-21T12:00:00Z,-4.425,55.475,0.0
2020-12-21T12:00:00Z,-4.425,55.525,0.0
2020-12-21T12:00:00Z,-4.425,55.575,0.0
2020-12-21T12:00:00Z,-4.425,55.625,0.0
2020-12-21T12:00:00Z,-4.425,55.675,0.0
2020-12-21T12:00:00Z,-4.475,55.325,0.0
2020-12-21T12:00:00Z,-4.475,55.375,0.0
2020-12-21T12:00:00Z,-4.475,55.425,0.0
2020-12-21T12:00:00Z,-4.475,55.475,0.0
2020-12-21T12:00:00Z,-4.475,55.525,0.0
2020-12-21T12:00:00Z,-4.475,55.575,0.0
2020-12-21T12:00:00Z,-4.475,55.625,0.0
2020-12-21T12:00:00Z,-4.475,55.675,0.0
2020-12-21T12:00:00Z,-4.525,55.325,0.0
2020-12-21T12:00:00Z,-4.525,55.375,0.0
2020-12-21T12:00:00Z,-4.525,55.425,0.0
2020-12-21T12:00:00Z,-4.525,55.475,0.0
2020-12-21T12:00:00Z,-4.525,55.525,0.0
2020-12-21T12:00:00Z,-4.525,55.575,0.0
2020-12-21T12:00:00Z,-4.525,55.625,0.0
2020-12-21T12:00:00Z,-4.525,55.675,0.0
2020-12-21T12:00:00Z,-4.575,55.325,0.0
2020-12-21T12:00:00Z,-4.575,55.375,0.0
2020-12-21T12:00:00Z,-4.575,55.425,0.0
2020-12-21T12:00:00Z,-4.575,55.475,0.0
2020-12-21T12:00:00Z,-4.575,55.525,0.0
2020-12-21T12:00:00Z,-4.575,55.575,0.0
2020-12-21T12:00:00Z,-4.575,55.625,0.0
2020-12-21T12:00:00Z,-4.575,55.675,0.0
2020-12-21T12:00:00Z,-4.625,55.325,0.0
2020-12-21T12:00:00Z,-4.625,55.375,0.0
2020-12-21T12:00:00Z,-4.625,55.425,0.0
2020-12-21T12:00:00Z,-4.625,55.475,0.0
2020-12-21T12:00:00Z,-4.625,55.525,0.0
2020-12-21T12:00:00Z,-4.625,55.575,0.0
2020-12-21T12:00:00Z,-4.625,55.625,0.0
2020-12-21T12:00:00Z,-4.625,55.675,0.0
