name,place,lon,lat,elevation_m,at_risk
San Miguel de Abona,municipality,-16.6201167,28.0698913,260.0,False
Santiago del Teide,municipality,-16.7640345,28.2705007,1432.0,False
La Palma,island,-17.8657358,28.6551254,789.0,False
El Julan,locality,-18.0747607,27.7054592,425.0,False
La Dehesa,locality,-18.1230063,27.7325533,675.0,False
Plaza Camino del Hierro,square,-16.2759591,28.4605244,158.0,False
Tenerife,island,-16.5226549,28.3017351,2300.0,False
El Hierro,island,-18.021995,27.7437941,526.0,False
La Gomera,island,-17.2236555,28.1192301,1024.0,False
La Concha,suburb,-13.5811153,28.9551407,11.0,False
Agache,region,-16.4471166,28.2708747,901.0,False
El Cable,suburb,-13.5719942,28.9574495,23.0,False
Las Salinas,suburb,-13.5606538,28.9598577,15.0,False
San Francisco Javier,suburb,-13.5645333,28.9631733,25.0,False
Llano de la Roja,locality,-16.5508973,28.036752,9.0,False
Valterra,suburb,-13.5444163,28.9654999,15.0,False
Argana Baja,suburb,-13.5687139,28.9729297,44.0,False
Argana Alta,suburb,-13.5685842,28.977209,52.0,False
Maneje,suburb,-13.5537616,28.9781422,50.0,False
Parque Maneje,suburb,-13.5528805,28.9749936,41.0,False
Altavista,suburb,-13.5486655,28.9740662,39.0,False
Los Alonso,suburb,-13.5451258,28.9697487,25.0,False
Titerroy,suburb,-13.5564621,28.9703437,32.0,False
Tenorio,suburb,-13.5395111,28.975508,35.0,False
Punta Grande,suburb,-13.5206869,28.9778972,8.0,False
Plaza Buganvilla,square,-16.8404581,28.2439906,31.0,False
Plaza de la Urbanización Las Torres,square,-15.4547206,28.1119179,167.0,False
Unnamed settlement,square,-15.4540943,28.1123125,170.0,False
Unnamed settlement,square,-15.4549869,28.1113597,168.0,False
La Vega,suburb,-13.5569275,28.9654617,26.0,False
Plaza del Cristo,square,-16.3130492,28.4927979,556.0,False
Plaza del Pilar,square,-15.4446235,28.1292909,19.0,False
Plaza de la Junta Suprema de Canarias,square,-16.3190391,28.4909696,561.0,False
Plaza de España,square,-16.2471887,28.4670657,8.0,False
Plaza de Santa Ana,square,-16.3712823,28.3520585,33.0,False
Plaza de Canarias,square,-15.4284846,28.1398363,7.0,False
Plaza del Príncipe de Asturias,square,-16.2503419,28.4683274,33.0,False
Plaza José Arozena Paredes,square,-16.2517607,28.4704116,49.0,False
Plaza San Agustín,square,-16.5859256,28.3882669,260.0,False
Plaza El Yoret,square,-15.4506501,28.1297825,10.0,False
Plaza de la Musica,square,-15.4500062,28.129776,9.0,False
Plaza el Salvador,square,-16.4463585,28.4530372,518.0,False
Unnamed settlement,square,-16.5386189,28.0481335,24.0,False
Plaza de Santiago,square,-15.6554446,28.1450015,128.0,False
Plaza de la Candelaria,square,-15.5841867,28.1110093,485.0,False
Plaza de San Francisco,square,-16.2490155,28.4680993,25.0,False
Parque Colorines,square,-14.0369029,28.35104,246.0,False
Plaza de la Constitución,square,-16.5232845,28.390615,357.0,False
Plaza del Centenario del Cabildo de Fuerteventura,square,-13.8650578,28.4912781,9.0,False
Plaza Patricio Calero,square,-13.8683186,28.7390014,14.0,False
Unnamed settlement,square,-13.8673537,28.7424469,7.0,False
Plaza la Paz,square,-13.8624097,28.4994078,36.0,False
Plaza Nuestra Señora del Rosario,square,-13.8608695,28.4990653,25.0,False
Plaza Weyler,square,-16.2556854,28.4677122,51.0,False
Plaza Fernando Pessoa,square,-16.2525196,28.472053,48.0,False
Plaza José Javier Pérez Pérez,square,-16.2592232,28.461854,55.0,False
Unnamed settlement,square,-16.2634382,28.4595523,82.0,False
Unnamed settlement,square,-16.2717526,28.4612418,133.0,False
Unnamed settlement,square,-16.2711531,28.4617003,126.0,False
"Plaza ""El Chapatal""",square,-16.2633753,28.4639406,95.0,False
"Plaza ""Duggi""",square,-16.2596753,28.4659498,64.0,False
Plaza Cruz del Sobradillo,square,-16.3155415,28.4444378,426.0,False
Plaza Víctor Zurita Soler,square,-16.3149162,28.4830019,543.0,False
Costa Calma,suburb,-14.2300785,28.1607676,37.0,False
Plaza Roja,square,-16.5354576,28.044158,5.0,False
Unnamed settlement,square,-16.5890285,28.0298134,19.0,False
Plaza de la Cultura,square,-16.5578784,28.0795737,224.0,False
Plaza San Pedro,square,-16.5771419,28.127048,669.0,False
Plaza de San Pedro,square,-16.6371498,28.1599472,1428.0,False
Plaza de Santiago de El Teide,square,-16.8158125,28.2974515,930.0,False
Santa Cruz de Tenerife,city,-16.2507843,28.467178,33.0,False
Santa Cruz de La Palma,town,-17.7663354,28.6818901,27.0,False
Los Llanos de Aridane,town,-17.9151945,28.6592222,346.0,False
Las Indias,neighbourhood,-17.8614134,28.5029857,430.0,False
La Laguna Grande,locality,-17.2571928,28.1266182,1248.0,False
Cofete,village,-14.3888189,28.1023118,69.0,False
Betancuria,village,-14.0573104,28.4249637,403.0,False
La Orotava,town,-16.5235692,28.3898829,362.0,False
Puerto de la Cruz,town,-16.5532956,28.4159024,12.0,False
Puerto del Rosario,town,-13.8599051,28.4993424,22.0,False
Las Aguas,hamlet,-16.6413132,28.3964585,25.0,False
La Guancha,village,-16.6515762,28.3738326,490.0,False
Las Palmas de Gran Canaria,city,-15.4349015,28.1288694,40.0,False
El Médano,suburb,-16.5381701,28.0462102,17.0,False
Los Cristianos,town,-16.717,28.0526298,18.0,False
San Isidro,suburb,-16.5564131,28.073393,193.0,False
Vilaflor de Chasna,village,-16.6365089,28.1590955,1415.0,False
La Mesita,locality,-16.6688723,28.2594869,3089.0,False
La Pared,hamlet,-14.2144218,28.2121335,47.0,False
Corralejo,suburb,-13.8693225,28.7400646,12.0,False
Esquinzo,neighbourhood,-14.3002366,28.0782253,54.0,False
Risco del Paso,hamlet,-14.2634782,28.113384,14.0,False
Lajares,village,-13.9340479,28.6802009,71.0,False
La Oliva,village,-13.9281312,28.6110279,227.0,False
Pájara,village,-14.1080857,28.3497867,213.0,False
Tuineje,village,-14.0460201,28.3256078,194.0,False
Antigua,town,-14.0130914,28.4204111,249.0,False
Plaza del Paseo de Las Canteras,square,-15.433936,28.1421221,17.0,False
Plazoleta del Abogado Fernando Sagaseta de Ilurdoz Cabrera,square,-15.4365399,28.1392613,17.0,False
Plaza de la Artista Pinito del Oro (María Cristina del Pino Segura Gómez),square,-15.4367522,28.1385288,21.0,False
Unnamed settlement,square,-15.4263125,28.1484086,12.0,False
Plaza de la Constitución,square,-15.5247783,28.1190596,261.0,False
Plaza Patrona de Canarias,square,-16.3699042,28.3517563,8.0,False
Plaza San Ramón,square,-16.2910472,28.5617453,576.0,False
Mercado Municipal,square,-16.5531455,28.4096788,56.0,False
Plaza Triana,square,-16.8529616,28.3710389,110.0,False
Caldera de Pedro Gil,locality,-16.467857,28.3429747,1576.0,False
Plaza de Pedro Domínguez,square,-16.6297704,28.3861797,430.0,False
Unnamed settlement,square,-17.9561747,27.7715654,1051.0,False
Plaza de Teresa Bolívar,square,-15.5469365,28.0596429,598.0,False
Plaza Nuestra Señora de la Nieves,square,-16.2170142,28.5609125,161.0,False
La Lajita,village,-14.151955,28.1834046,11.0,False
Pozo Negro,hamlet,-13.8963013,28.3238965,6.0,False
Salinas del Carmen,hamlet,-13.8729959,28.3646246,13.0,False
Caleta de Fuste,village,-13.8602305,28.3983006,12.0,False
Cardón,hamlet,-14.140418,28.261632,195.0,False
Las Hermosas,hamlet,-14.1936115,28.2273992,120.0,False
Plaza Hilario Trujillo,square,-16.4228829,28.194641,11.0,False
Plaza Gabriel Cruz,square,-16.33476,28.4423423,595.0,False
Plaza Europa,square,-16.2482361,28.4638274,8.0,False
Plaza 3 de Abril,square,-16.5534025,28.4158904,12.0,False
Plaza de Santo Domingo,square,-17.7663682,28.6825903,35.0,False
Plaza del Doctor Olivera,square,-16.3204098,28.4901969,563.0,False
Plaza Miguel Velázquez,square,-16.2549689,28.4589497,28.0,False
Plaza General Gutiérrez Mellado,square,-16.2498151,28.4611483,11.0,False
Plaza 7 Islas,square,-16.3162875,28.4415587,405.0,False
Plaza del Patriotismo,square,-16.2505343,28.4689713,42.0,False
Unnamed settlement,square,-16.2488274,28.474167,39.0,False
Plaza Fray Albino,square,-16.316435,28.4889634,560.0,False
Degollada de Aguasabina,locality,-15.8177442,27.9288773,551.0,False
Huevos del Teide,locality,-16.6116736,28.2740368,2599.0,False
plaza de la paz,square,-17.9557298,28.7116892,655.0,False
Plaza de Taborno,square,-16.2644918,28.5572252,614.0,False
Huelgues,locality,-16.3956741,28.425311,1311.0,False
Plaza del Radioaficionado Manuel Dávila Santana,square,-16.3730638,28.2957506,8.0,False
"Palm-Mar, Arona",village,-16.6979932,28.0245654,35.0,False
Plaza Benítez de Lugo,square,-16.4802877,28.1783212,362.0,False
Plaza de Arico el Nuevo,square,-16.4802981,28.1781214,360.0,False
Plaza Antonia Redondo Camareño,square,-16.4332097,28.1643876,11.0,False
Llanitos,square,-16.4947623,28.180761,535.0,False
Plaza Nuestra Señora de Fátima,square,-16.4338524,28.1645217,15.0,False
Plaza Carlos Delgado Díaz,square,-16.4780702,28.1822058,371.0,False
Unnamed settlement,square,-16.4970177,28.1808998,555.0,False
Plaza del Calvario,square,-16.8195669,28.3665318,101.0,False
Plaza Poeta Luís Feria,square,-16.2561361,28.4616845,37.0,False
Unnamed settlement,square,-16.2543042,28.5245822,585.0,False
Plaza de Cheo,square,-16.3684833,28.35824,11.0,False
Plaza Domingo Cubas Padilla,square,-16.2972834,28.4398224,283.0,False
Plaza de los Batanes,square,-16.2959007,28.5481385,464.0,False
Plaza del Ayuntamiento,square,-16.3672999,28.4512424,914.0,False
Las Leñas Blancas,locality,-16.7616821,28.1679058,484.0,False
Chacoroche,locality,-16.7567276,28.169467,563.0,False
Los Cabrines,locality,-16.7541983,28.1715828,621.0,False
El Tagorito,locality,-16.7505552,28.1701667,687.0,False
Escaño,locality,-16.7622759,28.1655609,442.0,False
Hoya la Pasada,locality,-16.7439144,28.1730521,819.0,False
La Suertita,locality,-16.7483195,28.1732691,751.0,False
Unnamed settlement,square,-16.359388,28.5320933,213.0,False
Plaza de los Guanartemes,square,-15.6565161,28.1450498,126.0,False
Plaza Rafaela Manrique de Lara,square,-15.4149572,27.9962968,150.0,False
Tara,suburb,-15.4251026,28.0014544,152.0,False
Plaza Nuestra Señora de la Candelaria,square,-15.4248509,28.0028142,165.0,False
Plaza Nuestra Señora de la Merced,square,-16.3052409,28.4358001,274.0,False
Unnamed settlement,square,-16.3097524,28.437097,326.0,False
Unnamed settlement,square,-16.3013409,28.4405304,272.0,False
Unnamed settlement,square,-16.3073941,28.4388432,316.0,False
Unnamed settlement,square,-16.3053399,28.4497878,363.0,False
Unnamed settlement,square,-16.3042746,28.4453749,336.0,False
Los Azulejos,locality,-15.7336278,27.9233509,837.0,False
Unnamed settlement,square,-16.3230351,28.4400821,446.0,False
Plaza Arquitecto Enrique Rumeu de Armas,square,-16.2601996,28.4707832,74.0,False
Plaza de Los Condes de Santa María de Abona,square,-16.5011188,28.1659346,553.0,False
Plaza Flor de Pascua,square,-16.4486202,28.4675755,238.0,False
Lomo Pino de la Linde,locality,-16.5221405,28.1946522,951.0,False
Lomo de Tamadaya,locality,-16.499494,28.1911224,590.0,False
Cañada del Montón de Trigo,locality,-16.5993294,28.2257271,2166.0,False
Mirador de Tamadaba,square,-15.6766718,28.0891288,204.0,False
Plaza Francisco Armas,square,-15.6988411,28.0991995,57.0,False
Unnamed settlement,square,-16.309314,28.4643002,486.0,False
Plaza Valeriano Fernandez Ferraz,square,-15.4257757,28.1126834,24.0,False
Unnamed settlement,square,-16.2877661,28.4506146,272.0,False
Placita de Bencheque,square,-16.2882559,28.4506182,278.0,False
Plaza Dimas Coello,square,-16.3729469,28.3791405,192.0,False
Lomo del Trébol,locality,-18.1012468,27.7437925,515.0,False
Andén del Monte,locality,-16.7400516,28.1704238,783.0,False
Palo la Viña,locality,-16.7361964,28.1739673,854.0,False
Chindia,locality,-16.7042932,28.1939681,1585.0,False
Llano el Negro,locality,-16.7074941,28.2099817,1846.0,False
Lomo de la Fuente,locality,-16.7314123,28.2334334,1527.0,False
Lomo de las Vistas,locality,-16.7288311,28.2264699,1604.0,False
Plaza del Rosario,square,-16.2754134,28.4529518,154.0,False
Unnamed settlement,square,-16.4386981,28.4441337,694.0,False
Unnamed settlement,square,-16.3288499,28.411017,283.0,False
Unnamed settlement,square,-16.3283909,28.417733,380.0,False
Playa del Inglés,suburb,-15.5740856,27.7594808,38.0,False
Plaza San Francisco de Paula,square,-16.3276937,28.4645504,622.0,False
Plaza del Pino,square,-16.4155545,28.340277,432.0,False
Plaza del Pino,square,-16.4152907,28.3404688,431.0,False
Unnamed settlement,square,-16.4153111,28.3401548,430.0,False
Plaza Nuestra Señora del Carmen,square,-16.4177541,28.3346947,440.0,False
Unnamed settlement,square,-16.4417545,28.4502054,608.0,False
Unnamed settlement,square,-16.4488353,28.4537798,482.0,False
Lomo Chillero,locality,-16.5125754,28.3571216,1148.0,False
Lomo la Tosca,locality,-16.7203715,28.1773237,1223.0,False
Lomo el Berodal,locality,-16.7701314,28.1653111,369.0,False
Lomo el Retamar,locality,-16.6990523,28.1834252,1590.0,False
Lomo las Rosas,locality,-16.7697812,28.183335,468.0,False
Lomo el Berodal,locality,-16.7697768,28.1653377,373.0,False
Loma el Choro,locality,-16.7557992,28.1977135,829.0,False
Lomo del Seco,locality,-16.5449343,28.1557522,699.0,False
Seima,locality,-17.1614522,28.0614321,229.0,False
Loma de Tecina,locality,-17.1944076,28.0438095,263.0,False
Mérica,locality,-17.337209,28.1100092,733.0,False
Rocas Rojas,suburb,-15.5428439,27.7733728,40.0,False
Casas del Sol,neighbourhood,-13.8360949,28.860953,15.0,False
Lomo de Tomás Pérez,locality,-16.7264314,28.1854186,1293.0,False
Lomo las Cruces,locality,-16.7230997,28.188547,1388.0,False
Morra de Tafosaya,locality,-16.7112061,28.2125242,1844.0,False
Plaza Ingeniero Manuel Becerra,square,-15.4218996,28.1501487,12.0,False
Los Colgados,locality,-16.717501,28.1839662,1424.0,False
Melgarejo,locality,-16.7297766,28.2124945,1436.0,False
Plaza de San Antonio de Texas,square,-16.2516469,28.4725197,54.0,False
La Plazoleta,square,-16.6489368,28.3941207,66.0,False
Plaza de la Constitución,square,-16.6474132,28.3945925,58.0,False
Plaza de Doña Dolores Díaz Hernández,square,-16.6493828,28.3930125,72.0,False
Unnamed settlement,square,-16.2262735,28.4928878,18.0,False
Unnamed settlement,square,-16.2256655,28.4921147,24.0,False
Parque El Puertito,square,-16.3768682,28.2942517,2.0,False
Plaza de San Sebastián,square,-16.849983,28.3702191,126.0,False
Plaza de San Antonio,square,-16.4564771,28.4386341,515.0,False
Plaza Cuchareras,square,-16.4504706,28.4512318,501.0,False
Plaza de Chío,square,-16.7965513,28.2357833,664.0,False
Plaza de España,square,-16.7239881,28.1231654,297.0,False
Plaza San Juan Bautista de La Salle,square,-16.2570125,28.4637382,48.0,False
Ojos de Garza,suburb,-15.3945888,27.9464847,59.0,False
Urbanización Ojos de Garza,neighbourhood,-15.3951543,27.9513988,52.0,False
Plaza de los Cantos Canarios,square,-16.2693142,28.4637746,116.0,False
Plaza Las Portelas,square,-16.8423435,28.3256307,763.0,False
Unnamed settlement,neighbourhood,-16.2618716,28.4826706,324.0,False
Plaza Residencial Anaga,square,-16.2442717,28.4800926,29.0,False
Loma de Juan Lorenzo,locality,-16.7337909,28.1825969,1127.0,False
Plaza Santa Cruz del Norte,square,-16.254329,28.4690295,49.0,False
Plaza 18 de Julio,square,-16.4079377,28.3152713,258.0,False
Lomo el Cardón,locality,-16.716857,28.1004059,230.0,False
Lomo de los Rivero,locality,-16.3243587,28.5255666,615.0,False
Lomo Blanco,locality,-16.2139599,28.5609804,178.0,False
Plaza de San Benito,square,-16.3262147,28.4901961,573.0,False
Morro de las Arenas,locality,-16.6108247,28.151164,1369.0,False
Morro el Pinalete,locality,-16.6032192,28.1475364,1297.0,False
Plaza del Tranvía,square,-16.2862488,28.4684678,321.0,False
Lomo los Perros,locality,-16.4319931,28.4636906,544.0,False
Urbanización Terrasol,neighbourhood,-16.6447468,28.0137606,23.0,False
Urbanización Santa Marta,neighbourhood,-16.6451221,28.012333,18.0,False
Urbanización Tamaide,neighbourhood,-16.6430047,28.0106686,24.0,False
Urbanización Caviotas,neighbourhood,-16.640907,28.011018,22.0,False
Urbanización Coral Mar,neighbourhood,-16.6408493,28.0118927,26.0,False
Urbanización Chayofita,neighbourhood,-16.6428764,28.0120561,28.0,False
Urbanización San Miguel,neighbourhood,-16.6466256,28.0140304,23.0,False
Urbanización Santa Ana,neighbourhood,-16.6469229,28.0126174,15.0,False
Plaza de San Pedro,square,-16.411238,28.3157639,286.0,False
Plaza del Ayuntamiento,square,-16.4112181,28.3144827,282.0,False
Unnamed settlement,square,-16.4106915,28.3226296,314.0,False
Plaza del Obispo Pérez Cáceres,square,-16.4118372,28.3160791,294.0,False
Plaza de la Constitución,square,-16.4386345,28.2360656,425.0,False
Unnamed settlement,square,-16.2845493,28.4701663,308.0,False
Unnamed settlement,islet,-16.7257948,28.0715469,49.0,False
Plaza San Sebastián,square,-16.5214783,28.3937283,337.0,False
Unnamed settlement,square,-16.4557206,28.4528491,410.0,False
Lomo Itote,locality,-16.4610319,28.3925135,1394.0,False
Lomo las Raíces,locality,-16.4607636,28.3950691,1343.0,False
Plaza Doctor Pérez Cáceres,square,-16.6367387,28.1593889,1420.0,False
Plaza América,square,-16.7201785,28.3677165,223.0,False
Plaza Santa Catalina,square,-16.6565672,28.3902583,119.0,False
Plaza García Estrada,square,-16.5853539,28.3890832,250.0,False
Plaza de la Lealtad,square,-17.7869086,28.6625313,350.0,False
Plaza de San José,square,-16.3336434,28.4251643,446.0,False
Guía de Isora,town,-16.7787271,28.2101368,594.0,False
Unnamed settlement,square,-15.4513489,27.8374904,100.0,False
Arafo,village,-16.4173287,28.3404454,452.0,False
Plaza San Miguel,square,-17.9334889,28.6409503,116.0,False
La Pared de Casao,locality,-16.764361,28.212909,775.0,False
Lomo el Trigo,locality,-16.763331,28.2144476,811.0,False
Morro la Campana,locality,-16.765133,28.2150046,786.0,False
Lomo la Muley,locality,-13.9938269,28.6295676,123.0,False
Unnamed settlement,square,-17.8812038,28.6522555,650.0,False
Unnamed settlement,square,-16.6824621,28.3795113,252.0,False
Unnamed settlement,square,-16.7194045,28.363251,305.0,False
Unnamed settlement,square,-16.7236077,28.3676844,196.0,False
Unnamed settlement,square,-16.2700769,28.461398,116.0,False
Cuatro Tiempos,locality,-16.4365683,28.3929601,1716.0,False
Lomo Pelado,locality,-17.2572876,28.1689851,444.0,False
Lomo del Corte,locality,-17.2682123,28.1643411,420.0,False
Plaza de Stagno,square,-15.4140871,28.1036963,19.0,False
Puerto Rico,suburb,-15.7117774,27.7865973,16.0,False
Las Roderas,locality,-17.1089019,28.1281585,109.0,False
Lomo Gordo,locality,-17.1079372,28.126224,121.0,False
Lomo de la Cancela,locality,-17.1081163,28.1244636,201.0,False
Lomo del Humilladero,locality,-17.110533,28.1290389,120.0,False
Los Montones,locality,-17.1077781,28.1291543,15.0,False
Casas de Veneguera,hamlet,-15.7317752,27.9055991,275.0,False
Mogán,village,-15.7229909,27.8838269,271.0,False
Lomo de las Pulgas,locality,-15.5587366,27.917768,775.0,False
Pueblo de Tauro,neighbourhood,-15.7167195,27.801345,43.0,False
Patalavaca,neighbourhood,-15.6861948,27.7709774,77.0,False
La Verga,hamlet,-15.6911531,27.7758172,62.0,False
Llano de los Caserones,locality,-15.5619071,27.8610102,542.0,False
Lomo Gordo,locality,-15.5552046,27.8600029,611.0,False
Lomo de las Casas Viejas,locality,-15.5626997,27.8574852,492.0,False
Lomo Galeón,locality,-15.6595974,27.7710912,150.0,False
Lomo de las Casillas,locality,-15.5006549,27.8717034,397.0,False
El Timple,neighbourhood,-16.3127742,28.4834579,534.0,False
Urbanización La Verdellada,neighbourhood,-16.309594,28.481232,505.0,False
Lomo Pollo,locality,-15.4293455,27.9669207,261.0,False
Lomo Gordo,locality,-15.4095575,27.9697911,162.0,False
Radazul Bajo,hamlet,-16.3222984,28.4028254,95.0,False
La Buena Esperanza,locality,-16.7842056,28.1897724,322.0,False
Estación Espacial de Maspalomas,locality,-15.6416277,27.7689839,165.0,False
Femés,hamlet,-13.7789386,28.9137946,367.0,False
Playa Blanca,suburb,-13.8298966,28.8631949,13.0,False
El Golfo,hamlet,-13.831356,28.9821862,7.0,False
Yaiza,village,-13.7642134,28.9528697,184.0,False
Uga,village,-13.744138,28.95016,208.0,False
San Sebastián de la Gomera,town,-17.1110077,28.0910382,14.0,False
Alameda Pío XII,square,-15.5482421,28.059146,601.0,False
Adeje,town,-16.7241893,28.1219416,291.0,False
La Postura,suburb,-16.7294332,28.1213521,269.0,False
Los Olivos,suburb,-16.7330074,28.1210756,239.0,False
Las Nieves,suburb,-16.737256,28.1206366,206.0,False
Barranco de las Torres,suburb,-16.7369041,28.1263517,235.0,False
Armeñime,suburb,-16.7553439,28.1297777,194.0,False
Los Menores,suburb,-16.7569971,28.1409977,310.0,False
Las Moraditas,neighbourhood,-16.7431526,28.1363657,422.0,False
Fañabé,suburb,-16.7308102,28.1078275,137.0,False
Playa Paraíso,suburb,-16.7731504,28.1220218,15.0,False
Tijoco Bajo,suburb,-16.7667376,28.1600393,384.0,False
Lomo del Clérigo,locality,-16.7648678,28.1491637,351.0,False
La Concepción,neighbourhood,-16.7480192,28.1577454,711.0,False
Tijoco Alto,neighbourhood,-16.7333693,28.1691171,961.0,False
La Quinta,neighbourhood,-16.7270594,28.1497843,926.0,False
Taucho,neighbourhood,-16.7273169,28.15322,917.0,False
Las Rosas,neighbourhood,-16.7527227,28.1356466,267.0,False
Vera de Erques,neighbourhood,-16.7444831,28.1749596,836.0,False
Tejina,suburb,-16.7644815,28.1863458,570.0,False
Acojeja,neighbourhood,-16.7647648,28.196914,638.0,False
El Pozo,neighbourhood,-16.7670221,28.1986387,605.0,False
Aripe,neighbourhood,-16.7671251,28.216716,746.0,False
Chirche,neighbourhood,-16.7600012,28.2191362,873.0,False
El Jaral,neighbourhood,-16.7553234,28.203631,841.0,False
Chiguergue,neighbourhood,-16.7818193,28.2259653,732.0,False
Chío,suburb,-16.7964106,28.2367715,670.0,False
Arguayo,hamlet,-16.8070536,28.2680345,917.0,False
Las Manchas,hamlet,-16.8021612,28.2837797,976.0,False
Santiago del Teide,village,-16.8144779,28.2957363,927.0,False
Masca,hamlet,-16.840501,28.3052572,599.0,False
Tamaimo,village,-16.8193102,28.2686014,573.0,False
El Molledo,hamlet,-16.8138514,28.287128,871.0,False
El Retamar,hamlet,-16.8139372,28.2811569,796.0,False
Los Gigantes,suburb,-16.8401413,28.245641,36.0,False
Playa de la Arena,suburb,-16.8394117,28.2301926,31.0,False
Puerto Santiago,suburb,-16.8408365,28.2379511,66.0,False
El Varadero,neighbourhood,-16.8377552,28.2261695,34.0,False
Alcalá,suburb,-16.8280533,28.2017836,13.0,False
Agua Dulce,neighbourhood,-16.8030024,28.1798622,109.0,False
Piedra Hincada,suburb,-16.7904024,28.1804296,225.0,False
Ricasa,suburb,-16.7910376,28.1549454,140.0,False
Callao Salvaje,suburb,-16.777343,28.1306787,59.0,False
San Eugenio Alto,suburb,-16.7255144,28.0789637,77.0,False
Palm-Mar,suburb,-16.6989081,28.0223893,30.0,False
El Fraile,suburb,-16.6687202,28.0122036,28.0,False
Las Galletas,suburb,-16.6557083,28.0078975,3.0,False
Ten Bel,suburb,-16.6526235,28.0097138,6.0,False
Costa del Silencio,suburb,-16.6455427,28.0096953,17.0,False
La Estrella,neighbourhood,-16.653246,28.0152175,21.0,False
Guargacho,suburb,-16.6394704,28.034788,79.0,False
Las Chafiras,suburb,-16.6227498,28.0478736,137.0,False
Golf del Sur,suburb,-16.6077455,28.0329968,60.0,False
Los Abrigos,suburb,-16.5907684,28.0291639,17.0,False
Granadilla de Abona,town,-16.5766728,28.1221408,639.0,False
San Miguel de Abona,town,-16.6167914,28.0992051,616.0,False
Valle de San Lorenzo,suburb,-16.6570215,28.0897696,401.0,False
Guaza,suburb,-16.6771402,28.0497438,108.0,False
Cabo Blanco,suburb,-16.6713123,28.0711634,262.0,False
La Camella,suburb,-16.6821746,28.0789581,347.0,False
Aguilas del Teide,suburb,-16.6970299,28.0751988,273.0,False
Chayofa,suburb,-16.69786,28.0722226,234.0,False
Urbanización Casablanca,hamlet,-16.4297623,28.1674562,26.0,False
Unnamed settlement,islet,-15.5365785,27.7712236,45.0,False
Mercado de San Mateo,square,-15.5316475,28.0086547,841.0,False
Ayacata,hamlet,-15.6081545,27.9582934,1321.0,False
Los Silos,village,-16.8167118,28.3658242,104.0,False
Arteara,hamlet,-15.5675628,27.8487473,348.0,False
Fataga,neighbourhood,-15.5642805,27.8872652,607.0,False
San Bartolomé de Tirajana,town,-15.5729983,27.9252512,900.0,False
Rosiana Baja,hamlet,-15.5487267,27.9156043,673.0,False
Vecindario,neighbourhood,-15.4405441,27.8494562,91.0,False
La Plata,hamlet,-15.6073569,27.9361154,1192.0,False
Pasadilla,hamlet,-15.4713084,27.9461632,726.0,False
Ingenio,town,-15.4357949,27.9183781,270.0,False
Agüimes,town,-15.4445131,27.9049541,285.0,False
Telde,town,-15.4166761,27.9984538,153.0,False
Tejeda,village,-15.6153664,27.9953756,1059.0,False
Artenara,village,-15.6465416,28.0200099,1237.0,False
Vergara,neighbourhood,-15.6230898,28.1027426,647.0,False
Teror,town,-15.5475653,28.0590002,592.0,False
Miraflor,hamlet,-15.5272699,28.0679237,419.0,False
San Agustín,suburb,-15.5516326,27.7671023,11.0,False
Tigaiga,village,-16.5967584,28.3833744,309.0,False
Icod El Alto,village,-16.6110765,28.3845717,556.0,False
Barroso,hamlet,-16.5925117,28.3826594,292.0,False
Realejo Bajo,hamlet,-16.5878234,28.3848167,278.0,False
Plaza Padre Hilario,square,-15.4199709,28.1110889,24.0,False
Las Vegas,hamlet,-16.5472767,28.1460047,651.0,False
Las Helecheras,locality,-16.397668,28.436303,1157.0,False
Icod de los Vinos,town,-16.7176389,28.3680548,238.0,False
El Terrero,hamlet,-16.6140878,28.3942763,38.0,False
San Juan de la Rambla,hamlet,-16.6493385,28.3937629,67.0,False
Puerto de Erjos,locality,-16.8050696,28.3141684,1104.0,False
Plaza La Paz,locality,-16.4067512,28.4332866,1170.0,False
Tegueste,town,-16.3407638,28.5232609,376.0,False
Ifonche,hamlet,-16.6899543,28.1348676,1028.0,False
Portillo el Topo,locality,-16.476764,28.3656258,1581.0,False
Plaza del Calvario,square,-15.5332612,28.1187678,276.0,False
Puerto de Tazacorte,village,-17.9459682,28.6516505,15.0,False
San Pedro de Breña Alta,village,-17.7867588,28.6637814,359.0,False
Velhoco,hamlet,-17.784018,28.6901955,336.0,False
Los Cancajos,hamlet,-17.7588803,28.648872,25.0,False
Puerto Espíndola,village,-17.7633166,28.8096331,16.0,False
Plaza La Quisisana,square,-17.7696599,28.6804296,58.0,False
Cuatro Caminos,locality,-16.4839733,28.3991757,1044.0,False
Unnamed settlement,square,-15.4530057,28.0802506,267.0,False
Cruz de Luis,locality,-16.5755195,28.3411879,1206.0,False
El Remo,hamlet,-17.8885664,28.5529423,12.0,False
Puerto Naos,hamlet,-17.910201,28.5858953,15.0,False
Tazacorte,village,-17.9326028,28.642858,126.0,False
Chamorga,hamlet,-16.159067,28.5699607,481.0,False
Casas de Tafada,isolated_dwelling,-16.1526917,28.5771524,596.0,False
Hoya del Abade,locality,-16.4426923,28.4151836,1070.0,False
Charco de Juan Gordo,locality,-16.4387106,28.4164057,1099.0,False
Hoya Larga,locality,-16.4317041,28.4250733,1070.0,False
Degollada de las Escaleras,locality,-16.2791821,28.5473922,706.0,False
Las Breñas,hamlet,-13.8104447,28.9199232,138.0,False
Las Casitas,hamlet,-13.7502658,28.9309314,301.0,False
Güime,suburb,-13.6139656,28.9724996,171.0,False
Los Revolcaderos,locality,-16.4257093,28.4293135,1100.0,False
Aceviño del Clavo,locality,-16.4249218,28.4330008,1065.0,False
Costa Teguise,suburb,-13.4971609,28.9959062,20.0,False
Montaña Blanca,neighbourhood,-13.6373602,28.9879402,289.0,False
Barroso,hamlet,-16.5077831,28.3790966,688.0,False
Taganana,hamlet,-16.2177921,28.5609575,158.0,False
El Rincón,neighbourhood,-16.5155238,28.4143314,132.0,False
Chinamada,hamlet,-16.2911512,28.561938,593.0,False
Plazoleta del Llano,square,-16.4228928,28.3407655,510.0,False
San Andrés,neighbourhood,-17.7608745,28.7995867,55.0,False
Pedro Álvarez,hamlet,-16.3160345,28.5216478,535.0,False
Taborno,hamlet,-16.2648026,28.5560603,621.0,False
Cuatro Caminos,locality,-16.2614517,28.5266508,838.0,False
El Paso,village,-17.8799155,28.6514036,660.0,False
Barlovento,village,-17.803359,28.8294169,557.0,False
Los Sauces,village,-17.7740713,28.803261,288.0,False
Puntagorda,village,-17.9798603,28.770893,689.0,False
Plaza de la Pescadora,square,-16.719432,28.0506696,8.0,False
Fontanales,hamlet,-15.6082438,28.0572458,999.0,False
Arucas,town,-15.5232237,28.1184492,263.0,False
Firgas,town,-15.5632366,28.1072107,513.0,False
Salto Bangarro,locality,-16.5493146,28.3456935,1200.0,False
Lomo de los Tomillos,locality,-16.5435244,28.3465792,1195.0,False
Unnamed settlement,square,-16.3705989,28.3542176,9.0,False
Unnamed settlement,square,-16.3702885,28.3544802,5.0,False
El Hoyón,locality,-16.3947721,28.416998,1222.0,False
Las Tricias,hamlet,-17.9657811,28.7821209,750.0,False
Tajuya,neighbourhood,-17.8879311,28.6342754,514.0,False
Lereta,hamlet,-15.5240402,27.9458989,1223.0,False
Agaete,town,-15.7023479,28.1008499,39.0,False
Gáldar,town,-15.6542506,28.1442408,120.0,False
El Risco,neighbourhood,-15.7263849,28.0467502,112.0,False
Playa de Santiago,neighbourhood,-17.1978996,28.0288114,6.0,False
Agulo,village,-17.1945669,28.1881791,195.0,False
Arure,hamlet,-17.3195646,28.1344077,814.0,False
El Guro,hamlet,-17.3270621,28.1067812,191.0,False
Taguluche,hamlet,-17.3318322,28.1377016,269.0,False
Alojera,hamlet,-17.327888,28.16227,181.0,False
Vallehermoso,village,-17.2646825,28.1798679,167.0,False
Las Hayas,hamlet,-17.292872,28.1288729,1005.0,False
El Cercado,hamlet,-17.2851994,28.1190124,1044.0,False
Chipude,hamlet,-17.2839042,28.1103436,1063.0,False
Alajeró,village,-17.2383666,28.0619917,784.0,False
Imada,hamlet,-17.2413982,28.0857499,880.0,False
Urbanización Príncipe Ruyman III,neighbourhood,-16.3031295,28.4621085,446.0,False
Boca Tauce,locality,-16.6785933,28.214522,2035.0,False
Las Carboneras,hamlet,-16.276531,28.5539935,632.0,False
Abama,neighbourhood,-16.7982877,28.1710594,109.0,False
Lomo del Viento,locality,-13.9726466,28.5666615,406.0,False
La Escalona,neighbourhood,-16.6667208,28.1195529,1034.0,False
Arona,town,-16.6809103,28.0996248,631.0,False
Las Portelas,hamlet,-16.8442969,28.3272102,722.0,False
Buenavista del Norte,town,-16.8512557,28.3721177,118.0,False
El Palmar,hamlet,-16.8471589,28.3436241,517.0,False
Borbalán,hamlet,-17.3358706,28.0886775,14.0,False
Plaza Chimbesque,square,-16.5527125,28.0778836,197.0,False
El Tanque,village,-16.779809,28.356273,604.0,False
Ruigómez,hamlet,-16.7908039,28.3393713,877.0,False
Erjos,hamlet,-16.8055622,28.3283392,989.0,False
Temisas,neighbourhood,-15.5085322,27.9079347,685.0,False
Aguatona,neighbourhood,-15.4281532,27.9363012,214.0,False
Vega de San Mateo,town,-15.5325123,28.0095796,841.0,False
Utiaca,neighbourhood,-15.5525706,28.0192889,793.0,False
Lomo Carbonero,locality,-15.543576,28.0254453,860.0,False
San Isidro,hamlet,-15.559808,28.0307423,914.0,False
Plaza de la Iglesia,square,-16.5748448,28.3995741,153.0,False
Lomo del Balo,hamlet,-17.3074564,28.1188395,463.0,False
Los Granados,hamlet,-17.3184551,28.1112907,268.0,False
El Retamal,hamlet,-17.3112569,28.1157297,356.0,False
Los Descansaderos,hamlet,-17.3053056,28.1180713,442.0,False
La Vizcaína,hamlet,-17.3074576,28.1151814,388.0,False
El Hornillo,hamlet,-17.3137139,28.1113782,303.0,False
Chelé,hamlet,-17.3165586,28.1092205,286.0,False
Casa de la Seda,hamlet,-17.3251202,28.1076614,181.0,False
Acardece,hamlet,-17.3116125,28.1399284,876.0,False
El Jorado,hamlet,-17.1483264,28.1092246,122.0,False
Chejelipes,hamlet,-17.1693993,28.1169658,262.0,False
La Laja,hamlet,-17.1952763,28.1128365,539.0,False
Erquito,hamlet,-17.2646563,28.0857097,721.0,False
Erque,hamlet,-17.2624749,28.0989728,884.0,False
Tejiade,hamlet,-17.193617,28.0714193,697.0,False
Igualero,hamlet,-17.2520381,28.1012189,1293.0,False
Arguayoda,hamlet,-17.2842971,28.0607592,413.0,False
La Dama,hamlet,-17.300028,28.0548116,246.0,False
Pastrana,hamlet,-17.2147052,28.066908,244.0,False
Guarimiar,hamlet,-17.2264782,28.0684537,354.0,False
Benchijigua,locality,-17.2179634,28.093264,590.0,False
Villaverde,village,-13.9021874,28.6354038,219.0,False
El Roque,hamlet,-13.9947853,28.6842743,30.0,False
Tazo,hamlet,-17.3088642,28.1844326,359.0,False
Epina,hamlet,-17.2993825,28.1663016,648.0,False
La Costa,hamlet,-17.3239455,28.1764296,130.0,False
Tindaya,hamlet,-13.9784565,28.587135,189.0,False
Los Batanes,hamlet,-16.2961955,28.54786,459.0,False
Bejia,hamlet,-16.3038919,28.547616,513.0,False
Gerián,hamlet,-17.3148527,28.0951262,690.0,False
Los Chapines,hamlet,-17.2669447,28.1710346,287.0,False
La Quilla,hamlet,-17.2782756,28.1706959,367.0,False
Macayo,hamlet,-17.2752608,28.1680144,347.0,False
Los Loros,hamlet,-17.2699859,28.1548577,490.0,False
Banda de las Rosas,hamlet,-17.2659106,28.1578148,454.0,False
Garabato,hamlet,-17.2515343,28.1689617,428.0,False
Tamargada,hamlet,-17.2448203,28.1853949,306.0,False
La Palmita,hamlet,-17.2162023,28.1707643,691.0,False
Serpa,hamlet,-17.2298303,28.1581605,786.0,False
La Dehesa,hamlet,-17.2808933,28.0982376,1041.0,False
Pavón,hamlet,-17.2746276,28.1043657,1083.0,False
Los Almácigos,isolated_dwelling,-17.2608465,28.0613937,656.0,False
Targa,hamlet,-17.2287458,28.0601653,735.0,False
Lo del Gato,hamlet,-17.2184211,28.0835764,412.0,False
Las Toscas,hamlet,-17.2082819,28.0754736,707.0,False
Arguamul,hamlet,-17.2951272,28.1994042,403.0,False
Los Manantiales,hamlet,-17.2724792,28.1139472,1098.0,False
El Cedro,hamlet,-17.2143131,28.1360784,815.0,False
Casas de Gran Valle,hamlet,-14.3869958,28.0867352,282.0,False
Antoncojo,hamlet,-17.2269809,28.0476011,545.0,False
Casillas de Morales,neighbourhood,-14.0069636,28.3776079,210.0,False
Agua de Bueyes,neighbourhood,-14.0317686,28.3724726,279.0,False
La Ampuyenta,neighbourhood,-13.9929731,28.4655484,297.0,False
Triquivijate,suburb,-13.9684256,28.4315886,225.0,False
Cañada del Río,quarter,-14.2231692,28.1669308,17.0,False
El Puertito,hamlet,-14.4997756,28.0732385,12.0,False
Las Playitas,neighbourhood,-13.98384,28.2290488,13.0,False
El Charco,suburb,-13.8527135,28.5013896,9.0,False
Los Pozos,suburb,-13.8656739,28.4884528,14.0,False
Barrio Buenavista,suburb,-13.8765456,28.4999042,59.0,False
La Charca,suburb,-13.8656739,28.5065186,65.0,False
Barrio Fabelo,suburb,-13.8746432,28.510516,96.0,False
Majada Marcial,suburb,-13.8627946,28.5109711,71.0,False
Pol. Industrial Risco Prieto,suburb,-13.8801995,28.4964651,75.0,False
El Matorral,suburb,-13.8731139,28.4380157,23.0,False
Playa Quemada,hamlet,-13.7321958,28.9074843,12.0,False
Las Coloradas,suburb,-15.4342312,28.1659473,72.0,False
Tías,town,-13.6529153,28.9543147,211.0,False
El Juntadero,locality,-16.3097267,28.5390985,763.0,False
Las Cuadras,locality,-16.3081516,28.5356813,822.0,False
El Risco de San Nicolás,suburb,-15.4193024,28.102265,60.0,False
Vegueta,suburb,-15.4144665,28.0993648,26.0,False
Vega de San José,suburb,-15.4168391,28.0903625,13.0,False
El Tablado,hamlet,-17.8770569,28.8331189,315.0,False
Todoque,locality,-17.9047502,28.6191208,329.0,False
Don Pedro,hamlet,-17.8960968,28.8338183,460.0,False
La Fajana,hamlet,-17.8641989,28.8352275,38.0,False
Unnamed settlement,square,-16.8301942,28.2013194,11.0,False
El Batán,suburb,-15.4293303,28.0939368,122.0,False
San Roque,suburb,-15.4267554,28.0977378,130.0,False
El Cardón,suburb,-15.4499308,28.1197423,136.0,False
Guanarteme,suburb,-15.4439343,28.1296488,23.0,False
Las Remudas,suburb,-15.3936862,28.0088558,64.0,False
Playa Honda,suburb,-13.5902879,28.9550662,18.0,False
Las Filipinas,hamlet,-15.6710193,27.8694276,227.0,False
Palmeral Noruega,locality,-15.6843711,27.8026517,310.0,False
Puertito de Güímar,village,-16.3744906,28.2962965,16.0,False
Teno Alto,hamlet,-16.8767354,28.3434339,771.0,False
Afur,hamlet,-16.2479154,28.5552576,226.0,False
Plaza Nuestra Señora del Pino,square,-15.547434,28.059594,601.0,False
El Tomadero,locality,-16.300953,28.5571244,155.0,False
San Bartolomé,hamlet,-17.7610112,28.7690331,398.0,False
Casillas del Ángel,neighbourhood,-13.9658975,28.492645,216.0,False
San Andrés,hamlet,-17.9558057,27.7710565,1049.0,False
Mirador de Jinama,locality,-17.9808347,27.7628617,1236.0,False
Frontera,village,-18.0107229,27.7534804,261.0,False
El Pinar,village,-17.9771201,27.707682,821.0,False
Los Llanillos,hamlet,-18.0380299,27.7516867,237.0,False
La Paterna,suburb,-15.4469256,28.094906,179.0,False
El Chorrillo,hamlet,-15.6662856,27.984016,652.0,False
Tinizara,neighbourhood,-17.9687442,28.7440285,897.0,False
Finca El Morro,hamlet,-17.9704694,28.7942633,521.0,False
Cueva de Agua,neighbourhood,-17.9524214,28.8112498,530.0,False
Santo Domingo,village,-17.9446656,28.8301766,371.0,False
Casas del Rito,hamlet,-17.9366445,28.8142381,778.0,False
Llano Negro,hamlet,-17.9258925,28.8066774,922.0,False
Ten Bel,suburb,-16.6516481,28.0115026,12.0,False
Cattle Market / Corral,plot,-15.4980958,27.9913055,581.0,False
Siete Fuentes,locality,-16.425323,28.4100624,1521.0,False
Plaza de las Naciones,square,-15.4358964,28.1400368,18.0,False
Plazoleta de Farray,square,-15.4355025,28.1371271,17.0,False
Mirador de la Llanía,locality,-17.9970007,27.7382301,1355.0,False
Plaza de la Castaña,square,-16.4711989,28.432452,386.0,False
Unnamed settlement,square,-15.420188,28.1114397,21.0,False
Unnamed settlement,plot,-15.4258094,28.1162893,29.0,False
Playa de Santa Catalina,locality,-17.3104228,28.2025759,5.0,False
Playa del Arguamul,locality,-17.2949472,28.2070287,2.0,False
Plaza de Churruca,square,-15.4405691,28.13417,16.0,False
Plaza de Sotomayor,square,-17.9262131,28.6556899,303.0,False
Triana,suburb,-15.4173058,28.1049121,22.0,False
Ciudad Jardin,suburb,-15.4310867,28.1239526,21.0,False
Las Alcaravaneras,suburb,-15.4325191,28.1307328,19.0,False
Escaleritas,suburb,-15.4368679,28.1173167,118.0,False
Arenales,suburb,-15.42011,28.115605,15.0,False
La Minilla,suburb,-15.4395568,28.1222131,92.0,False
Santa Brígida,town,-15.4974676,28.035684,507.0,False
Unnamed settlement,square,-15.4440032,28.1310691,21.0,False
Masdache,hamlet,-13.6563724,28.9972764,323.0,False
Unnamed settlement,plot,-16.7791238,28.3562788,599.0,False
Unnamed settlement,square,-15.4548776,28.1123892,161.0,False
Unnamed settlement,square,-15.4528415,28.1129301,165.0,False
Plaza de Ermita del Buen Jesús,square,-17.9537613,28.7023961,592.0,False
Majanicho,hamlet,-13.938616,28.7388252,3.0,False
Unnamed settlement,square,-15.5893408,28.0503456,857.0,False
Mercado Municipal,square,-16.5534612,28.4101805,46.0,False
El Secadero,neighbourhood,-15.4382882,28.0844978,189.0,False
Motor Grande,suburb,-15.6966705,27.7990267,65.0,False
Unnamed settlement,square,-16.658142,28.0077063,6.0,False
Unnamed settlement,square,-16.8400053,28.2347897,22.0,False
Plaza de la Iglesia,square,-13.9278335,28.6110359,226.0,False
Salamanca,suburb,-16.2637887,28.4703183,99.0,False
El Río,hamlet,-16.5229901,28.1435765,470.0,False
Cruz de Tea,hamlet,-16.5915861,28.1323392,889.0,False
Degollada del Roque,locality,-16.8232805,28.2792867,766.0,False
Ayagaures,hamlet,-15.607921,27.85014,310.0,False
El Espinillo,hamlet,-15.6473253,27.985065,912.0,False
Cazadores,hamlet,-15.5133542,27.9543102,1295.0,False
La Breña,hamlet,-15.4869607,27.9663521,792.0,False
Plaza de San Agustín,square,-15.4128016,28.1000082,23.0,False
Plazoleta Francisco Maria de León,square,-15.4142912,28.1006385,24.0,False
Aena,plot,-15.5588819,27.9607375,1905.0,False
Aena,plot,-15.5595415,27.9595905,1904.0,False
Unnamed settlement,square,-17.9664371,28.746873,923.0,False
Plaza de Las Flores,square,-16.4096431,28.3159251,274.0,False
Las Caletillas,suburb,-16.3619275,28.3763058,28.0,False
Candelaria,town,-16.3710091,28.3546715,21.0,False
Unnamed settlement,square,-16.3083223,28.4525789,413.0,False
Unnamed settlement,plot,-15.4294606,28.1173767,54.0,False
Plaza Escritor Vicente Marrero Suarez,square,-15.5214583,28.119295,274.0,False
Plaza San Roque,square,-15.563057,28.1076476,503.0,False
Plaza la Pilarica,square,-16.4108525,28.3087959,260.0,False
Plaza de Manuel Monasterio Mendoza Doctor,square,-15.4304878,28.1419723,35.0,False
Plaza Cesáreo Díaz Acosta,square,-16.3716555,28.440046,955.0,False
La Quinta,suburb,-16.4951724,28.4318669,212.0,False
Santa Úrsula,town,-16.4917392,28.4253094,289.0,False
Los Luchaderos,locality,-16.482373,28.4361771,207.0,False
La Victoria de Acentejo,town,-16.4681748,28.4347861,399.0,False
Tacoronte,town,-16.4137605,28.4805316,483.0,False
Unnamed settlement,square,-16.3680316,28.4506897,924.0,False
Plaza José Quintana,square,-15.6648359,28.1426913,87.0,False
Plaza San Roque,square,-15.6297029,28.1368283,223.0,False
Cuevitas de Limon,locality,-16.5056722,28.3368442,1770.0,False
Pasada del Fraile,locality,-16.5026299,28.3413272,1640.0,False
Cumbrita Fría,locality,-16.5104264,28.3259333,1915.0,False
Plaza de Araya,square,-16.393864,28.3629155,357.0,False
Plaza de La Memoria 20.08.2008,square,-15.419022,28.1127421,16.0,False
Barrio Nuestra Señora de La Esperanza,neighbourhood,-16.3628068,28.4577517,865.0,False
Vento,hamlet,-16.6874524,28.1010293,646.0,False
Plaza de San Juan,square,-16.4244824,28.3070388,429.0,False
Dos Pinos,hamlet,-17.9002117,28.6491873,418.0,False
Plaza Sixto Machado,square,-16.2749797,28.4626969,163.0,False
Unnamed settlement,square,-16.2497699,28.4617487,13.0,False
Unnamed settlement,square,-16.4488259,28.4537798,482.0,False
Castillo del Romeral,suburb,-15.4608266,27.7995381,13.0,False
Plaza Rodríguez Lara de La Victoria de Acentejo,square,-16.4705517,28.4339331,385.0,False
Plaza de Santo Domingo,square,-16.4735724,28.436934,297.0,False
Valle de Santa Inés,neighbourhood,-14.0399067,28.4617766,271.0,False
Unnamed settlement,square,-15.471016,28.0993699,207.0,False
Plaza 1ero de Mayo,square,-15.4276006,27.8773118,73.0,False
El Tión,hamlet,-17.2482374,28.1670308,591.0,False
Unnamed settlement,plot,-15.421005,28.1011763,69.0,False
Unnamed settlement,plot,-15.4207491,28.1011719,65.0,False
Unnamed settlement,plot,-15.4209503,28.1011218,65.0,False
Unnamed settlement,plot,-15.4202466,28.1013944,67.0,False
Unnamed settlement,square,-15.4250502,28.1030991,115.0,False
Unnamed settlement,plot,-15.4217492,28.1013969,92.0,False
Unnamed settlement,plot,-15.4201697,28.1024315,95.0,False
Unnamed settlement,plot,-15.4204047,28.1017973,79.0,False
Unnamed settlement,plot,-15.4202783,28.1017984,79.0,False
Plaza del Poeta Domingo Rivero,square,-15.5238357,28.118432,260.0,False
Plaza Manuel Ramos,square,-15.5233553,28.1197831,277.0,False
Unnamed settlement,plot,-15.4218697,28.1016104,108.0,False
Unnamed settlement,plot,-15.4216501,28.101743,101.0,False
Unnamed settlement,plot,-15.4225853,28.1017759,111.0,False
Unnamed settlement,plot,-15.4226078,28.1018226,116.0,False
Unnamed settlement,plot,-15.422107,28.1020064,116.0,False
Unnamed settlement,plot,-15.4209324,28.1022409,103.0,False
Unnamed settlement,plot,-15.4210512,28.1019712,105.0,False
Unnamed settlement,plot,-15.4206882,28.1023041,96.0,False
La Tosca,hamlet,-17.8166309,28.8288903,509.0,False
La Cuesta,neighbourhood,-17.7836319,28.8230095,243.0,False
Garachico,neighbourhood,-17.7640836,28.7810271,246.0,False
San Juan,hamlet,-17.7642689,28.785671,205.0,False
La Verada,hamlet,-17.7722769,28.8135176,152.0,False
Puntallana,village,-17.7465582,28.7379673,452.0,False
El Granel,neighbourhood,-17.7521702,28.7529703,461.0,False
La Dehesa,suburb,-17.7740838,28.6947405,232.0,False
Mirca,neighbourhood,-17.764736,28.7084517,303.0,False
La Fajana,neighbourhood,-17.851347,28.4967322,717.0,False
Tigalate,neighbourhood,-17.8013048,28.5531937,669.0,False
Tiguerote,neighbourhood,-17.7931484,28.5579825,552.0,False
Lomo Oscuro,hamlet,-17.7721196,28.5877311,321.0,False
La Sabina,neighbourhood,-17.7828494,28.5889991,601.0,False
La Rosa,neighbourhood,-17.7809493,28.625415,435.0,False
Lodero,neighbourhood,-17.7707139,28.6156551,241.0,False
La Montaña,neighbourhood,-17.7869972,28.6323593,496.0,False
San Isidro,hamlet,-17.7952083,28.6449994,512.0,False
Las Ledas,hamlet,-17.791611,28.642861,491.0,False
La Cuesta,neighbourhood,-17.7775225,28.6828447,296.0,False
Marina,neighbourhood,-17.9289579,28.6374339,137.0,False
El Roque,neighbourhood,-17.9765915,28.757943,810.0,False
Fagundo,neighbourhood,-17.9782131,28.760377,807.0,False
Los Campitos,hamlet,-17.8868,28.6161786,517.0,False
La Laguna,hamlet,-17.9080528,28.6318373,308.0,False
Celta,village,-17.8964757,28.6425234,449.0,False
El Paraíso,locality,-17.883628,28.6173753,559.0,False
Argual Abajo,neighbourhood,-17.9272226,28.6554518,292.0,False
Argual,suburb,-17.9238716,28.6601324,329.0,False
Hermosilla,hamlet,-17.9053619,28.6547511,383.0,False
Unnamed settlement,plot,-15.4198726,28.1016791,70.0,False
Unnamed settlement,plot,-15.4198063,28.1016421,66.0,False
Unnamed settlement,plot,-15.4197409,28.1016961,66.0,False
Unnamed settlement,plot,-15.4198299,28.1018382,73.0,False
Unnamed settlement,plot,-15.4197187,28.1017865,66.0,False
Los Quemados,neighbourhood,-17.8565135,28.4922793,456.0,False
El Charco,hamlet,-17.8664119,28.5353491,756.0,False
Mendo,locality,-17.8659937,28.5565892,826.0,False
Las Caletas,neighbourhood,-17.8271809,28.5003318,532.0,False
Las Manchas,hamlet,-17.8816652,28.6013543,605.0,False
San Nicolás,neighbourhood,-17.8808774,28.602362,620.0,False
Tacande de Abajo,neighbourhood,-17.8785799,28.6382841,686.0,False
El Calvario,hamlet,-17.8798488,28.6470587,663.0,False
Barrial,neighbourhood,-17.8606989,28.6612227,821.0,False
Barrial de Medio,hamlet,-17.8578931,28.6638265,860.0,False
Unnamed settlement,square,-16.4590884,28.434368,503.0,False
Plaza Estadio Insular,square,-15.4340429,28.1282615,27.0,False
Plaza en Honor al gran Salvador Rodriguez Fernandez,square,-15.4715958,28.1037312,181.0,False
Unnamed settlement,square,-15.4550245,28.0984347,226.0,False
Plaza Guillermo Sureda,square,-15.5232576,28.1179007,253.0,False
Plazoleta de Doramas,square,-15.5264895,28.119332,259.0,False
Risquillo de Corgo,locality,-17.2860877,28.1476503,1014.0,False
Plaza de los Escritores,square,-15.4155213,28.1088728,12.0,False
Unnamed settlement,square,-16.5820889,28.3885661,236.0,False
Plaza De Los Jardines Del Atlantico,square,-15.4480838,28.1301311,18.0,False
Plaza Santa Cruz de la Sierra,square,-16.2519214,28.4640073,23.0,False
La Vera,neighbourhood,-16.6353703,28.3807516,499.0,False
El Portillo Alto,hamlet,-16.5655905,28.2952508,2133.0,False
Unnamed settlement,plot,-15.4228906,28.1015703,113.0,False
Unnamed settlement,plot,-15.4227265,28.1015498,113.0,False
Unnamed settlement,plot,-15.4241704,28.102324,108.0,False
Unnamed settlement,plot,-15.4238558,28.1023342,113.0,False
Unnamed settlement,plot,-15.4237099,28.1017388,105.0,False
Acebiño del Inglés,locality,-16.5823209,28.3433456,1183.0,False
Lomo Bermejo,neighbourhood,-16.1559206,28.5374006,124.0,False
Lomo de las Bodegas,hamlet,-16.1544041,28.5630312,513.0,False
La Mulata,isolated_dwelling,-16.8870651,28.3530741,637.0,False
San José de Los Llanos,hamlet,-16.7871187,28.3278568,1095.0,False
Plaza San Cayetano,square,-16.5607665,28.388726,293.0,False
Plaza Trébol,square,-16.5611022,28.3882543,295.0,False
Unnamed settlement,plot,-16.3619607,28.3743137,13.0,False
Unnamed settlement,square,-16.3615348,28.3798178,14.0,False
Unnamed settlement,plot,-15.4198219,28.1013063,60.0,False
Plaza de Santo Domingo,square,-15.4159541,28.0986883,35.0,False
Unnamed settlement,square,-15.6969224,27.799203,60.0,False
Unnamed settlement,square,-16.3750746,28.3826234,268.0,False
Unnamed settlement,plot,-15.4352499,28.16651,66.0,False
Unnamed settlement,plot,-15.4352114,28.1662047,66.0,False
Unnamed settlement,plot,-15.4350157,28.1662338,66.0,False
Unnamed settlement,plot,-15.435183,28.1660594,66.0,False
Unnamed settlement,plot,-15.4350526,28.165966,67.0,False
Unnamed settlement,plot,-15.4351436,28.1658507,66.0,False
Unnamed settlement,plot,-15.4351301,28.1657775,67.0,False
Unnamed settlement,plot,-15.4350581,28.1654009,68.0,False
Unnamed settlement,plot,-15.4349988,28.1651005,70.0,False
Era del Cardón,hamlet,-15.4917809,27.8693901,323.0,False
Plaza La Libertad,square,-16.3745984,28.3826415,269.0,False
Las Cabezadas,locality,-16.4667461,28.4063279,994.0,False
Igueste,suburb,-16.3737549,28.3824231,257.0,False
Agua García,village,-16.4054281,28.4656081,742.0,False
Güímar,town,-16.4099501,28.3150189,277.0,False
La Esperanza,village,-16.3670301,28.4523588,904.0,False
Unnamed settlement,square,-16.3043173,28.4451298,338.0,False
Los Caideros,hamlet,-15.6990376,27.7735843,54.0,False
Plaza de Eduardo de León,square,-13.8581921,28.5019405,38.0,False
Plaza de Fátima,square,-16.4110256,28.3245758,336.0,False
Unnamed settlement,square,-15.432444,28.1531984,15.0,False
Unnamed settlement,square,-15.4002695,27.8552235,13.0,False
Unnamed settlement,square,-16.5539874,28.0802187,215.0,False
Roque Chico,locality,-16.4713352,28.3904562,1265.0,False
Fuente de las Burras,locality,-16.430346,28.4264788,1082.0,False
El Escobonal,hamlet,-16.4277952,28.2635898,496.0,False
La Medida,hamlet,-16.4092487,28.2800714,491.0,False
Fasnia,village,-16.4393504,28.2356006,425.0,False
La Sombrera,hamlet,-16.4583868,28.2218636,516.0,False
Icor,hamlet,-16.455887,28.2044017,334.0,False
Arico Viejo,hamlet,-16.4797981,28.1825227,388.0,False
Arico el Nuevo,hamlet,-16.4797479,28.1780947,361.0,False
Villa de Arico,village,-16.5016992,28.1665942,557.0,False
La Cisnera,hamlet,-16.5047354,28.1612027,542.0,False
La Zarza,hamlet,-16.4555889,28.2360569,667.0,False
Pino del Haba,locality,-16.5546467,28.160237,836.0,False
Plaza de la Constitución,square,-16.3317009,28.4035137,60.0,False
Plaza Alexander Von Humboldt,square,-16.33208,28.4034636,51.0,False
Cruz del Carmen,locality,-16.2798923,28.5310121,955.0,False
Cruz de Afur,isolated_dwelling,-16.2671291,28.5345377,987.0,False
Casas del Río,hamlet,-16.2768543,28.5401793,834.0,False
Enchirés,neighbourhood,-16.2409222,28.5510504,411.0,False
Roque Negro,hamlet,-16.2468659,28.5431904,529.0,False
Casas de la Cumbre,hamlet,-16.2364059,28.5359714,832.0,False
Los Campitos,neighbourhood,-16.2624372,28.4845646,354.0,False
Valle Jiménez,suburb,-16.2785304,28.4880724,361.0,False
Valle Tabares,suburb,-16.2915337,28.4834329,346.0,False
Barrio Nuevo,suburb,-16.2688387,28.4731602,187.0,False
Cueva Roja,locality,-16.2687842,28.4753093,216.0,False
Las Canteras,neighbourhood,-16.3066461,28.5133718,601.0,False
La Alegría,suburb,-16.2437234,28.4833016,55.0,False
La Salud,suburb,-16.2725667,28.470775,155.0,False
Plazita de Los Almendros,square,-16.4514972,28.4483963,501.0,False
Las Piletas,isolated_dwelling,-16.2297214,28.5512879,634.0,False
Las Raíces,locality,-16.3779068,28.4260355,1079.0,False
Las Lagunetas,hamlet,-16.4079704,28.4158874,1420.0,False
El Bailadero,hamlet,-16.2045874,28.5502142,674.0,False
La Cumbrilla,hamlet,-16.1549881,28.5660123,608.0,False
Cañada de los Guancheros,locality,-16.597031,28.3119989,2036.0,False
El Portillo,hamlet,-16.5649414,28.3059713,2038.0,False
Chiñama,hamlet,-16.5965193,28.1093429,647.0,False
Chasna,hamlet,-16.5282281,28.3665761,828.0,False
La Asomada,hamlet,-13.690837,28.9611209,319.0,False
Caserío de las Fuentes,hamlet,-16.7426118,28.1936095,1019.0,False
Casa de los Poleos,isolated_dwelling,-16.7358326,28.1945433,1178.0,False
Unnamed settlement,square,-16.3008192,28.4494954,341.0,False
Valle de Ucanca,locality,-16.6198281,28.2008452,2145.0,False
Pino el Tarro,locality,-16.706342,28.1837303,1534.0,False
Lomo Corto,locality,-16.7366069,28.2058285,1239.0,False
Conil,hamlet,-13.6680215,28.9679343,298.0,False
Plaza de María Auxiliadora,square,-16.2573449,28.4652081,44.0,False
Gallegos,hamlet,-17.8398186,28.8285526,349.0,False
Los Majanos,hamlet,-16.7473393,28.3632402,500.0,False
Plaza de Valle Colino,square,-16.2999914,28.4771073,418.0,False
Terraplén,plot,-16.3249257,28.4745081,597.0,False
Salto del Negro,suburb,-15.4271742,28.0620403,139.0,False
Llano Grande,hamlet,-17.7776619,28.6971281,293.0,False
Casas del Contador,isolated_dwelling,-16.5363803,28.2092897,1249.0,False
Aldea Blanca,suburb,-16.6272516,28.0666392,219.0,False
Caserío de la Hoya,hamlet,-16.6318971,28.0851458,491.0,False
Tamaide,neighbourhood,-16.6261787,28.0939957,582.0,False
Plaza de las Víctimas del Terrorismo,square,-16.2543152,28.4670552,45.0,False
Araya,village,-16.3936041,28.3623165,348.0,False
Las Barreras,hamlet,-16.3634873,28.4185248,807.0,False
Unnamed settlement,square,-15.4284418,28.1398567,6.0,False
Arecida,neighbourhood,-17.9483641,28.6887754,589.0,False
Carrizal Bajo,hamlet,-16.8647249,28.3209535,432.0,False
Carrizal Alto,hamlet,-16.8562911,28.3193734,624.0,False
La Bica,hamlet,-16.841903,28.3114727,733.0,False
El Turrón,hamlet,-16.8427093,28.3093454,638.0,False
Lomo de Masca,hamlet,-16.837141,28.3028277,618.0,False
Aldea Blanca,suburb,-15.4750285,27.8413079,182.0,False
El Ingenio,hamlet,-15.5486525,27.9006194,543.0,False
Tiñor,hamlet,-17.9340543,27.7882845,935.0,False
Calzada Rompeculos,locality,-17.9814934,27.7979465,587.0,False
AENA,plot,-15.4198864,27.8568399,35.0,False
Sabinosa,hamlet,-18.0968006,27.747588,271.0,False
Pozo de la Salud,hamlet,-18.1041205,27.7559653,24.0,False
Guarazoca,hamlet,-17.9735682,27.8095068,611.0,False
El Mocanal,village,-17.9428265,27.8210684,495.0,False
Echedo,hamlet,-17.9219443,27.8333848,361.0,False
Tamaduste,hamlet,-17.8952498,27.8250057,15.0,False
Buen Paso,hamlet,-14.11627,28.3868865,119.0,False
Mezquez,hamlet,-14.1210043,28.37656,146.0,False
Degollada de la Cumbre,locality,-15.5918031,27.9853654,1581.0,False
La Culata,hamlet,-15.6006171,27.977156,1224.0,False
"Plazoleta Pedro Gómez Cuenca ""Charlot""",square,-16.2504373,28.4693003,38.0,False
Unnamed settlement,square,-16.4301666,28.1649036,4.0,False
Unnamed settlement,square,-16.4713574,28.1095763,2.0,False
Plaza Carmelo García del Castillo,square,-16.2533868,28.457353,11.0,False
Punta Brava,suburb,-16.5654661,28.4111616,15.0,False
San Vicente,neighbourhood,-16.5906856,28.3938718,168.0,False
Puerto de las Nieves,neighbourhood,-15.710613,28.1017243,15.0,False
Santa María de Guía de Gran Canaria,town,-15.6318282,28.1390522,199.0,False
San Juan de los Perales,suburb,-16.4060812,28.4997053,410.0,False
Guayero,hamlet,-16.6750625,28.1477567,1235.0,False
Mohino,isolated_dwelling,-16.6695461,28.1499981,1348.0,False
Valleseco,suburb,-16.23873,28.488345,51.0,False
Unnamed settlement,square,-15.3748591,28.002746,9.0,False
Unnamed settlement,square,-15.4281579,28.143741,8.0,False
Plazoleta Los Afligidos,square,-16.5636634,28.3889861,286.0,False
Toscal-Longuera,suburb,-16.5755624,28.3982894,163.0,False
Las Dehesas,village,-16.5642893,28.4033855,106.0,False
La Vera,neighbourhood,-16.5534356,28.3959167,205.0,False
Unnamed settlement,square,-16.5618268,28.3867092,311.0,False
Tufia,hamlet,-15.380031,27.9629647,26.0,False
Plaza Francisco Delgado y Diaz Flores,square,-16.4401817,28.2362396,436.0,False
Plaza Juan de Casto y Baute,square,-16.4419661,28.2286226,375.0,False
Plaza San Juan Bosco,square,-16.5211542,28.3956694,312.0,False
Roque del Peral,locality,-16.5775775,28.3033652,2087.0,False
Pino de Don Tomás,locality,-16.4318706,28.2926419,1059.0,False
Amagar,neighbourhood,-17.9363384,28.6667476,333.0,False
Plaza Francisco Hernández Barroso,square,-16.2665968,28.4701745,107.0,False
Tendiña,hamlet,-17.8966364,28.6393945,449.0,False
Unnamed settlement,square,-16.5938778,28.0292044,11.0,False
Unnamed settlement,square,-16.5919401,28.029507,14.0,False
Plaza Las Rocas,square,-16.5878576,28.0293234,2.0,False
Plaza Las Majoreras,square,-15.4003106,27.9177017,66.0,False
Plaza de la Igualdad,square,-16.4541245,28.446213,481.0,False
Unnamed settlement,plot,-15.4479786,27.9181146,365.0,False
Plaza Franchy Alfaro,square,-16.5219701,28.3934151,339.0,False
Los Morales,isolated_dwelling,-16.283562,28.548301,534.0,False
Plazoleta Marinos del Puerto,square,-16.5859873,28.3876887,260.0,False
Cuatro Veredas,locality,-16.3988244,28.4411456,1112.0,False
Unnamed settlement,square,-16.3177209,28.4815072,551.0,False
Plaza de la Iglesia,square,-16.5885753,28.3855253,264.0,False
Plaza Domínguez Alfonso,square,-16.5882604,28.3859363,258.0,False
Plaza de las Panaderas,square,-16.5801906,28.388414,254.0,False
Plaza entre Pueblos,square,-16.5390679,28.3959995,203.0,False
Plaza Manuel Ballesteros,square,-16.5650299,28.411342,10.0,False
Plaza Reverendo Antonio Hernández Hernández,square,-16.5650987,28.4100195,20.0,False
Plaza Poeta Antonio Reyes,square,-16.6122353,28.3840777,557.0,False
Plaza Cueva Bermeja,square,-16.2169341,28.4962765,42.0,False
Plaza Arquitecto Alberto Sartoris,square,-16.2508603,28.475319,48.0,False
Plaza Irenéo González,square,-16.2531539,28.4694317,49.0,False
Unnamed settlement,square,-16.3355662,28.3977044,11.0,False
Plaza de D. Antonio Montes Bautista,square,-16.6512263,28.3939391,59.0,False
Plaza de Rosario Oramas,square,-16.6478392,28.3946884,64.0,False
Parque de Los Canarios,square,-15.4391934,28.1097556,155.0,False
Plaza Mencía Díaz de Clavijo,square,-16.3130741,28.4867713,553.0,False
Plaza Antonio Mederos Sosa,square,-16.3182996,28.4874571,552.0,False
Plaza Secundino Delgado,square,-16.3173316,28.4860131,549.0,False
Unnamed settlement,plot,-15.3971303,27.9506155,62.0,False
Unnamed settlement,plot,-15.3959032,27.9515467,50.0,False
Unnamed settlement,plot,-15.3949981,27.9522622,45.0,False
Unnamed settlement,plot,-15.3929003,27.9515974,39.0,False
Unnamed settlement,plot,-15.3934196,27.9516035,44.0,False
Ladera de Cuyás,neighbourhood,-15.4250789,28.1106296,56.0,False
Plaza Manuel Verdugo,square,-16.3222426,28.4922094,559.0,False
Unnamed settlement,square,-16.3211196,28.4916257,559.0,False
Plaza del Cristo,square,-16.4123402,28.4810798,494.0,False
Unnamed settlement,plot,-16.5359847,28.0478989,13.0,False
Plaza Cruz del Señor,square,-16.2716269,28.4647881,137.0,False
Plaza Francisco Arteaga García,square,-16.2719382,28.4652565,131.0,False
Plaza Mascareño,square,-16.269685,28.4664415,111.0,False
Unnamed settlement,plot,-15.4972477,27.9953029,567.0,False
Unnamed settlement,plot,-15.4980834,27.9932316,571.0,False
Unnamed settlement,islet,-16.7261302,28.0724742,50.0,False
Cuatro Esquinas,hamlet,-16.4009622,28.3570462,426.0,False
Caporuzo,locality,-16.5785013,28.1584818,1156.0,False
El Pinar,neighbourhood,-17.9779171,28.7743048,680.0,False
El Pino,neighbourhood,-17.9795357,28.7658544,734.0,False
La Degollada,hamlet,-13.7819115,28.9327929,316.0,False
La Isleta,locality,-15.4215141,28.164694,121.0,False
La Solana,hamlet,-15.5656775,27.8932131,647.0,False
Plazoleta Tegoyo,square,-15.4183291,28.0898706,20.0,False
Plazoleta Upsalo,square,-15.417997,28.0903226,20.0,False
Plazoleta Bagacera,square,-15.4180055,28.0891351,22.0,False
Plazoleta Lindos,square,-15.4187261,28.0893404,22.0,False
Plazoleta Puntallana,square,-15.4177446,28.0897264,20.0,False
Plazoleta Visvique,square,-15.4182315,28.0885464,21.0,False
Plazoleta Benizola,square,-15.4189425,28.0887121,23.0,False
Plazoleta Beritza,square,-15.4191229,28.0880502,23.0,False
Casa Los Tomillos,isolated_dwelling,-16.824073,28.3273703,1010.0,False
Unnamed settlement,square,-15.4485863,27.8465097,107.0,False
Unnamed settlement,square,-15.4502645,27.8448509,112.0,False
Unnamed settlement,square,-15.4429407,27.8471747,97.0,False
Unnamed settlement,square,-15.4399104,27.8497676,92.0,False
Unnamed settlement,square,-15.4149503,28.0757513,14.0,False
Plaza Ermita Nuestra Señora de la Concepción,square,-17.7793891,28.6745651,381.0,False
Las Eras,hamlet,-16.4229327,28.1947179,12.0,False
Los Roques,hamlet,-16.4143282,28.2200849,22.0,False
El Tablado,hamlet,-16.402859,28.24072,13.0,False
La Caleta,hamlet,-16.3847488,28.2735882,19.0,False
Punta Prieta,hamlet,-16.3877528,28.2647248,6.0,False
Pájara,hamlet,-16.4054554,28.2843782,478.0,False
Lomo de Mena,hamlet,-16.418609,28.2716417,547.0,False
El Socorro,hamlet,-16.3638352,28.3267513,10.0,False
El Tablero,suburb,-16.3356525,28.4249939,470.0,False
San Isidro,hamlet,-16.3226814,28.4140671,288.0,False
Plaza Domínguez Alonso,square,-16.7196758,28.3664405,249.0,False
Plaza Luis León Huerta,square,-16.7191968,28.3675376,241.0,False
Plaza de la Constitución,square,-16.7212723,28.3665379,237.0,False
La Vica,hamlet,-16.4371452,28.4370958,840.0,False
Plaza de la Hornilla,square,-16.3671742,28.3601466,14.0,False
Plaza de la Villa de Teror,square,-16.3710598,28.3551826,17.0,False
Lomito de Taidía,hamlet,-15.5524905,27.9310807,877.0,False
Risco Blanco,hamlet,-15.557194,27.9396061,1005.0,False
El Sequero,hamlet,-15.589017,27.9327936,1072.0,False
Costanera,hamlet,-16.3130007,28.4108617,155.0,False
Tabaiba Baja,hamlet,-16.3317762,28.402878,46.0,False
Tabaiba Media,hamlet,-16.3314114,28.4075966,231.0,False
Tabaiba Alta,hamlet,-16.3339434,28.4102955,323.0,False
Radazul Alto,hamlet,-16.3267122,28.4071247,219.0,False
Llano Blanco,hamlet,-16.3295086,28.4110834,284.0,False
El Chorrillo,neighbourhood,-16.3180487,28.4241051,326.0,False
Las Rosas,village,-16.371453,28.4398642,952.0,False
Machado,hamlet,-16.339932,28.4158656,453.0,False
Llano del Moro,suburb,-16.3343019,28.442223,588.0,False
Bocacangrejo,hamlet,-16.3137861,28.4068492,13.0,False
Lomo Pelado,hamlet,-16.3684563,28.4395342,927.0,False
Acorán,suburb,-16.3046395,28.4171251,134.0,False
Añaza,suburb,-16.2998878,28.4245049,144.0,False
La Gallega,suburb,-16.3213527,28.433348,428.0,False
La Capilla,hamlet,-17.9871404,28.7813232,529.0,False
Pinto,hamlet,-17.9867766,28.7778077,553.0,False
Punta Larga,neighbourhood,-16.3652457,28.3672237,15.0,False
Barranco Hondo,suburb,-16.3580444,28.399842,390.0,False
La Viuda,hamlet,-16.3679684,28.340652,21.0,False
Las Cuevecitas,village,-16.3998765,28.3576244,420.0,False
Malpaís,hamlet,-16.4010994,28.3505105,344.0,False
La Hidalga,hamlet,-16.3961973,28.333307,214.0,False
La Hoya,hamlet,-16.4185512,28.3147509,326.0,False
Chacaica,hamlet,-16.4184654,28.3181133,357.0,False
Guaza,village,-16.414367,28.311615,302.0,False
San Juan,hamlet,-16.4246238,28.3071661,431.0,False
La Corujera,hamlet,-16.4215553,28.3071756,386.0,False
Porís de Abona,village,-16.4325783,28.16408,3.0,False
Abades,hamlet,-16.4421484,28.1440024,22.0,False
Las Listadas,hamlet,-16.4611921,28.1227571,18.0,False
La Caleta,hamlet,-16.476816,28.1025606,15.0,False
San Miguel de Tajao,hamlet,-16.4707086,28.1096228,8.0,False
La Sabinita,hamlet,-16.4962494,28.1802374,544.0,False
Pino las Mujeres,locality,-16.4855352,28.3927925,1124.0,False
Los Sanguinos,locality,-16.4815766,28.3931431,1221.0,False
Lomo El Canario,locality,-16.4912053,28.4021218,859.0,False
La Traviesa,hamlet,-17.947946,28.7586843,1230.0,False
Santa María del Mar,neighbourhood,-16.306465,28.4250935,209.0,False
Barranco Grande,suburb,-16.3097428,28.4371032,326.0,False
El Sobradillo,suburb,-16.3150233,28.4423275,405.0,False
Roque Bermejo,hamlet,-16.1351761,28.578322,14.0,False
Unnamed settlement,square,-15.3996315,28.0238666,71.0,False
Unnamed settlement,square,-15.3992256,28.0239215,70.0,False
El Fayal,locality,-17.9732394,28.7779451,714.0,False
Plaza Cruz Verde,square,-16.5215072,28.3845383,468.0,False
Arinaga,suburb,-15.3941638,27.8572312,15.0,False
Juan Grande,neighbourhood,-15.4719825,27.8078517,35.0,False
Unnamed settlement,plot,-16.6541971,28.0064101,4.0,False
Unnamed settlement,plot,-16.6539341,28.0064333,2.0,False
Unnamed settlement,plot,-16.6540383,28.0063384,4.0,False
Unnamed settlement,plot,-16.6538081,28.0064398,2.0,False
Unnamed settlement,plot,-16.6534603,28.0064446,-1.0,True
Plaza de la Concordia,square,-15.5839188,28.1096523,492.0,False
El Rosarito,neighbourhood,-16.301257,28.4423621,288.0,False
Tíncer,suburb,-16.3042292,28.4440433,333.0,False
Cueva Bermeja,neighbourhood,-16.2161156,28.4961362,30.0,False
Valle Brosque,neighbourhood,-16.2261823,28.5232626,272.0,False
Valle Crispín,hamlet,-16.2372866,28.519284,244.0,False
Valle Grande,hamlet,-16.2414494,28.515136,240.0,False
El Suculum,quarter,-16.1893114,28.5122517,65.0,False
Taco,town,-16.2997811,28.4467554,297.0,False
Catalanes,neighbourhood,-16.2555448,28.5245241,599.0,False
San Miguel de Geneto,suburb,-16.3156204,28.4562135,491.0,False
La Cuesta,town,-16.2893066,28.4684719,341.0,False
Las Chumberas,suburb,-16.302313,28.4628164,436.0,False
Finca España,suburb,-16.297822,28.4742815,398.0,False
Gracia,suburb,-16.3057776,28.4731153,460.0,False
Guajara,suburb,-16.310715,28.4701553,493.0,False
Guamasa,suburb,-16.3709155,28.494253,615.0,False
Las Mercedes,suburb,-16.2959219,28.5186939,634.0,False
Jardina,village,-16.2861329,28.5189428,667.0,False
San Lázaro,suburb,-16.3386954,28.4910658,598.0,False
Tejina,village,-16.3636079,28.5333325,191.0,False
Valle de Guerra,village,-16.3942039,28.5202151,189.0,False
Unnamed settlement,square,-17.8385202,28.8288892,346.0,False
La Hija Cambada,locality,-16.2864175,28.5302073,909.0,False
La Galga,hamlet,-17.7639294,28.7650841,426.0,False
Unnamed settlement,square,-16.8397101,28.2332518,29.0,False
Las Paredes,neighbourhood,-17.7984864,28.8297293,481.0,False
Morro Grueso,locality,-16.7247837,28.1104857,288.0,False
Cuevas de Pi,locality,-16.7170709,28.1947375,1556.0,False
Plaza de San Telmo,square,-16.2497058,28.4618169,16.0,False
Charco del Pino,suburb,-16.5932352,28.1114064,640.0,False
Chimiche,hamlet,-16.5278353,28.1291387,404.0,False
Túnez,hamlet,-16.6676612,28.0995046,595.0,False
Plaza radioaficionado Manuel Pérez Pacheco,square,-16.4072932,28.3185073,264.0,False
Unnamed settlement,plot,-16.4452607,28.144754,36.0,False
Unnamed settlement,plot,-16.4451628,28.1453122,37.0,False
Unnamed settlement,plot,-16.4448246,28.1453264,36.0,False
Unnamed settlement,plot,-16.4445368,28.1440832,31.0,False
Unnamed settlement,plot,-16.4428987,28.1450294,26.0,False
Plaza de La Laguna,square,-17.9085694,28.6318454,306.0,False
Plaza de St. Jose de Caideros,square,-15.6488258,28.0769087,887.0,False
Plaza Salvador Goya,square,-16.4070538,28.4648538,747.0,False
Unnamed settlement,square,-16.7224072,28.0548968,58.0,False
El Hormiguero,hamlet,-15.5963106,28.1335714,192.0,False
Plaza la Llavita,square,-16.2674112,28.4739387,184.0,False
Buenos Aires,quarter,-16.267209,28.455353,90.0,False
Chamberí,suburb,-16.2746337,28.4504249,150.0,False
Los Gladiolos,suburb,-16.2678024,28.4603373,104.0,False
Tío Pino,suburb,-16.2726812,28.4596812,135.0,False
El Varadero,hamlet,-16.3356321,28.3977399,11.0,False
Plaza Francisco Afonso Carrillo,square,-16.5533613,28.4142139,21.0,False
Plaza del Pescador,square,-16.5562618,28.4130858,23.0,False
La Luna Baila,locality,-17.8822206,28.6395087,656.0,False
San Cristóbal de La Laguna,town,-16.3159422,28.4857715,560.0,False
Plaza del Tajinaste,square,-16.5523126,28.4035611,118.0,False
Plaza Talavera de la Reina,square,-16.5496003,28.3999466,161.0,False
Plaza Aguachica,square,-16.7324593,28.0897438,36.0,False
Plaza Canaria,square,-16.7343332,28.0910645,38.0,False
Plaza del Esquilón,square,-16.5532757,28.4076594,76.0,False
Unnamed settlement,square,-16.5347606,28.410525,122.0,False
Unnamed settlement,square,-16.7568367,28.3404666,919.0,False
Plaza La Paz,square,-16.5197907,28.3950071,327.0,False
Oasis 7,neighbourhood,-13.9498528,28.7270928,29.0,False
Oasis 4,neighbourhood,-13.9509496,28.7286527,34.0,False
Oasis 3,neighbourhood,-13.9487736,28.728739,28.0,False
Plaza de España,square,-17.9131579,28.6589416,355.0,False
Plaza Juan Pablo II,square,-17.9134398,28.6603834,346.0,False
Plaça,square,-15.532052,27.9803529,984.0,False
Plazoleta D. Rafael Márquez Campos,square,-16.4093665,28.3141682,266.0,False
Plaza Domingo Cruz Cabrera,square,-16.3111429,28.4805185,513.0,False
La Atalaya,suburb,-15.479601,28.0275369,559.0,False
Guillama,hamlet,-17.2984041,28.2046045,168.0,False
Cala de Tacorón,locality,-18.0261216,27.6707061,8.0,False
Unnamed settlement,square,-16.5636382,28.3940258,230.0,False
Plaza Las Dehesas,square,-16.5646425,28.4034379,103.0,False
Degollada de las Hijas,locality,-16.2517424,28.5334587,759.0,False
Unnamed settlement,square,-16.5516983,28.3880801,286.0,False
Unnamed settlement,square,-16.5542167,28.3872262,296.0,False
"Plaza Paco ""El Galano""",square,-16.554311,28.3881931,287.0,False
Plaza La Corujera,square,-16.4929869,28.4152081,490.0,False
Plaza Latinoamérica,square,-16.5756475,28.3973149,175.0,False
Unnamed settlement,plot,-17.9047286,28.6327571,325.0,False
"Plaza Ángel González ""Jalisco""",square,-16.5232842,28.3948392,308.0,False
Unnamed settlement,square,-14.0126677,28.3882927,233.0,False
Plaza Primero de Mayo,square,-16.2524741,28.4632561,22.0,False
Plaza Manuel Velázquez Cabrera,square,-14.0358718,28.3514711,247.0,False
Plaza San Miguel,square,-14.0492933,28.3255021,202.0,False
Unnamed settlement,square,-16.6566043,28.391782,117.0,False
Unnamed settlement,plot,-15.3735002,27.9951926,30.0,False
Unnamed settlement,plot,-15.371134,27.9942378,22.0,False
Oasis 5,neighbourhood,-13.9525993,28.7280804,25.0,False
Oasis 6,neighbourhood,-13.9513443,28.7263423,29.0,False
Oasis 8,neighbourhood,-13.9477584,28.7273249,30.0,False
Unnamed settlement,plot,-17.2348147,28.0524929,674.0,False
Plaza De Alcaravaneras,square,-15.4294686,28.1327456,12.0,False
Unnamed settlement,square,-16.5926872,28.1354235,930.0,False
Unnamed settlement,square,-16.5930691,28.1366692,934.0,False
Unnamed settlement,square,-15.3782133,27.9969803,45.0,False
Unnamed settlement,plot,-15.3727436,27.9951434,32.0,False
Unnamed settlement,square,-17.8583982,28.5003505,477.0,False
Plaza Santa Rita,square,-17.7734039,28.8124219,187.0,False
Monteverde,locality,-16.5174026,28.3542556,1216.0,False
Comunidad La Lumbre,hamlet,-15.6490411,27.8194032,448.0,False
Quise,hamlet,-17.2562231,28.0464344,466.0,False
La Corujera,suburb,-16.492612,28.4149287,500.0,False
Casas Blancas,hamlet,-15.5531106,27.9052363,562.0,False
Unnamed settlement,plot,-17.1107231,28.0931194,15.0,False
Unnamed settlement,plot,-17.1105922,28.0929976,21.0,False
Roque del Faro,neighbourhood,-17.8789201,28.8033015,1014.0,False
Juan Adalid,hamlet,-17.9016728,28.8429567,252.0,False
Los Roquitos,locality,-16.4275599,28.1706266,5.0,False
Unnamed settlement,plot,-17.9055688,28.6335332,324.0,False
Plaza de La Montaña Tenisca,square,-17.9173313,28.657293,360.0,False
La Matanza de Acentejo,town,-16.4523156,28.4505127,478.0,False
Hoya de Pineda,hamlet,-15.6379473,28.1139371,502.0,False
Caideros,hamlet,-15.6476741,28.0767643,894.0,False
El Hornillo,hamlet,-15.6606531,28.0558,768.0,False
Urbanización la Suerte,hamlet,-15.6775998,28.090097,204.0,False
Fagajesto,hamlet,-15.6467699,28.0606128,997.0,False
Acusa Verde,hamlet,-15.6906385,28.0009753,723.0,False
Buenavista,neighbourhood,-15.6528632,28.116512,396.0,False
Las Rosas,hamlet,-15.8021658,27.9265773,245.0,False
Tasarte,hamlet,-15.7595298,27.9242313,459.0,False
La Aldea de San Nicolás,town,-15.779715,27.9827393,81.0,False
La Higuerilla,hamlet,-15.6514363,27.9979536,752.0,False
La Solana,hamlet,-15.6585999,27.9855475,654.0,False
El Horno,hamlet,-15.6617126,27.8465918,161.0,False
Barranquillo Andrés,hamlet,-15.6769508,27.8952397,642.0,False
Cercados de Espino,neighbourhood,-15.6613447,27.8529303,194.0,False
Soria,hamlet,-15.6687052,27.9064458,638.0,False
Llano de Ucanca,locality,-16.6419842,28.2175996,2008.0,False
Llano de Ucanca,locality,-16.6447824,28.2094274,2013.0,False
Plaza de San Borondón,square,-15.3785518,28.0091649,25.0,False
Unnamed settlement,square,-15.3776393,28.0084354,23.0,False
"Plaza ""Pedro Schwartz""",square,-16.2566604,28.4662929,54.0,False
Llanos del Hospital,locality,-16.7326869,28.3054887,1532.0,False
Plaza de La Caleta,square,-16.4767477,28.102584,15.0,False
Hoya del Pozo,suburb,-15.3772767,28.0023106,25.0,False
Calero Alto,suburb,-15.3994517,27.9966765,89.0,False
La Viña,neighbourhood,-15.3987865,27.9905945,93.0,False
Carrizal,suburb,-15.4044192,27.9124052,76.0,False
La Garita,suburb,-15.3790646,28.007659,13.0,False
La Montañeta,suburb,-15.3933578,27.9927356,79.0,False
Calero Bajo,suburb,-15.3962975,27.9951797,82.0,False
Las Puntillas,neighbourhood,-15.3961687,27.922077,47.0,False
El Goro,suburb,-15.3989367,27.958663,110.0,False
Playa del Hombre,suburb,-15.3757839,27.9951987,48.0,False
Casas Nuevas,suburb,-15.3907721,27.9932471,65.0,False
Taliarte,neighbourhood,-15.3737573,27.9924864,46.0,False
Cruce de Melenara,suburb,-15.3924415,27.9953293,68.0,False
Playa de Salinetas,neighbourhood,-15.3779511,27.9810823,16.0,False
Las Huesas,suburb,-15.3932934,27.985289,78.0,False
Playa de Melenara,suburb,-15.3762647,27.988074,9.0,False
El Rincón,hamlet,-15.5306225,27.9798506,968.0,False
La Barrera,neighbourhood,-15.4718537,27.9958926,482.0,False
Tenteniguada,neighbourhood,-15.5234102,27.9859398,813.0,False
Lomo Magullo,neighbourhood,-15.4600697,27.9836215,402.0,False
Valsequillo,village,-15.4985724,27.9916331,582.0,False
Aríñez,neighbourhood,-15.5684276,28.0181134,1186.0,False
Tafira Alta,suburb,-15.4709132,28.0497054,448.0,False
Piedra del Cuervo,locality,-16.4530913,28.3956222,1429.0,False
Palo Blanco,suburb,-16.5778533,28.365185,667.0,False
Los Realejos,town,-16.58385,28.3814745,333.0,False
La Cruz Santa,suburb,-16.5681104,28.3777463,455.0,False
Risco Miguel,locality,-16.5898868,28.3556285,1171.0,False
El Pinar,hamlet,-16.5962408,28.1537246,1239.0,False
Las Canales Altas,hamlet,-16.5931285,28.1399354,970.0,False
El Taro,isolated_dwelling,-16.5369761,28.1590225,692.0,False
Las Maretas,hamlet,-16.4816195,28.099637,10.0,False
Risco del Muerto,locality,-16.5685426,28.1595547,1036.0,False
La Florida,locality,-16.5946117,28.1717324,1569.0,False
Chavao,locality,-16.6947227,28.2206768,2061.0,False
Mesas de Guaza,locality,-16.6949714,28.0385832,169.0,False
Llano de las Mesas,locality,-16.7022349,28.0342255,136.0,False
Plaza Miguel Díaz Suculum,square,-16.1888762,28.5122229,85.0,False
Balcón de Zamora,hamlet,-15.5673831,28.0552234,909.0,False
Valleseco,town,-15.5744925,28.0501609,984.0,False
Lanzarote,neighbourhood,-15.5801718,28.0379237,1116.0,False
Madrelagua,hamlet,-15.5694361,28.0351157,1024.0,False
Puerto de la Estaca,hamlet,-17.9025767,27.7860131,7.0,False
Cañada de la Grieta,locality,-16.584349,28.2397913,2082.0,False
Cañada de las Pilas,locality,-16.5563884,28.2571158,2045.0,False
Cañada de los Chupaderos,locality,-16.5559249,28.2848051,2091.0,False
Cañada de Diego Hernández,locality,-16.55084,28.2708063,2074.0,False
Cañada El Montón de Trigo,locality,-16.5971025,28.2261567,2171.0,False
Llano de Maja,locality,-16.5437537,28.2920076,2278.0,False
Minas de San José,locality,-16.5895981,28.2663008,2302.0,False
Unnamed settlement,square,-16.3618641,28.3763542,28.0,False
Unnamed settlement,plot,-16.3694459,28.3613961,36.0,False
Unnamed settlement,plot,-16.3696303,28.3610509,40.0,False
Unnamed settlement,plot,-16.3697012,28.3614357,40.0,False
Unnamed settlement,square,-16.3696256,28.3619399,38.0,False
Unnamed settlement,square,-16.3692069,28.3607064,30.0,False
Unnamed settlement,plot,-16.3686457,28.3607668,25.0,False
Unnamed settlement,plot,-16.3687098,28.3604337,24.0,False
Unnamed settlement,plot,-16.3685164,28.3602629,22.0,False
Casas de Tamadaya de Arriba,isolated_dwelling,-16.499419,28.1911529,590.0,False
La Degollada,hamlet,-16.4845785,28.1814583,422.0,False
Casas de Tamadaya de Abajo,isolated_dwelling,-16.4949843,28.187978,540.0,False
Ortiz,isolated_dwelling,-16.5174444,28.1875818,809.0,False
Camas Verdes,locality,-16.5728495,28.2002946,1730.0,False
Unnamed settlement,square,-16.3153253,28.490137,560.0,False
Unnamed settlement,plot,-16.3188866,28.4912047,558.0,False
Unnamed settlement,square,-16.2882819,28.4504449,278.0,False
Unnamed settlement,plot,-16.3170701,28.4896921,560.0,False
Casas de Teresme,locality,-16.6960197,28.1657395,1409.0,False
Aponte,isolated_dwelling,-16.7114787,28.1587607,1158.0,False
Iserse,isolated_dwelling,-16.7174985,28.172376,1264.0,False
Unnamed settlement,islet,-16.7256709,28.0717368,55.0,False
Unnamed settlement,islet,-16.7256938,28.072133,51.0,False
El Grillo,isolated_dwelling,-16.723491,28.1620127,1019.0,False
Rincón Leonardo Lantigua,square,-15.6069893,28.0567118,1018.0,False
Placetilla Alcalde José Antonio Rodríguez Rodríguez,square,-15.646698,28.0202559,1235.0,False
Plaza de Santa Lucia,square,-15.6549899,28.1453112,127.0,False
Plaza Tomás Morales,square,-15.5836454,28.1107447,489.0,False
Plaza del Espíritu Santo,square,-15.4163406,28.099946,29.0,False
El Burgado,suburb,-16.5704568,28.4055139,60.0,False
Cuatro Caminos,hamlet,-16.4835321,28.4248138,305.0,False
Risco Caido,neighbourhood,-16.5142759,28.4020829,248.0,False
El Pinito,hamlet,-16.5086922,28.4073008,255.0,False
El Farrobillo,neighbourhood,-16.4822023,28.4225082,346.0,False
San Antonio,village,-16.4570832,28.4382116,505.0,False
La Resbala,neighbourhood,-16.4596017,28.4360048,478.0,False
Los Rechazos,hamlet,-16.5183364,28.4047219,204.0,False
Unnamed settlement,neighbourhood,-16.7051192,28.0216812,8.0,False
Hoya Grande,hamlet,-16.7661324,28.156362,377.0,False
El Salto del Camino Real,hamlet,-16.4245796,28.2621296,469.0,False
Oasis 9,neighbourhood,-13.9460273,28.7288924,29.0,False
Oasis 1,neighbourhood,-13.9457507,28.7312629,24.0,False
Oasis 2,neighbourhood,-13.9467238,28.7303583,30.0,False
Pasos Largos,hamlet,-16.771902,28.1597774,332.0,False
Las Pilas,locality,-16.791376,28.1966512,312.0,False
Las Charquetas,locality,-16.8026685,28.1859501,69.0,False
El Chiratal,locality,-16.7863004,28.1920238,318.0,False
Altavista,locality,-16.7621567,28.1727877,552.0,False
Las Moraditas,suburb,-16.2888822,28.4446497,261.0,False
Cuevas Blancas,neighbourhood,-16.3102245,28.4313072,277.0,False
La Mesa,locality,-16.3902166,28.3773408,638.0,False
Los Baldíos,suburb,-16.3274998,28.4705802,629.0,False
Las Toscas,neighbourhood,-16.3472291,28.5232219,347.0,False
Tigaday,village,-18.0128396,27.7516609,270.0,False
Centro Móvil de Atención Temporal de Extranjeros,locality,-17.9586755,27.7727644,1058.0,False
La Fortaleza,hamlet,-16.2582951,28.5191753,691.0,False
Cueva de la Paja,locality,-16.2608707,28.5119135,426.0,False
El Cantillo,village,-16.4040366,28.4792025,564.0,False
El Torreón,neighbourhood,-16.397982,28.4813762,586.0,False
Los Naranjeros,neighbourhood,-16.3920272,28.4846252,588.0,False
Plaza mayor de la Verdellada,square,-16.3063633,28.4805068,500.0,False
Unnamed settlement,square,-16.2795724,28.4723119,244.0,False
Los Berros,isolated_dwelling,-16.2603538,28.5195509,650.0,False
Caserío la Galería,isolated_dwelling,-16.2493645,28.5269193,491.0,False
Barrio Nuevo,suburb,-16.3095429,28.4789226,498.0,False
Batán de Arriba,isolated_dwelling,-16.2904277,28.5436009,464.0,False
La Verdellada,suburb,-16.3072175,28.4811157,503.0,False
Cercado Mesa,suburb,-16.3109642,28.4764827,498.0,False
Batán de Abajo,isolated_dwelling,-16.2938599,28.5473883,363.0,False
Plaza Edificio El Mastil,square,-16.2474785,28.4729975,24.0,False
Cabezo de Toro,hamlet,-16.2808482,28.5440228,801.0,False
Caldera Los Marteles,hamlet,-15.5356262,27.9585565,1465.0,False
Las Rosas,suburb,-16.6530852,28.0228138,43.0,False
Llano las Goteras,locality,-16.389589,28.4375842,1177.0,False
El Peladero,hamlet,-16.3083913,28.5480726,416.0,False
La Orilla,locality,-16.329685,28.5324205,686.0,False
Casa de Manuel Chajara,isolated_dwelling,-16.7545913,28.165659,607.0,False
El Tributo,isolated_dwelling,-16.737904,28.1700365,920.0,False
El Roque,locality,-16.7447395,28.1700821,701.0,False
La Vista,hamlet,-16.7440785,28.1774676,874.0,False
El Sao,hamlet,-15.6589036,28.0615579,525.0,False
Los Berrazales,hamlet,-15.6606202,28.0697849,373.0,False
Vecindad de Enfrente,hamlet,-15.6724756,28.0790621,228.0,False
San Pedro,hamlet,-15.6715529,28.0811067,201.0,False
Cuesta de Silva,locality,-15.6029798,28.1411463,266.0,False
Guriete,hamlet,-15.5137929,27.8764238,571.0,False
Llano de la Piedra,locality,-15.5350433,27.898677,614.0,False
Los Lomillos,isolated_dwelling,-15.5940811,27.9356166,1222.0,False
Madroñal,hamlet,-15.5174604,28.0216142,688.0,False
El Juncal,hamlet,-15.6507089,27.954535,1117.0,False
El Carrizal,hamlet,-15.6806209,27.9803094,721.0,False
El Toscón,hamlet,-15.6652121,27.9688029,1101.0,False
Ronda,hamlet,-15.6561946,27.9567682,1212.0,False
Payba,neighbourhood,-16.1969109,28.5467951,534.0,False
La Hoya,isolated_dwelling,-16.1971734,28.5352761,251.0,False
El Majimial,locality,-16.224556,28.5303952,573.0,False
Cueva del Loro,locality,-16.4336201,28.4146445,1211.0,False
Cruz de Taganana,locality,-16.2282415,28.5423566,852.0,False
Aguamansa,village,-16.4988272,28.3644941,1020.0,False
Pinolere,hamlet,-16.499427,28.3783957,757.0,False
Los Órganos,locality,-16.4902169,28.3557523,1300.0,False
Las Veredillas,neighbourhood,-16.3068532,28.4409741,335.0,False
El Campanario,neighbourhood,-16.2003392,28.5603613,212.0,False
Moya,town,-15.583223,28.1107662,492.0,False
San José,village,-16.6452998,28.3796356,392.0,False
Hermigua,village,-17.1989529,28.1499249,285.0,False
Moradas de Abajo,isolated_dwelling,-16.8196937,28.3499333,449.0,False
Talavera,isolated_dwelling,-16.8300654,28.3556195,553.0,False
Los Andenes,suburb,-16.3056439,28.4493851,365.0,False
Benítez,isolated_dwelling,-16.6952527,28.1395841,1023.0,False
Unnamed settlement,square,-16.2783546,28.4647679,201.0,False
Unnamed settlement,square,-16.2920685,28.4674381,353.0,False
Las Canales,village,-16.7299544,28.367239,353.0,False
Las Cucharas,neighbourhood,-16.6759714,28.3839678,237.0,False
Unnamed settlement,square,-16.2664892,28.4554409,77.0,False
Unnamed settlement,square,-16.2666659,28.4558108,82.0,False
Unnamed settlement,square,-16.2803768,28.4682272,235.0,False
Cuevas Negras,hamlet,-16.8127754,28.3471607,481.0,False
Los Partidos de Franquis,hamlet,-16.7926131,28.3159086,1169.0,False
Riquel,locality,-16.7183252,28.3829341,69.0,False
Unnamed settlement,square,-16.2821299,28.4488124,213.0,False
Unnamed settlement,square,-16.2818908,28.4489161,209.0,False
14,plot,-16.7085888,28.3654158,341.0,False
Unnamed settlement,plot,-16.7088435,28.3650675,342.0,False
Unnamed settlement,plot,-16.7093622,28.3652756,335.0,False
Las Delicias,neighbourhood,-16.2822117,28.45285,232.0,False
Callejones,hamlet,-17.7722374,28.6048287,346.0,False
La Verada,hamlet,-17.7745909,28.6979058,263.0,False
La Florida,hamlet,-16.6698703,28.3598605,628.0,False
Vegaipala,hamlet,-17.2025461,28.0947699,862.0,False
El Sauce,hamlet,-16.5166588,28.3754761,657.0,False
El Cantillo,neighbourhood,-16.4866743,28.4167808,466.0,False
Bermudez,hamlet,-17.7706087,28.7914516,263.0,False
San Jeronimo Los Perales,hamlet,-16.4122441,28.4905448,426.0,False
San Borondón,neighbourhood,-17.9318324,28.6360406,105.0,False
Vega de las Mercedes,suburb,-16.2996637,28.5103416,592.0,False
El Tanque,hamlet,-17.7642548,28.7737354,317.0,False
Los Álamos,hamlet,-17.7677283,28.7114466,410.0,False
La Rambla,hamlet,-16.6281447,28.3953995,57.0,False
La Luz,neighbourhood,-16.3892804,28.4821876,617.0,False
Bajos y Tagoro,neighbourhood,-16.4775859,28.4289609,312.0,False
Barranco del Río,hamlet,-17.785685,28.6935272,254.0,False
Martin Luis,isolated_dwelling,-17.7389036,28.7193715,68.0,False
Cuesta del Llano de la Cruz,hamlet,-17.776338,28.6948973,240.0,False
Hacienda Perdida,suburb,-16.5147001,28.3799168,606.0,False
Temocodá,hamlet,-17.2822592,28.111622,1052.0,False
Santa Catalina,neighbourhood,-16.419173,28.483199,440.0,False
Adelantado,suburb,-16.4009018,28.4896946,520.0,False
Retamar,suburb,-17.9034562,28.6591727,404.0,False
Botazo,neighbourhood,-17.7969884,28.6679797,551.0,False
Campo de Golf,neighbourhood,-16.3802269,28.4874769,610.0,False
La Mancha,village,-16.6977504,28.3774367,220.0,False
La Vega,village,-16.7367365,28.3550343,676.0,False
Callejón de Ordaiz,hamlet,-17.1956651,28.1679063,113.0,False
Las Candías,hamlet,-16.5434488,28.386716,294.0,False
La Vega Lagunera,suburb,-16.3120231,28.5067395,573.0,False
Miranda,neighbourhood,-17.76127,28.6973714,132.0,False
La Vera,suburb,-16.4828833,28.4277256,277.0,False
Las Poyatas,hamlet,-17.1947122,28.1548632,211.0,False
Los Gómez,neighbourhood,-16.5074329,28.394796,381.0,False
Las Nieves,hamlet,-17.7830928,28.6941119,267.0,False
La Tierra del Trigo,hamlet,-16.8005649,28.3541359,491.0,False
El Pocito,hamlet,-17.766086,28.7033121,245.0,False
Piedra Gorda,hamlet,-17.1968711,28.1954076,154.0,False
Montes de Luna,neighbourhood,-17.8161146,28.5344941,745.0,False
Topaciegas,hamlet,-17.8239335,28.829837,422.0,False
Llano de Tenagua,isolated_dwelling,-17.7594754,28.7226541,547.0,False
Aguatavar,neighbourhood,-17.9664959,28.7317137,761.0,False
Poleal,hamlet,-17.7814039,28.6133862,482.0,False
Santa Bárbara,village,-16.6911567,28.3691298,380.0,False
Radazul,suburb,-16.3239529,28.4040298,133.0,False
Sabina Alta,hamlet,-16.4560822,28.2308201,644.0,False
Cho,neighbourhood,-16.6656709,28.0501772,149.0,False
Cardón,hamlet,-17.9297685,28.6435613,182.0,False
La Montañeta,hamlet,-16.7564954,28.3396427,930.0,False
Las Arenas,suburb,-16.5494118,28.3998476,171.0,False
Bellido,neighbourhood,-17.966646,28.73599,837.0,False
Los Frontones,neighbourhood,-16.5069097,28.3838569,584.0,False
Las Playas,hamlet,-17.955367,27.7252432,48.0,False
Benijos,suburb,-16.5461393,28.363217,870.0,False
El Ortigal,village,-16.3675671,28.4724177,731.0,False
Las Casas,hamlet,-17.1974771,28.1556763,205.0,False
Pajar de Bento,hamlet,-17.2190952,28.1837802,581.0,False
Miranda,neighbourhood,-17.7863837,28.6488243,366.0,False
San Simón,neighbourhood,-17.7702736,28.5934629,276.0,False
Santa Catalina,hamlet,-17.1824483,28.1773942,24.0,False
Tosca Barrios,neighbourhood,-16.4782566,28.4239131,340.0,False
Hoya Grande,neighbourhood,-17.922589,28.7930549,1129.0,False
Cruz del Roque,hamlet,-16.4491294,28.2200566,381.0,False
El Amparo,hamlet,-16.7150984,28.3555087,491.0,False
La Rajita,locality,-17.2975461,28.0500805,13.0,False
San Cristóbal,neighbourhood,-16.4522544,28.438541,580.0,False
Los Piquetes,neighbourhood,-16.7059132,28.3543623,524.0,False
El Salto,neighbourhood,-16.5601178,28.1035907,345.0,False
La Polvacera,hamlet,-17.7721986,28.6338485,276.0,False
San Miguel,hamlet,-16.5335931,28.3884829,310.0,False
Hoya Los Pablos,hamlet,-16.6709506,28.3786638,359.0,False
Cruz de Tierno,hamlet,-17.2388828,28.1731604,757.0,False
Ambrosio,hamlet,-17.2536682,28.162723,533.0,False
Las Cuevas,suburb,-16.5091899,28.4020865,285.0,False
Fuente Nueva,hamlet,-17.7695456,28.7763756,427.0,False
Meriga,hamlet,-17.23171,28.1562708,815.0,False
La Costa,neighbourhood,-17.9523233,28.6660622,329.0,False
Las Casas Altas,neighbourhood,-16.4026125,28.4763177,598.0,False
Lomo Colorado,neighbourhood,-16.3965726,28.4867609,561.0,False
La Mata,neighbourhood,-17.9037476,28.8063454,1036.0,False
El Llanito,neighbourhood,-17.7895052,28.6536967,364.0,False
Tenagua,neighbourhood,-17.7494324,28.7152735,307.0,False
Dehesa Baja,hamlet,-16.5171581,28.3996495,282.0,False
Tarajal,hamlet,-17.9435009,28.646724,8.0,False
El Desierto,hamlet,-16.5554997,28.1146096,425.0,False
Ciudad Vieja,hamlet,-17.7394512,28.7549627,204.0,False
Monte,neighbourhood,-17.7782982,28.6191664,396.0,False
Las Rosas,hamlet,-17.225751,28.1836357,578.0,False
Montaña Tenisca,suburb,-17.9188941,28.6572511,339.0,False
Las Nuevitas,hamlet,-17.1897742,28.1672522,120.0,False
Lomito Fragoso y Honduras,hamlet,-17.163241,28.1181204,190.0,False
La Puente,hamlet,-16.3986654,28.2493733,14.0,False
Los Gavilanes,hamlet,-16.4976828,28.1726018,505.0,False
Piedra Romana,hamlet,-17.1940114,28.1709106,174.0,False
Breña,neighbourhood,-17.7887429,28.6575516,331.0,False
Las Cabezadas,hamlet,-17.2012305,28.1585408,306.0,False
Las Lajitas,hamlet,-17.7661498,28.7005971,207.0,False
Inchereda,hamlet,-17.1670879,28.1334877,593.0,False
El Castillo,neighbourhood,-17.9629323,28.7937558,626.0,False
Lomo Espanta,hamlet,-17.7724844,28.7016446,262.0,False
Trevejos,hamlet,-16.6521433,28.1367106,1232.0,False
Lomo Machín,neighbourhood,-17.795346,28.8263837,473.0,False
Pino Alto,neighbourhood,-16.5012505,28.4004755,567.0,False
Santa Catalina,neighbourhood,-16.6573157,28.3914678,120.0,False
Malpaíses (Arriba),neighbourhood,-17.7870434,28.5773376,631.0,False
Guayonje,village,-16.4178003,28.488531,391.0,False
Erese,hamlet,-17.9625706,27.8139894,565.0,False
Las Zocas,suburb,-16.6077893,28.0802477,340.0,False
Quinta Zoca,neighbourhood,-17.7657037,28.8076651,85.0,False
Los Blanquitos,neighbourhood,-16.557147,28.1291006,543.0,False
El Socorro,hamlet,-16.3625377,28.5171603,306.0,False
El Roque,hamlet,-17.7657561,28.7764598,334.0,False
Las Rosas,neighbourhood,-16.6371473,28.3742288,599.0,False
Juan Mayor,hamlet,-17.7905852,28.679489,426.0,False
El Jesus,neighbourhood,-17.9509522,28.7009029,615.0,False
Los Barrancos,hamlet,-16.3927934,28.2602638,10.0,False
Jama,hamlet,-16.6458348,28.1109921,875.0,False
La Punta,hamlet,-17.9449589,28.6758685,515.0,False
Las Tierritas,hamlet,-17.7795038,28.6906117,277.0,False
Candelaria,hamlet,-17.7662518,28.7070673,299.0,False
El Pinalete,hamlet,-16.6644812,28.3740952,456.0,False
Tahodio,neighbourhood,-16.2519166,28.4918986,72.0,False
El Socorro,neighbourhood,-17.7675317,28.655627,110.0,False
Timijiraque,hamlet,-17.9140407,27.7671207,23.0,False
El Curato,hamlet,-17.1985192,28.1637667,158.0,False
La Perdoma,suburb,-16.5522073,28.3778064,454.0,False
La Palmita,hamlet,-17.8285355,28.8279959,402.0,False
Llano La Palma,hamlet,-17.7647134,28.7838507,230.0,False
San Antonio,suburb,-16.5348108,28.381891,398.0,False
Franceses,hamlet,-17.8615852,28.8259964,496.0,False
El Roque,neighbourhood,-16.6356061,28.0935886,635.0,False
Orotava,hamlet,-17.7766996,28.7916181,371.0,False
Los Bellos,hamlet,-17.2740078,28.1709664,296.0,False
Tagoro,village,-16.4079668,28.5093416,287.0,False
Tosca de Ana María,neighbourhood,-16.473991,28.4255848,387.0,False
Roque de Arriba,hamlet,-17.7747905,28.6922313,175.0,False
Rosa de las Piedras,hamlet,-17.2628186,28.1642597,360.0,False
Llano Campo,hamlet,-17.186215,28.1704054,86.0,False
La Luz,suburb,-16.5539661,28.3879685,291.0,False
Valle Abajo,neighbourhood,-17.2629869,28.1892363,148.0,False
San José,neighbourhood,-16.8150645,28.374886,38.0,False
El Planto,hamlet,-17.7693002,28.6917859,135.0,False
El Cardal,hamlet,-17.7657709,28.8051547,101.0,False
Barranco de las Lajas,village,-16.3865469,28.4699863,767.0,False
Ayamosna,hamlet,-17.1511144,28.0975715,684.0,False
La Portada,hamlet,-17.7635309,28.7034838,226.0,False
Hoya Grande,neighbourhood,-17.7725788,28.8093481,236.0,False
La Caridad,suburb,-16.3848106,28.4917149,588.0,False
San Marcos,hamlet,-16.7217091,28.3795209,70.0,False
El Frontón,neighbourhood,-16.6115853,28.1110914,769.0,False
Las Canteras,hamlet,-16.8349904,28.3673203,145.0,False
Genovés,neighbourhood,-16.7427613,28.3657515,449.0,False
Laguna de Santiago,hamlet,-17.1928899,28.0334275,48.0,False
Las Longueras,hamlet,-16.6736375,28.3802612,274.0,False
San Antonio y Pilar,hamlet,-17.1401107,28.1071283,80.0,False
San Juan del Reparo (La Culata),hamlet,-16.7591701,28.3617155,534.0,False
Llano El Pino,hamlet,-17.7717314,28.787151,304.0,False
San Jerónimo,isolated_dwelling,-16.5431081,28.3930048,228.0,False
Las Sorribas,hamlet,-16.6723422,28.375378,357.0,False
San Bernardo,neighbourhood,-16.8303501,28.3677687,115.0,False
Monte de Breña,hamlet,-17.7714493,28.6253261,276.0,False
Roque de Abajo,locality,-17.7707045,28.6893014,103.0,False
La Vega,hamlet,-17.2226383,28.1871987,613.0,False
Los Barros,neighbourhood,-17.9157439,28.6690481,431.0,False
San Felipe,village,-16.7167002,28.3755588,157.0,False
Buzanada,suburb,-16.6543371,28.0726391,310.0,False
Barranco de la Madera,hamlet,-17.7860941,28.699838,373.0,False
Las Cabezadas,neighbourhood,-17.7895536,28.813889,436.0,False
San Antonio,neighbourhood,-16.289766,28.4527199,296.0,False
Buen Paso,village,-16.6844625,28.3815144,225.0,False
El Molinito,neighbourhood,-17.1267171,28.1091415,105.0,False
El Bebedero,village,-16.5087803,28.3751365,755.0,False
Las Crucitas,hamlet,-16.6684131,28.3866997,216.0,False
Santo Domingo,neighbourhood,-16.6724266,28.3907553,172.0,False
Las Hoyetas,hamlet,-17.1993623,28.1608052,222.0,False
Llano de Méndez,hamlet,-16.6674155,28.3758808,412.0,False
Verada de Las Lomadas,hamlet,-17.7732766,28.7962222,289.0,False
Ravelo Alto,neighbourhood,-16.4198286,28.4589341,786.0,False
Aguerche,locality,-16.4452991,28.2534008,638.0,False
El Palmar,hamlet,-17.9293213,28.8410067,250.0,False
Dehesa Alta,suburb,-16.5113296,28.3898794,437.0,False
Las Breñas,neighbourhood,-16.4506992,28.4605296,343.0,False
El Fuerte,neighbourhood,-17.7645673,28.661444,23.0,False
El Morro,hamlet,-17.7682718,28.7051191,309.0,False
El Convento,hamlet,-16.669512,28.3815232,314.0,False
San Antonio,village,-17.7675377,28.6476763,159.0,False
Lepe,hamlet,-17.187038,28.1865194,72.0,False
Triana,suburb,-17.9094843,28.6497866,340.0,False
El Corralete,hamlet,-17.2017464,28.1543856,332.0,False
Juego de Bolas,hamlet,-17.2138171,28.1783016,745.0,False
Chimaje,hamlet,-16.3998718,28.2480974,14.0,False
Las Toscas,neighbourhood,-16.4251458,28.4849641,377.0,False
El Estanquillo,hamlet,-17.2040915,28.1504194,356.0,False
Isora,hamlet,-17.94801,27.7449789,862.0,False
Los Aceviños,hamlet,-17.2259832,28.145076,863.0,False
Valle de Arriba,hamlet,-16.8029488,28.3079316,998.0,False
El Frontón,hamlet,-17.7724898,28.6934551,212.0,False
Lomo del Centro,hamlet,-17.7717901,28.6960164,212.0,False
Tabaiba,suburb,-16.3328236,28.4033972,61.0,False
Cuesta de La Villa,suburb,-16.503737,28.4162313,336.0,False
La Florida,suburb,-16.5017707,28.3885357,532.0,False
Verada Bajamar,hamlet,-17.7736243,28.8146349,141.0,False
Ibo Alfaro,hamlet,-17.1989179,28.1671582,203.0,False
Las Montañetas,hamlet,-16.6718218,28.3818045,301.0,False
La Caldera,hamlet,-16.7174615,28.0727381,122.0,False
Monteforte,hamlet,-17.203583,28.1483809,334.0,False
Guía,neighbourhood,-16.4635284,28.4426798,365.0,False
El Atajo,hamlet,-17.1596977,28.1165874,170.0,False
Palmarejo,hamlet,-17.1893025,28.171511,72.0,False
Ramírez,hamlet,-17.7731519,28.8124304,185.0,False
La Caleta,hamlet,-17.886283,27.8027954,36.0,False
El Cabrito,hamlet,-17.143878,28.0638458,7.0,False
El Tabaibal,hamlet,-17.1929806,28.1746903,253.0,False
San Pedro,hamlet,-17.7770771,28.7891601,391.0,False
Lomo de Los Gomeros,hamlet,-17.7645063,28.7166908,487.0,False
Jerduñe,hamlet,-17.1924153,28.0926274,788.0,False
El Pinar,neighbourhood,-17.9336345,28.7030964,975.0,False
El Durazno,neighbourhood,-16.5359476,28.405181,158.0,False
Cruz del Villero,locality,-16.4195694,28.4380913,1017.0,False
Sonnenland,suburb,-15.6025601,27.7601078,61.0,False
Lomo de Los Santos,hamlet,-15.6153421,28.0006755,1092.0,False
Barranco de las Madres,hamlet,-15.5735754,28.0822794,483.0,False
Playa del Águila,hamlet,-15.5308183,27.7746274,27.0,False
Hoya de Tunte,hamlet,-15.5701586,27.9225175,833.0,False
Coruña,hamlet,-15.6671694,28.0336642,1040.0,False
La Asomada,neighbourhood,-13.9091133,28.5130245,258.0,False
Galas,hamlet,-15.5798024,28.0155464,1389.0,False
Parral Grande,hamlet,-15.5441596,27.9059224,602.0,False
Molino de Agua,hamlet,-15.7725885,27.9803489,98.0,False
Doramas,hamlet,-15.5888072,28.078938,832.0,False
Albercón,neighbourhood,-15.8033296,27.9916124,74.0,False
Sardina,neighbourhood,-15.4702418,27.8488712,169.0,False
El Hornillo,hamlet,-15.531392,28.0622275,522.0,False
Palo,hamlet,-15.5758711,28.1195861,409.0,False
Tecén,hamlet,-15.4602746,27.9895492,312.0,False
Los Dolores,hamlet,-15.5486488,28.1302266,220.0,False
Tesjuates,neighbourhood,-13.938553,28.490594,181.0,False
Timagada,hamlet,-15.6271448,27.9703841,1160.0,False
Pie de la Cuesta,hamlet,-15.7107624,27.8990254,312.0,False
Paso María de Los Santos,hamlet,-15.61352,28.1109709,580.0,False
Tesejerague,neighbourhood,-14.1108149,28.2823518,186.0,False
Las Caletas,hamlet,-13.5116404,28.9819636,8.0,False
La Higuera Canaria,neighbourhood,-15.4345272,28.0098411,196.0,False
Los Quintanas,suburb,-15.6605817,28.1202534,193.0,False
Campo de Golf,suburb,-15.5874545,27.7532329,21.0,False
Cardones,suburb,-15.5091241,28.1305124,201.0,False
Barranco del Cura,hamlet,-15.7299706,27.8079859,71.0,False
Casa Pastores,suburb,-15.4515186,27.8524716,122.0,False
Saucillo,neighbourhood,-15.6412966,28.0937171,763.0,False
Vega de Tegoyo,hamlet,-13.6813385,28.9732337,319.0,False
Marmolejos,suburb,-15.6573835,28.1342734,111.0,False
El Doctoral,neighbourhood,-15.4528244,27.8327037,95.0,False
Trasmontaña,neighbourhood,-15.5184687,28.1340471,192.0,False
Molino de Viento,hamlet,-15.7814285,27.976545,127.0,False
Lomo del Cementerio,suburb,-15.4199921,27.9866089,166.0,False
Tres Barrios,suburb,-15.5224844,28.1438601,98.0,False
Las Rosadas,hamlet,-15.5636892,28.0558803,744.0,False
La Degollada,hamlet,-15.620401,28.0001136,1024.0,False
Los Palmitos,hamlet,-15.6142943,27.8374724,449.0,False
Los Espinos,neighbourhood,-15.7924646,27.9868786,84.0,False
Lugarejos,hamlet,-15.6719445,28.0460891,892.0,False
Horno de la Teja,hamlet,-15.7137868,27.895399,311.0,False
Los Caserones,suburb,-15.4254743,28.0101529,211.0,False
Luis Verde,neighbourhood,-15.4844644,27.9921752,503.0,False
Las Casillas,hamlet,-15.733013,27.871839,200.0,False
San José de las Longueras,suburb,-15.4254,27.9955045,177.0,False
Tarajalillo,hamlet,-15.5167657,27.7823323,14.0,False
El Risco,neighbourhood,-15.5608841,28.1064573,504.0,False
Agualatente,hamlet,-15.5743382,27.9441653,1119.0,False
San José de Las Vegas,neighbourhood,-15.4915156,28.033391,532.0,False
Monte León,hamlet,-15.6158044,27.8219946,554.0,False
La Geria,hamlet,-13.7145061,28.9689848,318.0,False
Tinocas,neighbourhood,-15.4878418,28.1344948,63.0,False
Los Olivos,hamlet,-15.4909097,28.040638,454.0,False
Los Llanos de Agaete,hamlet,-15.6866187,28.1017604,239.0,False
Las Marciegas,hamlet,-15.8142308,27.9973823,20.0,False
Taigüy,hamlet,-15.6765211,27.9643729,638.0,False
Los Toscales,hamlet,-15.5805167,28.1322531,294.0,False
Los Peñones,hamlet,-15.6608152,27.8392435,156.0,False
Huertas del Palmar,neighbourhood,-15.5368915,28.0815121,528.0,False
Barranco,hamlet,-15.5901877,28.0546793,806.0,False
La Sorrueda,hamlet,-15.5396665,27.8900435,466.0,False
El Caidero,hamlet,-15.6712536,27.8852315,295.0,False
Caldereta,hamlet,-13.8805741,28.585982,170.0,False
Guisguey,hamlet,-13.8788174,28.5577909,98.0,False
Zamora,neighbourhood,-15.5717045,28.0546146,926.0,False
La Majadilla,neighbourhood,-15.4053266,28.0170313,103.0,False
La Solana,neighbourhood,-15.4575334,28.0098784,294.0,False
Las Casillas,hamlet,-15.5155453,27.9908632,725.0,False
Las Mejías,neighbourhood,-15.43236,27.9259077,262.0,False
La Hoya,hamlet,-13.8131331,28.9389331,47.0,False
Parque Holandés,suburb,-13.8391332,28.604776,45.0,False
Las Lagunetas,neighbourhood,-15.5756772,28.0049119,1197.0,False
Cambalud,neighbourhood,-15.5448753,28.1290681,226.0,False
Lomo de la Palma,isolated_dwelling,-15.6528912,27.9065334,909.0,False
Tara,neighbourhood,-15.4254739,28.0013022,176.0,False
Las Moradas,hamlet,-15.6269347,27.9804539,1084.0,False
Los Moriscos,hamlet,-15.4075699,27.9390999,93.0,False
Era de Mota,neighbourhood,-15.5060366,27.9824347,716.0,False
La Matilla,hamlet,-13.958734,28.5600378,357.0,False
El Lomo,neighbourhood,-15.5753414,28.041247,1087.0,False
La Pardilla,suburb,-15.3912826,28.0144638,53.0,False
El Roque,hamlet,-15.6555513,27.9932146,963.0,False
Valle de San Roque de Valsequillo,neighbourhood,-15.4678775,28.0079679,379.0,False
La Goleta,neighbourhood,-15.4420787,27.8823797,122.0,False
El Gamonal Alto,hamlet,-15.5122932,28.0178632,655.0,False
Espartero,neighbourhood,-15.5332916,28.0453954,787.0,False
Montaña Los Vélez,suburb,-15.4112006,27.9016915,82.0,False
San Fernando,neighbourhood,-15.5840532,28.091207,662.0,False
Los Estancos,neighbourhood,-13.9119557,28.5272873,276.0,False
Padilla,neighbourhood,-15.5520816,28.1068652,453.0,False
Montaña La Data,suburb,-15.6131091,27.7891819,195.0,False
Calderín,hamlet,-15.6145017,27.7660659,99.0,False
El Palmital,neighbourhood,-15.45317,28.0171958,409.0,False
Caserón,hamlet,-15.5768691,28.0626862,840.0,False
Tocodomán,hamlet,-15.7772061,27.9574861,262.0,False
El Hoyo,neighbourhood,-15.7741812,27.9583517,236.0,False
Lomitos de Correa,neighbourhood,-15.4968307,27.9999837,601.0,False
Tenoya,suburb,-15.4937947,28.114638,221.0,False
Candelaria,hamlet,-15.6819403,28.010354,969.0,False
Cuartería El Uno,hamlet,-15.4034632,27.8623528,35.0,False
Bahía Feliz,hamlet,-15.5196885,27.7818916,8.0,False
Los Corralillos,neighbourhood,-15.4701993,27.8907941,202.0,False
El Cortijo,hamlet,-15.5528781,28.1210021,292.0,False
Barranco del Laurel,hamlet,-15.6073298,28.0694103,814.0,False
El Junquillo,hamlet,-15.60338,28.102916,645.0,False
Montaña Alta,hamlet,-15.6236799,28.0825059,892.0,False
Los Navarros,hamlet,-15.7403068,27.8642906,156.0,False
Juncalillo,neighbourhood,-15.6450078,28.0379699,1160.0,False
Puertito de Los Molinos,hamlet,-14.0634503,28.5435103,8.0,False
Risco Prieto,locality,-15.5834403,28.0111078,1383.0,False
Hoyas del Cavadero,hamlet,-15.6083632,28.0649559,902.0,False
El Salobre,suburb,-15.6185377,27.777835,144.0,False
Lomo Blanco,hamlet,-15.5650562,28.1259917,262.0,False
Puerto Lajas,neighbourhood,-13.8394567,28.5388896,7.0,False
Bascamao,neighbourhood,-15.6285678,28.0928733,781.0,False
La Lechucilla,neighbourhood,-15.5457302,27.9987357,1003.0,False
Barranquillo,hamlet,-15.5711396,28.0574715,886.0,False
Valles de Ortega,neighbourhood,-14.0125937,28.3881792,231.0,False
Las Crucitas,hamlet,-15.6143064,28.0050336,1108.0,False
Casas del Lomo,hamlet,-15.6145177,27.9841196,1077.0,False
El Álamo,neighbourhood,-15.5439268,28.053802,599.0,False
El Calabozo,hamlet,-15.6129673,28.1197704,469.0,False
Valle de los Nueve,neighbourhood,-15.4352572,27.9898264,221.0,False
San Antonio,suburb,-15.40604,28.00845,98.0,False
El Zumacal,hamlet,-15.5663088,28.0792353,753.0,False
Zumacal,neighbourhood,-15.5686592,28.0742069,724.0,False
Monte Lentiscal,suburb,-15.4744486,28.0447469,442.0,False
Troyanas,hamlet,-15.5756855,28.0577449,905.0,False
La Rosilla,locality,-15.7183348,27.8882736,282.0,False
La Bodeguilla,hamlet,-15.5223283,28.0100256,850.0,False
Guayedra,hamlet,-15.707386,28.0823796,70.0,False
La Montaña,hamlet,-15.5584294,27.9250069,705.0,False
San Fernando,suburb,-15.5802006,27.7676264,82.0,False
Palmito,hamlet,-15.5873003,28.1162641,431.0,False
Cruce de Sardina,suburb,-15.437091,27.8560041,83.0,False
Chilegua,locality,-14.1770034,28.2531239,202.0,False
Montaña San Francisco,hamlet,-15.4152727,27.8693591,42.0,False
Lomo de la Herradura,suburb,-15.4316242,27.9964486,216.0,False
Los Hoyos,suburb,-15.4471668,28.0414081,226.0,False
La Solana,hamlet,-15.582191,28.0050748,1166.0,False
Tamaraceite,suburb,-15.4753471,28.1002119,207.0,False
Los Llanos,hamlet,-15.7199806,27.8877368,263.0,False
Los Canarios,hamlet,-15.6850032,27.7699578,70.0,False
Los Castillos,neighbourhood,-15.5367783,28.0867633,545.0,False
Arbejales,neighbourhood,-15.5563563,28.0439601,822.0,False
La Culata,hamlet,-15.5662355,27.9497956,1087.0,False
Camaretas,hamlet,-15.5643931,27.9864532,1308.0,False
Cuevas Caídas,hamlet,-15.5987276,27.9910718,1358.0,False
El Moreto,hamlet,-15.5770142,28.1235026,388.0,False
Cercados de Araña,hamlet,-15.6289508,27.9143605,924.0,False
San José del Álamo,neighbourhood,-15.5113312,28.0769312,518.0,False
Carretería,neighbourhood,-15.5779473,28.1087842,505.0,False
Sardina del Norte,suburb,-15.6930781,28.151807,47.0,False
Mondragón,hamlet,-15.4379824,27.9087381,245.0,False
Playa del Cura,neighbourhood,-15.733977,27.8005989,64.0,False
El Time,neighbourhood,-13.9029943,28.5535129,340.0,False
Casablanca,neighbourhood,-15.5580013,28.128113,244.0,False
Mederos,neighbourhood,-15.7932241,27.9905594,48.0,False
Barranquillo Frío,hamlet,-15.6082892,28.1069564,615.0,False
San Lorenzo,suburb,-15.4760459,28.0757101,226.0,False
El Pinillo,neighbourhood,-15.7778738,27.9771068,108.0,False
Hoya Grande,hamlet,-15.5598569,27.915338,744.0,False
El Pagador,neighbourhood,-15.5712725,28.144185,14.0,False
Cruce de Arinaga,suburb,-15.4289981,27.8753116,73.0,False
Maciot,hamlet,-13.7895988,28.911478,242.0,False
Jerez,neighbourhood,-15.4220042,27.9749993,195.0,False
Valsendero,hamlet,-15.5894771,28.0504349,853.0,False
San Andrés,neighbourhood,-15.556432,28.1455082,17.0,False
San Isidro,suburb,-15.6609188,28.1326413,117.0,False
Las Casitas,hamlet,-14.0591436,28.3065186,191.0,False
Hoya García,hamlet,-15.5740729,27.9324311,981.0,False
Taidía,hamlet,-15.5488471,27.9286523,870.0,False
Los Pasitos,hamlet,-15.7261295,27.8799836,236.0,False
El Tablero,suburb,-15.6048869,27.7708454,105.0,False
Los Rosales,neighbourhood,-15.553724,28.114083,386.0,False
Lance,neighbourhood,-15.5717029,28.1188487,397.0,False
Perera,locality,-15.574562,27.9288182,912.0,False
La Matanza,hamlet,-15.450887,28.0251938,214.0,False
Barranco del Pinar,hamlet,-15.6194261,28.0678852,934.0,False
El Matorral,hamlet,-15.4484452,27.8090428,33.0,False
Lomo del Peñon,hamlet,-15.6012387,28.0758101,741.0,False
Tiscamanita,neighbourhood,-14.0362671,28.351337,247.0,False
Teguitar,hamlet,-13.9881243,28.2742664,74.0,False
Cuatro Puertas,neighbourhood,-15.4213057,27.9582594,260.0,False
El Rincón,hamlet,-15.6138355,28.0080868,1107.0,False
Trujillo,neighbourhood,-15.5787935,28.1186523,420.0,False
Las Goteras,hamlet,-15.4734865,28.0198879,371.0,False
Vargas,neighbourhood,-15.3989826,27.8914906,32.0,False
El Helechal,hamlet,-15.5144657,27.9962315,741.0,False
Cendro,hamlet,-15.4183284,28.0071569,114.0,False
Las Rosas,neighbourhood,-15.4151212,27.890378,53.0,False
El Gallego,hamlet,-15.5483391,28.0292161,890.0,False
La Montañeta,neighbourhood,-15.4467178,28.0558529,324.0,False
San Antón,hamlet,-15.5698772,28.088139,578.0,False
Cruz de Tejeda,hamlet,-15.5997541,28.0066758,1523.0,False
Artejévez,hamlet,-15.7938783,27.9688009,343.0,False
El Molino de Viento,hamlet,-15.7297239,27.8763944,215.0,False
Las Lagunas,hamlet,-15.5401724,27.9029321,614.0,False
Los Lentiscos,hamlet,-15.4774416,28.0497285,413.0,False
Buenlugar,neighbourhood,-15.5615115,28.1174286,353.0,False
El Majuelo,hamlet,-15.6112563,28.0093521,1218.0,False
Urbanización El Platero,hamlet,-15.7242571,27.8028343,43.0,False
La Banda,neighbourhood,-15.4166406,27.9082627,123.0,False
Lomo Quintanilla,hamlet,-15.543941,28.1376516,150.0,False
San Felipe,neighbourhood,-15.5932302,28.1453865,14.0,False
Montaña de las Palmas,neighbourhood,-15.4545377,27.9939863,377.0,False
Gando,hamlet,-15.3897208,27.9461032,23.0,False
Jinámar,suburb,-15.4191651,28.0329047,67.0,False
El Montañón,hamlet,-15.5215335,28.0018692,984.0,False
El Troncón,hamlet,-15.5166361,27.9849213,771.0,False
Los Dragos,hamlet,-15.5690122,28.128449,238.0,False
Almatriche Bajo,suburb,-15.4589584,28.0910798,247.0,False
Urbanización Tierra Dorada,hamlet,-14.2880214,28.0929537,56.0,False
Cabo Verde,neighbourhood,-15.5883856,28.1347557,233.0,False
Marpequeña,suburb,-15.3887756,28.0012881,60.0,False
Marzagán,neighbourhood,-15.4204901,28.0403601,75.0,False
Lo Blanco,neighbourhood,-15.5154529,28.0715314,594.0,False
Huesa Bermeja,hamlet,-15.6644817,27.8909514,613.0,False
El Cercado,hamlet,-15.7453559,27.8412526,77.0,False
Las Arbejas,hamlet,-15.6373941,28.0268502,1320.0,False
La Caldera,neighbourhood,-15.5466845,28.1043272,505.0,False
Lomo del Hospital,hamlet,-15.4469303,27.9100635,291.0,False
La Cruz,neighbourhood,-15.5553059,28.0981542,546.0,False
Pozo Izquierdo,suburb,-15.4243976,27.8253474,21.0,False
El Carrión,neighbourhood,-15.4356575,27.9118148,253.0,False
Los Almácigos,hamlet,-15.7285696,27.9029043,270.0,False
Las Burrillas,hamlet,-15.7461048,27.8480387,109.0,False
Valle de Jinámar,suburb,-15.4051947,28.0259751,54.0,False
Los Portales,suburb,-15.529136,28.0964523,408.0,False
Los Hornos del Rey,hamlet,-15.4361881,28.0328379,145.0,False
Llanos de la Concepción,neighbourhood,-14.0322788,28.4758681,203.0,False
Los Giles,suburb,-15.475367,28.1147031,282.0,False
Cornisa del Suroeste,suburb,-15.6801258,27.7675525,62.0,False
Mondragones,hamlet,-15.6001796,28.1160076,451.0,False
Risco la Candelilla,locality,-15.6138593,27.9476595,1239.0,False
Bañaderos,suburb,-15.5340666,28.1465326,27.0,False
La Florida,locality,-15.4772697,27.8302508,107.0,False
Trapiche,neighbourhood,-15.5372158,28.1352279,184.0,False
Carpinteras,hamlet,-15.5820049,28.0572412,979.0,False
Los Molinos,neighbourhood,-15.8033575,27.9946615,47.0,False
La Cantera,hamlet,-15.4819641,27.9972472,493.0,False
Juan XXIII,neighbourhood,-15.5149789,28.1131823,268.0,False
El Pedregal,hamlet,-15.5095455,27.985085,701.0,False
Cercadillos,hamlet,-15.7675414,27.9845326,101.0,False
Cuarterías de Tabaibales,isolated_dwelling,-15.778564,27.8479669,304.0,False
La Cardonera,neighbourhood,-15.7791165,27.9726433,132.0,False
Aquamarina,hamlet,-15.6921482,27.7769692,35.0,False
Los Tilos,hamlet,-15.594843,28.0945056,485.0,False
La Vistilla,hamlet,-15.7151235,27.8904269,317.0,False
El Vento,hamlet,-15.6709918,27.7748419,40.0,False
Pino Santo Bajo,hamlet,-15.5129402,28.0411451,567.0,False
Canarios I,hamlet,-15.683271,27.7670723,58.0,False
Verdejo,hamlet,-15.6184072,28.0960789,731.0,False
La Gavia,neighbourhood,-15.480848,28.0119285,545.0,False
Las Medianías,suburb,-15.4273885,27.9797254,220.0,False
Cruz del Herrero,hamlet,-15.5604088,28.0222166,1009.0,False
Lomo Gordo,hamlet,-15.6016908,27.7799743,119.0,False
Monagas,hamlet,-15.5710309,28.0658414,761.0,False
Las Vegas,neighbourhood,-15.498302,27.9846654,613.0,False
Juan Gopar,neighbourhood,-14.0583964,28.2771797,111.0,False
Barrial,suburb,-15.6656168,28.1401202,93.0,False
Callejón del Castillo,suburb,-15.4067213,27.9993324,107.0,False
Frontón,hamlet,-15.5845983,28.125353,362.0,False
El Tablero,hamlet,-15.5948558,28.0612529,959.0,False
Las Pellas,hamlet,-15.5593575,28.0870539,687.0,False
Los Llanetes,hamlet,-15.4781268,27.9904042,420.0,False
Tetir,suburb,-13.934474,28.5314578,283.0,False
Las Parcelas,hamlet,-14.0377784,28.5324204,108.0,False
El Zao,hamlet,-15.7478061,27.885616,197.0,False
La Humbridilla,hamlet,-15.7418105,27.8607269,155.0,False
Vallebrón,hamlet,-13.9326331,28.582258,270.0,False
Los Rodeos,hamlet,-15.4641724,27.8159409,58.0,False
Casas de Aguilar,hamlet,-15.6073348,28.1182442,513.0,False
El Caracol,suburb,-15.4032229,27.9892769,102.0,False
Trejo,hamlet,-15.5558485,27.915226,657.0,False
Las Cuevas,hamlet,-15.6515313,28.0286835,1114.0,False
El Hornillo,hamlet,-15.7442728,27.8561566,132.0,False
Berriel,locality,-15.5117061,27.7895947,27.0,False
El Palmital,neighbourhood,-15.5962608,28.1024372,620.0,False
Cruz del Saucillo,hamlet,-15.5526203,27.9710647,1757.0,False
Hoya del Gamonal,hamlet,-15.5566019,27.9794169,1396.0,False
Los Palmitos,hamlet,-15.7460043,27.8522597,137.0,False
La Angostura,hamlet,-15.4879806,28.0480815,377.0,False
La Lechuza,neighbourhood,-15.5534309,28.0038363,1025.0,False
Cueva Grande,hamlet,-15.5695952,27.9890251,1352.0,False
Santidad Baja,suburb,-15.5084936,28.1075703,291.0,False
Tefía,neighbourhood,-13.9911348,28.5269915,196.0,False
Marfu,neighbourhood,-15.410725,27.9294043,119.0,False
Peña María,locality,-16.542848,28.0376003,1.0,True
El Lance,locality,-16.3067059,28.5353414,838.0,False
El Caidero,locality,-16.3222172,28.5281272,590.0,False
Las Cuadras de Don Benito,locality,-16.3021183,28.5365616,855.0,False
Parque El Lagar,square,-17.9547923,28.7110886,675.0,False
Santa Lucía de Tirajana,village,-15.5405202,27.9115471,703.0,False
Los Rodeos,suburb,-16.335251,28.4762195,669.0,False
Unnamed settlement,square,-17.932609,28.7057995,1011.0,False
El Viso,hamlet,-16.4884689,28.1714353,440.0,False
PLAZA DE LA CRUZ,square,-17.7749107,28.8086529,271.0,False
Casas de la Luz,isolated_dwelling,-16.4589128,28.1618986,194.0,False
Teguedite,hamlet,-16.4926625,28.167011,430.0,False
Chozas Viejas,locality,-16.5740702,28.2180873,2119.0,False
Los Riscos,locality,-16.5635427,28.2099637,1838.0,False
Valverde,town,-17.9151468,27.809685,580.0,False
Unnamed settlement,square,-15.6015924,27.9656961,1583.0,False
Unnamed settlement,square,-13.4956068,28.9992604,23.0,False
Plazoleta del Vesubio,square,-13.6577228,28.9239592,39.0,False
Plaza Santo Domingo,square,-15.4471991,27.9073491,298.0,False
La Plaza de La Alameda,square,-15.7817443,27.9854421,71.0,False
Unnamed settlement,square,-15.7234269,27.8837733,265.0,False
Unnamed settlement,square,-17.7562233,28.612952,8.0,False
Pozo de las Calcosas,hamlet,-17.9468685,27.8399401,16.0,False
Las Calcosas,hamlet,-17.9473592,27.8388563,90.0,False
Las Casas,hamlet,-17.9756928,27.7128267,842.0,False
Las Rosas,hamlet,-17.9540081,27.764174,1023.0,False
La Cuesta,hamlet,-17.9449371,27.7636661,903.0,False
El Chijo,hamlet,-18.0444919,27.750639,248.0,False
Unnamed settlement,square,-16.5498064,28.1112359,387.0,False
Unnamed settlement,square,-16.2654252,28.4586617,92.0,False
Unnamed settlement,square,-16.2700753,28.4604253,121.0,False
El Guincho,suburb,-16.6149176,28.0443962,114.0,False
Urbanización Jardín del Sol,neighbourhood,-16.4232538,28.4868256,377.0,False
Urbanización la Concha,neighbourhood,-13.5830567,28.9558011,18.0,False
Urbanización Playa del Cable,neighbourhood,-13.5722464,28.9578923,21.0,False
Arigoña,locality,-16.405319,28.3733436,690.0,False
Cruz del Camino,hamlet,-16.3978777,28.3670328,470.0,False
El Pino,hamlet,-16.406651,28.3639083,598.0,False
La Montañeta,hamlet,-16.3966382,28.3663231,454.0,False
Las Caitanas,hamlet,-16.3959536,28.3655701,425.0,False
Morra del Pino,neighbourhood,-16.3943299,28.3637349,368.0,False
Piedras de Carcho,locality,-16.4210357,28.3826235,1156.0,False
Bucio de Maja,locality,-16.5477124,28.2928702,2295.0,False
La Jaca,hamlet,-16.4624534,28.1217981,4.0,False
Las Arenas,hamlet,-16.4735152,28.1056454,13.0,False
El Gusano,hamlet,-17.9824762,27.7050751,865.0,False
Taibique,hamlet,-17.9801988,27.7028572,810.0,False
La Maceta,locality,-18.0084754,27.7864756,17.0,False
Hoya del Gallego,locality,-18.001275,27.7099899,924.0,False
El Refugio,isolated_dwelling,-18.114745,27.7250679,720.0,False
El Cres,locality,-18.118562,27.7429073,731.0,False
Las Casillas,locality,-18.1119611,27.7449559,836.0,False
Playa Arenas Blancas,locality,-18.1215965,27.7666042,5.0,False
Charco Los Sargos,locality,-18.0118942,27.7843281,12.0,False
Las Puntas,hamlet,-17.9922909,27.7897896,64.0,False
Las Lapas,hamlet,-18.0003363,27.7585638,249.0,False
Los Mocanes,hamlet,-18.0043841,27.7633561,149.0,False
La Torre,hamlet,-17.9478657,27.7525458,885.0,False
Los Llanos,hamlet,-17.9445025,27.7560981,860.0,False
El Descansadero,locality,-17.9575374,27.7262625,96.0,False
Fuente Verde,locality,-17.9531275,27.7343583,571.0,False
Tajace,hamlet,-17.9542357,27.7477607,964.0,False
Charco Manso,isolated_dwelling,-17.9228777,27.8479741,11.0,False
Cueva las Palomas,locality,-16.7336044,28.1747373,920.0,False
Morada del Monte,locality,-16.7392417,28.1707067,817.0,False
Roques de Ucanca,locality,-16.6833212,28.2055414,2080.0,False
El Almácigo,locality,-16.7324966,28.1773684,1049.0,False
La Casilla,isolated_dwelling,-16.7258419,28.1704028,1138.0,False
Los Goros,locality,-16.7470252,28.1812568,833.0,False
Los Granelitos,locality,-16.7379939,28.1844251,1067.0,False
Pino Redondo,locality,-16.7228001,28.191989,1454.0,False
La Vegueta,isolated_dwelling,-16.769307,28.2099536,650.0,False
Las Cabritas,neighbourhood,-16.2826206,28.4495561,221.0,False
Baja Camello,locality,-16.4200196,28.4452436,922.0,False
El Pirul,hamlet,-16.4300954,28.448014,790.0,False
El Reventón,hamlet,-16.4382628,28.4440929,700.0,False
El Coromoto,suburb,-16.3259805,28.482882,587.0,False
El Centenero,hamlet,-16.3265041,28.4534706,575.0,False
El Portezuelo Alto,village,-16.3548876,28.4914352,620.0,False
Cañeño,hamlet,-16.5160324,28.3700811,809.0,False
Colombo,hamlet,-16.5110503,28.377904,688.0,False
Cruz de Tea,hamlet,-16.5049218,28.3654992,1003.0,False
Los Cominos,hamlet,-16.4978459,28.3748665,842.0,False
El Rincón,locality,-16.4360243,28.4092032,1317.0,False
Chimisay,neighbourhood,-16.2826447,28.4574224,238.0,False
César Casariego,neighbourhood,-16.2850366,28.456722,256.0,False
Santa Clara,neighbourhood,-16.2863279,28.4536479,272.0,False
La Montañeta,hamlet,-16.4203178,28.348632,552.0,False
El Aserradero,hamlet,-16.3861415,28.404922,1025.0,False
Cosme,hamlet,-16.4194552,28.3451928,471.0,False
El Roque Partido,locality,-16.4232604,28.3651242,911.0,False
Los Lomitos,locality,-16.4393842,28.3754941,1400.0,False
Corral del Carcho,locality,-16.4244175,28.3851223,1176.0,False
Bedijo,isolated_dwelling,-16.3794145,28.4161278,985.0,False
La Gollada,isolated_dwelling,-16.3706429,28.3997225,632.0,False
El Castillo,isolated_dwelling,-16.2830804,28.4936227,439.0,False
El Pedregal,hamlet,-16.2774064,28.4889648,370.0,False
El Toscal,hamlet,-16.2787215,28.4838371,359.0,False
Las Guirreras,locality,-16.2722555,28.4817352,358.0,False
Lomo de las Casillas,hamlet,-16.2715205,28.4948545,468.0,False
Casas Altas,hamlet,-16.6512368,28.1085853,772.0,False
Caspa Rodríguez,locality,-16.7484567,28.1712164,730.0,False
Chindia,locality,-16.7051154,28.1931728,1573.0,False
Chiñeñe,isolated_dwelling,-16.7491909,28.1746232,757.0,False
Cho Babín,hamlet,-16.7442494,28.176061,857.0,False
Cueva la Gallina,locality,-16.7615889,28.1667887,434.0,False
Cuevas de Hernando Díaz,locality,-16.7136817,28.1864245,1457.0,False
El Arrendamiento,locality,-16.7445242,28.1720342,805.0,False
El Cercado,locality,-16.746032,28.1714799,770.0,False
El Hoyo,hamlet,-16.7446386,28.1733525,808.0,False
El Tagorito,locality,-16.7479924,28.1700045,723.0,False
Fajana Cho Luís,locality,-16.7528648,28.168192,585.0,False
La Casa Quemada,hamlet,-16.7431563,28.1755125,862.0,False
La Colateja,hamlet,-16.7512442,28.1770658,732.0,False
La Era,hamlet,-16.7457277,28.1757091,817.0,False
La Morra,hamlet,-16.7424797,28.172853,845.0,False
La Parepino,hamlet,-16.7455512,28.1746193,811.0,False
La Pasada,isolated_dwelling,-16.7436267,28.172518,823.0,False
La Somada,isolated_dwelling,-16.7479253,28.1764228,789.0,False
La Vera,isolated_dwelling,-16.7427592,28.1721624,841.0,False
La Vistita,isolated_dwelling,-16.7420471,28.1748353,872.0,False
Las Cabezadas,locality,-16.7519887,28.1721741,682.0,False
Las Tosquitas,isolated_dwelling,-16.7502935,28.1735901,738.0,False
Llano el Pino,hamlet,-16.7415571,28.1739567,864.0,False
Descansaderos de Claca,locality,-16.7353655,28.1806474,1061.0,False
Lomo Arriba,hamlet,-16.7437794,28.1736143,830.0,False
Los Charcos,locality,-16.7499326,28.1722618,715.0,False
Los Morros,hamlet,-16.7426922,28.1744373,858.0,False
Pajar de la Corona,locality,-16.717563,28.1880263,1458.0,False
Pilas de Marufo,locality,-16.7271478,28.1862644,1299.0,False
Vista de Cho Basilio,locality,-16.7237377,28.1822049,1276.0,False
Costa Ayala,neighbourhood,-15.4828101,28.1348167,47.0,False
Cercado el Pino,hamlet,-16.7370508,28.1653438,875.0,False
Chasogo,isolated_dwelling,-16.7891849,28.1618478,166.0,False
El Peocho,locality,-16.7669943,28.1698693,459.0,False
El Pinito,locality,-16.7529838,28.1771223,688.0,False
El Portillo,hamlet,-16.7467238,28.1768406,808.0,False
Granero Blanco,isolated_dwelling,-16.7752981,28.1716573,372.0,False
La Cumplida,locality,-16.782543,28.1645873,243.0,False
Yé,hamlet,-16.7353652,28.1615541,907.0,False
Achacay,locality,-16.7642887,28.1754046,524.0,False
El Tablero de Gangarro,locality,-16.7008917,28.2039087,1903.0,False
Granero Negro,locality,-16.7625125,28.1785129,565.0,False
Iboibo,locality,-16.7709758,28.14196,185.0,False
La Curte,hamlet,-16.7545193,28.1514382,524.0,False
Lomo el Retamar,locality,-16.6934775,28.1940135,1810.0,False
Los Maguenes,locality,-16.7734133,28.1678781,362.0,False
La Feria del Atlántico,suburb,-15.4453837,28.1087207,183.0,False
Las Torres,suburb,-15.4520249,28.1136511,167.0,False
Siete Palmas,suburb,-15.4527866,28.100544,205.0,False
Cinco Continentes,suburb,-15.444324,28.1019496,188.0,False
Los Tarahales,suburb,-15.4502246,28.0960047,218.0,False
Schamann,suburb,-15.4330381,28.1105034,125.0,False
Miller Bajo,suburb,-15.4386171,28.0997336,134.0,False
Abinque,locality,-16.6997379,28.1422841,1058.0,False
Nariz de García,locality,-16.694871,28.1271987,925.0,False
El Frontón,neighbourhood,-16.2553757,28.5524121,507.0,False
Era del Camino,isolated_dwelling,-16.2355024,28.5535233,469.0,False
La Meseta,locality,-16.2380184,28.553186,399.0,False
Lomo Centeno,neighbourhood,-16.2506779,28.552215,316.0,False
Los Naranjos,neighbourhood,-16.2202137,28.5567294,247.0,False
Lomo Blanco,neighbourhood,-16.2144366,28.5619559,153.0,False
Jaime,hamlet,-16.8448995,28.3575503,306.0,False
Boquín,hamlet,-16.723604,28.362933,339.0,False
La Furnia,locality,-16.7187053,28.3585305,403.0,False
Redondo,hamlet,-16.6897974,28.3436729,775.0,False
Piedras de Mal Abrigo,locality,-16.496149,28.3160644,2189.0,False
El Tagorito,locality,-16.7509757,28.1701585,675.0,False
La Suertita,locality,-16.7484128,28.1732286,751.0,False
Las Leñas Blancas,locality,-16.7616545,28.1679358,488.0,False
Los Cabrines,locality,-16.7540952,28.1714497,617.0,False
Chamachete,locality,-16.7644107,28.1629611,429.0,False
Montiel,locality,-16.7468702,28.1840406,859.0,False
Roque Chico,islet,-16.5746666,28.4044164,-2.0,True
San Agustín,neighbourhood,-16.5859608,28.3882375,260.0,False
Rambla de Castro,locality,-16.5921638,28.3966313,76.0,False
Los Bebederos,isolated_dwelling,-16.6855459,28.0124536,38.0,False
El Morro,locality,-16.7860599,28.1667794,208.0,False
Tagoro,locality,-16.6840689,28.0431944,80.0,False
La Caldera,locality,-16.3452752,28.5103564,481.0,False
El Barrero,hamlet,-16.5930351,28.099388,506.0,False
El Seco,isolated_dwelling,-16.5511459,28.1633107,874.0,False
Fuentes Nuevas,isolated_dwelling,-16.5443937,28.1547361,705.0,False
Degollada de Peraza,isolated_dwelling,-17.184124,28.0993371,929.0,False
San José,village,-17.7753111,28.645012,298.0,False
Contreras,locality,-17.1740298,28.0649278,493.0,False
Machal,locality,-17.1216435,28.0811482,95.0,False
Morales,locality,-17.1634786,28.0735697,523.0,False
Tacalcuse,locality,-17.179245,28.0799109,715.0,False
El Cabezo,hamlet,-17.21603,28.0621033,243.0,False
El Joradillo,isolated_dwelling,-17.1824545,28.0428044,152.0,False
El Rumbazo,hamlet,-17.2143282,28.0587578,198.0,False
Sabina Redonda,locality,-17.1556043,28.0696419,347.0,False
La Banda,hamlet,-17.1978918,28.0311931,35.0,False
Urbanización Pueblo Don Thomas,hamlet,-17.1960783,28.0418656,258.0,False
Agalán,hamlet,-17.2427884,28.0738693,923.0,False
El Guanche,hamlet,-17.2337032,28.0601666,835.0,False
Las Cruces,hamlet,-17.2339489,28.0576553,786.0,False
Las Paredes,isolated_dwelling,-17.2471284,28.0996797,1354.0,False
El Contadero,locality,-17.2428171,28.1163101,1346.0,False
Laguna Chica,locality,-17.2504848,28.1126253,1376.0,False
Pajarito,locality,-17.2418652,28.1083836,1353.0,False
El Drago,hamlet,-17.2730361,28.069678,652.0,False
La Manteca,isolated_dwelling,-17.2688555,28.0644412,531.0,False
Magaña,locality,-17.2495461,28.0698032,771.0,False
La Morra,locality,-16.4361179,28.4300167,969.0,False
El Auchón,locality,-16.4199274,28.3175486,356.0,False
La Raya,hamlet,-16.4198164,28.3167622,347.0,False
El Altozano,isolated_dwelling,-17.183498,28.173157,58.0,False
Los Pedacitos,hamlet,-17.1818515,28.1754989,43.0,False
Vueltas de Adeje,locality,-16.6992378,28.0888169,458.0,False
Las Salinas,suburb,-13.5591,28.9607766,3.0,False
San Francisco Javier,suburb,-13.5656951,28.9616884,20.0,False
Cañada del Arrecife del Codeso,locality,-16.5626233,28.2996651,2076.0,False
Cañada del Descanso de las Gallinas,locality,-16.5616811,28.2926947,2092.0,False
Cañada del Portillo,locality,-16.5658828,28.3026803,2046.0,False
Risco de las Ventanas,locality,-16.5542281,28.2933941,2223.0,False
Cañada de la Panadería,locality,-16.566004,28.2469941,2070.0,False
Cañada del Escobonito,locality,-16.5782133,28.2425858,2099.0,False
Cañada del Risco Verde,locality,-16.5550353,28.2668621,2061.0,False
El Cuchillo,locality,-16.5519504,28.2664439,2140.0,False
La Angostura,locality,-16.5643058,28.2448735,2171.0,False
La Carabela,locality,-16.5535762,28.2671205,2069.0,False
Los Cuchillos,locality,-16.5486712,28.2732899,2115.0,False
Monturrios La Angostura,locality,-16.5740253,28.2459047,2109.0,False
Paso el Palo,locality,-16.5483053,28.2685206,2111.0,False
Risco Verde,locality,-16.5511306,28.2653802,2249.0,False
Cañada de la Camellita,locality,-16.6145565,28.2246009,2199.0,False
Cañada de la Mareta,locality,-16.6127198,28.2254411,2194.0,False
Roque del Agua,locality,-16.6069842,28.2212314,2332.0,False
Tabonal Negro,locality,-16.6024928,28.2504075,2278.0,False
Lomo la Canaria,locality,-16.4939605,28.3798568,799.0,False
Lomo los Bobos,locality,-16.4902352,28.3764698,957.0,False
Titerroy,suburb,-13.5570185,28.9710278,34.0,False
Argana Alta,suburb,-13.5679462,28.9767153,53.0,False
Taburco,isolated_dwelling,-16.8826096,28.3273953,675.0,False
La Pajarera,locality,-16.7620718,28.3281284,1116.0,False
Piedra de los Pastores,locality,-16.5923993,28.3444182,1594.0,False
Finca las Mesas,isolated_dwelling,-16.6179933,28.1468946,1360.0,False
Picacho el Flaire,locality,-16.7261202,28.202034,1343.0,False
Peñón del Contador,locality,-16.5450392,28.2050052,1493.0,False
Cañada del Cedro,locality,-16.6983506,28.229648,2061.0,False
El Morro,locality,-16.7401144,28.1786981,972.0,False
Fuente de Galante,locality,-16.7143293,28.2104349,1780.0,False
Fuente de las Goteras,locality,-16.7162815,28.197129,1558.0,False
Galante,locality,-16.7165744,28.2101987,1736.0,False
La Chifira,locality,-16.7239587,28.2048537,1581.0,False
La Punta del Bardo,locality,-16.711901,28.2055145,1774.0,False
Los Chupaderos,locality,-16.7325033,28.1817996,1117.0,False
Cañada del Capricho,locality,-16.6200177,28.221136,2180.0,False
Los Cachorros,locality,-16.6127625,28.2246633,2234.0,False
Morro de la Galera,locality,-16.8647094,28.2942562,550.0,False
Isla Perdida,suburb,-15.4820979,28.0909844,271.0,False
Piletas,suburb,-15.4867546,28.0924472,284.0,False
La Suerte,neighbourhood,-15.4821172,28.0956638,241.0,False
La Cruz,hamlet,-16.3139152,28.520117,559.0,False
Cuatro Cañones,suburb,-15.4290854,28.1167365,90.0,False
Guasiegre,locality,-16.5157549,28.1493504,469.0,False
La Cancelilla,locality,-16.1865761,28.5488274,767.0,False
Barranquillo Juan Ingles,hamlet,-15.461459,28.0024042,284.0,False
Parque Central,suburb,-15.4458096,28.1013878,210.0,False
Playa de Tauro,hamlet,-15.7284388,27.7967354,7.0,False
San Isidro,neighbourhood,-15.3952845,28.0123228,63.0,False
Fuga de los Cuatro Reales,locality,-16.454046,28.3001824,1315.0,False
El Reventón,locality,-16.4444727,28.3140416,945.0,False
El Polvorín,suburb,-15.4241391,28.1079664,94.0,False
Lomo Gómez,locality,-16.4779617,28.4029556,1014.0,False
Palo Blanco,locality,-16.4722201,28.4029567,987.0,False
Tambora de Abajo,hamlet,-16.4284403,28.2605009,475.0,False
Tambora de Arriba,hamlet,-16.4307867,28.2626608,527.0,False
El Draguito,hamlet,-16.5640634,28.1134881,446.0,False
Los Llanos,suburb,-16.2560508,28.4566765,26.0,False
El Cabo,suburb,-16.2499599,28.4625739,24.0,False
El Chorro,hamlet,-16.2301993,28.5616601,240.0,False
Articosa,locality,-16.4472981,28.3829764,1618.0,False
Alisios I,neighbourhood,-16.3066182,28.4274818,214.0,False
Alisios II,neighbourhood,-16.3081163,28.4298245,236.0,False
Las Mesas,suburb,-15.4954952,28.1021641,255.0,False
Brezo de Manuel Alonso,locality,-16.5797887,28.3306158,1579.0,False
Corral Quemado,locality,-16.5985211,28.3609361,1183.0,False
Lomo del Astillero,locality,-16.613307,28.3478249,1306.0,False
Los Campeches,locality,-16.6067118,28.3510396,1335.0,False
Pesa de la Catalina,locality,-16.6054794,28.3433419,1499.0,False
Bujero del Agua,locality,-16.5631519,28.3170758,1819.0,False
Chanajiga,locality,-16.5847541,28.3440326,1180.0,False
El Guanche,locality,-16.5147927,28.3486843,1399.0,False
Matasnos,locality,-16.5251566,28.3494423,1276.0,False
Montaña Bermeja,locality,-16.5420555,28.3241594,1604.0,False
Montaña Roja,locality,-16.5698303,28.3206803,1783.0,False
Vista La Palma,locality,-16.5149605,28.3500856,1359.0,False
Las Llanadas,hamlet,-16.5679039,28.3563622,875.0,False
El Frontón,locality,-16.3843642,28.4087699,1008.0,False
Las Erillas,neighbourhood,-16.376992,28.4480156,1042.0,False
Corral del Niño,locality,-16.5214779,28.3022151,2288.0,False
El Bueno,hamlet,-16.4855103,28.2132914,831.0,False
Las Abiertas,hamlet,-16.7304915,28.3419569,941.0,False
Llano Alegre,neighbourhood,-16.2829453,28.4469597,212.0,False
Ballester,suburb,-16.2781977,28.4614362,195.0,False
Camino del Hierro,suburb,-16.2794066,28.4579128,209.0,False
Finca La Multa,neighbourhood,-16.2893424,28.4552175,302.0,False
García Escámez,suburb,-16.2744722,28.4543867,147.0,False
Juan XXIII,neighbourhood,-16.2854807,28.4501035,258.0,False
Las Retamas,neighbourhood,-16.2870179,28.4512408,268.0,False
Miramar,suburb,-16.2769627,28.4545844,175.0,False
Nuevo Obrero,neighbourhood,-16.2893425,28.4492464,280.0,False
San Pío X,neighbourhood,-16.2885516,28.4471401,264.0,False
Tristán,suburb,-16.2758121,28.4581189,173.0,False
Villa Benítez,suburb,-16.2807819,28.4644653,238.0,False
Vistabella,suburb,-16.2841977,28.4621914,278.0,False
Buenavista,suburb,-16.267467,28.466576,115.0,False
Cruz del Señor,suburb,-16.2722839,28.4631303,141.0,False
Cuesta Piedra,suburb,-16.280163,28.4676666,242.0,False
El Chapatal,neighbourhood,-16.2659486,28.464674,90.0,False
El Perú,suburb,-16.2738611,28.4658138,151.0,False
Salud Alto,neighbourhood,-16.2764799,28.4721361,209.0,False
Salud Bajo,neighbourhood,-16.2703944,28.4697618,127.0,False
Villa Ascensión,suburb,-16.2775018,28.4671843,206.0,False
Cuatro Torres,suburb,-16.2528455,28.4616206,27.0,False
La Salle,suburb,-16.2591319,28.461007,65.0,False
La Victoria,suburb,-16.2607331,28.4592798,61.0,False
San Sebastián,suburb,-16.2540604,28.4641927,36.0,False
Lomo del Guirre,locality,-16.5256781,28.0739705,103.0,False
Casas de las Montañas,locality,-16.5194707,28.0783538,76.0,False
Las Hoyas Blancas,locality,-16.5377338,28.081547,167.0,False
Cueva las Rosas,locality,-16.5237388,28.09013,165.0,False
El Vallito,isolated_dwelling,-16.5102427,28.1050187,161.0,False
Las Toscas Gordas,isolated_dwelling,-16.5453343,28.098804,281.0,False
Laja Blanca,isolated_dwelling,-16.4602502,28.1471749,103.0,False
Llano de Delgado,locality,-16.4659068,28.1591125,225.0,False
Paredón Blanco,isolated_dwelling,-16.4556807,28.1705498,189.0,False
Ifara,suburb,-16.2578133,28.4798891,212.0,False
Las Acacias,quarter,-16.2660109,28.4727643,123.0,False
Las Mimosas,suburb,-16.2601687,28.4722627,90.0,False
Los Lavaderos,suburb,-16.2522075,28.4756119,49.0,False
Urbanización Anaga,suburb,-16.246218,28.4794918,41.0,False
Uruguay,suburb,-16.2667693,28.4690731,104.0,False
Duggi,suburb,-16.2588399,28.466458,66.0,False
El Toscal,suburb,-16.2500471,28.4725503,38.0,False
Los Hoteles,suburb,-16.2555697,28.4703886,56.0,False
Zona Rambla,suburb,-16.2583074,28.468888,73.0,False
Las Cuevas,hamlet,-16.84984,28.3386043,560.0,False
Las Huertas,hamlet,-16.8422932,28.3424991,537.0,False
Las Lagunetas,hamlet,-16.8427652,28.3336074,642.0,False
Pina,locality,-16.8225169,28.360331,173.0,False
Buguio,isolated_dwelling,-16.8712576,28.3433424,745.0,False
Casa Quemada,isolated_dwelling,-16.8819922,28.3466238,724.0,False
Casablanca,isolated_dwelling,-16.8653771,28.3620073,113.0,False
Corral de Vacas,isolated_dwelling,-16.884204,28.3492986,667.0,False
El Hoyo,locality,-16.8801436,28.3430305,733.0,False
El Pino,isolated_dwelling,-16.8694811,28.3397661,806.0,False
El Vallado,isolated_dwelling,-16.8823896,28.3442327,751.0,False
Las Cuevas,isolated_dwelling,-16.8936482,28.348386,571.0,False
Los Dornajos,isolated_dwelling,-16.887448,28.3478926,628.0,False
Los Partidos,isolated_dwelling,-16.8926271,28.344693,668.0,False
Matoso,isolated_dwelling,-16.8915667,28.3399968,698.0,False
La Torre,isolated_dwelling,-16.8758431,28.345449,707.0,False
Risco Bisechi,locality,-16.7009236,28.0857298,343.0,False
Llano de los Corrales,locality,-16.4851223,28.3724453,1191.0,False
Las Casillas,isolated_dwelling,-16.1564519,28.5522897,591.0,False
Punta del Risco,locality,-16.588465,28.3533359,1125.0,False
Ciudad del Campo,suburb,-15.489566,28.0896629,342.0,False
La Fuente,hamlet,-16.6472511,28.0962445,479.0,False
Los Quevedos,hamlet,-16.6421538,28.3813301,419.0,False
Poncio,locality,-16.6495155,28.391332,137.0,False
Guayte Alto,neighbourhood,-16.2627245,28.4828978,350.0,False
Guayte Bajo,neighbourhood,-16.2620181,28.4826852,324.0,False
La Zapatera,neighbourhood,-16.2633314,28.4834062,382.0,False
Lomo del Serenillo,neighbourhood,-16.2638197,28.4836854,400.0,False
Escaño,locality,-16.7623639,28.1654634,435.0,False
Gasparianes,neighbourhood,-16.7767241,28.156381,285.0,False
Las Calvas,isolated_dwelling,-16.8041415,28.3637303,159.0,False
La Sabina,isolated_dwelling,-16.7462015,28.1604941,751.0,False
La Tosca,locality,-16.7792238,28.177811,324.0,False
Atogo,hamlet,-16.5870407,28.0610473,181.0,False
Barranco Oscuro,hamlet,-16.6600283,28.0792236,303.0,False
Castro,village,-16.5552437,28.0859562,249.0,False
Benítez,hamlet,-16.6639833,28.0617929,215.0,False
El Bebedero,village,-16.6623542,28.069054,256.0,False
La Cantera,hamlet,-16.5749093,28.1294964,655.0,False
La Higuera,hamlet,-16.5650566,28.1385816,692.0,False
Las Palomas,hamlet,-16.5596995,28.1134462,424.0,False
Los Cuervos,hamlet,-16.5715382,28.1219068,592.0,False
Vicácaro,hamlet,-16.571547,28.1270028,625.0,False
El Miradero,isolated_dwelling,-16.7309499,28.1428449,837.0,False
Topo Alto,locality,-16.7109342,28.1440616,1067.0,False
Vaguada de los Ovejeros,locality,-16.7939867,28.3107864,1147.0,False
Aregume,neighbourhood,-16.8166056,28.3695727,89.0,False
Fátima,neighbourhood,-16.8138287,28.3682744,81.0,False
Dos Barrancos,neighbourhood,-16.2285967,28.5031952,49.0,False
Abache,locality,-16.8734161,28.3075255,532.0,False
Barrio Nuevo de Ofra,suburb,-16.296667,28.460833,369.0,False
El Charcón,neighbourhood,-16.2990692,28.4708086,403.0,False
La Candelaria,suburb,-16.285278,28.472778,309.0,False
La Higuerita,suburb,-16.2951332,28.4699951,376.0,False
Pueblo Hinojosa,hamlet,-16.3027451,28.4766465,432.0,False
Las Mantecas,suburb,-16.294722,28.463889,359.0,False
Las Nieves,hamlet,-16.296101,28.4777481,406.0,False
MacKay,suburb,-16.3026369,28.4720601,429.0,False
Obispado,suburb,-16.291267,28.4677787,351.0,False
Urbanización Princesa Yballa,neighbourhood,-16.288808,28.4669713,335.0,False
Valle Colino,hamlet,-16.3005595,28.4781107,420.0,False
Valle Vinagre,hamlet,-16.2971993,28.4840845,446.0,False
Villa Hilaria,suburb,-16.295556,28.471667,382.0,False
El Pilar,suburb,-16.2948986,28.4551523,360.0,False
Finca Pacho,suburb,-16.3037536,28.4474014,343.0,False
La Hornera,suburb,-16.3061922,28.4665737,452.0,False
Las Torres,suburb,-16.2969653,28.4519769,345.0,False
Los Majuelos,suburb,-16.3020338,28.4588071,404.0,False
San Jerónimo,village,-16.2993308,28.448248,319.0,False
San Luis Gonzaga,village,-16.297482,28.4445239,286.0,False
San Matías,village,-16.2983433,28.4399965,295.0,False
San Miguel de Chimisay,suburb,-16.3,28.453889,373.0,False
Casas del Camino,neighbourhood,-16.216072,28.5630853,112.0,False
Cueva Prieta,neighbourhood,-16.2598427,28.499198,137.0,False
La Cardonera,neighbourhood,-16.2412917,28.4942767,99.0,False
Las Casas Heleras,isolated_dwelling,-16.2962873,28.5481389,473.0,False
Puente de Hierro Alto,neighbourhood,-16.2548538,28.4954726,118.0,False
Valle Luís,neighbourhood,-16.2613026,28.501212,159.0,False
Las Gavias,suburb,-16.330383,28.495445,584.0,False
El Pinalete,locality,-16.6045878,28.1375809,1091.0,False
La Martela,hamlet,-16.6219778,28.1423333,1198.0,False
Calderón,locality,-16.7016307,28.1454996,1118.0,False
El Arriendo,hamlet,-16.6651963,28.1239063,1089.0,False
La Suerte,isolated_dwelling,-16.6757184,28.1344161,1122.0,False
Llano Orión,locality,-16.6650488,28.1290727,1151.0,False
Los Cahetanos,locality,-16.6829223,28.1316783,1028.0,False
Barrio Nuevo,hamlet,-16.7801419,28.3510859,692.0,False
María Jiménez,suburb,-16.2269497,28.495116,32.0,False
La Quebrada,neighbourhood,-16.2383774,28.4949763,89.0,False
Banda Banquito,neighbourhood,-16.1560175,28.5277864,56.0,False
La Bodeguilla,neighbourhood,-16.1541011,28.5276324,43.0,False
Lomo de la Cruz,neighbourhood,-16.1568269,28.5294361,50.0,False
Lomo la Laderita,neighbourhood,-16.1550454,28.5286123,49.0,False
Los Laureles,neighbourhood,-16.1546055,28.5653086,575.0,False
Salto de Ijuana,locality,-16.1622494,28.5593853,652.0,False
El Tejar,neighbourhood,-16.2153282,28.5609141,151.0,False
La Cruz Vieja,neighbourhood,-16.2207775,28.5604064,285.0,False
Llano Grande,neighbourhood,-16.2337503,28.5371002,835.0,False
Lomo Bicho,isolated_dwelling,-16.2552807,28.5433987,630.0,False
Los Laureles,neighbourhood,-16.2471714,28.5337096,797.0,False
Las Barranqueras,neighbourhood,-16.197923,28.5101324,69.0,False
Casas de Guerra,hamlet,-16.2864045,28.4828,378.0,False
El Cubanito,hamlet,-16.3187216,28.4747732,551.0,False
La Mina,suburb,-16.3368402,28.4614674,670.0,False
Rodeo Alto,hamlet,-16.3387035,28.4749856,674.0,False
La Cruz Chica,hamlet,-16.3599765,28.4894677,630.0,False
Los Castaños,locality,-16.4932242,28.409642,592.0,False
Cuatro Barrancos,locality,-16.4244037,28.3905311,1356.0,False
Risco Negro,locality,-16.431617,28.4092112,1419.0,False
Madre Juana,hamlet,-16.5961328,28.3739972,541.0,False
El Calvario,hamlet,-16.4289702,28.4822096,363.0,False
El Lance,hamlet,-16.6049166,28.384432,580.0,False
La Corona,locality,-16.6008702,28.3783383,766.0,False
La Montañeta,locality,-16.4285668,28.4668802,587.0,False
San Nicolás,hamlet,-16.4343695,28.4754726,403.0,False
Afoña,locality,-16.4254366,28.3613917,829.0,False
Chogo,isolated_dwelling,-16.4204742,28.3311972,450.0,False
Costilla,hamlet,-16.4229666,28.3342453,481.0,False
El Pinarete,hamlet,-16.4375655,28.3403618,810.0,False
El Riego,hamlet,-16.4236057,28.3105489,393.0,False
Galván,hamlet,-16.4327286,28.3392681,707.0,False
Gorgo,locality,-16.4340021,28.3590114,962.0,False
La Granja,isolated_dwelling,-16.434051,28.350749,774.0,False
La Somada,hamlet,-16.4243644,28.3254286,509.0,False
Las Arenas,locality,-16.4528763,28.3390087,1297.0,False
Las Morras,locality,-16.4532946,28.3451654,1462.0,False
Las Rosas,locality,-16.415423,28.2993685,304.0,False
Las Vistas,locality,-16.4447478,28.3319629,965.0,False
Los Eritos,locality,-16.4264289,28.3690817,1000.0,False
Los Laces,locality,-16.4375378,28.3249655,743.0,False
Los Loros,locality,-16.4247323,28.3574339,758.0,False
Los Santiagos,hamlet,-16.4364129,28.3378904,783.0,False
Monte de los Frailes,locality,-16.4426138,28.3552674,1016.0,False
Chese,locality,-16.4326003,28.3886405,1438.0,False
La Cangrejera,hamlet,-17.7613829,28.5801183,19.0,False
El Pozo,hamlet,-17.7579976,28.5850303,6.0,False
El Portillo del Rastrojo,locality,-16.7850262,28.2542256,1045.0,False
Esquina de los Cardones,locality,-16.5252242,28.1862801,835.0,False
Guanchifira,locality,-16.7706407,28.2409999,1089.0,False
La Gotera,isolated_dwelling,-16.662517,28.3636053,684.0,False
La Puente,isolated_dwelling,-16.5222815,28.1871634,827.0,False
La Tapia,locality,-16.4149029,28.3631384,714.0,False
Majada de las Jiménez,locality,-16.7883327,28.2670378,1130.0,False
Tamuja,locality,-16.7454557,28.2294166,1263.0,False
El Carretón,hamlet,-16.3827635,28.3299542,117.0,False
La Montañeta,suburb,-16.5615111,28.3887512,297.0,False
La Zamora,hamlet,-16.5672322,28.3862003,314.0,False
Medio Camino,hamlet,-16.383231,28.3325663,117.0,False
San Benito,neighbourhood,-16.5804129,28.3836043,324.0,False
La Manzanilla,suburb,-16.3193644,28.4951677,554.0,False
San Benito,suburb,-16.325747,28.4904459,571.0,False
San Roque,suburb,-16.3101728,28.4875254,600.0,False
Vueltas Blancas,hamlet,-16.2981966,28.5225371,715.0,False
El Portezuelo Bajo,hamlet,-16.3583388,28.4962516,512.0,False
Garimba,hamlet,-16.389303,28.5028205,546.0,False
Padilla Alta,hamlet,-16.3705944,28.5013884,583.0,False
Padilla Baja,hamlet,-16.3606692,28.503203,405.0,False
Lomo las Rías,hamlet,-16.3593397,28.5246021,278.0,False
Milán,hamlet,-16.3617429,28.5415638,122.0,False
Tejinetilla,hamlet,-16.3566377,28.5366775,202.0,False
Cocó,locality,-16.3365654,28.5124718,556.0,False
El Infierno,hamlet,-16.351045,28.509316,409.0,False
Las Peñuelas,hamlet,-16.3302494,28.5152703,511.0,False
Molina,hamlet,-16.3691428,28.5082401,388.0,False
Nombre de Dios,hamlet,-16.3626051,28.4969204,542.0,False
Rodeo de la Paja,locality,-16.359963,28.4793614,663.0,False
San Gonzalo,hamlet,-16.3590025,28.5156202,339.0,False
San Luis,hamlet,-16.3532047,28.5204743,331.0,False
Cuesta de San Bernabé,hamlet,-16.3142777,28.5147399,537.0,False
El Cercado,locality,-16.3134579,28.5134781,556.0,False
El Palomar,hamlet,-16.3210307,28.5159515,517.0,False
Faría,hamlet,-16.3125013,28.517038,574.0,False
La Gorgolana,hamlet,-16.3098057,28.5128309,600.0,False
Las Hortigas,locality,-16.3086958,28.5225787,649.0,False
Los Barriales,hamlet,-16.3225612,28.5206618,505.0,False
Los Collazos,hamlet,-16.3116169,28.5230999,630.0,False
Piñera,locality,-16.3120521,28.5195158,599.0,False
El Nieto,locality,-16.3167146,28.530414,795.0,False
Barranquillo del Vino,hamlet,-15.7018025,28.1633335,26.0,False
Las Abiertas,hamlet,-16.386447,28.4617882,853.0,False
Las Higueras,hamlet,-16.4122663,28.4715427,628.0,False
Hornillo Alto,hamlet,-16.3782491,28.4930517,610.0,False
Hornillo Bajo,hamlet,-16.3831273,28.4952582,585.0,False
Huerta Bicho,hamlet,-16.3891842,28.4583089,895.0,False
La Cuesta,hamlet,-16.394996,28.4749008,664.0,False
Melchor Álvarez,hamlet,-16.3905546,28.4767313,665.0,False
Álvaro Báez,hamlet,-16.3878921,28.4778986,675.0,False
La Carrera,suburb,-16.5809203,28.3902764,232.0,False
El Espigón,hamlet,-16.4379904,28.4617746,539.0,False
El Garabato,hamlet,-16.4392724,28.463398,475.0,False
El Hayal,hamlet,-16.4350012,28.4612328,585.0,False
El Pastel,hamlet,-16.411257,28.4624972,771.0,False
El Pino,hamlet,-16.4216231,28.4564959,798.0,False
Horno de la Teja,hamlet,-16.4463463,28.4586754,428.0,False
Hoya de la Viuda,hamlet,-16.4205621,28.458643,779.0,False
Juan Alonso,locality,-16.4225582,28.4697541,580.0,False
Las Marreras,locality,-16.4325097,28.4446469,790.0,False
Las Morrillas,locality,-16.4293407,28.4440851,856.0,False
Las Riquelas,locality,-16.4436857,28.4569903,503.0,False
Las Rosas,hamlet,-16.4275752,28.4422733,885.0,False
Las Rosas,locality,-16.4132314,28.4536538,898.0,False
Lomo Piedra,hamlet,-16.4201715,28.4621733,744.0,False
Los Corraletes,hamlet,-16.4166341,28.46141,782.0,False
Los Nateros,locality,-16.4430777,28.4432898,640.0,False
Risco Blanco,hamlet,-16.4230067,28.4555118,796.0,False
San José,neighbourhood,-16.4412803,28.4620856,453.0,False
Tabares,locality,-16.4136209,28.4524202,897.0,False
Valle Forestal,hamlet,-16.4322392,28.4632425,527.0,False
Cruz del Camino,hamlet,-16.7212693,28.3485704,754.0,False
La Azadilla,hamlet,-16.5884586,28.3767642,426.0,False
Los Chavocos,isolated_dwelling,-16.6098887,28.3740655,795.0,False
Llanos de Ana López,locality,-15.5767521,27.9880115,1582.0,False
Llanos de la Pez,neighbourhood,-15.5849665,27.9665465,1681.0,False
Mantible,locality,-16.6387924,28.0900254,590.0,False
Yaco,hamlet,-16.5687217,28.0930896,379.0,False
Chacona,hamlet,-16.4160466,28.325834,382.0,False
El Melozar,locality,-16.4185507,28.3295041,429.0,False
El Taro,locality,-16.3859072,28.3244996,127.0,False
Fregenal,locality,-16.4065475,28.3062286,210.0,False
Fátima,hamlet,-16.4122,28.325705,352.0,False
Las Cañadas,locality,-16.3855613,28.3224299,128.0,False
Las Cruces,locality,-16.3956049,28.3244027,199.0,False
Los Pasitos,locality,-16.4187868,28.3218272,399.0,False
San Francisco Javier,hamlet,-16.4002329,28.3310473,235.0,False
Tonaso,locality,-16.4021658,28.3187315,234.0,False
Topo Negro,hamlet,-16.4016436,28.3266198,259.0,False
Sobre la Fuente,isolated_dwelling,-16.5779603,28.1311328,714.0,False
El Zacatín,hamlet,-16.4888761,28.4127306,569.0,False
Las Turcas,locality,-16.4910636,28.4094089,629.0,False
Lomo Hilos,hamlet,-16.4852722,28.4210751,363.0,False
Los Barriales,locality,-16.486832,28.4088841,701.0,False
Cazadores,locality,-16.4826758,28.246687,1155.0,False
El Calvario,hamlet,-16.4591618,28.2361901,703.0,False
El Madroño,locality,-16.4781646,28.2450362,1062.0,False
El Portugués,locality,-16.4441777,28.2220692,344.0,False
Fuente Nueva,hamlet,-16.4726243,28.2361134,869.0,False
Hoya Grande,locality,-16.4660106,28.2464658,891.0,False
La Cuesta,locality,-16.4659342,28.2502145,930.0,False
La Mosca,locality,-16.4452568,28.249997,622.0,False
Los Apartaderos,locality,-16.4457216,28.2471475,632.0,False
Casas Blancas,isolated_dwelling,-16.1408263,28.5770303,163.0,False
Corral de Icorbo,locality,-16.1427249,28.5667756,522.0,False
Cruz del Draguillo,locality,-16.1684532,28.5712136,663.0,False
El Bucio,locality,-16.5499838,28.3576669,945.0,False
El Orégano,hamlet,-16.555339,28.3567759,917.0,False
La Zapatera,hamlet,-16.5495053,28.3663163,757.0,False
Las Casas Viejas,hamlet,-16.6748655,28.0795533,314.0,False
Bebedero Alto,hamlet,-16.5049565,28.3719311,859.0,False
Casa Nieves,hamlet,-16.5572587,28.382288,374.0,False
Cruz del Dornajito,locality,-16.5304611,28.3593566,1013.0,False
El Calvario,hamlet,-16.5479245,28.3787275,430.0,False
El Majuelo,hamlet,-16.546994,28.3859784,323.0,False
El Mayorazgo,suburb,-16.5282854,28.394413,280.0,False
El Monturrio,suburb,-16.5295069,28.3858711,369.0,False
El Moñigal,hamlet,-16.5547969,28.3797632,428.0,False
El Ratiño,hamlet,-16.5391972,28.3788157,430.0,False
La Arbeja,hamlet,-16.5534323,28.3839094,352.0,False
La Habanera,hamlet,-16.5379246,28.3742013,528.0,False
La Marzagana,hamlet,-16.5604664,28.3782761,433.0,False
La Puente,hamlet,-16.5618795,28.3813153,392.0,False
La Quinta,hamlet,-16.5348969,28.3783596,444.0,False
La Vizcaina,hamlet,-16.5341896,28.3932355,268.0,False
Tafuriaste,locality,-16.5390078,28.3865566,312.0,False
Urbanización Jardín del Atlántico,hamlet,-16.4596404,28.1311776,57.0,False
El Bailadero,locality,-17.2083988,28.1235008,1004.0,False
Reventón Oscuro,locality,-17.2153376,28.1216112,1097.0,False
La Calera,village,-17.3345342,28.0962304,80.0,False
Pino Charanga,locality,-16.7222476,28.3263731,1223.0,False
Risco del Acebiño,locality,-16.7398658,28.3324396,1102.0,False
Corral de Gamorra,locality,-16.485604,28.3950502,1150.0,False
Los Panascos,hamlet,-16.3643925,28.4237646,850.0,False
Los Toscales,hamlet,-16.3463425,28.4257704,592.0,False
Revés de la Cueva,locality,-16.4862164,28.3941108,1143.0,False
Altamira,hamlet,-16.5758433,28.0982489,472.0,False
Los Llanos,hamlet,-16.5778649,28.1035588,512.0,False
La Mareta,village,-16.5750957,28.032947,10.0,False
Vista Gorda,hamlet,-16.5737582,28.0966734,440.0,False
La Asomada Alta,neighbourhood,-16.6237191,28.0991822,626.0,False
La Asomada Baja,neighbourhood,-16.6229821,28.0950175,578.0,False
Cañada Blanca,locality,-16.6266463,28.2252971,2150.0,False
Merese,hamlet,-18.0204681,27.7526867,279.0,False
San Juanito,hamlet,-17.1935544,28.0353155,129.0,False
Taco,hamlet,-17.2113184,28.0571414,162.0,False
La Vega,suburb,-13.5562998,28.9636349,18.0,False
Valterra,suburb,-13.5453157,28.9657255,20.0,False
Argana Baja,suburb,-13.5684061,28.9727033,45.0,False
Parque Maneje,suburb,-13.5532739,28.9750759,43.0,False
Altavista,suburb,-13.5484032,28.9730288,37.0,False
Los Alonsos,suburb,-13.5450597,28.9696988,25.0,False
Tenorio,suburb,-13.5408965,28.9744088,35.0,False
Puerto de Naos,suburb,-13.5369948,28.9708165,21.0,False
Punta Grande,suburb,-13.5211588,28.9768682,17.0,False
La Florida,hamlet,-16.6690721,28.0858385,387.0,False
Morro de los Gatos,hamlet,-16.6775774,28.0767085,310.0,False
Cortelanado,hamlet,-16.7090303,28.3476938,644.0,False
Las Lajas,neighbourhood,-16.7094068,28.3589155,420.0,False
El Farrobo,hamlet,-16.6553813,28.3687833,582.0,False
El Mazapé,hamlet,-16.6166292,28.386305,502.0,False
El Terrero,hamlet,-16.6103114,28.3820306,617.0,False
La Alzadilla,hamlet,-16.5957017,28.3763913,523.0,False
La Gallinera,hamlet,-16.6134291,28.3864665,492.0,False
Lomo Márquez,hamlet,-16.6111637,28.3820701,609.0,False
Lomo de los Ajos,hamlet,-16.606552,28.3814807,617.0,False
Langrero,hamlet,-17.1321823,28.1033017,55.0,False
El Pampillo,locality,-17.9117497,28.6108949,246.0,False
Piletas,hamlet,-15.6786377,28.0943507,334.0,False
La Crucita,locality,-16.4481932,28.4200792,897.0,False
Arrecife,town,-13.5499014,28.9639681,11.0,False
Maneje,suburb,-13.5554745,28.977555,49.0,False
Los Espinales,hamlet,-15.416479,27.8782748,55.0,False
El Sitio de Abajo,hamlet,-15.5412984,27.8816794,498.0,False
El Sitio de Arriba,hamlet,-15.5538299,27.8894819,604.0,False
La Corte,hamlet,-14.0114617,28.4106198,235.0,False
La Centinela,locality,-16.7278209,28.1101705,261.0,False
Morros de Ávila,locality,-15.4225757,27.9079843,259.0,False
Los Letreros,isolated_dwelling,-15.4779822,27.8719347,188.0,False
El Almácigo,hamlet,-14.0064587,28.4767163,198.0,False
Las Toscas,locality,-16.6856895,28.0615409,154.0,False
Llano Azul,locality,-16.6911467,28.0637513,163.0,False
Lomo la Fuente,locality,-16.6796424,28.0591911,272.0,False
Islote de las Cruces,islet,-13.5368668,28.9647477,4.0,False
Caldera de Lorenzo,locality,-16.3464783,28.4179232,531.0,False
La Asomadita,isolated_dwelling,-16.349235,28.408915,442.0,False
La Jiménez,hamlet,-16.3774622,28.3858814,344.0,False
Llano de las Brujas,locality,-15.4982425,28.1264581,178.0,False
Camino de la Cruz Alto,neighbourhood,-15.5191833,28.1241499,312.0,False
Vega de Río Palmas,hamlet,-14.0816398,28.3945811,266.0,False
Tanque Alto,hamlet,-16.7803142,28.3570765,604.0,False
Tanque Bajo,hamlet,-16.7727708,28.3638403,436.0,False
Los Toscanes,hamlet,-15.4738885,28.0336776,506.0,False
El Agujero,hamlet,-15.6617215,28.1603806,14.0,False
Llanos de Botija,locality,-15.6950689,28.1381933,80.0,False
Montaña de las Tierras,hamlet,-15.5118166,27.9367545,984.0,False
Anzofé y el Salón,hamlet,-15.6421104,28.130538,203.0,False
Barranco Hondo de Abajo,hamlet,-15.6516022,28.0432127,1019.0,False
Barranco Hondo de Arriba,hamlet,-15.6344656,28.0308414,1248.0,False
El Arco,hamlet,-15.4810898,28.0315866,544.0,False
El Jablito,hamlet,-13.8265805,28.6087445,5.0,False
Rosa del Alto,locality,-13.8636025,28.5809417,110.0,False
El Bebedero,locality,-16.7283169,28.3614938,517.0,False
Los Castaños,locality,-16.7283311,28.363036,465.0,False
Cabeza del Negro,locality,-16.7015957,28.3822923,150.0,False
El Cardonal,locality,-16.6985599,28.3823184,167.0,False
Degollada de Pedro Ponce,locality,-14.211594,28.2074201,132.0,False
Matas Blancas,isolated_dwelling,-14.1958038,28.174614,7.0,False
Montañas de Pedro Ponce,locality,-14.2083271,28.2060476,137.0,False
Toto,hamlet,-14.0868278,28.3585664,265.0,False
Buenavista,locality,-15.477768,28.0582231,401.0,False
Molino de los Naranjos,locality,-15.4794744,28.0532154,344.0,False
Siete Puertas,hamlet,-15.4783776,28.0608157,359.0,False
Cueva del Luchón,locality,-17.2087172,28.0726412,745.0,False
El Rodillon,locality,-17.2103282,28.0711937,614.0,False
Llano de los Marcelos,hamlet,-15.5732948,28.1263474,359.0,False
Cercado Grande,isolated_dwelling,-17.7593518,28.7885782,132.0,False
El Saladillo,isolated_dwelling,-13.938008,28.3248384,69.0,False
Alto del Cuevón,locality,-15.7527897,27.8661363,593.0,False
Degollada de Hogarzal,locality,-15.7507905,27.8681914,588.0,False
Degollada de Posteragua,locality,-15.7681463,27.8539882,419.0,False
Degollada de la Barrilla,locality,-15.7733652,27.8512975,350.0,False
Degollada del Paso del Mojón,locality,-15.7616469,27.8569341,473.0,False
El Corral,locality,-15.7720767,27.8507855,388.0,False
Las Montañetillas,locality,-15.7842666,27.8452282,243.0,False
Lomo de la Cisterna,locality,-15.7592363,27.8590551,524.0,False
Lomo de la Escuela,locality,-15.7822227,27.8466896,254.0,False
Paso del Pino,locality,-15.7479501,27.8694652,636.0,False
Caserones de Abajo,isolated_dwelling,-15.5583585,27.8575332,453.0,False
Caserones de Arriba,isolated_dwelling,-15.5591192,27.8630887,551.0,False
La Barandilla,hamlet,-15.5669525,27.855994,367.0,False
Las Rosas,locality,-15.5591661,27.865871,605.0,False
Barrio de las Crucitas,hamlet,-15.6652701,27.7768262,46.0,False
El Cabildo,locality,-15.4834086,28.0490878,353.0,False
La Montañeta,hamlet,-15.4871721,28.035865,539.0,False
Llanos de María Ribera,hamlet,-15.4842979,28.0540781,467.0,False
Los Laureles,neighbourhood,-15.4836707,28.0461771,395.0,False
El Tejar,hamlet,-15.4954439,28.0459612,428.0,False
Las Meleguinas,hamlet,-15.5008989,28.0421543,447.0,False
Malpaís,neighbourhood,-16.4866321,28.4326402,212.0,False
El Valle,hamlet,-15.5364067,27.914109,747.0,False
Andén Colorado,locality,-15.5020743,27.8747199,402.0,False
Morro de Malpaso,locality,-15.4966045,27.8727711,313.0,False
San José,locality,-16.4163598,28.4926224,374.0,False
Casas de Taginastal,hamlet,-15.6093754,27.8774312,489.0,False
Las Tederas,locality,-15.6159072,27.8879346,564.0,False
El Portillo,hamlet,-15.5735415,28.0035584,1225.0,False
San Francisco,hamlet,-15.5731399,28.0065693,1182.0,False
El Hornillo,hamlet,-15.5549827,28.0086328,1062.0,False
Corvo,hamlet,-15.5935442,28.0686994,906.0,False
Casas de las Traviesas,hamlet,-17.9552076,28.6915398,499.0,False
Los Gomeros,hamlet,-17.9514844,28.6935776,570.0,False
La Cerca,locality,-15.4035568,28.0285936,29.0,False
Llano de las Brujas,locality,-15.3984306,28.0269426,43.0,False
El Portichuelo,locality,-15.4184661,28.0103526,113.0,False
Las Pitas,hamlet,-15.5499343,28.0240093,930.0,False
Hoya de Niebla,locality,-15.4334843,28.0183871,271.0,False
Acequia de Tafira,locality,-15.5217367,28.018419,709.0,False
Vista Alegre,hamlet,-15.5246913,28.0167339,779.0,False
Vuelta del Molino,locality,-15.5227927,28.0175583,739.0,False
Casas de Pino Gordo,hamlet,-15.7470432,27.9769672,353.0,False
La Cuesta,hamlet,-16.8453198,28.3632351,182.0,False
Simancas,hamlet,-17.2367656,28.1880923,407.0,False
El Palmar,locality,-17.1611488,28.1649594,227.0,False
Acusa Seca,hamlet,-15.6796141,28.0063648,841.0,False
Puerto de la Peña,suburb,-14.1537437,28.3952746,50.0,False
San Cristóbal,suburb,-15.4148878,28.0768529,14.0,False
Santa Margarita,neighbourhood,-15.4309174,28.0373859,167.0,False
Casas de Cuevas Blancas,locality,-17.1311402,28.1443096,529.0,False
Lomo de Pedro Afonso,hamlet,-15.644573,27.8517576,783.0,False
Cercado Grande,suburb,-15.4245913,27.9316446,221.0,False
Casas Blancas,hamlet,-15.5247396,27.9893508,844.0,False
Vista de Fuera,locality,-16.7597851,28.3328846,1054.0,False
Las Juncias,hamlet,-16.8071297,28.3433859,712.0,False
El Jaral,locality,-17.9346185,28.831886,450.0,False
La Lomada,hamlet,-17.7508204,28.7467646,441.0,False
Llano del Jable,locality,-17.8463375,28.6239291,1228.0,False
Cubaba,hamlet,-17.3095545,28.1791812,313.0,False
Santa Flora,neighbourhood,-15.5298991,28.1014914,334.0,False
Visvique,neighbourhood,-15.526013,28.1075521,264.0,False
Hoya de los Bravo,hamlet,-15.5121163,28.0299013,589.0,False
El Faro,hamlet,-15.5377596,28.0460722,820.0,False
Lomo del Corcobado,hamlet,-15.5025526,28.0539248,611.0,False
El Acebuchal,hamlet,-15.5165207,28.0576063,536.0,False
El Zardo,suburb,-15.4645759,28.0734498,325.0,False
La Milagrosa,hamlet,-15.5045956,28.0589607,591.0,False
La Palma,hamlet,-15.475114,28.0605517,351.0,False
Masapez,hamlet,-15.5097896,28.059283,482.0,False
Pinar de Ojeda,hamlet,-15.5189701,28.0475112,673.0,False
Hoya Navarra,hamlet,-15.5502793,27.9987701,1039.0,False
Los Roquetes,hamlet,-15.54712,27.9945263,1087.0,False
Viñátigo,hamlet,-15.5500242,27.9959517,1074.0,False
El Pie de la Cuesta,neighbourhood,-15.4453528,27.8941102,163.0,False
El Lomito,hamlet,-15.5423239,28.0230106,761.0,False
Sagrado Corazón,hamlet,-15.5497996,28.0387446,780.0,False
García Ruiz,hamlet,-15.4661344,28.0151781,378.0,False
Valle de Casares,hamlet,-15.4689062,28.0110833,369.0,False
Barrio del Carmen,hamlet,-16.4174917,28.3355909,440.0,False
Playa de Lima,hamlet,-16.3667717,28.339281,9.0,False
Salinas del Matorral,hamlet,-15.4429839,27.8002193,6.0,False
Puerto,suburb,-15.4318172,28.1416942,20.0,False
La Isleta,suburb,-15.427168,28.1523295,33.0,False
La Gorita,locality,-16.5403943,28.3366753,1382.0,False
Los Corchos,isolated_dwelling,-17.9983737,27.7534899,441.0,False
El Mudo,hamlet,-17.920219,28.844821,278.0,False
Montesol,suburb,-15.5011236,28.1014763,308.0,False
Los Alisios,suburb,-15.495252,28.1034945,260.0,False
Valle del Granadillo,locality,-14.094249,28.384671,247.0,False
Barriada del Rosario,neighbourhood,-13.8633728,28.4994508,41.0,False
Garganta del Diablo,locality,-13.8802926,28.5384545,142.0,False
Tamariche,hamlet,-13.9382469,28.5410056,374.0,False
Rincón de la Hija,locality,-13.9803677,28.5312311,217.0,False
Santo Lirio,locality,-13.9810314,28.5617225,196.0,False
Tablero de la Avutarda,locality,-13.9915455,28.5364427,165.0,False
Casas del Valluelo,isolated_dwelling,-14.2883738,28.1219691,127.0,False
El Rayón,locality,-14.2777863,28.127336,72.0,False
La Solana,isolated_dwelling,-14.3749191,28.0670276,84.0,False
Piedras Negras,locality,-14.223185,28.206586,85.0,False
Tablero de Peñas Blancas,locality,-14.3879644,28.0596438,53.0,False
Tablero del Morro,locality,-14.3740732,28.0563222,39.0,False
Belgara Alta,hamlet,-18.007949,27.755314,263.0,False
Belgara Baja,hamlet,-18.0086659,27.7578232,220.0,False
El Lunchón,hamlet,-17.9986606,27.7557451,338.0,False
Las Toscas,hamlet,-18.0169784,27.7493329,336.0,False
Los Jarales,hamlet,-17.9747073,27.8053063,680.0,False
Casas del Monte,hamlet,-17.9578612,27.81021,677.0,False
Casas de Tifaracás,hamlet,-15.7294768,28.0070041,576.0,False
Majada Alta,isolated_dwelling,-15.6791905,27.9142648,932.0,False
Llano de Las Brujas,locality,-15.7244835,27.9441904,1271.0,False
Llanos del Viso,locality,-15.758763,27.9595478,935.0,False
Los Picachos,locality,-15.7330976,27.9234787,822.0,False
Alto de las Tederas,locality,-15.7350643,27.9266413,989.0,False
Casas de la Inagua,isolated_dwelling,-15.7434823,27.9569772,871.0,False
Casilla los Peñones,locality,-15.7543661,27.9692557,769.0,False
Andén de Tasarte,locality,-15.7500714,27.941496,1179.0,False
Cortijo de Samsó,locality,-15.6855468,28.0653531,1067.0,False
Fuente del Cuervo,locality,-15.6863048,28.0732619,879.0,False
Llano de Berbique,locality,-15.6842229,28.0764795,642.0,False
Las Longueras,locality,-15.6832831,28.089956,145.0,False
Fuente Canaria,locality,-15.6998039,27.9217549,894.0,False
El Mundillo,hamlet,-15.5367605,27.9170017,764.0,False
La Marquesa,locality,-15.7247673,28.0312385,550.0,False
La Solana de Fregenal,locality,-15.4763654,27.9814603,546.0,False
Los Arenales,hamlet,-15.4692808,27.9804697,439.0,False
El Jacón,locality,-15.4779513,27.9650093,717.0,False
Los Guinderos,locality,-15.5021138,27.963371,914.0,False
Cueva Blanca,hamlet,-15.5235812,27.9564051,1336.0,False
Las Colmenas,locality,-15.5210622,27.9445236,1221.0,False
Mesa de Morales,locality,-15.49948,27.9310336,1146.0,False
San Juan,suburb,-15.4207455,28.0954791,111.0,False
Los Quemados,isolated_dwelling,-16.8266236,28.2873812,916.0,False
El Laurelillo,locality,-15.7566656,27.9609717,985.0,False
Las Pocetas,hamlet,-13.9954388,28.404369,199.0,False
Costa de Antigua,suburb,-13.8570265,28.4128487,48.0,False
El Sao,hamlet,-15.6604256,27.8315142,144.0,False
Tafira Baja,suburb,-15.4500369,28.0705521,328.0,False
Casas del Tablero,hamlet,-15.5784859,28.0705616,729.0,False
Los Bucios,hamlet,-15.5383055,27.9528665,1495.0,False
Casas de Chamoriscán,isolated_dwelling,-15.6327273,27.8583143,664.0,False
Cuevas del Corcho,hamlet,-15.5882044,28.0239497,1339.0,False
Caldera de los Pinos de Gáldar,locality,-15.6167482,28.0408935,1389.0,False
Ojero,hamlet,-15.5546583,28.0448549,793.0,False
Las Longueras,hamlet,-15.5494507,28.0072371,1002.0,False
Los Llanos,neighbourhood,-15.5538153,28.06002,661.0,False
El Peñón,hamlet,-15.5909295,28.0129331,1617.0,False
Casas de las Hoyas,hamlet,-15.6737754,28.0392637,965.0,False
El Rincón,neighbourhood,-15.5496643,28.0668715,712.0,False
Cuesta Falcón,locality,-15.5479383,28.0485467,713.0,False
Casas de Ayagaures Alto,hamlet,-15.6018751,27.8601881,398.0,False
Cruz de la Umbría,locality,-15.60186,27.8959549,756.0,False
Montequemado,neighbourhood,-15.4359783,28.0353377,167.0,False
Llanito Perera,locality,-16.6939721,28.3604988,515.0,False
Lomo el Picacho,locality,-16.5219058,28.226119,1660.0,False
San Juan,neighbourhood,-15.6156465,28.1311145,371.0,False
El Aserradero,locality,-16.7112699,28.1486008,1093.0,False
El Trigo,locality,-16.7172574,28.1693058,1193.0,False
Los Picos,isolated_dwelling,-16.7256853,28.1452087,921.0,False
Honduras,locality,-17.9453113,27.7705727,951.0,False
Cueva del Polvo,neighbourhood,-16.8339949,28.226074,77.0,False
La Cruz,isolated_dwelling,-16.7401087,28.1730346,867.0,False
Las Barreras,isolated_dwelling,-16.7475364,28.174784,776.0,False
Las Cuevas,isolated_dwelling,-16.7414622,28.1734287,856.0,False
Los Pajales,hamlet,-16.7452275,28.1739852,811.0,False
Los Palos,hamlet,-16.7439793,28.1747924,841.0,False
Maspalomas,hamlet,-15.5970832,27.7527731,20.0,False
Casas Altas,hamlet,-16.8017001,28.3072044,1012.0,False
Las Hoyas,hamlet,-16.8038259,28.3086593,992.0,False
Gitagana,isolated_dwelling,-15.580376,27.8324829,253.0,False
Barranco de la Arena,locality,-16.6252711,28.3366752,1291.0,False
Sanatorio de Abona,locality,-16.4353213,28.1458508,13.0,False
La Mesita,locality,-15.6657472,27.9540014,1167.0,False
La Zarcilla,locality,-15.5631452,27.9908246,1274.0,False
Las Montañetas,locality,-15.540207,28.0031979,954.0,False
El Moralito,locality,-17.1729808,28.1660202,173.0,False
La Hoya,hamlet,-15.6078437,28.0342345,1464.0,False
Cuevas de Pajonales,isolated_dwelling,-15.6643232,27.9493405,1115.0,False
Llano del Marrubio,locality,-15.5478119,27.9568388,1721.0,False
Pargana,locality,-15.6032571,27.9420899,1585.0,False
Cortijo de Pajonales,locality,-15.6717582,27.9491981,1173.0,False
Llano del Corral,locality,-15.6416753,27.9166332,971.0,False
Casas del Granjero,hamlet,-15.6230326,27.9177464,955.0,False
Casa del Pino,isolated_dwelling,-15.6906757,27.9092911,815.0,False
Cortijo del Pino,locality,-15.6904519,27.9072608,869.0,False
Mesa de Soria,locality,-15.6539199,27.9103415,903.0,False
Los Llanitos,locality,-15.7150785,28.0418193,467.0,False
Los Vicentes,isolated_dwelling,-15.5951101,27.8591187,461.0,False
Ermita de Santiago,locality,-15.6234268,27.9291537,1209.0,False
El Cardón,hamlet,-15.4927716,27.8710487,327.0,False
Mesa de las Vacas,locality,-15.54392,27.9461727,1633.0,False
Vicentillos,locality,-15.5874084,27.8569456,508.0,False
Mácher,hamlet,-13.683913,28.948368,170.0,False
Urbanización Palmasol II,hamlet,-17.7786131,28.6542805,265.0,False
La Florida,hamlet,-14.0675321,28.3039352,192.0,False
Aguas Verdes,locality,-14.0948435,28.4848231,9.0,False
Cañada Blanca,locality,-16.658826,28.0264686,48.0,False
Finca La Estrella,hamlet,-16.6732561,28.017376,28.0,False
Cañada Blanca,locality,-16.6556426,28.0432209,110.0,False
Guaza del Medio,locality,-16.6782211,28.0430499,78.0,False
Parque de la Reina,suburb,-16.6593054,28.0496644,155.0,False
Las Casas,hamlet,-16.6837392,28.1044733,697.0,False
El Saltadero,locality,-16.6130187,28.0297294,47.0,False
Urbanización El Guincho,village,-16.6101823,28.024352,22.0,False
Oroteanda,locality,-16.6341439,28.0526208,160.0,False
El Cabuquero,locality,-16.6367224,28.0688574,243.0,False
Lomo de La Hoya,locality,-16.6306092,28.0807833,437.0,False
La Tafetana,locality,-16.6269249,28.120026,973.0,False
Altavista,locality,-16.6736605,28.1122751,903.0,False
La Longuera,locality,-16.6648614,28.1231341,1077.0,False
Los Colorados,locality,-16.6559569,28.1195854,1081.0,False
Lomo Topo Negro,locality,-16.6288801,28.1701668,1698.0,False
Los Llanitos,locality,-16.616228,28.1704852,1695.0,False
Risco Atravesado,locality,-16.6452639,28.1811394,1923.0,False
Llano Rastro,locality,-16.581695,28.0387315,45.0,False
Punta Roja,locality,-16.5490664,28.025346,1.0,True
Hoyos Blancos,locality,-16.5372998,28.0703587,117.0,False
La Barca,locality,-16.5376548,28.060599,56.0,False
Llano de Las Tabaibas,locality,-16.5023523,28.0785463,10.0,False
Lomo El Camello,locality,-16.5039365,28.0920586,69.0,False
Llano Blanco,locality,-16.5126463,28.1137517,204.0,False
Llano del Barco,locality,-16.5073423,28.1162138,200.0,False
El Saltadero,locality,-16.559599,28.0614921,119.0,False
Llano Letrado,locality,-16.5397287,28.0779608,168.0,False
Toscas Gordas,locality,-16.5487391,28.1005262,299.0,False
Lomo de Las Quemadas,locality,-16.541925,28.1100531,335.0,False
Las Crucitas,locality,-16.5784766,28.110789,572.0,False
Velázquez,hamlet,-16.5612468,28.108056,401.0,False
Lomo Grande,locality,-16.5399149,28.1273126,445.0,False
Lomo Grande,locality,-16.5522388,28.1416864,671.0,False
Lomo Romero,locality,-16.5432389,28.1489569,667.0,False
Los Hibrones,locality,-16.5734825,28.15575,1075.0,False
Las Calderas,locality,-16.5842093,28.158912,1214.0,False
Lomo Medida,locality,-16.5874883,28.1479646,1093.0,False
Lomo Largo,locality,-16.5802058,28.1878551,1653.0,False
Madre del agua,locality,-16.5944021,28.1916766,1804.0,False
Pasajirón,locality,-16.5731237,28.1941979,1447.0,False
La Cruz Cambada,locality,-16.6104018,28.183817,1841.0,False
Las Revueltas,locality,-16.4511873,28.1356175,43.0,False
Llano de Santiago,locality,-16.4781135,28.1127583,56.0,False
Lomo de La Jaca,locality,-16.4681002,28.1214732,61.0,False
Punta del Sordo,locality,-16.4645404,28.1114249,1.0,True
Las Bolas,locality,-16.5100257,28.1318726,256.0,False
Llano de Guama,locality,-16.4907315,28.1301107,197.0,False
Lomo del Perú,locality,-16.5063088,28.1439791,312.0,False
Lomo de La Esquina,locality,-16.4761967,28.1536669,318.0,False
Las Montañetas,locality,-16.4728694,28.1611612,297.0,False
Lomo de La Quinta,locality,-16.4738041,28.1760091,334.0,False
Lomo Grande,locality,-16.4559725,28.1949181,302.0,False
Vera de Abote,locality,-16.4427767,28.1964904,183.0,False
Lomo Garajao,locality,-16.4465205,28.2065508,263.0,False
Las Corujas,locality,-16.5386524,28.1640281,820.0,False
Lomo de La Florida,locality,-16.5253109,28.1802699,807.0,False
Morra del Caracol,locality,-16.5501789,28.2000094,1390.0,False
Lomo de Tajorte,locality,-16.5124467,28.1924844,842.0,False
Valle de Tamadaya,locality,-16.5269125,28.2070351,1135.0,False
Casa Quemada,locality,-16.5030886,28.2002583,829.0,False
Lomo de Tamadaya,locality,-16.4969828,28.189256,557.0,False
Lomo El Frontón,locality,-16.4851087,28.206558,719.0,False
Los Colmeneros,locality,-16.4921468,28.2060963,766.0,False
Cruz de Ifonse,locality,-16.5071614,28.2295902,1276.0,False
Casas de Chajaña,isolated_dwelling,-16.4806164,28.2250918,829.0,False
La Florida,locality,-16.4775833,28.2277939,821.0,False
Lomo Oliva,hamlet,-16.4589188,28.2183816,478.0,False
Lomo de Las Vigas,locality,-16.4747942,28.2249683,748.0,False
Los Andenes,locality,-16.5844086,28.2056532,1884.0,False
El Topo de Veno,locality,-16.5800795,28.2210059,2245.0,False
Llano Las Lajas,locality,-16.5532524,28.2356321,2078.0,False
Lomo de Las Colmenas,locality,-16.5619419,28.2264809,1962.0,False
Pino de La Pelota,locality,-16.5499266,28.2425385,2172.0,False
Corrales de Yeja,locality,-16.524885,28.2597971,2089.0,False
Pasada del Escobón,locality,-16.5227243,28.2470015,1803.0,False
Llano de Los Infantes,locality,-16.5434388,28.2764344,2288.0,False
Miraverde,village,-16.7262699,28.0931425,81.0,False
Llano El Camello,locality,-16.7572545,28.1197403,140.0,False
Lomo El Cuchillo,locality,-16.7412262,28.108855,120.0,False
Lomo el Cardón,locality,-16.7124201,28.1023982,334.0,False
Ajabo de Acá,locality,-16.7495455,28.1477536,534.0,False
La Hoya,hamlet,-16.7654218,28.1533934,373.0,False
Morro Santana,locality,-16.7534822,28.1477743,432.0,False
Nogueros,locality,-16.7754165,28.1341834,99.0,False
Pencatinta,locality,-16.7800064,28.1366638,91.0,False
Los Picachos de Fañabé,locality,-16.7003235,28.1215303,865.0,False
Los Riscos,locality,-16.6975919,28.1190551,768.0,False
El Hoyo,locality,-16.7340238,28.1411291,648.0,False
Los Llanos,locality,-16.7211635,28.1465537,945.0,False
Suerte Grande,locality,-16.7072142,28.1647914,1253.0,False
Lomo de La Valeria,locality,-16.4309371,28.2196543,205.0,False
Lomo de La Cabezada,locality,-16.4249502,28.2307501,209.0,False
Lomo Vista de La Zarza,locality,-16.4481644,28.2321522,492.0,False
Chifira,locality,-16.4729974,28.2724701,1279.0,False
Era de Las Cabezadas,locality,-16.4751956,28.2554003,1137.0,False
Las Cabezadas,locality,-16.4758472,28.256242,1159.0,False
Lomo Los Pinos,locality,-16.4641143,28.2659906,1069.0,False
El Retamar,locality,-16.5241716,28.2824126,2237.0,False
Las Arenitas,locality,-16.5059298,28.2810213,2108.0,False
Callao Chico,locality,-17.2264233,28.2002298,61.0,False
La Verdura,locality,-17.1925767,28.1929912,25.0,False
Piedra Punta del Viento,locality,-17.1381502,28.1593829,72.0,False
la Bodega,locality,-17.1401695,28.0653951,26.0,False
La Cantera,locality,-17.2721674,28.0358603,14.0,False
Los Picachos,locality,-17.3325999,28.1772427,36.0,False
Lomo de los Tascos,locality,-17.2389287,28.1146131,1231.0,False
Lomito del Loro,locality,-17.231163,28.1116587,1178.0,False
Pedrazo Bajo,neighbourhood,-15.6154931,27.7562203,58.0,False
Pedrazo,neighbourhood,-15.6174616,27.7589908,63.0,False
Pedrazo Alto,neighbourhood,-15.6209219,27.7604357,69.0,False
Montaña Blanca,suburb,-15.6286467,27.759961,119.0,False
Montaña de la Arena,suburb,-15.6418745,27.7584614,102.0,False
El Llanillo,suburb,-15.6540311,27.7652538,65.0,False
Lomo Galeon,suburb,-15.6691373,27.7606589,22.0,False
Susana,neighbourhood,-16.8157566,28.3632323,111.0,False
Sibora,neighbourhood,-16.8114758,28.3753443,21.0,False
Cruz Grande,hamlet,-16.7842907,28.3553566,626.0,False
Cruz de las Ánimas,hamlet,-16.5611944,28.1289053,552.0,False
El Bicho,locality,-16.8692247,28.363059,77.0,False
El Fraile,locality,-16.8795727,28.3675764,23.0,False
El Rincón,locality,-16.8729499,28.3664369,47.0,False
Guergues,locality,-16.855743,28.2826235,546.0,False
Lomo del Medio,neighbourhood,-16.8406201,28.3039589,563.0,False
La Piedra,neighbourhood,-16.8400784,28.3048092,587.0,False
Portela Alta,neighbourhood,-16.8426607,28.3254962,761.0,False
Portela Baja,neighbourhood,-16.8451123,28.3276731,709.0,False
Los Carrizales,neighbourhood,-16.8569402,28.3194603,613.0,False
Segovia,hamlet,-16.8511802,28.3348368,574.0,False
Los Pedregales,hamlet,-16.8515986,28.3398795,538.0,False
Las Palmas,hamlet,-16.8451184,28.3472919,480.0,False
El Drago,hamlet,-16.8444747,28.3498602,431.0,False
Bermudez,locality,-16.8461322,28.3758049,98.0,False
La Montaña,locality,-16.8396949,28.3740113,186.0,False
Las Ánimas,locality,-16.8464353,28.3807283,70.0,False
Los Cabildos,locality,-16.8442165,28.3703875,126.0,False
Los Pajales,locality,-16.82787,28.3795536,49.0,False
Las Manzanillas,locality,-16.8165264,28.375457,39.0,False
El Polvillo,locality,-16.8195493,28.3747537,39.0,False
Las Dehesas,locality,-16.8238819,28.3679405,83.0,False
Daute Bajo,locality,-16.8041979,28.3746064,25.0,False
Daute,locality,-16.8086007,28.3718818,53.0,False
La Sabina,locality,-16.7991773,28.3703484,49.0,False
La Cruzada,locality,-16.8213792,28.3637361,129.0,False
Capellanía,locality,-16.8301648,28.3625973,208.0,False
El Esparragal,locality,-16.8232256,28.3639589,124.0,False
El Salto,locality,-16.8279865,28.3628401,181.0,False
Daute,locality,-16.8103402,28.3623912,136.0,False
Arbejita,locality,-16.8077476,28.364902,103.0,False
Las Arenas,neighbourhood,-16.8028194,28.3583219,414.0,False
Roque de las Cajas,locality,-16.8183589,28.3386539,556.0,False
Codeso,locality,-16.8003478,28.325936,1074.0,False
La Montaña,locality,-16.8021859,28.3225311,1060.0,False
Lomo del Viento,locality,-16.8061307,28.3205999,1084.0,False
Pinos Secos,locality,-16.7743494,28.3325369,1037.0,False
Rosa Vieja,locality,-16.7897503,28.3449828,795.0,False
Lomo del Retamar,locality,-16.4855702,28.2985367,2068.0,False
Lomo Negro,locality,-16.4690021,28.317694,1552.0,False
Lomo de La Montaña,locality,-16.4338322,28.3210926,635.0,False
Lomo del Arrastradero,locality,-16.4042162,28.2525361,140.0,False
Chacona de Arriba,locality,-16.4095488,28.2824425,530.0,False
Lomo de Amorín,locality,-16.4450187,28.2634116,771.0,False
Guaco,locality,-16.4773592,28.2827795,1480.0,False
El Bailadero,locality,-16.4682187,28.2854134,1413.0,False
Pinar de Frías,locality,-16.4549874,28.2860063,1310.0,False
Lomo del Medio,locality,-16.4441668,28.2676282,804.0,False
Los Barranquillos,locality,-16.4500685,28.2801349,1149.0,False
Lomo de Marrera,locality,-16.3983974,28.2880439,396.0,False
La Corujera,locality,-16.4244442,28.255979,397.0,False
Lomo del Tablero,locality,-16.4113418,28.2459605,177.0,False
Las Laderas,locality,-16.4940116,28.2881348,2023.0,False
Fondeadero del Escobonal,locality,-16.4051629,28.2383496,7.0,False
El Pelao,locality,-16.4231233,28.2811679,726.0,False
Lomo de Las Torvisqueras,locality,-16.3934306,28.2690374,175.0,False
Lomo Negro,locality,-16.4803124,28.3247928,2017.0,False
El Llanillo,locality,-15.6518484,27.9961051,787.0,False
Juan Fernández,hamlet,-15.6246068,28.012619,1137.0,False
La Umbría,locality,-15.6569891,28.0358222,1130.0,False
Lomito de las Cuevas,locality,-15.5797913,28.0461324,1052.0,False
La Solana,locality,-15.5790783,28.0474849,1043.0,False
Ventanieves,hamlet,-15.6760172,28.013927,945.0,False
El Infiernillo,hamlet,-15.5045698,27.9534382,1139.0,False
Caldera de Pino Santo,locality,-15.5348618,28.040133,823.0,False
Los Barros,locality,-16.7535633,28.3640397,467.0,False
Llano de Cortadores,locality,-15.6819143,27.8628751,722.0,False
La Caldereta,locality,-15.4497402,27.9398587,458.0,False
Los Molinos,hamlet,-15.4544226,27.9142848,330.0,False
Baranco del Cabrito,locality,-17.1516207,28.0769533,180.0,False
Las Hermosas,locality,-16.4113463,28.3606925,617.0,False
Lomo el Balo,locality,-16.7938321,28.2089234,386.0,False
El Reventón,locality,-16.7111135,28.3506124,551.0,False
Las Siete,locality,-16.8775512,28.3380821,844.0,False
La Estrechura,locality,-17.895592,28.6987493,384.0,False
Las Pendientes de Gorgo,locality,-16.4422758,28.3639349,1343.0,False
Risco Azul,locality,-16.4473395,28.3413083,1111.0,False
Chiguergue,locality,-16.3952513,28.3358976,233.0,False
El Volcán,hamlet,-16.3972261,28.3324175,217.0,False
La Meseta,locality,-15.6618702,28.0426233,978.0,False
Risco Caído,locality,-15.6615987,28.044782,886.0,False
Degollada de GuïGuï Chico,locality,-15.8151638,27.964173,694.0,False
Pasillo del Cardon,locality,-15.8197791,27.9537984,345.0,False
La Matanza,locality,-17.3021078,28.1122778,785.0,False
Degollada del Cerrillal,locality,-17.3134768,28.1035914,652.0,False
Lomos de Doña Para,locality,-16.4665277,28.3927446,1349.0,False
Los Jacobinos,locality,-16.4639383,28.3890527,1477.0,False
Las Hoyetas,locality,-15.4778374,27.9762999,564.0,False
Degollada de los Bueyes,locality,-17.3119252,28.096906,725.0,False
Las Coloradas,locality,-16.4365432,28.3119466,722.0,False
Lomo de La Barca,locality,-16.3749611,28.3911194,492.0,False
Monte del Pinar,locality,-16.3906266,28.4088361,1226.0,False
Alto del Gamonal,locality,-16.3926098,28.3976927,999.0,False
Punta El Morro,locality,-16.3444442,28.3907499,1.0,True
Punta del Rey,locality,-16.3600181,28.3773164,3.0,False
Playa de Las Arenas,locality,-16.3617826,28.3725165,4.0,False
Arigoña,hamlet,-16.3650622,28.3843648,99.0,False
Chajaco,locality,-16.3840688,28.3611575,198.0,False
Toscales de La Viuda,locality,-16.3755121,28.3412102,76.0,False
Chivisaya,locality,-16.4273883,28.3749635,1139.0,False
Chacorche,locality,-16.4116988,28.3890645,1454.0,False
Las Crucitas,locality,-16.4822682,28.3448673,1987.0,False
Punta de Guadamojete,locality,-16.3194584,28.400898,4.0,False
Finca Solis,locality,-15.5710885,27.9918203,1356.0,False
La Era,locality,-15.5775847,27.9890781,1585.0,False
Ladera Alta,locality,-15.5769483,27.9901827,1538.0,False
Los Pasos,locality,-15.575829,27.990861,1525.0,False
Los Majanos,locality,-15.5746439,27.991142,1458.0,False
Montaña de La Sepultura,locality,-15.5635607,27.9917622,1319.0,False
Huerta Palito,locality,-15.5693163,27.9861565,1404.0,False
El Sequerillo,locality,-15.5769263,27.9857786,1560.0,False
Las Mesetas de Cueva Grande,locality,-15.5741885,27.9868058,1471.0,False
Degollada Blanca,locality,-15.5706605,27.9820624,1485.0,False
El Majadal,locality,-15.574995,27.9824887,1579.0,False
Los Manantiales,locality,-15.5692888,27.9824209,1453.0,False
La Ensillada,locality,-15.563879,27.9811611,1472.0,False
Casa Blanca,locality,-15.5644057,27.9858998,1320.0,False
La Retumbadora,locality,-15.5694425,27.9833512,1470.0,False
La Casa Quemada,locality,-15.5838039,27.9821108,1689.0,False
Los Manantiales,locality,-15.5689267,27.9796785,1495.0,False
Finca los Nogales,locality,-15.5826325,27.9844171,1663.0,False
Las Mejoranas,locality,-15.5808987,27.9849695,1647.0,False
La Hoyeta,locality,-15.5666004,27.9906285,1329.0,False
Risco de Ravelo,locality,-15.5804214,27.991641,1516.0,False
Las Mesas,locality,-15.5846955,27.989112,1555.0,False
Degollada Florida,locality,-15.5851948,27.9872879,1594.0,False
Mesas de Ana Lopez,locality,-15.5854033,27.9896886,1560.0,False
Las Mimbreras,locality,-15.582007,27.9872951,1569.0,False
Llano de Ravelo,locality,-15.5820948,27.9911517,1575.0,False
Los Solapones,locality,-15.5959926,27.9886566,1360.0,False
Hoya Becerra,locality,-15.5912686,27.9871788,1543.0,False
Montaña de Huerta,locality,-15.5934193,27.9908271,1522.0,False
Los Canarios,hamlet,-17.8441379,28.4924787,698.0,False
El Muelle de San Lorenzo,locality,-17.1563131,28.1707865,29.0,False
Unnamed settlement,hamlet,-15.7465053,27.9758185,396.0,False
Las Montañetas,hamlet,-17.9562463,27.8003235,820.0,False
Tejeguate,hamlet,-18.0235953,27.7608552,132.0,False
La Gañifa,locality,-15.5714354,27.9612218,1905.0,False
Arenas Negras,locality,-16.5507397,28.2897595,2266.0,False
Cruz de María,locality,-15.6842382,28.0268149,1274.0,False
La Corte,hamlet,-15.5833281,28.0005194,1228.0,False
Las Mesas,locality,-15.5839311,27.9905893,1567.0,False
Erese Alto,hamlet,-17.9625373,27.8072794,706.0,False
Las Mesillas,locality,-15.6721655,27.9541647,1128.0,False
Cuevas Nuevas,locality,-15.7501855,28.0210558,710.0,False
Cruz de la Virgen,locality,-15.7138574,28.0316882,840.0,False
Los Cardones,suburb,-16.5648711,28.0725944,198.0,False
Urbanización la Palma,neighbourhood,-16.3745374,28.3582665,72.0,False
Urbanización Brillasol,neighbourhood,-16.3721395,28.3654322,78.0,False
Aroba,hamlet,-16.3737541,28.3605371,71.0,False
La Morrita,hamlet,-16.3783085,28.3851992,357.0,False
La Florida,hamlet,-16.3950992,28.368255,452.0,False
Cueva Bermeja,hamlet,-15.4818672,27.9323178,640.0,False
La Calderilla,locality,-15.5532101,27.9628927,1767.0,False
Lomo del Mojón,locality,-15.518328,27.9326094,1374.0,False
El Bijete,hamlet,-15.4941237,27.9446257,965.0,False
Los Majaletes,hamlet,-15.501473,27.9507292,1175.0,False
Morro del Castillete,locality,-15.4945529,27.9500848,1073.0,False
La Morisca,isolated_dwelling,-15.4879332,27.9495446,924.0,False
Risco del Laurel,locality,-15.6024273,27.9586167,1666.0,False
La Cardonera,locality,-15.6815719,28.0943839,238.0,False
Casa Amarilla,locality,-15.6808373,28.0925361,175.0,False
Charco de las Aneas,locality,-15.7257212,27.9259529,637.0,False
Pinar de Ojeda,locality,-15.7353501,27.93128,1054.0,False
Los Quemados,locality,-15.7209479,27.9206734,810.0,False
Hoya del Salitre,locality,-15.7409598,27.8474575,162.0,False
Risco Faneque,locality,-15.7163304,28.0588897,798.0,False
El Tablado,hamlet,-15.6282024,28.0301472,1335.0,False
Guardaya de Arriba,isolated_dwelling,-15.6326528,28.010898,898.0,False
La Tosca,quarter,-15.6199212,27.9959324,981.0,False
Las Peñas,hamlet,-15.6301736,28.0267662,1321.0,False
Cueva Colorada,locality,-15.6373845,28.0282814,1277.0,False
La Asomada,hamlet,-15.5472252,28.0041075,1030.0,False
Degollada de la Capellanía,locality,-15.5598848,27.9659593,1827.0,False
Los Pechos,locality,-15.5672771,27.9631944,1925.0,False
Los Risquillos,locality,-15.562606,27.9692601,1823.0,False
La Capellanía,locality,-15.5611648,27.9675211,1828.0,False
Montaña de los Tanques,locality,-15.5586649,27.9671108,1825.0,False
Las Cuevas,isolated_dwelling,-15.5586462,27.9798695,1456.0,False
Los Tanques Blancos,locality,-15.5617179,27.9725203,1663.0,False
Caserío de Lomito Blanco,hamlet,-15.5590188,27.9740555,1541.0,False
Risco de Sardina,locality,-15.5546701,27.9724924,1646.0,False
Llano de Sardina,locality,-15.5544362,27.9694834,1769.0,False
Risco del Pino,locality,-15.5584026,27.9700166,1717.0,False
Lomito Blanco,locality,-15.5619075,27.9740332,1592.0,False
Lomo de Cuevas Altas,locality,-15.5581276,27.9914656,1267.0,False
Los Garajes,locality,-15.6210472,28.0320961,1504.0,False
Casa Quemada,hamlet,-15.5309666,28.0258554,755.0,False
La Cruz,hamlet,-15.7748634,27.9655026,204.0,False
Pie de la Questa,locality,-15.7548528,27.9496766,1095.0,False
Montaña Buenaventura,hamlet,-15.6350904,28.0639705,1164.0,False
Cueva de los Reyes,locality,-15.5553103,27.9775089,1452.0,False
Mesa del Salado,locality,-15.576489,27.9741926,1795.0,False
Majadales,hamlet,-15.6302724,28.0562608,1223.0,False
El Lomo,neighbourhood,-16.7587077,28.1818155,644.0,False
Cueva de los Canarios,locality,-15.6580818,28.0743186,595.0,False
Montaña de las Vueltas,locality,-15.6595731,28.0678149,519.0,False
Casas de Matos,hamlet,-15.568023,28.0970542,516.0,False
Trapichillo,locality,-15.5688822,28.0996549,490.0,False
Llano de las Latas,locality,-17.8431526,28.551801,1633.0,False
Lomo de Pablo,locality,-17.8328672,28.7379493,2167.0,False
Los Silos,neighbourhood,-15.6471138,28.1164959,445.0,False
Las Boticarias,hamlet,-15.6310657,28.1272461,317.0,False
El Agazal,hamlet,-15.6676609,28.1099096,289.0,False
Llanos de la Majada,locality,-15.5664045,28.1005577,573.0,False
La Vera,village,-16.6336503,28.3844652,442.0,False
La Culata,locality,-15.5630149,28.0459788,907.0,False
Hoya del Sargento,locality,-15.6786543,28.0301153,1129.0,False
Las Eritas,hamlet,-16.4858115,28.1892271,463.0,False
Rodrigo,hamlet,-16.4900172,28.1900971,528.0,False
El Hediondo,hamlet,-16.4859349,28.1936573,485.0,False
Azañada,locality,-16.464622,28.2118442,484.0,False
Madre del Agua,hamlet,-16.4755762,28.2143496,665.0,False
La Mosca,hamlet,-16.4578736,28.2133616,419.0,False
Lomo Centeno,hamlet,-16.4690155,28.2213123,626.0,False
La Florida,hamlet,-16.4715314,28.2214872,653.0,False
Hoya Chica,hamlet,-16.4627016,28.2200313,517.0,False
Horno del Buey,hamlet,-16.4823353,28.2167036,823.0,False
Las Aguelillas,hamlet,-16.4815199,28.1944941,467.0,False
Imoses,hamlet,-16.4727277,28.190012,332.0,False
Lomo Angosto,isolated_dwelling,-16.4841485,28.2379349,1056.0,False
Lomo Polegre,hamlet,-16.4935845,28.1771649,508.0,False
Marzagán,hamlet,-16.4769602,28.1649878,369.0,False
Las Lajas de Medina,locality,-15.7025258,27.8728883,927.0,False
Llanos de Gamona,locality,-15.7089904,27.8615466,750.0,False
Cueva del Guirre,locality,-15.7174015,27.8722759,799.0,False
Llanos del Guirre,locality,-15.7171869,27.8680933,793.0,False
El Tajoz,hamlet,-16.4825606,28.1919789,463.0,False
San Isidro,isolated_dwelling,-16.4554328,28.2275798,571.0,False
Lomo La Tose,isolated_dwelling,-16.4355147,28.2446362,485.0,False
Lomo Grande,isolated_dwelling,-16.458984,28.2337003,697.0,False
Hoya Mena,isolated_dwelling,-16.4593166,28.2323156,673.0,False
Lomo Angosto,isolated_dwelling,-16.4535391,28.2328071,604.0,False
Casas del Camino Real,isolated_dwelling,-16.4331624,28.2380696,379.0,False
Viña la Cueva,isolated_dwelling,-16.230728,28.5119635,121.0,False
Las Lajitas,hamlet,-16.7466375,28.1743064,790.0,False
El Muñón,isolated_dwelling,-16.1914122,28.5199107,106.0,False
La Parrilla,isolated_dwelling,-16.2437636,28.554841,300.0,False
El Regente,neighbourhood,-16.197435,28.514394,58.0,False
Urbanización Nortesol,neighbourhood,-16.4350909,28.4720394,433.0,False
Urbanización la Baranda,neighbourhood,-16.4361262,28.4689837,378.0,False
Risco del Perro,neighbourhood,-16.4525038,28.4598112,336.0,False
Puntillo del Sol,neighbourhood,-16.4517099,28.4621975,305.0,False
Urbanización Los Naranjos,neighbourhood,-16.4484537,28.4672011,243.0,False
Urbanización Finca los Perales,neighbourhood,-16.444999,28.467767,288.0,False
Urbanización el Puertito,neighbourhood,-16.4460826,28.4686347,258.0,False
Urbanización Primavera,neighbourhood,-16.4428425,28.4711623,251.0,False
Urbanización la Palmita,neighbourhood,-16.4840949,28.4378742,181.0,False
Las Rehoyas,suburb,-15.4311065,28.1053845,99.0,False
El Tagoro,locality,-16.4287877,28.2398064,352.0,False
Bruzas,isolated_dwelling,-16.412158,28.2288134,74.0,False
Plaza de La Resbala,square,-16.4590831,28.4343717,503.0,False
Granja el Pinar,farm,-16.3667407,28.415982,788.0,False
Lomo Román,neighbourhood,-16.4991364,28.4270043,220.0,False
La Puntilla,neighbourhood,-16.4949103,28.4233219,314.0,False
Tamaide,hamlet,-16.5024118,28.4098637,461.0,False
El Calvario,neighbourhood,-16.4992118,28.422316,285.0,False
Urbanización El Jardín,neighbourhood,-16.5005819,28.4180958,352.0,False
La Tosquita,hamlet,-16.4999905,28.4117933,454.0,False
Barrio Antonio Afonso,hamlet,-16.499556,28.4166108,383.0,False
San José,hamlet,-16.5108848,28.1627083,583.0,False
San Diego,hamlet,-16.5121079,28.1661134,591.0,False
Punta de Abona,hamlet,-16.4311481,28.1518776,19.0,False
Las Casitas,hamlet,-16.4700937,28.1968392,401.0,False
Polegre,hamlet,-16.4916694,28.1716464,452.0,False
Punta del Roque Manzano,locality,-16.2807909,28.4336431,1.0,True
Llano Frío,locality,-16.2677075,28.5402606,884.0,False
La Cantera,locality,-16.2193099,28.4963785,146.0,False
Las Quebradas,locality,-16.22047,28.5423813,771.0,False
Llanos del Tablero,neighbourhood,-16.3292228,28.4188931,389.0,False
El Draguillo,neighbourhood,-16.304934,28.4363364,279.0,False
Vuelta de los Pájaros,neighbourhood,-16.2779832,28.4635722,187.0,False
Las Cuevas,hamlet,-16.2388176,28.4989549,128.0,False
San Antonio,neighbourhood,-16.2184811,28.5608391,181.0,False
Portugal,neighbourhood,-16.218878,28.5594256,201.0,False
Mazapé,hamlet,-16.220317,28.5584691,240.0,False
Lomo Los Lirios,neighbourhood,-16.2171319,28.558316,232.0,False
La Cuestilla,neighbourhood,-16.2169147,28.5608461,161.0,False
Las Fajanetas,neighbourhood,-16.21151,28.5560237,244.0,False
El Calvario,neighbourhood,-16.2181163,28.5625023,158.0,False
Bajo el Roque,neighbourhood,-16.2145597,28.5642102,98.0,False
Azanos,neighbourhood,-16.214498,28.5567752,245.0,False
El Descansadero,locality,-18.1004906,27.7453695,408.0,False
La Gorona,locality,-18.1069587,27.7404638,956.0,False
Morra de los Valitos,neighbourhood,-16.391733,28.3601312,290.0,False
Caserío Casa Amarilla,neighbourhood,-16.2384555,28.4970904,119.0,False
Finca las Rosas,locality,-16.4497478,28.4180769,866.0,False
El Poris,hamlet,-17.792686,28.5302235,17.0,False
Urbanización Las Palmeras,neighbourhood,-16.3786143,28.2922606,3.0,False
Morro de la Era,locality,-17.8942927,28.6983639,410.0,False
Lomo Casas,locality,-17.8954312,28.7015217,407.0,False
Hoya de los Roques,locality,-17.9936381,27.6725916,397.0,False
Los Pajales,locality,-16.8074809,28.2288337,438.0,False
La Tablada,locality,-16.8145362,28.2150033,218.0,False
Los Hoyos,locality,-16.7587579,28.2393555,1180.0,False
Morra del Pinar,locality,-16.7557894,28.2502817,1386.0,False
Los Pinos Altos,locality,-16.7742142,28.2392564,1027.0,False
Somada El Gato,locality,-16.7569721,28.2583522,1440.0,False
Volcán de La Abejera,locality,-16.767591,28.2689013,1376.0,False
Malgarejo,locality,-16.7295816,28.2125233,1445.0,False
Lomo de la Fogalera,locality,-16.7263854,28.2208295,1592.0,False
Los Espigones,locality,-16.7446249,28.2241033,1161.0,False
Llano de Santidad,locality,-16.7085585,28.2494618,2015.0,False
El Corco,locality,-16.7982575,28.1829782,147.0,False
Tiratal,locality,-16.7821329,28.1903092,352.0,False
Chigora,locality,-16.8255966,28.2377473,261.0,False
Himeche,locality,-16.7830159,28.1989803,396.0,False
Lomo de La Fuente,locality,-16.7247695,28.2353249,1657.0,False
Lomo Batista,locality,-16.7876355,28.1950212,326.0,False
Las Ánimas,locality,-16.7150221,28.1863297,1476.0,False
Caldera de Bandama,locality,-15.4544742,28.0320976,224.0,False
Lomo de Pedro Álvarez,hamlet,-16.3103268,28.5225721,649.0,False
Tamarco,hamlet,-16.3533468,28.5254911,304.0,False
Macizo de Amurga,locality,-15.5509446,27.8759176,988.0,False
Mesa de Enmedio,locality,-15.5462725,27.8592993,1010.0,False
La Gloria,hamlet,-15.5504734,27.789229,216.0,False
Alto de la Vega,locality,-15.5558921,27.8249097,676.0,False
Mesa del Hornillo,locality,-15.5457547,27.8539025,993.0,False
Los Aserraderos,locality,-15.574102,27.8429409,321.0,False
Llanos de Amurga,locality,-15.565733,27.8202373,595.0,False
Playa Amadores,suburb,-15.7217289,27.791264,25.0,False
Dos Aguas,locality,-17.8838907,28.7069258,485.0,False
Casas de Tenerra,locality,-17.8972729,28.718164,1088.0,False
El Cardonal,suburb,-16.3005535,28.4503531,346.0,False
La Costurera,neighbourhood,-16.3252448,28.4742427,598.0,False
La Piterita,hamlet,-16.2939257,28.473984,392.0,False
El Coralito,neighbourhood,-16.2998603,28.4731542,409.0,False
San Felipe,neighbourhood,-16.3103954,28.4680101,488.0,False
San Bartolomé de Geneto,suburb,-16.3090087,28.4638569,486.0,False
Bocatuerta,suburb,-16.3113122,28.4566556,488.0,False
Somosierra,suburb,-16.2707048,28.4564524,113.0,False
Monte de Pueblo,hamlet,-17.7727484,28.6116774,298.0,False
Polígono Industrial Valle de Güímar,neighbourhood,-16.3687214,28.33257,26.0,False
Los Moriscos,neighbourhood,-16.2847686,28.4328173,82.0,False
El Rocío,suburb,-16.2802663,28.4720862,249.0,False
Urbanización Porlier,hamlet,-16.3497002,28.5438275,121.0,False
El Cardón,hamlet,-16.3596976,28.5369365,155.0,False
El Ramal,hamlet,-16.3609964,28.5331283,197.0,False
Alisios,suburb,-16.3070755,28.4288621,220.0,False
Peña Redada,hamlet,-15.617182,28.0102758,1104.0,False
Cueva de los Cruces,hamlet,-15.6765825,28.1150798,171.0,False
El Gusano,hamlet,-15.6221692,28.056902,1050.0,False
Cruce de las Moradas,locality,-15.6296668,27.9876698,1176.0,False
Los Majanos,locality,-15.6130218,27.9830912,1120.0,False
Morro del Cuervo,locality,-15.6183992,27.985818,1088.0,False
Las Cadenas,locality,-15.6195736,27.9878805,997.0,False
El Rodeo,locality,-16.3677531,28.4866625,636.0,False
Valle del Boquerón,locality,-16.3773909,28.5094596,386.0,False
El Pico,hamlet,-16.3710647,28.5280722,224.0,False
Lomo de Enmedio,hamlet,-15.4576515,28.0524863,341.0,False
Curva de Gracia,neighbourhood,-16.3038192,28.4744323,432.0,False
La Siberia,locality,-15.5756634,27.9972782,1393.0,False
Degollada del Aserrador,locality,-15.6265199,27.9591151,1421.0,False
El Veril,neighbourhood,-15.5649768,27.7625391,37.0,False
La Erilla,neighbourhood,-15.61545,28.0021879,1102.0,False
Casas del Inglés,hamlet,-15.759144,27.8751488,130.0,False
San Gregorio,neighbourhood,-15.4240242,27.9925725,177.0,False
Ejido,neighbourhood,-15.4249951,27.9894002,189.0,False
La Rocha,neighbourhood,-15.4205624,27.9897637,160.0,False
El Jable - Las Dunas de Corralejo,locality,-13.8479747,28.6987002,18.0,False
El Blanquizar,locality,-15.5174928,27.9581414,1241.0,False
Montañas Negras,locality,-16.7803782,28.2924729,1286.0,False
Lomo de las Cruces,locality,-16.8351499,28.2462785,284.0,False
Ladera del Bicho,locality,-16.8104421,28.27746,816.0,False
Risco de Lara,locality,-16.8216674,28.2558465,500.0,False
Las Manchitas,locality,-16.8062997,28.2610526,837.0,False
Lomo del Cabezón,locality,-16.8361117,28.2819924,673.0,False
Lomo La Jara,locality,-16.4052537,28.4539467,945.0,False
El Peñón,locality,-16.3735519,28.4828458,658.0,False
Los Perales,locality,-16.4105195,28.4956015,406.0,False
Urbanización La Florida,neighbourhood,-16.289504,28.4646584,336.0,False
Las Baboseras,locality,-16.4272751,28.4471873,822.0,False
Lomo de La Cueva Labrada,locality,-16.4211728,28.4493526,878.0,False
El Majuelo,neighbourhood,-15.617187,28.0042517,1037.0,False
Las Rosas,hamlet,-16.5342186,28.1368535,484.0,False
Bubaque,locality,-16.4655582,28.4470862,286.0,False
Monte de La Rosa,locality,-16.4371864,28.4357321,856.0,False
Meseta de Nisdafe,locality,-17.9678743,27.7744103,1086.0,False
Lomo del Cedro,locality,-16.4465638,28.4029528,1389.0,False
Monte de La Victoria,locality,-16.4399712,28.4043788,1378.0,False
El Lomo,locality,-16.4520036,28.4212118,790.0,False
Monte de Las Canales,locality,-16.4359987,28.4160371,1158.0,False
San Honorato,suburb,-16.3213794,28.4867911,562.0,False
El Hoyo,neighbourhood,-16.271339,28.4581974,120.0,False
La Vera-Carril,neighbourhood,-16.4671147,28.4268326,478.0,False
Los Altos-Arroyos,neighbourhood,-16.4599275,28.4275578,572.0,False
Pino Alto-Santa Úrsula,hamlet,-16.4992809,28.4077948,564.0,False
Urbanización Vista Paraíso,neighbourhood,-16.5062154,28.4175985,279.0,False
Ofra,suburb,-16.2852985,28.4526988,258.0,False
El Toscal,neighbourhood,-16.5726487,28.3990732,167.0,False
La Longuera,neighbourhood,-16.5792726,28.3981158,171.0,False
Las Cancelas,neighbourhood,-16.761565,28.131564,155.0,False
Chuchurumbache,neighbourhood,-16.5613294,28.0729811,202.0,False
Urbanización Las Rosas,neighbourhood,-16.7545007,28.1289808,185.0,False
El Palmeral,village,-15.4967563,28.0359581,499.0,False
Plaza Blas Rosales Batista,square,-15.527304,28.1183546,248.0,False
Plaza del Voluntariado,square,-15.5269238,28.1185681,254.0,False
Urbanización El Lasso,suburb,-15.4269624,28.0761517,182.0,False
Las Cadenas,neighbourhood,-15.5000793,28.0373376,455.0,False
Alternativa Uno,hamlet,-15.4890008,28.0415739,439.0,False
El Molino,neighbourhood,-15.4965637,28.0302259,545.0,False
Cuesta de La Grama,neighbourhood,-15.492949,28.0308308,525.0,False
Las Brisas,neighbourhood,-15.4922591,28.0287658,589.0,False
Cruce la Atalaya,hamlet,-15.4886722,28.0351711,512.0,False
El Cercado,isolated_dwelling,-16.8903932,28.3463792,653.0,False
La Zahorra,isolated_dwelling,-16.8904468,28.3428643,685.0,False
Hoya Viciosa,hamlet,-15.534911,28.0067919,868.0,False
La Higuera,hamlet,-15.5320039,28.0035967,879.0,False
Barrio Cruz Blanca,neighbourhood,-15.6152093,27.9913083,1039.0,False
El Riego,locality,-16.3532205,28.542884,138.0,False
El Majuelo,hamlet,-16.35653,28.5411849,149.0,False
Finca El Herrero,hamlet,-16.356094,28.5418393,137.0,False
Izaña,locality,-16.5164737,28.3031544,2282.0,False
El Gramal,suburb,-16.3116459,28.4505591,419.0,False
La Trovisca,isolated_dwelling,-16.1576433,28.5687112,501.0,False
El Morro,neighbourhood,-16.1594118,28.5693094,497.0,False
El Barro,neighbourhood,-16.1575577,28.5700365,452.0,False
La Mesita,hamlet,-16.8775961,28.3408181,833.0,False
Valle Chafarí,locality,-16.6766443,28.2291454,2080.0,False
Aceviño,locality,-16.5296791,28.3514516,1199.0,False
Valle Chiñoque,locality,-16.6041611,28.2392286,2155.0,False
Valle de Las Piedras Arrancadas,locality,-16.587774,28.261055,2216.0,False
Cañada de Pedro Méndez,locality,-16.6748909,28.2147789,2032.0,False
Finca La Palmita,locality,-15.5958826,27.9767257,1360.0,False
Finca La Huerta Grande,locality,-15.6050638,27.9639786,1458.0,False
Ensenada Pelada,neighbourhood,-16.5257184,28.0552711,21.0,False
Arenas del Mar,neighbourhood,-16.529014,28.0517411,10.0,False
Los Martínez,neighbourhood,-16.5328825,28.0508739,1.0,True
Las Montañetas,hamlet,-15.5841924,28.0298164,1232.0,False
Cuevas del Barranco del Andén,locality,-15.595801,28.035187,1166.0,False
Caidero Navarro,locality,-15.6014593,28.0294204,1289.0,False
Cuevas del Andén,locality,-15.5937445,28.036144,1146.0,False
Cuevas de Cho Manuel Sánchez,locality,-15.5970139,28.0369436,1293.0,False
El Barrio,quarter,-15.7799382,27.9820507,83.0,False
Los Cardones,neighbourhood,-15.7834695,27.9819261,84.0,False
La Chaparra,locality,-15.7785475,27.9851472,70.0,False
La Plaza,locality,-15.7812267,27.9860324,67.0,False
Los Cascajos,locality,-15.7824116,27.9881333,60.0,False
El Convento,locality,-15.7853978,27.9854695,69.0,False
Casa Amarilla,locality,-15.59363,28.0879339,541.0,False
Hoya Oscura,locality,-15.5932638,28.0857782,644.0,False
El Palmital Alto,locality,-15.5923982,28.1026331,567.0,False
El Jable,locality,-15.3946182,27.8653661,53.0,False
Hoya de Carboneros,locality,-17.9954726,27.7465836,824.0,False
Montaña de la Fuente,locality,-17.9953452,27.7358456,1337.0,False
Descansadero de la Virgen,locality,-17.9833699,27.7568675,1054.0,False
Zarzal el Patudo,locality,-17.9936652,27.7521027,553.0,False
Fuga Caída,locality,-18.1203993,27.7498359,677.0,False
El Tomillar,locality,-18.0235043,27.725361,1327.0,False
Raya El Cepón,locality,-18.0215171,27.728726,1373.0,False
Jable De Mequena,locality,-18.0073629,27.7313345,1357.0,False
Montaña de los Pinos,locality,-18.0059641,27.7259156,1245.0,False
El Salvador,locality,-18.0167886,27.7324811,1131.0,False
El Cargadero,locality,-18.0383662,27.7359222,1024.0,False
Palos Blancos,locality,-18.0499068,27.7368447,1099.0,False
Hoya de Fireba,locality,-17.990305,27.7414602,1240.0,False
La Caldereta,locality,-17.923942,27.7960042,736.0,False
Altos de Atara,locality,-17.9447082,27.7840215,1040.0,False
Las Charquillas,locality,-17.9462419,27.7892915,1061.0,False
Morro de la Hoya Reyes,locality,-17.9359278,27.8040074,914.0,False
El Mayorazgo,suburb,-16.2827248,28.4434264,179.0,False
Cueva Roja,neighbourhood,-16.2655247,28.474988,199.0,False
Lomo Perera,neighbourhood,-16.2466636,28.5410369,569.0,False
Lomo el Zarzal,neighbourhood,-16.2471166,28.5399333,579.0,False
El Taco,locality,-17.2092056,28.0518592,150.0,False
la Sardina,locality,-17.2041953,28.0514234,371.0,False
el Repecho,locality,-17.2180518,28.0562348,522.0,False
Degollada de Hernia,locality,-17.2072636,28.0625471,437.0,False
el Silo,locality,-17.2089835,28.0667896,651.0,False
Plan de la Jueza,locality,-17.2123255,28.0736359,530.0,False
El Palmarejo,locality,-17.222299,28.0727052,586.0,False
Benchijigua,locality,-17.2161365,28.0940514,633.0,False
Los Revolcaderos,locality,-17.1378696,28.0784712,241.0,False
las Casetas,locality,-17.156905,28.1254682,537.0,False
la Hurona,locality,-17.1493557,28.1254117,405.0,False
La Gerode,locality,-17.1497687,28.1298934,544.0,False
Riscos de Cuevas Blancas,locality,-17.1375791,28.148385,170.0,False
Cañadas de Peraza,locality,-17.1968759,28.1032711,932.0,False
Degollada del Tanque,locality,-17.210493,28.1106288,920.0,False
Lomo del Gurón,locality,-17.1687263,28.0940838,753.0,False
el Magro,locality,-17.1583107,28.0945993,636.0,False
la Sabina,locality,-17.1367379,28.0961928,447.0,False
Montaña de Igualero,locality,-17.2478752,28.106097,1439.0,False
Ladolián,locality,-17.2301928,28.0678885,543.0,False
Palo Chiruca,locality,-17.2327675,28.0706215,683.0,False
Tajonaje,locality,-17.2460277,28.0773099,868.0,False
Cruz de María,locality,-17.2476032,28.0606291,707.0,False
Tañé,locality,-17.2439151,28.0507127,615.0,False
Cabezada de los Almácigos,locality,-17.2704084,28.0336883,204.0,False
Piedras Salén,locality,-17.2641544,28.0375464,217.0,False
el Barquillo,locality,-17.2600158,28.0384246,322.0,False
la Barca,locality,-17.2433159,28.04489,515.0,False
Lomo de los Cardos,locality,-17.2524825,28.0525244,583.0,False
Cruz de María,locality,-17.2549989,28.0588574,632.0,False
El Joradillo,locality,-17.1814605,28.0457985,170.0,False
la Fortaleza,locality,-17.1537552,28.0721726,266.0,False
Roque de los Moros,locality,-17.2234859,28.0570649,711.0,False
Cabezada de la Dama,locality,-17.2928645,28.0609801,164.0,False
Rabo de Pele,locality,-17.29552,28.0512961,132.0,False
S. Lorenzo,locality,-17.2733837,28.077242,720.0,False
Raso Grande,locality,-17.2536994,28.0944711,1279.0,False
Tarmeche,locality,-17.2634082,28.094865,1009.0,False
Lomo de las Torres,locality,-17.2723838,28.104347,1153.0,False
el Apartadero,locality,-17.2746508,28.1075141,1144.0,False
la Dehesa,locality,-17.2815868,28.106498,1046.0,False
Alto de la Aguelisma,locality,-17.246611,28.1171011,1325.0,False
la Montaña,locality,-17.27036,28.1162688,1217.0,False
Cañada de Amaya,locality,-17.2688266,28.1126057,1202.0,False
Degollada Blanca,locality,-17.256964,28.1069215,1280.0,False
Papopay,locality,-17.2719114,28.0908797,587.0,False
las Huertitas,locality,-17.2821138,28.0870634,797.0,False
Topogache,locality,-17.2831489,28.0858657,766.0,False
Degollada de la Matanza,locality,-17.2925781,28.1124884,911.0,False
Junco,locality,-17.3001246,28.1116424,867.0,False
Ancón de Blas,locality,-17.3003418,28.1098865,920.0,False
La Vega,locality,-17.3030983,28.1045717,881.0,False
Los Pajarejos,locality,-17.283919,28.114564,1032.0,False
Lomo de la Higuera,locality,-17.2915261,28.1367542,999.0,False
Raso de Don Pedro,locality,-17.2968005,28.1445592,1004.0,False
Cru de Mª Tomé,locality,-17.3011325,28.1378828,917.0,False
La Carbonera,locality,-17.3068029,28.1317002,938.0,False
El Quemado,locality,-17.2822996,28.1402622,1099.0,False
Lomo Cabeza de Buey,locality,-17.3058098,28.1435735,938.0,False
Laguna Grande,locality,-17.3031338,28.1478165,1018.0,False
La Asomada,locality,-17.305718,28.1496102,1013.0,False
Lomo del Morral,locality,-17.3200163,28.1135318,434.0,False
La Trasería,locality,-17.317087,28.1252025,876.0,False
Lomo de la Peceña,locality,-17.2819868,28.1240979,1074.0,False
Lomo de la Instancia,locality,-17.2853122,28.1257051,1016.0,False
El Raso,locality,-17.3009192,28.1262745,911.0,False
La Orilla,locality,-17.3050348,28.1255912,888.0,False
La Montaña,locality,-17.2804123,28.1566766,607.0,False
el Tanque,locality,-17.2587671,28.1765247,323.0,False
La Morera,hamlet,-17.2615607,28.1785677,275.0,False
Los Zarzales,locality,-17.2528282,28.1818692,323.0,False
Ronquillo,locality,-17.3280369,28.0897985,553.0,False
Argaga,isolated_dwelling,-17.3233705,28.080277,21.0,False
Quiebra Canillas,locality,-17.3381035,28.1029882,573.0,False
Las Ávilas,hamlet,-17.3162502,28.1125941,289.0,False
Lomo del Viento,locality,-17.3391475,28.1375246,181.0,False
Jolgao Gamonal,locality,-17.3250782,28.140361,478.0,False
Terguerguenche,locality,-17.3191019,28.1471492,574.0,False
Cabezo de Trujillo,locality,-17.3216355,28.1505844,446.0,False
Galión,locality,-17.3398814,28.1495537,405.0,False
Lomo de Arure,locality,-17.3159016,28.1433497,963.0,False
Lomo del Viento,locality,-17.3290695,28.1449601,438.0,False
Lomo del Balo,locality,-17.316196,28.1603464,409.0,False
Cerco de Armas,locality,-17.3121461,28.1540405,571.0,False
Los Llanos,locality,-17.3228305,28.1681035,280.0,False
Garimén,locality,-17.2979423,28.1732467,578.0,False
Montaña Blanca,locality,-17.2953688,28.1731428,710.0,False
Cañada de Tehetas,locality,-17.3089042,28.1821995,362.0,False
Cañada de Fabián,locality,-17.3151833,28.1761871,228.0,False
Cubada,locality,-17.3235657,28.1749861,134.0,False
Montaña de Retamar,locality,-17.3267121,28.172467,125.0,False
El Palmar,locality,-17.2801347,28.1767534,472.0,False
Chigueré,locality,-17.2705308,28.207513,570.0,False
Lomas del Monte,locality,-17.2771405,28.1995114,523.0,False
Alto Lomo de Flores,locality,-17.2828041,28.1894645,674.0,False
Lomo de Gaguja,locality,-17.2904449,28.1858397,714.0,False
Cañada de Luchón,locality,-17.2587841,28.1881981,169.0,False
Areru,locality,-17.2480509,28.1880776,221.0,False
Loma de Palmarejo,locality,-17.2431066,28.1887215,392.0,False
Montaña del Gomero,locality,-17.2393516,28.1955501,494.0,False
Alto de la Erita,locality,-17.2422752,28.1974013,289.0,False
Cabeza de Sardina,locality,-17.239733,28.2009282,81.0,False
La Hormiga,locality,-17.220352,28.1758827,732.0,False
Morro Canalizo,locality,-17.1788817,28.1627853,357.0,False
Lomo Gordo,locality,-17.2036539,28.1716237,676.0,False
Monteforte,locality,-17.2094301,28.1422203,555.0,False
Degollada de la Cumbre,locality,-17.1863573,28.1327664,857.0,False
El Rejo,locality,-17.2033231,28.1359302,630.0,False
Lomo de los Tascos,locality,-17.2362238,28.1158443,1158.0,False
Rosa de Friete,locality,-17.266312,28.1198045,1167.0,False
Azoteita,locality,-16.5807424,28.3332659,1513.0,False
El Roquillo,locality,-16.5682065,28.334307,1439.0,False
Hoya de Pablo,locality,-16.5771721,28.3542795,896.0,False
Lomo Alto,locality,-16.6165897,28.3625078,960.0,False
Lomo de Los Chupaderos,locality,-16.6019488,28.3318069,1725.0,False
Lomo El Reventón,locality,-16.5967839,28.3464137,1516.0,False
Lomo de Vergara,locality,-16.613284,28.3271969,1632.0,False
Lomo Blanco,locality,-16.6189735,28.3389127,1414.0,False
Lomo Garabato,locality,-16.6223635,28.3521017,1109.0,False
Fuente del Bardo,hamlet,-16.6246635,28.3723632,676.0,False
Lomo La Palma,locality,-16.63993,28.3879121,320.0,False
Punta La Fuentecilla,locality,-15.4154454,28.0726477,11.0,False
Punta Casa Blanca,locality,-15.4135262,28.0766188,11.0,False
Los Gallitos,locality,-16.6394162,28.3402472,1168.0,False
Tierra de Costa,hamlet,-16.6762329,28.3922611,94.0,False
El Brezal,locality,-18.0277618,27.7337455,1054.0,False
El Bubango,locality,-16.6760383,28.3615969,599.0,False
Los Castillos,locality,-16.6612342,28.3078717,1571.0,False
Las Delicias,locality,-16.6501947,28.3258945,1341.0,False
Hoya del Chiquero,locality,-16.6593287,28.3391047,1005.0,False
El Lance,neighbourhood,-16.7164934,28.3517592,575.0,False
Cafoño,locality,-16.7019463,28.3608947,465.0,False
Hoya de La Cruz,locality,-16.7395561,28.3487481,815.0,False
Hoya de Los Pinos,locality,-16.7279465,28.3329196,1116.0,False
La Vista del Cedro,locality,-16.7107019,28.3040696,1611.0,False
Hoya Negra,locality,-16.6900396,28.3084751,1573.0,False
La Botana,locality,-16.7112046,28.3222542,1285.0,False
El Pino,locality,-16.6987541,28.3615428,480.0,False
El Volcán Negro,locality,-16.7525229,28.3067542,1412.0,False
La Atalaya,locality,-16.7630206,28.3201145,1278.0,False
La Rempuja,locality,-16.7464981,28.3361731,1070.0,False
Belchero,locality,-16.7583168,28.3446439,852.0,False
Valle Hondo,locality,-18.0238491,27.7599556,143.0,False
Cruz de La Laja,locality,-16.7886432,28.3350632,965.0,False
Poyo,locality,-16.7920403,28.3595158,666.0,False
El Cancelón,locality,-16.7801195,28.3509233,699.0,False
Mesilla de Samarin,locality,-15.5253337,27.8404455,613.0,False
El Caletón,locality,-16.7870108,28.3222819,1183.0,False
Corral Nuevo,locality,-16.78767,28.3147154,1181.0,False
Lomo de la Crucita,locality,-17.8177241,28.7821805,1236.0,False
Topo de la Piedra,locality,-17.8294112,28.7607328,1615.0,False
Lomo de la Hoya Amarga,locality,-17.8134679,28.7604724,1513.0,False
Fuente Pino,hamlet,-17.7681098,28.7625897,491.0,False
Topo Cancela,locality,-17.7826854,28.7534052,795.0,False
Lomo Piñero,locality,-17.7778723,28.7577431,779.0,False
el Campanario,locality,-17.9145049,28.6877009,424.0,False
Lomo de los Bueyes,locality,-17.8743103,28.7165699,686.0,False
Morro Colorado,locality,-17.8820346,28.7231173,849.0,False
Lomo del Monte Santo,locality,-17.8306001,28.7335363,2059.0,False
el Cotillón,locality,-17.8393174,28.7477836,2236.0,False
Montaña Cabrera,locality,-17.8398285,28.5459757,1647.0,False
Laderas del Gallo,locality,-17.8453447,28.5630651,1627.0,False
El Tejal,hamlet,-17.9022184,27.8160594,268.0,False
La Cabezada,locality,-16.8343425,28.2895738,610.0,False
Cumbres de Baracán,locality,-16.8660604,28.3344794,947.0,False
La Costa,locality,-16.8341427,28.3795605,102.0,False
Cumbre Bolico,locality,-16.8284876,28.3144549,1160.0,False
Lomo El Viento,locality,-16.8670912,28.3315711,845.0,False
Cumbre del Carrizal,locality,-16.8567534,28.3288544,792.0,False
Playa El Carrizal,locality,-16.8807242,28.3130142,1.0,True
La Rambleta,locality,-16.6389804,28.2736906,3542.0,False
Altavista,locality,-16.6292211,28.2740874,3262.0,False
Estancia de los Alemanes,locality,-16.623323,28.2729004,2975.0,False
Estancia de los Ingleses,locality,-16.6224311,28.2728136,2952.0,False
Los Hortigones,locality,-15.5687106,27.8805749,530.0,False
Raya Barranquito Pescar,locality,-18.067401,27.7500295,263.0,False
Teide,locality,-16.642925,28.2734568,3637.0,False
Hoya del Creal,locality,-18.0319884,27.7362019,954.0,False
Playa Castillo,locality,-16.5583095,28.4136179,11.0,False
Manchas de Abajo,locality,-17.8871315,28.5902672,485.0,False
Los Pedregales,hamlet,-17.9023947,28.6640972,457.0,False
Barrial de Arriba,hamlet,-17.8545538,28.6620263,832.0,False
El Pedregal,locality,-17.9018332,28.6256802,363.0,False
Malpaíses (Abajo),neighbourhood,-17.7783222,28.572781,389.0,False
Las Norias,hamlet,-17.908507,28.6071287,268.0,False
San Isidro,locality,-17.9318328,28.6299031,69.0,False
El Pollo,locality,-17.9258463,28.6275923,114.0,False
La Condesa,neighbourhood,-17.9205436,28.6356061,241.0,False
Cañada de Jorge,locality,-17.2951693,28.1440578,989.0,False
Finca La Hurona,neighbourhood,-16.7268698,28.373462,110.0,False
El Roque,locality,-16.2761391,28.4812448,398.0,False
Las Lajas,isolated_dwelling,-17.8881945,28.5997259,533.0,False
Cueva Labrada,locality,-15.4964427,27.9356087,762.0,False
Llano Largo,locality,-16.2996445,28.5013784,656.0,False
Los Valles,neighbourhood,-16.2967921,28.4984578,490.0,False
Huerto de Ingrid,farm,-18.0198371,27.7675153,91.0,False
El Huertito ecológico de Tisamar,farm,-17.9381478,27.8331263,283.0,False
Punta Negra,locality,-16.8699968,28.3749848,-1.0,True
Punta de la Tablada,locality,-16.8669621,28.3755924,-1.0,True
Punta de la Viña,locality,-16.875522,28.3707126,1.0,True
Punta del Fraile,locality,-16.8852644,28.3684613,15.0,False
Punta de Tierra Mala,locality,-16.8890207,28.365266,43.0,False
Punta del Cordon,locality,-16.8921686,28.3634904,80.0,False
La Sahorra,locality,-16.9076081,28.3416938,270.0,False
Roque Chiñaco,locality,-16.9115377,28.3498946,118.0,False
Lomo del Medio,locality,-16.8996139,28.3522612,421.0,False
El Draguillo,locality,-16.9057091,28.3585692,53.0,False
Las Casas,locality,-16.9110968,28.3561311,51.0,False
Tamargo,locality,-16.8973268,28.3588389,299.0,False
El Tosconito,locality,-16.8988712,28.3584395,244.0,False
Campo Internacional,suburb,-15.5914296,27.7574295,29.0,False
El Calvario,neighbourhood,-16.7141153,28.368917,257.0,False
San Antonio,neighbourhood,-16.7191062,28.3636884,303.0,False
Las Angustias,neighbourhood,-16.7235638,28.367572,197.0,False
Las Granaderas,neighbourhood,-16.7207522,28.3711534,168.0,False
La Centinela,neighbourhood,-16.7097159,28.3734293,248.0,False
El Empalme,neighbourhood,-16.6952669,28.3783916,226.0,False
Las Charnecas,neighbourhood,-16.7132804,28.3779231,196.0,False
Hoya Ana Díaz,hamlet,-16.6788703,28.3719654,375.0,False
Lomo Blanco,locality,-16.6950972,28.3704107,347.0,False
Los Roques de Garcia,locality,-16.6325939,28.2247958,2123.0,False
Lomo Piñero,hamlet,-17.7632994,28.7626087,421.0,False
barranco de los enamorados,locality,-13.9751033,28.6576982,136.0,False
El Piquillo,neighbourhood,-15.4588653,28.0670112,339.0,False
Las Majadillas,neighbourhood,-15.4635685,28.1081294,166.0,False
Narices del Teide,locality,-16.677207,28.2545084,2675.0,False
La Tejita,neighbourhood,-16.5569424,28.0364,10.0,False
Finca San Borondon,farm,-16.5066464,28.1818785,673.0,False
Casa de Sansó,isolated_dwelling,-15.680783,28.0632617,1114.0,False
San Felipe,hamlet,-15.5936363,28.1452367,14.0,False
Las Cuevas,hamlet,-15.5566809,28.0045163,1107.0,False
La Atalaya,village,-15.6337863,28.1502553,204.0,False
Hoya del Pajar,hamlet,-15.5421862,27.9061932,621.0,False
El Parralillo,hamlet,-15.5360855,27.9115506,722.0,False
La Meseta,locality,-17.2086271,28.1296396,714.0,False
La Monja,neighbourhood,-16.3134569,28.4353995,330.0,False
La Gallega Vieja,neighbourhood,-16.3197003,28.4296352,391.0,False
Lomo del Moral,hamlet,-17.314826,28.1133606,309.0,False
Higuera del Llano,hamlet,-17.3112774,28.1130554,329.0,False
El Peto,hamlet,-17.3077382,28.1138704,409.0,False
Las Viñas,hamlet,-17.3057255,28.1162955,405.0,False
Tecina,hamlet,-17.1872306,28.0352221,105.0,False
El Puente,hamlet,-17.3260355,28.1056801,157.0,False
Cañada de la Rosa,hamlet,-17.328039,28.1041044,153.0,False
Las Orijamas,hamlet,-17.3312142,28.0994052,126.0,False
El Picacho,hamlet,-17.332989,28.0979971,114.0,False
Las Palmitas,hamlet,-17.333689,28.0973206,95.0,False
El Chorro,hamlet,-17.3344958,28.0967793,96.0,False
El Palmar,hamlet,-17.3348115,28.0903801,31.0,False
La Palomera,hamlet,-17.3338368,28.0864558,14.0,False
Cuatro Caminos,hamlet,-17.888698,28.5956805,494.0,False
Jedey,hamlet,-17.8809384,28.5857641,615.0,False
Jedey,hamlet,-17.8799969,28.5857276,627.0,False
Las Rosas,neighbourhood,-17.9232436,28.6500928,277.0,False
Malpaís de Triana,neighbourhood,-17.9080978,28.6478317,336.0,False
Los Palomares,hamlet,-17.9144573,28.645567,303.0,False
Malpaís,hamlet,-17.895269,28.6549801,479.0,False
Dos Pinos,hamlet,-17.9003865,28.6476615,408.0,False
Las Martelas,neighbourhood,-17.90767,28.6381051,322.0,False
Urbanización Bungalows Tajuya,hamlet,-17.8981853,28.6378946,424.0,False
Tendiña,hamlet,-17.8951757,28.639615,460.0,False
Tajuya,neighbourhood,-17.888779,28.6322228,501.0,False
Cruz Chica,hamlet,-17.8941831,28.6348211,450.0,False
Barros,neighbourhood,-17.8882712,28.6559168,559.0,False
Los Pedregales,neighbourhood,-17.9029756,28.6667334,489.0,False
El Pilar,hamlet,-17.8696982,28.6530855,758.0,False
Fátima,hamlet,-17.8755646,28.6496737,693.0,False
Tacande de Arriba,neighbourhood,-17.8746281,28.6308415,722.0,False
Lomo los Caballos,neighbourhood,-17.917445,28.6723622,472.0,False
Tenerra,hamlet,-17.8768648,28.6545822,697.0,False
Bailadero,hamlet,-17.9201295,28.7938925,1124.0,False
Los Machines,hamlet,-17.8593304,28.827789,446.0,False
Los Castros,hamlet,-17.8543846,28.8275555,399.0,False
Lomo de los Castros,hamlet,-17.8410098,28.8263841,383.0,False
Lomo de la Fuente,hamlet,-17.8408526,28.8286258,349.0,False
Lomo de la Cancela,hamlet,-17.8381659,28.8287249,348.0,False
Lomo de la Crucita,hamlet,-17.8364725,28.8285775,344.0,False
La Fajana,hamlet,-17.7896349,28.8424333,18.0,False
La Hoya,neighbourhood,-17.7869518,28.8338201,207.0,False
Lomo Machín Alto,neighbourhood,-17.8022313,28.8230323,604.0,False
Lomo Machín Bajo,neighbourhood,-17.7804124,28.8262956,130.0,False
Los Marantes,hamlet,-17.7908167,28.8183857,471.0,False
Lomo Romero,hamlet,-17.7939782,28.815852,503.0,False
Lomo Chico,hamlet,-17.7926847,28.8141425,501.0,False
La Florida,hamlet,-17.7912134,28.8133388,472.0,False
Camino Real,hamlet,-17.7864778,28.812978,354.0,False
Lomo Quinto,hamlet,-17.786916,28.8113889,384.0,False
Cuesta Baja,hamlet,-17.7817267,28.8215147,202.0,False
Cuesta Alta,neighbourhood,-17.7907944,28.8222868,402.0,False
Oropesa,hamlet,-17.7755888,28.8187315,157.0,False
Llano Molino,hamlet,-17.7651882,28.7658461,443.0,False
Lomo Estrello,hamlet,-17.7634888,28.7609643,443.0,False
Cercado Peñón,hamlet,-17.7618091,28.7645245,412.0,False
El Corcho,hamlet,-17.7598242,28.756721,417.0,False
Viña Grande,hamlet,-17.7553502,28.7603741,369.0,False
Las Toscas,hamlet,-17.7539238,28.7588283,377.0,False
La Lomada,hamlet,-17.7544588,28.7563285,424.0,False
Cuesta Medina,hamlet,-17.7563918,28.756532,447.0,False
Los Lirios,hamlet,-17.7488978,28.75278,390.0,False
Cruz Herrera,hamlet,-17.7547799,28.7519451,499.0,False
Las Tricias,hamlet,-17.7519155,28.7511255,452.0,False
El Brasil,hamlet,-17.7495178,28.7487169,395.0,False
El Taboco,hamlet,-17.7435939,28.7428382,357.0,False
La Camacha,hamlet,-17.7520776,28.738531,504.0,False
Casco,hamlet,-17.7447444,28.7397586,426.0,False
Los Molinos,hamlet,-17.7436293,28.7341778,413.0,False
Los Perdomos,hamlet,-17.74075,28.7340842,352.0,False
Las Palmas-El Tributo,hamlet,-17.747699,28.7270946,414.0,False
Santa Lucía,neighbourhood,-17.7470227,28.7295083,429.0,False
La Lomadita,hamlet,-17.7483762,28.7181774,354.0,False
Lomo del Pino-La Verada,hamlet,-17.7517761,28.7149282,329.0,False
La Rivera,hamlet,-17.7459923,28.7152501,263.0,False
Las Toscas,hamlet,-17.7629871,28.710153,322.0,False
El Dorador,hamlet,-17.7760582,28.7020461,283.0,False
Costa Santa Lucía,hamlet,-17.7346185,28.7262727,96.0,False
Bajamar,hamlet,-17.7309519,28.7407113,104.0,False
Bajamar de la Galga,hamlet,-17.7538419,28.7730055,209.0,False
La Caldereta,hamlet,-17.775777,28.67786,126.0,False
La Glorieta,hamlet,-17.774173,28.6940287,228.0,False
San Miguel,hamlet,-17.7843829,28.6572418,296.0,False
Urbanización Palmasol,hamlet,-17.7791519,28.6565808,249.0,False
Las Ledas,hamlet,-17.7828437,28.6403911,401.0,False
El Porvenir,hamlet,-17.7857599,28.6687262,374.0,False
La Grama,hamlet,-17.7750451,28.6677838,239.0,False
La Rosa,hamlet,-17.8614704,28.6578544,819.0,False
Aeropuerto Los Estancos,plot,-13.8925816,28.5239851,230.0,False
Risco el Robillón,locality,-16.4929378,28.2783283,1816.0,False
Puerto Calero,hamlet,-13.7036505,28.9210131,38.0,False
Arenas Negras,locality,-16.6031081,28.200011,2144.0,False
El Humilladero,locality,-16.7456398,28.0977876,26.0,False
El Bailadero,locality,-17.29746,28.1640859,820.0,False
El Puertito,neighbourhood,-16.8137633,28.3792213,2.0,False
Erjos,hamlet,-16.8044028,28.3276084,997.0,False
Mirabal Alto,neighbourhood,-16.7380727,28.3580904,606.0,False
El Molledo,neighbourhood,-16.735231,28.3572371,621.0,False
La Patita,neighbourhood,-16.708294,28.3566087,472.0,False
Las Lajas,neighbourhood,-16.7050691,28.3592684,461.0,False
Pedregal,neighbourhood,-16.7132404,28.3621071,373.0,False
La Candelaria,neighbourhood,-16.7103081,28.3639623,346.0,False
Las Cañas,neighbourhood,-16.7364936,28.373565,44.0,False
La Ferruja,hamlet,-16.5687245,28.3626291,721.0,False
El Jardín,hamlet,-16.5706153,28.3893111,247.0,False
La Grimona,hamlet,-16.5666891,28.3849622,335.0,False
La Cartaya,hamlet,-16.5632031,28.3832314,372.0,False
La Higuerita,hamlet,-16.5671751,28.3956866,212.0,False
La Vera,suburb,-16.5588211,28.3978598,180.0,False
Cruz de los Martillos,hamlet,-16.5375529,28.3948941,220.0,False
San Nicolás,hamlet,-16.5385398,28.39873,191.0,False
San Bartolomé,hamlet,-16.530086,28.4022502,204.0,False
Santísimo-Las Águilas,neighbourhood,-16.5459251,28.4044067,144.0,False
Guacimara,neighbourhood,-16.541892,28.4066283,111.0,False
El Botánico,neighbourhood,-16.5384564,28.4116908,109.0,False
La Paz,suburb,-16.5335391,28.4139268,94.0,False
El Tope,suburb,-16.5408533,28.4110885,93.0,False
San Fernando,suburb,-16.5456516,28.4103709,89.0,False
San Antonio-El Esquilón,suburb,-16.5513338,28.4053615,107.0,False
Taoro-Malpaís,neighbourhood,-16.549113,28.4107794,96.0,False
La Cañada,hamlet,-16.6536792,28.3823168,355.0,False
Lomo Guanche,hamlet,-16.647046,28.3738361,512.0,False
Lomo Blanco,hamlet,-16.646775,28.3672105,592.0,False
Ravelo Bajo,neighbourhood,-16.4229207,28.4614333,728.0,False
El Montillo,hamlet,-16.4281599,28.4504847,791.0,False
Cruz del Camino,hamlet,-16.4418169,28.4501843,606.0,False
La Costa,neighbourhood,-16.4469248,28.468025,256.0,False
Lomo la Candelaria,hamlet,-16.4605028,28.4543296,321.0,False
Jagre,hamlet,-16.4650414,28.4502572,267.0,False
Tío Andrés,hamlet,-16.459156,28.4465804,405.0,False
Camino de Chasna-Montijos,neighbourhood,-16.5271191,28.3786001,508.0,False
El Lomo del Socorro,hamlet,-16.3520465,28.512705,416.0,False
La Oliva,hamlet,-16.3440606,28.5203957,390.0,False
Mederos,hamlet,-16.3484137,28.518902,362.0,False
Santo Domingo,hamlet,-16.3663948,28.5143122,321.0,False
Blas Núñez,hamlet,-16.307462,28.5149148,577.0,False
Los Laureles,hamlet,-16.3318339,28.5213809,427.0,False
El Baldío,hamlet,-16.3388128,28.5204535,408.0,False
El Murgaño,hamlet,-16.3449033,28.5249714,346.0,False
El Gomero,hamlet,-16.350381,28.5255311,316.0,False
La Vega,neighbourhood,-16.3204014,28.4705357,573.0,False
Llano del Moro,suburb,-16.3370187,28.4433738,619.0,False
Barranco Hondo,neighbourhood,-16.3494817,28.40246,268.0,False
El Chorrillo,neighbourhood,-16.3200576,28.4194095,314.0,False
Las Montañas,neighbourhood,-16.2804639,28.5448692,788.0,False
Matagorda,neighbourhood,-13.6203021,28.9333921,15.0,False
Polígono Industrial Valle de Güímar,neighbourhood,-16.3704199,28.3416234,52.0,False
Las Eras Bajas,hamlet,-16.4243921,28.1925587,10.0,False
Las Eras Altas,hamlet,-16.4283189,28.1901584,23.0,False
Balandra-Los Picos,hamlet,-16.394716,28.2568899,20.0,False
Asomada,hamlet,-16.6239543,28.0978371,608.0,False
El Topo,neighbourhood,-16.5443439,28.0544823,58.0,False
El Cabezo,village,-16.5374735,28.0478306,20.0,False
Casablanca,hamlet,-16.5751873,28.0631652,140.0,False
Vistas de Yaco,hamlet,-16.5662019,28.0854738,299.0,False
Montaña de Yaco,hamlet,-16.5643163,28.0865746,305.0,False
Los Llanos,hamlet,-16.5830423,28.1021415,526.0,False
Montaña Gorda,hamlet,-16.5780697,28.0998033,494.0,False
Los Barrancos,hamlet,-16.5690241,28.1319064,650.0,False
Chávez,hamlet,-16.5672504,28.1265162,591.0,False
Llanos de Guaza,hamlet,-16.6732335,28.0459059,94.0,False
Oasis del Sur,suburb,-16.7049573,28.0527447,59.0,False
La Estrella del Sur,hamlet,-16.666351,28.0187408,24.0,False
Coromoto,hamlet,-16.6496086,28.021388,35.0,False
La Rosa,hamlet,-16.6488951,28.0250817,40.0,False
Oroteanda Baja,hamlet,-16.6354197,28.044443,136.0,False
Guargacho,suburb,-16.6370103,28.0356435,84.0,False
Amarilla Golf,suburb,-16.6181999,28.02189,20.0,False
El Galeón,suburb,-16.7322627,28.1165981,221.0,False
Ampliación los Olivos,suburb,-16.7341881,28.1240528,242.0,False
Las Rosas del Guanche,hamlet,-16.6651171,28.086752,391.0,False
La Cruz del Guanche,hamlet,-16.6626951,28.0873341,386.0,False
Los Toscales,hamlet,-16.663658,28.0789688,307.0,False
La Sabinita,hamlet,-16.6791558,28.0871354,445.0,False
Sabinita Alta,hamlet,-16.6829592,28.092786,537.0,False
Montaña Fría,hamlet,-16.6869664,28.0916976,540.0,False
Torviscas Bajo,suburb,-16.7317486,28.0836805,31.0,False
Playa de Fañabé,neighbourhood,-16.7347902,28.0884558,27.0,False
Playas del Duque,neighbourhood,-16.7384219,28.0908788,22.0,False
Aeropuerto,neighbourhood,-13.6095699,28.9550533,38.0,False
Cortijo Viejo,hamlet,-13.7101888,28.9182022,29.0,False
Montaña Roja,suburb,-13.8544136,28.863345,21.0,False
Costa de Papagayo,suburb,-13.8232024,28.8673489,26.0,False
Castillo del Águila,neighbourhood,-13.8142264,28.8607732,6.0,False
San Marcial de Rubicón,neighbourhood,-13.8047233,28.8605176,27.0,False
Las Coloradas,neighbourhood,-13.7986501,28.8621438,12.0,False
Plan Parcial Playa Blanca,neighbourhood,-13.806999,28.8650751,26.0,False
Corralejo Playa,suburb,-13.8639386,28.7284851,11.0,False
Geafond,suburb,-13.8720025,28.7131912,54.0,False
El Castillo,neighbourhood,-13.8674127,28.3983721,48.0,False
Urbanización Fuerteventura Golf Club,neighbourhood,-13.869265,28.3873161,17.0,False
Llano Florido,neighbourhood,-14.047851,28.3199979,183.0,False
Altavista,hamlet,-14.0101523,28.2242674,35.0,False
Barrio de Panchito Ramos,hamlet,-14.0083001,28.2383321,24.0,False
El Guincho,hamlet,-15.7257122,27.8074673,36.0,False
El Chaparral,neighbourhood,-15.7032226,27.7949415,55.0,False
Anfi del Mar,hamlet,-15.6940417,27.773822,14.0,False
Casas Blancas,hamlet,-15.7159509,27.8920806,300.0,False
Casas Blancas,hamlet,-15.7886521,27.9339298,367.0,False
Los Pasitos,hamlet,-15.782708,27.9663556,214.0,False
Castañeta,hamlet,-15.7734158,27.9870081,77.0,False
La Ladera,neighbourhood,-15.7884115,27.985886,84.0,False
Jerez,neighbourhood,-15.7908618,27.9861717,92.0,False
Ladera del Palomar,neighbourhood,-15.7873713,27.9942829,67.0,False
La Hoyilla,neighbourhood,-15.7974227,27.9901978,62.0,False
Tarahalillo,neighbourhood,-15.8017664,27.9863792,94.0,False
Cuermeja,neighbourhood,-15.8067141,27.9840091,197.0,False
El Ribanzo,neighbourhood,-15.7957887,27.9919302,46.0,False
El Cruce,neighbourhood,-15.8049713,27.9948779,42.0,False
Las Tabladas,neighbourhood,-15.7828044,27.9943966,187.0,False
Media Fanega,neighbourhood,-15.6208489,27.7875326,99.0,False
Lomo Perera,neighbourhood,-15.5901696,27.7827922,123.0,False
Las Filipinas,hamlet,-15.6695227,27.8678701,212.0,False
Los Caserones de Fataga,hamlet,-15.5583104,27.860317,484.0,False
Cañón del Águila,hamlet,-15.5341672,27.7857001,35.0,False
Chira,hamlet,-15.6410711,27.9038544,909.0,False
Los Cercados,hamlet,-15.631074,27.9172618,942.0,False
El Canalizo,hamlet,-15.6275395,27.9249762,1131.0,False
Montaña de Rosiana,hamlet,-15.5579219,27.9217548,681.0,False
Ciudad de Lima,hamlet,-15.5538574,27.912429,614.0,False
El Morisco,hamlet,-15.5547729,27.9244745,752.0,False
Rosiana Alta,hamlet,-15.5552081,27.9210175,645.0,False
Camino la Madera,neighbourhood,-15.4608213,27.8414093,134.0,False
Orilla Baja,neighbourhood,-15.4641478,27.8461608,148.0,False
La Blanca,neighbourhood,-15.4596193,27.8532987,139.0,False
La Unión,neighbourhood,-15.4434066,27.8500437,94.0,False
Hoya Pavón,neighbourhood,-15.4476331,27.8466148,110.0,False
La Cerruda,neighbourhood,-15.4451756,27.8453577,105.0,False
San Rafael,neighbourhood,-15.4419725,27.8444261,90.0,False
La Paredilla I,neighbourhood,-15.4498624,27.8441943,108.0,False
La Paredilla II,neighbourhood,-15.4508486,27.8387859,105.0,False
San Pedro Mártir I,neighbourhood,-15.4454552,27.8385443,92.0,False
San Pedro Mártir II,neighbourhood,-15.4431918,27.8415652,85.0,False
El Canario,neighbourhood,-15.437478,27.8541941,84.0,False
El Cruce I,neighbourhood,-15.4414848,27.8531605,91.0,False
El Cruce II,neighbourhood,-15.4415765,27.8558829,91.0,False
La Vereda,neighbourhood,-15.4329428,27.8541622,68.0,False
Balos I,neighbourhood,-15.4332009,27.8606693,72.0,False
Balos II,neighbourhood,-15.4285888,27.8601571,59.0,False
Los Llanos,neighbourhood,-15.4397021,27.8609195,82.0,False
Vecindario,suburb,-15.4407759,27.8466856,88.0,False
El Doctoral,suburb,-15.4494608,27.838295,101.0,False
Sardina,suburb,-15.4661989,27.8504243,154.0,False
Barranco de Guayadeque,hamlet,-15.4812813,27.9339981,570.0,False
Los Moriscos,hamlet,-15.3987604,27.9370336,61.0,False
Piletillas,neighbourhood,-15.4244024,27.9549158,238.0,False
El Sequero,neighbourhood,-15.4454845,27.9241705,370.0,False
Las Majoreras,suburb,-15.4001284,27.9188002,62.0,False
El Burrero,neighbourhood,-15.3879699,27.9084497,19.0,False
Las Palmillas,neighbourhood,-15.4056376,27.906115,76.0,False
Rosas Viejas,neighbourhood,-15.4018396,27.8988521,43.0,False
El Oasis,neighbourhood,-15.4005763,27.8946516,31.0,False
Llano Blanco,neighbourhood,-15.4141563,27.9061814,110.0,False
Playa del Cabrón,neighbourhood,-15.386374,27.8711046,9.0,False
La Laguna,neighbourhood,-15.4054928,27.8738218,57.0,False
Polígono Residencial de Arinaga,neighbourhood,-15.4235119,27.8707015,57.0,False
Polígono Industrial de Arinaga,neighbourhood,-15.4326904,27.8669385,70.0,False
Polígono Industrial de Arinaga,neighbourhood,-15.4166347,27.8613163,31.0,False
La Humbría,hamlet,-15.5631248,27.9207985,704.0,False
La Mimbre,isolated_dwelling,-15.6183376,27.9549766,1309.0,False
La Solana,hamlet,-15.5368576,28.0269078,782.0,False
Tijarafe,village,-17.9552599,28.711103,664.0,False
Mazo,village,-17.7796556,28.604955,489.0,False
La Degollada,hamlet,-15.6458068,28.0790916,936.0,False
Marente,hamlet,-15.6307219,28.0672877,1088.0,False
Piso Firme,hamlet,-15.6853104,28.1123881,172.0,False
Las Rosas,hamlet,-15.6806373,28.1096993,200.0,False
Urbanización el Palmeral,neighbourhood,-15.7052508,28.100325,32.0,False
El Turmán,neighbourhood,-15.7048042,28.1048927,60.0,False
Las Cuevecillas,hamlet,-15.6735223,28.0847216,177.0,False
Casas del Camino,hamlet,-15.6670281,28.0757106,266.0,False
Buenavista y los Silos,hamlet,-15.6503362,28.1163797,428.0,False
Tegueste,hamlet,-15.6383382,28.105507,635.0,False
Lomo Betancort,hamlet,-15.6264372,28.1131887,560.0,False
Tres Cruces,hamlet,-15.6232039,28.1077699,642.0,False
Santa Cristina,hamlet,-15.6052088,28.0963112,683.0,False
La Dehesa,hamlet,-15.6148485,28.1265117,427.0,False
Lomo las Azucenas,hamlet,-15.6092773,28.1240331,412.0,False
Lomo los Martínez,hamlet,-15.6060871,28.1258981,420.0,False
Farailaga,hamlet,-15.5964605,28.1270356,300.0,False
Carretera Moya Palmital,hamlet,-15.5971629,28.1113771,498.0,False
Desaguaderos,hamlet,-15.5940763,28.1118341,447.0,False
La Suerte,hamlet,-15.5910447,28.1097359,485.0,False
Cuesta de Caraballo,hamlet,-15.6274057,28.1340791,269.0,False
La Cañada,hamlet,-15.629423,28.133541,239.0,False
San Blas,neighbourhood,-15.6266873,28.1421776,229.0,False
Doñana,hamlet,-15.6166675,28.1348497,325.0,False
El Gallego,hamlet,-15.6131455,28.1392061,361.0,False
Las Cumbrecillas,neighbourhood,-15.6985644,28.1560745,100.0,False
Barrio los Condenados,neighbourhood,-15.6846885,28.1605454,47.0,False
El Corralete,neighbourhood,-15.6747665,28.1497911,81.0,False
La Furnia,hamlet,-15.6746195,28.1610691,31.0,False
Los Dos Roques,hamlet,-15.6704993,28.157921,14.0,False
Nido Cuervo,neighbourhood,-15.6646917,28.1471038,72.0,False
El Roque,neighbourhood,-15.6632061,28.1352576,115.0,False
La Enconada,neighbourhood,-15.6637805,28.1293481,145.0,False
Las Majadillas,neighbourhood,-15.6589332,28.1388336,89.0,False
Hoya de Pineda,hamlet,-15.6382532,28.1134297,506.0,False
Los Llanos,neighbourhood,-15.6625114,28.1534562,37.0,False
Becerril,suburb,-15.6383131,28.1467813,193.0,False
Llanos de Parra,neighbourhood,-15.6236199,28.1499501,146.0,False
Hoya del Pedregal,hamlet,-15.614344,28.0891832,818.0,False
Ladera Grande,locality,-16.6723905,28.162245,1498.0,False
El Estanco,hamlet,-15.5866134,28.0033987,1254.0,False
El Vincol,hamlet,-15.5785991,28.0046524,1139.0,False
Las Vegas,hamlet,-15.5762827,28.0066749,1166.0,False
Hoya de los Ajos,hamlet,-15.5791799,28.0087436,1105.0,False
El Lomito,hamlet,-15.5775035,28.0056377,1160.0,False
Casa de la Cal,hamlet,-15.5629543,28.0012844,1207.0,False
Pajaritos,hamlet,-15.5745716,28.0147465,1291.0,False
La Yedra,neighbourhood,-15.5642225,28.0162792,907.0,False
La Sequera,hamlet,-15.5672957,28.0241427,1143.0,False
El Piquillo,hamlet,-15.5383838,28.0350706,835.0,False
Corraletes,hamlet,-15.5392775,28.0297575,794.0,False
Lomo Aljorradero,hamlet,-15.5543335,27.999672,1102.0,False
Lomo los Ingleses,hamlet,-15.5521532,27.9999928,1091.0,False
El Arenal,hamlet,-15.5518803,28.0032378,1024.0,False
El Mesón,hamlet,-15.5530065,28.0070508,1051.0,False
El Calero,hamlet,-15.5429628,27.9992999,970.0,False
Los Chorros,hamlet,-15.5431972,28.0078753,918.0,False
Cuatro Caminos,hamlet,-15.5386952,28.0061351,887.0,False
El Solís,hamlet,-15.5348101,28.0105628,839.0,False
El Chorrillo,hamlet,-15.5293476,28.0153666,760.0,False
Lomo Caballo,hamlet,-15.5353994,28.014114,847.0,False
La Veguetilla,hamlet,-15.5274184,28.013431,803.0,False
Acequia Marrero,hamlet,-15.5253426,28.0120423,784.0,False
Mirabala,hamlet,-15.4924393,27.996315,545.0,False
Los Juagarzos,hamlet,-15.5015239,27.9969592,612.0,False
La Suertecilla,hamlet,-15.4983616,27.9816162,605.0,False
Las Casas,hamlet,-15.4908192,27.9932267,534.0,False
Majuelo,hamlet,-15.5024573,27.9941539,632.0,False
Colmenar Bajo,hamlet,-15.5007648,27.9911235,548.0,False
Colmenar Alto,hamlet,-15.5044931,27.989333,589.0,False
El Almendrillo,hamlet,-15.5287376,27.9835514,924.0,False
Malpaís,neighbourhood,-15.4468632,27.9890393,266.0,False
Balcón de Telde,hamlet,-15.446021,27.995723,356.0,False
Lomo Bristol,hamlet,-15.4384303,27.9878929,276.0,False
Lomo Sala,hamlet,-15.4373252,27.9770825,297.0,False
La Colomba,hamlet,-15.4757881,27.9784137,484.0,False
Tecén de Valsequillo,hamlet,-15.4630423,27.989989,355.0,False
El Roque,hamlet,-15.4771829,27.9986076,502.0,False
Cuevas Negras,hamlet,-15.4777944,28.0051249,437.0,False
Las Chozas,hamlet,-15.4843873,28.0015442,483.0,False
Los Almendros,neighbourhood,-15.4791141,27.9959456,491.0,False
Los Pinos,hamlet,-15.4745758,28.0038982,396.0,False
Lomo Blanco,hamlet,-15.432508,28.0311997,187.0,False
Cañada de los Perros,hamlet,-15.4230291,28.0246508,116.0,False
Hoya Aguedita,hamlet,-15.4196388,28.0184993,141.0,False
La Primavera,hamlet,-15.4161358,28.016946,142.0,False
San Borondón,suburb,-15.3804638,28.0106774,34.0,False
La Estrella,neighbourhood,-15.3834786,28.0146361,39.0,False
Los Melones,suburb,-15.3799796,28.0053664,27.0,False
Clavellinas,suburb,-15.3763036,27.9856274,17.0,False
Montaña las Huesas,hamlet,-15.3941631,27.9804461,61.0,False
Lomo los Frailes,hamlet,-15.398739,27.987225,92.0,False
San Juan,neighbourhood,-15.4143012,28.0011179,131.0,False
San Francisco,neighbourhood,-15.4167849,28.0038034,120.0,False
Caserones Bajos,hamlet,-15.4215002,28.0077393,151.0,False
El Palmarejo,hamlet,-15.5016681,28.0405533,431.0,False
El Santísimo,hamlet,-15.502044,28.0472336,547.0,False
La Capellanía,hamlet,-15.5016742,28.0442394,508.0,False
Cuevas del Guanche,hamlet,-15.5060475,28.0447184,553.0,False
Lomo los Ajos,hamlet,-15.5078041,28.0422953,506.0,False
Las Haciendas,hamlet,-15.5128306,28.0389976,541.0,False
Pino Santo Alto,hamlet,-15.5268453,28.0376933,715.0,False
Lomo Espino,hamlet,-15.5193649,28.0325353,647.0,False
Los Silos,hamlet,-15.5045561,28.0354809,490.0,False
El Castaño Alto,hamlet,-15.4998746,28.028149,520.0,False
El Castaño Bajo,hamlet,-15.5002569,28.0302304,504.0,False
Gargujo,hamlet,-15.5058444,28.0309668,546.0,False
Las Casillas,hamlet,-15.5051692,28.027405,563.0,False
El Paraíso,hamlet,-15.5083121,28.0266742,594.0,False
Portada Verde,hamlet,-15.506817,28.023396,581.0,False
Gran Parada,hamlet,-15.5109023,28.0222306,623.0,False
El Gamonal Bajo,hamlet,-15.5035282,28.0220319,576.0,False
El Lugarejo,hamlet,-15.5200408,28.0190616,704.0,False
Las Casas,hamlet,-15.5213215,28.0234489,698.0,False
El Bebedero,hamlet,-15.4795084,28.0474037,407.0,False
El Colegio,hamlet,-15.4779711,28.0520955,365.0,False
Fuente los Berros,hamlet,-15.4787884,28.038804,434.0,False
Los Alvarados,hamlet,-15.4784709,28.0431893,427.0,False
Los Veroles,hamlet,-15.4841257,28.0358756,505.0,False
El Raso,hamlet,-15.4707361,28.0310024,545.0,False
Cuesta el Reventón,hamlet,-15.4759763,28.0381518,478.0,False
El Estanco,hamlet,-15.4818675,28.0268935,577.0,False
Plaza Doña Luisa,hamlet,-15.487855,28.0379384,488.0,False
Montebravo,hamlet,-15.4859627,28.03716,515.0,False
El Mocanal,hamlet,-15.4703432,28.0421088,414.0,False
Las Arenillas,hamlet,-15.4697933,28.0341109,542.0,False
Las Goteras,hamlet,-15.475504,28.0244236,393.0,False
El Vinco,hamlet,-15.4764002,28.0289878,526.0,False
La Concepción,hamlet,-15.4886735,28.0268956,660.0,False
Islote Matavinos (Roque Tortuga),islet,-15.4341931,28.1540266,9.0,False
El Brecito,hamlet,-15.5795224,28.1135902,457.0,False
Vínculo de Solís,hamlet,-15.5743541,28.1148542,447.0,False
Carreras,hamlet,-15.5830871,28.1187867,414.0,False
Los Toscales parte Baja,hamlet,-15.5809795,28.1256605,384.0,False
La Cordillera,hamlet,-15.5858073,28.1375054,200.0,False
El Roque,hamlet,-15.5733889,28.144423,15.0,False
El Altillo,hamlet,-15.5664154,28.1456001,9.0,False
El Lomito,hamlet,-15.5541482,28.1321146,190.0,False
Los Barranquillos,hamlet,-15.5577516,28.0999443,554.0,False
Los Menores,hamlet,-15.5547989,28.1164796,354.0,False
La Palmilla,hamlet,-15.5600662,28.115762,379.0,False
Itara,hamlet,-15.5581123,28.1237232,305.0,False
Trapiche,hamlet,-15.5440906,28.1324164,196.0,False
Lomo de Quintanilla,hamlet,-15.5434331,28.1389459,150.0,False
Quintanilla,hamlet,-15.5448156,28.1463673,12.0,False
El Tarahal,hamlet,-15.549855,28.1452808,19.0,False
El Peñón,hamlet,-15.5510031,28.1459811,11.0,False
Mujica,hamlet,-15.5283677,28.0654294,497.0,False
El Lomo,hamlet,-15.5316898,28.066717,513.0,False
Llanos de Arévalo,hamlet,-15.5316926,28.0706483,487.0,False
Guanchía,hamlet,-15.5394252,28.0724377,630.0,False
Laurelar,hamlet,-15.5280738,28.056319,741.0,False
El Secuestro,neighbourhood,-15.5531055,28.0643558,681.0,False
El Hoyo,neighbourhood,-15.5410783,28.0618936,571.0,False
San Matías,hamlet,-15.5407629,28.0680048,645.0,False
Barrio del Pino,neighbourhood,-15.5454879,28.0641209,625.0,False
Degollada,hamlet,-15.5492651,28.0340014,859.0,False
Buenavista,neighbourhood,-15.5506349,28.0589531,624.0,False
El Chorrito,neighbourhood,-15.5493597,28.0576262,593.0,False
Ojero,hamlet,-15.5565281,28.0419377,845.0,False
La Cuesta,hamlet,-15.5440584,28.0371871,825.0,False
Los Corrales,hamlet,-15.5500267,28.0478814,744.0,False
Las Toscas,hamlet,-15.5547297,28.0376715,862.0,False
Las Paredes,hamlet,-15.5417845,28.0796377,601.0,False
Masapé,hamlet,-15.5415532,28.0836212,586.0,False
Siete Puertas,hamlet,-15.5368654,28.0771062,606.0,False
El Escobonal,hamlet,-15.5427875,28.0854304,609.0,False
La Peña,hamlet,-15.5279682,28.0793353,516.0,False
Barranco del Pino,hamlet,-15.5201358,28.0831555,386.0,False
Lomo Cobo,hamlet,-15.5208178,28.0740836,476.0,False
Barranco Zapatero,hamlet,-15.5182479,28.0747605,389.0,False
San José del Álamo,neighbourhood,-15.5122315,28.0725378,597.0,False
La Plaza,square,-13.5104966,28.9878222,31.0,False
El Perdigón,hamlet,-15.5041145,28.128009,206.0,False
Lomo Espino,hamlet,-15.5071856,28.1207996,224.0,False
San Francisco Javier,neighbourhood,-15.5018947,28.1068045,207.0,False
Lomo Grande,hamlet,-15.5020117,28.1166426,266.0,False
Urbanización San Francisco Javier,neighbourhood,-15.5049032,28.1109915,239.0,False
Lomo de Arucas,neighbourhood,-15.509353,28.1140096,265.0,False
Las Palmeras,neighbourhood,-15.5106986,28.1148647,265.0,False
Hoya de Ariñez,neighbourhood,-15.5136728,28.1136447,252.0,False
El Angostillo,neighbourhood,-15.5426951,28.1115636,367.0,False
Lomo de San Pedro,neighbourhood,-15.5411449,28.1138487,360.0,False
La Goleta,neighbourhood,-15.5378702,28.1163623,310.0,False
La Fula,neighbourhood,-15.5371498,28.1223586,264.0,False
La Montañeta,neighbourhood,-15.5339042,28.1218817,249.0,False
El Cerrillo,neighbourhood,-15.531766,28.1190202,268.0,False
El Terrero,neighbourhood,-15.5192966,28.1190388,268.0,False
Hoya de San Juan,neighbourhood,-15.516401,28.1224094,269.0,False
Montaña de Arucas,neighbourhood,-15.5234914,28.123079,311.0,False
Las Chorreras,hamlet,-15.5215146,28.1286555,250.0,False
Hinojal,hamlet,-15.5298346,28.1326114,152.0,False
El Guincho,hamlet,-15.5152479,28.1395252,142.0,False
Lomo Ramírez,hamlet,-15.5179718,28.143706,106.0,False
Las Hoyas del Cardonal,hamlet,-15.5190836,28.1451188,71.0,False
Cruz de Pineda,hamlet,-15.5239178,28.1392231,131.0,False
Llano Blanco,hamlet,-15.5212456,28.1399111,138.0,False
La Palmita,hamlet,-15.5309119,28.1408651,133.0,False
Escaleritas,hamlet,-15.5374949,28.1423752,113.0,False
El Risco,hamlet,-15.5378992,28.1451175,63.0,False
Cardonal,hamlet,-15.5245375,28.1446113,86.0,False
La Hondura,hamlet,-15.521597,28.1464552,77.0,False
La Cuestilla,hamlet,-15.5293571,28.1460017,30.0,False
Santidad Alta,neighbourhood,-15.5114522,28.0992322,298.0,False
San Gregorio,neighbourhood,-15.5113937,28.1004561,334.0,False
La Guitarrilla,neighbourhood,-15.5103545,28.1043146,288.0,False
La Montaña,neighbourhood,-15.5066602,28.1343367,213.0,False
El Lomito,hamlet,-15.5143915,28.1328012,205.0,False
El Carril,neighbourhood,-15.5114188,28.128676,193.0,False
El Hornillo Bajo,neighbourhood,-15.5125833,28.125961,218.0,False
El Hornillo Alto,neighbourhood,-15.5138036,28.1233687,238.0,False
Mirador de los Portales,neighbourhood,-15.528883,28.0966562,404.0,False
La Solana,neighbourhood,-15.5330685,28.1008529,357.0,False
Virgen del Pino,neighbourhood,-15.5286579,28.1041532,298.0,False
El Arco,hamlet,-15.5369422,28.0993024,463.0,False
Fuente del Laurel,hamlet,-15.5431145,28.091893,618.0,False
La Pedrera,hamlet,-15.5366901,28.085713,536.0,False
El Picacho,hamlet,-15.5331478,28.087733,592.0,False
Los Peñones,hamlet,-15.5404829,28.0892373,586.0,False
Los Altabacales,hamlet,-15.5479996,28.0931109,551.0,False
Puente de Arucas,neighbourhood,-15.5194175,28.1154015,229.0,False
Llanos de María Rivera,hamlet,-15.4825139,28.0554997,444.0,False
La Calzada,hamlet,-15.4717296,28.0587909,320.0,False
Dragonal Alto,hamlet,-15.4664883,28.0613042,291.0,False
Dragonal Bajo,hamlet,-15.4626356,28.0678318,258.0,False
Las Cuevas,hamlet,-15.4719439,28.0715605,265.0,False
El Román,hamlet,-15.4807313,28.0775138,258.0,False
El Pintor,hamlet,-15.4893596,28.0748498,343.0,False
El Toscón,hamlet,-15.4985721,28.0935244,315.0,False
Risco Negro,hamlet,-15.4790334,28.0881364,231.0,False
Hoya Andrea,suburb,-15.4613384,28.0899636,210.0,False
Almatriche Alto,suburb,-15.4619281,28.0831358,264.0,False
Jinámar,neighbourhood,-15.4147969,28.0335429,53.0,False
Cuesta Ramón,neighbourhood,-15.4195549,28.04278,127.0,False
Llanos de las Nieves,neighbourhood,-15.4283331,28.0419445,92.0,False
Llanos de la Barrera,neighbourhood,-15.4256437,28.0399394,90.0,False
Lomo el Sabinal,hamlet,-15.4402266,28.0468884,257.0,False
La Data,hamlet,-15.4582624,28.0491523,374.0,False
El Roque,hamlet,-15.4910338,28.0542373,537.0,False
La Cruz,hamlet,-15.5098574,28.0518592,656.0,False
Lomo Verdejo,neighbourhood,-15.4389547,28.0885529,147.0,False
Lomo Blanco,suburb,-15.4431451,28.0834877,212.0,False
Zurbarán,neighbourhood,-15.4520603,28.0773317,276.0,False
Pico Viento,neighbourhood,-15.445559,28.0749364,279.0,False
Campus Universitario,neighbourhood,-15.4547889,28.0712587,321.0,False
Monte Luz,neighbourhood,-15.4552567,28.0634067,380.0,False
La Cantera,neighbourhood,-15.4481067,28.0631954,296.0,False
El Fondillo,neighbourhood,-15.4539954,28.0601659,357.0,False
San Francisco de Paula,neighbourhood,-15.4497661,28.0577556,329.0,False
Cañada Honda,neighbourhood,-15.4799517,28.1327714,68.0,False
Casa Ayala,neighbourhood,-15.4863585,28.1272785,93.0,False
Ladera Alta,neighbourhood,-15.482481,28.1244878,216.0,False
Cuevas Blancas,neighbourhood,-15.4831662,28.119024,149.0,False
La Galera,neighbourhood,-15.4818347,28.1011027,230.0,False
Cruz del Ovejero,neighbourhood,-15.4828821,28.0979722,229.0,False
Lomo los Frailes,neighbourhood,-15.4689765,28.1025573,202.0,False
Las Perreras,neighbourhood,-15.4623692,28.1016089,192.0,False
Plaza de Toros,square,-16.2599332,28.4699819,70.0,False
Salobre,locality,-15.6290613,27.7904988,239.0,False
Valle del Higueral,locality,-13.7594942,28.9050602,131.0,False
Valle de la Casa,locality,-13.7686672,28.8971631,209.0,False
Valle de los Dioses,locality,-13.7760441,28.8916725,266.0,False
Valle de la Casa,locality,-13.7614962,28.8946648,140.0,False
las Casitas,locality,-13.7700149,28.9152842,334.0,False
Morro de las Atalayas,locality,-13.7189618,28.9177459,113.0,False
Santa Catalina,locality,-13.7674165,28.9991398,263.0,False
Islote Lenguas,locality,-13.769965,28.9681942,180.0,False
el Papagayo,locality,-13.7835331,28.8486758,28.0,False
Barranco de las Pilas,locality,-13.7659925,28.8684029,109.0,False
las Hoyas de Chó Colorado,locality,-13.8538266,28.9036353,29.0,False
Llanos de la Calera,locality,-13.818227,28.9300802,49.0,False
el Piñero,locality,-13.7782494,28.9499814,181.0,False
la Vega Nueva,locality,-13.7871536,28.9448374,116.0,False
Lomo del Cura,locality,-13.7699499,28.9471022,293.0,False
el Volcán de Testeyna,locality,-13.674932,28.9925372,342.0,False
el Rincón,locality,-13.6699839,28.9948873,338.0,False
La Estercolada,locality,-16.3018766,28.5246722,813.0,False
Los Arrifes,locality,-16.4418937,28.2322082,416.0,False
Era de Berbique,locality,-15.6798501,28.0741838,640.0,False
Lomo de la Higuera,locality,-17.2933627,28.136717,980.0,False
Rico de Heredia,locality,-17.3429753,28.1231545,149.0,False
Tejeleche,locality,-17.334882,28.1508709,555.0,False
Punta y Cueva de las Palomas,locality,-17.3377382,28.157775,80.0,False
Quiebra Canillas,locality,-17.3394277,28.1027418,533.0,False
Nariga,locality,-17.3271691,28.1470809,462.0,False
Lomo del Espino,locality,-17.3169824,28.1705561,334.0,False
La Costa,locality,-17.2829356,28.2075215,303.0,False
Loma de Palmarejo,locality,-17.244248,28.1891221,360.0,False
Carabato,hamlet,-17.2600718,28.1764901,263.0,False
Alto de Piedra del Gallo,locality,-17.2587639,28.1308697,1208.0,False
La Laguna Grande,locality,-17.2624578,28.1279524,1272.0,False
Alto de Llano de la Cruz,locality,-17.1510541,28.1515647,511.0,False
Los Lavadores,locality,-17.1927518,28.0655032,555.0,False
Casas del Magro,hamlet,-17.1592024,28.0958549,675.0,False
Bujero de Cheremía,locality,-17.124572,28.141292,334.0,False
Chermía,locality,-17.116874,28.1412237,288.0,False
Casas del Helechal,locality,-17.1620932,28.1438597,649.0,False
Cabezo del Pajarito,locality,-17.2387408,28.1113876,1318.0,False
Cabezo de Amagú,locality,-17.2630731,28.1297801,1219.0,False
Degollada de Cherelepín,locality,-17.2631971,28.1249003,1236.0,False
La Puntilla,hamlet,-17.215475,28.1338521,877.0,False
Las Laderitas,locality,-17.2774636,28.2058864,592.0,False
El Pedegral,locality,-17.3039844,28.1860975,503.0,False
Las Pilas,locality,-17.3278476,28.0916329,596.0,False
Teberbite,locality,-17.2156204,28.0404282,342.0,False
Lomo del Higueral,locality,-17.1237982,28.0825728,140.0,False
El Capitán,locality,-17.1267885,28.081032,224.0,False
Costado de la Guancha,locality,-17.1308268,28.0791449,154.0,False
Majada de Suárez,locality,-17.1741324,28.0485365,236.0,False
Las Hoyas,locality,-17.3091327,28.0677017,119.0,False
El Berodal,locality,-17.3147552,28.072622,300.0,False
Loma de Pepe,locality,-17.314673,28.0700525,325.0,False
Los Palmeros,neighbourhood,-17.3245557,28.158272,262.0,False
El Pilar,locality,-17.8361496,28.61364,1459.0,False
Las Tías,hamlet,-17.2935213,28.1975504,505.0,False
Alto de los Chinguerillos,locality,-17.2785589,28.1884679,662.0,False
Chapa de Simancas,locality,-17.2956226,28.0915319,770.0,False
Almácigos,locality,-17.269242,28.0542844,467.0,False
La Campana,locality,-17.2705834,28.046804,370.0,False
La Rosa,locality,-17.2882485,28.0441739,203.0,False
Caserío los Barranquillos,hamlet,-17.1880291,28.1641828,190.0,False
Salto Lima,locality,-17.1819985,28.1663042,286.0,False
Degollada Majona,locality,-17.1441486,28.1531432,363.0,False
Tamorde,locality,-17.1252018,28.1204315,277.0,False
Punta del Jurado,locality,-13.8337622,28.9894792,1.0,True
La Sabinilla,locality,-17.191414,28.1144899,709.0,False
Cabezo Alto,locality,-17.2011569,28.1242383,1101.0,False
La Rehoya,locality,-17.1503448,28.115786,342.0,False
Los Pajares Blancos,locality,-17.2290815,28.0419384,483.0,False
Valle de Femés,locality,-13.7708775,28.9239034,407.0,False
el Filo,locality,-13.768267,28.9186711,311.0,False
Valle de Fenauso,locality,-13.7757362,28.9362822,252.0,False
Las Galanas,neighbourhood,-17.120974,28.0906261,85.0,False
El Calvario,neighbourhood,-17.1185644,28.0916265,62.0,False
El Veredal,locality,-17.1230752,28.0764115,188.0,False
Altamache,locality,-17.2097408,28.0420904,340.0,False
La Manteca,locality,-17.2718087,28.0620406,393.0,False
Los Roquillos,locality,-17.2871204,28.0540335,232.0,False
Cerco de Don Pedro,locality,-17.2925498,28.1513256,928.0,False
El Lomo,neighbourhood,-17.3214117,28.1556842,352.0,False
El Mono,neighbourhood,-17.3213888,28.1600834,274.0,False
La Colnenilla,locality,-17.2823483,28.1961088,607.0,False
Alto de Jimonete,locality,-17.2266698,28.1878996,692.0,False
Lomo del Caretón,locality,-17.3256141,28.1314781,616.0,False
Lomo Cabeza de Buey,locality,-17.3102968,28.144078,962.0,False
Las Tajarias,village,-17.2408843,28.0594726,778.0,False
Raso Pendiente,locality,-17.1619207,28.1057115,393.0,False
Los Pieachos,locality,-17.1323466,28.1216627,456.0,False
Jaragán,locality,-17.1352616,28.1221701,543.0,False
Punta de la Vaca,locality,-17.142925,28.1241988,445.0,False
El Herrero,locality,-17.1257879,28.1303551,316.0,False
La Crucita,locality,-17.1108599,28.1179937,124.0,False
Palo Atravesado,locality,-17.1677928,28.153375,827.0,False
Alto de Santa Cruz,locality,-17.167258,28.1452803,757.0,False
Raso de Juel,locality,-17.1596683,28.1470538,673.0,False
La Cabezada,locality,-17.1243425,28.1121598,311.0,False
Majona,locality,-17.1596814,28.1379929,594.0,False
Altos de Uteza,locality,-17.1597542,28.1280902,639.0,False
Los Corralejos,locality,-17.1401178,28.1018988,348.0,False
Lisencial,locality,-17.1408582,28.1193646,359.0,False
La Pila,locality,-17.1553526,28.1101263,219.0,False
Riscos de Juel,locality,-17.1585606,28.15634,696.0,False
El Charco,hamlet,-17.1950667,28.1910579,167.0,False
La Hormiga,locality,-17.2234427,28.1753542,794.0,False
Alto de Toril,locality,-17.2315567,28.1863581,584.0,False
Los Zarzales,locality,-17.2539365,28.1812932,379.0,False
Montaña de Juesas,locality,-17.1878339,28.0902409,694.0,False
Cabezo de la Cruz de las Ánimas,locality,-17.2819497,28.1433095,960.0,False
Rosa de las Piedras,village,-17.2642555,28.1675845,349.0,False
Arerú,locality,-17.2490847,28.1892386,249.0,False
Mazapeces,neighbourhood,-17.240026,28.1853399,420.0,False
Degollada del Manillo,locality,-17.2357041,28.1911742,454.0,False
El Risco Colorado,neighbourhood,-17.2638061,28.1888423,175.0,False
El Tributo,neighbourhood,-17.2568938,28.1975787,80.0,False
Cabezo de la Vizcaína,locality,-17.2974241,28.1349512,993.0,False
San Sebastián,locality,-17.2943359,28.1002186,840.0,False
Guarchico,hamlet,-17.2933401,28.1021027,910.0,False
Los Apartaderos,hamlet,-17.276086,28.1069863,1108.0,False
La Jaida,locality,-17.2839273,28.0768221,518.0,False
El Negrín,locality,-17.25114,28.0853016,1059.0,False
El Paso,locality,-17.2557819,28.0830293,925.0,False
La Longuera,hamlet,-17.1915795,28.1107826,475.0,False
La Cueva,locality,-17.1975887,28.113215,596.0,False
La Selechera,locality,-17.1997375,28.1173975,693.0,False
Las Tajoras,locality,-17.2054209,28.1183073,732.0,False
La Cerpa,locality,-17.2299819,28.1608984,886.0,False
Meriga,locality,-17.2247595,28.1573746,811.0,False
El Espigón,locality,-17.236641,28.1586773,966.0,False
Las Crucitas,locality,-17.2376351,28.1576928,910.0,False
Alto de los Helechos,locality,-17.1513382,28.1458447,524.0,False
Barriada de la Gallarda,neighbourhood,-17.1125853,28.0986536,162.0,False
Tamarganche,locality,-17.2684711,28.1231831,1178.0,False
Los  Jamones,locality,-17.3015374,28.1234827,890.0,False
La Asmadita,locality,-17.2660451,28.1172381,1266.0,False
La Laguna Alta,locality,-17.2550536,28.1174797,1304.0,False
Casa Forestal,hamlet,-17.2703045,28.1143048,1120.0,False
Alto de Cherelepín,locality,-17.2588475,28.1231369,1223.0,False
Orillas de Isque,locality,-17.2318534,28.1002497,1006.0,False
El Cabezo,locality,-17.2362767,28.086876,957.0,False
Roquillo de Alajeró,locality,-17.2455266,28.0912094,1180.0,False
El Azadoe,locality,-17.2261928,28.083931,671.0,False
La Saldena,locality,-17.2359838,28.067431,931.0,False
El Repecho,locality,-17.2171316,28.0513723,525.0,False
El Frenito,locality,-17.2111487,28.058154,199.0,False
Lobelión,locality,-17.2287214,28.0694313,433.0,False
Barranco de Santiago o Guarimiar,hamlet,-17.2206783,28.0666205,316.0,False
Las Casitas,hamlet,-17.1968041,28.1943898,187.0,False
Degollada de la Aguelisma,locality,-17.2339935,28.1182449,1155.0,False
El Carmen,locality,-17.2057372,28.1320831,634.0,False
Puntas Coloradas,locality,-17.1681279,28.154659,757.0,False
El Moralito,locality,-17.1737363,28.1570857,456.0,False
Punta de la Cruz,locality,-17.1887826,28.1498202,471.0,False
Gollada de Galuche,locality,-17.1857404,28.1491005,500.0,False
Punta Yuera,locality,-17.1861033,28.1382896,747.0,False
Montes Claros,locality,-17.1833984,28.1373028,1001.0,False
Chapadelas Orijamas,locality,-17.1233131,28.1366756,272.0,False
La Lajita,locality,-17.206136,28.1440725,476.0,False
El Ancosillo,locality,-17.214103,28.1588727,710.0,False
Cerro Moldor,locality,-17.2170193,28.1644175,795.0,False
Cabezo de Camacho,locality,-17.2119386,28.1701788,724.0,False
Degollada del Chorillo,locality,-17.2091734,28.1679546,688.0,False
Cabeza de la Mesa,locality,-17.2134905,28.1556449,823.0,False
Plan de Remula,locality,-17.2377884,28.1342385,1141.0,False
Chamusco de Alejo,locality,-17.2442219,28.1346061,1052.0,False
Degollada de los Helechos,locality,-17.2435062,28.1289049,1114.0,False
Degollada de Cherelepín,locality,-17.2426017,28.1226485,1218.0,False
Juego de Bolas,locality,-17.2449259,28.1493444,1012.0,False
Las Cabecillas,locality,-17.2881605,28.1340182,1067.0,False
los Roques,locality,-17.8250055,28.6690931,1293.0,False
Lomo las Vueltas,locality,-17.8191418,28.66792,1046.0,False
Lomo Grande,locality,-17.8028616,28.6654663,607.0,False
el Reventon,locality,-17.8000739,28.6669615,517.0,False
la Era,locality,-17.7997593,28.6745981,624.0,False
Velhoco,locality,-17.7891156,28.6834301,415.0,False
Lomo del Lance,locality,-17.7991913,28.6898927,713.0,False
Lomo de las Nieves,locality,-17.7956419,28.7047002,790.0,False
Aguasensio,locality,-17.8281025,28.6801543,1647.0,False
Hoya de la Morada,locality,-17.8074015,28.6992044,1031.0,False
llano del Jable,locality,-17.8485364,28.6380782,992.0,False
la Realizada,locality,-17.8021145,28.6345027,677.0,False
la Travesía,locality,-17.8033434,28.6418627,606.0,False
Lomo Melchora,locality,-17.8004019,28.6589889,568.0,False
Roque Relvitas,locality,-17.8891652,28.7085726,635.0,False
la Farola,locality,-17.9033914,28.7109002,1054.0,False
Montaña de Fuego,locality,-17.8408483,28.5209404,1197.0,False
Puntagorda,locality,-17.832424,28.5131235,953.0,False
Pino de la Virgen,locality,-17.8294764,28.5133896,889.0,False
el Barrial,locality,-17.851456,28.6786258,1136.0,False
Roque Corande,locality,-17.8543577,28.683384,1271.0,False
Lomo de la Moradillas,locality,-17.8989804,28.7863009,1425.0,False
Valle de las Cruces,locality,-17.8995609,28.7980234,1090.0,False
Caldera del Agua,locality,-17.9006027,28.8142252,945.0,False
Finca el Arrogante,locality,-17.8878006,28.8362347,354.0,False
Cruz del Gallo,locality,-17.8976912,28.8234334,789.0,False
Picos del Risco de las Cuevas,locality,-17.873186,28.6907881,1697.0,False
Salto de la Mazmorra,locality,-17.821462,28.716497,1637.0,False
la Cresta,locality,-17.8860954,28.7508836,2156.0,False
Cantos de Turugmay,locality,-17.880254,28.7498646,2070.0,False
Pared de Roberto,locality,-17.8765872,28.7581018,2094.0,False
Llano Centeno,locality,-17.8381779,28.458826,39.0,False
Flores,locality,-17.8417021,28.7030577,1905.0,False
las Ovejas,locality,-17.8314745,28.6852555,1810.0,False
Lomo de los Barreros,locality,-17.9650317,28.7853459,735.0,False
la Vereda,locality,-17.9801668,28.7924801,328.0,False
los Loros,locality,-17.8302935,28.7929146,1269.0,False
Campanario del Garabato,locality,-17.8268096,28.797618,1178.0,False
el Lomito,locality,-17.8213954,28.8027161,1057.0,False
las Mimbreras,locality,-17.8222159,28.813165,696.0,False
el Cuervo,locality,-17.8207161,28.8105838,812.0,False
Lomo de Leusque,locality,-17.8209313,28.8214562,557.0,False
el Pedregal,locality,-17.8392712,28.8328733,252.0,False
Tabladitos,locality,-17.8559057,28.7699115,2002.0,False
los Codesos,locality,-17.9431726,28.7845247,1062.0,False
la Trapera,locality,-17.9343207,28.7767664,1265.0,False
Topo del Mogo,locality,-17.9461223,28.7702601,1145.0,False
los Cochinos,locality,-17.8267858,28.6776229,1483.0,False
El Cercado,locality,-17.7943873,28.6848438,548.0,False
Breña,locality,-17.7939019,28.6554156,415.0,False
el Tamano,locality,-17.8185928,28.6145945,1225.0,False
las Breñas,locality,-17.8004493,28.6546759,536.0,False
Gigil,locality,-17.8144515,28.5721696,1288.0,False
Vera de la Fajana,locality,-17.7932745,28.7988904,635.0,False
la Cruz,locality,-17.7932745,28.8015342,438.0,False
Los Tilos,locality,-17.8079785,28.7906494,854.0,False
el Romadero,locality,-17.8174687,28.7858474,1012.0,False
Dormitorios Bajos,locality,-17.8430382,28.7641936,2032.0,False
Morro de la Cebolla,locality,-17.8566531,28.7591147,2243.0,False
Ladera de Guerreros,locality,-17.8090984,28.8026547,825.0,False
los Auilares,locality,-17.7956473,28.83701,275.0,False
las Cancelitas,locality,-17.8321641,28.7994224,943.0,False
Lomo los Mosquitos,locality,-17.8329943,28.7957541,1070.0,False
Lomo del Caballo,locality,-17.8394349,28.786311,1364.0,False
Roque de los Árboles,locality,-17.8487684,28.7959369,1253.0,False
Llanadas de Gallegos,locality,-17.8485412,28.7922838,1391.0,False
Lomo la Toleda,locality,-17.8599719,28.8048324,962.0,False
Lomo los Corraletes,locality,-17.8659635,28.7725678,1866.0,False
Lomo los Corraletes,locality,-17.8636429,28.7813301,1608.0,False
Paso de la Hiedra,locality,-17.8661895,28.7880775,1448.0,False
Lomo los Machos,locality,-17.8679811,28.8285994,278.0,False
La Fajana,locality,-17.8689065,28.834538,60.0,False
Carmona,locality,-17.8869034,28.802679,1032.0,False
El Portal,locality,-17.8788329,28.8348364,240.0,False
el Hornito,locality,-17.8981762,28.8338055,494.0,False
las Cabezadas,locality,-17.9022895,28.8374562,450.0,False
Lomo Morión,locality,-17.9148047,28.8340972,635.0,False
Lomo de Salvatierra,locality,-17.9420051,28.8354968,341.0,False
el Frontón,locality,-17.9591889,28.7979963,573.0,False
Bosque de Dragos,locality,-17.934378,28.8296489,516.0,False
Lomada Grande,locality,-17.9773318,28.8021182,323.0,False
los Vendavales,locality,-17.978126,28.7976723,388.0,False
El Castillo,locality,-17.9531587,28.7924318,849.0,False
Tierras de Breñosa,locality,-17.9969276,28.7534136,297.0,False
Llanos de Fagundo,locality,-17.9878721,28.7599212,636.0,False
las Barreras,locality,-17.9973738,28.7636355,444.0,False
Tabaibal,locality,-18.1290953,27.7183101,474.0,False
Punta del Barbudo,locality,-18.1469612,27.709908,136.0,False
Caldereta del Taibal Manso,locality,-18.1374768,27.7225335,435.0,False
Morro de Juan Francisco,locality,-18.0350035,27.7290058,1395.0,False
Pino Verde,locality,-18.0408733,27.7265249,1438.0,False
Tanganasoga,locality,-18.061182,27.7279573,1302.0,False
Bellido,locality,-17.9740616,28.7320998,612.0,False
la Atalaya,locality,-17.9860156,28.7428021,372.0,False
Lomo del Lance,locality,-17.9820005,28.7393528,498.0,False
Llanos del Lance,locality,-17.9581646,28.7473685,1085.0,False
Lomo de las Breveras,locality,-17.9749367,28.7245935,443.0,False
las Breveras,locality,-17.9698402,28.7275874,620.0,False
Lomo de las Breveras,locality,-17.9625128,28.7336939,893.0,False
Casaquemada,locality,-17.9611246,28.7138663,579.0,False
Pintado,locality,-17.9655846,28.6958594,298.0,False
Las Caletas,locality,-17.954972,28.7007542,540.0,False
los Calabaceros,locality,-17.9663213,28.7052891,445.0,False
Risco de los Camacho,locality,-17.9155856,28.7000814,1148.0,False
Cuesta de los Pozitos,locality,-17.9203793,28.7105886,1328.0,False
la Barrera,locality,-17.9204937,28.7075887,1245.0,False
Cruz del Llano,locality,-17.9350574,28.7074351,960.0,False
La Tahona,locality,-17.9488266,28.6999526,649.0,False
Lomo Guago,locality,-17.8190154,28.6374542,1146.0,False
Lomo de los Mestres,locality,-17.8167849,28.6523885,984.0,False
Lomo del aballito,locality,-17.8152827,28.6494936,976.0,False
Tacande de Abajo,locality,-17.8802275,28.6412242,676.0,False
Tacande,locality,-17.8756701,28.6381776,723.0,False
las Montañetas,locality,-17.8766579,28.5801163,694.0,False
el Malpaís de la Cruz Alta,locality,-17.8832906,28.576237,498.0,False
Laderas de Doña María,locality,-17.8710036,28.5663794,760.0,False
la Sabina Vieja,locality,-17.880924,28.563707,469.0,False
las Casas Viejas,locality,-17.8832616,28.5577172,234.0,False
Laderas del Gallo,locality,-17.8611982,28.606652,1074.0,False
las Plantas,locality,-17.8669529,28.6102119,936.0,False
los Pelados,locality,-17.8721533,28.6066114,775.0,False
el Pinar,locality,-17.8257439,28.5190135,916.0,False
la Vinagrera,locality,-17.8152145,28.5259991,669.0,False
Flores,locality,-17.8275378,28.5293663,1081.0,False
Malpaís,locality,-17.8258764,28.5336469,1081.0,False
El Gallo,locality,-17.8509896,28.6074869,1498.0,False
Lavas la Malforadada,locality,-17.8341292,28.5771526,1783.0,False
el Morrón,locality,-17.8649543,28.4833028,64.0,False
las Chamusquinas,locality,-17.823544,28.5683313,1492.0,False
Hoya de la Rudo,locality,-17.8072253,28.5592234,895.0,False
Dos Aguas,locality,-17.8848932,28.707356,491.0,False
los Camachos,locality,-17.9094207,28.6924633,471.0,False
las Hoyas,locality,-17.9162055,28.6851877,367.0,False
las Laderas,locality,-17.8435051,28.6942131,1597.0,False
el Riachuelo,locality,-17.8490812,28.6895735,1091.0,False
Roques de la Perra,locality,-17.8418001,28.6891843,1432.0,False
la Vuelta de los Hermanos,locality,-17.839086,28.6823924,1335.0,False
las Palomas,locality,-17.8397558,28.6705017,946.0,False
el Escuchadero,locality,-17.8443569,28.7217154,1702.0,False
Lomo de los Juncos,locality,-17.8543273,28.7119037,1176.0,False
Los Bujanos,locality,-17.8996381,28.7079164,851.0,False
Lomo Pascual,locality,-17.9012128,28.7060511,760.0,False
Risco Malo,locality,-17.8816134,28.7032238,931.0,False
las Ranas,locality,-17.8874936,28.7043228,557.0,False
Lomo del Gomero,locality,-17.8891436,28.7014284,594.0,False
Las Tetas,locality,-17.8972882,28.6906812,591.0,False
Vuelta de los Hermanos,locality,-17.8348601,28.6826044,1596.0,False
Lomo Atravesado,locality,-17.8973524,28.7349152,2076.0,False
Cuevas Negras,locality,-17.8991304,28.722175,1269.0,False
Hoya de Palmero,locality,-17.9077028,28.7200378,1811.0,False
Calderos Bermejos,locality,-17.9169388,28.7226856,1504.0,False
Lomo Muerto,locality,-17.9166843,28.7678138,1792.0,False
Llano Barona,locality,-17.9063763,28.7575429,2033.0,False
las Lajitas,locality,-17.899043,28.7572618,2151.0,False
Calderas Bermejas,locality,-17.917713,28.7540255,1773.0,False
Llano de las Ánimas,locality,-17.9119008,28.7493433,1980.0,False
el Noganillo,locality,-17.9178662,28.74709,1921.0,False
la Ensillada,locality,-17.9146005,28.7439787,1948.0,False
Llano de las Horas,locality,-17.9237963,28.7331866,1760.0,False
Topo Catalino,locality,-17.9225702,28.7307675,1754.0,False
el Romano,locality,-17.935426,28.7234984,1255.0,False
la Pasada,locality,-17.9343891,28.6810441,782.0,False
Lomo de los Bejeques,locality,-17.8369502,28.7152148,1992.0,False
Lomo Ovejas,locality,-17.8195148,28.6826233,1380.0,False
el Novanillo,locality,-17.9064603,28.7470559,2096.0,False
el Gamonal,locality,-17.932358,28.7466704,1573.0,False
Cuesta del Llano de la Cruz,locality,-17.7884662,28.6923791,371.0,False
Lomo del Corchete,locality,-17.8123884,28.6872407,1178.0,False
Lomo de la Cruz,locality,-17.9414737,28.7626865,1292.0,False
Cruz de la Traviesa,locality,-17.9363357,28.7590961,1415.0,False
la Cuesta,locality,-17.7788139,28.6833253,312.0,False
les Lomaditas,locality,-17.9885811,28.7891286,374.0,False
Miraflores,locality,-17.9853234,28.7682972,711.0,False
Lomo Chupadero,locality,-17.7988633,28.6781127,592.0,False
Lomo de la Rocha,locality,-17.9840403,28.7484669,528.0,False
Garome,locality,-17.9733283,28.752588,862.0,False
Topo de las Matas,locality,-17.9803884,28.7539766,686.0,False
Lomo de la Hoya Amarga,locality,-17.8149642,28.7663649,1509.0,False
la Cruz de Vázquez,locality,-17.8152804,28.7573036,1646.0,False
Lomo del Madroñero,locality,-17.8208553,28.752836,1762.0,False
Topo de la Jara,locality,-17.7688203,28.7198507,598.0,False
Cuesta de los Herradores,locality,-17.8121228,28.7441784,1642.0,False
Topo de la Burra,locality,-17.8017994,28.7408737,1456.0,False
Lomo del Corcho,locality,-17.7859771,28.7353146,1112.0,False
Tacande,locality,-17.7685994,28.7386125,799.0,False
Lomo del Cuchillo,locality,-17.7731831,28.7300367,737.0,False
Cubo de la Galga,locality,-17.7738007,28.7610051,619.0,False
Lomita Mala,locality,-17.7922896,28.7481693,1019.0,False
Llano de las Vergas,locality,-17.8219311,28.7461667,1797.0,False
Lomo Morisco,locality,-17.8313071,28.7514169,2082.0,False
la Petisca,locality,-17.7921485,28.7851171,770.0,False
Montaña Alta,locality,-17.8358837,28.7810816,1429.0,False
Lomo del Rosillo,locality,-17.8763788,28.7896432,1351.0,False
Lomo de los Poleos,locality,-17.8537514,28.8156666,724.0,False
Lomo de la Jara,locality,-17.8782799,28.8299924,423.0,False
Lomito de la Fuente del Toro,locality,-17.9299255,28.7020838,1028.0,False
Lomo el Barbo,locality,-17.9455659,28.7233595,995.0,False
la Castellana,locality,-17.9479864,28.7319664,1157.0,False
Llano de la Leña,locality,-17.9509752,28.7384697,1192.0,False
los Redondos,locality,-17.9404001,28.7443255,1378.0,False
Las Indias,locality,-17.9468278,28.7504334,1265.0,False
Las Eras,locality,-17.962805,28.7561049,1034.0,False
Cuesta del Horno,locality,-17.9434797,28.7755735,1148.0,False
Juanianes,locality,-17.9277396,28.7540547,1660.0,False
Hacienda del Cura,locality,-17.9085257,28.6963929,595.0,False
Lomo de las Goteras,locality,-17.850642,28.7262085,1392.0,False
Lomo Cumplido,locality,-17.8509482,28.7336386,1414.0,False
Lomo de la Jurada,locality,-17.8608045,28.7354567,1206.0,False
Morro Negro,locality,-17.8683102,28.7294866,1001.0,False
el Capadero,locality,-17.8718429,28.7250692,870.0,False
Los Cavaderos,locality,-17.7923496,28.5875216,770.0,False
Covaderos,locality,-17.8009104,28.5960056,957.0,False
Cerco Nuevo,locality,-17.8010471,28.6003207,979.0,False
el Perú,locality,-17.8146942,28.6086614,1256.0,False
El Gramillo,locality,-17.812681,28.6039142,1240.0,False
Perezquillo,locality,-17.7965119,28.6126681,859.0,False
Poleal,locality,-17.7822718,28.610984,536.0,False
La Capellanía,locality,-17.7934399,28.6409229,515.0,False
Las Ledas,locality,-17.7880407,28.6381744,454.0,False
Cuatro Caminos,locality,-17.7741941,28.6542733,230.0,False
Lomo de la Ciudad,locality,-17.9229123,28.7811074,1374.0,False
Topo de la Botija,locality,-17.9140942,28.7839057,1386.0,False
Las Goteras,locality,-17.8984377,28.7936238,1168.0,False
Machin,locality,-17.8970387,28.7939249,1173.0,False
El Tablado,locality,-17.896057,28.7954018,1130.0,False
el Cedro,locality,-17.8907721,28.7923117,1165.0,False
Piedra de la Burra,locality,-17.8479692,28.7851849,1552.0,False
Gallegos,locality,-17.8407617,28.798162,1200.0,False
Lomo la Travesita,locality,-17.9636303,28.7637104,984.0,False
Lomo Rellanito,locality,-17.9640323,28.7619101,977.0,False
El Sabinar,locality,-18.1375961,27.7479352,420.0,False
Hoya del Verodal,locality,-18.1435972,27.7535627,266.0,False
Rincón de la Cerca,locality,-18.1243651,27.7540969,584.0,False
Lomo de las Cabras,locality,-18.111002,27.7498061,366.0,False
Lomo del Trébol,locality,-18.1054253,27.7430413,703.0,False
El Tomillar,locality,-18.0837266,27.7194039,1013.0,False
Las Calzedillas,locality,-18.0266342,27.7092846,951.0,False
El Pinar,locality,-18.0091009,27.7003432,884.0,False
Los Espaderitos,locality,-17.9915142,27.6837299,569.0,False
Roque Quemado,locality,-17.9990432,27.6778472,437.0,False
El Calderetón,locality,-18.0191747,27.6718005,170.0,False
La Rocha,locality,-17.9802142,27.6978462,730.0,False
Los Cardones,locality,-17.9654699,27.7126714,384.0,False
Miradero de las Playas,locality,-17.9657237,27.7158495,499.0,False
Las Manchas,locality,-17.9709471,27.7230688,700.0,False
Risco de las Casas,locality,-17.9710759,27.7200296,754.0,False
Las Playas,locality,-17.9578893,27.7195416,10.0,False
Hoya de Tacorón,locality,-18.023561,27.6734892,126.0,False
El Canto,locality,-18.0187217,27.6833847,388.0,False
Los Cercaditos,locality,-17.9361517,27.7314103,252.0,False
Toledo,locality,-17.9345969,27.7378019,336.0,False
Llanos de Tegosma,locality,-17.9348144,27.7810249,876.0,False
Ladera del Dar,locality,-17.9346845,27.776455,872.0,False
La Cumbrecia,hamlet,-17.9409217,27.7731956,912.0,False
Punta de los Rincones,locality,-17.929702,27.7586567,366.0,False
Casa Tadeo,locality,-17.9140581,27.7748112,156.0,False
Hoya del Horno,locality,-17.934967,27.7652038,609.0,False
El Lajial,locality,-18.0088967,27.6553596,72.0,False
Loma del Agua Azul,locality,-18.1537228,27.7280234,17.0,False
Hoya del Bajo,locality,-18.1499245,27.7236527,238.0,False
Lomo del Agua Azul,locality,-18.1456222,27.7373937,303.0,False
Cruz de Bernado,locality,-18.1402715,27.7386488,427.0,False
Los Dornajitos,locality,-18.1332068,27.7582151,374.0,False
Roque del Basco,locality,-18.1275726,27.7631595,154.0,False
Los Aralejos,locality,-18.0708701,27.7524456,82.0,False
La Tabla,locality,-18.0908831,27.7531441,72.0,False
Cercado del Pájaro,locality,-18.0491487,27.758032,115.0,False
Roques de la Sal,locality,-18.0483104,27.7598239,52.0,False
Las Lajas,locality,-17.984963,27.8038286,143.0,False
Vuelta Grande,locality,-17.9862364,27.8015954,82.0,False
La Mella,locality,-17.9877146,27.8164049,271.0,False
La Guancha,locality,-17.9395402,27.8445107,64.0,False
las Salinas,locality,-17.9267366,27.8472991,62.0,False
Asoadita Alta,locality,-17.9352208,27.744032,477.0,False
Los Picachos,locality,-17.9312097,27.7488208,280.0,False
Jable Cumplido,locality,-18.0484755,27.7303901,1329.0,False
La Encarnación,suburb,-17.7625013,28.6905934,73.0,False
Benahoare,suburb,-17.7677056,28.6893784,75.0,False
El Pilar,suburb,-17.7651625,28.687264,75.0,False
San Francisco,suburb,-17.7627124,28.6879124,36.0,False
San Sebastián,suburb,-17.7663501,28.683618,52.0,False
San Telmo,suburb,-17.7689168,28.6809451,54.0,False
Calcinas,neighbourhood,-17.7687554,28.6843895,115.0,False
El Puente,suburb,-17.7670853,28.6854635,57.0,False
Cuatro Esquinas,neighbourhood,-17.7620017,28.6862802,24.0,False
Acera Ancha,neighbourhood,-17.7626005,28.6855997,15.0,False
La Pérgola,neighbourhood,-17.7654789,28.6824258,27.0,False
La Luz,neighbourhood,-17.7674502,28.681272,44.0,False
El Tanquito,neighbourhood,-17.767631,28.6820997,53.0,False
Timibúcar,neighbourhood,-17.7690212,28.6820126,70.0,False
Barrio de La Portada,neighbourhood,-17.7699054,28.6783793,27.0,False
Barriada de El Pilar,neighbourhood,-17.7671861,28.6874411,112.0,False
El Velachero,neighbourhood,-17.7662649,28.6886537,61.0,False
Barriada de Los Pescadores,neighbourhood,-17.7642975,28.6885231,44.0,False
El Marquito,neighbourhood,-17.7637907,28.6868809,53.0,False
El Castillete,neighbourhood,-17.7602219,28.6874858,22.0,False
Maldonado,neighbourhood,-17.7604422,28.6921025,24.0,False
Las Puntillas,locality,-17.893256,27.8001674,117.0,False
La Montañaeta,locality,-17.8921983,27.8055962,146.0,False
Valle del Cabrito,locality,-17.8989202,27.8106187,279.0,False
Loma de los Cardos,locality,-17.9328987,27.809658,797.0,False
El Gallego,locality,-17.9432031,27.8144511,719.0,False
Casco Antiguo,suburb,-17.7641416,28.6835277,20.0,False
Llano de los Cangrejos,locality,-17.8915275,27.8161838,65.0,False
La Cancela,locality,-17.9083846,27.8275363,341.0,False
Salto de la Charca,locality,-18.0293534,27.7155946,1079.0,False
Chorro del Jable,locality,-18.0569679,27.72356,1388.0,False
Rosa Cabrera,locality,-18.092529,27.7460498,401.0,False
Piedra del Rey,locality,-18.0914706,27.742071,694.0,False
El Muelle,neighbourhood,-17.7666823,28.6808535,11.0,False
El Puente,neighbourhood,-17.7643666,28.6837511,25.0,False
La Alameda,neighbourhood,-17.7612673,28.6877189,29.0,False
Jorós,neighbourhood,-17.7647129,28.685456,49.0,False
La Calle,neighbourhood,-17.7771179,28.8041178,328.0,False
La Lama,neighbourhood,-17.7763615,28.8065274,284.0,False
La Plaza,neighbourhood,-17.7738534,28.8042202,272.0,False
La Calzada,neighbourhood,-17.7714342,28.8034716,228.0,False
Lomitos de Arriba,neighbourhood,-17.7765604,28.8023781,321.0,False
El Topo,neighbourhood,-17.7748633,28.8023654,300.0,False
Los Salones,neighbourhood,-17.7753157,28.8012347,320.0,False
Lomitos de Abajo,neighbourhood,-17.7721713,28.8033783,242.0,False
La Calzada Vieja,hamlet,-17.7692676,28.8047576,166.0,False
Manos de Oro,hamlet,-17.7671638,28.8082037,109.0,False
El Valle,hamlet,-17.7672878,28.8039187,131.0,False
Pajares,hamlet,-17.7803098,28.8021068,367.0,False
El Poiso,hamlet,-17.7778874,28.8100322,249.0,False
Lomo Gil,hamlet,-17.7781109,28.8061102,305.0,False
Lomo López de Abajo,hamlet,-17.7758793,28.8104212,233.0,False
Tierra que Suena,locality,-17.9688152,27.7756748,1087.0,False
Los Molinos,locality,-17.9784671,27.7926581,937.0,False
Cercado de Amaro,locality,-17.9789772,27.7899882,984.0,False
Las Laderas,locality,-17.9744948,27.7961525,867.0,False
Las Tabladas,locality,-17.9712145,27.7988865,828.0,False
Risco de Tibataje,locality,-17.9924163,27.7794042,400.0,False
La Mareta,locality,-17.9880524,27.750396,1104.0,False
Lomo Gordo,locality,-17.9908223,27.7481494,1004.0,False
Paso de Jinama,locality,-17.9887693,27.7575548,675.0,False
Los Corchos,locality,-17.9970008,27.753036,466.0,False
Ladera Cabello,locality,-18.0730106,27.7461522,378.0,False
El Gretime,locality,-18.0772864,27.7424404,484.0,False
El Cres,locality,-18.071206,27.7421993,617.0,False
Las Tabladas,locality,-18.0800708,27.7371794,758.0,False
Lomo Blanco,locality,-18.0592148,27.7460431,541.0,False
Las Baranditas,locality,-18.0626848,27.7434521,731.0,False
Lomo de la Habichuela,locality,-18.0526501,27.7452439,585.0,False
La Maruca,locality,-18.0392854,27.7467876,457.0,False
Valle del Golfo,locality,-18.0383988,27.7481252,379.0,False
El Parque,locality,-18.0280041,27.7436696,583.0,False
Lomito Pardo,locality,-17.9848252,27.6761126,477.0,False
El Miradero,locality,-17.9753722,27.6488925,90.0,False
Las Lapillas,locality,-18.0152898,27.6603168,34.0,False
Corona del Lajial,locality,-17.9995991,27.6663033,333.0,False
Lomo Morado,locality,-18.0196804,27.6877504,479.0,False
Los Jables,locality,-18.0298492,27.6979911,587.0,False
Lomo Verde,locality,-18.0481177,27.7009375,404.0,False
Lomo de los Garañones,locality,-18.0578233,27.7060492,457.0,False
Las Laderas,locality,-18.0733893,27.70766,536.0,False
Los Números,locality,-18.0833868,27.7041693,378.0,False
Montaña del Teje,locality,-18.1085731,27.7184104,695.0,False
Hoya de los Carites,locality,-18.110929,27.7205489,692.0,False
La Camella,locality,-18.1285799,27.7326165,594.0,False
Valle Quemado,locality,-18.1315403,27.7448028,527.0,False
Lomo Negro,locality,-18.1404238,27.7558167,307.0,False
Cuchillo del Roque,locality,-18.1270294,27.7608178,290.0,False
El Jaral,locality,-18.1300438,27.7559833,481.0,False
Pie de la Asomada Chica,locality,-18.1184493,27.7127805,460.0,False
Roque del Julań,locality,-18.0612118,27.7185223,1116.0,False
Hoya del Pino,locality,-18.0433974,27.7353405,1069.0,False
Los Guaclos,locality,-18.0116437,27.7837149,37.0,False
Roque Grande,locality,-18.0995783,27.7240233,929.0,False
Lomo de la Barqueta de los Mozos,locality,-18.0988946,27.705246,315.0,False
Lomo de la Barqueta de los Mozos,locality,-18.1084603,27.7071181,334.0,False
Rincón de Izique,locality,-17.986126,27.7754501,1167.0,False
Punta de la Vaca,locality,-17.979949,27.7843549,1061.0,False
Era Cativo,locality,-17.9810699,27.8096692,568.0,False
Los Charcos,locality,-16.2606072,28.5524208,539.0,False
La Ruda,locality,-16.2593607,28.5490344,537.0,False
Hoya de Piedracharca,locality,-16.2640761,28.5276568,726.0,False
La Cardonera,locality,-16.2483581,28.5117084,474.0,False
Mesa del Ramonal,locality,-16.2360431,28.4985659,263.0,False
Tope Carnero,locality,-16.3082522,28.5608276,327.0,False
Los Goteras,locality,-16.2846399,28.5570026,560.0,False
Las Escaleras,locality,-16.2822487,28.551006,702.0,False
El Barrial,locality,-16.2491725,28.5572756,239.0,False
El Sabinal,locality,-16.2489371,28.5617209,241.0,False
Lomo de Mejiniar,locality,-16.2236199,28.5353848,751.0,False
Hoyo del Barrio,hamlet,-17.9382185,27.8170602,590.0,False
La Capellanía,suburb,-13.8916706,28.6959627,93.0,False
La Meseta,locality,-16.2040932,28.5621038,213.0,False
Lomo la Pared,locality,-16.2015621,28.5640291,173.0,False
Lomo de la Zapata,locality,-16.1566195,28.5450723,265.0,False
Tafada,locality,-16.1522993,28.5745198,508.0,False
Era el Moral,locality,-16.1444142,28.5756864,303.0,False
Hoya Honda,locality,-16.1644421,28.571317,626.0,False
Llano Moruno,locality,-16.155107,28.5753111,630.0,False
La Quebrada,locality,-16.1442447,28.5787097,389.0,False
Los Dragos,locality,-16.1879888,28.5684327,215.0,False
Llanito de las Vueltas,locality,-16.231009,28.5425171,742.0,False
Montes de las Vueltas,locality,-16.2247306,28.5460189,640.0,False
Mancha de Afur,locality,-16.2269898,28.5574265,430.0,False
El Cerrillar,locality,-16.256274,28.5619521,306.0,False
Morrete de los Becerros,locality,-14.077509,28.2995686,289.0,False
La Negra,locality,-16.2495272,28.5503862,349.0,False
Los Cabocos,locality,-16.2756574,28.5488392,570.0,False
Lomo La Majada,locality,-16.2867209,28.5366314,829.0,False
El Peladero,locality,-16.3063169,28.548965,504.0,False
Las Rosas,locality,-16.3179465,28.5534147,481.0,False
Llanos de Chimoche,locality,-16.6895892,28.1569673,1340.0,False
Boca de Mal Nombre,locality,-14.2863616,28.0843135,3.0,False
El Malpaís Delgado,locality,-14.0407773,28.5647023,48.0,False
Malpaís de las Pilas,locality,-13.8412247,28.6544929,59.0,False
El Cotillo,locality,-14.4963245,28.1002025,21.0,False
El Jable,locality,-14.2689174,28.1675132,169.0,False
El Julan,locality,-18.0919505,27.7095679,573.0,False
Anzo,hamlet,-15.6410792,28.1333283,205.0,False
La Romántica I,neighbourhood,-16.5833595,28.3979405,136.0,False
La Romántica II,neighbourhood,-16.5784023,28.401901,108.0,False
La Laja,neighbourhood,-16.1729989,28.5498329,400.0,False
Llano de Abote,locality,-16.3852685,28.4261593,1119.0,False
Santa Catalina-Las Toscas,village,-16.4182665,28.4828045,450.0,False
Pelícanos,neighbourhood,-13.663739,28.9234063,36.0,False
Los Helechos,neighbourhood,-13.6635607,28.9225803,32.0,False
Atlantis Las Lomas,neighbourhood,-13.6630985,28.9228925,31.0,False
Los Verodes,neighbourhood,-16.2682454,28.4589643,104.0,False
Las Cancelas,locality,-17.2540407,28.1192734,1244.0,False
Urbanización Santa Lys II,city_block,-16.5504913,28.4045906,115.0,False
Urbanización Santa Lys I,city_block,-16.550827,28.4040194,121.0,False
Lomo Gonzalo,square,-16.4438877,28.4490148,598.0,False
Chamiana,neighbourhood,-16.4485443,28.4478197,555.0,False
La Cazuela,neighbourhood,-15.4870609,28.1098988,204.0,False
las Cuestas,locality,-13.5689502,28.9986715,134.0,False
el Monte,locality,-13.5867217,28.9960809,171.0,False
la Era de la Montaña,locality,-13.6043517,28.9957839,236.0,False
las Cucharillas,locality,-13.6026916,28.9947113,227.0,False
las Cuevas,locality,-13.6340181,28.9970709,375.0,False
la Caldera,locality,-13.6318768,28.9939027,473.0,False
la Quinta,locality,-13.6273679,28.9983085,338.0,False
el Cabezo,locality,-13.6454413,28.9968069,318.0,False
Hoya de las Raíces,locality,-13.6442811,28.9938285,325.0,False
el Volcán de Mota,locality,-13.6412342,28.9987375,301.0,False
Volcán de Masdache,locality,-13.6672312,28.9985395,327.0,False
Montaña Junqueras,locality,-13.7199609,28.9975495,403.0,False
Barranco del Fuego,locality,-13.7615693,28.9905694,264.0,False
Mar de Lava,locality,-13.7227342,28.9870545,301.0,False
Hoya de la Cruz,locality,-13.6398415,28.9844861,322.0,False
la Hoyita,locality,-13.6316255,28.9825965,259.0,False
Fondo de la Vega,locality,-13.6178535,28.9819611,187.0,False
el Jable,locality,-13.5821407,28.9754752,89.0,False
los Goises,locality,-13.5947618,28.9784872,128.0,False
Peñas Agudas,locality,-13.6062511,28.9799972,176.0,False
las Huertas,locality,-13.6594335,28.9835124,333.0,False
el Calentón,locality,-13.6910053,28.9821839,313.0,False
el Cercado de Morales,locality,-13.7012306,28.9808389,331.0,False
el Tablero,locality,-13.7327,28.9619978,235.0,False
el Jaldal,locality,-13.8053161,28.9590231,65.0,False
Rompimiento,locality,-13.696376,28.9279442,75.0,False
la Cancela,locality,-13.6805948,28.9257977,60.0,False
Barranco del Quíquere,locality,-13.6935007,28.9222967,43.0,False
Barranco de las Pilas,locality,-13.6997962,28.9198647,26.0,False
el Pedregal,locality,-13.805631,28.9057206,134.0,False
los Llnos de las maretas,locality,-13.8460575,28.8971412,45.0,False
la Casilla,locality,-13.8297743,28.8921006,28.0,False
los Rostros,locality,-13.8034908,28.8899418,69.0,False
Lomo Blanco,locality,-13.7700732,28.8807035,292.0,False
Valle de Juan Perdomo,locality,-13.7733149,28.8717603,174.0,False
Torreta,locality,-13.7733721,28.8599444,56.0,False
las Cañadas,locality,-13.787163,28.8541457,33.0,False
Granado,locality,-13.5495011,28.9941143,77.0,False
Menjares,locality,-13.5601822,28.9953321,91.0,False
los Callejones,locality,-13.6006014,28.9869068,174.0,False
los Tableros,locality,-13.5783162,28.9854451,96.0,False
Volcán de Tahiche,locality,-13.5466997,28.9837282,44.0,False
Cercado Carnero,locality,-13.5236855,28.9846308,28.0,False
los Tableros,locality,-13.6049866,28.9730436,148.0,False
Morros de Güime,locality,-13.6211257,28.9663714,150.0,False
Robaina,locality,-13.6614791,28.9596888,234.0,False
la Hondura,locality,-13.8288928,28.94328,21.0,False
Valle de Fenauso,locality,-13.7703031,28.940365,227.0,False
las Lisitas,locality,-13.7311386,28.9429659,264.0,False
las Hoyas,locality,-13.6647652,28.9314036,73.0,False
los Pocillos,locality,-13.631601,28.9360758,23.0,False
Llano Cortijo de los Caserones,locality,-13.6513739,28.927114,36.0,False
Vega de Temuime,locality,-13.7234335,28.9292244,149.0,False
las Peñitas,locality,-13.820627,28.916561,60.0,False
Tegala del Pendón,locality,-13.813393,28.9000177,87.0,False
Masión,locality,-13.7940687,28.9001257,133.0,False
el Llano,locality,-13.8287991,28.882402,37.0,False
Monturrios Pardos,locality,-13.8505908,28.8858391,81.0,False
Hoya de la Yegua,locality,-13.8295842,28.8777273,33.0,False
Vallito Negro,locality,-13.7649941,28.8759989,159.0,False
El Hoyo Chico,locality,-17.8376123,28.6078673,1631.0,False
la Barrera,locality,-17.8018655,28.7162084,1210.0,False
Lomo de las Vacas,locality,-17.807079,28.7218197,1388.0,False
Fuente de la Piedra,locality,-17.8167951,28.7128469,1327.0,False
el Sauzal,locality,-17.8003303,28.7015778,607.0,False
Lomo de los Pájaros,locality,-17.7940714,28.6977096,607.0,False
Lomo del Castillo,locality,-17.7924795,28.6954005,471.0,False
Cruz Chiquita,locality,-17.7707433,28.8007026,227.0,False
el Almacén,locality,-17.7631259,28.8046052,57.0,False
el Calvario,locality,-17.7624216,28.7930462,109.0,False
el Fondo,locality,-17.7613169,28.7829705,180.0,False
el Guindaste,locality,-17.7486342,28.7648438,167.0,False
el Cercado,locality,-17.7484248,28.761864,237.0,False
las Lomadas,locality,-17.7414171,28.7560173,220.0,False
el Saladar,locality,-17.7924692,28.8400812,97.0,False
las Paredes,locality,-17.7940438,28.8332057,338.0,False
Lomo Huevero,locality,-17.8124642,28.8387615,171.0,False
los Catalanes,locality,-17.8150671,28.836038,413.0,False
Lomo de los Laderos,locality,-17.8180405,28.8331086,447.0,False
Llanada de Barlovento,locality,-17.8114703,28.8165502,702.0,False
Llanadas de Verone,locality,-17.8154499,28.807431,851.0,False
Lomo del Bailadero,locality,-17.8529265,28.7834427,1475.0,False
Lomo de Franceses,locality,-17.8739877,28.7869218,1279.0,False
Lomo de la Cumbre Vieja,locality,-17.8841311,28.79017,1327.0,False
los Minaderos,locality,-17.8880887,28.7817322,1477.0,False
los Andenes,locality,-17.8888811,28.7657872,2165.0,False
Lomo de la Cruz,locality,-17.9392505,28.8211051,589.0,False
los Cabaquitos,locality,-17.9328999,28.8158047,808.0,False
la Montañeta,locality,-17.9628043,28.8177965,282.0,False
los Hondos,locality,-17.9587698,28.8129859,402.0,False
la Calzadilla,locality,-17.9428747,28.8052955,811.0,False
Saltadero Guindaresa,locality,-17.9435522,28.8018222,799.0,False
la Raiz del Pino,locality,-17.9349879,28.8029741,906.0,False
los Barreros,locality,-17.967388,28.7821089,735.0,False
Montaña las Mosqueras,locality,-17.9087935,28.7378163,2110.0,False
Lomo de las Breveras,locality,-17.9688994,28.729395,664.0,False
Casas el Pinillo,locality,-17.9545328,28.7188937,714.0,False
Llano de la Fuente,locality,-17.9349758,28.7128175,897.0,False
Casas de Tabladito,locality,-17.9685908,28.7241672,572.0,False
las Rosas,locality,-17.9736676,28.7223241,451.0,False
las Cruces,locality,-17.9653854,28.7203126,571.0,False
Lomo de los Barreros,locality,-17.9364241,28.689276,778.0,False
el Pajonal,locality,-17.9539356,28.6973132,526.0,False
el Castillo,locality,-17.8754299,28.550859,528.0,False
los Campanarios,locality,-17.8663635,28.5886849,1011.0,False
los Guanches,locality,-17.8695176,28.5730009,897.0,False
los Riberos,locality,-17.844074,28.4985958,803.0,False
Fajana del Avispero,locality,-17.889178,28.6954698,853.0,False
Vinagreras,locality,-17.8733325,28.7033609,894.0,False
Lomo de las Chozas,locality,-17.8684007,28.705465,861.0,False
Lomo Botazo,locality,-17.8140686,28.6760722,1096.0,False
Cuesta de los Pasitos,locality,-17.9211649,28.7145807,1369.0,False
Lomo del Horno,locality,-17.9240198,28.7115933,1213.0,False
los Abres,locality,-17.9177245,28.8047333,996.0,False
Vaqueros,locality,-17.9149308,28.7991414,1129.0,False
