island,total,at_risk,pct_at_risk
maldives,996,987,99.09638554216868
seychelles,244,191,78.27868852459017
fiji,1323,423,31.97278911564626
canary,5483,662,12.07368229071676
lakshadweep,36,28,77.77777777777779
